cooling demand,dhw demand,heating demand,cooling electricity consumption,heating electricity consumption,dhw electricity consumption,dhw storage electricity consumption,heating fuel consumption,dhw fuel consumption,positive dhw storage electricity consumption,negative dhw storage electricity consumption,electrical storage electricity consumption,positive electrical storage electricity consumption,negative electrical storage electricity consumption,energy from cooling device,energy from dhw device,energy from dhw device to dhw storage,energy from dhw storage,energy from electrical storage,energy from heating device,energy to electrical storage,energy to non shiftable load,net electricity consumption,net electricity cost,net electricity emission,net fuel consumption,net fuel cost,net fuel emission,positive net electricity consumption,negative net electricity consumption,net electricity consumption without storage,net electricity consumption without storage and pv,net electricity consumption without storage and partial load,net electricity consumption without storage and partial load and pv,non shiftable load,solar generation
0.5179084,5.394657,49.30858,0.02589542,23.889091,5.657878,0.0,55.016605,0.0,0.0,0.0,0.0,0.0,0.0,0.5179084,0.0,0.0,0.0,0.0,49.30858,0.0,6.543265,36.116127,11.826154,19.007565,55.01661,7.6126375,11.511579,36.116127,0.0,36.116127,36.116127,39.59827,39.59827,6.543265,0.0
0.0784016,6.120484,50.40593,0.0,26.137487,6.4349904,0.0,5.4491568,0.0,0.0,0.0,18.991701,18.991701,0.0,0.0,0.0,0.0,0.0,0.0,50.40593,18.991701,7.4673653,59.031548,18.983353,32.097855,5.4491568,0.7539987,1.1401721,59.031548,0.0,36.463017,36.463017,39.532604,39.532604,7.4673653,0.0
0.0,2.0563266,50.379753,0.0,26.348036,2.1892252,0.0,5.4491568,0.0,0.0,0.0,18.991701,18.991701,0.0,0.0,0.0,0.0,0.0,0.0,50.379753,18.991701,6.2684927,53.79746,17.094088,28.919067,5.4491568,0.7539987,1.1401721,53.79746,0.0,34.351448,34.351448,36.70882,36.70882,6.2684927,0.0
0.0,11.102127,50.934074,0.0,25.896698,11.94672,0.0,0.0,0.0,0.0,0.0,18.991701,18.991701,0.0,0.0,0.0,0.0,0.0,0.0,50.934074,18.991701,6.2296653,63.06478,20.028767,33.71183,0.0,0.0,0.0,63.06478,0.0,44.07309,44.07309,46.87684,46.87684,6.2296653,0.0
0.0,2.800099,50.35363,0.0,25.947145,2.9565358,0.0,0.0,0.0,0.0,0.0,18.991701,18.991701,0.0,0.0,0.0,0.0,0.0,0.0,50.35363,18.991701,7.860568,55.755943,17.70211,29.969967,0.0,0.0,0.0,55.755943,0.0,36.76425,36.76425,39.051865,39.051865,7.860568,0.0
0.0,17.536346,49.04725,0.0,25.511816,18.949265,0.0,0.0,0.0,0.0,0.0,18.991701,18.991701,0.0,0.0,0.0,0.0,0.0,0.0,49.04725,18.991701,8.267109,71.71989,22.77055,38.46559,0.0,0.0,0.0,71.71989,0.0,52.728188,52.728188,55.184326,55.184326,8.267109,0.0
0.0,2.6235106,53.40096,0.0,26.48132,2.7949605,0.0,0.0,0.0,0.0,0.0,18.991701,18.991701,0.0,0.0,0.0,0.0,0.0,0.0,53.40096,18.991701,15.945933,64.21391,20.346718,34.821434,0.0,0.0,0.0,64.21391,0.0,45.222214,45.222214,48.574657,48.574657,15.945933,0.0
0.0,1.1797404,66.485374,0.0,36.35404,1.2687244,0.0,1.7781805e-07,0.0,0.0,0.0,18.991701,18.991701,0.0,0.0,0.0,0.0,0.0,0.0,66.485374,18.991701,16.747854,73.36232,23.299166,40.11263,1.7781805e-07,2.4604647e-08,3.720634e-08,73.36232,0.0,54.370617,54.370617,61.873405,61.873405,16.747854,0.0
0.0,8.043204,47.71915,0.0,23.275894,8.478661,0.0,0.0,0.0,0.0,0.0,18.991701,18.991701,0.0,0.0,0.0,0.0,0.0,0.0,47.71915,18.991701,12.06194,62.12119,19.626781,34.077152,0.0,0.0,0.0,62.12119,0.0,43.1295,43.81649,45.366142,46.053143,12.06194,-0.68699723
0.0,5.363298,41.179558,0.0,19.574028,5.6787395,0.0,0.0,0.0,0.0,0.0,-16.696001,0.0,-16.696001,0.0,0.0,0.0,0.0,16.696001,41.179558,0.0,11.415069,17.932484,5.6656494,10.26376,0.0,0.0,0.0,17.932484,0.0,34.62848,36.66784,35.342155,37.38151,11.415069,-2.039356
0.0,7.178627,31.536093,0.0,14.602902,7.653341,0.0,0.0,0.0,0.0,0.0,-16.696001,0.0,-16.696001,0.0,0.0,0.0,0.0,16.696001,31.536093,0.0,11.5073,13.752715,4.190384,8.439318,0.0,0.0,0.0,13.752715,0.0,30.448715,33.763546,30.758453,34.07328,11.5073,-3.3148296
0.39462873,10.217126,22.476812,0.0,10.118624,10.884468,0.0,0.0,0.0,0.0,0.0,-16.696001,0.0,-16.696001,0.0,0.0,0.0,0.0,16.696001,22.476812,0.0,12.360687,12.311666,3.6198764,8.492031,0.0,0.0,0.0,12.311666,0.0,29.00767,33.363777,29.207392,33.563503,12.360687,-4.356111
1.2472739,4.3748145,14.755543,0.0,6.3931804,4.6265616,0.0,0.0,0.0,0.0,0.0,-16.696001,0.0,-16.696001,0.0,0.0,0.0,0.0,16.696001,14.755543,0.0,12.8908415,2.6535726,0.79477155,5.4232817,0.0,0.0,0.0,2.6535726,0.0,19.349571,23.910587,19.349571,23.910587,12.8908415,-4.561012
2.666395,6.3673,9.740539,0.0,4.14437,6.8575525,0.0,0.0,0.0,0.0,0.0,-16.696001,0.0,-16.696001,0.0,0.0,0.0,0.0,16.696001,9.740539,0.0,10.386095,0.22525984,0.065513745,3.619514,0.0,0.0,0.0,0.22525984,0.0,16.92126,21.388018,16.92126,21.388018,10.386095,-4.466758
4.30343,3.6608884,8.832294,0.0,3.748637,3.8711267,0.0,0.0,0.0,0.0,0.0,-16.550756,0.0,-16.550756,0.0,0.0,0.0,0.0,16.550756,8.832294,0.0,9.881127,-2.9488673,-0.90742713,2.2716746,0.0,0.0,0.0,0.0,-2.9488673,13.601891,17.500887,13.601891,17.500887,9.881127,-3.8989992
5.387894,2.9829946,0.0,0.0,0.0,3.132306,0.0,0.0,0.0,0.0,0.0,-14.196501,0.0,-14.196501,0.0,0.0,0.0,0.0,14.196501,0.0,0.0,11.339572,-2.4324827,-0.77324545,1.7543256,0.0,0.0,0.0,0.0,-2.4324827,11.764017,14.47188,14.991001,17.69886,11.339572,-2.70786
3.6597774,2.1317177,0.0,0.0,0.0,2.262977,0.0,0.0,0.0,0.0,0.0,-8.563818,0.0,-8.563818,0.0,0.0,0.0,0.0,8.563818,0.0,0.0,19.530561,12.20281,3.962587,9.077747,0.0,0.0,0.0,12.20281,0.0,20.766628,21.79354,24.829212,25.856117,19.530561,-1.0269104
3.7768435,7.026906,10.677684,0.0,4.5885706,7.6248207,0.0,0.0,0.0,0.0,0.0,-0.40263218,0.0,-0.40263218,0.0,0.0,0.0,0.0,0.40263218,10.677684,0.0,15.550389,27.361145,9.542179,16.737944,0.0,0.0,0.0,27.361145,0.0,27.763779,27.763779,29.012325,29.012325,15.550389,0.0
3.7258706,8.823971,2.5939088,0.0,2.8794465,9.292772,0.0,5.4491568,0.0,0.0,0.0,0.0,0.0,0.0,0.0,0.0,0.0,0.0,0.0,2.5939088,0.0,17.284136,29.456354,10.870506,17.246922,5.4491568,0.7539987,1.1401721,29.456354,0.0,29.03745,29.03745,36.393837,36.393837,17.284136,0.0
0.6733301,8.18949,18.311855,0.0,8.403048,8.895377,0.0,0.0,0.0,0.0,0.0,0.0,0.0,0.0,0.0,0.0,0.0,0.0,0.0,18.311855,0.0,24.784605,42.08303,16.219742,22.149708,0.0,0.0,0.0,42.08303,0.0,42.08303,42.08303,44.012512,44.012512,24.784605,0.0
6.64641,5.906012,4.0353713,0.0,2.1478214,6.230382,0.0,0.0,0.0,0.0,0.0,0.0,0.0,0.0,0.0,0.0,0.0,0.0,0.0,4.0353713,0.0,15.147406,23.52561,8.825632,12.340385,0.0,0.0,0.0,23.52561,0.0,23.52561,23.52561,33.030884,33.030884,15.147406,0.0
0.038321216,3.7903595,19.984583,0.0,10.231561,4.0629644,0.0,0.0,0.0,0.0,0.0,0.0,0.0,0.0,0.0,0.0,0.0,0.0,0.0,19.984583,0.0,13.202967,27.497496,9.250568,14.204827,0.0,0.0,0.0,27.497496,0.0,27.497496,27.497496,31.91234,31.91234,13.202967,0.0
1.390996,2.650704,11.938868,0.0,6.450116,2.858454,0.0,0.0,0.0,0.0,0.0,18.991701,18.991701,0.0,0.0,0.0,0.0,0.0,0.0,11.938868,18.991701,8.875874,37.176147,11.944212,18.815031,0.0,0.0,0.0,37.176147,0.0,18.184443,18.184443,29.276749,29.276749,8.875874,0.0
0.72300124,4.8217845,20.955624,0.0,10.625799,5.1705475,0.0,0.0,0.0,0.0,0.0,18.991701,18.991701,0.0,0.0,0.0,0.0,0.0,0.0,20.955624,18.991701,7.031818,41.819866,13.254037,20.349127,0.0,0.0,0.0,41.819866,0.0,22.828163,22.828163,27.39686,27.39686,7.031818,0.0
1.65028,4.9152355,0.0,0.0,0.0,5.236507,0.0,0.0,0.0,0.0,0.0,18.991701,18.991701,0.0,0.0,0.0,0.0,0.0,0.0,0.0,18.991701,6.556971,30.78518,9.75642,15.573538,0.0,0.0,0.0,30.78518,0.0,11.793479,11.793479,26.744005,26.744005,6.556971,0.0
0.0,1.1775801,22.284128,0.0,10.969554,1.2403429,0.0,0.0,0.0,0.0,0.0,18.991701,18.991701,0.0,0.0,0.0,0.0,0.0,0.0,22.284128,18.991701,6.4272933,37.62889,11.922112,18.211678,0.0,0.0,0.0,37.62889,0.0,18.637192,18.637192,28.688768,28.688768,6.4272933,0.0
0.9975542,0.0,23.45203,0.0,11.933037,0.0,0.0,1.0057306,0.0,0.0,0.0,18.991701,18.991701,0.0,0.0,0.0,0.0,0.0,0.0,22.591812,18.991701,6.244947,37.169685,11.450122,18.687735,1.0057306,0.13916275,0.21043733,37.169685,0.0,18.177984,18.177984,25.83684,25.83684,6.244947,0.0
0.0,0.68142587,20.283388,0.0,10.517619,0.70519525,0.0,0.0,0.0,0.0,0.0,18.991701,18.991701,0.0,0.0,0.0,0.0,0.0,0.0,20.283388,18.991701,6.2233524,36.437866,11.224685,18.748558,0.0,0.0,0.0,36.437866,0.0,17.446167,17.446167,29.183773,29.183773,6.2233524,0.0
0.0,3.1129384,15.404356,0.0,7.977609,3.4153612,0.0,0.0,0.0,0.0,0.0,18.991701,18.991701,0.0,0.0,0.0,0.0,0.0,0.0,15.404356,18.991701,6.4706526,36.855324,11.618116,19.76822,0.0,0.0,0.0,36.855324,0.0,17.863625,17.863625,32.09989,32.09989,6.4706526,0.0
0.32238626,4.4321833,18.150295,0.0,8.919547,4.82076,0.0,0.0,0.0,0.0,0.0,18.991701,18.991701,0.0,0.0,0.0,0.0,0.0,0.0,18.150295,18.991701,7.245448,39.97746,12.602326,21.93411,0.0,0.0,0.0,39.97746,0.0,20.985754,20.985754,36.680267,36.680267,7.245448,0.0
0.0,7.6052094,22.747217,0.0,11.495925,8.112588,0.0,0.0,0.0,0.0,0.0,18.991701,18.991701,0.0,0.0,0.0,0.0,0.0,0.0,22.747217,18.991701,9.514742,48.114956,15.928312,26.490221,0.0,0.0,0.0,48.114956,0.0,29.123255,29.123255,44.684967,44.684967,9.514742,0.0
0.0,13.656911,22.666012,0.0,10.565043,14.588301,0.0,0.20040078,0.0,0.0,0.0,18.991701,18.991701,0.0,0.0,0.0,0.0,0.0,0.0,22.479017,18.991701,10.914038,55.05908,18.4871,30.705984,0.20040078,0.027729416,0.04193151,55.05908,0.0,36.067383,36.067383,52.761757,52.761757,10.914038,0.0
1.2273769,7.669121,23.660425,0.0,11.742942,8.158907,0.0,0.0,0.0,0.0,0.0,17.12939,17.12939,0.0,0.0,0.0,0.0,0.0,0.0,23.660425,17.12939,11.397243,47.77138,16.660233,27.167555,0.0,0.0,0.0,47.77138,0.0,30.641994,31.299091,44.94483,45.601933,11.397243,-0.6570974
1.3649393,8.039234,39.180187,0.0,17.869583,8.562554,0.0,0.0,0.0,0.0,0.0,-15.080408,0.0,-15.080408,0.0,0.0,0.0,0.0,15.080408,39.180187,0.0,12.362132,22.083103,7.4490237,13.229273,0.0,0.0,0.0,22.083103,0.0,37.163513,38.79427,43.60044,45.231205,12.362132,-1.6307616
0.0,8.270418,11.775236,0.0,7.5740833,8.777762,0.0,3.2031784,0.0,0.0,0.0,-16.573853,0.0,-16.573853,0.0,0.0,0.0,0.0,16.573853,11.775236,0.0,13.103703,11.232569,3.6826046,9.039407,3.2031784,0.44322315,0.67022747,11.232569,0.0,27.399685,29.048813,39.704433,41.353558,13.103703,-1.6491264
0.0,8.079299,0.0,0.0,0.0,8.640843,0.0,0.0,0.0,0.0,0.0,-16.696001,0.0,-16.696001,0.0,0.0,0.0,0.0,16.696001,0.0,0.0,14.906975,5.5617995,1.8072644,5.2621136,0.0,0.0,0.0,5.5617995,0.0,22.257801,23.547817,37.82176,39.111774,14.906975,-1.290019
1.265252,10.390988,26.160818,0.0,11.421851,11.018717,0.0,0.0,0.0,0.0,0.0,-16.696001,0.0,-16.696001,0.0,0.0,0.0,0.0,16.696001,26.160818,0.0,12.045192,16.648897,5.375071,11.870447,0.0,0.0,0.0,16.648897,0.0,33.34489,34.485756,34.56598,35.70684,12.045192,-1.1408633
1.22941,2.9784703,3.022852,0.0,1.2378634,3.1681094,0.0,0.0,0.0,0.0,0.0,-16.696001,0.0,-16.696001,0.0,0.0,0.0,0.0,16.696001,3.022852,0.0,11.467509,-1.8409668,-0.59412396,3.4635296,0.0,0.0,0.0,0.0,-1.8409668,14.855033,15.873483,24.933989,25.952438,11.467509,-1.0184478
0.06297278,3.9903684,4.9213448,0.0,2.2110577,4.201625,0.0,0.0,0.0,0.0,0.0,-16.696001,0.0,-16.696001,0.0,0.0,0.0,0.0,16.696001,4.9213448,0.0,12.58153,1.6939666,0.55435526,4.330731,0.0,0.0,0.0,1.6939666,0.0,18.389967,18.994211,27.912409,28.516651,12.58153,-0.6042451
0.0,1.3579642,9.316021,0.0,4.2311053,1.4569623,0.0,0.0,0.0,0.0,0.0,-16.696001,0.0,-16.696001,0.0,0.0,0.0,0.0,16.696001,9.316021,0.0,11.146676,-0.238485,-0.07901955,2.6888406,0.0,0.0,0.0,0.0,-0.238485,16.457514,16.834743,25.328602,25.705833,11.146676,-0.3772287
0.6789062,5.2144523,13.721172,0.0,5.9628987,5.5075345,0.0,0.0,0.0,0.0,0.0,-16.696001,0.0,-16.696001,0.0,0.0,0.0,0.0,16.696001,13.721172,0.0,15.158637,9.82156,3.3395875,8.361668,0.0,0.0,0.0,9.82156,0.0,26.51756,26.62907,31.478285,31.589794,15.158637,-0.11151024
0.5160792,7.0607057,6.625967,0.0,3.213728,7.521585,0.0,0.0,0.0,0.0,0.0,-16.696001,0.0,-16.696001,0.0,0.0,0.0,0.0,16.696001,6.625967,0.0,17.733711,11.773026,4.8044543,8.050783,0.0,0.0,0.0,11.773026,0.0,28.469028,28.469028,35.592472,35.592472,17.733711,0.0
0.24817458,7.5010567,11.30644,0.0,4.9355373,7.973126,0.0,0.0,0.0,0.0,0.0,-16.370287,0.0,-16.370287,0.0,0.0,0.0,0.0,16.370287,11.30644,0.0,17.83357,14.371946,5.602042,10.173577,0.0,0.0,0.0,14.371946,0.0,30.742235,30.742235,38.24945,38.24945,17.83357,0.0
1.0624796,12.596416,11.154716,0.0,4.968894,13.546303,0.0,0.0,0.0,0.0,0.0,-7.5492573,0.0,-7.5492573,0.0,0.0,0.0,0.0,7.5492573,11.154716,0.0,24.573969,35.5399,13.983177,21.320232,0.0,0.0,0.0,35.5399,0.0,43.089165,43.089165,51.882824,51.882824,24.573969,0.0
2.6462889,9.098188,10.784626,0.0,4.83223,9.633461,0.0,0.0,0.0,0.0,0.0,-0.9161737,0.0,-0.9161737,0.0,0.0,0.0,0.0,0.9161737,10.784626,0.0,19.147436,32.696953,11.306901,19.447153,0.0,0.0,0.0,32.696953,0.0,33.613125,33.613125,42.083504,42.083504,19.147436,0.0
0.0,6.6799326,12.989115,0.0,5.8636727,7.042996,0.0,0.0,0.0,0.0,0.0,0.0,0.0,0.0,0.0,0.0,0.0,0.0,0.0,12.989115,0.0,13.434785,26.341454,8.727973,15.443985,0.0,0.0,0.0,26.341454,0.0,26.341454,26.341454,36.803967,36.803967,13.434785,0.0
1.7933502,5.80387,19.512108,0.0,9.453423,6.108037,0.0,0.0,0.0,0.0,0.0,18.991701,18.991701,0.0,0.0,0.0,0.0,0.0,0.0,19.512108,18.991701,9.765177,44.31834,14.434632,25.626106,0.0,0.0,0.0,44.31834,0.0,25.326635,25.326635,31.21311,31.21311,9.765177,0.0
2.98663,0.7470935,18.124752,0.0,8.7672,0.78987324,0.0,0.0,0.0,0.0,0.0,18.991701,18.991701,0.0,0.0,0.0,0.0,0.0,0.0,18.124752,18.991701,7.995108,36.543888,11.48026,20.79926,0.0,0.0,0.0,36.543888,0.0,17.552185,17.552185,25.074152,25.074152,7.995108,0.0
0.6323798,1.5321438,12.43401,0.0,5.867057,1.6118801,0.0,0.0,0.0,0.0,0.0,18.991701,18.991701,0.0,0.0,0.0,0.0,0.0,0.0,12.43401,18.991701,6.5999618,33.070595,9.815002,17.67601,0.0,0.0,0.0,33.070595,0.0,14.078898,14.078898,26.835802,26.835802,6.5999618,0.0
0.46203247,2.2357388,22.077127,0.0,10.553053,2.308741,0.0,0.35344604,0.0,0.0,0.0,18.991701,18.991701,0.0,0.0,0.0,0.0,0.0,0.0,21.774818,18.991701,6.466728,38.320225,10.35013,20.429821,0.35344604,0.048906256,0.07395443,38.320225,0.0,19.328524,19.328524,25.255455,25.255455,6.466728,0.0
0.0,0.7645665,2.2033482,0.0,3.5225391,0.8371103,0.0,3.5889516,0.0,0.0,0.0,18.991701,18.991701,0.0,0.0,0.0,0.0,0.0,0.0,2.2033482,18.991701,6.196337,29.547686,6.9392734,15.596535,3.5889516,0.4966025,0.750946,29.547686,0.0,10.123809,10.123809,25.839169,25.839169,6.196337,0.0
0.0,1.0994183,23.403492,0.0,11.281566,1.1629272,0.0,0.0,0.0,0.0,0.0,18.991701,18.991701,0.0,0.0,0.0,0.0,0.0,0.0,23.403492,18.991701,8.222755,39.65895,9.071984,20.90748,0.0,0.0,0.0,39.65895,0.0,20.667248,20.667248,29.673748,29.673748,8.222755,0.0
0.0,5.2715564,14.838074,0.0,7.251268,5.594136,0.0,0.0,0.0,0.0,0.0,18.991701,18.991701,0.0,0.0,0.0,0.0,0.0,0.0,14.838074,18.991701,7.633331,39.470432,8.963077,20.754883,0.0,0.0,0.0,39.470432,0.0,20.478733,20.478733,32.69105,32.69105,7.633331,0.0
0.0,6.8204665,12.378646,0.0,6.05606,7.24555,0.0,0.0,0.0,0.0,0.0,18.991701,18.991701,0.0,0.0,0.0,0.0,0.0,0.0,12.378646,18.991701,7.0288353,39.322147,10.620747,20.411652,0.0,0.0,0.0,39.322147,0.0,20.330444,20.330444,36.94442,36.94442,7.0288353,0.0
0.0,5.1481557,29.065413,0.0,13.6823015,5.429715,0.0,0.0,0.0,0.0,0.0,18.991701,18.991701,0.0,0.0,0.0,0.0,0.0,0.0,29.065413,18.991701,9.939202,48.04292,15.478351,24.899284,0.0,0.0,0.0,48.04292,0.0,29.05122,29.05122,37.865524,37.865524,9.939202,0.0
0.0,9.371798,14.249338,0.0,7.044363,9.935994,0.0,0.28179374,0.0,0.0,0.0,18.991701,18.991701,0.0,0.0,0.0,0.0,0.0,0.0,13.986395,18.991701,9.807439,45.77949,14.751922,23.786352,0.28179374,0.03899174,0.058962032,45.77949,0.0,26.787794,26.787794,49.5982,49.5982,9.807439,0.0
1.541634,8.013515,38.86158,0.0,18.363993,8.656784,0.0,0.0,0.0,0.0,0.0,16.999369,16.999369,0.0,0.0,0.0,0.0,0.0,0.0,38.86158,16.999369,24.396187,68.40417,22.719267,35.675648,0.0,0.0,0.0,68.40417,0.0,51.404785,51.41696,61.294575,61.306744,24.396187,-0.012171154
0.0,9.979507,24.81452,0.0,11.70063,10.518343,0.0,0.0,0.0,0.0,0.0,-15.077926,0.0,-15.077926,0.0,0.0,0.0,0.0,15.077926,24.81452,0.0,12.467281,19.407328,6.416214,11.973357,0.0,0.0,0.0,19.407328,0.0,34.485252,34.686256,51.432003,51.63301,12.467281,-0.20100306
0.29717118,5.580051,15.895152,0.0,6.9556055,6.084158,0.0,1.8293446e-07,0.0,0.0,0.0,-16.57097,0.0,-16.57097,0.0,0.0,0.0,0.0,16.57097,15.895152,0.0,12.0780525,8.130395,2.6194305,6.8594904,1.8293446e-07,2.5312604e-08,3.8276887e-08,8.130395,0.0,24.701365,25.117819,45.36555,45.782,12.0780525,-0.4164524
1.7762805,6.917058,18.296906,0.0,8.727271,7.450516,0.0,0.0,0.0,0.0,0.0,-16.696001,0.0,-16.696001,0.0,0.0,0.0,0.0,16.696001,18.296906,0.0,17.79993,17.021147,5.247517,11.191014,0.0,0.0,0.0,17.021147,0.0,33.717148,33.977715,45.906574,46.16714,17.79993,-0.2605709
0.0,4.440137,18.296974,0.0,8.018533,4.7178535,0.0,0.0,0.0,0.0,0.0,-16.696001,0.0,-16.696001,0.0,0.0,0.0,0.0,16.696001,18.296974,0.0,11.795512,7.4452505,2.2480934,6.174636,0.0,0.0,0.0,7.4452505,0.0,24.14125,24.5319,34.92479,35.315434,11.795512,-0.39064857
0.56108665,3.386189,11.833718,0.0,5.4541335,3.6411552,0.0,0.0,0.0,0.0,0.0,-16.696001,0.0,-16.696001,0.0,0.0,0.0,0.0,16.696001,11.833718,0.0,9.932514,2.0535436,0.6194661,3.9703615,0.0,0.0,0.0,2.0535436,0.0,18.749542,19.027802,30.638834,30.917091,9.932514,-0.27825782
0.0,3.6060226,11.191971,0.0,4.8640647,3.8731918,0.0,0.0,0.0,0.0,0.0,-16.696001,0.0,-16.696001,0.0,0.0,0.0,0.0,16.696001,11.191971,0.0,11.568859,3.3144217,1.0218163,3.252158,0.0,0.0,0.0,3.3144217,0.0,20.010422,20.306112,32.683956,32.97965,11.568859,-0.29569218
1.8828409,7.100814,18.701487,0.0,8.554649,7.5748887,0.0,0.0,0.0,0.0,0.0,-16.696001,0.0,-16.696001,0.0,0.0,0.0,0.0,16.696001,18.701487,0.0,13.5560255,12.717098,4.072651,7.491303,0.0,0.0,0.0,12.717098,0.0,29.413097,29.685566,36.899323,37.171783,13.5560255,-0.27246588
0.6417461,7.277612,11.843245,0.0,5.667939,7.67671,0.0,0.0,0.0,0.0,0.0,-16.696001,0.0,-16.696001,0.0,0.0,0.0,0.0,16.696001,11.843245,0.0,15.045138,11.585418,3.7794876,7.1743073,0.0,0.0,0.0,11.585418,0.0,28.281416,28.389788,41.74355,41.85192,15.045138,-0.108369134
1.0300934,5.730918,18.891935,0.0,8.541413,6.136883,0.0,0.0,0.0,0.0,0.0,-16.696001,0.0,-16.696001,0.0,0.0,0.0,0.0,16.696001,18.891935,0.0,15.623572,13.605868,4.529578,7.9007654,0.0,0.0,0.0,13.605868,0.0,30.301868,30.301868,42.355213,42.355213,15.623572,0.0
0.35136425,13.853352,14.473707,0.0,9.040148,14.805415,0.0,3.3083928,0.0,0.0,0.0,-16.37495,0.0,-16.37495,0.0,0.0,0.0,0.0,16.37495,14.473707,0.0,22.296522,29.767134,9.896084,16.10843,3.3083928,0.45778164,0.6922423,29.767134,0.0,45.728714,45.728714,60.40476,60.40476,22.296522,0.0
0.21113345,8.679992,23.359913,0.0,10.659524,9.143837,0.0,0.0,0.0,0.0,0.0,-7.557118,0.0,-7.557118,0.0,0.0,0.0,0.0,7.557118,23.359913,0.0,16.579084,28.825329,9.573836,15.228677,0.0,0.0,0.0,28.825329,0.0,36.382446,36.382446,44.092693,44.092693,16.579084,0.0
0.0,12.786191,11.337821,0.0,5.2291875,13.491896,0.0,0.0,0.0,0.0,0.0,-0.9254252,0.0,-0.9254252,0.0,0.0,0.0,0.0,0.9254252,11.337821,0.0,17.620327,35.41598,11.55887,18.525494,0.0,0.0,0.0,35.41598,0.0,36.34141,36.34141,49.606995,49.606995,17.620327,0.0
0.92539144,11.513112,13.209459,0.0,6.0198092,12.283428,0.0,0.0,0.0,0.0,0.0,0.0,0.0,0.0,0.0,0.0,0.0,0.0,0.0,13.209459,0.0,12.5918455,30.895086,9.890005,16.080078,0.0,0.0,0.0,30.895086,0.0,30.895086,30.895086,43.69483,43.69483,12.5918455,0.0
1.7382123,6.849642,12.682106,0.0,6.0804043,7.264174,0.0,0.0,0.0,0.0,0.0,18.991701,18.991701,0.0,0.0,0.0,0.0,0.0,0.0,12.682106,18.991701,9.543511,41.87979,12.572537,21.44662,0.0,0.0,0.0,41.87979,0.0,22.88809,22.88809,35.442635,35.442635,9.543511,0.0
2.6022289,1.6619773,16.42715,0.0,7.486613,1.7525458,0.0,0.0,0.0,0.0,0.0,18.991701,18.991701,0.0,0.0,0.0,0.0,0.0,0.0,16.42715,18.991701,6.981086,35.21195,9.557852,17.745642,0.0,0.0,0.0,35.21195,0.0,16.220245,16.220245,22.532366,22.532366,6.981086,0.0
1.0012527,1.7761574,15.044077,0.0,6.8649826,1.9272516,0.0,0.0,0.0,0.0,0.0,18.991701,18.991701,0.0,0.0,0.0,0.0,0.0,0.0,15.044077,18.991701,6.493548,34.277485,8.112794,16.499578,0.0,0.0,0.0,34.277485,0.0,15.285783,15.285783,22.846079,22.846079,6.493548,0.0
0.0,3.0654955,6.128435,0.0,2.9178991,3.3563566,0.0,0.0,0.0,0.0,0.0,18.991701,18.991701,0.0,0.0,0.0,0.0,0.0,0.0,6.128435,18.991701,6.3580346,31.623991,7.396801,15.525295,0.0,0.0,0.0,31.623991,0.0,12.632291,12.632291,24.105745,24.105745,6.3580346,0.0
0.0,0.0,12.610832,0.0,5.822588,0.0,0.0,0.0,0.0,0.0,0.0,18.991701,18.991701,0.0,0.0,0.0,0.0,0.0,0.0,12.610832,18.991701,6.153729,30.968018,6.5172195,15.052246,0.0,0.0,0.0,30.968018,0.0,11.976317,11.976317,21.342674,21.342674,6.153729,0.0
0.0,3.2785707,10.039638,0.0,4.7438316,3.5943327,0.0,0.0,0.0,0.0,0.0,18.991701,18.991701,0.0,0.0,0.0,0.0,0.0,0.0,10.039638,18.991701,6.168577,33.49844,8.025269,16.364454,0.0,0.0,0.0,33.49844,0.0,14.506742,14.506742,24.965704,24.965704,6.168577,0.0
0.0,4.49835,13.093166,0.0,5.607078,4.702992,0.0,0.0,0.0,0.0,0.0,18.991701,18.991701,0.0,0.0,0.0,0.0,0.0,0.0,13.093166,18.991701,6.45154,35.75331,8.745618,17.789389,0.0,0.0,0.0,35.75331,0.0,16.76161,16.76161,26.055426,26.055426,6.45154,0.0
0.6856824,13.054615,19.730398,0.0,9.273044,14.082453,0.0,0.0,0.0,0.0,0.0,18.991701,18.991701,0.0,0.0,0.0,0.0,0.0,0.0,19.730398,18.991701,6.8350697,49.182262,12.45049,25.05419,0.0,0.0,0.0,49.182262,0.0,30.190567,30.190567,38.04407,38.04407,6.8350697,0.0
0.16746625,5.4873095,8.199983,0.0,3.6155322,5.7275734,0.0,0.0,0.0,0.0,0.0,18.991701,18.991701,0.0,0.0,0.0,0.0,0.0,0.0,8.199983,18.991701,11.480299,39.815105,11.856047,20.584795,0.0,0.0,0.0,39.815105,0.0,20.823402,20.823402,33.42114,33.42114,11.480299,0.0
0.0,3.1643221,20.136393,0.0,9.074929,3.4551609,0.0,0.0,0.0,0.0,0.0,18.991701,18.991701,0.0,0.0,0.0,0.0,0.0,0.0,20.136393,18.991701,10.988386,42.510178,13.613884,22.257847,0.0,0.0,0.0,42.510178,0.0,23.518476,23.518476,36.734127,36.734127,10.988386,0.0
2.171621,2.394596,26.731184,0.0,11.4603405,2.518875,0.0,0.0,0.0,0.0,0.0,16.996212,16.996212,0.0,0.0,0.0,0.0,0.0,0.0,26.731184,16.996212,10.606004,41.419456,14.665321,21.831083,0.0,0.0,0.0,41.419456,0.0,24.423244,24.585218,32.890526,33.0525,10.606004,-0.1619725
0.49238133,13.382101,17.841307,0.0,8.135441,14.211889,0.0,1.2120988e-07,0.0,0.0,0.0,-15.079452,0.0,-15.079452,0.0,0.0,0.0,0.0,15.079452,17.841307,0.0,11.131948,17.282318,5.560385,11.285893,1.2120988e-07,1.6771786e-08,2.5361745e-08,17.282318,0.0,32.36177,33.47928,43.66417,44.781685,11.131948,-1.1175108
1.1990107,17.425385,7.444741,0.0,5.5559044,18.627712,0.0,2.9050558,0.0,0.0,0.0,-16.570984,0.0,-16.570984,0.0,0.0,0.0,0.0,16.570984,7.444741,0.0,18.168318,23.977446,7.498289,15.197955,2.9050558,0.40197197,0.6078488,23.977446,0.0,40.159393,41.9629,49.96519,51.7687,18.168318,-1.8035034
1.6004267,6.6129,9.497154,0.0,4.3581567,7.0881157,0.0,0.0,0.0,0.0,0.0,-16.696001,0.0,-16.696001,0.0,0.0,0.0,0.0,16.696001,9.497154,0.0,19.021448,12.004839,3.6028924,9.162145,0.0,0.0,0.0,12.004839,0.0,28.70084,30.467724,34.59777,36.36466,19.021448,-1.7668853
1.3557775,6.209766,0.0,0.0,0.0,6.615577,0.0,0.0,0.0,0.0,0.0,-16.696001,0.0,-16.696001,0.0,0.0,0.0,0.0,16.696001,0.0,0.0,15.993072,4.4306183,1.3076092,5.1567016,0.0,0.0,0.0,4.4306183,0.0,21.12662,22.608648,29.717016,31.199047,15.993072,-1.4820304
0.071603976,0.7652592,12.11632,0.0,4.578141,0.83786875,0.0,0.0,0.0,0.0,0.0,-16.696001,0.0,-16.696001,0.0,0.0,0.0,0.0,16.696001,12.11632,0.0,9.996783,-2.485828,-0.74149764,1.9589942,0.0,0.0,0.0,0.0,-2.485828,14.210172,15.412793,19.301102,20.503723,9.996783,-1.2026211
0.44745073,1.337715,5.7940836,0.0,2.2638943,1.4628992,0.0,0.0,0.0,0.0,0.0,-16.696001,0.0,-16.696001,0.0,0.0,0.0,0.0,16.696001,5.7940836,0.0,12.403608,-2.4762096,-0.7735813,2.3069701,0.0,0.0,0.0,0.0,-2.4762096,14.21979,16.130402,19.069487,20.980097,12.403608,-1.9106101
1.0326489,2.004486,1.8704598,0.0,0.814995,2.1516767,0.0,0.0,0.0,0.0,0.0,-16.696001,0.0,-16.696001,0.0,0.0,0.0,0.0,16.696001,1.8704598,0.0,12.199071,-3.6499982,-1.1754134,1.6144704,0.0,0.0,0.0,0.0,-3.6499982,13.046002,15.165741,20.778872,22.898613,12.199071,-2.1197398
2.0152447,6.2850814,5.9738603,0.0,2.6553864,6.6979265,0.0,0.0,0.0,0.0,0.0,-16.696001,0.0,-16.696001,0.0,0.0,0.0,0.0,16.696001,5.9738603,0.0,16.671625,8.644313,2.8785477,5.725789,0.0,0.0,0.0,8.644313,0.0,25.340313,26.02494,29.66727,30.351898,16.671625,-0.68462574
1.1351758,7.1569963,0.0,0.0,0.0,7.668544,0.0,0.0,0.0,0.0,0.0,-16.696001,0.0,-16.696001,0.0,0.0,0.0,0.0,16.696001,0.0,0.0,17.252134,8.206034,2.8459294,5.664123,0.0,0.0,0.0,8.206034,0.0,24.902035,24.92068,35.49166,35.510303,17.252134,-0.018644704
0.7485399,5.1219115,21.448399,0.0,8.73218,5.4412484,0.0,0.0,0.0,0.0,0.0,-16.373047,0.0,-16.373047,0.0,0.0,0.0,0.0,16.373047,21.448399,0.0,20.726233,18.526613,6.4982104,11.351586,0.0,0.0,0.0,18.526613,0.0,34.899666,34.899666,37.96137,37.96137,20.726233,0.0
3.2645326,8.120195,6.9003506,0.0,2.8909173,8.588356,0.0,0.0,0.0,0.0,0.0,-7.5549736,0.0,-7.5549736,0.0,0.0,0.0,0.0,7.5549736,6.9003506,0.0,17.173769,21.098066,7.312633,12.6446295,0.0,0.0,0.0,21.098066,0.0,28.653042,28.653042,33.755608,33.755608,17.173769,0.0
0.37828314,5.5528927,5.771394,0.0,2.4509103,5.9185653,0.0,0.0,0.0,0.0,0.0,-0.9253827,0.0,-0.9253827,0.0,0.0,0.0,0.0,0.9253827,5.771394,0.0,14.658313,22.102406,7.3479447,12.248158,0.0,0.0,0.0,22.102406,0.0,23.027788,23.027788,30.829334,30.829334,14.658313,0.0
1.3997538,12.88931,8.408482,0.0,4.0064135,13.617817,0.0,0.0,0.0,0.0,0.0,0.0,0.0,0.0,0.0,0.0,0.0,0.0,0.0,8.408482,0.0,11.675876,29.300104,9.385503,15.460882,0.0,0.0,0.0,29.300104,0.0,29.300106,29.300106,38.836605,38.836605,11.675876,0.0
1.040017,5.394048,11.030668,0.0,4.577394,5.636692,0.0,0.0,0.0,0.0,0.0,18.991701,18.991701,0.0,0.0,0.0,0.0,0.0,0.0,11.030668,18.991701,8.635251,37.841038,11.65647,18.957245,0.0,0.0,0.0,37.841038,0.0,18.849339,18.849339,25.992163,25.992163,8.635251,0.0
3.1966205,2.2661893,2.94282,0.0,1.1438593,2.463592,0.0,0.0,0.0,0.0,0.0,18.991701,18.991701,0.0,0.0,0.0,0.0,0.0,0.0,2.94282,18.991701,6.8205447,29.419697,7.551605,13.481946,0.0,0.0,0.0,29.419697,0.0,10.427997,10.427997,20.24488,20.24488,6.8205447,0.0
0.37909362,0.19035499,17.70041,0.0,7.5684214,0.19249214,0.0,0.0,0.0,0.0,0.0,18.991701,18.991701,0.0,0.0,0.0,0.0,0.0,0.0,17.70041,18.991701,6.3918624,33.144478,9.036695,15.008124,0.0,0.0,0.0,33.144478,0.0,14.152777,14.152777,19.58698,19.58698,6.3918624,0.0
1.2426267,0.75773585,8.714007,0.0,3.458219,0.81541455,0.0,0.0,0.0,0.0,0.0,18.991701,18.991701,0.0,0.0,0.0,0.0,0.0,0.0,8.714007,18.991701,6.316986,29.582317,7.0556793,11.780375,0.0,0.0,0.0,29.582317,0.0,10.590621,10.590621,21.837671,21.837671,6.316986,0.0
0.32908836,0.68645805,8.082841,0.0,5.931672,0.759727,0.0,2.711423,0.0,0.0,0.0,18.991701,18.991701,0.0,0.0,0.0,0.0,0.0,0.0,8.082841,18.991701,6.1639867,31.847086,6.9741936,12.711201,2.711423,0.37517905,0.5673334,31.847086,0.0,12.477043,12.477043,20.515001,20.515001,6.1639867,0.0
0.5702337,0.8946732,6.271469,0.0,2.8779488,0.9617126,0.0,0.0,0.0,0.0,0.0,18.991701,18.991701,0.0,0.0,0.0,0.0,0.0,0.0,6.271469,18.991701,6.214337,29.045698,6.112667,11.509918,0.0,0.0,0.0,29.045698,0.0,10.053999,10.053999,18.633257,18.633257,6.214337,0.0
0.0,0.0,14.857818,0.0,6.216692,0.0,0.0,0.0,0.0,0.0,0.0,18.991701,18.991701,0.0,0.0,0.0,0.0,0.0,0.0,14.857818,18.991701,6.5483036,31.756693,6.9698963,13.208913,0.0,0.0,0.0,31.756693,0.0,12.764997,12.764997,20.281115,20.281115,6.5483036,0.0
0.23479886,5.6146593,0.0,0.0,0.0,5.9774504,0.0,0.0,0.0,0.0,0.0,18.991701,18.991701,0.0,0.0,0.0,0.0,0.0,0.0,0.0,18.991701,9.212043,34.181194,8.753053,14.951664,0.0,0.0,0.0,34.181194,0.0,15.189493,15.189493,25.668018,25.668018,9.212043,0.0
0.0,11.4007015,15.536785,0.0,6.6688304,12.297441,0.0,0.0,0.0,0.0,0.0,18.991701,18.991701,0.0,0.0,0.0,0.0,0.0,0.0,15.536785,18.991701,10.072234,48.0302,15.273856,22.460691,0.0,0.0,0.0,48.0302,0.0,29.038506,29.038506,33.411797,33.411797,10.072234,0.0
3.759285,11.8861685,11.054211,0.0,4.77335,12.663424,0.0,0.0,0.0,0.0,0.0,18.991701,18.991701,0.0,0.0,0.0,0.0,0.0,0.0,11.054211,18.991701,11.509982,47.93845,15.957609,24.206724,0.0,0.0,0.0,47.93845,0.0,28.946754,28.946754,36.24455,36.24455,11.509982,0.0
3.5602489,5.916897,21.079557,0.0,8.4458475,6.2118444,0.0,0.0,0.0,0.0,0.0,16.993002,16.993002,0.0,0.0,0.0,0.0,0.0,0.0,21.079557,16.993002,11.422862,42.6809,15.595175,23.457731,0.0,0.0,0.0,42.6809,0.0,25.687902,26.080557,32.11347,32.506126,11.422862,-0.39265424
0.9121314,8.151554,10.271658,0.0,4.791301,8.782471,0.0,0.0,0.0,0.0,0.0,-15.080967,0.0,-15.080967,0.0,0.0,0.0,0.0,15.080967,10.271658,0.0,19.456278,17.4693,6.7166495,11.1013775,0.0,0.0,0.0,17.4693,0.0,32.550266,33.03005,43.49193,43.971714,19.456278,-0.4797816
0.0033766483,7.0752788,18.911335,0.0,7.910824,7.451627,0.0,1.2934963e-07,0.0,0.0,0.0,-16.570984,0.0,-16.570984,0.0,0.0,0.0,0.0,16.570984,18.911335,0.0,13.8948765,12.369713,4.0057693,9.125273,1.2934963e-07,1.7898083e-08,2.706489e-08,12.369713,0.0,28.940695,29.257326,36.96911,37.28574,13.8948765,-0.3166304
0.08191708,6.4874883,9.374313,0.0,3.8162508,6.8499184,0.0,0.0,0.0,0.0,0.0,-16.696001,0.0,-16.696001,0.0,0.0,0.0,0.0,16.696001,9.374313,0.0,16.493338,9.944399,3.1165116,8.210071,0.0,0.0,0.0,9.944399,0.0,26.640402,27.159506,34.241768,34.760876,16.493338,-0.5191052
0.17376894,7.899026,4.011032,0.0,1.6721379,8.397891,0.0,0.0,0.0,0.0,0.0,-16.696001,0.0,-16.696001,0.0,0.0,0.0,0.0,16.696001,4.011032,0.0,11.395972,4.2780194,1.239556,4.716146,0.0,0.0,0.0,4.2780194,0.0,20.974016,21.466002,30.58191,31.07389,11.395972,-0.49198216
1.1667559,10.560208,3.1571352,0.0,1.41906,11.18917,0.0,0.0,0.0,0.0,0.0,-16.696001,0.0,-16.696001,0.0,0.0,0.0,0.0,16.696001,3.1571352,0.0,10.629479,6.0494084,1.7535541,6.6052475,0.0,0.0,0.0,6.0494084,0.0,22.745409,23.237707,33.581642,34.073944,10.629479,-0.49230015
0.0,3.2708645,12.320898,0.0,5.315598,3.4945054,0.0,0.0,0.0,0.0,0.0,-16.696001,0.0,-16.696001,0.0,0.0,0.0,0.0,16.696001,12.320898,0.0,11.004509,1.7957904,0.56309587,2.7236075,0.0,0.0,0.0,1.7957904,0.0,18.491793,19.814611,25.948084,27.270906,11.004509,-1.3228213
0.6270569,4.2014675,9.320792,0.0,4.0362773,4.398487,0.0,0.0,0.0,0.0,0.0,-16.696001,0.0,-16.696001,0.0,0.0,0.0,0.0,16.696001,9.320792,0.0,12.031992,3.2513654,1.0783381,5.3180866,0.0,0.0,0.0,3.2513654,0.0,19.947365,20.466755,27.896873,28.416262,12.031992,-0.5193888
0.33740768,2.6304467,12.858293,0.0,5.671634,2.7578819,0.0,0.0,0.0,0.0,0.0,-16.696001,0.0,-16.696001,0.0,0.0,0.0,0.0,16.696001,12.858293,0.0,14.142886,5.736752,2.1470332,4.813486,0.0,0.0,0.0,5.736752,0.0,22.432753,22.572401,30.398329,30.53798,14.142886,-0.13965106
1.4830987,3.7569907,9.485456,0.0,4.475279,4.0248175,0.0,0.0,0.0,0.0,0.0,-16.696001,0.0,-16.696001,0.0,0.0,0.0,0.0,16.696001,9.485456,0.0,18.302605,10.106699,3.9763572,7.219694,0.0,0.0,0.0,10.106699,0.0,26.8027,26.8027,34.388767,34.388767,18.302605,0.0
0.07684414,7.2824745,8.229441,0.0,5.437013,7.743261,0.0,5.4491568,0.0,0.0,0.0,-16.371162,0.0,-16.371162,0.0,0.0,0.0,0.0,16.371162,8.229441,0.0,17.030478,13.839587,5.2761736,8.430198,5.4491568,0.7539987,1.1401721,13.839587,0.0,29.804016,29.804016,39.66469,39.66469,17.030478,0.0
0.8197746,5.6903615,8.878151,0.0,4.001009,6.1130376,0.0,0.0,0.0,0.0,0.0,-7.55275,0.0,-7.55275,0.0,0.0,0.0,0.0,7.55275,8.878151,0.0,18.287636,20.848934,8.17249,11.861347,0.0,0.0,0.0,20.848934,0.0,28.401684,28.401684,39.678032,39.678032,18.287636,0.0
0.0,8.91679,18.59818,0.0,8.574715,9.499967,0.0,0.0,0.0,0.0,0.0,-0.9253827,0.0,-0.9253827,0.0,0.0,0.0,0.0,0.9253827,18.59818,0.0,21.559856,38.709152,12.8693285,21.409174,0.0,0.0,0.0,38.709152,0.0,39.634533,39.634533,48.702904,48.702904,21.559856,0.0
0.19836855,9.21197,10.311689,0.0,4.719941,9.838752,0.0,0.0,0.0,0.0,0.0,0.0,0.0,0.0,0.0,0.0,0.0,0.0,0.0,10.311689,0.0,14.387364,28.946056,9.373798,15.755748,0.0,0.0,0.0,28.946056,0.0,28.946058,28.946058,37.500572,37.500572,14.387364,0.0
1.8525915,3.4581869,19.04681,0.0,9.409794,3.735903,0.0,0.0,0.0,0.0,0.0,18.991701,18.991701,0.0,0.0,0.0,0.0,0.0,0.0,19.04681,18.991701,10.620123,42.757523,13.431753,23.022598,0.0,0.0,0.0,42.757523,0.0,23.765821,23.765821,33.513412,33.513412,10.620123,0.0
0.3780142,1.8108072,17.875883,0.0,8.812921,1.8870224,0.0,0.0,0.0,0.0,0.0,18.991701,18.991701,0.0,0.0,0.0,0.0,0.0,0.0,17.875883,18.991701,7.124766,36.816406,10.481603,19.666904,0.0,0.0,0.0,36.816406,0.0,17.824709,17.824709,25.974941,25.974941,7.124766,0.0
1.4297721,0.7621124,10.141991,0.0,4.901956,0.81136703,0.0,0.0,0.0,0.0,0.0,18.991701,18.991701,0.0,0.0,0.0,0.0,0.0,0.0,10.141991,18.991701,6.436663,31.141685,9.332187,16.277308,0.0,0.0,0.0,31.141685,0.0,12.149986,12.149986,22.147778,22.147778,6.436663,0.0
0.0,0.9437248,9.857346,0.0,4.6500216,1.0014223,0.0,0.0,0.0,0.0,0.0,18.991701,18.991701,0.0,0.0,0.0,0.0,0.0,0.0,9.857346,18.991701,6.2857423,30.928885,9.179365,15.918053,0.0,0.0,0.0,30.928885,0.0,11.937186,11.937186,23.129187,23.129187,6.2857423,0.0
0.0,0.0,12.683529,0.0,6.331419,0.0,0.0,0.0,0.0,0.0,0.0,18.991701,18.991701,0.0,0.0,0.0,0.0,0.0,0.0,12.683529,18.991701,6.164199,31.487318,8.931377,16.577627,0.0,0.0,0.0,31.487318,0.0,12.495618,12.495618,21.857462,21.857462,6.164199,0.0
0.0,0.0,11.053844,0.0,5.1555595,0.0,0.0,0.0,0.0,0.0,0.0,18.991701,18.991701,0.0,0.0,0.0,0.0,0.0,0.0,11.053844,18.991701,6.237552,30.38481,8.247957,16.4021,0.0,0.0,0.0,30.38481,0.0,11.393112,11.393112,24.133928,24.133928,6.237552,0.0
0.0,0.0,27.572626,0.0,13.1089945,0.0,0.0,0.0,0.0,0.0,0.0,18.991701,18.991701,0.0,0.0,0.0,0.0,0.0,0.0,27.572626,18.991701,6.4117193,38.512413,10.552864,21.168734,0.0,0.0,0.0,38.512413,0.0,19.520714,19.520714,24.246971,24.246971,6.4117193,0.0
0.0,1.0932145,5.3786616,0.0,2.681995,1.193616,0.0,0.0,0.0,0.0,0.0,18.991701,18.991701,0.0,0.0,0.0,0.0,0.0,0.0,5.3786616,18.991701,6.9220347,29.789349,8.268033,16.540125,0.0,0.0,0.0,29.789349,0.0,10.797645,10.797645,26.796787,26.796787,6.9220347,0.0
0.0,10.294904,9.132147,0.0,4.659075,11.132439,0.0,0.0,0.0,0.0,0.0,18.991701,18.991701,0.0,0.0,0.0,0.0,0.0,0.0,9.132147,18.991701,8.482567,43.265785,12.947978,24.050186,0.0,0.0,0.0,43.265785,0.0,24.274082,24.274082,40.021233,40.021233,8.482567,0.0
0.21664363,9.12435,35.82082,0.0,17.53208,9.598797,0.0,0.0,0.0,0.0,0.0,18.991701,18.991701,0.0,0.0,0.0,0.0,0.0,0.0,35.82082,18.991701,11.226756,57.349335,17.288647,31.85676,0.0,0.0,0.0,57.349335,0.0,38.357635,38.357635,45.619152,45.619152,11.226756,0.0
0.0,3.0156574,21.473808,0.0,9.674006,3.216228,0.0,0.0,0.0,0.0,0.0,16.989792,16.989792,0.0,0.0,0.0,0.0,0.0,0.0,21.473808,16.989792,11.344112,40.395176,12.164798,22.43244,0.0,0.0,0.0,40.395176,0.0,23.405388,24.234348,37.915607,38.74457,11.344112,-0.82896227
1.1610295,6.8020353,9.063274,0.0,4.4930897,7.352352,0.0,0.0,0.0,0.0,0.0,-15.08248,0.0,-15.08248,0.0,0.0,0.0,0.0,15.08248,9.063274,0.0,13.026822,7.320887,2.2028608,6.4241824,0.0,0.0,0.0,7.320887,0.0,22.403366,24.872265,36.761803,39.230698,13.026822,-2.468897
0.95924234,13.117529,15.466059,0.0,9.626642,14.08729,0.0,3.112841,0.0,0.0,0.0,-16.570984,0.0,-16.570984,0.0,0.0,0.0,0.0,16.570984,15.466059,0.0,12.04448,14.840831,4.1494904,9.896797,3.112841,0.43072316,0.6513254,14.840831,0.0,31.01061,35.35721,37.612312,41.958908,12.04448,-4.346596
2.0669398,4.8513327,3.463495,0.0,1.7343391,5.2583737,0.0,0.0,0.0,0.0,0.0,-16.696001,0.0,-16.696001,0.0,0.0,0.0,0.0,16.696001,3.463495,0.0,13.770907,-1.3601497,-0.3652302,2.829971,0.0,0.0,0.0,0.0,-1.3601497,15.33585,20.76362,21.043636,26.471405,13.770907,-5.4277697
8.816222,15.347613,1.9280796,0.0,0.87925833,16.441395,0.0,0.0,0.0,0.0,0.0,-16.696001,0.0,-16.696001,0.0,0.0,0.0,0.0,16.696001,1.9280796,0.0,14.731573,9.411278,2.5030236,9.5527525,0.0,0.0,0.0,9.411278,0.0,26.107277,32.052227,28.390295,34.335243,14.731573,-5.9449506
7.1278253,8.09265,2.4666824,0.0,0.9960327,8.729399,0.0,0.0,0.0,0.0,0.0,-16.696001,0.0,-16.696001,0.0,0.0,0.0,0.0,16.696001,2.4666824,0.0,16.264603,3.3620205,0.8529414,5.8528414,0.0,0.0,0.0,3.3620205,0.0,20.05802,25.990034,23.040634,28.972647,16.264603,-5.9320135
10.562898,6.1383963,2.3342416,0.0,1.0833623,6.4585924,0.0,0.0,0.0,0.0,0.0,-16.696001,0.0,-16.696001,0.0,0.0,0.0,0.0,16.696001,2.3342416,0.0,13.650338,-0.6536428,-0.17742346,3.458863,0.0,0.0,0.0,0.0,-0.6536428,16.042358,21.192293,17.524307,22.674242,13.650338,-5.1499367
10.265281,4.284138,0.0,0.0,0.0,4.505012,0.0,0.0,0.0,0.0,0.0,-16.696001,0.0,-16.696001,0.0,0.0,0.0,0.0,16.696001,0.0,0.0,15.182458,-0.7917691,-0.23807971,3.5216188,0.0,0.0,0.0,0.0,-0.7917691,15.90423,19.687473,17.821714,21.604958,15.182458,-3.7832403
8.948678,3.2163796,0.0,0.0,0.0,3.457128,0.0,0.0,0.0,0.0,0.0,-16.696001,0.0,-16.696001,0.0,0.0,0.0,0.0,16.696001,0.0,0.0,15.644137,0.36237997,0.11145438,3.222539,0.0,0.0,0.0,0.36237997,0.0,17.05838,19.101265,19.02937,21.072256,15.644137,-2.042885
6.06582,5.8104725,0.0,0.0,0.0,6.0457516,0.0,0.0,0.0,0.0,0.0,-16.696001,0.0,-16.696001,0.0,0.0,0.0,0.0,16.696001,0.0,0.0,16.637268,5.9499373,2.0640755,5.5595913,0.0,0.0,0.0,5.9499373,0.0,22.645939,22.683018,27.549458,27.586538,16.637268,-0.037081208
3.0940397,14.21521,4.186489,0.0,2.144332,15.362403,0.0,0.0,0.0,0.0,0.0,-16.369278,0.0,-16.369278,0.0,0.0,0.0,0.0,16.369278,4.186489,0.0,18.760199,19.89766,7.263608,11.767975,0.0,0.0,0.0,19.89766,0.0,36.266933,36.266933,40.28969,40.28969,18.760199,0.0
2.1665008,8.526751,7.69159,0.0,3.4883976,9.075737,0.0,0.0,0.0,0.0,0.0,-7.5505195,0.0,-7.5505195,0.0,0.0,0.0,0.0,7.5505195,7.69159,0.0,23.57096,28.584576,11.211728,15.899023,0.0,0.0,0.0,28.584576,0.0,36.135094,36.135094,39.78489,39.78489,23.57096,0.0
3.1497703,12.226534,7.906478,0.0,4.0113,12.870864,0.0,0.0,0.0,0.0,0.0,-0.9253827,0.0,-0.9253827,0.0,0.0,0.0,0.0,0.9253827,7.906478,0.0,15.696642,31.653427,11.295139,17.465437,0.0,0.0,0.0,31.653427,0.0,32.578808,32.578808,38.696636,38.696636,15.696642,0.0
2.9262724,12.859964,9.661121,0.0,4.844512,13.585832,0.0,0.0,0.0,0.0,0.0,0.0,0.0,0.0,0.0,0.0,0.0,0.0,0.0,9.661121,0.0,13.971726,32.402073,10.30126,17.711596,0.0,0.0,0.0,32.402073,0.0,32.402073,32.402073,39.056366,39.056366,13.971726,0.0
2.6345038,7.8510237,5.848546,0.0,2.9595194,8.251961,0.0,0.0,0.0,0.0,0.0,18.991701,18.991701,0.0,0.0,0.0,0.0,0.0,0.0,5.848546,18.991701,10.603227,40.806404,12.3583355,22.000498,0.0,0.0,0.0,40.806404,0.0,21.814707,21.814707,34.268433,34.268433,10.603227,0.0
0.08706003,5.853905,17.557634,0.0,9.2787485,6.129495,0.0,0.38240227,0.0,0.0,0.0,18.991701,18.991701,0.0,0.0,0.0,0.0,0.0,0.0,17.1995,18.991701,8.111536,42.51148,12.27621,22.543404,0.38240227,0.052912924,0.08001318,42.51148,0.0,23.519781,23.519781,35.231308,35.231308,8.111536,0.0
0.0,2.9449558,12.571774,0.0,6.369839,3.0935068,0.0,0.0,0.0,0.0,0.0,18.991701,18.991701,0.0,0.0,0.0,0.0,0.0,0.0,12.571774,18.991701,6.763711,35.218758,10.705628,18.545288,0.0,0.0,0.0,35.218758,0.0,16.227057,16.227057,26.361134,26.361134,6.763711,0.0
0.0,0.37517777,13.878478,0.0,7.44952,0.39666104,0.0,0.0,0.0,0.0,0.0,18.991701,18.991701,0.0,0.0,0.0,0.0,0.0,0.0,13.878478,18.991701,6.452945,33.29083,10.011957,17.687996,0.0,0.0,0.0,33.29083,0.0,14.299127,14.299127,27.889221,27.889221,6.452945,0.0
0.0,0.0,27.873917,0.0,17.34143,0.0,0.0,4.023289,0.0,0.0,0.0,18.991701,18.991701,0.0,0.0,0.0,0.0,0.0,0.0,27.873917,18.991701,6.313903,42.64703,12.825764,22.684536,4.023289,0.5567017,0.841826,42.64703,0.0,23.19041,23.19041,33.134647,33.134647,6.313903,0.0
0.0,0.0,18.27658,0.0,9.454402,0.0,0.0,0.0,0.0,0.0,0.0,18.991701,18.991701,0.0,0.0,0.0,0.0,0.0,0.0,18.27658,18.991701,10.649803,39.09591,11.711999,20.776411,0.0,0.0,0.0,39.09591,0.0,20.104206,20.104206,33.90936,33.90936,10.649803,0.0
0.6712888,0.62770945,18.37584,0.0,9.366744,0.67512214,0.0,0.0,0.0,0.0,0.0,18.991701,18.991701,0.0,0.0,0.0,0.0,0.0,0.0,18.37584,18.991701,11.659169,40.692734,12.189371,21.622972,0.0,0.0,0.0,40.692734,0.0,21.701038,21.701038,36.829643,36.829643,11.659169,0.0
0.15885375,4.8729386,24.487247,0.0,12.918303,5.191151,0.0,0.0,0.0,0.0,0.0,18.991701,18.991701,0.0,0.0,0.0,0.0,0.0,0.0,24.487247,18.991701,6.8748083,43.975964,13.225428,23.390856,0.0,0.0,0.0,43.975964,0.0,24.984262,24.984262,35.76274,35.76274,6.8748083,0.0
0.0,11.025266,11.79088,0.0,5.9702406,12.053643,0.0,0.0,0.0,0.0,0.0,18.991701,18.991701,0.0,0.0,0.0,0.0,0.0,0.0,11.79088,18.991701,10.695959,47.71155,14.671347,25.11645,0.0,0.0,0.0,47.71155,0.0,28.719841,28.719841,45.130005,45.130005,10.695959,0.0
0.0,1.073384,14.189283,0.0,6.9539943,1.1197046,0.0,0.0,0.0,0.0,0.0,18.991701,18.991701,0.0,0.0,0.0,0.0,0.0,0.0,14.189283,18.991701,20.10002,47.16542,14.913111,24.487593,0.0,0.0,0.0,47.16542,0.0,28.173716,28.173716,49.07297,49.07297,20.10002,0.0
1.5899394,17.539501,42.711296,0.0,20.211834,18.83638,0.0,0.0,0.0,0.0,0.0,16.986582,16.986582,0.0,0.0,0.0,0.0,0.0,0.0,42.711296,16.986582,13.080211,68.85744,22.288492,36.006435,0.0,0.0,0.0,68.85744,0.0,51.870857,52.12842,60.345146,60.60272,13.080211,-0.25757083
0.50091845,18.370724,14.4505415,0.0,7.2155905,19.946169,0.0,8.984229e-09,0.0,0.0,0.0,-15.083996,0.0,-15.083996,0.0,0.0,0.0,0.0,15.083996,14.4505415,0.0,16.030773,27.50592,9.348706,15.215576,8.984229e-09,1.243146e-09,1.8798445e-09,27.50592,0.0,42.589912,43.192535,58.765354,59.367977,16.030773,-0.60261744
0.0,9.881341,15.36121,0.0,7.455916,10.395204,0.0,0.0,0.0,0.0,0.0,-16.570984,0.0,-16.570984,0.0,0.0,0.0,0.0,16.570984,15.36121,0.0,17.245964,17.768053,5.6119657,11.447427,0.0,0.0,0.0,17.768053,0.0,34.339043,35.097084,47.50868,48.266716,17.245964,-0.75804484
0.0,3.376334,5.526448,0.0,2.6769,3.6200526,0.0,0.0,0.0,0.0,0.0,-16.696001,0.0,-16.696001,0.0,0.0,0.0,0.0,16.696001,5.526448,0.0,14.056159,2.9687767,0.9092439,3.438772,0.0,0.0,0.0,2.9687767,0.0,19.66478,20.353111,36.026394,36.71473,14.056159,-0.6883342
1.6645563,6.959607,35.076725,0.0,16.416656,7.414886,0.0,0.0,0.0,0.0,0.0,-16.696001,0.0,-16.696001,0.0,0.0,0.0,0.0,16.696001,35.076725,0.0,12.328955,18.816587,5.452107,11.068809,0.0,0.0,0.0,18.816587,0.0,35.512592,36.1605,38.40527,39.053173,12.328955,-0.64790773
1.4079869,4.0512652,4.5954,0.0,2.185596,4.310279,0.0,0.0,0.0,0.0,0.0,-16.696001,0.0,-16.696001,0.0,0.0,0.0,0.0,16.696001,4.5954,0.0,12.585432,1.445244,0.41689214,3.033784,0.0,0.0,0.0,1.445244,0.0,18.141243,19.081306,32.424553,33.364616,12.585432,-0.9400641
1.082966,9.143972,13.85595,0.0,6.5980864,9.760494,0.0,0.0,0.0,0.0,0.0,-16.696001,0.0,-16.696001,0.0,0.0,0.0,0.0,16.696001,13.85595,0.0,11.347074,10.078837,3.0733078,7.4352694,0.0,0.0,0.0,10.078837,0.0,26.774836,27.705652,36.725323,37.656143,11.347074,-0.93081695
0.72706944,4.7279625,16.957916,0.0,8.211864,5.0165205,0.0,0.0,0.0,0.0,0.0,-16.696001,0.0,-16.696001,0.0,0.0,0.0,0.0,16.696001,16.957916,0.0,11.37451,7.3302436,2.276951,6.1637692,0.0,0.0,0.0,7.3302436,0.0,24.026243,24.602898,31.081709,31.658361,11.37451,-0.576653
0.27115065,16.947426,15.401984,0.0,7.2902427,18.130852,0.0,0.0,0.0,0.0,0.0,-16.696001,0.0,-16.696001,0.0,0.0,0.0,0.0,16.696001,15.401984,0.0,16.160181,24.719767,8.030782,15.206962,0.0,0.0,0.0,24.719767,0.0,41.415764,41.58128,50.028366,50.19388,16.160181,-0.16551135
0.4026112,4.228374,11.692638,0.0,5.6316957,4.4271655,0.0,0.0,0.0,0.0,0.0,-16.696001,0.0,-16.696001,0.0,0.0,0.0,0.0,16.696001,11.692638,0.0,15.425381,8.788241,3.494022,5.796964,0.0,0.0,0.0,8.788241,0.0,25.48424,25.48424,38.68455,38.68455,15.425381,0.0
0.09439888,6.222339,14.354812,0.0,8.412591,6.668295,0.0,5.4491568,0.0,0.0,0.0,-16.367395,0.0,-16.367395,0.0,0.0,0.0,0.0,16.367395,14.354812,0.0,17.07273,15.7862215,6.5272546,8.781481,5.4491568,0.7539987,1.1401721,15.7862215,0.0,31.73471,31.73471,42.982746,42.982746,17.07273,0.0
0.0,4.8124566,14.73155,0.0,6.9721394,5.0790114,0.0,0.0,0.0,0.0,0.0,-7.5482945,0.0,-7.5482945,0.0,0.0,0.0,0.0,7.5482945,14.73155,0.0,18.184402,22.687262,9.496681,12.113479,0.0,0.0,0.0,22.687262,0.0,30.235554,30.235554,42.03274,42.03274,18.184402,0.0
0.0,7.1099963,19.067585,0.0,9.333263,7.6442723,0.0,0.0,0.0,0.0,0.0,-0.9253827,0.0,-0.9253827,0.0,0.0,0.0,0.0,0.9253827,19.067585,0.0,15.391092,31.443243,11.516423,16.59421,0.0,0.0,0.0,31.443243,0.0,32.368626,32.368626,40.633232,40.633232,15.391092,0.0
1.7000103,12.438944,11.36266,0.0,5.614642,12.875612,0.0,0.0,0.0,0.0,0.0,0.0,0.0,0.0,0.0,0.0,0.0,0.0,0.0,11.36266,0.0,13.288612,31.778868,10.271678,16.747297,0.0,0.0,0.0,31.778868,0.0,31.778868,31.778868,44.508656,44.508656,13.288612,0.0
3.120535,18.38516,11.567259,0.0,5.346102,19.927982,0.0,0.0,0.0,0.0,0.0,18.991701,18.991701,0.0,0.0,0.0,0.0,0.0,0.0,11.567259,18.991701,10.366761,54.63254,16.732244,28.745348,0.0,0.0,0.0,54.63254,0.0,35.640846,35.640846,46.18371,46.18371,10.366761,0.0
1.2022574,5.470345,19.47776,0.0,9.548027,5.7454634,0.0,0.0,0.0,0.0,0.0,18.991701,18.991701,0.0,0.0,0.0,0.0,0.0,0.0,19.47776,18.991701,7.5496716,41.83486,12.88723,21.90507,0.0,0.0,0.0,41.83486,0.0,22.84316,22.84316,29.644468,29.644468,7.5496716,0.0
0.0,3.2757664,5.544192,0.0,2.475868,3.4860783,0.0,0.0,0.0,0.0,0.0,18.991701,18.991701,0.0,0.0,0.0,0.0,0.0,0.0,5.544192,18.991701,6.4789643,31.432613,9.102613,16.842772,0.0,0.0,0.0,31.432613,0.0,12.440911,12.440911,26.36711,26.36711,6.4789643,0.0
0.0,1.1574199,34.124252,0.0,16.84362,1.2260917,0.0,0.0,0.0,0.0,0.0,18.991701,18.991701,0.0,0.0,0.0,0.0,0.0,0.0,34.124252,18.991701,6.3715425,43.43295,12.093497,22.405495,0.0,0.0,0.0,43.43295,0.0,24.441257,24.441257,27.570297,27.570297,6.3715425,0.0
0.0,1.3936003,8.619286,0.0,3.9213161,1.4422117,0.0,0.0,0.0,0.0,0.0,18.991701,18.991701,0.0,0.0,0.0,0.0,0.0,0.0,8.619286,18.991701,6.2127056,30.567934,8.297666,15.642066,0.0,0.0,0.0,30.567934,0.0,11.576234,11.576234,23.644915,23.644915,6.2127056,0.0
0.0,0.24616309,22.801754,0.0,10.904303,0.25474972,0.0,0.0,0.0,0.0,0.0,18.991701,18.991701,0.0,0.0,0.0,0.0,0.0,0.0,22.801754,18.991701,6.2041225,36.354874,9.868531,18.668478,0.0,0.0,0.0,36.354874,0.0,17.363174,17.363174,24.457106,24.457106,6.2041225,0.0
0.26916784,3.7068253,6.025784,0.0,2.601749,3.9871912,0.0,0.0,0.0,0.0,0.0,18.991701,18.991701,0.0,0.0,0.0,0.0,0.0,0.0,6.025784,18.991701,6.5200624,32.100704,8.816733,16.762379,0.0,0.0,0.0,32.100704,0.0,13.109003,13.109003,25.525549,25.525549,6.5200624,0.0
0.0,7.4429035,16.337017,0.0,7.711072,7.900332,0.0,0.0,0.0,0.0,0.0,18.991701,18.991701,0.0,0.0,0.0,0.0,0.0,0.0,16.337017,18.991701,7.250978,41.854084,11.5762615,22.241825,0.0,0.0,0.0,41.854084,0.0,22.862383,22.862383,31.811733,31.811733,7.250978,0.0
1.6759343,17.141703,11.763496,0.0,5.6892548,18.677673,0.0,0.0,0.0,0.0,0.0,18.991701,18.991701,0.0,0.0,0.0,0.0,0.0,0.0,11.763496,18.991701,15.292987,58.65162,16.994307,31.780363,0.0,0.0,0.0,58.65162,0.0,39.659912,39.659912,53.686363,53.686363,15.292987,0.0
0.0,4.1418457,35.586926,0.0,16.41601,4.4016094,0.0,0.0,0.0,0.0,0.0,18.991701,18.991701,0.0,0.0,0.0,0.0,0.0,0.0,35.586926,18.991701,13.933211,53.74253,15.932509,29.30027,0.0,0.0,0.0,53.74253,0.0,34.75083,34.75083,44.43152,44.43152,13.933211,0.0
1.7016919,3.9688559,24.96077,0.0,11.635584,4.102279,0.0,0.0,0.0,0.0,0.0,16.98337,16.98337,0.0,0.0,0.0,0.0,0.0,0.0,24.96077,16.98337,11.553385,44.259167,13.121073,24.402546,0.0,0.0,0.0,44.259167,0.0,27.275797,27.291248,39.18579,39.20124,11.553385,-0.015452548
0.7881601,14.170048,17.968916,0.0,8.427875,15.207228,0.0,2.3861907e-07,0.0,0.0,0.0,-15.08551,0.0,-15.08551,0.0,0.0,0.0,0.0,15.08551,17.968916,0.0,16.232141,24.719189,7.3173943,15.645689,2.3861907e-07,3.3017674e-08,4.992824e-08,24.719189,0.0,39.8047,39.867245,52.276257,52.338802,16.232141,-0.06254363
1.5291792,14.281197,26.458668,0.0,14.298983,15.295272,0.0,3.121987,0.0,0.0,0.0,-16.570984,0.0,-16.570984,0.0,0.0,0.0,0.0,16.570984,26.458668,0.0,16.347517,29.219385,8.466317,17.78238,3.121987,0.43198872,0.65323913,29.219385,0.0,45.38861,45.540012,54.54281,54.69421,16.347517,-0.1514007
2.5619342,6.777993,19.681196,0.0,9.201153,7.1921973,0.0,0.0,0.0,0.0,0.0,-16.696001,0.0,-16.696001,0.0,0.0,0.0,0.0,16.696001,19.681196,0.0,21.635653,21.129148,5.7355075,14.198079,0.0,0.0,0.0,21.129148,0.0,37.82515,38.029,47.592415,47.79627,21.635653,-0.20385131
0.65121186,9.394853,16.049397,0.0,7.1830235,10.059276,0.0,0.0,0.0,0.0,0.0,-16.696001,0.0,-16.696001,0.0,0.0,0.0,0.0,16.696001,16.049397,0.0,19.971954,20.286356,5.7542243,14.181421,0.0,0.0,0.0,20.286356,0.0,36.98235,37.214256,43.68476,43.916664,19.971954,-0.2319022
2.4595313,5.861704,14.29295,0.0,6.6969833,6.1365533,0.0,3.2218082e-08,0.0,0.0,0.0,-16.696001,0.0,-16.696001,0.0,0.0,0.0,0.0,16.696001,14.29295,0.0,13.598544,9.484323,2.6022794,8.955408,3.2218082e-08,4.4580095e-09,6.7412556e-09,9.484323,0.0,26.18032,26.432083,33.200672,33.452427,13.598544,-0.2517576
0.36748162,9.8046665,5.8231106,0.0,2.3525624,10.553019,0.0,0.0,0.0,0.0,0.0,-16.696001,0.0,-16.696001,0.0,0.0,0.0,0.0,16.696001,5.8231106,0.0,14.52778,10.391978,3.0110765,8.142428,0.0,0.0,0.0,10.391978,0.0,27.087978,27.43336,36.26943,36.614815,14.52778,-0.34538245
0.32800213,2.428836,6.8180056,0.0,2.8052588,2.5982895,0.0,0.0,0.0,0.0,0.0,-16.696001,0.0,-16.696001,0.0,0.0,0.0,0.0,16.696001,6.8180056,0.0,15.188177,3.379616,1.0302885,4.1363726,0.0,0.0,0.0,3.379616,0.0,20.075617,20.591728,28.60092,29.117027,15.188177,-0.5161094
1.1198518,7.652577,12.705088,0.0,5.6387773,8.277448,0.0,0.0,0.0,0.0,0.0,-16.696001,0.0,-16.696001,0.0,0.0,0.0,0.0,16.696001,12.705088,0.0,12.656724,9.585095,2.9174902,7.391733,0.0,0.0,0.0,9.585095,0.0,26.281096,26.572948,32.04885,32.340702,12.656724,-0.2918537
0.32751158,3.891591,5.3384504,0.0,2.2061012,4.1579757,0.0,0.0,0.0,0.0,0.0,-16.696001,0.0,-16.696001,0.0,0.0,0.0,0.0,16.696001,5.3384504,0.0,18.553823,8.2219,2.5146008,6.4555717,0.0,0.0,0.0,8.2219,0.0,24.917902,24.917902,37.04624,37.04624,18.553823,0.0
0.7311053,3.7481995,25.670334,0.0,10.946781,3.9419973,0.0,6.7438597e-09,0.0,0.0,0.0,-16.365507,0.0,-16.365507,0.0,0.0,0.0,0.0,16.365507,25.670334,0.0,17.261885,15.785161,4.8986306,10.062443,6.7438597e-09,9.331466e-10,1.4110735e-09,15.785161,0.0,32.150665,32.150665,38.92967,38.92967,17.261885,0.0
0.65643585,4.7555695,11.284981,0.0,4.7227035,5.0367827,0.0,0.0,0.0,0.0,0.0,-7.546071,0.0,-7.546071,0.0,0.0,0.0,0.0,7.546071,11.284981,0.0,17.931503,20.144922,6.3403234,12.218638,0.0,0.0,0.0,20.144922,0.0,27.690992,27.690992,36.072937,36.072937,17.931503,0.0
0.0,5.302656,13.853032,0.0,5.8334026,5.6222324,0.0,0.0,0.0,0.0,0.0,-0.9253827,0.0,-0.9253827,0.0,0.0,0.0,0.0,0.9253827,13.853032,0.0,15.93388,26.464132,8.170357,15.968115,0.0,0.0,0.0,26.464132,0.0,27.389517,27.389517,35.014477,35.014477,15.93388,0.0
1.3811083,12.329278,9.568453,0.0,4.1688538,13.130435,0.0,0.0,0.0,0.0,0.0,0.0,0.0,0.0,0.0,0.0,0.0,0.0,0.0,9.568453,0.0,12.373201,29.672491,8.796706,17.833702,0.0,0.0,0.0,29.672491,0.0,29.672491,29.672491,39.142845,39.142845,12.373201,0.0
3.1423469,3.750053,8.991525,0.0,3.981501,4.061058,0.0,0.0,0.0,0.0,0.0,18.991701,18.991701,0.0,0.0,0.0,0.0,0.0,0.0,8.991525,18.991701,9.753359,36.787617,9.977472,21.804256,0.0,0.0,0.0,36.787617,0.0,17.795918,17.795918,26.941595,26.941595,9.753359,0.0
1.4765856,8.676212,1.6662058,0.0,0.7707692,9.133038,0.0,0.0,0.0,0.0,0.0,18.991701,18.991701,0.0,0.0,0.0,0.0,0.0,0.0,1.6662058,18.991701,7.6711392,36.566647,9.747571,21.954748,0.0,0.0,0.0,36.566647,0.0,17.574945,17.574945,26.05938,26.05938,7.6711392,0.0
2.2943552,0.0,21.141869,0.0,9.203817,0.0,0.0,0.0,0.0,0.0,0.0,18.991701,18.991701,0.0,0.0,0.0,0.0,0.0,0.0,21.141869,18.991701,6.3911824,34.5867,10.007572,20.180113,0.0,0.0,0.0,34.5867,0.0,15.594997,15.594997,17.794485,17.794485,6.3911824,0.0
0.107042044,2.7102337,2.9378867,0.0,1.4737804,2.8746424,0.0,0.0,0.0,0.0,0.0,18.991701,18.991701,0.0,0.0,0.0,0.0,0.0,0.0,2.9378867,18.991701,6.3769345,29.717056,8.066696,18.428154,0.0,0.0,0.0,29.717056,0.0,10.725358,10.725358,23.885065,23.885065,6.3769345,0.0
0.0,0.76838464,28.878874,0.0,14.697144,0.8412907,0.0,5.4491568,0.0,0.0,0.0,18.991701,18.991701,0.0,0.0,0.0,0.0,0.0,0.0,28.878874,18.991701,6.2274976,40.75763,9.124411,25.741388,5.4491568,0.7539987,1.1401721,40.75763,0.0,21.368986,21.368986,23.912542,23.912542,6.2274976,0.0
0.07631818,3.0857842,7.276415,0.0,3.1139536,3.3363757,0.0,0.0,0.0,0.0,0.0,18.991701,18.991701,0.0,0.0,0.0,0.0,0.0,0.0,7.276415,18.991701,6.2272706,31.6693,6.0852556,20.409126,0.0,0.0,0.0,31.6693,0.0,12.677599,12.677599,24.79788,24.79788,6.2272706,0.0
0.0,4.3480697,5.528652,0.0,2.3862267,4.677391,0.0,0.0,0.0,0.0,0.0,18.991701,18.991701,0.0,0.0,0.0,0.0,0.0,0.0,5.528652,18.991701,6.5624084,32.617725,5.818226,21.42236,0.0,0.0,0.0,32.617725,0.0,13.626027,13.626027,27.117004,27.117004,6.5624084,0.0
0.626358,3.756796,27.029016,0.0,12.020943,3.9707117,0.0,0.0,0.0,0.0,0.0,18.991701,18.991701,0.0,0.0,0.0,0.0,0.0,0.0,27.029016,18.991701,7.2157063,42.19906,9.4471035,27.538124,0.0,0.0,0.0,42.19906,0.0,23.20736,23.20736,29.553982,29.553982,7.2157063,0.0
2.256465,19.492918,8.2783985,0.0,3.5076861,20.587706,0.0,0.0,0.0,0.0,0.0,18.991701,18.991701,0.0,0.0,0.0,0.0,0.0,0.0,8.2783985,18.991701,8.688296,51.77539,13.457308,33.11108,0.0,0.0,0.0,51.77539,0.0,32.783684,32.783684,44.02531,44.02531,8.688296,0.0
0.42153683,8.48299,21.623222,0.0,10.169569,8.870148,0.0,0.0,0.0,0.0,0.0,18.991701,18.991701,0.0,0.0,0.0,0.0,0.0,0.0,21.623222,18.991701,10.557745,48.58916,15.310522,30.815722,0.0,0.0,0.0,48.58916,0.0,29.597462,29.597462,41.548607,41.548607,10.557745,0.0
1.8473642,6.750147,23.627213,0.0,10.069311,7.1731462,0.0,0.0,0.0,0.0,0.0,16.980158,16.980158,0.0,0.0,0.0,0.0,0.0,0.0,23.627213,16.980158,11.201927,44.990562,14.682671,28.880547,0.0,0.0,0.0,44.990562,0.0,28.010403,28.444384,38.15458,38.588562,11.201927,-0.43398038
1.5271032,8.095158,7.867917,0.0,3.6689053,8.648577,0.0,0.0,0.0,0.0,0.0,-15.087025,0.0,-15.087025,0.0,0.0,0.0,0.0,15.087025,7.867917,0.0,11.082464,7.1279736,2.3122137,7.801261,0.0,0.0,0.0,7.1279736,0.0,22.214996,23.399946,31.664413,32.84936,11.082464,-1.1849474
0.97137475,5.929519,7.294834,0.0,3.0817845,6.3312597,0.0,0.0,0.0,0.0,0.0,-16.570984,0.0,-16.570984,0.0,0.0,0.0,0.0,16.570984,7.294834,0.0,11.704006,3.0003443,0.9485225,5.380833,0.0,0.0,0.0,3.0003443,0.0,19.57133,21.11705,27.973207,29.518929,11.704006,-1.5457227
0.1750695,8.003229,10.046474,0.0,4.561427,8.5283165,0.0,0.0,0.0,0.0,0.0,-16.696001,0.0,-16.696001,0.0,0.0,0.0,0.0,16.696001,10.046474,0.0,12.294207,7.2642126,2.2453475,6.813127,0.0,0.0,0.0,7.2642126,0.0,23.96021,25.38395,29.936455,31.360191,12.294207,-1.4237372
2.7854705,5.4501553,7.6202555,0.0,3.4178255,5.8318624,0.0,2.118284e-07,0.0,0.0,0.0,-16.696001,0.0,-16.696001,0.0,0.0,0.0,0.0,16.696001,7.6202555,0.0,13.096869,5.012438,1.5022538,6.411505,2.118284e-07,2.9310652e-08,4.4322604e-08,5.012438,0.0,21.708437,22.346558,30.9911,31.629221,13.096869,-0.6381195
2.5623138,4.1078415,9.020102,0.0,3.645804,4.4084005,0.0,0.0,0.0,0.0,0.0,-16.696001,0.0,-16.696001,0.0,0.0,0.0,0.0,16.696001,9.020102,0.0,17.628601,7.211779,2.166802,7.688243,0.0,0.0,0.0,7.211779,0.0,23.907778,25.682806,29.478285,31.253311,17.628601,-1.7750268
1.7381881,9.253967,7.662281,0.0,3.5177646,9.901346,0.0,0.0,0.0,0.0,0.0,-16.696001,0.0,-16.696001,0.0,0.0,0.0,0.0,16.696001,7.662281,0.0,10.625283,5.700661,1.747659,6.446379,0.0,0.0,0.0,5.700661,0.0,22.396662,24.044394,28.803158,30.450893,10.625283,-1.647734
1.2842813,12.237948,1.5834517,0.0,0.7272287,13.007015,0.0,0.0,0.0,0.0,0.0,-16.696001,0.0,-16.696001,0.0,0.0,0.0,0.0,16.696001,1.5834517,0.0,11.278769,7.856069,2.4461188,8.658488,0.0,0.0,0.0,7.856069,0.0,24.55207,25.013012,33.1687,33.629646,11.278769,-0.46094194
1.6289157,9.822023,7.984424,0.0,3.6079392,10.577553,0.0,0.0,0.0,0.0,0.0,-16.696001,0.0,-16.696001,0.0,0.0,0.0,0.0,16.696001,7.984424,0.0,13.414026,10.3981495,3.2572808,8.502398,0.0,0.0,0.0,10.3981495,0.0,27.094149,27.599518,32.965237,33.470604,13.414026,-0.50536954
3.3354378,13.952133,9.132919,0.0,3.8824954,14.7677,0.0,0.0,0.0,0.0,0.0,-16.696001,0.0,-16.696001,0.0,0.0,0.0,0.0,16.696001,9.132919,0.0,24.190182,26.144377,8.215022,17.140497,0.0,0.0,0.0,26.144377,0.0,42.840378,42.840378,49.227047,49.227047,24.190182,0.0
1.7690078,10.681105,11.586069,0.0,7.623054,11.344424,0.0,3.112841,0.0,0.0,0.0,-16.363619,0.0,-16.363619,0.0,0.0,0.0,0.0,16.363619,11.586069,0.0,24.326391,26.93025,8.361069,17.090672,3.112841,0.43072316,0.6513254,26.93025,0.0,42.892666,42.892666,48.30585,48.30585,24.326391,0.0
0.96901184,13.35096,12.120246,0.0,5.674209,14.124132,0.0,0.0,0.0,0.0,0.0,-7.543842,0.0,-7.543842,0.0,0.0,0.0,0.0,7.543842,12.120246,0.0,17.455853,29.710356,9.191496,17.77885,0.0,0.0,0.0,29.710356,0.0,37.254192,37.254192,43.25771,43.25771,17.455853,0.0
0.0,4.8828506,10.003372,0.0,4.390686,5.170632,0.0,0.0,0.0,0.0,0.0,-0.9253827,0.0,-0.9253827,0.0,0.0,0.0,0.0,0.9253827,10.003372,0.0,15.484844,24.120777,7.2609277,13.979188,0.0,0.0,0.0,24.120777,0.0,25.046162,25.046162,37.28911,37.28911,15.484844,0.0
2.1125114,6.702267,17.718754,0.0,8.3335905,7.083695,0.0,0.0,0.0,0.0,0.0,0.0,0.0,0.0,0.0,0.0,0.0,0.0,0.0,17.718754,0.0,14.493846,29.91113,8.108542,16.694067,0.0,0.0,0.0,29.91113,0.0,29.91113,29.91113,39.000237,39.000237,14.493846,0.0
0.43003953,2.8970633,14.270835,0.0,6.9174776,3.0814188,0.0,0.0,0.0,0.0,0.0,18.991701,18.991701,0.0,0.0,0.0,0.0,0.0,0.0,14.270835,18.991701,9.039164,38.029762,9.578675,20.350252,0.0,0.0,0.0,38.029762,0.0,19.03806,19.03806,30.418669,30.418669,9.039164,0.0
0.10877955,1.3221946,12.548036,0.0,6.0075626,1.4008088,0.0,0.0,0.0,0.0,0.0,18.991701,18.991701,0.0,0.0,0.0,0.0,0.0,0.0,12.548036,18.991701,7.0710425,33.471115,7.330506,16.996874,0.0,0.0,0.0,33.471115,0.0,14.479413,14.479413,23.39528,23.39528,7.0710425,0.0
0.73519987,0.768964,16.685015,0.0,8.27173,0.841925,0.0,0.0,0.0,0.0,0.0,18.991701,18.991701,0.0,0.0,0.0,0.0,0.0,0.0,16.685015,18.991701,6.5973773,34.702732,7.4681816,17.981394,0.0,0.0,0.0,34.702732,0.0,15.711031,15.711031,21.338608,21.338608,6.5973773,0.0
0.0,0.36857703,13.191775,0.0,6.6677914,0.3898682,0.0,0.0,0.0,0.0,0.0,18.991701,18.991701,0.0,0.0,0.0,0.0,0.0,0.0,13.191775,18.991701,6.312095,32.361454,6.543514,15.31357,0.0,0.0,0.0,32.361454,0.0,13.369755,13.369755,21.307556,21.307556,6.312095,0.0
0.0,1.133937,15.361164,0.0,7.546041,1.2549676,0.0,0.0,0.0,0.0,0.0,18.991701,18.991701,0.0,0.0,0.0,0.0,0.0,0.0,15.361164,18.991701,6.175362,33.968067,6.6340876,15.968972,0.0,0.0,0.0,33.968067,0.0,14.976371,14.976371,24.074533,24.074533,6.175362,0.0
0.0,0.76896375,17.971407,0.0,8.764155,0.8419248,0.0,0.0,0.0,0.0,0.0,18.991701,18.991701,0.0,0.0,0.0,0.0,0.0,0.0,17.971407,18.991701,7.598275,36.196056,6.7287445,16.676395,0.0,0.0,0.0,36.196056,0.0,17.204353,17.204353,27.586447,27.586447,7.598275,0.0
0.0,4.3256817,20.206032,0.0,10.6721115,4.667342,0.0,0.0,0.0,0.0,0.0,18.991701,18.991701,0.0,0.0,0.0,0.0,0.0,0.0,20.206032,18.991701,6.5957856,40.92694,8.34987,19.648098,0.0,0.0,0.0,40.92694,0.0,21.935244,21.935244,31.006285,31.006285,6.5957856,0.0
0.0,13.2190075,16.916134,0.0,8.771247,14.333019,0.0,0.0,0.0,0.0,0.0,18.991701,18.991701,0.0,0.0,0.0,0.0,0.0,0.0,16.916134,18.991701,8.502589,50.598553,11.179643,26.615765,0.0,0.0,0.0,50.598553,0.0,31.606852,31.606852,45.529896,45.529896,8.502589,0.0
0.0,18.376268,24.360722,0.0,12.085887,19.26523,0.0,0.28179374,0.0,0.0,0.0,18.991701,18.991701,0.0,0.0,0.0,0.0,0.0,0.0,24.097778,18.991701,10.454139,60.796955,18.457325,32.6543,0.28179374,0.03899174,0.058962032,60.796955,0.0,41.80526,41.80526,56.012398,56.012398,10.454139,0.0
2.5937533,8.45459,33.212605,0.0,15.623254,9.097695,0.0,0.0,0.0,0.0,0.0,18.991701,18.991701,0.0,0.0,0.0,0.0,0.0,0.0,33.212605,18.991701,13.214761,56.927406,17.876514,31.540848,0.0,0.0,0.0,56.927406,0.0,37.93571,37.93571,53.818558,53.818558,13.214761,0.0
1.6761308,2.2531226,28.465511,0.0,12.741,2.37821,0.0,0.0,0.0,0.0,0.0,16.976948,16.976948,0.0,0.0,0.0,0.0,0.0,0.0,28.465511,16.976948,14.168344,45.945923,16.566109,25.295725,0.0,0.0,0.0,45.945923,0.0,28.968977,29.287554,40.663303,40.98188,14.168344,-0.3185775
2.4648752,7.576207,18.606508,0.0,8.9426985,8.060507,0.0,1.4640493e-07,0.0,0.0,0.0,-15.08854,0.0,-15.08854,0.0,0.0,0.0,0.0,15.08854,18.606508,0.0,13.709079,14.341731,4.996573,9.5513,1.4640493e-07,2.0258021e-08,3.063351e-08,14.341731,0.0,29.43027,30.712284,40.01503,41.297043,13.709079,-1.2820135
0.0,8.6642685,14.287298,0.0,8.688515,9.260706,0.0,3.112841,0.0,0.0,0.0,-16.570984,0.0,-16.570984,0.0,0.0,0.0,0.0,16.570984,14.287298,0.0,12.558878,12.490791,3.8274152,8.629504,3.112841,0.43072316,0.6513254,12.490791,0.0,28.66057,30.106894,40.244656,41.690975,12.558878,-1.4463247
0.7378246,5.975055,13.799336,0.0,6.1992373,6.367004,0.0,0.0,0.0,0.0,0.0,-16.696001,0.0,-16.696001,0.0,0.0,0.0,0.0,16.696001,13.799336,0.0,12.657728,7.4938226,2.2302246,6.750328,0.0,0.0,0.0,7.4938226,0.0,24.189823,25.223969,33.31693,34.351074,12.657728,-1.0341473
0.21645899,4.724491,7.44881,0.0,3.4116213,4.9500027,0.0,0.0,0.0,0.0,0.0,-16.696001,0.0,-16.696001,0.0,0.0,0.0,0.0,16.696001,7.44881,0.0,18.344818,8.806696,2.5288968,7.230095,0.0,0.0,0.0,8.806696,0.0,25.502693,26.706442,37.03446,38.23821,18.344818,-1.2037461
1.5685396,6.5841002,6.387738,0.0,2.9621518,7.046254,0.0,0.0,0.0,0.0,0.0,-16.696001,0.0,-16.696001,0.0,0.0,0.0,0.0,16.696001,6.387738,0.0,10.944861,2.619807,0.7495587,4.3175073,0.0,0.0,0.0,2.619807,0.0,19.315807,20.953264,28.844532,30.481993,10.944861,-1.6374595
0.25888258,1.6091194,14.809586,0.0,6.845951,1.7483408,0.0,0.0,0.0,0.0,0.0,-16.696001,0.0,-16.696001,0.0,0.0,0.0,0.0,16.696001,14.809586,0.0,11.107471,1.6423912,0.48260075,3.9057176,0.0,0.0,0.0,1.6423912,0.0,18.338392,19.701761,23.511982,24.875353,11.107471,-1.3633713
2.359836,0.69673127,8.879201,0.0,4.012733,0.7454021,0.0,0.0,0.0,0.0,0.0,-16.696001,0.0,-16.696001,0.0,0.0,0.0,0.0,16.696001,8.879201,0.0,12.50801,-1.6185645,-0.5011162,2.1411195,0.0,0.0,0.0,0.0,-1.6185645,15.077435,17.266146,17.771053,19.959764,12.50801,-2.1887102
1.9573007,3.8278973,3.6687288,0.0,1.6730431,4.078015,0.0,0.0,0.0,0.0,0.0,-16.696001,0.0,-16.696001,0.0,0.0,0.0,0.0,16.696001,3.6687288,0.0,15.035589,3.4868107,1.1194875,3.6884832,0.0,0.0,0.0,3.4868107,0.0,20.18281,20.78665,26.562475,27.166315,15.035589,-0.60383856
1.7711898,6.1100264,8.497408,0.0,3.9527133,6.4293423,0.0,0.0,0.0,0.0,0.0,-16.696001,0.0,-16.696001,0.0,0.0,0.0,0.0,16.696001,8.497408,0.0,19.14038,12.817825,4.274372,8.617099,0.0,0.0,0.0,12.817825,0.0,29.513824,29.522438,37.255615,37.264225,19.14038,-0.008612237
0.21770231,2.4232621,17.346973,0.0,7.8527946,2.6121242,0.0,0.0,0.0,0.0,0.0,-16.361736,0.0,-16.361736,0.0,0.0,0.0,0.0,16.361736,17.346973,0.0,16.585808,10.68899,3.4457667,7.7279954,0.0,0.0,0.0,10.68899,0.0,27.050726,27.050726,34.03008,34.03008,16.585808,0.0
1.3237942,10.292056,15.326223,0.0,6.552175,10.927303,0.0,0.0,0.0,0.0,0.0,-7.541617,0.0,-7.541617,0.0,0.0,0.0,0.0,7.541617,15.326223,0.0,15.545863,25.483727,8.111969,15.919542,0.0,0.0,0.0,25.483727,0.0,33.025345,33.025345,40.30528,40.30528,15.545863,0.0
1.4731715,10.556097,3.8812275,0.0,1.7933793,11.45082,0.0,0.0,0.0,0.0,0.0,-0.9253827,0.0,-0.9253827,0.0,0.0,0.0,0.0,0.9253827,3.8812275,0.0,16.21366,28.532478,8.866076,17.495764,0.0,0.0,0.0,28.532478,0.0,29.45786,29.45786,41.91087,41.91087,16.21366,0.0
2.2125888,7.9550443,23.277594,0.0,10.270493,8.430654,0.0,0.0,0.0,0.0,0.0,0.0,0.0,0.0,0.0,0.0,0.0,0.0,0.0,23.277594,0.0,13.590283,32.291428,9.928895,19.372816,0.0,0.0,0.0,32.291428,0.0,32.29143,32.29143,35.728714,35.728714,13.590283,0.0
2.277168,4.649321,11.756278,0.0,5.200577,4.960401,0.0,0.0,0.0,0.0,0.0,18.991701,18.991701,0.0,0.0,0.0,0.0,0.0,0.0,11.756278,18.991701,9.559692,38.71237,11.551432,22.932682,0.0,0.0,0.0,38.71237,0.0,19.720673,19.720673,27.025928,27.025928,9.559692,0.0
1.3711536,3.4169936,10.806588,0.0,4.9753027,3.5706074,0.0,0.0,0.0,0.0,0.0,18.991701,18.991701,0.0,0.0,0.0,0.0,0.0,0.0,10.806588,18.991701,7.002964,34.540573,9.081063,20.76183,0.0,0.0,0.0,34.540573,0.0,15.548875,15.548875,22.904419,22.904419,7.002964,0.0
0.3718015,1.2194703,17.085764,0.0,8.08694,1.2845677,0.0,0.0,0.0,0.0,0.0,18.991701,18.991701,0.0,0.0,0.0,0.0,0.0,0.0,17.085764,18.991701,6.5967536,34.95996,8.557528,19.70979,0.0,0.0,0.0,34.95996,0.0,15.968262,15.968262,23.39158,23.39158,6.5967536,0.0
1.3202599,1.3764802,13.539681,0.0,6.17238,1.4589081,0.0,0.0,0.0,0.0,0.0,18.991701,18.991701,0.0,0.0,0.0,0.0,0.0,0.0,13.539681,18.991701,6.347514,32.9705,6.9386425,19.778055,0.0,0.0,0.0,32.9705,0.0,13.978803,13.978803,23.709055,23.709055,6.347514,0.0
0.0,0.3763067,19.874203,0.0,11.821442,0.39785463,0.0,3.112841,0.0,0.0,0.0,18.991701,18.991701,0.0,0.0,0.0,0.0,0.0,0.0,19.874203,18.991701,6.2280116,37.439003,7.8790393,22.712267,3.112841,0.43072316,0.6513254,37.439003,0.0,18.046103,18.046103,26.114887,26.114887,6.2280116,0.0
0.0,0.88446546,5.96286,0.0,2.753257,0.9339292,0.0,0.0,0.0,0.0,0.0,18.991701,18.991701,0.0,0.0,0.0,0.0,0.0,0.0,5.96286,18.991701,6.258728,28.937614,6.0899205,18.29331,0.0,0.0,0.0,28.937614,0.0,9.945914,9.945914,23.88074,23.88074,6.258728,0.0
0.3653347,8.119907,12.878426,0.0,5.6641264,8.890343,0.0,0.13661337,0.0,0.0,0.0,18.991701,18.991701,0.0,0.0,0.0,0.0,0.0,0.0,12.755862,18.991701,6.4660177,40.012188,8.6646385,25.630987,0.13661337,0.018903164,0.028584743,40.012188,0.0,21.020487,21.020487,32.65555,32.65555,6.4660177,0.0
1.4207202,11.002241,15.960634,0.0,7.579119,11.778256,0.0,0.0,0.0,0.0,0.0,18.991701,18.991701,0.0,0.0,0.0,0.0,0.0,0.0,15.960634,18.991701,9.526003,47.875076,11.885947,30.48041,0.0,0.0,0.0,47.875076,0.0,28.883377,28.883377,36.962093,36.962093,9.526003,0.0
0.7794938,3.95077,10.400003,0.0,4.6542625,4.2023163,0.0,0.0,0.0,0.0,0.0,18.991701,18.991701,0.0,0.0,0.0,0.0,0.0,0.0,10.400003,18.991701,8.532471,36.380756,11.650935,23.011185,0.0,0.0,0.0,36.380756,0.0,17.38905,17.38905,34.30754,34.30754,8.532471,0.0
0.0,9.78441,27.082756,0.0,12.507907,10.17587,0.0,0.0,0.0,0.0,0.0,18.991701,18.991701,0.0,0.0,0.0,0.0,0.0,0.0,27.082756,18.991701,11.59191,53.267387,18.265022,33.86895,0.0,0.0,0.0,53.267387,0.0,34.27569,34.27569,50.442116,50.442116,11.59191,0.0
3.1049213,7.884159,32.489567,0.0,14.668902,8.368284,0.0,0.0,0.0,0.0,0.0,16.973717,16.973717,0.0,0.0,0.0,0.0,0.0,0.0,32.489567,16.973717,13.91648,53.591255,19.532673,34.17935,0.0,0.0,0.0,53.591255,0.0,36.61754,36.953663,43.203274,43.539402,13.91648,-0.33612937
0.6285537,15.208927,5.528653,0.0,2.6149607,16.20315,0.0,0.0,0.0,0.0,0.0,-15.090065,0.0,-15.090065,0.0,0.0,0.0,0.0,15.090065,5.528653,0.0,12.213883,14.835867,5.1611805,11.828926,0.0,0.0,0.0,14.835867,0.0,29.925932,31.031994,43.848896,44.954956,12.213883,-1.1060611
0.0,6.16635,17.628868,0.0,7.760581,6.5315485,0.0,0.0,0.0,0.0,0.0,-16.570984,0.0,-16.570984,0.0,0.0,0.0,0.0,16.570984,17.628868,0.0,12.1162405,8.490875,2.8396556,7.2186737,0.0,0.0,0.0,8.490875,0.0,25.06186,26.40837,36.351223,37.697735,12.1162405,-1.3465121
3.6133685,9.721153,14.684005,0.0,6.4840584,10.16909,0.0,0.0,0.0,0.0,0.0,-16.696001,0.0,-16.696001,0.0,0.0,0.0,0.0,16.696001,14.684005,0.0,12.914936,10.487108,3.224098,9.651185,0.0,0.0,0.0,10.487108,0.0,27.18311,29.568085,36.4156,38.800575,12.914936,-2.3849754
1.6218917,6.447962,9.292593,0.0,4.1857834,6.921443,0.0,2.118284e-07,0.0,0.0,0.0,-16.696001,0.0,-16.696001,0.0,0.0,0.0,0.0,16.696001,9.292593,0.0,17.66845,8.642432,2.5631602,7.8745565,2.118284e-07,2.9310652e-08,4.4322604e-08,8.642432,0.0,25.33843,28.775675,32.012127,35.44937,17.66845,-3.4372425
0.9513562,9.9519205,2.2253742,0.0,0.88331056,10.764051,0.0,0.0,0.0,0.0,0.0,-16.696001,0.0,-16.696001,0.0,0.0,0.0,0.0,16.696001,2.2253742,0.0,9.844242,1.2746222,0.37825236,5.089949,0.0,0.0,0.0,1.2746222,0.0,17.970621,21.491602,24.855326,28.376307,9.844242,-3.5209808
2.2332666,7.0577145,3.9487112,0.0,1.7420946,7.465807,0.0,0.0,0.0,0.0,0.0,-16.696001,0.0,-16.696001,0.0,0.0,0.0,0.0,16.696001,3.9487112,0.0,10.531734,-1.007843,-0.32337624,3.8171716,0.0,0.0,0.0,0.0,-1.007843,15.688157,19.739634,20.895117,24.946594,10.531734,-4.0514784
4.3008127,6.808795,7.3214025,0.0,3.0592358,7.308693,0.0,0.0,0.0,0.0,0.0,-16.696001,0.0,-16.696001,0.0,0.0,0.0,0.0,16.696001,7.3214025,0.0,10.453507,1.2291219,0.41731393,3.5674455,0.0,0.0,0.0,1.2291219,0.0,17.925123,20.821436,20.566433,23.462744,10.453507,-2.896314
3.988852,3.0757585,4.672434,0.0,1.8554672,3.245873,0.0,0.0,0.0,0.0,0.0,-16.696001,0.0,-16.696001,0.0,0.0,0.0,0.0,16.696001,4.672434,0.0,14.032803,1.0989666,0.4003583,3.9412117,0.0,0.0,0.0,1.0989666,0.0,17.794968,19.134144,20.885609,22.224787,14.032803,-1.3391765
1.9976072,1.154013,1.9090872,0.0,0.9258048,1.2170247,0.0,0.0,0.0,0.0,0.0,-16.696001,0.0,-16.696001,0.0,0.0,0.0,0.0,16.696001,1.9090872,0.0,13.958895,-0.62293243,-0.24826199,2.8921082,0.0,0.0,0.0,0.0,-0.62293243,16.073067,16.101725,23.190607,23.219265,13.958895,-0.028657688
3.1216166,11.159452,12.367644,0.0,8.055151,11.952553,0.0,3.112841,0.0,0.0,0.0,-16.35985,0.0,-16.35985,0.0,0.0,0.0,0.0,16.35985,12.367644,0.0,18.025154,21.67301,7.675315,14.843039,3.112841,0.43072316,0.6513254,21.67301,0.0,37.631653,37.631653,38.928207,38.928207,18.025154,0.0
1.0122879,4.9458346,6.2407074,0.0,2.7604532,5.2408495,0.0,0.0,0.0,0.0,0.0,-7.539367,0.0,-7.539367,0.0,0.0,0.0,0.0,7.539367,6.2407074,0.0,20.546213,21.00815,7.366814,12.99331,0.0,0.0,0.0,21.00815,0.0,28.547516,28.547516,33.970036,33.970036,20.546213,0.0
1.4541426,9.793242,12.32567,0.0,5.8101134,10.453341,0.0,0.0,0.0,0.0,0.0,-0.9253827,0.0,-0.9253827,0.0,0.0,0.0,0.0,0.9253827,12.32567,0.0,22.216969,37.555035,12.782984,22.216091,0.0,0.0,0.0,37.555035,0.0,38.480423,38.480423,41.935623,41.935623,22.216969,0.0
2.7636583,14.373456,8.114631,0.0,3.916151,15.268312,0.0,0.0,0.0,0.0,0.0,0.0,0.0,0.0,0.0,0.0,0.0,0.0,0.0,8.114631,0.0,20.144392,39.328857,13.314784,21.472523,0.0,0.0,0.0,39.328857,0.0,39.328857,39.328857,46.927414,46.927414,20.144392,0.0
3.7606988,5.1636224,15.166036,0.0,7.059907,5.526005,0.0,0.0,0.0,0.0,0.0,18.991701,18.991701,0.0,0.0,0.0,0.0,0.0,0.0,15.166036,18.991701,8.391847,39.96946,13.019653,19.901094,0.0,0.0,0.0,39.96946,0.0,20.97776,20.97776,26.763681,26.763681,8.391847,0.0
0.5812674,3.9199202,10.190634,0.0,4.9151726,4.0946884,0.0,0.0,0.0,0.0,0.0,18.991701,18.991701,0.0,0.0,0.0,0.0,0.0,0.0,10.190634,18.991701,6.908042,34.909607,11.032441,16.24177,0.0,0.0,0.0,34.909607,0.0,15.917903,15.917903,23.889881,23.889881,6.908042,0.0
0.0,0.0,8.356699,0.0,4.194854,0.0,0.0,0.0,0.0,0.0,0.0,18.991701,18.991701,0.0,0.0,0.0,0.0,0.0,0.0,8.356699,18.991701,6.421331,29.607883,8.424284,13.368245,0.0,0.0,0.0,29.607883,0.0,10.616183,10.616183,22.102175,22.102175,6.421331,0.0
0.64290136,0.5301346,22.645567,0.0,11.189898,0.5624306,0.0,0.0,0.0,0.0,0.0,18.991701,18.991701,0.0,0.0,0.0,0.0,0.0,0.0,22.645567,18.991701,6.4213715,37.1654,10.0921135,16.511433,0.0,0.0,0.0,37.1654,0.0,18.173702,18.173702,24.644459,24.644459,6.4213715,0.0
0.0,0.0,16.180595,0.0,7.725078,0.0,0.0,0.0,0.0,0.0,0.0,18.991701,18.991701,0.0,0.0,0.0,0.0,0.0,0.0,16.180595,18.991701,6.2107368,32.927513,8.174914,14.648965,0.0,0.0,0.0,32.927513,0.0,13.935815,13.935815,21.543293,21.543293,6.2107368,0.0
0.0,4.647252,8.833972,0.0,4.29763,5.0297995,0.0,0.0,0.0,0.0,0.0,18.991701,18.991701,0.0,0.0,0.0,0.0,0.0,0.0,8.833972,18.991701,6.2448306,34.563957,8.505292,15.546047,0.0,0.0,0.0,34.563957,0.0,15.572261,15.572261,25.485638,25.485638,6.2448306,0.0
0.0,1.9939232,15.53187,0.0,7.232384,2.1867816,0.0,0.0,0.0,0.0,0.0,18.991701,18.991701,0.0,0.0,0.0,0.0,0.0,0.0,15.53187,18.991701,6.49224,34.903107,8.77185,15.837754,0.0,0.0,0.0,34.903107,0.0,15.911407,15.911407,25.638475,25.638475,6.49224,0.0
0.0,6.235563,7.425067,0.0,3.5764532,6.6286936,0.0,0.0,0.0,0.0,0.0,18.991701,18.991701,0.0,0.0,0.0,0.0,0.0,0.0,7.425067,18.991701,8.268615,37.46547,10.238562,17.257666,0.0,0.0,0.0,37.46547,0.0,18.473763,18.473763,30.084557,30.084557,8.268615,0.0
0.6087064,16.979733,14.563004,0.0,7.421566,18.181042,0.0,0.0,0.0,0.0,0.0,18.991701,18.991701,0.0,0.0,0.0,0.0,0.0,0.0,14.563004,18.991701,9.119674,53.71398,16.553146,25.088234,0.0,0.0,0.0,53.71398,0.0,34.722282,34.722282,49.198875,49.198875,9.119674,0.0
0.381143,6.6961284,42.259388,0.0,20.491364,6.953184,0.0,0.0,0.0,0.0,0.0,18.991701,18.991701,0.0,0.0,0.0,0.0,0.0,0.0,42.259388,18.991701,11.768534,58.204777,18.7821,28.170431,0.0,0.0,0.0,58.204777,0.0,39.213078,39.213078,51.801273,51.801273,11.768534,0.0
1.4984245,5.4393406,20.208834,0.0,9.849756,5.868515,0.0,0.12489833,0.0,0.0,0.0,16.97049,16.97049,0.0,0.0,0.0,0.0,0.0,0.0,20.092289,16.97049,11.936455,44.00863,15.892929,21.731264,0.12489833,0.017282156,0.02613351,44.00863,0.0,27.038134,27.654726,41.808575,42.425163,11.936455,-0.6165934
1.0646755,8.884679,15.870518,0.0,7.591446,9.455093,0.0,0.0,0.0,0.0,0.0,-15.091593,0.0,-15.091593,0.0,0.0,0.0,0.0,15.091593,15.870518,0.0,11.2325,12.299818,4.208521,8.084408,0.0,0.0,0.0,12.299818,0.0,27.39141,28.279041,40.429913,41.31754,11.2325,-0.8876298
1.0834272,3.6118155,18.590664,0.0,10.858178,3.7980382,0.0,3.3935246,0.0,0.0,0.0,-16.570984,0.0,-16.570984,0.0,0.0,0.0,0.0,16.570984,18.590664,0.0,11.249398,7.086497,2.2693639,5.7462025,3.3935246,0.4695613,0.7100553,7.086497,0.0,23.238577,25.48671,34.283024,36.53116,11.249398,-2.248135
0.2303612,4.648092,7.2834897,0.0,3.8052392,4.9959116,0.0,0.0,0.0,0.0,0.0,-16.696001,0.0,-16.696001,0.0,0.0,0.0,0.0,16.696001,7.2834897,0.0,10.709238,0.52795887,0.16334626,2.8147976,0.0,0.0,0.0,0.52795887,0.0,17.223959,19.51039,30.222078,32.50851,10.709238,-2.2864304
0.29495656,3.430529,10.750473,0.0,5.0954027,3.6771972,0.0,0.0,0.0,0.0,0.0,-16.696001,0.0,-16.696001,0.0,0.0,0.0,0.0,16.696001,10.750473,0.0,10.760451,-0.5911598,-0.17822666,3.4201064,0.0,0.0,0.0,0.0,-0.5911598,16.104841,19.53305,23.271084,26.699291,10.760451,-3.428211
1.225437,4.0781555,2.6442943,0.0,1.0983162,4.384836,0.0,0.0,0.0,0.0,0.0,-16.696001,0.0,-16.696001,0.0,0.0,0.0,0.0,16.696001,2.6442943,0.0,12.132749,-3.1634443,-0.9558197,1.9414778,0.0,0.0,0.0,0.0,-3.1634443,13.532555,17.6159,21.504045,25.58739,12.132749,-4.0833454
3.5367231,6.5580797,9.911784,0.0,4.231836,6.986435,0.0,0.0,0.0,0.0,0.0,-16.696001,0.0,-16.696001,0.0,0.0,0.0,0.0,16.696001,9.911784,0.0,15.0560255,5.3589993,1.6475708,4.753865,0.0,0.0,0.0,5.3589993,0.0,22.055002,26.274296,25.698568,29.917862,15.0560255,-4.219295
4.853538,1.3943152,0.0,0.0,0.0,1.4651506,0.0,0.0,0.0,0.0,0.0,-16.696001,0.0,-16.696001,0.0,0.0,0.0,0.0,16.696001,0.0,0.0,19.883234,0.7929205,0.25170782,3.4360976,0.0,0.0,0.0,0.7929205,0.0,17.48892,21.348385,23.354696,27.21416,19.883234,-3.8594642
3.616544,6.171516,2.9205787,0.0,1.1517557,6.6829286,0.0,0.0,0.0,0.0,0.0,-16.696001,0.0,-16.696001,0.0,0.0,0.0,0.0,16.696001,2.9205787,0.0,12.906408,2.3232484,0.76692194,3.036759,0.0,0.0,0.0,2.3232484,0.0,19.019249,20.74109,24.014072,25.735916,12.906408,-1.7218435
1.4379057,2.4776495,3.1717925,0.0,1.4100277,2.643452,0.0,0.0,0.0,0.0,0.0,-16.696001,0.0,-16.696001,0.0,0.0,0.0,0.0,16.696001,3.1717925,0.0,14.617789,1.9361172,0.71662635,2.0150726,0.0,0.0,0.0,1.9361172,0.0,18.632118,18.671268,26.035116,26.07427,14.617789,-0.039152082
3.1401892,9.183522,9.072701,0.0,4.1591315,9.780335,0.0,0.0,0.0,0.0,0.0,-16.35796,0.0,-16.35796,0.0,0.0,0.0,0.0,16.35796,9.072701,0.0,20.358198,17.939705,5.9673376,10.565455,0.0,0.0,0.0,17.939705,0.0,34.29767,34.29767,38.893135,38.893135,20.358198,0.0
0.9770845,4.6657557,9.625987,0.0,4.369236,4.901724,0.0,0.0,0.0,0.0,0.0,-7.5371127,0.0,-7.5371127,0.0,0.0,0.0,0.0,7.5371127,9.625987,0.0,20.57544,22.309286,7.3024087,11.738267,0.0,0.0,0.0,22.309286,0.0,29.8464,29.8464,37.402832,37.402832,20.57544,0.0
2.0016494,19.69601,8.073375,0.0,4.0053825,21.229359,0.0,0.0,0.0,0.0,0.0,-0.9253827,0.0,-0.9253827,0.0,0.0,0.0,0.0,0.9253827,8.073375,0.0,17.588406,41.897766,13.187741,21.458244,0.0,0.0,0.0,41.897766,0.0,42.82315,42.82315,52.156677,52.156677,17.588406,0.0
1.458026,7.671248,12.591454,0.0,6.2855277,8.177639,0.0,0.0,0.0,0.0,0.0,0.0,0.0,0.0,0.0,0.0,0.0,0.0,0.0,12.591454,0.0,13.249494,27.712662,8.583542,13.7246275,0.0,0.0,0.0,27.712662,0.0,27.71266,27.71266,36.24925,36.24925,13.249494,0.0
1.4408247,7.552298,16.211754,0.0,7.9803257,7.9928737,0.0,0.0,0.0,0.0,0.0,18.991701,18.991701,0.0,0.0,0.0,0.0,0.0,0.0,16.211754,18.991701,9.316382,44.28129,13.505792,21.23934,0.0,0.0,0.0,44.28129,0.0,25.289581,25.289581,34.275257,34.275257,9.316382,0.0
0.9559314,9.5358715,14.224259,0.0,6.73704,10.116708,0.0,0.0,0.0,0.0,0.0,18.991701,18.991701,0.0,0.0,0.0,0.0,0.0,0.0,14.224259,18.991701,7.3120885,43.157536,12.899788,20.269875,0.0,0.0,0.0,43.157536,0.0,24.165838,24.165838,31.934835,31.934835,7.3120885,0.0
0.8930085,0.376811,10.829271,0.0,5.6280384,0.3983878,0.0,0.0,0.0,0.0,0.0,18.991701,18.991701,0.0,0.0,0.0,0.0,0.0,0.0,10.829271,18.991701,6.8984027,31.91653,9.533621,15.661399,0.0,0.0,0.0,31.91653,0.0,12.9248295,12.9248295,22.989029,22.989029,6.8984027,0.0
0.62928224,0.0,11.092817,0.0,5.102939,0.0,0.0,0.5483636,0.0,0.0,0.0,18.991701,18.991701,0.0,0.0,0.0,0.0,0.0,0.0,10.600851,18.991701,6.544771,30.639408,9.048223,12.789938,0.5483636,0.075876966,0.11473865,30.639408,0.0,11.64771,11.64771,24.905668,24.905668,6.544771,0.0
0.0,0.18266274,25.02308,0.0,14.741523,0.18811512,0.0,3.492762,0.0,0.0,0.0,18.991701,18.991701,0.0,0.0,0.0,0.0,0.0,0.0,25.02308,18.991701,6.474436,40.395775,11.922507,16.927416,3.492762,0.4832928,0.7308194,40.395775,0.0,20.978529,20.978529,25.5238,25.5238,6.474436,0.0
0.0,1.0085673,15.025714,0.0,7.4369974,1.0547131,0.0,0.34769797,0.0,0.0,0.0,18.991701,18.991701,0.0,0.0,0.0,0.0,0.0,0.0,14.701275,18.991701,6.437947,33.921356,9.48688,14.529578,0.34769797,0.0481109,0.072751716,33.921356,0.0,14.929657,14.929657,25.471916,25.471916,6.437947,0.0
0.0,3.5327191,19.106636,0.0,9.410301,3.834391,0.0,1.2680188,0.0,0.0,0.0,18.991701,18.991701,0.0,0.0,0.0,0.0,0.0,0.0,17.96903,18.991701,6.6830416,38.919434,11.205685,17.794338,1.2680188,0.17545551,0.26531807,38.919434,0.0,19.927732,19.927732,31.824709,31.824709,6.6830416,0.0
0.32335478,3.098376,16.186043,0.0,8.502587,3.292186,0.0,0.6704357,0.0,0.0,0.0,18.991701,18.991701,0.0,0.0,0.0,0.0,0.0,0.0,15.560455,18.991701,7.2277193,38.014194,11.385168,18.528612,0.6704357,0.09276806,0.14028081,38.014194,0.0,19.022491,19.022491,31.345322,31.345322,7.2277193,0.0
0.0,1.0086212,12.073293,0.0,5.7958364,1.0532176,0.0,0.0,0.0,0.0,0.0,18.991701,18.991701,0.0,0.0,0.0,0.0,0.0,0.0,12.073293,18.991701,8.225556,34.06631,10.702348,17.42163,0.0,0.0,0.0,34.06631,0.0,15.074612,15.074612,27.141266,27.141266,8.225556,0.0
0.47367662,8.499841,32.63206,0.0,15.491504,9.082013,0.0,0.044245463,0.0,0.0,0.0,18.991701,18.991701,0.0,0.0,0.0,0.0,0.0,0.0,32.590775,18.991701,9.40499,52.97021,19.49437,28.276728,0.044245463,0.0061222357,0.009257843,52.97021,0.0,33.978508,33.978508,43.26796,43.26796,9.40499,0.0
1.1398958,9.92061,17.739115,0.0,7.8142104,10.538717,0.0,0.0,0.0,0.0,0.0,16.96726,16.96726,0.0,0.0,0.0,0.0,0.0,0.0,17.739115,16.96726,12.314191,46.861683,21.010435,25.048004,0.0,0.0,0.0,46.861683,0.0,29.894423,30.66712,44.6882,45.4609,12.314191,-0.7726972
0.3286819,14.202731,26.496273,0.0,11.928923,15.104094,0.0,1.9102957e-07,0.0,0.0,0.0,-15.093121,0.0,-15.093121,0.0,0.0,0.0,0.0,15.093121,26.496273,0.0,12.404639,22.282751,8.891111,15.392687,1.9102957e-07,2.6432723e-08,3.9970693e-08,22.282751,0.0,37.375874,39.43766,44.389896,46.45168,12.404639,-2.0617864
2.159624,12.71973,7.528403,0.0,3.617015,13.532743,0.0,6.795421e-08,0.0,0.0,0.0,-16.570984,0.0,-16.570984,0.0,0.0,0.0,0.0,16.570984,7.528403,0.0,12.223704,9.453994,3.2149513,8.673391,6.795421e-08,9.40281e-09,1.4218621e-08,9.453994,0.0,26.024975,29.373465,37.807217,41.1557,12.223704,-3.3484864
1.3429157,5.2373624,15.168907,0.0,6.729623,5.464618,0.0,1.5878497e-07,0.0,0.0,0.0,-16.696001,0.0,-16.696001,0.0,0.0,0.0,0.0,16.696001,15.168907,0.0,13.864403,4.541529,1.4993745,5.487979,1.5878497e-07,2.1971044e-08,3.322389e-08,4.541529,0.0,21.23753,26.058643,24.446987,29.2681,13.864403,-4.8211136
5.741752,11.992548,0.0,0.0,0.0,12.655674,0.0,0.0,0.0,0.0,0.0,-16.696001,0.0,-16.696001,0.0,0.0,0.0,0.0,16.696001,0.0,0.0,16.107317,6.5097528,2.045039,7.2714195,0.0,0.0,0.0,6.5097528,0.0,23.205753,28.762993,28.156443,33.71368,16.107317,-5.55724
9.812588,8.459829,0.0,0.0,0.0,8.997447,0.0,0.0,0.0,0.0,0.0,-16.696001,0.0,-16.696001,0.0,0.0,0.0,0.0,16.696001,0.0,0.0,14.994894,1.8487698,0.58079094,5.4093432,0.0,0.0,0.0,1.8487698,0.0,18.54477,23.992342,20.959185,26.406755,14.994894,-5.4475718
8.779299,1.7070941,0.0,0.0,0.0,1.7978594,0.0,0.0,0.0,0.0,0.0,-16.696001,0.0,-16.696001,0.0,0.0,0.0,0.0,16.696001,0.0,0.0,11.551497,-8.308818,-2.6429567,1.0033786,0.0,0.0,0.0,0.0,-8.308818,8.387182,13.349357,12.3449135,17.307087,11.551497,-4.9621744
10.4822035,9.88329,2.3750587,0.0,0.91282016,10.55513,0.0,0.0,0.0,0.0,0.0,-16.696001,0.0,-16.696001,0.0,0.0,0.0,0.0,16.696001,2.3750587,0.0,12.716946,3.421183,1.1199256,4.19647,0.0,0.0,0.0,3.421183,0.0,20.117184,24.184898,21.193844,25.261559,12.716946,-4.067715
11.994525,5.630399,2.2983568,0.0,1.0772159,5.9695854,0.0,0.0,0.0,0.0,0.0,-16.696001,0.0,-16.696001,0.0,0.0,0.0,0.0,16.696001,2.2983568,0.0,15.182724,3.3759286,1.1635138,4.199383,0.0,0.0,0.0,3.3759286,0.0,20.071928,22.229527,22.310589,24.468187,15.182724,-2.1575963
5.050994,7.4910784,3.1870563,0.0,1.3182168,7.899858,0.0,0.0,0.0,0.0,0.0,-16.696001,0.0,-16.696001,0.0,0.0,0.0,0.0,16.696001,3.1870563,0.0,15.506509,7.95408,2.922353,6.2475514,0.0,0.0,0.0,7.95408,0.0,24.65008,24.724585,30.375381,30.449886,15.506509,-0.07450362
2.0306077,18.310747,8.44095,0.0,6.501426,19.269804,0.0,3.3083928,0.0,0.0,0.0,-16.356077,0.0,-16.356077,0.0,0.0,0.0,0.0,16.356077,8.44095,0.0,16.173845,25.588997,8.739017,16.500917,3.3083928,0.45778164,0.6922423,25.588997,0.0,41.531704,41.531704,45.68848,45.68848,16.173845,0.0
0.68527126,8.222513,0.0,0.0,0.0,8.840131,0.0,0.0,0.0,0.0,0.0,-7.53486,0.0,-7.53486,0.0,0.0,0.0,0.0,7.53486,0.0,0.0,15.523195,16.828466,5.594624,10.765014,0.0,0.0,0.0,16.828466,0.0,24.363327,24.363327,33.534412,33.534412,15.523195,0.0
3.5540042,12.105254,17.734556,0.0,8.506783,12.949722,0.0,0.0,0.0,0.0,0.0,-0.9253827,0.0,-0.9253827,0.0,0.0,0.0,0.0,0.9253827,17.734556,0.0,16.02625,36.557373,11.628555,22.725212,0.0,0.0,0.0,36.557373,0.0,37.482754,37.482754,38.29091,38.29091,16.02625,0.0
0.27583882,4.3666315,5.372733,0.0,2.4465885,4.676067,0.0,0.0,0.0,0.0,0.0,0.0,0.0,0.0,0.0,0.0,0.0,0.0,0.0,5.372733,0.0,14.511293,21.633951,6.6643386,13.407856,0.0,0.0,0.0,21.633951,0.0,21.633947,21.633947,30.89838,30.89838,14.511293,0.0
2.1231093,5.4263754,6.761737,0.0,3.3523679,5.72928,0.0,0.0,0.0,0.0,0.0,18.991701,18.991701,0.0,0.0,0.0,0.0,0.0,0.0,6.761737,18.991701,11.199637,39.272987,11.858479,24.018187,0.0,0.0,0.0,39.272987,0.0,20.281286,20.281286,29.56289,29.56289,11.199637,0.0
0.86107624,6.592926,14.033738,0.0,7.046502,6.9001575,0.0,0.0,0.0,0.0,0.0,18.991701,18.991701,0.0,0.0,0.0,0.0,0.0,0.0,14.033738,18.991701,7.8576465,40.796005,12.157594,24.20494,0.0,0.0,0.0,40.796005,0.0,21.804306,21.804306,30.051832,30.051832,7.8576465,0.0
0.756301,2.0991213,11.608438,0.0,5.7903576,2.2284288,0.0,0.0,0.0,0.0,0.0,18.991701,18.991701,0.0,0.0,0.0,0.0,0.0,0.0,11.608438,18.991701,12.404627,39.41511,11.074306,22.532297,0.0,0.0,0.0,39.41511,0.0,20.423412,20.423412,29.039377,29.039377,12.404627,0.0
0.0,0.76055956,22.881067,0.0,11.566169,0.80174136,0.0,0.0,0.0,0.0,0.0,18.991701,18.991701,0.0,0.0,0.0,0.0,0.0,0.0,22.881067,18.991701,12.248364,43.607983,11.720341,24.555275,0.0,0.0,0.0,43.607983,0.0,24.616276,24.616276,30.989862,30.989862,12.248364,0.0
0.0,1.1513053,15.516895,0.0,7.9557166,1.2450528,0.0,0.0,0.0,0.0,0.0,18.991701,18.991701,0.0,0.0,0.0,0.0,0.0,0.0,15.516895,18.991701,6.292288,34.484753,8.9822445,19.388727,0.0,0.0,0.0,34.484753,0.0,15.493057,15.493057,25.095016,25.095016,6.292288,0.0
0.0,0.0,15.124294,0.0,7.6788535,0.0,0.0,0.0,0.0,0.0,0.0,18.991701,18.991701,0.0,0.0,0.0,0.0,0.0,0.0,15.124294,18.991701,6.256269,32.92682,8.555561,18.636965,0.0,0.0,0.0,32.92682,0.0,13.9351225,13.9351225,22.109215,22.109215,6.256269,0.0
0.595075,0.0,12.028683,0.0,6.0261536,0.0,0.0,0.0,0.0,0.0,0.0,18.991701,18.991701,0.0,0.0,0.0,0.0,0.0,0.0,12.028683,18.991701,6.442127,31.459978,8.354047,17.720352,0.0,0.0,0.0,31.459978,0.0,12.468281,12.468281,23.24931,23.24931,6.442127,0.0
0.43822724,1.1349394,19.710308,0.0,10.035985,1.1914425,0.0,0.0,0.0,0.0,0.0,18.991701,18.991701,0.0,0.0,0.0,0.0,0.0,0.0,19.710308,18.991701,6.94063,37.15976,10.087017,20.904123,0.0,0.0,0.0,37.15976,0.0,18.168056,18.168056,26.944826,26.944826,6.94063,0.0
0.029013138,0.6743616,17.24346,0.0,8.5471525,0.73135525,0.0,0.18533371,0.0,0.0,0.0,18.991701,18.991701,0.0,0.0,0.0,0.0,0.0,0.0,17.070524,18.991701,11.459246,39.729454,11.652656,22.04068,0.18533371,0.02564459,0.03877891,39.729454,0.0,20.737753,20.737753,30.926792,30.926792,11.459246,0.0
0.0,8.029766,12.133354,0.0,5.948801,8.713291,0.0,0.0,0.0,0.0,0.0,18.991701,18.991701,0.0,0.0,0.0,0.0,0.0,0.0,12.133354,18.991701,11.339747,44.993538,13.79329,24.424765,0.0,0.0,0.0,44.993538,0.0,26.001837,26.001837,43.063904,43.063904,11.339747,0.0
0.87375826,13.577532,35.00044,0.0,16.24317,14.503069,0.0,0.030768298,0.0,0.0,0.0,16.96403,16.96403,0.0,0.0,0.0,0.0,0.0,0.0,34.97173,16.96403,13.205377,60.879154,18.768679,33.061672,0.030768298,0.0042574033,0.006437905,60.879154,0.0,43.915123,43.951614,55.118824,55.15531,13.205377,-0.036487356
1.5239823,11.530962,13.74659,0.0,6.880976,12.231789,0.0,5.543636e-08,0.0,0.0,0.0,-15.094646,0.0,-15.094646,0.0,0.0,0.0,0.0,15.094646,13.74659,0.0,14.880753,18.275835,5.6265264,11.852987,5.543636e-08,7.670718e-09,1.1599408e-08,18.275835,0.0,33.37048,33.99352,48.36484,48.98788,14.880753,-0.62303674
0.52745724,3.6521246,32.62452,0.0,17.408741,3.9007018,0.0,3.2031784,0.0,0.0,0.0,-16.570984,0.0,-16.570984,0.0,0.0,0.0,0.0,16.570984,32.62452,0.0,18.450354,19.811905,5.810836,12.050643,3.2031784,0.44322315,0.67022747,19.811905,0.0,35.97615,39.353058,42.427513,45.804417,18.450354,-3.3769052
0.14212358,11.335216,3.398281,0.0,1.7333624,12.1559515,0.0,0.0,0.0,0.0,0.0,-16.696001,0.0,-16.696001,0.0,0.0,0.0,0.0,16.696001,3.398281,0.0,16.315432,10.730861,2.964031,8.664506,0.0,0.0,0.0,10.730861,0.0,27.42686,30.20475,39.377678,42.155567,16.315432,-2.7778852
3.1783347,11.798166,22.034119,0.0,10.104048,12.561485,0.0,0.0,0.0,0.0,0.0,-16.696001,0.0,-16.696001,0.0,0.0,0.0,0.0,16.696001,22.034119,0.0,16.354223,19.875515,4.811072,11.514006,0.0,0.0,0.0,19.875515,0.0,36.571514,39.019756,38.07422,40.52246,16.354223,-2.44824
0.42160505,3.990995,1.6184981,0.0,0.7758412,4.1984816,0.0,0.0,0.0,0.0,0.0,-16.696001,0.0,-16.696001,0.0,0.0,0.0,0.0,16.696001,1.6184981,0.0,12.414,-2.7226706,-0.6357308,1.6269879,0.0,0.0,0.0,0.0,-2.7226706,13.973329,17.388323,23.320988,26.735977,12.414,-3.4149933
1.9255786,13.952171,3.6771805,0.0,1.785202,14.884652,0.0,0.0,0.0,0.0,0.0,-16.696001,0.0,-16.696001,0.0,0.0,0.0,0.0,16.696001,3.6771805,0.0,11.463711,9.2282295,2.345722,6.5520477,0.0,0.0,0.0,9.2282295,0.0,25.92423,28.133564,31.360916,33.57025,11.463711,-2.209337
1.099183,10.2733135,6.2512937,0.0,2.6041782,10.809442,0.0,0.0,0.0,0.0,0.0,-16.696001,0.0,-16.696001,0.0,0.0,0.0,0.0,16.696001,6.2512937,0.0,11.028098,6.0660906,1.7576497,5.1926255,0.0,0.0,0.0,6.0660906,0.0,22.76209,24.44172,30.370249,32.049877,11.028098,-1.679629
2.0577333,12.046569,9.95221,0.0,4.356429,12.803799,0.0,0.0,0.0,0.0,0.0,-16.696001,0.0,-16.696001,0.0,0.0,0.0,0.0,16.696001,9.95221,0.0,12.834891,12.599602,3.8070621,7.2941346,0.0,0.0,0.0,12.599602,0.0,29.295603,29.99512,32.549267,33.248787,12.834891,-0.6995171
1.3700874,4.1464024,4.295296,0.0,2.0213938,4.3501396,0.0,0.0,0.0,0.0,0.0,-16.696001,0.0,-16.696001,0.0,0.0,0.0,0.0,16.696001,4.295296,0.0,14.159808,3.8314178,1.1929357,3.1546934,0.0,0.0,0.0,3.8314178,0.0,20.527418,20.531342,29.067474,29.071398,14.159808,-0.0039236685
2.6003454,8.000886,12.558897,0.0,5.8017054,8.484745,0.0,0.0,0.0,0.0,0.0,-16.35419,0.0,-16.35419,0.0,0.0,0.0,0.0,16.35419,12.558897,0.0,17.43635,15.3686075,4.7380495,8.766038,0.0,0.0,0.0,15.3686075,0.0,31.722797,31.722797,36.453163,36.453163,17.43635,0.0
2.7908993,17.183767,12.229788,0.0,5.847675,18.308815,0.0,0.0,0.0,0.0,0.0,-7.5326066,0.0,-7.5326066,0.0,0.0,0.0,0.0,7.5326066,12.229788,0.0,18.222473,34.84636,10.946984,18.592937,0.0,0.0,0.0,34.84636,0.0,42.378963,42.378963,47.462635,47.462635,18.222473,0.0
0.43513235,5.352481,11.48687,0.0,5.1902857,5.5922236,0.0,0.0,0.0,0.0,0.0,-0.9253827,0.0,-0.9253827,0.0,0.0,0.0,0.0,0.9253827,11.48687,0.0,16.262445,26.119574,8.04932,14.045626,0.0,0.0,0.0,26.119574,0.0,27.044956,27.044956,35.093124,35.093124,16.262445,0.0
2.1275272,7.6260533,3.0379272,0.0,1.5226183,8.023926,0.0,0.0,0.0,0.0,0.0,0.0,0.0,0.0,0.0,0.0,0.0,0.0,0.0,3.0379272,0.0,12.612038,22.158583,6.7905364,11.897033,0.0,0.0,0.0,22.158583,0.0,22.158583,22.158583,32.847878,32.847878,12.612038,0.0
0.59541285,8.5923395,17.64594,0.0,8.169123,9.341104,0.0,0.0,0.0,0.0,0.0,18.991701,18.991701,0.0,0.0,0.0,0.0,0.0,0.0,17.64594,18.991701,12.938665,49.440594,14.6559515,26.372513,0.0,0.0,0.0,49.440594,0.0,30.448889,30.448889,36.208794,36.208794,12.938665,0.0
0.937081,2.7741227,9.631262,0.0,4.4290314,2.9689224,0.0,0.0,0.0,0.0,0.0,18.991701,18.991701,0.0,0.0,0.0,0.0,0.0,0.0,9.631262,18.991701,14.129883,40.519535,11.88439,22.011738,0.0,0.0,0.0,40.519535,0.0,21.527836,21.527836,31.227383,31.227383,14.129883,0.0
0.0,1.1038594,17.51702,0.0,8.873843,1.1739507,0.0,0.0,0.0,0.0,0.0,18.991701,18.991701,0.0,0.0,0.0,0.0,0.0,0.0,17.51702,18.991701,6.650197,35.689693,9.931798,19.23126,0.0,0.0,0.0,35.689693,0.0,16.69799,16.69799,24.120438,24.120438,6.650197,0.0
0.0,0.0,11.028636,0.0,5.543374,0.0,0.0,0.0,0.0,0.0,0.0,18.991701,18.991701,0.0,0.0,0.0,0.0,0.0,0.0,11.028636,18.991701,6.4012213,30.936293,8.258012,17.608116,0.0,0.0,0.0,30.936293,0.0,11.944596,11.944596,22.109701,22.109701,6.4012213,0.0
0.0,0.3708289,21.7368,0.0,13.5644455,0.39713305,0.0,3.9177148,0.0,0.0,0.0,18.991701,18.991701,0.0,0.0,0.0,0.0,0.0,0.0,21.7368,18.991701,6.251464,39.204742,10.023211,22.709208,3.9177148,0.5420934,0.8197358,39.204742,0.0,19.756529,19.756529,30.088717,30.088717,6.251464,0.0
0.0,4.974539,13.813087,0.0,6.955849,5.358548,0.0,0.0,0.0,0.0,0.0,18.991701,18.991701,0.0,0.0,0.0,0.0,0.0,0.0,13.813087,18.991701,6.232981,37.539078,9.274031,21.755983,0.0,0.0,0.0,37.539078,0.0,18.54738,18.54738,30.965641,30.965641,6.232981,0.0
0.47763833,1.6333665,21.279226,0.0,10.951218,1.7731173,0.0,0.0,0.0,0.0,0.0,18.991701,18.991701,0.0,0.0,0.0,0.0,0.0,0.0,21.279226,18.991701,6.6649094,38.380947,9.510107,22.666737,0.0,0.0,0.0,38.380947,0.0,19.389244,19.389244,29.22989,29.22989,6.6649094,0.0
0.0,0.19522746,8.158762,0.0,4.0867176,0.21008813,0.0,0.0,0.0,0.0,0.0,18.991701,18.991701,0.0,0.0,0.0,0.0,0.0,0.0,8.158762,18.991701,8.203536,31.492043,7.780109,18.818796,0.0,0.0,0.0,31.492043,0.0,12.500342,12.500342,27.862461,27.862461,8.203536,0.0
0.0,11.170619,23.009733,0.0,11.306619,11.930145,0.0,0.0,0.0,0.0,0.0,18.991701,18.991701,0.0,0.0,0.0,0.0,0.0,0.0,23.009733,18.991701,13.087768,55.316227,14.796938,32.885517,0.0,0.0,0.0,55.316227,0.0,36.32453,36.32453,48.991203,48.991203,13.087768,0.0
0.6059225,9.469271,23.40926,0.0,11.218982,10.246456,0.0,0.0,0.0,0.0,0.0,18.991701,18.991701,0.0,0.0,0.0,0.0,0.0,0.0,23.40926,18.991701,11.580102,52.037235,14.0239315,30.9311,0.0,0.0,0.0,52.037235,0.0,33.04554,33.04554,49.61118,49.61118,11.580102,0.0
0.0,3.5729597,27.504318,0.0,12.996788,3.725727,0.0,0.044245463,0.0,0.0,0.0,16.960802,16.960802,0.0,0.0,0.0,0.0,0.0,0.0,27.463032,16.960802,13.943602,47.399162,12.773976,28.630983,0.044245463,0.0061222357,0.009257843,47.399162,0.0,30.43835,30.666117,43.006657,43.234425,13.943602,-0.22776625
0.35004658,8.008889,20.342648,0.0,9.765994,8.637944,0.0,0.0,0.0,0.0,0.0,-15.096172,0.0,-15.096172,0.0,0.0,0.0,0.0,15.096172,20.342648,0.0,21.913488,23.69933,6.40427,16.479889,0.0,0.0,0.0,23.69933,0.0,38.7955,40.317425,50.24104,51.762962,21.913488,-1.5219228
0.32129487,12.595346,23.45458,0.0,10.41966,13.5703335,0.0,0.0,0.0,0.0,0.0,-16.570984,0.0,-16.570984,0.0,0.0,0.0,0.0,16.570984,23.45458,0.0,19.885359,24.78641,6.679887,17.762531,0.0,0.0,0.0,24.78641,0.0,41.35739,43.87535,50.02724,52.5452,19.885359,-2.517959
0.41152358,5.3142214,10.773027,0.0,4.815536,5.765168,0.0,0.0,0.0,0.0,0.0,-16.696001,0.0,-16.696001,0.0,0.0,0.0,0.0,16.696001,10.773027,0.0,13.53002,3.0593927,0.7981117,4.790911,0.0,0.0,0.0,3.0593927,0.0,19.755394,24.110725,27.329327,31.684662,13.53002,-4.355332
0.55797464,3.7899995,6.704777,0.0,3.1074972,4.0956144,0.0,0.0,0.0,0.0,0.0,-16.696001,0.0,-16.696001,0.0,0.0,0.0,0.0,16.696001,6.704777,0.0,12.119603,-0.8804645,-0.22927813,3.5702436,0.0,0.0,0.0,0.0,-0.8804645,15.815535,19.322714,20.80845,24.315628,12.119603,-3.507179
0.81781894,5.7762585,0.0,0.0,0.0,6.145609,0.0,0.0,0.0,0.0,0.0,-16.696001,0.0,-16.696001,0.0,0.0,0.0,0.0,16.696001,0.0,0.0,11.238385,-2.4718938,-0.55856293,2.7953267,0.0,0.0,0.0,0.0,-2.4718938,14.224106,17.383993,19.802303,22.96219,11.238385,-3.1598864
1.7020092,3.8781793,2.6465218,0.0,1.043679,4.144874,0.0,0.0,0.0,0.0,0.0,-16.696001,0.0,-16.696001,0.0,0.0,0.0,0.0,16.696001,2.6465218,0.0,12.480325,-0.8004814,-0.18214665,2.8344233,0.0,0.0,0.0,0.0,-0.8004814,15.895517,17.668877,19.798473,21.571833,12.480325,-1.7733579
4.362029,6.215872,0.0,0.0,0.0,6.5917034,0.0,0.0,0.0,0.0,0.0,-16.696001,0.0,-16.696001,0.0,0.0,0.0,0.0,16.696001,0.0,0.0,15.262847,2.149794,0.5746192,3.8835866,0.0,0.0,0.0,2.149794,0.0,18.845793,21.854553,22.667425,25.676184,15.262847,-3.0087574
3.7717595,4.193445,0.0,0.0,0.0,4.5173044,0.0,0.0,0.0,0.0,0.0,-16.696001,0.0,-16.696001,0.0,0.0,0.0,0.0,16.696001,0.0,0.0,14.531323,0.88467026,0.25429326,2.4321313,0.0,0.0,0.0,0.88467026,0.0,17.580671,19.048628,21.239643,22.707602,14.531323,-1.467957
1.9730085,7.9327383,2.3176973,0.0,1.1068324,8.476095,0.0,0.0,0.0,0.0,0.0,-16.696001,0.0,-16.696001,0.0,0.0,0.0,0.0,16.696001,2.3176973,0.0,14.137232,6.959932,2.041349,5.0022225,0.0,0.0,0.0,6.959932,0.0,23.655931,23.720158,28.613832,28.67806,14.137232,-0.06422771
1.3794378,2.8160615,1.2488837,0.0,2.9789908,3.047917,0.0,3.0010922,0.0,0.0,0.0,-16.352306,0.0,-16.352306,0.0,0.0,0.0,0.0,16.352306,1.2488837,0.0,19.255238,8.92984,2.6349206,6.4040627,3.0010922,0.41526052,0.62794334,8.92984,0.0,24.887577,24.887577,31.770937,31.770937,19.255238,0.0
2.0684717,8.536326,7.9734063,0.0,3.5041556,9.175774,0.0,0.0,0.0,0.0,0.0,-7.530357,0.0,-7.530357,0.0,0.0,0.0,0.0,7.530357,7.9734063,0.0,19.889114,25.03869,7.392728,14.181239,0.0,0.0,0.0,25.03869,0.0,32.569046,32.569046,36.04733,36.04733,19.889114,0.0
2.436839,6.356203,13.322498,0.0,6.175885,6.798629,0.0,0.0,0.0,0.0,0.0,-0.9253827,0.0,-0.9253827,0.0,0.0,0.0,0.0,0.9253827,13.322498,0.0,22.82715,34.87628,10.229221,19.035772,0.0,0.0,0.0,34.87628,0.0,35.801662,35.801662,38.06131,38.06131,22.82715,0.0
3.815169,16.400421,2.3056023,0.0,1.1067353,17.417225,0.0,0.0,0.0,0.0,0.0,0.0,0.0,0.0,0.0,0.0,0.0,0.0,0.0,2.3056023,0.0,13.942579,32.46654,9.372324,17.453243,0.0,0.0,0.0,32.46654,0.0,32.46654,32.46654,38.69152,38.69152,13.942579,0.0
1.5166185,3.3730283,12.997894,0.0,5.8003335,3.59291,0.0,0.0,0.0,0.0,0.0,18.991701,18.991701,0.0,0.0,0.0,0.0,0.0,0.0,12.997894,18.991701,16.552261,44.93721,12.110487,23.631296,0.0,0.0,0.0,44.93721,0.0,25.945503,25.945503,28.234745,28.234745,16.552261,0.0
0.8874798,2.029069,5.6846333,0.0,2.5842552,2.1674523,0.0,0.0,0.0,0.0,0.0,18.991701,18.991701,0.0,0.0,0.0,0.0,0.0,0.0,5.6846333,18.991701,6.8452125,30.58862,6.997146,15.655722,0.0,0.0,0.0,30.58862,0.0,11.59692,11.59692,18.842865,18.842865,6.8452125,0.0
1.8268633,0.36999735,8.472492,0.0,3.8227148,0.39137056,0.0,0.0,0.0,0.0,0.0,18.991701,18.991701,0.0,0.0,0.0,0.0,0.0,0.0,8.472492,18.991701,6.3238225,29.52961,4.642785,15.511277,0.0,0.0,0.0,29.52961,0.0,10.537908,10.537908,16.85105,16.85105,6.3238225,0.0
1.3589096,0.0,19.801971,0.0,8.835098,0.0,0.0,0.0,0.0,0.0,0.0,18.991701,18.991701,0.0,0.0,0.0,0.0,0.0,0.0,19.801971,18.991701,6.29974,34.126537,5.369474,17.253523,0.0,0.0,0.0,34.126537,0.0,15.134839,15.134839,16.97324,16.97324,6.29974,0.0
0.6763399,0.0,7.425557,0.0,3.1393993,0.0,0.0,0.0,0.0,0.0,0.0,18.991701,18.991701,0.0,0.0,0.0,0.0,0.0,0.0,7.425557,18.991701,6.1639867,28.295088,4.148786,14.7088175,0.0,0.0,0.0,28.295088,0.0,9.303387,9.303387,16.795906,16.795906,6.1639867,0.0
0.0,0.2583179,10.784877,0.0,4.9417467,0.2740547,0.0,0.0,0.0,0.0,0.0,18.991701,18.991701,0.0,0.0,0.0,0.0,0.0,0.0,10.784877,18.991701,6.26475,30.47225,4.558626,16.628555,0.0,0.0,0.0,30.47225,0.0,11.480552,11.480552,17.047953,17.047953,6.26475,0.0
0.082946755,5.475099,14.028984,0.0,6.246958,5.952369,0.0,0.0,0.0,0.0,0.0,18.991701,18.991701,0.0,0.0,0.0,0.0,0.0,0.0,14.028984,18.991701,6.6202545,37.811283,6.0526857,21.374065,0.0,0.0,0.0,37.811283,0.0,18.819584,18.819584,22.609491,22.609491,6.6202545,0.0
0.6239782,17.075537,2.1951118,0.0,1.0645113,18.009453,0.0,0.0,0.0,0.0,0.0,18.991701,18.991701,0.0,0.0,0.0,0.0,0.0,0.0,2.1951118,18.991701,8.827999,46.89366,9.28289,26.751022,0.0,0.0,0.0,46.89366,0.0,27.901962,27.901962,37.070404,37.070404,8.827999,0.0
2.2635934,11.270012,4.444593,0.0,1.9056003,11.948968,0.0,0.0,0.0,0.0,0.0,18.991701,18.991701,0.0,0.0,0.0,0.0,0.0,0.0,4.444593,18.991701,11.001099,43.84736,12.528941,25.544462,0.0,0.0,0.0,43.84736,0.0,24.855669,24.855669,38.080807,38.080807,11.001099,0.0
0.0,10.328283,26.25329,0.0,11.697588,11.011083,0.0,0.0,0.0,0.0,0.0,18.991701,18.991701,0.0,0.0,0.0,0.0,0.0,0.0,26.25329,18.991701,19.646938,61.3473,19.07661,36.03795,0.0,0.0,0.0,61.3473,0.0,42.355606,42.355606,49.428204,49.428204,19.646938,0.0
3.2583027,10.849123,17.030674,0.0,7.0328507,11.688104,0.0,0.0,0.0,0.0,0.0,16.957575,16.957575,0.0,0.0,0.0,0.0,0.0,0.0,17.030674,16.957575,13.881252,49.408047,15.537132,29.370888,0.0,0.0,0.0,49.408047,0.0,32.450474,32.602207,43.521984,43.67372,13.881252,-0.15173376
0.24668592,2.306867,10.533524,0.0,4.627618,2.4397902,0.0,0.0,0.0,0.0,0.0,-15.097699,0.0,-15.097699,0.0,0.0,0.0,0.0,15.097699,10.533524,0.0,11.59214,3.1261883,1.0642977,4.699996,0.0,0.0,0.0,3.1261883,0.0,18.223886,18.659552,31.429909,31.865572,11.59214,-0.43566182
1.0489695,4.2217846,15.520551,0.0,9.022337,4.5120573,0.0,2.4256542,0.0,0.0,0.0,-16.570984,0.0,-16.570984,0.0,0.0,0.0,0.0,16.570984,15.520551,0.0,13.510328,9.228774,2.9708183,7.8422856,2.4256542,0.33563727,0.5075397,9.228774,0.0,25.436165,26.68113,32.51165,33.756615,13.510328,-1.244964
2.248279,2.9548354,6.350605,0.0,2.6712143,3.1789536,0.0,0.0,0.0,0.0,0.0,-16.696001,0.0,-16.696001,0.0,0.0,0.0,0.0,16.696001,6.350605,0.0,11.296362,-1.3231237,-0.41825938,2.3095555,0.0,0.0,0.0,0.0,-1.3231237,15.372877,17.14653,21.85994,23.633596,11.296362,-1.773654
0.26729286,7.348646,1.2155812,0.0,0.50711334,7.762451,0.0,0.0,0.0,0.0,0.0,-16.696001,0.0,-16.696001,0.0,0.0,0.0,0.0,16.696001,1.2155812,0.0,10.716445,0.94246244,0.27957228,3.7591915,0.0,0.0,0.0,0.94246244,0.0,17.638462,18.98601,26.205795,27.553339,10.716445,-1.3475478
0.3294088,7.2431087,6.6457148,0.0,2.6252837,7.6828594,0.0,0.0,0.0,0.0,0.0,-16.696001,0.0,-16.696001,0.0,0.0,0.0,0.0,16.696001,6.6457148,0.0,10.708534,3.2903104,0.99575746,4.078319,0.0,0.0,0.0,3.2903104,0.0,19.986311,21.016678,26.362375,27.392742,10.708534,-1.0303665
1.2928373,3.283237,3.070281,0.0,1.3391832,3.501772,0.0,0.0,0.0,0.0,0.0,-16.696001,0.0,-16.696001,0.0,0.0,0.0,0.0,16.696001,3.070281,0.0,12.457602,-0.73820424,-0.22749698,2.5108593,0.0,0.0,0.0,0.0,-0.73820424,15.957797,17.298555,22.068604,23.409363,12.457602,-1.3407598
0.7670518,1.7300389,1.6888021,0.0,0.65823877,1.8534997,0.0,0.0,0.0,0.0,0.0,-16.696001,0.0,-16.696001,0.0,0.0,0.0,0.0,16.696001,1.6888021,0.0,18.665594,3.5435705,1.1256709,4.7731743,0.0,0.0,0.0,3.5435705,0.0,20.23957,21.177334,28.946493,29.884253,18.665594,-0.9377609
0.7680054,3.0872164,16.540785,0.0,7.1361156,3.2868783,0.0,0.0,0.0,0.0,0.0,-16.696001,0.0,-16.696001,0.0,0.0,0.0,0.0,16.696001,16.540785,0.0,11.960625,5.493053,1.8273817,4.4870367,0.0,0.0,0.0,5.493053,0.0,22.189053,22.38362,26.189146,26.38371,11.960625,-0.19456622
1.2893832,6.3186464,7.3979864,0.0,3.4509835,6.686472,0.0,0.0,0.0,0.0,0.0,-16.696001,0.0,-16.696001,0.0,0.0,0.0,0.0,16.696001,7.3979864,0.0,13.359211,6.800525,2.2771683,5.6668224,0.0,0.0,0.0,6.800525,0.0,23.496527,23.496666,31.428581,31.428724,13.359211,-0.0001412073
1.2692544,9.8238125,8.389074,0.0,3.6326241,10.220737,0.0,0.0,0.0,0.0,0.0,-16.350418,0.0,-16.350418,0.0,0.0,0.0,0.0,16.350418,8.389074,0.0,17.939386,15.44233,5.0157304,10.259419,0.0,0.0,0.0,15.44233,0.0,31.792747,31.792747,39.544674,39.544674,17.939386,0.0
1.675432,7.592638,21.964584,0.0,9.311556,8.19894,0.0,0.0,0.0,0.0,0.0,-7.5281057,0.0,-7.5281057,0.0,0.0,0.0,0.0,7.5281057,21.964584,0.0,17.542633,27.525024,8.739868,15.508625,0.0,0.0,0.0,27.525024,0.0,35.05313,35.05313,40.09187,40.09187,17.542633,0.0
0.67326957,17.561129,3.1718292,0.0,1.4180593,19.01672,0.0,0.0,0.0,0.0,0.0,-0.9253827,0.0,-0.9253827,0.0,0.0,0.0,0.0,0.9253827,3.1718292,0.0,14.573791,34.083187,10.715172,19.92961,0.0,0.0,0.0,34.083187,0.0,35.00857,35.00857,45.437347,45.437347,14.573791,0.0
1.4831994,7.6987305,11.668916,0.0,5.523841,8.13682,0.0,0.0,0.0,0.0,0.0,0.0,0.0,0.0,0.0,0.0,0.0,0.0,0.0,11.668916,0.0,11.191644,24.852303,7.758677,14.71198,0.0,0.0,0.0,24.852303,0.0,24.852304,24.852304,32.685654,32.685654,11.191644,0.0
1.6599532,5.882042,7.1084123,0.0,3.10081,6.239205,0.0,0.0,0.0,0.0,0.0,18.991701,18.991701,0.0,0.0,0.0,0.0,0.0,0.0,7.1084123,18.991701,8.817844,37.14956,10.564648,22.148222,0.0,0.0,0.0,37.14956,0.0,18.15786,18.15786,27.809845,27.809845,8.817844,0.0
2.718449,2.937007,14.655069,0.0,6.740104,3.1089437,0.0,0.0,0.0,0.0,0.0,18.991701,18.991701,0.0,0.0,0.0,0.0,0.0,0.0,14.655069,18.991701,7.0669804,35.907726,8.732063,21.443192,0.0,0.0,0.0,35.907726,0.0,16.916029,16.916029,24.49551,24.49551,7.0669804,0.0
0.8514044,0.57290477,13.764723,0.0,6.2983465,0.6013414,0.0,0.0,0.0,0.0,0.0,18.991701,18.991701,0.0,0.0,0.0,0.0,0.0,0.0,13.764723,18.991701,6.391062,32.28245,8.070993,18.503048,0.0,0.0,0.0,32.28245,0.0,13.29075,13.29075,21.694227,21.694227,6.391062,0.0
0.0,0.0,27.012161,0.0,13.250762,0.0,0.0,0.0,0.0,0.0,0.0,18.991701,18.991701,0.0,0.0,0.0,0.0,0.0,0.0,27.012161,18.991701,6.3338194,38.576283,8.916327,22.848227,0.0,0.0,0.0,38.576283,0.0,19.584581,19.584581,25.146854,25.146854,6.3338194,0.0
0.0,0.1952105,13.002301,0.0,8.850237,0.20201981,0.0,3.5154738,0.0,0.0,0.0,18.991701,18.991701,0.0,0.0,0.0,0.0,0.0,0.0,13.002301,18.991701,6.1877165,34.231667,8.104804,20.163387,3.5154738,0.4864354,0.7355716,34.231667,0.0,14.812883,14.812883,27.083506,27.083506,6.1877165,0.0
0.041308474,2.240699,13.4534,0.0,6.7494144,2.3265405,0.0,0.0,0.0,0.0,0.0,18.991701,18.991701,0.0,0.0,0.0,0.0,0.0,0.0,13.4534,18.991701,6.2358923,34.303543,7.6455407,20.16712,0.0,0.0,0.0,34.303543,0.0,15.311848,15.311848,24.38242,24.38242,6.2358923,0.0
0.0,4.9216747,18.67914,0.0,8.821422,5.2280874,0.0,0.0,0.0,0.0,0.0,18.991701,18.991701,0.0,0.0,0.0,0.0,0.0,0.0,18.67914,18.991701,6.449889,39.491096,8.809826,23.202559,0.0,0.0,0.0,39.491096,0.0,20.499397,20.499397,30.29139,30.29139,6.449889,0.0
0.0,27.223152,23.712097,0.0,11.527916,28.849342,0.0,0.0,0.0,0.0,0.0,18.991701,18.991701,0.0,0.0,0.0,0.0,0.0,0.0,23.712097,18.991701,13.934474,73.30343,18.80279,43.322296,0.0,0.0,0.0,73.30343,0.0,54.31173,54.31173,62.175953,62.175953,13.934474,0.0
0.74467075,12.437885,6.0608883,0.0,2.8605506,13.425948,0.0,0.0,0.0,0.0,0.0,18.991701,18.991701,0.0,0.0,0.0,0.0,0.0,0.0,6.0608883,18.991701,8.700372,43.978573,12.788464,26.091642,0.0,0.0,0.0,43.978573,0.0,24.98687,24.98687,42.363976,42.363976,8.700372,0.0
0.55368185,3.6994407,29.04928,0.0,13.261888,3.9413557,0.0,0.0,0.0,0.0,0.0,18.991701,18.991701,0.0,0.0,0.0,0.0,0.0,0.0,29.04928,18.991701,15.492534,51.687473,16.821966,30.431353,0.0,0.0,0.0,51.687473,0.0,32.695774,32.695774,43.72522,43.72522,15.492534,0.0
1.6819735,4.419431,12.9628105,0.0,5.801419,4.63634,0.0,0.0,0.0,0.0,0.0,16.954344,16.954344,0.0,0.0,0.0,0.0,0.0,0.0,12.9628105,16.954344,13.34777,40.145966,15.250264,23.741144,0.0,0.0,0.0,40.145966,0.0,23.191622,23.785528,38.00071,38.594616,13.34777,-0.593905
0.9827783,3.8225012,23.21774,0.0,9.964965,4.0688405,0.0,0.0,0.0,0.0,0.0,-15.099223,0.0,-15.099223,0.0,0.0,0.0,0.0,15.099223,23.21774,0.0,10.855112,8.501355,3.0579052,7.468626,0.0,0.0,0.0,8.501355,0.0,23.600578,24.88892,29.029907,30.318247,10.855112,-1.2883407
0.0,4.1386356,3.1543841,0.0,1.283264,4.317325,0.0,0.0,0.0,0.0,0.0,-16.570984,0.0,-16.570984,0.0,0.0,0.0,0.0,16.570984,3.1543841,0.0,11.380572,-1.42594,-0.49100715,2.995353,0.0,0.0,0.0,0.0,-1.42594,15.145044,16.981161,27.997568,29.833685,11.380572,-1.8361185
0.21547027,5.655072,16.696486,0.0,7.481678,6.110192,0.0,0.0,0.0,0.0,0.0,-16.696001,0.0,-16.696001,0.0,0.0,0.0,0.0,16.696001,16.696486,0.0,12.270338,7.089225,2.3009474,7.3807197,0.0,0.0,0.0,7.089225,0.0,23.785225,25.862204,28.499704,30.576681,12.270338,-2.076982
0.75637734,5.8025303,3.8236487,0.0,1.7764311,6.131098,0.0,0.0,0.0,0.0,0.0,-16.696001,0.0,-16.696001,0.0,0.0,0.0,0.0,16.696001,3.8236487,0.0,14.283367,3.015024,0.922264,5.7831078,0.0,0.0,0.0,3.015024,0.0,19.711023,22.190895,26.678278,29.158148,14.283367,-2.4798717
1.2651142,6.4863157,4.2442393,0.0,1.9470273,6.9699116,0.0,0.0,0.0,0.0,0.0,-16.696001,0.0,-16.696001,0.0,0.0,0.0,0.0,16.696001,4.2442393,0.0,15.555145,4.5576277,1.3466567,6.6603885,0.0,0.0,0.0,4.5576277,0.0,21.253628,24.472082,28.05127,31.269724,15.555145,-3.2184558
1.5681005,4.004419,4.189243,0.0,1.6283375,4.2182274,0.0,0.0,0.0,0.0,0.0,-16.696001,0.0,-16.696001,0.0,0.0,0.0,0.0,16.696001,4.189243,0.0,10.782086,-2.9637616,-0.89264077,2.1235187,0.0,0.0,0.0,0.0,-2.9637616,13.73224,16.628649,21.32093,24.21734,10.782086,-2.8964112
2.6526067,3.5003839,9.600633,0.0,4.0422277,3.7261043,0.0,0.0,0.0,0.0,0.0,-16.696001,0.0,-16.696001,0.0,0.0,0.0,0.0,16.696001,9.600633,0.0,16.863539,5.4050336,1.6363183,6.2347527,0.0,0.0,0.0,5.4050336,0.0,22.101032,24.63187,25.107513,27.638353,16.863539,-2.5308378
1.4614489,2.8773475,2.1165135,0.0,1.0107557,3.0573807,0.0,0.0,0.0,0.0,0.0,-16.696001,0.0,-16.696001,0.0,0.0,0.0,0.0,16.696001,2.1165135,0.0,13.822896,-0.06113839,-0.019104786,3.2269082,0.0,0.0,0.0,0.0,-0.06113839,16.634863,17.891031,22.227852,23.484024,13.822896,-1.2561705
0.9178283,5.5773916,1.2111274,0.0,0.5453552,5.904334,0.0,0.0,0.0,0.0,0.0,-16.696001,0.0,-16.696001,0.0,0.0,0.0,0.0,16.696001,1.2111274,0.0,14.487275,4.1989703,1.3412061,4.652898,0.0,0.0,0.0,4.1989703,0.0,20.89497,20.936964,29.803766,29.845758,14.487275,-0.041994233
1.6382569,8.013235,7.7536936,0.0,6.0968237,8.394989,0.0,3.2031784,0.0,0.0,0.0,-16.348532,0.0,-16.348532,0.0,0.0,0.0,0.0,16.348532,7.7536936,0.0,20.438095,18.581375,6.2581954,12.288499,3.2031784,0.44322315,0.67022747,18.581375,0.0,34.523174,34.523174,41.509384,41.509384,20.438095,0.0
1.2202345,9.347496,7.644622,0.0,3.2041535,9.974504,0.0,0.0,0.0,0.0,0.0,-7.5258603,0.0,-7.5258603,0.0,0.0,0.0,0.0,7.5258603,7.644622,0.0,18.56845,24.221252,7.747708,14.670228,0.0,0.0,0.0,24.221252,0.0,31.74711,31.74711,42.59461,42.59461,18.56845,0.0
0.62563825,6.612157,20.657877,0.0,9.638323,7.006409,0.0,0.0,0.0,0.0,0.0,-0.9253827,0.0,-0.9253827,0.0,0.0,0.0,0.0,0.9253827,20.657877,0.0,19.518742,35.23809,10.620306,20.571579,0.0,0.0,0.0,35.23809,0.0,36.163475,36.163475,38.88397,38.88397,19.518742,0.0
3.0691347,7.831319,6.8383822,0.0,2.972525,8.295645,0.0,0.0,0.0,0.0,0.0,0.0,0.0,0.0,0.0,0.0,0.0,0.0,0.0,6.8383822,0.0,15.416201,26.684372,7.6806345,15.1766,0.0,0.0,0.0,26.684372,0.0,26.684372,26.684372,31.964336,31.964336,15.416201,0.0
1.3774523,7.5219126,8.037246,0.0,3.9238353,7.998784,0.0,0.0,0.0,0.0,0.0,18.991701,18.991701,0.0,0.0,0.0,0.0,0.0,0.0,8.037246,18.991701,8.793163,39.70748,11.116748,21.546673,0.0,0.0,0.0,39.70748,0.0,20.715782,20.715782,28.546648,28.546648,8.793163,0.0
1.8835638,1.1093528,13.702522,0.0,6.6044927,1.1602532,0.0,0.0,0.0,0.0,0.0,18.991701,18.991701,0.0,0.0,0.0,0.0,0.0,0.0,13.702522,18.991701,7.373166,34.129616,9.127077,17.952576,0.0,0.0,0.0,34.129616,0.0,15.137913,15.137913,23.19742,23.19742,7.373166,0.0
0.33168757,3.2219377,16.306211,0.0,7.352261,3.4555962,0.0,0.0,0.0,0.0,0.0,18.991701,18.991701,0.0,0.0,0.0,0.0,0.0,0.0,16.306211,18.991701,6.4284406,36.228,8.729981,19.94404,0.0,0.0,0.0,36.228,0.0,17.236298,17.236298,26.459137,26.459137,6.4284406,0.0
0.0,0.15222445,16.682388,0.0,8.286155,0.16206259,0.0,0.0,0.0,0.0,0.0,18.991701,18.991701,0.0,0.0,0.0,0.0,0.0,0.0,16.682388,18.991701,6.3090296,33.748947,7.286438,17.509546,0.0,0.0,0.0,33.748947,0.0,14.757247,14.757247,25.051697,25.051697,6.3090296,0.0
0.0,0.10861294,8.407585,0.0,3.9705572,0.115632504,0.0,0.0,0.0,0.0,0.0,18.991701,18.991701,0.0,0.0,0.0,0.0,0.0,0.0,8.407585,18.991701,6.1730304,29.250921,5.923503,15.232969,0.0,0.0,0.0,29.250921,0.0,10.259221,10.259221,21.463907,21.463907,6.1730304,0.0
0.0,0.574406,24.504066,0.0,11.428343,0.59444237,0.0,0.0,0.0,0.0,0.0,18.991701,18.991701,0.0,0.0,0.0,0.0,0.0,0.0,24.504066,18.991701,6.185254,37.199734,7.477325,19.41727,0.0,0.0,0.0,37.199734,0.0,18.208038,18.208038,23.174532,23.174532,6.185254,0.0
0.019889314,1.8962575,16.553211,0.0,7.631508,2.0310173,0.0,0.0,0.0,0.0,0.0,18.991701,18.991701,0.0,0.0,0.0,0.0,0.0,0.0,16.553211,18.991701,8.046269,36.700497,7.4596887,19.261242,0.0,0.0,0.0,36.700497,0.0,17.708794,17.708794,25.590284,25.590284,8.046269,0.0
0.0,5.240181,8.542013,0.0,4.161586,5.6893773,0.0,0.0,0.0,0.0,0.0,18.991701,18.991701,0.0,0.0,0.0,0.0,0.0,0.0,8.542013,18.991701,7.411804,36.254467,8.414818,19.436653,0.0,0.0,0.0,36.254467,0.0,17.262768,17.262768,29.606703,29.606703,7.411804,0.0
0.5780357,16.315937,16.502457,0.0,7.359075,17.107075,0.0,0.0,0.0,0.0,0.0,18.991701,18.991701,0.0,0.0,0.0,0.0,0.0,0.0,16.502457,18.991701,11.792306,55.250156,15.452576,29.789486,0.0,0.0,0.0,55.250156,0.0,36.258457,36.258457,47.1914,47.1914,11.792306,0.0
0.45607823,13.084354,27.039745,0.0,13.175372,13.735926,0.0,0.0,0.0,0.0,0.0,18.991701,18.991701,0.0,0.0,0.0,0.0,0.0,0.0,27.039745,18.991701,10.039081,55.94208,16.76491,30.598398,0.0,0.0,0.0,55.94208,0.0,36.95038,36.95038,45.815113,45.815113,10.039081,0.0
2.7327619,6.8796616,19.151976,0.0,8.715217,7.3475456,0.0,0.0,0.0,0.0,0.0,16.951118,16.951118,0.0,0.0,0.0,0.0,0.0,0.0,19.151976,16.951118,12.2328415,45.20083,14.56965,25.199253,0.0,0.0,0.0,45.20083,0.0,28.24971,28.2956,40.87395,40.919838,12.2328415,-0.04589234
0.23484862,4.653161,26.689476,0.0,12.281535,4.961358,0.0,0.0,0.0,0.0,0.0,-15.100747,0.0,-15.100747,0.0,0.0,0.0,0.0,15.100747,26.689476,0.0,12.47687,14.4631195,4.593263,10.172304,0.0,0.0,0.0,14.4631195,0.0,29.563862,29.71976,40.242214,40.39811,12.47687,-0.15589502
0.0,3.437157,14.454132,0.0,8.800621,3.5894737,0.0,3.038757,0.0,0.0,0.0,-16.570984,0.0,-16.570984,0.0,0.0,0.0,0.0,16.570984,14.454132,0.0,11.671714,6.515894,1.9132636,6.6171746,3.038757,0.4204722,0.63582426,6.515894,0.0,22.690096,23.665031,35.7837,36.758633,11.671714,-0.9749313
1.2040626,5.660956,9.989341,0.0,4.564464,6.02824,0.0,0.0,0.0,0.0,0.0,-16.696001,0.0,-16.696001,0.0,0.0,0.0,0.0,16.696001,9.989341,0.0,15.217678,8.409119,2.3722856,8.00845,0.0,0.0,0.0,8.409119,0.0,25.105118,25.81038,34.909782,35.61505,15.217678,-0.7052639
0.0,3.422596,10.504503,0.0,4.3131146,3.6923192,0.0,0.0,0.0,0.0,0.0,-16.696001,0.0,-16.696001,0.0,0.0,0.0,0.0,16.696001,10.504503,0.0,12.512573,2.6931915,0.7114126,4.0831246,0.0,0.0,0.0,2.6931915,0.0,19.389193,20.518005,28.891184,30.019999,12.512573,-1.1288146
0.0,0.8592837,6.9501143,0.0,3.2198272,0.9342988,0.0,0.0,0.0,0.0,0.0,-16.696001,0.0,-16.696001,0.0,0.0,0.0,0.0,16.696001,6.9501143,0.0,11.207617,-2.6526873,-0.6967449,2.983029,0.0,0.0,0.0,0.0,-2.6526873,14.043312,15.361743,25.73238,27.05081,11.207617,-1.3184297
1.1569413,3.4711797,2.007794,0.0,0.91290027,3.6879294,0.0,0.0,0.0,0.0,0.0,-16.696001,0.0,-16.696001,0.0,0.0,0.0,0.0,16.696001,2.007794,0.0,9.91009,-3.0555,-0.8436095,2.6815648,0.0,0.0,0.0,0.0,-3.0555,13.6405,14.51092,25.539982,26.410402,9.91009,-0.8704185
0.0,6.091382,9.97759,0.0,4.4113665,6.6693463,0.0,0.0,0.0,0.0,0.0,-16.696001,0.0,-16.696001,0.0,0.0,0.0,0.0,16.696001,9.97759,0.0,10.657729,3.9685779,1.1264316,6.3211546,0.0,0.0,0.0,3.9685779,0.0,20.664576,21.738445,28.531956,29.60582,10.657729,-1.0738641
0.45775276,2.8350468,20.638102,0.0,9.382996,3.0670981,0.0,0.0,0.0,0.0,0.0,-16.696001,0.0,-16.696001,0.0,0.0,0.0,0.0,16.696001,20.638102,0.0,17.834887,12.445223,3.7688096,9.589945,0.0,0.0,0.0,12.445223,0.0,29.141224,30.28498,30.434782,31.57854,17.834887,-1.1437572
0.87857544,8.123078,2.272892,0.0,1.0415154,8.61859,0.0,0.0,0.0,0.0,0.0,-16.696001,0.0,-16.696001,0.0,0.0,0.0,0.0,16.696001,2.272892,0.0,17.471807,10.435913,3.2329483,8.326078,0.0,0.0,0.0,10.435913,0.0,27.131914,27.131914,39.879345,39.879345,17.471807,0.0
0.047429387,10.519584,20.715038,0.0,9.61384,11.1694975,0.0,0.0,0.0,0.0,0.0,-16.346651,0.0,-16.346651,0.0,0.0,0.0,0.0,16.346651,20.715038,0.0,17.969858,22.406544,6.966792,14.989246,0.0,0.0,0.0,22.406544,0.0,38.753193,38.753193,46.696613,46.696613,17.969858,0.0
0.48306414,9.348981,10.480798,0.0,4.933582,10.019199,0.0,0.0,0.0,0.0,0.0,-7.5236096,0.0,-7.5236096,0.0,0.0,0.0,0.0,7.5236096,10.480798,0.0,15.739863,23.169037,7.0882325,14.937066,0.0,0.0,0.0,23.169037,0.0,30.692646,30.692646,43.088394,43.088394,15.739863,0.0
0.649762,12.618697,15.852011,0.0,7.609221,13.642684,0.0,0.0,0.0,0.0,0.0,-0.9253827,0.0,-0.9253827,0.0,0.0,0.0,0.0,0.9253827,15.852011,0.0,15.695713,36.022232,10.154788,22.871674,0.0,0.0,0.0,36.022232,0.0,36.947617,36.947617,45.378216,45.378216,15.695713,0.0
2.85947,8.667586,15.406202,0.0,6.9791884,9.103624,0.0,0.0,0.0,0.0,0.0,0.0,0.0,0.0,0.0,0.0,0.0,0.0,0.0,15.406202,0.0,16.240585,32.323402,8.846249,20.653006,0.0,0.0,0.0,32.323402,0.0,32.3234,32.3234,41.713226,41.713226,16.240585,0.0
0.46664274,6.8550453,21.101042,0.0,10.006066,7.226105,0.0,0.0,0.0,0.0,0.0,18.991701,18.991701,0.0,0.0,0.0,0.0,0.0,0.0,21.101042,18.991701,12.503015,48.726883,13.324359,31.364912,0.0,0.0,0.0,48.726883,0.0,29.735188,29.735188,37.608105,37.608105,12.503015,0.0
1.6613823,2.7558026,5.779348,0.0,2.6234388,2.9774055,0.0,0.0,0.0,0.0,0.0,18.991701,18.991701,0.0,0.0,0.0,0.0,0.0,0.0,5.779348,18.991701,10.716755,35.309303,9.203291,22.991043,0.0,0.0,0.0,35.309303,0.0,16.3176,16.3176,29.932411,29.932411,10.716755,0.0
0.0,0.38419473,21.58509,0.0,10.47726,0.39172003,0.0,0.0,0.0,0.0,0.0,18.991701,18.991701,0.0,0.0,0.0,0.0,0.0,0.0,21.58509,18.991701,10.380185,40.240864,11.286677,24.7974,0.0,0.0,0.0,40.240864,0.0,21.249166,21.249166,30.856312,30.856312,10.380185,0.0
0.0,0.7561495,12.0390835,0.0,5.660548,0.7994478,0.0,0.0,0.0,0.0,0.0,18.991701,18.991701,0.0,0.0,0.0,0.0,0.0,0.0,12.0390835,18.991701,6.2857423,31.737436,8.478876,20.942652,0.0,0.0,0.0,31.737436,0.0,12.745738,12.745738,24.282036,24.282036,6.2857423,0.0
0.0,0.0,5.4868317,0.0,5.1227775,0.0,0.0,3.492762,0.0,0.0,0.0,18.991701,18.991701,0.0,0.0,0.0,0.0,0.0,0.0,5.4868317,18.991701,6.164199,30.278675,7.8139424,20.257397,3.492762,0.4832928,0.7308194,30.278675,0.0,10.861435,10.861435,23.435877,23.435877,6.164199,0.0
0.0,0.7967327,30.613516,0.0,15.209247,0.8747231,0.0,0.0,0.0,0.0,0.0,18.991701,18.991701,0.0,0.0,0.0,0.0,0.0,0.0,30.613516,18.991701,6.1776547,41.253323,10.508289,27.95389,0.0,0.0,0.0,41.253323,0.0,22.261623,22.261623,24.903652,24.903652,6.1776547,0.0
0.0,1.0948223,12.349429,0.0,6.2358427,1.2116779,0.0,0.0,0.0,0.0,0.0,18.991701,18.991701,0.0,0.0,0.0,0.0,0.0,0.0,12.349429,18.991701,6.453307,32.89253,8.632943,22.305225,0.0,0.0,0.0,32.89253,0.0,13.900828,13.900828,26.702278,26.702278,6.453307,0.0
0.21293302,5.446766,14.757227,0.0,8.054743,5.824071,0.0,0.0,0.0,0.0,0.0,18.991701,18.991701,0.0,0.0,0.0,0.0,0.0,0.0,14.757227,18.991701,7.4640617,40.33457,10.814606,27.174711,0.0,0.0,0.0,40.33457,0.0,21.342875,21.342875,33.717274,33.717274,7.4640617,0.0
0.65503573,21.40542,24.500235,0.0,11.578145,22.926462,0.0,1.1048515,0.0,0.0,0.0,18.991701,18.991701,0.0,0.0,0.0,0.0,0.0,0.0,23.509012,18.991701,9.026617,62.522923,18.525162,41.625748,1.1048515,0.15287808,0.2311772,62.522923,0.0,43.531227,43.531227,55.87249,55.87249,9.026617,0.0
0.0,11.704435,28.228003,0.0,14.5349,12.457003,0.0,0.0,0.0,0.0,0.0,18.991701,18.991701,0.0,0.0,0.0,0.0,0.0,0.0,28.228003,18.991701,12.468799,58.4524,18.664927,38.263977,0.0,0.0,0.0,58.4524,0.0,39.4607,39.4607,55.220627,55.220627,12.468799,0.0
0.9327518,6.156691,20.39542,0.0,9.887343,6.635398,0.0,0.0,0.0,0.0,0.0,16.947891,16.947891,0.0,0.0,0.0,0.0,0.0,0.0,20.39542,16.947891,11.42273,43.79279,14.732237,28.14787,0.0,0.0,0.0,43.79279,0.0,26.8449,27.94547,41.01497,42.115543,11.42273,-1.1005701
0.44918853,13.363585,21.048418,0.0,9.918494,14.448363,0.0,5.543636e-08,0.0,0.0,0.0,-15.102274,0.0,-15.102274,0.0,0.0,0.0,0.0,15.102274,21.048418,0.0,12.714466,19.108068,6.763388,14.535166,5.543636e-08,7.670718e-09,1.1599408e-08,19.108068,0.0,34.210342,37.08132,44.04669,46.91768,12.714466,-2.8709822
4.2083764,6.417924,15.254303,0.0,7.3391676,6.770421,0.0,0.0,0.0,0.0,0.0,-16.570984,0.0,-16.570984,0.0,0.0,0.0,0.0,16.570984,15.254303,0.0,13.147449,6.2521534,2.046484,7.7375393,0.0,0.0,0.0,6.2521534,0.0,22.823137,27.257038,27.980555,32.414455,13.147449,-4.433901
4.526401,10.101981,11.440478,0.0,5.3915606,10.747771,0.0,0.0,0.0,0.0,0.0,-16.696001,0.0,-16.696001,0.0,0.0,0.0,0.0,16.696001,11.440478,0.0,11.616884,5.9338655,1.9363871,7.855884,0.0,0.0,0.0,5.9338655,0.0,22.629864,27.756216,25.090576,30.216927,11.616884,-5.1263494
2.9722326,4.5299377,0.0,0.0,0.0,4.8045874,0.0,0.0,0.0,0.0,0.0,-16.696001,0.0,-16.696001,0.0,0.0,0.0,0.0,16.696001,0.0,0.0,16.70455,2.9151154,0.85306364,4.453494,0.0,0.0,0.0,2.9151154,0.0,19.611116,21.509138,26.116085,28.014107,16.70455,-1.8980225
1.1711174,4.4290137,0.0,0.0,0.0,4.7153835,0.0,0.0,0.0,0.0,0.0,-16.696001,0.0,-16.696001,0.0,0.0,0.0,0.0,16.696001,0.0,0.0,10.952082,-1.9629536,-0.5659388,2.15931,0.0,0.0,0.0,0.0,-1.9629536,14.7330475,15.667465,22.901297,23.835716,10.952082,-0.9344189
2.711556,2.5413294,8.227199,0.0,3.5002825,2.7340398,0.0,0.0,0.0,0.0,0.0,-16.696001,0.0,-16.696001,0.0,0.0,0.0,0.0,16.696001,8.227199,0.0,10.563684,-4.3309784,-1.2994722,2.0039377,0.0,0.0,0.0,0.0,-4.3309784,12.365022,16.798006,16.90239,21.335375,10.563684,-4.432984
2.869391,3.2337155,2.6757176,0.0,1.3089523,3.41304,0.0,0.0,0.0,0.0,0.0,-16.696001,0.0,-16.696001,0.0,0.0,0.0,0.0,16.696001,2.6757176,0.0,11.225981,-4.3785906,-1.3552276,1.7835555,0.0,0.0,0.0,0.0,-4.3785906,12.317409,15.947973,18.15215,21.782711,11.225981,-3.6305633
2.799897,12.816539,0.0,0.0,0.0,13.459785,0.0,0.0,0.0,0.0,0.0,-16.696001,0.0,-16.696001,0.0,0.0,0.0,0.0,16.696001,0.0,0.0,16.955256,11.783388,3.8847485,9.564924,0.0,0.0,0.0,11.783388,0.0,28.47939,30.415041,36.877605,38.813255,16.955256,-1.9356514
2.4876087,12.223551,3.3734448,0.0,1.4564512,12.956219,0.0,0.0,0.0,0.0,0.0,-16.696001,0.0,-16.696001,0.0,0.0,0.0,0.0,16.696001,3.3734448,0.0,18.724829,16.329597,5.6334205,10.868616,0.0,0.0,0.0,16.329597,0.0,33.025593,33.137497,41.24856,41.36046,18.724829,-0.11189973
0.99472123,6.5672903,17.961626,0.0,10.596652,6.9985867,0.0,5.4491568,0.0,0.0,0.0,-16.344769,0.0,-16.344769,0.0,0.0,0.0,0.0,16.344769,17.961626,0.0,18.659464,19.909939,7.228694,12.492097,5.4491568,0.7539987,1.1401721,19.909939,0.0,35.829163,35.829163,41.370472,41.370472,18.659464,0.0
2.049203,4.370936,10.262111,0.0,4.700536,4.5529532,0.0,0.0,0.0,0.0,0.0,-7.52136,0.0,-7.52136,0.0,0.0,0.0,0.0,7.52136,10.262111,0.0,18.548372,20.280502,7.187316,11.497179,0.0,0.0,0.0,20.280502,0.0,27.801863,27.801863,38.371845,38.371845,18.548372,0.0
2.317886,16.849401,10.221527,0.0,5.1600127,18.223633,0.0,0.0,0.0,0.0,0.0,-0.9253827,0.0,-0.9253827,0.0,0.0,0.0,0.0,0.9253827,10.221527,0.0,20.16805,42.626312,14.294021,23.2966,0.0,0.0,0.0,42.626312,0.0,43.551697,43.551697,54.05108,54.05108,20.16805,0.0
0.7478478,6.2483974,13.085661,0.0,6.795111,6.6328754,0.0,0.0,0.0,0.0,0.0,0.0,0.0,0.0,0.0,0.0,0.0,0.0,0.0,13.085661,0.0,17.660591,31.088577,9.478223,16.448723,0.0,0.0,0.0,31.088577,0.0,31.088577,31.088577,40.507347,40.507347,17.660591,0.0
1.0877391,8.169139,18.12469,0.0,9.062861,8.773161,0.0,0.0,0.0,0.0,0.0,18.991701,18.991701,0.0,0.0,0.0,0.0,0.0,0.0,18.12469,18.991701,10.905585,47.73331,14.539414,24.67013,0.0,0.0,0.0,47.73331,0.0,28.74161,28.74161,38.52119,38.52119,10.905585,0.0
1.9834007,1.7451339,24.218273,0.0,12.894037,1.8573527,0.0,0.10861906,0.0,0.0,0.0,18.991701,18.991701,0.0,0.0,0.0,0.0,0.0,0.0,24.116547,18.991701,7.123478,40.86657,12.101818,20.917849,0.10861906,0.015029597,0.022727262,40.86657,0.0,21.874868,21.874868,28.316784,28.316784,7.123478,0.0
0.0,3.9670308,11.035548,0.0,5.506571,4.207962,0.0,0.0,0.0,0.0,0.0,18.991701,18.991701,0.0,0.0,0.0,0.0,0.0,0.0,11.035548,18.991701,6.508372,35.2146,10.105478,17.950388,0.0,0.0,0.0,35.2146,0.0,16.222902,16.222902,27.755285,27.755285,6.508372,0.0
0.0,1.0293397,12.259955,0.0,6.754409,1.078495,0.0,0.0,0.0,0.0,0.0,18.991701,18.991701,0.0,0.0,0.0,0.0,0.0,0.0,12.259955,18.991701,6.331381,33.155983,9.342767,16.746927,0.0,0.0,0.0,33.155983,0.0,14.164284,14.164284,26.175426,26.175426,6.331381,0.0
0.0,0.0,21.428062,0.0,11.0529175,0.0,0.0,0.0,0.0,0.0,0.0,18.991701,18.991701,0.0,0.0,0.0,0.0,0.0,0.0,21.428062,18.991701,6.1844664,36.22908,10.065913,18.307896,0.0,0.0,0.0,36.22908,0.0,17.237383,17.237383,29.868744,29.868744,6.1844664,0.0
0.0,1.519007,28.376305,0.0,15.182012,1.6115454,0.0,0.0,0.0,0.0,0.0,18.991701,18.991701,0.0,0.0,0.0,0.0,0.0,0.0,28.376305,18.991701,6.168577,41.953827,11.546537,21.765675,0.0,0.0,0.0,41.953827,0.0,22.962133,22.962133,32.78106,32.78106,6.168577,0.0
0.57888144,2.8821142,19.72646,0.0,11.038986,2.999342,0.0,0.0,0.0,0.0,0.0,18.991701,18.991701,0.0,0.0,0.0,0.0,0.0,0.0,19.72646,18.991701,6.4010506,39.43108,10.900318,21.329473,0.0,0.0,0.0,39.43108,0.0,20.43938,20.43938,35.05851,35.05851,6.4010506,0.0
0.0,2.4610734,13.753267,0.0,7.5204344,2.5722914,0.0,0.039636277,0.0,0.0,0.0,18.991701,18.991701,0.0,0.0,0.0,0.0,0.0,0.0,13.716282,18.991701,7.3836927,36.46812,10.283845,20.03948,0.039636277,0.0054844636,0.008293426,36.46812,0.0,17.476418,17.476418,39.385098,39.385098,7.3836927,0.0
0.0,1.9781821,41.0641,0.0,21.522696,2.144382,0.0,2.8958702,0.0,0.0,0.0,18.991701,18.991701,0.0,0.0,0.0,0.0,0.0,0.0,38.43434,18.991701,8.585221,51.244,15.926953,28.335337,2.8958702,0.400701,0.6059268,51.244,0.0,32.2523,32.2523,48.23545,48.23545,8.585221,0.0
0.0,2.2941937,23.363611,0.0,12.808205,2.3679314,0.0,1.074666,0.0,0.0,0.0,18.991701,18.991701,0.0,0.0,0.0,0.0,0.0,0.0,22.35989,18.991701,9.984508,44.152348,15.113282,24.746487,1.074666,0.14870131,0.22486125,44.152348,0.0,25.160643,25.160643,52.955418,52.955418,9.984508,0.0
0.105169,11.917528,36.378605,0.0,18.175411,12.692385,0.0,0.42457384,0.0,0.0,0.0,16.944664,16.944664,0.0,0.0,0.0,0.0,0.0,0.0,35.98243,16.944664,13.069364,59.667168,22.134995,33.829784,0.42457384,0.058748197,0.088837095,59.667168,0.0,42.7225,43.937153,58.523552,59.738216,13.069364,-1.2146635
0.0,7.494424,27.993664,0.0,13.639459,8.075493,0.0,0.0,0.0,0.0,0.0,-15.103798,0.0,-15.103798,0.0,0.0,0.0,0.0,15.103798,27.993664,0.0,12.024007,15.612492,5.640204,11.349232,0.0,0.0,0.0,15.612492,0.0,30.716291,33.738956,41.7728,44.795464,12.024007,-3.0226667
1.813035,7.379507,15.731089,0.0,10.359841,7.889991,0.0,3.3935246,0.0,0.0,0.0,-16.570984,0.0,-16.570984,0.0,0.0,0.0,0.0,16.570984,15.731089,0.0,14.717557,11.771748,3.8868525,9.994552,3.3935246,0.4695613,0.7100553,11.771748,0.0,27.923828,32.548485,36.595734,41.22039,14.717557,-4.6246576
2.2969072,12.165758,2.69112,0.0,1.1466222,13.241584,0.0,0.0,0.0,0.0,0.0,-16.696001,0.0,-16.696001,0.0,0.0,0.0,0.0,16.696001,2.69112,0.0,12.248313,4.1300335,1.3296427,7.5692925,0.0,0.0,0.0,4.1300335,0.0,20.826033,26.63652,28.367966,34.17845,12.248313,-5.810486
4.343667,6.1033564,6.033756,0.0,2.806562,6.509217,0.0,0.0,0.0,0.0,0.0,-16.696001,0.0,-16.696001,0.0,0.0,0.0,0.0,16.696001,6.033756,0.0,12.482596,-1.312671,-0.40336818,3.6423476,0.0,0.0,0.0,0.0,-1.312671,15.383328,21.798376,17.610098,24.025145,12.482596,-6.4150476
8.058304,12.056416,2.1107502,0.0,0.96256125,13.009685,0.0,0.0,0.0,0.0,0.0,-16.696001,0.0,-16.696001,0.0,0.0,0.0,0.0,16.696001,2.1107502,0.0,13.208815,4.25243,1.2857988,6.479604,0.0,0.0,0.0,4.25243,0.0,20.948431,27.18106,23.322313,29.554947,13.208815,-6.2326307
8.981224,8.314425,1.717815,0.0,0.8115488,9.052537,0.0,0.0,0.0,0.0,0.0,-16.696001,0.0,-16.696001,0.0,0.0,0.0,0.0,16.696001,1.717815,0.0,11.9419775,-0.60819703,-0.18756086,4.6217275,0.0,0.0,0.0,0.0,-0.60819703,16.087803,21.80606,18.525038,24.243298,11.9419775,-5.7182593
9.094376,3.4541893,0.0,0.0,0.0,3.700241,0.0,0.0,0.0,0.0,0.0,-16.696001,0.0,-16.696001,0.0,0.0,0.0,0.0,16.696001,0.0,0.0,12.590945,-4.9068766,-1.5686166,1.7982378,0.0,0.0,0.0,0.0,-4.9068766,11.789125,16.291187,14.552265,19.054327,12.590945,-4.5020633
11.710059,8.059781,2.0911841,0.0,0.9582507,8.616491,0.0,0.0,0.0,0.0,0.0,-16.696001,0.0,-16.696001,0.0,0.0,0.0,0.0,16.696001,2.0911841,0.0,17.709833,8.819956,2.9218807,7.4831033,0.0,0.0,0.0,8.819956,0.0,25.515955,27.284575,27.421026,29.189646,17.709833,-1.768622
4.4958267,3.4456992,0.0,0.0,0.0,3.643153,0.0,0.0,0.0,0.0,0.0,-16.696001,0.0,-16.696001,0.0,0.0,0.0,0.0,16.696001,0.0,0.0,23.983644,10.791081,3.7260294,6.7069335,0.0,0.0,0.0,10.791081,0.0,27.487082,27.626797,33.049732,33.189445,23.983644,-0.13971731
2.2089016,7.371797,5.8592143,0.0,2.5793004,7.7788615,0.0,0.0,0.0,0.0,0.0,-16.34288,0.0,-16.34288,0.0,0.0,0.0,0.0,16.34288,5.8592143,0.0,18.319712,12.334992,4.2126164,8.293081,0.0,0.0,0.0,12.334992,0.0,28.677876,28.677876,33.09925,33.09925,18.319712,0.0
1.1184298,6.307269,1.8703284,0.0,1.0148098,6.582656,0.0,0.0,0.0,0.0,0.0,-7.5191083,0.0,-7.5191083,0.0,0.0,0.0,0.0,7.5191083,1.8703284,0.0,21.10642,21.184776,7.0883265,11.843949,0.0,0.0,0.0,21.184776,0.0,28.703886,28.703886,36.09707,36.09707,21.10642,0.0
1.6942532,8.502926,2.4883225,0.0,1.1222261,9.057415,0.0,0.0,0.0,0.0,0.0,-0.9253827,0.0,-0.9253827,0.0,0.0,0.0,0.0,0.9253827,2.4883225,0.0,16.136225,25.39048,8.309628,13.511295,0.0,0.0,0.0,25.39048,0.0,26.315865,26.315865,34.317696,34.317696,16.136225,0.0
3.9167757,14.536617,17.430294,0.0,8.81341,15.639288,0.0,0.0,0.0,0.0,0.0,0.0,0.0,0.0,0.0,0.0,0.0,0.0,0.0,17.430294,0.0,13.801095,38.253788,11.831218,20.658524,0.0,0.0,0.0,38.253788,0.0,38.25379,38.25379,41.5892,41.5892,13.801095,0.0
3.1083808,17.188183,12.98224,0.0,6.6164975,18.34039,0.0,0.0,0.0,0.0,0.0,18.991701,18.991701,0.0,0.0,0.0,0.0,0.0,0.0,12.98224,18.991701,10.661844,54.61043,16.74546,29.248909,0.0,0.0,0.0,54.61043,0.0,35.61873,35.61873,48.999317,48.999317,10.661844,0.0
0.0,4.91182,15.011131,0.0,8.371095,5.2616677,0.0,0.0,0.0,0.0,0.0,18.991701,18.991701,0.0,0.0,0.0,0.0,0.0,0.0,15.011131,18.991701,7.7935104,40.417973,12.203713,21.658815,0.0,0.0,0.0,40.417973,0.0,21.426273,21.426273,33.47968,33.47968,7.7935104,0.0
0.0,4.498985,16.615139,0.0,9.295397,4.8936443,0.0,0.0,0.0,0.0,0.0,18.991701,18.991701,0.0,0.0,0.0,0.0,0.0,0.0,16.615139,18.991701,6.7143426,39.89508,11.395573,21.531885,0.0,0.0,0.0,39.89508,0.0,20.903383,20.903383,32.94026,32.94026,6.7143426,0.0
0.0,0.0,23.286407,0.0,12.8662,0.0,0.0,0.57383585,0.0,0.0,0.0,18.991701,18.991701,0.0,0.0,0.0,0.0,0.0,0.0,22.748985,18.991701,6.3892074,38.24711,9.639791,20.022724,0.57383585,0.07940155,0.120068416,38.24711,0.0,19.255407,19.255407,29.235643,29.235643,6.3892074,0.0
0.0,0.7693078,14.212024,0.0,10.394259,0.8190275,0.0,4.350004,0.0,0.0,0.0,18.991701,18.991701,0.0,0.0,0.0,0.0,0.0,0.0,14.212024,18.991701,6.206558,36.411537,8.651635,18.25347,4.350004,0.6019092,0.9101873,36.411537,0.0,16.926826,16.926826,33.67463,33.67463,6.206558,0.0
0.0,3.400813,32.510117,0.0,18.322283,3.5157971,0.0,0.0,0.0,0.0,0.0,18.991701,18.991701,0.0,0.0,0.0,0.0,0.0,0.0,32.510117,18.991701,6.2092366,47.039024,10.513785,23.069252,0.0,0.0,0.0,47.039024,0.0,28.04732,28.04732,39.23308,39.23308,6.2092366,0.0
0.0,1.4167402,24.617527,0.0,13.2472,1.5195876,0.0,1.5085863,0.0,0.0,0.0,18.991701,18.991701,0.0,0.0,0.0,0.0,0.0,0.0,23.238058,18.991701,6.4458256,40.20432,8.841926,19.906633,1.5085863,0.20874278,0.31565398,40.20432,0.0,21.212614,21.212614,38.819595,38.819595,6.4458256,0.0
0.0,0.75939596,26.800577,0.0,14.850921,0.8404499,0.0,3.597882e-07,0.0,0.0,0.0,18.991701,18.991701,0.0,0.0,0.0,0.0,0.0,0.0,26.800577,18.991701,6.941128,41.624203,8.6628065,20.977518,3.597882e-07,4.978382e-08,7.5281456e-08,41.624203,0.0,22.632498,22.632498,38.92957,38.92957,6.941128,0.0
0.0,7.1451664,24.168348,0.0,13.641191,7.508728,0.0,0.0,0.0,0.0,0.0,18.991701,18.991701,0.0,0.0,0.0,0.0,0.0,0.0,24.168348,18.991701,7.807774,47.949394,11.697474,25.325706,0.0,0.0,0.0,47.949394,0.0,28.95769,28.95769,48.7689,48.7689,7.807774,0.0
0.0,8.345499,29.107256,0.0,15.7549095,8.842112,0.0,0.87232065,0.0,0.0,0.0,18.991701,18.991701,0.0,0.0,0.0,0.0,0.0,0.0,28.293287,18.991701,9.365473,52.954197,14.314403,30.05451,0.87232065,0.12070283,0.18252288,52.954197,0.0,33.962498,33.962498,59.117374,59.117374,9.365473,0.0
0.0,7.3319845,46.99073,0.0,23.60003,7.867901,0.0,0.42457384,0.0,0.0,0.0,16.941433,16.941433,0.0,0.0,0.0,0.0,0.0,0.0,46.594555,16.941433,15.737902,63.062744,17.911333,37.092716,0.42457384,0.058748197,0.088837095,63.062744,0.0,46.12131,47.205833,59.89903,60.983543,15.737902,-1.0845212
0.0,9.762465,19.891136,0.0,10.011431,10.339934,0.0,0.0,0.0,0.0,0.0,-15.105324,0.0,-15.105324,0.0,0.0,0.0,0.0,15.105324,19.891136,0.0,19.27546,22.193237,6.471404,15.442931,0.0,0.0,0.0,22.193237,0.0,37.29856,39.626823,52.91562,55.243885,19.27546,-2.3282633
0.0,14.04446,14.721828,0.0,7.5985823,15.249168,0.0,0.0,0.0,0.0,0.0,-16.570984,0.0,-16.570984,0.0,0.0,0.0,0.0,16.570984,14.721828,0.0,19.587433,22.748558,6.632236,17.652336,0.0,0.0,0.0,22.748558,0.0,39.319542,42.43519,50.39872,53.514362,19.587433,-3.1156425
0.08160226,6.2587857,16.195276,0.0,7.1481876,6.7170587,0.0,0.0,0.0,0.0,0.0,-16.696001,0.0,-16.696001,0.0,0.0,0.0,0.0,16.696001,16.195276,0.0,13.198009,7.2135,1.9662895,6.415702,0.0,0.0,0.0,7.2135,0.0,23.9095,27.063255,27.972282,31.126036,13.198009,-3.1537542
0.4316495,5.338422,5.130815,0.0,2.381348,5.6654105,0.0,0.0,0.0,0.0,0.0,-16.696001,0.0,-16.696001,0.0,0.0,0.0,0.0,16.696001,5.130815,0.0,17.683332,6.021534,1.6565716,7.5164065,0.0,0.0,0.0,6.021534,0.0,22.717535,25.73009,31.128872,34.14143,17.683332,-3.0125563
1.6597848,6.932219,0.0,0.0,0.0,7.256771,0.0,0.0,0.0,0.0,0.0,-16.696001,0.0,-16.696001,0.0,0.0,0.0,0.0,16.696001,0.0,0.0,22.19922,9.122592,2.5005722,10.007877,0.0,0.0,0.0,9.122592,0.0,25.818594,29.455992,32.580505,36.217907,22.19922,-3.637399
1.2437915,5.0577826,8.538663,0.0,3.9917073,5.3767853,0.0,0.0,0.0,0.0,0.0,-16.696001,0.0,-16.696001,0.0,0.0,0.0,0.0,16.696001,8.538663,0.0,17.935474,7.8487267,2.1926491,8.222397,0.0,0.0,0.0,7.8487267,0.0,24.544725,27.303967,26.114082,28.873323,17.935474,-2.7592418
2.1119423,4.216377,1.7199448,0.0,0.82137156,4.416566,0.0,0.0,0.0,0.0,0.0,-16.696001,0.0,-16.696001,0.0,0.0,0.0,0.0,16.696001,1.7199448,0.0,20.37004,7.399233,2.1009367,7.767172,0.0,0.0,0.0,7.399233,0.0,24.095232,25.607977,27.025118,28.537863,20.37004,-1.5127443
4.3029976,4.3557568,3.5075285,0.0,1.5925593,4.6507444,0.0,0.0,0.0,0.0,0.0,-16.696001,0.0,-16.696001,0.0,0.0,0.0,0.0,16.696001,3.5075285,0.0,24.232569,13.157225,3.8992202,9.720058,0.0,0.0,0.0,13.157225,0.0,29.853224,30.475872,31.50878,32.131424,24.232569,-0.6226483
3.184493,4.965875,0.0,0.0,0.0,5.286526,0.0,0.0,0.0,0.0,0.0,-16.696001,0.0,-16.696001,0.0,0.0,0.0,0.0,16.696001,0.0,0.0,22.026007,10.595751,3.3315248,7.636412,0.0,0.0,0.0,10.595751,0.0,27.29175,27.312534,33.317345,33.33813,22.026007,-0.020783693
2.377655,8.862133,8.009946,0.0,5.919151,9.385394,0.0,3.112841,0.0,0.0,0.0,-16.341,0.0,-16.341,0.0,0.0,0.0,0.0,16.341,8.009946,0.0,32.262634,31.22618,10.103107,19.34367,3.112841,0.43072316,0.6513254,31.22618,0.0,47.165974,47.165974,50.374557,50.374557,32.262634,0.0
1.8518822,4.727956,7.0237083,0.0,3.3713202,5.0223475,0.0,0.0,0.0,0.0,0.0,-7.5168557,0.0,-7.5168557,0.0,0.0,0.0,0.0,7.5168557,7.0237083,0.0,18.64305,19.519863,6.3175373,11.202057,0.0,0.0,0.0,19.519863,0.0,27.036718,27.036718,31.997807,31.997807,18.64305,0.0
0.0,15.472029,11.796255,0.0,5.4737053,16.395073,0.0,0.0,0.0,0.0,0.0,-0.9253827,0.0,-0.9253827,0.0,0.0,0.0,0.0,0.9253827,11.796255,0.0,23.178335,44.121727,13.585025,24.209919,0.0,0.0,0.0,44.121727,0.0,45.047115,45.047115,48.229458,48.229458,23.178335,0.0
2.3841753,6.2873535,6.3787413,0.0,2.9503496,6.6846967,0.0,0.0,0.0,0.0,0.0,0.0,0.0,0.0,0.0,0.0,0.0,0.0,0.0,6.3787413,0.0,17.975122,27.61017,8.240217,15.018905,0.0,0.0,0.0,27.61017,0.0,27.61017,27.61017,34.189022,34.189022,17.975122,0.0
3.063767,10.90903,4.876911,0.0,2.309677,11.702212,0.0,0.0,0.0,0.0,0.0,18.991701,18.991701,0.0,0.0,0.0,0.0,0.0,0.0,4.876911,18.991701,10.742857,43.74645,12.942388,23.962328,0.0,0.0,0.0,43.74645,0.0,24.754745,24.754745,33.35164,33.35164,10.742857,0.0
1.0624461,8.3726225,10.4464245,0.0,4.9439726,8.729052,0.0,0.0,0.0,0.0,0.0,18.991701,18.991701,0.0,0.0,0.0,0.0,0.0,0.0,10.4464245,18.991701,7.7686057,40.433327,11.717529,22.064568,0.0,0.0,0.0,40.433327,0.0,21.441631,21.441631,29.38642,29.38642,7.7686057,0.0
1.3474236,1.3589615,14.420042,0.0,6.9772673,1.3742188,0.0,0.0,0.0,0.0,0.0,18.991701,18.991701,0.0,0.0,0.0,0.0,0.0,0.0,14.420042,18.991701,6.4752707,33.818455,9.95568,17.971209,0.0,0.0,0.0,33.818455,0.0,14.826756,14.826756,22.333883,22.333883,6.4752707,0.0
0.23371875,1.7308788,18.891724,0.0,9.205756,1.7503117,0.0,0.0,0.0,0.0,0.0,18.991701,18.991701,0.0,0.0,0.0,0.0,0.0,0.0,18.891724,18.991701,6.682537,36.630306,10.517548,20.305891,0.0,0.0,0.0,36.630306,0.0,17.638605,17.638605,26.446342,26.446342,6.682537,0.0
0.0,0.0,8.455326,0.0,4.135788,0.0,0.0,0.0,0.0,0.0,0.0,18.991701,18.991701,0.0,0.0,0.0,0.0,0.0,0.0,8.455326,18.991701,6.184805,29.312292,8.413133,16.464928,0.0,0.0,0.0,29.312292,0.0,10.320594,10.320594,22.273462,22.273462,6.184805,0.0
0.0,1.5021696,6.290652,0.0,3.0439649,1.554568,0.0,0.0,0.0,0.0,0.0,18.991701,18.991701,0.0,0.0,0.0,0.0,0.0,0.0,6.290652,18.991701,6.195596,29.785828,8.141326,16.93658,0.0,0.0,0.0,29.785828,0.0,10.794129,10.794129,21.850252,21.850252,6.195596,0.0
0.9966717,5.939576,25.470938,0.0,12.032659,6.214922,0.0,0.0,0.0,0.0,0.0,18.991701,18.991701,0.0,0.0,0.0,0.0,0.0,0.0,25.470938,18.991701,6.4665637,43.705845,11.929003,24.976973,0.0,0.0,0.0,43.705845,0.0,24.714144,24.714144,32.019703,32.019703,6.4665637,0.0
0.010261267,15.040232,13.563566,0.0,6.230837,15.953656,0.0,0.0,0.0,0.0,0.0,18.991701,18.991701,0.0,0.0,0.0,0.0,0.0,0.0,13.563566,18.991701,7.206395,48.382587,13.140537,27.670021,0.0,0.0,0.0,48.382587,0.0,29.390888,29.390888,43.264164,43.264164,7.206395,0.0
0.0,8.254213,9.354914,0.0,4.5107336,8.636114,0.0,0.0,0.0,0.0,0.0,18.991701,18.991701,0.0,0.0,0.0,0.0,0.0,0.0,9.354914,18.991701,8.307616,40.446167,11.610719,22.94246,0.0,0.0,0.0,40.446167,0.0,21.454464,21.454464,39.390335,39.390335,8.307616,0.0
0.49247375,7.4254165,32.75904,0.0,15.396256,7.685953,0.0,0.0,0.0,0.0,0.0,18.991701,18.991701,0.0,0.0,0.0,0.0,0.0,0.0,32.75904,18.991701,9.404888,51.4788,16.066692,29.096176,0.0,0.0,0.0,51.4788,0.0,32.487103,32.487103,47.446373,47.446373,9.404888,0.0
0.47661114,7.319129,33.887043,0.0,16.305075,7.818928,0.0,0.0057660677,0.0,0.0,0.0,16.9382,16.9382,0.0,0.0,0.0,0.0,0.0,0.0,33.881664,16.9382,10.372575,50.859695,15.654919,28.931732,0.0057660677,0.0007978496,0.001206482,50.859695,0.0,33.921497,34.496574,42.674576,43.249657,10.372575,-0.5750827
1.4542354,8.289705,4.459099,0.0,2.3074043,8.657738,0.0,1.5978057e-07,0.0,0.0,0.0,-15.106848,0.0,-15.106848,0.0,0.0,0.0,0.0,15.106848,4.459099,0.0,11.670687,6.455974,2.0248368,6.7177706,1.5978057e-07,2.2108805e-08,3.3432208e-08,6.455974,0.0,21.56282,22.63583,38.165863,39.23887,11.670687,-1.0730063
0.42787826,11.62291,21.287464,0.0,10.8865795,12.583724,0.0,5.4491568,0.0,0.0,0.0,-16.570984,0.0,-16.570984,0.0,0.0,0.0,0.0,16.570984,21.287464,0.0,17.786768,21.30286,6.689435,15.855708,5.4491568,0.7539987,1.1401721,21.30286,0.0,37.47264,40.85587,43.72069,47.103924,17.786768,-3.3832266
1.524905,3.9427342,10.3866005,0.0,4.4998474,4.189156,0.0,0.0,0.0,0.0,0.0,-16.696001,0.0,-16.696001,0.0,0.0,0.0,0.0,16.696001,10.3866005,0.0,13.319946,0.09898925,0.031084135,4.5597587,0.0,0.0,0.0,0.09898925,0.0,16.794989,22.00895,23.047592,28.261555,13.319946,-5.2139597
5.5578785,8.374355,7.4696064,0.0,3.4448729,8.827199,0.0,0.0,0.0,0.0,0.0,-16.696001,0.0,-16.696001,0.0,0.0,0.0,0.0,16.696001,7.4696064,0.0,11.219584,0.77991134,0.24615085,6.0962825,0.0,0.0,0.0,0.77991134,0.0,17.47591,23.491655,19.330198,25.345942,11.219584,-6.0157433
6.0430984,5.6683187,7.7001243,0.0,3.473049,6.049919,0.0,0.0,0.0,0.0,0.0,-16.696001,0.0,-16.696001,0.0,0.0,0.0,0.0,16.696001,7.7001243,0.0,13.15854,0.4449626,0.13950261,4.5324492,0.0,0.0,0.0,0.4449626,0.0,17.140963,22.681505,18.292822,23.833366,13.15854,-5.540544
10.132427,4.910438,0.0,0.0,0.0,5.2029696,0.0,0.0,0.0,0.0,0.0,-16.696001,0.0,-16.696001,0.0,0.0,0.0,0.0,16.696001,0.0,0.0,10.323594,-6.3224792,-1.9400804,2.0310805,0.0,0.0,0.0,0.0,-6.3224792,10.373522,15.526563,13.001678,18.15472,10.323594,-5.153042
8.341129,2.3602266,0.0,0.0,0.0,2.5287423,0.0,0.0,0.0,0.0,0.0,-16.696001,0.0,-16.696001,0.0,0.0,0.0,0.0,16.696001,0.0,0.0,14.393389,-1.6626236,-0.5324553,2.5456028,0.0,0.0,0.0,0.0,-1.6626236,15.033377,16.92213,17.587933,19.476686,14.393389,-1.8887534
5.843459,6.8290796,0.0,0.0,0.0,7.3287787,0.0,0.0,0.0,0.0,0.0,-16.696001,0.0,-16.696001,0.0,0.0,0.0,0.0,16.696001,0.0,0.0,16.909842,7.088781,2.3018353,6.565324,0.0,0.0,0.0,7.088781,0.0,23.784779,24.238619,27.22987,27.683708,16.909842,-0.45383832
1.3846886,4.6925015,2.6820848,0.0,1.3244712,5.040823,0.0,0.0,0.0,0.0,0.0,-16.696001,0.0,-16.696001,0.0,0.0,0.0,0.0,16.696001,2.6820848,0.0,18.508728,8.149805,2.8657024,6.2325935,0.0,0.0,0.0,8.149805,0.0,24.845806,24.874022,31.809412,31.837627,18.508728,-0.028219044
0.8841228,3.7659926,10.628089,0.0,4.718389,3.9727764,0.0,0.0,0.0,0.0,0.0,-16.339117,0.0,-16.339117,0.0,0.0,0.0,0.0,16.339117,10.628089,0.0,17.265411,9.617462,3.6275365,6.836808,0.0,0.0,0.0,9.617462,0.0,25.956577,25.956577,30.6436,30.6436,17.265411,0.0
1.9772828,15.956923,5.740423,0.0,2.886608,16.982286,0.0,0.0,0.0,0.0,0.0,-7.514597,0.0,-7.514597,0.0,0.0,0.0,0.0,7.514597,5.740423,0.0,20.397503,32.751804,12.486625,18.37408,0.0,0.0,0.0,32.751804,0.0,40.266396,40.266396,47.879288,47.879288,20.397503,0.0
1.6455995,7.2712893,8.122249,0.0,4.027827,7.678276,0.0,0.0,0.0,0.0,0.0,-0.9253827,0.0,-0.9253827,0.0,0.0,0.0,0.0,0.9253827,8.122249,0.0,17.596811,28.37753,10.040316,15.762439,0.0,0.0,0.0,28.37753,0.0,29.302914,29.302914,38.75114,38.75114,17.596811,0.0
6.518949,16.01933,18.016665,0.0,8.722773,16.826565,0.0,0.0,0.0,0.0,0.0,0.0,0.0,0.0,0.0,0.0,0.0,0.0,0.0,18.016665,0.0,13.906358,39.455692,13.310072,21.170948,0.0,0.0,0.0,39.455692,0.0,39.455692,39.455692,43.740284,43.740284,13.906358,0.0
5.218507,13.635447,6.0063114,0.0,3.0512252,14.533066,0.0,0.0,0.0,0.0,0.0,18.991701,18.991701,0.0,0.0,0.0,0.0,0.0,0.0,6.0063114,18.991701,18.537514,55.11351,17.709269,28.368052,0.0,0.0,0.0,55.11351,0.0,36.12181,36.12181,44.596348,44.596348,18.537514,0.0
0.2772631,2.015825,10.437923,0.0,5.3716617,2.1867602,0.0,0.0,0.0,0.0,0.0,18.991701,18.991701,0.0,0.0,0.0,0.0,0.0,0.0,10.437923,18.991701,11.2419195,37.792046,11.826263,18.366194,0.0,0.0,0.0,37.792046,0.0,18.800343,18.800343,28.726223,28.726223,11.2419195,0.0
0.26676875,1.2707988,5.1688356,0.0,2.6521463,1.3278875,0.0,0.0,0.0,0.0,0.0,18.991701,18.991701,0.0,0.0,0.0,0.0,0.0,0.0,5.1688356,18.991701,6.535236,29.506971,8.542444,14.341913,0.0,0.0,0.0,29.506971,0.0,10.51527,10.51527,24.492485,24.492485,6.535236,0.0
0.0,2.4164467,34.332344,0.0,17.284233,2.5749664,0.0,0.80784696,0.0,0.0,0.0,18.991701,18.991701,0.0,0.0,0.0,0.0,0.0,0.0,33.641376,18.991701,6.3505816,45.20148,13.0861,19.283121,0.80784696,0.11178162,0.16903248,45.20148,0.0,26.209784,26.209784,28.863747,28.863747,6.3505816,0.0
0.0,0.7701683,7.9119763,0.0,6.2740088,0.80550855,0.0,3.8315797,0.0,0.0,0.0,18.991701,18.991701,0.0,0.0,0.0,0.0,0.0,0.0,7.9119763,18.991701,6.191748,32.262966,9.395308,13.349389,3.8315797,0.5301749,0.80171305,32.262966,0.0,12.821389,12.821389,26.667952,26.667952,6.191748,0.0
0.0,5.811229,14.329127,0.0,7.655573,6.1439896,0.0,0.0,0.0,0.0,0.0,18.991701,18.991701,0.0,0.0,0.0,0.0,0.0,0.0,14.329127,18.991701,6.168577,38.95984,10.789536,15.841719,0.0,0.0,0.0,38.95984,0.0,19.96814,19.96814,33.82129,33.82129,6.168577,0.0
0.7619514,2.202489,18.363756,0.0,8.91039,2.3338964,0.0,0.68728656,0.0,0.0,0.0,18.991701,18.991701,0.0,0.0,0.0,0.0,0.0,0.0,17.747154,18.991701,6.460656,36.696644,10.046367,14.938944,0.68728656,0.0950997,0.14380665,36.696644,0.0,17.704943,17.704943,32.85806,32.85806,6.460656,0.0
1.7058407,16.088242,32.457314,0.0,17.48169,17.240156,0.0,0.0,0.0,0.0,0.0,18.991701,18.991701,0.0,0.0,0.0,0.0,0.0,0.0,32.457314,18.991701,7.675439,61.38898,17.854864,25.99814,0.0,0.0,0.0,61.38898,0.0,42.397285,42.397285,50.856876,50.856876,7.675439,0.0
0.0,4.539727,13.516488,0.0,7.145304,4.792369,0.0,0.6185734,0.0,0.0,0.0,18.991701,18.991701,0.0,0.0,0.0,0.0,0.0,0.0,12.939294,18.991701,9.589786,40.51916,12.971431,18.448467,0.6185734,0.08559188,0.12942922,40.51916,0.0,21.527458,21.527458,46.996067,46.996067,9.589786,0.0
0.0,9.6821575,49.361862,0.0,24.353342,10.371352,0.0,1.7445023,0.0,0.0,0.0,18.991701,18.991701,0.0,0.0,0.0,0.0,0.0,0.0,47.78151,18.991701,11.807782,65.52418,23.860342,32.08181,1.7445023,0.24138643,0.3650166,65.52418,0.0,46.53248,46.53248,61.5571,61.5571,11.807782,0.0
0.9010411,8.813307,24.093079,0.0,11.755298,9.636017,0.0,0.13056651,0.0,0.0,0.0,16.934965,16.934965,0.0,0.0,0.0,0.0,0.0,0.0,23.971245,16.934965,11.33788,48.789196,19.497427,23.36281,0.13056651,0.018066462,0.02731951,48.789196,0.0,31.854235,32.72919,48.83365,49.708607,11.33788,-0.8749605
0.0,4.0695014,21.569456,0.0,10.362411,4.2532887,0.0,1.5978057e-07,0.0,0.0,0.0,-15.108373,0.0,-15.108373,0.0,0.0,0.0,0.0,15.108373,21.569456,0.0,11.201835,8.377478,3.3205314,6.1402836,1.5978057e-07,2.2108805e-08,3.3432208e-08,8.377478,0.0,23.48585,25.817533,37.27162,39.60331,11.201835,-2.331684
1.0498115,9.052195,15.2340355,0.0,6.875581,9.722944,0.0,0.0,0.0,0.0,0.0,-16.570984,0.0,-16.570984,0.0,0.0,0.0,0.0,16.570984,15.2340355,0.0,11.321252,6.9487653,2.5717509,5.5363164,0.0,0.0,0.0,6.9487653,0.0,23.51975,27.919777,32.239037,36.63906,11.321252,-4.400028
0.9375203,5.271946,5.152444,0.0,2.6031902,5.7080665,0.0,0.0,0.0,0.0,0.0,-16.696001,0.0,-16.696001,0.0,0.0,0.0,0.0,16.696001,5.152444,0.0,17.836916,4.092398,1.4431113,5.556096,0.0,0.0,0.0,4.092398,0.0,20.788399,26.148169,28.827934,34.18771,17.836916,-5.3597736
2.9326653,4.891841,1.8867332,0.0,0.90369624,5.235271,0.0,0.0,0.0,0.0,0.0,-16.696001,0.0,-16.696001,0.0,0.0,0.0,0.0,16.696001,1.8867332,0.0,11.083246,-5.9063897,-2.030406,1.7257739,0.0,0.0,0.0,0.0,-5.9063897,10.789612,17.222216,16.817398,23.250002,11.083246,-6.432604
4.117604,4.029024,4.2503705,0.0,1.8913202,4.245562,0.0,0.0,0.0,0.0,0.0,-16.696001,0.0,-16.696001,0.0,0.0,0.0,0.0,16.696001,4.2503705,0.0,16.20647,-0.720718,-0.24708757,3.1940439,0.0,0.0,0.0,0.0,-0.720718,15.975283,22.343353,19.37828,25.746351,16.20647,-6.3680696
8.475343,7.1471753,2.4704726,0.0,1.0218265,7.7156167,0.0,0.0,0.0,0.0,0.0,-16.696001,0.0,-16.696001,0.0,0.0,0.0,0.0,16.696001,2.4704726,0.0,12.337899,-1.0607073,-0.36586434,3.134051,0.0,0.0,0.0,0.0,-1.0607073,15.635293,21.075338,19.147015,24.587063,12.337899,-5.4400487
9.757212,2.3904228,0.0,0.0,0.0,2.5400038,0.0,0.0,0.0,0.0,0.0,-16.696001,0.0,-16.696001,0.0,0.0,0.0,0.0,16.696001,0.0,0.0,11.300348,-7.377545,-2.6235862,0.93189454,0.0,0.0,0.0,0.0,-7.377545,9.318454,13.840351,13.202886,17.724785,11.300348,-4.521897
14.964003,7.0228877,0.0,0.0,0.0,7.5498466,0.0,0.0,0.0,0.0,0.0,-16.696001,0.0,-16.696001,0.0,0.0,0.0,0.0,16.696001,0.0,0.0,15.463472,3.7512558,1.359601,4.1324077,0.0,0.0,0.0,3.7512558,0.0,20.447256,23.013317,23.261103,25.827166,15.463472,-2.5660617
7.445861,10.505503,0.0,0.0,0.0,11.170341,0.0,0.0,0.0,0.0,0.0,-16.696001,0.0,-16.696001,0.0,0.0,0.0,0.0,16.696001,0.0,0.0,21.127771,15.398255,6.0378036,8.695479,0.0,0.0,0.0,15.398255,0.0,32.094254,32.298115,36.414333,36.61819,21.127771,-0.20385827
5.184226,5.210021,0.0,0.0,1.5667489,5.629009,0.0,5.4491568,0.0,0.0,0.0,-16.337234,0.0,-16.337234,0.0,0.0,0.0,0.0,16.337234,0.0,0.0,26.487358,17.345879,6.783893,9.381863,5.4491568,0.7539987,1.1401721,17.345879,0.0,33.28191,33.28191,37.766228,37.766228,26.487358,0.0
5.063214,5.8688364,0.0,0.0,0.0,6.202448,0.0,0.0,0.0,0.0,0.0,-7.5123396,0.0,-7.5123396,0.0,0.0,0.0,0.0,7.5123396,0.0,0.0,24.229887,22.919998,8.268204,11.918502,0.0,0.0,0.0,22.919998,0.0,30.432335,30.432335,36.8907,36.8907,24.229887,0.0
6.519732,11.527463,13.792788,0.0,6.664721,12.284813,0.0,0.0,0.0,0.0,0.0,-0.9253827,0.0,-0.9253827,0.0,0.0,0.0,0.0,0.9253827,13.792788,0.0,17.552433,35.576588,12.044452,18.624174,0.0,0.0,0.0,35.576588,0.0,36.50197,36.50197,37.319798,37.319798,17.552433,0.0
1.2783325,10.21641,5.872233,0.0,2.6724234,10.861321,0.0,0.0,0.0,0.0,0.0,0.0,0.0,0.0,0.0,0.0,0.0,0.0,0.0,5.872233,0.0,17.651485,31.185234,10.082565,16.52816,0.0,0.0,0.0,31.185234,0.0,31.185234,31.185234,38.170208,38.170208,17.651485,0.0
2.853318,7.2080355,16.89931,0.0,8.568089,7.741895,0.0,0.0,0.0,0.0,0.0,18.991701,18.991701,0.0,0.0,0.0,0.0,0.0,0.0,16.89931,18.991701,9.764081,45.06577,14.450457,24.569397,0.0,0.0,0.0,45.06577,0.0,26.074062,26.074062,31.822285,31.822285,9.764081,0.0
0.850914,4.9208107,11.151325,0.0,5.8237257,5.2936354,0.0,0.0,0.0,0.0,0.0,18.991701,18.991701,0.0,0.0,0.0,0.0,0.0,0.0,11.151325,18.991701,7.229197,37.33826,11.516627,20.732615,0.0,0.0,0.0,37.33826,0.0,18.346558,18.346558,26.88227,26.88227,7.229197,0.0
0.0,2.9008613,14.067893,0.0,7.473941,3.040607,0.0,0.19658597,0.0,0.0,0.0,18.991701,18.991701,0.0,0.0,0.0,0.0,0.0,0.0,13.883782,18.991701,6.5184636,36.02471,10.8565645,20.255508,0.19658597,0.027201561,0.041133307,36.02471,0.0,17.03301,17.03301,30.087255,30.087255,6.5184636,0.0
0.0,0.4524106,21.324682,0.0,11.10205,0.47555175,0.0,0.0,0.0,0.0,0.0,18.991701,18.991701,0.0,0.0,0.0,0.0,0.0,0.0,21.324682,18.991701,6.3809123,36.95021,10.6089525,21.027397,0.0,0.0,0.0,36.95021,0.0,17.958515,17.958515,23.599964,23.599964,6.3809123,0.0
0.0,0.21187752,20.755644,0.0,11.128851,0.2192682,0.0,0.0,0.0,0.0,0.0,18.991701,18.991701,0.0,0.0,0.0,0.0,0.0,0.0,20.755644,18.991701,6.1983104,36.53813,10.4335785,21.008705,0.0,0.0,0.0,36.53813,0.0,17.546429,17.546429,29.292458,29.292458,6.1983104,0.0
0.0,0.0,18.121122,0.0,9.8514185,0.0,0.0,0.0,0.0,0.0,0.0,18.991701,18.991701,0.0,0.0,0.0,0.0,0.0,0.0,18.121122,18.991701,6.1979246,35.04104,10.021899,20.32697,0.0,0.0,0.0,35.04104,0.0,16.049341,16.049341,30.98857,30.98857,6.1979246,0.0
0.64957273,0.0,24.921778,0.0,13.046295,0.0,0.0,0.9396752,0.0,0.0,0.0,18.991701,18.991701,0.0,0.0,0.0,0.0,0.0,0.0,24.078684,18.991701,6.453463,38.491455,11.017657,22.508038,0.9396752,0.13002267,0.19661601,38.491455,0.0,19.499758,19.499758,34.69307,34.69307,6.453463,0.0
0.0,4.8733,29.91046,0.0,15.308118,5.180378,0.0,0.0,0.0,0.0,0.0,18.991701,18.991701,0.0,0.0,0.0,0.0,0.0,0.0,29.91046,18.991701,7.1445265,46.624725,13.853651,27.200916,0.0,0.0,0.0,46.624725,0.0,27.633022,27.633022,39.50112,39.50112,7.1445265,0.0
0.6184344,21.479042,21.964212,0.0,11.21298,22.914574,0.0,0.16076584,0.0,0.0,0.0,18.991701,18.991701,0.0,0.0,0.0,0.0,0.0,0.0,21.814201,18.991701,12.657498,65.77675,20.552223,37.98037,0.16076584,0.022245137,0.033638366,65.77675,0.0,46.785053,46.785053,62.34228,62.34228,12.657498,0.0
0.40822434,2.7343187,31.34509,0.0,15.048512,2.905746,0.0,1.7445023,0.0,0.0,0.0,18.991701,18.991701,0.0,0.0,0.0,0.0,0.0,0.0,29.76474,18.991701,9.73901,46.684967,16.089973,26.71623,1.7445023,0.24138643,0.3650166,46.684967,0.0,27.693268,27.693268,50.059834,50.059834,9.73901,0.0
0.0,3.750889,41.446285,0.0,20.96143,3.9838624,0.0,0.28179374,0.0,0.0,0.0,16.93173,16.93173,0.0,0.0,0.0,0.0,0.0,0.0,41.183342,16.93173,10.597707,52.246765,20.1668,29.95996,0.28179374,0.03899174,0.058962032,52.246765,0.0,35.315037,35.542995,48.967216,49.19518,10.597707,-0.22795996
0.3596039,12.109552,30.95188,0.0,15.040292,13.076628,0.0,2.53093e-07,0.0,0.0,0.0,-15.109897,0.0,-15.109897,0.0,0.0,0.0,0.0,15.109897,30.95188,0.0,13.189014,25.017199,9.545389,16.40187,2.53093e-07,3.5020427e-08,5.2956736e-08,25.017199,0.0,40.127094,41.305935,51.862804,53.04165,13.189014,-1.1788403
0.0,5.9208283,7.5146976,0.0,5.6240616,6.375708,0.0,3.112841,0.0,0.0,0.0,-16.570984,0.0,-16.570984,0.0,0.0,0.0,0.0,16.570984,7.5146976,0.0,11.339747,4.4578185,1.59431,5.1121473,3.112841,0.43072316,0.6513254,4.4578185,0.0,20.627598,22.938314,34.923206,37.23392,11.339747,-2.3107166
0.40565082,4.4172907,18.102654,0.0,8.353158,4.7021675,0.0,0.0,0.0,0.0,0.0,-16.696001,0.0,-16.696001,0.0,0.0,0.0,0.0,16.696001,18.102654,0.0,11.913965,6.1222687,2.1255848,6.48761,0.0,0.0,0.0,6.1222687,0.0,22.818268,24.969292,29.62032,31.771341,11.913965,-2.151022
0.782301,3.2009895,2.256785,0.0,0.8828625,3.4139519,0.0,0.0,0.0,0.0,0.0,-16.696001,0.0,-16.696001,0.0,0.0,0.0,0.0,16.696001,2.256785,0.0,12.1705675,-1.5580481,-0.52272654,3.0909283,0.0,0.0,0.0,0.0,-1.5580481,15.137951,16.467382,26.083975,27.413404,12.1705675,-1.3294297
2.9378865,10.573794,2.5294874,0.0,1.1159606,11.233469,0.0,0.0,0.0,0.0,0.0,-16.696001,0.0,-16.696001,0.0,0.0,0.0,0.0,16.696001,2.5294874,0.0,12.10875,6.7232137,2.199229,6.6061044,0.0,0.0,0.0,6.7232137,0.0,23.419214,24.45818,34.641407,35.680374,12.10875,-1.0389661
0.094355755,5.1914873,14.699362,0.0,6.9225783,5.469929,0.0,0.0,0.0,0.0,0.0,-16.696001,0.0,-16.696001,0.0,0.0,0.0,0.0,16.696001,14.699362,0.0,11.706346,6.874334,2.3303185,6.0910554,0.0,0.0,0.0,6.874334,0.0,23.570335,24.098854,35.59423,36.122753,11.706346,-0.52851826
0.0,3.4367025,14.552614,0.0,6.7053094,3.6284094,0.0,0.0,0.0,0.0,0.0,-16.696001,0.0,-16.696001,0.0,0.0,0.0,0.0,16.696001,14.552614,0.0,11.207115,4.109537,1.4563229,4.434188,0.0,0.0,0.0,4.109537,0.0,20.805536,21.540836,29.33657,30.071867,11.207115,-0.7352966
0.5030384,6.320151,12.92243,0.0,6.0664244,6.7486477,0.0,0.0,0.0,0.0,0.0,-16.696001,0.0,-16.696001,0.0,0.0,0.0,0.0,16.696001,12.92243,0.0,14.837901,10.865951,3.938229,7.6088295,0.0,0.0,0.0,10.865951,0.0,27.561953,27.652973,35.97212,36.063137,14.837901,-0.09102262
0.0,21.259632,11.429474,0.0,5.723929,22.595325,0.0,0.0,0.0,0.0,0.0,-16.696001,0.0,-16.696001,0.0,0.0,0.0,0.0,16.696001,11.429474,0.0,14.309593,25.916153,10.196712,16.481623,0.0,0.0,0.0,25.916153,0.0,42.612156,42.628845,52.559082,52.575775,14.309593,-0.016692255
0.0,12.93631,20.789759,0.0,9.641709,14.031673,0.0,0.0,0.0,0.0,0.0,-16.335352,0.0,-16.335352,0.0,0.0,0.0,0.0,16.335352,20.789759,0.0,17.683256,25.021288,9.8446245,14.932782,0.0,0.0,0.0,25.021288,0.0,41.35664,41.35664,53.01375,53.01375,17.683256,0.0
0.27412537,10.697866,14.25662,0.0,6.7577295,11.416513,0.0,0.0,0.0,0.0,0.0,-7.510085,0.0,-7.510085,0.0,0.0,0.0,0.0,7.510085,14.25662,0.0,19.56483,30.228992,11.155641,16.964746,0.0,0.0,0.0,30.228992,0.0,37.739075,37.739075,50.55088,50.55088,19.56483,0.0
0.43203688,13.569233,8.180628,0.0,4.0131607,14.5242405,0.0,0.0,0.0,0.0,0.0,-0.9253827,0.0,-0.9253827,0.0,0.0,0.0,0.0,0.9253827,8.180628,0.0,17.27209,34.88411,12.193862,19.040619,0.0,0.0,0.0,34.88411,0.0,35.809486,35.809486,52.690857,52.690857,17.27209,0.0
0.0,5.6500635,23.427357,0.0,11.130028,5.964958,0.0,0.0,0.0,0.0,0.0,0.0,0.0,0.0,0.0,0.0,0.0,0.0,0.0,23.427357,0.0,12.9123535,30.00734,9.629252,16.156218,0.0,0.0,0.0,30.00734,0.0,30.00734,30.00734,37.704414,37.704414,12.9123535,0.0
2.5806408,6.5648365,18.914349,0.0,9.30135,6.967061,0.0,0.0,0.0,0.0,0.0,18.991701,18.991701,0.0,0.0,0.0,0.0,0.0,0.0,18.914349,18.991701,8.788191,44.0483,13.875389,24.042927,0.0,0.0,0.0,44.0483,0.0,25.0566,25.0566,34.130787,34.130787,8.788191,0.0
1.5422153,5.178749,24.408178,0.0,12.465614,5.4817147,0.0,0.0,0.0,0.0,0.0,18.991701,18.991701,0.0,0.0,0.0,0.0,0.0,0.0,24.408178,18.991701,6.943312,43.88234,13.455316,24.331884,0.0,0.0,0.0,43.88234,0.0,24.890642,24.890642,34.764847,34.764847,6.943312,0.0
0.0,1.5412765,17.382898,0.0,8.579088,1.6532608,0.0,0.20040078,0.0,0.0,0.0,18.991701,18.991701,0.0,0.0,0.0,0.0,0.0,0.0,17.195904,18.991701,13.035034,42.259087,11.988852,23.68651,0.20040078,0.027729416,0.04193151,42.259087,0.0,23.267385,23.267385,35.11648,35.11648,13.035034,0.0
0.0,0.9118595,12.566917,0.0,6.468354,0.97305477,0.0,0.0,0.0,0.0,0.0,18.991701,18.991701,0.0,0.0,0.0,0.0,0.0,0.0,12.566917,18.991701,6.3906074,32.82371,9.165483,18.357954,0.0,0.0,0.0,32.82371,0.0,13.832017,13.832017,24.4651,24.4651,6.3906074,0.0
0.0,0.0,22.42049,0.0,13.963299,0.0,0.0,3.9177148,0.0,0.0,0.0,18.991701,18.991701,0.0,0.0,0.0,0.0,0.0,0.0,22.42049,18.991701,6.2062716,39.161263,10.833856,21.952484,3.9177148,0.5420934,0.8197358,39.161263,0.0,19.713055,19.713055,30.134916,30.134916,6.2062716,0.0
0.5593984,10.819741,24.141678,0.0,12.298076,11.748163,0.0,0.0,0.0,0.0,0.0,18.991701,18.991701,0.0,0.0,0.0,0.0,0.0,0.0,24.141678,18.991701,6.2048697,49.242805,13.418626,27.365122,0.0,0.0,0.0,49.242805,0.0,30.251108,30.251108,38.47947,38.47947,6.2048697,0.0
0.12368905,6.826086,20.79181,0.0,10.098027,7.4244986,0.0,0.053924035,0.0,0.0,0.0,18.991701,18.991701,0.0,0.0,0.0,0.0,0.0,0.0,20.741493,18.991701,6.4592547,42.973484,11.688745,23.925323,0.053924035,0.007461458,0.01128297,42.973484,0.0,23.981781,23.981781,34.900917,34.900917,6.4592547,0.0
0.9611834,6.147376,12.750849,0.0,6.3194933,6.6068068,0.0,0.0,0.0,0.0,0.0,18.991701,18.991701,0.0,0.0,0.0,0.0,0.0,0.0,12.750849,18.991701,7.7667556,39.68475,11.285632,22.122265,0.0,0.0,0.0,39.68475,0.0,20.693054,20.693054,35.07814,35.07814,7.7667556,0.0
0.0,17.327667,22.903704,0.0,11.427776,17.867691,0.0,0.0,0.0,0.0,0.0,18.991701,18.991701,0.0,0.0,0.0,0.0,0.0,0.0,22.903704,18.991701,13.430751,61.717915,18.759964,34.416615,0.0,0.0,0.0,61.717915,0.0,42.72622,42.72622,58.038395,58.038395,13.430751,0.0
0.29187492,3.1160603,23.776276,0.0,11.597195,3.3450716,0.0,0.0,0.0,0.0,0.0,18.991701,18.991701,0.0,0.0,0.0,0.0,0.0,0.0,23.776276,18.991701,10.266209,44.200172,14.871541,24.764328,0.0,0.0,0.0,44.200172,0.0,25.208473,25.208473,46.388832,46.388832,10.266209,0.0
0.0,2.4337926,42.11031,0.0,20.9954,2.6382527,0.0,0.28179374,0.0,0.0,0.0,16.928493,16.928493,0.0,0.0,0.0,0.0,0.0,0.0,41.847366,16.928493,9.630637,49.390438,17.928776,28.083593,0.28179374,0.03899174,0.058962032,49.390438,0.0,32.461945,33.264286,44.90138,45.703716,9.630637,-0.8023448
0.0,5.217218,9.721901,0.0,4.9423103,5.46828,0.0,0.0,0.0,0.0,0.0,-15.111423,0.0,-15.111423,0.0,0.0,0.0,0.0,15.111423,9.721901,0.0,10.640098,3.4306443,1.2451525,5.723461,0.0,0.0,0.0,3.4306443,0.0,18.542068,21.05069,32.254486,34.763107,10.640098,-2.5086215
0.10303751,11.107164,12.977241,0.0,6.4374647,11.508232,0.0,0.0,0.0,0.0,0.0,-16.570984,0.0,-16.570984,0.0,0.0,0.0,0.0,16.570984,12.977241,0.0,11.025464,9.745549,3.3875988,9.089661,0.0,0.0,0.0,9.745549,0.0,26.316532,28.971163,37.960186,40.614815,11.025464,-2.6546285
2.4022346,3.828539,20.330563,0.0,8.997366,4.000897,0.0,0.0,0.0,0.0,0.0,-16.696001,0.0,-16.696001,0.0,0.0,0.0,0.0,16.696001,20.330563,0.0,10.824852,5.6730914,1.8928144,6.6517363,0.0,0.0,0.0,5.6730914,0.0,22.369093,23.823116,28.130507,29.58453,10.824852,-1.4540235
1.7148839,3.9705434,14.668867,0.0,6.5353546,4.2021523,0.0,0.0,0.0,0.0,0.0,-16.696001,0.0,-16.696001,0.0,0.0,0.0,0.0,16.696001,14.668867,0.0,11.294744,1.0304722,0.3340345,4.712862,0.0,0.0,0.0,1.0304722,0.0,17.72647,22.03225,21.40099,25.706768,11.294744,-4.305777
1.2183713,2.9832962,3.5393023,0.0,1.524136,3.171969,0.0,0.0,0.0,0.0,0.0,-16.696001,0.0,-16.696001,0.0,0.0,0.0,0.0,16.696001,3.5393023,0.0,10.432807,-4.161769,-1.3084351,1.5603579,0.0,0.0,0.0,0.0,-4.161769,12.53423,15.128912,20.137411,22.73209,10.432807,-2.5946798
2.3497696,3.413877,3.0577185,0.0,1.2820389,3.5539694,0.0,0.0,0.0,0.0,0.0,-16.696001,0.0,-16.696001,0.0,0.0,0.0,0.0,16.696001,3.0577185,0.0,10.9657345,-2.644495,-0.85499686,2.4429846,0.0,0.0,0.0,0.0,-2.644495,14.051505,15.8017435,22.838648,24.588888,10.9657345,-1.7502377
3.3435297,9.627054,11.550623,0.0,5.0660114,10.216937,0.0,0.0,0.0,0.0,0.0,-16.696001,0.0,-16.696001,0.0,0.0,0.0,0.0,16.696001,11.550623,0.0,21.119768,15.89901,5.233242,12.626093,0.0,0.0,0.0,15.89901,0.0,32.59501,36.40271,37.43211,41.23981,21.119768,-3.8077056
2.795622,6.3256216,0.0,0.0,0.0,6.7720213,0.0,0.0,0.0,0.0,0.0,-16.696001,0.0,-16.696001,0.0,0.0,0.0,0.0,16.696001,0.0,0.0,17.642477,5.1754413,1.7154372,6.995498,0.0,0.0,0.0,5.1754413,0.0,21.87144,24.414497,28.156734,30.699787,17.642477,-2.5430574
2.876008,11.280441,9.926386,0.0,4.5773306,12.008902,0.0,0.0,0.0,0.0,0.0,-16.696001,0.0,-16.696001,0.0,0.0,0.0,0.0,16.696001,9.926386,0.0,16.682646,16.356922,5.6061306,11.5956545,0.0,0.0,0.0,16.356922,0.0,33.052925,33.26888,36.2928,36.508755,16.682646,-0.21595363
1.2724102,8.13102,0.0,0.0,2.4166343,8.6110115,0.0,3.3935244,0.0,0.0,0.0,-16.333466,0.0,-16.333466,0.0,0.0,0.0,0.0,16.333466,0.0,0.0,19.576328,14.270507,5.026283,9.615829,3.3935244,0.46956128,0.71005523,14.270507,0.0,30.18507,30.18507,38.362156,38.362156,19.576328,0.0
0.035062853,6.3647394,15.954726,0.0,7.8529544,6.7302265,0.0,0.0,0.0,0.0,0.0,-7.5078235,0.0,-7.5078235,0.0,0.0,0.0,0.0,7.5078235,15.954726,0.0,19.48821,26.563568,9.210277,17.042612,0.0,0.0,0.0,26.563568,0.0,34.071392,34.071392,39.453278,39.453278,19.48821,0.0
1.4614973,5.1910067,14.542122,0.0,6.6535015,5.5616555,0.0,0.0,0.0,0.0,0.0,-0.9253827,0.0,-0.9253827,0.0,0.0,0.0,0.0,0.9253827,14.542122,0.0,15.479,26.768778,8.7315445,16.857445,0.0,0.0,0.0,26.768778,0.0,27.69416,27.69416,35.80224,35.80224,15.479,0.0
3.8076735,11.869167,5.42142,0.0,2.8179204,12.894885,0.0,0.0,0.0,0.0,0.0,0.0,0.0,0.0,0.0,0.0,0.0,0.0,0.0,5.42142,0.0,12.861207,28.574015,8.804665,17.53242,0.0,0.0,0.0,28.574015,0.0,28.574015,28.574015,38.24464,38.24464,12.861207,0.0
1.2902772,1.9090222,17.305395,0.0,8.593526,2.020185,0.0,0.0,0.0,0.0,0.0,18.991701,18.991701,0.0,0.0,0.0,0.0,0.0,0.0,17.305395,18.991701,9.838098,39.443504,11.939542,23.900242,0.0,0.0,0.0,39.443504,0.0,20.451809,20.451809,27.00384,27.00384,9.838098,0.0
0.41196272,3.061728,16.338106,0.0,8.22371,3.259213,0.0,0.105880275,0.0,0.0,0.0,18.991701,18.991701,0.0,0.0,0.0,0.0,0.0,0.0,16.23931,18.991701,7.158137,37.63276,11.000998,22.515146,0.105880275,0.014650633,0.022154205,37.63276,0.0,18.64106,18.64106,29.23506,29.23506,7.158137,0.0
0.0,1.5413622,20.543571,0.0,10.650447,1.6280866,0.0,0.0,0.0,0.0,0.0,18.991701,18.991701,0.0,0.0,0.0,0.0,0.0,0.0,20.543571,18.991701,6.4967866,37.76702,10.468414,21.141294,0.0,0.0,0.0,37.76702,0.0,18.775318,18.775318,26.603025,26.603025,6.4967866,0.0
0.0,0.0,8.663295,0.0,4.5594683,0.0,0.0,0.0,0.0,0.0,0.0,18.991701,18.991701,0.0,0.0,0.0,0.0,0.0,0.0,8.663295,18.991701,6.2857423,29.836908,8.047213,15.985573,0.0,0.0,0.0,29.836908,0.0,10.84521,10.84521,22.766363,22.766363,6.2857423,0.0
0.0,0.0,17.441841,0.0,8.662541,0.0,0.0,0.10256027,0.0,0.0,0.0,18.991701,18.991701,0.0,0.0,0.0,0.0,0.0,0.0,17.349829,18.991701,6.153729,33.807972,8.896291,17.063158,0.10256027,0.014191244,0.021459531,33.807972,0.0,14.816271,14.816271,26.757698,26.757698,6.153729,0.0
0.0,7.59453,23.586279,0.0,12.669196,8.1228485,0.0,0.16735849,0.0,0.0,0.0,18.991701,18.991701,0.0,0.0,0.0,0.0,0.0,0.0,23.430115,18.991701,6.168577,45.952324,12.091977,22.89284,0.16735849,0.02315736,0.0350178,45.952324,0.0,26.960623,26.960623,37.160423,37.160423,6.168577,0.0
0.0,2.479689,12.307455,0.0,6.4183807,2.7121406,0.0,0.0,0.0,0.0,0.0,18.991701,18.991701,0.0,0.0,0.0,0.0,0.0,0.0,12.307455,18.991701,6.453915,34.576134,9.081975,17.555285,0.0,0.0,0.0,34.576134,0.0,15.584437,15.584437,34.103542,34.103542,6.453915,0.0
0.65753895,1.8597337,30.153334,0.0,15.649521,2.0361896,0.0,2.334117,0.0,0.0,0.0,18.991701,18.991701,0.0,0.0,0.0,0.0,0.0,0.0,28.038496,18.991701,7.081107,43.75852,11.877715,22.873325,2.334117,0.32297128,0.48838657,43.75852,0.0,24.766815,24.766815,41.50515,41.50515,7.081107,0.0
0.0,3.887671,35.922764,0.0,19.504333,4.2082787,0.0,0.7544149,0.0,0.0,0.0,18.991701,18.991701,0.0,0.0,0.0,0.0,0.0,0.0,35.218815,18.991701,10.512929,53.217236,15.539807,28.609903,0.7544149,0.10438824,0.15785247,53.217236,0.0,34.225536,34.225536,51.442688,51.442688,10.512929,0.0
0.30544022,14.946682,22.814154,0.0,11.921365,15.625297,0.0,0.511354,0.0,0.0,0.0,18.991701,18.991701,0.0,0.0,0.0,0.0,0.0,0.0,22.337008,18.991701,12.411448,58.949814,18.650692,32.340607,0.511354,0.07075595,0.10699483,58.949814,0.0,39.95811,39.95811,61.15463,61.15463,12.411448,0.0
0.0,4.8683376,52.50867,0.0,25.30359,5.153459,0.0,1.3203838,0.0,0.0,0.0,16.925259,16.925259,0.0,0.0,0.0,0.0,0.0,0.0,51.315407,16.925259,11.564045,57.657433,19.094355,32.24427,1.3203838,0.18270124,0.2762748,57.657433,0.0,40.732174,42.02109,48.44866,49.73758,11.564045,-1.288917
1.0270171,3.819355,17.076431,0.0,8.9811125,4.0791636,0.0,4.007185e-08,0.0,0.0,0.0,-15.112947,0.0,-15.112947,0.0,0.0,0.0,0.0,15.112947,17.076431,0.0,11.5218525,6.7646484,2.294363,6.5843554,4.007185e-08,5.544734e-09,8.384564e-09,6.7646484,0.0,21.877596,24.582129,33.674377,36.37891,11.5218525,-2.7045333
1.437199,7.2977962,16.038067,0.0,9.005646,7.742936,0.0,5.4491568,0.0,0.0,0.0,-16.570984,0.0,-16.570984,0.0,0.0,0.0,0.0,16.570984,16.038067,0.0,11.775578,7.5606265,2.497948,8.090266,5.4491568,0.7539987,1.1401721,7.5606265,0.0,23.70607,28.09862,29.592058,33.984604,11.775578,-4.392549
3.0726953,6.600092,9.294718,0.0,4.643461,7.0880604,0.0,0.0,0.0,0.0,0.0,-16.696001,0.0,-16.696001,0.0,0.0,0.0,0.0,16.696001,9.294718,0.0,12.762903,2.1260102,0.6993705,4.6881804,0.0,0.0,0.0,2.1260102,0.0,18.822008,24.494427,22.646397,28.318813,12.762903,-5.6724153
6.036043,5.8777947,6.2795186,0.0,3.0908716,6.219517,0.0,0.0,0.0,0.0,0.0,-16.696001,0.0,-16.696001,0.0,0.0,0.0,0.0,16.696001,6.2795186,0.0,15.507121,1.658318,0.5208116,4.5776625,0.0,0.0,0.0,1.658318,0.0,18.354319,24.81751,20.888315,27.351507,15.507121,-6.4631915
6.411699,5.321742,2.197096,0.0,0.9148386,5.661394,0.0,0.0,0.0,0.0,0.0,-16.696001,0.0,-16.696001,0.0,0.0,0.0,0.0,16.696001,2.197096,0.0,11.65671,-4.9123635,-1.494266,3.0453725,0.0,0.0,0.0,0.0,-4.9123635,11.783636,18.232943,14.6536,21.102907,11.65671,-6.4493046
9.696052,5.5955305,0.0,0.0,0.0,5.874933,0.0,0.0,0.0,0.0,0.0,-16.696001,0.0,-16.696001,0.0,0.0,0.0,0.0,16.696001,0.0,0.0,10.191483,-6.2179933,-1.8972467,2.4177566,0.0,0.0,0.0,0.0,-6.2179933,10.478006,16.066416,13.321807,18.910215,10.191483,-5.588408
10.342691,7.437192,0.0,0.0,0.0,7.850807,0.0,0.0,0.0,0.0,0.0,-16.696001,0.0,-16.696001,0.0,0.0,0.0,0.0,16.696001,0.0,0.0,13.730881,1.889782,0.57080406,3.7787192,0.0,0.0,0.0,1.889782,0.0,18.585781,21.581688,22.676044,25.671951,13.730881,-2.9959052
5.677518,8.629941,6.8959904,0.0,3.0770535,9.206677,0.0,0.0,0.0,0.0,0.0,-16.696001,0.0,-16.696001,0.0,0.0,0.0,0.0,16.696001,6.8959904,0.0,13.46427,8.265766,2.5360842,6.7235227,0.0,0.0,0.0,8.265766,0.0,24.961765,25.748001,28.434729,29.220963,13.46427,-0.7862328
2.697917,7.9173136,6.2863274,0.0,3.166797,8.519836,0.0,0.0,0.0,0.0,0.0,-16.696001,0.0,-16.696001,0.0,0.0,0.0,0.0,16.696001,6.2863274,0.0,23.796223,18.656158,5.888145,11.659203,0.0,0.0,0.0,18.656158,0.0,35.35216,35.48286,40.180958,40.31166,23.796223,-0.13069889
1.1662002,2.9817996,9.041605,0.0,4.363353,3.2302995,0.0,0.0,0.0,0.0,0.0,-16.331583,0.0,-16.331583,0.0,0.0,0.0,0.0,16.331583,9.041605,0.0,16.184425,7.4464936,2.4570906,5.467794,0.0,0.0,0.0,7.4464936,0.0,23.778076,23.778076,30.880379,30.880379,16.184425,0.0
2.2346292,17.912859,7.995098,0.0,3.9499834,19.409851,0.0,0.0,0.0,0.0,0.0,-7.505568,0.0,-7.505568,0.0,0.0,0.0,0.0,7.505568,7.995098,0.0,23.754396,39.60867,12.863392,24.913574,0.0,0.0,0.0,39.60867,0.0,47.11423,47.11423,53.9462,53.9462,23.754396,0.0
1.4337529,11.540727,20.543608,0.0,10.05896,12.286298,0.0,0.0,0.0,0.0,0.0,-0.9253827,0.0,-0.9253827,0.0,0.0,0.0,0.0,0.9253827,20.543608,0.0,17.078733,38.498608,11.7822895,24.251295,0.0,0.0,0.0,38.498608,0.0,39.42399,39.42399,42.192635,42.192635,17.078733,0.0
3.4057536,21.168797,7.4744983,0.0,3.7195306,22.20152,0.0,0.0,0.0,0.0,0.0,0.0,0.0,0.0,0.0,0.0,0.0,0.0,0.0,7.4744983,0.0,12.781726,38.702778,11.450217,24.252796,0.0,0.0,0.0,38.702778,0.0,38.702778,38.702778,50.00664,50.00664,12.781726,0.0
0.48441735,3.6100054,10.600378,0.0,5.7073226,3.799812,0.0,0.0,0.0,0.0,0.0,18.991701,18.991701,0.0,0.0,0.0,0.0,0.0,0.0,10.600378,18.991701,8.985221,37.48406,10.945607,22.981033,0.0,0.0,0.0,37.48406,0.0,18.492355,18.492355,29.836876,29.836876,8.985221,0.0
1.0284507,1.3529137,22.021906,0.0,11.220791,1.4599748,0.0,0.0,0.0,0.0,0.0,18.991701,18.991701,0.0,0.0,0.0,0.0,0.0,0.0,22.021906,18.991701,6.791805,38.464268,10.902881,22.353556,0.0,0.0,0.0,38.464268,0.0,19.472572,19.472572,27.851757,27.851757,6.791805,0.0
0.0,0.0,12.081403,0.0,6.7433224,0.0,0.0,0.0028482976,0.0,0.0,0.0,18.991701,18.991701,0.0,0.0,0.0,0.0,0.0,0.0,12.078735,18.991701,6.473292,32.208317,8.758272,17.269531,0.0028482976,0.00039411837,0.0005959728,32.208317,0.0,13.216613,13.216613,25.997162,25.997162,6.473292,0.0
0.0,0.0,14.474414,0.0,7.5387645,0.0,0.0,0.0,0.0,0.0,0.0,18.991701,18.991701,0.0,0.0,0.0,0.0,0.0,0.0,14.474414,18.991701,6.3086085,32.83907,8.664998,15.725619,0.0,0.0,0.0,32.83907,0.0,13.847373,13.847373,26.511799,26.511799,6.3086085,0.0
0.0,0.0,28.77087,0.0,17.173248,0.0,0.0,5.2875667,0.0,0.0,0.0,18.991701,18.991701,0.0,0.0,0.0,0.0,0.0,0.0,27.664845,18.991701,6.2544527,42.4194,10.8420925,18.810816,5.2875667,0.7316395,1.1063614,42.4194,0.0,22.959019,22.959019,34.891945,34.891945,6.2544527,0.0
0.0,0.0,13.052577,0.0,7.420969,0.0,0.0,0.0,0.0,0.0,0.0,18.991701,18.991701,0.0,0.0,0.0,0.0,0.0,0.0,13.052577,18.991701,6.168577,32.581245,8.094444,13.8627615,0.0,0.0,0.0,32.581245,0.0,13.589547,13.589547,33.052567,33.052567,6.168577,0.0
0.0,0.0,23.31194,0.0,12.409079,0.0,0.0,0.7544149,0.0,0.0,0.0,18.991701,18.991701,0.0,0.0,0.0,0.0,0.0,0.0,22.60799,18.991701,6.4256,37.826378,9.370533,15.552624,0.7544149,0.10438824,0.15785247,37.826378,0.0,18.834677,18.834677,36.625004,36.625004,6.4256,0.0
0.0,6.0177484,36.665123,0.0,18.926952,6.5490284,0.0,2.685444,0.0,0.0,0.0,18.991701,18.991701,0.0,0.0,0.0,0.0,0.0,0.0,34.224747,18.991701,6.882365,51.35005,13.15285,22.367304,2.685444,0.3715844,0.56189764,51.35005,0.0,32.35835,32.35835,48.600697,48.600697,6.882365,0.0
0.0,0.0,23.927036,0.0,12.429433,0.0,0.0,2.0949833,0.0,0.0,0.0,18.991701,18.991701,0.0,0.0,0.0,0.0,0.0,0.0,22.022635,18.991701,8.728172,40.149303,11.429986,19.561188,2.0949833,0.28988242,0.43835068,40.149303,0.0,21.157602,21.157602,44.922512,44.922512,8.728172,0.0
0.0,2.943759,34.368046,0.0,17.188288,3.179394,0.0,0.5595959,0.0,0.0,0.0,18.991701,18.991701,0.0,0.0,0.0,0.0,0.0,0.0,33.845882,18.991701,8.756327,48.11571,14.572591,24.98949,0.5595959,0.07743117,0.11708887,48.11571,0.0,29.124008,29.124008,51.915718,51.915718,8.756327,0.0
0.0,4.641457,27.265654,0.0,12.833118,5.0095463,0.0,1.5663761,0.0,0.0,0.0,16.92202,16.92202,0.0,0.0,0.0,0.0,0.0,0.0,25.847874,16.92202,10.776762,44.76488,14.60902,23.214426,1.5663761,0.21673915,0.3277458,44.76488,0.0,27.842861,28.61943,53.962883,54.739452,10.776762,-0.77656686
1.0580021,10.841986,33.333008,0.0,16.740955,11.484451,0.0,4.007185e-08,0.0,0.0,0.0,-15.114473,0.0,-15.114473,0.0,0.0,0.0,0.0,15.114473,33.333008,0.0,12.05832,22.667799,7.5030375,13.870811,4.007185e-08,5.544734e-09,8.384564e-09,22.667799,0.0,37.782276,40.283726,50.0533,52.554752,12.05832,-2.5014544
2.3057177,7.473437,21.30163,0.0,10.655887,7.9603376,0.0,2.1374775e-07,0.0,0.0,0.0,-16.570984,0.0,-16.570984,0.0,0.0,0.0,0.0,16.570984,21.30163,0.0,12.425626,9.879433,3.1448655,7.739197,2.1374775e-07,2.9576233e-08,4.4724207e-08,9.879433,0.0,26.450417,31.041847,34.08054,38.67197,12.425626,-4.5914326
2.5026133,13.659039,0.0,0.0,0.0,14.656612,0.0,0.0,0.0,0.0,0.0,-16.696001,0.0,-16.696001,0.0,0.0,0.0,0.0,16.696001,0.0,0.0,13.836687,6.044152,1.8876114,7.4621277,0.0,0.0,0.0,6.044152,0.0,22.740152,28.493301,33.4822,39.235355,13.836687,-5.753148
5.150673,3.7207785,14.22027,0.0,6.802387,3.9536316,0.0,0.0,0.0,0.0,0.0,-16.696001,0.0,-16.696001,0.0,0.0,0.0,0.0,16.696001,14.22027,0.0,15.17932,3.0004082,0.9147235,5.8688183,0.0,0.0,0.0,3.0004082,0.0,19.696407,25.935337,20.723763,26.962694,15.17932,-6.2389317
6.874938,3.1402078,4.207537,0.0,1.711707,3.3774166,0.0,0.0,0.0,0.0,0.0,-16.696001,0.0,-16.696001,0.0,0.0,0.0,0.0,16.696001,4.207537,0.0,13.566207,-3.6021605,-1.0895422,2.0733614,0.0,0.0,0.0,0.0,-3.6021605,13.09384,18.65533,16.801924,22.363415,13.566207,-5.561491
8.8620615,8.764173,4.021367,0.0,1.8230247,9.401094,0.0,0.0,0.0,0.0,0.0,-16.696001,0.0,-16.696001,0.0,0.0,0.0,0.0,16.696001,4.021367,0.0,17.676552,6.6890492,2.0621552,7.541565,0.0,0.0,0.0,6.6890492,0.0,23.385048,28.900667,26.116661,31.63228,17.676552,-5.5156226
9.8898735,10.962155,0.0,0.0,0.0,11.880328,0.0,0.0,0.0,0.0,0.0,-16.696001,0.0,-16.696001,0.0,0.0,0.0,0.0,16.696001,0.0,0.0,17.795523,8.37056,2.6296113,8.638927,0.0,0.0,0.0,8.37056,0.0,25.066559,29.67585,29.567583,34.176872,17.795523,-4.60929
10.4576,7.6791124,0.0,0.0,0.0,8.261812,0.0,0.0,0.0,0.0,0.0,-16.696001,0.0,-16.696001,0.0,0.0,0.0,0.0,16.696001,0.0,0.0,24.929302,13.945381,4.4319816,9.204319,0.0,0.0,0.0,13.945381,0.0,30.641376,33.191116,33.858757,36.40849,24.929302,-2.5497339
6.2629337,10.499908,0.0,0.0,0.0,11.070935,0.0,0.0,0.0,0.0,0.0,-16.696001,0.0,-16.696001,0.0,0.0,0.0,0.0,16.696001,0.0,0.0,21.796665,15.873257,5.2393613,10.529113,0.0,0.0,0.0,15.873257,0.0,32.56926,32.8676,38.217796,38.51614,21.796665,-0.29834384
2.160707,7.0969353,2.6043181,0.0,3.4938214,7.540113,0.0,3.112841,0.0,0.0,0.0,-16.329697,0.0,-16.329697,0.0,0.0,0.0,0.0,16.329697,2.6043181,0.0,17.547869,12.252108,4.083676,7.7327094,3.112841,0.43072316,0.6513254,12.252108,0.0,28.1806,28.1806,33.689568,33.689568,17.547869,0.0
2.0969887,5.813553,3.2760737,0.0,1.3828584,6.1812997,0.0,0.0,0.0,0.0,0.0,-7.503309,0.0,-7.503309,0.0,0.0,0.0,0.0,7.503309,3.2760737,0.0,17.93463,17.995478,5.8442845,10.165845,0.0,0.0,0.0,17.995478,0.0,25.498787,25.498787,31.449589,31.449589,17.93463,0.0
6.1969743,16.693462,2.1645963,0.0,1.0849023,17.815727,0.0,0.0,0.0,0.0,0.0,-0.9253827,0.0,-0.9253827,0.0,0.0,0.0,0.0,0.9253827,2.1645963,0.0,16.969246,34.944496,10.853716,19.689371,0.0,0.0,0.0,34.944496,0.0,35.869873,35.869873,40.932465,40.932465,16.969246,0.0
0.41188043,10.968118,6.3818226,0.0,2.995258,11.434757,0.0,0.0,0.0,0.0,0.0,0.0,0.0,0.0,0.0,0.0,0.0,0.0,0.0,6.3818226,0.0,16.875528,31.305546,9.435905,17.80966,0.0,0.0,0.0,31.305546,0.0,31.305544,31.305544,36.434067,36.434067,16.875528,0.0
3.6738324,3.2814121,10.126602,0.0,5.158929,3.512343,0.0,0.0,0.0,0.0,0.0,18.991701,18.991701,0.0,0.0,0.0,0.0,0.0,0.0,10.126602,18.991701,10.92907,38.59204,11.416985,22.165035,0.0,0.0,0.0,38.59204,0.0,19.600342,19.600342,27.148432,27.148432,10.92907,0.0
3.6169944,4.0579414,2.1821625,0.0,0.96978384,4.324971,0.0,0.0,0.0,0.0,0.0,18.991701,18.991701,0.0,0.0,0.0,0.0,0.0,0.0,2.1821625,18.991701,7.9971356,32.283592,9.082407,18.679638,0.0,0.0,0.0,32.283592,0.0,13.291891,13.291891,25.719017,25.719017,7.9971356,0.0
0.781274,2.3760757,21.416147,0.0,10.472193,2.529427,0.0,0.0,0.0,0.0,0.0,18.991701,18.991701,0.0,0.0,0.0,0.0,0.0,0.0,21.416147,18.991701,6.670544,38.663864,10.98493,22.300919,0.0,0.0,0.0,38.663864,0.0,19.672163,19.672163,26.191935,26.191935,6.670544,0.0
0.0,0.93393534,2.1548157,0.0,1.1015997,0.9888171,0.0,0.0,0.0,0.0,0.0,18.991701,18.991701,0.0,0.0,0.0,0.0,0.0,0.0,2.1548157,18.991701,6.3353825,27.417498,7.479275,14.985388,0.0,0.0,0.0,27.417498,0.0,8.425799,8.425799,22.80116,22.80116,6.3353825,0.0
0.0,1.6800933,17.92984,0.0,9.310303,1.7710648,0.0,1.0057306,0.0,0.0,0.0,18.991701,18.991701,0.0,0.0,0.0,0.0,0.0,0.0,17.069622,18.991701,6.175362,36.24843,9.830791,19.617887,1.0057306,0.13916275,0.21043733,36.24843,0.0,17.256727,17.256727,25.640142,25.640142,6.175362,0.0
0.0,0.76438475,18.396183,0.0,8.979608,0.8057737,0.0,0.0,0.0,0.0,0.0,18.991701,18.991701,0.0,0.0,0.0,0.0,0.0,0.0,18.396183,18.991701,6.187282,34.964363,9.482544,19.193819,0.0,0.0,0.0,34.964363,0.0,15.972664,15.972664,24.506765,24.506765,6.187282,0.0
0.0,0.0,16.289362,0.0,8.33387,0.0,0.0,0.0,0.0,0.0,0.0,18.991701,18.991701,0.0,0.0,0.0,0.0,0.0,0.0,16.289362,18.991701,6.4224005,33.747974,8.872679,18.409477,0.0,0.0,0.0,33.747974,0.0,14.756271,14.756271,25.737581,25.737581,6.4224005,0.0
0.8511951,1.995206,6.212841,0.0,3.2879772,2.0599334,0.0,0.0,0.0,0.0,0.0,18.991701,18.991701,0.0,0.0,0.0,0.0,0.0,0.0,6.212841,18.991701,7.8481,32.18771,8.7295,17.97716,0.0,0.0,0.0,32.18771,0.0,13.196012,13.196012,29.618149,29.618149,7.8481,0.0
0.0,8.466491,28.291916,0.0,13.866426,9.18169,0.0,0.0,0.0,0.0,0.0,18.991701,18.991701,0.0,0.0,0.0,0.0,0.0,0.0,28.291916,18.991701,8.621526,50.661335,14.244621,28.433805,0.0,0.0,0.0,50.661335,0.0,31.669643,31.669643,40.10266,40.10266,8.621526,0.0
0.0,9.128308,10.564487,0.0,4.8723226,9.635615,0.0,0.0,0.0,0.0,0.0,18.991701,18.991701,0.0,0.0,0.0,0.0,0.0,0.0,10.564487,18.991701,12.213933,45.71357,12.99454,25.237257,0.0,0.0,0.0,45.71357,0.0,26.72187,26.72187,49.917324,49.917324,12.213933,0.0
1.1260481,12.179975,35.539337,0.0,15.997419,12.933232,0.0,0.0,0.0,0.0,0.0,16.918781,16.918781,0.0,0.0,0.0,0.0,0.0,0.0,35.539337,16.918781,12.673299,57.184372,16.32639,31.712135,0.0,0.0,0.0,57.184372,0.0,40.26559,41.60395,46.503117,47.84147,12.673299,-1.3383563
0.7766575,15.472603,5.78181,0.0,2.317183,16.514738,0.0,0.0,0.0,0.0,0.0,-15.115997,0.0,-15.115997,0.0,0.0,0.0,0.0,15.115997,5.78181,0.0,14.180542,14.77082,4.4077897,11.533838,0.0,0.0,0.0,14.77082,0.0,29.886818,33.012463,40.140198,43.26584,14.180542,-3.1256464
6.487545,16.722935,6.878203,0.0,5.290365,17.85912,0.0,2.1718378,0.0,0.0,0.0,-16.570984,0.0,-16.570984,0.0,0.0,0.0,0.0,16.570984,6.878203,0.0,17.385927,19.170408,5.473236,12.957266,2.1718378,0.30051675,0.45443156,19.170408,0.0,35.389965,40.18399,39.466972,44.260998,17.385927,-4.7940197
6.6846223,6.13244,0.0,0.0,0.0,6.497832,0.0,0.0,0.0,0.0,0.0,-16.696001,0.0,-16.696001,0.0,0.0,0.0,0.0,16.696001,0.0,0.0,23.318794,7.214003,2.043964,7.7090406,0.0,0.0,0.0,7.214003,0.0,23.910004,29.816624,28.052937,33.95956,23.318794,-5.9066205
13.149129,4.2732534,0.0,0.0,0.0,4.5070143,0.0,0.0,0.0,0.0,0.0,-16.696001,0.0,-16.696001,0.0,0.0,0.0,0.0,16.696001,0.0,0.0,14.176772,-4.6190376,-1.2743987,2.418908,0.0,0.0,0.0,0.0,-4.6190376,12.0769615,18.683784,15.698849,22.305672,14.176772,-6.606824
18.065487,8.575496,4.1415195,0.0,1.6056929,9.29801,0.0,0.0,0.0,0.0,0.0,-16.696001,0.0,-16.696001,0.0,0.0,0.0,0.0,16.696001,4.1415195,0.0,18.029314,5.620567,1.4937912,6.885026,0.0,0.0,0.0,5.620567,0.0,22.316568,28.933018,23.017706,29.634153,18.029314,-6.6164513
20.444805,4.0998096,0.0,0.0,0.0,4.348162,0.0,0.0,0.0,0.0,0.0,-16.696001,0.0,-16.696001,0.0,0.0,0.0,0.0,16.696001,0.0,0.0,18.27067,-0.112841144,-0.030602882,4.5816236,0.0,0.0,0.0,0.0,-0.112841144,16.58316,22.618834,17.766031,23.801704,18.27067,-6.0356746
24.450394,8.823554,0.0,0.0,0.0,9.3343,0.0,0.0,0.0,0.0,0.0,-16.696001,0.0,-16.696001,0.0,0.0,0.0,0.0,16.696001,0.0,0.0,15.877804,3.8115885,1.0802736,5.7548594,0.0,0.0,0.0,3.8115885,0.0,20.50759,25.212105,21.318521,26.023037,15.877804,-4.704516
16.02618,8.007983,0.0,0.0,0.0,8.523687,0.0,0.0,0.0,0.0,0.0,-16.696001,0.0,-16.696001,0.0,0.0,0.0,0.0,16.696001,0.0,0.0,14.680267,3.9179215,1.1156201,4.923893,0.0,0.0,0.0,3.9179215,0.0,20.61392,23.203957,22.196964,24.786999,14.680267,-2.5900345
13.622328,11.110353,0.0,0.0,0.0,11.8887615,0.0,0.0,0.0,0.0,0.0,-16.696001,0.0,-16.696001,0.0,0.0,0.0,0.0,16.696001,0.0,0.0,15.974505,10.795307,3.3250997,7.803152,0.0,0.0,0.0,10.795307,0.0,27.491302,27.863266,31.725307,32.09727,15.974505,-0.37195903
11.577608,16.569525,1.9404635,0.0,0.8414527,17.8468,0.0,0.0,0.0,0.0,0.0,-16.327818,0.0,-16.327818,0.0,0.0,0.0,0.0,16.327818,1.9404635,0.0,17.896774,20.257206,7.2287846,12.741122,0.0,0.0,0.0,20.257206,0.0,36.585026,36.585026,38.56273,38.56273,17.896774,0.0
4.31464,8.750973,0.0,0.0,0.0,9.287195,0.0,0.0,0.0,0.0,0.0,-7.5010514,0.0,-7.5010514,0.0,0.0,0.0,0.0,7.5010514,0.0,0.0,21.228458,23.014605,8.212761,13.342375,0.0,0.0,0.0,23.014605,0.0,30.515652,30.515652,34.890476,34.890476,21.228458,0.0
8.18017,7.2168837,0.0,0.0,0.0,7.6641397,0.0,0.0,0.0,0.0,0.0,-0.9253827,0.0,-0.9253827,0.0,0.0,0.0,0.0,0.9253827,0.0,0.0,18.027271,24.766027,8.233163,14.382124,0.0,0.0,0.0,24.766027,0.0,25.69141,25.69141,31.28577,31.28577,18.027271,0.0
5.855632,7.008121,0.0,0.0,0.0,7.3677883,0.0,0.0,0.0,0.0,0.0,0.0,0.0,0.0,0.0,0.0,0.0,0.0,0.0,0.0,0.0,14.78438,22.152166,6.2969756,12.913899,0.0,0.0,0.0,22.152166,0.0,22.152166,22.152166,26.745358,26.745358,14.78438,0.0
1.5757998,12.590525,0.0,0.0,0.0,13.237707,0.0,0.0,0.0,0.0,0.0,18.991701,18.991701,0.0,0.0,0.0,0.0,0.0,0.0,0.0,18.991701,12.459992,44.689404,12.48369,26.413921,0.0,0.0,0.0,44.689404,0.0,25.6977,25.6977,33.415485,33.415485,12.459992,0.0
1.83744,0.6624299,2.2059383,0.0,1.1251838,0.70312643,0.0,0.0,0.0,0.0,0.0,18.991701,18.991701,0.0,0.0,0.0,0.0,0.0,0.0,2.2059383,18.991701,7.8418593,28.66187,7.773271,17.155268,0.0,0.0,0.0,28.66187,0.0,9.67017,9.67017,18.475748,18.475748,7.8418593,0.0
2.8859034,3.8415365,7.7060704,0.0,3.89003,4.131933,0.0,0.0,0.0,0.0,0.0,18.991701,18.991701,0.0,0.0,0.0,0.0,0.0,0.0,7.7060704,18.991701,7.0940747,34.10774,9.758432,19.84243,0.0,0.0,0.0,34.10774,0.0,15.116037,15.116037,22.665247,22.665247,7.0940747,0.0
1.1951805,2.1196616,6.6179523,0.0,3.0421164,2.2497654,0.0,0.0,0.0,0.0,0.0,18.991701,18.991701,0.0,0.0,0.0,0.0,0.0,0.0,6.6179523,18.991701,6.497524,30.781105,8.5733385,18.43179,0.0,0.0,0.0,30.781105,0.0,11.789406,11.789406,20.083992,20.083992,6.497524,0.0
0.67078424,0.37212843,13.882521,0.0,9.389906,0.41184747,0.0,3.3935244,0.0,0.0,0.0,18.991701,18.991701,0.0,0.0,0.0,0.0,0.0,0.0,13.882521,18.991701,6.2888737,35.08233,9.523098,20.941101,3.3935244,0.46956128,0.71005523,35.08233,0.0,15.671723,15.671723,20.89756,20.89756,6.2888737,0.0
0.9957451,1.5981212,1.392608,0.0,0.74531597,1.7110646,0.0,0.0,0.0,0.0,0.0,18.991701,18.991701,0.0,0.0,0.0,0.0,0.0,0.0,1.392608,18.991701,6.2207775,27.668856,7.051629,16.37924,0.0,0.0,0.0,27.668856,0.0,8.677157,8.677157,18.065094,18.065094,6.2207775,0.0
0.7351991,1.0915354,14.830225,0.0,7.4335947,1.145277,0.0,0.0,0.0,0.0,0.0,18.991701,18.991701,0.0,0.0,0.0,0.0,0.0,0.0,14.830225,18.991701,6.8632746,34.43385,8.595522,20.116634,0.0,0.0,0.0,34.43385,0.0,15.442147,15.442147,22.833633,22.833633,6.8632746,0.0
0.0,8.306519,16.939072,0.0,8.610569,9.056663,0.0,0.0,0.0,0.0,0.0,18.991701,18.991701,0.0,0.0,0.0,0.0,0.0,0.0,16.939072,18.991701,7.8441734,44.503105,11.097107,25.627226,0.0,0.0,0.0,44.503105,0.0,25.511406,25.511406,30.656492,30.656492,7.8441734,0.0
0.92538315,12.594053,2.5869532,0.0,1.2258735,13.538525,0.0,0.0,0.0,0.0,0.0,18.991701,18.991701,0.0,0.0,0.0,0.0,0.0,0.0,2.5869532,18.991701,9.702586,43.45869,10.986722,24.583475,0.0,0.0,0.0,43.45869,0.0,24.466984,24.466984,42.680107,42.680107,9.702586,0.0
1.3462288,12.2205,24.31636,0.0,11.39339,13.212846,0.0,0.0,0.0,0.0,0.0,18.991701,18.991701,0.0,0.0,0.0,0.0,0.0,0.0,24.31636,18.991701,11.208467,54.806396,14.881878,30.707703,0.0,0.0,0.0,54.806396,0.0,35.8147,35.8147,50.01454,50.01454,11.208467,0.0
1.2795734,6.3084083,20.686626,0.0,9.393794,6.736866,0.0,0.0,0.0,0.0,0.0,16.915548,16.915548,0.0,0.0,0.0,0.0,0.0,0.0,20.686626,16.915548,10.530459,43.450607,11.736359,24.217083,0.0,0.0,0.0,43.450607,0.0,26.535063,26.66112,40.40049,40.526546,10.530459,-0.12605593
1.1795461,2.7622666,21.172134,0.0,9.773924,2.9331312,0.0,0.0,0.0,0.0,0.0,-15.117521,0.0,-15.117521,0.0,0.0,0.0,0.0,15.117521,21.172134,0.0,19.895319,17.010876,4.781966,11.236817,0.0,0.0,0.0,17.010876,0.0,32.1284,32.60237,41.23578,41.70975,19.895319,-0.47397277
1.2186743,6.3563313,4.065178,0.0,1.6031384,6.884823,0.0,0.0,0.0,0.0,0.0,-16.570984,0.0,-16.570984,0.0,0.0,0.0,0.0,16.570984,4.065178,0.0,17.305862,7.6223536,2.0447462,6.3002396,0.0,0.0,0.0,7.6223536,0.0,24.193336,25.793823,34.49495,36.095432,17.305862,-1.6004858
0.54089355,3.4690213,20.732683,0.0,9.194222,3.6554916,0.0,0.0,0.0,0.0,0.0,-16.696001,0.0,-16.696001,0.0,0.0,0.0,0.0,16.696001,20.732683,0.0,13.928255,7.716883,1.9988883,7.3212366,0.0,0.0,0.0,7.716883,0.0,24.412884,26.77797,26.700388,29.065474,13.928255,-2.365084
2.4304714,3.1220934,1.5000002,0.0,0.67543095,3.2462497,0.0,0.0,0.0,0.0,0.0,-16.696001,0.0,-16.696001,0.0,0.0,0.0,0.0,16.696001,1.5000002,0.0,13.717418,-1.8673046,-0.47908708,3.5422938,0.0,0.0,0.0,0.0,-1.8673046,14.828696,17.6391,23.08659,25.896996,13.717418,-2.8104029
2.7111742,4.9584937,0.0,0.0,0.0,5.3353343,0.0,0.0,0.0,0.0,0.0,-16.696001,0.0,-16.696001,0.0,0.0,0.0,0.0,16.696001,0.0,0.0,15.270966,1.7830236,0.41112474,3.9616666,0.0,0.0,0.0,1.7830236,0.0,18.479023,20.6063,24.531992,26.659271,15.270966,-2.127277
5.0788145,9.034363,5.2433167,0.0,2.2851758,9.647239,0.0,0.0,0.0,0.0,0.0,-16.696001,0.0,-16.696001,0.0,0.0,0.0,0.0,16.696001,5.2433167,0.0,12.530282,4.1782126,0.99957025,5.1348815,0.0,0.0,0.0,4.1782126,0.0,20.87421,24.462696,23.288488,26.876972,12.530282,-3.5884829
4.197583,7.4415865,0.0,0.0,0.0,7.894269,0.0,0.0,0.0,0.0,0.0,-16.696001,0.0,-16.696001,0.0,0.0,0.0,0.0,16.696001,0.0,0.0,11.067915,0.23857877,0.06418031,3.4385245,0.0,0.0,0.0,0.23857877,0.0,16.93458,18.962185,20.34802,22.375624,11.067915,-2.027604
3.8060381,5.992704,4.465129,0.0,1.8038324,6.3396187,0.0,0.0,0.0,0.0,0.0,-16.696001,0.0,-16.696001,0.0,0.0,0.0,0.0,16.696001,4.465129,0.0,17.354017,8.225425,2.354917,6.686996,0.0,0.0,0.0,8.225425,0.0,24.921425,25.497467,27.294268,27.87031,17.354017,-0.5760447
3.920373,13.388735,1.1353698,0.0,0.5112425,14.314138,0.0,0.0,0.0,0.0,0.0,-16.696001,0.0,-16.696001,0.0,0.0,0.0,0.0,16.696001,1.1353698,0.0,23.76484,21.71156,6.5534215,12.317219,0.0,0.0,0.0,21.71156,0.0,38.40756,38.59022,43.17594,43.35861,23.76484,-0.18266226
1.7236917,4.5617414,5.3294883,0.0,4.7591934,4.8886213,0.0,3.112841,0.0,0.0,0.0,-16.325933,0.0,-16.325933,0.0,0.0,0.0,0.0,16.325933,5.3294883,0.0,19.510864,12.8327465,4.2662463,7.15421,3.112841,0.43072316,0.6513254,12.8327465,0.0,28.757475,28.757475,33.680416,33.680416,19.510864,0.0
3.0179043,7.730892,11.248706,0.0,5.304409,8.151424,0.0,0.0,0.0,0.0,0.0,-7.498792,0.0,-7.498792,0.0,0.0,0.0,0.0,7.498792,11.248706,0.0,30.859222,36.816265,12.954627,19.161146,0.0,0.0,0.0,36.816265,0.0,44.315056,44.315056,45.983524,45.983524,30.859222,0.0
2.5864995,15.581722,5.5809555,0.0,2.3829145,16.68546,0.0,0.0,0.0,0.0,0.0,-0.9253827,0.0,-0.9253827,0.0,0.0,0.0,0.0,0.9253827,5.5809555,0.0,17.414684,35.557674,12.298332,18.232178,0.0,0.0,0.0,35.557674,0.0,36.48305,36.48305,43.54802,43.54802,17.414684,0.0
0.9895177,5.934387,21.245623,0.0,9.707623,6.280397,0.0,0.0,0.0,0.0,0.0,0.0,0.0,0.0,0.0,0.0,0.0,0.0,0.0,21.245623,0.0,13.60635,29.59437,9.08123,15.190514,0.0,0.0,0.0,29.59437,0.0,29.59437,29.59437,36.610146,36.610146,13.60635,0.0
3.4998097,9.134158,9.380671,0.0,5.055319,9.751493,0.0,0.0,0.0,0.0,0.0,18.991701,18.991701,0.0,0.0,0.0,0.0,0.0,0.0,9.380671,18.991701,9.672327,43.47084,12.754624,22.434277,0.0,0.0,0.0,43.47084,0.0,24.47914,24.47914,34.743748,34.743748,9.672327,0.0
2.3187215,13.828291,12.917683,0.0,6.2636795,14.496128,0.0,0.28179374,0.0,0.0,0.0,18.991701,18.991701,0.0,0.0,0.0,0.0,0.0,0.0,12.654739,18.991701,7.859086,47.61059,13.265436,24.607153,0.28179374,0.03899174,0.058962032,47.61059,0.0,28.618896,28.618896,34.300835,34.300835,7.859086,0.0
0.0,1.1374388,14.472896,0.0,7.4881916,1.2186,0.0,0.0,0.0,0.0,0.0,18.991701,18.991701,0.0,0.0,0.0,0.0,0.0,0.0,14.472896,18.991701,6.6488423,34.347336,9.410745,17.240131,0.0,0.0,0.0,34.347336,0.0,15.355635,15.355635,24.965225,24.965225,6.6488423,0.0
0.5392816,1.7877877,22.958538,0.0,11.794854,1.9226838,0.0,0.46119997,0.0,0.0,0.0,18.991701,18.991701,0.0,0.0,0.0,0.0,0.0,0.0,22.564066,18.991701,6.337001,39.046238,10.531457,20.244669,0.46119997,0.063816145,0.09650068,39.046238,0.0,20.05454,20.05454,29.104153,29.104153,6.337001,0.0
0.0,0.7664299,16.01604,0.0,8.586942,0.7971859,0.0,4.905158e-08,0.0,0.0,0.0,18.991701,18.991701,0.0,0.0,0.0,0.0,0.0,0.0,16.01604,18.991701,6.7990184,35.17485,9.635755,18.260828,4.905158e-08,6.787257e-09,1.0263467e-08,35.17485,0.0,16.183146,16.183146,26.96877,26.96877,6.7990184,0.0
0.37069792,0.0,23.963232,0.0,10.276409,0.0,0.0,0.0,0.0,0.0,0.0,18.991701,18.991701,0.0,0.0,0.0,0.0,0.0,0.0,23.963232,18.991701,6.185254,35.453365,9.661013,18.395248,0.0,0.0,0.0,35.453365,0.0,16.461662,16.461662,19.837898,19.837898,6.185254,0.0
0.0,0.68703,2.3430774,0.0,1.2526168,0.7267169,0.0,0.0,0.0,0.0,0.0,18.991701,18.991701,0.0,0.0,0.0,0.0,0.0,0.0,2.3430774,18.991701,6.475629,27.446661,7.5183706,14.279121,0.0,0.0,0.0,27.446661,0.0,8.454963,8.454963,24.425854,24.425854,6.475629,0.0
0.0,3.8576555,21.695818,0.0,10.987577,4.087118,0.0,0.0,0.0,0.0,0.0,18.991701,18.991701,0.0,0.0,0.0,0.0,0.0,0.0,21.695818,18.991701,7.071093,41.13749,11.511527,21.340136,0.0,0.0,0.0,41.13749,0.0,22.145788,22.145788,33.265854,33.265854,7.071093,0.0
0.0,6.7408175,17.593761,0.0,8.247589,7.2665634,0.0,0.9638834,0.0,0.0,0.0,18.991701,18.991701,0.0,0.0,0.0,0.0,0.0,0.0,16.729008,18.991701,11.5681505,46.074005,13.976687,23.713106,0.9638834,0.13337235,0.20168129,46.074005,0.0,27.0823,27.0823,47.34526,47.34526,11.5681505,0.0
0.31029272,11.532129,34.12376,0.0,17.071709,12.1379795,0.0,0.34769797,0.0,0.0,0.0,18.991701,18.991701,0.0,0.0,0.0,0.0,0.0,0.0,33.799324,18.991701,9.010773,57.212162,19.931059,29.377338,0.34769797,0.0481109,0.072751716,57.212162,0.0,38.22046,38.22046,54.364536,54.364536,9.010773,0.0
0.9141915,7.3797727,31.209686,0.0,14.878004,7.815607,0.0,0.0,0.0,0.0,0.0,16.912312,16.912312,0.0,0.0,0.0,0.0,0.0,0.0,31.209686,16.912312,10.9355,49.69686,17.06133,25.69923,0.0,0.0,0.0,49.69686,0.0,32.784546,33.62911,40.838554,41.68312,10.9355,-0.84456223
3.7843838,22.884197,20.183887,0.0,9.076979,24.48348,0.0,1.4640493e-07,0.0,0.0,0.0,-15.119048,0.0,-15.119048,0.0,0.0,0.0,0.0,15.119048,20.183887,0.0,14.253839,30.502998,10.698925,17.69589,1.4640493e-07,2.0258021e-08,3.063351e-08,30.502998,0.0,45.622047,47.814297,50.68447,52.876724,14.253839,-2.1922495
0.9307777,5.4423876,12.723334,0.0,7.017249,5.7101073,0.0,5.4491568,0.0,0.0,0.0,-16.570984,0.0,-16.570984,0.0,0.0,0.0,0.0,16.570984,12.723334,0.0,13.222301,5.55511,1.7223938,5.971915,5.4491568,0.7539987,1.1401721,5.55511,0.0,21.724888,25.548452,29.30605,33.129612,13.222301,-3.823561
2.1206236,2.6932666,3.2873576,0.0,1.4281324,2.855616,0.0,0.0,0.0,0.0,0.0,-16.696001,0.0,-16.696001,0.0,0.0,0.0,0.0,16.696001,3.2873576,0.0,11.801217,-6.4009633,-1.982882,2.0380442,0.0,0.0,0.0,0.0,-6.4009633,10.295037,16.084965,15.565971,21.355898,11.801217,-5.7899275
5.604386,6.594283,1.8118696,0.0,0.80075276,6.9694786,0.0,0.0,0.0,0.0,0.0,-16.696001,0.0,-16.696001,0.0,0.0,0.0,0.0,16.696001,1.8118696,0.0,10.899219,-4.507333,-1.3313596,2.3642352,0.0,0.0,0.0,0.0,-4.507333,12.188666,18.66945,15.926287,22.407072,10.899219,-6.480783
10.451158,1.2758402,0.0,0.0,0.0,1.3456326,0.0,0.0,0.0,0.0,0.0,-16.696001,0.0,-16.696001,0.0,0.0,0.0,0.0,16.696001,0.0,0.0,11.734907,-10.081437,-2.9806035,0.87095726,0.0,0.0,0.0,0.0,-10.081437,6.614563,13.080541,10.138555,16.604534,11.734907,-6.4659777
9.345726,3.5946484,0.0,0.0,0.0,3.81746,0.0,0.0,0.0,0.0,0.0,-16.696001,0.0,-16.696001,0.0,0.0,0.0,0.0,16.696001,0.0,0.0,11.790994,-6.5522146,-1.952779,1.5262618,0.0,0.0,0.0,0.0,-6.5522146,10.143785,15.608453,15.515748,20.980415,11.790994,-5.4646673
11.816565,8.134776,0.0,0.0,0.0,8.7972975,0.0,0.0,0.0,0.0,0.0,-16.696001,0.0,-16.696001,0.0,0.0,0.0,0.0,16.696001,0.0,0.0,12.896168,0.449401,0.13782856,3.1284277,0.0,0.0,0.0,0.449401,0.0,17.1454,21.693466,21.50814,26.056206,12.896168,-4.548064
14.762632,12.499619,0.0,0.0,0.0,13.596537,0.0,0.0,0.0,0.0,0.0,-16.696001,0.0,-16.696001,0.0,0.0,0.0,0.0,16.696001,0.0,0.0,15.357261,9.615866,3.0778387,8.42108,0.0,0.0,0.0,9.615866,0.0,26.311865,28.953796,30.230766,32.8727,15.357261,-2.6419318
8.34951,9.886885,0.0,0.0,0.0,10.493152,0.0,0.0,0.0,0.0,0.0,-16.696001,0.0,-16.696001,0.0,0.0,0.0,0.0,16.696001,0.0,0.0,19.280247,12.572223,4.2638083,8.33198,0.0,0.0,0.0,12.572223,0.0,29.268227,29.7734,35.110588,35.61576,19.280247,-0.5051725
9.063272,7.0654044,3.9346693,0.0,1.5784137,7.5098925,0.0,0.0,0.0,0.0,0.0,-16.32405,0.0,-16.32405,0.0,0.0,0.0,0.0,16.32405,3.9346693,0.0,15.987619,8.751876,3.170009,5.9187946,0.0,0.0,0.0,8.751876,0.0,25.075928,25.075928,28.440502,28.440502,15.987619,0.0
8.4003525,8.961098,0.0,0.0,0.0,9.674622,0.0,0.0,0.0,0.0,0.0,-7.496532,0.0,-7.496532,0.0,0.0,0.0,0.0,7.496532,0.0,0.0,22.550203,24.728292,8.824291,13.345201,0.0,0.0,0.0,24.728292,0.0,32.224823,32.224823,37.201077,37.201077,22.550203,0.0
8.563543,12.460857,2.1086473,0.0,1.0755585,13.128663,0.0,0.0,0.0,0.0,0.0,-0.9253827,0.0,-0.9253827,0.0,0.0,0.0,0.0,0.9253827,2.1086473,0.0,15.0815,28.36034,9.007702,15.045192,0.0,0.0,0.0,28.36034,0.0,29.285725,29.285725,35.256187,35.256187,15.0815,0.0
2.5116625,10.365255,7.9122715,0.0,3.3293867,11.135639,0.0,0.0,0.0,0.0,0.0,0.0,0.0,0.0,0.0,0.0,0.0,0.0,0.0,7.9122715,0.0,13.573217,28.038242,8.392603,14.678164,0.0,0.0,0.0,28.038242,0.0,28.038244,28.038244,32.730362,32.730362,13.573217,0.0
1.560538,7.0126834,2.5175,0.0,1.2238185,7.441897,0.0,0.0,0.0,0.0,0.0,18.991701,18.991701,0.0,0.0,0.0,0.0,0.0,0.0,2.5175,18.991701,9.645037,37.302452,10.995454,18.5719,0.0,0.0,0.0,37.302452,0.0,18.310751,18.310751,24.704412,24.704412,9.645037,0.0
4.1820097,4.412307,0.0,0.0,0.0,4.6872926,0.0,0.0,0.0,0.0,0.0,18.991701,18.991701,0.0,0.0,0.0,0.0,0.0,0.0,0.0,18.991701,15.031325,38.710316,10.937207,17.9183,0.0,0.0,0.0,38.710316,0.0,19.718618,19.718618,28.957382,28.957382,15.031325,0.0
1.4974,0.8958625,20.119894,0.0,10.291857,0.9449189,0.0,0.0,0.0,0.0,0.0,18.991701,18.991701,0.0,0.0,0.0,0.0,0.0,0.0,20.119894,18.991701,6.791504,37.019978,10.296248,17.284838,0.0,0.0,0.0,37.019978,0.0,18.02828,18.02828,23.064716,23.064716,6.791504,0.0
