bld_id,cooling demand,heating demand,dhw demand,cooling electricity consumption,heating electricity consumption,dhw electricity consumption,heating fuel consumption,dhw fuel consumption,dhw storage electricity consumption,positive dhw storage electricity consumption,negative dhw storage electricity consumption,dhw soc storage,dhw capacity,dhw stored energy (?),electrical storage electricity consumption,positive electrical storage electricity consumption,negative electrical storage electricity consumption,electrical storage soc,electrical capacity history,stored electrical energy,energy from electrical storage,energy to electrical storage,energy from cooling device,energy from dhw device,energy from dhw device to dhw storage,energy from dhw storage,energy from heating fuel device to heating storage,energy from heating device to heating storage,energy from heating storage,heating storage soc,heating storage capacity,energy from heating device,energy from heating fuel device,energy to non shiftable load,net electricity consumption,net electricity cost,net electricity emission,net fuel consumption,net fuel cost,net fuel emission,electricity price,fuel price,electricity carbon intensity,fuel carbon intensity,positive net electricity consumption,negative net electricity consumption,net electricity consumption without storage,net electricity consumption without storage and pv,non shiftable load,solar generation,outdoor_temperature,indoor_temperature,heating_sp,cooling_sp,comfort_band
resstock-amy2018-2021-release-1-66303,0.0,0.28456825,0.0,0.0,0.14334801,0.0,0.303699,0.0,0.0,0.0,0.0,0.0,0.0,0.0,0.0,0.0,0.0,0.0,10.8,0.0,-0.0,0.0,0.0,-0.0,0.0,-0.0,0.0,0.0,-0.0,0.0,1.624444,0.28456825,0.28456825,0.30831632,0.45166433,0.14789659,0.23770647,0.303699,0.04202277,0.06354545,0.327448,0.1383698,0.5262901,0.20923828,0.45166433,0.0,0.45166433,0.45166433,0.30831632,-0.0,8.9,17.222221,17.222221,17.222221,2.0
resstock-amy2018-2021-release-1-66303,0.0,0.38251004,0.0,0.0,0.19574018,0.0,0.0,0.0,0.0,0.0,0.0,0.0,0.0,0.0,0.0,0.0,0.0,0.0,10.800000190734863,0.0,-0.0,0.0,0.0,-0.0,0.0,-0.0,0.0,0.0,-0.0,0.0,1.624444,0.38251004,0.0,0.2866847,0.48242486,0.15513809,0.26231405,0.0,0.0,0.0,0.3215798,0.1383698,0.54374075,0.0,0.48242486,0.0,0.48242486,0.48242486,0.2866847,-0.0,8.3,17.222221,17.222221,17.222221,2.0
resstock-amy2018-2021-release-1-66303,0.0,0.45783505,0.0,0.0,0.2342859,0.0,0.0,0.0,0.0,0.0,0.0,0.0,0.0,0.0,0.0,0.0,0.0,0.0,10.800000190734863,0.0,-0.0,0.0,0.0,-0.0,0.0,-0.0,0.0,0.0,-0.0,0.0,1.624444,0.45783505,0.0,0.28195497,0.5162409,0.16403502,0.27750766,0.0,0.0,0.0,0.317749,0.1383698,0.53755456,0.0,0.5162409,0.0,0.5162409,0.5162409,0.28195497,-0.0,8.3,17.222221,17.222221,17.222221,2.0
resstock-amy2018-2021-release-1-66303,0.0,0.5645824,0.0,0.0,0.2971784,0.0,0.0,0.0,0.0,0.0,0.0,0.0,0.0,0.0,0.0,0.0,0.0,0.0,10.800000190734863,0.0,-0.0,0.0,0.0,-0.0,0.0,-0.0,0.0,0.0,-0.0,0.0,1.624444,0.5645824,0.0,0.27688333,0.57406175,0.1823165,0.30686972,0.0,0.0,0.0,0.3175904,0.1383698,0.5345587,0.0,0.57406175,0.0,0.57406175,0.57406175,0.27688333,-0.0,7.2,17.222221,17.222221,17.222221,2.0
resstock-amy2018-2021-release-1-66303,0.0,0.6327857,0.0,0.0,0.3351843,0.0,0.0,0.0,0.0,0.0,0.0,0.0,0.0,0.0,0.0,0.0,0.0,0.0,10.800000190734863,0.0,-0.0,0.0,0.0,-0.0,0.0,-0.0,0.0,0.0,-0.0,0.0,1.624444,0.6327857,0.0,0.2757973,0.6109816,0.19398226,0.3284151,0.0,0.0,0.0,0.3174928,0.1383698,0.53752047,0.0,0.6109816,0.0,0.6109816,0.6109816,0.2757973,-0.0,6.95,17.222221,17.222221,17.222221,2.0
resstock-amy2018-2021-release-1-66303,0.0,0.4307243,0.46957508,0.0,0.22958651,0.5028836,0.0,0.0,0.0,0.0,0.0,0.0,0.0,0.0,0.0,0.0,0.0,0.0,10.800000190734863,0.0,-0.0,0.0,0.0,-0.0,0.0,-0.0,0.0,0.0,-0.0,0.0,1.624444,0.4307243,0.0,0.3407459,1.073216,0.34073836,0.5755989,0.0,0.0,0.0,0.3174928,0.1383698,0.53633094,0.0,1.073216,0.0,1.073216,1.073216,0.3407459,-0.0,6.7,17.222221,17.222221,17.222221,2.0
resstock-amy2018-2021-release-1-66303,0.0,0.5923047,0.0,0.0,0.30286095,0.0,0.0,0.0,0.0,0.0,0.0,0.0,0.0,0.0,0.0,0.0,0.0,0.0,10.800000190734863,0.0,-0.0,0.0,0.0,-0.0,0.0,-0.0,0.0,0.0,-0.0,0.0,1.624444,0.5923047,0.0,0.4294283,0.73228925,0.23203202,0.3971003,0.0,0.0,0.0,0.3168584,0.1383698,0.54227245,0.0,0.73228925,0.0,0.73228925,0.73228925,0.4294283,-0.0,8.33,17.222221,17.222221,17.222221,2.0
resstock-amy2018-2021-release-1-66303,0.0,0.92945284,0.0,0.0,0.523878,0.0,0.0,0.0,0.0,0.0,0.0,0.0,0.0,0.0,0.0,0.0,0.0,0.0,10.800000190734863,0.0,-0.0,0.0,0.0,-0.0,0.0,-0.0,0.0,0.0,-0.0,0.0,1.624444,0.92945284,0.0,0.30043697,0.82431495,0.2617945,0.4507142,0.0,0.0,0.0,0.3175904,0.1383698,0.54677427,0.0,0.82431495,0.0,0.82431495,0.82431495,0.30043697,-0.0,4.4,17.222221,17.222221,17.222221,2.0
resstock-amy2018-2021-release-1-66303,0.0,0.63528514,0.0,0.0,0.32010219,0.0,0.0,0.0,0.0,0.0,0.0,0.0,0.0,0.0,0.0,0.0,0.0,0.0,10.800000190734863,0.0,-0.0,0.0,0.0,-0.0,0.0,-0.0,0.0,0.0,-0.0,0.0,1.624444,0.63528514,0.0,0.29698613,0.60678905,0.191711,0.33285972,0.0,0.0,0.0,0.3159434,0.1383698,0.5485592,0.0,0.60678905,0.0,0.60678905,0.6170883,0.29698613,-0.010299278,8.89,17.222221,17.222221,17.222221,2.0
resstock-amy2018-2021-release-1-66303,0.0,0.26207882,0.7336336,0.0,0.12818162,0.7856727,0.0,0.0,0.0,0.0,0.0,0.0,0.0,0.0,0.0,0.0,0.0,0.0,10.800000190734863,0.0,-0.0,0.0,0.0,-0.0,0.0,-0.0,0.0,0.0,-0.0,0.0,1.624444,0.26207882,0.0,0.29229107,1.1839213,0.3740521,0.6671801,0.0,0.0,0.0,0.3159434,0.1383698,0.56353414,0.0,1.1839213,0.0,1.1839213,1.2061454,0.29229107,-0.02222407,10.0,17.222221,17.222221,17.222221,2.0
resstock-amy2018-2021-release-1-66303,0.0,0.01776508,0.36681834,0.0,0.0085469335,0.392838,0.0,0.0,0.0,0.0,0.0,0.0,0.0,0.0,0.0,0.0,0.0,0.0,10.800000190734863,0.0,-0.0,0.0,0.0,-0.0,0.0,-0.0,0.0,0.0,-0.0,0.0,1.624444,0.01776508,0.0,0.29257274,0.6385648,0.19456752,0.37040427,0.0,0.0,0.0,0.304695,0.1383698,0.58005744,0.0,0.6385648,0.0,0.6385648,0.6939577,0.29257274,-0.05539286,10.6,17.222221,17.222221,17.222221,2.0
resstock-amy2018-2021-release-1-66303,0.39462873,0.0,0.0,0.0,0.0,0.0,0.0,0.0,0.0,0.0,0.0,0.0,0.0,0.0,0.0,0.0,0.0,0.0,10.800000190734863,0.0,-0.0,0.0,0.0,-0.0,0.0,-0.0,0.0,0.0,-0.0,0.0,1.624444,0.0,0.0,0.30791634,0.20947555,0.06159,0.12282458,0.0,0.0,0.0,0.29402,0.1383698,0.5863433,0.0,0.20947555,0.0,0.20947555,0.30791634,0.30791634,-0.098440796,11.1,17.222221,17.222221,17.222221,2.0
resstock-amy2018-2021-release-1-66303,0.8214218,0.0,0.0,0.0,0.0,0.0,0.0,0.0,0.0,0.0,0.0,0.0,0.0,0.0,0.0,0.0,0.0,0.0,10.800000190734863,0.0,-0.0,0.0,0.0,-0.0,0.0,-0.0,0.0,0.0,-0.0,0.0,1.624444,0.0,0.0,0.29362714,0.16897343,0.05060923,0.096195795,0.0,0.0,0.0,0.29951,0.1383698,0.5692954,0.0,0.16897343,0.0,0.16897343,0.29362714,0.29362714,-0.12465371,12.2,17.222221,17.222221,17.222221,2.0
resstock-amy2018-2021-release-1-66303,0.91276175,0.0,0.0,0.0,0.0,0.0,0.0,0.0,0.0,0.0,0.0,0.0,0.0,0.0,0.0,0.0,0.0,0.0,10.800000190734863,0.0,-0.0,0.0,0.0,-0.0,0.0,-0.0,0.0,0.0,-0.0,0.0,1.624444,0.0,0.0,0.29499483,0.15872945,0.046164207,0.08940362,0.0,0.0,0.0,0.2908358,0.1383698,0.56324536,0.0,0.15872945,0.0,0.15872945,0.29499483,0.29499483,-0.13626538,12.8,17.222221,17.222221,17.222221,2.0
resstock-amy2018-2021-release-1-66303,1.4095901,0.0,0.0,0.0,0.032307252,0.0,0.0,0.0,0.0,0.0,0.0,0.0,0.0,0.0,0.0,0.0,0.0,0.0,10.800000190734863,0.0,-0.0,0.0,0.0,-0.0,0.0,-0.0,0.07150424,0.07150424,-0.0,0.04207951,1.624444,0.0,0.0,0.516602,0.41886124,0.12889223,0.23737107,0.0,0.0,0.0,0.3077206,0.1383698,0.56670576,0.0,0.41886124,0.0,0.386554,0.51660204,0.516602,-0.130048,12.8,18.81911,17.222221,17.222221,2.0
resstock-amy2018-2021-release-1-66303,1.5561416,0.058486305,0.0,0.0,0.0029674307,0.0,0.0,0.0,0.0,0.0,0.0,0.0,0.0,0.0,0.0,0.0,0.0,0.0,10.800000190734863,0.0,-0.0,0.0,0.0,-0.0,0.0,-0.0,0.0,0.0,0.051820423,0.008609315,1.624444,0.0066658817,0.0,0.50305855,0.40677238,0.12930611,0.23371595,0.0,0.0,0.0,0.3178832,0.1383698,0.574562,0.0,0.40677238,0.0,0.42984113,0.52909476,0.50305855,-0.09925361,13.3,19.559853,17.222221,17.222221,2.0
resstock-amy2018-2021-release-1-66303,1.2965776,0.09156012,0.0,0.0,0.36801332,0.0,0.0,0.0,0.0,0.0,0.0,0.0,0.0,0.0,0.0,0.0,0.0,0.0,10.800000190734863,0.0,-0.0,0.0,0.0,-0.0,0.0,-0.0,0.6973795,0.6973795,-0.0,0.41898942,1.624444,0.09156012,0.0,0.31288487,0.6380796,0.20720191,0.37839392,0.0,0.0,0.0,0.3247274,0.1383698,0.59301996,0.0,0.6380796,0.0,0.3127759,0.35559455,0.31288487,-0.04281863,11.7,19.525658,17.222221,17.222221,2.0
resstock-amy2018-2021-release-1-66303,1.1413226,0.041624397,0.0,0.0,0.40376252,0.0,0.0,0.0,0.0,0.0,0.0,0.0,0.0,0.0,0.0,0.0,0.0,0.0,10.800000190734863,0.0,-0.0,0.0,0.0,-0.0,0.0,-0.0,0.8239536,0.8239536,-0.0,0.9028772,1.624444,0.041624397,0.0,0.64418656,1.0479491,0.3654714,0.64107376,0.0,0.0,0.0,0.3487492,0.1383698,0.6117413,0.0,1.0479491,0.0,0.66360295,0.66360295,0.64418656,-0.0,11.7,19.765087,17.222221,17.222221,2.0
resstock-amy2018-2021-release-1-66303,2.3556647,0.018225476,3.4294195,0.0,0.31826627,3.67268,0.0,0.0,0.0,0.0,0.0,0.0,0.0,0.0,0.0,0.0,0.0,0.0,10.800000190734863,0.0,-0.0,0.0,0.0,-0.0,0.0,-0.0,0.16870043,0.16870043,-0.0,1.0,1.624444,0.018225476,0.0,0.72345006,4.7143965,1.7397906,2.7603154,0.0,0.0,0.0,0.3690378,0.1383698,0.5855077,0.0,4.7143965,0.0,4.633233,4.633233,0.72345006,-0.0,10.6,19.791088,17.222221,17.222221,2.0
resstock-amy2018-2021-release-1-66303,0.56363446,0.08311883,0.73363346,0.0,0.51328737,0.7856726,0.0,0.0,0.0,0.0,0.0,0.0,0.0,0.0,0.0,0.0,0.0,0.0,10.800000190734863,0.0,-0.0,0.0,0.0,-0.0,0.0,-0.0,0.004057115,0.004057115,-0.0,1.0,1.624444,0.08311883,0.0,0.7418535,2.0408134,0.78657526,1.0741484,0.0,0.0,0.0,0.3854224,0.1383698,0.52633345,0.0,2.0408134,0.0,2.0388615,2.0388615,0.7418535,-0.0,10.6,19.922888,17.222221,17.222221,2.0
resstock-amy2018-2021-release-1-66303,0.77423453,0.10449407,1.2534521,0.0,0.0,1.3423637,0.0,0.0,0.0,0.0,0.0,0.0,0.0,0.0,0.0,0.0,0.0,0.0,10.800000190734863,0.0,-0.0,0.0,0.0,-0.0,0.0,-0.0,0.0,0.0,0.104494095,0.93032354,1.624444,0.0,0.0,0.69669086,2.0390546,0.76495135,1.0695884,0.0,0.0,0.0,0.37515,0.1383698,0.52455115,0.0,2.0390546,0.0,2.0893276,2.0893276,0.69669086,-0.0,10.6,19.91969,17.222221,17.222221,2.0
resstock-amy2018-2021-release-1-66303,0.038321216,0.04693956,0.0,0.0,0.0,0.0,0.0,0.0,0.0,0.0,0.0,0.0,0.0,0.0,0.0,0.0,0.0,0.0,10.800000190734863,0.0,-0.0,0.0,0.0,-0.0,0.0,-0.0,0.0,0.0,0.046939574,0.8978756,1.624444,0.0,0.0,0.6290092,0.6290092,0.21160813,0.3249375,0.0,0.0,0.0,0.336415,0.1383698,0.51658624,0.0,0.6290092,0.0,0.6530294,0.6530294,0.6290092,-0.0,8.3,19.74964,17.222221,17.222221,2.0
resstock-amy2018-2021-release-1-66303,0.0,0.01686706,0.36681762,0.0,1.0921187e-08,0.39283726,0.0,0.0,0.0,0.0,0.0,0.0,0.0,0.0,0.0,0.0,0.0,0.0,10.800000190734863,0.0,-0.0,0.0,0.0,-0.0,0.0,-0.0,0.0,0.0,0.01686704,0.8848703,1.624444,2.0489097e-08,0.0,0.34774005,0.74057734,0.23793788,0.3748099,0.0,0.0,0.0,0.321287,0.1383698,0.506105,0.0,0.74057734,0.0,0.74956787,0.74956787,0.34774005,-0.0,6.7,19.48045,17.222221,17.222221,2.0
resstock-amy2018-2021-release-1-66303,0.0,0.027491383,0.7336279,0.0,2.5333728e-08,0.78566664,0.0,0.0,0.0,0.0,0.0,0.0,0.0,0.0,0.0,0.0,0.0,0.0,10.800000190734863,0.0,-0.0,0.0,0.0,-0.0,0.0,-0.0,0.0,0.0,0.027491333,0.8650546,1.624444,5.029142e-08,0.0,0.3323414,1.1180081,0.35433212,0.54401153,0.0,0.0,0.0,0.3169316,0.1383698,0.48658997,0.0,1.1180081,0.0,1.1318566,1.1318566,0.3323414,-0.0,8.9,19.141838,17.222221,17.222221,2.0
resstock-amy2018-2021-release-1-66303,0.0,0.0910936,0.0,0.0,0.0,0.0,0.0,0.0,0.0,0.0,0.0,0.0,0.0,0.0,0.0,0.0,0.0,0.0,10.800000190734863,0.0,-0.0,0.0,0.0,-0.0,0.0,-0.0,0.0,0.0,0.091093615,0.8043295,1.624444,0.0,0.0,0.3697615,0.3697615,0.11718459,0.18705413,0.0,0.0,0.0,0.3169194,0.1383698,0.5058778,0.0,0.3697615,0.0,0.41564888,0.41564888,0.3697615,-0.0,8.9,18.782585,17.222221,17.222221,2.0
resstock-amy2018-2021-release-1-66303,0.0,0.20386098,0.0,0.0,0.0,0.0,0.0,0.0,0.0,0.0,0.0,0.0,0.0,0.0,0.0,0.0,0.0,0.0,10.800000190734863,0.0,-0.0,0.0,0.0,-0.0,0.0,-0.0,0.0,0.0,0.203861,0.671133,1.624444,0.0,0.0,0.3255906,0.3255906,0.103158176,0.15757973,0.0,0.0,0.0,0.316834,0.1383698,0.48398122,0.0,0.3255906,0.0,0.4299115,0.4299115,0.3255906,-0.0,8.3,18.443247,17.222221,17.222221,2.0
resstock-amy2018-2021-release-1-66303,0.0,0.14044237,0.0,0.0,0.0,0.0,0.0,0.0,0.0,0.0,0.0,0.0,0.0,0.0,0.0,0.0,0.0,0.0,10.800000190734863,0.0,-0.0,0.0,0.0,-0.0,0.0,-0.0,0.0,0.0,0.14044237,0.57909286,1.624444,0.0,0.0,0.30973744,0.30973744,0.09541462,0.15572612,0.0,0.0,0.0,0.30805,0.1383698,0.50276816,0.0,0.30973744,0.0,0.38366187,0.38366187,0.30973744,-0.0,7.2,18.087887,17.222221,17.222221,2.0
resstock-amy2018-2021-release-1-66303,0.0,0.1624301,0.0,0.0,0.0,0.0,0.0,0.0,0.0,0.0,0.0,0.0,0.0,0.0,0.0,0.0,0.0,0.0,10.800000190734863,0.0,-0.0,0.0,0.0,-0.0,0.0,-0.0,0.0,0.0,0.16243011,0.47311348,1.624444,0.0,0.0,0.27688333,0.27688333,0.08529391,0.14246617,0.0,0.0,0.0,0.30805,0.1383698,0.514535,0.0,0.27688333,0.0,0.36238143,0.36238143,0.27688333,-0.0,7.2,17.84879,17.222221,17.222221,2.0
resstock-amy2018-2021-release-1-66303,0.0,0.5848323,0.0,0.0,0.0,0.0,0.0,0.0,0.0,0.0,0.0,0.0,0.0,0.0,0.0,0.0,0.0,0.0,10.800000190734863,0.0,-0.0,0.0,0.0,-0.0,0.0,-0.0,0.0,0.0,0.5848323,0.095381506,1.624444,0.0,0.0,0.2757973,0.2757973,0.08694118,0.14793037,0.0,0.0,0.0,0.3152358,0.1383698,0.5363735,0.0,0.2757973,0.0,0.58752716,0.58752716,0.2757973,-0.0,6.7,17.853971,17.222221,17.222221,2.0
resstock-amy2018-2021-release-1-66303,0.0,0.25925475,0.0,0.0,0.058684193,0.0,0.0,0.0,0.0,0.0,0.0,0.0,0.0,0.0,0.0,0.0,0.0,0.0,10.800000190734863,0.0,-0.0,0.0,0.0,-0.0,0.0,-0.0,0.0,0.0,0.14776595,0.0,1.624444,0.111488804,0.0,0.27869084,0.33737504,0.10635269,0.18510486,0.0,0.0,0.0,0.3152358,0.1383698,0.548662,0.0,0.33737504,0.0,0.4151544,0.4151544,0.27869084,-0.0,7.2,17.878695,17.222221,17.222221,2.0
resstock-amy2018-2021-release-1-66303,0.0,1.0291579,0.0,0.0,0.52664644,0.0,0.0,0.0,0.0,0.0,0.0,0.0,0.0,0.0,0.0,0.0,0.0,0.0,10.800000190734863,0.0,-0.0,0.0,0.0,-0.0,0.0,-0.0,0.0,0.0,-0.0,0.0,1.624444,1.0291579,0.0,0.38311052,0.90975696,0.30117232,0.5008768,0.0,0.0,0.0,0.331047,0.1383698,0.5505611,0.0,0.90975696,0.0,0.90975696,0.90975696,0.38311052,-0.0,8.3,18.199045,17.222221,17.222221,2.0
resstock-amy2018-2021-release-1-66303,0.0,0.085414924,0.0,0.0,0.043026794,0.0,0.0,0.0,0.0,0.0,0.0,0.0,0.0,0.0,0.0,0.0,0.0,0.0,10.800000190734863,0.0,-0.0,0.0,0.0,-0.0,0.0,-0.0,0.0,0.0,-0.0,0.0,1.624444,0.085414924,0.0,0.65991557,0.7029424,0.23602584,0.39202502,0.0,0.0,0.0,0.3357684,0.1383698,0.5576916,0.0,0.7029424,0.0,0.7029424,0.7029424,0.65991557,-0.0,8.9,18.37436,17.222221,17.222221,2.0
resstock-amy2018-2021-release-1-66303,0.0,0.1385355,0.0,0.0,0.0688636,0.0,0.0,0.0,0.0,0.0,0.0,0.0,0.0,0.0,0.0,0.0,0.0,0.0,10.800000190734863,0.0,-0.0,0.0,0.0,-0.0,0.0,-0.0,0.0,0.0,-0.0,0.0,1.624444,0.1385355,0.0,0.4937848,0.5523607,0.19263536,0.31412718,0.0,0.0,0.0,0.3487492,0.1383698,0.56869936,0.0,0.5523607,0.0,0.5523607,0.5626484,0.4937848,-0.01028771,9.4,18.55505,17.222221,17.222221,2.0
resstock-amy2018-2021-release-1-66303,1.3649393,0.05895505,3.2242527,0.0,0.027500514,3.45296,0.0,0.0,0.0,0.0,0.0,0.0,0.0,0.0,0.0,0.0,0.0,0.0,10.800000190734863,0.0,-0.0,0.0,0.0,-0.0,0.0,-0.0,0.0,0.0,-0.0,0.0,1.624444,0.05895505,0.0,0.492051,3.9474761,1.3315539,2.263869,0.0,0.0,0.0,0.3373178,0.1383698,0.57349783,0.0,3.9474761,0.0,3.9474761,3.9725115,0.492051,-0.025035473,11.7,18.687828,17.222221,17.222221,2.0
resstock-amy2018-2021-release-1-66303,0.0,0.054108292,0.0,0.0,0.025239667,0.0,0.0,0.0,0.0,0.0,0.0,0.0,0.0,0.0,0.0,0.0,0.0,0.0,10.800000190734863,0.0,-0.0,0.0,0.0,-0.0,0.0,-0.0,0.0,0.0,-0.0,0.0,1.624444,0.054108292,0.0,0.6842159,0.6620027,0.21703799,0.3839958,0.0,0.0,0.0,0.3278506,0.1383698,0.5800517,0.0,0.6620027,0.0,0.6620027,0.70945555,0.6842159,-0.04745289,11.7,18.791378,17.777779,17.777779,2.0
resstock-amy2018-2021-release-1-66303,0.0,0.09145284,0.0,0.0,0.041320484,0.0,0.0,0.0,0.0,0.0,0.0,0.0,0.0,0.0,0.0,0.0,0.0,0.0,10.800000190734863,0.0,-0.0,0.0,0.0,-0.0,0.0,-0.0,0.0,0.0,-0.0,0.0,1.624444,0.09145284,0.0,0.5018713,0.49765605,0.16170953,0.29607746,0.0,0.0,0.0,0.32494235,0.1383698,0.59494394,0.0,0.49765605,0.0,0.49765605,0.5431918,0.5018713,-0.045535736,12.8,18.847492,18.11111,18.11111,2.0
resstock-amy2018-2021-release-1-66303,0.0,0.059526734,0.0,0.0,0.0260239,0.0,0.0,0.0,0.0,0.0,0.0,0.0,0.0,0.0,0.0,0.0,0.0,0.0,10.800000190734863,0.0,-0.0,0.0,0.0,-0.0,0.0,-0.0,0.0,0.0,-0.0,0.0,1.624444,0.059526734,0.0,0.48707625,0.4715254,0.15223126,0.28579497,0.0,0.0,0.0,0.3228485,0.1383698,0.6061073,0.0,0.4715254,0.0,0.4715254,0.51310015,0.48707625,-0.041574746,13.9,18.929424,18.333334,18.333334,2.0
resstock-amy2018-2021-release-1-66303,0.28223753,0.23151156,2.2029705,0.0,0.10306131,2.3592348,0.0,0.0,0.0,0.0,0.0,0.0,0.0,0.0,0.0,0.0,0.0,0.0,10.800000190734863,0.0,-0.0,0.0,0.0,-0.0,0.0,-0.0,0.0,0.0,-0.0,0.0,1.624444,0.23151156,0.0,0.4876461,2.9123073,0.9398711,1.7909927,0.0,0.0,0.0,0.32272387,0.1383698,0.61497384,0.0,2.9123073,0.0,2.9123073,2.949942,0.4876461,-0.03763484,13.3,19.00185,17.222221,17.222221,2.0
resstock-amy2018-2021-release-1-66303,0.06297278,0.033026963,0.0,0.0,0.014702515,0.0,0.0,0.0,0.0,0.0,0.0,0.0,0.0,0.0,0.0,0.0,0.0,0.0,10.800000190734863,0.0,-0.0,0.0,0.0,-0.0,0.0,-0.0,0.0,0.0,-0.0,0.0,1.624444,0.033026963,0.0,0.516602,0.5086702,0.16646375,0.31577542,0.0,0.0,0.0,0.3272528,0.1383698,0.62078613,0.0,0.5086702,0.0,0.5086702,0.5313045,0.516602,-0.022634244,13.3,19.001652,17.777779,17.777779,2.0
resstock-amy2018-2021-release-1-66303,0.0,0.08026058,0.36716664,0.0,0.03690461,0.393211,0.0,0.0,0.0,0.0,0.0,0.0,0.0,0.0,0.0,0.0,0.0,0.0,10.800000190734863,0.0,-0.0,0.0,0.0,-0.0,0.0,-0.0,0.0,0.0,-0.0,0.0,1.624444,0.08026058,0.0,0.50305855,0.91904485,0.30451614,0.5700204,0.0,0.0,0.0,0.3313398,0.1383698,0.6202313,0.0,0.91904485,0.0,0.91904485,0.9331742,0.50305855,-0.014129338,12.2,18.995197,17.777779,17.777779,2.0
resstock-amy2018-2021-release-1-66303,0.0,0.16336043,0.0,0.0,0.10863696,0.0,0.0,0.0,0.0,0.0,0.0,0.0,0.0,0.0,0.0,0.0,0.0,0.0,10.800000190734863,0.0,-0.0,0.0,0.0,-0.0,0.0,-0.0,0.07290452,0.07290452,-0.0,0.042903554,1.624444,0.16336043,0.0,0.55436623,0.65881324,0.22401376,0.40878332,0.0,0.0,0.0,0.3400262,0.1383698,0.62048435,0.0,0.65881324,0.0,0.625291,0.62948096,0.55436623,-0.0041899807,12.2,19.201115,17.859568,17.859568,2.0
resstock-amy2018-2021-release-1-66303,0.0,0.05688279,0.3671655,0.0,0.0,0.39320982,0.0,0.0,0.0,0.0,0.0,0.0,0.0,0.0,0.0,0.0,0.0,0.0,10.800000190734863,0.0,-0.0,0.0,0.0,-0.0,0.0,-0.0,0.0,0.0,0.05688279,0.006171486,1.624444,0.0,0.0,0.64418656,1.0373964,0.4233511,0.64205986,0.0,0.0,0.0,0.40809,0.1383698,0.61891466,0.0,1.0373964,0.0,1.0635517,1.0635517,0.64418656,0.0,12.2,19.49168,17.941359,17.941359,2.0
resstock-amy2018-2021-release-1-66303,0.0,0.027797045,1.4686675,0.0,0.008506525,1.5728451,0.0,0.0,0.0,0.0,0.0,0.0,0.0,0.0,0.0,0.0,0.0,0.0,10.800000190734863,0.0,-0.0,0.0,0.0,-0.0,0.0,-0.0,0.0,0.0,0.009560925,0.0,1.624444,0.01823612,0.0,0.72345006,2.3048017,0.8983886,1.3984021,0.0,0.0,0.0,0.38979,0.1383698,0.6067342,0.0,2.3048017,0.0,2.3092616,2.3092616,0.72345006,-0.0,11.7,19.728031,18.023148,18.023148,2.0
resstock-amy2018-2021-release-1-66303,0.0,0.04008615,0.0,0.0,0.018432008,0.0,0.0,0.0,0.0,0.0,0.0,0.0,0.0,0.0,0.0,0.0,0.0,0.0,10.800000190734863,0.0,-0.0,0.0,0.0,-0.0,0.0,-0.0,0.0,0.0,-0.0,0.0,1.624444,0.04008615,0.0,0.7418535,0.7602855,0.2991343,0.4560919,0.0,0.0,0.0,0.39345,0.1383698,0.5998956,0.0,0.7602855,0.0,0.7602855,0.7602855,0.7418535,-0.0,12.2,19.881891,18.104939,18.104939,2.0
resstock-amy2018-2021-release-1-66303,0.0,0.023565218,2.3176918,0.0,0.0104904575,2.4820936,0.0,0.0,0.0,0.0,0.0,0.0,0.0,0.0,0.0,0.0,0.0,0.0,10.800000190734863,0.0,-0.0,0.0,0.0,-0.0,0.0,-0.0,0.0,0.0,-0.0,0.0,1.624444,0.023565218,0.0,0.69669086,3.1892748,1.10288,1.8926122,0.0,0.0,0.0,0.345809,0.1383698,0.5934303,0.0,3.1892748,0.0,3.1892748,3.1892748,0.69669086,-0.0,13.3,19.892948,18.186728,18.186728,2.0
resstock-amy2018-2021-release-1-66303,0.0,0.008323505,0.36716616,0.0,0.00394911,0.3932105,0.0,0.0,0.0,0.0,0.0,0.0,0.0,0.0,0.0,0.0,0.0,0.0,10.800000190734863,0.0,-0.0,0.0,0.0,-0.0,0.0,-0.0,0.0,0.0,-0.0,0.0,1.624444,0.008323505,0.0,1.3989036,1.7960633,0.59510726,1.0530313,0.0,0.0,0.0,0.3313398,0.1383698,0.58629966,0.0,1.7960633,0.0,1.7960633,1.7960633,1.3989036,-0.0,11.1,19.773174,18.268518,18.268518,2.0
resstock-amy2018-2021-release-1-66303,0.0,0.027357692,0.0,0.0,0.012979933,0.0,0.0,0.0,0.0,0.0,0.0,0.0,0.0,0.0,0.0,0.0,0.0,0.0,10.800000190734863,0.0,-0.0,0.0,0.0,-0.0,0.0,-0.0,0.0,0.0,-0.0,0.0,1.624444,0.027357692,0.0,0.56559175,0.5785717,0.18844277,0.33454642,0.0,0.0,0.0,0.3257034,0.1383698,0.5782281,0.0,0.5785717,0.0,0.5785717,0.5785717,0.56559175,-0.0,11.1,19.594667,17.476852,17.476852,2.0
resstock-amy2018-2021-release-1-66303,0.0,0.0824196,0.0,0.0,0.03965278,0.0,0.0,0.0,0.0,0.0,0.0,0.0,0.0,0.0,0.0,0.0,0.0,0.0,10.800000190734863,0.0,-0.0,0.0,0.0,-0.0,0.0,-0.0,0.0,0.0,-0.0,0.0,1.624444,0.0824196,0.0,0.4363907,0.47604346,0.14954905,0.27094415,0.0,0.0,0.0,0.31415,0.1383698,0.56915843,0.0,0.47604346,0.0,0.47604346,0.47604346,0.4363907,-0.0,10.6,19.332817,17.222221,17.222221,2.0
resstock-amy2018-2021-release-1-66303,0.0,0.0077970396,0.0,0.0,0.003751223,0.0,0.0,0.0,0.0,0.0,0.0,0.0,0.0,0.0,0.0,0.0,0.0,0.0,10.800000190734863,0.0,-0.0,0.0,0.0,-0.0,0.0,-0.0,0.0,0.0,-0.0,0.0,1.624444,0.0077970396,0.0,0.30831632,0.31206754,0.09261834,0.16679798,0.0,0.0,0.0,0.2967894,0.1383698,0.5344932,0.0,0.31206754,0.0,0.31206754,0.31206754,0.30831632,-0.0,10.6,18.996181,17.222221,17.222221,2.0
resstock-amy2018-2021-release-1-66303,0.0,0.007564814,0.0,0.0,0.003639497,0.0,0.0,0.0,0.0,0.0,0.0,0.0,0.0,0.0,0.0,0.0,0.0,0.0,10.800000190734863,0.0,-0.0,0.0,0.0,-0.0,0.0,-0.0,0.0,0.0,-0.0,0.0,1.624444,0.007564814,0.0,0.2866847,0.29032418,0.07841534,0.15478176,0.0,0.0,0.0,0.2700958,0.1383698,0.5331342,0.0,0.29032418,0.0,0.29032418,0.29032418,0.2866847,-0.0,10.6,18.680195,17.222221,17.222221,2.0
resstock-amy2018-2021-release-1-66303,0.0,0.04730124,0.0,0.0,0.02351263,0.0,0.0,0.0,0.0,0.0,0.0,0.0,0.0,0.0,0.0,0.0,0.0,0.0,10.800000190734863,0.0,-0.0,0.0,0.0,-0.0,0.0,-0.0,0.0,0.0,-0.0,0.0,1.624444,0.04730124,0.0,0.28195497,0.3054676,0.07173907,0.16123888,0.0,0.0,0.0,0.23485,0.1383698,0.5278428,0.0,0.3054676,0.0,0.3054676,0.3054676,0.28195497,-0.0,9.4,18.396172,17.222221,17.222221,2.0
resstock-amy2018-2021-release-1-66303,0.0,0.2160376,0.0,0.0,0.107388556,0.0,0.0,0.0,0.0,0.0,0.0,0.0,0.0,0.0,0.0,0.0,0.0,0.0,10.800000190734863,0.0,-0.0,0.0,0.0,-0.0,0.0,-0.0,0.0,0.0,-0.0,0.0,1.624444,0.2160376,0.0,0.27688333,0.3842719,0.087902196,0.2025812,0.0,0.0,0.0,0.22875,0.1383698,0.5271819,0.0,0.3842719,0.0,0.3842719,0.3842719,0.27688333,-0.0,9.4,18.237724,17.222221,17.222221,2.0
resstock-amy2018-2021-release-1-66303,0.0,0.029399732,0.0,0.0,0.014379282,0.0,0.0,0.0,0.0,0.0,0.0,0.0,0.0,0.0,0.0,0.0,0.0,0.0,10.800000190734863,0.0,-0.0,0.0,0.0,-0.0,0.0,-0.0,0.0,0.0,-0.0,0.0,1.624444,0.029399732,0.0,0.2757973,0.2901766,0.06589426,0.15258463,0.0,0.0,0.0,0.2270833,0.1383698,0.52583367,0.0,0.2901766,0.0,0.2901766,0.2901766,0.2757973,-0.0,10.0,18.12247,17.222221,17.222221,2.0
resstock-amy2018-2021-release-1-66303,0.0,0.14506367,1.2174673,0.0,0.07423279,1.3038265,0.0,0.0,0.0,0.0,0.0,0.0,0.0,0.0,0.0,0.0,0.0,0.0,10.800000190734863,0.0,-0.0,0.0,0.0,-0.0,0.0,-0.0,0.0,0.0,-0.0,0.0,1.624444,0.14506367,0.0,0.3407459,1.7188051,0.464242,0.89221114,0.0,0.0,0.0,0.2700958,0.1383698,0.51908803,0.0,1.7188051,0.0,1.7188051,1.7188051,0.3407459,-0.0,8.3,18.094948,17.222221,17.222221,2.0
resstock-amy2018-2021-release-1-66303,0.0,0.10205923,0.0,0.0,0.04991673,0.0,0.0,0.0,0.0,0.0,0.0,0.0,0.0,0.0,0.0,0.0,0.0,0.0,10.800000190734863,0.0,-0.0,0.0,0.0,-0.0,0.0,-0.0,0.0,0.0,-0.0,0.0,1.624444,0.10205923,0.0,0.4294283,0.47934502,0.15443422,0.24843095,0.0,0.0,0.0,0.3221776,0.1383698,0.5182717,0.0,0.47934502,0.0,0.47934502,0.47934502,0.4294283,-0.0,10.0,18.130068,17.222221,17.222221,2.0
resstock-amy2018-2021-release-1-66303,0.0,0.056241363,0.0,0.0,0.028780144,0.0,0.0,0.0,0.0,0.0,0.0,0.0,0.0,0.0,0.0,0.0,0.0,0.0,10.800000190734863,0.0,-0.0,0.0,0.0,-0.0,0.0,-0.0,0.0,0.0,-0.0,0.0,1.624444,0.056241363,0.0,0.48635286,0.515133,0.16599575,0.26765555,0.0,0.0,0.0,0.3222386,0.1383698,0.5195853,0.0,0.515133,0.0,0.515133,0.515133,0.48635286,-0.0,8.3,18.181232,17.222221,17.222221,2.0
resstock-amy2018-2021-release-1-66303,0.0,0.100446664,0.57154524,0.0,0.1257291,0.6120869,0.0,0.0,0.0,0.0,0.0,0.0,0.0,0.0,0.0,0.0,0.0,0.0,10.800000190734863,0.0,-0.0,0.0,0.0,-0.0,0.0,-0.0,0.16088538,0.16088538,-0.0,0.09467938,1.624444,0.100446664,0.0,0.4937848,1.231143,0.40890294,0.6420929,0.0,0.0,0.0,0.3321328,0.1383698,0.5215421,0.0,1.231143,0.0,1.1537397,1.1541976,0.4937848,-0.00045785285,10.6,18.319748,17.222221,17.222221,2.0
resstock-amy2018-2021-release-1-66303,0.0,0.093602166,0.36750543,0.0,0.0,0.39357385,0.0,0.0,0.0,0.0,0.0,0.0,0.0,0.0,0.0,0.0,0.0,0.0,10.800000190734863,0.0,-0.0,0.0,0.0,-0.0,0.0,-0.0,0.0,0.0,0.093602166,0.03417828,1.624444,0.0,0.0,0.492051,0.87808394,0.2903014,0.46562716,0.0,0.0,0.0,0.3306078,0.1383698,0.53027636,0.0,0.87808394,0.0,0.92174613,0.9292871,0.492051,-0.007540952,11.7,18.42662,17.222221,17.222221,2.0
resstock-amy2018-2021-release-1-66303,0.0,0.035902947,0.0,0.0,0.0,0.0,0.0,0.0,0.0,0.0,0.0,0.0,0.0,0.0,0.0,0.0,0.0,0.0,10.800000190734863,0.0,-0.0,0.0,0.0,-0.0,0.0,-0.0,0.0,0.0,0.035902947,0.010976998,1.624444,0.0,0.0,0.48839432,0.47278753,0.15232155,0.2514319,0.0,0.0,0.0,0.3221776,0.1383698,0.5318074,0.0,0.47278753,0.0,0.4890093,0.5046161,0.48839432,-0.015606799,12.8,18.547508,17.222221,17.222221,2.0
resstock-amy2018-2021-release-1-66303,0.0,0.049997438,0.0,0.0,0.014906435,0.0,0.0,0.0,0.0,0.0,0.0,0.0,0.0,0.0,0.0,0.0,0.0,0.0,10.800000190734863,0.0,-0.0,0.0,0.0,-0.0,0.0,-0.0,0.0,0.0,0.01700567,0.0,1.624444,0.032991767,0.0,0.5018713,0.5070069,0.15630718,0.26920244,0.0,0.0,0.0,0.308294,0.1383698,0.5309641,0.0,0.5070069,0.0,0.51469046,0.52446127,0.5018713,-0.009770799,12.8,18.60925,17.222221,17.222221,2.0
resstock-amy2018-2021-release-1-66303,0.0,0.33511844,0.0,0.0,0.15632129,0.0,0.0,0.0,0.0,0.0,0.0,0.0,0.0,0.0,0.0,0.0,0.0,0.0,10.800000190734863,0.0,-0.0,0.0,0.0,-0.0,0.0,-0.0,0.0,0.0,-0.0,0.0,1.624444,0.33511844,0.0,0.48707625,0.62875706,0.1898532,0.32943103,0.0,0.0,0.0,0.30195,0.1383698,0.5239401,0.0,0.62875706,0.0,0.62875706,0.64339757,0.48707625,-0.0146405175,11.7,18.663155,17.222221,17.222221,2.0
resstock-amy2018-2021-release-1-66303,0.0,0.05978882,1.1025177,0.0,0.39350638,1.1807231,0.0,0.0,0.0,0.0,0.0,0.0,0.0,0.0,0.0,0.0,0.0,0.0,10.800000190734863,0.0,-0.0,0.0,0.0,-0.0,0.0,-0.0,0.7838023,0.7838023,-0.0,0.46125954,1.624444,0.05978882,0.0,0.4876461,2.0514426,0.6188324,1.04915,0.0,0.0,0.0,0.3016572,0.1383698,0.5114206,0.0,2.0514426,0.0,1.6858257,1.6962587,0.4876461,-0.010432917,11.7,18.709461,17.222221,17.222221,2.0
resstock-amy2018-2021-release-1-66303,0.0,0.087018654,0.0,0.0,0.24545582,0.0,0.0,0.0,0.0,0.0,0.0,0.0,0.0,0.0,0.0,0.0,0.0,0.0,10.800000190734863,0.0,-0.0,0.0,0.0,-0.0,0.0,-0.0,0.44526055,0.44526055,-0.0,0.7221895,1.624444,0.087018654,0.0,0.516602,0.7509719,0.23152013,0.37468705,0.0,0.0,0.0,0.308294,0.1383698,0.49893615,0.0,0.7509719,0.0,0.545644,0.55672985,0.516602,-0.011085883,12.1,18.764076,17.222221,17.222221,2.0
resstock-amy2018-2021-release-1-66303,0.0,0.2052651,0.0,0.0,0.0,0.0,0.0,0.0,0.0,0.0,0.0,0.0,0.0,0.0,0.0,0.0,0.0,0.0,10.800000190734863,0.0,-0.0,0.0,0.0,-0.0,0.0,-0.0,0.0,0.0,0.2052651,0.58828485,1.624444,0.0,0.0,0.70981485,0.6995983,0.22404636,0.34052226,0.0,0.0,0.0,0.32025,0.1383698,0.4867397,0.0,0.6995983,0.0,0.79534745,0.805564,0.70981485,-0.010216554,11.7,19.003725,17.222221,17.222221,2.0
resstock-amy2018-2021-release-1-66303,0.0,0.019121844,0.0,0.0,0.20918155,0.0,0.0,0.0,0.0,0.0,0.0,0.0,0.0,0.0,0.0,0.0,0.0,0.0,10.800000190734863,0.0,-0.0,0.0,0.0,-0.0,0.0,-0.0,0.42189208,0.42189208,-0.0,0.83515936,1.624444,0.019121844,0.0,0.55436623,0.7594754,0.24776214,0.36816144,0.0,0.0,0.0,0.326228,0.1383698,0.48475754,0.0,0.7594754,0.0,0.5593637,0.5634361,0.55436623,-0.004072361,11.11,19.19636,17.777779,17.777779,2.0
resstock-amy2018-2021-release-1-66303,0.0,0.047044836,0.0,0.0,0.0,0.0,0.0,0.0,0.0,0.0,0.0,0.0,0.0,0.0,0.0,0.0,0.0,0.0,10.800000190734863,0.0,-0.0,0.0,0.0,-0.0,0.0,-0.0,0.0,0.0,0.047044873,0.80287087,1.624444,0.0,0.0,0.64418656,0.64418656,0.21445847,0.32043755,0.0,0.0,0.0,0.3329136,0.1383698,0.49742976,0.0,0.64418656,0.0,0.6665071,0.6665071,0.64418656,0.0,11.1,19.563473,17.777779,17.777779,2.0
resstock-amy2018-2021-release-1-66303,0.0,0.024902385,0.0,0.0,0.08868537,0.0,0.0,0.0,0.0,0.0,0.0,0.0,0.0,0.0,0.0,0.0,0.0,0.0,10.800000190734863,0.0,-0.0,0.0,0.0,-0.0,0.0,-0.0,0.162019,0.162019,-0.0,0.89630044,1.624444,0.024902385,0.0,0.72345006,0.81213546,0.26999444,0.42183438,0.0,0.0,0.0,0.33245,0.1383698,0.5194138,0.0,0.81213546,0.0,0.7352651,0.7352651,0.72345006,-0.0,11.1,19.824846,17.777779,17.777779,2.0
resstock-amy2018-2021-release-1-66303,0.0,0.024816379,0.0,0.0,1.7119335e-08,0.0,0.0,0.0,0.0,0.0,0.0,0.0,0.0,0.0,0.0,0.0,0.0,0.0,10.800000190734863,0.0,-0.0,0.0,0.0,-0.0,0.0,-0.0,0.0,0.0,0.024816342,0.87817997,1.624444,3.7252903e-08,0.0,0.7418535,0.7418535,0.24639386,0.38828427,0.0,0.0,0.0,0.3321328,0.1383698,0.5233975,0.0,0.7418535,0.0,0.7532577,0.7532577,0.7418535,-0.0,12.22,19.944853,17.777779,17.777779,2.0
resstock-amy2018-2021-release-1-66303,0.0,0.02940941,0.0,0.0,5.2131615e-09,0.0,0.0,0.0,0.0,0.0,0.0,0.0,0.0,0.0,0.0,0.0,0.0,0.0,10.800000190734863,0.0,-0.0,0.0,0.0,-0.0,0.0,-0.0,0.0,0.0,0.0294094,0.8571451,1.624444,1.1175871e-08,0.0,0.69669086,0.69669086,0.22738206,0.36420563,0.0,0.0,0.0,0.3263744,0.1383698,0.52276504,0.0,0.69669086,0.0,0.71040934,0.71040934,0.69669086,-0.0,11.7,19.908762,17.777779,17.777779,2.0
resstock-amy2018-2021-release-1-66303,0.0,0.013833521,0.36750534,0.0,0.0,0.39357376,0.0,0.0,0.0,0.0,0.0,0.0,0.0,0.0,0.0,0.0,0.0,0.0,10.800000190734863,0.0,-0.0,0.0,0.0,-0.0,0.0,-0.0,0.0,0.0,0.01383353,0.8461905,1.624444,0.0,0.0,0.6290092,1.022583,0.32734498,0.5322276,0.0,0.0,0.0,0.3201158,0.1383698,0.5204737,0.0,1.022583,0.0,1.0290174,1.0290174,0.6290092,-0.0,11.8,19.799883,17.777779,17.777779,2.0
resstock-amy2018-2021-release-1-66303,0.0,0.032744814,0.0,0.0,1.0277552e-08,0.0,0.0,0.0,0.0,0.0,0.0,0.0,0.0,0.0,0.0,0.0,0.0,0.0,10.800000190734863,0.0,-0.0,0.0,0.0,-0.0,0.0,-0.0,0.0,0.0,0.03274479,0.8230842,1.624444,2.2351742e-08,0.0,0.56559175,0.56559175,0.16979371,0.2896393,0.0,0.0,0.0,0.3002054,0.1383698,0.51209956,0.0,0.56559175,0.0,0.5806481,0.5806481,0.56559175,-0.0,12.2,19.608267,17.222221,17.222221,2.0
resstock-amy2018-2021-release-1-66303,0.0,0.07319847,0.0,0.0,1.7129253e-08,0.0,0.0,0.0,0.0,0.0,0.0,0.0,0.0,0.0,0.0,0.0,0.0,0.0,10.800000190734863,0.0,-0.0,0.0,0.0,-0.0,0.0,-0.0,0.0,0.0,0.07319843,0.77398294,1.624444,3.7252903e-08,0.0,0.4363907,0.43639073,0.11845294,0.21992631,0.0,0.0,0.0,0.2714378,0.1383698,0.5039665,0.0,0.43639073,0.0,0.4700481,0.4700481,0.4363907,-0.0,12.2,19.396187,17.222221,17.222221,2.0
resstock-amy2018-2021-release-1-66303,0.0,0.136164,0.0,0.0,0.0,0.0,0.0,0.0,0.0,0.0,0.0,0.0,0.0,0.0,0.0,0.0,0.0,0.0,10.800000190734863,0.0,-0.0,0.0,0.0,-0.0,0.0,-0.0,0.0,0.0,0.13616401,0.68445224,1.624444,0.0,0.0,0.3697615,0.3697615,0.08751515,0.17798589,0.0,0.0,0.0,0.23668,0.1383698,0.48135322,0.0,0.3697615,0.0,0.43200853,0.43200853,0.3697615,-0.0,12.4,19.177792,17.222221,17.222221,2.0
resstock-amy2018-2021-release-1-66303,0.0,0.18760598,0.0,0.0,0.0,0.0,0.0,0.0,0.0,0.0,0.0,0.0,0.0,0.0,0.0,0.0,0.0,0.0,10.800000190734863,0.0,-0.0,0.0,0.0,-0.0,0.0,-0.0,0.0,0.0,0.18760599,0.5620093,1.624444,0.0,0.0,0.2866847,0.2866847,0.06705509,0.14074329,0.0,0.0,0.0,0.2338984,0.1383698,0.49093407,0.0,0.2866847,0.0,0.37294778,0.37294778,0.2866847,-0.0,12.2,18.907957,17.222221,17.222221,2.0
resstock-amy2018-2021-release-1-66303,0.0,0.34946972,0.0,0.0,0.0,0.0,0.0,0.0,0.0,0.0,0.0,0.0,0.0,0.0,0.0,0.0,0.0,0.0,10.800000190734863,0.0,-0.0,0.0,0.0,-0.0,0.0,-0.0,0.0,0.0,0.34946972,0.33562666,1.624444,0.0,0.0,0.28195497,0.28195497,0.059337422,0.13704641,0.0,0.0,0.0,0.21045,0.1383698,0.4860578,0.0,0.28195497,0.0,0.4426446,0.4426446,0.28195497,-0.0,12.2,18.750767,17.222221,17.222221,2.0
resstock-amy2018-2021-release-1-66303,0.0,0.3134867,0.0,0.0,0.0,0.0,0.0,0.0,0.0,0.0,0.0,0.0,0.0,0.0,0.0,0.0,0.0,0.0,10.800000190734863,0.0,-0.0,0.0,0.0,-0.0,0.0,-0.0,0.0,0.0,0.3134867,0.1329558,1.624444,0.0,0.0,0.27688333,0.27688333,0.06633333,0.13526134,0.0,0.0,0.0,0.2395714,0.1383698,0.48851386,0.0,0.27688333,0.0,0.42311415,0.42311415,0.27688333,-0.0,11.7,18.582912,17.222221,17.222221,2.0
resstock-amy2018-2021-release-1-66303,0.0,0.32818538,0.0,0.0,0.0570063,0.0,0.0,0.0,0.0,0.0,0.0,0.0,0.0,0.0,0.0,0.0,0.0,0.0,10.800000190734863,0.0,-0.0,0.0,0.0,-0.0,0.0,-0.0,0.0,0.0,0.20597641,0.0,1.624444,0.12220897,0.0,0.2757973,0.3328036,0.08140709,0.1655895,0.0,0.0,0.0,0.24461,0.1383698,0.4975592,0.0,0.3328036,0.0,0.42888457,0.42888457,0.2757973,-0.0,11.7,18.530243,17.222221,17.222221,2.0
resstock-amy2018-2021-release-1-66303,0.0,0.29014787,0.0,0.0,0.13534406,0.0,0.0,0.0,0.0,0.0,0.0,0.0,0.0,0.0,0.0,0.0,0.0,0.0,10.800000190734863,0.0,-0.0,0.0,0.0,-0.0,0.0,-0.0,0.0,0.0,-0.0,0.0,1.624444,0.29014787,0.0,0.27869084,0.4140349,0.10481293,0.21091565,0.0,0.0,0.0,0.25315,0.1383698,0.50941515,0.0,0.4140349,0.0,0.4140349,0.4140349,0.27869084,-0.0,11.7,18.52744,17.222221,17.222221,2.0
resstock-amy2018-2021-release-1-66303,0.0,0.5387885,0.0,0.0,0.24774028,0.0,0.0,0.0,0.0,0.0,0.0,0.0,0.0,0.0,0.0,0.0,0.0,0.0,10.800000190734863,0.0,-0.0,0.0,0.0,-0.0,0.0,-0.0,0.0,0.0,-0.0,0.0,1.624444,0.5387885,0.0,0.29054374,0.538284,0.16028892,0.27829805,0.0,0.0,0.0,0.2977776,0.1383698,0.5170097,0.0,0.538284,0.0,0.538284,0.538284,0.29054374,-0.0,12.2,18.677675,17.222221,17.222221,2.0
resstock-amy2018-2021-release-1-66303,0.0,0.09010303,0.0,0.0,0.041430265,0.0,0.0,0.0,0.0,0.0,0.0,0.0,0.0,0.0,0.0,0.0,0.0,0.0,10.800000190734863,0.0,-0.0,0.0,0.0,-0.0,0.0,-0.0,0.0,0.0,-0.0,0.0,1.624444,0.09010303,0.0,0.48635286,0.52778316,0.16902256,0.27634132,0.0,0.0,0.0,0.32025,0.1383698,0.5235887,0.0,0.52778316,0.0,0.52778316,0.52778316,0.48635286,-0.0,12.2,18.725653,17.222221,17.222221,2.0
resstock-amy2018-2021-release-1-66303,0.0,0.31564036,0.0,0.0,0.13799167,0.0,0.0,0.0,0.0,0.0,0.0,0.0,0.0,0.0,0.0,0.0,0.0,0.0,10.800000190734863,0.0,-0.0,0.0,0.0,-0.0,0.0,-0.0,0.0,0.0,-0.0,0.0,1.624444,0.31564036,0.0,0.29698613,0.4290748,0.15192182,0.22615378,0.0,0.0,0.0,0.3540684,0.1383698,0.5270731,0.0,0.4290748,0.0,0.4290748,0.4349778,0.29698613,-0.005903016,13.9,18.842506,17.222221,17.222221,2.0
resstock-amy2018-2021-release-1-66303,0.0,0.3577277,0.0,0.0,0.15924858,0.0,0.0,0.0,0.0,0.0,0.0,0.0,0.0,0.0,0.0,0.0,0.0,0.0,10.800000190734863,0.0,-0.0,0.0,0.0,-0.0,0.0,-0.0,0.0,0.0,-0.0,0.0,1.624444,0.3577277,0.0,0.29229107,0.42694673,0.13736515,0.23089418,0.0,0.0,0.0,0.3217384,0.1383698,0.54080325,0.0,0.42694673,0.0,0.42694673,0.45153964,0.29229107,-0.024592903,13.3,18.961306,17.222221,17.222221,2.0
resstock-amy2018-2021-release-1-66303,0.08100185,1.07627,0.36783546,0.0,0.4791199,0.39392728,0.0,0.0,0.0,0.0,0.0,0.0,0.0,0.0,0.0,0.0,0.0,0.0,10.800000190734863,0.0,-0.0,0.0,0.0,-0.0,0.0,-0.0,0.0,0.0,-0.0,0.0,1.624444,1.07627,0.0,0.661957,1.4861383,0.46474904,0.82468116,0.0,0.0,0.0,0.3127226,0.1383698,0.5549155,0.0,1.4861383,0.0,1.4861383,1.5350043,0.661957,-0.048865963,13.3,19.270086,17.222221,17.222221,2.0
resstock-amy2018-2021-release-1-66303,1.1213791,0.06744698,1.7465754,0.0,0.07889201,1.8704659,0.0,0.0,0.0,0.0,0.0,0.0,0.0,0.0,0.0,0.0,0.0,0.0,10.800000190734863,0.0,-0.0,0.0,0.0,-0.0,0.0,-0.0,0.11300958,0.11300958,-0.0,0.06650497,1.624444,0.06744698,0.0,0.48147905,2.374092,0.7125125,1.3165001,0.0,0.0,0.0,0.30012,0.1383698,0.5545278,0.0,2.374092,0.0,2.3246865,2.3814313,0.48147905,-0.05674487,13.9,19.261074,17.222221,17.222221,2.0
resstock-amy2018-2021-release-1-66303,0.21530737,0.114695095,0.0,0.0,0.0048357085,0.0,0.0,0.0,0.0,0.0,0.0,0.0,0.0,0.0,0.0,0.0,0.0,0.0,10.800000190734863,0.0,-0.0,0.0,0.0,-0.0,0.0,-0.0,0.0,0.0,0.10303014,0.0,1.624444,0.011664957,0.0,0.48707625,0.4393608,0.12966864,0.23304462,0.0,0.0,0.0,0.2951302,0.1383698,0.53041744,0.0,0.4393608,0.0,0.48207194,0.5346231,0.48707625,-0.052551165,15.6,19.38408,17.222221,17.222221,2.0
resstock-amy2018-2021-release-1-66303,0.071603976,0.3661896,0.0,0.0,0.15180393,0.0,0.0,0.0,0.0,0.0,0.0,0.0,0.0,0.0,0.0,0.0,0.0,0.0,10.800000190734863,0.0,-0.0,0.0,0.0,-0.0,0.0,-0.0,0.0,0.0,-0.0,0.0,1.624444,0.3661896,0.0,0.29499483,0.40309247,0.12023846,0.2038656,0.0,0.0,0.0,0.29829,0.1383698,0.50575393,0.0,0.40309247,0.0,0.40309247,0.44679874,0.29499483,-0.04370627,15.6,19.507725,17.222221,17.222221,2.0
resstock-amy2018-2021-release-1-66303,0.3949603,0.054294452,0.0,0.0,0.021351365,0.0,0.0,0.0,0.0,0.0,0.0,0.0,0.0,0.0,0.0,0.0,0.0,0.0,10.800000190734863,0.0,-0.0,0.0,0.0,-0.0,0.0,-0.0,0.0,0.0,-0.0,0.0,1.624444,0.054294452,0.0,0.41859072,0.37532786,0.11725445,0.18226492,0.0,0.0,0.0,0.3124054,0.1383698,0.48561522,0.0,0.37532786,0.0,0.37532786,0.4399421,0.41859072,-0.06461424,17.2,19.78601,17.222221,17.222221,2.0
resstock-amy2018-2021-release-1-66303,0.7309842,0.121147856,0.0,0.0,0.41220152,0.0,0.0,0.0,0.0,0.0,0.0,0.0,0.0,0.0,0.0,0.0,0.0,0.0,10.800000190734863,0.0,-0.0,0.0,0.0,-0.0,0.0,-0.0,0.8217166,0.8217166,-0.0,0.48357174,1.624444,0.121147856,0.0,0.67662126,1.0112016,0.32563847,0.5125934,0.0,0.0,0.0,0.3220312,0.1383698,0.5069151,0.0,1.0112016,0.0,0.65196353,0.7295847,0.67662126,-0.07762119,13.9,20.071775,17.222221,17.222221,2.0
resstock-amy2018-2021-release-1-66303,0.7513113,0.14552344,0.3678361,0.0,0.3927766,0.39392796,0.0,0.0,0.0,0.0,0.0,0.0,0.0,0.0,0.0,0.0,0.0,0.0,10.800000190734863,0.0,-0.0,0.0,0.0,-0.0,0.0,-0.0,0.7667984,0.7667984,-0.0,0.9336701,1.624444,0.14552344,0.0,0.7958476,1.5542696,0.5175702,0.77819866,0.0,0.0,0.0,0.332999,0.1383698,0.5006845,0.0,1.5542696,0.0,1.2241443,1.2524269,0.7958476,-0.02828256,14.4,20.611244,17.222221,17.222221,2.0
resstock-amy2018-2021-release-1-66303,0.7015553,0.044587813,0.5765439,0.0,0.450409,0.61744016,0.0,0.0,0.0,0.0,0.0,0.0,0.0,0.0,0.0,0.0,0.0,0.0,10.800000190734863,0.0,-0.0,0.0,0.0,-0.0,0.0,-0.0,0.11650012,0.11650012,-0.0,1.0,1.624444,0.044587813,0.0,1.2087758,2.2753394,0.78910905,1.2326003,0.0,0.0,0.0,0.3468094,0.1383698,0.5417215,0.0,2.2753394,0.0,2.2251832,2.2264686,1.2087758,-0.0012854299,14.4,20.407383,17.222221,17.222221,2.0
resstock-amy2018-2021-release-1-66303,0.36816934,0.14565502,0.0,0.0,0.44637153,0.0,0.0,0.0,0.0,0.0,0.0,0.0,0.0,0.0,0.0,0.0,0.0,0.0,10.800000190734863,0.0,-0.0,0.0,0.0,-0.0,0.0,-0.0,0.004057115,0.004057115,-0.0,1.0,1.624444,0.14565502,0.0,1.1340604,1.5804319,0.5543365,0.9138656,0.0,0.0,0.0,0.35075,0.1383698,0.5782379,0.0,1.5804319,0.0,1.5787177,1.5787177,1.1340604,-0.0,15.0,20.523144,17.777779,17.777779,2.0
resstock-amy2018-2021-release-1-66303,1.3215369,0.1854359,2.202436,0.0,0.32572997,2.3586624,0.0,0.0,0.0,0.0,0.0,0.0,0.0,0.0,0.0,0.0,0.0,0.0,10.800000190734863,0.0,-0.0,0.0,0.0,-0.0,0.0,-0.0,0.004057115,0.004057115,-0.0,1.0,1.624444,0.1854359,0.0,0.7418535,3.4262457,1.1875436,1.9911672,0.0,0.0,0.0,0.346602,0.1383698,0.5811513,0.0,3.4262457,0.0,3.424564,3.424564,0.7418535,-0.0,15.6,20.557026,17.777779,17.777779,2.0
resstock-amy2018-2021-release-1-66303,0.16822504,0.03928802,0.3678322,0.0,0.3234951,0.39392382,0.0,0.0,0.0,0.0,0.0,0.0,0.0,0.0,0.0,0.0,0.0,0.0,10.800000190734863,0.0,-0.0,0.0,0.0,-0.0,0.0,-0.0,0.004057115,0.004057115,-0.0,1.0,1.624444,0.03928802,0.0,0.69669086,1.4141097,0.4701208,0.78363603,0.0,0.0,0.0,0.33245,0.1383698,0.55415505,0.0,1.4141097,0.0,1.4123955,1.4123955,0.69669086,-0.0,15.0,20.402893,17.777779,17.777779,2.0
resstock-amy2018-2021-release-1-66303,0.2002558,0.14453082,0.73566276,0.0,0.15047474,0.78784585,0.0,0.0,0.0,0.0,0.0,0.0,0.0,0.0,0.0,0.0,0.0,0.0,10.800000190734863,0.0,-0.0,0.0,0.0,-0.0,0.0,-0.0,0.004057115,0.004057115,-0.0,1.0,1.624444,0.14453082,0.0,0.894598,1.8329186,0.5871264,0.9671821,0.0,0.0,0.0,0.3203232,0.1383698,0.52767324,0.0,1.8329186,0.0,1.8311449,1.8311449,0.894598,-0.0,13.9,20.363377,17.777779,17.777779,2.0
resstock-amy2018-2021-release-1-66303,0.28096536,0.0847796,0.0,0.0,0.0,0.0,0.0,0.0,0.0,0.0,0.0,0.0,0.0,0.0,0.0,0.0,0.0,0.0,10.800000190734863,0.0,-0.0,0.0,0.0,-0.0,0.0,-0.0,0.0,0.0,0.08477964,0.9430186,1.624444,0.0,0.0,0.78344345,0.78344345,0.24133019,0.39248204,0.0,0.0,0.0,0.3080378,0.1383698,0.5009705,0.0,0.78344345,0.0,0.819266,0.819266,0.78344345,-0.0,15.0,20.163902,17.222221,17.222221,2.0
resstock-amy2018-2021-release-1-66303,0.10674254,0.035626445,0.73567045,0.0,2.2453586e-08,0.7878541,0.0,0.0,0.0,0.0,0.0,0.0,0.0,0.0,0.0,0.0,0.0,0.0,10.800000190734863,0.0,-0.0,0.0,0.0,-0.0,0.0,-0.0,0.0,0.0,0.035626393,0.9178255,1.624444,5.2154064e-08,0.0,0.4363907,1.2242448,0.3142457,0.5610257,0.0,0.0,0.0,0.25668535,0.1383698,0.45826265,0.0,1.2242448,0.0,1.2395829,1.2395829,0.4363907,-0.0,14.4,19.846079,17.222221,17.222221,2.0
resstock-amy2018-2021-release-1-66303,0.0,0.21410254,0.0,0.0,1.2592587e-08,0.0,0.0,0.0,0.0,0.0,0.0,0.0,0.0,0.0,0.0,0.0,0.0,0.0,10.800000190734863,0.0,-0.0,0.0,0.0,-0.0,0.0,-0.0,0.0,0.0,0.2141025,0.77776295,1.624444,2.9802322e-08,0.0,0.30831632,0.30831632,0.084061086,0.13960847,0.0,0.0,0.0,0.2726456,0.1383698,0.4528092,0.0,0.30831632,0.0,0.39878258,0.39878258,0.30831632,-0.0,15.0,19.752144,17.222221,17.222221,2.0
resstock-amy2018-2021-release-1-66303,0.0,0.1594951,0.0,0.0,0.0,0.0,0.0,0.0,0.0,0.0,0.0,0.0,0.0,0.0,0.0,0.0,0.0,0.0,10.800000190734863,0.0,-0.0,0.0,0.0,-0.0,0.0,-0.0,0.0,0.0,0.15949512,0.6731992,1.624444,0.0,0.0,0.2866847,0.2866847,0.06837717,0.11416457,0.0,0.0,0.0,0.23851,0.1383698,0.39822346,0.0,0.2866847,0.0,0.3553512,0.3553512,0.2866847,-0.0,14.4,19.39007,17.222221,17.222221,2.0
resstock-amy2018-2021-release-1-66303,0.0,0.4373849,0.0,0.0,0.0,0.0,0.0,0.0,0.0,0.0,0.0,0.0,0.0,0.0,0.0,0.0,0.0,0.0,10.800000190734863,0.0,-0.0,0.0,0.0,-0.0,0.0,-0.0,0.0,0.0,0.4373849,0.38993815,1.624444,0.0,0.0,0.28195497,0.28195497,0.06174532,0.11253733,0.0,0.0,0.0,0.21899,0.1383698,0.39913228,0.0,0.28195497,0.0,0.47103605,0.47103605,0.28195497,-0.0,14.266666,19.362005,17.222221,17.222221,2.0
resstock-amy2018-2021-release-1-66303,0.0,0.44940084,0.0,0.0,0.0,0.0,0.0,0.0,0.0,0.0,0.0,0.0,0.0,0.0,0.0,0.0,0.0,0.0,10.800000190734863,0.0,-0.0,0.0,0.0,-0.0,0.0,-0.0,0.0,0.0,0.44940084,0.099615805,1.624444,0.0,0.0,0.27688333,0.27688333,0.058270097,0.10972037,0.0,0.0,0.0,0.21045,0.1383698,0.39626932,0.0,0.27688333,0.0,0.47036126,0.47036126,0.27688333,-0.0,14.4,19.223839,17.222221,17.222221,2.0
resstock-amy2018-2021-release-1-66303,0.0,0.29364884,0.0,0.0,0.059981957,0.0,0.0,0.0,0.0,0.0,0.0,0.0,0.0,0.0,0.0,0.0,0.0,0.0,10.800000190734863,0.0,-0.0,0.0,0.0,-0.0,0.0,-0.0,0.0,0.0,0.15432575,0.0,1.624444,0.13932309,0.0,0.2757973,0.33577925,0.07369616,0.13966437,0.0,0.0,0.0,0.219478,0.1383698,0.41594103,0.0,0.33577925,0.0,0.40222022,0.40222022,0.2757973,-0.0,14.4,19.039986,17.222221,17.222221,2.0
resstock-amy2018-2021-release-1-66303,0.0,0.36326987,0.0,0.0,0.15639646,0.0,0.0,0.0,0.0,0.0,0.0,0.0,0.0,0.0,0.0,0.0,0.0,0.0,10.800000190734863,0.0,-0.0,0.0,0.0,-0.0,0.0,-0.0,0.0,0.0,-0.0,0.0,1.624444,0.36326987,0.0,0.27869084,0.43508732,0.111416295,0.19031753,0.0,0.0,0.0,0.256078,0.1383698,0.43742374,0.0,0.43508732,0.0,0.43508732,0.43508732,0.27869084,-0.0,14.4,19.04505,17.222221,17.222221,2.0
resstock-amy2018-2021-release-1-66303,0.0,0.17821825,0.0,0.0,0.07791346,0.0,0.0,0.0,0.0,0.0,0.0,0.0,0.0,0.0,0.0,0.0,0.0,0.0,10.800000190734863,0.0,-0.0,0.0,0.0,-0.0,0.0,-0.0,0.0,0.0,-0.0,0.0,1.624444,0.17821825,0.0,0.29054374,0.3684572,0.11717131,0.17230414,0.0,0.0,0.0,0.3180052,0.1383698,0.46763676,0.0,0.3684572,0.0,0.3684572,0.3684572,0.29054374,-0.0,13.9,19.013218,17.222221,17.222221,2.0
resstock-amy2018-2021-release-1-66303,0.0,0.20869672,0.0,0.0,0.08984899,0.0,0.0,0.0,0.0,0.0,0.0,0.0,0.0,0.0,0.0,0.0,0.0,0.0,10.800000190734863,0.0,-0.0,0.0,0.0,-0.0,0.0,-0.0,0.0,0.0,-0.0,0.0,1.624444,0.20869672,0.0,0.48635286,0.57620186,0.19180435,0.2909555,0.0,0.0,0.0,0.332877,0.1383698,0.50495416,0.0,0.57620186,0.0,0.57620186,0.57620186,0.48635286,-0.0,14.4,19.083267,17.222221,17.222221,2.0
resstock-amy2018-2021-release-1-66303,0.0,0.11209193,0.0,0.0,0.047362998,0.0,0.0,0.0,0.0,0.0,0.0,0.0,0.0,0.0,0.0,0.0,0.0,0.0,10.800000190734863,0.0,-0.0,0.0,0.0,-0.0,0.0,-0.0,0.0,0.0,-0.0,0.0,1.624444,0.11209193,0.0,0.4937848,0.53539336,0.19562738,0.2942561,0.0,0.0,0.0,0.36539,0.1383698,0.5496073,0.0,0.53539336,0.0,0.53539336,0.54114777,0.4937848,-0.005754432,15.0,19.17939,17.222221,17.222221,2.0
resstock-amy2018-2021-release-1-66303,0.3187272,0.06776561,0.77668214,0.0,0.029174734,0.83177483,0.0,0.0,0.0,0.0,0.0,0.0,0.0,0.0,0.0,0.0,0.0,0.0,10.800000190734863,0.0,-0.0,0.0,0.0,-0.0,0.0,-0.0,0.0,0.0,-0.0,0.0,1.624444,0.06776561,0.0,7.4629107,8.306275,3.1936216,4.5430694,0.0,0.0,0.0,0.384483,0.1383698,0.5469442,0.0,8.306275,0.0,8.306275,8.32386,7.4629107,-0.017584648,14.4,19.236149,17.222221,17.222221,2.0
resstock-amy2018-2021-release-1-66303,0.0,0.14278162,0.0,0.0,0.06090073,0.0,0.0,0.0,0.0,0.0,0.0,0.0,0.0,0.0,0.0,0.0,0.0,0.0,10.800000190734863,0.0,-0.0,0.0,0.0,-0.0,0.0,-0.0,0.0,0.0,-0.0,0.0,1.624444,0.14278162,0.0,0.48839432,0.53742534,0.1740381,0.2926557,0.0,0.0,0.0,0.3238368,0.1383698,0.5445514,0.0,0.53742534,0.0,0.53742534,0.54929507,0.48839432,-0.011869741,14.7,19.310604,17.222221,17.222221,2.0
resstock-amy2018-2021-release-1-66303,0.08191708,0.47202253,1.1044697,0.0,0.19819035,1.1828134,0.0,0.0,0.0,0.0,0.0,0.0,0.0,0.0,0.0,0.0,0.0,0.0,10.800000190734863,0.0,-0.0,0.0,0.0,-0.0,0.0,-0.0,0.0,0.0,-0.0,0.0,1.624444,0.47202253,0.0,0.5018713,1.8634263,0.58398587,1.0258719,0.0,0.0,0.0,0.3133936,0.1383698,0.5505299,0.0,1.8634263,0.0,1.8634263,1.882875,0.5018713,-0.019448679,15.2,19.469723,17.222221,17.222221,2.0
resstock-amy2018-2021-release-1-66303,0.053180076,0.28350708,0.36814713,0.0,0.2213372,0.39426106,0.0,0.0,0.0,0.0,0.0,0.0,0.0,0.0,0.0,0.0,0.0,0.0,10.800000190734863,0.0,-0.0,0.0,0.0,-0.0,0.0,-0.0,0.25213444,0.25213444,-0.0,0.1483785,1.624444,0.28350708,0.0,0.48707625,1.0842412,0.3141589,0.60928714,0.0,0.0,0.0,0.28975,0.1383698,0.561948,0.0,1.0842412,0.0,0.98005444,0.9984878,0.48707625,-0.018433316,15.7,19.496958,17.222221,17.222221,2.0
resstock-amy2018-2021-release-1-66303,0.66160357,0.106511034,4.9016786,0.0,0.04590498,5.2493715,0.0,0.0,0.0,0.0,0.0,0.0,0.0,0.0,0.0,0.0,0.0,0.0,10.800000190734863,0.0,-0.0,0.0,0.0,-0.0,0.0,-0.0,0.00281914,0.00281914,-0.0,0.14968327,1.624444,0.106511034,0.0,0.6802974,5.957128,1.7268046,3.3469272,0.0,0.0,0.0,0.289872,0.1383698,0.5618357,0.0,5.957128,0.0,5.9559445,5.9743905,0.6802974,-0.01844586,15.2,19.509472,17.222221,17.222221,2.0
resstock-amy2018-2021-release-1-66303,0.0,0.20954078,0.36815658,0.0,0.0756107,0.3942712,0.0,0.0,0.0,0.0,0.0,0.0,0.0,0.0,0.0,0.0,0.0,0.0,10.800000190734863,0.0,-0.0,0.0,0.0,-0.0,0.0,-0.0,0.0,0.0,0.04007291,0.12352096,1.624444,0.16946787,0.0,0.32602397,0.7483899,0.23466842,0.41956177,0.0,0.0,0.0,0.3135644,0.1383698,0.56061924,0.0,0.7483899,0.0,0.766269,0.813785,0.32602397,-0.047515973,13.225,19.385696,17.222221,17.222221,2.0
resstock-amy2018-2021-release-1-66303,0.3911698,0.091244444,0.73631346,0.0,0.19158101,0.7885427,0.0,0.0,0.0,0.0,0.0,0.0,0.0,0.0,0.0,0.0,0.0,0.0,10.800000190734863,0.0,-0.0,0.0,0.0,-0.0,0.0,-0.0,0.33911315,0.33911315,-0.0,0.32279062,1.624444,0.091244444,0.0,0.67662126,1.6372895,0.5430185,0.90973276,0.0,0.0,0.0,0.331657,0.1383698,0.5556334,0.0,1.6372895,0.0,1.4863275,1.505783,0.67662126,-0.019455476,13.3,19.53786,17.222221,17.222221,2.0
resstock-amy2018-2021-release-1-66303,0.33740768,0.20240942,0.0,0.0,0.26181188,0.0,0.0,0.0,0.0,0.0,0.0,0.0,0.0,0.0,0.0,0.0,0.0,0.0,10.800000190734863,0.0,-0.0,0.0,0.0,-0.0,0.0,-0.0,0.37875965,0.37875965,-0.0,0.5449161,1.624444,0.20240942,0.0,0.72792894,0.98449713,0.36845732,0.5451548,0.0,0.0,0.0,0.3742594,0.1383698,0.55373937,0.0,0.98449713,0.0,0.813869,0.8191127,0.72792894,-0.005243746,12.9,19.709457,17.222221,17.222221,2.0
resstock-amy2018-2021-release-1-66303,0.08042336,0.018656641,0.36815625,0.0,0.31770277,0.39427084,0.0,0.0,0.0,0.0,0.0,0.0,0.0,0.0,0.0,0.0,0.0,0.0,10.800000190734863,0.0,-0.0,0.0,0.0,-0.0,0.0,-0.0,0.67228717,0.67228717,-0.0,0.9392491,1.624444,0.018656641,0.0,0.64418656,1.3561602,0.5335647,0.76070356,0.0,0.0,0.0,0.3934378,0.1383698,0.5609246,0.0,1.3561602,0.0,1.0470359,1.0470359,0.64418656,0.0,12.2,19.82325,17.222221,17.222221,2.0
resstock-amy2018-2021-release-1-66303,0.0,0.063643605,0.36815476,0.0,0.31633285,0.39426923,0.0,0.0,0.0,0.0,0.0,0.0,0.0,0.0,0.0,0.0,0.0,0.0,10.800000190734863,0.0,-0.0,0.0,0.0,-0.0,0.0,-0.0,0.10704262,0.10704262,-0.0,1.0,1.624444,0.063643605,0.0,0.34666762,1.0572697,0.40307117,0.596674,0.0,0.0,0.0,0.3812378,0.1383698,0.56435364,0.0,1.0572697,0.0,1.0073379,1.0073379,0.34666762,-0.0,11.7,19.862162,17.777779,17.777779,2.0
resstock-amy2018-2021-release-1-66303,0.0,0.17057422,0.0,0.0,0.5760737,0.0,0.0,0.0,0.0,0.0,0.0,0.0,0.0,0.0,0.0,0.0,0.0,0.0,10.800000190734863,0.0,-0.0,0.0,0.0,-0.0,0.0,-0.0,0.004057115,0.004057115,-0.0,1.0,1.624444,0.17057422,0.0,0.35538593,0.93145967,0.36511916,0.5202101,0.0,0.0,0.0,0.391986,0.1383698,0.55848914,0.0,0.93145967,0.0,0.92956716,0.92956716,0.35538593,-0.0,11.7,19.938791,17.777779,17.777779,2.0
resstock-amy2018-2021-release-1-66303,0.0,0.033859868,0.0,0.0,0.0,0.0,0.0,0.0,0.0,0.0,0.0,0.0,0.0,0.0,0.0,0.0,0.0,0.0,10.800000190734863,0.0,-0.0,0.0,0.0,-0.0,0.0,-0.0,0.0,0.0,0.033859894,0.9758084,1.624444,0.0,0.0,0.87025356,0.87025356,0.2893264,0.48131794,0.0,0.0,0.0,0.3324622,0.1383698,0.5530778,0.0,0.87025356,0.0,0.88618326,0.88618326,0.87025356,-0.0,11.4,19.924294,17.777779,17.777779,2.0
resstock-amy2018-2021-release-1-66303,0.0,0.01688028,0.0,0.0,9.721109e-09,0.0,0.0,0.0,0.0,0.0,0.0,0.0,0.0,0.0,0.0,0.0,0.0,0.0,10.800000190734863,0.0,-0.0,0.0,0.0,-0.0,0.0,-0.0,0.0,0.0,0.016880259,0.9626085,1.624444,2.0489097e-08,0.0,0.99873567,0.99873567,0.32342738,0.5436259,0.0,0.0,0.0,0.3238368,0.1383698,0.5443141,0.0,0.99873567,0.0,1.0067445,1.0067445,0.99873567,-0.0,11.1,19.868032,17.777779,17.777779,2.0
resstock-amy2018-2021-release-1-66303,0.0,0.043835204,0.0,0.0,1.1098764e-08,0.0,0.0,0.0,0.0,0.0,0.0,0.0,0.0,0.0,0.0,0.0,0.0,0.0,10.800000190734863,0.0,-0.0,0.0,0.0,-0.0,0.0,-0.0,0.0,0.0,0.04383518,0.93208253,1.624444,2.2351742e-08,0.0,0.56559175,0.56559175,0.17767374,0.3045404,0.0,0.0,0.0,0.3141378,0.1383698,0.5384456,0.0,0.56559175,0.0,0.5873581,0.5873581,0.56559175,-0.0,9.44,19.646074,17.777779,17.777779,2.0
resstock-amy2018-2021-release-1-66303,0.0,0.13694039,0.0,0.0,0.0,0.0,0.0,0.0,0.0,0.0,0.0,0.0,0.0,0.0,0.0,0.0,0.0,0.0,10.800000190734863,0.0,-0.0,0.0,0.0,-0.0,0.0,-0.0,0.0,0.0,0.13694042,0.8416745,1.624444,0.0,0.0,0.3323414,0.3323414,0.09461733,0.17753297,0.0,0.0,0.0,0.2846992,0.1383698,0.53418857,0.0,0.3323414,0.0,0.39882618,0.39882618,0.3323414,-0.0,10.27,19.396769,17.777779,17.777779,2.0
resstock-amy2018-2021-release-1-66303,0.0,0.37417886,0.0,0.0,1.4139795e-08,0.0,0.0,0.0,0.0,0.0,0.0,0.0,0.0,0.0,0.0,0.0,0.0,0.0,10.800000190734863,0.0,-0.0,0.0,0.0,-0.0,0.0,-0.0,0.0,0.0,0.37417883,0.59871274,1.624444,2.9802322e-08,0.0,0.30831632,0.30831632,0.09239272,0.16115248,0.0,0.0,0.0,0.2996686,0.1383698,0.5226855,0.0,0.30831632,0.0,0.48584652,0.48584652,0.30831632,-0.0,11.1,19.203943,17.777779,17.777779,2.0
resstock-amy2018-2021-release-1-66303,0.0,0.81401956,0.0,0.0,0.0,0.0,0.0,0.0,0.0,0.0,0.0,0.0,0.0,0.0,0.0,0.0,0.0,0.0,10.800000190734863,0.0,-0.0,0.0,0.0,-0.0,0.0,-0.0,0.0,0.0,0.81401956,0.07309594,1.624444,0.0,0.0,0.2866847,0.2866847,0.08508498,0.14754692,0.0,0.0,0.0,0.2967894,0.1383698,0.5146662,0.0,0.2866847,0.0,0.67289853,0.67289853,0.2866847,-0.0,11.1,19.239918,17.777779,17.777779,2.0
resstock-amy2018-2021-release-1-66303,0.0,0.755328,0.0,0.0,0.3063495,0.0,0.0,0.0,0.0,0.0,0.0,0.0,0.0,0.0,0.0,0.0,0.0,0.0,10.800000190734863,0.0,-0.0,0.0,0.0,-0.0,0.0,-0.0,0.0,0.0,0.11324093,0.0,1.624444,0.6420871,0.0,0.28195497,0.58830446,0.16687256,0.30973402,0.0,0.0,0.0,0.28365,0.1383698,0.5264859,0.0,0.58830446,0.0,0.64233345,0.64233345,0.28195497,-0.0,10.9,19.065994,17.777779,17.777779,2.0
resstock-amy2018-2021-release-1-66303,0.0,1.0768471,0.0,0.0,0.54259276,0.0,0.0,0.0,0.0,0.0,0.0,0.0,0.0,0.0,0.0,0.0,0.0,0.0,10.800000190734863,0.0,-0.0,0.0,0.0,-0.0,0.0,-0.0,0.0,0.0,-0.0,0.0,1.624444,1.0768471,0.0,0.27688333,0.8194761,0.2224468,0.44236335,0.0,0.0,0.0,0.27145,0.1383698,0.5398124,0.0,0.8194761,0.0,0.8194761,0.8194761,0.27688333,-0.0,8.89,19.162771,17.222221,17.222221,2.0
resstock-amy2018-2021-release-1-66303,0.0,1.0528655,0.0,0.0,0.5030388,0.0,0.0,0.0,0.0,0.0,0.0,0.0,0.0,0.0,0.0,0.0,0.0,0.0,10.800000190734863,0.0,-0.0,0.0,0.0,-0.0,0.0,-0.0,0.0,0.0,-0.0,0.0,1.624444,1.0528655,0.0,0.2757973,0.77883613,0.21341045,0.42809504,0.0,0.0,0.0,0.274012,0.1383698,0.54965997,0.0,0.77883613,0.0,0.77883613,0.77883613,0.2757973,-0.0,10.85,19.21556,17.222221,17.222221,2.0
resstock-amy2018-2021-release-1-66303,0.0,1.0258508,0.0,0.0,0.51689714,0.0,0.0,0.0,0.0,0.0,0.0,0.0,0.0,0.0,0.0,0.0,0.0,0.0,10.800000190734863,0.0,-0.0,0.0,0.0,-0.0,0.0,-0.0,0.0,0.0,-0.0,0.0,1.624444,1.0258508,0.0,0.27869084,0.795588,0.22081546,0.44173932,0.0,0.0,0.0,0.27755,0.1383698,0.5552363,0.0,0.795588,0.0,0.795588,0.795588,0.27869084,-0.0,8.89,19.254446,17.222221,17.222221,2.0
resstock-amy2018-2021-release-1-66303,0.0,1.0656499,0.0,0.0,0.54489475,0.0,0.0,0.0,0.0,0.0,0.0,0.0,0.0,0.0,0.0,0.0,0.0,0.0,10.800000190734863,0.0,-0.0,0.0,0.0,-0.0,0.0,-0.0,0.0,0.0,-0.0,0.0,1.624444,1.0656499,0.0,0.29054374,0.8354385,0.25001836,0.46439588,0.0,0.0,0.0,0.299266,0.1383698,0.55587083,0.0,0.8354385,0.0,0.8354385,0.8354385,0.29054374,-0.0,8.33,19.307491,17.222221,17.222221,2.0
resstock-amy2018-2021-release-1-66303,0.0,0.7486671,0.0,0.0,0.38037145,0.0,0.0,0.0,0.0,0.0,0.0,0.0,0.0,0.0,0.0,0.0,0.0,0.0,10.800000190734863,0.0,-0.0,0.0,0.0,-0.0,0.0,-0.0,0.0,0.0,-0.0,0.0,1.624444,0.7486671,0.0,0.48635286,0.8667243,0.26128444,0.48145336,0.0,0.0,0.0,0.301462,0.1383698,0.55548614,0.0,0.8667243,0.0,0.8667243,0.8667243,0.48635286,-0.0,8.575,19.268208,17.222221,17.222221,2.0
resstock-amy2018-2021-release-1-66303,0.0,0.16237839,0.0,0.0,0.07714896,0.0,0.0,0.0,0.0,0.0,0.0,0.0,0.0,0.0,0.0,0.0,0.0,0.0,10.800000190734863,0.0,-0.0,0.0,0.0,-0.0,0.0,-0.0,0.0,0.0,-0.0,0.0,1.624444,0.16237839,0.0,0.29698613,0.3657145,0.11013302,0.2030903,0.0,0.0,0.0,0.3011448,0.1383698,0.55532473,0.0,0.3657145,0.0,0.3657145,0.37413508,0.29698613,-0.008420598,11.05,19.271828,17.222221,17.222221,2.0
resstock-amy2018-2021-release-1-66303,0.0,0.40514588,0.0,0.0,0.18898669,0.0,0.0,0.0,0.0,0.0,0.0,0.0,0.0,0.0,0.0,0.0,0.0,0.0,10.800000190734863,0.0,-0.0,0.0,0.0,-0.0,0.0,-0.0,0.0,0.0,-0.0,0.0,1.624444,0.40514588,0.0,0.29229107,0.4666448,0.14041379,0.2581294,0.0,0.0,0.0,0.3009008,0.1383698,0.5531603,0.0,0.4666448,0.0,0.4666448,0.48127776,0.29229107,-0.014632959,11.7,19.326824,17.222221,17.222221,2.0
resstock-amy2018-2021-release-1-66303,0.11833264,0.17414296,0.3684679,0.0,0.080072656,0.3946046,0.0,0.0,0.0,0.0,0.0,0.0,0.0,0.0,0.0,0.0,0.0,0.0,10.800000190734863,0.0,-0.0,0.0,0.0,-0.0,0.0,-0.0,0.0,0.0,-0.0,0.0,1.624444,0.17414296,0.0,0.29257274,0.7126006,0.19924285,0.39378488,0.0,0.0,0.0,0.2795996,0.1383698,0.5526025,0.0,0.7126006,0.0,0.7126006,0.76725,0.29257274,-0.054649413,12.2,19.772842,17.222221,17.222221,2.0
resstock-amy2018-2021-release-1-66303,0.72833157,0.22875886,0.0,0.0,0.10335849,0.0,0.0,0.0,0.0,0.0,0.0,0.0,0.0,0.0,0.0,0.0,0.0,0.0,10.800000190734863,0.0,-0.0,0.0,0.0,-0.0,0.0,-0.0,0.0,0.0,-0.0,0.0,1.624444,0.22875886,0.0,0.30791634,0.29834688,0.080112696,0.16418181,0.0,0.0,0.0,0.268522,0.1383698,0.5503051,0.0,0.29834688,0.0,0.29834688,0.41127485,0.30791634,-0.11292797,12.8,20.83564,17.222221,17.222221,2.0
resstock-amy2018-2021-release-1-66303,1.1591599,0.6241235,0.0,0.0,0.2819933,0.0,0.0,0.0,0.0,0.0,0.0,0.0,0.0,0.0,0.0,0.0,0.0,0.0,10.800000190734863,0.0,-0.0,0.0,0.0,-0.0,0.0,-0.0,0.0,0.0,-0.0,0.0,1.624444,0.6241235,0.0,0.29362714,0.42071044,0.11189216,0.23546788,0.0,0.0,0.0,0.26596,0.1383698,0.5596911,0.0,0.42071044,0.0,0.42071044,0.5756204,0.29362714,-0.15490998,12.8,22.208042,17.222221,17.222221,2.0
resstock-amy2018-2021-release-1-66303,1.3316598,0.25100082,0.0,0.0,0.11173729,0.0,0.0,0.0,0.0,0.0,0.0,0.0,0.0,0.0,0.0,0.0,0.0,0.0,10.800000190734863,0.0,-0.0,0.0,0.0,-0.0,0.0,-0.0,0.0,0.0,-0.0,0.0,1.624444,0.25100082,0.0,0.29499483,0.23004614,0.058362477,0.13043219,0.0,0.0,0.0,0.253699,0.1383698,0.56698275,0.0,0.23004614,0.0,0.23004614,0.4067321,0.29499483,-0.17668597,13.3,23.014063,17.222221,17.222221,2.0
resstock-amy2018-2021-release-1-66303,1.8578585,0.18099824,0.0,0.0,0.3875513,0.0,0.0,0.0,0.0,0.0,0.0,0.0,0.0,0.0,0.0,0.0,0.0,0.0,10.800000190734863,0.0,-0.0,0.0,0.0,-0.0,0.0,-0.0,0.6767523,0.6767523,-0.0,0.39826173,1.624444,0.18099824,0.0,0.516602,0.73444057,0.19935493,0.42090064,0.0,0.0,0.0,0.2714378,0.1383698,0.57309014,0.0,0.73444057,0.0,0.42866838,0.5983811,0.516602,-0.16971272,12.8,23.769663,17.222221,17.222221,2.0
resstock-amy2018-2021-release-1-66303,2.0303926,0.11357483,0.0,0.0,0.2177342,0.0,0.0,0.0,0.0,0.0,0.0,0.0,0.0,0.0,0.0,0.0,0.0,0.0,10.800000190734863,0.0,-0.0,0.0,0.0,-0.0,0.0,-0.0,0.37553197,0.37553197,-0.0,0.61830753,1.624444,0.11357483,0.0,0.50305855,0.5816851,0.17490888,0.335523,0.0,0.0,0.0,0.3006934,0.1383698,0.5768121,0.0,0.5816851,0.0,0.41451067,0.5536183,0.50305855,-0.13910764,13.3,24.299082,17.222221,17.222221,2.0
resstock-amy2018-2021-release-1-66303,1.9226716,0.10006055,0.0,0.0,0.3470305,0.0,0.0,0.0,0.0,0.0,0.0,0.0,0.0,0.0,0.0,0.0,0.0,0.0,10.800000190734863,0.0,-0.0,0.0,0.0,-0.0,0.0,-0.0,0.6511053,0.6511053,-0.0,1.0,1.624444,0.10006055,0.0,0.55436623,0.81487536,0.2506247,0.4706771,0.0,0.0,0.0,0.307562,0.1383698,0.57760626,0.0,0.81487536,0.0,0.5154907,0.60201204,0.55436623,-0.08652136,12.2,24.315317,17.222221,17.222221,2.0
resstock-amy2018-2021-release-1-66303,1.1322578,0.029821055,0.0,0.0,0.4920895,0.0,0.0,0.0,0.0,0.0,0.0,0.0,0.0,0.0,0.0,0.0,0.0,0.0,10.800000190734863,0.0,-0.0,0.0,0.0,-0.0,0.0,-0.0,0.004057115,0.004057115,-0.0,1.0,1.624444,0.029821055,0.0,0.64418656,1.1338466,0.39333934,0.64873,0.0,0.0,0.0,0.346907,0.1383698,0.5721497,0.0,1.1338466,0.0,1.1319542,1.1343836,0.64418656,-0.0024293745,11.7,23.671383,17.777779,17.777779,2.0
resstock-amy2018-2021-release-1-66303,0.7378308,0.011204211,0.7369332,0.0,0.45816892,0.7892063,0.0,0.0,0.0,0.0,0.0,0.0,0.0,0.0,0.0,0.0,0.0,0.0,10.800000190734863,0.0,-0.0,0.0,0.0,-0.0,0.0,-0.0,0.004057115,0.004057115,-0.0,1.0,1.624444,0.011204211,0.0,0.72345006,1.9708252,0.7194466,1.1073966,0.0,0.0,0.0,0.3650484,0.1383698,0.5618949,0.0,1.9708252,0.0,1.9688408,1.9688408,0.72345006,-0.0,10.0,22.789059,17.74074,17.74074,2.0
resstock-amy2018-2021-release-1-66303,0.52004504,0.05263108,0.0,0.0,0.13135648,0.0,0.0,0.0,0.0,0.0,0.0,0.0,0.0,0.0,0.0,0.0,0.0,0.0,10.800000190734863,0.0,-0.0,0.0,0.0,-0.0,0.0,-0.0,0.004057115,0.004057115,-0.0,1.0,1.624444,0.05263108,0.0,0.7418535,0.87320995,0.34249914,0.4845392,0.0,0.0,0.0,0.39223,0.1383698,0.55489427,0.0,0.87320995,0.0,0.87119323,0.87119323,0.7418535,-0.0,9.4,22.103552,17.37963,17.37963,2.0
resstock-amy2018-2021-release-1-66303,0.110445574,0.048133038,0.3684676,0.0,0.42661336,0.39460427,0.0,0.0,0.0,0.0,0.0,0.0,0.0,0.0,0.0,0.0,0.0,0.0,10.800000190734863,0.0,-0.0,0.0,0.0,-0.0,0.0,-0.0,0.004057115,0.004057115,-0.0,1.0,1.624444,0.048133038,0.0,0.69669086,1.5179086,0.5416472,0.8375377,0.0,0.0,0.0,0.3568378,0.1383698,0.55177087,0.0,1.5179086,0.0,1.5158643,1.5158643,0.69669086,-0.0,8.89,21.427126,17.777779,17.777779,2.0
resstock-amy2018-2021-release-1-66303,0.0,0.24958043,0.36846694,0.0,0.1056858,0.39460355,0.0,0.0,0.0,0.0,0.0,0.0,0.0,0.0,0.0,0.0,0.0,0.0,10.800000190734863,0.0,-0.0,0.0,0.0,-0.0,0.0,-0.0,0.0,0.0,0.041455004,0.9709175,1.624444,0.20812543,0.0,0.6290092,1.1292984,0.3590263,0.61729616,0.0,0.0,0.0,0.3179198,0.1383698,0.5466192,0.0,1.1292984,0.0,1.1503493,1.1503493,0.6290092,-0.0,8.595,20.892685,17.777779,17.777779,2.0
resstock-amy2018-2021-release-1-66303,0.0,0.02803544,0.0,0.0,0.0,0.0,0.0,0.0,0.0,0.0,0.0,0.0,0.0,0.0,0.0,0.0,0.0,0.0,10.800000190734863,0.0,-0.0,0.0,0.0,-0.0,0.0,-0.0,0.0,0.0,0.028035494,0.9505459,1.624444,0.0,0.0,0.34774005,0.34774005,0.10531405,0.18748169,0.0,0.0,0.0,0.3028528,0.1383698,0.5391432,0.0,0.34774005,0.0,0.36208653,0.36208653,0.34774005,-0.0,8.3,20.209023,17.722221,17.722221,2.0
resstock-amy2018-2021-release-1-66303,0.0,0.3555842,0.0,0.0,0.0,0.0,0.0,0.0,0.0,0.0,0.0,0.0,0.0,0.0,0.0,0.0,0.0,0.0,10.800000190734863,0.0,-0.0,0.0,0.0,-0.0,0.0,-0.0,0.0,0.0,0.35558426,0.7192982,1.624444,0.0,0.0,0.3323414,0.3323414,0.09597156,0.17623727,0.0,0.0,0.0,0.288774,0.1383698,0.5302898,0.0,0.3323414,0.0,0.5270833,0.5270833,0.3323414,-0.0,5.6,19.727318,17.222221,17.222221,2.0
resstock-amy2018-2021-release-1-66303,0.0,0.046200957,0.0,0.0,0.0,0.0,0.0,0.0,0.0,0.0,0.0,0.0,0.0,0.0,0.0,0.0,0.0,0.0,10.800000190734863,0.0,-0.0,0.0,0.0,-0.0,0.0,-0.0,0.0,0.0,0.046200998,0.68782973,1.624444,0.0,0.0,0.30831632,0.30831632,0.09372051,0.1623514,0.0,0.0,0.0,0.3039752,0.1383698,0.52657413,0.0,0.30831632,0.0,0.33226606,0.33226606,0.30831632,-0.0,7.8,18.940994,17.222221,17.222221,2.0
resstock-amy2018-2021-release-1-66303,0.0,0.13092123,0.0,0.0,8.061698e-09,0.0,0.0,0.0,0.0,0.0,0.0,0.0,0.0,0.0,0.0,0.0,0.0,0.0,10.800000190734863,0.0,-0.0,0.0,0.0,-0.0,0.0,-0.0,0.0,0.0,0.13092121,0.60188085,1.624444,1.4901161e-08,0.0,0.2866847,0.2866847,0.086218186,0.15232056,0.0,0.0,0.0,0.3007422,0.1383698,0.5313174,0.0,0.2866847,0.0,0.35751456,0.35751456,0.2866847,-0.0,6.1,18.27172,17.222221,17.222221,2.0
resstock-amy2018-2021-release-1-66303,0.0,0.10737909,0.0,0.0,0.0,0.0,0.0,0.0,0.0,0.0,0.0,0.0,0.0,0.0,0.0,0.0,0.0,0.0,10.800000190734863,0.0,-0.0,0.0,0.0,-0.0,0.0,-0.0,0.0,0.0,0.107379116,0.5312971,1.624444,0.0,0.0,0.28195497,0.28195497,0.08479576,0.14997566,0.0,0.0,0.0,0.3007422,0.1383698,0.5319135,0.0,0.28195497,0.0,0.3395623,0.3395623,0.28195497,-0.0,6.44,17.592037,17.222221,17.222221,2.0
resstock-amy2018-2021-release-1-66303,0.0,0.43215454,0.0,0.0,0.0,0.0,0.0,0.0,0.0,0.0,0.0,0.0,0.0,0.0,0.0,0.0,0.0,0.0,10.800000190734863,0.0,-0.0,0.0,0.0,-0.0,0.0,-0.0,0.0,0.0,0.43215454,0.25174296,1.624444,0.0,0.0,0.27688333,0.27688333,0.08294622,0.14714181,0.0,0.0,0.0,0.299571,0.1383698,0.5314217,0.0,0.27688333,0.0,0.506772,0.506772,0.27688333,-0.0,6.78,17.21266,17.222221,17.222221,2.0
resstock-amy2018-2021-release-1-66303,0.0,0.2583201,0.0,0.0,0.0,0.0,0.0,0.0,0.0,0.0,0.0,0.0,0.0,0.0,0.0,0.0,0.0,0.0,10.800000190734863,0.0,-0.0,0.0,0.0,-0.0,0.0,-0.0,0.0,0.0,0.2583201,0.08479687,1.624444,0.0,0.0,0.2757973,0.2757973,0.082614146,0.14655091,0.0,0.0,0.0,0.2995466,0.1383698,0.5313718,0.0,0.2757973,0.0,0.41566604,0.41566604,0.2757973,-0.0,6.0666666,16.72995,17.222221,17.222221,2.0
resstock-amy2018-2021-release-1-66303,0.15885375,0.35164732,2.330189,0.0,0.11692546,2.4954772,0.0,0.0,0.0,0.0,0.0,0.0,0.0,0.0,0.0,0.0,0.0,0.0,10.800000190734863,0.0,-0.0,0.0,0.0,-0.0,0.0,-0.0,0.0,0.0,0.13136812,0.0,1.624444,0.2202792,0.0,0.27869084,2.8910935,0.8694738,1.5377754,0.0,0.0,0.0,0.3007422,0.1383698,0.53190094,0.0,2.8910935,0.0,2.9608245,2.9608245,0.27869084,-0.0,6.866667,16.558102,17.222221,17.222221,2.0
resstock-amy2018-2021-release-1-66303,0.0,0.09039575,0.0,0.0,0.046408232,0.0,0.0,0.0,0.0,0.0,0.0,0.0,0.0,0.0,0.0,0.0,0.0,0.0,10.800000190734863,0.0,-0.0,0.0,0.0,-0.0,0.0,-0.0,0.0,0.0,-0.0,0.0,1.624444,0.09039575,0.0,0.4294283,0.47583655,0.14632021,0.25049126,0.0,0.0,0.0,0.307501,0.1383698,0.5264229,0.0,0.47583655,0.0,0.47583655,0.47583655,0.4294283,-0.0,8.175,16.450905,17.222221,17.222221,2.0
resstock-amy2018-2021-release-1-66303,0.0,0.21024625,0.0,0.0,0.10758839,0.0,0.0,0.0,0.0,0.0,0.0,0.0,0.0,0.0,0.0,0.0,0.0,0.0,10.800000190734863,0.0,-0.0,0.0,0.0,-0.0,0.0,-0.0,0.0,0.0,-0.0,0.0,1.624444,0.21024625,0.0,0.48635286,0.5939413,0.18779676,0.30836558,0.0,0.0,0.0,0.3161874,0.1383698,0.5191853,0.0,0.5939413,0.0,0.5939413,0.5939413,0.48635286,-0.0,8.3,16.486729,17.222221,17.222221,2.0
resstock-amy2018-2021-release-1-66303,0.11060332,0.07561133,1.791765,0.0,0.036981173,1.9188609,0.0,0.0,0.0,0.0,0.0,0.0,0.0,0.0,0.0,0.0,0.0,0.0,10.800000190734863,0.0,-0.0,0.0,0.0,-0.0,0.0,-0.0,0.0,0.0,-0.0,0.0,1.624444,0.07561133,0.0,0.4937848,2.4410858,0.79015607,1.2764752,0.0,0.0,0.0,0.3236904,0.1383698,0.52291286,0.0,2.4410858,0.0,2.4410858,2.4496267,0.4937848,-0.008540983,10.0,16.695581,17.222221,17.222221,2.0
resstock-amy2018-2021-release-1-66303,0.0,0.108044244,0.3687692,0.0,0.052843973,0.39492726,0.0,0.0,0.0,0.0,0.0,0.0,0.0,0.0,0.0,0.0,0.0,0.0,10.800000190734863,0.0,-0.0,0.0,0.0,-0.0,0.0,-0.0,0.0,0.0,-0.0,0.0,1.624444,0.108044244,0.0,0.492051,0.9184384,0.31215867,0.4904164,0.0,0.0,0.0,0.3398798,0.1383698,0.5339677,0.0,0.9184384,0.0,0.9184384,0.93982226,0.492051,-0.021383863,10.0,16.828335,17.222221,17.222221,2.0
resstock-amy2018-2021-release-1-66303,0.0,0.055619434,0.36876866,0.0,0.02675899,0.39492667,0.0,0.0,0.0,0.0,0.0,0.0,0.0,0.0,0.0,0.0,0.0,0.0,10.800000190734863,0.0,-0.0,0.0,0.0,-0.0,0.0,-0.0,0.0,0.0,-0.0,0.0,1.624444,0.055619434,0.0,0.29257274,0.6865594,0.21684688,0.36967102,0.0,0.0,0.0,0.3158458,0.1383698,0.53844,0.0,0.6865594,0.0,0.6865594,0.71425843,0.29257274,-0.027699025,10.6,17.06421,17.222221,17.222221,2.0
resstock-amy2018-2021-release-1-66303,0.0,0.2399249,0.36876845,0.0,0.11734623,0.39492646,0.0,0.0,0.0,0.0,0.0,0.0,0.0,0.0,0.0,0.0,0.0,0.0,10.800000190734863,0.0,-0.0,0.0,0.0,-0.0,0.0,-0.0,0.0,0.0,-0.0,0.0,1.624444,0.2399249,0.0,0.30791634,0.79447746,0.24332367,0.4315169,0.0,0.0,0.0,0.3062688,0.1383698,0.54314554,0.0,0.79447746,0.0,0.79447746,0.82018906,0.30791634,-0.0257116,10.0,17.225685,17.222221,17.222221,2.0
resstock-amy2018-2021-release-1-66303,0.0,0.15837671,0.36876965,0.0,0.07746136,0.39492774,0.0,0.0,0.0,0.0,0.0,0.0,0.0,0.0,0.0,0.0,0.0,0.0,10.800000190734863,0.0,-0.0,0.0,0.0,-0.0,0.0,-0.0,0.0,0.0,-0.0,0.0,1.624444,0.15837671,0.0,0.29362714,0.74174595,0.2149209,0.40287745,0.0,0.0,0.0,0.28975,0.1383698,0.5431475,0.0,0.74174595,0.0,0.74174595,0.76601624,0.29362714,-0.024270289,10.0,17.408276,17.222221,17.222221,2.0
resstock-amy2018-2021-release-1-66303,0.0,0.17201148,0.73753935,0.0,0.08275621,0.78985554,0.0,0.0,0.0,0.0,0.0,0.0,0.0,0.0,0.0,0.0,0.0,0.0,10.800000190734863,0.0,-0.0,0.0,0.0,-0.0,0.0,-0.0,0.0,0.0,-0.0,0.0,1.624444,0.17201148,0.0,0.29499483,1.132738,0.32674736,0.61548233,0.0,0.0,0.0,0.28845802,0.1383698,0.5433581,0.0,1.132738,0.0,1.132738,1.1676066,0.29499483,-0.03486858,10.6,17.54383,17.296297,17.296297,2.0
resstock-amy2018-2021-release-1-66303,0.0,0.073371574,0.0,0.0,0.035299696,0.0,0.0,0.0,0.0,0.0,0.0,0.0,0.0,0.0,0.0,0.0,0.0,0.0,10.800000190734863,0.0,-0.0,0.0,0.0,-0.0,0.0,-0.0,0.0,0.0,-0.0,0.0,1.624444,0.073371574,0.0,0.32602397,0.3267567,0.099636875,0.17952855,0.0,0.0,0.0,0.3049268,0.1383698,0.5494258,0.0,0.3267567,0.0,0.3267567,0.36132365,0.32602397,-0.034566976,10.6,17.674488,17.222221,17.222221,2.0
resstock-amy2018-2021-release-1-66303,0.0,0.058026284,0.0,0.0,0.33775654,0.0,0.0,0.0,0.0,0.0,0.0,0.0,0.0,0.0,0.0,0.0,0.0,0.0,10.800000190734863,0.0,-0.0,0.0,0.0,-0.0,0.0,-0.0,0.6538603,0.6538603,-0.0,0.38479,1.624444,0.058026284,0.0,0.2963023,0.61246914,0.19024774,0.33844733,0.0,0.0,0.0,0.3106242,0.1383698,0.5525949,0.0,0.61246914,0.0,0.30224332,0.32383302,0.2963023,-0.021589687,11.1,17.607605,17.222221,17.222221,2.0
resstock-amy2018-2021-release-1-66303,0.0,0.012380224,0.0,0.0,0.23559038,0.0,0.0,0.0,0.0,0.0,0.0,0.0,0.0,0.0,0.0,0.0,0.0,0.0,10.800000190734863,0.0,-0.0,0.0,0.0,-0.0,0.0,-0.0,0.4773021,0.4773021,-0.0,0.6647586,1.624444,0.012380224,0.0,0.31288487,0.5422634,0.17616667,0.2967243,0.0,0.0,0.0,0.32487288,0.1383698,0.54719585,0.0,0.5422634,0.0,0.31262922,0.3188411,0.31288487,-0.006211882,10.6,17.673834,17.222221,17.222221,2.0
resstock-amy2018-2021-release-1-66303,0.0,0.028799541,0.0,0.0,0.50445914,0.0,0.0,0.0,0.0,0.0,0.0,0.0,0.0,0.0,0.0,0.0,0.0,0.0,10.800000190734863,0.0,-0.0,0.0,0.0,-0.0,0.0,-0.0,0.572361,0.572361,-0.0,1.0,1.624444,0.028799541,0.0,0.33285508,0.83731425,0.33289874,0.45458013,0.0,0.0,0.0,0.3975792,0.1383698,0.54290265,0.0,0.83731425,0.0,0.55737495,0.55737495,0.33285508,0.0,10.0,18.186642,17.777779,17.777779,2.0
resstock-amy2018-2021-release-1-66303,0.0,0.01869841,0.0,0.0,0.3860084,0.0,0.0,0.0,0.0,0.0,0.0,0.0,0.0,0.0,0.0,0.0,0.0,0.0,10.800000190734863,0.0,-0.0,0.0,0.0,-0.0,0.0,-0.0,0.004057115,0.004057115,-0.0,1.0,1.624444,0.01869841,0.0,0.8160168,1.2020252,0.49701095,0.6450205,0.0,0.0,0.0,0.413478,0.1383698,0.53661144,0.0,1.2020252,0.0,1.2000732,1.2000732,0.8160168,-0.0,10.6,18.95436,17.958334,17.958334,2.0
resstock-amy2018-2021-release-1-66303,0.0,0.06379931,0.0,0.0,0.18765056,0.0,0.0,0.0,0.0,0.0,0.0,0.0,0.0,0.0,0.0,0.0,0.0,0.0,10.800000190734863,0.0,-0.0,0.0,0.0,-0.0,0.0,-0.0,0.004057115,0.004057115,-0.0,1.0,1.624444,0.06379931,0.0,0.7418535,0.92950404,0.38908193,0.4936758,0.0,0.0,0.0,0.4185909,0.1383698,0.53111744,0.0,0.92950404,0.0,0.92751974,0.92751974,0.7418535,-0.0,10.0,19.35352,18.333334,18.333334,2.0
resstock-amy2018-2021-release-1-66303,0.0,0.07220941,0.0,0.0,2.1864281e-08,0.0,0.0,0.0,0.0,0.0,0.0,0.0,0.0,0.0,0.0,0.0,0.0,0.0,10.800000190734863,0.0,-0.0,0.0,0.0,-0.0,0.0,-0.0,0.0,0.0,0.072209366,0.9511133,1.624444,4.4703484e-08,0.0,0.69669086,0.69669086,0.25517043,0.36767945,0.0,0.0,0.0,0.36626062,0.1383698,0.5277512,0.0,0.69669086,0.0,0.73200816,0.73200816,0.69669086,-0.0,10.0,19.60812,18.333334,18.333334,2.0
resstock-amy2018-2021-release-1-66303,0.0,0.09524536,0.0,0.0,0.49171382,0.0,0.0,0.0,0.0,0.0,0.0,0.0,0.0,0.0,0.0,0.0,0.0,0.0,10.800000190734863,0.0,-0.0,0.0,0.0,-0.0,0.0,-0.0,0.08693038,0.08693038,-0.0,1.0,1.624444,0.09524536,0.0,0.6290092,1.120723,0.36224404,0.59061515,0.0,0.0,0.0,0.32322353,0.1383698,0.52699476,0.0,1.120723,0.0,1.0775114,1.0775114,0.6290092,-0.0,9.4,19.577393,18.333334,18.333334,2.0
resstock-amy2018-2021-release-1-66303,0.0,0.06144173,0.0,0.0,1.09321405e-08,0.0,0.0,0.0,0.0,0.0,0.0,0.0,0.0,0.0,0.0,0.0,0.0,0.0,10.800000190734863,0.0,-0.0,0.0,0.0,-0.0,0.0,-0.0,0.0,0.0,0.06144171,0.9580471,1.624444,2.2351742e-08,0.0,0.34774005,0.34774005,0.10650193,0.1829662,0.0,0.0,0.0,0.3062688,0.1383698,0.526158,0.0,0.34774005,0.0,0.37779093,0.37779093,0.34774005,-0.0,10.0,19.451286,17.777779,17.777779,2.0
resstock-amy2018-2021-release-1-66303,0.0,0.064062625,0.0,0.0,0.0,0.0,0.0,0.0,0.0,0.0,0.0,0.0,0.0,0.0,0.0,0.0,0.0,0.0,10.800000190734863,0.0,-0.0,0.0,0.0,-0.0,0.0,-0.0,0.0,0.0,0.064062685,0.91450655,1.624444,0.0,0.0,0.3323414,0.3323414,0.10237777,0.17401662,0.0,0.0,0.0,0.30805,0.1383698,0.523608,0.0,0.3323414,0.0,0.3636742,0.3636742,0.3323414,-0.0,10.0,19.196924,17.222221,17.222221,2.0
resstock-amy2018-2021-release-1-66303,0.0,0.20642781,0.0,0.0,0.0,0.0,0.0,0.0,0.0,0.0,0.0,0.0,0.0,0.0,0.0,0.0,0.0,0.0,10.800000190734863,0.0,-0.0,0.0,0.0,-0.0,0.0,-0.0,0.0,0.0,0.20642784,0.77939403,1.624444,0.0,0.0,0.30831632,0.30831632,0.08928575,0.16520743,0.0,0.0,0.0,0.2895914,0.1383698,0.5358375,0.0,0.30831632,0.0,0.4092793,0.4092793,0.30831632,-0.0,10.0,18.959194,17.222221,17.222221,2.0
resstock-amy2018-2021-release-1-66303,0.0,0.11513111,0.0,0.0,0.0,0.0,0.0,0.0,0.0,0.0,0.0,0.0,0.0,0.0,0.0,0.0,0.0,0.0,10.800000190734863,0.0,-0.0,0.0,0.0,-0.0,0.0,-0.0,0.0,0.0,0.115131155,0.7033945,1.624444,0.0,0.0,0.2866847,0.2866847,0.079824656,0.14789028,0.0,0.0,0.0,0.2784406,0.1383698,0.5158639,0.0,0.2866847,0.0,0.34299484,0.34299484,0.2866847,-0.0,10.0,18.634853,17.222221,17.222221,2.0
resstock-amy2018-2021-release-1-66303,0.0,0.26794305,0.0,0.0,0.0,0.0,0.0,0.0,0.0,0.0,0.0,0.0,0.0,0.0,0.0,0.0,0.0,0.0,10.800000190734863,0.0,-0.0,0.0,0.0,-0.0,0.0,-0.0,0.0,0.0,0.26794305,0.5291733,1.624444,0.0,0.0,0.28195497,0.28195497,0.07653668,0.14428055,0.0,0.0,0.0,0.27145,0.1383698,0.5117149,0.0,0.28195497,0.0,0.41300476,0.41300476,0.28195497,-0.0,10.0,18.482368,17.222221,17.222221,2.0
resstock-amy2018-2021-release-1-66303,0.0,0.15799393,0.0,0.0,7.2880932e-09,0.0,0.0,0.0,0.0,0.0,0.0,0.0,0.0,0.0,0.0,0.0,0.0,0.0,10.800000190734863,0.0,-0.0,0.0,0.0,-0.0,0.0,-0.0,0.0,0.0,0.15799391,0.4261698,1.624444,1.4901161e-08,0.0,0.27688333,0.27688333,0.07515998,0.14218149,0.0,0.0,0.0,0.27145,0.1383698,0.5135068,0.0,0.27688333,0.0,0.35415748,0.35415748,0.27688333,-0.0,10.0,18.301334,17.222221,17.222221,2.0
resstock-amy2018-2021-release-1-66303,0.0,0.14943376,0.0,0.0,0.0,0.0,0.0,0.0,0.0,0.0,0.0,0.0,0.0,0.0,0.0,0.0,0.0,0.0,10.800000190734863,0.0,-0.0,0.0,0.0,-0.0,0.0,-0.0,0.0,0.0,0.14943378,0.3289245,1.624444,0.0,0.0,0.2757973,0.2757973,0.0757501,0.14401615,0.0,0.0,0.0,0.2746586,0.1383698,0.5221811,0.0,0.2757973,0.0,0.34769118,0.34769118,0.2757973,-0.0,10.6,18.25357,17.222221,17.222221,2.0
resstock-amy2018-2021-release-1-66303,0.0,0.34031397,0.0,0.0,0.0,0.0,0.0,0.0,0.0,0.0,0.0,0.0,0.0,0.0,0.0,0.0,0.0,0.0,10.800000190734863,0.0,-0.0,0.0,0.0,-0.0,0.0,-0.0,0.0,0.0,0.34031397,0.10899425,1.624444,0.0,0.0,0.27869084,0.27869084,0.077082045,0.1481001,0.0,0.0,0.0,0.2765862,0.1383698,0.53141356,0.0,0.27869084,0.0,0.4442309,0.4442309,0.27869084,-0.0,10.2,18.306314,17.222221,17.222221,2.0
resstock-amy2018-2021-release-1-66303,0.0,0.10521799,0.0,0.0,0.0,0.0,0.0,0.0,0.0,0.0,0.0,0.0,0.0,0.0,0.0,0.0,0.0,0.0,10.800000190734863,0.0,-0.0,0.0,0.0,-0.0,0.0,-0.0,0.0,0.0,0.10521799,0.04097897,1.624444,0.0,0.0,0.29054374,0.29054374,0.08418505,0.15743107,0.0,0.0,0.0,0.28975,0.1383698,0.5418498,0.0,0.29054374,0.0,0.3420054,0.3420054,0.29054374,-0.0,10.0,18.359102,17.222221,17.222221,2.0
resstock-amy2018-2021-release-1-66303,0.0,0.105057575,0.0,0.0,0.020000918,0.0,0.0,0.0,0.0,0.0,0.0,0.0,0.0,0.0,0.0,0.0,0.0,0.0,10.800000190734863,0.0,-0.0,0.0,0.0,-0.0,0.0,-0.0,0.0,0.0,0.06348501,0.0,1.624444,0.041572563,0.0,0.30043697,0.32043788,0.09499701,0.1747018,0.0,0.0,0.0,0.29646,0.1383698,0.54519707,0.0,0.32043788,0.0,0.35098106,0.35098106,0.30043697,-0.0,10.6,18.455633,17.222221,17.222221,2.0
resstock-amy2018-2021-release-1-66303,0.0,0.10582007,0.0,0.0,0.17352615,0.0,0.0,0.0,0.0,0.0,0.0,0.0,0.0,0.0,0.0,0.0,0.0,0.0,10.800000190734863,0.0,-0.0,0.0,0.0,-0.0,0.0,-0.0,0.2594071,0.2594071,-0.0,0.1526584,1.624444,0.10582007,0.0,0.29698613,0.4699204,0.1393126,0.25909328,0.0,0.0,0.0,0.29646,0.1383698,0.5513557,0.0,0.4699204,0.0,0.3466713,0.3472632,0.29698613,-0.0005918628,11.05,18.557991,17.222221,17.222221,2.0
resstock-amy2018-2021-release-1-66303,0.02773058,0.040398926,1.1962111,0.0,1.7129254e-09,1.2810625,0.0,0.0,0.0,0.0,0.0,0.0,0.0,0.0,0.0,0.0,0.0,0.0,10.800000190734863,0.0,-0.0,0.0,0.0,-0.0,0.0,-0.0,0.0,0.0,0.04039892,0.12627907,1.624444,3.7252903e-09,0.0,0.492051,1.7707571,0.52418095,0.9930554,0.0,0.0,0.0,0.2960208,0.1383698,0.56080836,0.0,1.7707571,0.0,1.7893329,1.7916893,0.492051,-0.0023563947,12.2,18.670555,17.222221,17.222221,2.0
resstock-amy2018-2021-release-1-66303,0.0,0.04822711,0.0,0.0,0.0,0.0,0.0,0.0,0.0,0.0,0.0,0.0,0.0,0.0,0.0,0.0,0.0,0.0,10.800000190734863,0.0,-0.0,0.0,0.0,-0.0,0.0,-0.0,0.0,0.0,0.048227113,0.09492175,1.624444,0.0,0.0,0.48839432,0.4827108,0.13986546,0.27386686,0.0,0.0,0.0,0.28975,0.1383698,0.5673518,0.0,0.4827108,0.0,0.5049182,0.51060176,0.48839432,-0.0056835185,12.15,18.744133,17.222221,17.222221,2.0
resstock-amy2018-2021-release-1-66303,0.0,0.09186135,0.39699164,0.0,0.0,0.42515162,0.0,0.0,0.0,0.0,0.0,0.0,0.0,0.0,0.0,0.0,0.0,0.0,10.800000190734863,0.0,-0.0,0.0,0.0,-0.0,0.0,-0.0,0.0,0.0,0.09186135,0.03554107,1.624444,0.0,0.0,1.8960432,2.3135476,0.62801254,1.3314738,0.0,0.0,0.0,0.27145,0.1383698,0.57551175,0.0,2.3135476,0.0,2.3561532,2.3638005,1.8960432,-0.0076471604,11.9,18.79042,17.222221,17.222221,2.0
resstock-amy2018-2021-release-1-66303,0.0,0.07894411,0.7670928,0.0,0.011003086,0.8215053,0.0,0.0,0.0,0.0,0.0,0.0,0.0,0.0,0.0,0.0,0.0,0.0,10.800000190734863,0.0,-0.0,0.0,0.0,-0.0,0.0,-0.0,0.0,0.0,0.05506056,0.0,1.624444,0.023883548,0.0,7.457936,8.281747,2.3491175,4.837487,0.0,0.0,0.0,0.28365,0.1383698,0.5841144,0.0,8.281747,0.0,8.307113,8.31581,7.457936,-0.008697311,12.133333,18.808804,17.222221,17.222221,2.0
resstock-amy2018-2021-release-1-66303,0.0,0.2235048,1.6588187,0.0,0.10029036,1.7764844,0.0,0.0,0.0,0.0,0.0,0.0,0.0,0.0,0.0,0.0,0.0,0.0,10.800000190734863,0.0,-0.0,0.0,0.0,-0.0,0.0,-0.0,0.0,0.0,-0.0,0.0,1.624444,0.2235048,0.0,3.27599,5.143324,1.4112096,3.061521,0.0,0.0,0.0,0.27437696,0.1383698,0.5952417,0.0,5.143324,0.0,5.143324,5.152765,3.27599,-0.009440784,13.033334,18.846153,17.222221,17.222221,2.0
resstock-amy2018-2021-release-1-66303,0.0,0.020960389,1.776102,0.0,0.009093709,1.9020869,0.0,0.0,0.0,0.0,0.0,0.0,0.0,0.0,0.0,0.0,0.0,0.0,10.800000190734863,0.0,-0.0,0.0,0.0,-0.0,0.0,-0.0,0.0,0.0,-0.0,0.0,1.624444,0.020960389,0.0,0.516602,2.4148507,0.69970304,1.4604148,0.0,0.0,0.0,0.28975,0.1383698,0.604764,0.0,2.4148507,0.0,2.4148507,2.4277825,0.516602,-0.012931931,14.15,18.879608,17.222221,17.222221,2.0
resstock-amy2018-2021-release-1-66303,0.0,0.12085123,0.9340848,0.0,0.052351117,1.0003426,0.0,0.0,0.0,0.0,0.0,0.0,0.0,0.0,0.0,0.0,0.0,0.0,10.800000190734863,0.0,-0.0,0.0,0.0,-0.0,0.0,-0.0,0.0,0.0,-0.0,0.0,1.624444,0.12085123,0.0,0.50305855,1.5365458,0.4684215,0.9355484,0.0,0.0,0.0,0.3048536,0.1383698,0.60886467,0.0,1.5365458,0.0,1.5365458,1.5557522,0.50305855,-0.01920646,14.2,18.973104,17.222221,17.222221,2.0
resstock-amy2018-2021-release-1-66303,0.0,0.06369512,0.95176405,0.0,0.27075452,1.0192759,0.0,0.0,0.0,0.0,0.0,0.0,0.0,0.0,0.0,0.0,0.0,0.0,10.800000190734863,0.0,-0.0,0.0,0.0,-0.0,0.0,-0.0,0.5352012,0.5352012,-0.0,0.31496036,1.624444,0.06369512,0.0,0.55436623,1.833077,0.55794793,1.1235377,0.0,0.0,0.0,0.3043778,0.1383698,0.61292446,0.0,1.833077,0.0,1.5911183,1.602438,0.55436623,-0.0113196485,12.78,19.14805,17.222221,17.222221,2.0
resstock-amy2018-2021-release-1-66303,0.0,0.017627936,0.36906168,0.0,0.3095314,0.3952405,0.0,0.0,0.0,0.0,0.0,0.0,0.0,0.0,0.0,0.0,0.0,0.0,10.800000190734863,0.0,-0.0,0.0,0.0,-0.0,0.0,-0.0,0.6969175,0.6969175,-0.0,0.7243371,1.624444,0.017627936,0.0,0.64418656,1.3489585,0.41256788,0.8244004,0.0,0.0,0.0,0.3058418,0.1383698,0.61113846,0.0,1.3489585,0.0,1.0470634,1.0470634,0.64418656,0.0,14.2,19.53495,17.222221,17.222221,2.0
resstock-amy2018-2021-release-1-66303,0.0,0.04049884,0.0,0.0,0.0,0.0,0.0,0.0,0.0,0.0,0.0,0.0,0.0,0.0,0.0,0.0,0.0,0.0,10.800000190734863,0.0,-0.0,0.0,0.0,-0.0,0.0,-0.0,0.0,0.0,0.04049888,0.6965285,1.624444,0.0,0.0,0.72345006,0.72345006,0.22450927,0.43603578,0.0,0.0,0.0,0.3103314,0.1383698,0.60271716,0.0,0.72345006,0.0,0.74102056,0.74102056,0.72345006,-0.0,14.15,19.865582,18.88889,18.88889,2.0
resstock-amy2018-2021-release-1-66303,0.0,0.07175823,0.0,0.0,0.18660748,0.0,0.0,0.0,0.0,0.0,0.0,0.0,0.0,0.0,0.0,0.0,0.0,0.0,10.800000190734863,0.0,-0.0,0.0,0.0,-0.0,0.0,-0.0,0.35508528,0.35508528,-0.0,0.90382946,1.624444,0.07175823,0.0,0.7418535,0.92846096,0.2922197,0.55820096,0.0,0.0,0.0,0.3147356,0.1383698,0.601211,0.0,0.92846096,0.0,0.7732248,0.7732248,0.7418535,-0.0,13.9,20.086132,18.88889,18.88889,2.0
resstock-amy2018-2021-release-1-66303,0.0,0.13961385,0.36905864,0.0,0.28888622,0.39523724,0.0,0.0,0.0,0.0,0.0,0.0,0.0,0.0,0.0,0.0,0.0,0.0,10.800000190734863,0.0,-0.0,0.0,0.0,-0.0,0.0,-0.0,0.16708618,0.16708618,-0.0,1.0,1.624444,0.13961385,0.0,1.0329528,1.7170762,0.5301184,1.0331807,0.0,0.0,0.0,0.3087332,0.1383698,0.6017093,0.0,1.7170762,0.0,1.6440294,1.6440294,1.0329528,-0.0,13.9,20.190538,18.88889,18.88889,2.0
resstock-amy2018-2021-release-1-66303,0.0,0.053074025,0.3690602,0.0,0.0,0.39523888,0.0,0.0,0.0,0.0,0.0,0.0,0.0,0.0,0.0,0.0,0.0,0.0,10.800000190734863,0.0,-0.0,0.0,0.0,-0.0,0.0,-0.0,0.0,0.0,0.05307406,0.9634354,1.624444,0.0,0.0,0.6290092,1.0242481,0.3036486,0.6155916,0.0,0.0,0.0,0.29646,0.1383698,0.601018,0.0,1.0242481,0.0,1.0474275,1.0474275,0.6290092,-0.0,13.933333,20.116812,18.88889,18.88889,2.0
resstock-amy2018-2021-release-1-66303,0.0,0.044616483,0.0,0.0,0.12249698,0.0,0.0,0.0,0.0,0.0,0.0,0.0,0.0,0.0,0.0,0.0,0.0,0.0,10.800000190734863,0.0,-0.0,0.0,0.0,-0.0,0.0,-0.0,0.06604175,0.06604175,-0.0,1.0,1.624444,0.044616483,0.0,0.56559175,0.6880887,0.18662219,0.40783456,0.0,0.0,0.0,0.2712182,0.1383698,0.5927064,0.0,0.6880887,0.0,0.6592166,0.6592166,0.56559175,-0.0,13.9,19.943592,18.88889,18.88889,2.0
resstock-amy2018-2021-release-1-66303,0.0,0.034987085,0.0,0.0,4.867271e-09,0.0,0.0,0.0,0.0,0.0,0.0,0.0,0.0,0.0,0.0,0.0,0.0,0.0,10.800000190734863,0.0,-0.0,0.0,0.0,-0.0,0.0,-0.0,0.0,0.0,0.034987073,0.9750825,1.624444,1.1175871e-08,0.0,0.3323414,0.3323414,0.088592246,0.19953902,0.0,0.0,0.0,0.26657,0.1383698,0.6004037,0.0,0.3323414,0.0,0.34757882,0.34757882,0.3323414,-0.0,14.025,19.699896,18.333334,18.333334,2.0
resstock-amy2018-2021-release-1-66303,0.0,0.110219255,0.0,0.0,9.771735e-09,0.0,0.0,0.0,0.0,0.0,0.0,0.0,0.0,0.0,0.0,0.0,0.0,0.0,10.800000190734863,0.0,-0.0,0.0,0.0,-0.0,0.0,-0.0,0.0,0.0,0.11021923,0.9017789,1.624444,2.2351742e-08,0.0,0.30831632,0.30831632,0.089210525,0.17989163,0.0,0.0,0.0,0.2893474,0.1383698,0.5834645,0.0,0.30831632,0.0,0.35650197,0.35650197,0.30831632,-0.0,13.9,19.414627,17.777779,17.777779,2.0
resstock-amy2018-2021-release-1-66303,0.0,0.16046187,0.0,0.0,1.3913665e-08,0.0,0.0,0.0,0.0,0.0,0.0,0.0,0.0,0.0,0.0,0.0,0.0,0.0,10.800000190734863,0.0,-0.0,0.0,0.0,-0.0,0.0,-0.0,0.0,0.0,0.16046184,0.7962965,1.624444,2.9802322e-08,0.0,0.2866847,0.2866847,0.07782056,0.17777903,0.0,0.0,0.0,0.27145,0.1383698,0.6201204,0.0,0.2866847,0.0,0.36159873,0.36159873,0.2866847,-0.0,11.67,19.11831,17.777779,17.777779,2.0
resstock-amy2018-2021-release-1-66303,0.0,0.37292665,0.0,0.0,1.35506655e-08,0.0,0.0,0.0,0.0,0.0,0.0,0.0,0.0,0.0,0.0,0.0,0.0,0.0,10.800000190734863,0.0,-0.0,0.0,0.0,-0.0,0.0,-0.0,0.0,0.0,0.37292662,0.5542494,1.624444,2.9802322e-08,0.0,0.28195497,0.28195497,0.06312126,0.17807493,0.0,0.0,0.0,0.22387,0.1383698,0.6315722,0.0,0.28195497,0.0,0.45151907,0.45151907,0.28195497,-0.0,12.585,18.977228,17.222221,17.222221,2.0
resstock-amy2018-2021-release-1-66303,0.0,0.23169541,0.0,0.0,0.0,0.0,0.0,0.0,0.0,0.0,0.0,0.0,0.0,0.0,0.0,0.0,0.0,0.0,10.800000190734863,0.0,-0.0,0.0,0.0,-0.0,0.0,-0.0,0.0,0.0,0.23169541,0.40372598,1.624444,0.0,0.0,0.27688333,0.27688333,0.053203132,0.17843612,0.0,0.0,0.0,0.19215,0.1383698,0.6444451,0.0,0.27688333,0.0,0.37940964,0.37940964,0.27688333,-0.0,13.5,18.790085,17.222221,17.222221,2.0
resstock-amy2018-2021-release-1-66303,0.0,0.30906984,0.0,0.0,0.0,0.0,0.0,0.0,0.0,0.0,0.0,0.0,0.0,0.0,0.0,0.0,0.0,0.0,10.800000190734863,0.0,-0.0,0.0,0.0,-0.0,0.0,-0.0,0.0,0.0,0.30906984,0.20373674,1.624444,0.0,0.0,0.2757973,0.2757973,0.049195673,0.1811355,0.0,0.0,0.0,0.1783762,0.1383698,0.6567704,0.0,0.2757973,0.0,0.41544214,0.41544214,0.2757973,-0.0,12.8,18.763088,17.222221,17.222221,2.0
resstock-amy2018-2021-release-1-66303,0.0,0.06593944,0.0,0.0,0.0,0.0,0.0,0.0,0.0,0.0,0.0,0.0,0.0,0.0,0.0,0.0,0.0,0.0,10.800000190734863,0.0,-0.0,0.0,0.0,-0.0,0.0,-0.0,0.0,0.0,0.06593944,0.16078866,1.624444,0.0,0.0,0.27869084,0.27869084,0.062390517,0.18186718,0.0,0.0,0.0,0.22387,0.1383698,0.6525768,0.0,0.27869084,0.0,0.30848378,0.30848378,0.27869084,-0.0,12.8,18.70301,17.222221,17.222221,2.0
resstock-amy2018-2021-release-1-66303,0.0,0.2211863,0.0,0.0,0.0,0.0,0.0,0.0,0.0,0.0,0.0,0.0,0.0,0.0,0.0,0.0,0.0,0.0,10.800000190734863,0.0,-0.0,0.0,0.0,-0.0,0.0,-0.0,0.0,0.0,0.2211863,0.017972007,1.624444,0.0,0.0,0.29054374,0.29054374,0.07551727,0.18580677,0.0,0.0,0.0,0.25991705,0.1383698,0.6395139,0.0,0.29054374,0.0,0.39048076,0.39048076,0.29054374,-0.0,12.8,18.765694,17.222221,17.222221,2.0
resstock-amy2018-2021-release-1-66303,0.0,0.1606801,0.0,0.0,0.061080087,0.0,0.0,0.0,0.0,0.0,0.0,0.0,0.0,0.0,0.0,0.0,0.0,0.0,10.800000190734863,0.0,-0.0,0.0,0.0,-0.0,0.0,-0.0,0.0,0.0,0.027842406,0.0,1.624444,0.1328377,0.0,0.48635286,0.54743296,0.172497,0.34718734,0.0,0.0,0.0,0.3151016,0.1383698,0.6342098,0.0,0.54743296,0.0,0.56023514,0.56023514,0.48635286,-0.0,12.2,18.828293,17.222221,17.222221,2.0
resstock-amy2018-2021-release-1-66303,0.0,0.07495313,0.0,0.0,0.03386554,0.0,0.0,0.0,0.0,0.0,0.0,0.0,0.0,0.0,0.0,0.0,0.0,0.0,10.800000190734863,0.0,-0.0,0.0,0.0,-0.0,0.0,-0.0,0.0,0.0,-0.0,0.0,1.624444,0.07495313,0.0,0.4937848,0.5169612,0.16871029,0.33185014,0.0,0.0,0.0,0.32635,0.1383698,0.6419246,0.0,0.5169612,0.0,0.5169612,0.52765036,0.4937848,-0.010689122,12.8,18.930882,17.222221,17.222221,2.0
resstock-amy2018-2021-release-1-66303,0.0,0.12880957,0.0,0.0,0.056312975,0.0,0.0,0.0,0.0,0.0,0.0,0.0,0.0,0.0,0.0,0.0,0.0,0.0,10.800000190734863,0.0,-0.0,0.0,0.0,-0.0,0.0,-0.0,0.0,0.0,-0.0,0.0,1.624444,0.12880957,0.0,0.492051,0.5192511,0.16843767,0.33439806,0.0,0.0,0.0,0.3243858,0.1383698,0.64400065,0.0,0.5192511,0.0,0.5192511,0.548364,0.492051,-0.029112898,13.9,19.035303,17.222221,17.222221,2.0
resstock-amy2018-2021-release-1-66303,0.0,0.06697006,0.0,0.0,0.029277973,0.0,0.0,0.0,0.0,0.0,0.0,0.0,0.0,0.0,0.0,0.0,0.0,0.0,10.800000190734863,0.0,-0.0,0.0,0.0,-0.0,0.0,-0.0,0.0,0.0,-0.0,0.0,1.624444,0.06697006,0.0,0.48839432,0.47194147,0.14919858,0.30371213,0.0,0.0,0.0,0.31613788,0.1383698,0.6435377,0.0,0.47194147,0.0,0.47194147,0.5176723,0.48839432,-0.045730818,13.9,19.127743,17.222221,17.222221,2.0
resstock-amy2018-2021-release-1-66303,0.1750695,0.08050455,0.0,0.0,0.03519498,0.0,0.0,0.0,0.0,0.0,0.0,0.0,0.0,0.0,0.0,0.0,0.0,0.0,10.800000190734863,0.0,-0.0,0.0,0.0,-0.0,0.0,-0.0,0.0,0.0,-0.0,0.0,1.624444,0.08050455,0.0,0.69582623,0.68444175,0.21155898,0.44261253,0.0,0.0,0.0,0.30909714,0.1383698,0.6466767,0.0,0.68444175,0.0,0.68444175,0.7310212,0.69582623,-0.04657948,13.9,19.219124,17.222221,17.222221,2.0
resstock-amy2018-2021-release-1-66303,1.4008604,0.1792601,2.5936568,0.0,0.07836894,2.7776337,0.0,0.0,0.0,0.0,0.0,0.0,0.0,0.0,0.0,0.0,0.0,0.0,10.800000190734863,0.0,-0.0,0.0,0.0,-0.0,0.0,-0.0,0.0,0.0,-0.0,0.0,1.624444,0.1792601,0.0,2.167264,4.999362,1.4983348,3.2345378,0.0,0.0,0.0,0.2997052,0.1383698,0.6469901,0.0,4.999362,0.0,4.999362,5.0232663,2.167264,-0.023904217,13.9,19.307919,17.222221,17.222221,2.0
resstock-amy2018-2021-release-1-66303,0.3100598,0.030185312,1.4980315,0.0,0.013095962,1.604292,0.0,0.0,0.0,0.0,0.0,0.0,0.0,0.0,0.0,0.0,0.0,0.0,10.800000190734863,0.0,-0.0,0.0,0.0,-0.0,0.0,-0.0,0.0,0.0,-0.0,0.0,1.624444,0.030185312,0.0,7.651157,9.207685,2.766478,5.9437237,0.0,0.0,0.0,0.30045316,0.1383698,0.64551765,0.0,9.207685,0.0,9.207685,9.268544,7.651157,-0.060859006,14.15,19.364481,17.777779,17.777779,2.0
resstock-amy2018-2021-release-1-66303,1.1798444,0.075053155,2.7972577,0.0,0.03341119,2.9956768,0.0,0.0,0.0,0.0,0.0,0.0,0.0,0.0,0.0,0.0,0.0,0.0,10.800000190734863,0.0,-0.0,0.0,0.0,-0.0,0.0,-0.0,0.0,0.0,-0.0,0.0,1.624444,0.075053155,0.0,0.70718,3.6778736,1.1275306,2.3695977,0.0,0.0,0.0,0.30657133,0.1383698,0.6442847,0.0,3.6778736,0.0,3.6778736,3.7362678,0.70718,-0.05839427,13.3,19.466415,17.777779,17.777779,2.0
resstock-amy2018-2021-release-1-66303,0.22086418,0.048738062,1.4315597,0.0,0.36230722,1.5331051,0.0,0.0,0.0,0.0,0.0,0.0,0.0,0.0,0.0,0.0,0.0,0.0,10.800000190734863,0.0,-0.0,0.0,0.0,-0.0,0.0,-0.0,0.7614957,0.7614957,-0.0,0.44813234,1.624444,0.048738062,0.0,0.70981485,2.5879917,0.80581456,1.6610601,0.0,0.0,0.0,0.31136674,0.1383698,0.6418336,0.0,2.5879917,0.0,2.2474785,2.2647138,0.70981485,-0.017235355,13.15,19.584955,17.777779,17.777779,2.0
resstock-amy2018-2021-release-1-66303,0.21484457,0.09314372,0.43261212,0.0,0.3869261,0.46329877,0.0,0.0,0.0,0.0,0.0,0.0,0.0,0.0,0.0,0.0,0.0,0.0,10.800000190734863,0.0,-0.0,0.0,0.0,-0.0,0.0,-0.0,0.76322305,0.76322305,-0.0,0.89621127,1.624444,0.09314372,0.0,0.7958476,1.6254014,0.5091664,1.0367566,0.0,0.0,0.0,0.31325582,0.1383698,0.6378465,0.0,1.6254014,0.0,1.2805598,1.3012309,0.7958476,-0.020671127,12.8,19.783157,17.777779,17.777779,2.0
resstock-amy2018-2021-release-1-66303,0.45359528,0.08264342,0.39747864,0.0,0.07724236,0.42567316,0.0,0.0,0.0,0.0,0.0,0.0,0.0,0.0,0.0,0.0,0.0,0.0,10.800000190734863,0.0,-0.0,0.0,0.0,-0.0,0.0,-0.0,0.08485924,0.08485924,-0.0,0.94401026,1.624444,0.08264342,0.0,0.73675334,1.2396688,0.38952565,0.7834155,0.0,0.0,0.0,0.3142175,0.1383698,0.63195544,0.0,1.2396688,0.0,1.2005367,1.2005367,0.73675334,0.0,12.1,19.911076,17.222221,17.222221,2.0
resstock-amy2018-2021-release-1-66303,0.09466803,0.006489004,0.0,0.0,0.0,0.0,0.0,0.0,0.0,0.0,0.0,0.0,0.0,0.0,0.0,0.0,0.0,0.0,10.800000190734863,0.0,-0.0,0.0,0.0,-0.0,0.0,-0.0,0.0,0.0,0.0064890147,0.9375777,1.624444,0.0,0.0,0.82758766,0.82758766,0.25694215,0.50981504,0.0,0.0,0.0,0.31047124,0.1383698,0.61602545,0.0,0.82758766,0.0,0.83057135,0.83057135,0.82758766,-0.0,12.2,19.983421,18.333334,18.333334,2.0
resstock-amy2018-2021-release-1-66303,0.0,0.014143237,0.0,0.0,0.4440203,0.0,0.0,0.0,0.0,0.0,0.0,0.0,0.0,0.0,0.0,0.0,0.0,0.0,10.800000190734863,0.0,-0.0,0.0,0.0,-0.0,0.0,-0.0,0.109875806,0.109875806,-0.0,1.0,1.624444,0.014143237,0.0,0.35538593,0.79940623,0.24731243,0.47728074,0.0,0.0,0.0,0.30937016,0.1383698,0.59704405,0.0,0.79940623,0.0,0.7481529,0.7481529,0.35538593,-0.0,11.7,19.964638,18.731482,18.731482,2.0
resstock-amy2018-2021-release-1-66303,0.0,0.047229152,0.3693411,0.0,1.7674744e-09,0.39553973,0.0,0.0,0.0,0.0,0.0,0.0,0.0,0.0,0.0,0.0,0.0,0.0,10.800000190734863,0.0,-0.0,0.0,0.0,-0.0,0.0,-0.0,0.0,0.0,0.04722915,0.96719927,1.624444,3.7252903e-09,0.0,0.36042893,0.7559687,0.22756456,0.43812135,0.0,0.0,0.0,0.30102378,0.1383698,0.5795496,0.0,0.7559687,0.0,0.7783767,0.7783767,0.36042893,-0.0,11.1,19.913488,18.88889,18.88889,2.0
resstock-amy2018-2021-release-1-66303,0.0,0.03877996,0.0,0.0,0.0,0.0,0.0,0.0,0.0,0.0,0.0,0.0,0.0,0.0,0.0,0.0,0.0,0.0,10.800000190734863,0.0,-0.0,0.0,0.0,-0.0,0.0,-0.0,0.0,0.0,0.038780015,0.9399176,1.624444,0.0,0.0,0.36342037,0.36342037,0.09851882,0.20283297,0.0,0.0,0.0,0.27108777,0.1383698,0.55812216,0.0,0.36342037,0.0,0.38207775,0.38207775,0.36342037,-0.0,10.6,19.77614,18.88889,18.88889,2.0
resstock-amy2018-2021-release-1-66303,0.0,0.040156502,0.0,0.0,0.0,0.0,0.0,0.0,0.0,0.0,0.0,0.0,0.0,0.0,0.0,0.0,0.0,0.0,10.800000190734863,0.0,-0.0,0.0,0.0,-0.0,0.0,-0.0,0.0,0.0,0.040156543,0.91181475,1.624444,0.0,0.0,0.34774005,0.34774005,0.08758638,0.18608053,0.0,0.0,0.0,0.25187314,0.1383698,0.5351139,0.0,0.34774005,0.0,0.36679244,0.36679244,0.34774005,-0.0,11.1,19.591908,18.88889,18.88889,2.0
resstock-amy2018-2021-release-1-66303,0.0,0.012366848,0.0,0.0,0.0,0.0,0.0,0.0,0.0,0.0,0.0,0.0,0.0,0.0,0.0,0.0,0.0,0.0,10.800000190734863,0.0,-0.0,0.0,0.0,-0.0,0.0,-0.0,0.0,0.0,0.01236686,0.9016741,1.624444,0.0,0.0,0.3323414,0.3323414,0.07278606,0.16876535,0.0,0.0,0.0,0.21900992,0.1383698,0.5078072,0.0,0.3323414,0.0,0.33839,0.33839,0.3323414,-0.0,10.0,19.286404,18.333334,18.333334,2.0
resstock-amy2018-2021-release-1-66303,0.0,0.10390112,0.0,0.0,0.0,0.0,0.0,0.0,0.0,0.0,0.0,0.0,0.0,0.0,0.0,0.0,0.0,0.0,10.800000190734863,0.0,-0.0,0.0,0.0,-0.0,0.0,-0.0,0.0,0.0,0.10390116,0.8326142,1.624444,0.0,0.0,0.30831632,0.30831632,0.06635104,0.15975563,0.0,0.0,0.0,0.21520443,0.1383698,0.518155,0.0,0.30831632,0.0,0.35913393,0.35913393,0.30831632,-0.0,10.0,19.001926,17.777779,17.777779,2.0
resstock-amy2018-2021-release-1-66303,0.0,0.13142166,0.0,0.0,0.0,0.0,0.0,0.0,0.0,0.0,0.0,0.0,0.0,0.0,0.0,0.0,0.0,0.0,10.800000190734863,0.0,-0.0,0.0,0.0,-0.0,0.0,-0.0,0.0,0.0,0.13142167,0.74599737,1.624444,0.0,0.0,0.2866847,0.2866847,0.057967883,0.13566034,0.0,0.0,0.0,0.20220083,0.1383698,0.473204,0.0,0.2866847,0.0,0.35201213,0.35201213,0.2866847,-0.0,9.4,18.654823,17.222221,17.222221,2.0
resstock-amy2018-2021-release-1-66303,0.0,0.095459335,0.0,0.0,7.50629e-09,0.0,0.0,0.0,0.0,0.0,0.0,0.0,0.0,0.0,0.0,0.0,0.0,0.0,10.800000190734863,0.0,-0.0,0.0,0.0,-0.0,0.0,-0.0,0.0,0.0,0.09545932,0.6827453,1.624444,1.4901161e-08,0.0,0.28195497,0.28195497,0.05506683,0.13255188,0.0,0.0,0.0,0.19530363,0.1383698,0.47011718,0.0,0.28195497,0.0,0.33004153,0.33004153,0.28195497,-0.0,8.9,18.328697,17.222221,17.222221,2.0
resstock-amy2018-2021-release-1-66303,0.0,0.1434781,0.0,0.0,0.0,0.0,0.0,0.0,0.0,0.0,0.0,0.0,0.0,0.0,0.0,0.0,0.0,0.0,10.800000190734863,0.0,-0.0,0.0,0.0,-0.0,0.0,-0.0,0.0,0.0,0.1434781,0.5887226,1.624444,0.0,0.0,0.27688333,0.27688333,0.051471837,0.12756681,0.0,0.0,0.0,0.1858972,0.1383698,0.4607241,0.0,0.27688333,0.0,0.35030475,0.35030475,0.27688333,-0.0,8.3,18.092625,17.222221,17.222221,2.0
resstock-amy2018-2021-release-1-66303,0.0,0.7018171,0.0,0.0,0.0,0.0,0.0,0.0,0.0,0.0,0.0,0.0,0.0,0.0,0.0,0.0,0.0,0.0,10.800000190734863,0.0,-0.0,0.0,0.0,-0.0,0.0,-0.0,0.0,0.0,0.7018171,0.13538235,1.624444,0.0,0.0,0.2757973,0.2757973,0.05626787,0.13240404,0.0,0.0,0.0,0.20401892,0.1383698,0.48007736,0.0,0.2757973,0.0,0.64240897,0.64240897,0.2757973,-0.0,7.5,18.13168,17.222221,17.222221,2.0
resstock-amy2018-2021-release-1-66303,0.0,0.348266,0.0,0.0,0.07384006,0.0,0.0,0.0,0.0,0.0,0.0,0.0,0.0,0.0,0.0,0.0,0.0,0.0,10.800000190734863,0.0,-0.0,0.0,0.0,-0.0,0.0,-0.0,0.0,0.0,0.20973563,0.0,1.624444,0.13853037,0.0,0.27869084,0.3525309,0.077890955,0.18543771,0.0,0.0,0.0,0.22094788,0.1383698,0.5260183,0.0,0.3525309,0.0,0.46432507,0.46432507,0.27869084,-0.0,6.7,18.123817,17.222221,17.222221,2.0
resstock-amy2018-2021-release-1-66303,0.0,0.08693016,0.0,0.0,0.044484388,0.0,0.0,0.0,0.0,0.0,0.0,0.0,0.0,0.0,0.0,0.0,0.0,0.0,10.800000190734863,0.0,-0.0,0.0,0.0,-0.0,0.0,-0.0,0.0,0.0,-0.0,0.0,1.624444,0.08693016,0.0,0.4294283,0.4739127,0.14387497,0.2545405,0.0,0.0,0.0,0.3035896,0.1383698,0.53710425,0.0,0.4739127,0.0,0.4739127,0.4739127,0.4294283,-0.0,8.3,18.202644,17.222221,17.222221,2.0
resstock-amy2018-2021-release-1-66303,0.0,0.17998265,0.0,0.0,0.08659121,0.0,0.0,0.0,0.0,0.0,0.0,0.0,0.0,0.0,0.0,0.0,0.0,0.0,10.800000190734863,0.0,-0.0,0.0,0.0,-0.0,0.0,-0.0,0.0,0.0,-0.0,0.0,1.624444,0.17998265,0.0,0.48635286,0.57294405,0.17991762,0.31744182,0.0,0.0,0.0,0.31402302,0.1383698,0.5540538,0.0,0.57294405,0.0,0.57294405,0.57294405,0.48635286,-0.0,10.6,18.301395,17.222221,17.222221,2.0
resstock-amy2018-2021-release-1-66303,0.0,0.06283872,0.0,0.0,0.029312111,0.0,0.0,0.0,0.0,0.0,0.0,0.0,0.0,0.0,0.0,0.0,0.0,0.0,10.800000190734863,0.0,-0.0,0.0,0.0,-0.0,0.0,-0.0,0.0,0.0,-0.0,0.0,1.624444,0.06283872,0.0,0.4937848,0.51318455,0.18503213,0.28253597,0.0,0.0,0.0,0.3605567,0.1383698,0.55055434,0.0,0.51318455,0.0,0.51318455,0.5230969,0.4937848,-0.00991239,11.7,18.433144,17.222221,17.222221,2.0
resstock-amy2018-2021-release-1-66303,0.0,0.41272596,0.0,0.0,0.18977548,0.0,0.0,0.0,0.0,0.0,0.0,0.0,0.0,0.0,0.0,0.0,0.0,0.0,10.800000190734863,0.0,-0.0,0.0,0.0,-0.0,0.0,-0.0,0.0,0.0,-0.0,0.0,1.624444,0.41272596,0.0,0.492051,0.6544943,0.2280219,0.3584782,0.0,0.0,0.0,0.34839404,0.1383698,0.5477178,0.0,0.6544943,0.0,0.6544943,0.6818265,0.492051,-0.0273322,12.2,18.59288,17.222221,17.222221,2.0
resstock-amy2018-2021-release-1-66303,0.0,0.12057301,0.36961582,0.0,0.08169779,0.39583394,0.0,0.0,0.0,0.0,0.0,0.0,0.0,0.0,0.0,0.0,0.0,0.0,10.800000190734863,0.0,-0.0,0.0,0.0,-0.0,0.0,-0.0,0.057104323,0.057104323,-0.0,0.033605304,1.624444,0.12057301,0.0,0.48839432,0.9235951,0.2830071,0.52080184,0.0,0.0,0.0,0.30641901,0.1383698,0.56388545,0.0,0.9235951,0.0,0.8973379,0.9396689,0.48839432,-0.042330958,12.2,18.71399,17.222221,17.222221,2.0
resstock-amy2018-2021-release-1-66303,0.0017265327,0.36765343,0.36961436,0.0,0.4244135,0.39583236,0.0,0.0,0.0,0.0,0.0,0.0,0.0,0.0,0.0,0.0,0.0,0.0,10.800000190734863,0.0,-0.0,0.0,0.0,-0.0,0.0,-0.0,0.55536604,0.55536604,-0.0,0.36035225,1.624444,0.36765343,0.0,0.5944381,1.3774686,0.40994632,0.7693392,0.0,0.0,0.0,0.29760846,0.1383698,0.5585167,0.0,1.3774686,0.0,1.1221058,1.1593212,0.5944381,-0.037215322,12.2,18.808983,17.222221,17.222221,2.0
resstock-amy2018-2021-release-1-66303,0.21645899,0.07978697,0.36961582,0.0,0.28067425,0.39583394,0.0,0.0,0.0,0.0,0.0,0.0,0.0,0.0,0.0,0.0,0.0,0.0,10.800000190734863,0.0,-0.0,0.0,0.0,-0.0,0.0,-0.0,0.5219169,0.5219169,-0.0,0.66663456,1.624444,0.07978697,0.0,0.660639,1.2935551,0.37145233,0.6899123,0.0,0.0,0.0,0.28715616,0.1383698,0.5333459,0.0,1.2935551,0.0,1.0500988,1.0936909,0.660639,-0.0435921,11.7,18.858133,17.222221,17.222221,2.0
resstock-amy2018-2021-release-1-66303,0.0,0.10631631,0.0,0.0,0.25389627,0.0,0.0,0.0,0.0,0.0,0.0,0.0,0.0,0.0,0.0,0.0,0.0,0.0,10.800000190734863,0.0,-0.0,0.0,0.0,-0.0,0.0,-0.0,0.42844358,0.42844358,-0.0,0.91717756,1.624444,0.10631631,0.0,0.4876461,0.6848021,0.1959302,0.35820267,0.0,0.0,0.0,0.28611213,0.1383698,0.5230747,0.0,0.6848021,0.0,0.4813833,0.5381235,0.4876461,-0.056740202,11.075,18.853645,17.222221,17.222221,2.0
resstock-amy2018-2021-release-1-66303,0.029055879,0.053852994,0.0,0.0,0.34093243,0.0,0.0,0.0,0.0,0.0,0.0,0.0,0.0,0.0,0.0,0.0,0.0,0.0,10.800000190734863,0.0,-0.0,0.0,0.0,-0.0,0.0,-0.0,0.14445849,0.14445849,-0.0,1.0,1.624444,0.053852994,0.0,0.516602,0.8087379,0.23763981,0.41325125,0.0,0.0,0.0,0.29384035,0.1383698,0.51098293,0.0,0.8087379,0.0,0.7418337,0.7906302,0.516602,-0.04879651,11.95,18.948627,17.222221,17.222221,2.0
resstock-amy2018-2021-release-1-66303,0.15948963,0.024422584,0.0,0.0,0.41152757,0.0,0.0,0.0,0.0,0.0,0.0,0.0,0.0,0.0,0.0,0.0,0.0,0.0,10.800000190734863,0.0,-0.0,0.0,0.0,-0.0,0.0,-0.0,0.004057115,0.004057115,-0.0,1.0,1.624444,0.024422584,0.0,0.50305855,0.83425206,0.25828895,0.41345915,0.0,0.0,0.0,0.30960542,0.1383698,0.4956046,0.0,0.83425206,0.0,0.832446,0.91278005,0.50305855,-0.080334045,13.3,19.245178,17.222221,17.222221,2.0
resstock-amy2018-2021-release-1-66303,0.24570915,0.03742086,0.36961663,0.0,0.37222004,0.3958348,0.0,0.0,0.0,0.0,0.0,0.0,0.0,0.0,0.0,0.0,0.0,0.0,10.800000190734863,0.0,-0.0,0.0,0.0,-0.0,0.0,-0.0,0.004057115,0.004057115,-0.0,1.0,1.624444,0.03742086,0.0,0.55436623,1.2980572,0.41675875,0.65661687,0.0,0.0,0.0,0.32106346,0.1383698,0.50584584,0.0,1.2980572,0.0,1.2962241,1.320588,0.55436623,-0.024363903,12.8,19.505379,17.222221,17.222221,2.0
resstock-amy2018-2021-release-1-66303,0.37951374,0.13860737,0.0,0.0,0.18529892,0.0,0.0,0.0,0.0,0.0,0.0,0.0,0.0,0.0,0.0,0.0,0.0,0.0,10.800000190734863,0.0,-0.0,0.0,0.0,-0.0,0.0,-0.0,0.004057115,0.004057115,-0.0,1.0,1.624444,0.13860737,0.0,0.955518,1.1401782,0.38021627,0.63602954,0.0,0.0,0.0,0.3334709,0.1383698,0.55783343,0.0,1.1401782,0.0,1.1383127,1.1389514,0.955518,-0.00063872134,12.2,19.795544,17.222221,17.222221,2.0
resstock-amy2018-2021-release-1-66303,0.21770231,0.08021017,0.0,0.0,0.38364077,0.0,0.0,0.0,0.0,0.0,0.0,0.0,0.0,0.0,0.0,0.0,0.0,0.0,10.800000190734863,0.0,-0.0,0.0,0.0,-0.0,0.0,-0.0,0.004057115,0.004057115,-0.0,1.0,1.624444,0.08021017,0.0,1.1002325,1.4838732,0.47835034,0.90994763,0.0,0.0,0.0,0.32236603,0.1383698,0.6132246,0.0,1.4838732,0.0,1.4820077,1.4820077,1.1002325,-0.0,12.2,19.925888,17.800926,17.800926,2.0
resstock-amy2018-2021-release-1-66303,0.0583178,0.089415364,0.7392279,0.0,0.21515903,0.7916638,0.0,0.0,0.0,0.0,0.0,0.0,0.0,0.0,0.0,0.0,0.0,0.0,10.800000190734863,0.0,-0.0,0.0,0.0,-0.0,0.0,-0.0,0.004057115,0.004057115,-0.0,1.0,1.624444,0.089415364,0.0,0.7418535,1.7486763,0.5566378,1.0809156,0.0,0.0,0.0,0.31831953,0.1383698,0.6181336,0.0,1.7486763,0.0,1.7468432,1.7468432,0.7418535,-0.0,12.8,19.942497,17.777779,17.777779,2.0
resstock-amy2018-2021-release-1-66303,0.0,0.03777328,0.0,0.0,0.17785941,0.0,0.0,0.0,0.0,0.0,0.0,0.0,0.0,0.0,0.0,0.0,0.0,0.0,10.800000190734863,0.0,-0.0,0.0,0.0,-0.0,0.0,-0.0,0.004057115,0.004057115,-0.0,1.0,1.624444,0.03777328,0.0,0.69669086,0.8745503,0.27175453,0.5348802,0.0,0.0,0.0,0.31073633,0.1383698,0.611606,0.0,0.8745503,0.0,0.8726848,0.8726848,0.69669086,-0.0,12.2,19.864464,17.777779,17.777779,2.0
resstock-amy2018-2021-release-1-66303,0.0,0.038988184,0.369616,0.0,0.0,0.39583412,0.0,0.0,0.0,0.0,0.0,0.0,0.0,0.0,0.0,0.0,0.0,0.0,10.800000190734863,0.0,-0.0,0.0,0.0,-0.0,0.0,-0.0,0.0,0.0,0.03898822,0.972506,1.624444,0.0,0.0,0.6290092,1.0248433,0.3151165,0.6148412,0.0,0.0,0.0,0.3074777,0.1383698,0.5999368,0.0,1.0248433,0.0,1.0424591,1.0424591,0.6290092,-0.0,12.8,19.75439,17.777779,17.777779,2.0
resstock-amy2018-2021-release-1-66303,0.0,0.020681407,0.0,0.0,8.564627e-10,0.0,0.0,0.0,0.0,0.0,0.0,0.0,0.0,0.0,0.0,0.0,0.0,0.0,10.800000190734863,0.0,-0.0,0.0,0.0,-0.0,0.0,-0.0,0.0,0.0,0.020681405,0.95686626,1.624444,1.8626451e-09,0.0,0.56559175,0.56559175,0.16876762,0.33504888,0.0,0.0,0.0,0.29839122,0.1383698,0.5923864,0.0,0.56559175,0.0,0.57510126,0.57510126,0.56559175,-0.0,12.2,19.531113,17.222221,17.222221,2.0
resstock-amy2018-2021-release-1-66303,0.0,0.03211536,0.36961672,0.0,0.0,0.3958349,0.0,0.0,0.0,0.0,0.0,0.0,0.0,0.0,0.0,0.0,0.0,0.0,10.800000190734863,0.0,-0.0,0.0,0.0,-0.0,0.0,-0.0,0.0,0.0,0.03211539,0.93390095,1.624444,0.0,0.0,0.4363907,0.83222556,0.21880043,0.5002385,0.0,0.0,0.0,0.26291,0.1383698,0.60108525,0.0,0.83222556,0.0,0.84699255,0.84699255,0.4363907,-0.0,12.2,19.268578,17.222221,17.222221,2.0
resstock-amy2018-2021-release-1-66303,0.0,0.20899136,0.0,0.0,0.0,0.0,0.0,0.0,0.0,0.0,0.0,0.0,0.0,0.0,0.0,0.0,0.0,0.0,10.800000190734863,0.0,-0.0,0.0,0.0,-0.0,0.0,-0.0,0.0,0.0,0.20899138,0.7970913,1.624444,0.0,0.0,0.3697615,0.3697615,0.09051051,0.2084648,0.0,0.0,0.0,0.2447808,0.1383698,0.5637818,0.0,0.3697615,0.0,0.4658578,0.4658578,0.3697615,-0.0,12.2,19.092487,17.222221,17.222221,2.0
resstock-amy2018-2021-release-1-66303,0.08085556,0.16904046,0.9938826,0.0,1.3703403e-08,1.0643821,0.0,0.0,0.0,0.0,0.0,0.0,0.0,0.0,0.0,0.0,0.0,0.0,10.800000190734863,0.0,-0.0,0.0,0.0,-0.0,0.0,-0.0,0.0,0.0,0.16904043,0.68633467,1.624444,2.9802322e-08,0.0,0.3255906,1.3899727,0.29251975,0.83380455,0.0,0.0,0.0,0.21045,0.1383698,0.59987116,0.0,1.3899727,0.0,1.4676992,1.4676992,0.3255906,-0.0,12.2,18.805058,17.222221,17.222221,2.0
resstock-amy2018-2021-release-1-66303,0.0,0.30077836,0.0,0.0,1.3703403e-08,0.0,0.0,0.0,0.0,0.0,0.0,0.0,0.0,0.0,0.0,0.0,0.0,0.0,10.800000190734863,0.0,-0.0,0.0,0.0,-0.0,0.0,-0.0,0.0,0.0,0.30077833,0.49101,1.624444,2.9802322e-08,0.0,0.3375199,0.3375199,0.071031064,0.20475551,0.0,0.0,0.0,0.21045,0.1383698,0.6066472,0.0,0.3375199,0.0,0.47582078,0.47582078,0.3375199,-0.0,12.2,18.686218,17.222221,17.222221,2.0
resstock-amy2018-2021-release-1-66303,0.0,0.7827419,0.0,0.0,0.010145479,0.0,0.0,0.0,0.0,0.0,0.0,0.0,0.0,0.0,0.0,0.0,0.0,0.0,10.800000190734863,0.0,-0.0,0.0,0.0,-0.0,0.0,-0.0,0.0,0.0,0.7606774,0.0,1.624444,0.022064507,0.0,0.27688333,0.28702882,0.060405213,0.18144922,0.0,0.0,0.0,0.21045,0.1383698,0.63216376,0.0,0.28702882,0.0,0.6367958,0.6367958,0.27688333,-0.0,12.2,18.797935,17.222221,17.222221,2.0
resstock-amy2018-2021-release-1-66303,0.0,0.53479666,0.0,0.0,0.24946433,0.0,0.0,0.0,0.0,0.0,0.0,0.0,0.0,0.0,0.0,0.0,0.0,0.0,10.800000190734863,0.0,-0.0,0.0,0.0,-0.0,0.0,-0.0,0.0,0.0,-0.0,0.0,1.624444,0.53479666,0.0,0.2757973,0.52526164,0.113745406,0.33647186,0.0,0.0,0.0,0.21655,0.1383698,0.6405795,0.0,0.52526164,0.0,0.52526164,0.52526164,0.2757973,-0.0,11.7,18.772095,17.222221,17.222221,2.0
resstock-amy2018-2021-release-1-66303,0.0,0.73468745,0.0,0.0,0.34857452,0.0,0.0,0.0,0.0,0.0,0.0,0.0,0.0,0.0,0.0,0.0,0.0,0.0,10.800000190734863,0.0,-0.0,0.0,0.0,-0.0,0.0,-0.0,0.0,0.0,-0.0,0.0,1.624444,0.73468745,0.0,0.27869084,0.62726533,0.15573117,0.39935812,0.0,0.0,0.0,0.24827,0.1383698,0.6366654,0.0,0.62726533,0.0,0.62726533,0.62726533,0.27869084,-0.0,11.1,18.91913,17.222221,17.222221,2.0
resstock-amy2018-2021-release-1-66303,0.7794938,0.29698595,3.228994,0.0,0.14209184,3.4580374,0.0,0.0,0.0,0.0,0.0,0.0,0.0,0.0,0.0,0.0,0.0,0.0,10.800000190734863,0.0,-0.0,0.0,0.0,-0.0,0.0,-0.0,0.0,0.0,-0.0,0.0,1.624444,0.29698595,0.0,0.29054374,3.890673,1.245988,2.460889,0.0,0.0,0.0,0.32025,0.1383698,0.6325099,0.0,3.890673,0.0,3.890673,3.890673,0.29054374,-0.0,10.8,18.918407,17.222221,17.222221,2.0
resstock-amy2018-2021-release-1-66303,0.0,0.40582502,0.0,0.0,0.1925448,0.0,0.0,0.0,0.0,0.0,0.0,0.0,0.0,0.0,0.0,0.0,0.0,0.0,10.800000190734863,0.0,-0.0,0.0,0.0,-0.0,0.0,-0.0,0.0,0.0,-0.0,0.0,1.624444,0.40582502,0.0,0.48635286,0.6788977,0.23278941,0.43166286,0.0,0.0,0.0,0.3428932,0.1383698,0.63582903,0.0,0.6788977,0.0,0.6788977,0.6788977,0.48635286,-0.0,11.1,19.023926,17.222221,17.222221,2.0
resstock-amy2018-2021-release-1-66303,0.80228764,0.086399294,2.632179,0.0,0.039727252,2.8188884,0.0,0.0,0.0,0.0,0.0,0.0,0.0,0.0,0.0,0.0,0.0,0.0,10.800000190734863,0.0,-0.0,0.0,0.0,-0.0,0.0,-0.0,0.0,0.0,-0.0,0.0,1.624444,0.086399294,0.0,0.4937848,3.3423936,1.2182189,2.131707,0.0,0.0,0.0,0.364475,0.1383698,0.6377785,0.0,3.3423936,0.0,3.3423936,3.3524005,0.4937848,-0.010006918,12.2,19.101542,17.222221,17.222221,2.0
resstock-amy2018-2021-release-1-66303,0.0,0.31325188,0.0,0.0,0.14612128,0.0,0.0,0.0,0.0,0.0,0.0,0.0,0.0,0.0,0.0,0.0,0.0,0.0,10.800000190734863,0.0,-0.0,0.0,0.0,-0.0,0.0,-0.0,0.0,0.0,-0.0,0.0,1.624444,0.31325188,0.0,0.29229107,0.40975916,0.1425492,0.26229984,0.0,0.0,0.0,0.34788534,0.1383698,0.6401317,0.0,0.40975916,0.0,0.40975916,0.43841237,0.29229107,-0.028653212,11.7,19.151537,17.222221,17.222221,2.0
resstock-amy2018-2021-release-1-66303,0.0,0.196865,0.0,0.0,0.088948116,0.0,0.0,0.0,0.0,0.0,0.0,0.0,0.0,0.0,0.0,0.0,0.0,0.0,10.800000190734863,0.0,-0.0,0.0,0.0,-0.0,0.0,-0.0,0.0,0.0,-0.0,0.0,1.624444,0.196865,0.0,0.29257274,0.33711255,0.112742625,0.21797974,0.0,0.0,0.0,0.33443615,0.1383698,0.64660823,0.0,0.33711255,0.0,0.33711255,0.38152087,0.29257274,-0.044408333,12.8,19.162485,17.222221,17.222221,2.0
resstock-amy2018-2021-release-1-66303,0.0,0.2815976,0.36987922,0.0,0.124233395,0.39611602,0.0,0.0,0.0,0.0,0.0,0.0,0.0,0.0,0.0,0.0,0.0,0.0,10.800000190734863,0.0,-0.0,0.0,0.0,-0.0,0.0,-0.0,0.0,0.0,-0.0,0.0,1.624444,0.2815976,0.0,0.30791634,0.7594589,0.23348378,0.49021986,0.0,0.0,0.0,0.30743438,0.1383698,0.6454857,0.0,0.7594589,0.0,0.7594589,0.8282658,0.30791634,-0.068806894,13.6,19.231598,17.222221,17.222221,2.0
resstock-amy2018-2021-release-1-66303,0.18041056,0.14495754,0.3698791,0.0,0.18210997,0.39611587,0.0,0.0,0.0,0.0,0.0,0.0,0.0,0.0,0.0,0.0,0.0,0.0,10.800000190734863,0.0,-0.0,0.0,0.0,-0.0,0.0,-0.0,0.27159846,0.27159846,-0.0,0.15983288,1.624444,0.14495754,0.0,0.48707625,0.96234167,0.28540993,0.6165405,0.0,0.0,0.0,0.2965786,0.1383698,0.64066696,0.0,0.96234167,0.0,0.84360427,0.9465647,0.48707625,-0.1029604,13.9,19.434006,17.222221,17.222221,2.0
resstock-amy2018-2021-release-1-66303,0.0,0.044966403,0.0,0.0,0.33182004,0.0,0.0,0.0,0.0,0.0,0.0,0.0,0.0,0.0,0.0,0.0,0.0,0.0,10.800000190734863,0.0,-0.0,0.0,0.0,-0.0,0.0,-0.0,0.71403456,0.71403456,-0.0,0.5796532,1.624444,0.044966403,0.0,0.29499483,0.514994,0.1528278,0.32772097,0.0,0.0,0.0,0.29675645,0.1383698,0.6363588,0.0,0.514994,0.0,0.20283237,0.31465316,0.29499483,-0.111820795,13.9,19.598515,17.777779,17.777779,2.0
resstock-amy2018-2021-release-1-66303,0.36752525,0.2091975,0.0,0.0,0.090244524,0.0,0.0,0.0,0.0,0.0,0.0,0.0,0.0,0.0,0.0,0.0,0.0,0.0,10.800000190734863,0.0,-0.0,0.0,0.0,-0.0,0.0,-0.0,0.0,0.0,0.0027733385,0.5764833,1.624444,0.20642416,0.0,0.32602397,0.2808531,0.09011453,0.17790554,0.0,0.0,0.0,0.32086,0.1383698,0.633447,0.0,0.2808531,0.0,0.28206554,0.41748095,0.32602397,-0.1354154,13.9,20.372555,17.777779,17.777779,2.0
resstock-amy2018-2021-release-1-66303,1.679741,0.08112005,2.1218965,0.0,0.51734537,2.27241,0.0,0.0,0.0,0.0,0.0,0.0,0.0,0.0,0.0,0.0,0.0,0.0,10.800000190734863,0.0,-0.0,0.0,0.0,-0.0,0.0,-0.0,0.7220061,0.7220061,-0.0,1.0,1.624444,0.08112005,0.0,0.2963023,2.979623,1.0116473,1.883053,0.0,0.0,0.0,0.3395219,0.1383698,0.6319769,0.0,2.979623,0.0,2.668782,2.7752163,0.2963023,-0.10643439,14.4,21.022533,17.777779,17.777779,2.0
resstock-amy2018-2021-release-1-66303,0.7199953,0.06846514,0.36987823,0.0,0.52429277,0.39611495,0.0,0.0,0.0,0.0,0.0,0.0,0.0,0.0,0.0,0.0,0.0,0.0,10.800000190734863,0.0,-0.0,0.0,0.0,-0.0,0.0,-0.0,0.004057115,0.004057115,-0.0,1.0,1.624444,0.06846514,0.0,0.31288487,1.1775832,0.42899853,0.74347794,0.0,0.0,0.0,0.3643042,0.1383698,0.63135916,0.0,1.1775832,0.0,1.1758095,1.2315189,0.31288487,-0.055709332,13.9,21.095142,17.777779,17.777779,2.0
resstock-amy2018-2021-release-1-66303,0.50021535,0.09004381,0.0,0.0,0.5694042,0.0,0.0,0.0,0.0,0.0,0.0,0.0,0.0,0.0,0.0,0.0,0.0,0.0,10.800000190734863,0.0,-0.0,0.0,0.0,-0.0,0.0,-0.0,0.004057115,0.004057115,-0.0,1.0,1.624444,0.09004381,0.0,0.33285508,0.9004999,0.35888287,0.5764158,0.0,0.0,0.0,0.3985374,0.1383698,0.64010644,0.0,0.9004999,0.0,0.8986668,0.90042615,0.33285508,-0.0017593232,12.8,20.677841,17.777779,17.777779,2.0
resstock-amy2018-2021-release-1-66303,0.1859866,0.0797313,0.0,0.0,0.54950356,0.0,0.0,0.0,0.0,0.0,0.0,0.0,0.0,0.0,0.0,0.0,0.0,0.0,10.800000190734863,0.0,-0.0,0.0,0.0,-0.0,0.0,-0.0,0.004057115,0.004057115,-0.0,1.0,1.624444,0.0797313,0.0,0.34666762,0.8961712,0.3173715,0.56747794,0.0,0.0,0.0,0.3541416,0.1383698,0.6332249,0.0,0.8961712,0.0,0.8943057,0.8943057,0.34666762,-0.0,12.2,20.475092,17.98611,17.98611,2.0
resstock-amy2018-2021-release-1-66303,0.46718404,0.14872375,0.6747094,0.0,0.381119,0.7225688,0.0,0.0,0.0,0.0,0.0,0.0,0.0,0.0,0.0,0.0,0.0,0.0,10.800000190734863,0.0,-0.0,0.0,0.0,-0.0,0.0,-0.0,0.004057115,0.004057115,-0.0,1.0,1.624444,0.14872375,0.0,1.8484644,2.952152,1.0352151,1.8163043,0.0,0.0,0.0,0.3506646,0.1383698,0.61524755,0.0,2.952152,0.0,2.9502866,2.9502866,1.8484644,-0.0,12.2,20.445656,18.273148,18.273148,2.0
resstock-amy2018-2021-release-1-66303,0.36472875,0.009926094,0.99925625,0.0,0.32786655,1.0701369,0.0,0.0,0.0,0.0,0.0,0.0,0.0,0.0,0.0,0.0,0.0,0.0,10.800000190734863,0.0,-0.0,0.0,0.0,-0.0,0.0,-0.0,0.004057115,0.004057115,-0.0,1.0,1.624444,0.009926094,0.0,7.6675506,9.065554,3.0857332,5.330228,0.0,0.0,0.0,0.34038,0.1383698,0.58796495,0.0,9.065554,0.0,9.063629,9.063629,7.6675506,-0.0,11.1,20.21053,17.777779,17.777779,2.0
resstock-amy2018-2021-release-1-66303,1.7915969,0.035211205,3.1678987,0.0,0.16526023,3.3926084,0.0,0.0,0.0,0.0,0.0,0.0,0.0,0.0,0.0,0.0,0.0,0.0,10.800000190734863,0.0,-0.0,0.0,0.0,-0.0,0.0,-0.0,0.004057115,0.004057115,-0.0,1.0,1.624444,0.035211205,0.0,7.8654575,11.4233265,3.8673673,6.236837,0.0,0.0,0.0,0.33855,0.1383698,0.5459738,0.0,11.4233265,0.0,11.421402,11.421402,7.8654575,-0.0,11.1,20.075336,17.777779,17.777779,2.0
resstock-amy2018-2021-release-1-66303,0.1483668,0.035806403,0.0,0.0,0.0,0.0,0.0,0.0,0.0,0.0,0.0,0.0,0.0,0.0,0.0,0.0,0.0,0.0,10.800000190734863,0.0,-0.0,0.0,0.0,-0.0,0.0,-0.0,0.0,0.0,0.035806447,0.9745549,1.624444,0.0,0.0,0.34774005,0.34774005,0.113272846,0.17314237,0.0,0.0,0.0,0.32574,0.1383698,0.4979075,0.0,0.34774005,0.0,0.36496684,0.36496684,0.34774005,-0.0,10.6,19.732855,17.222221,17.222221,2.0
resstock-amy2018-2021-release-1-66303,0.0,0.06849838,0.0,0.0,1.0604846e-08,0.0,0.0,0.0,0.0,0.0,0.0,0.0,0.0,0.0,0.0,0.0,0.0,0.0,10.800000190734863,0.0,-0.0,0.0,0.0,-0.0,0.0,-0.0,0.0,0.0,0.06849836,0.9281186,1.624444,2.2351742e-08,0.0,0.3323414,0.3323414,0.10502946,0.15462255,0.0,0.0,0.0,0.3160288,0.1383698,0.46525216,0.0,0.3323414,0.0,0.36484063,0.36484063,0.3323414,-0.0,11.1,19.370548,17.222221,17.222221,2.0
resstock-amy2018-2021-release-1-66303,0.0,0.56048757,0.0,0.0,0.0,0.0,0.0,0.0,0.0,0.0,0.0,0.0,0.0,0.0,0.0,0.0,0.0,0.0,10.800000190734863,0.0,-0.0,0.0,0.0,-0.0,0.0,-0.0,0.0,0.0,0.56048757,0.56497705,1.624444,0.0,0.0,0.30831632,0.30831632,0.08772475,0.13920778,0.0,0.0,0.0,0.2845284,0.1383698,0.45150962,0.0,0.30831632,0.0,0.59073013,0.59073013,0.30831632,-0.0,8.89,19.212326,17.222221,17.222221,2.0
resstock-amy2018-2021-release-1-66303,0.0,0.08202117,0.0,0.0,0.0,0.0,0.0,0.0,0.0,0.0,0.0,0.0,0.0,0.0,0.0,0.0,0.0,0.0,10.800000190734863,0.0,-0.0,0.0,0.0,-0.0,0.0,-0.0,0.0,0.0,0.08202118,0.5108107,1.624444,0.0,0.0,0.2866847,0.2866847,0.07784808,0.12736511,0.0,0.0,0.0,0.27154598,0.1383698,0.44426897,0.0,0.2866847,0.0,0.32707933,0.32707933,0.2866847,-0.0,9.745,18.585108,17.222221,17.222221,2.0
resstock-amy2018-2021-release-1-66303,0.0,0.3850067,0.0,0.0,0.0,0.0,0.0,0.0,0.0,0.0,0.0,0.0,0.0,0.0,0.0,0.0,0.0,0.0,10.800000190734863,0.0,-0.0,0.0,0.0,-0.0,0.0,-0.0,0.0,0.0,0.3850067,0.26166627,1.624444,0.0,0.0,0.28195497,0.28195497,0.07000096,0.1254376,0.0,0.0,0.0,0.24827,0.1383698,0.44488522,0.0,0.28195497,0.0,0.46718502,0.46718502,0.28195497,-0.0,10.6,18.411816,17.222221,17.222221,2.0
resstock-amy2018-2021-release-1-66303,0.0,0.45697808,0.0,0.0,0.024734668,0.0,0.0,0.0,0.0,0.0,0.0,0.0,0.0,0.0,0.0,0.0,0.0,0.0,10.800000190734863,0.0,-0.0,0.0,0.0,-0.0,0.0,-0.0,0.0,0.0,0.4053759,0.0,1.624444,0.051602185,0.0,0.27688333,0.301618,0.07422035,0.1356606,0.0,0.0,0.0,0.246074,0.1383698,0.4497762,0.0,0.301618,0.0,0.49592835,0.49592835,0.27688333,-0.0,10.733334,18.205135,17.222221,17.222221,2.0
resstock-amy2018-2021-release-1-66303,0.0,0.24139068,0.0,0.0,0.116135135,0.0,0.0,0.0,0.0,0.0,0.0,0.0,0.0,0.0,0.0,0.0,0.0,0.0,10.800000190734863,0.0,-0.0,0.0,0.0,-0.0,0.0,-0.0,0.0,0.0,-0.0,0.0,1.624444,0.24139068,0.0,0.2757973,0.39193243,0.09850046,0.17784463,0.0,0.0,0.0,0.25132,0.1383698,0.45376348,0.0,0.39193243,0.0,0.39193243,0.39193243,0.2757973,-0.0,10.6,18.048038,17.222221,17.222221,2.0
resstock-amy2018-2021-release-1-66303,0.0,0.84455156,0.0,0.0,0.4130665,0.0,0.0,0.0,0.0,0.0,0.0,0.0,0.0,0.0,0.0,0.0,0.0,0.0,10.800000190734863,0.0,-0.0,0.0,0.0,-0.0,0.0,-0.0,0.0,0.0,-0.0,0.0,1.624444,0.84455156,0.0,0.27869084,0.6917573,0.18904343,0.31864327,0.0,0.0,0.0,0.27328,0.1383698,0.4606287,0.0,0.6917573,0.0,0.6917573,0.6917573,0.27869084,-0.0,10.0,18.319042,17.222221,17.222221,2.0
resstock-amy2018-2021-release-1-66303,0.0,0.9194332,0.0,0.0,0.47013032,0.0,0.0,0.0,0.0,0.0,0.0,0.0,0.0,0.0,0.0,0.0,0.0,0.0,10.800000190734863,0.0,-0.0,0.0,0.0,-0.0,0.0,-0.0,0.0,0.0,-0.0,0.0,1.624444,0.9194332,0.0,0.29054374,0.76067406,0.23441844,0.35528868,0.0,0.0,0.0,0.308172,0.1383698,0.46707085,0.0,0.76067406,0.0,0.76067406,0.76067406,0.29054374,-0.0,8.33,18.47807,17.222221,17.222221,2.0
resstock-amy2018-2021-release-1-66303,0.0,0.19191042,0.0,0.0,0.096711,0.0,0.0,0.0,0.0,0.0,0.0,0.0,0.0,0.0,0.0,0.0,0.0,0.0,10.800000190734863,0.0,-0.0,0.0,0.0,-0.0,0.0,-0.0,0.0,0.0,-0.0,0.0,1.624444,0.19191042,0.0,0.48635286,0.58306384,0.18814887,0.28219604,0.0,0.0,0.0,0.32269,0.1383698,0.48398823,0.0,0.58306384,0.0,0.58306384,0.58306384,0.48635286,-0.0,8.885,18.618332,17.222221,17.222221,2.0
resstock-amy2018-2021-release-1-66303,0.0,0.24927585,0.0,0.0,0.123777986,0.0,0.0,0.0,0.0,0.0,0.0,0.0,0.0,0.0,0.0,0.0,0.0,0.0,10.800000190734863,0.0,-0.0,0.0,0.0,-0.0,0.0,-0.0,0.0,0.0,-0.0,0.0,1.624444,0.24927585,0.0,0.4937848,0.6130348,0.2213866,0.30271393,0.0,0.0,0.0,0.3611322,0.1383698,0.49379566,0.0,0.6130348,0.0,0.6130348,0.6175628,0.4937848,-0.004527973,9.44,18.738321,17.222221,17.222221,2.0
resstock-amy2018-2021-release-1-66303,1.0646755,0.052884605,2.4841335,0.0,0.024689976,2.6603415,0.0,0.0,0.0,0.0,0.0,0.0,0.0,0.0,0.0,0.0,0.0,0.0,10.800000190734863,0.0,-0.0,0.0,0.0,-0.0,0.0,-0.0,0.0,0.0,-0.0,0.0,1.624444,0.052884605,0.0,0.6918109,3.3564281,1.1484395,1.67044,0.0,0.0,0.0,0.3421612,0.1383698,0.49768382,0.0,3.3564281,0.0,3.3564281,3.3768425,0.6918109,-0.020414332,11.67,18.894903,17.222221,17.222221,2.0
resstock-amy2018-2021-release-1-66303,0.21631083,0.13454612,0.0,0.0,0.0647313,0.0,0.0,0.0,0.0,0.0,0.0,0.0,0.0,0.0,0.0,0.0,0.0,0.0,10.800000190734863,0.0,-0.0,0.0,0.0,-0.0,0.0,-0.0,0.0,0.0,-0.0,0.0,1.624444,0.13454612,0.0,0.8577786,0.86791456,0.27793902,0.4294445,0.0,0.0,0.0,0.3202378,0.1383698,0.49480042,0.0,0.86791456,0.0,0.86791456,0.9225099,0.8577786,-0.054595377,10.6,18.988417,17.222221,17.222221,2.0
resstock-amy2018-2021-release-1-66303,0.2303612,0.14493482,0.0,0.0,0.07088699,0.0,0.0,0.0,0.0,0.0,0.0,0.0,0.0,0.0,0.0,0.0,0.0,0.0,10.800000190734863,0.0,-0.0,0.0,0.0,-0.0,0.0,-0.0,0.0,0.0,-0.0,0.0,1.624444,0.14493482,0.0,0.6060089,0.60722077,0.18786925,0.29088756,0.0,0.0,0.0,0.309392,0.1383698,0.47904748,0.0,0.60722077,0.0,0.60722077,0.67689586,0.6060089,-0.06967506,10.0,19.019447,17.222221,17.222221,2.0
resstock-amy2018-2021-release-1-66303,0.19057587,0.6083904,0.0,0.0,0.41322476,0.0,0.0,0.0,0.0,0.0,0.0,0.0,0.0,0.0,0.0,0.0,0.0,0.0,10.800000190734863,0.0,-0.0,0.0,0.0,-0.0,0.0,-0.0,0.2724453,0.2724453,-0.0,0.16033123,1.624444,0.6083904,0.0,0.29362714,0.6061392,0.18274271,0.28927234,0.0,0.0,0.0,0.3014864,0.1383698,0.4772375,0.0,0.6061392,0.0,0.47832745,0.57904017,0.29362714,-0.10071274,11.5,19.449266,17.222221,17.222221,2.0
resstock-amy2018-2021-release-1-66303,0.1550429,0.18192458,0.37013194,0.0,0.034393284,0.39638665,0.0,0.0,0.0,0.0,0.0,0.0,0.0,0.0,0.0,0.0,0.0,0.0,10.800000190734863,0.0,-0.0,0.0,0.0,-0.0,0.0,-0.0,0.0,0.0,0.105803415,0.09181639,1.624444,0.07612117,0.0,0.29499483,0.5981774,0.18073642,0.2810931,0.0,0.0,0.0,0.3021452,0.1383698,0.46991596,0.0,0.5981774,0.0,0.6459818,0.7735792,0.29499483,-0.12759738,12.8,19.745388,17.222221,17.222221,2.0
resstock-amy2018-2021-release-1-66303,0.7422581,0.15603574,1.1103817,0.0,0.52791256,1.1891448,0.0,0.0,0.0,0.0,0.0,0.0,0.0,0.0,0.0,0.0,0.0,0.0,10.800000190734863,0.0,-0.0,0.0,0.0,-0.0,0.0,-0.0,1.0298395,1.0298395,-0.0,0.6976471,1.624444,0.15603574,0.0,0.516602,2.0928679,0.6434313,0.9747909,0.0,0.0,0.0,0.30744,0.1383698,0.465768,0.0,2.0928679,0.0,1.6344173,1.775209,0.516602,-0.14079161,13.3,20.638977,17.222221,17.222221,2.0
resstock-amy2018-2021-release-1-66303,0.978168,0.09174239,0.0,0.0,0.5367589,0.0,0.0,0.0,0.0,0.0,0.0,0.0,0.0,0.0,0.0,0.0,0.0,0.0,10.800000190734863,0.0,-0.0,0.0,0.0,-0.0,0.0,-0.0,0.51660824,0.51660824,-0.0,1.0,1.624444,0.09174239,0.0,0.50305855,0.8980174,0.28507024,0.4144603,0.0,0.0,0.0,0.317444,0.1383698,0.46152812,0.0,0.8980174,0.0,0.66804045,0.8098405,0.50305855,-0.14180003,13.3,21.349129,17.222221,17.222221,2.0
resstock-amy2018-2021-release-1-66303,1.1397108,0.034177564,0.0,0.0,0.22472699,0.0,0.0,0.0,0.0,0.0,0.0,0.0,0.0,0.0,0.0,0.0,0.0,0.0,10.800000190734863,0.0,-0.0,0.0,0.0,-0.0,0.0,-0.0,0.004057115,0.004057115,-0.0,1.0,1.624444,0.034177564,0.0,0.55436623,0.7067787,0.23331302,0.33221152,0.0,0.0,0.0,0.3301076,0.1383698,0.47003612,0.0,0.7067787,0.0,0.705005,0.7773195,0.55436623,-0.07231448,13.9,21.784122,17.222221,17.222221,2.0
resstock-amy2018-2021-release-1-66303,0.9325535,0.11593957,0.0,0.0,0.5011936,0.0,0.0,0.0,0.0,0.0,0.0,0.0,0.0,0.0,0.0,0.0,0.0,0.0,10.800000190734863,0.0,-0.0,0.0,0.0,-0.0,0.0,-0.0,0.004057115,0.004057115,-0.0,1.0,1.624444,0.11593957,0.0,0.64418656,1.1430304,0.42307648,0.5680646,0.0,0.0,0.0,0.3701358,0.1383698,0.49698117,0.0,1.1430304,0.0,1.1411649,1.1435146,0.64418656,-0.0023497844,12.2,21.226257,17.222221,17.222221,2.0
resstock-amy2018-2021-release-1-66303,0.63750106,0.21524242,1.2696722,0.0,0.40654898,1.3597343,0.0,0.0,0.0,0.0,0.0,0.0,0.0,0.0,0.0,0.0,0.0,0.0,10.800000190734863,0.0,-0.0,0.0,0.0,-0.0,0.0,-0.0,0.004057115,0.004057115,-0.0,1.0,1.624444,0.21524242,0.0,1.4933444,3.2596278,1.0842597,1.6963047,0.0,0.0,0.0,0.332633,0.1383698,0.52039826,0.0,3.2596278,0.0,3.2577353,3.2577353,1.4933444,-0.0,11.7,20.952322,17.777779,17.777779,2.0
resstock-amy2018-2021-release-1-66303,0.0,0.077460736,0.0,0.0,0.07671124,0.0,0.0,0.0,0.0,0.0,0.0,0.0,0.0,0.0,0.0,0.0,0.0,0.0,10.800000190734863,0.0,-0.0,0.0,0.0,-0.0,0.0,-0.0,0.004057115,0.004057115,-0.0,1.0,1.624444,0.077460736,0.0,0.35538593,0.43209717,0.14143664,0.22421189,0.0,0.0,0.0,0.327326,0.1383698,0.5188923,0.0,0.43209717,0.0,0.43014526,0.43014526,0.35538593,-0.0,10.6,20.444298,18.800926,18.800926,2.0
resstock-amy2018-2021-release-1-66303,0.0,0.068012215,0.37013164,0.0,3.6605767e-09,0.39638636,0.0,0.0,0.0,0.0,0.0,0.0,0.0,0.0,0.0,0.0,0.0,0.0,10.800000190734863,0.0,-0.0,0.0,0.0,-0.0,0.0,-0.0,0.0,0.0,0.06801221,0.953816,1.624444,7.450581e-09,0.0,0.36042893,0.7568153,0.2382152,0.38760847,0.0,0.0,0.0,0.31476,0.1383698,0.51215726,0.0,0.7568153,0.0,0.7902307,0.7902307,0.36042893,-0.0,9.833333,20.173973,18.88889,18.88889,2.0
resstock-amy2018-2021-release-1-66303,0.0,0.016427364,0.0,0.0,0.19858944,0.0,0.0,0.0,0.0,0.0,0.0,0.0,0.0,0.0,0.0,0.0,0.0,0.0,10.800000190734863,0.0,-0.0,0.0,0.0,-0.0,0.0,-0.0,0.08234865,0.08234865,-0.0,1.0,1.624444,0.016427364,0.0,0.6290092,0.82759863,0.2563351,0.40986615,0.0,0.0,0.0,0.3097336,0.1383698,0.4952475,0.0,0.82759863,0.0,0.7862991,0.7862991,0.6290092,-0.0,9.066667,19.924835,18.88889,18.88889,2.0
resstock-amy2018-2021-release-1-66303,0.0,0.043488227,0.0,0.0,0.32738277,0.0,0.0,0.0,0.0,0.0,0.0,0.0,0.0,0.0,0.0,0.0,0.0,0.0,10.800000190734863,0.0,-0.0,0.0,0.0,-0.0,0.0,-0.0,0.004057115,0.004057115,-0.0,1.0,1.624444,0.043488227,0.0,0.56559175,0.8929745,0.27235723,0.42831174,0.0,0.0,0.0,0.305,0.1383698,0.4796461,0.0,0.8929745,0.0,0.89089835,0.89089835,0.56559175,-0.0,8.3,19.570694,18.88889,18.88889,2.0
resstock-amy2018-2021-release-1-66303,0.0,0.07336155,0.0,0.0,2.5508328e-08,0.0,0.0,0.0,0.0,0.0,0.0,0.0,0.0,0.0,0.0,0.0,0.0,0.0,10.800000190734863,0.0,-0.0,0.0,0.0,-0.0,0.0,-0.0,0.0,0.0,0.0733615,0.9503713,1.624444,5.2154064e-08,0.0,0.3323414,0.33234143,0.099336855,0.15609135,0.0,0.0,0.0,0.2989,0.1383698,0.46967167,0.0,0.33234143,0.0,0.36822224,0.36822224,0.3323414,-0.0,10.0,19.194672,17.777779,17.777779,2.0
resstock-amy2018-2021-release-1-66303,0.0,0.3813772,0.0,0.0,0.0,0.0,0.0,0.0,0.0,0.0,0.0,0.0,0.0,0.0,0.0,0.0,0.0,0.0,10.800000190734863,0.0,-0.0,0.0,0.0,-0.0,0.0,-0.0,0.0,0.0,0.38137722,0.7025147,1.624444,0.0,0.0,0.30831632,0.30831632,0.09209557,0.15129042,0.0,0.0,0.0,0.2987048,0.1383698,0.4906987,0.0,0.30831632,0.0,0.49484628,0.49484628,0.30831632,-0.0,10.0,18.937973,17.222221,17.222221,2.0
resstock-amy2018-2021-release-1-66303,0.0,0.36934543,0.0,0.0,0.0,0.0,0.0,0.0,0.0,0.0,0.0,0.0,0.0,0.0,0.0,0.0,0.0,0.0,10.800000190734863,0.0,-0.0,0.0,0.0,-0.0,0.0,-0.0,0.0,0.0,0.36934543,0.46299767,1.624444,0.0,0.0,0.2866847,0.2866847,0.084661774,0.11967199,0.0,0.0,0.0,0.2953132,0.1383698,0.4174342,0.0,0.2866847,0.0,0.4756882,0.4756882,0.2866847,-0.0,8.3,18.490553,17.222221,17.222221,2.0
resstock-amy2018-2021-release-1-66303,0.0,0.5710706,0.0,0.0,0.0,0.0,0.0,0.0,0.0,0.0,0.0,0.0,0.0,0.0,0.0,0.0,0.0,0.0,10.800000190734863,0.0,-0.0,0.0,0.0,-0.0,0.0,-0.0,0.0,0.0,0.5710706,0.09415173,1.624444,0.0,0.0,0.28195497,0.28195497,0.08321687,0.11815021,0.0,0.0,0.0,0.2951424,0.1383698,0.41903928,0.0,0.28195497,0.0,0.56126314,0.56126314,0.28195497,-0.0,10.0,18.338934,17.222221,17.222221,2.0
resstock-amy2018-2021-release-1-66303,0.0,0.53599346,0.0,0.0,0.20223756,0.0,0.0,0.0,0.0,0.0,0.0,0.0,0.0,0.0,0.0,0.0,0.0,0.0,10.800000190734863,0.0,-0.0,0.0,0.0,-0.0,0.0,-0.0,0.0,0.0,0.14586076,0.0,1.624444,0.3901327,0.0,0.27688333,0.4791209,0.13399708,0.20522247,0.0,0.0,0.0,0.2796728,0.1383698,0.4283313,0.0,0.4791209,0.0,0.55473244,0.55473244,0.27688333,-0.0,7.8,18.056366,17.222221,17.222221,2.0
resstock-amy2018-2021-release-1-66303,0.0,0.55849457,1.3996576,0.0,0.30487788,1.4989401,0.0,0.0,0.0,0.0,0.0,0.0,0.0,0.0,0.0,0.0,0.0,0.0,10.800000190734863,0.0,-0.0,0.0,0.0,-0.0,0.0,-0.0,0.0,0.0,-0.0,0.0,1.624444,0.55849457,0.0,0.2757973,2.0796154,0.59876287,0.95082,0.0,0.0,0.0,0.28792,0.1383698,0.45720956,0.0,2.0796154,0.0,2.0796154,2.0796154,0.2757973,-0.0,5.733333,18.007223,17.222221,17.222221,2.0
resstock-amy2018-2021-release-1-66303,0.0,0.78472614,0.0,0.0,0.4344695,0.0,0.0,0.0,0.0,0.0,0.0,0.0,0.0,0.0,0.0,0.0,0.0,0.0,10.800000190734863,0.0,-0.0,0.0,0.0,-0.0,0.0,-0.0,0.0,0.0,-0.0,0.0,1.624444,0.78472614,0.0,0.3407459,0.7752154,0.23217532,0.3778501,0.0,0.0,0.0,0.2994978,0.1383698,0.48741305,0.0,0.7752154,0.0,0.7752154,0.7752154,0.3407459,-0.0,5.15,18.068684,17.222221,17.222221,2.0
resstock-amy2018-2021-release-1-66303,0.0,0.1813789,0.0,0.0,0.088711634,0.0,0.0,0.0,0.0,0.0,0.0,0.0,0.0,0.0,0.0,0.0,0.0,0.0,10.800000190734863,0.0,-0.0,0.0,0.0,-0.0,0.0,-0.0,0.0,0.0,-0.0,0.0,1.624444,0.1813789,0.0,0.4294283,0.51813996,0.16277999,0.2649786,0.0,0.0,0.0,0.3141622,0.1383698,0.5114035,0.0,0.51813996,0.0,0.51813996,0.51813996,0.4294283,-0.0,10.0,18.145935,17.222221,17.222221,2.0
resstock-amy2018-2021-release-1-66303,0.0,0.36695755,0.0,0.0,0.17947735,0.0,0.0,0.0,0.0,0.0,0.0,0.0,0.0,0.0,0.0,0.0,0.0,0.0,10.800000190734863,0.0,-0.0,0.0,0.0,-0.0,0.0,-0.0,0.0,0.0,-0.0,0.0,1.624444,0.36695755,0.0,0.48635286,0.6658302,0.2450423,0.35543567,0.0,0.0,0.0,0.3680252,0.1383698,0.5338233,0.0,0.6658302,0.0,0.6658302,0.6658302,0.48635286,-0.0,10.0,18.254223,17.222221,17.222221,2.0
resstock-amy2018-2021-release-1-66303,1.1398958,0.0677062,3.2355535,0.0,0.032123394,3.4650624,0.0,0.0,0.0,0.0,0.0,0.0,0.0,0.0,0.0,0.0,0.0,0.0,10.800000190734863,0.0,-0.0,0.0,0.0,-0.0,0.0,-0.0,0.0,0.0,-0.0,0.0,1.624444,0.0677062,0.0,0.4937848,3.9807677,1.7847773,2.1277573,0.0,0.0,0.0,0.44835,0.1383698,0.5345093,0.0,3.9807677,0.0,3.9807677,3.9909704,0.4937848,-0.01020271,11.1,18.478933,17.222221,17.222221,2.0
resstock-amy2018-2021-release-1-66303,0.0,0.37775433,0.0,0.0,0.17067805,0.0,0.0,0.0,0.0,0.0,0.0,0.0,0.0,0.0,0.0,0.0,0.0,0.0,10.800000190734863,0.0,-0.0,0.0,0.0,-0.0,0.0,-0.0,0.0,0.0,-0.0,0.0,1.624444,0.37775433,0.0,0.492051,0.6401098,0.25541225,0.3586525,0.0,0.0,0.0,0.3990132,0.1383698,0.56029844,0.0,0.6401098,0.0,0.6401098,0.662729,0.492051,-0.022619277,12.8,18.711533,17.222221,17.222221,2.0
resstock-amy2018-2021-release-1-66303,0.77289045,0.5977347,3.2333596,0.0,0.27007023,3.4627128,0.0,0.0,0.0,0.0,0.0,0.0,0.0,0.0,0.0,0.0,0.0,0.0,10.800000190734863,0.0,-0.0,0.0,0.0,-0.0,0.0,-0.0,0.0,0.0,-0.0,0.0,1.624444,0.5977347,0.0,0.29257274,3.967149,1.3490798,2.2517126,0.0,0.0,0.0,0.3400628,0.1383698,0.5675896,0.0,3.967149,0.0,3.967149,4.025356,0.29257274,-0.058206737,12.8,19.153969,17.222221,17.222221,2.0
resstock-amy2018-2021-release-1-66303,0.35951808,0.58106047,0.0,0.0,0.25866896,0.0,0.0,0.0,0.0,0.0,0.0,0.0,0.0,0.0,0.0,0.0,0.0,0.0,10.800000190734863,0.0,-0.0,0.0,0.0,-0.0,0.0,-0.0,0.0,0.0,-0.0,0.0,1.624444,0.58106047,0.0,0.30791634,0.46124065,0.15227747,0.25746745,0.0,0.0,0.0,0.33014753,0.1383698,0.5582063,0.0,0.46124065,0.0,0.46124065,0.5665853,0.30791634,-0.105344646,13.3,20.100992,17.222221,17.222221,2.0
resstock-amy2018-2021-release-1-66303,0.71570176,0.24654597,0.0,0.0,0.10778498,0.0,0.0,0.0,0.0,0.0,0.0,0.0,0.0,0.0,0.0,0.0,0.0,0.0,10.800000190734863,0.0,-0.0,0.0,0.0,-0.0,0.0,-0.0,0.0,0.0,-0.0,0.0,1.624444,0.24654597,0.0,0.29362714,0.25496882,0.08009846,0.14175808,0.0,0.0,0.0,0.31415,0.1383698,0.55598205,0.0,0.25496882,0.0,0.25496882,0.40141213,0.29362714,-0.1464433,13.9,21.151669,17.222221,17.222221,2.0
resstock-amy2018-2021-release-1-66303,0.82350445,0.20322661,0.0,0.0,0.08289496,0.0,0.0,0.0,0.0,0.0,0.0,0.0,0.0,0.0,0.0,0.0,0.0,0.0,10.800000190734863,0.0,-0.0,0.0,0.0,-0.0,0.0,-0.0,0.0,0.0,-0.0,0.0,1.624444,0.20322661,0.0,0.29499483,0.2145524,0.06740164,0.1183202,0.0,0.0,0.0,0.31415,0.1383698,0.5514746,0.0,0.2145524,0.0,0.2145524,0.37788978,0.29499483,-0.16333738,16.1,22.614672,17.777779,17.777779,2.0
resstock-amy2018-2021-release-1-66303,1.3274117,0.14322312,0.0,0.0,0.06474962,0.0,0.0,0.0,0.0,0.0,0.0,0.0,0.0,0.0,0.0,0.0,0.0,0.0,10.800000190734863,0.0,-0.0,0.0,0.0,-0.0,0.0,-0.0,0.0,0.0,-0.0,0.0,1.624444,0.14322312,0.0,0.516602,0.4166668,0.13253778,0.22345762,0.0,0.0,0.0,0.3180906,0.1383698,0.5362981,0.0,0.4166668,0.0,0.4166668,0.5813516,0.516602,-0.16468479,12.78,23.049799,17.777779,17.777779,2.0
resstock-amy2018-2021-release-1-66303,1.7083832,0.12711808,0.0,0.0,0.25317025,0.0,0.0,0.0,0.0,0.0,0.0,0.0,0.0,0.0,0.0,0.0,0.0,0.0,10.800000190734863,0.0,-0.0,0.0,0.0,-0.0,0.0,-0.0,0.47204882,0.47204882,-0.0,0.27779585,1.624444,0.12711808,0.0,0.50305855,0.60677314,0.19862743,0.32548445,0.0,0.0,0.0,0.3273504,0.1383698,0.5364187,0.0,0.60677314,0.0,0.40731502,0.5567707,0.50305855,-0.14945565,15.0,24.038847,17.777779,17.777779,2.0
resstock-amy2018-2021-release-1-66303,1.9596349,0.087985426,0.0,0.0,0.27827203,0.0,0.0,0.0,0.0,0.0,0.0,0.0,0.0,0.0,0.0,0.0,0.0,0.0,10.800000190734863,0.0,-0.0,0.0,0.0,-0.0,0.0,-0.0,0.5485304,0.5485304,-0.0,0.599937,1.624444,0.087985426,0.0,0.55436623,0.7412423,0.25546914,0.40163964,0.0,0.0,0.0,0.34465,0.1383698,0.54184663,0.0,0.7412423,0.0,0.50143576,0.59283173,0.55436623,-0.09139596,13.9,24.15946,17.347221,17.347221,2.0
resstock-amy2018-2021-release-1-66303,1.2442269,0.27737215,0.0,0.0,0.49732375,0.0,0.0,0.0,0.0,0.0,0.0,0.0,0.0,0.0,0.0,0.0,0.0,0.0,10.800000190734863,0.0,-0.0,0.0,0.0,-0.0,0.0,-0.0,0.68224716,0.68224716,-0.0,1.0,1.624444,0.27737215,0.0,0.64418656,1.1371061,0.41777617,0.6503387,0.0,0.0,0.0,0.367403,0.1383698,0.5719244,0.0,1.1371061,0.0,0.82340205,0.8278062,0.64418656,-0.004404129,12.2,23.504818,17.777779,17.777779,2.0
resstock-amy2018-2021-release-1-66303,0.79890424,0.050902203,1.4855334,0.0,0.0,1.5909073,0.0,0.0,0.0,0.0,0.0,0.0,0.0,0.0,0.0,0.0,0.0,0.0,10.800000190734863,0.0,-0.0,0.0,0.0,-0.0,0.0,-0.0,0.0,0.0,0.050902203,0.964834,1.624444,0.0,0.0,0.83185434,2.4227617,0.82740843,1.4671295,0.0,0.0,0.0,0.3415146,0.1383698,0.6055608,0.0,2.4227617,0.0,2.4469123,2.4469123,0.83185434,-0.0,11.1,22.715134,17.777779,17.777779,2.0
resstock-amy2018-2021-release-1-66303,0.3767154,0.1457827,0.0,0.0,0.27852532,0.0,0.0,0.0,0.0,0.0,0.0,0.0,0.0,0.0,0.0,0.0,0.0,0.0,10.800000190734863,0.0,-0.0,0.0,0.0,-0.0,0.0,-0.0,0.06367083,0.06367083,-0.0,1.0,1.624444,0.1457827,0.0,0.7418535,1.0203788,0.33922493,0.6291749,0.0,0.0,0.0,0.33245,0.1383698,0.6166091,0.0,1.0203788,0.0,0.9892377,0.9892377,0.7418535,-0.0,10.0,21.9997,17.777779,17.777779,2.0
resstock-amy2018-2021-release-1-66303,1.724339,0.02568965,6.5834346,0.0,0.47721344,7.05042,0.0,0.0,0.0,0.0,0.0,0.0,0.0,0.0,0.0,0.0,0.0,0.0,10.800000190734863,0.0,-0.0,0.0,0.0,-0.0,0.0,-0.0,0.004057115,0.004057115,-0.0,1.0,1.624444,0.02568965,0.0,1.0329528,8.560586,2.7230418,5.3215294,0.0,0.0,0.0,0.3180906,0.1383698,0.62163144,0.0,8.560586,0.0,8.558601,8.558601,1.0329528,-0.0,10.0,21.541847,17.777779,17.777779,2.0
resstock-amy2018-2021-release-1-66303,0.0,0.039823577,0.0,0.0,0.36461645,0.0,0.0,0.0,0.0,0.0,0.0,0.0,0.0,0.0,0.0,0.0,0.0,0.0,10.800000190734863,0.0,-0.0,0.0,0.0,-0.0,0.0,-0.0,0.004057115,0.004057115,-0.0,1.0,1.624444,0.039823577,0.0,0.6290092,0.99362564,0.3060864,0.6158094,0.0,0.0,0.0,0.30805,0.1383698,0.61976,0.0,0.99362564,0.0,0.9916089,0.9916089,0.6290092,-0.0,9.4,20.982464,17.777779,17.777779,2.0
resstock-amy2018-2021-release-1-66303,0.0,0.03498585,0.0,0.0,0.28992677,0.0,0.0,0.0,0.0,0.0,0.0,0.0,0.0,0.0,0.0,0.0,0.0,0.0,10.800000190734863,0.0,-0.0,0.0,0.0,-0.0,0.0,-0.0,0.004057115,0.004057115,-0.0,1.0,1.624444,0.03498585,0.0,0.56559175,0.8555185,0.25832382,0.5232096,0.0,0.0,0.0,0.30195,0.1383698,0.6115701,0.0,0.8555185,0.0,0.8535018,0.8535018,0.56559175,-0.0,9.4,20.419481,17.777779,17.777779,2.0
resstock-amy2018-2021-release-1-66303,0.0,0.25159657,0.0,0.0,0.0,0.0,0.0,0.0,0.0,0.0,0.0,0.0,0.0,0.0,0.0,0.0,0.0,0.0,10.800000190734863,0.0,-0.0,0.0,0.0,-0.0,0.0,-0.0,0.0,0.0,0.2515966,0.835597,1.624444,0.0,0.0,0.4363907,0.4363907,0.13004853,0.25891778,0.0,0.0,0.0,0.2980094,0.1383698,0.59331644,0.0,0.4363907,0.0,0.5629622,0.5629622,0.4363907,-0.0,8.95,19.912064,17.777779,17.777779,2.0
resstock-amy2018-2021-release-1-66303,0.0,0.37794542,0.0,0.0,0.0,0.0,0.0,0.0,0.0,0.0,0.0,0.0,0.0,0.0,0.0,0.0,0.0,0.0,10.800000190734863,0.0,-0.0,0.0,0.0,-0.0,0.0,-0.0,0.0,0.0,0.37794542,0.59022427,1.624444,0.0,0.0,0.30831632,0.30831632,0.08662641,0.17625411,0.0,0.0,0.0,0.280966,0.1383698,0.5716665,0.0,0.30831632,0.0,0.498702,0.498702,0.30831632,-0.0,8.9,19.37257,17.222221,17.222221,2.0
resstock-amy2018-2021-release-1-66303,0.0,0.078716345,0.0,0.0,7.50629e-09,0.0,0.0,0.0,0.0,0.0,0.0,0.0,0.0,0.0,0.0,0.0,0.0,0.0,10.800000190734863,0.0,-0.0,0.0,0.0,-0.0,0.0,-0.0,0.0,0.0,0.07871633,0.5381257,1.624444,1.4901161e-08,0.0,0.2866847,0.2866847,0.077051096,0.1614297,0.0,0.0,0.0,0.268766,0.1383698,0.56309146,0.0,0.2866847,0.0,0.32633716,0.32633716,0.2866847,-0.0,8.9,18.64645,17.222221,17.222221,2.0
resstock-amy2018-2021-release-1-66303,0.0,0.66245127,0.0,0.0,0.0,0.0,0.0,0.0,0.0,0.0,0.0,0.0,0.0,0.0,0.0,0.0,0.0,0.0,10.800000190734863,0.0,-0.0,0.0,0.0,-0.0,0.0,-0.0,0.0,0.0,0.66245127,0.110255845,1.624444,0.0,0.0,0.28195497,0.28195497,0.07344081,0.1585265,0.0,0.0,0.0,0.26047,0.1383698,0.5622405,0.0,0.28195497,0.0,0.6156572,0.6156572,0.28195497,-0.0,8.9,18.537748,17.222221,17.222221,2.0
resstock-amy2018-2021-release-1-66303,0.0,0.31357023,0.0,0.0,0.073054366,0.0,0.0,0.0,0.0,0.0,0.0,0.0,0.0,0.0,0.0,0.0,0.0,0.0,10.800000190734863,0.0,-0.0,0.0,0.0,-0.0,0.0,-0.0,0.0,0.0,0.1708094,0.0,1.624444,0.14276083,0.0,0.27688333,0.3499377,0.090926275,0.1980688,0.0,0.0,0.0,0.2598356,0.1383698,0.5660116,0.0,0.3499377,0.0,0.43734527,0.43734527,0.27688333,-0.0,8.3,17.941883,17.222221,17.222221,2.0
resstock-amy2018-2021-release-1-66303,0.0,0.28706294,0.0,0.0,0.1488081,0.0,0.0,0.0,0.0,0.0,0.0,0.0,0.0,0.0,0.0,0.0,0.0,0.0,10.800000190734863,0.0,-0.0,0.0,0.0,-0.0,0.0,-0.0,0.0,0.0,-0.0,0.0,1.624444,0.28706294,0.0,0.2757973,0.42460543,0.11275193,0.23916599,0.0,0.0,0.0,0.2655452,0.1383698,0.56326646,0.0,0.42460543,0.0,0.42460543,0.42460543,0.2757973,-0.0,7.8,17.624247,17.222221,17.222221,2.0
resstock-amy2018-2021-release-1-66303,0.0,0.8444669,0.0,0.0,0.44450077,0.0,0.0,0.0,0.0,0.0,0.0,0.0,0.0,0.0,0.0,0.0,0.0,0.0,10.800000190734863,0.0,-0.0,0.0,0.0,-0.0,0.0,-0.0,0.0,0.0,-0.0,0.0,1.624444,0.8444669,0.0,0.27869084,0.7231916,0.19631037,0.40682957,0.0,0.0,0.0,0.27145,0.1383698,0.5625474,0.0,0.7231916,0.0,0.7231916,0.7231916,0.27869084,-0.0,7.2,17.712238,17.222221,17.222221,2.0
resstock-amy2018-2021-release-1-66303,0.0,0.6790968,0.0,0.0,0.3520312,0.0,0.0,0.0,0.0,0.0,0.0,0.0,0.0,0.0,0.0,0.0,0.0,0.0,10.800000190734863,0.0,-0.0,0.0,0.0,-0.0,0.0,-0.0,0.0,0.0,-0.0,0.0,1.624444,0.6790968,0.0,0.29054374,0.6425749,0.18846735,0.35648078,0.0,0.0,0.0,0.2933002,0.1383698,0.5547692,0.0,0.6425749,0.0,0.6425749,0.6425749,0.29054374,-0.0,7.8,17.79079,17.222221,17.222221,2.0
resstock-amy2018-2021-release-1-66303,0.0,0.08587487,0.0,0.0,0.044858884,0.0,0.0,0.0,0.0,0.0,0.0,0.0,0.0,0.0,0.0,0.0,0.0,0.0,10.800000190734863,0.0,-0.0,0.0,0.0,-0.0,0.0,-0.0,0.0,0.0,-0.0,0.0,1.624444,0.08587487,0.0,0.30043697,0.34529585,0.105854444,0.18744405,0.0,0.0,0.0,0.3065616,0.1383698,0.54285055,0.0,0.34529585,0.0,0.34529585,0.34529585,0.30043697,-0.0,7.5,17.897078,17.222221,17.222221,2.0
resstock-amy2018-2021-release-1-66303,0.0,0.61742425,0.0,0.0,0.30197954,0.0,0.0,0.0,0.0,0.0,0.0,0.0,0.0,0.0,0.0,0.0,0.0,0.0,10.800000190734863,0.0,-0.0,0.0,0.0,-0.0,0.0,-0.0,0.0,0.0,-0.0,0.0,1.624444,0.61742425,0.0,0.29698613,0.5979134,0.1843331,0.3247091,0.0,0.0,0.0,0.308294,0.1383698,0.54307044,0.0,0.5979134,0.0,0.5979134,0.59896564,0.29698613,-0.0010522323,10.0,18.14261,17.222221,17.222221,2.0
resstock-amy2018-2021-release-1-66303,0.0,0.2706307,0.0,0.0,0.12623996,0.0,0.0,0.0,0.0,0.0,0.0,0.0,0.0,0.0,0.0,0.0,0.0,0.0,10.800000190734863,0.0,-0.0,0.0,0.0,-0.0,0.0,-0.0,0.0,0.0,-0.0,0.0,1.624444,0.2706307,0.0,0.492051,0.6037086,0.18586196,0.33557984,0.0,0.0,0.0,0.307867,0.1383698,0.5558639,0.0,0.6037086,0.0,0.6037086,0.61829096,0.492051,-0.014582347,11.7,18.376484,17.222221,17.222221,2.0
resstock-amy2018-2021-release-1-66303,0.52745724,0.08298043,1.6460651,0.0,0.038707532,1.7628261,0.0,0.0,0.0,0.0,0.0,0.0,0.0,0.0,0.0,0.0,0.0,0.0,10.800000190734863,0.0,-0.0,0.0,0.0,-0.0,0.0,-0.0,0.0,0.0,-0.0,0.0,1.624444,0.08298043,0.0,0.48839432,2.2315283,0.6545077,1.2055396,0.0,0.0,0.0,0.2933002,0.1383698,0.54023045,0.0,2.2315283,0.0,2.2315283,2.289928,0.48839432,-0.058399744,11.7,18.559435,17.222221,17.222221,2.0
resstock-amy2018-2021-release-1-66303,0.14212358,0.13695246,0.0,0.0,0.064977475,0.0,0.0,0.0,0.0,0.0,0.0,0.0,0.0,0.0,0.0,0.0,0.0,0.0,10.800000190734863,0.0,-0.0,0.0,0.0,-0.0,0.0,-0.0,0.0,0.0,-0.0,0.0,1.624444,0.13695246,0.0,0.69582623,0.68261474,0.1885488,0.351732,0.0,0.0,0.0,0.27621555,0.1383698,0.5152716,0.0,0.68261474,0.0,0.68261474,0.7608037,0.69582623,-0.07818894,11.1,18.846983,17.222221,17.222221,2.0
resstock-amy2018-2021-release-1-66303,0.08433332,0.18417116,0.0,0.0,0.08738052,0.0,0.0,0.0,0.0,0.0,0.0,0.0,0.0,0.0,0.0,0.0,0.0,0.0,10.800000190734863,0.0,-0.0,0.0,0.0,-0.0,0.0,-0.0,0.0,0.0,-0.0,0.0,1.624444,0.18417116,0.0,0.29362714,0.3016157,0.073009156,0.15041141,0.0,0.0,0.0,0.2420602,0.1383698,0.49868566,0.0,0.3016157,0.0,0.3016157,0.38100767,0.29362714,-0.079391986,11.1,18.874914,17.222221,17.222221,2.0
resstock-amy2018-2021-release-1-66303,0.0,0.3943242,0.37060532,0.0,0.18393876,0.39689362,0.0,0.0,0.0,0.0,0.0,0.0,0.0,0.0,0.0,0.0,0.0,0.0,10.800000190734863,0.0,-0.0,0.0,0.0,-0.0,0.0,-0.0,0.0,0.0,-0.0,0.0,1.624444,0.3943242,0.0,0.29499483,0.7655832,0.17876008,0.3759607,0.0,0.0,0.0,0.2334953,0.1383698,0.4910775,0.0,0.7655832,0.0,0.7655832,0.8758272,0.29499483,-0.11024396,11.7,19.441105,17.222221,17.222221,2.0
resstock-amy2018-2021-release-1-66303,0.4095107,0.2104354,0.0,0.0,0.098160915,0.0,0.0,0.0,0.0,0.0,0.0,0.0,0.0,0.0,0.0,0.0,0.0,0.0,10.800000190734863,0.0,-0.0,0.0,0.0,-0.0,0.0,-0.0,0.0,0.0,-0.0,0.0,1.624444,0.2104354,0.0,0.516602,0.53789544,0.13672756,0.26055583,0.0,0.0,0.0,0.25418985,0.1383698,0.48439866,0.0,0.53789544,0.0,0.53789544,0.6147629,0.516602,-0.076867454,11.7,19.837635,17.222221,17.222221,2.0
resstock-amy2018-2021-release-1-66303,0.9664076,0.07745685,1.5665238,0.0,0.035615426,1.6776427,0.0,0.0,0.0,0.0,0.0,0.0,0.0,0.0,0.0,0.0,0.0,0.0,10.800000190734863,0.0,-0.0,0.0,0.0,-0.0,0.0,-0.0,0.0,0.0,-0.0,0.0,1.624444,0.07745685,0.0,0.2963023,1.9474686,0.5642791,0.92073697,0.0,0.0,0.0,0.28975,0.1383698,0.47278655,0.0,1.9474686,0.0,1.9474686,2.0095603,0.2963023,-0.062091757,12.2,19.804485,17.222221,17.222221,2.0
resstock-amy2018-2021-release-1-66303,0.45458913,0.09482191,0.0,0.0,0.043600053,0.0,0.0,0.0,0.0,0.0,0.0,0.0,0.0,0.0,0.0,0.0,0.0,0.0,10.800000190734863,0.0,-0.0,0.0,0.0,-0.0,0.0,-0.0,0.0,0.0,-0.0,0.0,1.624444,0.09482191,0.0,0.55436623,0.57007056,0.17225105,0.26706195,0.0,0.0,0.0,0.3021574,0.1383698,0.46847174,0.0,0.57007056,0.0,0.57007056,0.5979663,0.55436623,-0.027895767,12.2,20.025532,17.222221,17.222221,2.0
resstock-amy2018-2021-release-1-66303,0.32657483,0.092619404,0.0,0.0,0.119022384,0.0,0.0,0.0,0.0,0.0,0.0,0.0,0.0,0.0,0.0,0.0,0.0,0.0,10.800000190734863,0.0,-0.0,0.0,0.0,-0.0,0.0,-0.0,0.15824303,0.15824303,-0.0,0.09312439,1.624444,0.092619404,0.0,0.64418656,0.7629708,0.23755568,0.37023532,0.0,0.0,0.0,0.3113562,0.1383698,0.48525488,0.0,0.7629708,0.0,0.68789196,0.6881301,0.64418656,-0.00023812104,11.1,19.80062,17.222221,17.222221,2.0
resstock-amy2018-2021-release-1-66303,0.25418037,0.01766906,0.37060657,0.0,0.0,0.39689496,0.0,0.0,0.0,0.0,0.0,0.0,0.0,0.0,0.0,0.0,0.0,0.0,10.800000190734863,0.0,-0.0,0.0,0.0,-0.0,0.0,-0.0,0.0,0.0,0.017669065,0.08152406,1.624444,0.0,0.0,0.72345006,1.120345,0.34539562,0.58289653,0.0,0.0,0.0,0.308294,0.1383698,0.52028304,0.0,1.120345,0.0,1.1287282,1.1287282,0.72345006,-0.0,11.1,19.74871,17.222221,17.222221,2.0
resstock-amy2018-2021-release-1-66303,0.28448623,0.0035834084,0.0,0.0,0.0,0.0,0.0,0.0,0.0,0.0,0.0,0.0,0.0,0.0,0.0,0.0,0.0,0.0,10.800000190734863,0.0,-0.0,0.0,0.0,-0.0,0.0,-0.0,0.0,0.0,0.0035834112,0.07902188,1.624444,0.0,0.0,1.128321,1.128321,0.35446206,0.60203713,0.0,0.0,0.0,0.31415,0.1383698,0.533569,0.0,1.128321,0.0,1.130045,1.130045,1.128321,-0.0,10.6,19.664118,17.222221,17.222221,2.0
resstock-amy2018-2021-release-1-66303,0.01840044,0.064456284,0.0,0.0,0.03630367,0.0,0.0,0.0,0.0,0.0,0.0,0.0,0.0,0.0,0.0,0.0,0.0,0.0,10.800000190734863,0.0,-0.0,0.0,0.0,-0.0,0.0,-0.0,0.012060643,0.012060643,-0.0,0.08593077,1.624444,0.064456284,0.0,0.69669086,0.73299456,0.22588839,0.39416292,0.0,0.0,0.0,0.308172,0.1383698,0.53774333,0.0,0.73299456,0.0,0.72727233,0.72727233,0.69669086,-0.0,11.1,19.605497,17.435184,17.435184,2.0
resstock-amy2018-2021-release-1-66303,0.03122481,0.034196436,1.8530383,0.0,0.0,1.9844806,0.0,0.0,0.0,0.0,0.0,0.0,0.0,0.0,0.0,0.0,0.0,0.0,10.800000190734863,0.0,-0.0,0.0,0.0,-0.0,0.0,-0.0,0.0,0.0,0.034196436,0.06370483,1.624444,0.0,0.0,0.894598,2.8790786,0.8822988,1.5457891,0.0,0.0,0.0,0.3064518,0.1383698,0.5369041,0.0,2.8790786,0.0,2.89503,2.89503,0.894598,-0.0,11.7,19.385279,17.777779,17.777779,2.0
resstock-amy2018-2021-release-1-66303,0.0,0.09302911,0.0,0.0,0.0,0.0,0.0,0.0,0.0,0.0,0.0,0.0,0.0,0.0,0.0,0.0,0.0,0.0,10.800000190734863,0.0,-0.0,0.0,0.0,-0.0,0.0,-0.0,0.0,0.0,0.09302911,0.0036467044,1.624444,0.0,0.0,0.78344345,0.78344345,0.23224053,0.41790304,0.0,0.0,0.0,0.2964356,0.1383698,0.53341824,0.0,0.78344345,0.0,0.82758135,0.82758135,0.78344345,-0.0,11.1,19.09304,17.222221,17.222221,2.0
resstock-amy2018-2021-release-1-66303,0.0,0.043695517,0.0,0.0,0.018304262,0.0,0.0,0.0,0.0,0.0,0.0,0.0,0.0,0.0,0.0,0.0,0.0,0.0,10.800000190734863,0.0,-0.0,0.0,0.0,-0.0,0.0,-0.0,0.0,0.0,0.00564951,0.0,1.624444,0.038046006,0.0,0.3323414,0.35064566,0.10284445,0.19048394,0.0,0.0,0.0,0.2933002,0.1383698,0.5432377,0.0,0.35064566,0.0,0.3533637,0.3533637,0.3323414,-0.0,10.6,18.685518,17.222221,17.222221,2.0
resstock-amy2018-2021-release-1-66303,0.0,0.028651383,0.0,0.0,0.014013267,0.0,0.0,0.0,0.0,0.0,0.0,0.0,0.0,0.0,0.0,0.0,0.0,0.0,10.800000190734863,0.0,-0.0,0.0,0.0,-0.0,0.0,-0.0,0.0,0.0,-0.0,0.0,1.624444,0.028651383,0.0,0.30831632,0.32232958,0.089698516,0.17368613,0.0,0.0,0.0,0.278282,0.1383698,0.5388464,0.0,0.32232958,0.0,0.32232958,0.32232958,0.30831632,-0.0,10.0,18.243486,17.222221,17.222221,2.0
resstock-amy2018-2021-release-1-66303,0.0,0.10496585,0.0,0.0,0.05212082,0.0,0.0,0.0,0.0,0.0,0.0,0.0,0.0,0.0,0.0,0.0,0.0,0.0,10.800000190734863,0.0,-0.0,0.0,0.0,-0.0,0.0,-0.0,0.0,0.0,-0.0,0.0,1.624444,0.10496585,0.0,0.2866847,0.3388055,0.09043939,0.19283906,0.0,0.0,0.0,0.266936,0.1383698,0.56917334,0.0,0.3388055,0.0,0.3388055,0.3388055,0.2866847,-0.0,9.44,17.864592,17.222221,17.222221,2.0
resstock-amy2018-2021-release-1-66303,0.0,0.09386022,0.3708289,0.0,0.049405057,0.39713305,0.0,0.0,0.0,0.0,0.0,0.0,0.0,0.0,0.0,0.0,0.0,0.0,10.800000190734863,0.0,-0.0,0.0,0.0,-0.0,0.0,-0.0,0.0,0.0,-0.0,0.0,1.624444,0.09386022,0.0,0.28195497,0.7284931,0.18624887,0.42197704,0.0,0.0,0.0,0.2556632,0.1383698,0.57924646,0.0,0.7284931,0.0,0.7284931,0.7284931,0.28195497,-0.0,7.2,17.497221,17.222221,17.222221,2.0
resstock-amy2018-2021-release-1-66303,0.0,0.48328274,0.0,0.0,0.2543848,0.0,0.0,0.0,0.0,0.0,0.0,0.0,0.0,0.0,0.0,0.0,0.0,0.0,10.800000190734863,0.0,-0.0,0.0,0.0,-0.0,0.0,-0.0,0.0,0.0,-0.0,0.0,1.624444,0.48328274,0.0,0.27688333,0.5312681,0.13124979,0.3078994,0.0,0.0,0.0,0.24705,0.1383698,0.5795556,0.0,0.5312681,0.0,0.5312681,0.5312681,0.27688333,-0.0,7.2,17.4315,17.222221,17.222221,2.0
resstock-amy2018-2021-release-1-66303,0.0,0.8446724,0.0,0.0,0.43786252,0.0,0.0,0.0,0.0,0.0,0.0,0.0,0.0,0.0,0.0,0.0,0.0,0.0,10.800000190734863,0.0,-0.0,0.0,0.0,-0.0,0.0,-0.0,0.0,0.0,-0.0,0.0,1.624444,0.8446724,0.0,0.2757973,0.7136598,0.17683206,0.421468,0.0,0.0,0.0,0.247782,0.1383698,0.59057266,0.0,0.7136598,0.0,0.7136598,0.7136598,0.2757973,-0.0,7.8,17.653416,17.222221,17.222221,2.0
resstock-amy2018-2021-release-1-66303,0.0,0.4631136,0.0,0.0,0.2332882,0.0,0.0,0.0,0.0,0.0,0.0,0.0,0.0,0.0,0.0,0.0,0.0,0.0,10.800000190734863,0.0,-0.0,0.0,0.0,-0.0,0.0,-0.0,0.0,0.0,-0.0,0.0,1.624444,0.4631136,0.0,0.27869084,0.51197904,0.12648442,0.30594486,0.0,0.0,0.0,0.24705,0.1383698,0.59757304,0.0,0.51197904,0.0,0.51197904,0.51197904,0.27869084,-0.0,8.9,17.803627,17.222221,17.222221,2.0
resstock-amy2018-2021-release-1-66303,0.0,0.15168604,0.0,0.0,0.07762163,0.0,0.0,0.0,0.0,0.0,0.0,0.0,0.0,0.0,0.0,0.0,0.0,0.0,10.800000190734863,0.0,-0.0,0.0,0.0,-0.0,0.0,-0.0,0.0,0.0,-0.0,0.0,1.624444,0.15168604,0.0,0.29054374,0.36816537,0.09848321,0.21887442,0.0,0.0,0.0,0.2674972,0.1383698,0.5945003,0.0,0.36816537,0.0,0.36816537,0.36816537,0.29054374,-0.0,8.3,17.986122,17.222221,17.222221,2.0
resstock-amy2018-2021-release-1-66303,0.0,0.16785608,0.0,0.0,0.08209769,0.0,0.0,0.0,0.0,0.0,0.0,0.0,0.0,0.0,0.0,0.0,0.0,0.0,10.800000190734863,0.0,-0.0,0.0,0.0,-0.0,0.0,-0.0,0.0,0.0,-0.0,0.0,1.624444,0.16785608,0.0,0.30043697,0.38253465,0.10309232,0.2273798,0.0,0.0,0.0,0.269498,0.1383698,0.59440315,0.0,0.38253465,0.0,0.38253465,0.38253465,0.30043697,-0.0,10.0,18.165543,17.222221,17.222221,2.0
resstock-amy2018-2021-release-1-66303,0.0,0.28110266,0.0,0.0,0.1374861,0.0,0.0,0.0,0.0,0.0,0.0,0.0,0.0,0.0,0.0,0.0,0.0,0.0,10.800000190734863,0.0,-0.0,0.0,0.0,-0.0,0.0,-0.0,0.0,0.0,-0.0,0.0,1.624444,0.28110266,0.0,0.4937848,0.6232726,0.16797072,0.37648156,0.0,0.0,0.0,0.269498,0.1383698,0.60403997,0.0,0.6232726,0.0,0.6232726,0.6312709,0.4937848,-0.00799831,10.0,18.347485,17.222221,17.222221,2.0
resstock-amy2018-2021-release-1-66303,0.0,0.294889,0.0,0.0,0.1399109,0.0,0.0,0.0,0.0,0.0,0.0,0.0,0.0,0.0,0.0,0.0,0.0,0.0,10.800000190734863,0.0,-0.0,0.0,0.0,-0.0,0.0,-0.0,0.0,0.0,-0.0,0.0,1.624444,0.294889,0.0,0.5846178,0.70084006,0.189388,0.43153805,0.0,0.0,0.0,0.27023,0.1383698,0.615744,0.0,0.70084006,0.0,0.70084006,0.7245287,0.5846178,-0.02368864,11.1,18.550932,17.222221,17.222221,2.0
resstock-amy2018-2021-release-1-66303,0.32129487,0.5764453,0.13919553,0.0,0.26505524,0.14906915,0.0,0.0,0.0,0.0,0.0,0.0,0.0,0.0,0.0,0.0,0.0,0.0,10.800000190734863,0.0,-0.0,0.0,0.0,-0.0,0.0,-0.0,0.0,0.0,-0.0,0.0,1.624444,0.5764453,0.0,2.2519505,2.6144583,0.7045913,1.6226813,0.0,0.0,0.0,0.269498,0.1383698,0.6206568,0.0,2.6144583,0.0,2.6144583,2.6660748,2.2519505,-0.051616505,12.2,18.84449,17.222221,17.222221,2.0
resstock-amy2018-2021-release-1-66303,0.29459503,0.14258547,0.0,0.0,0.06442338,0.0,0.0,0.0,0.0,0.0,0.0,0.0,0.0,0.0,0.0,0.0,0.0,0.0,10.800000190734863,0.0,-0.0,0.0,0.0,-0.0,0.0,-0.0,0.0,0.0,-0.0,0.0,1.624444,0.14258547,0.0,0.96659523,0.9291642,0.24239348,0.57431287,0.0,0.0,0.0,0.2608726,0.1383698,0.61809623,0.0,0.9291642,0.0,0.9291642,1.0310186,0.96659523,-0.101854436,12.8,19.12331,17.222221,17.222221,2.0
resstock-amy2018-2021-release-1-66303,0.3930252,0.6689109,2.5957925,0.0,0.2977771,2.779921,0.0,0.0,0.0,0.0,0.0,0.0,0.0,0.0,0.0,0.0,0.0,0.0,10.800000190734863,0.0,-0.0,0.0,0.0,-0.0,0.0,-0.0,0.0,0.0,-0.0,0.0,1.624444,0.6689109,0.0,0.29362714,3.2659054,0.8504613,2.0052147,0.0,0.0,0.0,0.260406,0.1383698,0.61398435,0.0,3.2659054,0.0,3.2659054,3.3713253,0.29362714,-0.10541998,13.3,20.002693,17.777779,17.777779,2.0
resstock-amy2018-2021-release-1-66303,0.19356562,0.3393549,0.3708292,0.0,0.15106961,0.39713338,0.0,0.0,0.0,0.0,0.0,0.0,0.0,0.0,0.0,0.0,0.0,0.0,10.800000190734863,0.0,-0.0,0.0,0.0,-0.0,0.0,-0.0,0.0,0.0,-0.0,0.0,1.624444,0.3393549,0.0,0.29499483,0.7401964,0.16725892,0.44208568,0.0,0.0,0.0,0.22596559,0.1383698,0.5972546,0.0,0.7401964,0.0,0.7401964,0.8431978,0.29499483,-0.10300142,13.3,20.3033,17.777779,17.777779,2.0
resstock-amy2018-2021-release-1-66303,0.5127609,0.039911307,0.0,0.0,0.017448427,0.0,0.0,0.0,0.0,0.0,0.0,0.0,0.0,0.0,0.0,0.0,0.0,0.0,10.800000190734863,0.0,-0.0,0.0,0.0,-0.0,0.0,-0.0,0.0,0.0,-0.0,0.0,1.624444,0.039911307,0.0,0.516602,0.47079626,0.107127964,0.26843536,0.0,0.0,0.0,0.22754633,0.1383698,0.5701731,0.0,0.47079626,0.0,0.47079626,0.5340504,0.516602,-0.06325415,13.9,20.608116,17.777779,17.777779,2.0
resstock-amy2018-2021-release-1-66303,0.8910814,0.03175088,0.0,0.0,0.055505194,0.0,0.0,0.0,0.0,0.0,0.0,0.0,0.0,0.0,0.0,0.0,0.0,0.0,10.800000190734863,0.0,-0.0,0.0,0.0,-0.0,0.0,-0.0,0.09961082,0.09961082,-0.0,0.058619935,1.624444,0.03175088,0.0,0.50305855,0.4477911,0.11969024,0.2518619,0.0,0.0,0.0,0.26729035,0.1383698,0.562454,0.0,0.4477911,0.0,0.40570182,0.5164745,0.50305855,-0.11077267,15.0,21.148151,17.222221,17.222221,2.0
resstock-amy2018-2021-release-1-66303,0.7761364,0.023639902,0.0,0.0,8.019138e-10,0.0,0.0,0.0,0.0,0.0,0.0,0.0,0.0,0.0,0.0,0.0,0.0,0.0,10.800000190734863,0.0,-0.0,0.0,0.0,-0.0,0.0,-0.0,0.0,0.0,0.0236399,0.04325708,1.624444,1.8626451e-09,0.0,0.55436623,0.49318326,0.14176267,0.28080696,0.0,0.0,0.0,0.2874442,0.1383698,0.5693765,0.0,0.49318326,0.0,0.5033608,0.5645438,0.55436623,-0.061182983,14.4,21.352093,17.777779,17.777779,2.0
resstock-amy2018-2021-release-1-66303,0.70579123,0.12295238,0.0,0.0,0.3580935,0.0,0.0,0.0,0.0,0.0,0.0,0.0,0.0,0.0,0.0,0.0,0.0,0.0,10.800000190734863,0.0,-0.0,0.0,0.0,-0.0,0.0,-0.0,0.6814502,0.6814502,-0.0,0.44418016,1.624444,0.12295238,0.0,0.64418656,0.9985799,0.2928837,0.5869581,0.0,0.0,0.0,0.2933002,0.1383698,0.5877928,0.0,0.9985799,0.0,0.69522077,0.69892085,0.64418656,-0.0037000768,13.3,21.023373,17.777779,17.777779,2.0
resstock-amy2018-2021-release-1-66303,0.5414159,0.06865241,0.0,0.0,0.02321917,0.0,0.0,0.0,0.0,0.0,0.0,0.0,0.0,0.0,0.0,0.0,0.0,0.0,10.800000190734863,0.0,-0.0,0.0,0.0,-0.0,0.0,-0.0,0.0,0.0,0.017262425,0.43200353,1.624444,0.05138998,0.0,0.72345006,0.74666923,0.22031908,0.44417784,0.0,0.0,0.0,0.2950692,0.1383698,0.594879,0.0,0.74666923,0.0,0.7544688,0.7544688,0.72345006,-0.0,12.8,20.792387,17.777779,17.777779,2.0
resstock-amy2018-2021-release-1-66303,0.33755445,0.035634235,0.0,0.0,0.091921225,0.0,0.0,0.0,0.0,0.0,0.0,0.0,0.0,0.0,0.0,0.0,0.0,0.0,10.800000190734863,0.0,-0.0,0.0,0.0,-0.0,0.0,-0.0,0.16427712,0.16427712,-0.0,0.52764744,1.624444,0.035634235,0.0,0.7418535,0.8337747,0.24617381,0.47222757,0.0,0.0,0.0,0.2952522,0.1383698,0.5663731,0.0,0.8337747,0.0,0.75823843,0.75823843,0.7418535,-0.0,12.2,20.559326,17.777779,17.777779,2.0
resstock-amy2018-2021-release-1-66303,0.07939645,0.133168,1.1124768,0.0,0.17803563,1.1913886,0.0,0.0,0.0,0.0,0.0,0.0,0.0,0.0,0.0,0.0,0.0,0.0,10.800000190734863,0.0,-0.0,0.0,0.0,-0.0,0.0,-0.0,0.25402597,0.25402597,-0.0,0.6758793,1.624444,0.133168,0.0,0.36042893,1.7298532,0.5073663,0.9441686,0.0,0.0,0.0,0.2933002,0.1383698,0.54580855,0.0,1.7298532,0.0,1.6130495,1.6130495,0.36042893,-0.0,12.2,20.313251,17.777779,17.777779,2.0
resstock-amy2018-2021-release-1-66303,0.8558559,0.029662158,1.3132778,0.0,0.31126463,1.4064331,0.0,0.0,0.0,0.0,0.0,0.0,0.0,0.0,0.0,0.0,0.0,0.0,10.800000190734863,0.0,-0.0,0.0,0.0,-0.0,0.0,-0.0,0.55350924,0.55350924,-0.0,1.0,1.624444,0.029662158,0.0,0.894598,2.6122956,0.75410813,1.4043083,0.0,0.0,0.0,0.2886764,0.1383698,0.5375763,0.0,2.6122956,0.0,2.3646636,2.3646636,0.894598,-0.0,13.133333,20.205494,17.777779,17.777779,2.0
resstock-amy2018-2021-release-1-66303,0.0,0.0066777808,0.0,0.0,2.1144299e-08,0.0,0.0,0.0,0.0,0.0,0.0,0.0,0.0,0.0,0.0,0.0,0.0,0.0,10.800000190734863,0.0,-0.0,0.0,0.0,-0.0,0.0,-0.0,0.0,0.0,0.0066777333,0.9933123,1.624444,4.749745e-08,0.0,0.34774005,0.34774008,0.09371525,0.18286738,0.0,0.0,0.0,0.269498,0.1383698,0.5258737,0.0,0.34774008,0.0,0.35071278,0.35071278,0.34774005,-0.0,13.3,19.906605,17.777779,17.777779,2.0
resstock-amy2018-2021-release-1-66303,0.048355352,0.03680723,0.0,0.0,0.0,0.0,0.0,0.0,0.0,0.0,0.0,0.0,0.0,0.0,0.0,0.0,0.0,0.0,10.800000190734863,0.0,-0.0,0.0,0.0,-0.0,0.0,-0.0,0.0,0.0,0.036807247,0.96723866,1.624444,0.0,0.0,0.3323414,0.3323414,0.076023094,0.1700974,0.0,0.0,0.0,0.22875,0.1383698,0.51181525,0.0,0.3323414,0.0,0.34897175,0.34897175,0.3323414,-0.0,12.8,19.565254,17.222221,17.222221,2.0
resstock-amy2018-2021-release-1-66303,0.0,0.18304859,0.0,0.0,2.0198057e-08,0.0,0.0,0.0,0.0,0.0,0.0,0.0,0.0,0.0,0.0,0.0,0.0,0.0,10.800000190734863,0.0,-0.0,0.0,0.0,-0.0,0.0,-0.0,0.0,0.0,0.18304855,0.8470553,1.624444,4.4703484e-08,0.0,0.30831632,0.30831635,0.04847495,0.16195205,0.0,0.0,0.0,0.15722471,0.1383698,0.5252788,0.0,0.30831635,0.0,0.39102188,0.39102188,0.30831632,-0.0,12.8,19.219437,17.222221,17.222221,2.0
resstock-amy2018-2021-release-1-66303,0.0,0.14504185,0.0,0.0,0.0,0.0,0.0,0.0,0.0,0.0,0.0,0.0,0.0,0.0,0.0,0.0,0.0,0.0,10.800000190734863,0.0,-0.0,0.0,0.0,-0.0,0.0,-0.0,0.0,0.0,0.14504187,0.75163335,1.624444,0.0,0.0,0.2866847,0.2866847,0.045107003,0.1449406,0.0,0.0,0.0,0.15734012,0.1383698,0.50557494,0.0,0.2866847,0.0,0.3526041,0.3526041,0.2866847,-0.0,12.6,18.843178,17.222221,17.222221,2.0
resstock-amy2018-2021-release-1-66303,0.0,0.2853376,0.0,0.0,0.0,0.0,0.0,0.0,0.0,0.0,0.0,0.0,0.0,0.0,0.0,0.0,0.0,0.0,10.800000190734863,0.0,-0.0,0.0,0.0,-0.0,0.0,-0.0,0.0,0.0,0.28533763,0.5660957,1.624444,0.0,0.0,0.28195497,0.28195497,0.041341837,0.14657046,0.0,0.0,0.0,0.14662567,0.1383698,0.5198364,0.0,0.28195497,0.0,0.41087705,0.41087705,0.28195497,-0.0,12.8,18.634073,17.222221,17.222221,2.0
resstock-amy2018-2021-release-1-66303,0.0,0.3136764,0.0,0.0,0.0,0.0,0.0,0.0,0.0,0.0,0.0,0.0,0.0,0.0,0.0,0.0,0.0,0.0,10.800000190734863,0.0,-0.0,0.0,0.0,-0.0,0.0,-0.0,0.0,0.0,0.31367642,0.36275238,1.624444,0.0,0.0,0.27688333,0.27688333,0.04142154,0.15109386,0.0,0.0,0.0,0.14959925,0.1383698,0.545695,0.0,0.27688333,0.0,0.41819197,0.41819197,0.27688333,-0.0,12.9,18.46711,17.222221,17.222221,2.0
resstock-amy2018-2021-release-1-66303,0.0,0.42061806,0.0,0.0,0.0,0.0,0.0,0.0,0.0,0.0,0.0,0.0,0.0,0.0,0.0,0.0,0.0,0.0,10.800000190734863,0.0,-0.0,0.0,0.0,-0.0,0.0,-0.0,0.0,0.0,0.42061806,0.091029614,1.624444,0.0,0.0,0.30486578,0.30486578,0.048801754,0.17233539,0.0,0.0,0.0,0.1600762,0.1383698,0.5652828,0.0,0.30486578,0.0,0.49435073,0.49435073,0.30486578,-0.0,12.9,18.459066,17.222221,17.222221,2.0
resstock-amy2018-2021-release-1-66303,0.0,0.26248026,0.0,0.0,0.05487674,0.0,0.0,0.0,0.0,0.0,0.0,0.0,0.0,0.0,0.0,0.0,0.0,0.0,10.800000190734863,0.0,-0.0,0.0,0.0,-0.0,0.0,-0.0,0.0,0.0,0.14102395,0.0,1.624444,0.12145631,0.0,0.27869084,0.3335676,0.06603177,0.19028743,0.0,0.0,0.0,0.19795619,0.1383698,0.5704614,0.0,0.3335676,0.0,0.39728543,0.39728543,0.27869084,-0.0,12.8,18.45073,17.222221,17.222221,2.0
resstock-amy2018-2021-release-1-66303,0.0,0.7885284,0.0,0.0,0.35522553,0.0,0.0,0.0,0.0,0.0,0.0,0.0,0.0,0.0,0.0,0.0,0.0,0.0,10.800000190734863,0.0,-0.0,0.0,0.0,-0.0,0.0,-0.0,0.0,0.0,-0.0,0.0,1.624444,0.7885284,0.0,0.29054374,0.64576924,0.18452203,0.3762102,0.0,0.0,0.0,0.2857399,0.1383698,0.5825769,0.0,0.64576924,0.0,0.64576924,0.64576924,0.29054374,-0.0,12.9,18.725563,17.222221,17.222221,2.0
resstock-amy2018-2021-release-1-66303,0.0,0.069909684,0.0,0.0,0.03186598,0.0,0.0,0.0,0.0,0.0,0.0,0.0,0.0,0.0,0.0,0.0,0.0,0.0,10.800000190734863,0.0,-0.0,0.0,0.0,-0.0,0.0,-0.0,0.0,0.0,-0.0,0.0,1.624444,0.069909684,0.0,0.57891965,0.6107856,0.18993041,0.35880074,0.0,0.0,0.0,0.31096086,0.1383698,0.5874414,0.0,0.6107856,0.0,0.6107856,0.6107856,0.57891965,-0.0,12.5,18.79878,17.222221,17.222221,2.0
resstock-amy2018-2021-release-1-66303,1.1737067,0.024029166,2.5721886,0.0,0.010505072,2.7546427,0.0,0.0,0.0,0.0,0.0,0.0,0.0,0.0,0.0,0.0,0.0,0.0,10.800000190734863,0.0,-0.0,0.0,0.0,-0.0,0.0,-0.0,0.0,0.0,-0.0,0.0,1.624444,0.024029166,0.0,0.59792244,3.3573747,1.0557789,1.9958102,0.0,0.0,0.0,0.3144656,0.1383698,0.5944556,0.0,3.3573747,0.0,3.3573747,3.3630702,0.59792244,-0.0056956755,13.9,18.937534,17.222221,17.222221,2.0
resstock-amy2018-2021-release-1-66303,0.0,0.29171538,0.0,0.0,0.12753214,0.0,0.0,0.0,0.0,0.0,0.0,0.0,0.0,0.0,0.0,0.0,0.0,0.0,10.800000190734863,0.0,-0.0,0.0,0.0,-0.0,0.0,-0.0,0.0,0.0,-0.0,0.0,1.624444,0.29171538,0.0,0.6918109,0.8033197,0.2734868,0.4810375,0.0,0.0,0.0,0.34044576,0.1383698,0.59881204,0.0,0.8033197,0.0,0.8033197,0.81934303,0.6918109,-0.01602331,13.9,19.046715,17.222221,17.222221,2.0
resstock-amy2018-2021-release-1-66303,0.30816463,0.43300307,0.0,0.0,0.17950144,0.0,0.0,0.0,0.0,0.0,0.0,0.0,0.0,0.0,0.0,0.0,0.0,0.0,10.800000190734863,0.0,-0.0,0.0,0.0,-0.0,0.0,-0.0,0.0,0.0,-0.0,0.0,1.624444,0.43300307,0.0,0.8577786,0.9958537,0.32057354,0.5874522,0.0,0.0,0.0,0.32190827,0.1383698,0.58989805,0.0,0.9958537,0.0,0.9958537,1.0372801,0.8577786,-0.041426335,15.6,19.228493,17.222221,17.222221,2.0
resstock-amy2018-2021-release-1-66303,0.083388664,0.16312481,0.0,0.0,0.06892629,0.0,0.0,0.0,0.0,0.0,0.0,0.0,0.0,0.0,0.0,0.0,0.0,0.0,10.800000190734863,0.0,-0.0,0.0,0.0,-0.0,0.0,-0.0,0.0,0.0,-0.0,0.0,1.624444,0.16312481,0.0,0.5018713,0.51369435,0.16238652,0.2836928,0.0,0.0,0.0,0.31611505,0.1383698,0.5522599,0.0,0.51369435,0.0,0.51369435,0.57079756,0.5018713,-0.057103205,15.0,19.245314,17.222221,17.222221,2.0
resstock-amy2018-2021-release-1-66303,0.16047823,0.039897908,0.0,0.0,0.016699014,0.0,0.0,0.0,0.0,0.0,0.0,0.0,0.0,0.0,0.0,0.0,0.0,0.0,10.800000190734863,0.0,-0.0,0.0,0.0,-0.0,0.0,-0.0,0.0,0.0,-0.0,0.0,1.624444,0.039897908,0.0,0.48707625,0.45549208,0.13511726,0.23409238,0.0,0.0,0.0,0.2966402,0.1383698,0.51393294,0.0,0.45549208,0.0,0.45549208,0.50377524,0.48707625,-0.048283175,15.3,19.276968,17.222221,17.222221,2.0
resstock-amy2018-2021-release-1-66303,0.24676375,0.16392769,0.0,0.0,0.06795623,0.0,0.0,0.0,0.0,0.0,0.0,0.0,0.0,0.0,0.0,0.0,0.0,0.0,10.800000190734863,0.0,-0.0,0.0,0.0,-0.0,0.0,-0.0,0.0,0.0,-0.0,0.0,1.624444,0.16392769,0.0,0.6802974,0.7106015,0.21505162,0.3451406,0.0,0.0,0.0,0.30263323,0.1383698,0.48570204,0.0,0.7106015,0.0,0.7106015,0.7482536,0.6802974,-0.03765208,15.6,19.456923,17.222221,17.222221,2.0
resstock-amy2018-2021-release-1-66303,0.39330757,0.33796754,0.0,0.0,0.13785501,0.0,0.0,0.0,0.0,0.0,0.0,0.0,0.0,0.0,0.0,0.0,0.0,0.0,10.800000190734863,0.0,-0.0,0.0,0.0,-0.0,0.0,-0.0,0.0,0.0,-0.0,0.0,1.624444,0.33796754,0.0,0.70718,0.79687715,0.24557859,0.37744984,0.0,0.0,0.0,0.30817622,0.1383698,0.47366127,0.0,0.79687715,0.0,0.79687715,0.845035,0.70718,-0.048157874,16.1,19.77302,17.222221,17.222221,2.0
resstock-amy2018-2021-release-1-66303,0.41176426,0.057139385,0.37104177,0.0,0.025436569,0.39736104,0.0,0.0,0.0,0.0,0.0,0.0,0.0,0.0,0.0,0.0,0.0,0.0,10.800000190734863,0.0,-0.0,0.0,0.0,-0.0,0.0,-0.0,0.0,0.0,-0.0,0.0,1.624444,0.057139385,0.0,0.70981485,1.097701,0.34870198,0.5391426,0.0,0.0,0.0,0.31766573,0.1383698,0.49115616,0.0,1.097701,0.0,1.097701,1.1326125,0.70981485,-0.03491151,13.3,19.77259,17.222221,17.222221,2.0
resstock-amy2018-2021-release-1-66303,0.5799249,0.039277166,0.0,0.0,0.017171193,0.0,0.0,0.0,0.0,0.0,0.0,0.0,0.0,0.0,0.0,0.0,0.0,0.0,10.800000190734863,0.0,-0.0,0.0,0.0,-0.0,0.0,-0.0,0.0,0.0,-0.0,0.0,1.624444,0.039277166,0.0,0.8884144,0.89827615,0.29883078,0.46339408,0.0,0.0,0.0,0.3326714,0.1383698,0.5158704,0.0,0.89827615,0.0,0.89827615,0.9055856,0.8884144,-0.0073094484,13.9,19.956274,17.222221,17.222221,2.0
resstock-amy2018-2021-release-1-66303,0.7414487,0.01969624,1.855212,0.0,0.008610803,1.9868085,0.0,0.0,0.0,0.0,0.0,0.0,0.0,0.0,0.0,0.0,0.0,0.0,10.800000190734863,0.0,-0.0,0.0,0.0,-0.0,0.0,-0.0,0.0,0.0,-0.0,0.0,1.624444,0.01969624,0.0,1.0596557,3.0550752,1.0229974,1.6783739,0.0,0.0,0.0,0.3348518,0.1383698,0.5493724,0.0,3.0550752,0.0,3.0550752,3.0550752,1.0596557,0.0,13.9,20.10653,17.222221,17.222221,2.0
resstock-amy2018-2021-release-1-66303,0.121291,0.011105825,0.0,0.0,0.00500801,0.0,0.0,0.0,0.0,0.0,0.0,0.0,0.0,0.0,0.0,0.0,0.0,0.0,10.800000190734863,0.0,-0.0,0.0,0.0,-0.0,0.0,-0.0,0.0,0.0,-0.0,0.0,1.624444,0.011105825,0.0,0.72345006,0.72845805,0.23660608,0.41359663,0.0,0.0,0.0,0.32480398,0.1383698,0.56777,0.0,0.72845805,0.0,0.72845805,0.72845805,0.72345006,-0.0,12.866667,20.13302,17.777779,17.777779,2.0
resstock-amy2018-2021-release-1-66303,0.049394604,0.05538757,0.3710413,0.0,0.02465672,0.39736053,0.0,0.0,0.0,0.0,0.0,0.0,0.0,0.0,0.0,0.0,0.0,0.0,10.800000190734863,0.0,-0.0,0.0,0.0,-0.0,0.0,-0.0,0.0,0.0,-0.0,0.0,1.624444,0.05538757,0.0,0.7418535,1.1638707,0.3695574,0.65576816,0.0,0.0,0.0,0.31752446,0.1383698,0.5634373,0.0,1.1638707,0.0,1.1638707,1.1638707,0.7418535,-0.0,13.3,20.204674,17.777779,17.777779,2.0
resstock-amy2018-2021-release-1-66303,0.0,0.0129556535,0.0,0.0,0.0057674297,0.0,0.0,0.0,0.0,0.0,0.0,0.0,0.0,0.0,0.0,0.0,0.0,0.0,10.800000190734863,0.0,-0.0,0.0,0.0,-0.0,0.0,-0.0,0.0,0.0,-0.0,0.0,1.624444,0.0129556535,0.0,0.69669086,0.70245826,0.22084087,0.4080019,0.0,0.0,0.0,0.3143829,0.1383698,0.58082014,0.0,0.70245826,0.0,0.70245826,0.70245826,0.69669086,-0.0,13.3,20.140089,17.777779,17.777779,2.0
resstock-amy2018-2021-release-1-66303,0.0,0.03449417,0.37103617,0.0,0.015585255,0.39735502,0.0,0.0,0.0,0.0,0.0,0.0,0.0,0.0,0.0,0.0,0.0,0.0,10.800000190734863,0.0,-0.0,0.0,0.0,-0.0,0.0,-0.0,0.0,0.0,-0.0,0.0,1.624444,0.03449417,0.0,0.6290092,1.0419495,0.32528773,0.61680967,0.0,0.0,0.0,0.31219146,0.1383698,0.5919765,0.0,1.0419495,0.0,1.0419495,1.0419495,0.6290092,-0.0,12.8,20.00395,17.777779,17.777779,2.0
resstock-amy2018-2021-release-1-66303,0.050485276,0.020734977,0.0,0.0,0.009340936,0.0,0.0,0.0,0.0,0.0,0.0,0.0,0.0,0.0,0.0,0.0,0.0,0.0,10.800000190734863,0.0,-0.0,0.0,0.0,-0.0,0.0,-0.0,0.0,0.0,-0.0,0.0,1.624444,0.020734977,0.0,0.56559175,0.5749327,0.16350023,0.34276956,0.0,0.0,0.0,0.2843815,0.1383698,0.59619075,0.0,0.5749327,0.0,0.5749327,0.5749327,0.56559175,-0.0,12.9,19.813461,17.222221,17.222221,2.0
resstock-amy2018-2021-release-1-66303,0.0,0.0537412,0.37104177,0.0,0.024710737,0.39736104,0.0,0.0,0.0,0.0,0.0,0.0,0.0,0.0,0.0,0.0,0.0,0.0,10.800000190734863,0.0,-0.0,0.0,0.0,-0.0,0.0,-0.0,0.0,0.0,-0.0,0.0,1.624444,0.0537412,0.0,0.4363907,0.85846245,0.20876142,0.5126522,0.0,0.0,0.0,0.24318062,0.1383698,0.5971749,0.0,0.85846245,0.0,0.85846245,0.85846245,0.4363907,-0.0,12.2,19.51928,17.222221,17.222221,2.0
resstock-amy2018-2021-release-1-66303,0.0,0.024310602,0.0,0.0,0.011534233,0.0,0.0,0.0,0.0,0.0,0.0,0.0,0.0,0.0,0.0,0.0,0.0,0.0,10.800000190734863,0.0,-0.0,0.0,0.0,-0.0,0.0,-0.0,0.0,0.0,-0.0,0.0,1.624444,0.024310602,0.0,0.30831632,0.31985056,0.07996642,0.18332595,0.0,0.0,0.0,0.2500118,0.1383698,0.57316124,0.0,0.31985056,0.0,0.31985056,0.31985056,0.30831632,-0.0,11.1,19.13597,17.222221,17.222221,2.0
resstock-amy2018-2021-release-1-66303,0.0,0.090721294,0.0,0.0,0.044371393,0.0,0.0,0.0,0.0,0.0,0.0,0.0,0.0,0.0,0.0,0.0,0.0,0.0,10.800000190734863,0.0,-0.0,0.0,0.0,-0.0,0.0,-0.0,0.0,0.0,-0.0,0.0,1.624444,0.090721294,0.0,0.2866847,0.3310561,0.07651864,0.1960802,0.0,0.0,0.0,0.23113498,0.1383698,0.59228694,0.0,0.3310561,0.0,0.3310561,0.3310561,0.2866847,-0.0,10.0,18.777937,17.222221,17.222221,2.0
resstock-amy2018-2021-release-1-66303,0.0,0.26440257,0.0,0.0,0.1298109,0.0,0.0,0.0,0.0,0.0,0.0,0.0,0.0,0.0,0.0,0.0,0.0,0.0,10.800000190734863,0.0,-0.0,0.0,0.0,-0.0,0.0,-0.0,0.0,0.0,-0.0,0.0,1.624444,0.26440257,0.0,0.28195497,0.41176587,0.097491056,0.24254131,0.0,0.0,0.0,0.23676333,0.1383698,0.5890272,0.0,0.41176587,0.0,0.41176587,0.41176587,0.28195497,-0.0,9.86,18.50669,17.222221,17.222221,2.0
resstock-amy2018-2021-release-1-66303,0.0,0.2697177,0.0,0.0,0.13292307,0.0,0.0,0.0,0.0,0.0,0.0,0.0,0.0,0.0,0.0,0.0,0.0,0.0,10.800000190734863,0.0,-0.0,0.0,0.0,-0.0,0.0,-0.0,0.0,0.0,-0.0,0.0,1.624444,0.2697177,0.0,0.27688333,0.4098064,0.09133724,0.24092594,0.0,0.0,0.0,0.22287901,0.1383698,0.58790183,0.0,0.4098064,0.0,0.4098064,0.4098064,0.27688333,-0.0,9.72,18.288254,17.222221,17.222221,2.0
resstock-amy2018-2021-release-1-66303,0.0,0.3099011,0.0,0.0,0.15330392,0.0,0.0,0.0,0.0,0.0,0.0,0.0,0.0,0.0,0.0,0.0,0.0,0.0,10.800000190734863,0.0,-0.0,0.0,0.0,-0.0,0.0,-0.0,0.0,0.0,-0.0,0.0,1.624444,0.3099011,0.0,0.2757973,0.42910123,0.095725544,0.25211367,0.0,0.0,0.0,0.22308382,0.1383698,0.5875389,0.0,0.42910123,0.0,0.42910123,0.42910123,0.2757973,-0.0,9.58,18.187914,17.222221,17.222221,2.0
resstock-amy2018-2021-release-1-66303,0.0,0.34627017,0.0,0.0,0.17194055,0.0,0.0,0.0,0.0,0.0,0.0,0.0,0.0,0.0,0.0,0.0,0.0,0.0,10.800000190734863,0.0,-0.0,0.0,0.0,-0.0,0.0,-0.0,0.0,0.0,-0.0,0.0,1.624444,0.34627017,0.0,0.3407459,0.51268643,0.13150729,0.30299744,0.0,0.0,0.0,0.2565063,0.1383698,0.59099954,0.0,0.51268643,0.0,0.51268643,0.51268643,0.3407459,-0.0,9.44,18.17918,17.222221,17.222221,2.0
resstock-amy2018-2021-release-1-66303,0.0,0.10953468,0.0,0.0,0.052770987,0.0,0.0,0.0,0.0,0.0,0.0,0.0,0.0,0.0,0.0,0.0,0.0,0.0,10.800000190734863,0.0,-0.0,0.0,0.0,-0.0,0.0,-0.0,0.0,0.0,-0.0,0.0,1.624444,0.10953468,0.0,0.5683128,0.6210838,0.18060404,0.36847708,0.0,0.0,0.0,0.29078853,0.1383698,0.5932808,0.0,0.6210838,0.0,0.6210838,0.6210838,0.5683128,-0.0,10.55,18.222538,17.222221,17.222221,2.0
resstock-amy2018-2021-release-1-66303,0.13207905,0.09677093,0.9552363,0.0,0.045140326,1.0229945,0.0,0.0,0.0,0.0,0.0,0.0,0.0,0.0,0.0,0.0,0.0,0.0,10.800000190734863,0.0,-0.0,0.0,0.0,-0.0,0.0,-0.0,0.0,0.0,-0.0,0.0,1.624444,0.09677093,0.0,1.0336165,2.1017513,0.68402624,1.2374202,0.0,0.0,0.0,0.32545537,0.1383698,0.58875674,0.0,2.1017513,0.0,2.1017513,2.1017513,1.0336165,-0.0,11.7,18.328552,17.222221,17.222221,2.0
resstock-amy2018-2021-release-1-66303,0.0,0.17920507,1.6913371,0.0,0.08263882,1.8113095,0.0,0.0,0.0,0.0,0.0,0.0,0.0,0.0,0.0,0.0,0.0,0.0,10.800000190734863,0.0,-0.0,0.0,0.0,-0.0,0.0,-0.0,0.0,0.0,-0.0,0.0,1.624444,0.17920507,0.0,2.3526807,4.234862,1.6086986,2.5043724,0.0,0.0,0.0,0.37987038,0.1383698,0.5913705,0.0,4.234862,0.0,4.234862,4.2466288,2.3526807,-0.011766953,12.1,18.458641,17.222221,17.222221,2.0
resstock-amy2018-2021-release-1-66303,0.0,0.5442214,2.6438196,0.0,0.23792273,2.8313546,0.0,0.0,0.0,0.0,0.0,0.0,0.0,0.0,0.0,0.0,0.0,0.0,10.800000190734863,0.0,-0.0,0.0,0.0,-0.0,0.0,-0.0,0.0,0.0,-0.0,0.0,1.624444,0.5442214,0.0,0.492051,3.5334349,1.2709631,2.1178658,0.0,0.0,0.0,0.3596962,0.1383698,0.59937876,0.0,3.5334349,0.0,3.5334349,3.5613284,0.492051,-0.027893538,13.9,18.691769,17.222221,17.222221,2.0
resstock-amy2018-2021-release-1-66303,0.0,0.21305473,0.4005237,0.0,0.09626301,0.42893422,0.0,0.0,0.0,0.0,0.0,0.0,0.0,0.0,0.0,0.0,0.0,0.0,10.800000190734863,0.0,-0.0,0.0,0.0,-0.0,0.0,-0.0,0.0,0.0,-0.0,0.0,1.624444,0.21305473,0.0,0.48839432,0.96156895,0.33110586,0.5771411,0.0,0.0,0.0,0.34433916,0.1383698,0.60020775,0.0,0.96156895,0.0,0.96156895,1.0135915,0.48839432,-0.052022554,12.8,18.81576,17.222221,17.222221,2.0
resstock-amy2018-2021-release-1-66303,0.06401655,0.09171879,2.038991,0.0,0.040097624,2.1836236,0.0,0.0,0.0,0.0,0.0,0.0,0.0,0.0,0.0,0.0,0.0,0.0,10.800000190734863,0.0,-0.0,0.0,0.0,-0.0,0.0,-0.0,0.0,0.0,-0.0,0.0,1.624444,0.09171879,0.0,0.5018713,2.6602886,0.863449,1.6084003,0.0,0.0,0.0,0.32456967,0.1383698,0.6045962,0.0,2.6602886,0.0,2.6602886,2.7255924,0.5018713,-0.06530383,13.9,18.907364,17.222221,17.222221,2.0
resstock-amy2018-2021-release-1-66303,0.27592453,0.1011899,1.5110705,0.0,0.042756487,1.6182559,0.0,0.0,0.0,0.0,0.0,0.0,0.0,0.0,0.0,0.0,0.0,0.0,10.800000190734863,0.0,-0.0,0.0,0.0,-0.0,0.0,-0.0,0.0,0.0,-0.0,0.0,1.624444,0.1011899,0.0,0.48707625,2.0677495,0.63250273,1.2609159,0.0,0.0,0.0,0.30588943,0.1383698,0.60980105,0.0,2.0677495,0.0,2.0677495,2.1480887,0.48707625,-0.0803392,15.0,19.087667,17.222221,17.222221,2.0
resstock-amy2018-2021-release-1-66303,0.20319918,0.15839839,1.2406864,0.0,0.06924862,1.3286926,0.0,0.0,0.0,0.0,0.0,0.0,0.0,0.0,0.0,0.0,0.0,0.0,10.800000190734863,0.0,-0.0,0.0,0.0,-0.0,0.0,-0.0,0.0,0.0,-0.0,0.0,1.624444,0.15839839,0.0,0.4876461,1.7807076,0.52615136,1.091264,0.0,0.0,0.0,0.2954732,0.1383698,0.61282605,0.0,1.7807076,0.0,1.7807076,1.8855872,0.4876461,-0.10487962,13.9,19.326097,17.222221,17.222221,2.0
resstock-amy2018-2021-release-1-66303,0.44529116,0.21232344,0.0,0.0,0.54489726,0.0,0.0,0.0,0.0,0.0,0.0,0.0,0.0,0.0,0.0,0.0,0.0,0.0,10.800000190734863,0.0,-0.0,0.0,0.0,-0.0,0.0,-0.0,1.0533366,1.0533366,-0.0,0.6198777,1.624444,0.21232344,0.0,0.32602397,0.7708603,0.2321716,0.47013897,0.0,0.0,0.0,0.30118504,0.1383698,0.6098887,0.0,0.7708603,0.0,0.31737342,0.4174344,0.32602397,-0.10006097,14.4,19.869568,17.222221,17.222221,2.0
resstock-amy2018-2021-release-1-66303,0.5746653,0.027995484,0.0,0.0,0.35024104,0.0,0.0,0.0,0.0,0.0,0.0,0.0,0.0,0.0,0.0,0.0,0.0,0.0,10.800000190734863,0.0,-0.0,0.0,0.0,-0.0,0.0,-0.0,0.6484436,0.6484436,-0.0,1.0,1.624444,0.027995484,0.0,0.2963023,0.5531407,0.16745768,0.3343711,0.0,0.0,0.0,0.30273977,0.1383698,0.6044955,0.0,0.5531407,0.0,0.2696541,0.3630567,0.2963023,-0.0934026,13.9,20.263111,17.222221,17.222221,2.0
resstock-amy2018-2021-release-1-66303,0.6348457,0.04691977,0.3712417,0.0,0.53155947,0.39757514,0.0,0.0,0.0,0.0,0.0,0.0,0.0,0.0,0.0,0.0,0.0,0.0,10.800000190734863,0.0,-0.0,0.0,0.0,-0.0,0.0,-0.0,0.004057115,0.004057115,-0.0,1.0,1.624444,0.04691977,0.0,0.31288487,1.1902707,0.37193996,0.72118515,0.0,0.0,0.0,0.31248352,0.1383698,0.6059001,0.0,1.1902707,0.0,1.1884645,1.2402134,0.31288487,-0.051748842,13.3,20.450172,17.222221,17.222221,2.0
resstock-amy2018-2021-release-1-66303,0.9178283,0.09324224,0.37124386,0.0,0.4250528,0.39757746,0.0,0.0,0.0,0.0,0.0,0.0,0.0,0.0,0.0,0.0,0.0,0.0,10.800000190734863,0.0,-0.0,0.0,0.0,-0.0,0.0,-0.0,0.004057115,0.004057115,-0.0,1.0,1.624444,0.09324224,0.0,0.81774926,1.6381106,0.523234,1.0067923,0.0,0.0,0.0,0.3194131,0.1383698,0.6146058,0.0,1.6381106,0.0,1.6362776,1.6385463,0.81774926,-0.0022688403,12.8,20.339235,17.222221,17.222221,2.0
resstock-amy2018-2021-release-1-66303,0.22960952,0.03624422,0.0,0.0,0.21898018,0.0,0.0,0.0,0.0,0.0,0.0,0.0,0.0,0.0,0.0,0.0,0.0,0.0,10.800000190734863,0.0,-0.0,0.0,0.0,-0.0,0.0,-0.0,0.004057115,0.004057115,-0.0,1.0,1.624444,0.03624422,0.0,0.72345006,0.94243026,0.3174099,0.573536,0.0,0.0,0.0,0.33679935,0.1383698,0.6085713,0.0,0.94243026,0.0,0.94053775,0.94053775,0.72345006,-0.0,11.7,20.246582,17.777779,17.777779,2.0
resstock-amy2018-2021-release-1-66303,0.095774814,0.06544836,0.0,0.0,0.11243366,0.0,0.0,0.0,0.0,0.0,0.0,0.0,0.0,0.0,0.0,0.0,0.0,0.0,10.800000190734863,0.0,-0.0,0.0,0.0,-0.0,0.0,-0.0,0.004057115,0.004057115,-0.0,1.0,1.624444,0.06544836,0.0,0.7418535,0.85428715,0.2732628,0.50923544,0.0,0.0,0.0,0.3198723,0.1383698,0.596094,0.0,0.85428715,0.0,0.85239464,0.85239464,0.7418535,-0.0,11.7,20.181465,17.777779,17.777779,2.0
resstock-amy2018-2021-release-1-66303,0.011459586,0.110068575,0.0,0.0,0.33188108,0.0,0.0,0.0,0.0,0.0,0.0,0.0,0.0,0.0,0.0,0.0,0.0,0.0,10.800000190734863,0.0,-0.0,0.0,0.0,-0.0,0.0,-0.0,0.004057115,0.004057115,-0.0,1.0,1.624444,0.110068575,0.0,0.69669086,1.028572,0.30999833,0.59921336,0.0,0.0,0.0,0.3013871,0.1383698,0.5825682,0.0,1.028572,0.0,1.0266875,1.0266875,0.69669086,-0.0,11.85,20.07472,17.777779,17.777779,2.0
resstock-amy2018-2021-release-1-66303,0.0,0.02100138,0.0,0.0,0.0,0.0,0.0,0.0,0.0,0.0,0.0,0.0,0.0,0.0,0.0,0.0,0.0,0.0,10.800000190734863,0.0,-0.0,0.0,0.0,-0.0,0.0,-0.0,0.0,0.0,0.021001406,0.9840886,1.624444,0.0,0.0,0.6290092,0.6290092,0.18104944,0.3577458,0.0,0.0,0.0,0.28783274,0.1383698,0.56874496,0.0,0.6290092,0.0,0.6388056,0.6388056,0.6290092,-0.0,11.7,19.847544,17.777779,17.777779,2.0
resstock-amy2018-2021-release-1-66303,0.0,0.015195878,0.7424845,0.0,0.0,0.7951515,0.0,0.0,0.0,0.0,0.0,0.0,0.0,0.0,0.0,0.0,0.0,0.0,10.800000190734863,0.0,-0.0,0.0,0.0,-0.0,0.0,-0.0,0.0,0.0,0.015195926,0.97195363,1.624444,0.0,0.0,0.34774005,1.1428915,0.31997088,0.6201731,0.0,0.0,0.0,0.2799661,0.1383698,0.54263514,0.0,1.1428915,0.0,1.1501013,1.1501013,0.34774005,-0.0,11.1,19.56211,17.777779,17.777779,2.0
resstock-amy2018-2021-release-1-66303,0.0,0.15656285,0.0,0.0,2.1209692e-08,0.0,0.0,0.0,0.0,0.0,0.0,0.0,0.0,0.0,0.0,0.0,0.0,0.0,10.800000190734863,0.0,-0.0,0.0,0.0,-0.0,0.0,-0.0,0.0,0.0,0.1565628,0.86881447,1.624444,4.4703484e-08,0.0,0.3323414,0.33234143,0.08887607,0.17481546,0.0,0.0,0.0,0.267424,0.1383698,0.52601165,0.0,0.33234143,0.0,0.4066231,0.4066231,0.3323414,-0.0,11.1,19.319473,17.222221,17.222221,2.0
resstock-amy2018-2021-release-1-66303,0.0,0.045395993,0.3714359,0.0,5.302423e-09,0.39778313,0.0,0.0,0.0,0.0,0.0,0.0,0.0,0.0,0.0,0.0,0.0,0.0,10.800000190734863,0.0,-0.0,0.0,0.0,-0.0,0.0,-0.0,0.0,0.0,0.04539598,0.8375074,1.624444,1.1175871e-08,0.0,0.30831632,0.70609945,0.17015116,0.388718,0.0,0.0,0.0,0.24097335,0.1383698,0.5505145,0.0,0.70609945,0.0,0.7276377,0.7276377,0.30831632,-0.0,11.1,18.925251,17.222221,17.222221,2.0
resstock-amy2018-2021-release-1-66303,0.0,0.07445289,0.0,0.0,0.0,0.0,0.0,0.0,0.0,0.0,0.0,0.0,0.0,0.0,0.0,0.0,0.0,0.0,10.800000190734863,0.0,-0.0,0.0,0.0,-0.0,0.0,-0.0,0.0,0.0,0.0744529,0.7875639,1.624444,0.0,0.0,0.2866847,0.2866847,0.061895568,0.14873706,0.0,0.0,0.0,0.2159012,0.1383698,0.5188176,0.0,0.2866847,0.0,0.3220091,0.3220091,0.2866847,-0.0,11.1,18.555698,17.222221,17.222221,2.0
resstock-amy2018-2021-release-1-66303,0.0,0.3761256,0.0,0.0,0.0,0.0,0.0,0.0,0.0,0.0,0.0,0.0,0.0,0.0,0.0,0.0,0.0,0.0,10.800000190734863,0.0,-0.0,0.0,0.0,-0.0,0.0,-0.0,0.0,0.0,0.3761256,0.5434777,1.624444,0.0,0.0,0.28195497,0.28195497,0.05709773,0.14683338,0.0,0.0,0.0,0.20250656,0.1383698,0.5207689,0.0,0.28195497,0.0,0.46065918,0.46065918,0.28195497,-0.0,11.05,18.378872,17.222221,17.222221,2.0
resstock-amy2018-2021-release-1-66303,0.0,0.710991,0.0,0.0,0.0,0.0,0.0,0.0,0.0,0.0,0.0,0.0,0.0,0.0,0.0,0.0,0.0,0.0,10.800000190734863,0.0,-0.0,0.0,0.0,-0.0,0.0,-0.0,0.0,0.0,0.710991,0.08433796,1.624444,0.0,0.0,0.27688333,0.27688333,0.055654876,0.1445257,0.0,0.0,0.0,0.20100479,0.1383698,0.5219733,0.0,0.27688333,0.0,0.6144043,0.6144043,0.27688333,-0.0,11.08,18.422466,17.222221,17.222221,2.0
resstock-amy2018-2021-release-1-66303,0.0,0.15613183,0.0,0.0,0.012171305,0.0,0.0,0.0,0.0,0.0,0.0,0.0,0.0,0.0,0.0,0.0,0.0,0.0,10.800000190734863,0.0,-0.0,0.0,0.0,-0.0,0.0,-0.0,0.0,0.0,0.13065717,0.0,1.624444,0.025474668,0.0,0.2757973,0.2879686,0.058532078,0.15113236,0.0,0.0,0.0,0.20325854,0.1383698,0.52482235,0.0,0.2879686,0.0,0.35039407,0.35039407,0.2757973,-0.0,10.85,18.220535,17.222221,17.222221,2.0
resstock-amy2018-2021-release-1-66303,0.0,0.23792562,0.0,0.0,0.11351792,0.0,0.0,0.0,0.0,0.0,0.0,0.0,0.0,0.0,0.0,0.0,0.0,0.0,10.800000190734863,0.0,-0.0,0.0,0.0,-0.0,0.0,-0.0,0.0,0.0,-0.0,0.0,1.624444,0.23792562,0.0,0.27869084,0.39220876,0.09103334,0.21026997,0.0,0.0,0.0,0.2321043,0.1383698,0.5361175,0.0,0.39220876,0.0,0.39220876,0.39220876,0.27869084,-0.0,10.9,18.262775,17.222221,17.222221,2.0
resstock-amy2018-2021-release-1-66303,0.0,0.60352737,0.0,0.0,0.28929102,0.0,0.0,0.0,0.0,0.0,0.0,0.0,0.0,0.0,0.0,0.0,0.0,0.0,10.800000190734863,0.0,-0.0,0.0,0.0,-0.0,0.0,-0.0,0.0,0.0,-0.0,0.0,1.624444,0.60352737,0.0,0.4294283,0.71871936,0.20101418,0.38751528,0.0,0.0,0.0,0.27968383,0.1383698,0.5391747,0.0,0.71871936,0.0,0.71871936,0.71871936,0.4294283,-0.0,10.733334,18.411327,17.222221,17.222221,2.0
resstock-amy2018-2021-release-1-66303,0.0,0.054107297,0.0,0.0,0.026031487,0.0,0.0,0.0,0.0,0.0,0.0,0.0,0.0,0.0,0.0,0.0,0.0,0.0,10.800000190734863,0.0,-0.0,0.0,0.0,-0.0,0.0,-0.0,0.0,0.0,-0.0,0.0,1.624444,0.054107297,0.0,0.30043697,0.32646847,0.097837165,0.17856707,0.0,0.0,0.0,0.29968336,0.1383698,0.5469657,0.0,0.32646847,0.0,0.32646847,0.32646847,0.30043697,-0.0,10.6,18.507893,17.222221,17.222221,2.0
resstock-amy2018-2021-release-1-66303,0.0,0.09727008,0.0,0.0,0.04615006,0.0,0.0,0.0,0.0,0.0,0.0,0.0,0.0,0.0,0.0,0.0,0.0,0.0,10.800000190734863,0.0,-0.0,0.0,0.0,-0.0,0.0,-0.0,0.0,0.0,-0.0,0.0,1.624444,0.09727008,0.0,0.29698613,0.34140334,0.11004504,0.19033079,0.0,0.0,0.0,0.32233146,0.1383698,0.5574954,0.0,0.34140334,0.0,0.34140334,0.3431362,0.29698613,-0.00173286,11.1,18.641497,17.222221,17.222221,2.0
resstock-amy2018-2021-release-1-66303,0.0,0.14707232,0.0,0.0,0.0686042,0.0,0.0,0.0,0.0,0.0,0.0,0.0,0.0,0.0,0.0,0.0,0.0,0.0,10.800000190734863,0.0,-0.0,0.0,0.0,-0.0,0.0,-0.0,0.0,0.0,-0.0,0.0,1.624444,0.14707232,0.0,0.29229107,0.3550433,0.11275625,0.21031237,0.0,0.0,0.0,0.3175845,0.1383698,0.592357,0.0,0.3550433,0.0,0.3550433,0.36089528,0.29229107,-0.0058519715,11.7,18.762388,17.222221,17.222221,2.0
resstock-amy2018-2021-release-1-66303,0.0,0.2573182,0.37143508,0.0,0.116947316,0.39778224,0.0,0.0,0.0,0.0,0.0,0.0,0.0,0.0,0.0,0.0,0.0,0.0,10.800000190734863,0.0,-0.0,0.0,0.0,-0.0,0.0,-0.0,0.0,0.0,-0.0,0.0,1.624444,0.2573182,0.0,0.29257274,0.77300453,0.22697751,0.47454628,0.0,0.0,0.0,0.29363024,0.1383698,0.61389846,0.0,0.77300453,0.0,0.77300453,0.8073023,0.29257274,-0.03429776,12.6,18.872643,17.222221,17.222221,2.0
resstock-amy2018-2021-release-1-66303,0.0,0.15477307,0.0,0.0,0.06889987,0.0,0.0,0.0,0.0,0.0,0.0,0.0,0.0,0.0,0.0,0.0,0.0,0.0,10.800000190734863,0.0,-0.0,0.0,0.0,-0.0,0.0,-0.0,0.0,0.0,-0.0,0.0,1.624444,0.15477307,0.0,0.30791634,0.35056478,0.09889738,0.21962479,0.0,0.0,0.0,0.28210872,0.1383698,0.62648845,0.0,0.35056478,0.0,0.35056478,0.3768162,0.30791634,-0.026251424,13.3,18.938328,17.222221,17.222221,2.0
resstock-amy2018-2021-release-1-66303,0.0,0.40400615,0.0,0.0,0.17648897,0.0,0.0,0.0,0.0,0.0,0.0,0.0,0.0,0.0,0.0,0.0,0.0,0.0,10.800000190734863,0.0,-0.0,0.0,0.0,-0.0,0.0,-0.0,0.0,0.0,-0.0,0.0,1.624444,0.40400615,0.0,0.29362714,0.42896724,0.11331264,0.27541086,0.0,0.0,0.0,0.2641522,0.1383698,0.6420324,0.0,0.42896724,0.0,0.42896724,0.4701161,0.29362714,-0.041148864,13.925,19.048374,17.222221,17.222221,2.0
resstock-amy2018-2021-release-1-66303,0.0,0.20397541,0.0,0.0,0.49336702,0.0,0.0,0.0,0.0,0.0,0.0,0.0,0.0,0.0,0.0,0.0,0.0,0.0,10.800000190734863,0.0,-0.0,0.0,0.0,-0.0,0.0,-0.0,0.89553106,0.89553106,-0.0,0.5270108,1.624444,0.20397541,0.0,0.4876461,0.9330945,0.24508312,0.6096263,0.0,0.0,0.0,0.26265627,0.1383698,0.6533382,0.0,0.9330945,0.0,0.53125465,0.57917327,0.4876461,-0.047918644,13.033334,19.101654,17.222221,17.222221,2.0
resstock-amy2018-2021-release-1-66303,0.0,0.027957276,0.0,0.0,0.35169065,0.0,0.0,0.0,0.0,0.0,0.0,0.0,0.0,0.0,0.0,0.0,0.0,0.0,10.800000190734863,0.0,-0.0,0.0,0.0,-0.0,0.0,-0.0,0.75272435,0.75272435,-0.0,0.968723,1.624444,0.027957276,0.0,0.516602,0.8359382,0.2307987,0.5505698,0.0,0.0,0.0,0.27609542,0.1383698,0.65862495,0.0,0.8359382,0.0,0.4968421,0.5291965,0.516602,-0.03235439,12.9,19.145473,17.222221,17.222221,2.0
resstock-amy2018-2021-release-1-66303,0.0,0.058865745,0.0,0.0,0.3701387,0.0,0.0,0.0,0.0,0.0,0.0,0.0,0.0,0.0,0.0,0.0,0.0,0.0,10.800000190734863,0.0,-0.0,0.0,0.0,-0.0,0.0,-0.0,0.05707819,0.05707819,-0.0,1.0,1.624444,0.058865745,0.0,0.50305855,0.83341056,0.23655324,0.5482454,0.0,0.0,0.0,0.2838376,0.1383698,0.6578335,0.0,0.83341056,0.0,0.80716544,0.84695214,0.50305855,-0.0397867,12.2,19.257862,17.222221,17.222221,2.0
resstock-amy2018-2021-release-1-66303,0.3502157,0.09524983,1.0557134,0.0,0.3906075,1.1305988,0.0,0.0,0.0,0.0,0.0,0.0,0.0,0.0,0.0,0.0,0.0,0.0,10.800000190734863,0.0,-0.0,0.0,0.0,-0.0,0.0,-0.0,0.004057115,0.004057115,-0.0,1.0,1.624444,0.09524983,0.0,1.565742,3.0393836,0.920422,1.9871838,0.0,0.0,0.0,0.3028318,0.1383698,0.65381145,0.0,3.0393836,0.0,3.0375183,3.0850828,1.565742,-0.047564596,12.2,19.665108,17.222221,17.222221,2.0
resstock-amy2018-2021-release-1-66303,0.2151707,0.050072033,0.37143606,0.0,0.479172,0.39778328,0.0,0.0,0.0,0.0,0.0,0.0,0.0,0.0,0.0,0.0,0.0,0.0,10.800000190734863,0.0,-0.0,0.0,0.0,-0.0,0.0,-0.0,0.004057115,0.004057115,-0.0,1.0,1.624444,0.050072033,0.0,0.955518,1.8324733,0.5676831,1.1887959,0.0,0.0,0.0,0.30979067,0.1383698,0.6487385,0.0,1.8324733,0.0,1.8306078,1.8306078,0.955518,0.0,12.2,19.842623,17.25926,17.25926,2.0
resstock-amy2018-2021-release-1-66303,0.0,0.06673817,0.0,0.0,0.36047295,0.0,0.0,0.0,0.0,0.0,0.0,0.0,0.0,0.0,0.0,0.0,0.0,0.0,10.800000190734863,0.0,-0.0,0.0,0.0,-0.0,0.0,-0.0,0.004057115,0.004057115,-0.0,1.0,1.624444,0.06673817,0.0,1.1002325,1.4607054,0.45417228,0.93450755,0.0,0.0,0.0,0.31092668,0.1383698,0.63976455,0.0,1.4607054,0.0,1.4587535,1.4587535,1.1002325,-0.0,10.6,19.920116,17.777779,17.777779,2.0
resstock-amy2018-2021-release-1-66303,0.0,0.016098093,0.0,0.0,0.64298445,0.0,0.0,0.0,0.0,0.0,0.0,0.0,0.0,0.0,0.0,0.0,0.0,0.0,10.800000190734863,0.0,-0.0,0.0,0.0,-0.0,0.0,-0.0,0.004057115,0.004057115,-0.0,1.0,1.624444,0.016098093,0.0,0.7418535,1.3848379,0.4236712,0.8809229,0.0,0.0,0.0,0.3059356,0.1383698,0.6361199,0.0,1.3848379,0.0,1.3828859,1.3828859,0.7418535,-0.0,10.6,19.9095,17.777779,17.777779,2.0
resstock-amy2018-2021-release-1-66303,0.649762,0.085521646,2.0872784,0.0,0.39649647,2.235336,0.0,0.0,0.0,0.0,0.0,0.0,0.0,0.0,0.0,0.0,0.0,0.0,10.800000190734863,0.0,-0.0,0.0,0.0,-0.0,0.0,-0.0,0.004057115,0.004057115,-0.0,1.0,1.624444,0.085521646,0.0,0.69669086,3.3285234,0.9383219,2.109066,0.0,0.0,0.0,0.28190336,0.1383698,0.6336341,0.0,3.3285234,0.0,3.3265984,3.3265984,0.69669086,-0.0,11.1,19.86509,17.777779,17.777779,2.0
resstock-amy2018-2021-release-1-66303,0.0,0.09222224,0.0,0.0,0.0,0.0,0.0,0.0,0.0,0.0,0.0,0.0,0.0,0.0,0.0,0.0,0.0,0.0,10.800000190734863,0.0,-0.0,0.0,0.0,-0.0,0.0,-0.0,0.0,0.0,0.09222228,0.938226,1.624444,0.0,0.0,0.6290092,0.6290092,0.17214686,0.4019048,0.0,0.0,0.0,0.2736794,0.1383698,0.638949,0.0,0.6290092,0.0,0.6727643,0.6727643,0.6290092,-0.0,11.1,19.736359,17.777779,17.777779,2.0
resstock-amy2018-2021-release-1-66303,0.0,0.1932236,0.3714361,0.0,0.0,0.3977833,0.0,0.0,0.0,0.0,0.0,0.0,0.0,0.0,0.0,0.0,0.0,0.0,10.800000190734863,0.0,-0.0,0.0,0.0,-0.0,0.0,-0.0,0.0,0.0,0.19322361,0.8115597,1.624444,0.0,0.0,0.34774005,0.74552333,0.20386323,0.47988445,0.0,0.0,0.0,0.27344984,0.1383698,0.643688,0.0,0.74552333,0.0,0.8371988,0.8371988,0.34774005,-0.0,11.1,19.57068,17.777779,17.777779,2.0
resstock-amy2018-2021-release-1-66303,0.0,0.24024835,0.0,0.0,2.1209692e-08,0.0,0.0,0.0,0.0,0.0,0.0,0.0,0.0,0.0,0.0,0.0,0.0,0.0,10.800000190734863,0.0,-0.0,0.0,0.0,-0.0,0.0,-0.0,0.0,0.0,0.24024831,0.6549143,1.624444,4.4703484e-08,0.0,0.3323414,0.33234143,0.086624056,0.21639839,0.0,0.0,0.0,0.26064777,0.1383698,0.65113276,0.0,0.33234143,0.0,0.44632792,0.44632792,0.3323414,-0.0,11.1,19.336151,17.222221,17.222221,2.0
resstock-amy2018-2021-release-1-66303,0.0,0.068778664,0.0,0.0,7.0698976e-09,0.0,0.0,0.0,0.0,0.0,0.0,0.0,0.0,0.0,0.0,0.0,0.0,0.0,10.800000190734863,0.0,-0.0,0.0,0.0,-0.0,0.0,-0.0,0.0,0.0,0.06877865,0.60906065,1.624444,1.4901161e-08,0.0,0.30831632,0.30831632,0.086475946,0.18999201,0.0,0.0,0.0,0.280478,0.1383698,0.6162243,0.0,0.30831632,0.0,0.34094855,0.34094855,0.30831632,-0.0,11.1,18.998112,17.222221,17.222221,2.0
resstock-amy2018-2021-release-1-66303,0.0,0.14287865,0.0,0.0,0.0,0.0,0.0,0.0,0.0,0.0,0.0,0.0,0.0,0.0,0.0,0.0,0.0,0.0,10.800000190734863,0.0,-0.0,0.0,0.0,-0.0,0.0,-0.0,0.0,0.0,0.14287867,0.51559985,1.624444,0.0,0.0,0.2866847,0.2866847,0.0765898,0.18917525,0.0,0.0,0.0,0.26715693,0.1383698,0.6598722,0.0,0.2866847,0.0,0.35542485,0.35542485,0.2866847,-0.0,10.6,18.710777,17.222221,17.222221,2.0
resstock-amy2018-2021-release-1-66303,0.0,0.6655061,0.0,0.0,0.0,0.0,0.0,0.0,0.0,0.0,0.0,0.0,0.0,0.0,0.0,0.0,0.0,0.0,10.800000190734863,0.0,-0.0,0.0,0.0,-0.0,0.0,-0.0,0.0,0.0,0.6655061,0.08581662,1.624444,0.0,0.0,0.28195497,0.28195497,0.07276341,0.18863685,0.0,0.0,0.0,0.2580675,0.1383698,0.66903186,0.0,0.28195497,0.0,0.60745114,0.60745114,0.28195497,-0.0,10.0,18.73706,17.222221,17.222221,2.0
resstock-amy2018-2021-release-1-66303,0.0,0.8058384,0.0,0.0,0.3389609,0.0,0.0,0.0,0.0,0.0,0.0,0.0,0.0,0.0,0.0,0.0,0.0,0.0,10.800000190734863,0.0,-0.0,0.0,0.0,-0.0,0.0,-0.0,0.0,0.0,0.13294794,0.0,1.624444,0.6728905,0.0,0.27688333,0.61584425,0.15687148,0.41730562,0.0,0.0,0.0,0.2547259,0.1383698,0.6776155,0.0,0.61584425,0.0,0.68281525,0.68281525,0.27688333,-0.0,8.9,18.748547,17.222221,17.222221,2.0
resstock-amy2018-2021-release-1-66303,0.0,0.75286436,0.0,0.0,0.39628407,0.0,0.0,0.0,0.0,0.0,0.0,0.0,0.0,0.0,0.0,0.0,0.0,0.0,10.800000190734863,0.0,-0.0,0.0,0.0,-0.0,0.0,-0.0,0.0,0.0,-0.0,0.0,1.624444,0.75286436,0.0,0.2757973,0.67208135,0.17639385,0.4557548,0.0,0.0,0.0,0.26245907,0.1383698,0.6781244,0.0,0.67208135,0.0,0.67208135,0.67208135,0.2757973,-0.0,7.2,18.72593,17.222221,17.222221,2.0
resstock-amy2018-2021-release-1-66303,0.0,0.68025637,0.0,0.0,0.35806552,0.0,0.0,0.0,0.0,0.0,0.0,0.0,0.0,0.0,0.0,0.0,0.0,0.0,10.800000190734863,0.0,-0.0,0.0,0.0,-0.0,0.0,-0.0,0.0,0.0,-0.0,0.0,1.624444,0.68025637,0.0,0.27869084,0.63675636,0.1707287,0.42900348,0.0,0.0,0.0,0.2681225,0.1383698,0.6737325,0.0,0.63675636,0.0,0.63675636,0.63675636,0.27869084,-0.0,7.2,18.758137,17.222221,17.222221,2.0
resstock-amy2018-2021-release-1-66303,0.0,0.35493705,0.0,0.0,0.18399279,0.0,0.0,0.0,0.0,0.0,0.0,0.0,0.0,0.0,0.0,0.0,0.0,0.0,10.800000190734863,0.0,-0.0,0.0,0.0,-0.0,0.0,-0.0,0.0,0.0,-0.0,0.0,1.624444,0.35493705,0.0,0.4294283,0.6134211,0.18175292,0.408396,0.0,0.0,0.0,0.29629388,0.1383698,0.6657678,0.0,0.6134211,0.0,0.6134211,0.6134211,0.4294283,-0.0,7.8,18.77208,17.222221,17.222221,2.0
resstock-amy2018-2021-release-1-66303,0.0,0.444095,0.0,0.0,0.23671342,0.0,0.0,0.0,0.0,0.0,0.0,0.0,0.0,0.0,0.0,0.0,0.0,0.0,10.800000190734863,0.0,-0.0,0.0,0.0,-0.0,0.0,-0.0,0.0,0.0,-0.0,0.0,1.624444,0.444095,0.0,0.48635286,0.7230663,0.23088835,0.473332,0.0,0.0,0.0,0.31931838,0.1383698,0.6546177,0.0,0.7230663,0.0,0.7230663,0.7230663,0.48635286,-0.0,6.7,18.831516,17.222221,17.222221,2.0
resstock-amy2018-2021-release-1-66303,0.0,0.2397908,0.0,0.0,0.11919586,0.0,0.0,0.0,0.0,0.0,0.0,0.0,0.0,0.0,0.0,0.0,0.0,0.0,10.800000190734863,0.0,-0.0,0.0,0.0,-0.0,0.0,-0.0,0.0,0.0,-0.0,0.0,1.624444,0.2397908,0.0,0.4937848,0.6021321,0.20256191,0.3870211,0.0,0.0,0.0,0.33640778,0.1383698,0.64275116,0.0,0.6021321,0.0,0.6021321,0.61298066,0.4937848,-0.010848595,9.4,18.942127,17.222221,17.222221,2.0
resstock-amy2018-2021-release-1-66303,0.10009731,0.38046777,0.0,0.0,0.1774752,0.0,0.0,0.0,0.0,0.0,0.0,0.0,0.0,0.0,0.0,0.0,0.0,0.0,10.800000190734863,0.0,-0.0,0.0,0.0,-0.0,0.0,-0.0,0.0,0.0,-0.0,0.0,1.624444,0.38046777,0.0,0.6918109,0.85488075,0.3025889,0.5458009,0.0,0.0,0.0,0.35395452,0.1383698,0.6384527,0.0,0.85488075,0.0,0.85488075,0.8692861,0.6918109,-0.01440536,11.7,19.259375,17.222221,17.222221,2.0
resstock-amy2018-2021-release-1-66303,0.45171785,0.46322215,0.3716173,0.0,0.21607728,0.39797738,0.0,0.0,0.0,0.0,0.0,0.0,0.0,0.0,0.0,0.0,0.0,0.0,10.800000190734863,0.0,-0.0,0.0,0.0,-0.0,0.0,-0.0,0.0,0.0,-0.0,0.0,1.624444,0.46322215,0.0,0.6842159,1.2372497,0.4049824,0.792237,0.0,0.0,0.0,0.3273247,0.1383698,0.640321,0.0,1.2372497,0.0,1.2372497,1.2982706,0.6842159,-0.061020814,11.7,20.21412,17.222221,17.222221,2.0
resstock-amy2018-2021-release-1-66303,1.0424876,0.31306672,0.0,0.0,0.14436792,0.0,0.0,0.0,0.0,0.0,0.0,0.0,0.0,0.0,0.0,0.0,0.0,0.0,10.800000190734863,0.0,-0.0,0.0,0.0,-0.0,0.0,-0.0,0.0,0.0,-0.0,0.0,1.624444,0.31306672,0.0,0.69582623,0.72736704,0.2373603,0.4623236,0.0,0.0,0.0,0.3263281,0.1383698,0.63561255,0.0,0.72736704,0.0,0.72736704,0.84019417,0.69582623,-0.11282711,12.1,21.21579,17.222221,17.222221,2.0
resstock-amy2018-2021-release-1-66303,1.5307673,0.2307031,0.0,0.0,0.104236946,0.0,0.0,0.0,0.0,0.0,0.0,0.0,0.0,0.0,0.0,0.0,0.0,0.0,10.800000190734863,0.0,-0.0,0.0,0.0,-0.0,0.0,-0.0,0.0,0.0,-0.0,0.0,1.624444,0.2307031,0.0,0.85408807,0.8998289,0.263321,0.5657126,0.0,0.0,0.0,0.29263455,0.1383698,0.62868905,0.0,0.8998289,0.0,0.8998289,0.958325,0.85408807,-0.058496114,12.8,21.69903,17.222221,17.222221,2.0
resstock-amy2018-2021-release-1-66303,0.7620121,0.3457888,0.0,0.0,0.27227613,0.0,0.0,0.0,0.0,0.0,0.0,0.0,0.0,0.0,0.0,0.0,0.0,0.0,10.800000190734863,0.0,-0.0,0.0,0.0,-0.0,0.0,-0.0,0.23791131,0.23791131,-0.0,0.14000835,1.624444,0.3457888,0.0,0.6802974,0.9191475,0.2649992,0.57499254,0.0,0.0,0.0,0.28830978,0.1383698,0.62557155,0.0,0.9191475,0.0,0.80817,0.84159607,0.6802974,-0.033426072,11.7,21.446615,17.222221,17.222221,2.0
resstock-amy2018-2021-release-1-66303,0.8524361,0.14356144,0.37161735,0.0,0.31830442,0.39797744,0.0,0.0,0.0,0.0,0.0,0.0,0.0,0.0,0.0,0.0,0.0,0.0,10.800000190734863,0.0,-0.0,0.0,0.0,-0.0,0.0,-0.0,0.54869074,0.54869074,-0.0,0.4625729,1.624444,0.14356144,0.0,0.516602,1.0847517,0.3254703,0.67415106,0.0,0.0,0.0,0.3000413,0.1383698,0.6214796,0.0,1.0847517,0.0,0.83245826,0.98059034,0.516602,-0.14813212,12.2,21.64912,17.222221,17.222221,2.0
resstock-amy2018-2021-release-1-66303,1.0955824,0.20775123,1.114852,0.0,0.35946935,1.1939322,0.0,0.0,0.0,0.0,0.0,0.0,0.0,0.0,0.0,0.0,0.0,0.0,10.800000190734863,0.0,-0.0,0.0,0.0,-0.0,0.0,-0.0,0.57402694,0.57402694,-0.0,0.79927737,1.624444,0.20775123,0.0,0.70981485,2.1294122,0.6590792,1.2973404,0.0,0.0,0.0,0.30951226,0.1383698,0.60924816,0.0,2.1294122,0.0,1.865469,1.9992732,0.70981485,-0.13380423,12.2,22.30114,17.222221,17.222221,2.0
resstock-amy2018-2021-release-1-66303,1.0582572,0.11234248,0.37161496,0.0,0.5499766,0.39797488,0.0,0.0,0.0,0.0,0.0,0.0,0.0,0.0,0.0,0.0,0.0,0.0,10.800000190734863,0.0,-0.0,0.0,0.0,-0.0,0.0,-0.0,0.3443238,0.3443238,-0.0,1.0,1.624444,0.11234248,0.0,0.7958476,1.6624664,0.548082,0.9918109,0.0,0.0,0.0,0.32968006,0.1383698,0.59659004,0.0,1.6624664,0.0,1.5018511,1.5831838,0.7958476,-0.08133274,11.7,22.323765,17.222221,17.222221,2.0
resstock-amy2018-2021-release-1-66303,0.34961,0.12164917,0.0,0.0,0.25286892,0.0,0.0,0.0,0.0,0.0,0.0,0.0,0.0,0.0,0.0,0.0,0.0,0.0,10.800000190734863,0.0,-0.0,0.0,0.0,-0.0,0.0,-0.0,0.004057115,0.004057115,-0.0,1.0,1.624444,0.12164917,0.0,0.64418656,0.89084625,0.3073261,0.5395203,0.0,0.0,0.0,0.3449822,0.1383698,0.60562676,0.0,0.89084625,0.0,0.8888943,0.8951036,0.64418656,-0.0062092273,10.6,21.553345,17.777779,17.777779,2.0
resstock-amy2018-2021-release-1-66303,0.0,0.07445201,0.37161675,0.0,0.4763265,0.3979768,0.0,0.0,0.0,0.0,0.0,0.0,0.0,0.0,0.0,0.0,0.0,0.0,10.800000190734863,0.0,-0.0,0.0,0.0,-0.0,0.0,-0.0,0.004057115,0.004057115,-0.0,1.0,1.624444,0.07445201,0.0,0.34666762,1.2209709,0.44329748,0.7299933,0.0,0.0,0.0,0.36306965,0.1383698,0.59787935,0.0,1.2209709,0.0,1.2189865,1.2189865,0.34666762,-0.0,10.0,20.957102,17.777779,17.777779,2.0
resstock-amy2018-2021-release-1-66303,0.0,0.017106062,0.0,0.0,0.2706981,0.0,0.0,0.0,0.0,0.0,0.0,0.0,0.0,0.0,0.0,0.0,0.0,0.0,10.800000190734863,0.0,-0.0,0.0,0.0,-0.0,0.0,-0.0,0.004057115,0.004057115,-0.0,1.0,1.624444,0.017106062,0.0,0.7418535,1.0125515,0.3588436,0.5721117,0.0,0.0,0.0,0.3543954,0.1383698,0.56501985,0.0,1.0125515,0.0,1.0105349,1.0105349,0.7418535,-0.0,9.4,20.638525,18.24537,18.24537,2.0
resstock-amy2018-2021-release-1-66303,0.75802076,0.085941106,2.0426726,0.0,0.46305192,2.1875663,0.0,0.0,0.0,0.0,0.0,0.0,0.0,0.0,0.0,0.0,0.0,0.0,10.800000190734863,0.0,-0.0,0.0,0.0,-0.0,0.0,-0.0,0.004057115,0.004057115,-0.0,1.0,1.624444,0.085941106,0.0,1.0329528,3.6835709,1.2352239,2.0097065,0.0,0.0,0.0,0.3353333,0.1383698,0.54558647,0.0,3.6835709,0.0,3.6815271,3.6815271,1.0329528,-0.0,8.9,20.390274,18.333334,18.333334,2.0
resstock-amy2018-2021-release-1-66303,0.0,0.353415,0.0,0.0,0.0,0.0,0.0,0.0,0.0,0.0,0.0,0.0,0.0,0.0,0.0,0.0,0.0,0.0,10.800000190734863,0.0,-0.0,0.0,0.0,-0.0,0.0,-0.0,0.0,0.0,0.353415,0.7700311,1.624444,0.0,0.0,0.894598,0.894598,0.27274325,0.47332484,0.0,0.0,0.0,0.304878,0.1383698,0.5290922,0.0,0.894598,0.0,1.0754495,1.0754495,0.894598,-0.0,8.3,20.09021,18.333334,18.333334,2.0
resstock-amy2018-2021-release-1-66303,0.0,0.0972569,0.0,0.0,0.0,0.0,0.0,0.0,0.0,0.0,0.0,0.0,0.0,0.0,0.0,0.0,0.0,0.0,10.800000190734863,0.0,-0.0,0.0,0.0,-0.0,0.0,-0.0,0.0,0.0,0.097256936,0.705564,1.624444,0.0,0.0,0.34774005,0.34774005,0.10592051,0.17972341,0.0,0.0,0.0,0.3045968,0.1383698,0.51683265,0.0,0.34774005,0.0,0.39815626,0.39815626,0.34774005,-0.0,7.8,19.510117,17.777779,17.777779,2.0
resstock-amy2018-2021-release-1-66303,0.0,0.22156924,0.0,0.0,0.0,0.0,0.0,0.0,0.0,0.0,0.0,0.0,0.0,0.0,0.0,0.0,0.0,0.0,10.800000190734863,0.0,-0.0,0.0,0.0,-0.0,0.0,-0.0,0.0,0.0,0.22156924,0.5612001,1.624444,0.0,0.0,0.3323414,0.3323414,0.09841627,0.17011136,0.0,0.0,0.0,0.29613003,0.1383698,0.5118573,0.0,0.3323414,0.0,0.44896847,0.44896847,0.3323414,-0.0,7.2,19.041395,17.222221,17.222221,2.0
resstock-amy2018-2021-release-1-66303,0.0,0.4251119,0.0,0.0,0.0,0.0,0.0,0.0,0.0,0.0,0.0,0.0,0.0,0.0,0.0,0.0,0.0,0.0,10.800000190734863,0.0,-0.0,0.0,0.0,-0.0,0.0,-0.0,0.0,0.0,0.4251119,0.2861097,1.624444,0.0,0.0,0.30831632,0.30831632,0.088477045,0.15716197,0.0,0.0,0.0,0.2869684,0.1383698,0.5097426,0.0,0.30831632,0.0,0.53208184,0.53208184,0.30831632,-0.0,7.2,18.585312,17.222221,17.222221,2.0
resstock-amy2018-2021-release-1-66303,0.0,0.36479142,0.0,0.0,0.0,0.0,0.0,0.0,0.0,0.0,0.0,0.0,0.0,0.0,0.0,0.0,0.0,0.0,10.800000190734863,0.0,-0.0,0.0,0.0,-0.0,0.0,-0.0,0.0,0.0,0.36479142,0.050519384,1.624444,0.0,0.0,0.2866847,0.2866847,0.080782644,0.14480306,0.0,0.0,0.0,0.2817822,0.1383698,0.5050952,0.0,0.2866847,0.0,0.48112738,0.48112738,0.2866847,-0.0,6.7,18.045547,17.222221,17.222221,2.0
resstock-amy2018-2021-release-1-66303,0.0,0.43433583,0.0,0.0,0.19263831,0.0,0.0,0.0,0.0,0.0,0.0,0.0,0.0,0.0,0.0,0.0,0.0,0.0,10.800000190734863,0.0,-0.0,0.0,0.0,-0.0,0.0,-0.0,0.0,0.0,0.07826511,0.0,1.624444,0.35607073,0.0,0.28195497,0.47459328,0.13186131,0.23982954,0.0,0.0,0.0,0.27784067,0.1383698,0.505337,0.0,0.47459328,0.0,0.5169356,0.5169356,0.28195497,-0.0,6.1,17.640255,17.222221,17.222221,2.0
resstock-amy2018-2021-release-1-66303,0.0,0.597108,0.0,0.0,0.3230422,0.0,0.0,0.0,0.0,0.0,0.0,0.0,0.0,0.0,0.0,0.0,0.0,0.0,10.800000190734863,0.0,-0.0,0.0,0.0,-0.0,0.0,-0.0,0.0,0.0,-0.0,0.0,1.624444,0.597108,0.0,0.27688333,0.5999255,0.16511154,0.31124172,0.0,0.0,0.0,0.27522007,0.1383698,0.5188006,0.0,0.5999255,0.0,0.5999255,0.5999255,0.27688333,-0.0,6.1,17.4029,17.222221,17.222221,2.0
resstock-amy2018-2021-release-1-66303,0.0,1.2952813,0.0,0.0,0.7197285,0.0,0.0,0.0,0.0,0.0,0.0,0.0,0.0,0.0,0.0,0.0,0.0,0.0,10.800000190734863,0.0,-0.0,0.0,0.0,-0.0,0.0,-0.0,0.0,0.0,-0.0,0.0,1.624444,1.2952813,0.0,0.2757973,0.99552584,0.27520296,0.5385104,0.0,0.0,0.0,0.2764398,0.1383698,0.54093057,0.0,0.99552584,0.0,0.99552584,0.99552584,0.2757973,-0.0,5.0,17.75262,17.222221,17.222221,2.0
resstock-amy2018-2021-release-1-66303,0.0,1.2086223,0.0,0.0,0.68927383,0.0,0.0,0.0,0.0,0.0,0.0,0.0,0.0,0.0,0.0,0.0,0.0,0.0,10.800000190734863,0.0,-0.0,0.0,0.0,-0.0,0.0,-0.0,0.0,0.0,-0.0,0.0,1.624444,1.2086223,0.0,0.27869084,0.96796465,0.27296165,0.5319032,0.0,0.0,0.0,0.28199548,0.1383698,0.54950684,0.0,0.96796465,0.0,0.96796465,0.96796465,0.27869084,-0.0,3.9,17.925064,17.222221,17.222221,2.0
resstock-amy2018-2021-release-1-66303,0.0,0.833238,0.0,0.0,0.48184833,0.0,0.0,0.0,0.0,0.0,0.0,0.0,0.0,0.0,0.0,0.0,0.0,0.0,10.800000190734863,0.0,-0.0,0.0,0.0,-0.0,0.0,-0.0,0.0,0.0,-0.0,0.0,1.624444,0.833238,0.0,0.29054374,0.77239203,0.24006425,0.42709368,0.0,0.0,0.0,0.3108062,0.1383698,0.55294937,0.0,0.77239203,0.0,0.77239203,0.77239203,0.29054374,-0.0,3.3,18.121992,17.222221,17.222221,2.0
resstock-amy2018-2021-release-1-66303,0.0,0.32566518,0.0,0.0,0.19049458,0.0,0.0,0.0,0.0,0.0,0.0,0.0,0.0,0.0,0.0,0.0,0.0,0.0,10.800000190734863,0.0,-0.0,0.0,0.0,-0.0,0.0,-0.0,0.0,0.0,-0.0,0.0,1.624444,0.32566518,0.0,0.30043697,0.49093157,0.16804516,0.2751571,0.0,0.0,0.0,0.34229854,0.1383698,0.5604795,0.0,0.49093157,0.0,0.49093157,0.49093157,0.30043697,-0.0,2.8,18.273117,17.222221,17.222221,2.0
resstock-amy2018-2021-release-1-66303,0.105169,0.2258304,5.7402105,0.0,0.118870005,6.147383,0.0,0.0,0.0,0.0,0.0,0.0,0.0,0.0,0.0,0.0,0.0,0.0,10.800000190734863,0.0,-0.0,0.0,0.0,-0.0,0.0,-0.0,0.0,0.0,-0.0,0.0,1.624444,0.2258304,0.0,0.4937848,6.7514405,2.504612,3.8278975,0.0,0.0,0.0,0.37097445,0.1383698,0.56697494,0.0,6.7514405,0.0,6.7514405,6.760038,0.4937848,-0.008597471,7.2,18.44255,17.314816,17.314816,2.0
resstock-amy2018-2021-release-1-66303,0.0,0.4673441,0.0,0.0,0.23230869,0.0,0.0,0.0,0.0,0.0,0.0,0.0,0.0,0.0,0.0,0.0,0.0,0.0,10.800000190734863,0.0,-0.0,0.0,0.0,-0.0,0.0,-0.0,0.0,0.0,-0.0,0.0,1.624444,0.4673441,0.0,0.492051,0.7120019,0.25721937,0.4176591,0.0,0.0,0.0,0.3612622,0.1383698,0.5865983,0.0,0.7120019,0.0,0.7120019,0.7243597,0.492051,-0.012357795,9.4,18.804447,17.222221,17.222221,2.0
resstock-amy2018-2021-release-1-66303,0.6561028,0.2655883,0.74355483,0.0,0.12777683,0.7962977,0.0,0.0,0.0,0.0,0.0,0.0,0.0,0.0,0.0,0.0,0.0,0.0,10.800000190734863,0.0,-0.0,0.0,0.0,-0.0,0.0,-0.0,0.0,0.0,-0.0,0.0,1.624444,0.2655883,0.0,0.48839432,1.3507407,0.44599405,0.81276613,0.0,0.0,0.0,0.33018482,0.1383698,0.60171884,0.0,1.3507407,0.0,1.3507407,1.4124689,0.48839432,-0.06172826,10.6,19.794016,17.222221,17.222221,2.0
resstock-amy2018-2021-release-1-66303,0.8058352,0.15220313,0.0,0.0,0.072213195,0.0,0.0,0.0,0.0,0.0,0.0,0.0,0.0,0.0,0.0,0.0,0.0,0.0,10.800000190734863,0.0,-0.0,0.0,0.0,-0.0,0.0,-0.0,0.0,0.0,-0.0,0.0,1.624444,0.15220313,0.0,0.5018713,0.45051825,0.145042,0.27755916,0.0,0.0,0.0,0.32194477,0.1383698,0.6160886,0.0,0.45051825,0.0,0.45051825,0.57408446,0.5018713,-0.1235662,11.1,20.592121,17.222221,17.222221,2.0
resstock-amy2018-2021-release-1-66303,1.1492283,0.27300018,1.8589102,0.0,0.12734523,1.990769,0.0,0.0,0.0,0.0,0.0,0.0,0.0,0.0,0.0,0.0,0.0,0.0,10.800000190734863,0.0,-0.0,0.0,0.0,-0.0,0.0,-0.0,0.0,0.0,-0.0,0.0,1.624444,0.27300018,0.0,0.29362714,2.2422743,0.6890242,1.3853607,0.0,0.0,0.0,0.3072881,0.1383698,0.6178373,0.0,2.2422743,0.0,2.2422743,2.4117413,0.29362714,-0.16946703,11.7,21.5178,17.222221,17.222221,2.0
resstock-amy2018-2021-release-1-66303,1.5248328,0.40677777,0.5078673,0.0,0.1837915,0.543892,0.0,0.0,0.0,0.0,0.0,0.0,0.0,0.0,0.0,0.0,0.0,0.0,10.800000190734863,0.0,-0.0,0.0,0.0,-0.0,0.0,-0.0,0.0,0.0,-0.0,0.0,1.624444,0.40677777,0.0,0.4876461,1.0280093,0.3108371,0.6216579,0.0,0.0,0.0,0.302368,0.1383698,0.6047201,0.0,1.0280093,0.0,1.0280093,1.2153296,0.4876461,-0.18732038,12.8,22.894913,17.222221,17.222221,2.0
resstock-amy2018-2021-release-1-66303,1.7346582,1.0248091,0.0,0.0,0.58890593,0.0,0.0,0.0,0.0,0.0,0.0,0.0,0.0,0.0,0.0,0.0,0.0,0.0,10.800000190734863,0.0,-0.0,0.0,0.0,-0.0,0.0,-0.0,0.25595048,0.25595048,-0.0,0.15062422,1.624444,1.0248091,0.0,0.516602,0.9152693,0.2822584,0.5354703,0.0,0.0,0.0,0.30838835,0.1383698,0.5850412,0.0,0.9152693,0.0,0.7975807,0.98781925,0.516602,-0.19023855,12.2,24.069141,17.222221,17.222221,2.0
resstock-amy2018-2021-release-1-66303,1.9282588,0.18943745,0.0,0.0,0.1669687,0.0,0.0,0.0,0.0,0.0,0.0,0.0,0.0,0.0,0.0,0.0,0.0,0.0,10.800000190734863,0.0,-0.0,0.0,0.0,-0.0,0.0,-0.0,0.18010716,0.18010716,-0.0,0.25625578,1.624444,0.18943745,0.0,0.50305855,0.5037928,0.16105111,0.2889668,0.0,0.0,0.0,0.31967726,0.1383698,0.5735826,0.0,0.5037928,0.0,0.42241627,0.5886507,0.50305855,-0.16623445,12.8,24.660967,17.222221,17.222221,2.0
resstock-amy2018-2021-release-1-66303,1.147203,0.07573269,0.0,0.0,0.24730867,0.0,0.0,0.0,0.0,0.0,0.0,0.0,0.0,0.0,0.0,0.0,0.0,0.0,10.800000190734863,0.0,-0.0,0.0,0.0,-0.0,0.0,-0.0,0.46211714,0.46211714,-0.0,0.5275951,1.624444,0.07573269,0.0,0.55436623,0.72749937,0.24100651,0.41032764,0.0,0.0,0.0,0.3312807,0.1383698,0.56402475,0.0,0.72749937,0.0,0.51501334,0.5891889,0.55436623,-0.07417554,12.2,24.485874,18.333334,18.333334,2.0
resstock-amy2018-2021-release-1-66303,0.77945095,0.32476747,0.0,0.0,0.405826,0.0,0.0,0.0,0.0,0.0,0.0,0.0,0.0,0.0,0.0,0.0,0.0,0.0,10.800000190734863,0.0,-0.0,0.0,0.0,-0.0,0.0,-0.0,0.5305885,0.5305885,-0.0,0.83858126,1.624444,0.32476747,0.0,0.64418656,1.0420675,0.35981324,0.5874247,0.0,0.0,0.0,0.34528783,0.1383698,0.56371075,0.0,1.0420675,0.0,0.7903283,0.7982734,0.64418656,-0.007945065,11.1,23.58405,18.333334,18.333334,2.0
resstock-amy2018-2021-release-1-66303,0.44706768,0.037314635,0.0,0.0,0.1393129,0.0,0.0,0.0,0.0,0.0,0.0,0.0,0.0,0.0,0.0,0.0,0.0,0.0,10.800000190734863,0.0,-0.0,0.0,0.0,-0.0,0.0,-0.0,0.24752305,0.24752305,-0.0,0.98224384,1.624444,0.037314635,0.0,0.72345006,0.8627629,0.29464868,0.4914748,0.0,0.0,0.0,0.34151754,0.1383698,0.5696522,0.0,0.8627629,0.0,0.7417005,0.7417005,0.72345006,-0.0,10.0,22.71116,18.333334,18.333334,2.0
resstock-amy2018-2021-release-1-66303,0.0036051227,0.02859192,0.0,0.0,0.0021410584,0.0,0.0,0.0,0.0,0.0,0.0,0.0,0.0,0.0,0.0,0.0,0.0,0.0,10.800000190734863,0.0,-0.0,0.0,0.0,-0.0,0.0,-0.0,0.0,0.0,0.024341583,0.9642239,1.624444,0.0042503364,0.0,0.35538593,0.357527,0.119626835,0.1941496,0.0,0.0,0.0,0.33459526,0.1383698,0.5430348,0.0,0.357527,0.0,0.3697888,0.3697888,0.35538593,-0.0,8.9,21.916183,18.324074,18.324074,2.0
resstock-amy2018-2021-release-1-66303,0.05911447,0.01207315,1.1153425,0.0,0.0,1.1944575,0.0,0.0,0.0,0.0,0.0,0.0,0.0,0.0,0.0,0.0,0.0,0.0,10.800000190734863,0.0,-0.0,0.0,0.0,-0.0,0.0,-0.0,0.0,0.0,0.012073184,0.9541473,1.624444,0.0,0.0,0.36042893,1.5548865,0.5088729,0.8274175,0.0,0.0,0.0,0.32727337,0.1383698,0.53214014,0.0,1.5548865,0.0,1.5609682,1.5609682,0.36042893,-0.0,8.9,21.312992,17.777779,17.777779,2.0
resstock-amy2018-2021-release-1-66303,1.0294902,0.09617543,2.185046,0.0,0.0,2.3400388,0.0,0.0,0.0,0.0,0.0,0.0,0.0,0.0,0.0,0.0,0.0,0.0,10.800000190734863,0.0,-0.0,0.0,0.0,-0.0,0.0,-0.0,0.0,0.0,0.09617545,0.8899371,1.624444,0.0,0.0,0.6290092,2.969048,0.91827375,1.6034005,0.0,0.0,0.0,0.3092822,0.1383698,0.5400386,0.0,2.969048,0.0,3.0174954,3.0174954,0.6290092,-0.0,8.9,20.874603,17.777779,17.777779,2.0
resstock-amy2018-2021-release-1-66303,0.0,0.17517535,0.0,0.0,0.0,0.0,0.0,0.0,0.0,0.0,0.0,0.0,0.0,0.0,0.0,0.0,0.0,0.0,10.800000190734863,0.0,-0.0,0.0,0.0,-0.0,0.0,-0.0,0.0,0.0,0.17517537,0.77500826,1.624444,0.0,0.0,0.56559175,0.56559175,0.17343011,0.30292642,0.0,0.0,0.0,0.3066348,0.1383698,0.535592,0.0,0.56559175,0.0,0.66152954,0.66152954,0.56559175,-0.0,5.6,20.20121,17.541666,17.541666,2.0
resstock-amy2018-2021-release-1-66303,0.0,0.57698596,0.0,0.0,0.0,0.0,0.0,0.0,0.0,0.0,0.0,0.0,0.0,0.0,0.0,0.0,0.0,0.0,10.800000190734863,0.0,-0.0,0.0,0.0,-0.0,0.0,-0.0,0.0,0.0,0.57698596,0.40160814,1.624444,0.0,0.0,0.3323414,0.3323414,0.10034643,0.17809208,0.0,0.0,0.0,0.3019378,0.1383698,0.53587085,0.0,0.3323414,0.0,0.6444974,0.6444974,0.3323414,-0.0,6.1,19.76849,17.222221,17.222221,2.0
resstock-amy2018-2021-release-1-66303,0.0,0.09384069,0.0,0.0,0.0,0.0,0.0,0.0,0.0,0.0,0.0,0.0,0.0,0.0,0.0,0.0,0.0,0.0,10.800000190734863,0.0,-0.0,0.0,0.0,-0.0,0.0,-0.0,0.0,0.0,0.09384069,0.34022063,1.624444,0.0,0.0,0.30831632,0.30831632,0.08806702,0.16640224,0.0,0.0,0.0,0.2856385,0.1383698,0.5397127,0.0,0.30831632,0.0,0.3612088,0.3612088,0.30831632,-0.0,4.4,18.893082,17.222221,17.222221,2.0
resstock-amy2018-2021-release-1-66303,0.0,0.13828632,0.0,0.0,0.0,0.0,0.0,0.0,0.0,0.0,0.0,0.0,0.0,0.0,0.0,0.0,0.0,0.0,10.800000190734863,0.0,-0.0,0.0,0.0,-0.0,0.0,-0.0,0.0,0.0,0.13828632,0.25035894,1.624444,0.0,0.0,0.2866847,0.2866847,0.07225594,0.15008216,0.0,0.0,0.0,0.25203976,0.1383698,0.5235095,0.0,0.2866847,0.0,0.36462855,0.36462855,0.2866847,-0.0,4.4,18.217995,17.222221,17.222221,2.0
resstock-amy2018-2021-release-1-66303,0.0,0.12872493,0.0,0.0,0.0,0.0,0.0,0.0,0.0,0.0,0.0,0.0,0.0,0.0,0.0,0.0,0.0,0.0,10.800000190734863,0.0,-0.0,0.0,0.0,-0.0,0.0,-0.0,0.0,0.0,0.12872493,0.16686885,1.624444,0.0,0.0,0.28195497,0.28195497,0.06699445,0.14134683,0.0,0.0,0.0,0.23760691,0.1383698,0.50130993,0.0,0.28195497,0.0,0.35536644,0.35536644,0.28195497,-0.0,3.9,17.501614,17.222221,17.222221,2.0
resstock-amy2018-2021-release-1-66303,0.0,0.38092625,0.0,0.0,0.07078858,0.0,0.0,0.0,0.0,0.0,0.0,0.0,0.0,0.0,0.0,0.0,0.0,0.0,10.800000190734863,0.0,-0.0,0.0,0.0,-0.0,0.0,-0.0,0.0,0.0,0.25851485,0.0,1.624444,0.1224114,0.0,0.27688333,0.34767193,0.07770885,0.17050804,0.0,0.0,0.0,0.22351201,0.1383698,0.49042797,0.0,0.34767193,0.0,0.497167,0.497167,0.27688333,-0.0,3.3,16.953308,17.222221,17.222221,2.0
resstock-amy2018-2021-release-1-66303,0.0,0.46415257,0.0,0.0,0.26841208,0.0,0.0,0.0,0.0,0.0,0.0,0.0,0.0,0.0,0.0,0.0,0.0,0.0,10.800000190734863,0.0,-0.0,0.0,0.0,-0.0,0.0,-0.0,0.0,0.0,-0.0,0.0,1.624444,0.46415257,0.0,0.2757973,0.54420936,0.119685136,0.26945806,0.0,0.0,0.0,0.21992481,0.1383698,0.49513674,0.0,0.54420936,0.0,0.54420936,0.54420936,0.2757973,-0.0,3.3,16.567833,17.222221,17.222221,2.0
resstock-amy2018-2021-release-1-66303,0.0,0.9063165,0.0,0.0,0.5108374,0.0,0.0,0.0,0.0,0.0,0.0,0.0,0.0,0.0,0.0,0.0,0.0,0.0,10.800000190734863,0.0,-0.0,0.0,0.0,-0.0,0.0,-0.0,0.0,0.0,-0.0,0.0,1.624444,0.9063165,0.0,0.43331268,0.9441501,0.19649602,0.47582722,0.0,0.0,0.0,0.20811948,0.1383698,0.50397414,0.0,0.9441501,0.0,0.9441501,0.9441501,0.43331268,-0.0,4.4,16.668118,17.222221,17.222221,2.0
resstock-amy2018-2021-release-1-66303,0.0,0.624256,0.0,0.0,0.36099738,0.0,0.0,0.0,0.0,0.0,0.0,0.0,0.0,0.0,0.0,0.0,0.0,0.0,10.800000190734863,0.0,-0.0,0.0,0.0,-0.0,0.0,-0.0,0.0,0.0,-0.0,0.0,1.624444,0.624256,0.0,0.4294283,0.79042566,0.19282795,0.4174837,0.0,0.0,0.0,0.24395457,0.1383698,0.5281758,0.0,0.79042566,0.0,0.79042566,0.79042566,0.4294283,-0.0,3.3,16.676285,17.222221,17.222221,2.0
resstock-amy2018-2021-release-1-66303,0.0,0.90058976,0.0,0.0,0.5207968,0.0,0.0,0.0,0.0,0.0,0.0,0.0,0.0,0.0,0.0,0.0,0.0,0.0,10.800000190734863,0.0,-0.0,0.0,0.0,-0.0,0.0,-0.0,0.0,0.0,-0.0,0.0,1.624444,0.90058976,0.0,0.48635286,1.0071497,0.27224937,0.5716146,0.0,0.0,0.0,0.2703167,0.1383698,0.56755674,0.0,1.0071497,0.0,1.0071497,1.0071497,0.48635286,-0.0,3.3,16.966408,17.222221,17.222221,2.0
resstock-amy2018-2021-release-1-66303,0.0,0.16914551,0.0,0.0,0.089032866,0.0,0.0,0.0,0.0,0.0,0.0,0.0,0.0,0.0,0.0,0.0,0.0,0.0,10.800000190734863,0.0,-0.0,0.0,0.0,-0.0,0.0,-0.0,0.0,0.0,-0.0,0.0,1.624444,0.16914551,0.0,0.3895529,0.4676548,0.1328252,0.2750687,0.0,0.0,0.0,0.28402403,0.1383698,0.5881875,0.0,0.4676548,0.0,0.4676548,0.47858575,0.3895529,-0.010930958,7.2,17.218887,17.222221,17.222221,2.0
resstock-amy2018-2021-release-1-66303,0.0,0.1790821,1.1158383,0.0,0.090210564,1.1949885,0.0,0.0,0.0,0.0,0.0,0.0,0.0,0.0,0.0,0.0,0.0,0.0,10.800000190734863,0.0,-0.0,0.0,0.0,-0.0,0.0,-0.0,0.0,0.0,-0.0,0.0,1.624444,0.1790821,0.0,0.492051,1.7548578,0.5117052,1.0581911,0.0,0.0,0.0,0.29159355,0.1383698,0.6030067,0.0,1.7548578,0.0,1.7548578,1.77725,0.492051,-0.022392238,8.9,17.44379,17.222221,17.222221,2.0
resstock-amy2018-2021-release-1-66303,0.0,0.34948987,0.37194827,0.0,0.17093398,0.39833182,0.0,0.0,0.0,0.0,0.0,0.0,0.0,0.0,0.0,0.0,0.0,0.0,10.800000190734863,0.0,-0.0,0.0,0.0,-0.0,0.0,-0.0,0.0,0.0,-0.0,0.0,1.624444,0.34948987,0.0,0.29257274,0.7986876,0.23285364,0.4883228,0.0,0.0,0.0,0.29154533,0.1383698,0.6114065,0.0,0.7986876,0.0,0.7986876,0.8618385,0.29257274,-0.063150935,10.0,18.083742,17.222221,17.222221,2.0
resstock-amy2018-2021-release-1-66303,0.08160226,0.20314455,0.37194824,0.0,0.09475998,0.3983318,0.0,0.0,0.0,0.0,0.0,0.0,0.0,0.0,0.0,0.0,0.0,0.0,10.800000190734863,0.0,-0.0,0.0,0.0,-0.0,0.0,-0.0,0.0,0.0,-0.0,0.0,1.624444,0.20314455,0.0,0.30791634,0.7130134,0.19435655,0.4433759,0.0,0.0,0.0,0.2725847,0.1383698,0.62183386,0.0,0.7130134,0.0,0.7130134,0.80100805,0.30791634,-0.08799465,11.7,18.756939,17.222221,17.222221,2.0
resstock-amy2018-2021-release-1-66303,0.34501097,0.2744205,0.0,0.0,0.12618126,0.0,0.0,0.0,0.0,0.0,0.0,0.0,0.0,0.0,0.0,0.0,0.0,0.0,10.800000190734863,0.0,-0.0,0.0,0.0,-0.0,0.0,-0.0,0.0,0.0,-0.0,0.0,1.624444,0.2744205,0.0,0.48707625,0.51884997,0.14273974,0.32742953,0.0,0.0,0.0,0.27510792,0.1383698,0.6310679,0.0,0.51884997,0.0,0.51884997,0.6132575,0.48707625,-0.094407536,12.2,19.53529,17.222221,17.222221,2.0
resstock-amy2018-2021-release-1-66303,0.083832316,0.11196065,0.0,0.0,0.050586384,0.0,0.0,0.0,0.0,0.0,0.0,0.0,0.0,0.0,0.0,0.0,0.0,0.0,10.800000190734863,0.0,-0.0,0.0,0.0,-0.0,0.0,-0.0,0.0,0.0,-0.0,0.0,1.624444,0.11196065,0.0,0.29499483,0.22888157,0.06273819,0.14468154,0.0,0.0,0.0,0.27410764,0.1383698,0.63212407,0.0,0.22888157,0.0,0.22888157,0.3455812,0.29499483,-0.11669964,12.8,19.969357,17.578703,17.578703,2.0
resstock-amy2018-2021-release-1-66303,0.46775994,0.2451342,0.0,0.0,0.11075725,0.0,0.0,0.0,0.0,0.0,0.0,0.0,0.0,0.0,0.0,0.0,0.0,0.0,10.800000190734863,0.0,-0.0,0.0,0.0,-0.0,0.0,-0.0,0.0,0.0,-0.0,0.0,1.624444,0.2451342,0.0,0.516602,0.5315186,0.14848699,0.3319338,0.0,0.0,0.0,0.2793637,0.1383698,0.6245008,0.0,0.5315186,0.0,0.5315186,0.6273592,0.516602,-0.09584064,12.8,20.830103,17.777779,17.777779,2.0
resstock-amy2018-2021-release-1-66303,0.5765155,0.36884192,0.0,0.0,0.16419625,0.0,0.0,0.0,0.0,0.0,0.0,0.0,0.0,0.0,0.0,0.0,0.0,0.0,10.800000190734863,0.0,-0.0,0.0,0.0,-0.0,0.0,-0.0,0.0,0.0,-0.0,0.0,1.624444,0.36884192,0.0,0.50305855,0.611013,0.17349091,0.37356132,0.0,0.0,0.0,0.2839398,0.1383698,0.61138034,0.0,0.611013,0.0,0.611013,0.6672548,0.50305855,-0.0562418,13.3,21.154343,17.777779,17.777779,2.0
resstock-amy2018-2021-release-1-66303,0.8274028,0.51947683,0.0,0.0,0.23471153,0.0,0.0,0.0,0.0,0.0,0.0,0.0,0.0,0.0,0.0,0.0,0.0,0.0,10.800000190734863,0.0,-0.0,0.0,0.0,-0.0,0.0,-0.0,0.0,0.0,-0.0,0.0,1.624444,0.51947683,0.0,0.72792894,0.9385307,0.27813905,0.56556165,0.0,0.0,0.0,0.29635584,0.1383698,0.60260326,0.0,0.9385307,0.0,0.9385307,0.96264046,0.72792894,-0.024109807,12.8,21.030632,17.777779,17.777779,2.0
resstock-amy2018-2021-release-1-66303,0.22776124,0.027640764,0.0,0.0,0.15592033,0.0,0.0,0.0,0.0,0.0,0.0,0.0,0.0,0.0,0.0,0.0,0.0,0.0,10.800000190734863,0.0,-0.0,0.0,0.0,-0.0,0.0,-0.0,0.31145662,0.31145662,-0.0,0.183289,1.624444,0.027640764,0.0,0.33285508,0.487791,0.15337166,0.29196113,0.0,0.0,0.0,0.31442085,0.1383698,0.5985373,0.0,0.487791,0.0,0.34458017,0.34556457,0.33285508,-0.0009843978,12.2,20.462536,17.777779,17.777779,2.0
resstock-amy2018-2021-release-1-66303,0.04829399,0.04542801,0.0,0.0,0.17261423,0.0,0.0,0.0,0.0,0.0,0.0,0.0,0.0,0.0,0.0,0.0,0.0,0.0,10.800000190734863,0.0,-0.0,0.0,0.0,-0.0,0.0,-0.0,0.3299755,0.3299755,-0.0,0.37703854,1.624444,0.04542801,0.0,0.34666762,0.51928186,0.1680116,0.30668196,0.0,0.0,0.0,0.32354608,0.1383698,0.5905886,0.0,0.51928186,0.0,0.36755586,0.36755586,0.34666762,-0.0,12.2,20.208935,17.777779,17.777779,2.0
resstock-amy2018-2021-release-1-66303,0.0,0.028233891,0.37194702,0.0,0.14236008,0.39833048,0.0,0.0,0.0,0.0,0.0,0.0,0.0,0.0,0.0,0.0,0.0,0.0,10.800000190734863,0.0,-0.0,0.0,0.0,-0.0,0.0,-0.0,0.2769548,0.2769548,-0.0,0.5391234,1.624444,0.028233891,0.0,0.35538593,0.89607644,0.2900121,0.5072119,0.0,0.0,0.0,0.3236466,0.1383698,0.56603646,0.0,0.89607644,0.0,0.7668865,0.7668865,0.35538593,-0.0,11.7,20.00684,17.99537,17.99537,2.0
resstock-amy2018-2021-release-1-66303,0.0,0.28599957,0.0,0.0,0.3362431,0.0,0.0,0.0,0.0,0.0,0.0,0.0,0.0,0.0,0.0,0.0,0.0,0.0,10.800000190734863,0.0,-0.0,0.0,0.0,-0.0,0.0,-0.0,0.43483165,0.43483165,-0.0,0.79373014,1.624444,0.28599957,0.0,0.36042893,0.696672,0.21450444,0.38226908,0.0,0.0,0.0,0.30789873,0.1383698,0.54870737,0.0,0.696672,0.0,0.49383795,0.49383795,0.36042893,-0.0,11.7,19.999779,18.333334,18.333334,2.0
resstock-amy2018-2021-release-1-66303,0.0,0.013784234,0.0,0.0,0.23102647,0.0,0.0,0.0,0.0,0.0,0.0,0.0,0.0,0.0,0.0,0.0,0.0,0.0,10.800000190734863,0.0,-0.0,0.0,0.0,-0.0,0.0,-0.0,0.35372743,0.35372743,-0.0,1.0,1.624444,0.013784234,0.0,0.36342037,0.59444684,0.17741182,0.32335696,0.0,0.0,0.0,0.2984486,0.1383698,0.5439628,0.0,0.59444684,0.0,0.4294451,0.4294451,0.36342037,-0.0,11.7,19.728613,18.092592,18.092592,2.0
resstock-amy2018-2021-release-1-66303,0.0,0.04371838,0.0,0.0,3.5349488e-09,0.0,0.0,0.0,0.0,0.0,0.0,0.0,0.0,0.0,0.0,0.0,0.0,0.0,10.800000190734863,0.0,-0.0,0.0,0.0,-0.0,0.0,-0.0,0.0,0.0,0.04371837,0.96946,1.624444,7.450581e-09,0.0,0.34774005,0.34774005,0.1028789,0.1904763,0.0,0.0,0.0,0.29585,0.1383698,0.5477548,0.0,0.34774005,0.0,0.36848235,0.36848235,0.34774005,-0.0,11.1,19.516468,17.777779,17.777779,2.0
resstock-amy2018-2021-release-1-66303,0.0,0.012301523,0.0,0.0,0.0,0.0,0.0,0.0,0.0,0.0,0.0,0.0,0.0,0.0,0.0,0.0,0.0,0.0,10.800000190734863,0.0,-0.0,0.0,0.0,-0.0,0.0,-0.0,0.0,0.0,0.012301561,0.95922375,1.624444,0.0,0.0,0.3323414,0.3323414,0.096312135,0.1813595,0.0,0.0,0.0,0.2897988,0.1383698,0.5457024,0.0,0.3323414,0.0,0.3382598,0.3382598,0.3323414,-0.0,10.6,19.1123,17.222221,17.222221,2.0
resstock-amy2018-2021-release-1-66303,0.0,0.17650309,0.0,0.0,0.0,0.0,0.0,0.0,0.0,0.0,0.0,0.0,0.0,0.0,0.0,0.0,0.0,0.0,10.800000190734863,0.0,-0.0,0.0,0.0,-0.0,0.0,-0.0,0.0,0.0,0.17650312,0.8432744,1.624444,0.0,0.0,0.30831632,0.30831632,0.09076401,0.16384004,0.0,0.0,0.0,0.294386,0.1383698,0.5314024,0.0,0.30831632,0.0,0.39464325,0.39464325,0.30831632,-0.0,10.0,18.757435,17.222221,17.222221,2.0
resstock-amy2018-2021-release-1-66303,0.0,0.46410426,0.0,0.0,1.45761865e-08,0.0,0.0,0.0,0.0,0.0,0.0,0.0,0.0,0.0,0.0,0.0,0.0,0.0,10.800000190734863,0.0,-0.0,0.0,0.0,-0.0,0.0,-0.0,0.0,0.0,0.46410424,0.54240143,1.624444,2.9802322e-08,0.0,0.2866847,0.2866847,0.08231491,0.15892273,0.0,0.0,0.0,0.287127,0.1383698,0.55434674,0.0,0.2866847,0.0,0.51367605,0.51367605,0.2866847,-0.0,10.0,18.571663,17.222221,17.222221,2.0
resstock-amy2018-2021-release-1-66303,0.0,0.1316371,0.0,0.0,0.0,0.0,0.0,0.0,0.0,0.0,0.0,0.0,0.0,0.0,0.0,0.0,0.0,0.0,10.800000190734863,0.0,-0.0,0.0,0.0,-0.0,0.0,-0.0,0.0,0.0,0.13163711,0.4563388,1.624444,0.0,0.0,0.28195497,0.28195497,0.08092593,0.15837616,0.0,0.0,0.0,0.2870172,0.1383698,0.56170726,0.0,0.28195497,0.0,0.34633812,0.34633812,0.28195497,-0.0,10.0,18.176048,17.222221,17.222221,2.0
resstock-amy2018-2021-release-1-66303,0.0,0.3982376,0.0,0.0,0.0,0.0,0.0,0.0,0.0,0.0,0.0,0.0,0.0,0.0,0.0,0.0,0.0,0.0,10.800000190734863,0.0,-0.0,0.0,0.0,-0.0,0.0,-0.0,0.0,0.0,0.3982376,0.19880445,1.624444,0.0,0.0,0.27688333,0.27688333,0.07568019,0.1574392,0.0,0.0,0.0,0.2733288,0.1383698,0.56861204,0.0,0.27688333,0.0,0.46741864,0.46741864,0.27688333,-0.0,10.8,18.131147,17.222221,17.222221,2.0
resstock-amy2018-2021-release-1-66303,0.0,0.70527613,0.0,0.0,0.19431105,0.0,0.0,0.0,0.0,0.0,0.0,0.0,0.0,0.0,0.0,0.0,0.0,0.0,10.800000190734863,0.0,-0.0,0.0,0.0,-0.0,0.0,-0.0,0.0,0.0,0.30798975,0.0,1.624444,0.3972864,0.0,0.30486578,0.49917683,0.13624452,0.28526905,0.0,0.0,0.0,0.2729384,0.1383698,0.57147896,0.0,0.49917683,0.0,0.6498133,0.6498133,0.30486578,-0.0,10.0,18.24157,17.222221,17.222221,2.0
resstock-amy2018-2021-release-1-66303,0.0,0.8834675,0.0,0.0,0.43210012,0.0,0.0,0.0,0.0,0.0,0.0,0.0,0.0,0.0,0.0,0.0,0.0,0.0,10.800000190734863,0.0,-0.0,0.0,0.0,-0.0,0.0,-0.0,0.0,0.0,-0.0,0.0,1.624444,0.8834675,0.0,0.27869084,0.710791,0.19304827,0.40650162,0.0,0.0,0.0,0.2715964,0.1383698,0.57190037,0.0,0.710791,0.0,0.710791,0.710791,0.27869084,-0.0,10.0,18.493736,17.222221,17.222221,2.0
resstock-amy2018-2021-release-1-66303,0.0,0.57353336,0.0,0.0,0.2805127,0.0,0.0,0.0,0.0,0.0,0.0,0.0,0.0,0.0,0.0,0.0,0.0,0.0,10.800000190734863,0.0,-0.0,0.0,0.0,-0.0,0.0,-0.0,0.0,0.0,-0.0,0.0,1.624444,0.57353336,0.0,0.29054374,0.5710564,0.1639309,0.3239229,0.0,0.0,0.0,0.287066,0.1383698,0.5672345,0.0,0.5710564,0.0,0.5710564,0.5710564,0.29054374,-0.0,10.0,18.65653,17.222221,17.222221,2.0
resstock-amy2018-2021-release-1-66303,0.0,0.87697476,0.0,0.0,0.42892456,0.0,0.0,0.0,0.0,0.0,0.0,0.0,0.0,0.0,0.0,0.0,0.0,0.0,10.800000190734863,0.0,-0.0,0.0,0.0,-0.0,0.0,-0.0,0.0,0.0,-0.0,0.0,1.624444,0.87697476,0.0,0.30043697,0.72936153,0.22763601,0.4122402,0.0,0.0,0.0,0.31210312,0.1383698,0.56520694,0.0,0.72936153,0.0,0.72936153,0.72936153,0.30043697,-0.0,10.0,18.905231,17.222221,17.222221,2.0
resstock-amy2018-2021-release-1-66303,0.0,0.06980567,0.3720972,0.0,0.03414165,0.39849132,0.0,0.0,0.0,0.0,0.0,0.0,0.0,0.0,0.0,0.0,0.0,0.0,10.800000190734863,0.0,-0.0,0.0,0.0,-0.0,0.0,-0.0,0.0,0.0,-0.0,0.0,1.624444,0.06980567,0.0,0.4937848,0.9178604,0.28252292,0.5221284,0.0,0.0,0.0,0.307806,0.1383698,0.56885386,0.0,0.9178604,0.0,0.9178604,0.92641777,0.4937848,-0.008557373,10.0,19.044575,17.222221,17.222221,2.0
resstock-amy2018-2021-release-1-66303,0.0,0.30957565,0.0,0.0,0.14893952,0.0,0.0,0.0,0.0,0.0,0.0,0.0,0.0,0.0,0.0,0.0,0.0,0.0,10.800000190734863,0.0,-0.0,0.0,0.0,-0.0,0.0,-0.0,0.0,0.0,-0.0,0.0,1.624444,0.30957565,0.0,0.492051,0.61168414,0.19184716,0.35886315,0.0,0.0,0.0,0.3136376,0.1383698,0.5866805,0.0,0.61168414,0.0,0.61168414,0.6409905,0.492051,-0.02930633,10.6,19.120022,17.222221,17.222221,2.0
resstock-amy2018-2021-release-1-66303,0.13075438,0.14261496,0.7200465,0.0,0.06557577,0.77112186,0.0,0.0,0.0,0.0,0.0,0.0,0.0,0.0,0.0,0.0,0.0,0.0,10.800000190734863,0.0,-0.0,0.0,0.0,-0.0,0.0,-0.0,0.0,0.0,-0.0,0.0,1.624444,0.14261496,0.0,7.459254,8.234915,2.5858934,4.9930806,0.0,0.0,0.0,0.3140158,0.1383698,0.6063306,0.0,8.234915,0.0,8.234915,8.295951,7.459254,-0.061036073,12.2,19.21806,17.222221,17.222221,2.0
resstock-amy2018-2021-release-1-66303,0.3914465,0.39820752,1.2715001,0.0,0.17726885,1.361692,0.0,0.0,0.0,0.0,0.0,0.0,0.0,0.0,0.0,0.0,0.0,0.0,10.800000190734863,0.0,-0.0,0.0,0.0,-0.0,0.0,-0.0,0.0,0.0,-0.0,0.0,1.624444,0.39820752,0.0,1.4313192,2.854481,0.8963522,1.7547021,0.0,0.0,0.0,0.3140158,0.1383698,0.61471844,0.0,2.854481,0.0,2.854481,2.9702802,1.4313192,-0.11579909,13.3,20.008402,17.222221,17.222221,2.0
resstock-amy2018-2021-release-1-66303,0.6499179,0.2833973,0.60282737,0.0,0.12615913,0.645588,0.0,0.0,0.0,0.0,0.0,0.0,0.0,0.0,0.0,0.0,0.0,0.0,10.800000190734863,0.0,-0.0,0.0,0.0,-0.0,0.0,-0.0,0.0,0.0,-0.0,0.0,1.624444,0.2833973,0.0,0.48707625,1.096781,0.34615946,0.67958033,0.0,0.0,0.0,0.315614,0.1383698,0.6196135,0.0,1.096781,0.0,1.096781,1.2588233,0.48707625,-0.16204226,13.3,21.286915,17.777779,17.777779,2.0
resstock-amy2018-2021-release-1-66303,0.8926386,0.10837717,0.6213959,0.0,0.06607584,0.66547364,0.0,0.0,0.0,0.0,0.0,0.0,0.0,0.0,0.0,0.0,0.0,0.0,10.800000190734863,0.0,-0.0,0.0,0.0,-0.0,0.0,-0.0,0.042763855,0.042763855,-0.0,0.025166087,1.624444,0.10837717,0.0,0.4876461,1.0502062,0.32925603,0.648486,0.0,0.0,0.0,0.3135156,0.1383698,0.61748445,0.0,1.0502062,0.0,1.0315107,1.2005001,0.4876461,-0.16898946,13.9,22.274702,17.777779,17.777779,2.0
resstock-amy2018-2021-release-1-66303,1.5009164,0.43557128,2.2335362,0.0,0.4379326,2.3919685,0.0,0.0,0.0,0.0,0.0,0.0,0.0,0.0,0.0,0.0,0.0,0.0,10.800000190734863,0.0,-0.0,0.0,0.0,-0.0,0.0,-0.0,0.5816366,0.5816366,-0.0,0.36739314,1.624444,0.43557128,0.0,0.516602,3.1743257,0.9740558,1.948175,0.0,0.0,0.0,0.3068544,0.1383698,0.61372876,0.0,3.1743257,0.0,2.923917,3.0960946,0.516602,-0.17217743,14.4,23.506302,17.777779,17.777779,2.0
resstock-amy2018-2021-release-1-66303,1.3985839,0.14793278,0.0,0.0,0.0,0.0,0.0,0.0,0.0,0.0,0.0,0.0,0.0,0.0,0.0,0.0,0.0,0.0,10.800000190734863,0.0,-0.0,0.0,0.0,-0.0,0.0,-0.0,0.0,0.0,0.14793278,0.27125475,1.624444,0.0,0.0,0.50305855,0.43302354,0.1386758,0.2637426,0.0,0.0,0.0,0.32025,0.1383698,0.6090722,0.0,0.43302354,0.0,0.49769682,0.56773186,0.50305855,-0.07003502,13.9,23.426449,17.777779,17.777779,2.0
resstock-amy2018-2021-release-1-66303,1.3036184,0.078597546,1.1162875,0.0,0.32735753,1.1954695,0.0,0.0,0.0,0.0,0.0,0.0,0.0,0.0,0.0,0.0,0.0,0.0,10.800000190734863,0.0,-0.0,0.0,0.0,-0.0,0.0,-0.0,0.6459287,0.6459287,-0.0,0.6507295,1.624444,0.078597546,0.0,0.646933,2.1522815,0.6988785,1.2731949,0.0,0.0,0.0,0.3247152,0.1383698,0.59155595,0.0,2.1522815,0.0,1.8604362,1.8779147,0.646933,-0.017478459,12.8,22.932629,17.777779,17.777779,2.0
resstock-amy2018-2021-release-1-66303,0.5065236,0.043392938,0.0,0.0,0.12258892,0.0,0.0,0.0,0.0,0.0,0.0,0.0,0.0,0.0,0.0,0.0,0.0,0.0,10.800000190734863,0.0,-0.0,0.0,0.0,-0.0,0.0,-0.0,0.20725106,0.20725106,-0.0,0.7711409,1.624444,0.043392938,0.0,0.64418656,0.76514184,0.2690456,0.4451002,0.0,0.0,0.0,0.3516284,0.1383698,0.58172244,0.0,0.76514184,0.0,0.6637763,0.6654099,0.64418656,-0.0016336611,10.0,22.11253,17.99537,17.99537,2.0
resstock-amy2018-2021-release-1-66303,0.13049994,0.015680786,0.0,0.0,0.0,0.0,0.0,0.0,0.0,0.0,0.0,0.0,0.0,0.0,0.0,0.0,0.0,0.0,10.800000190734863,0.0,-0.0,0.0,0.0,-0.0,0.0,-0.0,0.0,0.0,0.015680827,0.75920206,1.624444,0.0,0.0,0.72345006,0.72345006,0.2728726,0.4148961,0.0,0.0,0.0,0.37718233,0.1383698,0.5734965,0.0,0.72345006,0.0,0.7311195,0.7311195,0.72345006,-0.0,10.0,21.652405,18.333334,18.333334,2.0
resstock-amy2018-2021-release-1-66303,0.8016841,0.028829452,1.3102872,0.0,0.0,1.4032304,0.0,0.0,0.0,0.0,0.0,0.0,0.0,0.0,0.0,0.0,0.0,0.0,10.800000190734863,0.0,-0.0,0.0,0.0,-0.0,0.0,-0.0,0.0,0.0,0.028829455,0.73882467,1.624444,0.0,0.0,1.128321,2.5315514,0.96515393,1.4172925,0.0,0.0,0.0,0.38125,0.1383698,0.55985135,0.0,2.5315514,0.0,2.5454214,2.5454214,1.128321,-0.0,10.6,21.363047,18.333334,18.333334,2.0
resstock-amy2018-2021-release-1-66303,0.0,0.057732016,0.0,0.0,0.0,0.0,0.0,0.0,0.0,0.0,0.0,0.0,0.0,0.0,0.0,0.0,0.0,0.0,10.800000190734863,0.0,-0.0,0.0,0.0,-0.0,0.0,-0.0,0.0,0.0,0.05773207,0.6998841,1.624444,0.0,0.0,0.69669086,0.69669086,0.24649772,0.38387334,0.0,0.0,0.0,0.3538122,0.1383698,0.55099523,0.0,0.69669086,0.0,0.72492737,0.72492737,0.69669086,-0.0,10.0,20.859444,18.333334,18.333334,2.0
resstock-amy2018-2021-release-1-66303,0.0,0.015522273,0.0,0.0,0.0,0.0,0.0,0.0,0.0,0.0,0.0,0.0,0.0,0.0,0.0,0.0,0.0,0.0,10.800000190734863,0.0,-0.0,0.0,0.0,-0.0,0.0,-0.0,0.0,0.0,0.015522308,0.6882175,1.624444,0.0,0.0,0.6290092,0.6290092,0.21219134,0.33751073,0.0,0.0,0.0,0.3373422,0.1383698,0.5365752,0.0,0.6290092,0.0,0.63672507,0.63672507,0.6290092,-0.0,9.4,20.410622,18.333334,18.333334,2.0
resstock-amy2018-2021-release-1-66303,0.0,0.009004315,0.0,0.0,0.0,0.0,0.0,0.0,0.0,0.0,0.0,0.0,0.0,0.0,0.0,0.0,0.0,0.0,10.800000190734863,0.0,-0.0,0.0,0.0,-0.0,0.0,-0.0,0.0,0.0,0.009004347,0.680776,1.624444,0.0,0.0,0.56559175,0.56559175,0.18173797,0.29112166,0.0,0.0,0.0,0.3213236,0.1383698,0.5147205,0.0,0.56559175,0.0,0.57006764,0.57006764,0.56559175,-0.0,9.4,19.978447,18.333334,18.333334,2.0
resstock-amy2018-2021-release-1-66303,0.0,0.07144939,0.0,0.0,1.5250611e-08,0.0,0.0,0.0,0.0,0.0,0.0,0.0,0.0,0.0,0.0,0.0,0.0,0.0,10.800000190734863,0.0,-0.0,0.0,0.0,-0.0,0.0,-0.0,0.0,0.0,0.07144936,0.63314086,1.624444,2.9802322e-08,0.0,0.3323414,0.33234143,0.1039996,0.16151144,0.0,0.0,0.0,0.31293,0.1383698,0.48598045,0.0,0.33234143,0.0,0.3689039,0.3689039,0.3323414,-0.0,8.3,19.431097,17.777779,17.777779,2.0
resstock-amy2018-2021-release-1-66303,0.0,0.034386918,0.0,0.0,7.625306e-09,0.0,0.0,0.0,0.0,0.0,0.0,0.0,0.0,0.0,0.0,0.0,0.0,0.0,10.800000190734863,0.0,-0.0,0.0,0.0,-0.0,0.0,-0.0,0.0,0.0,0.034386903,0.6094858,1.624444,1.4901161e-08,0.0,0.30831632,0.30831632,0.08925942,0.14985764,0.0,0.0,0.0,0.289506,0.1383698,0.48605162,0.0,0.30831632,0.0,0.32591298,0.32591298,0.30831632,-0.0,8.3,18.82218,17.222221,17.222221,2.0
resstock-amy2018-2021-release-1-66303,0.0,0.0931595,0.37223724,0.0,3.812653e-09,0.3986413,0.0,0.0,0.0,0.0,0.0,0.0,0.0,0.0,0.0,0.0,0.0,0.0,10.800000190734863,0.0,-0.0,0.0,0.0,-0.0,0.0,-0.0,0.0,0.0,0.09315949,0.5480406,1.624444,7.450581e-09,0.0,0.2866847,0.685326,0.19840598,0.29236266,0.0,0.0,0.0,0.289506,0.1383698,0.4266038,0.0,0.685326,0.0,0.7329981,0.7329981,0.2866847,-0.0,8.3,18.292974,17.222221,17.222221,2.0
resstock-amy2018-2021-release-1-66303,0.0,0.06302635,0.0,0.0,0.0,0.0,0.0,0.0,0.0,0.0,0.0,0.0,0.0,0.0,0.0,0.0,0.0,0.0,10.800000190734863,0.0,-0.0,0.0,0.0,-0.0,0.0,-0.0,0.0,0.0,0.06302638,0.5061463,1.624444,0.0,0.0,0.28195497,0.28195497,0.08210819,0.116663985,0.0,0.0,0.0,0.2912103,0.1383698,0.41376814,0.0,0.28195497,0.0,0.3146267,0.3146267,0.28195497,-0.0,7.8,17.753258,17.222221,17.222221,2.0
resstock-amy2018-2021-release-1-66303,0.0,0.15983006,0.0,0.0,1.5687004e-08,0.0,0.0,0.0,0.0,0.0,0.0,0.0,0.0,0.0,0.0,0.0,0.0,0.0,10.800000190734863,0.0,-0.0,0.0,0.0,-0.0,0.0,-0.0,0.0,0.0,0.15983003,0.4020154,1.624444,2.9802322e-08,0.0,0.27688333,0.27688336,0.07668008,0.11258538,0.0,0.0,0.0,0.27694,0.1383698,0.40661663,0.0,0.27688336,0.0,0.36101285,0.36101285,0.27688333,-0.0,7.2,17.338657,17.222221,17.222221,2.0
resstock-amy2018-2021-release-1-66303,0.0,0.14145972,0.0,0.0,1.5885362e-08,0.0,0.0,0.0,0.0,0.0,0.0,0.0,0.0,0.0,0.0,0.0,0.0,0.0,10.800000190734863,0.0,-0.0,0.0,0.0,-0.0,0.0,-0.0,0.0,0.0,0.14145969,0.3099627,1.624444,2.9802322e-08,0.0,0.2757973,0.27579734,0.07550449,0.11227514,0.0,0.0,0.0,0.273768,0.1383698,0.4070929,0.0,0.27579734,0.0,0.3511988,0.3511988,0.2757973,-0.0,6.7,17.054585,17.222221,17.222221,2.0
resstock-amy2018-2021-release-1-66303,0.035192776,0.27999526,2.1420197,0.0,0.0,2.2939606,0.0,0.0,0.0,0.0,0.0,0.0,0.0,0.0,0.0,0.0,0.0,0.0,10.800000190734863,0.0,-0.0,0.0,0.0,-0.0,0.0,-0.0,0.0,0.0,0.27999526,0.1289199,1.624444,0.0,0.0,0.3407459,2.6347065,0.76629907,1.1157942,0.0,0.0,0.0,0.290848,0.1383698,0.42349845,0.0,2.6347065,0.0,2.7880507,2.7880507,0.3407459,-0.0,5.6,16.931107,17.222221,17.222221,2.0
resstock-amy2018-2021-release-1-66303,0.0,0.09755243,0.0,0.0,0.0,0.0,0.0,0.0,0.0,0.0,0.0,0.0,0.0,0.0,0.0,0.0,0.0,0.0,10.800000190734863,0.0,-0.0,0.0,0.0,-0.0,0.0,-0.0,0.0,0.0,0.09755243,0.065793276,1.624444,0.0,0.0,0.4294283,0.4294283,0.13747323,0.19551972,0.0,0.0,0.0,0.3201308,0.1383698,0.45530233,0.0,0.4294283,0.0,0.48285457,0.48285457,0.4294283,-0.0,5.6,16.942932,17.222221,17.222221,2.0
resstock-amy2018-2021-release-1-66303,0.0,0.28058547,0.0,0.0,0.09403988,0.0,0.0,0.0,0.0,0.0,0.0,0.0,0.0,0.0,0.0,0.0,0.0,0.0,10.800000190734863,0.0,-0.0,0.0,0.0,-0.0,0.0,-0.0,0.0,0.0,0.10192757,0.0,1.624444,0.17865789,0.0,0.48635286,0.5803927,0.21134746,0.28417066,0.0,0.0,0.0,0.3641456,0.1383698,0.48961788,0.0,0.5803927,0.0,0.6340442,0.6340442,0.48635286,-0.0,7.2,17.034489,17.222221,17.222221,2.0
resstock-amy2018-2021-release-1-66303,0.0,0.034181263,0.0,0.0,0.016990915,0.0,0.0,0.0,0.0,0.0,0.0,0.0,0.0,0.0,0.0,0.0,0.0,0.0,10.800000190734863,0.0,-0.0,0.0,0.0,-0.0,0.0,-0.0,0.0,0.0,-0.0,0.0,1.624444,0.034181263,0.0,0.4937848,0.49882716,0.19934425,0.23886445,0.0,0.0,0.0,0.3996259,0.1383698,0.47885212,0.0,0.49882716,0.0,0.49882716,0.5107757,0.4937848,-0.011948518,9.4,17.312744,17.222221,17.222221,2.0
resstock-amy2018-2021-release-1-66303,0.0,0.23779882,0.0,0.0,0.11440706,0.0,0.0,0.0,0.0,0.0,0.0,0.0,0.0,0.0,0.0,0.0,0.0,0.0,10.800000190734863,0.0,-0.0,0.0,0.0,-0.0,0.0,-0.0,0.0,0.0,-0.0,0.0,1.624444,0.23779882,0.0,0.492051,0.581908,0.23064749,0.27959198,0.0,0.0,0.0,0.39636418,0.1383698,0.48047453,0.0,0.581908,0.0,0.581908,0.60645807,0.492051,-0.024550062,10.6,17.614971,17.222221,17.222221,2.0
resstock-amy2018-2021-release-1-66303,0.0,0.09496696,0.0,0.0,0.04505734,0.0,0.0,0.0,0.0,0.0,0.0,0.0,0.0,0.0,0.0,0.0,0.0,0.0,10.800000190734863,0.0,-0.0,0.0,0.0,-0.0,0.0,-0.0,0.0,0.0,-0.0,0.0,1.624444,0.09496696,0.0,0.29257274,0.27386242,0.10135699,0.13443667,0.0,0.0,0.0,0.37010187,0.1383698,0.49089128,0.0,0.27386242,0.0,0.27386242,0.3376301,0.29257274,-0.06376769,11.1,18.1729,17.222221,17.222221,2.0
resstock-amy2018-2021-release-1-66303,0.306946,0.06551586,0.37223715,0.0,0.031084182,0.3986412,0.0,0.0,0.0,0.0,0.0,0.0,0.0,0.0,0.0,0.0,0.0,0.0,10.800000190734863,0.0,-0.0,0.0,0.0,-0.0,0.0,-0.0,0.0,0.0,-0.0,0.0,1.624444,0.06551586,0.0,0.30791634,0.6187321,0.21818489,0.30423486,0.0,0.0,0.0,0.35263225,0.1383698,0.49170694,0.0,0.6187321,0.0,0.6187321,0.7376417,0.30791634,-0.11890963,11.1,19.079765,17.222221,17.222221,2.0
resstock-amy2018-2021-release-1-66303,1.1013491,0.18961383,0.0,0.0,0.24425378,0.0,0.0,0.0,0.0,0.0,0.0,0.0,0.0,0.0,0.0,0.0,0.0,0.0,10.800000190734863,0.0,-0.0,0.0,0.0,-0.0,0.0,-0.0,0.32519776,0.32519776,-0.0,0.19137552,1.624444,0.18961383,0.0,0.660639,0.73332125,0.25208968,0.35938945,0.0,0.0,0.0,0.34376433,0.1383698,0.49008462,0.0,0.73332125,0.0,0.5790303,0.7506018,0.660639,-0.17157155,11.1,20.52126,17.222221,17.222221,2.0
resstock-amy2018-2021-release-1-66303,0.99502,0.08693676,0.5385977,0.0,0.0,0.57680225,0.0,0.0,0.0,0.0,0.0,0.0,0.0,0.0,0.0,0.0,0.0,0.0,10.800000190734863,0.0,-0.0,0.0,0.0,-0.0,0.0,-0.0,0.0,0.0,0.08693676,0.13493572,1.624444,0.0,0.0,0.4876461,0.87257594,0.29914993,0.4315144,0.0,0.0,0.0,0.3428354,0.1383698,0.49452934,0.0,0.87257594,0.0,0.913129,1.1050014,0.4876461,-0.19187243,11.7,21.485256,17.222221,17.222221,2.0
resstock-amy2018-2021-release-1-66303,1.7471473,0.051487237,0.0,0.0,0.03901399,0.0,0.0,0.0,0.0,0.0,0.0,0.0,0.0,0.0,0.0,0.0,0.0,0.0,10.800000190734863,0.0,-0.0,0.0,0.0,-0.0,0.0,-0.0,0.03336084,0.03336084,-0.0,0.15424606,1.624444,0.051487237,0.0,1.2864964,1.1437192,0.39449716,0.57112145,0.0,0.0,0.0,0.34492484,0.1383698,0.4993546,0.0,1.1437192,0.0,1.1283796,1.3101708,1.2864964,-0.1817912,12.2,22.273336,17.222221,17.222221,2.0
resstock-amy2018-2021-release-1-66303,1.9004915,0.094282284,0.0,0.0,0.28027007,0.0,0.0,0.0,0.0,0.0,0.0,0.0,0.0,0.0,0.0,0.0,0.0,0.0,10.800000190734863,0.0,-0.0,0.0,0.0,-0.0,0.0,-0.0,0.52602726,0.52602726,-0.0,0.46343938,1.624444,0.094282284,0.0,0.59562534,0.70850104,0.25195557,0.35391635,0.0,0.0,0.0,0.3556178,0.1383698,0.49952835,0.0,0.70850104,0.0,0.47082987,0.63822424,0.59562534,-0.16739435,12.8,22.98927,17.222221,17.222221,2.0
resstock-amy2018-2021-release-1-66303,1.7388257,0.4091098,0.0,0.0,0.49213082,0.0,0.0,0.0,0.0,0.0,0.0,0.0,0.0,0.0,0.0,0.0,0.0,0.0,10.800000190734863,0.0,-0.0,0.0,0.0,-0.0,0.0,-0.0,0.68010205,0.68010205,-0.0,0.86256593,1.624444,0.4091098,0.0,0.55436623,0.93716705,0.33966574,0.47096387,0.0,0.0,0.0,0.36243886,0.1383698,0.50253993,0.0,0.93716705,0.0,0.6298814,0.73921144,0.55436623,-0.10933008,12.8,23.595673,17.222221,17.222221,2.0
resstock-amy2018-2021-release-1-66303,1.0687046,0.05359344,0.37223694,0.0,0.0,0.39864096,0.0,0.0,0.0,0.0,0.0,0.0,0.0,0.0,0.0,0.0,0.0,0.0,10.800000190734863,0.0,-0.0,0.0,0.0,-0.0,0.0,-0.0,0.0,0.0,0.05359349,0.82599497,1.624444,0.0,0.0,0.64418656,1.0311759,0.40433398,0.5219466,0.0,0.0,0.0,0.39210963,0.1383698,0.50616646,0.0,1.0311759,0.0,1.0561754,1.0678271,0.64418656,-0.01165172,11.7,22.920769,17.777779,17.777779,2.0
resstock-amy2018-2021-release-1-66303,0.7764391,0.035517387,0.74447006,0.0,2.569388e-08,0.79727787,0.0,0.0,0.0,0.0,0.0,0.0,0.0,0.0,0.0,0.0,0.0,0.0,10.800000190734863,0.0,-0.0,0.0,0.0,-0.0,0.0,-0.0,0.0,0.0,0.03551733,0.80115145,1.624444,5.5879354e-08,0.0,0.72345006,1.5207279,0.5947497,0.77205914,0.0,0.0,0.0,0.3910954,0.1383698,0.50769055,0.0,1.5207279,0.0,1.5370591,1.5370591,0.72345006,-0.0,12.2,22.40274,17.777779,17.777779,2.0
resstock-amy2018-2021-release-1-66303,0.26158303,0.0061102714,0.0,0.0,0.0,0.0,0.0,0.0,0.0,0.0,0.0,0.0,0.0,0.0,0.0,0.0,0.0,0.0,10.800000190734863,0.0,-0.0,0.0,0.0,-0.0,0.0,-0.0,0.0,0.0,0.0061103245,0.7953039,1.624444,0.0,0.0,0.7418535,0.7418535,0.2676176,0.3794359,0.0,0.0,0.0,0.36074188,0.1383698,0.51147014,0.0,0.7418535,0.0,0.7447932,0.7447932,0.7418535,-0.0,10.6,21.789364,18.143518,18.143518,2.0
resstock-amy2018-2021-release-1-66303,0.0,0.016995447,0.0,0.0,0.0,0.0,0.0,0.0,0.0,0.0,0.0,0.0,0.0,0.0,0.0,0.0,0.0,0.0,10.800000190734863,0.0,-0.0,0.0,0.0,-0.0,0.0,-0.0,0.0,0.0,0.016995473,0.7824608,1.624444,0.0,0.0,0.69669086,0.69669086,0.23586468,0.3623748,0.0,0.0,0.0,0.33855,0.1383698,0.5201372,0.0,0.69669086,0.0,0.70513904,0.70513904,0.69669086,-0.0,9.4,21.275532,18.333334,18.333334,2.0
resstock-amy2018-2021-release-1-66303,0.0,0.021874731,0.37223628,0.0,2.3457156e-08,0.39864028,0.0,0.0,0.0,0.0,0.0,0.0,0.0,0.0,0.0,0.0,0.0,0.0,10.800000190734863,0.0,-0.0,0.0,0.0,-0.0,0.0,-0.0,0.0,0.0,0.021874685,0.76650643,1.624444,4.656613e-08,0.0,0.6290092,1.0276494,0.33225158,0.5446538,0.0,0.0,0.0,0.3233122,0.1383698,0.5299996,0.0,1.0276494,0.0,1.0386685,1.0386685,0.6290092,-0.0,8.9,20.745497,18.333334,18.333334,2.0
resstock-amy2018-2021-release-1-66303,0.0,0.013430136,0.37223536,0.0,1.351785e-08,0.3986393,0.0,0.0,0.0,0.0,0.0,0.0,0.0,0.0,0.0,0.0,0.0,0.0,10.800000190734863,0.0,-0.0,0.0,0.0,-0.0,0.0,-0.0,0.0,0.0,0.01343011,0.75602806,1.624444,2.6077032e-08,0.0,0.34774005,0.7463794,0.23932849,0.4069184,0.0,0.0,0.0,0.3206526,0.1383698,0.5451898,0.0,0.7463794,0.0,0.7533413,0.7533413,0.34774005,-0.0,7.8,20.171257,18.333334,18.333334,2.0
resstock-amy2018-2021-release-1-66303,0.0,0.0120123215,0.37223682,0.0,0.0,0.39864084,0.0,0.0,0.0,0.0,0.0,0.0,0.0,0.0,0.0,0.0,0.0,0.0,10.800000190734863,0.0,-0.0,0.0,0.0,-0.0,0.0,-0.0,0.0,0.0,0.01201233,0.7464876,1.624444,0.0,0.0,0.3323414,0.73098224,0.22546445,0.40588853,0.0,0.0,0.0,0.3084404,0.1383698,0.55526453,0.0,0.73098224,0.0,0.7372092,0.7372092,0.3323414,-0.0,7.8,19.564499,17.222221,17.222221,2.0
resstock-amy2018-2021-release-1-66303,0.0,0.054249305,0.0,0.0,0.0,0.0,0.0,0.0,0.0,0.0,0.0,0.0,0.0,0.0,0.0,0.0,0.0,0.0,10.800000190734863,0.0,-0.0,0.0,0.0,-0.0,0.0,-0.0,0.0,0.0,0.05424933,0.70977145,1.624444,0.0,0.0,0.30831632,0.30831632,0.09291556,0.1733561,0.0,0.0,0.0,0.3013644,0.1383698,0.562267,0.0,0.30831632,0.0,0.33723253,0.33723253,0.30831632,-0.0,6.7,18.962156,17.222221,17.222221,2.0
resstock-amy2018-2021-release-1-66303,0.0,0.12560527,0.0,0.0,1.523871e-08,0.0,0.0,0.0,0.0,0.0,0.0,0.0,0.0,0.0,0.0,0.0,0.0,0.0,10.800000190734863,0.0,-0.0,0.0,0.0,-0.0,0.0,-0.0,0.0,0.0,0.12560524,0.6271934,1.624444,2.9802322e-08,0.0,0.2866847,0.28668472,0.08231143,0.16314475,0.0,0.0,0.0,0.2871148,0.1383698,0.56907374,0.0,0.28668472,0.0,0.35090998,0.35090998,0.2866847,-0.0,8.33,18.437992,17.222221,17.222221,2.0
resstock-amy2018-2021-release-1-66303,0.0,0.14449516,0.0,0.0,8.061698e-09,0.0,0.0,0.0,0.0,0.0,0.0,0.0,0.0,0.0,0.0,0.0,0.0,0.0,10.800000190734863,0.0,-0.0,0.0,0.0,-0.0,0.0,-0.0,0.0,0.0,0.14449514,0.5326484,1.624444,1.4901161e-08,0.0,0.28195497,0.28195497,0.08051314,0.16211855,0.0,0.0,0.0,0.2855532,0.1383698,0.5749803,0.0,0.28195497,0.0,0.3601285,0.3601285,0.28195497,-0.0,6.1,17.927078,17.222221,17.222221,2.0
resstock-amy2018-2021-release-1-66303,0.0,0.5377156,0.0,0.0,0.0,0.0,0.0,0.0,0.0,0.0,0.0,0.0,0.0,0.0,0.0,0.0,0.0,0.0,10.800000190734863,0.0,-0.0,0.0,0.0,-0.0,0.0,-0.0,0.0,0.0,0.5377156,0.18511507,1.624444,0.0,0.0,0.27688333,0.27688333,0.07918991,0.16061734,0.0,0.0,0.0,0.2860046,0.1383698,0.5800903,0.0,0.27688333,0.0,0.56958306,0.56958306,0.27688333,-0.0,5.85,17.640402,17.222221,17.222221,2.0
resstock-amy2018-2021-release-1-66303,0.0,0.24194783,0.0,0.0,0.0,0.0,0.0,0.0,0.0,0.0,0.0,0.0,0.0,0.0,0.0,0.0,0.0,0.0,10.800000190734863,0.0,-0.0,0.0,0.0,-0.0,0.0,-0.0,0.0,0.0,0.24194783,0.02887096,1.624444,0.0,0.0,0.2757973,0.2757973,0.07894323,0.16127361,0.0,0.0,0.0,0.2862364,0.1383698,0.5847541,0.0,0.2757973,0.0,0.4083042,0.4083042,0.2757973,-0.0,5.6,17.419727,17.222221,17.222221,2.0
resstock-amy2018-2021-release-1-66303,0.0,0.32722956,0.0,0.0,0.14870034,0.0,0.0,0.0,0.0,0.0,0.0,0.0,0.0,0.0,0.0,0.0,0.0,0.0,10.800000190734863,0.0,-0.0,0.0,0.0,-0.0,0.0,-0.0,0.0,0.0,0.04472717,0.0,1.624444,0.28250238,0.0,0.27869084,0.42739117,0.12699117,0.24934052,0.0,0.0,0.0,0.297131,0.1383698,0.5834012,0.0,0.42739117,0.0,0.45093414,0.45093414,0.27869084,-0.0,7.2,17.34179,17.222221,17.222221,2.0
resstock-amy2018-2021-release-1-66303,0.0,0.11577309,0.0,0.0,0.060014624,0.0,0.0,0.0,0.0,0.0,0.0,0.0,0.0,0.0,0.0,0.0,0.0,0.0,10.800000190734863,0.0,-0.0,0.0,0.0,-0.0,0.0,-0.0,0.0,0.0,-0.0,0.0,1.624444,0.11577309,0.0,0.4294283,0.48944294,0.1529285,0.28261086,0.0,0.0,0.0,0.3124542,0.1383698,0.5774133,0.0,0.48944294,0.0,0.48944294,0.48944294,0.4294283,-0.0,7.8,17.371656,17.222221,17.222221,2.0
resstock-amy2018-2021-release-1-66303,0.027513854,0.009932773,1.9143199,0.0,0.0052282987,2.0501091,0.0,0.0,0.0,0.0,0.0,0.0,0.0,0.0,0.0,0.0,0.0,0.0,10.800000190734863,0.0,-0.0,0.0,0.0,-0.0,0.0,-0.0,0.0,0.0,-0.0,0.0,1.624444,0.009932773,0.0,0.48635286,2.5416903,0.8759936,1.4545237,0.0,0.0,0.0,0.34465,0.1383698,0.5722663,0.0,2.5416903,0.0,2.5416903,2.5416903,0.48635286,-0.0,7.2,17.488327,17.222221,17.222221,2.0
resstock-amy2018-2021-release-1-66303,0.0,0.09531818,0.0,0.0,0.048776753,0.0,0.0,0.0,0.0,0.0,0.0,0.0,0.0,0.0,0.0,0.0,0.0,0.0,10.800000190734863,0.0,-0.0,0.0,0.0,-0.0,0.0,-0.0,0.0,0.0,-0.0,0.0,1.624444,0.09531818,0.0,0.69058347,0.7310246,0.28216913,0.4191928,0.0,0.0,0.0,0.38599128,0.1383698,0.57343185,0.0,0.7310246,0.0,0.7310246,0.7393602,0.69058347,-0.00833559,8.3,17.660656,17.222221,17.222221,2.0
resstock-amy2018-2021-release-1-66303,0.3596039,0.21808131,1.7863938,0.0,0.10666262,1.9131087,0.0,0.0,0.0,0.0,0.0,0.0,0.0,0.0,0.0,0.0,0.0,0.0,10.800000190734863,0.0,-0.0,0.0,0.0,-0.0,0.0,-0.0,0.0,0.0,-0.0,0.0,1.624444,0.21808131,0.0,0.6918109,2.6813517,1.023078,1.5401303,0.0,0.0,0.0,0.38155308,0.1383698,0.57438576,0.0,2.6813517,0.0,2.6813517,2.7115822,0.6918109,-0.030230591,10.0,17.882559,17.222221,17.222221,2.0
resstock-amy2018-2021-release-1-66303,0.0,1.0287791,0.0,0.0,0.47304282,0.0,0.0,0.0,0.0,0.0,0.0,0.0,0.0,0.0,0.0,0.0,0.0,0.0,10.800000190734863,0.0,-0.0,0.0,0.0,-0.0,0.0,-0.0,0.0,0.0,-0.0,0.0,1.624444,1.0287791,0.0,0.48839432,0.90296894,0.322941,0.5187403,0.0,0.0,0.0,0.35764354,0.1383698,0.574483,0.0,0.90296894,0.0,0.90296894,0.9614371,0.48839432,-0.05846818,12.2,18.308493,17.222221,17.222221,2.0
resstock-amy2018-2021-release-1-66303,0.0,0.19696532,0.0,0.0,0.15089901,0.0,0.0,0.0,0.0,0.0,0.0,0.0,0.0,0.0,0.0,0.0,0.0,0.0,10.800000190734863,0.0,-0.0,0.0,0.0,-0.0,0.0,-0.0,0.14200635,0.14200635,-0.0,0.08356927,1.624444,0.19696532,0.0,0.5018713,0.585087,0.20313579,0.33647636,0.0,0.0,0.0,0.34718904,0.1383698,0.5750877,0.0,0.585087,0.0,0.52187043,0.5895537,0.5018713,-0.067683294,13.3,18.598,17.222221,17.222221,2.0
resstock-amy2018-2021-release-1-66303,0.51516765,0.3793259,1.1262,0.0,0.107570596,1.2060852,0.0,0.0,0.0,0.0,0.0,0.0,0.0,0.0,0.0,0.0,0.0,0.0,10.800000190734863,0.0,-0.0,0.0,0.0,-0.0,0.0,-0.0,0.0,0.0,0.12946631,0.0,1.624444,0.24985959,0.0,0.68052536,1.9457555,0.6528028,1.1206505,0.0,0.0,0.0,0.33550096,0.1383698,0.5759462,0.0,1.9457555,0.0,2.001494,2.0499196,0.68052536,-0.048425693,14.4,18.869343,17.222221,17.222221,2.0
resstock-amy2018-2021-release-1-66303,0.0,0.15520088,0.0,0.0,0.06785073,0.0,0.0,0.0,0.0,0.0,0.0,0.0,0.0,0.0,0.0,0.0,0.0,0.0,10.800000190734863,0.0,-0.0,0.0,0.0,-0.0,0.0,-0.0,0.0,0.0,-0.0,0.0,1.624444,0.15520088,0.0,0.6802974,0.70962566,0.23212552,0.4084484,0.0,0.0,0.0,0.3271098,0.1383698,0.5755829,0.0,0.70962566,0.0,0.70962566,0.7481481,0.6802974,-0.03852244,13.9,18.979166,17.222221,17.222221,2.0
resstock-amy2018-2021-release-1-66303,0.0,0.0936686,0.0,0.0,0.10153241,0.0,0.0,0.0,0.0,0.0,0.0,0.0,0.0,0.0,0.0,0.0,0.0,0.0,10.800000190734863,0.0,-0.0,0.0,0.0,-0.0,0.0,-0.0,0.1221469,0.1221469,-0.0,0.07188218,1.624444,0.0936686,0.0,0.516602,0.59833235,0.20282765,0.3411283,0.0,0.0,0.0,0.33898827,0.1383698,0.5701318,0.0,0.59833235,0.0,0.5408672,0.56066924,0.516602,-0.019802032,11.4,18.87825,17.222221,17.222221,2.0
resstock-amy2018-2021-release-1-66303,0.0,0.033970326,0.0,0.0,0.32602152,0.0,0.0,0.0,0.0,0.0,0.0,0.0,0.0,0.0,0.0,0.0,0.0,0.0,10.800000190734863,0.0,-0.0,0.0,0.0,-0.0,0.0,-0.0,0.6436761,0.6436761,-0.0,0.45050728,1.624444,0.033970326,0.0,0.50305855,0.80164987,0.2840858,0.45315996,0.0,0.0,0.0,0.35437644,0.1383698,0.56528413,0.0,0.80164987,0.0,0.49197176,0.519402,0.50305855,-0.02743025,10.6,18.981277,17.777779,17.777779,2.0
resstock-amy2018-2021-release-1-66303,0.0,0.26401103,0.0,0.0,0.613432,0.0,0.0,0.0,0.0,0.0,0.0,0.0,0.0,0.0,0.0,0.0,0.0,0.0,10.800000190734863,0.0,-0.0,0.0,0.0,-0.0,0.0,-0.0,0.93556166,0.93556166,-0.0,1.0,1.624444,0.26401103,0.0,0.31288487,0.922894,0.3344915,0.52506363,0.0,0.0,0.0,0.3624376,0.1383698,0.5689317,0.0,0.922894,0.0,0.47278723,0.4762101,0.31288487,-0.0034228598,10.6,19.13108,17.222221,17.222221,2.0
resstock-amy2018-2021-release-1-66303,0.0,0.13766712,0.3723642,0.0,0.3890501,0.39877725,0.0,0.0,0.0,0.0,0.0,0.0,0.0,0.0,0.0,0.0,0.0,0.0,10.800000190734863,0.0,-0.0,0.0,0.0,-0.0,0.0,-0.0,0.004057115,0.004057115,-0.0,1.0,1.624444,0.13766712,0.0,0.33285508,1.1196352,0.44052047,0.64826506,0.0,0.0,0.0,0.39345,0.1383698,0.57899666,0.0,1.1196352,0.0,1.1176509,1.118698,0.33285508,-0.0010471899,10.0,19.512466,17.222221,17.222221,2.0
resstock-amy2018-2021-release-1-66303,0.0,0.015706733,0.37236366,0.0,1.8220234e-08,0.39877668,0.0,0.0,0.0,0.0,0.0,0.0,0.0,0.0,0.0,0.0,0.0,0.0,10.800000190734863,0.0,-0.0,0.0,0.0,-0.0,0.0,-0.0,0.0,0.0,0.015706696,0.9874981,1.624444,3.7252903e-08,0.0,0.34666762,0.7454443,0.29329506,0.43098593,0.0,0.0,0.0,0.39345,0.1383698,0.5781598,0.0,0.7454443,0.0,0.7531264,0.7531264,0.34666762,-0.0,10.0,19.66811,18.333334,18.333334,2.0
resstock-amy2018-2021-release-1-66303,0.27412537,0.018621769,2.987983,0.0,0.0,3.199931,0.0,0.0,0.0,0.0,0.0,0.0,0.0,0.0,0.0,0.0,0.0,0.0,10.800000190734863,0.0,-0.0,0.0,0.0,-0.0,0.0,-0.0,0.0,0.0,0.0186218,0.97314894,1.624444,0.0,0.0,0.35538593,3.555317,1.3120464,1.9952714,0.0,0.0,0.0,0.3690378,0.1383698,0.5612078,0.0,3.555317,0.0,3.564276,3.564276,0.35538593,-0.0,10.6,19.761011,18.333334,18.333334,2.0
resstock-amy2018-2021-release-1-66303,0.0,0.05613295,0.0,0.0,0.0,0.0,0.0,0.0,0.0,0.0,0.0,0.0,0.0,0.0,0.0,0.0,0.0,0.0,10.800000190734863,0.0,-0.0,0.0,0.0,-0.0,0.0,-0.0,0.0,0.0,0.056132983,0.9346786,1.624444,0.0,0.0,1.0329528,1.0329528,0.3610723,0.56381154,0.0,0.0,0.0,0.34955353,0.1383698,0.54582506,0.0,1.0329528,0.0,1.0605192,1.0605192,1.0329528,-0.0,9.85,19.774078,18.333334,18.333334,2.0
resstock-amy2018-2021-release-1-66303,0.0,0.027792435,0.0,0.0,9.110117e-09,0.0,0.0,0.0,0.0,0.0,0.0,0.0,0.0,0.0,0.0,0.0,0.0,0.0,10.800000190734863,0.0,-0.0,0.0,0.0,-0.0,0.0,-0.0,0.0,0.0,0.027792417,0.91455007,1.624444,1.8626451e-08,0.0,0.36342037,0.36342037,0.11662036,0.19566876,0.0,0.0,0.0,0.3208966,0.1383698,0.5384089,0.0,0.36342037,0.0,0.3770135,0.3770135,0.36342037,-0.0,10.0,19.690687,18.333334,18.333334,2.0
resstock-amy2018-2021-release-1-66303,0.0,0.018471975,0.0,0.0,1.5712006e-08,0.0,0.0,0.0,0.0,0.0,0.0,0.0,0.0,0.0,0.0,0.0,0.0,0.0,10.800000190734863,0.0,-0.0,0.0,0.0,-0.0,0.0,-0.0,0.0,0.0,0.018471943,0.9004715,1.624444,3.1664968e-08,0.0,0.34774005,0.34774008,0.109539516,0.18980733,0.0,0.0,0.0,0.315004,0.1383698,0.545831,0.0,0.34774008,0.0,0.3569058,0.3569058,0.34774005,-0.0,9.466666,19.450562,18.333334,18.333334,2.0
resstock-amy2018-2021-release-1-66303,0.0,0.030650135,0.0,0.0,2.6471817e-08,0.0,0.0,0.0,0.0,0.0,0.0,0.0,0.0,0.0,0.0,0.0,0.0,0.0,10.800000190734863,0.0,-0.0,0.0,0.0,-0.0,0.0,-0.0,0.0,0.0,0.030650085,0.87858444,1.624444,5.029142e-08,0.0,0.3323414,0.33234143,0.101903394,0.1842767,0.0,0.0,0.0,0.3066226,0.1383698,0.5544801,0.0,0.33234143,0.0,0.34847468,0.34847468,0.3323414,-0.0,7.2,19.136993,17.777779,17.777779,2.0
resstock-amy2018-2021-release-1-66303,0.0,0.09223668,0.0,0.0,2.251887e-08,0.0,0.0,0.0,0.0,0.0,0.0,0.0,0.0,0.0,0.0,0.0,0.0,0.0,10.800000190734863,0.0,-0.0,0.0,0.0,-0.0,0.0,-0.0,0.0,0.0,0.09223664,0.81709105,1.624444,4.4703484e-08,0.0,0.30831632,0.30831635,0.087468974,0.17281346,0.0,0.0,0.0,0.2836988,0.1383698,0.56050694,0.0,0.30831635,0.0,0.3547795,0.3547795,0.30831632,-0.0,8.9,18.819632,17.222221,17.222221,2.0
resstock-amy2018-2021-release-1-66303,0.0,0.035623036,0.0,0.0,0.0,0.0,0.0,0.0,0.0,0.0,0.0,0.0,0.0,0.0,0.0,0.0,0.0,0.0,10.800000190734863,0.0,-0.0,0.0,0.0,-0.0,0.0,-0.0,0.0,0.0,0.035623085,0.79220074,1.624444,0.0,0.0,0.2866847,0.2866847,0.080052,0.1603397,0.0,0.0,0.0,0.2792336,0.1383698,0.55928934,0.0,0.2866847,0.0,0.3043923,0.3043923,0.2866847,-0.0,9.4,18.460518,17.222221,17.222221,2.0
resstock-amy2018-2021-release-1-66303,0.0,0.2953546,0.0,0.0,0.0,0.0,0.0,0.0,0.0,0.0,0.0,0.0,0.0,0.0,0.0,0.0,0.0,0.0,10.800000190734863,0.0,-0.0,0.0,0.0,-0.0,0.0,-0.0,0.0,0.0,0.29535463,0.6001159,1.624444,0.0,0.0,0.28195497,0.28195497,0.07800206,0.15805443,0.0,0.0,0.0,0.2766472,0.1383698,0.5605662,0.0,0.28195497,0.0,0.43742034,0.43742034,0.28195497,-0.0,7.2,18.241058,17.222221,17.222221,2.0
resstock-amy2018-2021-release-1-66303,0.0,0.6049226,0.0,0.0,0.0,0.0,0.0,0.0,0.0,0.0,0.0,0.0,0.0,0.0,0.0,0.0,0.0,0.0,10.800000190734863,0.0,-0.0,0.0,0.0,-0.0,0.0,-0.0,0.0,0.0,0.6049226,0.20914356,1.624444,0.0,0.0,0.27688333,0.27688333,0.07545049,0.1538691,0.0,0.0,0.0,0.2724992,0.1383698,0.5557182,0.0,0.27688333,0.0,0.58160615,0.58160615,0.27688333,-0.0,8.9,18.230518,17.222221,17.222221,2.0
resstock-amy2018-2021-release-1-66303,0.0,0.94384277,0.0,0.0,0.30810955,0.0,0.0,0.0,0.0,0.0,0.0,0.0,0.0,0.0,0.0,0.0,0.0,0.0,10.800000190734863,0.0,-0.0,0.0,0.0,-0.0,0.0,-0.0,0.0,0.0,0.3240072,0.0,1.624444,0.61983556,0.0,0.2757973,0.5839069,0.15882209,0.32508796,0.0,0.0,0.0,0.271999,0.1383698,0.55674624,0.0,0.5839069,0.0,0.74496526,0.74496526,0.2757973,-0.0,9.4,18.427814,17.222221,17.222221,2.0
resstock-amy2018-2021-release-1-66303,0.0,0.9874068,0.0,0.0,0.50133806,0.0,0.0,0.0,0.0,0.0,0.0,0.0,0.0,0.0,0.0,0.0,0.0,0.0,10.800000190734863,0.0,-0.0,0.0,0.0,-0.0,0.0,-0.0,0.0,0.0,-0.0,0.0,1.624444,0.9874068,0.0,0.27869084,0.78002894,0.22182618,0.43482712,0.0,0.0,0.0,0.284382,0.1383698,0.55745,0.0,0.78002894,0.0,0.78002894,0.78002894,0.27869084,-0.0,8.6,18.61131,17.222221,17.222221,2.0
resstock-amy2018-2021-release-1-66303,0.0,0.14729887,0.0,0.0,0.07635701,0.0,0.0,0.0,0.0,0.0,0.0,0.0,0.0,0.0,0.0,0.0,0.0,0.0,10.800000190734863,0.0,-0.0,0.0,0.0,-0.0,0.0,-0.0,0.0,0.0,-0.0,0.0,1.624444,0.14729887,0.0,0.29054374,0.36690074,0.111524254,0.20459992,0.0,0.0,0.0,0.303963,0.1383698,0.5576438,0.0,0.36690074,0.0,0.36690074,0.36690074,0.29054374,-0.0,7.8,18.687359,17.222221,17.222221,2.0
resstock-amy2018-2021-release-1-66303,0.0,0.09542793,0.0,0.0,0.048832912,0.0,0.0,0.0,0.0,0.0,0.0,0.0,0.0,0.0,0.0,0.0,0.0,0.0,10.800000190734863,0.0,-0.0,0.0,0.0,-0.0,0.0,-0.0,0.0,0.0,-0.0,0.0,1.624444,0.09542793,0.0,0.30043697,0.3492699,0.11751495,0.1956878,0.0,0.0,0.0,0.33645886,0.1383698,0.56027675,0.0,0.3492699,0.0,0.3492699,0.3492699,0.30043697,-0.0,8.3,18.772827,17.222221,17.222221,2.0
resstock-amy2018-2021-release-1-66303,0.0,0.19974867,0.0,0.0,0.102216505,0.0,0.0,0.0,0.0,0.0,0.0,0.0,0.0,0.0,0.0,0.0,0.0,0.0,10.800000190734863,0.0,-0.0,0.0,0.0,-0.0,0.0,-0.0,0.0,0.0,-0.0,0.0,1.624444,0.19974867,0.0,0.29698613,0.38893574,0.14118406,0.22115037,0.0,0.0,0.0,0.363001,0.1383698,0.5686039,0.0,0.38893574,0.0,0.38893574,0.39920264,0.29698613,-0.01026689,8.3,18.858685,17.222221,17.222221,2.0
resstock-amy2018-2021-release-1-66303,0.0,0.11026883,0.0,0.0,0.053932007,0.0,0.0,0.0,0.0,0.0,0.0,0.0,0.0,0.0,0.0,0.0,0.0,0.0,10.800000190734863,0.0,-0.0,0.0,0.0,-0.0,0.0,-0.0,0.0,0.0,-0.0,0.0,1.624444,0.11026883,0.0,0.492051,0.5237569,0.19009757,0.3068369,0.0,0.0,0.0,0.36295,0.1383698,0.5858384,0.0,0.5237569,0.0,0.5237569,0.545983,0.492051,-0.022226073,10.0,18.941572,17.222221,17.222221,2.0
resstock-amy2018-2021-release-1-66303,0.10303751,0.3041354,0.37248316,0.0,0.14632218,0.39890465,0.0,0.0,0.0,0.0,0.0,0.0,0.0,0.0,0.0,0.0,0.0,0.0,10.800000190734863,0.0,-0.0,0.0,0.0,-0.0,0.0,-0.0,0.0,0.0,-0.0,0.0,1.624444,0.3041354,0.0,0.661957,1.151314,0.40020213,0.69918436,0.0,0.0,0.0,0.34760466,0.1383698,0.6072925,0.0,1.151314,0.0,1.151314,1.207184,0.661957,-0.05586988,10.6,19.110157,17.222221,17.222221,2.0
resstock-amy2018-2021-release-1-66303,0.21319552,0.14296354,0.0,0.0,0.0666876,0.0,0.0,0.0,0.0,0.0,0.0,0.0,0.0,0.0,0.0,0.0,0.0,0.0,10.800000190734863,0.0,-0.0,0.0,0.0,-0.0,0.0,-0.0,0.0,0.0,-0.0,0.0,1.624444,0.14296354,0.0,0.5944381,0.6180443,0.20620914,0.3834582,0.0,0.0,0.0,0.33364782,0.1383698,0.62043804,0.0,0.6180443,0.0,0.6180443,0.66112566,0.5944381,-0.043081358,11.7,19.218523,17.222221,17.222221,2.0
resstock-amy2018-2021-release-1-66303,0.22664107,0.23320456,0.0,0.0,0.10536716,0.0,0.0,0.0,0.0,0.0,0.0,0.0,0.0,0.0,0.0,0.0,0.0,0.0,10.800000190734863,0.0,-0.0,0.0,0.0,-0.0,0.0,-0.0,0.0,0.0,-0.0,0.0,1.624444,0.23320456,0.0,0.48707625,0.46801138,0.15170905,0.29151538,0.0,0.0,0.0,0.32415676,0.1383698,0.62288094,0.0,0.46801138,0.0,0.46801138,0.5924434,0.48707625,-0.12443203,12.8,19.72543,17.222221,17.222221,2.0
resstock-amy2018-2021-release-1-66303,0.18553802,0.31740165,0.37248236,0.0,0.36321497,0.39890382,0.0,0.0,0.0,0.0,0.0,0.0,0.0,0.0,0.0,0.0,0.0,0.0,10.800000190734863,0.0,-0.0,0.0,0.0,-0.0,0.0,-0.0,0.4985055,0.4985055,-0.0,0.29336533,1.624444,0.31740165,0.0,0.4876461,1.1667675,0.3668247,0.7346984,0.0,0.0,0.0,0.314394,0.1383698,0.6296871,0.0,1.1667675,0.0,0.94484925,1.0278466,0.4876461,-0.082997374,13.3,20.227562,17.222221,17.222221,2.0
resstock-amy2018-2021-release-1-66303,0.47184598,0.11569594,0.0,0.0,0.4736105,0.0,0.0,0.0,0.0,0.0,0.0,0.0,0.0,0.0,0.0,0.0,0.0,0.0,10.800000190734863,0.0,-0.0,0.0,0.0,-0.0,0.0,-0.0,0.8996207,0.8996207,-0.0,0.8220824,1.624444,0.11569594,0.0,0.60916877,1.0215386,0.33027562,0.6527203,0.0,0.0,0.0,0.32331192,0.1383698,0.638958,0.0,1.0215386,0.0,0.60189635,0.66313696,0.60916877,-0.061240632,11.7,20.11101,17.222221,17.222221,2.0
resstock-amy2018-2021-release-1-66303,0.40503687,0.30203158,0.37248257,0.0,0.6538468,0.39890403,0.0,0.0,0.0,0.0,0.0,0.0,0.0,0.0,0.0,0.0,0.0,0.0,10.800000190734863,0.0,-0.0,0.0,0.0,-0.0,0.0,-0.0,0.30566457,0.30566457,-0.0,1.0,1.624444,0.30203158,0.0,0.50305855,1.4147227,0.46566328,0.9078846,0.0,0.0,0.0,0.32915518,0.1383698,0.6417403,0.0,1.4147227,0.0,1.2721406,1.4132273,0.50305855,-0.14108668,11.7,20.708006,17.222221,17.222221,2.0
resstock-amy2018-2021-release-1-66303,0.5337701,0.051502187,0.0,0.0,0.31913424,0.0,0.0,0.0,0.0,0.0,0.0,0.0,0.0,0.0,0.0,0.0,0.0,0.0,10.800000190734863,0.0,-0.0,0.0,0.0,-0.0,0.0,-0.0,0.004057115,0.004057115,-0.0,1.0,1.624444,0.051502187,0.0,0.55436623,0.7655172,0.25373608,0.4970403,0.0,0.0,0.0,0.33145708,0.1383698,0.6492869,0.0,0.7655172,0.0,0.76359224,0.87157553,0.55436623,-0.107983276,11.1,20.87983,17.222221,17.222221,2.0
resstock-amy2018-2021-release-1-66303,0.44571415,0.045179445,0.0,0.0,0.6127069,0.0,0.0,0.0,0.0,0.0,0.0,0.0,0.0,0.0,0.0,0.0,0.0,0.0,10.800000190734863,0.0,-0.0,0.0,0.0,-0.0,0.0,-0.0,0.004057115,0.004057115,-0.0,1.0,1.624444,0.045179445,0.0,0.73675334,1.3376709,0.45846996,0.8655283,0.0,0.0,0.0,0.34273747,0.1383698,0.64704126,0.0,1.3376709,0.0,1.335746,1.3475354,0.73675334,-0.011789315,11.1,20.616232,17.777779,17.777779,2.0
resstock-amy2018-2021-release-1-66303,0.124875225,0.32253444,0.3724825,0.0,0.16949672,0.39890397,0.0,0.0,0.0,0.0,0.0,0.0,0.0,0.0,0.0,0.0,0.0,0.0,10.800000190734863,0.0,-0.0,0.0,0.0,-0.0,0.0,-0.0,0.004057115,0.004057115,-0.0,1.0,1.624444,0.32253444,0.0,0.72345006,1.2918508,0.45500875,0.820887,0.0,0.0,0.0,0.35221463,0.1383698,0.63543487,0.0,1.2918508,0.0,1.2898989,1.2898989,0.72345006,-0.0,10.6,20.456112,18.152779,18.152779,2.0
resstock-amy2018-2021-release-1-66303,0.035062853,0.019850574,0.0,0.0,2.5987905e-08,0.0,0.0,0.0,0.0,0.0,0.0,0.0,0.0,0.0,0.0,0.0,0.0,0.0,10.800000190734863,0.0,-0.0,0.0,0.0,-0.0,0.0,-0.0,0.0,0.0,0.01985052,0.9848297,1.624444,5.401671e-08,0.0,1.128321,1.128321,0.3912181,0.712679,0.0,0.0,0.0,0.34672588,0.1383698,0.63162786,0.0,1.128321,0.0,1.1378713,1.1378713,1.128321,-0.0,10.6,20.295464,18.333334,18.333334,2.0
resstock-amy2018-2021-release-1-66303,1.0161123,0.030625507,2.5326502,0.0,1.8220234e-08,2.7122998,0.0,0.0,0.0,0.0,0.0,0.0,0.0,0.0,0.0,0.0,0.0,0.0,10.800000190734863,0.0,-0.0,0.0,0.0,-0.0,0.0,-0.0,0.0,0.0,0.03062547,0.96275705,1.624444,3.7252903e-08,0.0,0.69669086,3.4089906,1.1119579,2.1285238,0.0,0.0,0.0,0.32618392,0.1383698,0.62438536,0.0,3.4089906,0.0,3.4239695,3.4239695,0.69669086,-0.0,10.0,19.96045,18.333334,18.333334,2.0
resstock-amy2018-2021-release-1-66303,0.0,0.05372081,0.0,0.0,1.2962442e-08,0.0,0.0,0.0,0.0,0.0,0.0,0.0,0.0,0.0,0.0,0.0,0.0,0.0,10.800000190734863,0.0,-0.0,0.0,0.0,-0.0,0.0,-0.0,0.0,0.0,0.053720783,0.925865,1.624444,2.6077032e-08,0.0,0.894598,0.894598,0.2756573,0.54890674,0.0,0.0,0.0,0.3081354,0.1383698,0.6135792,0.0,0.894598,0.0,0.92130166,0.92130166,0.894598,-0.0,9.4,19.74936,18.333334,18.333334,2.0
resstock-amy2018-2021-release-1-66303,0.0,0.12328811,0.0,0.0,7.625306e-09,0.0,0.0,0.0,0.0,0.0,0.0,0.0,0.0,0.0,0.0,0.0,0.0,0.0,10.800000190734863,0.0,-0.0,0.0,0.0,-0.0,0.0,-0.0,0.0,0.0,0.123288095,0.84426314,1.624444,1.4901161e-08,0.0,0.56559175,0.56559175,0.17120452,0.3427124,0.0,0.0,0.0,0.30269983,0.1383698,0.605936,0.0,0.56559175,0.0,0.6286814,0.6286814,0.56559175,-0.0,8.3,19.365105,17.777779,17.777779,2.0
resstock-amy2018-2021-release-1-66303,0.0,0.19258031,0.0,0.0,7.678201e-09,0.0,0.0,0.0,0.0,0.0,0.0,0.0,0.0,0.0,0.0,0.0,0.0,0.0,10.800000190734863,0.0,-0.0,0.0,0.0,-0.0,0.0,-0.0,0.0,0.0,0.1925803,0.71823543,1.624444,1.4901161e-08,0.0,0.3323414,0.3323414,0.097151704,0.19883513,0.0,0.0,0.0,0.29232502,0.1383698,0.5982858,0.0,0.3323414,0.0,0.43157327,0.43157327,0.3323414,-0.0,8.033334,18.956646,17.222221,17.222221,2.0
resstock-amy2018-2021-release-1-66303,0.0,0.11006266,0.0,0.0,3.812653e-09,0.0,0.0,0.0,0.0,0.0,0.0,0.0,0.0,0.0,0.0,0.0,0.0,0.0,10.800000190734863,0.0,-0.0,0.0,0.0,-0.0,0.0,-0.0,0.0,0.0,0.11006265,0.6456458,1.624444,7.450581e-09,0.0,0.30831632,0.30831632,0.08546036,0.17258988,0.0,0.0,0.0,0.277184,0.1383698,0.55978185,0.0,0.30831632,0.0,0.3646382,0.3646382,0.30831632,-0.0,8.3,18.479168,17.222221,17.222221,2.0
resstock-amy2018-2021-release-1-66303,0.0,0.6958611,0.0,0.0,0.0,0.0,0.0,0.0,0.0,0.0,0.0,0.0,0.0,0.0,0.0,0.0,0.0,0.0,10.800000190734863,0.0,-0.0,0.0,0.0,-0.0,0.0,-0.0,0.0,0.0,0.6958611,0.19600503,1.624444,0.0,0.0,0.2866847,0.2866847,0.07732076,0.15359564,0.0,0.0,0.0,0.26970664,0.1383698,0.53576505,0.0,0.2866847,0.0,0.6474062,0.6474062,0.2866847,-0.0,7.8,18.37088,17.222221,17.222221,2.0
resstock-amy2018-2021-release-1-66303,0.0,0.9199141,0.0,0.0,0.3243805,0.0,0.0,0.0,0.0,0.0,0.0,0.0,0.0,0.0,0.0,0.0,0.0,0.0,10.800000190734863,0.0,-0.0,0.0,0.0,-0.0,0.0,-0.0,0.0,0.0,0.30365288,0.0,1.624444,0.61626124,0.0,0.28195497,0.60633546,0.15955222,0.30602247,0.0,0.0,0.0,0.2631418,0.1383698,0.5047082,0.0,0.60633546,0.0,0.7661688,0.7661688,0.28195497,-0.0,7.2,18.242157,17.222221,17.222221,2.0
resstock-amy2018-2021-release-1-66303,0.0,0.6009741,0.0,0.0,0.32033378,0.0,0.0,0.0,0.0,0.0,0.0,0.0,0.0,0.0,0.0,0.0,0.0,0.0,10.800000190734863,0.0,-0.0,0.0,0.0,-0.0,0.0,-0.0,0.0,0.0,-0.0,0.0,1.624444,0.6009741,0.0,0.27688333,0.5972171,0.15715279,0.29752564,0.0,0.0,0.0,0.2631418,0.1383698,0.49818677,0.0,0.5972171,0.0,0.5972171,0.5972171,0.27688333,-0.0,6.7,18.018328,17.222221,17.222221,2.0
resstock-amy2018-2021-release-1-66303,0.0,0.8172071,0.0,0.0,0.45408458,0.0,0.0,0.0,0.0,0.0,0.0,0.0,0.0,0.0,0.0,0.0,0.0,0.0,10.800000190734863,0.0,-0.0,0.0,0.0,-0.0,0.0,-0.0,0.0,0.0,-0.0,0.0,1.624444,0.8172071,0.0,0.2757973,0.7298819,0.19171515,0.37058172,0.0,0.0,0.0,0.262666,0.1383698,0.50772834,0.0,0.7298819,0.0,0.7298819,0.7298819,0.2757973,-0.0,5.0,18.076061,17.222221,17.222221,2.0
resstock-amy2018-2021-release-1-66303,0.0,0.6095282,0.0,0.0,0.34355524,0.0,0.0,0.0,0.0,0.0,0.0,0.0,0.0,0.0,0.0,0.0,0.0,0.0,10.800000190734863,0.0,-0.0,0.0,0.0,-0.0,0.0,-0.0,0.0,0.0,-0.0,0.0,1.624444,0.6095282,0.0,0.27869084,0.6222461,0.1689011,0.32525864,0.0,0.0,0.0,0.2714378,0.1383698,0.52271706,0.0,0.6222461,0.0,0.6222461,0.6222461,0.27869084,-0.0,4.4,18.158321,17.222221,17.222221,2.0
resstock-amy2018-2021-release-1-66303,0.0,0.2805833,0.0,0.0,0.15814832,0.0,0.0,0.0,0.0,0.0,0.0,0.0,0.0,0.0,0.0,0.0,0.0,0.0,10.800000190734863,0.0,-0.0,0.0,0.0,-0.0,0.0,-0.0,0.0,0.0,-0.0,0.0,1.624444,0.2805833,0.0,0.4294283,0.5875766,0.17157649,0.31588468,0.0,0.0,0.0,0.292007,0.1383698,0.53760594,0.0,0.5875766,0.0,0.5875766,0.5875766,0.4294283,-0.0,4.4,18.251293,17.222221,17.222221,2.0
resstock-amy2018-2021-release-1-66303,0.0,0.23102638,0.0,0.0,0.12375776,0.0,0.0,0.0,0.0,0.0,0.0,0.0,0.0,0.0,0.0,0.0,0.0,0.0,10.800000190734863,0.0,-0.0,0.0,0.0,-0.0,0.0,-0.0,0.0,0.0,-0.0,0.0,1.624444,0.23102638,0.0,0.48635286,0.61011064,0.19302838,0.33471435,0.0,0.0,0.0,0.3163826,0.1383698,0.54861253,0.0,0.61011064,0.0,0.61011064,0.61011064,0.48635286,-0.0,6.5,18.3787,17.222221,17.222221,2.0
resstock-amy2018-2021-release-1-66303,0.0,0.3061471,0.0,0.0,0.15544069,0.0,0.0,0.0,0.0,0.0,0.0,0.0,0.0,0.0,0.0,0.0,0.0,0.0,10.800000190734863,0.0,-0.0,0.0,0.0,-0.0,0.0,-0.0,0.0,0.0,-0.0,0.0,1.624444,0.3061471,0.0,0.4937848,0.6393636,0.21173741,0.35755697,0.0,0.0,0.0,0.331169,0.1383698,0.55923885,0.0,0.6393636,0.0,0.6393636,0.6492255,0.4937848,-0.009861893,8.6,18.548534,17.222221,17.222221,2.0
resstock-amy2018-2021-release-1-66303,0.0,0.45977214,0.0,0.0,0.22854479,0.0,0.0,0.0,0.0,0.0,0.0,0.0,0.0,0.0,0.0,0.0,0.0,0.0,10.800000190734863,0.0,-0.0,0.0,0.0,-0.0,0.0,-0.0,0.0,0.0,-0.0,0.0,1.624444,0.45977214,0.0,0.492051,0.7026121,0.23830466,0.41133478,0.0,0.0,0.0,0.3391696,0.1383698,0.5854365,0.0,0.7026121,0.0,0.7026121,0.7205958,0.492051,-0.017983695,9.4,18.78555,17.222221,17.222221,2.0
resstock-amy2018-2021-release-1-66303,0.7139559,0.51818496,1.2081875,0.0,0.25344202,1.2938883,0.0,0.0,0.0,0.0,0.0,0.0,0.0,0.0,0.0,0.0,0.0,0.0,10.800000190734863,0.0,-0.0,0.0,0.0,-0.0,0.0,-0.0,0.0,0.0,-0.0,0.0,1.624444,0.51818496,0.0,0.48839432,1.9710319,0.65120727,1.1445427,0.0,0.0,0.0,0.330389,0.1383698,0.580682,0.0,1.9710319,0.0,1.9710319,2.0357246,0.48839432,-0.06469266,10.0,19.502628,17.222221,17.222221,2.0
resstock-amy2018-2021-release-1-66303,0.74514955,0.40169573,0.0,0.0,0.19325928,0.0,0.0,0.0,0.0,0.0,0.0,0.0,0.0,0.0,0.0,0.0,0.0,0.0,10.800000190734863,0.0,-0.0,0.0,0.0,-0.0,0.0,-0.0,0.0,0.0,-0.0,0.0,1.624444,0.40169573,0.0,0.5018713,0.56975305,0.18742557,0.31232253,0.0,0.0,0.0,0.32895932,0.1383698,0.54817176,0.0,0.56975305,0.0,0.56975305,0.6951306,0.5018713,-0.12537755,10.6,20.482105,17.222221,17.222221,2.0
resstock-amy2018-2021-release-1-66303,1.1271427,0.19857553,0.0,0.0,0.094214715,0.0,0.0,0.0,0.0,0.0,0.0,0.0,0.0,0.0,0.0,0.0,0.0,0.0,10.800000190734863,0.0,-0.0,0.0,0.0,-0.0,0.0,-0.0,0.0,0.0,-0.0,0.0,1.624444,0.19857553,0.0,0.48707625,0.4072218,0.12789215,0.21705288,0.0,0.0,0.0,0.31406018,0.1383698,0.533009,0.0,0.4072218,0.0,0.4072218,0.58129096,0.48707625,-0.17406915,11.1,21.35909,17.222221,17.222221,2.0
resstock-amy2018-2021-release-1-66303,0.9298909,0.21112497,0.0,0.0,0.09707735,0.0,0.0,0.0,0.0,0.0,0.0,0.0,0.0,0.0,0.0,0.0,0.0,0.0,10.800000190734863,0.0,-0.0,0.0,0.0,-0.0,0.0,-0.0,0.0,0.0,-0.0,0.0,1.624444,0.21112497,0.0,0.4876461,0.38905093,0.11834335,0.20550309,0.0,0.0,0.0,0.30418473,0.1383698,0.5282164,0.0,0.38905093,0.0,0.38905093,0.5847235,0.4876461,-0.19567254,12.2,22.373722,17.777779,17.777779,2.0
resstock-amy2018-2021-release-1-66303,1.3671995,0.15623735,0.0,0.0,0.21399117,0.0,0.0,0.0,0.0,0.0,0.0,0.0,0.0,0.0,0.0,0.0,0.0,0.0,10.800000190734863,0.0,-0.0,0.0,0.0,-0.0,0.0,-0.0,0.30915317,0.30915317,-0.0,0.18193345,1.624444,0.15623735,0.0,0.516602,0.54336035,0.16579118,0.28407475,0.0,0.0,0.0,0.305122,0.1383698,0.522811,0.0,0.54336035,0.0,0.40120867,0.5884415,0.516602,-0.18723282,12.2,22.996304,17.777779,17.777779,2.0
resstock-amy2018-2021-release-1-66303,1.4416181,0.20197636,0.74517477,0.0,0.35507858,0.7980325,0.0,0.0,0.0,0.0,0.0,0.0,0.0,0.0,0.0,0.0,0.0,0.0,10.800000190734863,0.0,-0.0,0.0,0.0,-0.0,0.0,-0.0,0.55923396,0.55923396,-0.0,0.5106025,1.624444,0.20197636,0.0,0.50305855,1.5450017,0.46666408,0.83305246,0.0,0.0,0.0,0.3020476,0.1383698,0.5391919,0.0,1.5450017,0.0,1.2841382,1.3953061,0.50305855,-0.11116791,11.7,23.248522,17.777779,17.777779,2.0
resstock-amy2018-2021-release-1-66303,1.0737747,0.09473271,0.0,0.0,0.6668563,0.0,0.0,0.0,0.0,0.0,0.0,0.0,0.0,0.0,0.0,0.0,0.0,0.0,10.800000190734863,0.0,-0.0,0.0,0.0,-0.0,0.0,-0.0,0.8336878,0.8336878,-0.0,1.0,1.624444,0.09473271,0.0,0.55436623,1.189866,0.36507204,0.6578694,0.0,0.0,0.0,0.3068178,0.1383698,0.5528937,0.0,1.189866,0.0,0.79432046,0.82567704,0.55436623,-0.031356603,11.1,22.767319,17.777779,17.777779,2.0
resstock-amy2018-2021-release-1-66303,0.6477271,0.051406905,1.490341,0.0,0.4476924,1.5960559,0.0,0.0,0.0,0.0,0.0,0.0,0.0,0.0,0.0,0.0,0.0,0.0,10.800000190734863,0.0,-0.0,0.0,0.0,-0.0,0.0,-0.0,0.004057115,0.004057115,-0.0,1.0,1.624444,0.051406905,0.0,0.64418656,2.680996,0.8461599,1.5716069,0.0,0.0,0.0,0.315614,0.1383698,0.5862026,0.0,2.680996,0.0,2.6790116,2.6859503,0.64418656,-0.006938745,10.0,22.023006,17.958334,17.958334,2.0
resstock-amy2018-2021-release-1-66303,0.12739398,0.014933549,0.0,0.0,0.043256722,0.0,0.0,0.0,0.0,0.0,0.0,0.0,0.0,0.0,0.0,0.0,0.0,0.0,10.800000190734863,0.0,-0.0,0.0,0.0,-0.0,0.0,-0.0,0.004057115,0.004057115,-0.0,1.0,1.624444,0.014933549,0.0,0.72345006,0.76670676,0.2529873,0.47397497,0.0,0.0,0.0,0.32996616,0.1383698,0.6181959,0.0,0.76670676,0.0,0.76472247,0.76472247,0.72345006,-0.0,10.0,21.54002,18.333334,18.333334,2.0
resstock-amy2018-2021-release-1-66303,0.11429916,0.009869101,1.7279993,0.0,0.3548288,1.8505722,0.0,0.0,0.0,0.0,0.0,0.0,0.0,0.0,0.0,0.0,0.0,0.0,10.800000190734863,0.0,-0.0,0.0,0.0,-0.0,0.0,-0.0,0.004057115,0.004057115,-0.0,1.0,1.624444,0.009869101,0.0,6.783265,8.988667,2.9191778,5.6538086,0.0,0.0,0.0,0.32476205,0.1383698,0.62899303,0.0,8.988667,0.0,8.9866495,8.9866495,6.783265,-0.0,9.4,21.04973,18.333334,18.333334,2.0
resstock-amy2018-2021-release-1-66303,0.30881304,0.11920843,2.2836516,0.0,0.19406682,2.445639,0.0,0.0,0.0,0.0,0.0,0.0,0.0,0.0,0.0,0.0,0.0,0.0,10.800000190734863,0.0,-0.0,0.0,0.0,-0.0,0.0,-0.0,0.004057115,0.004057115,-0.0,1.0,1.624444,0.11920843,0.0,0.69669086,3.3363967,1.0210861,2.1016848,0.0,0.0,0.0,0.30604458,0.1383698,0.62992656,0.0,3.3363967,0.0,3.334353,3.334353,0.69669086,-0.0,8.9,20.650877,18.856482,18.856482,2.0
resstock-amy2018-2021-release-1-66303,0.0,0.018283188,0.90768343,0.0,0.27466878,0.9720685,0.0,0.0,0.0,0.0,0.0,0.0,0.0,0.0,0.0,0.0,0.0,0.0,10.800000190734863,0.0,-0.0,0.0,0.0,-0.0,0.0,-0.0,0.004057115,0.004057115,-0.0,1.0,1.624444,0.018283188,0.0,0.6290092,1.8757465,0.5549396,1.175422,0.0,0.0,0.0,0.29585,0.1383698,0.6266422,0.0,1.8757465,0.0,1.8736434,1.8736434,0.6290092,-0.0,7.8,20.22962,18.574074,18.574074,2.0
resstock-amy2018-2021-release-1-66303,0.0,0.053745367,0.5055201,0.0,0.12342957,0.5413784,0.0,0.0,0.0,0.0,0.0,0.0,0.0,0.0,0.0,0.0,0.0,0.0,10.800000190734863,0.0,-0.0,0.0,0.0,-0.0,0.0,-0.0,0.004057115,0.004057115,-0.0,1.0,1.624444,0.053745367,0.0,0.56559175,1.2303997,0.35928532,0.75434357,0.0,0.0,0.0,0.292007,0.1383698,0.6130882,0.0,1.2303997,0.0,1.2282642,1.2282642,0.56559175,-0.0,7.2,19.698542,18.333334,18.333334,2.0
resstock-amy2018-2021-release-1-66303,0.0,0.411229,0.0,0.0,0.0,0.0,0.0,0.0,0.0,0.0,0.0,0.0,0.0,0.0,0.0,0.0,0.0,0.0,10.800000190734863,0.0,-0.0,0.0,0.0,-0.0,0.0,-0.0,0.0,0.0,0.411229,0.7328018,1.624444,0.0,0.0,0.3323414,0.3323414,0.09420377,0.19314058,0.0,0.0,0.0,0.2834548,0.1383698,0.5811511,0.0,0.3323414,0.0,0.5487994,0.5487994,0.3323414,-0.0,7.2,19.296803,17.222221,17.222221,2.0
resstock-amy2018-2021-release-1-66303,0.0,0.86323214,0.0,0.0,0.0,0.0,0.0,0.0,0.0,0.0,0.0,0.0,0.0,0.0,0.0,0.0,0.0,0.0,10.800000190734863,0.0,-0.0,0.0,0.0,-0.0,0.0,-0.0,0.0,0.0,0.86323214,0.17517442,1.624444,0.0,0.0,0.30831632,0.30831632,0.08383916,0.16531378,0.0,0.0,0.0,0.2719258,0.1383698,0.5361824,0.0,0.30831632,0.0,0.7626945,0.7626945,0.30831632,-0.0,7.2,19.062443,17.222221,17.222221,2.0
resstock-amy2018-2021-release-1-66303,0.0,0.49096346,0.0,0.0,0.117042296,0.0,0.0,0.0,0.0,0.0,0.0,0.0,0.0,0.0,0.0,0.0,0.0,0.0,10.800000190734863,0.0,-0.0,0.0,0.0,-0.0,0.0,-0.0,0.0,0.0,0.2713819,0.0,1.624444,0.21958154,0.0,0.2866847,0.403727,0.10652839,0.1933324,0.0,0.0,0.0,0.26386243,0.1383698,0.47886917,0.0,0.403727,0.0,0.54838014,0.54838014,0.2866847,-0.0,6.7,18.367558,17.222221,17.222221,2.0
resstock-amy2018-2021-release-1-66303,0.0,1.1447895,0.0,0.0,0.6193441,0.0,0.0,0.0,0.0,0.0,0.0,0.0,0.0,0.0,0.0,0.0,0.0,0.0,10.800000190734863,0.0,-0.0,0.0,0.0,-0.0,0.0,-0.0,0.0,0.0,-0.0,0.0,1.624444,1.1447895,0.0,0.28195497,0.9012991,0.23036556,0.39967963,0.0,0.0,0.0,0.2555928,0.1383698,0.44344836,0.0,0.9012991,0.0,0.9012991,0.9012991,0.28195497,-0.0,6.1,18.446882,17.222221,17.222221,2.0
resstock-amy2018-2021-release-1-66303,0.0,0.8317183,0.0,0.0,0.46879077,0.0,0.0,0.0,0.0,0.0,0.0,0.0,0.0,0.0,0.0,0.0,0.0,0.0,10.800000190734863,0.0,-0.0,0.0,0.0,-0.0,0.0,-0.0,0.0,0.0,-0.0,0.0,1.624444,0.8317183,0.0,0.27688333,0.74567413,0.18525435,0.3172716,0.0,0.0,0.0,0.24843876,0.1383698,0.4254829,0.0,0.74567413,0.0,0.74567413,0.74567413,0.27688333,-0.0,4.4,18.021015,17.222221,17.222221,2.0
resstock-amy2018-2021-release-1-66303,0.0,0.46035486,0.0,0.0,0.259475,0.0,0.0,0.0,0.0,0.0,0.0,0.0,0.0,0.0,0.0,0.0,0.0,0.0,10.800000190734863,0.0,-0.0,0.0,0.0,-0.0,0.0,-0.0,0.0,0.0,-0.0,0.0,1.624444,0.46035486,0.0,0.2757973,0.5352723,0.13260023,0.22008158,0.0,0.0,0.0,0.24772483,0.1383698,0.41115817,0.0,0.5352723,0.0,0.5352723,0.5352723,0.2757973,-0.0,4.4,17.900013,17.222221,17.222221,2.0
resstock-amy2018-2021-release-1-66303,0.0,0.9775556,1.657612,0.0,0.55749714,1.775192,0.0,0.0,0.0,0.0,0.0,0.0,0.0,0.0,0.0,0.0,0.0,0.0,10.800000190734863,0.0,-0.0,0.0,0.0,-0.0,0.0,-0.0,0.0,0.0,-0.0,0.0,1.624444,0.9775556,0.0,0.40280098,2.73549,0.700671,1.1915381,0.0,0.0,0.0,0.25614095,0.1383698,0.43558487,0.0,2.73549,0.0,2.73549,2.73549,0.40280098,-0.0,3.9,18.018707,17.222221,17.222221,2.0
resstock-amy2018-2021-release-1-66303,0.0,1.206876,0.0,0.0,0.6706058,0.0,0.0,0.0,0.0,0.0,0.0,0.0,0.0,0.0,0.0,0.0,0.0,0.0,10.800000190734863,0.0,-0.0,0.0,0.0,-0.0,0.0,-0.0,0.0,0.0,-0.0,0.0,1.624444,1.206876,0.0,0.5683128,1.2389185,0.35270402,0.6036149,0.0,0.0,0.0,0.284687,0.1383698,0.48721114,0.0,1.2389185,0.0,1.2389185,1.2389185,0.5683128,-0.0,5.0,18.292358,17.222221,17.222221,2.0
resstock-amy2018-2021-release-1-66303,0.0,0.6606675,1.0014263,0.0,0.3574286,1.0724609,0.0,0.0,0.0,0.0,0.0,0.0,0.0,0.0,0.0,0.0,0.0,0.0,10.800000190734863,0.0,-0.0,0.0,0.0,-0.0,0.0,-0.0,0.0,0.0,-0.0,0.0,1.624444,0.6606675,0.0,0.48635286,1.9162424,0.5803638,0.99522424,0.0,0.0,0.0,0.30286556,0.1383698,0.5193624,0.0,1.9162424,0.0,1.9162424,1.9162424,0.48635286,-0.0,6.1,18.430607,17.222221,17.222221,2.0
resstock-amy2018-2021-release-1-66303,0.0,0.74576604,0.0,0.0,0.3865913,0.0,0.0,0.0,0.0,0.0,0.0,0.0,0.0,0.0,0.0,0.0,0.0,0.0,10.800000190734863,0.0,-0.0,0.0,0.0,-0.0,0.0,-0.0,0.0,0.0,-0.0,0.0,1.624444,0.74576604,0.0,0.4937848,0.8664218,0.28275678,0.449314,0.0,0.0,0.0,0.32635,0.1383698,0.51858574,0.0,0.8664218,0.0,0.8664218,0.8803761,0.4937848,-0.0139542725,7.8,18.63264,17.222221,17.222221,2.0
resstock-amy2018-2021-release-1-66303,1.0580021,0.1311785,3.1825464,0.0,0.065206565,3.4082952,0.0,0.0,0.0,0.0,0.0,0.0,0.0,0.0,0.0,0.0,0.0,0.0,10.800000190734863,0.0,-0.0,0.0,0.0,-0.0,0.0,-0.0,0.0,0.0,-0.0,0.0,1.624444,0.1311785,0.0,0.492051,3.9444752,1.3056204,2.0384223,0.0,0.0,0.0,0.3309998,0.1383698,0.5167791,0.0,3.9444752,0.0,3.9444752,3.9655528,0.492051,-0.021077527,9.4,18.731302,17.222221,17.222221,2.0
resstock-amy2018-2021-release-1-66303,0.0,0.50364876,0.0,0.0,0.24633242,0.0,0.0,0.0,0.0,0.0,0.0,0.0,0.0,0.0,0.0,0.0,0.0,0.0,10.800000190734863,0.0,-0.0,0.0,0.0,-0.0,0.0,-0.0,0.0,0.0,-0.0,0.0,1.624444,0.50364876,0.0,0.48839432,0.66961586,0.21315514,0.3459582,0.0,0.0,0.0,0.3183245,0.1383698,0.51665175,0.0,0.66961586,0.0,0.66961586,0.7347268,0.48839432,-0.06511089,10.0,19.139118,17.222221,17.222221,2.0
resstock-amy2018-2021-release-1-66303,0.3894736,0.3113255,0.0,0.0,0.14978138,0.0,0.0,0.0,0.0,0.0,0.0,0.0,0.0,0.0,0.0,0.0,0.0,0.0,10.800000190734863,0.0,-0.0,0.0,0.0,-0.0,0.0,-0.0,0.0,0.0,-0.0,0.0,1.624444,0.3113255,0.0,0.30791634,0.33060035,0.10324772,0.1733271,0.0,0.0,0.0,0.31230372,0.1383698,0.52427983,0.0,0.33060035,0.0,0.33060035,0.45769772,0.30791634,-0.12709737,10.6,20.001808,17.222221,17.222221,2.0
resstock-amy2018-2021-release-1-66303,0.8014431,0.4233932,0.0,0.0,0.20088008,0.0,0.0,0.0,0.0,0.0,0.0,0.0,0.0,0.0,0.0,0.0,0.0,0.0,10.800000190734863,0.0,-0.0,0.0,0.0,-0.0,0.0,-0.0,0.0,0.0,-0.0,0.0,1.624444,0.4233932,0.0,0.29362714,0.3260546,0.09940309,0.1725536,0.0,0.0,0.0,0.3048664,0.1383698,0.5292169,0.0,0.3260546,0.0,0.3260546,0.49450722,0.29362714,-0.16845262,11.1,21.144867,17.222221,17.222221,2.0
resstock-amy2018-2021-release-1-66303,0.91705155,0.0767684,0.0,0.0,0.03468572,0.0,0.0,0.0,0.0,0.0,0.0,0.0,0.0,0.0,0.0,0.0,0.0,0.0,10.800000190734863,0.0,-0.0,0.0,0.0,-0.0,0.0,-0.0,0.0,0.0,-0.0,0.0,1.624444,0.0767684,0.0,0.29499483,0.1589291,0.048071135,0.086909175,0.0,0.0,0.0,0.30246907,0.1383698,0.54684246,0.0,0.1589291,0.0,0.1589291,0.32968056,0.29499483,-0.17075147,12.8,21.985107,17.222221,17.222221,2.0
resstock-amy2018-2021-release-1-66303,1.3343861,0.59755653,0.0,0.0,0.26601246,0.0,0.0,0.0,0.0,0.0,0.0,0.0,0.0,0.0,0.0,0.0,0.0,0.0,10.800000190734863,0.0,-0.0,0.0,0.0,-0.0,0.0,-0.0,0.0,0.0,-0.0,0.0,1.624444,0.59755653,0.0,0.32602397,0.4068321,0.12542157,0.22540437,0.0,0.0,0.0,0.30828828,0.1383698,0.55404764,0.0,0.4068321,0.0,0.4068321,0.5920364,0.32602397,-0.18520434,13.3,23.17804,17.222221,17.222221,2.0
resstock-amy2018-2021-release-1-66303,1.4799496,0.14638287,0.0,0.0,0.06302137,0.0,0.0,0.0,0.0,0.0,0.0,0.0,0.0,0.0,0.0,0.0,0.0,0.0,10.800000190734863,0.0,-0.0,0.0,0.0,-0.0,0.0,-0.0,0.0,0.0,-0.0,0.0,1.624444,0.14638287,0.0,0.2963023,0.1879712,0.059051156,0.10433966,0.0,0.0,0.0,0.31415,0.1383698,0.5550832,0.0,0.1879712,0.0,0.1879712,0.35932365,0.2963023,-0.17135245,14.4,23.888847,17.222221,17.222221,2.0
resstock-amy2018-2021-release-1-66303,1.4598576,0.19765657,0.37268475,0.0,0.08553632,0.39912054,0.0,0.0,0.0,0.0,0.0,0.0,0.0,0.0,0.0,0.0,0.0,0.0,10.800000190734863,0.0,-0.0,0.0,0.0,-0.0,0.0,-0.0,0.0047784783,0.0047784783,-0.0,0.0028120852,1.624444,0.19765657,0.0,0.31288487,0.6885593,0.21883103,0.37957138,0.0,0.0,0.0,0.31781,0.1383698,0.55125445,0.0,0.6885593,0.0,0.6865402,0.7955227,0.31288487,-0.10898248,15.0,24.288185,17.222221,17.222221,2.0
resstock-amy2018-2021-release-1-66303,0.7421264,0.06358697,0.0,0.0,0.026367448,0.0,0.0,0.0,0.0,0.0,0.0,0.0,0.0,0.0,0.0,0.0,0.0,0.0,10.800000190734863,0.0,-0.0,0.0,0.0,-0.0,0.0,-0.0,0.0,0.0,0.004356509,0.0,1.624444,0.05923046,0.0,0.33285508,0.3425423,0.113064565,0.19070722,0.0,0.0,0.0,0.33007476,0.1383698,0.55674064,0.0,0.3425423,0.0,0.34448168,0.36116192,0.33285508,-0.016680228,13.3,23.473999,17.777779,17.777779,2.0
resstock-amy2018-2021-release-1-66303,0.36958224,0.013804384,0.0,0.0,0.006347392,0.0,0.0,0.0,0.0,0.0,0.0,0.0,0.0,0.0,0.0,0.0,0.0,0.0,10.800000190734863,0.0,-0.0,0.0,0.0,-0.0,0.0,-0.0,0.0,0.0,-0.0,0.0,1.624444,0.013804384,0.0,0.34666762,0.353015,0.11766131,0.19808461,0.0,0.0,0.0,0.333304,0.1383698,0.56112236,0.0,0.353015,0.0,0.353015,0.353015,0.34666762,-0.0,12.2,22.679373,17.777779,17.777779,2.0
resstock-amy2018-2021-release-1-66303,0.28661895,0.042342346,0.0,0.0,0.019751254,0.0,0.0,0.0,0.0,0.0,0.0,0.0,0.0,0.0,0.0,0.0,0.0,0.0,10.800000190734863,0.0,-0.0,0.0,0.0,-0.0,0.0,-0.0,0.0,0.0,-0.0,0.0,1.624444,0.042342346,0.0,0.7418535,0.7616047,0.24734181,0.4265208,0.0,0.0,0.0,0.324764,0.1383698,0.5600291,0.0,0.7616047,0.0,0.7616047,0.7616047,0.7418535,-0.0,11.7,22.172413,17.777779,17.777779,2.0
resstock-amy2018-2021-release-1-66303,0.31037733,0.023212004,0.0,0.0,0.010827606,0.0,0.0,0.0,0.0,0.0,0.0,0.0,0.0,0.0,0.0,0.0,0.0,0.0,10.800000190734863,0.0,-0.0,0.0,0.0,-0.0,0.0,-0.0,0.0,0.0,-0.0,0.0,1.624444,0.023212004,0.0,1.0329528,1.0437804,0.32419685,0.5868757,0.0,0.0,0.0,0.3105987,0.1383698,0.5622597,0.0,1.0437804,0.0,1.0437804,1.0437804,1.0329528,-0.0,11.7,21.739162,17.777779,17.777779,2.0
resstock-amy2018-2021-release-1-66303,0.021368278,0.08786807,0.0,0.0,0.04168925,0.0,0.0,0.0,0.0,0.0,0.0,0.0,0.0,0.0,0.0,0.0,0.0,0.0,10.800000190734863,0.0,-0.0,0.0,0.0,-0.0,0.0,-0.0,0.0,0.0,-0.0,0.0,1.624444,0.08786807,0.0,0.6290092,0.67069846,0.20215738,0.38155898,0.0,0.0,0.0,0.3014132,0.1383698,0.56889796,0.0,0.67069846,0.0,0.67069846,0.67069846,0.6290092,-0.0,11.1,21.129799,17.777779,17.777779,2.0
resstock-amy2018-2021-release-1-66303,0.0,0.01972855,0.0,0.0,0.19388361,0.0,0.0,0.0,0.0,0.0,0.0,0.0,0.0,0.0,0.0,0.0,0.0,0.0,10.800000190734863,0.0,-0.0,0.0,0.0,-0.0,0.0,-0.0,0.37668392,0.37668392,-0.0,0.2216746,1.624444,0.01972855,0.0,0.34774005,0.54162365,0.16023274,0.31107733,0.0,0.0,0.0,0.2958378,0.1383698,0.5743422,0.0,0.54162365,0.0,0.35738918,0.35738918,0.34774005,-0.0,10.0,20.540144,17.61111,17.61111,2.0
resstock-amy2018-2021-release-1-66303,0.0,0.3479273,0.0,0.0,0.0022402953,0.0,0.0,0.0,0.0,0.0,0.0,0.0,0.0,0.0,0.0,0.0,0.0,0.0,10.800000190734863,0.0,-0.0,0.0,0.0,-0.0,0.0,-0.0,0.0,0.0,0.34342042,0.0,1.624444,0.004506886,0.0,0.3323414,0.3345817,0.094128534,0.19359264,0.0,0.0,0.0,0.281332,0.1383698,0.57861096,0.0,0.3345817,0.0,0.50529003,0.50529003,0.3323414,-0.0,9.4,20.218472,17.777779,17.777779,2.0
resstock-amy2018-2021-release-1-66303,0.0,0.40526313,0.0,0.0,0.2014493,0.0,0.0,0.0,0.0,0.0,0.0,0.0,0.0,0.0,0.0,0.0,0.0,0.0,10.800000190734863,0.0,-0.0,0.0,0.0,-0.0,0.0,-0.0,0.0,0.0,-0.0,0.0,1.624444,0.40526313,0.0,0.30831632,0.5097656,0.14483134,0.29402757,0.0,0.0,0.0,0.2841136,0.1383698,0.57678974,0.0,0.5097656,0.0,0.5097656,0.5097656,0.30831632,-0.0,9.4,19.649431,17.222221,17.222221,2.0
resstock-amy2018-2021-release-1-66303,0.0,0.31154546,0.0,0.0,0.15486386,0.0,0.0,0.0,0.0,0.0,0.0,0.0,0.0,0.0,0.0,0.0,0.0,0.0,10.800000190734863,0.0,-0.0,0.0,0.0,-0.0,0.0,-0.0,0.0,0.0,-0.0,0.0,1.624444,0.31154546,0.0,0.2866847,0.44154856,0.12045092,0.2413341,0.0,0.0,0.0,0.272792,0.1383698,0.54656297,0.0,0.44154856,0.0,0.44154856,0.44154856,0.2866847,-0.0,9.4,19.10226,17.222221,17.222221,2.0
resstock-amy2018-2021-release-1-66303,0.0,0.24487801,0.0,0.0,0.12889606,0.0,0.0,0.0,0.0,0.0,0.0,0.0,0.0,0.0,0.0,0.0,0.0,0.0,10.800000190734863,0.0,-0.0,0.0,0.0,-0.0,0.0,-0.0,0.0,0.0,-0.0,0.0,1.624444,0.24487801,0.0,0.28195497,0.41085103,0.11142526,0.22235529,0.0,0.0,0.0,0.271206,0.1383698,0.5412066,0.0,0.41085103,0.0,0.41085103,0.41085103,0.28195497,-0.0,7.2,18.494001,17.222221,17.222221,2.0
resstock-amy2018-2021-release-1-66303,0.0,1.0471718,0.0,0.0,0.5358646,0.0,0.0,0.0,0.0,0.0,0.0,0.0,0.0,0.0,0.0,0.0,0.0,0.0,10.800000190734863,0.0,-0.0,0.0,0.0,-0.0,0.0,-0.0,0.0,0.0,-0.0,0.0,1.624444,1.0471718,0.0,0.27688333,0.81274796,0.22042212,0.4461611,0.0,0.0,0.0,0.271206,0.1383698,0.54895383,0.0,0.81274796,0.0,0.81274796,0.81274796,0.27688333,-0.0,8.3,18.725468,17.222221,17.222221,2.0
resstock-amy2018-2021-release-1-66303,0.0,0.92783886,0.0,0.0,0.4883851,0.0,0.0,0.0,0.0,0.0,0.0,0.0,0.0,0.0,0.0,0.0,0.0,0.0,10.800000190734863,0.0,-0.0,0.0,0.0,-0.0,0.0,-0.0,0.0,0.0,-0.0,0.0,1.624444,0.92783886,0.0,0.2757973,0.76418245,0.20091121,0.4168606,0.0,0.0,0.0,0.26291,0.1383698,0.5454988,0.0,0.76418245,0.0,0.76418245,0.76418245,0.2757973,-0.0,7.2,18.446339,17.222221,17.222221,2.0
resstock-amy2018-2021-release-1-66303,0.0,1.1200501,0.0,0.0,0.589559,0.0,0.0,0.0,0.0,0.0,0.0,0.0,0.0,0.0,0.0,0.0,0.0,0.0,10.800000190734863,0.0,-0.0,0.0,0.0,-0.0,0.0,-0.0,0.0,0.0,-0.0,0.0,1.624444,1.1200501,0.0,0.27869084,0.8682499,0.23547457,0.48492625,0.0,0.0,0.0,0.271206,0.1383698,0.55851,0.0,0.8682499,0.0,0.8682499,0.8682499,0.27869084,-0.0,7.2,18.616203,17.222221,17.222221,2.0
resstock-amy2018-2021-release-1-66303,0.0,0.3884115,0.0,0.0,0.19565785,0.0,0.0,0.0,0.0,0.0,0.0,0.0,0.0,0.0,0.0,0.0,0.0,0.0,10.800000190734863,0.0,-0.0,0.0,0.0,-0.0,0.0,-0.0,0.0,0.0,-0.0,0.0,1.624444,0.3884115,0.0,0.29054374,0.48620158,0.13670696,0.27288184,0.0,0.0,0.0,0.2811734,0.1383698,0.5612525,0.0,0.48620158,0.0,0.48620158,0.48620158,0.29054374,-0.0,8.9,18.526669,17.222221,17.222221,2.0
resstock-amy2018-2021-release-1-66303,0.0,0.68890256,0.0,0.0,0.34244156,0.0,0.0,0.0,0.0,0.0,0.0,0.0,0.0,0.0,0.0,0.0,0.0,0.0,10.800000190734863,0.0,-0.0,0.0,0.0,-0.0,0.0,-0.0,0.0,0.0,-0.0,0.0,1.624444,0.68890256,0.0,0.39300376,0.7354453,0.20905769,0.40602,0.0,0.0,0.0,0.28426,0.1383698,0.55207366,0.0,0.7354453,0.0,0.7354453,0.7354453,0.39300376,-0.0,9.4,18.701609,17.222221,17.222221,2.0
resstock-amy2018-2021-release-1-66303,0.35256863,0.48983598,4.543086,0.0,0.22849172,4.8653426,0.0,0.0,0.0,0.0,0.0,0.0,0.0,0.0,0.0,0.0,0.0,0.0,10.800000190734863,0.0,-0.0,0.0,0.0,-0.0,0.0,-0.0,0.0,0.0,-0.0,0.0,1.624444,0.48983598,0.0,0.59792244,5.6824303,1.6223588,3.1512456,0.0,0.0,0.0,0.2855044,0.1383698,0.55455947,0.0,5.6824303,0.0,5.6824303,5.6917567,0.59792244,-0.009326425,11.7,18.947567,17.222221,17.222221,2.0
resstock-amy2018-2021-release-1-66303,0.20417573,1.4550518,0.0,0.0,0.6148134,0.0,0.0,0.0,0.0,0.0,0.0,0.0,0.0,0.0,0.0,0.0,0.0,0.0,10.800000190734863,0.0,-0.0,0.0,0.0,-0.0,0.0,-0.0,0.0,0.0,-0.0,0.0,1.624444,1.4550518,0.0,0.492051,1.0925499,0.32603002,0.6045612,0.0,0.0,0.0,0.298412,0.1383698,0.55334884,0.0,1.0925499,0.0,1.0925499,1.1068645,0.492051,-0.014314553,15.0,20.892418,17.222221,17.222221,2.0
resstock-amy2018-2021-release-1-66303,1.7964627,1.081493,2.488123,0.0,0.43249685,2.664614,0.0,0.0,0.0,0.0,0.0,0.0,0.0,0.0,0.0,0.0,0.0,0.0,10.800000190734863,0.0,-0.0,0.0,0.0,-0.0,0.0,-0.0,0.0,0.0,-0.0,0.0,1.624444,1.081493,0.0,0.48839432,3.517481,1.0042564,1.9642012,0.0,0.0,0.0,0.2855044,0.1383698,0.5584113,0.0,3.517481,0.0,3.517481,3.585505,0.48839432,-0.068023995,16.7,22.543499,17.222221,17.222221,2.0
resstock-amy2018-2021-release-1-66303,0.9278438,0.14780334,0.0,0.0,0.056943357,0.0,0.0,0.0,0.0,0.0,0.0,0.0,0.0,0.0,0.0,0.0,0.0,0.0,10.800000190734863,0.0,-0.0,0.0,0.0,-0.0,0.0,-0.0,0.0,0.0,-0.0,0.0,1.624444,0.14780334,0.0,0.30791634,0.23484349,0.06653886,0.13290006,0.0,0.0,0.0,0.2833328,0.1383698,0.5659091,0.0,0.23484349,0.0,0.23484349,0.3648597,0.30791634,-0.13001621,17.8,23.329414,17.222221,17.222221,2.0
resstock-amy2018-2021-release-1-66303,1.4388499,0.16090862,0.0,0.0,0.0585652,0.0,0.0,0.0,0.0,0.0,0.0,0.0,0.0,0.0,0.0,0.0,0.0,0.0,10.800000190734863,0.0,-0.0,0.0,0.0,-0.0,0.0,-0.0,0.0,0.0,-0.0,0.0,1.624444,0.16090862,0.0,0.29362714,0.1747888,0.04822446,0.09896826,0.0,0.0,0.0,0.27590132,0.1383698,0.56621623,0.0,0.1747888,0.0,0.1747888,0.35219234,0.29362714,-0.17740354,19.4,24.50637,17.222221,17.222221,2.0
resstock-amy2018-2021-release-1-66303,1.9080117,0.5050675,0.37277174,0.0,0.17979321,0.3992137,0.0,0.0,0.0,0.0,0.0,0.0,0.0,0.0,0.0,0.0,0.0,0.0,10.800000190734863,0.0,-0.0,0.0,0.0,-0.0,0.0,-0.0,0.0,0.0,-0.0,0.0,1.624444,0.5050675,0.0,0.29499483,0.67348623,0.178994,0.3805166,0.0,0.0,0.0,0.2657723,0.1383698,0.56499535,0.0,0.67348623,0.0,0.67348623,0.87400174,0.29499483,-0.20051552,20.0,25.771198,17.222221,17.222221,2.0
resstock-amy2018-2021-release-1-66303,2.205023,0.08733329,0.0,0.0,0.030391246,0.0,0.0,0.0,0.0,0.0,0.0,0.0,0.0,0.0,0.0,0.0,0.0,0.0,10.800000190734863,0.0,-0.0,0.0,0.0,-0.0,0.0,-0.0,0.0,0.0,-0.0,0.0,1.624444,0.08733329,0.0,0.516602,0.3447551,0.09349965,0.19475849,0.0,0.0,0.0,0.271206,0.1383698,0.56491834,0.0,0.3447551,0.0,0.3447551,0.54699326,0.516602,-0.20223813,20.6,26.729336,17.222221,17.222221,2.0
resstock-amy2018-2021-release-1-66303,2.3540683,0.041936737,0.0,0.0,0.014928578,0.0,0.0,0.0,0.0,0.0,0.0,0.0,0.0,0.0,0.0,0.0,0.0,0.0,10.800000190734863,0.0,-0.0,0.0,0.0,-0.0,0.0,-0.0,0.0,0.0,-0.0,0.0,1.624444,0.041936737,0.0,0.50305855,0.342928,0.097192034,0.1956664,0.0,0.0,0.0,0.2834182,0.1383698,0.5705758,0.0,0.342928,0.0,0.342928,0.51798713,0.50305855,-0.17505915,20.0,27.217491,17.222221,17.222221,2.0
resstock-amy2018-2021-release-1-66303,1.3960316,0.20549023,0.0,0.0,0.07780035,0.0,0.0,0.0,0.0,0.0,0.0,0.0,0.0,0.0,0.0,0.0,0.0,0.0,10.800000190734863,0.0,-0.0,0.0,0.0,-0.0,0.0,-0.0,0.0,0.0,-0.0,0.0,1.624444,0.20549023,0.0,0.646933,0.6138636,0.17479642,0.35470393,0.0,0.0,0.0,0.284748,0.1383698,0.5778221,0.0,0.6138636,0.0,0.6138636,0.72473335,0.646933,-0.11086974,18.3,27.4462,18.88889,18.88889,2.0
resstock-amy2018-2021-release-1-66303,1.9482065,0.35749677,0.0,0.0,0.16807868,0.0,0.0,0.0,0.0,0.0,0.0,0.0,0.0,0.0,0.0,0.0,0.0,0.0,10.800000190734863,0.0,-0.0,0.0,0.0,-0.0,0.0,-0.0,0.062797405,0.062797405,-0.0,0.036955625,1.624444,0.35749677,0.0,0.81774926,0.96490186,0.2972027,0.56223226,0.0,0.0,0.0,0.3080134,0.1383698,0.5826833,0.0,0.96490186,0.0,0.9397887,0.96071476,0.81774926,-0.020926058,16.7,27.225412,17.777779,17.777779,2.0
resstock-amy2018-2021-release-1-66303,0.87592524,0.115772896,0.0,0.0,0.22761172,0.0,0.0,0.0,0.0,0.0,0.0,0.0,0.0,0.0,0.0,0.0,0.0,0.0,10.800000190734863,0.0,-0.0,0.0,0.0,-0.0,0.0,-0.0,0.42290577,0.42290577,-0.0,0.28574306,1.624444,0.115772896,0.0,0.72345006,0.9510618,0.3393864,0.5499915,0.0,0.0,0.0,0.35685,0.1383698,0.5782921,0.0,0.9510618,0.0,0.77236843,0.77236843,0.72345006,-0.0,15.0,26.75511,18.555555,18.555555,2.0
resstock-amy2018-2021-release-1-66303,0.38804367,0.024261985,0.0,0.0,8.2918816e-10,0.0,0.0,0.0,0.0,0.0,0.0,0.0,0.0,0.0,0.0,0.0,0.0,0.0,10.800000190734863,0.0,-0.0,0.0,0.0,-0.0,0.0,-0.0,0.0,0.0,0.024261983,0.2694373,1.624444,1.8626451e-09,0.0,0.7418535,0.7418535,0.26473042,0.42802006,0.0,0.0,0.0,0.35685,0.1383698,0.5769604,0.0,0.7418535,0.0,0.75265414,0.75265414,0.7418535,-0.0,13.3,26.023792,18.88889,18.88889,2.0
resstock-amy2018-2021-release-1-66303,0.3980155,0.01415235,0.7455412,0.0,0.0,0.798425,0.0,0.0,0.0,0.0,0.0,0.0,0.0,0.0,0.0,0.0,0.0,0.0,10.800000190734863,0.0,-0.0,0.0,0.0,-0.0,0.0,-0.0,0.0,0.0,0.014152362,0.2596806,1.624444,0.0,0.0,1.0329528,1.8313777,0.6088192,1.060358,0.0,0.0,0.0,0.3324378,0.1383698,0.57899475,0.0,1.8313777,0.0,1.8379793,1.8379793,1.0329528,-0.0,11.7,25.289013,18.88889,18.88889,2.0
resstock-amy2018-2021-release-1-66303,0.060050964,0.026241463,0.0,0.0,0.0,0.0,0.0,0.0,0.0,0.0,0.0,0.0,0.0,0.0,0.0,0.0,0.0,0.0,10.800000190734863,0.0,-0.0,0.0,0.0,-0.0,0.0,-0.0,0.0,0.0,0.026241474,0.2421624,1.624444,0.0,0.0,0.6290092,0.6290092,0.17880215,0.36668918,0.0,0.0,0.0,0.28426,0.1383698,0.58296317,0.0,0.6290092,0.0,0.64107525,0.64107525,0.6290092,-0.0,12.2,24.243374,18.88889,18.88889,2.0
resstock-amy2018-2021-release-1-66303,0.0,0.13902496,0.0,0.0,0.3130053,0.0,0.0,0.0,0.0,0.0,0.0,0.0,0.0,0.0,0.0,0.0,0.0,0.0,10.800000190734863,0.0,-0.0,0.0,0.0,-0.0,0.0,-0.0,0.53198946,0.53198946,-0.0,0.55465454,1.624444,0.13902496,0.0,0.56559175,0.878597,0.24543028,0.5192997,0.0,0.0,0.0,0.2793434,0.1383698,0.5910556,0.0,0.878597,0.0,0.63044214,0.63044214,0.56559175,-0.0,11.7,23.32293,18.88889,18.88889,2.0
resstock-amy2018-2021-release-1-66303,0.0,0.20006417,0.0,0.0,0.037945822,0.0,0.0,0.0,0.0,0.0,0.0,0.0,0.0,0.0,0.0,0.0,0.0,0.0,10.800000190734863,0.0,-0.0,0.0,0.0,-0.0,0.0,-0.0,0.0,0.0,0.12008609,0.4760009,1.624444,0.07997808,0.0,0.3323414,0.37028724,0.10042412,0.22163162,0.0,0.0,0.0,0.271206,0.1383698,0.5985397,0.0,0.37028724,0.0,0.42726243,0.42726243,0.3323414,-0.0,11.1,22.441662,18.333334,18.333334,2.0
resstock-amy2018-2021-release-1-66303,0.0,0.03766683,0.0,0.0,0.0,0.0,0.0,0.0,0.0,0.0,0.0,0.0,0.0,0.0,0.0,0.0,0.0,0.0,10.800000190734863,0.0,-0.0,0.0,0.0,-0.0,0.0,-0.0,0.0,0.0,0.03766685,0.45060885,1.624444,0.0,0.0,0.30831632,0.30831632,0.08821119,0.1793653,0.0,0.0,0.0,0.28610614,0.1383698,0.5817574,0.0,0.30831632,0.0,0.32703987,0.32703987,0.30831632,-0.0,9.4,21.44381,17.777779,17.777779,2.0
resstock-amy2018-2021-release-1-66303,0.0,0.20295592,0.0,0.0,0.0,0.0,0.0,0.0,0.0,0.0,0.0,0.0,0.0,0.0,0.0,0.0,0.0,0.0,10.800000190734863,0.0,-0.0,0.0,0.0,-0.0,0.0,-0.0,0.0,0.0,0.20295593,0.31883967,1.624444,0.0,0.0,0.2866847,0.2866847,0.07984915,0.1716674,0.0,0.0,0.0,0.278526,0.1383698,0.5988021,0.0,0.2866847,0.0,0.38432854,0.38432854,0.2866847,-0.0,10.6,20.811451,17.222221,17.222221,2.0
resstock-amy2018-2021-release-1-66303,0.0,0.04894232,0.0,0.0,3.5845387e-09,0.0,0.0,0.0,0.0,0.0,0.0,0.0,0.0,0.0,0.0,0.0,0.0,0.0,10.800000190734863,0.0,-0.0,0.0,0.0,-0.0,0.0,-0.0,0.0,0.0,0.048942313,0.28656206,1.624444,7.450581e-09,0.0,0.28195497,0.28195497,0.07653668,0.1683026,0.0,0.0,0.0,0.27145,0.1383698,0.59691304,0.0,0.28195497,0.0,0.30550155,0.30550155,0.28195497,-0.0,10.6,20.180168,17.222221,17.222221,2.0
resstock-amy2018-2021-release-1-66303,0.0,0.24871083,0.0,0.0,0.0,0.0,0.0,0.0,0.0,0.0,0.0,0.0,0.0,0.0,0.0,0.0,0.0,0.0,10.800000190734863,0.0,-0.0,0.0,0.0,-0.0,0.0,-0.0,0.0,0.0,0.24871083,0.12572071,1.624444,0.0,0.0,0.27688333,0.27688333,0.07056593,0.16390768,0.0,0.0,0.0,0.254858,0.1383698,0.5919738,0.0,0.27688333,0.0,0.40051317,0.40051317,0.27688333,-0.0,9.4,19.722677,17.222221,17.222221,2.0
resstock-amy2018-2021-release-1-66303,0.0,0.18531759,0.0,0.0,0.0,0.0,0.0,0.0,0.0,0.0,0.0,0.0,0.0,0.0,0.0,0.0,0.0,0.0,10.800000190734863,0.0,-0.0,0.0,0.0,-0.0,0.0,-0.0,0.0,0.0,0.18531759,0.0060854056,1.624444,0.0,0.0,0.2757973,0.2757973,0.06884568,0.16112387,0.0,0.0,0.0,0.2496242,0.1383698,0.5842112,0.0,0.2757973,0.0,0.37334263,0.37334263,0.2757973,-0.0,7.2,19.195036,17.222221,17.222221,2.0
resstock-amy2018-2021-release-1-66303,0.0,0.58384484,0.0,0.0,0.29394403,0.0,0.0,0.0,0.0,0.0,0.0,0.0,0.0,0.0,0.0,0.0,0.0,0.0,10.800000190734863,0.0,-0.0,0.0,0.0,-0.0,0.0,-0.0,0.0,0.0,0.009427568,0.0,1.624444,0.5744173,0.0,0.27869084,0.5726349,0.14278983,0.32975322,0.0,0.0,0.0,0.2493558,0.1383698,0.5758525,0.0,0.5726349,0.0,0.5774592,0.5774592,0.27869084,-0.0,8.3,19.035408,17.222221,17.222221,2.0
resstock-amy2018-2021-release-1-66303,0.92538315,0.24413332,3.2873144,0.0,0.12655419,3.520495,0.0,0.0,0.0,0.0,0.0,0.0,0.0,0.0,0.0,0.0,0.0,0.0,10.800000190734863,0.0,-0.0,0.0,0.0,-0.0,0.0,-0.0,0.0,0.0,-0.0,0.0,1.624444,0.24413332,0.0,0.4294283,4.0764775,1.0305678,2.30596,0.0,0.0,0.0,0.2528084,0.1383698,0.56567466,0.0,4.0764775,0.0,4.0764775,4.0764775,0.4294283,-0.0,7.8,18.712173,17.222221,17.222221,2.0
resstock-amy2018-2021-release-1-66303,0.9440134,0.10866414,3.2251568,0.0,0.05314716,3.4539282,0.0,0.0,0.0,0.0,0.0,0.0,0.0,0.0,0.0,0.0,0.0,0.0,10.800000190734863,0.0,-0.0,0.0,0.0,-0.0,0.0,-0.0,0.0,0.0,-0.0,0.0,1.624444,0.10866414,0.0,0.48635286,3.9934282,1.0843571,2.2374945,0.0,0.0,0.0,0.2715354,0.1383698,0.56029415,0.0,3.9934282,0.0,3.9934282,3.9934282,0.48635286,-0.0,10.0,18.614876,17.222221,17.222221,2.0
resstock-amy2018-2021-release-1-66303,0.0,0.21145399,0.0,0.0,0.101732336,0.0,0.0,0.0,0.0,0.0,0.0,0.0,0.0,0.0,0.0,0.0,0.0,0.0,10.800000190734863,0.0,-0.0,0.0,0.0,-0.0,0.0,-0.0,0.0,0.0,-0.0,0.0,1.624444,0.21145399,0.0,0.4937848,0.5907825,0.15957509,0.3292711,0.0,0.0,0.0,0.270108,0.1383698,0.5573474,0.0,0.5907825,0.0,0.5907825,0.5955171,0.4937848,-0.0047345567,10.6,18.612,17.222221,17.222221,2.0
resstock-amy2018-2021-release-1-66303,0.0,0.32031125,0.0,0.0,0.14941424,0.0,0.0,0.0,0.0,0.0,0.0,0.0,0.0,0.0,0.0,0.0,0.0,0.0,10.800000190734863,0.0,-0.0,0.0,0.0,-0.0,0.0,-0.0,0.0,0.0,-0.0,0.0,1.624444,0.32031125,0.0,0.492051,0.6237126,0.17533326,0.35276788,0.0,0.0,0.0,0.28111225,0.1383698,0.56559366,0.0,0.6237126,0.0,0.6237126,0.64146525,0.492051,-0.017752632,11.7,18.730637,17.222221,17.222221,2.0
resstock-amy2018-2021-release-1-66303,0.0,0.1330522,0.0,0.0,0.058167767,0.0,0.0,0.0,0.0,0.0,0.0,0.0,0.0,0.0,0.0,0.0,0.0,0.0,10.800000190734863,0.0,-0.0,0.0,0.0,-0.0,0.0,-0.0,0.0,0.0,-0.0,0.0,1.624444,0.1330522,0.0,0.48839432,0.4972114,0.1333802,0.2840466,0.0,0.0,0.0,0.26825655,0.1383698,0.57127935,0.0,0.4972114,0.0,0.4972114,0.5465621,0.48839432,-0.049350694,13.9,18.88557,17.222221,17.222221,2.0
resstock-amy2018-2021-release-1-66303,0.25767818,0.508022,0.0,0.0,0.22615464,0.0,0.0,0.0,0.0,0.0,0.0,0.0,0.0,0.0,0.0,0.0,0.0,0.0,10.800000190734863,0.0,-0.0,0.0,0.0,-0.0,0.0,-0.0,0.0,0.0,-0.0,0.0,1.624444,0.508022,0.0,0.675434,0.8274759,0.21433938,0.4708994,0.0,0.0,0.0,0.25902793,0.1383698,0.5690793,0.0,0.8274759,0.0,0.8274759,0.9015886,0.675434,-0.07411269,13.3,19.194504,17.222221,17.222221,2.0
resstock-amy2018-2021-release-1-66303,0.17109254,0.1515244,0.0,0.0,0.06846219,0.0,0.0,0.0,0.0,0.0,0.0,0.0,0.0,0.0,0.0,0.0,0.0,0.0,10.800000190734863,0.0,-0.0,0.0,0.0,-0.0,0.0,-0.0,0.0,0.0,-0.0,0.0,1.624444,0.1515244,0.0,0.48707625,0.46601263,0.11956304,0.26500764,0.0,0.0,0.0,0.2565661,0.1383698,0.5686705,0.0,0.46601263,0.0,0.46601263,0.5555384,0.48707625,-0.08952579,12.8,19.275982,17.222221,17.222221,2.0
resstock-amy2018-2021-release-1-66303,0.14816634,0.30268878,0.0,0.0,0.1323295,0.0,0.0,0.0,0.0,0.0,0.0,0.0,0.0,0.0,0.0,0.0,0.0,0.0,10.800000190734863,0.0,-0.0,0.0,0.0,-0.0,0.0,-0.0,0.0,0.0,-0.0,0.0,1.624444,0.30268878,0.0,0.4876461,0.5460579,0.12590857,0.31459805,0.0,0.0,0.0,0.23057732,0.1383698,0.57612586,0.0,0.5460579,0.0,0.5460579,0.61997557,0.4876461,-0.073917694,13.9,19.649878,17.222221,17.222221,2.0
resstock-amy2018-2021-release-1-66303,1.2916085,0.07169654,1.399855,0.0,0.0313443,1.4991515,0.0,0.0,0.0,0.0,0.0,0.0,0.0,0.0,0.0,0.0,0.0,0.0,10.800000190734863,0.0,-0.0,0.0,0.0,-0.0,0.0,-0.0,0.0,0.0,-0.0,0.0,1.624444,0.07169654,0.0,0.70718,2.1141682,0.50578076,1.2146873,0.0,0.0,0.0,0.23923394,0.1383698,0.5745462,0.0,2.1141682,0.0,2.1141682,2.237676,0.70718,-0.12350765,13.9,20.137691,17.222221,17.222221,2.0
resstock-amy2018-2021-release-1-66303,0.83266896,0.10866875,0.0,0.0,0.33742678,0.0,0.0,0.0,0.0,0.0,0.0,0.0,0.0,0.0,0.0,0.0,0.0,0.0,10.800000190734863,0.0,-0.0,0.0,0.0,-0.0,0.0,-0.0,0.6631569,0.6631569,-0.0,0.390261,1.624444,0.10866875,0.0,0.70981485,0.9716505,0.2613837,0.545362,0.0,0.0,0.0,0.26901,0.1383698,0.5612738,0.0,0.9716505,0.0,0.6817315,0.7573227,0.70981485,-0.07559122,13.9,20.641615,17.222221,17.222221,2.0
resstock-amy2018-2021-release-1-66303,0.74761736,0.10480939,0.0,0.0,9.950258e-09,0.0,0.0,0.0,0.0,0.0,0.0,0.0,0.0,0.0,0.0,0.0,0.0,0.0,10.800000190734863,0.0,-0.0,0.0,0.0,-0.0,0.0,-0.0,0.0,0.0,0.104809366,0.3218373,1.624444,2.2351742e-08,0.0,0.55436623,0.5318203,0.15225877,0.28924853,0.0,0.0,0.0,0.2862974,0.1383698,0.543884,0.0,0.5318203,0.0,0.578478,0.6010239,0.55436623,-0.022545947,13.3,20.417501,17.222221,17.222221,2.0
resstock-amy2018-2021-release-1-66303,0.6397952,0.2007435,0.74569,0.0,0.0,0.79858434,0.0,0.0,0.0,0.0,0.0,0.0,0.0,0.0,0.0,0.0,0.0,0.0,10.800000190734863,0.0,-0.0,0.0,0.0,-0.0,0.0,-0.0,0.0,0.0,0.20074351,0.19180027,1.624444,0.0,0.0,0.955518,1.744503,0.52656114,0.9334358,0.0,0.0,0.0,0.3018402,0.1383698,0.5350726,0.0,1.744503,0.0,1.8352035,1.8448029,0.955518,-0.009599275,12.8,20.551088,17.63426,17.63426,2.0
resstock-amy2018-2021-release-1-66303,0.14543745,0.10704262,0.0,0.0,0.3020863,0.0,0.0,0.0,0.0,0.0,0.0,0.0,0.0,0.0,0.0,0.0,0.0,0.0,10.800000190734863,0.0,-0.0,0.0,0.0,-0.0,0.0,-0.0,0.5499383,0.5499383,-0.0,0.5149753,1.624444,0.10704262,0.0,0.72345006,1.0255363,0.34093955,0.54615265,0.0,0.0,0.0,0.33245,0.1383698,0.5325532,0.0,1.0255363,0.0,0.7726692,0.7726692,0.72345006,-0.0,12.2,20.31635,18.333334,18.333334,2.0
resstock-amy2018-2021-release-1-66303,0.06322229,0.14231071,0.37284675,0.0,7.0698976e-09,0.39929405,0.0,0.0,0.0,0.0,0.0,0.0,0.0,0.0,0.0,0.0,0.0,0.0,10.800000190734863,0.0,-0.0,0.0,0.0,-0.0,0.0,-0.0,0.0,0.0,0.1423107,0.4221049,1.624444,1.4901161e-08,0.0,0.7418535,1.1411475,0.4015383,0.593914,0.0,0.0,0.0,0.3518724,0.1383698,0.5204533,0.0,1.1411475,0.0,1.2086672,1.2086672,0.7418535,-0.0,11.1,20.32806,18.333334,18.333334,2.0
resstock-amy2018-2021-release-1-66303,0.0,0.025092365,0.37284595,0.0,5.302423e-09,0.39929318,0.0,0.0,0.0,0.0,0.0,0.0,0.0,0.0,0.0,0.0,0.0,0.0,10.800000190734863,0.0,-0.0,0.0,0.0,-0.0,0.0,-0.0,0.0,0.0,0.025092354,0.40493885,1.624444,1.1175871e-08,0.0,0.69669086,1.095984,0.37906796,0.5619652,0.0,0.0,0.0,0.34587,0.1383698,0.5127495,0.0,1.095984,0.0,1.1078892,1.1078892,0.69669086,-0.0,11.1,20.16355,18.333334,18.333334,2.0
resstock-amy2018-2021-release-1-66303,0.0,0.063420385,0.0,0.0,0.0,0.0,0.0,0.0,0.0,0.0,0.0,0.0,0.0,0.0,0.0,0.0,0.0,0.0,10.800000190734863,0.0,-0.0,0.0,0.0,-0.0,0.0,-0.0,0.0,0.0,0.0634204,0.36313248,1.624444,0.0,0.0,0.6290092,0.6290092,0.19301564,0.32286456,0.0,0.0,0.0,0.30685663,0.1383698,0.5132907,0.0,0.6290092,0.0,0.65909916,0.65909916,0.6290092,-0.0,11.1,19.967327,18.333334,18.333334,2.0
resstock-amy2018-2021-release-1-66303,0.0,0.0053264443,1.1185384,0.0,0.0,1.1978801,0.0,0.0,0.0,0.0,0.0,0.0,0.0,0.0,0.0,0.0,0.0,0.0,10.800000190734863,0.0,-0.0,0.0,0.0,-0.0,0.0,-0.0,0.0,0.0,0.0053264485,0.35883552,1.624444,0.0,0.0,0.34774005,1.5456202,0.45349494,0.79765826,0.0,0.0,0.0,0.29340646,0.1383698,0.5160765,0.0,1.5456202,0.0,1.5483034,1.5483034,0.34774005,-0.0,8.9,19.582222,18.333334,18.333334,2.0
resstock-amy2018-2021-release-1-66303,0.0,0.045246888,1.4913888,0.0,1.1437958e-08,1.5971781,0.0,0.0,0.0,0.0,0.0,0.0,0.0,0.0,0.0,0.0,0.0,0.0,10.800000190734863,0.0,-0.0,0.0,0.0,-0.0,0.0,-0.0,0.0,0.0,0.045246866,0.32884207,1.624444,2.2351742e-08,0.0,0.3323414,1.9295195,0.5376097,0.99725664,0.0,0.0,0.0,0.2786236,0.1383698,0.51684195,0.0,1.9295195,0.0,1.9526736,1.9526736,0.3323414,-0.0,8.3,19.175045,17.222221,17.222221,2.0
resstock-amy2018-2021-release-1-66303,0.0,0.33726305,0.0,0.0,0.22519097,0.0,0.0,0.0,0.0,0.0,0.0,0.0,0.0,0.0,0.0,0.0,0.0,0.0,10.800000190734863,0.0,-0.0,0.0,0.0,-0.0,0.0,-0.0,0.115762085,0.115762085,-0.0,0.3961817,1.624444,0.33726305,0.0,0.30831632,0.5335073,0.14617437,0.26778603,0.0,0.0,0.0,0.2739876,0.1383698,0.50193506,0.0,0.5335073,0.0,0.47596395,0.47596395,0.30831632,-0.0,9.4,18.856815,17.222221,17.222221,2.0
resstock-amy2018-2021-release-1-66303,0.0,0.12401653,0.0,0.0,3.921751e-09,0.0,0.0,0.0,0.0,0.0,0.0,0.0,0.0,0.0,0.0,0.0,0.0,0.0,10.800000190734863,0.0,-0.0,0.0,0.0,-0.0,0.0,-0.0,0.0,0.0,0.12401652,0.31537542,1.624444,7.450581e-09,0.0,0.2866847,0.2866847,0.077323906,0.1486401,0.0,0.0,0.0,0.2697176,0.1383698,0.51847935,0.0,0.2866847,0.0,0.35196307,0.35196307,0.2866847,-0.0,7.2,18.3933,17.222221,17.222221,2.0
resstock-amy2018-2021-release-1-66303,0.0,0.20125338,0.0,0.0,7.724486e-09,0.0,0.0,0.0,0.0,0.0,0.0,0.0,0.0,0.0,0.0,0.0,0.0,0.0,10.800000190734863,0.0,-0.0,0.0,0.0,-0.0,0.0,-0.0,0.0,0.0,0.20125337,0.18502547,1.624444,1.4901161e-08,0.0,0.28195497,0.28195497,0.07723841,0.14637539,0.0,0.0,0.0,0.2739388,0.1383698,0.51914454,0.0,0.28195497,0.0,0.38628098,0.38628098,0.28195497,-0.0,7.8,18.0738,17.222221,17.222221,2.0
resstock-amy2018-2021-release-1-66303,0.0,0.26831877,0.0,0.0,0.0,0.0,0.0,0.0,0.0,0.0,0.0,0.0,0.0,0.0,0.0,0.0,0.0,0.0,10.800000190734863,0.0,-0.0,0.0,0.0,-0.0,0.0,-0.0,0.0,0.0,0.26831877,0.011800035,1.624444,0.0,0.0,0.27688333,0.27688333,0.07545049,0.14366303,0.0,0.0,0.0,0.2724992,0.1383698,0.51885766,0.0,0.27688333,0.0,0.39818734,0.39818734,0.27688333,-0.0,12.78,17.922264,17.222221,17.222221,2.0
resstock-amy2018-2021-release-1-66303,0.0,0.47326443,0.0,0.0,0.22592229,0.0,0.0,0.0,0.0,0.0,0.0,0.0,0.0,0.0,0.0,0.0,0.0,0.0,10.800000190734863,0.0,-0.0,0.0,0.0,-0.0,0.0,-0.0,0.0,0.0,0.018280726,0.0,1.624444,0.4549837,0.0,0.2757973,0.5017196,0.13743433,0.26101953,0.0,0.0,0.0,0.2739266,0.1383698,0.52024984,0.0,0.5017196,0.0,0.5107969,0.5107969,0.2757973,-0.0,9.44,17.921371,17.222221,17.222221,2.0
resstock-amy2018-2021-release-1-66303,0.0,0.36962938,0.0,0.0,0.18914881,0.0,0.0,0.0,0.0,0.0,0.0,0.0,0.0,0.0,0.0,0.0,0.0,0.0,10.800000190734863,0.0,-0.0,0.0,0.0,-0.0,0.0,-0.0,0.0,0.0,-0.0,0.0,1.624444,0.36962938,0.0,0.27869084,0.46783966,0.13091585,0.24269253,0.0,0.0,0.0,0.2798306,0.1383698,0.5187515,0.0,0.46783966,0.0,0.46783966,0.46783966,0.27869084,-0.0,8.3,17.967937,17.222221,17.222221,2.0
resstock-amy2018-2021-release-1-66303,0.0,0.33587456,0.0,0.0,0.17679378,0.0,0.0,0.0,0.0,0.0,0.0,0.0,0.0,0.0,0.0,0.0,0.0,0.0,10.800000190734863,0.0,-0.0,0.0,0.0,-0.0,0.0,-0.0,0.0,0.0,-0.0,0.0,1.624444,0.33587456,0.0,0.29054374,0.46733752,0.14176825,0.24052662,0.0,0.0,0.0,0.303353,0.1383698,0.5146743,0.0,0.46733752,0.0,0.46733752,0.46733752,0.29054374,-0.0,7.2,18.075706,17.222221,17.222221,2.0
resstock-amy2018-2021-release-1-66303,0.0,0.14685526,0.0,0.0,0.076127045,0.0,0.0,0.0,0.0,0.0,0.0,0.0,0.0,0.0,0.0,0.0,0.0,0.0,10.800000190734863,0.0,-0.0,0.0,0.0,-0.0,0.0,-0.0,0.0,0.0,-0.0,0.0,1.624444,0.14685526,0.0,0.30043697,0.37656403,0.13118398,0.19335835,0.0,0.0,0.0,0.348371,0.1383698,0.51348066,0.0,0.37656403,0.0,0.37656403,0.37656403,0.30043697,-0.0,7.8,18.226421,17.222221,17.222221,2.0
resstock-amy2018-2021-release-1-66303,0.044936646,0.27859497,2.5642316,0.0,0.13403444,2.7461214,0.0,0.0,0.0,0.0,0.0,0.0,0.0,0.0,0.0,0.0,0.0,0.0,10.800000190734863,0.0,-0.0,0.0,0.0,-0.0,0.0,-0.0,0.0,0.0,-0.0,0.0,1.624444,0.27859497,0.0,0.9476993,3.8131652,1.3090901,1.971863,0.0,0.0,0.0,0.343308,0.1383698,0.51711977,0.0,3.8131652,0.0,3.8131652,3.8278553,0.9476993,-0.0146900555,10.6,18.395164,17.222221,17.222221,2.0
resstock-amy2018-2021-release-1-66303,1.4673283,0.32280457,4.2124667,0.0,0.14842874,4.5112715,0.0,0.0,0.0,0.0,0.0,0.0,0.0,0.0,0.0,0.0,0.0,0.0,10.800000190734863,0.0,-0.0,0.0,0.0,-0.0,0.0,-0.0,0.0,0.0,-0.0,0.0,1.624444,0.32280457,0.0,2.5507069,7.1799307,2.5183606,3.7418697,0.0,0.0,0.0,0.35075,0.1383698,0.5211568,0.0,7.1799307,0.0,7.1799307,7.210407,2.5507069,-0.03047612,12.2,18.649593,17.222221,17.222221,2.0
resstock-amy2018-2021-release-1-66303,0.055384196,0.31848073,0.0,0.0,0.1464406,0.0,0.0,0.0,0.0,0.0,0.0,0.0,0.0,0.0,0.0,0.0,0.0,0.0,10.800000190734863,0.0,-0.0,0.0,0.0,-0.0,0.0,-0.0,0.0,0.0,-0.0,0.0,1.624444,0.31848073,0.0,0.6842159,0.76191074,0.23623474,0.39863,0.0,0.0,0.0,0.31005567,0.1383698,0.52319777,0.0,0.76191074,0.0,0.76191074,0.8306565,0.6842159,-0.06874578,12.2,19.059933,17.777779,17.777779,2.0
resstock-amy2018-2021-release-1-66303,0.32186678,0.07661097,0.0,0.0,0.032982875,0.0,0.0,0.0,0.0,0.0,0.0,0.0,0.0,0.0,0.0,0.0,0.0,0.0,10.800000190734863,0.0,-0.0,0.0,0.0,-0.0,0.0,-0.0,0.0,0.0,-0.0,0.0,1.624444,0.07661097,0.0,0.30791634,0.21187267,0.06563364,0.11102792,0.0,0.0,0.0,0.3097787,0.1383698,0.52403134,0.0,0.21187267,0.0,0.21187267,0.34089923,0.30791634,-0.12902656,14.4,19.762009,17.777779,17.777779,2.0
resstock-amy2018-2021-release-1-66303,0.70770335,0.19241966,0.0,0.0,0.08284132,0.0,0.0,0.0,0.0,0.0,0.0,0.0,0.0,0.0,0.0,0.0,0.0,0.0,10.800000190734863,0.0,-0.0,0.0,0.0,-0.0,0.0,-0.0,0.0,0.0,-0.0,0.0,1.624444,0.19241966,0.0,0.29362714,0.1997205,0.05899272,0.10495621,0.0,0.0,0.0,0.2953764,0.1383698,0.52551544,0.0,0.1997205,0.0,0.1997205,0.37646848,0.29362714,-0.17674798,14.4,21.137127,17.777779,17.777779,2.0
resstock-amy2018-2021-release-1-66303,1.1647276,0.259608,0.0,0.0,0.1058926,0.0,0.0,0.0,0.0,0.0,0.0,0.0,0.0,0.0,0.0,0.0,0.0,0.0,10.800000190734863,0.0,-0.0,0.0,0.0,-0.0,0.0,-0.0,0.0,0.0,-0.0,0.0,1.624444,0.259608,0.0,0.4876461,0.39599973,0.11707835,0.20926243,0.0,0.0,0.0,0.2956526,0.1383698,0.52844083,0.0,0.39599973,0.0,0.39599973,0.5935387,0.4876461,-0.19753897,16.1,22.863873,17.777779,17.777779,2.0
resstock-amy2018-2021-release-1-66303,1.3470598,0.3789772,0.0,0.0,0.4872453,0.0,0.0,0.0,0.0,0.0,0.0,0.0,0.0,0.0,0.0,0.0,0.0,0.0,10.800000190734863,0.0,-0.0,0.0,0.0,-0.0,0.0,-0.0,0.88572663,0.88572663,-0.0,0.52124095,1.624444,0.3789772,0.0,0.516602,0.8198188,0.2443334,0.43142807,0.0,0.0,0.0,0.29803342,0.1383698,0.5262481,0.0,0.8198188,0.0,0.4785799,0.6626084,0.516602,-0.18402845,17.8,24.421085,18.333334,18.333334,2.0
resstock-amy2018-2021-release-1-66303,1.9959052,0.09529687,1.4549924,0.0,0.4173432,1.5582,0.0,0.0,0.0,0.0,0.0,0.0,0.0,0.0,0.0,0.0,0.0,0.0,10.800000190734863,0.0,-0.0,0.0,0.0,-0.0,0.0,-0.0,0.8156533,0.8156533,-0.0,1.0,1.624444,0.09529687,0.0,0.50305855,2.308883,0.70812076,1.2294688,0.0,0.0,0.0,0.3066941,0.1383698,0.5324951,0.0,2.308883,0.0,1.9881262,2.157845,0.50305855,-0.16971886,17.2,25.19315,18.88889,18.88889,2.0
resstock-amy2018-2021-release-1-66303,1.5608056,0.09290102,0.0,0.0,0.2954667,0.0,0.0,0.0,0.0,0.0,0.0,0.0,0.0,0.0,0.0,0.0,0.0,0.0,10.800000190734863,0.0,-0.0,0.0,0.0,-0.0,0.0,-0.0,0.004057115,0.004057115,-0.0,1.0,1.624444,0.09290102,0.0,0.7958476,0.9781137,0.31307387,0.5338332,0.0,0.0,0.0,0.3200792,0.1383698,0.5457783,0.0,0.9781137,0.0,0.9764912,1.0896918,0.7958476,-0.1132006,16.7,25.846882,18.88889,18.88889,2.0
resstock-amy2018-2021-release-1-66303,2.3229208,0.08821245,2.562646,0.0,0.20044713,2.7444232,0.0,0.0,0.0,0.0,0.0,0.0,0.0,0.0,0.0,0.0,0.0,0.0,10.800000190734863,0.0,-0.0,0.0,0.0,-0.0,0.0,-0.0,0.004057115,0.004057115,-0.0,1.0,1.624444,0.08821245,0.0,0.955518,3.8720694,1.3131932,2.1806486,0.0,0.0,0.0,0.33914506,0.1383698,0.56317395,0.0,3.8720694,0.0,3.8702958,3.8986146,0.955518,-0.028318863,13.9,25.487148,18.88889,18.88889,2.0
resstock-amy2018-2021-release-1-66303,1.4254603,0.03586214,0.0,0.0,0.0,0.0,0.0,0.0,0.0,0.0,0.0,0.0,0.0,0.0,0.0,0.0,0.0,0.0,10.800000190734863,0.0,-0.0,0.0,0.0,-0.0,0.0,-0.0,0.0,0.0,0.035862174,0.974519,1.624444,0.0,0.0,0.72345006,0.72345006,0.26204023,0.3922493,0.0,0.0,0.0,0.36220914,0.1383698,0.54219264,0.0,0.72345006,0.0,0.7394147,0.7394147,0.72345006,-0.0,13.3,24.771322,17.777779,17.777779,2.0
resstock-amy2018-2021-release-1-66303,0.9769651,0.021329539,0.37291092,0.0,1.8514886e-08,0.39936277,0.0,0.0,0.0,0.0,0.0,0.0,0.0,0.0,0.0,0.0,0.0,0.0,10.800000190734863,0.0,-0.0,0.0,0.0,-0.0,0.0,-0.0,0.0,0.0,0.021329498,0.9584572,1.624444,4.0978193e-08,0.0,0.7418535,1.1412163,0.407243,0.6081983,0.0,0.0,0.0,0.35685,0.1383698,0.53293866,0.0,1.1412163,0.0,1.1508534,1.1508534,0.7418535,-0.0,12.8,24.022476,17.777779,17.777779,2.0
resstock-amy2018-2021-release-1-66303,0.6616511,0.012497657,2.6103375,0.0,0.0,2.7954977,0.0,0.0,0.0,0.0,0.0,0.0,0.0,0.0,0.0,0.0,0.0,0.0,10.800000190734863,0.0,-0.0,0.0,0.0,-0.0,0.0,-0.0,0.0,0.0,0.012497687,0.94812083,1.624444,0.0,0.0,0.69669086,3.4921885,1.1091753,1.8526098,0.0,0.0,0.0,0.3176161,0.1383698,0.53050107,0.0,3.4921885,0.0,3.498118,3.498118,0.69669086,-0.0,11.1,23.102575,17.777779,17.777779,2.0
resstock-amy2018-2021-release-1-66303,0.272373,0.07605312,0.0,0.0,0.0,0.0,0.0,0.0,0.0,0.0,0.0,0.0,0.0,0.0,0.0,0.0,0.0,0.0,10.800000190734863,0.0,-0.0,0.0,0.0,-0.0,0.0,-0.0,0.0,0.0,0.076053135,0.8968828,1.624444,0.0,0.0,0.6290092,0.6290092,0.18827942,0.32928953,0.0,0.0,0.0,0.299327,0.1383698,0.5235051,0.0,0.6290092,0.0,0.6644854,0.6644854,0.6290092,-0.0,11.7,22.387152,17.777779,17.777779,2.0
resstock-amy2018-2021-release-1-66303,0.013675353,0.017476136,0.0,0.0,0.0,0.0,0.0,0.0,0.0,0.0,0.0,0.0,0.0,0.0,0.0,0.0,0.0,0.0,10.800000190734863,0.0,-0.0,0.0,0.0,-0.0,0.0,-0.0,0.0,0.0,0.017476158,0.88348764,1.624444,0.0,0.0,0.34774005,0.34774005,0.102501564,0.17313053,0.0,0.0,0.0,0.2947649,0.1383698,0.49787343,0.0,0.34774005,0.0,0.3558921,0.3558921,0.34774005,-0.0,11.7,21.605015,17.777779,17.777779,2.0
resstock-amy2018-2021-release-1-66303,0.8117247,0.01927599,1.4366988,0.0,0.0,1.5386088,0.0,0.0,0.0,0.0,0.0,0.0,0.0,0.0,0.0,0.0,0.0,0.0,10.800000190734863,0.0,-0.0,0.0,0.0,-0.0,0.0,-0.0,0.0,0.0,0.019276047,0.8689655,1.624444,0.0,0.0,0.3323414,1.8709502,0.5286179,0.8660288,0.0,0.0,0.0,0.2825398,0.1383698,0.46288177,0.0,1.8709502,0.0,1.8795236,1.8795236,0.3323414,-0.0,13.33,21.024773,17.222221,17.222221,2.0
resstock-amy2018-2021-release-1-66303,0.0,0.015312012,0.0,0.0,0.0,0.0,0.0,0.0,0.0,0.0,0.0,0.0,0.0,0.0,0.0,0.0,0.0,0.0,10.800000190734863,0.0,-0.0,0.0,0.0,-0.0,0.0,-0.0,0.0,0.0,0.015312051,0.8570306,1.624444,0.0,0.0,0.30831632,0.30831632,0.08575103,0.14395462,0.0,0.0,0.0,0.27812678,0.1383698,0.46690562,0.0,0.30831632,0.0,0.31602958,0.31602958,0.30831632,-0.0,8.9,20.275902,17.222221,17.222221,2.0
