bld_id,cooling demand,heating demand,dhw demand,cooling electricity consumption,heating electricity consumption,dhw electricity consumption,heating fuel consumption,dhw fuel consumption,dhw storage electricity consumption,positive dhw storage electricity consumption,negative dhw storage electricity consumption,dhw soc storage,dhw capacity,dhw stored energy (?),electrical storage electricity consumption,positive electrical storage electricity consumption,negative electrical storage electricity consumption,electrical storage soc,electrical capacity history,stored electrical energy,energy from electrical storage,energy to electrical storage,energy from cooling device,energy from dhw device,energy from dhw device to dhw storage,energy from dhw storage,energy from heating fuel device to heating storage,energy from heating device to heating storage,energy from heating storage,heating storage soc,heating storage capacity,energy from heating device,energy from heating fuel device,energy to non shiftable load,net electricity consumption,net electricity cost,net electricity emission,net fuel consumption,net fuel cost,net fuel emission,electricity price,fuel price,electricity carbon intensity,fuel carbon intensity,positive net electricity consumption,negative net electricity consumption,net electricity consumption without storage,net electricity consumption without storage and pv,non shiftable load,solar generation,outdoor_temperature,indoor_temperature,heating_sp,cooling_sp,comfort_band
resstock-amy2018-2021-release-1-285517,0.0,2.927434,0.0,0.0,1.385981,0.0,3.3687036,0.0,0.0,0.0,0.0,0.0,0.0,0.0,0.0,0.0,0.0,0.0,8.0,0.0,-0.0,0.0,0.0,-0.0,0.0,-0.0,0.0,0.0,-0.0,0.0,11.057262,2.927434,2.927434,0.3483989,1.7343799,0.56791925,0.912787,3.3687036,0.46612683,0.7048617,0.327448,0.1383698,0.5262901,0.20923826,1.7343799,0.0,1.7343799,1.7343799,0.3483989,-0.0,8.9,19.974815,20.0,20.0,2.0
resstock-amy2018-2021-release-1-285517,0.0,3.1115282,0.0,0.0,1.4958615,0.0,0.0,0.0,0.0,0.0,0.0,0.0,0.0,0.0,0.0,0.0,0.0,0.0,8.0,0.0,-0.0,0.0,0.0,-0.0,0.0,-0.0,0.0,0.0,-0.0,0.0,11.057262,3.1115282,0.0,0.307143,1.8030045,0.57980984,0.980367,0.0,0.0,0.0,0.3215798,0.1383698,0.54374075,0.0,1.8030045,0.0,1.8030045,1.8030045,0.307143,-0.0,8.3,20.0,20.0,20.0,2.0
resstock-amy2018-2021-release-1-285517,0.0,3.2151113,0.0,0.0,1.545659,0.0,0.0,0.0,0.0,0.0,0.0,0.0,0.0,0.0,0.41017726,0.41017726,0.0,0.04618902,7.999993801116943,0.36951188423286574,-0.0,0.41017726,0.0,-0.0,0.0,-0.0,0.0,0.0,-0.0,0.0,11.057262,3.2151113,0.0,0.30622673,2.262063,0.71876824,1.2159823,0.0,0.0,0.0,0.317749,0.1383698,0.53755456,0.0,2.262063,0.0,1.8518858,1.8518858,0.30622673,-0.0,8.3,20.0,20.0,20.0,2.0
resstock-amy2018-2021-release-1-285517,0.0,2.9949555,0.0,0.0,1.4799155,0.0,0.0,0.0,0.0,0.0,0.0,0.0,0.0,0.0,-0.33267686,0.0,-0.33267686,0.0,7.999988555908203,0.0,0.33267686,0.0,0.0,-0.0,0.0,-0.0,0.0,0.0,-0.0,0.0,11.057262,2.9949555,0.0,0.31262633,1.459865,0.46363908,0.7803835,0.0,0.0,0.0,0.3175904,0.1383698,0.5345587,0.0,1.459865,0.0,1.7925419,1.7925419,0.31262633,-0.0,7.2,20.0,20.0,20.0,2.0
resstock-amy2018-2021-release-1-285517,0.0,2.9316292,0.0,0.0,1.4575437,0.0,0.0,0.0,0.0,0.0,0.0,0.0,0.0,0.0,0.0,0.0,0.0,0.0,7.999988555908203,0.0,-0.0,0.0,0.0,-0.0,0.0,-0.0,0.0,0.0,-0.0,0.0,11.057262,2.9316292,0.0,0.36460525,1.822149,0.5785192,0.9794424,0.0,0.0,0.0,0.3174928,0.1383698,0.53752047,0.0,1.822149,0.0,1.822149,1.822149,0.36460525,-0.0,6.95,20.0,20.0,20.0,2.0
resstock-amy2018-2021-release-1-285517,0.0,3.3890839,0.0,0.0,1.6952925,0.0,0.0,0.0,0.0,0.0,0.0,0.0,0.0,0.0,0.105987996,0.105987996,0.0,0.011821044,7.9999871253967285,0.09456819722977672,-0.0,0.105987996,0.0,-0.0,0.0,-0.0,0.0,0.0,-0.0,0.0,11.057262,3.3890839,0.0,0.4288568,2.2301373,0.7080526,1.1960917,0.0,0.0,0.0,0.3174928,0.1383698,0.53633094,0.0,2.2301373,0.0,2.1241493,2.1241493,0.4288568,-0.0,6.7,20.0,20.0,20.0,2.0
resstock-amy2018-2021-release-1-285517,0.0,2.8370464,0.0,0.0,1.3628689,0.0,0.0,0.0,0.0,0.0,0.0,0.0,0.0,0.0,0.8656987,0.8656987,0.0,0.110649906,7.999973773956299,0.8851963468814681,-0.0,0.8656987,0.0,-0.0,0.0,-0.0,0.0,0.0,-0.0,0.0,11.057262,2.8370464,0.0,0.504495,2.7330627,0.8659939,1.4820646,0.0,0.0,0.0,0.3168584,0.1383698,0.54227245,0.0,2.7330627,0.0,1.867364,1.867364,0.504495,-0.0,8.33,20.0,20.0,20.0,2.0
resstock-amy2018-2021-release-1-285517,0.0,3.0983036,0.0,0.0,1.6365683,0.0,0.0,0.0,0.0,0.0,0.0,0.0,0.0,0.0,0.46275324,0.46275324,0.0,0.16253419,7.999966621398926,1.3002681124718407,-0.0,0.46275324,0.0,-0.0,0.0,-0.0,0.0,0.0,-0.0,0.0,11.057262,3.0983036,0.0,0.7035151,2.8028367,0.890154,1.532519,0.0,0.0,0.0,0.3175904,0.1383698,0.54677427,0.0,2.8028367,0.0,2.3400834,2.3400834,0.7035151,-0.0,4.4,20.0,20.0,20.0,2.0
resstock-amy2018-2021-release-1-285517,0.0,2.5347435,1.1399394,0.0,1.2003719,1.1769208,0.0,0.0,0.0,0.0,0.0,0.0,0.0,0.0,0.32232276,0.32232276,0.0,0.19827394,7.999961853027344,1.5861839714453936,-0.0,0.32232276,0.0,-0.0,0.0,-0.0,0.0,0.0,-0.0,0.0,11.057262,2.5347435,0.0,1.0022558,3.6865807,1.1647508,2.0223076,0.0,0.0,0.0,0.3159434,0.1383698,0.5485592,0.0,3.6865807,0.0,3.3642578,3.3795485,1.0022558,-0.0152908545,8.89,20.0,20.0,20.0,2.0
resstock-amy2018-2021-release-1-285517,0.0,1.6516503,0.77155334,0.0,0.75985456,0.79658365,0.0,0.0,0.0,0.0,0.0,0.0,0.0,0.0,-1.0305437,0.0,-1.0305437,0.057415638,7.999946117401123,0.4593220112480605,1.0305437,0.0,0.0,-0.0,0.0,-0.0,0.0,0.0,-0.0,0.0,11.057262,1.6516503,0.0,1.3750384,1.8678426,0.59013253,1.052593,0.0,0.0,0.0,0.3159434,0.1383698,0.56353414,0.0,1.8678426,0.0,2.8983862,2.9314766,1.3750384,-0.033090346,10.0,20.0,20.0,20.0,2.0
resstock-amy2018-2021-release-1-285517,0.0,1.5179781,0.0,0.0,1.0970001,0.0,0.0,0.0,0.0,0.0,0.0,0.0,0.0,0.0,-0.38086507,0.0,-0.38086507,0.004358493,7.999940395355225,0.03486768254680683,0.38086507,0.0,0.0,-0.0,0.0,-0.0,0.90496445,0.90496445,-0.0,0.08090315,11.057262,1.5179781,0.0,1.4154257,2.0611334,0.62801707,1.1955757,0.0,0.0,0.0,0.304695,0.1383698,0.58005744,0.0,2.0611334,0.0,2.032271,2.1026983,1.4154257,-0.070427425,10.6,20.0,20.0,20.0,2.0
resstock-amy2018-2021-release-1-285517,0.0,1.054826,0.7599801,0.0,0.78864014,0.78463495,0.0,0.0,0.0,0.0,0.0,0.0,0.0,0.0,0.24350427,0.24350427,0.0,0.03162346,7.999936580657959,0.25298567728031784,-0.0,0.24350427,0.0,-0.0,0.0,-0.0,0.7107735,0.7107735,-0.0,0.14374067,11.057262,1.054826,0.0,1.3740956,3.0543027,0.89802605,1.7908698,0.0,0.0,0.0,0.29402,0.1383698,0.5863433,0.0,3.0543027,0.0,2.4933174,2.6298897,1.3740956,-0.13657245,11.1,20.0,20.0,20.0,2.0
resstock-amy2018-2021-release-1-285517,0.0,0.8619534,0.37999037,0.0,0.0,0.3923178,0.0,0.0,0.0,0.0,0.0,0.0,0.0,0.0,-0.22605647,0.0,-0.22605647,0.0,7.999933242797852,0.0,0.22605647,0.0,0.0,-0.0,0.0,-0.0,0.0,0.0,0.8619534,0.06362831,11.057262,0.0,0.0,1.2689164,1.2531906,0.37534314,0.71343565,0.0,0.0,0.0,0.29951,0.1383698,0.5692954,0.0,1.2531906,0.0,1.852716,2.034703,1.2689164,-0.18198706,12.2,20.0,20.0,20.0,2.0
resstock-amy2018-2021-release-1-285517,0.0,0.9798024,0.0,0.0,0.12370101,0.0,0.0,0.0,0.0,0.0,0.0,0.0,0.0,0.0,0.0,0.0,0.0,0.0,7.999933242797852,0.0,-0.0,0.0,0.0,-0.0,0.0,-0.0,0.0,0.0,0.6894105,0.0,11.057262,0.29039192,0.0,1.0492793,0.96810055,0.2815583,0.54527813,0.0,0.0,0.0,0.2908358,0.1383698,0.56324536,0.0,0.96810055,0.0,1.2617753,1.466655,1.0492793,-0.20487975,12.8,20.0,20.0,20.0,2.0
resstock-amy2018-2021-release-1-285517,0.0,0.4569159,0.37999058,0.0,0.19463682,0.39231804,0.0,0.0,0.0,0.0,0.0,0.0,0.0,0.0,0.0,0.0,0.0,0.0,7.999933242797852,0.0,-0.0,0.0,0.0,-0.0,0.0,-0.0,0.0,0.0,-0.0,0.0,11.057262,0.4569159,0.0,0.96704596,1.353838,0.41660383,0.76722777,0.0,0.0,0.0,0.3077206,0.1383698,0.56670576,0.0,1.353838,0.0,1.353838,1.5540009,0.96704596,-0.2001629,12.8,20.154434,20.0,20.0,2.0
resstock-amy2018-2021-release-1-285517,0.0,0.5240537,0.0,0.0,0.22004707,0.0,0.0,0.0,0.0,0.0,0.0,0.0,0.0,0.0,0.0,0.0,0.0,0.0,7.999933242797852,0.0,-0.0,0.0,0.0,-0.0,0.0,-0.0,0.0,0.0,-0.0,0.0,11.057262,0.5240537,0.0,0.84292924,0.9057251,0.28791478,0.5203953,0.0,0.0,0.0,0.3178832,0.1383698,0.574562,0.0,0.9057251,0.0,0.9057251,1.0629764,0.84292924,-0.15725121,13.3,20.340275,20.0,20.0,2.0
resstock-amy2018-2021-release-1-285517,0.0,0.49280038,0.0,0.0,0.21652043,0.0,0.0,0.0,0.0,0.0,0.0,0.0,0.0,0.0,0.0,0.0,0.0,0.0,7.999933242797852,0.0,-0.0,0.0,0.0,-0.0,0.0,-0.0,0.0,0.0,-0.0,0.0,11.057262,0.49280038,0.0,0.6857111,0.8313992,0.26997808,0.49303633,0.0,0.0,0.0,0.3247274,0.1383698,0.59301996,0.0,0.8313992,0.0,0.8313992,0.9022316,0.6857111,-0.07083234,11.7,20.564018,20.0,20.0,2.0
resstock-amy2018-2021-release-1-285517,0.0,0.5704847,0.0,0.0,0.25065237,0.0,0.0,0.0,0.0,0.0,0.0,0.0,0.0,0.0,0.0013582185,0.0013582185,0.0,0.00015097897,7.999933242797852,0.001207821702423728,-0.0,0.0013582185,0.0,-0.0,0.0,-0.0,0.0,0.0,-0.0,0.0,11.057262,0.5704847,0.0,0.7749255,1.026936,0.35814312,0.6282192,0.0,0.0,0.0,0.3487492,0.1383698,0.6117413,0.0,1.026936,0.0,1.0255778,1.0255778,0.7749255,-0.0,11.7,20.861008,20.0,20.0,2.0
resstock-amy2018-2021-release-1-285517,0.0,1.002358,0.37999043,0.0,0.4538229,0.39231786,0.0,0.0,0.0,0.0,0.0,0.0,0.0,0.0,-0.0010740964,0.0,-0.0010740964,8.056066e-07,7.999933242797852,6.444798935461714e-06,0.0010740964,0.0,0.0,-0.0,0.0,-0.0,0.0,0.0,-0.0,0.0,11.057262,1.002358,0.0,0.75185907,1.5969259,0.589326,0.93501234,0.0,0.0,0.0,0.3690378,0.1383698,0.5855077,0.0,1.5969259,0.0,1.5979999,1.5979999,0.75185907,-0.0,10.6,21.260857,20.0,20.0,2.0
resstock-amy2018-2021-release-1-285517,0.0,0.99959886,0.0,0.0,0.4525737,0.0,0.0,0.0,0.0,0.0,0.0,0.0,0.0,0.0,-5.7783145e-06,0.0,-5.7783145e-06,5.2170157e-09,7.999933242797852,4.173577739323042e-08,5.7783145e-06,0.0,0.0,-0.0,0.0,-0.0,0.0,0.0,-0.0,0.0,11.057262,0.99959886,0.0,0.7088702,1.1614381,0.44764426,0.61130375,0.0,0.0,0.0,0.3854224,0.1383698,0.52633345,0.0,1.1614381,0.0,1.1614438,1.1614438,0.7088702,-0.0,10.6,21.199596,20.0,20.0,2.0
resstock-amy2018-2021-release-1-285517,0.0,0.75912136,0.0,0.0,0.34369624,0.0,0.0,0.0,0.0,0.0,0.0,0.0,0.0,0.0,-3.777036e-08,0.0,-3.777036e-08,1.3158143e-12,7.999933242797852,1.0526426715770557e-11,3.777036e-08,0.0,0.0,-0.0,0.0,-0.0,0.0,0.0,-0.0,0.0,11.057262,0.75912136,0.0,0.7899379,1.1336341,0.42528284,0.5946491,0.0,0.0,0.0,0.37515,0.1383698,0.52455115,0.0,1.1336341,0.0,1.1336341,1.1336341,0.7899379,-0.0,10.6,20.914938,19.537037,19.537037,2.0
resstock-amy2018-2021-release-1-285517,0.0,0.4177329,0.37999025,0.0,0.20082434,0.39231768,0.0,0.0,0.0,0.0,0.0,0.0,0.0,0.0,0.5277047,0.5277047,0.0,0.05964133,7.999925136566162,0.4771261865191292,-0.0,0.5277047,0.0,-0.0,0.0,-0.0,0.0,0.0,-0.0,0.0,11.057262,0.4177329,0.0,0.44205424,1.5629009,0.5257833,0.8073731,0.0,0.0,0.0,0.336415,0.1383698,0.51658624,0.0,1.5629009,0.0,1.0351962,1.0351962,0.44205424,-0.0,8.3,20.10896,19.444445,19.444445,2.0
resstock-amy2018-2021-release-1-285517,0.0,0.30636895,0.0,0.0,0.15325232,0.0,0.0,0.0,0.0,0.0,0.0,0.0,0.0,0.0,-0.024535695,0.0,-0.024535695,0.056027588,7.999924659729004,0.4482164788919327,0.024535695,0.0,0.0,-0.0,0.0,-0.0,0.0,0.0,-0.0,0.0,11.057262,0.30636895,0.0,0.4145099,0.5432265,0.17453161,0.27492964,0.0,0.0,0.0,0.321287,0.1383698,0.506105,0.0,0.5432265,0.0,0.5677622,0.5677622,0.4145099,-0.0,6.7,19.287443,18.88889,18.88889,2.0
resstock-amy2018-2021-release-1-285517,0.47121766,0.30531085,0.0,0.0,0.1445481,0.0,0.0,0.0,0.0,0.0,0.0,0.0,0.0,0.0,0.14415789,0.14415789,0.0,0.071968,7.999922275543213,0.5757383795817113,-0.0,0.14415789,0.0,-0.0,0.0,-0.0,0.0,0.0,-0.0,0.0,11.057262,0.30531085,0.0,0.30897555,0.5976815,0.18942416,0.29082584,0.0,0.0,0.0,0.3169316,0.1383698,0.48658997,0.0,0.5976815,0.0,0.45352364,0.45352364,0.30897555,-0.0,8.9,18.782825,17.222221,17.222221,2.0
resstock-amy2018-2021-release-1-285517,0.0,0.34847283,0.0,0.0,0.16498296,0.0,0.0,0.0,0.0,0.0,0.0,0.0,0.0,0.0,0.42583343,0.42583343,0.0,0.11974139,7.999915599822998,0.9579209951278607,-0.0,0.42583343,0.0,-0.0,0.0,-0.0,0.0,0.0,-0.0,0.0,11.057262,0.34847283,0.0,0.30805928,0.8988757,0.28487113,0.45472127,0.0,0.0,0.0,0.3169194,0.1383698,0.5058778,0.0,0.8988757,0.0,0.47304228,0.47304228,0.30805928,-0.0,8.9,18.270878,17.222221,17.222221,2.0
resstock-amy2018-2021-release-1-285517,0.0,0.6556231,0.0,0.0,0.3151896,0.0,0.0,0.0,0.0,0.0,0.0,0.0,0.0,0.0,0.046750158,0.046750158,0.0,0.124609426,7.99991512298584,0.9968648288355979,-0.0,0.046750158,0.0,-0.0,0.0,-0.0,0.0,0.0,-0.0,0.0,11.057262,0.6556231,0.0,0.307143,0.66908276,0.21198817,0.32382348,0.0,0.0,0.0,0.316834,0.1383698,0.48398122,0.0,0.66908276,0.0,0.6223326,0.6223326,0.307143,-0.0,8.3,18.08112,17.222221,17.222221,2.0
resstock-amy2018-2021-release-1-285517,0.0,0.6752889,0.0,0.0,0.3336846,0.0,0.0,0.0,0.0,0.0,0.0,0.0,0.0,0.0,-0.13318506,0.0,-0.13318506,0.105617166,7.999913215637207,0.8449281586055122,0.13318506,0.0,0.0,-0.0,0.0,-0.0,0.0,0.0,-0.0,0.0,11.057262,0.6752889,0.0,0.30622673,0.50672626,0.15609702,0.25476584,0.0,0.0,0.0,0.30805,0.1383698,0.50276816,0.0,0.50672626,0.0,0.6399113,0.6399113,0.30622673,-0.0,7.2,17.615608,17.222221,17.222221,2.0
resstock-amy2018-2021-release-1-285517,0.0,0.87070197,0.0,0.0,0.74440384,0.0,0.0,0.0,0.0,0.0,0.0,0.0,0.0,0.0,-0.38423476,0.0,-0.38423476,0.051962297,7.999907493591309,0.41569357243266225,0.38423476,0.0,0.0,-0.0,0.0,-0.0,0.63577336,0.63577336,-0.0,0.056837667,11.057262,0.87070197,0.0,0.31262633,0.6727954,0.20725463,0.3461768,0.0,0.0,0.0,0.30805,0.1383698,0.514535,0.0,0.6727954,0.0,0.74287164,0.74287164,0.31262633,-0.0,7.2,17.35624,17.601852,17.601852,2.0
resstock-amy2018-2021-release-1-285517,0.0,0.94885325,0.0,0.0,0.91019416,0.0,0.0,0.0,0.0,0.0,0.0,0.0,0.0,0.0,-0.3741822,0.0,-0.3741822,0.00075331645,7.99990177154541,0.006026457572549382,0.3741822,0.0,0.0,-0.0,0.0,-0.0,0.8707291,0.8707291,-0.0,0.13418484,11.057262,0.94885325,0.0,0.34097353,0.87698543,0.2764572,0.47039175,0.0,0.0,0.0,0.3152358,0.1383698,0.5363735,0.0,0.87698543,0.0,0.81561023,0.81561023,0.34097353,-0.0,6.7,17.09848,19.444445,19.444445,2.0
resstock-amy2018-2021-release-1-285517,0.0,1.7528836,0.0,0.0,1.658102,0.0,0.0,0.0,0.0,0.0,0.0,0.0,0.0,0.0,-0.005429662,0.0,-0.005429662,0.0,7.99990177154541,0.0,0.005429662,0.0,0.0,-0.0,0.0,-0.0,1.6026742,1.6026742,-0.0,0.27629325,11.057262,1.7528836,0.0,0.46552896,2.1182013,0.66773283,1.1621766,0.0,0.0,0.0,0.3152358,0.1383698,0.548662,0.0,2.1182013,0.0,1.3316917,1.3316917,0.46552896,-0.0,7.2,17.574078,19.444445,19.444445,2.0
resstock-amy2018-2021-release-1-285517,0.0,1.7066205,2.0166974,0.0,0.50831896,2.082122,0.0,0.0,0.0,0.0,0.0,0.0,0.0,0.0,0.0,0.0,0.0,0.0,7.99990177154541,0.0,-0.0,0.0,0.0,-0.0,0.0,-0.0,0.0,0.0,0.64927083,0.21448384,11.057262,1.0573497,0.0,1.0423402,3.6327813,1.2026213,2.000068,0.0,0.0,0.0,0.331047,0.1383698,0.5505611,0.0,3.6327813,0.0,3.944917,3.944917,1.0423402,-0.0,8.3,17.685963,19.444445,19.444445,2.0
resstock-amy2018-2021-release-1-285517,0.0,0.7865812,0.0,0.0,0.0,0.0,0.0,0.0,0.0,0.0,0.0,0.0,0.0,0.0,0.0,0.0,0.0,0.0,7.99990177154541,0.0,-0.0,0.0,0.0,-0.0,0.0,-0.0,0.0,0.0,0.7865812,0.14065069,11.057262,0.0,0.0,1.081685,1.081685,0.36319563,0.60324657,0.0,0.0,0.0,0.3357684,0.1383698,0.5576916,0.0,1.081685,0.0,1.4540884,1.4540884,1.081685,-0.0,8.9,17.26664,18.930555,18.930555,2.0
resstock-amy2018-2021-release-1-285517,0.0,1.1902043,0.0,0.0,0.02001124,0.0,0.0,0.0,0.0,0.0,0.0,0.0,0.0,0.0,0.0,0.0,0.0,0.0,7.99990177154541,0.0,-0.0,0.0,0.0,-0.0,0.0,-0.0,0.0,0.0,1.1473867,0.03445112,11.057262,0.042817593,0.0,1.0022558,1.0069958,0.35118896,0.57267785,0.0,0.0,0.0,0.3487492,0.1383698,0.56869936,0.0,1.0069958,0.0,1.5432386,1.5585098,1.0022558,-0.015271233,9.4,17.411026,18.88889,18.88889,2.0
resstock-amy2018-2021-release-1-285517,0.0,1.1426305,0.0,0.0,0.33802897,0.0,0.0,0.0,0.0,0.0,0.0,0.0,0.0,0.0,0.0,0.0,0.0,0.0,7.99990177154541,0.0,-0.0,0.0,0.0,-0.0,0.0,-0.0,0.0,0.0,0.37327668,0.0,11.057262,0.76935375,0.0,1.2736433,1.5745351,0.5311187,0.9029925,0.0,0.0,0.0,0.3373178,0.1383698,0.57349783,0.0,1.5745351,0.0,1.7385408,1.7756778,1.2736433,-0.037137076,11.7,17.798542,18.88889,18.88889,2.0
resstock-amy2018-2021-release-1-285517,0.0,0.9320766,0.7606988,0.0,0.40952405,0.78537697,0.0,0.0,0.0,0.0,0.0,0.0,0.0,0.0,0.0,0.0,0.0,0.0,7.99990177154541,0.0,-0.0,0.0,0.0,-0.0,0.0,-0.0,0.0,0.0,-0.0,0.0,11.057262,0.9320766,0.0,1.3153263,2.4425535,0.80079263,1.4168074,0.0,0.0,0.0,0.3278506,0.1383698,0.5800517,0.0,2.4425535,0.0,2.4425535,2.5102274,1.3153263,-0.067673855,11.7,17.980656,18.88889,18.88889,2.0
resstock-amy2018-2021-release-1-285517,0.0,0.5855858,0.0,0.0,0.24944755,0.0,0.0,0.0,0.0,0.0,0.0,0.0,0.0,0.0,0.0,0.0,0.0,0.0,7.99990177154541,0.0,-0.0,0.0,0.0,-0.0,0.0,-0.0,0.0,0.0,-0.0,0.0,11.057262,0.5855858,0.0,1.2727137,1.4553611,0.47290847,0.86585826,0.0,0.0,0.0,0.32494235,0.1383698,0.59494394,0.0,1.4553611,0.0,1.4553611,1.5221612,1.2727137,-0.06680015,12.8,17.977764,18.88889,18.88889,2.0
resstock-amy2018-2021-release-1-285517,0.0,0.6235237,0.0,0.0,0.25726065,0.0,0.0,0.0,0.0,0.0,0.0,0.0,0.0,0.0,0.0,0.0,0.0,0.0,7.99990177154541,0.0,-0.0,0.0,0.0,-0.0,0.0,-0.0,0.0,0.0,-0.0,0.0,11.057262,0.6235237,0.0,1.2689164,1.4649204,0.47294736,0.8878989,0.0,0.0,0.0,0.3228485,0.1383698,0.6061073,0.0,1.4649204,0.0,1.4649204,1.526177,1.2689164,-0.06125665,13.9,18.08811,18.88889,18.88889,2.0
resstock-amy2018-2021-release-1-285517,0.0,0.61863106,0.0,0.0,0.25975955,0.0,0.0,0.0,0.0,0.0,0.0,0.0,0.0,0.0,0.0,0.0,0.0,0.0,7.99990177154541,0.0,-0.0,0.0,0.0,-0.0,0.0,-0.0,0.0,0.0,-0.0,0.0,11.057262,0.61863106,0.0,1.0492793,1.253503,0.40453532,0.7708715,0.0,0.0,0.0,0.32272387,0.1383698,0.61497384,0.0,1.253503,0.0,1.253503,1.3090389,1.0492793,-0.055535942,13.3,18.193861,18.88889,18.88889,2.0
resstock-amy2018-2021-release-1-285517,0.0,0.684149,1.1410531,0.0,0.28727016,1.1780705,0.0,0.0,0.0,0.0,0.0,0.0,0.0,0.0,0.0,0.0,0.0,0.0,7.99990177154541,0.0,-0.0,0.0,0.0,-0.0,0.0,-0.0,0.0,0.0,-0.0,0.0,11.057262,0.684149,0.0,1.3645093,2.796523,0.91517,1.7360427,0.0,0.0,0.0,0.3272528,0.1383698,0.62078613,0.0,2.796523,0.0,2.796523,2.82985,1.3645093,-0.03332685,13.3,18.334087,18.88889,18.88889,2.0
resstock-amy2018-2021-release-1-285517,0.0,0.7025939,0.02532823,0.0,0.3044213,0.026149916,0.0,0.0,0.0,0.0,0.0,0.0,0.0,0.0,0.041662417,0.041662417,0.0,0.004637158,7.999901294708252,0.037096806369205426,-0.0,0.041662417,0.0,-0.0,0.0,-0.0,0.0,0.0,-0.0,0.0,11.057262,0.7025939,0.0,1.2352272,1.5866562,0.5257224,0.9840938,0.0,0.0,0.0,0.3313398,0.1383698,0.6202313,0.0,1.5866562,0.0,1.5449938,1.5657984,1.2352272,-0.020804627,12.2,18.589104,18.88889,18.88889,2.0
resstock-amy2018-2021-release-1-285517,0.0,0.60944045,0.66398156,0.0,0.26405957,0.6855221,0.0,0.0,0.0,0.0,0.0,0.0,0.0,0.0,0.25674573,0.25674573,0.0,0.03339667,7.999897480010986,0.2671699260312188,-0.0,0.25674573,0.0,-0.0,0.0,-0.0,0.0,0.0,-0.0,0.0,11.057262,0.60944045,0.0,1.0936229,2.2938616,0.77997303,1.4233053,0.0,0.0,0.0,0.3400262,0.1383698,0.62048435,0.0,2.2938616,0.0,2.0371158,2.0432045,1.0936229,-0.00608865,12.2,18.724644,18.555555,18.555555,2.0
resstock-amy2018-2021-release-1-285517,0.0,0.746074,0.49163932,0.0,0.32326043,0.5075888,0.0,0.0,0.0,0.0,0.0,0.0,0.0,0.0,-0.22756879,0.0,-0.22756879,0.0015445291,7.999894142150879,0.012356069351214582,0.22756879,0.0,0.0,-0.0,0.0,-0.0,0.0,0.0,-0.0,0.0,11.057262,0.746074,0.0,1.0575901,1.6608706,0.6777847,1.0279372,0.0,0.0,0.0,0.40809,0.1383698,0.61891466,0.0,1.6608706,0.0,1.8884393,1.8884393,1.0575901,0.0,12.2,18.962162,18.222221,18.222221,2.0
resstock-amy2018-2021-release-1-285517,0.0,0.98647,1.3602554,0.0,0.43342274,1.404384,0.0,0.0,0.0,0.0,0.0,0.0,0.0,0.0,-0.011067531,0.0,-0.011067531,1.3537355e-05,7.999894142150879,0.00010829740527794254,0.011067531,0.0,0.0,-0.0,0.0,-0.0,0.0,0.0,-0.0,0.0,11.057262,0.98647,0.0,0.9325983,2.7593374,1.0755621,1.6741844,0.0,0.0,0.0,0.38979,0.1383698,0.6067342,0.0,2.7593374,0.0,2.770405,2.770405,0.9325983,-0.0,11.7,19.408855,17.88889,17.88889,2.0
resstock-amy2018-2021-release-1-285517,0.0,0.8374586,0.0,0.0,0.36285573,0.0,0.0,0.0,0.0,0.0,0.0,0.0,0.0,0.0,-9.8139484e-05,0.0,-9.8139484e-05,4.1529788e-08,7.999894142150879,3.3223390461682223e-07,9.8139484e-05,0.0,0.0,-0.0,0.0,-0.0,0.0,0.0,-0.0,0.0,11.057262,0.8374586,0.0,0.8873209,1.2500786,0.4918434,0.7499166,0.0,0.0,0.0,0.39345,0.1383698,0.5998956,0.0,1.2500786,0.0,1.2501767,1.2501767,0.8873209,-0.0,12.2,19.452423,19.444445,19.444445,2.0
resstock-amy2018-2021-release-1-285517,0.0,1.4922519,0.0,0.0,1.190445,0.0,0.0,0.0,0.0,0.0,0.0,0.0,0.0,0.0,-2.9882077e-07,0.0,-2.9882077e-07,0.0,7.999894142150879,0.0,2.9882077e-07,0.0,0.0,-0.0,0.0,-0.0,1.3428555,1.3428555,-0.0,0.12005029,11.057262,1.4922519,0.0,0.7899379,1.9803826,0.6848341,1.1752189,0.0,0.0,0.0,0.345809,0.1383698,0.5934303,0.0,1.9803826,0.0,1.4165257,1.4165257,0.7899379,-0.0,13.3,20.171816,20.0,20.0,2.0
resstock-amy2018-2021-release-1-285517,0.0,1.0421611,2.0091555,0.0,0.41092986,2.0743353,0.0,0.0,0.0,0.0,0.0,0.0,0.0,0.0,0.6536954,0.6536954,0.0,0.07416903,7.999884128570557,0.5933436641336236,-0.0,0.6536954,0.0,-0.0,0.0,-0.0,0.0,0.0,0.1221755,0.10782624,11.057262,0.9199856,0.0,0.69904894,3.8380096,1.2716854,2.2502236,0.0,0.0,0.0,0.3313398,0.1383698,0.58629966,0.0,3.8380096,0.0,3.2388864,3.2388864,0.69904894,-0.0,11.1,19.719532,19.444445,19.444445,2.0
resstock-amy2018-2021-release-1-285517,0.0,0.62457085,0.0,0.0,1.2678875,0.0,0.0,0.0,0.0,0.0,0.0,0.0,0.0,0.0,-0.21537647,0.0,-0.21537647,0.04389231,7.999880790710449,0.35113324018608694,0.21537647,0.0,0.0,-0.0,0.0,-0.0,2.2139626,2.2139626,-0.0,0.30481312,11.057262,0.62457085,0.0,0.5172955,1.5698065,0.5112913,0.9077062,0.0,0.0,0.0,0.3257034,0.1383698,0.5782281,0.0,1.5698065,0.0,0.7962725,0.7962725,0.5172955,-0.0,11.1,19.174921,19.444445,19.444445,2.0
resstock-amy2018-2021-release-1-285517,0.9129818,0.71213555,0.0,0.0,0.6036401,0.0,0.0,0.0,0.0,0.0,0.0,0.0,0.0,0.0,-0.24013756,0.0,-0.24013756,0.010269967,7.999876976013184,0.08215847181012048,0.24013756,0.0,0.0,-0.0,0.0,-0.0,0.62112325,0.62112325,-0.0,0.3576845,11.057262,0.71213555,0.0,0.3657726,0.7292751,0.22910178,0.41507307,0.0,0.0,0.0,0.31415,0.1383698,0.56915843,0.0,0.7292751,0.0,0.6881958,0.6881958,0.3657726,-0.0,10.6,18.878155,17.222221,17.222221,2.0
resstock-amy2018-2021-release-1-285517,0.0,0.59444016,0.0,0.0,0.16986392,0.0,0.0,0.0,0.0,0.0,0.0,0.0,0.0,0.0,0.66693795,0.66693795,0.0,0.08594351,7.999866962432861,0.6875366672325036,-0.0,0.66693795,0.0,-0.0,0.0,-0.0,0.0,0.0,0.21926197,0.334507,11.057262,0.3751782,0.0,0.3483989,1.1852007,0.35175502,0.63348174,0.0,0.0,0.0,0.2967894,0.1383698,0.5344932,0.0,1.1852007,0.0,0.61753476,0.61753476,0.3483989,-0.0,10.6,18.399078,17.222221,17.222221,2.0
resstock-amy2018-2021-release-1-285517,0.46203247,0.601007,2.0424938,0.0,0.0,2.1087554,0.0,0.0,0.0,0.0,0.0,0.0,0.0,0.0,-0.6227334,0.0,-0.6227334,0.0,7.999857425689697,0.0,0.6227334,0.0,0.0,-0.0,0.0,-0.0,0.0,0.0,0.601007,0.27660587,11.057262,0.0,0.0,0.33606794,1.8220899,0.49213883,0.9714185,0.0,0.0,0.0,0.2700958,0.1383698,0.5331342,0.0,1.8220899,0.0,2.7169323,2.7169323,0.33606794,-0.0,10.6,18.021757,17.222221,17.222221,2.0
resstock-amy2018-2021-release-1-285517,0.0,0.7914578,0.0,0.0,0.25650313,0.0,0.0,0.0,0.0,0.0,0.0,0.0,0.0,0.0,0.75111234,0.75111234,0.0,0.08547723,7.9998459815979,0.6838046983975232,-0.0,0.75111234,0.0,-0.0,0.0,-0.0,0.0,0.0,0.24262394,0.25199762,11.057262,0.54883385,0.0,0.32953355,1.337149,0.31402946,0.7058045,0.0,0.0,0.0,0.23485,0.1383698,0.5278428,0.0,1.337149,0.0,0.69942945,0.69942945,0.32953355,-0.0,9.4,17.774818,17.222221,17.222221,2.0
resstock-amy2018-2021-release-1-285517,0.0,0.8948055,0.0,0.0,0.19022311,0.0,0.0,0.0,0.0,0.0,0.0,0.0,0.0,0.0,-0.35957018,0.0,-0.35957018,0.03526547,7.99984073638916,0.2821181577837102,0.35957018,0.0,0.0,-0.0,0.0,-0.0,0.0,0.0,0.48778945,0.2051738,11.057262,0.40701604,0.0,0.31262633,0.14327928,0.032775138,0.07553425,0.0,0.0,0.0,0.22875,0.1383698,0.5271819,0.0,0.14327928,0.0,0.7308229,0.7308229,0.31262633,-0.0,9.4,17.551868,17.222221,17.222221,2.0
resstock-amy2018-2021-release-1-285517,0.0,1.003305,0.0,0.0,0.41005492,0.0,0.0,0.0,0.0,0.0,0.0,0.0,0.0,0.0,0.17690301,0.17690301,0.0,0.054941293,7.999837875366211,0.43952143548032296,-0.0,0.17690301,0.0,-0.0,0.0,-0.0,0.0,0.0,0.11199321,0.19313943,11.057262,0.89131176,0.0,0.34097353,0.9279314,0.21071772,0.4879376,0.0,0.0,0.0,0.2270833,0.1383698,0.52583367,0.0,0.9279314,0.0,0.80255175,0.80255175,0.34097353,-0.0,10.0,17.43052,19.73611,19.73611,2.0
resstock-amy2018-2021-release-1-285517,0.0,1.3252409,0.38070288,0.0,0.0,0.39305344,0.0,0.0,0.0,0.0,0.0,0.0,0.0,0.0,-0.21980026,0.0,-0.21980026,0.024105256,7.9998345375061035,0.19283806287098937,0.21980026,0.0,0.0,-0.0,0.0,-0.0,0.0,0.0,1.3252409,0.070210636,11.057262,0.0,0.0,0.39218462,0.5654378,0.15272237,0.293512,0.0,0.0,0.0,0.2700958,0.1383698,0.51908803,0.0,0.5654378,0.0,1.4223452,1.4223452,0.39218462,-0.0,8.3,17.545177,20.555555,20.555555,2.0
resstock-amy2018-2021-release-1-285517,0.0,1.2150074,0.0,0.0,0.20899393,0.0,0.0,0.0,0.0,0.0,0.0,0.0,0.0,0.0,-0.17268704,0.0,-0.17268704,4.022955e-05,7.9998321533203125,0.00032182966211741215,0.17268704,0.0,0.0,-0.0,0.0,-0.0,0.0,0.0,0.76072985,0.0,11.057262,0.45427758,0.0,0.504495,0.5408019,0.17423424,0.2802823,0.0,0.0,0.0,0.3221776,0.1383698,0.5182717,0.0,0.5408019,0.0,1.0634687,1.0634687,0.504495,-0.0,10.0,17.62304,20.555555,20.555555,2.0
resstock-amy2018-2021-release-1-285517,0.0,1.120854,0.0,0.0,0.5388486,0.0,0.0,0.0,0.0,0.0,0.0,0.0,0.0,0.0,-0.00028802734,0.0,-0.00028802734,0.0,7.9998321533203125,0.0,0.00028802734,0.0,0.0,-0.0,0.0,-0.0,0.0,0.0,-0.0,0.0,11.057262,1.120854,0.0,0.6080099,1.1465704,0.36946926,0.59574115,0.0,0.0,0.0,0.3222386,0.1383698,0.5195853,0.0,1.1465704,0.0,1.1468585,1.1468585,0.6080099,-0.0,8.3,17.669155,19.842592,19.842592,2.0
resstock-amy2018-2021-release-1-285517,0.0,1.151386,0.0,0.0,0.52129614,0.0,0.0,0.0,0.0,0.0,0.0,0.0,0.0,0.0,0.0,0.0,0.0,0.0,7.9998321533203125,0.0,-0.0,0.0,0.0,-0.0,0.0,-0.0,0.0,0.0,-0.0,0.0,11.057262,1.151386,0.0,1.0022558,1.5229689,0.5058279,0.79429233,0.0,0.0,0.0,0.3321328,0.1383698,0.5215421,0.0,1.5229689,0.0,1.5229689,1.523552,1.0022558,-0.00058302976,10.6,17.794916,19.444445,19.444445,2.0
resstock-amy2018-2021-release-1-285517,0.0,1.2300017,0.0,0.0,0.5404226,0.0,0.0,0.0,0.0,0.0,0.0,0.0,0.0,0.0,0.0,0.0,0.0,0.0,7.9998321533203125,0.0,-0.0,0.0,0.0,-0.0,0.0,-0.0,0.0,0.0,-0.0,0.0,11.057262,1.2300017,0.0,1.2736433,1.8030324,0.5960966,0.9561055,0.0,0.0,0.0,0.3306078,0.1383698,0.53027636,0.0,1.8030324,0.0,1.8030324,1.8140659,1.2736433,-0.011033581,11.7,17.978569,19.444445,19.444445,2.0
resstock-amy2018-2021-release-1-285517,0.0,1.297873,0.0,0.0,0.55286735,0.0,0.0,0.0,0.0,0.0,0.0,0.0,0.0,0.0,0.0,0.0,0.0,0.0,7.9998321533203125,0.0,-0.0,0.0,0.0,-0.0,0.0,-0.0,0.0,0.0,-0.0,0.0,11.057262,1.297873,0.0,1.3153263,1.8452499,0.59449816,0.9813176,0.0,0.0,0.0,0.3221776,0.1383698,0.5318074,0.0,1.8452499,0.0,1.8452499,1.8681936,1.3153263,-0.022943685,12.8,18.278465,19.444445,19.444445,2.0
resstock-amy2018-2021-release-1-285517,0.0,1.2972686,0.38070148,0.0,0.55260986,0.39305198,0.0,0.0,0.0,0.0,0.0,0.0,0.0,0.0,0.0,0.0,0.0,0.0,7.9998321533203125,0.0,-0.0,0.0,0.0,-0.0,0.0,-0.0,0.0,0.0,-0.0,0.0,11.057262,1.2972686,0.0,1.1713318,2.102666,0.64823925,1.11644,0.0,0.0,0.0,0.308294,0.1383698,0.5309641,0.0,2.102666,0.0,2.102666,2.1169934,1.1713318,-0.014327515,12.8,18.42428,19.444445,19.444445,2.0
resstock-amy2018-2021-release-1-285517,0.0,1.3051999,0.0,0.0,0.57346225,0.0,0.0,0.0,0.0,0.0,0.0,0.0,0.0,0.0,0.0,0.0,0.0,0.0,7.9998321533203125,0.0,-0.0,0.0,0.0,-0.0,0.0,-0.0,0.0,0.0,-0.0,0.0,11.057262,1.3051999,0.0,1.1658485,1.7177923,0.51868737,0.90002024,0.0,0.0,0.0,0.30195,0.1383698,0.5239401,0.0,1.7177923,0.0,1.7177923,1.7393107,1.1658485,-0.021518486,11.7,18.542362,19.444445,19.444445,2.0
resstock-amy2018-2021-release-1-285517,0.0,1.3608782,0.0,0.0,0.59792554,0.0,0.0,0.0,0.0,0.0,0.0,0.0,0.0,0.0,0.0,0.0,0.0,0.0,7.9998321533203125,0.0,-0.0,0.0,0.0,-0.0,0.0,-0.0,0.0,0.0,-0.0,0.0,11.057262,1.3608782,0.0,0.9463724,1.5289925,0.46123162,0.7819583,0.0,0.0,0.0,0.3016572,0.1383698,0.5114206,0.0,1.5289925,0.0,1.5289925,1.5442979,0.9463724,-0.015305405,11.7,18.66787,19.444445,19.444445,2.0
resstock-amy2018-2021-release-1-285517,0.0,1.6606609,0.0,0.0,0.72155565,0.0,0.0,0.0,0.0,0.0,0.0,0.0,0.0,0.0,0.0,0.0,0.0,0.0,7.9998321533203125,0.0,-0.0,0.0,0.0,-0.0,0.0,-0.0,0.0,0.0,-0.0,0.0,11.057262,1.6606609,0.0,0.8666377,1.5719254,0.48461518,0.7842904,0.0,0.0,0.0,0.308294,0.1383698,0.49893615,0.0,1.5719254,0.0,1.5719254,1.5881934,0.8666377,-0.01626806,12.1,18.993092,19.444445,19.444445,2.0
resstock-amy2018-2021-release-1-285517,0.0,1.7597148,0.0,0.0,0.77316135,0.0,0.0,0.0,0.0,0.0,0.0,0.0,0.0,0.0,0.0,0.0,0.0,0.0,7.9998321533203125,0.0,-0.0,0.0,0.0,-0.0,0.0,-0.0,0.0,0.0,-0.0,0.0,11.057262,1.7597148,0.0,0.84292924,1.6011072,0.5127546,0.77932245,0.0,0.0,0.0,0.32025,0.1383698,0.4867397,0.0,1.6011072,0.0,1.6011072,1.6160905,0.84292924,-0.014983262,11.7,19.357388,19.444445,19.444445,2.0
resstock-amy2018-2021-release-1-285517,0.0,1.7941608,1.1900786,0.0,0.8011793,1.2286865,0.0,0.0,0.0,0.0,0.0,0.0,0.0,0.0,0.0,0.0,0.0,0.0,7.9998321533203125,0.0,-0.0,0.0,0.0,-0.0,0.0,-0.0,0.0,0.0,-0.0,0.0,11.057262,1.7941608,0.0,0.8109583,2.834909,0.9248267,1.3742435,0.0,0.0,0.0,0.326228,0.1383698,0.48475754,0.0,2.834909,0.0,2.834909,2.8408241,0.8109583,-0.0059150876,11.11,19.755184,19.444445,19.444445,2.0
resstock-amy2018-2021-release-1-285517,0.0,1.0541366,0.0,0.0,0.4708511,0.0,0.0,0.0,0.0,0.0,0.0,0.0,0.0,0.0,0.0,0.0,0.0,0.0,7.9998321533203125,0.0,-0.0,0.0,0.0,-0.0,0.0,-0.0,0.0,0.0,-0.0,0.0,11.057262,1.0541366,0.0,0.7749255,1.2457765,0.41473597,0.6196863,0.0,0.0,0.0,0.3329136,0.1383698,0.49742976,0.0,1.2457765,0.0,1.2457765,1.2457765,0.7749255,0.0,11.1,19.513958,19.73611,19.73611,2.0
resstock-amy2018-2021-release-1-285517,0.0,1.3353262,2.0177426,0.0,0.59645003,2.0832012,0.0,0.0,0.0,0.0,0.0,0.0,0.0,0.0,0.0,0.0,0.0,0.0,7.9998321533203125,0.0,-0.0,0.0,0.0,-0.0,0.0,-0.0,0.0,0.0,-0.0,0.0,11.057262,1.3353262,0.0,0.75185907,3.4315102,1.1408056,1.7823739,0.0,0.0,0.0,0.33245,0.1383698,0.5194138,0.0,3.4315102,0.0,3.4315102,3.4315102,0.75185907,-0.0,11.1,19.738033,20.555555,20.555555,2.0
resstock-amy2018-2021-release-1-285517,0.0,0.93369853,2.8841238,0.0,0.40432745,2.977689,0.0,0.0,0.0,0.0,0.0,0.0,0.0,0.0,0.0,0.0,0.0,0.0,7.9998321533203125,0.0,-0.0,0.0,0.0,-0.0,0.0,-0.0,0.0,0.0,-0.0,0.0,11.057262,0.93369853,0.0,0.8873209,4.2693377,1.417987,2.2345607,0.0,0.0,0.0,0.3321328,0.1383698,0.5233975,0.0,4.2693377,0.0,4.2693377,4.2693377,0.8873209,-0.0,12.22,19.622723,20.555555,20.555555,2.0
resstock-amy2018-2021-release-1-285517,0.0,0.8186903,0.0,0.0,0.35970584,0.0,0.0,0.0,0.0,0.0,0.0,0.0,0.0,0.0,0.0,0.0,0.0,0.0,7.9998321533203125,0.0,-0.0,0.0,0.0,-0.0,0.0,-0.0,0.0,0.0,-0.0,0.0,11.057262,0.8186903,0.0,0.7899379,1.1496438,0.3752143,0.6009936,0.0,0.0,0.0,0.3263744,0.1383698,0.52276504,0.0,1.1496438,0.0,1.1496438,1.1496438,0.7899379,-0.0,11.7,19.456007,19.523148,19.523148,2.0
resstock-amy2018-2021-release-1-285517,0.0,1.1619134,0.76140577,0.0,0.50909275,0.7861069,0.0,0.0,0.0,0.0,0.0,0.0,0.0,0.0,0.0,0.0,0.0,0.0,7.9998321533203125,0.0,-0.0,0.0,0.0,-0.0,0.0,-0.0,0.0,0.0,-0.0,0.0,11.057262,1.1619134,0.0,0.5705516,1.8657513,0.5972565,0.9710745,0.0,0.0,0.0,0.3201158,0.1383698,0.5204737,0.0,1.8657513,0.0,1.8657513,1.8657513,0.5705516,-0.0,11.8,19.66855,20.0,20.0,2.0
resstock-amy2018-2021-release-1-285517,0.0,1.2032597,0.0,0.0,0.52135074,0.0,0.0,0.0,0.0,0.0,0.0,0.0,0.0,0.0,0.0,0.0,0.0,0.0,7.9998321533203125,0.0,-0.0,0.0,0.0,-0.0,0.0,-0.0,0.0,0.0,-0.0,0.0,11.057262,1.2032597,0.0,0.4145099,0.93586063,0.28095043,0.47925383,0.0,0.0,0.0,0.3002054,0.1383698,0.51209956,0.0,0.93586063,0.0,0.93586063,0.93586063,0.4145099,-0.0,12.2,19.606958,19.444445,19.444445,2.0
resstock-amy2018-2021-release-1-285517,0.5067113,0.8237995,0.0,0.0,0.3569375,0.0,0.0,0.0,0.0,0.0,0.0,0.0,0.0,0.0,0.0,0.0,0.0,0.0,7.9998321533203125,0.0,-0.0,0.0,0.0,-0.0,0.0,-0.0,0.0,0.0,-0.0,0.0,11.057262,0.8237995,0.0,0.30897555,0.66591305,0.18075396,0.33559787,0.0,0.0,0.0,0.2714378,0.1383698,0.5039665,0.0,0.66591305,0.0,0.66591305,0.66591305,0.30897555,-0.0,12.2,19.129715,17.777779,17.777779,2.0
resstock-amy2018-2021-release-1-285517,0.0,0.66576815,0.0,0.0,0.28684476,0.0,0.0,0.0,0.0,0.0,0.0,0.0,0.0,0.0,0.0,0.0,0.0,0.0,7.9998321533203125,0.0,-0.0,0.0,0.0,-0.0,0.0,-0.0,0.0,0.0,-0.0,0.0,11.057262,0.66576815,0.0,0.30805928,0.59490407,0.14080189,0.28635898,0.0,0.0,0.0,0.23668,0.1383698,0.48135322,0.0,0.59490407,0.0,0.59490407,0.59490407,0.30805928,-0.0,12.4,18.76931,17.777779,17.777779,2.0
resstock-amy2018-2021-release-1-285517,0.0,0.9645215,0.0,0.0,0.4179098,0.0,0.0,0.0,0.0,0.0,0.0,0.0,0.0,0.0,0.074753255,0.074753255,0.0,0.008329074,7.999831199645996,0.06663118523733136,-0.0,0.074753255,0.0,-0.0,0.0,-0.0,0.0,0.0,-0.0,0.0,11.057262,0.9645215,0.0,0.307143,0.7998061,0.18707338,0.39265206,0.0,0.0,0.0,0.2338984,0.1383698,0.49093407,0.0,0.7998061,0.0,0.72505283,0.72505283,0.307143,-0.0,12.2,18.808475,17.777779,17.777779,2.0
resstock-amy2018-2021-release-1-285517,0.0,1.1611558,0.0,0.0,0.5031079,0.0,0.0,0.0,0.0,0.0,0.0,0.0,0.0,0.0,-0.026936537,0.0,-0.026936537,0.004522487,7.999830722808838,0.036179130890176436,0.026936537,0.0,0.0,-0.0,0.0,-0.0,0.0,0.0,-0.0,0.0,11.057262,1.1611558,0.0,0.30622673,0.7823981,0.16465567,0.3802907,0.0,0.0,0.0,0.21045,0.1383698,0.4860578,0.0,0.7823981,0.0,0.80933464,0.80933464,0.30622673,-0.0,12.2,18.807312,17.777779,17.777779,2.0
resstock-amy2018-2021-release-1-285517,0.0,0.90990007,0.0,0.0,0.39978042,0.0,0.0,0.0,0.0,0.0,0.0,0.0,0.0,0.0,-0.03220031,0.0,-0.03220031,5.232305e-05,7.99983024597168,0.00041857550430422774,0.03220031,0.0,0.0,-0.0,0.0,-0.0,0.0,0.0,-0.0,0.0,11.057262,0.90990007,0.0,0.31262633,0.6802064,0.16295801,0.33229026,0.0,0.0,0.0,0.2395714,0.1383698,0.48851386,0.0,0.6802064,0.0,0.71240675,0.71240675,0.31262633,-0.0,11.7,18.458696,17.777779,17.777779,2.0
resstock-amy2018-2021-release-1-285517,0.0,0.9814304,0.0,0.0,0.43120852,0.0,0.0,0.0,0.0,0.0,0.0,0.0,0.0,0.0,-0.00037797686,0.0,-0.00037797686,1.0315241e-07,7.99983024597168,8.252017637104954e-07,0.00037797686,0.0,0.0,-0.0,0.0,-0.0,0.0,0.0,-0.0,0.0,11.057262,0.9814304,0.0,0.34097353,0.7718041,0.18879099,0.3840182,0.0,0.0,0.0,0.24461,0.1383698,0.4975592,0.0,0.7718041,0.0,0.77218205,0.77218205,0.34097353,-0.0,11.7,18.304604,18.777779,18.777779,2.0
resstock-amy2018-2021-release-1-285517,0.0,1.3103193,0.0,0.0,0.5757116,0.0,0.0,0.0,0.0,0.0,0.0,0.0,0.0,0.0,-7.4412895e-07,0.0,-7.4412895e-07,0.0,7.99983024597168,0.0,7.4412895e-07,0.0,0.0,-0.0,0.0,-0.0,0.0,0.0,-0.0,0.0,11.057262,1.3103193,0.0,0.39218462,0.9678955,0.24502273,0.49306065,0.0,0.0,0.0,0.25315,0.1383698,0.50941515,0.0,0.9678955,0.0,0.9678962,0.9678962,0.39218462,-0.0,11.7,18.509712,20.0,20.0,2.0
resstock-amy2018-2021-release-1-285517,0.0,1.315352,2.04698,0.0,0.56991833,2.1133869,0.0,0.0,0.0,0.0,0.0,0.0,0.0,0.0,0.0,0.0,0.0,0.0,7.99983024597168,0.0,-0.0,0.0,0.0,-0.0,0.0,-0.0,0.0,0.0,-0.0,0.0,11.057262,1.315352,0.0,0.504495,3.1878002,0.94925547,1.6481235,0.0,0.0,0.0,0.2977776,0.1383698,0.5170097,0.0,3.1878002,0.0,3.1878002,3.1878002,0.504495,-0.0,12.2,18.673344,20.0,20.0,2.0
resstock-amy2018-2021-release-1-285517,0.0,1.0335921,0.0,0.0,0.44783685,0.0,0.0,0.0,0.0,0.0,0.0,0.0,0.0,0.0,0.0,0.0,0.0,0.0,7.99983024597168,0.0,-0.0,0.0,0.0,-0.0,0.0,-0.0,0.0,0.0,-0.0,0.0,11.057262,1.0335921,0.0,0.7035151,1.1513519,0.36872047,0.6028349,0.0,0.0,0.0,0.32025,0.1383698,0.5235887,0.0,1.1513519,0.0,1.1513519,1.1513519,0.7035151,-0.0,12.2,18.697426,19.11111,19.11111,2.0
resstock-amy2018-2021-release-1-285517,0.0,0.81020904,0.0,0.0,0.33428544,0.0,0.0,0.0,0.0,0.0,0.0,0.0,0.0,0.0,0.0,0.0,0.0,0.0,7.99983024597168,0.0,-0.0,0.0,0.0,-0.0,0.0,-0.0,0.0,0.0,-0.0,0.0,11.057262,0.81020904,0.0,0.9015609,1.2272264,0.4345221,0.646838,0.0,0.0,0.0,0.3540684,0.1383698,0.5270731,0.0,1.2272264,0.0,1.2272264,1.2358463,0.9015609,-0.008619864,13.9,18.566626,18.88889,18.88889,2.0
resstock-amy2018-2021-release-1-285517,0.0,0.82585263,0.0,0.0,0.34677067,0.0,0.0,0.0,0.0,0.0,0.0,0.0,0.0,0.0,0.0,0.0,0.0,0.0,7.99983024597168,0.0,-0.0,0.0,0.0,-0.0,0.0,-0.0,0.0,0.0,-0.0,0.0,11.057262,0.82585263,0.0,1.172248,1.4826357,0.47702083,0.80181426,0.0,0.0,0.0,0.3217384,0.1383698,0.54080325,0.0,1.4826357,0.0,1.4826357,1.5190187,1.172248,-0.03638292,13.3,18.66671,18.88889,18.88889,2.0
resstock-amy2018-2021-release-1-285517,0.0,0.9884604,0.0,0.0,0.41504872,0.0,0.0,0.0,0.0,0.0,0.0,0.0,0.0,0.0,0.0,0.0,0.0,0.0,7.99983024597168,0.0,-0.0,0.0,0.0,-0.0,0.0,-0.0,0.0,0.0,-0.0,0.0,11.057262,0.9884604,0.0,1.3153263,1.6613812,0.51955146,0.9219262,0.0,0.0,0.0,0.3127226,0.1383698,0.5549155,0.0,1.6613812,0.0,1.6613812,1.730375,1.3153263,-0.06899379,13.3,18.939419,18.88889,18.88889,2.0
resstock-amy2018-2021-release-1-285517,0.0,0.9829252,0.0,0.0,0.4055467,0.0,0.0,0.0,0.0,0.0,0.0,0.0,0.0,0.0,0.0,0.0,0.0,0.0,7.99983024597168,0.0,-0.0,0.0,0.0,-0.0,0.0,-0.0,0.0,0.0,-0.0,0.0,11.057262,0.9829252,0.0,1.2727137,1.595633,0.4788814,0.8848229,0.0,0.0,0.0,0.30012,0.1383698,0.5545278,0.0,1.595633,0.0,1.595633,1.6782603,1.2727137,-0.08262735,13.9,19.160873,18.88889,18.88889,2.0
resstock-amy2018-2021-release-1-285517,0.0,1.0401229,0.0,0.0,0.40762547,0.0,0.0,0.0,0.0,0.0,0.0,0.0,0.0,0.0,0.0,0.0,0.0,0.0,7.99983024597168,0.0,-0.0,0.0,0.0,-0.0,0.0,-0.0,0.0,0.0,-0.0,0.0,11.057262,1.0401229,0.0,1.2689164,1.5991573,0.47195962,0.84822094,0.0,0.0,0.0,0.2951302,0.1383698,0.53041744,0.0,1.5991573,0.0,1.5991573,1.6765418,1.2689164,-0.07738451,15.6,19.39843,18.88889,18.88889,2.0
resstock-amy2018-2021-release-1-285517,0.0,1.0425282,0.0,0.0,0.40856808,0.0,0.0,0.0,0.0,0.0,0.0,0.0,0.0,0.0,0.0,0.0,0.0,0.0,7.99983024597168,0.0,-0.0,0.0,0.0,-0.0,0.0,-0.0,0.0,0.0,-0.0,0.0,11.057262,1.0425282,0.0,1.0492793,1.3932688,0.41559818,0.7046512,0.0,0.0,0.0,0.29829,0.1383698,0.50575393,0.0,1.3932688,0.0,1.3932688,1.4578474,1.0492793,-0.0645785,15.6,19.600197,18.88889,18.88889,2.0
resstock-amy2018-2021-release-1-285517,0.0,0.8484432,0.0,0.0,0.31598392,0.0,0.0,0.0,0.0,0.0,0.0,0.0,0.0,0.0,0.0,0.0,0.0,0.0,7.99983024597168,0.0,-0.0,0.0,0.0,-0.0,0.0,-0.0,0.0,0.0,-0.0,0.0,11.057262,0.8484432,0.0,0.96704596,1.1842161,0.36995554,0.57507336,0.0,0.0,0.0,0.3124054,0.1383698,0.48561522,0.0,1.1842161,0.0,1.1842161,1.2830299,0.96704596,-0.098813795,17.2,19.686455,18.88889,18.88889,2.0
resstock-amy2018-2021-release-1-285517,0.0,0.6949563,0.0,0.0,0.28673315,0.0,0.0,0.0,0.0,0.0,0.0,0.0,0.0,0.0,0.0,0.0,0.0,0.0,7.99983024597168,0.0,-0.0,0.0,0.0,-0.0,0.0,-0.0,0.0,0.0,-0.0,0.0,11.057262,0.6949563,0.0,0.84292924,1.0068772,0.32424587,0.51040125,0.0,0.0,0.0,0.3220312,0.1383698,0.5069151,0.0,1.0068772,0.0,1.0068772,1.1296624,0.84292924,-0.12278519,13.9,19.80032,18.88889,18.88889,2.0
resstock-amy2018-2021-release-1-285517,0.0,0.54859006,0.0,0.0,0.22300525,0.0,0.0,0.0,0.0,0.0,0.0,0.0,0.0,0.0,0.0,0.0,0.0,0.0,7.99983024597168,0.0,-0.0,0.0,0.0,-0.0,0.0,-0.0,0.0,0.0,-0.0,0.0,11.057262,0.54859006,0.0,0.8109583,0.9876585,0.32888928,0.49450532,0.0,0.0,0.0,0.332999,0.1383698,0.5006845,0.0,0.9876585,0.0,0.9876585,1.0339636,0.8109583,-0.046305045,14.4,20.073442,18.88889,18.88889,2.0
resstock-amy2018-2021-release-1-285517,0.0,0.50823045,0.0,0.0,0.20659882,0.0,0.0,0.0,0.0,0.0,0.0,0.0,0.0,0.0,0.0,0.0,0.0,0.0,7.99983024597168,0.0,-0.0,0.0,0.0,-0.0,0.0,-0.0,0.0,0.0,-0.0,0.0,11.057262,0.50823045,0.0,1.1723888,1.3765575,0.47740304,0.7457108,0.0,0.0,0.0,0.3468094,0.1383698,0.5417215,0.0,1.3765575,0.0,1.3765575,1.3789876,1.1723888,-0.0024300697,14.4,20.278965,19.0,19.0,2.0
resstock-amy2018-2021-release-1-285517,0.0,0.42713237,0.37931037,0.0,0.17051283,0.39161575,0.0,0.0,0.0,0.0,0.0,0.0,0.0,0.0,0.0,0.0,0.0,0.0,7.99983024597168,0.0,-0.0,0.0,0.0,-0.0,0.0,-0.0,0.0,0.0,-0.0,0.0,11.057262,0.42713237,0.0,1.2152629,1.7773914,0.62342006,1.027755,0.0,0.0,0.0,0.35075,0.1383698,0.5782379,0.0,1.7773914,0.0,1.7773914,1.7773914,1.2152629,-0.0,15.0,20.466282,20.555555,20.555555,2.0
resstock-amy2018-2021-release-1-285517,0.20348527,0.625605,0.4530408,0.0,0.24517538,0.46773812,0.0,0.0,0.0,0.0,0.0,0.0,0.0,0.0,0.0,0.0,0.0,0.0,7.99983024597168,0.0,-0.0,0.0,0.0,-0.0,0.0,-0.0,0.0,0.0,-0.0,0.0,11.057262,0.625605,0.0,1.1699855,1.882899,0.65261656,1.0942492,0.0,0.0,0.0,0.346602,0.1383698,0.5811513,0.0,1.882899,0.0,1.882899,1.882899,1.1699855,-0.0,15.6,20.758133,19.416666,19.416666,2.0
resstock-amy2018-2021-release-1-285517,0.2100581,0.38453943,0.39619988,0.0,0.15350956,0.40905318,0.0,0.0,0.0,0.0,0.0,0.0,0.0,0.0,0.0,0.0,0.0,0.0,7.99983024597168,0.0,-0.0,0.0,0.0,-0.0,0.0,-0.0,0.0,0.0,-0.0,0.0,11.057262,0.38453943,0.0,0.7899379,1.3525007,0.44963884,0.7494951,0.0,0.0,0.0,0.33245,0.1383698,0.55415505,0.0,1.3525007,0.0,1.3525007,1.3525007,0.7899379,-0.0,15.0,20.521313,18.88889,18.88889,2.0
resstock-amy2018-2021-release-1-285517,0.7093746,0.4028738,2.6889064,0.0,0.16622235,2.7761385,0.0,0.0,0.0,0.0,0.0,0.0,0.0,0.0,0.0,0.0,0.0,0.0,7.99983024597168,0.0,-0.0,0.0,0.0,-0.0,0.0,-0.0,0.0,0.0,-0.0,0.0,11.057262,0.4028738,0.0,0.5705516,3.5129125,1.1252674,1.85367,0.0,0.0,0.0,0.3203232,0.1383698,0.52767324,0.0,3.5129125,0.0,3.5129125,3.5129125,0.5705516,-0.0,13.9,20.322144,18.88889,18.88889,2.0
resstock-amy2018-2021-release-1-285517,0.0,0.41462526,0.93378055,0.0,0.16551994,0.9640738,0.0,0.0,0.0,0.0,0.0,0.0,0.0,0.0,0.0,0.0,0.0,0.0,7.99983024597168,0.0,-0.0,0.0,0.0,-0.0,0.0,-0.0,0.0,0.0,-0.0,0.0,11.057262,0.41462526,0.0,0.4145099,1.5441036,0.47564226,0.77355033,0.0,0.0,0.0,0.3080378,0.1383698,0.5009705,0.0,1.5441036,0.0,1.5441036,1.5441036,0.4145099,-0.0,15.0,20.149164,18.88889,18.88889,2.0
resstock-amy2018-2021-release-1-285517,0.0,0.393362,0.0,0.0,1.6091162,0.0,0.0,0.0,0.0,0.0,0.0,0.0,0.0,0.0,0.022213336,0.022213336,0.0,0.0024708754,7.9998297691345215,0.019766582514636588,-0.0,0.022213336,0.0,-0.0,0.0,-0.0,3.565043,3.565043,-0.0,0.3187122,11.057262,0.393362,0.0,0.3657726,1.9971021,0.5126268,0.9151973,0.0,0.0,0.0,0.25668535,0.1383698,0.45826265,0.0,1.9971021,0.0,0.5256767,0.5256767,0.3657726,-0.0,14.4,19.860723,18.88889,18.88889,2.0
resstock-amy2018-2021-release-1-285517,0.0,0.38118887,0.0,0.0,2.3794396e-08,0.0,0.0,0.0,0.0,0.0,0.0,0.0,0.0,0.0,-0.017590083,0.0,-0.017590083,4.937726e-05,7.999829292297363,0.0003950096544303658,0.017590083,0.0,0.0,-0.0,0.0,-0.0,0.0,0.0,0.3811888,0.28105977,11.057262,5.9604645e-08,0.0,0.3483989,0.33080885,0.09019358,0.1497933,0.0,0.0,0.0,0.2726456,0.1383698,0.4528092,0.0,0.33080885,0.0,0.5005709,0.5005709,0.3483989,-0.0,15.0,19.66819,18.88889,18.88889,2.0
resstock-amy2018-2021-release-1-285517,0.0,0.89632314,0.0,0.0,0.0,0.0,0.0,0.0,0.0,0.0,0.0,0.0,0.0,0.0,0.2962405,0.2962405,0.0,0.033289146,7.9998250007629395,0.2663073398511582,-0.0,0.2962405,0.0,-0.0,0.0,-0.0,0.0,0.0,0.8963232,0.19660613,11.057262,0.0,0.0,0.307143,0.60338354,0.143913,0.24028148,0.0,0.0,0.0,0.23851,0.1383698,0.39822346,0.0,0.60338354,0.0,0.67150396,0.67150396,0.307143,-0.0,14.4,20.016327,18.88889,18.88889,2.0
resstock-amy2018-2021-release-1-285517,0.0,0.7181797,0.0,0.0,0.0,0.0,0.0,0.0,0.0,0.0,0.0,0.0,0.0,0.0,0.30567455,0.30567455,0.0,0.06750431,7.999820232391357,0.5400223378541291,-0.0,0.30567455,0.0,-0.0,0.0,-0.0,0.0,0.0,0.71817976,0.1291868,11.057262,0.0,0.0,0.30622673,0.6119013,0.13400026,0.24422956,0.0,0.0,0.0,0.21899,0.1383698,0.39913228,0.0,0.6119013,0.0,0.59933674,0.59933674,0.30622673,-0.0,14.266666,19.642197,18.88889,18.88889,2.0
resstock-amy2018-2021-release-1-285517,0.0,0.6228678,0.0,0.0,0.0,0.0,0.0,0.0,0.0,0.0,0.0,0.0,0.0,0.0,0.41960132,0.41960132,0.0,0.1145789,7.999814033508301,0.9166099139346784,-0.0,0.41960132,0.0,-0.0,0.0,-0.0,0.0,0.0,0.6228678,0.07107507,11.057262,0.0,0.0,0.31262633,0.7322277,0.15409732,0.29015937,0.0,0.0,0.0,0.21045,0.1383698,0.39626932,0.0,0.7322277,0.0,0.565826,0.565826,0.31262633,-0.0,14.4,19.398136,18.88889,18.88889,2.0
resstock-amy2018-2021-release-1-285517,0.0,0.65923214,0.0,0.0,0.0044457787,0.0,0.0,0.0,0.0,0.0,0.0,0.0,0.0,0.0,0.9474612,0.9474612,0.0,0.2227246,7.999799728393555,1.7817522075974068,-0.0,0.9474612,0.0,-0.0,0.0,-0.0,0.0,0.0,0.6482956,0.011143432,11.057262,0.010936558,0.0,0.34097353,1.2928805,0.28375882,0.53776205,0.0,0.0,0.0,0.219478,0.1383698,0.41594103,0.0,1.2928805,0.0,0.6089555,0.6089555,0.34097353,-0.0,14.4,19.140024,18.88889,18.88889,2.0
resstock-amy2018-2021-release-1-285517,0.0,1.0218557,0.0,0.0,0.36630964,0.0,0.0,0.0,0.0,0.0,0.0,0.0,0.0,0.0,-0.018322814,0.0,-0.018322814,0.21952505,7.9997992515563965,1.7561563634644628,0.018322814,0.0,0.0,-0.0,0.0,-0.0,0.0,0.0,0.1207387,0.0,11.057262,0.901117,0.0,0.39218462,0.74017143,0.18954162,0.32376856,0.0,0.0,0.0,0.256078,0.1383698,0.43742374,0.0,0.74017143,0.0,0.8075753,0.8075753,0.39218462,-0.0,14.4,19.278194,19.23611,19.23611,2.0
resstock-amy2018-2021-release-1-285517,0.0,0.89679575,0.0,0.0,0.3700104,0.0,0.0,0.0,0.0,0.0,0.0,0.0,0.0,0.0,-0.3184594,0.0,-0.3184594,0.17459315,7.9997944831848145,1.3967093230972694,0.3184594,0.0,0.0,-0.0,0.0,-0.0,0.0,0.0,-0.0,0.0,11.057262,0.89679575,0.0,0.574686,0.62623703,0.19914664,0.29285145,0.0,0.0,0.0,0.3180052,0.1383698,0.46763676,0.0,0.62623703,0.0,0.9446964,0.9446964,0.574686,-0.0,13.9,19.203749,19.777779,19.777779,2.0
resstock-amy2018-2021-release-1-285517,0.0,1.0402064,0.7627538,0.0,0.42285034,0.78749865,0.0,0.0,0.0,0.0,0.0,0.0,0.0,0.0,-0.49948907,0.0,-0.49948907,0.104988225,7.999786853790283,0.8398834205930292,0.49948907,0.0,0.0,-0.0,0.0,-0.0,0.0,0.0,-0.0,0.0,11.057262,1.0402064,0.0,0.79902035,1.5098803,0.5026044,0.76242036,0.0,0.0,0.0,0.332877,0.1383698,0.50495416,0.0,1.5098803,0.0,2.0093694,2.0093694,0.79902035,-0.0,14.4,19.338509,19.444445,19.444445,2.0
resstock-amy2018-2021-release-1-285517,0.0,1.0626814,0.0,0.0,0.42422637,0.0,0.0,0.0,0.0,0.0,0.0,0.0,0.0,0.0,-0.54661417,0.0,-0.54661417,0.029168542,7.999778747558594,0.23334188618483154,0.54661417,0.0,0.0,-0.0,0.0,-0.0,0.0,0.0,-0.0,0.0,11.057262,1.0626814,0.0,1.0022558,0.87134284,0.31837997,0.47889635,0.0,0.0,0.0,0.36539,0.1383698,0.5496073,0.0,0.87134284,0.0,1.4179571,1.4264822,1.0022558,-0.008525185,15.0,19.508137,19.444445,19.444445,2.0
resstock-amy2018-2021-release-1-285517,0.0,0.8767011,0.0,0.0,0.8882935,0.0,0.0,0.0,0.0,0.0,0.0,0.0,0.0,0.0,0.20213611,0.20213611,0.0,0.051700205,7.9997758865356445,0.41359005017463346,-0.0,0.20213611,0.0,-0.0,0.0,-0.0,1.3084894,1.3084894,-0.0,0.11697799,11.057262,0.8767011,0.0,1.2736433,2.3382106,0.89900225,1.2788707,0.0,0.0,0.0,0.384483,0.1383698,0.5469442,0.0,2.3382106,0.0,1.6041654,1.6300277,1.2736433,-0.025862273,14.4,19.592627,19.444445,19.444445,2.0
resstock-amy2018-2021-release-1-285517,0.0,0.84897876,0.7627538,0.0,0.14893013,0.78749865,0.0,0.0,0.0,0.0,0.0,0.0,0.0,0.0,-0.115847856,0.0,-0.115847856,0.03533048,7.999773979187012,0.28263586919384664,0.115847856,0.0,0.0,-0.0,0.0,-0.0,0.0,0.0,0.47929204,0.07210833,11.057262,0.36968672,0.0,2.06057,2.8637257,0.9273798,1.5594457,0.0,0.0,0.0,0.3238368,0.1383698,0.5445514,0.0,2.8637257,0.0,3.1726587,3.190084,2.06057,-0.017425403,14.7,19.684404,19.444445,19.444445,2.0
resstock-amy2018-2021-release-1-285517,0.0,0.8659986,2.0263011,0.0,0.03360931,2.0920372,0.0,0.0,0.0,0.0,0.0,0.0,0.0,0.0,-0.2522697,0.0,-0.2522697,0.00023061974,7.999770164489746,0.001844904931949054,0.2522697,0.0,0.0,-0.0,0.0,-0.0,0.0,0.0,0.78129125,0.0,11.057262,0.08470738,0.0,1.5553782,3.4001327,1.0655798,1.8718747,0.0,0.0,0.0,0.3133936,0.1383698,0.5505299,0.0,3.4001327,0.0,3.962395,3.991017,1.5553782,-0.028622262,15.2,19.79598,19.444445,19.444445,2.0
resstock-amy2018-2021-release-1-285517,0.0,0.75677294,0.5839897,0.0,0.29565918,0.60293514,0.0,0.0,0.0,0.0,0.0,0.0,0.0,0.0,-0.0016524845,0.0,-0.0016524845,0.0,7.999770164489746,0.0,0.0016524845,0.0,0.0,-0.0,0.0,-0.0,0.0,0.0,-0.0,0.0,11.057262,0.75677294,0.0,1.5515809,2.4213998,0.7016006,1.3607008,0.0,0.0,0.0,0.28975,0.1383698,0.561948,0.0,2.4213998,0.0,2.4230523,2.4501753,1.5515809,-0.027122896,15.7,19.831015,19.444445,19.444445,2.0
resstock-amy2018-2021-release-1-285517,0.0,0.9036258,0.28513473,0.0,0.35853118,0.29438493,0.0,0.0,0.0,0.0,0.0,0.0,0.0,0.0,0.0,0.0,0.0,0.0,7.999770164489746,0.0,-0.0,0.0,0.0,-0.0,0.0,-0.0,0.0,0.0,-0.0,0.0,11.057262,0.9036258,0.0,1.0492793,1.6750567,0.485552,0.9411067,0.0,0.0,0.0,0.289872,0.1383698,0.5618357,0.0,1.6750567,0.0,1.6750567,1.7021954,1.0492793,-0.027138716,15.2,19.961405,19.444445,19.444445,2.0
resstock-amy2018-2021-release-1-285517,0.0,1.0343481,0.2846332,0.0,0.43526086,0.2938671,0.0,0.0,0.0,0.0,0.0,0.0,0.0,0.0,0.0,0.0,0.0,0.0,7.999770164489746,0.0,-0.0,0.0,0.0,-0.0,0.0,-0.0,0.0,0.0,-0.0,0.0,11.057262,1.0343481,0.0,0.96704596,1.6250848,0.5095687,0.9110538,0.0,0.0,0.0,0.3135644,0.1383698,0.56061924,0.0,1.6250848,0.0,1.6250848,1.6961739,0.96704596,-0.07108914,13.225,20.08506,19.444445,19.444445,2.0
resstock-amy2018-2021-release-1-285517,0.0,0.932539,1.5255073,0.0,0.39156765,1.5749971,0.0,0.0,0.0,0.0,0.0,0.0,0.0,0.0,0.0,0.0,0.0,0.0,7.999770164489746,0.0,-0.0,0.0,0.0,-0.0,0.0,-0.0,0.0,0.0,-0.0,0.0,11.057262,0.932539,0.0,0.84292924,2.7808452,0.92228675,1.5451305,0.0,0.0,0.0,0.331657,0.1383698,0.5556334,0.0,2.7808452,0.0,2.7808452,2.8094938,0.84292924,-0.028648619,13.3,20.07489,19.444445,19.444445,2.0
resstock-amy2018-2021-release-1-285517,0.0,1.0004258,0.0,0.0,0.42494327,0.0,0.0,0.0,0.0,0.0,0.0,0.0,0.0,0.0,0.0,0.0,0.0,0.0,7.999770164489746,0.0,-0.0,0.0,0.0,-0.0,0.0,-0.0,0.0,0.0,-0.0,0.0,11.057262,1.0004258,0.0,0.8109583,1.2282581,0.45968717,0.6801349,0.0,0.0,0.0,0.3742594,0.1383698,0.55373937,0.0,1.2282581,0.0,1.2282581,1.2359016,0.8109583,-0.0076434272,12.9,20.236706,19.444445,19.444445,2.0
resstock-amy2018-2021-release-1-285517,0.0,1.2321115,0.38137642,0.0,0.5338517,0.39374882,0.0,0.0,0.0,0.0,0.0,0.0,0.0,0.0,0.0,0.0,0.0,0.0,7.999770164489746,0.0,-0.0,0.0,0.0,-0.0,0.0,-0.0,0.0,0.0,-0.0,0.0,11.057262,1.2321115,0.0,0.7749255,1.7025259,0.669838,0.9549886,0.0,0.0,0.0,0.3934378,0.1383698,0.5609246,0.0,1.7025259,0.0,1.7025259,1.7025259,0.7749255,0.0,12.2,20.508446,19.444445,19.444445,2.0
resstock-amy2018-2021-release-1-285517,0.0,1.0051256,0.3813761,0.0,0.44161943,0.3937485,0.0,0.0,0.0,0.0,0.0,0.0,0.0,0.0,0.0,0.0,0.0,0.0,7.999770164489746,0.0,-0.0,0.0,0.0,-0.0,0.0,-0.0,0.0,0.0,-0.0,0.0,11.057262,1.0051256,0.0,0.75185907,1.587227,0.60511094,0.8957573,0.0,0.0,0.0,0.3812378,0.1383698,0.56435364,0.0,1.587227,0.0,1.587227,1.587227,0.75185907,-0.0,11.7,20.40863,20.268518,20.268518,2.0
resstock-amy2018-2021-release-1-285517,0.0,1.008303,0.0,0.0,0.4430155,0.0,0.0,0.0,0.0,0.0,0.0,0.0,0.0,0.0,0.0,0.0,0.0,0.0,7.999770164489746,0.0,-0.0,0.0,0.0,-0.0,0.0,-0.0,0.0,0.0,-0.0,0.0,11.057262,1.008303,0.0,0.7088702,1.1518856,0.45152307,0.6433156,0.0,0.0,0.0,0.391986,0.1383698,0.55848914,0.0,1.1518856,0.0,1.1518856,1.1518856,0.7088702,-0.0,11.7,20.39227,20.555555,20.555555,2.0
resstock-amy2018-2021-release-1-285517,0.0,1.0971661,0.75546354,0.0,0.486065,0.7799719,0.0,0.0,0.0,0.0,0.0,0.0,0.0,0.0,0.0,0.0,0.0,0.0,7.999770164489746,0.0,-0.0,0.0,0.0,-0.0,0.0,-0.0,0.0,0.0,-0.0,0.0,11.057262,1.0971661,0.0,0.7899379,2.0559747,0.68353385,1.137114,0.0,0.0,0.0,0.3324622,0.1383698,0.5530778,0.0,2.0559747,0.0,2.0559747,2.0559747,0.7899379,-0.0,11.4,20.460873,20.0,20.0,2.0
resstock-amy2018-2021-release-1-285517,0.0,0.6925374,0.0,0.0,0.30933562,0.0,0.0,0.0,0.0,0.0,0.0,0.0,0.0,0.0,0.0,0.0,0.0,0.0,7.999770164489746,0.0,-0.0,0.0,0.0,-0.0,0.0,-0.0,0.0,0.0,-0.0,0.0,11.057262,0.6925374,0.0,0.44205424,0.75138986,0.24332769,0.40899208,0.0,0.0,0.0,0.3238368,0.1383698,0.5443141,0.0,0.75138986,0.0,0.75138986,0.75138986,0.44205424,-0.0,11.1,19.846127,20.0,20.0,2.0
resstock-amy2018-2021-release-1-285517,0.0,0.87711585,0.0,0.0,0.40950212,0.0,0.0,0.0,0.0,0.0,0.0,0.0,0.0,0.0,0.0,0.0,0.0,0.0,7.999770164489746,0.0,-0.0,0.0,0.0,-0.0,0.0,-0.0,0.0,0.0,-0.0,0.0,11.057262,0.87711585,0.0,0.31172433,0.72122645,0.22656448,0.38834122,0.0,0.0,0.0,0.3141378,0.1383698,0.5384456,0.0,0.72122645,0.0,0.72122645,0.72122645,0.31172433,-0.0,9.44,19.541397,20.0,20.0,2.0
resstock-amy2018-2021-release-1-285517,0.0,0.69993615,0.0,0.0,0.319711,0.0,0.0,0.0,0.0,0.0,0.0,0.0,0.0,0.0,0.0,0.0,0.0,0.0,7.999770164489746,0.0,-0.0,0.0,0.0,-0.0,0.0,-0.0,0.0,0.0,-0.0,0.0,11.057262,0.69993615,0.0,0.30897555,0.62868655,0.17898656,0.33583716,0.0,0.0,0.0,0.2846992,0.1383698,0.53418857,0.0,0.62868655,0.0,0.62868655,0.62868655,0.30897555,-0.0,10.27,19.01609,19.444445,19.444445,2.0
resstock-amy2018-2021-release-1-285517,0.41736072,0.85998464,0.0,0.0,0.38412926,0.0,0.0,0.0,0.0,0.0,0.0,0.0,0.0,0.0,0.0,0.0,0.0,0.0,7.999770164489746,0.0,-0.0,0.0,0.0,-0.0,0.0,-0.0,0.0,0.0,-0.0,0.0,11.057262,0.85998464,0.0,0.30805928,0.6921885,0.20742716,0.36179692,0.0,0.0,0.0,0.2996686,0.1383698,0.5226855,0.0,0.6921885,0.0,0.6921885,0.6921885,0.30805928,-0.0,11.1,18.86393,17.777779,17.777779,2.0
resstock-amy2018-2021-release-1-285517,0.0,0.83928156,0.0,0.0,0.3748818,0.0,0.0,0.0,0.0,0.0,0.0,0.0,0.0,0.0,0.0,0.0,0.0,0.0,7.999770164489746,0.0,-0.0,0.0,0.0,-0.0,0.0,-0.0,0.0,0.0,-0.0,0.0,11.057262,0.83928156,0.0,0.307143,0.68202484,0.20241775,0.35101512,0.0,0.0,0.0,0.2967894,0.1383698,0.5146662,0.0,0.68202484,0.0,0.68202484,0.68202484,0.307143,-0.0,11.1,18.530388,17.777779,17.777779,2.0
resstock-amy2018-2021-release-1-285517,0.0,0.83719957,0.0,0.0,0.3759897,0.0,0.0,0.0,0.0,0.0,0.0,0.0,0.0,0.0,0.0,0.0,0.0,0.0,7.999770164489746,0.0,-0.0,0.0,0.0,-0.0,0.0,-0.0,0.0,0.0,-0.0,0.0,11.057262,0.83719957,0.0,0.30622673,0.6822164,0.1935107,0.35917732,0.0,0.0,0.0,0.28365,0.1383698,0.5264859,0.0,0.6822164,0.0,0.6822164,0.6822164,0.30622673,-0.0,10.9,18.332003,17.777779,17.777779,2.0
resstock-amy2018-2021-release-1-285517,0.0,0.73720753,0.0,0.0,0.34911746,0.0,0.0,0.0,0.0,0.0,0.0,0.0,0.0,0.0,0.0,0.0,0.0,0.0,7.999770164489746,0.0,-0.0,0.0,0.0,-0.0,0.0,-0.0,0.0,0.0,-0.0,0.0,11.057262,0.73720753,0.0,0.31262633,0.66174376,0.17963035,0.3572175,0.0,0.0,0.0,0.27145,0.1383698,0.5398124,0.0,0.66174376,0.0,0.66174376,0.66174376,0.31262633,-0.0,8.89,17.878193,17.777779,17.777779,2.0
resstock-amy2018-2021-release-1-285517,0.0,0.674583,0.0,0.0,0.30336848,0.0,0.0,0.0,0.0,0.0,0.0,0.0,0.0,0.0,0.0,0.0,0.0,0.0,7.999770164489746,0.0,-0.0,0.0,0.0,-0.0,0.0,-0.0,0.0,0.0,-0.0,0.0,11.057262,0.674583,0.0,0.34097353,0.644342,0.17655744,0.354169,0.0,0.0,0.0,0.274012,0.1383698,0.54965997,0.0,0.644342,0.0,0.644342,0.644342,0.34097353,-0.0,10.85,17.603785,17.777779,17.777779,2.0
resstock-amy2018-2021-release-1-285517,0.0,0.583763,0.0,0.0,0.2764511,0.0,0.0,0.0,0.0,0.0,0.0,0.0,0.0,0.0,0.34784597,0.34784597,0.0,0.03909368,7.999764919281006,0.3127402552678227,-0.0,0.34784597,0.0,-0.0,0.0,-0.0,0.0,0.0,-0.0,0.0,11.057262,0.583763,0.0,0.39218462,1.0164816,0.2821245,0.5643875,0.0,0.0,0.0,0.27755,0.1383698,0.5552363,0.0,1.0164816,0.0,0.66863567,0.66863567,0.39218462,-0.0,8.89,17.308249,18.592592,18.592592,2.0
resstock-amy2018-2021-release-1-285517,0.0,0.62287,0.0,0.0,0.29921618,0.0,0.0,0.0,0.0,0.0,0.0,0.0,0.0,0.0,0.4820638,0.4820638,0.0,0.09338969,7.999757766723633,0.7470948972880933,-0.0,0.4820638,0.0,-0.0,0.0,-0.0,0.0,0.0,-0.0,0.0,11.057262,0.62287,0.0,0.504495,1.285775,0.38478875,0.7147248,0.0,0.0,0.0,0.299266,0.1383698,0.55587083,0.0,1.285775,0.0,0.8037112,0.8037112,0.504495,-0.0,8.33,17.183376,20.0,20.0,2.0
resstock-amy2018-2021-release-1-285517,0.0,0.79219127,0.0,0.0,0.37819305,0.0,0.0,0.0,0.0,0.0,0.0,0.0,0.0,0.0,0.031330287,0.031330287,0.0,0.09661345,7.999757289886475,0.772884165646083,-0.0,0.031330287,0.0,-0.0,0.0,-0.0,0.0,0.0,-0.0,0.0,11.057262,0.79219127,0.0,0.6080099,1.0175333,0.30674762,0.56522566,0.0,0.0,0.0,0.301462,0.1383698,0.55548614,0.0,1.0175333,0.0,0.986203,0.986203,0.6080099,-0.0,8.575,17.181211,20.0,20.0,2.0
resstock-amy2018-2021-release-1-285517,0.0,0.6760886,0.0,0.0,0.30239984,0.0,0.0,0.0,0.0,0.0,0.0,0.0,0.0,0.0,-0.047966085,0.0,-0.047966085,0.08960992,7.999756336212158,0.7168575331355953,0.047966085,0.0,0.0,-0.0,0.0,-0.0,0.0,0.0,-0.0,0.0,11.057262,0.6760886,0.0,0.9015609,1.1434162,0.34433386,0.63496727,0.0,0.0,0.0,0.3011448,0.1383698,0.55532473,0.0,1.1434162,0.0,1.1913823,1.2039608,0.9015609,-0.012578524,11.05,17.441055,20.11111,20.11111,2.0
resstock-amy2018-2021-release-1-285517,0.0,0.7099054,0.0,0.0,0.3119093,0.0,0.0,0.0,0.0,0.0,0.0,0.0,0.0,0.0,-0.1929779,0.0,-0.1929779,0.06239776,7.999753475189209,0.4991666926662379,0.1929779,0.0,0.0,-0.0,0.0,-0.0,0.0,0.0,-0.0,0.0,11.057262,0.7099054,0.0,1.2736433,1.3704621,0.41237313,0.7580852,0.0,0.0,0.0,0.3009008,0.1383698,0.5531603,0.0,1.3704621,0.0,1.56344,1.5855526,1.2736433,-0.022112595,11.7,18.020401,20.791666,20.791666,2.0
resstock-amy2018-2021-release-1-285517,0.0,0.9671699,1.526782,0.0,0.41905728,1.576313,0.0,0.0,0.0,0.0,0.0,0.0,0.0,0.0,-0.077087656,0.0,-0.077087656,0.051413033,7.999752521514893,0.4112915416411358,0.077087656,0.0,0.0,-0.0,0.0,-0.0,0.0,0.0,-0.0,0.0,11.057262,0.9671699,0.0,1.3153263,3.1715665,0.88676876,1.7526157,0.0,0.0,0.0,0.2795996,0.1383698,0.5526025,0.0,3.1715665,0.0,3.2486541,3.3106966,1.3153263,-0.06204244,12.2,18.91483,19.444445,19.444445,2.0
resstock-amy2018-2021-release-1-285517,0.0,0.6645415,0.0,0.0,0.28308108,0.0,0.0,0.0,0.0,0.0,0.0,0.0,0.0,0.0,0.55967635,0.55967635,0.0,0.11458614,7.999743938446045,0.916659756776955,-0.0,0.55967635,0.0,-0.0,0.0,-0.0,0.0,0.0,-0.0,0.0,11.057262,0.6645415,0.0,1.3740956,2.0635364,0.5541049,1.1355747,0.0,0.0,0.0,0.268522,0.1383698,0.5503051,0.0,2.0635364,0.0,1.50386,1.6571765,1.3740956,-0.15331645,12.8,19.355955,19.444445,19.444445,2.0
resstock-amy2018-2021-release-1-285517,0.0,0.8138586,0.0,0.0,0.3466871,0.0,0.0,0.0,0.0,0.0,0.0,0.0,0.0,0.0,0.96608704,0.96608704,0.0,0.2249263,7.999729156494141,1.799349423344438,-0.0,0.96608704,0.0,-0.0,0.0,-0.0,0.0,0.0,-0.0,0.0,11.057262,0.8138586,0.0,1.3719842,2.4602163,0.65431917,1.3769611,0.0,0.0,0.0,0.26596,0.1383698,0.5596911,0.0,2.4602163,0.0,1.4941292,1.7186713,1.3719842,-0.22454208,12.8,19.766449,19.444445,19.444445,2.0
resstock-amy2018-2021-release-1-285517,0.0,0.8073069,0.76339304,0.0,0.33898342,0.78815866,0.0,0.0,0.0,0.0,0.0,0.0,0.0,0.0,1.0169721,1.0169721,0.0,0.3409638,7.999713897705078,2.7276129349296525,-0.0,1.0169721,0.0,-0.0,0.0,-0.0,0.0,0.0,-0.0,0.0,11.057262,0.8073069,0.0,1.0492793,2.9278054,0.74278134,1.6600151,0.0,0.0,0.0,0.253699,0.1383698,0.56698275,0.0,2.9278054,0.0,1.9108334,2.1764214,1.0492793,-0.26558796,13.3,20.044853,19.444445,19.444445,2.0
resstock-amy2018-2021-release-1-285517,0.12993759,0.58686525,0.13817093,0.0,0.24999258,0.14265339,0.0,0.0,0.0,0.0,0.0,0.0,0.0,0.0,0.9648652,0.9648652,0.0,0.45052424,7.999699115753174,3.6040583702106943,-0.0,0.9648652,0.0,-0.0,0.0,-0.0,0.0,0.0,-0.0,0.0,11.057262,0.58686525,0.0,1.0674542,2.1630292,0.58712786,1.2396107,0.0,0.0,0.0,0.2714378,0.1383698,0.57309014,0.0,2.1630292,0.0,1.198164,1.4601,1.0674542,-0.26193607,12.8,20.151016,19.444445,19.444445,2.0
resstock-amy2018-2021-release-1-285517,0.4938388,0.4419775,1.1909608,0.0,0.18558376,1.2295972,0.0,0.0,0.0,0.0,0.0,0.0,0.0,0.0,0.8116943,0.8116943,0.0,0.5418017,7.9996867179870605,4.334243791717995,-0.0,0.8116943,0.0,-0.0,0.0,-0.0,0.0,0.0,-0.0,0.0,11.057262,0.4419775,0.0,1.2352272,3.241517,0.9747028,1.8697462,0.0,0.0,0.0,0.3006934,0.1383698,0.5768121,0.0,3.241517,0.0,2.4298227,2.650408,1.2352272,-0.22058532,13.3,20.341799,19.444445,19.444445,2.0
resstock-amy2018-2021-release-1-285517,0.7274827,0.4428423,0.0,0.0,0.19187559,0.0,0.0,0.0,0.0,0.0,0.0,0.0,0.0,0.0,0.3856193,0.3856193,0.0,0.58367056,7.999680995941162,4.669178259085498,-0.0,0.3856193,0.0,-0.0,0.0,-0.0,0.0,0.0,-0.0,0.0,11.057262,0.4428423,0.0,1.1090559,1.5417771,0.47419205,0.8905401,0.0,0.0,0.0,0.307562,0.1383698,0.57760626,0.0,1.5417771,0.0,1.1561579,1.3009315,1.1090559,-0.1447736,12.2,20.678818,19.444445,19.444445,2.0
resstock-amy2018-2021-release-1-285517,1.2039111,0.31435695,1.5101794,0.0,0.1381182,1.5591718,0.0,0.0,0.0,0.0,0.0,0.0,0.0,0.0,-0.09530255,0.0,-0.09530255,0.56867564,7.9996795654296875,4.549222874627958,0.09530255,0.0,0.0,-0.0,0.0,-0.0,0.0,0.0,-0.0,0.0,11.057262,0.31435695,0.0,1.0575901,2.6550508,0.9210557,1.5190865,0.0,0.0,0.0,0.346907,0.1383698,0.5721497,0.0,2.6550508,0.0,2.7503533,2.75488,1.0575901,-0.0045266016,11.7,20.860838,19.444445,19.444445,2.0
resstock-amy2018-2021-release-1-285517,0.25517213,0.24746718,0.76339626,0.0,0.1138492,0.78816193,0.0,0.0,0.0,0.0,0.0,0.0,0.0,0.0,-0.30649558,0.0,-0.30649558,0.5244121,7.9996747970581055,4.195126224017542,0.30649558,0.0,0.0,-0.0,0.0,-0.0,0.0,0.0,-0.0,0.0,11.057262,0.24746718,0.0,0.9702869,1.5658026,0.57159376,0.8798165,0.0,0.0,0.0,0.3650484,0.1383698,0.5618949,0.0,1.5658026,0.0,1.8722981,1.8722981,0.9702869,-0.0,10.0,20.715988,19.444445,19.444445,2.0
resstock-amy2018-2021-release-1-285517,0.0,0.26828474,0.0,0.0,0.12538563,0.0,0.0,0.0,0.0,0.0,0.0,0.0,0.0,0.0,-0.6776655,0.0,-0.6776655,0.42968538,7.999664306640625,3.4373388297508427,0.6776655,0.0,0.0,-0.0,0.0,-0.0,0.0,0.0,-0.0,0.0,11.057262,0.26828474,0.0,0.8873209,0.33504105,0.13141315,0.18591236,0.0,0.0,0.0,0.39223,0.1383698,0.55489427,0.0,0.33504105,0.0,1.0127065,1.0127065,0.8873209,-0.0,9.4,20.416246,19.180555,19.180555,2.0
resstock-amy2018-2021-release-1-285517,1.6205155,0.36131096,2.843126,0.0,0.17110509,2.9353611,0.0,0.0,0.0,0.0,0.0,0.0,0.0,0.0,-0.8840822,0.0,-0.8840822,0.30758405,7.999650955200195,2.46056501792782,0.8840822,0.0,0.0,-0.0,0.0,-0.0,0.0,0.0,-0.0,0.0,11.057262,0.36131096,0.0,0.7899379,3.012322,1.0749104,1.6621115,0.0,0.0,0.0,0.3568378,0.1383698,0.55177087,0.0,3.012322,0.0,3.8964043,3.8964043,0.7899379,-0.0,8.89,20.072332,17.777779,17.777779,2.0
resstock-amy2018-2021-release-1-285517,0.12697472,0.26282153,0.0,0.0,0.6317206,0.0,0.0,0.0,0.0,0.0,0.0,0.0,0.0,0.0,0.16073366,0.16073366,0.0,0.32467848,7.999648571014404,2.59731374357213,-0.0,0.16073366,0.0,-0.0,0.0,-0.0,1.0611025,1.0611025,-0.0,0.094861776,11.057262,0.26282153,0.0,0.69904894,1.4915032,0.4741784,0.81528425,0.0,0.0,0.0,0.3179198,0.1383698,0.5466192,0.0,1.4915032,0.0,0.82445633,0.82445633,0.69904894,-0.0,8.595,19.514671,17.777779,17.777779,2.0
resstock-amy2018-2021-release-1-285517,0.0,0.33443666,0.27576703,0.0,0.34984273,0.2847133,0.0,0.0,0.0,0.0,0.0,0.0,0.0,0.0,-0.29181722,0.0,-0.29181722,0.28312466,7.9996442794799805,2.264896530631546,0.29181722,0.0,0.0,-0.0,0.0,-0.0,0.39326805,0.39326805,-0.0,0.12919289,11.057262,0.33443666,0.0,0.5926727,0.93541145,0.283292,0.50432074,0.0,0.0,0.0,0.3028528,0.1383698,0.5391432,0.0,0.93541145,0.0,1.0381658,1.0381658,0.5926727,-0.0,8.3,19.03027,17.777779,17.777779,2.0
resstock-amy2018-2021-release-1-285517,0.0,0.4711882,0.0,0.0,1.59557,0.0,0.0,0.0,0.0,0.0,0.0,0.0,0.0,0.0,0.49080408,0.49080408,0.0,0.3377369,7.999636650085449,2.7017725202935594,-0.0,0.49080408,0.0,-0.0,0.0,-0.0,2.6353946,2.6353946,-0.0,0.36366925,11.057262,0.4711882,0.0,0.6484372,2.7348113,0.7897424,1.4502426,0.0,0.0,0.0,0.288774,0.1383698,0.5302898,0.0,2.7348113,0.0,0.8904438,0.8904438,0.6484372,-0.0,5.6,18.457779,17.777779,17.777779,2.0
resstock-amy2018-2021-release-1-285517,0.0,0.73238856,0.0,0.0,0.76561326,0.0,0.0,0.0,0.0,0.0,0.0,0.0,0.0,0.0,-0.18523538,0.0,-0.18523538,0.3109033,7.9996337890625,2.4871126300131436,0.18523538,0.0,0.0,-0.0,0.0,-0.0,0.84025,0.84025,-0.0,0.43561748,11.057262,0.73238856,0.0,0.3483989,0.92877674,0.2823251,0.48906982,0.0,0.0,0.0,0.3039752,0.1383698,0.52657413,0.0,0.92877674,0.0,0.7049502,0.7049502,0.3483989,-0.0,7.8,18.27573,17.777779,17.777779,2.0
resstock-amy2018-2021-release-1-285517,0.0,0.728858,0.0,0.0,6.050157e-08,0.0,0.0,0.0,0.0,0.0,0.0,0.0,0.0,0.0,-0.99594057,0.0,-0.99594057,0.17429861,7.9996185302734375,1.394322424463553,0.99594057,0.0,0.0,-0.0,0.0,-0.0,0.0,0.0,0.7288579,0.3651381,11.057262,1.1920929e-07,0.0,0.307143,-0.6887975,-0.20715047,0.0,0.0,0.0,0.0,0.3007422,0.1383698,0.5313174,0.0,0.0,-0.6887975,0.67705595,0.67705595,0.307143,-0.0,6.1,17.77336,17.777779,17.777779,2.0
resstock-amy2018-2021-release-1-285517,0.0,0.7819765,0.0,0.0,0.0,0.0,0.0,0.0,0.0,0.0,0.0,0.0,0.0,0.0,-0.6394586,0.0,-0.6394586,0.085709214,7.999608993530273,0.6856402008268105,0.6394586,0.0,0.0,-0.0,0.0,-0.0,0.0,0.0,0.7819765,0.29041323,11.057262,0.0,0.0,0.30622673,-0.33323187,-0.10021689,0.0,0.0,0.0,0.0,0.3007422,0.1383698,0.5319135,0.0,0.0,-0.33323187,0.69986266,0.69986266,0.30622673,-0.0,6.44,17.386139,17.777779,17.777779,2.0
resstock-amy2018-2021-release-1-285517,0.0,0.7971995,0.0,0.0,0.0,0.0,0.0,0.0,0.0,0.0,0.0,0.0,0.0,0.0,-0.6203288,0.0,-0.6203288,0.0,7.999599456787109,0.0,0.6203288,0.0,0.0,-0.0,0.0,-0.0,0.0,0.0,0.7971995,0.21494684,11.057262,0.0,0.0,0.7100897,0.0897609,0.026889764,0.047700893,0.0,0.0,0.0,0.299571,0.1383698,0.5314217,0.0,0.0897609,0.0,1.1080898,1.1080898,0.7100897,-0.0,6.78,17.00915,17.777779,17.777779,2.0
resstock-amy2018-2021-release-1-285517,0.0,0.92314154,0.19451629,0.0,0.0,0.20082667,0.0,0.0,0.0,0.0,0.0,0.0,0.0,0.0,0.0,0.0,0.0,0.0,7.999599456787109,0.0,-0.0,0.0,0.0,-0.0,0.0,-0.0,0.0,0.0,0.92314154,0.12861581,11.057262,0.0,0.0,0.5907369,0.79156363,0.2371102,0.42061457,0.0,0.0,0.0,0.2995466,0.1383698,0.5313718,0.0,0.79156363,0.0,1.2604547,1.2604547,0.5907369,-0.0,6.0666666,16.748487,17.777779,17.777779,2.0
resstock-amy2018-2021-release-1-285517,0.0,0.8150144,0.19455098,0.0,0.0,0.2008625,0.0,0.0,0.0,0.0,0.0,0.0,0.0,0.0,0.0,0.0,0.0,0.0,7.999599456787109,0.0,-0.0,0.0,0.0,-0.0,0.0,-0.0,0.0,0.0,0.8150144,0.052929685,11.057262,0.0,0.0,0.4288568,0.62971926,0.18938316,0.33494827,0.0,0.0,0.0,0.3007422,0.1383698,0.53190094,0.0,0.62971926,0.0,1.0357537,1.0357537,0.4288568,-0.0,6.866667,16.500423,17.777779,17.777779,2.0
resstock-amy2018-2021-release-1-285517,0.0,0.82342136,0.0,0.0,0.12053364,0.0,0.0,0.0,0.0,0.0,0.0,0.0,0.0,0.0,0.0,0.0,0.0,0.0,7.999599456787109,0.0,-0.0,0.0,0.0,-0.0,0.0,-0.0,0.0,0.0,0.57349133,0.0,11.057262,0.24993002,0.0,0.574686,0.69521964,0.21378073,0.36597955,0.0,0.0,0.0,0.307501,0.1383698,0.5264229,0.0,0.69521964,0.0,0.97179705,0.97179705,0.574686,-0.0,8.175,16.424309,18.324074,18.324074,2.0
resstock-amy2018-2021-release-1-285517,0.0,0.93097067,0.38201094,0.0,0.4475625,0.39440393,0.0,0.0,0.0,0.0,0.0,0.0,0.0,0.0,0.0,0.0,0.0,0.0,7.999599456787109,0.0,-0.0,0.0,0.0,-0.0,0.0,-0.0,0.0,0.0,-0.0,0.0,11.057262,0.93097067,0.0,0.7035151,1.5454816,0.48866183,0.8023913,0.0,0.0,0.0,0.3161874,0.1383698,0.5191853,0.0,1.5454816,0.0,1.5454816,1.5454816,0.7035151,-0.0,8.3,16.596508,20.0,20.0,2.0
resstock-amy2018-2021-release-1-285517,0.0,1.3193066,0.3820103,0.0,1.1824884,0.39440328,0.0,0.0,0.0,0.0,0.0,0.0,0.0,0.0,0.0,0.0,0.0,0.0,7.999599456787109,0.0,-0.0,0.0,0.0,-0.0,0.0,-0.0,1.2509978,1.2509978,-0.0,0.11183828,11.057262,1.3193066,0.0,1.0022558,2.5666304,0.8307936,1.342124,0.0,0.0,0.0,0.3236904,0.1383698,0.52291286,0.0,2.5666304,0.0,1.9910991,2.0036163,1.0022558,-0.012517175,10.0,17.100922,20.0,20.0,2.0
resstock-amy2018-2021-release-1-285517,0.0,1.4244027,0.0,0.0,0.7616902,0.0,0.0,0.0,0.0,0.0,0.0,0.0,0.0,0.0,0.0,0.0,0.0,0.0,7.999599456787109,0.0,-0.0,0.0,0.0,-0.0,0.0,-0.0,0.23123762,0.23123762,-0.0,0.13153604,11.057262,1.4244027,0.0,1.172248,1.9024699,0.6466111,1.0158575,0.0,0.0,0.0,0.3398798,0.1383698,0.5339677,0.0,1.9024699,0.0,1.7960873,1.8275557,1.172248,-0.031468384,10.0,17.526112,20.0,20.0,2.0
resstock-amy2018-2021-release-1-285517,0.0,1.299098,0.0,0.0,0.7806804,0.0,0.0,0.0,0.0,0.0,0.0,0.0,0.0,0.0,0.0,0.0,0.0,0.0,7.999599456787109,0.0,-0.0,0.0,0.0,-0.0,0.0,-0.0,0.42518973,0.42518973,-0.0,0.1684013,11.057262,1.299098,0.0,1.4154257,2.1554182,0.68077976,1.1605633,0.0,0.0,0.0,0.3158458,0.1383698,0.53844,0.0,2.1554182,0.0,1.9629112,2.003599,1.4154257,-0.04068769,10.6,17.92118,20.0,20.0,2.0
resstock-amy2018-2021-release-1-285517,0.0,1.2568526,0.0,0.0,0.33244398,0.0,0.0,0.0,0.0,0.0,0.0,0.0,0.0,0.0,0.0,0.0,0.0,0.0,7.999599456787109,0.0,-0.0,0.0,0.0,-0.0,0.0,-0.0,0.0,0.0,0.53423905,0.1180564,11.057262,0.7226136,0.0,1.3740956,1.6686713,0.51106197,0.90633136,0.0,0.0,0.0,0.3062688,0.1383698,0.54314554,0.0,1.6686713,0.0,1.9144521,1.9523203,1.3740956,-0.03786823,10.0,18.259579,20.467592,20.467592,2.0
resstock-amy2018-2021-release-1-285517,0.0,1.1634015,0.0,0.0,0.08033922,0.0,0.0,0.0,0.0,0.0,0.0,0.0,0.0,0.0,0.0,0.0,0.0,0.0,7.999599456787109,0.0,-0.0,0.0,0.0,-0.0,0.0,-0.0,0.0,0.0,0.9887729,0.02656524,11.057262,0.17462856,0.0,1.2689164,1.3135109,0.38058978,0.71343017,0.0,0.0,0.0,0.28975,0.1383698,0.5431475,0.0,1.3135109,0.0,1.7684035,1.8041482,1.2689164,-0.035744663,10.0,18.477324,21.11111,21.11111,2.0
resstock-amy2018-2021-release-1-285517,0.0,1.1794709,0.0,0.0,0.4036936,0.0,0.0,0.0,0.0,0.0,0.0,0.0,0.0,0.0,0.0,0.0,0.0,0.0,7.999599456787109,0.0,-0.0,0.0,0.0,-0.0,0.0,-0.0,0.0,0.0,0.28783345,0.0,11.057262,0.89163744,0.0,1.1521863,1.5044477,0.43397,0.8174538,0.0,0.0,0.0,0.28845802,0.1383698,0.5433581,0.0,1.5044477,0.0,1.6347659,1.686198,1.1521863,-0.051432114,10.6,18.699879,21.11111,21.11111,2.0
resstock-amy2018-2021-release-1-285517,0.0,0.967245,0.38201082,0.0,0.4379253,0.39440382,0.0,0.0,0.0,0.0,0.0,0.0,0.0,0.0,0.0,0.0,0.0,0.0,7.999599456787109,0.0,-0.0,0.0,0.0,-0.0,0.0,-0.0,0.0,0.0,-0.0,0.0,11.057262,0.967245,0.0,0.8666377,1.6478839,0.50248396,0.9053899,0.0,0.0,0.0,0.3049268,0.1383698,0.5494258,0.0,1.6478839,0.0,1.6478839,1.6989669,0.8666377,-0.051082928,10.6,18.586206,21.11111,21.11111,2.0
resstock-amy2018-2021-release-1-285517,0.0,0.7024666,0.0,0.0,0.31377068,0.0,0.0,0.0,0.0,0.0,0.0,0.0,0.0,0.0,0.0,0.0,0.0,0.0,7.999599456787109,0.0,-0.0,0.0,0.0,-0.0,0.0,-0.0,0.0,0.0,-0.0,0.0,11.057262,0.7024666,0.0,0.7332959,1.0152247,0.31535336,0.561008,0.0,0.0,0.0,0.3106242,0.1383698,0.5525949,0.0,1.0152247,0.0,1.0152247,1.0470666,0.7332959,-0.03184184,11.1,18.389927,21.11111,21.11111,2.0
resstock-amy2018-2021-release-1-285517,0.0,0.6636776,0.3820097,0.0,1.056206,0.39440265,0.0,0.0,0.0,0.0,0.0,0.0,0.0,0.0,0.0,0.0,0.0,0.0,7.999599456787109,0.0,-0.0,0.0,0.0,-0.0,0.0,-0.0,1.6691631,1.6691631,-0.0,0.14922196,11.057262,0.6636776,0.0,0.56046385,2.0019999,0.65039545,1.095486,0.0,0.0,0.0,0.32487288,0.1383698,0.54719585,0.0,2.0019999,0.0,1.2462773,1.2553501,0.56046385,-0.009072835,10.6,18.1748,21.11111,21.11111,2.0
resstock-amy2018-2021-release-1-285517,0.0,0.79816306,0.16856371,0.0,1.0748377,0.17403217,0.0,0.0,0.0,0.0,0.0,0.0,0.0,0.0,0.0,0.0,0.0,0.0,7.999599456787109,0.0,-0.0,0.0,0.0,-0.0,0.0,-0.0,1.5381472,1.5381472,-0.0,0.28543067,11.057262,0.79816306,0.0,0.7749255,2.0237954,0.80461895,1.0987239,0.0,0.0,0.0,0.3975792,0.1383698,0.54290265,0.0,2.0237954,0.0,1.3161588,1.3161588,0.7749255,0.0,10.0,18.377321,21.11111,21.11111,2.0
resstock-amy2018-2021-release-1-285517,0.0,1.0325465,0.20288733,0.0,0.16359296,0.20946929,0.0,0.0,0.0,0.0,0.0,0.0,0.0,0.0,0.0,0.0,0.0,0.0,7.999599456787109,0.0,-0.0,0.0,0.0,-0.0,0.0,-0.0,0.0,0.0,0.671219,0.2215336,11.057262,0.36132753,0.0,0.9325983,1.3056606,0.5398619,0.7006324,0.0,0.0,0.0,0.413478,0.1383698,0.53661144,0.0,1.3056606,0.0,1.6095586,1.6095586,0.9325983,-0.0,10.6,18.822954,21.11111,21.11111,2.0
resstock-amy2018-2021-release-1-285517,0.0,0.9371705,0.18621354,0.0,2.7421581e-08,0.19225457,0.0,0.0,0.0,0.0,0.0,0.0,0.0,0.0,0.0,0.0,0.0,0.0,7.999599456787109,0.0,-0.0,0.0,0.0,-0.0,0.0,-0.0,0.0,0.0,0.93717045,0.13386169,11.057262,5.9604645e-08,0.0,0.8873209,1.0795754,0.45190045,0.5733813,0.0,0.0,0.0,0.4185909,0.1383698,0.53111744,0.0,1.0795754,0.0,1.510728,1.510728,0.8873209,-0.0,10.0,18.911287,20.555555,20.555555,2.0
resstock-amy2018-2021-release-1-285517,0.0,0.7152158,0.41467842,0.0,0.0,0.4281312,0.0,0.0,0.0,0.0,0.0,0.0,0.0,0.0,0.0,0.0,0.0,0.0,7.999599456787109,0.0,-0.0,0.0,0.0,-0.0,0.0,-0.0,0.0,0.0,0.7152158,0.067260355,11.057262,0.0,0.0,0.6338883,1.0620195,0.38897592,0.5604821,0.0,0.0,0.0,0.36626062,0.1383698,0.5277512,0.0,1.0620195,0.0,1.3910601,1.3910601,0.6338883,-0.0,10.0,18.751299,20.0,20.0,2.0
resstock-amy2018-2021-release-1-285517,0.1307262,0.8174702,9.029453,0.0,0.041457918,9.322382,0.0,0.0,0.0,0.0,0.0,0.0,0.0,0.0,0.07042537,0.07042537,0.0,0.007845773,7.999598503112793,0.06276303683940387,-0.0,0.07042537,0.0,-0.0,0.0,-0.0,0.0,0.0,0.72876364,0.0,11.057262,0.08870655,0.0,0.5705516,10.004817,3.2337923,5.272486,0.0,0.0,0.0,0.32322353,0.1383698,0.52699476,0.0,10.004817,0.0,10.274987,10.274987,0.5705516,-0.0,9.4,18.631561,20.0,20.0,2.0
resstock-amy2018-2021-release-1-285517,0.0,0.44788355,0.0,0.0,0.2060523,0.0,0.0,0.0,0.0,0.0,0.0,0.0,0.0,0.0,0.034053374,0.034053374,0.0,0.011613067,7.999598026275635,0.0928998697682939,-0.0,0.034053374,0.0,-0.0,0.0,-0.0,0.0,0.0,-0.0,0.0,11.057262,0.44788355,0.0,0.4145099,0.6546156,0.20048833,0.34443122,0.0,0.0,0.0,0.3062688,0.1383698,0.526158,0.0,0.6546156,0.0,0.6205622,0.6205622,0.4145099,-0.0,10.0,18.086565,19.444445,19.444445,2.0
resstock-amy2018-2021-release-1-285517,0.63565177,0.947915,0.38201106,0.0,0.43609568,0.39440405,0.0,0.0,0.0,0.0,0.0,0.0,0.0,0.0,-0.082704395,0.0,-0.082704395,2.1758931e-05,7.99959659576416,0.00017406267295626797,0.082704395,0.0,0.0,-0.0,0.0,-0.0,0.0,0.0,-0.0,0.0,11.057262,0.947915,0.0,0.30897555,1.0567709,0.32553828,0.55333376,0.0,0.0,0.0,0.30805,0.1383698,0.523608,0.0,1.0567709,0.0,1.1394753,1.1394753,0.30897555,-0.0,10.0,18.235098,17.777779,17.777779,2.0
resstock-amy2018-2021-release-1-285517,0.0,0.8578553,0.0,0.0,0.394663,0.0,0.0,0.0,0.0,0.0,0.0,0.0,0.0,0.0,-0.00015452283,0.0,-0.00015452283,0.0,7.99959659576416,0.0,0.00015452283,0.0,0.0,-0.0,0.0,-0.0,0.0,0.0,-0.0,0.0,11.057262,0.8578553,0.0,0.30805928,0.7025678,0.2034576,0.37646216,0.0,0.0,0.0,0.2895914,0.1383698,0.5358375,0.0,0.7025678,0.0,0.7027223,0.7027223,0.30805928,-0.0,10.0,17.851772,17.777779,17.777779,2.0
resstock-amy2018-2021-release-1-285517,0.0,0.78096366,0.38229713,0.0,2.126918,0.3946994,0.0,0.0,0.0,0.0,0.0,0.0,0.0,0.0,0.94451475,0.94451475,0.0,0.10812052,7.999582290649414,0.8649190241916216,-0.0,0.94451475,0.0,-0.0,0.0,-0.0,3.8421907,3.8421907,-0.0,0.34348902,11.057262,0.78096366,0.0,0.307143,3.7732751,1.050633,1.9464964,0.0,0.0,0.0,0.2784406,0.1383698,0.5158639,0.0,3.7732751,0.0,1.0611308,1.0611308,0.307143,-0.0,10.0,17.537312,17.777779,17.777779,2.0
resstock-amy2018-2021-release-1-285517,0.0,0.7981956,0.0,0.0,1.068391,0.0,0.0,0.0,0.0,0.0,0.0,0.0,0.0,0.0,-0.53454983,0.0,-0.53454983,0.033931337,7.999574184417725,0.2714362498835534,0.53454983,0.0,0.0,-0.0,0.0,-0.0,1.5241019,1.5241019,-0.0,0.47674894,11.057262,0.7981956,0.0,0.30622673,0.84006786,0.22803643,0.42987522,0.0,0.0,0.0,0.27145,0.1383698,0.5117149,0.0,0.84006786,0.0,0.6734428,0.6734428,0.30622673,-0.0,10.0,17.232597,17.777779,17.777779,2.0
resstock-amy2018-2021-release-1-285517,0.0,1.0790489,0.0,0.0,1.6611484,0.0,0.0,0.0,0.0,0.0,0.0,0.0,0.0,0.0,0.6628799,0.6628799,0.0,0.10906842,7.999564170837402,0.8724998528770982,-0.0,0.6628799,0.0,-0.0,0.0,-0.0,2.53169,2.53169,-0.0,0.6989251,11.057262,1.0790489,0.0,0.31262633,2.6366546,0.71571994,1.3539401,0.0,0.0,0.0,0.27145,0.1383698,0.5135068,0.0,2.6366546,0.0,0.80905104,0.80905104,0.31262633,-0.0,10.0,17.199154,17.777779,17.777779,2.0
resstock-amy2018-2021-release-1-285517,0.0,0.86748886,0.0,0.0,1.320431,0.0,0.0,0.0,0.0,0.0,0.0,0.0,0.0,0.0,-0.6240456,0.0,-0.6240456,0.02274483,7.999554634094238,0.18194851581007399,0.6240456,0.0,0.0,-0.0,0.0,-0.0,2.0489452,2.0489452,-0.0,0.87600785,11.057262,0.86748886,0.0,0.36460525,1.0609906,0.29141018,0.5540292,0.0,0.0,0.0,0.2746586,0.1383698,0.5221811,0.0,1.0609906,0.0,0.75736535,0.75736535,0.36460525,-0.0,10.6,16.975946,17.777779,17.777779,2.0
resstock-amy2018-2021-release-1-285517,0.0,1.0185144,0.2592513,0.0,1.5319879,0.26766178,0.0,0.0,0.0,0.0,0.0,0.0,0.0,0.0,-0.10955237,0.0,-0.10955237,0.0073350263,7.999553203582764,0.058676932999073506,0.10955237,0.0,0.0,-0.0,0.0,-0.0,1.4723486,1.4723486,-0.0,1.0,11.057262,1.0185144,0.0,0.4288568,2.1189542,0.5860735,1.1260409,0.0,0.0,0.0,0.2765862,0.1383698,0.53141356,0.0,2.1189542,0.0,1.554725,1.554725,0.4288568,-0.0,10.2,16.939304,17.777779,17.777779,2.0
resstock-amy2018-2021-release-1-285517,0.0,1.3669747,0.0,0.0,1.1829302,0.0,0.0,0.0,0.0,0.0,0.0,0.0,0.0,0.0,-0.052363675,0.0,-0.052363675,5.6619734e-05,7.999552249908447,0.00045293252127587627,0.052363675,0.0,0.0,-0.0,0.0,-0.0,0.09748883,0.09748883,-0.0,1.0,11.057262,1.3669747,0.0,0.7150678,1.8456345,0.5347726,1.0000566,0.0,0.0,0.0,0.28975,0.1383698,0.5418498,0.0,1.8456345,0.0,1.8531476,1.8531476,0.7150678,-0.0,10.0,17.260418,19.75,19.75,2.0
resstock-amy2018-2021-release-1-285517,0.0,2.350247,0.0,0.0,1.7616432,0.0,0.0,0.0,0.0,0.0,0.0,0.0,0.0,0.0,-0.00040830596,0.0,-0.00040830596,0.0,7.999552249908447,0.0,0.00040830596,0.0,0.0,-0.0,0.0,-0.0,0.09748883,0.09748883,-0.0,1.0,11.057262,2.350247,0.0,0.79902035,2.560255,0.75901324,1.3958435,0.0,0.0,0.0,0.29646,0.1383698,0.54519707,0.0,2.560255,0.0,2.5165248,2.5165248,0.79902035,-0.0,10.6,18.248863,19.842592,19.842592,2.0
resstock-amy2018-2021-release-1-285517,0.0,2.1207328,0.0,0.0,0.94097877,0.0,0.0,0.0,0.0,0.0,0.0,0.0,0.0,0.0,0.0,0.0,0.0,0.0,7.999552249908447,0.0,-0.0,0.0,0.0,-0.0,0.0,-0.0,0.0,0.0,0.016945349,0.98973423,11.057262,2.1037874,0.0,1.0022558,1.942454,0.5758599,1.0709832,0.0,0.0,0.0,0.29646,0.1383698,0.5513557,0.0,1.942454,0.0,1.9500333,1.9508139,1.0022558,-0.0007806349,11.05,18.534698,19.444445,19.444445,2.0
resstock-amy2018-2021-release-1-285517,0.0,1.5469996,0.7646155,0.0,0.4409954,0.7894207,0.0,0.0,0.0,0.0,0.0,0.0,0.0,0.0,0.0,0.0,0.0,0.0,7.999552249908447,0.0,-0.0,0.0,0.0,-0.0,0.0,-0.0,0.0,0.0,0.5291974,0.9326924,11.057262,1.0178022,0.0,1.2736433,2.5006762,0.7402522,1.4024001,0.0,0.0,0.0,0.2960208,0.1383698,0.56080836,0.0,2.5006762,0.0,2.7299678,2.7333512,1.2736433,-0.0033834302,12.2,18.435356,19.444445,19.444445,2.0
resstock-amy2018-2021-release-1-285517,0.0,1.3637522,0.0,0.0,0.0,0.0,0.0,0.0,0.0,0.0,0.0,0.0,0.0,0.0,0.0,0.0,0.0,0.0,7.999552249908447,0.0,-0.0,0.0,0.0,-0.0,0.0,-0.0,0.0,0.0,1.3637522,0.79979473,11.057262,0.0,0.0,1.3153263,1.307033,0.3787128,0.7415475,0.0,0.0,0.0,0.28975,0.1383698,0.5673518,0.0,1.307033,0.0,1.8987522,1.9070456,1.3153263,-0.008293397,12.15,18.510862,19.444445,19.444445,2.0
resstock-amy2018-2021-release-1-285517,0.0,1.3672214,0.0,0.0,0.53741693,0.0,0.0,0.0,0.0,0.0,0.0,0.0,0.0,0.0,0.11838928,0.11838928,0.0,0.013209398,7.9995503425598145,0.1056692435325508,-0.0,0.11838928,0.0,-0.0,0.0,-0.0,0.0,0.0,0.13724649,0.7802676,11.057262,1.2299749,0.0,1.2727137,1.917327,0.52045846,1.1034442,0.0,0.0,0.0,0.27145,0.1383698,0.57551175,0.0,1.917327,0.0,1.8589053,1.8700981,1.2727137,-0.0111928405,11.9,18.721302,19.444445,19.444445,2.0
resstock-amy2018-2021-release-1-285517,0.0,1.0365554,0.0,0.0,5.1747968e-08,0.0,0.0,0.0,0.0,0.0,0.0,0.0,0.0,0.0,-0.058404017,0.0,-0.058404017,0.004977796,7.999549388885498,0.03982012676361357,0.058404017,0.0,0.0,-0.0,0.0,-0.0,0.0,0.0,1.0365553,0.6786334,11.057262,1.1920929e-07,0.0,1.2689164,1.1977688,0.33974713,0.69963396,0.0,0.0,0.0,0.28365,0.1383698,0.5841144,0.0,1.1977688,0.0,1.7061347,1.7188783,1.2689164,-0.012743604,12.133333,18.677937,19.444445,19.444445,2.0
resstock-amy2018-2021-release-1-285517,0.0,0.93161035,0.0,0.0,0.1532091,0.0,0.0,0.0,0.0,0.0,0.0,0.0,0.0,0.0,-0.03547782,0.0,-0.03547782,3.9314407e-05,7.99954891204834,0.0003144975243957529,0.03547782,0.0,0.0,-0.0,0.0,-0.0,0.0,0.0,0.5695334,0.62061256,11.057262,0.36207694,0.0,1.0492793,1.1531699,0.31640324,0.68641484,0.0,0.0,0.0,0.27437696,0.1383698,0.5952417,0.0,1.1531699,0.0,1.4296398,1.4434805,1.0492793,-0.013840717,13.033334,18.656029,19.444445,19.444445,2.0
resstock-amy2018-2021-release-1-285517,0.0,0.9510126,0.0,0.0,0.5906168,0.0,0.0,0.0,0.0,0.0,0.0,0.0,0.0,0.0,-0.0002809702,0.0,-0.0002809702,0.0,7.99954891204834,0.0,0.0002809702,0.0,0.0,-0.0,0.0,-0.0,0.491103,0.491103,-0.0,0.6591079,11.057262,0.9510126,0.0,0.96704596,1.5383819,0.44574618,0.930358,0.0,0.0,0.0,0.28975,0.1383698,0.604764,0.0,1.5383819,0.0,1.3375323,1.3565321,0.96704596,-0.018999863,14.15,18.729216,19.444445,19.444445,2.0
resstock-amy2018-2021-release-1-285517,0.0,1.012912,0.0,0.0,0.3604027,0.0,0.0,0.0,0.0,0.0,0.0,0.0,0.0,0.0,0.0,0.0,0.0,0.0,7.99954891204834,0.0,-0.0,0.0,0.0,-0.0,0.0,-0.0,0.0,0.0,0.13160338,0.6413232,11.057262,0.8813087,0.0,0.9525626,1.2840734,0.39145437,0.7818269,0.0,0.0,0.0,0.3048536,0.1383698,0.60886467,0.0,1.2840734,0.0,1.3378913,1.3667834,0.9525626,-0.02889198,14.2,18.982828,19.444445,19.444445,2.0
resstock-amy2018-2021-release-1-285517,0.0,1.0662159,0.7597414,0.0,0.0,0.78438854,0.0,0.0,0.0,0.0,0.0,0.0,0.0,0.0,0.0,0.0,0.0,0.0,7.99954891204834,0.0,-0.0,0.0,0.0,-0.0,0.0,-0.0,0.0,0.0,1.066216,0.5381864,11.057262,0.0,0.0,0.8109583,1.5780725,0.48033023,0.96723926,0.0,0.0,0.0,0.3043778,0.1383698,0.61292446,0.0,1.5780725,0.0,2.0325184,2.0497928,0.8109583,-0.01727435,12.78,19.187143,19.444445,19.444445,2.0
resstock-amy2018-2021-release-1-285517,0.0,0.9229126,0.0,0.0,2.4374746e-08,0.0,0.0,0.0,0.0,0.0,0.0,0.0,0.0,0.0,0.0,0.0,0.0,0.0,7.99954891204834,0.0,-0.0,0.0,0.0,-0.0,0.0,-0.0,0.0,0.0,0.92291254,0.44905916,11.057262,5.9604645e-08,0.0,0.9315348,0.9315348,0.2849023,0.5692968,0.0,0.0,0.0,0.3058418,0.1383698,0.61113846,0.0,0.9315348,0.0,1.308951,1.308951,0.9315348,0.0,14.2,19.368904,19.976852,19.976852,2.0
resstock-amy2018-2021-release-1-285517,0.0,1.1163158,0.0,0.0,0.0,0.0,0.0,0.0,0.0,0.0,0.0,0.0,0.0,0.0,0.0,0.0,0.0,0.0,7.99954891204834,0.0,-0.0,0.0,0.0,-0.0,0.0,-0.0,0.0,0.0,1.1163158,0.34301436,11.057262,0.0,0.0,0.75185907,0.75185907,0.23332548,0.45315835,0.0,0.0,0.0,0.3103314,0.1383698,0.60271716,0.0,0.75185907,0.0,1.2090449,1.2090449,0.75185907,-0.0,14.15,19.620823,20.87963,20.87963,2.0
resstock-amy2018-2021-release-1-285517,0.0,1.4950719,0.0,0.0,0.015217861,0.0,0.0,0.0,0.0,0.0,0.0,0.0,0.0,0.0,0.0,0.0,0.0,0.0,7.99954891204834,0.0,-0.0,0.0,0.0,-0.0,0.0,-0.0,0.0,0.0,1.4581883,0.20661604,11.057262,0.036883593,0.0,1.0069677,1.0221856,0.3217182,0.6145492,0.0,0.0,0.0,0.3147356,0.1383698,0.601211,0.0,1.0221856,0.0,1.6238217,1.6238217,1.0069677,-0.0,13.9,20.206264,20.0,20.0,2.0
resstock-amy2018-2021-release-1-285517,0.0,1.0723579,0.113128334,0.0,0.0,0.11679838,0.0,0.0,0.0,0.0,0.0,0.0,0.0,0.0,0.0,0.0,0.0,0.0,7.99954891204834,0.0,-0.0,0.0,0.0,-0.0,0.0,-0.0,0.0,0.0,1.0723579,0.10670591,11.057262,0.0,0.0,0.9165529,1.0333513,0.31902984,0.6217771,0.0,0.0,0.0,0.3087332,0.1383698,0.6017093,0.0,1.0333513,0.0,1.4757972,1.4757972,0.9165529,-0.0,13.9,20.031555,20.0,20.0,2.0
resstock-amy2018-2021-release-1-285517,0.0,0.77348363,1.3729888,0.0,0.0,1.4175305,0.0,0.0,0.0,0.0,0.0,0.0,0.0,0.0,0.0,0.0,0.0,0.0,7.99954891204834,0.0,-0.0,0.0,0.0,-0.0,0.0,-0.0,0.0,0.0,0.77348363,0.03501036,11.057262,0.0,0.0,0.8532162,2.2707467,0.6731856,1.3647597,0.0,0.0,0.0,0.29646,0.1383698,0.601018,0.0,2.2707467,0.0,2.5895658,2.5895658,0.8532162,-0.0,13.933333,19.764612,20.555555,20.555555,2.0
resstock-amy2018-2021-release-1-285517,0.0,0.51532876,0.0,0.0,0.056109462,0.0,0.0,0.0,0.0,0.0,0.0,0.0,0.0,0.0,0.6949692,0.6949692,0.0,0.07895211,7.999538421630859,0.6315804478436746,-0.0,0.6949692,0.0,-0.0,0.0,-0.0,0.0,0.0,0.37933603,0.0,11.057262,0.13599274,0.0,0.4145099,1.1655885,0.31612882,0.69085175,0.0,0.0,0.0,0.2712182,0.1383698,0.5927064,0.0,1.1655885,0.0,0.62713015,0.62713015,0.4145099,-0.0,13.9,19.347145,20.0,20.0,2.0
resstock-amy2018-2021-release-1-285517,0.0,0.5329359,0.0,0.0,1.0485909,0.0,0.0,0.0,0.0,0.0,0.0,0.0,0.0,0.0,0.55197436,0.55197436,0.0,0.14116165,7.999529838562012,1.129226834589332,-0.0,0.55197436,0.0,-0.0,0.0,-0.0,2.017944,2.017944,-0.0,0.18040271,11.057262,0.5329359,0.0,0.30897555,1.9095409,0.50902635,1.1464955,0.0,0.0,0.0,0.26657,0.1383698,0.6004037,0.0,1.9095409,0.0,0.5280497,0.5280497,0.30897555,-0.0,14.025,19.11602,19.444445,19.444445,2.0
resstock-amy2018-2021-release-1-285517,0.84047294,0.49080127,0.0,0.0,0.10812562,0.0,0.0,0.0,0.0,0.0,0.0,0.0,0.0,0.0,0.62967145,0.62967145,0.0,0.21215564,7.999520301818848,1.697143350327508,-0.0,0.62967145,0.0,-0.0,0.0,-0.0,0.0,0.0,0.22873676,0.15790345,11.057262,0.26206452,0.0,0.30805928,1.0458564,0.30261582,0.6102201,0.0,0.0,0.0,0.2893474,0.1383698,0.5834645,0.0,1.0458564,0.0,0.5105598,0.5105598,0.30805928,-0.0,13.9,18.777687,17.777779,17.777779,2.0
resstock-amy2018-2021-release-1-285517,0.107042044,0.4642167,0.0,0.0,1.3105051e-08,0.0,0.0,0.0,0.0,0.0,0.0,0.0,0.0,0.0,-0.021873735,0.0,-0.021873735,0.20848726,7.9995198249816895,1.6677979485186754,0.021873735,0.0,0.0,-0.0,0.0,-0.0,0.0,0.0,0.46421668,0.11405635,11.057262,2.9802322e-08,0.0,0.307143,0.28526926,0.07743634,0.1769013,0.0,0.0,0.0,0.27145,0.1383698,0.6201204,0.0,0.28526926,0.0,0.5112742,0.5112742,0.307143,-0.0,11.67,18.339891,17.777779,17.777779,2.0
resstock-amy2018-2021-release-1-285517,0.0,0.60306084,0.0,0.0,0.7250509,0.0,0.0,0.0,0.0,0.0,0.0,0.0,0.0,0.0,-0.0495257,0.0,-0.0495257,0.20095102,7.999518871307373,1.6075115158156805,0.0495257,0.0,0.0,-0.0,0.0,-0.0,1.0886267,1.0886267,-0.0,0.21038473,11.057262,0.60306084,0.0,0.30622673,0.981752,0.21978481,0.6200473,0.0,0.0,0.0,0.22387,0.1383698,0.6315722,0.0,0.981752,0.0,0.5646964,0.5646964,0.30622673,-0.0,12.585,18.081837,17.777779,17.777779,2.0
resstock-amy2018-2021-release-1-285517,0.0,0.877676,0.0,0.0,0.8784587,0.0,0.0,0.0,0.0,0.0,0.0,0.0,0.0,0.0,-0.72441846,0.0,-0.72441846,0.100841835,7.999507904052734,0.8066850572710678,0.72441846,0.0,0.0,-0.0,0.0,-0.0,1.2266186,1.2266186,-0.0,0.31820995,11.057262,0.877676,0.0,0.31262633,0.46666652,0.08966997,0.30074096,0.0,0.0,0.0,0.19215,0.1383698,0.6444451,0.0,0.46666652,0.0,0.6790208,0.6790208,0.31262633,-0.0,13.5,18.061075,17.777779,17.777779,2.0
resstock-amy2018-2021-release-1-285517,0.0,1.1445496,0.0,0.0,1.1472926,0.0,0.0,0.0,0.0,0.0,0.0,0.0,0.0,0.0,-0.35786092,0.0,-0.35786092,0.050821807,7.999502658843994,0.40654918210747404,0.35786092,0.0,0.0,-0.0,0.0,-0.0,1.548755,1.548755,-0.0,0.45389417,11.057262,1.1445496,0.0,0.34097353,1.1304052,0.20163737,0.7424167,0.0,0.0,0.0,0.1783762,0.1383698,0.6567704,0.0,1.1304052,0.0,0.82852817,0.82852817,0.34097353,-0.0,12.8,18.161535,19.50926,19.50926,2.0
resstock-amy2018-2021-release-1-285517,0.0,1.3243722,0.0,0.0,0.0,0.0,0.0,0.0,0.0,0.0,0.0,0.0,0.0,0.0,0.118906185,0.118906185,0.0,0.06394639,7.999500751495361,0.5115391841559749,-0.0,0.118906185,0.0,-0.0,0.0,-0.0,0.0,0.0,1.3243722,0.32877225,11.057262,0.0,0.0,0.39218462,0.5110908,0.114417896,0.33352602,0.0,0.0,0.0,0.22387,0.1383698,0.6525768,0.0,0.5110908,0.0,0.9563401,0.9563401,0.39218462,-0.0,12.8,18.328682,20.0,20.0,2.0
resstock-amy2018-2021-release-1-285517,0.0,1.0038459,0.0,0.0,5.0780717e-08,0.0,0.0,0.0,0.0,0.0,0.0,0.0,0.0,0.0,0.7137291,0.7137291,0.0,0.14489685,7.999489784240723,1.159100871262794,-0.0,0.7137291,0.0,-0.0,0.0,-0.0,0.0,0.0,1.0038458,0.23406559,11.057262,1.1920929e-07,0.0,0.504495,1.2182242,0.31663722,0.7790713,0.0,0.0,0.0,0.25991705,0.1383698,0.6395139,0.0,1.2182242,0.0,0.9321129,0.9321129,0.504495,-0.0,12.8,18.290855,20.356482,20.356482,2.0
resstock-amy2018-2021-release-1-285517,0.42153683,0.7012243,4.0130577,0.0,2.5825619e-08,4.143247,0.0,0.0,0.0,0.0,0.0,0.0,0.0,0.0,0.00966368,0.00966368,0.0,0.14556445,7.999489784240723,1.1644413452322766,-0.0,0.00966368,0.0,-0.0,0.0,-0.0,0.0,0.0,0.70122427,0.16787103,11.057262,5.9604645e-08,0.0,0.8945256,5.047436,1.5904552,3.2011335,0.0,0.0,0.0,0.3151016,0.1383698,0.6342098,0.0,5.047436,0.0,5.3416004,5.3416004,0.8945256,-0.0,12.2,18.23674,19.699074,19.699074,2.0
resstock-amy2018-2021-release-1-285517,0.0,0.7442816,0.0,0.0,0.224761,0.0,0.0,0.0,0.0,0.0,0.0,0.0,0.0,0.0,-0.77350557,0.0,-0.77350557,0.03902511,7.999477863311768,0.3121804976488871,0.77350557,0.0,0.0,-0.0,0.0,-0.0,0.0,0.0,0.2166483,0.14658694,11.057262,0.5276333,0.0,1.2036456,0.63916385,0.20859112,0.410295,0.0,0.0,0.0,0.32635,0.1383698,0.6419246,0.0,0.63916385,0.0,1.5049572,1.5206944,1.2036456,-0.015737185,12.8,18.390408,19.444445,19.444445,2.0
resstock-amy2018-2021-release-1-285517,0.0,0.51385367,0.0,0.0,2.4592376e-08,0.0,0.0,0.0,0.0,0.0,0.0,0.0,0.0,0.0,-0.06798586,0.0,-0.06798586,0.02937953,7.999476909637451,0.23502087087904133,0.06798586,0.0,0.0,-0.0,0.0,-0.0,0.0,0.0,0.5138536,0.098297216,11.057262,5.9604645e-08,0.0,1.4764335,1.3655057,0.44295064,0.87938654,0.0,0.0,0.0,0.3243858,0.1383698,0.64400065,0.0,1.3655057,0.0,1.6455033,1.6884452,1.4764335,-0.042941917,13.9,18.556725,19.444445,19.444445,2.0
resstock-amy2018-2021-release-1-285517,0.0,0.51853114,1.1478026,0.0,0.006083121,1.1850389,0.0,0.0,0.0,0.0,0.0,0.0,0.0,0.0,-0.2094583,0.0,-0.2094583,0.0002587551,7.999473571777344,0.0020699046917163066,0.2094583,0.0,0.0,-0.0,0.0,-0.0,0.0,0.0,0.50378746,0.051349297,11.057262,0.014743686,0.0,1.515525,2.4317472,0.7687674,1.564921,0.0,0.0,0.0,0.31613788,0.1383698,0.6435377,0.0,2.4317472,0.0,2.8490639,2.9145052,1.515525,-0.06544148,13.9,18.75175,19.444445,19.444445,2.0
resstock-amy2018-2021-release-1-285517,0.0,0.49843544,0.38260588,0.0,0.0,0.39501816,0.0,0.0,0.0,0.0,0.0,0.0,0.0,0.0,-0.0018629327,0.0,-0.0018629327,0.0,7.999473571777344,0.0,0.0018629327,0.0,0.0,-0.0,0.0,-0.0,0.0,0.0,0.49843544,0.0053002024,11.057262,0.0,0.0,1.2727137,1.5979729,0.49392885,1.0333718,0.0,0.0,0.0,0.30909714,0.1383698,0.6466767,0.0,1.5979729,0.0,1.8054861,1.8733822,1.2727137,-0.06789615,13.9,18.677586,19.444445,19.444445,2.0
resstock-amy2018-2021-release-1-285517,0.0,0.59205043,0.0,0.0,0.22058092,0.0,0.0,0.0,0.0,0.0,0.0,0.0,0.0,0.0,0.0,0.0,0.0,0.0,7.999473571777344,0.0,-0.0,0.0,0.0,-0.0,0.0,-0.0,0.0,0.0,0.05742751,0.0,11.057262,0.5346229,0.0,1.1658485,1.3512267,0.40496966,0.8742303,0.0,0.0,0.0,0.2997052,0.1383698,0.6469901,0.0,1.3512267,0.0,1.3749208,1.4101236,1.1658485,-0.03520275,13.9,18.702633,19.444445,19.444445,2.0
resstock-amy2018-2021-release-1-285517,0.0,0.5240271,0.0,0.0,0.5802595,0.0,0.0,0.0,0.0,0.0,0.0,0.0,0.0,0.0,0.0,0.0,0.0,0.0,7.999473571777344,0.0,-0.0,0.0,0.0,-0.0,0.0,-0.0,0.89279884,0.89279884,-0.0,0.07981555,11.057262,0.5240271,0.0,1.0492793,1.539145,0.46244097,0.99354523,0.0,0.0,0.0,0.30045316,0.1383698,0.64551765,0.0,1.539145,0.0,1.1735002,1.263894,1.0492793,-0.09039381,14.15,18.648802,19.444445,19.444445,2.0
resstock-amy2018-2021-release-1-285517,0.0,0.52365875,0.38260692,0.0,0.29412803,0.39501926,0.0,0.0,0.0,0.0,0.0,0.0,0.0,0.0,0.3252849,0.3252849,0.0,0.036532205,7.999468803405762,0.29223823100284463,-0.0,0.3252849,0.0,-0.0,0.0,-0.0,0.17682272,0.17682272,-0.0,0.09492775,11.057262,0.52365875,0.0,0.96704596,1.893772,0.58057624,1.2201284,0.0,0.0,0.0,0.30657133,0.1383698,0.6442847,0.0,1.893772,0.0,1.4942403,1.5819465,0.96704596,-0.08770618,13.3,18.634228,19.444445,19.444445,2.0
resstock-amy2018-2021-release-1-285517,0.0,0.5027334,0.0,0.0,0.04197471,0.0,0.0,0.0,0.0,0.0,0.0,0.0,0.0,0.0,-0.18603578,0.0,-0.18603578,0.0104332445,7.9994659423828125,0.08346038419777813,0.18603578,0.0,0.0,-0.0,0.0,-0.0,0.0,0.0,0.40320116,0.05721178,11.057262,0.09953225,0.0,0.84292924,0.6733365,0.20965458,0.43217,0.0,0.0,0.0,0.31136674,0.1383698,0.6418336,0.0,0.6733365,0.0,1.0294101,1.0549418,0.84292924,-0.02553164,13.15,18.688154,19.444445,19.444445,2.0
resstock-amy2018-2021-release-1-285517,0.0,0.5648852,1.4649525,0.0,0.85584146,1.5124776,0.0,0.0,0.0,0.0,0.0,0.0,0.0,0.0,-0.07447486,0.0,-0.07447486,0.0,7.999464988708496,0.0,0.07447486,0.0,0.0,-0.0,0.0,-0.0,1.4442289,1.4442289,-0.0,0.18582615,11.057262,0.5648852,0.0,0.6857111,2.9460988,0.9228826,1.8791589,0.0,0.0,0.0,0.31325582,0.1383698,0.6378465,0.0,2.9460988,0.0,2.4053617,2.4388182,0.6857111,-0.033456568,12.8,18.843874,19.444445,19.444445,2.0
resstock-amy2018-2021-release-1-285517,0.0,0.66312206,1.4126925,0.0,0.23382318,1.4585223,0.0,0.0,0.0,0.0,0.0,0.0,0.0,0.0,0.0,0.0,0.0,0.0,7.999464988708496,0.0,-0.0,0.0,0.0,-0.0,0.0,-0.0,0.0,0.0,0.12497784,0.17277244,11.057262,0.53814423,0.0,0.7749255,2.4672709,0.7752597,1.5592053,0.0,0.0,0.0,0.3142175,0.1383698,0.63195544,0.0,2.4672709,0.0,2.5215735,2.5215735,0.7749255,0.0,12.1,19.15427,19.833334,19.833334,2.0
resstock-amy2018-2021-release-1-285517,0.0,0.6984668,1.9019705,0.0,0.42974192,1.9636732,0.0,0.0,0.0,0.0,0.0,0.0,0.0,0.0,0.0,0.0,0.0,0.0,7.999464988708496,0.0,-0.0,0.0,0.0,-0.0,0.0,-0.0,0.2933629,0.2933629,-0.0,0.19749308,11.057262,0.6984668,0.0,0.75185907,3.1452742,0.97651714,1.9375689,0.0,0.0,0.0,0.31047124,0.1383698,0.61602545,0.0,3.1452742,0.0,3.0181653,3.0181653,0.75185907,-0.0,12.2,19.330261,21.11111,21.11111,2.0
resstock-amy2018-2021-release-1-285517,0.0,1.0660542,2.296444,0.0,0.24307908,2.370944,0.0,0.0,0.0,0.0,0.0,0.0,0.0,0.0,0.0,0.0,0.0,0.0,7.999464988708496,0.0,-0.0,0.0,0.0,-0.0,0.0,-0.0,0.0,0.0,0.51280636,0.1488555,11.057262,0.55324787,0.0,0.8873209,3.501344,1.0832113,2.0904565,0.0,0.0,0.0,0.30937016,0.1383698,0.59704405,0.0,3.501344,0.0,3.7266543,3.7266543,0.8873209,-0.0,11.7,19.810106,21.98611,21.98611,2.0
resstock-amy2018-2021-release-1-285517,0.0,1.6456511,0.0,0.0,0.6143215,0.0,0.0,0.0,0.0,0.0,0.0,0.0,0.0,0.0,0.0,0.0,0.0,0.0,7.999464988708496,0.0,-0.0,0.0,0.0,-0.0,0.0,-0.0,0.0,0.0,0.2703144,0.12282728,11.057262,1.3753366,0.0,0.7899379,1.4042594,0.42271549,0.813838,0.0,0.0,0.0,0.30102378,0.1383698,0.5795496,0.0,1.4042594,0.0,1.5250007,1.5250007,0.7899379,-0.0,11.1,20.396496,22.222221,22.222221,2.0
resstock-amy2018-2021-release-1-285517,0.0,1.5822816,0.7651966,0.0,1.2500458,0.7900207,0.0,0.0,0.0,0.0,0.0,0.0,0.0,0.0,0.0,0.0,0.0,0.0,7.999464988708496,0.0,-0.0,0.0,0.0,-0.0,0.0,-0.0,1.1786926,1.1786926,-0.0,0.22713104,11.057262,1.5822816,0.0,0.69904894,2.7391155,0.7425407,1.528761,0.0,0.0,0.0,0.27108777,0.1383698,0.55812216,0.0,2.7391155,0.0,2.2054563,2.2054563,0.69904894,-0.0,10.6,20.345581,22.222221,22.222221,2.0
resstock-amy2018-2021-release-1-285517,0.0,2.3655586,0.0,0.0,1.0258855,0.0,0.0,0.0,0.0,0.0,0.0,0.0,0.0,0.0,0.0,0.0,0.0,0.0,7.999464988708496,0.0,-0.0,0.0,0.0,-0.0,0.0,-0.0,0.0,0.0,0.06881674,0.2188555,11.057262,2.296742,0.0,0.620081,1.6459665,0.41457474,0.8807795,0.0,0.0,0.0,0.25187314,0.1383698,0.5351139,0.0,1.6459665,0.0,1.6767049,1.6767049,0.620081,-0.0,11.1,21.016907,21.666666,21.666666,2.0
resstock-amy2018-2021-release-1-285517,0.0,1.5271101,0.0,0.0,0.40539664,0.0,0.0,0.0,0.0,0.0,0.0,0.0,0.0,0.0,0.0,0.0,0.0,0.0,7.999464988708496,0.0,-0.0,0.0,0.0,-0.0,0.0,-0.0,0.0,0.0,0.64592373,0.1578529,11.057262,0.88118637,0.0,0.42256966,0.82796633,0.18133284,0.42044726,0.0,0.0,0.0,0.21900992,0.1383698,0.5078072,0.0,0.82796633,0.0,1.1251285,1.1251285,0.42256966,-0.0,10.0,20.22808,21.11111,21.11111,2.0
resstock-amy2018-2021-release-1-285517,0.0,1.5846812,0.0,0.0,0.20181724,0.0,0.0,0.0,0.0,0.0,0.0,0.0,0.0,0.0,0.0,0.0,0.0,0.0,7.999464988708496,0.0,-0.0,0.0,0.0,-0.0,0.0,-0.0,0.0,0.0,1.1460031,0.051629994,11.057262,0.43867803,0.0,0.3483989,0.55021614,0.11840895,0.28509724,0.0,0.0,0.0,0.21520443,0.1383698,0.518155,0.0,0.55021614,0.0,1.0774438,1.0774438,0.3483989,-0.0,10.0,20.113085,20.555555,20.555555,2.0
resstock-amy2018-2021-release-1-285517,0.0,0.7342322,0.0,0.0,0.520191,0.0,0.0,0.0,0.0,0.0,0.0,0.0,0.0,0.0,0.0,0.0,0.0,0.0,7.999464988708496,0.0,-0.0,0.0,0.0,-0.0,0.0,-0.0,0.37880856,0.37880856,-0.0,0.085045226,11.057262,0.7342322,0.0,0.307143,0.82733405,0.16728763,0.39149776,0.0,0.0,0.0,0.20220083,0.1383698,0.473204,0.0,0.82733405,0.0,0.650294,0.650294,0.307143,-0.0,9.4,19.078224,20.555555,20.555555,2.0
resstock-amy2018-2021-release-1-285517,0.0,0.7537521,0.0,0.0,0.0,0.0,0.0,0.0,0.0,0.0,0.0,0.0,0.0,0.0,0.0,0.0,0.0,0.0,7.999464988708496,0.0,-0.0,0.0,0.0,-0.0,0.0,-0.0,0.0,0.0,0.7537521,0.015343684,11.057262,0.0,0.0,0.30622673,0.30622673,0.059807193,0.14396244,0.0,0.0,0.0,0.19530363,0.1383698,0.47011718,0.0,0.30622673,0.0,0.66308737,0.66308737,0.30622673,-0.0,8.9,18.528805,20.0,20.0,2.0
resstock-amy2018-2021-release-1-285517,0.0,0.7720845,0.0,0.0,0.29125467,0.0,0.0,0.0,0.0,0.0,0.0,0.0,0.0,0.0,0.0,0.0,0.0,0.0,7.999464988708496,0.0,-0.0,0.0,0.0,-0.0,0.0,-0.0,0.0,0.0,0.16624828,0.0,11.057262,0.6058362,0.0,0.31262633,0.603881,0.11225979,0.27822253,0.0,0.0,0.0,0.1858972,0.1383698,0.4607241,0.0,0.603881,0.0,0.6838046,0.6838046,0.31262633,-0.0,8.3,18.09228,20.0,20.0,2.0
resstock-amy2018-2021-release-1-285517,0.0,0.88049984,0.0,0.0,0.4318718,0.0,0.0,0.0,0.0,0.0,0.0,0.0,0.0,0.0,0.0,0.0,0.0,0.0,7.999464988708496,0.0,-0.0,0.0,0.0,-0.0,0.0,-0.0,0.0,0.0,-0.0,0.0,11.057262,0.88049984,0.0,0.34097353,0.7728453,0.15767507,0.37102553,0.0,0.0,0.0,0.20401892,0.1383698,0.48007736,0.0,0.7728453,0.0,0.7728453,0.7728453,0.34097353,-0.0,7.5,17.767527,18.689816,18.689816,2.0
resstock-amy2018-2021-release-1-285517,0.0,1.2733364,0.0,0.0,0.9395648,0.0,0.0,0.0,0.0,0.0,0.0,0.0,0.0,0.0,0.0,0.0,0.0,0.0,7.999464988708496,0.0,-0.0,0.0,0.0,-0.0,0.0,-0.0,0.6049612,0.6049612,-0.0,0.054083087,11.057262,1.2733364,0.0,0.39218462,1.3317494,0.2942472,0.7005246,0.0,0.0,0.0,0.22094788,0.1383698,0.5260183,0.0,1.3317494,0.0,1.0291349,1.0291349,0.39218462,-0.0,6.7,17.772629,18.88889,18.88889,2.0
resstock-amy2018-2021-release-1-285517,0.0,0.76442575,10.636056,0.0,0.08578344,10.981105,0.0,0.0,0.0,0.0,0.0,0.0,0.0,0.0,0.32810742,0.32810742,0.0,0.036852464,7.999460220336914,0.29479982042821007,-0.0,0.32810742,0.0,-0.0,0.0,-0.0,0.0,0.0,0.5859884,0.0,11.057262,0.17843735,0.0,0.574686,11.969682,3.633871,6.428967,0.0,0.0,0.0,0.3035896,0.1383698,0.53710425,0.0,11.969682,0.0,11.923287,11.923287,0.574686,-0.0,8.3,17.527071,20.925926,20.925926,2.0
resstock-amy2018-2021-release-1-285517,0.0,0.6413413,0.0,0.0,0.2903707,0.0,0.0,0.0,0.0,0.0,0.0,0.0,0.0,0.0,-0.26490918,0.0,-0.26490918,0.00023087996,7.999456405639648,0.0018469141702961989,0.26490918,0.0,0.0,-0.0,0.0,-0.0,0.0,0.0,-0.0,0.0,11.057262,0.6413413,0.0,0.7035151,0.7289766,0.22891544,0.40389225,0.0,0.0,0.0,0.31402302,0.1383698,0.5540538,0.0,0.7289766,0.0,0.99388576,0.99388576,0.7035151,-0.0,10.6,17.284971,19.86574,19.86574,2.0
resstock-amy2018-2021-release-1-285517,0.0,0.7870368,0.72938234,0.0,0.3457983,0.75304455,0.0,0.0,0.0,0.0,0.0,0.0,0.0,0.0,0.32724005,0.32724005,0.0,0.036984276,7.999451637268066,0.29585392741325833,-0.0,0.32724005,0.0,-0.0,0.0,-0.0,0.0,0.0,-0.0,0.0,11.057262,0.7870368,0.0,1.0022558,2.413795,0.87030995,1.3289253,0.0,0.0,0.0,0.3605567,0.1383698,0.55055434,0.0,2.413795,0.0,2.086555,2.1010988,1.0022558,-0.014543723,11.7,17.435081,19.444445,19.444445,2.0
resstock-amy2018-2021-release-1-285517,0.0,0.646992,0.0,0.0,0.28033,0.0,0.0,0.0,0.0,0.0,0.0,0.0,0.0,0.0,-0.2651137,0.0,-0.2651137,0.0,7.999447822570801,0.0,0.2651137,0.0,0.0,-0.0,0.0,-0.0,0.0,0.0,-0.0,0.0,11.057262,0.646992,0.0,1.3750384,1.3498384,0.47027564,0.73933053,0.0,0.0,0.0,0.34839404,0.1383698,0.5477178,0.0,1.3498384,0.0,1.6149521,1.6553683,1.3750384,-0.040416252,12.2,17.709217,19.444445,19.444445,2.0
resstock-amy2018-2021-release-1-285517,0.0,0.94717133,0.0,0.0,0.8116211,0.0,0.0,0.0,0.0,0.0,0.0,0.0,0.0,0.0,0.0,0.0,0.0,0.0,7.999447822570801,0.0,-0.0,0.0,0.0,-0.0,0.0,-0.0,0.9260224,0.9260224,-0.0,0.08278572,11.057262,0.94717133,0.0,1.4154257,2.1665864,0.66388327,1.2217065,0.0,0.0,0.0,0.30641901,0.1383698,0.56388545,0.0,2.1665864,0.0,1.7653575,1.8258178,1.4154257,-0.06046037,12.2,18.117699,19.444445,19.444445,2.0
resstock-amy2018-2021-release-1-285517,0.0,0.8273902,0.0,0.0,0.79293096,0.0,0.0,0.0,0.0,0.0,0.0,0.0,0.0,0.0,0.0,0.0,0.0,0.0,7.999447822570801,0.0,-0.0,0.0,0.0,-0.0,0.0,-0.0,1.0026673,1.0026673,-0.0,0.17170192,11.057262,0.8273902,0.0,1.2727137,2.01099,0.5984876,1.1231714,0.0,0.0,0.0,0.29760846,0.1383698,0.5585167,0.0,2.01099,0.0,1.5765522,1.6312069,1.2727137,-0.054654725,12.2,18.250206,19.444445,19.444445,2.0
resstock-amy2018-2021-release-1-285517,0.0,0.7860675,0.7657786,0.0,0.47664455,0.7906216,0.0,0.0,0.0,0.0,0.0,0.0,0.0,0.0,0.0,0.0,0.0,0.0,7.999447822570801,0.0,-0.0,0.0,0.0,-0.0,0.0,-0.0,0.2987753,0.2987753,-0.0,0.19691578,11.057262,0.7860675,0.0,1.1658485,2.3689163,0.6802489,1.2634517,0.0,0.0,0.0,0.28715616,0.1383698,0.5333459,0.0,2.3689163,0.0,2.2376442,2.3018427,1.1658485,-0.06419838,11.7,18.164959,19.444445,19.444445,2.0
resstock-amy2018-2021-release-1-285517,0.0,0.8613832,0.0,0.0,0.29374602,0.0,0.0,0.0,0.0,0.0,0.0,0.0,0.0,0.0,0.0,0.0,0.0,0.0,7.999447822570801,0.0,-0.0,0.0,0.0,-0.0,0.0,-0.0,0.0,0.0,0.20419523,0.17651787,11.057262,0.65718794,0.0,0.9463724,1.1558977,0.33071637,0.6046209,0.0,0.0,0.0,0.28611213,0.1383698,0.5230747,0.0,1.1558977,0.0,1.2471677,1.3313884,0.9463724,-0.08422062,11.075,18.17651,19.444445,19.444445,2.0
resstock-amy2018-2021-release-1-285517,0.0,1.025471,0.0,0.0,0.6956979,0.0,0.0,0.0,0.0,0.0,0.0,0.0,0.0,0.0,0.0,0.0,0.0,0.0,7.999447822570801,0.0,-0.0,0.0,0.0,-0.0,0.0,-0.0,0.568979,0.568979,-0.0,0.22584575,11.057262,1.025471,0.0,0.96704596,1.5896816,0.4671126,0.8123002,0.0,0.0,0.0,0.29384035,0.1383698,0.51098293,0.0,1.5896816,0.0,1.3414221,1.4144843,0.96704596,-0.07306213,11.95,18.515724,19.444445,19.444445,2.0
resstock-amy2018-2021-release-1-285517,0.0,1.0531254,0.082031496,0.0,0.0,0.08469272,0.0,0.0,0.0,0.0,0.0,0.0,0.0,0.0,0.0,0.0,0.0,0.0,7.999447822570801,0.0,-0.0,0.0,0.0,-0.0,0.0,-0.0,0.0,0.0,1.0531254,0.12752761,11.057262,0.0,0.0,0.9525626,0.91069883,0.2819573,0.45134655,0.0,0.0,0.0,0.30960542,0.1383698,0.4956046,0.0,0.91069883,0.0,1.3529,1.4794564,0.9525626,-0.12655646,13.3,19.035942,19.444445,19.444445,2.0
resstock-amy2018-2021-release-1-285517,0.0,1.1272656,0.19472785,0.0,0.92654574,0.20104511,0.0,0.0,0.0,0.0,0.0,0.0,0.0,0.0,0.0,0.0,0.0,0.0,7.999447822570801,0.0,-0.0,0.0,0.0,-0.0,0.0,-0.0,1.0478289,1.0478289,-0.0,0.22009128,11.057262,1.1272656,0.0,1.0936229,2.1823642,0.7006774,1.1039399,0.0,0.0,0.0,0.32106346,0.1383698,0.50584584,0.0,2.1823642,0.0,1.7360106,1.7748601,1.0936229,-0.0388496,12.8,19.576412,19.444445,19.444445,2.0
resstock-amy2018-2021-release-1-285517,0.0,1.021076,0.46923703,0.0,0.019962326,0.48445976,0.0,0.0,0.0,0.0,0.0,0.0,0.0,0.0,0.0,0.0,0.0,0.0,7.999447822570801,0.0,-0.0,0.0,0.0,-0.0,0.0,-0.0,0.0,0.0,0.9750036,0.1289706,11.057262,0.046072364,0.0,1.0575901,1.5607924,0.5204789,0.8706622,0.0,0.0,0.0,0.3334709,0.1383698,0.55783343,0.0,1.5607924,0.0,1.983244,1.9844637,1.0575901,-0.0012197836,12.2,19.852901,20.268518,20.268518,2.0
resstock-amy2018-2021-release-1-285517,0.0,0.79187167,0.0,0.0,0.764082,0.0,0.0,0.0,0.0,0.0,0.0,0.0,0.0,0.0,0.0,0.0,0.0,0.0,7.999447822570801,0.0,-0.0,0.0,0.0,-0.0,0.0,-0.0,0.9716036,0.9716036,-0.0,0.21470721,11.057262,0.79187167,0.0,1.2152629,1.9793448,0.63807356,1.213783,0.0,0.0,0.0,0.32236603,0.1383698,0.6132246,0.0,1.9793448,0.0,1.5583665,1.5583665,1.2152629,-0.0,12.2,19.942083,21.11111,21.11111,2.0
resstock-amy2018-2021-release-1-285517,0.0,0.74233186,0.3828882,0.0,1.3629031,0.39530966,0.0,0.0,0.0,0.0,0.0,0.0,0.0,0.0,0.0,0.0,0.0,0.0,7.999447822570801,0.0,-0.0,0.0,0.0,-0.0,0.0,-0.0,2.4571247,2.4571247,-0.0,0.43250108,11.057262,0.74233186,0.0,0.8873209,2.6455338,0.84212506,1.6352934,0.0,0.0,0.0,0.31831953,0.1383698,0.6181336,0.0,2.6455338,0.0,1.5988489,1.5988489,0.8873209,-0.0,12.8,19.96239,21.11111,21.11111,2.0
resstock-amy2018-2021-release-1-285517,0.3339072,0.84514046,0.0,0.0,1.0960009,0.0,0.0,0.0,0.0,0.0,0.0,0.0,0.0,0.0,0.0,0.0,0.0,0.0,7.999447822570801,0.0,-0.0,0.0,0.0,-0.0,0.0,-0.0,1.6843919,1.6843919,-0.0,0.57931507,11.057262,0.84514046,0.0,0.7899379,1.8859389,0.5860297,1.1534516,0.0,0.0,0.0,0.31073633,0.1383698,0.611606,0.0,1.8859389,0.0,1.1561222,1.1561222,0.7899379,-0.0,12.2,19.99241,19.62037,19.62037,2.0
resstock-amy2018-2021-release-1-285517,0.0,0.69056225,0.7657769,0.0,0.5780238,0.7906198,0.0,0.0,0.0,0.0,0.0,0.0,0.0,0.0,0.0,0.0,0.0,0.0,7.999447822570801,0.0,-0.0,0.0,0.0,-0.0,0.0,-0.0,0.6663663,0.6663663,-0.0,0.6338388,11.057262,0.69056225,0.0,0.44205424,1.8106978,0.5567492,1.0863042,0.0,0.0,0.0,0.3074777,0.1383698,0.5999368,0.0,1.8106978,0.0,1.5268394,1.5268394,0.44205424,-0.0,12.8,19.744064,20.555555,20.555555,2.0
resstock-amy2018-2021-release-1-285517,0.0,0.985835,0.0,0.0,0.0,0.0,0.0,0.0,0.0,0.0,0.0,0.0,0.0,0.0,0.032538015,0.032538015,0.0,0.003620526,7.999447345733643,0.028962207539821816,-0.0,0.032538015,0.0,-0.0,0.0,-0.0,0.0,0.0,0.9858352,0.53812116,11.057262,0.0,0.0,0.4145099,0.44704792,0.13339518,0.2648251,0.0,0.0,0.0,0.29839122,0.1383698,0.5923864,0.0,0.44704792,0.0,0.84165454,0.84165454,0.4145099,-0.0,12.2,19.84792,20.0,20.0,2.0
resstock-amy2018-2021-release-1-285517,0.0,1.0205555,0.0,0.0,0.0,0.0,0.0,0.0,0.0,0.0,0.0,0.0,0.0,0.0,-0.02578293,0.0,-0.02578293,2.1219834e-05,7.999446868896484,0.00016974693303118543,0.02578293,0.0,0.0,-0.0,0.0,-0.0,0.0,0.0,1.0205555,0.4400612,11.057262,0.0,0.0,0.30897555,0.2831926,0.07445417,0.1702229,0.0,0.0,0.0,0.26291,0.1383698,0.60108525,0.0,0.2831926,0.0,0.75116384,0.75116384,0.30897555,-0.0,12.2,19.674725,19.444445,19.444445,2.0
resstock-amy2018-2021-release-1-285517,0.0,0.72209585,0.0,0.0,2.5825619e-08,0.0,0.0,0.0,0.0,0.0,0.0,0.0,0.0,0.0,-0.00015157292,0.0,-0.00015157292,0.0,7.999446868896484,0.0,0.00015157292,0.0,0.0,-0.0,0.0,-0.0,0.0,0.0,0.7220958,0.3701618,11.057262,5.9604645e-08,0.0,0.30805928,0.30790773,0.0753699,0.17359278,0.0,0.0,0.0,0.2447808,0.1383698,0.5637818,0.0,0.30790773,0.0,0.62093043,0.62093043,0.30805928,-0.0,12.2,19.237673,19.444445,19.444445,2.0
resstock-amy2018-2021-release-1-285517,1.2394043,0.8642292,0.0,0.0,0.0,0.0,0.0,0.0,0.0,0.0,0.0,0.0,0.0,0.0,0.39550173,0.39550173,0.0,0.04451602,7.999440670013428,0.356103257040548,-0.0,0.39550173,0.0,-0.0,0.0,-0.0,0.0,0.0,0.8642293,0.28786787,11.057262,0.0,0.0,0.307143,0.7026447,0.14787157,0.4214963,0.0,0.0,0.0,0.21045,0.1383698,0.59987116,0.0,0.7026447,0.0,0.68159795,0.68159795,0.307143,-0.0,12.2,19.113844,17.222221,17.222221,2.0
resstock-amy2018-2021-release-1-285517,0.0,0.4441836,0.0,0.0,1.29128095e-08,0.0,0.0,0.0,0.0,0.0,0.0,0.0,0.0,0.0,-0.05249944,0.0,-0.05249944,0.03702357,7.999439716339111,0.29616781940688774,0.05249944,0.0,0.0,-0.0,0.0,-0.0,0.0,0.0,0.44418356,0.24472089,11.057262,2.9802322e-08,0.0,0.30622673,0.2537273,0.053396907,0.15392295,0.0,0.0,0.0,0.21045,0.1383698,0.6066472,0.0,0.2537273,0.0,0.49868345,0.49868345,0.30622673,-0.0,12.2,18.505283,17.222221,17.222221,2.0
resstock-amy2018-2021-release-1-285517,0.0,0.45942384,0.0,0.0,2.5825619e-08,0.0,0.0,0.0,0.0,0.0,0.0,0.0,0.0,0.0,-0.2522324,0.0,-0.2522324,0.0017467266,7.999435901641846,0.013972827247066888,0.2522324,0.0,0.0,-0.0,0.0,-0.0,0.0,0.0,0.45942378,0.20055564,11.057262,5.9604645e-08,0.0,0.31262633,0.06039396,0.012709908,0.038178872,0.0,0.0,0.0,0.21045,0.1383698,0.63216376,0.0,0.06039396,0.0,0.51168644,0.51168644,0.31262633,-0.0,12.2,18.134508,17.222221,17.222221,2.0
resstock-amy2018-2021-release-1-285517,0.0,0.5118676,0.0,0.0,0.0,0.0,0.0,0.0,0.0,0.0,0.0,0.0,0.0,0.0,0.303622,0.303622,0.0,0.03581789,7.999431133270264,0.28652275526791016,-0.0,0.303622,0.0,-0.0,0.0,-0.0,0.0,0.0,0.51186764,0.15197726,11.057262,0.0,0.0,0.36460525,0.66822726,0.14470461,0.4280527,0.0,0.0,0.0,0.21655,0.1383698,0.6405795,0.0,0.66822726,0.0,0.58950317,0.58950317,0.36460525,-0.0,11.7,17.90011,17.222221,17.222221,2.0
resstock-amy2018-2021-release-1-285517,0.0,0.62360823,0.0,0.0,2.6623601e-08,0.0,0.0,0.0,0.0,0.0,0.0,0.0,0.0,0.0,0.33859187,0.33859187,0.0,0.0737599,7.999425888061523,0.5900368419085282,-0.0,0.33859187,0.0,-0.0,0.0,-0.0,0.0,0.0,0.6236082,0.09359916,11.057262,5.9604645e-08,0.0,0.4288568,0.76744866,0.19053449,0.488608,0.0,0.0,0.0,0.24827,0.1383698,0.6366654,0.0,0.76744866,0.0,0.7074038,0.7074038,0.4288568,-0.0,11.1,17.775074,17.222221,17.222221,2.0
resstock-amy2018-2021-release-1-285517,0.0,0.5468609,0.0,0.0,0.0,0.0,0.0,0.0,0.0,0.0,0.0,0.0,0.0,0.0,0.34216875,0.34216875,0.0,0.11200155,7.999420642852783,0.8959475365223355,-0.0,0.34216875,0.0,-0.0,0.0,-0.0,0.0,0.0,0.5468609,0.042751428,11.057262,0.0,0.0,0.6448769,0.98704565,0.31610137,0.62431616,0.0,0.0,0.0,0.32025,0.1383698,0.6325099,0.0,0.98704565,0.0,0.89113986,0.89113986,0.6448769,-0.0,10.8,17.678688,20.38889,20.38889,2.0
resstock-amy2018-2021-release-1-285517,0.0,1.0510815,1.5326458,0.0,0.3798975,1.5823671,0.0,0.0,0.0,0.0,0.0,0.0,0.0,0.0,-0.6031441,0.0,-0.6031441,0.02849711,7.999411582946777,0.2279601053320217,0.6031441,0.0,0.0,-0.0,0.0,-0.0,0.0,0.0,0.2005709,0.02402872,11.057262,0.85051066,0.0,0.6080099,1.9671304,0.67451566,1.2507586,0.0,0.0,0.0,0.3428932,0.1383698,0.63582903,0.0,1.9671304,0.0,2.6598635,2.6598635,0.6080099,-0.0,11.1,17.622812,20.074074,20.074074,2.0
resstock-amy2018-2021-release-1-285517,0.0,1.1248361,0.0,0.0,0.3745661,0.0,0.0,0.0,0.0,0.0,0.0,0.0,0.0,0.0,-0.13803333,0.0,-0.13803333,0.009099095,7.9994096755981445,0.07278738960992381,0.13803333,0.0,0.0,-0.0,0.0,-0.0,0.0,0.0,0.26035035,0.0,11.057262,0.86448574,0.0,0.9015609,1.1234087,0.40945438,0.7164859,0.0,0.0,0.0,0.364475,0.1383698,0.6377785,0.0,1.1234087,0.0,1.3742471,1.3889321,0.9015609,-0.014685058,12.2,17.78387,19.444445,19.444445,2.0
resstock-amy2018-2021-release-1-285517,0.0,1.2013026,1.0982163,0.0,0.5278132,1.133844,0.0,0.0,0.0,0.0,0.0,0.0,0.0,0.0,-0.065015994,0.0,-0.065015994,2.7298218e-05,7.999408721923828,0.0002183696023723286,0.065015994,0.0,0.0,-0.0,0.0,-0.0,0.0,0.0,-0.0,0.0,11.057262,1.2013026,0.0,1.4504156,3.0048156,1.0453312,1.9234778,0.0,0.0,0.0,0.34788534,0.1383698,0.6401317,0.0,3.0048156,0.0,3.0698316,3.112073,1.4504156,-0.042241264,11.7,18.278656,19.444445,19.444445,2.0
resstock-amy2018-2021-release-1-285517,0.0,0.8569186,0.0,0.0,0.36502978,0.0,0.0,0.0,0.0,0.0,0.0,0.0,0.0,0.0,-0.00019421807,0.0,-0.00019421807,0.0,7.999408721923828,0.0,0.00019421807,0.0,0.0,-0.0,0.0,-0.0,0.0,0.0,-0.0,0.0,11.057262,0.8569186,0.0,1.5979909,1.8984021,0.6348943,1.2275224,0.0,0.0,0.0,0.33443615,0.1383698,0.64660823,0.0,1.8984021,0.0,1.8985963,1.9630207,1.5979909,-0.06442441,12.8,18.48486,19.444445,19.444445,2.0
resstock-amy2018-2021-release-1-285517,0.0,0.8207865,0.0,0.0,0.34164655,0.0,0.0,0.0,0.0,0.0,0.0,0.0,0.0,0.0,0.1503918,0.1503918,0.0,0.016797194,7.999406337738037,0.13436758219869116,-0.0,0.1503918,0.0,-0.0,0.0,-0.0,0.0,0.0,-0.0,0.0,11.057262,0.8207865,0.0,1.2727137,1.6657684,0.51211447,1.0752296,0.0,0.0,0.0,0.30743438,0.1383698,0.6454857,0.0,1.6657684,0.0,1.5153766,1.6143602,1.2727137,-0.098983645,13.6,18.622654,19.444445,19.444445,2.0
resstock-amy2018-2021-release-1-285517,0.0,0.64905834,0.0,0.0,0.26779604,0.0,0.0,0.0,0.0,0.0,0.0,0.0,0.0,0.0,0.25056785,0.25056785,0.0,0.044824753,7.9994025230407715,0.3585712418959357,-0.0,0.25056785,0.0,-0.0,0.0,-0.0,0.0,0.0,-0.0,0.0,11.057262,0.64905834,0.0,1.2689164,1.636632,0.48539,1.0485361,0.0,0.0,0.0,0.2965786,0.1383698,0.64066696,0.0,1.636632,0.0,1.386064,1.5367124,1.2689164,-0.15064831,13.9,18.749613,19.444445,19.444445,2.0
resstock-amy2018-2021-release-1-285517,0.0,0.60506105,0.0,0.0,0.24964312,0.0,0.0,0.0,0.0,0.0,0.0,0.0,0.0,0.0,0.41737908,0.41737908,0.0,0.09170946,7.999396324157715,0.7336202959189464,-0.0,0.41737908,0.0,-0.0,0.0,-0.0,0.0,0.0,-0.0,0.0,11.057262,0.60506105,0.0,1.0492793,1.5489813,0.4596702,0.9857079,0.0,0.0,0.0,0.29675645,0.1383698,0.6363588,0.0,1.5489813,0.0,1.1316023,1.2989224,1.0492793,-0.16732012,13.9,18.914112,19.444445,19.444445,2.0
resstock-amy2018-2021-release-1-285517,0.0,0.7702626,0.0,0.0,0.3178039,0.0,0.0,0.0,0.0,0.0,0.0,0.0,0.0,0.0,0.42942855,0.42942855,0.0,0.13983788,7.9993896484375,1.1186176574319688,-0.0,0.42942855,0.0,-0.0,0.0,-0.0,0.0,0.0,-0.0,0.0,11.057262,0.7702626,0.0,0.96704596,1.5064186,0.48334947,0.9542363,0.0,0.0,0.0,0.32086,0.1383698,0.633447,0.0,1.5064186,0.0,1.07699,1.2848499,0.96704596,-0.20785984,13.9,19.292114,19.444445,19.444445,2.0
resstock-amy2018-2021-release-1-285517,0.05919123,0.85010624,0.0,0.0,0.34557346,0.0,0.0,0.0,0.0,0.0,0.0,0.0,0.0,0.0,0.4437678,0.4437678,0.0,0.18946919,7.999382972717285,1.5156365999556272,-0.0,0.4437678,0.0,-0.0,0.0,-0.0,0.0,0.0,-0.0,0.0,11.057262,0.85010624,0.0,0.84292924,1.4648353,0.4973437,0.9257421,0.0,0.0,0.0,0.3395219,0.1383698,0.6319769,0.0,1.4648353,0.0,1.0210675,1.1885027,0.84292924,-0.16743512,14.4,19.83561,19.444445,19.444445,2.0
resstock-amy2018-2021-release-1-285517,0.20084801,0.82830334,0.0,0.0,0.341751,0.0,0.0,0.0,0.0,0.0,0.0,0.0,0.0,0.0,0.32524735,0.32524735,0.0,0.22546509,7.999378204345703,1.8035805194491559,-0.0,0.32524735,0.0,-0.0,0.0,-0.0,0.0,0.0,-0.0,0.0,11.057262,0.82830334,0.0,0.6857111,1.261191,0.4594572,0.79626447,0.0,0.0,0.0,0.3643042,0.1383698,0.63135916,0.0,1.261191,0.0,0.93594366,1.0274622,0.6857111,-0.09151852,13.9,20.341938,19.444445,19.444445,2.0
resstock-amy2018-2021-release-1-285517,0.034232005,0.63791984,0.0,0.0,0.2717408,0.0,0.0,0.0,0.0,0.0,0.0,0.0,0.0,0.0,0.19984633,0.19984633,0.0,0.24718775,7.999375343322754,1.9773475809332837,-0.0,0.19984633,0.0,-0.0,0.0,-0.0,0.0,0.0,-0.0,0.0,11.057262,0.63791984,0.0,0.6183161,1.086743,0.43310773,0.6956312,0.0,0.0,0.0,0.3985374,0.1383698,0.64010644,0.0,1.086743,0.0,0.88689667,0.8900569,0.6183161,-0.0031602224,12.8,20.512894,19.560184,19.560184,2.0
resstock-amy2018-2021-release-1-285517,0.0,0.52465504,3.0886118,0.0,0.22732358,3.1888108,0.0,0.0,0.0,0.0,0.0,0.0,0.0,0.0,0.09854365,0.09854365,0.0,0.25748178,7.999373912811279,2.0596930629816512,-0.0,0.09854365,0.0,-0.0,0.0,-0.0,0.0,0.0,-0.0,0.0,11.057262,0.52465504,0.0,0.9325983,4.447276,1.5749655,2.816126,0.0,0.0,0.0,0.3541416,0.1383698,0.6332249,0.0,4.447276,0.0,4.3487325,4.3487325,0.9325983,-0.0,12.2,20.632698,21.11111,21.11111,2.0
resstock-amy2018-2021-release-1-285517,0.0,0.9032847,0.0,0.0,0.41820976,0.0,0.0,0.0,0.0,0.0,0.0,0.0,0.0,0.0,-0.1789298,0.0,-0.1789298,0.23174973,7.99937105178833,1.8538520679990498,0.1789298,0.0,0.0,-0.0,0.0,-0.0,0.06192906,0.06192906,-0.0,0.005536412,11.057262,0.9032847,0.0,0.7088702,0.94815016,0.3324827,0.5833471,0.0,0.0,0.0,0.3506646,0.1383698,0.61524755,0.0,0.94815016,0.0,1.1002473,1.1002473,0.7088702,-0.0,12.2,20.868597,20.351852,20.351852,2.0
resstock-amy2018-2021-release-1-285517,0.0,0.6310111,0.065008424,0.0,0.25505936,0.06711739,0.0,0.0,0.0,0.0,0.0,0.0,0.0,0.0,-0.07212682,0.0,-0.07212682,0.22098346,7.999370098114014,1.7677284864657494,0.07212682,0.0,0.0,-0.0,0.0,-0.0,0.0,0.0,0.05998683,0.0,11.057262,0.5710243,0.0,0.7899379,1.0399878,0.35399106,0.61147636,0.0,0.0,0.0,0.34038,0.1383698,0.58796495,0.0,1.0399878,0.0,1.138909,1.138909,0.7899379,-0.0,11.1,20.552052,20.194445,20.194445,2.0
resstock-amy2018-2021-release-1-285517,0.0,0.6208526,0.44248095,0.0,0.27731615,0.4568357,0.0,0.0,0.0,0.0,0.0,0.0,0.0,0.0,-0.41522995,0.0,-0.41522995,0.16275622,7.999363899230957,1.3019462266937154,0.41522995,0.0,0.0,-0.0,0.0,-0.0,0.0,0.0,-0.0,0.0,11.057262,0.6208526,0.0,0.98171353,1.3006353,0.4403301,0.7101128,0.0,0.0,0.0,0.33855,0.1383698,0.5459738,0.0,1.3006353,0.0,1.7158653,1.7158653,0.98171353,-0.0,11.1,20.253223,21.11111,21.11111,2.0
resstock-amy2018-2021-release-1-285517,0.0,1.0287275,0.0,0.0,0.5914544,0.0,0.0,0.0,0.0,0.0,0.0,0.0,0.0,0.0,-0.370578,0.0,-0.370578,0.11081539,7.999358177185059,0.8864520037096923,0.370578,0.0,0.0,-0.0,0.0,-0.0,0.27761692,0.27761692,-0.0,0.024818748,11.057262,1.0287275,0.0,0.48988712,0.7107635,0.23152411,0.35389447,0.0,0.0,0.0,0.32574,0.1383698,0.4979075,0.0,0.7107635,0.0,0.95564896,0.95564896,0.48988712,-0.0,10.6,20.328583,20.555555,20.555555,2.0
resstock-amy2018-2021-release-1-285517,0.0,1.2261741,0.38315916,0.0,0.96214795,0.3955894,0.0,0.0,0.0,0.0,0.0,0.0,0.0,0.0,-0.44299692,0.0,-0.44299692,0.04909852,7.999351501464844,0.3927563314489362,0.44299692,0.0,0.0,-0.0,0.0,-0.0,0.9278729,0.9278729,-0.0,0.107553594,11.057262,1.2261741,0.0,0.30897555,1.223716,0.3867295,0.56933653,0.0,0.0,0.0,0.3160288,0.1383698,0.46525216,0.0,1.223716,0.0,1.2522601,1.2522601,0.30897555,-0.0,11.1,20.257849,20.0,20.0,2.0
resstock-amy2018-2021-release-1-285517,0.0,1.4378928,0.0,0.0,1.3205585,0.0,0.0,0.0,0.0,0.0,0.0,0.0,0.0,0.0,0.107627824,0.107627824,0.0,0.060965214,7.999350070953369,0.48768208833380733,-0.0,0.107627824,0.0,-0.0,0.0,-0.0,1.3506407,1.3506407,-0.0,0.2273625,11.057262,1.4378928,0.0,0.30805928,1.7362456,0.4940112,0.7839316,0.0,0.0,0.0,0.2845284,0.1383698,0.45150962,0.0,1.7362456,0.0,0.9889985,0.9889985,0.30805928,-0.0,8.89,20.1824,19.444445,19.444445,2.0
resstock-amy2018-2021-release-1-285517,0.64290136,1.6483663,0.0,0.0,0.15122993,0.0,0.0,0.0,0.0,0.0,0.0,0.0,0.0,0.0,0.6799907,0.6799907,0.0,0.13800897,7.999339580535889,1.103980592527698,-0.0,0.6799907,0.0,-0.0,0.0,-0.0,0.0,0.0,1.3218496,0.104445696,11.057262,0.32651675,0.0,0.307143,1.1383636,0.30911806,0.5057396,0.0,0.0,0.0,0.27154598,0.1383698,0.44426897,0.0,1.1383636,0.0,1.0706025,1.0706025,0.307143,-0.0,9.745,20.191483,17.777779,17.777779,2.0
resstock-amy2018-2021-release-1-285517,0.0,0.8659305,0.0,0.0,0.0,0.0,0.0,0.0,0.0,0.0,0.0,0.0,0.0,0.0,0.77574074,0.77574074,0.0,0.22596788,7.999327659606934,1.8075911451737738,-0.0,0.77574074,0.0,-0.0,0.0,-0.0,0.0,0.0,0.8659305,0.024311936,11.057262,0.0,0.0,0.30622673,1.0819675,0.26862007,0.48135135,0.0,0.0,0.0,0.24827,0.1383698,0.44488522,0.0,1.0819675,0.0,0.6982814,0.6982814,0.30622673,-0.0,10.6,19.404327,17.777779,17.777779,2.0
resstock-amy2018-2021-release-1-285517,0.0,0.8341708,0.0,0.0,0.2574847,0.0,0.0,0.0,0.0,0.0,0.0,0.0,0.0,0.0,0.5371282,0.5371282,0.0,0.28605747,7.999319553375244,2.288265130990567,-0.0,0.5371282,0.0,-0.0,0.0,-0.0,0.0,0.0,0.26341897,0.0,11.057262,0.57075185,0.0,0.31262633,1.1072392,0.2724628,0.49800986,0.0,0.0,0.0,0.246074,0.1383698,0.4497762,0.0,1.1072392,0.0,0.6889479,0.6889479,0.31262633,-0.0,10.733334,18.989948,17.777779,17.777779,2.0
resstock-amy2018-2021-release-1-285517,0.0,0.74393654,0.0,0.0,0.33682123,0.0,0.0,0.0,0.0,0.0,0.0,0.0,0.0,0.0,0.56322724,0.56322724,0.0,0.34898043,7.9993109703063965,2.791602956430097,-0.0,0.56322724,0.0,-0.0,0.0,-0.0,0.0,0.0,-0.0,0.0,11.057262,0.74393654,0.0,0.34097353,1.241022,0.31189364,0.56313044,0.0,0.0,0.0,0.25132,0.1383698,0.45376348,0.0,1.241022,0.0,0.67779475,0.67779475,0.34097353,-0.0,10.6,18.640965,17.777779,17.777779,2.0
resstock-amy2018-2021-release-1-285517,0.0,0.77688646,0.0,0.0,0.35741267,0.0,0.0,0.0,0.0,0.0,0.0,0.0,0.0,0.0,0.47810748,0.47810748,0.0,0.4019531,7.999303817749023,3.2153449766503854,-0.0,0.47810748,0.0,-0.0,0.0,-0.0,0.0,0.0,-0.0,0.0,11.057262,0.77688646,0.0,0.4288568,1.2643769,0.3455289,0.58240825,0.0,0.0,0.0,0.27328,0.1383698,0.4606287,0.0,1.2643769,0.0,0.7862694,0.7862694,0.4288568,-0.0,10.0,18.42514,17.777779,17.777779,2.0
resstock-amy2018-2021-release-1-285517,0.0,0.6375303,1.7527744,0.0,0.30625874,1.809637,0.0,0.0,0.0,0.0,0.0,0.0,0.0,0.0,0.00033314966,0.00033314966,0.0,0.4008614,7.999303817749023,3.206612225693732,-0.0,0.00033314966,0.0,-0.0,0.0,-0.0,0.0,0.0,-0.0,0.0,11.057262,0.6375303,0.0,0.6448769,2.7611058,0.85089546,1.289632,0.0,0.0,0.0,0.308172,0.1383698,0.46707085,0.0,2.7611058,0.0,2.7607727,2.7607727,0.6448769,-0.0,8.33,18.183483,19.481482,19.481482,2.0
resstock-amy2018-2021-release-1-285517,0.0,0.7287601,0.0,0.0,0.34516135,0.0,0.0,0.0,0.0,0.0,0.0,0.0,0.0,0.0,0.20713262,0.20713262,0.0,0.42291197,7.999300479888916,3.3829999390303414,-0.0,0.20713262,0.0,-0.0,0.0,-0.0,0.0,0.0,-0.0,0.0,11.057262,0.7287601,0.0,0.79902035,1.3513143,0.43605563,0.6540202,0.0,0.0,0.0,0.32269,0.1383698,0.48398823,0.0,1.3513143,0.0,1.1441817,1.1441817,0.79902035,-0.0,8.885,18.058607,19.314816,19.314816,2.0
resstock-amy2018-2021-release-1-285517,0.0,0.64829636,0.0,0.0,0.3026724,0.0,0.0,0.0,0.0,0.0,0.0,0.0,0.0,0.0,-0.22004507,0.0,-0.22004507,0.3910087,7.999297142028809,3.127794815620888,0.22004507,0.0,0.0,-0.0,0.0,-0.0,0.0,0.0,-0.0,0.0,11.057262,0.64829636,0.0,1.1029507,1.1787269,0.42567626,0.58205026,0.0,0.0,0.0,0.3611322,0.1383698,0.49379566,0.0,1.1787269,0.0,1.398772,1.4056231,1.1029507,-0.0068511176,9.44,18.150192,18.88889,18.88889,2.0
resstock-amy2018-2021-release-1-285517,0.0,0.7300885,1.1502506,0.0,0.32104367,1.1875664,0.0,0.0,0.0,0.0,0.0,0.0,0.0,0.0,-0.34260657,0.0,-0.34260657,0.34227118,7.999291896820068,2.7379270683761803,0.34260657,0.0,0.0,-0.0,0.0,-0.0,0.0,0.0,-0.0,0.0,11.057262,0.7300885,0.0,1.2736433,2.4094706,0.82442737,1.1991545,0.0,0.0,0.0,0.3421612,0.1383698,0.49768382,0.0,2.4094706,0.0,2.752077,2.7822533,1.2736433,-0.030176207,11.67,18.287914,18.88889,18.88889,2.0
resstock-amy2018-2021-release-1-285517,0.0,1.0388396,0.0,0.0,0.47034013,0.0,0.0,0.0,0.0,0.0,0.0,0.0,0.0,0.0,-0.57862765,0.0,-0.57862765,0.2614411,7.999283313751221,2.091341521267566,0.57862765,0.0,0.0,-0.0,0.0,-0.0,0.0,0.0,-0.0,0.0,11.057262,1.0388396,0.0,1.3153263,1.131451,0.36233336,0.5598424,0.0,0.0,0.0,0.3202378,0.1383698,0.49480042,0.0,1.131451,0.0,1.7100787,1.7856666,1.3153263,-0.07558783,10.6,18.726633,18.88889,18.88889,2.0
resstock-amy2018-2021-release-1-285517,0.0,1.2271212,0.0,0.0,1.1292839,0.0,0.0,0.0,0.0,0.0,0.0,0.0,0.0,0.0,-0.29955384,0.0,-0.29955384,0.21899752,7.999278545379639,1.751822188733776,0.29955384,0.0,0.0,-0.0,0.0,-0.0,1.2275356,1.2275356,-0.0,0.10974078,11.057262,1.2271212,0.0,1.1713318,1.9003495,0.587953,0.91035765,0.0,0.0,0.0,0.309392,0.1383698,0.47904748,0.0,1.9003495,0.0,1.635166,1.7358785,1.1713318,-0.100712456,10.0,19.038166,18.88889,18.88889,2.0
resstock-amy2018-2021-release-1-285517,0.0,1.3690312,0.38342315,0.0,0.73752856,0.39586195,0.0,0.0,0.0,0.0,0.0,0.0,0.0,0.0,-0.3475041,0.0,-0.3475041,0.17006944,7.999273300170898,1.3604319401605665,0.3475041,0.0,0.0,-0.0,0.0,-0.0,0.30033505,0.30033505,-0.0,0.13563408,11.057262,1.3690312,0.0,1.2689164,1.9073901,0.5750522,0.9102781,0.0,0.0,0.0,0.3014864,0.1383698,0.4772375,0.0,1.9073901,0.0,2.1222057,2.2696183,1.2689164,-0.14741263,11.5,19.507864,18.88889,18.88889,2.0
resstock-amy2018-2021-release-1-285517,0.0,1.0424109,0.0,0.0,0.0,0.0,0.0,0.0,0.0,0.0,0.0,0.0,0.0,0.0,-0.4340469,0.0,-0.4340469,0.10940999,7.999266624450684,0.875199664801869,0.4340469,0.0,0.0,-0.0,0.0,-0.0,0.0,0.0,1.0424109,0.039082415,11.057262,0.0,0.0,1.0492793,0.4242552,0.12818667,0.19936429,0.0,0.0,0.0,0.3021452,0.1383698,0.46991596,0.0,0.4242552,0.0,1.3023478,1.493325,1.0492793,-0.19097726,12.8,19.662941,18.88889,18.88889,2.0
resstock-amy2018-2021-release-1-285517,0.0,0.9474353,0.0,0.0,0.22001559,0.0,0.0,0.0,0.0,0.0,0.0,0.0,0.0,0.0,-0.581989,0.0,-0.581989,0.028778203,7.999257564544678,0.23020425669583844,0.581989,0.0,0.0,-0.0,0.0,-0.0,0.0,0.0,0.4234566,0.0,11.057262,0.5239787,0.0,0.96704596,0.3889358,0.11957443,0.18115385,0.0,0.0,0.0,0.30744,0.1383698,0.465768,0.0,0.3889358,0.0,1.1487317,1.3648685,0.96704596,-0.21613677,13.3,19.932976,18.88889,18.88889,2.0
resstock-amy2018-2021-release-1-285517,0.09645667,0.8162605,0.38342273,0.0,0.342743,0.39586154,0.0,0.0,0.0,0.0,0.0,0.0,0.0,0.0,-0.1055752,0.0,-0.1055752,0.013906699,7.999256134033203,0.11124324467185431,0.1055752,0.0,0.0,-0.0,0.0,-0.0,0.0,0.0,-0.0,0.0,11.057262,0.8162605,0.0,0.84292924,1.2516762,0.3973371,0.57768375,0.0,0.0,0.0,0.317444,0.1383698,0.46152812,0.0,1.2516762,0.0,1.3572514,1.5815338,0.84292924,-0.22428243,13.3,20.217472,18.88889,18.88889,2.0
resstock-amy2018-2021-release-1-285517,0.1365384,1.0299034,0.3834233,0.0,0.4249295,0.3958621,0.0,0.0,0.0,0.0,0.0,0.0,0.0,0.0,-0.0992653,0.0,-0.0992653,0.00010186956,7.9992547035217285,0.0008148805734438311,0.0992653,0.0,0.0,-0.0,0.0,-0.0,0.0,0.0,-0.0,0.0,11.057262,1.0299034,0.0,0.8109583,1.4128221,0.4663833,0.6640774,0.0,0.0,0.0,0.3301076,0.1383698,0.47003612,0.0,1.4128221,0.0,1.5120875,1.6317499,0.8109583,-0.119662404,13.9,20.978207,19.36111,19.36111,2.0
resstock-amy2018-2021-release-1-285517,0.0,1.1096838,0.3834228,0.0,0.480806,0.3958616,0.0,0.0,0.0,0.0,0.0,0.0,0.0,0.0,-0.0007345835,0.0,-0.0007345835,1.1776215e-06,7.9992547035217285,9.420094087349675e-06,0.0007345835,0.0,0.0,-0.0,0.0,-0.0,0.0,0.0,-0.0,0.0,11.057262,1.1096838,0.0,0.7749255,1.6466477,0.6094833,0.8183529,0.0,0.0,0.0,0.3701358,0.1383698,0.49698117,0.0,1.6466477,0.0,1.6473823,1.6515931,0.7749255,-0.0042108134,12.2,21.552917,20.555555,20.555555,2.0
resstock-amy2018-2021-release-1-285517,0.0,1.3131393,0.0,0.0,0.5769506,0.0,0.0,0.0,0.0,0.0,0.0,0.0,0.0,0.0,-8.446705e-06,0.0,-8.446705e-06,0.0,7.9992547035217285,0.0,8.446705e-06,0.0,0.0,-0.0,0.0,-0.0,0.0,0.0,-0.0,0.0,11.057262,1.3131393,0.0,0.75185907,1.3288013,0.44200313,0.69150585,0.0,0.0,0.0,0.332633,0.1383698,0.52039826,0.0,1.3288013,0.0,1.3288097,1.3288097,0.75185907,-0.0,11.7,21.946926,20.555555,20.555555,2.0
resstock-amy2018-2021-release-1-285517,0.0,1.0870571,0.0,0.0,0.4921709,0.0,0.0,0.0,0.0,0.0,0.0,0.0,0.0,0.0,0.0,0.0,0.0,0.0,7.9992547035217285,0.0,-0.0,0.0,0.0,-0.0,0.0,-0.0,0.0,0.0,-0.0,0.0,11.057262,1.0870571,0.0,0.8873209,1.3794918,0.45154354,0.7158077,0.0,0.0,0.0,0.327326,0.1383698,0.5188923,0.0,1.3794918,0.0,1.3794918,1.3794918,0.8873209,-0.0,10.6,21.825253,20.555555,20.555555,2.0
resstock-amy2018-2021-release-1-285517,0.0,0.96662545,0.0,0.0,0.44666436,0.0,0.0,0.0,0.0,0.0,0.0,0.0,0.0,0.0,0.29162666,0.29162666,0.0,0.032717455,7.999250411987305,0.2617151168157861,-0.0,0.29162666,0.0,-0.0,0.0,-0.0,0.0,0.0,-0.0,0.0,11.057262,0.96662545,0.0,0.7899379,1.528229,0.48102537,0.78269356,0.0,0.0,0.0,0.31476,0.1383698,0.51215726,0.0,1.528229,0.0,1.2366023,1.2366023,0.7899379,-0.0,9.833333,21.49694,20.555555,20.555555,2.0
resstock-amy2018-2021-release-1-285517,0.0,0.8394172,0.0,0.0,0.3957157,0.0,0.0,0.0,0.0,0.0,0.0,0.0,0.0,0.0,-0.23437339,0.0,-0.23437339,0.0,7.999247074127197,0.0,0.23437339,0.0,0.0,-0.0,0.0,-0.0,0.0,0.0,-0.0,0.0,11.057262,0.8394172,0.0,0.69904894,0.8603913,0.2664921,0.42610666,0.0,0.0,0.0,0.3097336,0.1383698,0.4952475,0.0,0.8603913,0.0,1.0947647,1.0947647,0.69904894,-0.0,9.066667,20.982826,20.0,20.0,2.0
resstock-amy2018-2021-release-1-285517,0.0,0.7827939,1.5233694,0.0,0.37632674,1.5727898,0.0,0.0,0.0,0.0,0.0,0.0,0.0,0.0,0.0,0.0,0.0,0.0,7.999247074127197,0.0,-0.0,0.0,0.0,-0.0,0.0,-0.0,0.0,0.0,-0.0,0.0,11.057262,0.7827939,0.0,0.5172955,2.466412,0.7522557,1.1830049,0.0,0.0,0.0,0.305,0.1383698,0.4796461,0.0,2.466412,0.0,2.466412,2.466412,0.5172955,-0.0,8.3,20.433256,20.0,20.0,2.0
resstock-amy2018-2021-release-1-285517,0.0,0.85464275,0.0,0.0,0.39318505,0.0,0.0,0.0,0.0,0.0,0.0,0.0,0.0,0.0,0.64472216,0.64472216,0.0,0.073130704,7.999237060546875,0.5849898414005565,-0.0,0.64472216,0.0,-0.0,0.0,-0.0,0.0,0.0,-0.0,0.0,11.057262,0.85464275,0.0,0.3657726,1.4036798,0.41955993,0.6592687,0.0,0.0,0.0,0.2989,0.1383698,0.46967167,0.0,1.4036798,0.0,0.7589577,0.7589577,0.3657726,-0.0,10.0,20.161972,19.444445,19.444445,2.0
resstock-amy2018-2021-release-1-285517,0.0,0.66466075,0.0,0.0,0.30578235,0.0,0.0,0.0,0.0,0.0,0.0,0.0,0.0,0.0,0.20757975,0.20757975,0.0,0.09615191,7.999233722686768,0.7691416067502352,-0.0,0.20757975,0.0,-0.0,0.0,-0.0,0.0,0.0,-0.0,0.0,11.057262,0.66466075,0.0,0.3483989,0.861761,0.25741214,0.42286497,0.0,0.0,0.0,0.2987048,0.1383698,0.4906987,0.0,0.861761,0.0,0.65418124,0.65418124,0.3483989,-0.0,10.0,19.62535,18.88889,18.88889,2.0
resstock-amy2018-2021-release-1-285517,0.62928224,0.75525653,0.0,0.0,0.36308822,0.0,0.0,0.0,0.0,0.0,0.0,0.0,0.0,0.0,-0.037924375,0.0,-0.037924375,0.09055736,7.999233245849609,0.7243894380409586,0.037924375,0.0,0.0,-0.0,0.0,-0.0,0.0,0.0,-0.0,0.0,11.057262,0.75525653,0.0,0.307143,0.6323069,0.18672857,0.2639465,0.0,0.0,0.0,0.2953132,0.1383698,0.4174342,0.0,0.6323069,0.0,0.6702312,0.6702312,0.307143,-0.0,8.3,19.199852,17.222221,17.222221,2.0
resstock-amy2018-2021-release-1-285517,0.0,0.77655256,0.0,0.0,0.35725904,0.0,0.0,0.0,0.0,0.0,0.0,0.0,0.0,0.0,-0.60404474,0.0,-0.60404474,0.0069912267,7.9992241859436035,0.05592438964208246,0.60404474,0.0,0.0,-0.0,0.0,-0.0,0.0,0.0,-0.0,0.0,11.057262,0.77655256,0.0,0.30622673,0.05944103,0.01754357,0.024908127,0.0,0.0,0.0,0.2951424,0.1383698,0.41903928,0.0,0.05944103,0.0,0.66348577,0.66348577,0.30622673,-0.0,10.0,18.90839,17.222221,17.222221,2.0
resstock-amy2018-2021-release-1-285517,0.0,0.8099947,0.0,0.0,0.39433262,0.0,0.0,0.0,0.0,0.0,0.0,0.0,0.0,0.0,0.31933978,0.31933978,0.0,0.042829417,7.9992194175720215,0.3426019016479849,-0.0,0.31933978,0.0,-0.0,0.0,-0.0,0.0,0.0,-0.0,0.0,11.057262,0.8099947,0.0,0.31262633,1.0262988,0.28702784,0.43959588,0.0,0.0,0.0,0.2796728,0.1383698,0.4283313,0.0,1.0262988,0.0,0.706959,0.706959,0.31262633,-0.0,7.8,18.45797,17.222221,17.222221,2.0
resstock-amy2018-2021-release-1-285517,0.0,1.0325996,0.0,0.0,0.52867717,0.0,0.0,0.0,0.0,0.0,0.0,0.0,0.0,0.0,-0.30763814,0.0,-0.30763814,0.0,7.9992146492004395,0.0,0.30763814,0.0,0.0,-0.0,0.0,-0.0,0.0,0.0,-0.0,0.0,11.057262,1.0325996,0.0,0.34097353,0.56201255,0.16181466,0.2569575,0.0,0.0,0.0,0.28792,0.1383698,0.45720956,0.0,0.56201255,0.0,0.8696507,0.8696507,0.34097353,-0.0,5.733333,18.166832,17.222221,17.222221,2.0
resstock-amy2018-2021-release-1-285517,0.0,0.7732967,0.0,0.0,0.40140766,0.0,0.0,0.0,0.0,0.0,0.0,0.0,0.0,0.0,0.5994607,0.5994607,0.0,0.06790186,7.999205589294434,0.5431609156159922,-0.0,0.5994607,0.0,-0.0,0.0,-0.0,0.0,0.0,-0.0,0.0,11.057262,0.7732967,0.0,0.39218462,1.393053,0.41721633,0.6789922,0.0,0.0,0.0,0.2994978,0.1383698,0.48741305,0.0,1.393053,0.0,0.79359233,0.79359233,0.39218462,-0.0,5.15,17.663557,17.222221,17.222221,2.0
resstock-amy2018-2021-release-1-285517,0.0,0.7955442,0.0,0.0,0.3659963,0.0,0.0,0.0,0.0,0.0,0.0,0.0,0.0,0.0,0.1934023,0.1934023,0.0,0.08934169,7.999202728271484,0.7146623114061015,-0.0,0.1934023,0.0,-0.0,0.0,-0.0,0.0,0.0,-0.0,0.0,11.057262,0.7955442,0.0,0.574686,1.1340846,0.3562865,0.57997483,0.0,0.0,0.0,0.3141622,0.1383698,0.5114035,0.0,1.1340846,0.0,0.9406823,0.9406823,0.574686,-0.0,10.0,17.51547,19.13889,19.13889,2.0
resstock-amy2018-2021-release-1-285517,0.0,1.3742781,2.0869303,0.0,0.6322473,2.1546333,0.0,0.0,0.0,0.0,0.0,0.0,0.0,0.0,-0.11536084,0.0,-0.11536084,0.07293422,7.999200820922852,0.5834154545073744,0.11536084,0.0,0.0,-0.0,0.0,-0.0,0.0,0.0,-0.0,0.0,11.057262,1.3742781,0.0,0.7035151,3.3750348,1.2420979,1.8016722,0.0,0.0,0.0,0.3680252,0.1383698,0.5338233,0.0,3.3750348,0.0,3.4903955,3.4903955,0.7035151,-0.0,10.0,18.051594,20.555555,20.555555,2.0
resstock-amy2018-2021-release-1-285517,0.0,0.850716,0.0,0.0,0.37998924,0.0,0.0,0.0,0.0,0.0,0.0,0.0,0.0,0.0,-0.16180357,0.0,-0.16180357,0.050101824,7.9991984367370605,0.4007744330566787,0.16180357,0.0,0.0,-0.0,0.0,-0.0,0.0,0.0,-0.0,0.0,11.057262,0.850716,0.0,0.9015609,1.1045276,0.49521497,0.59038025,0.0,0.0,0.0,0.44835,0.1383698,0.5345093,0.0,1.1045276,0.0,1.2663312,1.2815502,0.9015609,-0.015218987,11.1,18.198502,20.555555,20.555555,2.0
resstock-amy2018-2021-release-1-285517,0.0,0.68225765,0.0,0.0,0.2906278,0.0,0.0,0.0,0.0,0.0,0.0,0.0,0.0,0.0,-0.35826424,0.0,-0.35826424,0.00020210285,7.99919319152832,0.0016166597302014751,0.35826424,0.0,0.0,-0.0,0.0,-0.0,0.0,0.0,-0.0,0.0,11.057262,0.68225765,0.0,1.3750384,1.2737718,0.5082517,0.7136923,0.0,0.0,0.0,0.3990132,0.1383698,0.56029844,0.0,1.2737718,0.0,1.632036,1.6656662,1.3750384,-0.03363029,12.8,18.484962,20.555555,20.555555,2.0
resstock-amy2018-2021-release-1-285517,0.0,0.74785113,1.9111938,0.0,0.31856927,1.9731958,0.0,0.0,0.0,0.0,0.0,0.0,0.0,0.0,-0.0014468402,0.0,-0.0014468402,0.0,7.99919319152832,0.0,0.0014468402,0.0,0.0,-0.0,0.0,-0.0,0.0,0.0,-0.0,0.0,11.057262,0.74785113,0.0,1.4154257,3.6312447,1.2348512,2.0610566,0.0,0.0,0.0,0.3400628,0.1383698,0.5675896,0.0,3.6312447,0.0,3.6326914,3.7071908,1.4154257,-0.074499406,12.8,19.02768,21.083334,21.083334,2.0
resstock-amy2018-2021-release-1-285517,0.0,1.320796,1.760035,0.0,0.5545945,1.8171332,0.0,0.0,0.0,0.0,0.0,0.0,0.0,0.0,0.0,0.0,0.0,0.0,7.99919319152832,0.0,-0.0,0.0,0.0,-0.0,0.0,-0.0,0.0,0.0,-0.0,0.0,11.057262,1.320796,0.0,1.3740956,3.6011605,1.1889143,2.0101905,0.0,0.0,0.0,0.33014753,0.1383698,0.5582063,0.0,3.6011605,0.0,3.6011605,3.7458234,1.3740956,-0.14466275,13.3,20.044495,21.11111,21.11111,2.0
resstock-amy2018-2021-release-1-285517,0.0,1.1784463,0.0,0.0,0.48621705,0.0,0.0,0.0,0.0,0.0,0.0,0.0,0.0,0.0,0.094968475,0.094968475,0.0,0.010588297,7.999191761016846,0.08469781563859557,-0.0,0.094968475,0.0,-0.0,0.0,-0.0,0.0,0.0,-0.0,0.0,11.057262,1.1784463,0.0,1.3719842,1.7408355,0.5468835,0.96787333,0.0,0.0,0.0,0.31415,0.1383698,0.55598205,0.0,1.7408355,0.0,1.6458671,1.8582013,1.3719842,-0.21233419,13.9,20.478966,21.11111,21.11111,2.0
resstock-amy2018-2021-release-1-285517,0.0,0.926537,0.0,0.0,0.35747263,0.0,0.0,0.0,0.0,0.0,0.0,0.0,0.0,0.0,0.44802147,0.44802147,0.0,0.061068755,7.999185085296631,0.48850027131953944,-0.0,0.44802147,0.0,-0.0,0.0,-0.0,0.0,0.0,-0.0,0.0,11.057262,0.926537,0.0,1.1521863,1.7124689,0.5379721,0.944383,0.0,0.0,0.0,0.31415,0.1383698,0.5514746,0.0,1.7124689,0.0,1.2644475,1.509659,1.1521863,-0.24521162,16.1,20.625942,21.11111,21.11111,2.0
resstock-amy2018-2021-release-1-285517,0.0,0.9878528,0.0,0.0,0.42104554,0.0,0.0,0.0,0.0,0.0,0.0,0.0,0.0,0.0,0.42340496,0.42340496,0.0,0.10859553,7.999178886413574,0.8686750524050169,-0.0,0.42340496,0.0,-0.0,0.0,-0.0,0.0,0.0,-0.0,0.0,11.057262,0.9878528,0.0,1.0674542,1.6584784,0.52754635,0.8894388,0.0,0.0,0.0,0.3180906,0.1383698,0.5362981,0.0,1.6584784,0.0,1.2350734,1.4884998,1.0674542,-0.25342628,12.78,20.927666,21.11111,21.11111,2.0
resstock-amy2018-2021-release-1-285517,0.0,0.72337806,0.0,0.0,0.2887752,0.0,0.0,0.0,0.0,0.0,0.0,0.0,0.0,0.0,0.3837583,0.3837583,0.0,0.15146895,7.999173164367676,1.211626340315334,-0.0,0.3837583,0.0,-0.0,0.0,-0.0,0.0,0.0,-0.0,0.0,11.057262,0.72337806,0.0,0.84292924,1.2789774,0.41867378,0.68606734,0.0,0.0,0.0,0.3273504,0.1383698,0.5364187,0.0,1.2789774,0.0,0.8952191,1.1317044,0.84292924,-0.23648533,15.0,21.040524,21.11111,21.11111,2.0
resstock-amy2018-2021-release-1-285517,0.20903757,0.78432757,0.38367388,0.0,0.32360697,0.39612082,0.0,0.0,0.0,0.0,0.0,0.0,0.0,0.0,0.60016084,0.60016084,0.0,0.21902624,7.99916410446167,1.7520268187547998,-0.0,0.60016084,0.0,-0.0,0.0,-0.0,0.0,0.0,-0.0,0.0,11.057262,0.78432757,0.0,0.6857111,1.8536693,0.63886714,1.0044044,0.0,0.0,0.0,0.34465,0.1383698,0.54184663,0.0,1.8536693,0.0,1.2535084,1.4054389,0.6857111,-0.15193042,13.9,21.475063,21.11111,21.11111,2.0
resstock-amy2018-2021-release-1-285517,0.0,0.66831434,0.0,0.0,0.28956857,0.0,0.0,0.0,0.0,0.0,0.0,0.0,0.0,0.0,0.3776711,0.3776711,0.0,0.26089656,7.9991583824157715,2.0869529331042145,-0.0,0.3776711,0.0,-0.0,0.0,-0.0,0.0,0.0,-0.0,0.0,11.057262,0.66831434,0.0,0.6183161,1.2776251,0.4694033,0.73070496,0.0,0.0,0.0,0.367403,0.1383698,0.5719244,0.0,1.2776251,0.0,0.89995396,0.90788466,0.6183161,-0.007930714,12.2,21.721668,21.11111,21.11111,2.0
resstock-amy2018-2021-release-1-285517,0.0,0.6225797,0.0,0.0,0.27808762,0.0,0.0,0.0,0.0,0.0,0.0,0.0,0.0,0.0,0.044634145,0.044634145,0.0,0.26513234,7.999157905578613,2.120835436006274,-0.0,0.044634145,0.0,-0.0,0.0,-0.0,0.0,0.0,-0.0,0.0,11.057262,0.6225797,0.0,0.9325983,1.2553201,0.4287101,0.7601726,0.0,0.0,0.0,0.3415146,0.1383698,0.6055608,0.0,1.2553201,0.0,1.210686,1.210686,0.9325983,-0.0,11.1,21.778423,21.11111,21.11111,2.0
resstock-amy2018-2021-release-1-285517,0.0,0.5962624,0.3836743,0.0,0.27431515,0.39612123,0.0,0.0,0.0,0.0,0.0,0.0,0.0,0.0,0.2997503,0.2997503,0.0,0.29802525,7.999153137207031,2.3839496169830454,-0.0,0.2997503,0.0,-0.0,0.0,-0.0,0.0,0.0,-0.0,0.0,11.057262,0.5962624,0.0,0.8873209,1.8575076,0.6175284,1.145356,0.0,0.0,0.0,0.33245,0.1383698,0.6166091,0.0,1.8575076,0.0,1.5577573,1.5577573,0.8873209,-0.0,10.0,21.517607,21.11111,21.11111,2.0
resstock-amy2018-2021-release-1-285517,0.0,0.6109216,0.0,0.0,0.28105924,0.0,0.0,0.0,0.0,0.0,0.0,0.0,0.0,0.0,0.12871797,0.12871797,0.0,0.31155494,7.999151229858398,2.4921750699087966,-0.0,0.12871797,0.0,-0.0,0.0,-0.0,0.0,0.0,-0.0,0.0,11.057262,0.6109216,0.0,0.7899379,1.1997151,0.38161808,0.74578065,0.0,0.0,0.0,0.3180906,0.1383698,0.62163144,0.0,1.1997151,0.0,1.0709971,1.0709971,0.7899379,-0.0,10.0,21.19273,21.11111,21.11111,2.0
resstock-amy2018-2021-release-1-285517,0.0,0.67494935,0.0,0.0,0.3154445,0.0,0.0,0.0,0.0,0.0,0.0,0.0,0.0,0.0,0.44322038,0.44322038,0.0,0.36064148,7.999144554138184,2.884823326676269,-0.0,0.44322038,0.0,-0.0,0.0,-0.0,0.0,0.0,-0.0,0.0,11.057262,0.67494935,0.0,0.5705516,1.3292165,0.40946513,0.8237952,0.0,0.0,0.0,0.30805,0.1383698,0.61976,0.0,1.3292165,0.0,0.8859961,0.8859961,0.5705516,-0.0,9.4,20.684088,21.11111,21.11111,2.0
resstock-amy2018-2021-release-1-285517,0.0,0.85977083,0.0,0.0,0.5455736,0.0,0.0,0.0,0.0,0.0,0.0,0.0,0.0,0.0,0.060026094,0.060026094,0.0,0.3663138,7.999143600463867,2.930196571560657,-0.0,0.060026094,0.0,-0.0,0.0,-0.0,0.3075804,0.3075804,-0.0,0.027497463,11.057262,0.85977083,0.0,0.5172955,1.1228951,0.3390582,0.68672913,0.0,0.0,0.0,0.30195,0.1383698,0.6115701,0.0,1.1228951,0.0,0.91911817,0.91911817,0.5172955,-0.0,9.4,20.404032,20.555555,20.555555,2.0
resstock-amy2018-2021-release-1-285517,0.0,0.7834045,1.0283294,0.0,0.22954845,1.0616899,0.0,0.0,0.0,0.0,0.0,0.0,0.0,0.0,-0.03992786,0.0,-0.03992786,0.35967964,7.999143123626709,2.8771289137306724,0.03992786,0.0,0.0,-0.0,0.0,-0.0,0.0,0.0,0.29793406,0.0,11.057262,0.48547047,0.0,0.3657726,1.6170831,0.48190594,0.95944196,0.0,0.0,0.0,0.2980094,0.1383698,0.59331644,0.0,1.6170831,0.0,1.7978852,1.7978852,0.3657726,-0.0,8.95,19.99143,20.0,20.0,2.0
resstock-amy2018-2021-release-1-285517,0.0,1.1975265,0.0,0.0,1.0045389,0.0,0.0,0.0,0.0,0.0,0.0,0.0,0.0,0.0,0.5712064,0.5712064,0.0,0.4233146,7.999134540557861,3.386150447844912,-0.0,0.5712064,0.0,-0.0,0.0,-0.0,0.9242352,0.9242352,-0.0,0.08262595,11.057262,1.1975265,0.0,0.30805928,1.8838046,0.5292851,1.0769079,0.0,0.0,0.0,0.280966,0.1383698,0.5716665,0.0,1.8838046,0.0,0.875023,0.875023,0.30805928,-0.0,8.9,19.960518,20.0,20.0,2.0
resstock-amy2018-2021-release-1-285517,0.0,0.90174556,0.0,0.0,0.070744835,0.0,0.0,0.0,0.0,0.0,0.0,0.0,0.0,0.0,-0.5561082,0.0,-0.5561082,0.34531185,7.999125957489014,2.762192985238258,0.5561082,0.0,0.0,-0.0,0.0,-0.0,0.0,0.0,0.7523201,0.013076503,11.057262,0.14942545,0.0,0.307143,-0.17822033,-0.047899563,0.0,0.0,0.0,0.0,0.268766,0.1383698,0.56309146,0.0,0.0,-0.17822033,0.73407054,0.73407054,0.307143,-0.0,8.9,19.336864,19.444445,19.444445,2.0
resstock-amy2018-2021-release-1-285517,0.0,0.8714508,0.0,0.0,0.34550518,0.0,0.0,0.0,0.0,0.0,0.0,0.0,0.0,0.0,-0.32567692,0.0,-0.32567692,0.29903263,7.999121189117432,2.3919982351615943,0.32567692,0.0,0.0,-0.0,0.0,-0.0,0.0,0.0,0.14168344,0.0,11.057262,0.7297673,0.0,0.30622673,0.326055,0.084927544,0.18332131,0.0,0.0,0.0,0.26047,0.1383698,0.5622405,0.0,0.326055,0.0,0.71881133,0.71881133,0.30622673,-0.0,8.9,18.929134,18.88889,18.88889,2.0
resstock-amy2018-2021-release-1-285517,0.0,0.68373805,0.0,0.0,0.32870585,0.0,0.0,0.0,0.0,0.0,0.0,0.0,0.0,0.0,-0.13019095,0.0,-0.13019095,0.27996793,7.999119281768799,2.2394968982820984,0.13019095,0.0,0.0,-0.0,0.0,-0.0,0.0,0.0,-0.0,0.0,11.057262,0.68373805,0.0,0.31262633,0.5111412,0.13281268,0.28931186,0.0,0.0,0.0,0.2598356,0.1383698,0.5660116,0.0,0.5111412,0.0,0.64133215,0.64133215,0.31262633,-0.0,8.3,18.33693,18.88889,18.88889,2.0
resstock-amy2018-2021-release-1-285517,0.595075,0.69345665,0.0,0.0,0.337598,0.0,0.0,0.0,0.0,0.0,0.0,0.0,0.0,0.0,-0.24341436,0.0,-0.24341436,0.24522907,7.999115467071533,1.9616156101625677,0.24341436,0.0,0.0,-0.0,0.0,-0.0,0.0,0.0,-0.0,0.0,11.057262,0.69345665,0.0,0.34097353,0.43515718,0.11555389,0.24510944,0.0,0.0,0.0,0.2655452,0.1383698,0.56326646,0.0,0.43515718,0.0,0.6785715,0.6785715,0.34097353,-0.0,7.8,17.880186,17.222221,17.222221,2.0
resstock-amy2018-2021-release-1-285517,0.0,0.90867156,0.0,0.0,0.47845668,0.0,0.0,0.0,0.0,0.0,0.0,0.0,0.0,0.0,-0.44943917,0.0,-0.44943917,0.18225427,7.999108791351318,1.4578717311715579,0.44943917,0.0,0.0,-0.0,0.0,-0.0,0.05959753,0.05959753,-0.0,0.005327975,11.057262,0.90867156,0.0,0.39218462,0.42120212,0.11433532,0.23694615,0.0,0.0,0.0,0.27145,0.1383698,0.5625474,0.0,0.42120212,0.0,0.841192,0.841192,0.39218462,-0.0,7.2,17.68431,17.222221,17.222221,2.0
resstock-amy2018-2021-release-1-285517,0.0,1.0075302,0.0,0.0,0.4623954,0.0,0.0,0.0,0.0,0.0,0.0,0.0,0.0,0.0,0.2993064,0.2993064,0.0,0.21532965,7.999104022979736,1.7224442460981209,-0.0,0.2993064,0.0,-0.0,0.0,-0.0,0.0,0.0,0.05772842,0.0,11.057262,0.9498018,0.0,0.9019584,1.6636602,0.48795187,0.92294747,0.0,0.0,0.0,0.2933002,0.1383698,0.5547692,0.0,1.6636602,0.0,1.392458,1.392458,0.9019584,-0.0,7.8,17.640076,17.444445,17.444445,2.0
resstock-amy2018-2021-release-1-285517,0.0,1.1460575,0.0,0.0,0.56212384,0.0,0.0,0.0,0.0,0.0,0.0,0.0,0.0,0.0,0.36295518,0.36295518,0.0,0.25553608,7.999098300933838,2.0440582186097345,-0.0,0.36295518,0.0,-0.0,0.0,-0.0,0.0,0.0,-0.0,0.0,11.057262,1.1460575,0.0,0.9861797,1.9112588,0.58591855,1.0375279,0.0,0.0,0.0,0.3065616,0.1383698,0.54285055,0.0,1.9112588,0.0,1.5483036,1.5483036,0.9861797,-0.0,7.5,17.759075,20.555555,20.555555,2.0
resstock-amy2018-2021-release-1-285517,0.0,1.7836252,0.0,0.0,1.2669322,0.0,0.0,0.0,0.0,0.0,0.0,0.0,0.0,0.0,-0.07148065,0.0,-0.07148065,0.24479343,7.9990973472595215,1.958126476305516,0.07148065,0.0,0.0,-0.0,0.0,-0.0,0.9702293,0.9702293,-0.0,0.08673778,11.057262,1.7836252,0.0,1.1842256,2.3782098,0.7331878,1.2915355,0.0,0.0,0.0,0.308294,0.1383698,0.54307044,0.0,2.3782098,0.0,2.0033288,2.004796,1.1842256,-0.0014671325,10.0,18.410221,20.555555,20.555555,2.0
resstock-amy2018-2021-release-1-285517,0.0,1.6162741,0.0,0.0,0.91931164,0.0,0.0,0.0,0.0,0.0,0.0,0.0,0.0,0.0,-0.3220263,0.0,-0.3220263,0.19929923,7.9990925788879395,1.5942130010428812,0.3220263,0.0,0.0,-0.0,0.0,-0.0,0.4760788,0.4760788,-0.0,0.12854293,11.057262,1.6162741,0.0,1.172248,1.7480022,0.53815216,0.9716513,0.0,0.0,0.0,0.307867,0.1383698,0.5558639,0.0,1.7480022,0.0,1.860855,1.8823862,1.172248,-0.021531174,11.7,18.813509,20.555555,20.555555,2.0
resstock-amy2018-2021-release-1-285517,0.0,1.2299831,0.38391536,0.0,0.45742232,0.39637014,0.0,0.0,0.0,0.0,0.0,0.0,0.0,0.0,-0.6285011,0.0,-0.6285011,0.11212001,7.999083042144775,0.8968572703460929,0.6285011,0.0,0.0,-0.0,0.0,-0.0,0.0,0.0,0.1888901,0.11014119,11.057262,1.041093,0.0,1.3153263,1.4660937,0.43000558,0.7920284,0.0,0.0,0.0,0.2933002,0.1383698,0.54023045,0.0,1.4660937,0.0,2.177587,2.2521112,1.3153263,-0.07452407,11.7,19.108723,20.643518,20.643518,2.0
resstock-amy2018-2021-release-1-285517,0.0,1.1456413,0.99332803,0.0,0.0,1.025553,0.0,0.0,0.0,0.0,0.0,0.0,0.0,0.0,-0.5432449,0.0,-0.5432449,0.03673799,7.999074935913086,0.2938699320793674,0.5432449,0.0,0.0,-0.0,0.0,-0.0,0.0,0.0,1.1456413,0.004367202,11.057262,0.0,0.0,1.3740956,1.744417,0.4818351,0.89884853,0.0,0.0,0.0,0.27621555,0.1383698,0.5152716,0.0,1.744417,0.0,2.7993853,2.911372,1.3740956,-0.111986674,11.1,19.475069,21.666666,21.666666,2.0
resstock-amy2018-2021-release-1-285517,0.0,1.3353133,0.0,0.0,0.5753085,0.0,0.0,0.0,0.0,0.0,0.0,0.0,0.0,0.0,-0.26329392,0.0,-0.26329392,0.0,7.99907112121582,0.0,0.26329392,0.0,0.0,-0.0,0.0,-0.0,0.0,0.0,0.04731848,0.0,11.057262,1.2879949,0.0,1.2689164,1.4643774,0.35446748,0.730264,0.0,0.0,0.0,0.2420602,0.1383698,0.49868566,0.0,1.4643774,0.0,1.7488071,1.8653606,1.2689164,-0.11655358,11.1,19.85193,21.666666,21.666666,2.0
resstock-amy2018-2021-release-1-285517,0.0,1.0842031,0.0,0.0,0.4763635,0.0,0.0,0.0,0.0,0.0,0.0,0.0,0.0,0.0,0.0,0.0,0.0,0.0,7.99907112121582,0.0,-0.0,0.0,0.0,-0.0,0.0,-0.0,0.0,0.0,-0.0,0.0,11.057262,1.0842031,0.0,1.0492793,1.3611228,0.31781578,0.6684168,0.0,0.0,0.0,0.2334953,0.1383698,0.4910775,0.0,1.3611228,0.0,1.3611228,1.5256429,1.0492793,-0.16452004,11.7,19.842337,21.666666,21.666666,2.0
resstock-amy2018-2021-release-1-285517,0.0,0.9524146,0.38391387,0.0,0.41845992,0.3963686,0.0,0.0,0.0,0.0,0.0,0.0,0.0,0.0,0.0,0.0,0.0,0.0,7.99907112121582,0.0,-0.0,0.0,0.0,-0.0,0.0,-0.0,0.0,0.0,-0.0,0.0,11.057262,0.9524146,0.0,0.96704596,1.6655751,0.4233723,0.8068024,0.0,0.0,0.0,0.25418985,0.1383698,0.48439866,0.0,1.6655751,0.0,1.6655751,1.7818745,0.96704596,-0.11629941,11.7,19.906898,21.666666,21.666666,2.0
resstock-amy2018-2021-release-1-285517,0.0,0.8373741,0.3839156,0.0,0.3628191,0.39637038,0.0,0.0,0.0,0.0,0.0,0.0,0.0,0.0,0.0,0.0,0.0,0.0,7.99907112121582,0.0,-0.0,0.0,0.0,-0.0,0.0,-0.0,0.0,0.0,-0.0,0.0,11.057262,0.8373741,0.0,0.84292924,1.5065322,0.43651772,0.7122682,0.0,0.0,0.0,0.28975,0.1383698,0.47278655,0.0,1.5065322,0.0,1.5065322,1.6021187,0.84292924,-0.09558656,12.2,20.001019,21.666666,21.666666,2.0
resstock-amy2018-2021-release-1-285517,0.0,1.1931248,1.9195637,0.0,1.3476005,1.981837,0.0,0.0,0.0,0.0,0.0,0.0,0.0,0.0,0.0,0.0,0.0,0.0,7.99907112121582,0.0,-0.0,0.0,0.0,-0.0,0.0,-0.0,1.917091,1.917091,-0.0,0.17138651,11.057262,1.1931248,0.0,0.6857111,3.9712324,1.1999372,1.8604101,0.0,0.0,0.0,0.3021574,0.1383698,0.46847174,0.0,3.9712324,0.0,3.1405914,3.1845074,0.6857111,-0.043916076,12.2,20.515284,21.666666,21.666666,2.0
resstock-amy2018-2021-release-1-285517,0.0,1.155694,0.0,0.0,0.31277496,0.0,0.0,0.0,0.0,0.0,0.0,0.0,0.0,0.0,0.12617952,0.12617952,0.0,0.014082092,7.9990692138671875,0.11264362746796053,-0.0,0.12617952,0.0,-0.0,0.0,-0.0,0.0,0.0,0.45545658,0.12822336,11.057262,0.7002374,0.0,0.6183161,1.0568717,0.32906353,0.51285213,0.0,0.0,0.0,0.3113562,0.1383698,0.48525488,0.0,1.0568717,0.0,1.1341308,1.1345297,0.6183161,-0.00039888153,11.1,20.726036,21.666666,21.666666,2.0
resstock-amy2018-2021-release-1-285517,0.0,1.148525,0.0,0.0,1.0356627,0.0,0.0,0.0,0.0,0.0,0.0,0.0,0.0,0.0,-0.1005832,0.0,-0.1005832,0.00011549917,7.999067783355713,0.0009238856867432345,0.1005832,0.0,0.0,-0.0,0.0,-0.0,1.1701059,1.1701059,-0.0,0.23171246,11.057262,1.148525,0.0,0.9325983,1.8676778,0.57579386,0.9717211,0.0,0.0,0.0,0.308294,0.1383698,0.52028304,0.0,1.8676778,0.0,1.4456099,1.4456099,0.9325983,-0.0,11.1,20.98573,21.666666,21.666666,2.0
resstock-amy2018-2021-release-1-285517,0.0,0.8872429,0.0,0.0,0.5775274,0.0,0.0,0.0,0.0,0.0,0.0,0.0,0.0,0.0,-0.00083151343,0.0,-0.00083151343,0.0,7.999067783355713,0.0,0.00083151343,0.0,0.0,-0.0,0.0,-0.0,0.38834104,0.38834104,-0.0,0.26441038,11.057262,0.8872429,0.0,1.2847842,1.8614801,0.584784,0.993228,0.0,0.0,0.0,0.31415,0.1383698,0.533569,0.0,1.8614801,0.0,1.6864882,1.6864882,1.2847842,-0.0,10.6,20.826588,21.666666,21.666666,2.0
resstock-amy2018-2021-release-1-285517,0.0,0.8439788,1.0624323,0.0,0.0,1.0968992,0.0,0.0,0.0,0.0,0.0,0.0,0.0,0.0,0.0,0.0,0.0,0.0,7.999067783355713,0.0,-0.0,0.0,0.0,-0.0,0.0,-0.0,0.0,0.0,0.8439788,0.18489082,11.057262,0.0,0.0,1.0160697,2.112969,0.65115786,1.136235,0.0,0.0,0.0,0.308172,0.1383698,0.53774333,0.0,2.112969,0.0,2.4899487,2.4899487,1.0160697,-0.0,11.1,20.655357,21.666666,21.666666,2.0
resstock-amy2018-2021-release-1-285517,0.0,0.7450657,0.0,0.0,0.0,0.0,0.0,0.0,0.0,0.0,0.0,0.0,0.0,0.0,0.19192995,0.19192995,0.0,0.021464838,7.999064922332764,0.17169863042985956,-0.0,0.19192995,0.0,-0.0,0.0,-0.0,0.0,0.0,0.7450657,0.1151138,11.057262,0.0,0.0,0.5705516,0.7624815,0.23366383,0.40937945,0.0,0.0,0.0,0.3064518,0.1383698,0.5369041,0.0,0.7624815,0.0,0.8979091,0.8979091,0.5705516,-0.0,11.7,20.382635,21.666666,21.666666,2.0
resstock-amy2018-2021-release-1-285517,0.0,0.67678106,0.0,0.0,0.0,0.0,0.0,0.0,0.0,0.0,0.0,0.0,0.0,0.0,-0.15339623,0.0,-0.15339623,0.0,7.999062538146973,0.0,0.15339623,0.0,0.0,-0.0,0.0,-0.0,0.0,0.0,0.67678106,0.05219223,11.057262,0.0,0.0,0.4145099,0.26111364,0.07740338,0.13928278,0.0,0.0,0.0,0.2964356,0.1383698,0.53341824,0.0,0.26111364,0.0,0.7168076,0.7168076,0.4145099,-0.0,11.1,20.025663,21.11111,21.11111,2.0
resstock-amy2018-2021-release-1-285517,0.0,0.6755427,0.0,0.0,0.049821954,0.0,0.0,0.0,0.0,0.0,0.0,0.0,0.0,0.0,0.0,0.0,0.0,0.0,7.999062538146973,0.0,-0.0,0.0,0.0,-0.0,0.0,-0.0,0.0,0.0,0.56550103,0.0,11.057262,0.11004168,0.0,0.30897555,0.3587975,0.10523538,0.19491231,0.0,0.0,0.0,0.2933002,0.1383698,0.5432377,0.0,0.3587975,0.0,0.6148311,0.6148311,0.30897555,-0.0,10.6,19.696495,20.555555,20.555555,2.0
resstock-amy2018-2021-release-1-285517,0.0,0.48344064,0.0,0.0,0.22241063,0.0,0.0,0.0,0.0,0.0,0.0,0.0,0.0,0.0,0.0,0.0,0.0,0.0,7.999062538146973,0.0,-0.0,0.0,0.0,-0.0,0.0,-0.0,0.0,0.0,-0.0,0.0,11.057262,0.48344064,0.0,0.30805928,0.5304699,0.14762022,0.2858418,0.0,0.0,0.0,0.278282,0.1383698,0.5388464,0.0,0.5304699,0.0,0.5304699,0.5304699,0.30805928,-0.0,10.0,19.069134,20.0,20.0,2.0
resstock-amy2018-2021-release-1-285517,0.0,0.45002592,0.0,0.0,2.0235674,0.0,0.0,0.0,0.0,0.0,0.0,0.0,0.0,0.0,0.46371922,0.46371922,0.0,0.052305542,7.9990553855896,0.4183949268920095,-0.0,0.46371922,0.0,-0.0,0.0,-0.0,3.8842692,3.8842692,-0.0,0.3472508,11.057262,0.45002592,0.0,0.307143,2.7944295,0.74593383,1.5905148,0.0,0.0,0.0,0.266936,0.1383698,0.56917334,0.0,2.7944295,0.0,0.51724815,0.51724815,0.307143,-0.0,9.44,18.525318,19.444445,19.444445,2.0
resstock-amy2018-2021-release-1-285517,0.0,0.41484576,0.0,0.0,1.4906732,0.0,0.0,0.0,0.0,0.0,0.0,0.0,0.0,0.0,-0.03268708,0.0,-0.03268708,0.047568657,7.999054908752441,0.38050429531231345,0.03268708,0.0,0.0,-0.0,0.0,-0.0,2.6018803,2.6018803,-0.0,0.57683057,11.057262,0.41484576,0.0,0.30622673,1.7642128,0.4510443,1.021914,0.0,0.0,0.0,0.2556632,0.1383698,0.57924646,0.0,1.7642128,0.0,0.511217,0.511217,0.30622673,-0.0,7.2,17.846832,19.444445,19.444445,2.0
resstock-amy2018-2021-release-1-285517,0.0,1.216022,0.0,0.0,2.055308,0.0,0.0,0.0,0.0,0.0,0.0,0.0,0.0,0.0,0.06760603,0.06760603,0.0,0.054966085,7.999053955078125,0.43967667688752954,-0.0,0.06760603,0.0,-0.0,0.0,-0.0,2.9433749,2.9433749,-0.0,0.8349388,11.057262,1.216022,0.0,0.31262633,2.4355404,0.60170025,1.411531,0.0,0.0,0.0,0.24705,0.1383698,0.5795556,0.0,2.4355404,0.0,0.91350675,0.91350675,0.31262633,-0.0,7.2,18.01495,18.88889,18.88889,2.0
resstock-amy2018-2021-release-1-285517,0.47763833,1.5768052,0.0,0.0,0.8903011,0.0,0.0,0.0,0.0,0.0,0.0,0.0,0.0,0.0,-0.30611092,0.0,-0.30611092,0.012198097,7.999049186706543,0.09757317846748226,0.30611092,0.0,0.0,-0.0,0.0,-0.0,0.2519534,0.2519534,-0.0,0.85018647,11.057262,1.5768052,0.0,0.34097353,0.9251637,0.22923891,0.54637635,0.0,0.0,0.0,0.247782,0.1383698,0.59057266,0.0,0.9251637,0.0,1.1086153,1.1086153,0.34097353,-0.0,7.8,18.100065,17.222221,17.222221,2.0
resstock-amy2018-2021-release-1-285517,0.0,1.3293781,0.0,0.0,1.203549,0.0,0.0,0.0,0.0,0.0,0.0,0.0,0.0,0.0,0.12463327,0.12463327,0.0,0.026072685,7.99904727935791,0.20855663741875574,-0.0,0.12463327,0.0,-0.0,0.0,-0.0,1.2127273,1.2127273,-0.0,0.9511937,11.057262,1.3293781,0.0,0.39218462,1.720367,0.42501667,1.0280449,0.0,0.0,0.0,0.24705,0.1383698,0.59757304,0.0,1.720367,0.0,1.0215732,1.0215732,0.39218462,-0.0,8.9,17.90485,18.097221,18.097221,2.0
resstock-amy2018-2021-release-1-285517,0.0,2.5783384,1.2670357,0.0,1.8748488,1.3081402,0.0,0.0,0.0,0.0,0.0,0.0,0.0,0.0,0.018017542,0.018017542,0.0,0.028003361,7.999046802520752,0.22400019587574427,-0.0,0.018017542,0.0,-0.0,0.0,-0.0,0.6386671,0.6386671,-0.0,1.0,11.057262,2.5783384,0.0,0.504495,3.7055016,0.99121135,2.2029219,0.0,0.0,0.0,0.2674972,0.1383698,0.5945003,0.0,3.7055016,0.0,3.380446,3.380446,0.504495,-0.0,8.3,18.929258,18.88889,18.88889,2.0
resstock-amy2018-2021-release-1-285517,0.0,2.09234,0.0,0.0,0.0,0.0,0.0,0.0,0.0,0.0,0.0,0.0,0.0,0.0,-0.032258358,0.0,-0.032258358,0.023394858,7.999046325683594,0.1871365566411356,0.032258358,0.0,0.0,-0.0,0.0,-0.0,0.0,0.0,2.09234,0.7998576,11.057262,0.0,0.0,0.79902035,0.766762,0.20664082,0.45576575,0.0,0.0,0.0,0.269498,0.1383698,0.59440315,0.0,0.766762,0.0,1.7616177,1.7616177,0.79902035,-0.0,10.0,19.102072,18.88889,18.88889,2.0
resstock-amy2018-2021-release-1-285517,0.0,1.796488,1.819188,0.0,0.9075582,1.8782051,0.0,0.0,0.0,0.0,0.0,0.0,0.0,0.0,-0.16660082,0.0,-0.16660082,0.00039118904,7.999043941497803,0.003129138304834342,0.16660082,0.0,0.0,-0.0,0.0,-0.0,0.17621697,0.17621697,-0.0,0.80864024,11.057262,1.796488,0.0,1.0022558,3.6097045,0.9728081,2.1804059,0.0,0.0,0.0,0.269498,0.1383698,0.60403997,0.0,3.6097045,0.0,3.6952353,3.7069492,1.0022558,-0.011713898,10.0,19.084751,18.88889,18.88889,2.0
resstock-amy2018-2021-release-1-285517,0.0,0.9234419,0.0,0.0,0.0,0.0,0.0,0.0,0.0,0.0,0.0,0.0,0.0,0.0,-0.0028148692,0.0,-0.0028148692,0.0,7.999043941497803,0.0,0.0028148692,0.0,0.0,-0.0,0.0,-0.0,0.0,0.0,0.9234419,0.7171074,11.057262,0.0,0.0,1.2736433,1.2358221,0.33395618,0.76095,0.0,0.0,0.0,0.27023,0.1383698,0.615744,0.0,1.2358221,0.0,1.6511106,1.6861169,1.2736433,-0.03500633,11.1,18.83498,19.194445,19.194445,2.0
resstock-amy2018-2021-release-1-285517,0.0,1.1390135,0.0,0.0,0.0,0.0,0.0,0.0,0.0,0.0,0.0,0.0,0.0,0.0,0.30424073,0.30424073,0.0,0.034146175,7.999039173126221,0.27313658974542676,-0.0,0.30424073,0.0,-0.0,0.0,-0.0,0.0,0.0,1.1390136,0.6066499,11.057262,0.0,0.0,1.3153263,1.5506997,0.41791046,0.9624523,0.0,0.0,0.0,0.269498,0.1383698,0.6206568,0.0,1.5506997,0.0,1.7399731,1.8088403,1.3153263,-0.068867266,12.2,19.096684,20.555555,20.555555,2.0
resstock-amy2018-2021-release-1-285517,0.0,1.6061418,0.0,0.0,0.24730697,0.0,0.0,0.0,0.0,0.0,0.0,0.0,0.0,0.0,-0.07998372,0.0,-0.07998372,0.022835722,7.999037742614746,0.18266380370264734,0.07998372,0.0,0.0,-0.0,0.0,-0.0,0.0,0.0,1.0255811,0.5075329,11.057262,0.5805607,0.0,1.2727137,1.2984691,0.338735,0.80257887,0.0,0.0,0.0,0.2608726,0.1383698,0.61809623,0.0,1.2984691,0.0,1.8153293,1.9568971,1.2727137,-0.14156784,12.8,19.92361,20.555555,20.555555,2.0
resstock-amy2018-2021-release-1-285517,0.0,1.0003777,0.0,0.0,5.005528e-08,0.0,0.0,0.0,0.0,0.0,0.0,0.0,0.0,0.0,-0.024424218,0.0,-0.024424218,0.019340975,7.999037265777588,0.15470918146183532,0.024424218,0.0,0.0,-0.0,0.0,-0.0,0.0,0.0,1.0003775,0.41158557,11.057262,1.1920929e-07,0.0,1.2689164,1.0903071,0.2839225,0.6694315,0.0,0.0,0.0,0.260406,0.1383698,0.61398435,0.0,1.0903071,0.0,1.534784,1.688969,1.2689164,-0.15418504,13.3,19.860262,21.064816,21.064816,2.0
resstock-amy2018-2021-release-1-285517,0.0,0.72319204,0.0,0.0,0.0,0.0,0.0,0.0,0.0,0.0,0.0,0.0,0.0,0.0,-0.13769753,0.0,-0.13769753,0.00019530705,7.999035358428955,0.0015622679662417455,0.13769753,0.0,0.0,-0.0,0.0,-0.0,0.0,0.0,0.72319216,0.341834,11.057262,0.0,0.0,0.9463724,0.6550267,0.14801349,0.39121768,0.0,0.0,0.0,0.22596559,0.1383698,0.5972546,0.0,0.6550267,0.0,1.0963883,1.2500365,0.9463724,-0.1536482,13.3,19.790005,20.0,20.0,2.0
resstock-amy2018-2021-release-1-285517,0.0,0.5581708,0.0,0.0,0.0,0.0,0.0,0.0,0.0,0.0,0.0,0.0,0.0,0.0,-0.0014086636,0.0,-0.0014086636,9.163514e-07,7.999035358428955,7.329927107999675e-06,0.0014086636,0.0,0.0,-0.0,0.0,-0.0,0.0,0.0,0.55817086,0.28778806,11.057262,0.0,0.0,0.96704596,0.87081677,0.19815116,0.4965163,0.0,0.0,0.0,0.22754633,0.1383698,0.5701731,0.0,0.87081677,0.0,1.102522,1.1973425,0.96704596,-0.094820544,13.9,19.813858,20.0,20.0,2.0
resstock-amy2018-2021-release-1-285517,0.80115765,0.6261608,1.7929387,0.0,0.0,1.8511043,0.0,0.0,0.0,0.0,0.0,0.0,0.0,0.0,-6.659182e-06,0.0,-6.659182e-06,4.6079673e-09,7.999035358428955,3.685929369138816e-08,6.659182e-06,0.0,0.0,-0.0,0.0,-0.0,0.0,0.0,0.6261608,0.2279928,11.057262,0.0,0.0,0.84292924,2.5200963,0.67359746,1.4174381,0.0,0.0,0.0,0.26729035,0.1383698,0.562454,0.0,2.5200963,0.0,2.7700686,2.943999,0.84292924,-0.17393042,15.0,20.022062,20.0,20.0,2.0
resstock-amy2018-2021-release-1-285517,0.080049835,0.9118351,0.0,0.0,0.0,0.0,0.0,0.0,0.0,0.0,0.0,0.0,0.0,0.0,-3.306206e-08,0.0,-3.306206e-08,0.0,7.999035358428955,0.0,3.306206e-08,0.0,0.0,-0.0,0.0,-0.0,0.0,0.0,0.91183513,0.1425825,11.057262,0.0,0.0,0.6857111,0.5855516,0.16831341,0.33339936,0.0,0.0,0.0,0.2874442,0.1383698,0.5693765,0.0,0.5855516,0.0,0.95621824,1.0563776,0.6857111,-0.100159384,14.4,20.696482,20.0,20.0,2.0
resstock-amy2018-2021-release-1-285517,0.0,0.90764326,0.0,0.0,0.0,0.0,0.0,0.0,0.0,0.0,0.0,0.0,0.0,0.0,0.0,0.0,0.0,0.0,7.999035358428955,0.0,-0.0,0.0,0.0,-0.0,0.0,-0.0,0.0,0.0,0.90764326,0.0583001,11.057262,0.0,0.0,0.6183161,0.61174864,0.179426,0.35958144,0.0,0.0,0.0,0.2933002,0.1383698,0.5877928,0.0,0.61174864,0.0,0.9928627,0.9994302,0.6183161,-0.006567451,13.3,21.146442,20.847221,20.847221,2.0
resstock-amy2018-2021-release-1-285517,0.0,0.99549735,0.0,0.0,0.527604,0.0,0.0,0.0,0.0,0.0,0.0,0.0,0.0,0.0,0.0,0.0,0.0,0.0,7.999035358428955,0.0,-0.0,0.0,0.0,-0.0,0.0,-0.0,0.24306923,0.24306923,-0.0,0.0795222,11.057262,0.99549735,0.0,0.75185907,1.279463,0.37753013,0.7611257,0.0,0.0,0.0,0.2950692,0.1383698,0.594879,0.0,1.279463,0.0,1.1759205,1.1759205,0.75185907,-0.0,12.8,21.464977,21.11111,21.11111,2.0
resstock-amy2018-2021-release-1-285517,0.0,0.9362545,0.0,0.0,0.17362218,0.0,0.0,0.0,0.0,0.0,0.0,0.0,0.0,0.0,0.0,0.0,0.0,0.0,7.999035358428955,0.0,-0.0,0.0,0.0,-0.0,0.0,-0.0,0.0,0.0,0.53554046,0.029832853,11.057262,0.40071404,0.0,0.8873209,1.060943,0.31324577,0.60088956,0.0,0.0,0.0,0.2952522,0.1383698,0.5663731,0.0,1.060943,0.0,1.292983,1.292983,0.8873209,-0.0,12.2,21.510342,21.11111,21.11111,2.0
resstock-amy2018-2021-release-1-285517,0.0,0.90536815,0.0,0.0,1.0817692,0.0,0.0,0.0,0.0,0.0,0.0,0.0,0.0,0.0,0.0,0.0,0.0,0.0,7.999035358428955,0.0,-0.0,0.0,0.0,-0.0,0.0,-0.0,1.5913181,1.5913181,-0.0,0.17183551,11.057262,0.90536815,0.0,0.7899379,1.8717072,0.54897213,1.0215938,0.0,0.0,0.0,0.2933002,0.1383698,0.54580855,0.0,1.8717072,0.0,1.1822177,1.1822177,0.7899379,-0.0,12.2,21.378172,20.472221,20.472221,2.0
resstock-amy2018-2021-release-1-285517,0.0,0.84028584,1.152439,0.0,0.648167,1.1898258,0.0,0.0,0.0,0.0,0.0,0.0,0.0,0.0,0.0,0.0,0.0,0.0,7.999035358428955,0.0,-0.0,0.0,0.0,-0.0,0.0,-0.0,0.69593674,0.69593674,-0.0,0.23255414,11.057262,0.84028584,0.0,0.69904894,2.5370417,0.7323841,1.3638536,0.0,0.0,0.0,0.2886764,0.1383698,0.5375763,0.0,2.5370417,0.0,2.24341,2.24341,0.69904894,-0.0,13.133333,21.168661,20.555555,20.555555,2.0
resstock-amy2018-2021-release-1-285517,0.0,0.8903574,0.0,0.0,0.085551284,0.0,0.0,0.0,0.0,0.0,0.0,0.0,0.0,0.0,0.0,0.0,0.0,0.0,7.999035358428955,0.0,-0.0,0.0,0.0,-0.0,0.0,-0.0,0.0,0.0,0.6866125,0.16770956,11.057262,0.20374489,0.0,0.5172955,0.60284674,0.16246599,0.31702125,0.0,0.0,0.0,0.269498,0.1383698,0.5258737,0.0,0.60284674,0.0,0.8911513,0.8911513,0.5172955,-0.0,13.3,21.012035,20.555555,20.555555,2.0
resstock-amy2018-2021-release-1-285517,0.0,0.3996147,0.0,0.0,0.0,0.0,0.0,0.0,0.0,0.0,0.0,0.0,0.0,0.0,0.0,0.0,0.0,0.0,7.999035358428955,0.0,-0.0,0.0,0.0,-0.0,0.0,-0.0,0.0,0.0,0.3996147,0.12968738,11.057262,0.0,0.0,0.30897555,0.30897555,0.07067816,0.1581384,0.0,0.0,0.0,0.22875,0.1383698,0.51181525,0.0,0.30897555,0.0,0.47920322,0.47920322,0.30897555,-0.0,12.8,20.290615,20.0,20.0,2.0
resstock-amy2018-2021-release-1-285517,0.0,0.40370685,0.0,0.0,1.2695179e-08,0.0,0.0,0.0,0.0,0.0,0.0,0.0,0.0,0.0,0.0,0.0,0.0,0.0,7.999035358428955,0.0,-0.0,0.0,0.0,-0.0,0.0,-0.0,0.0,0.0,0.40370682,0.0916222,11.057262,2.9802322e-08,0.0,0.30805928,0.30805928,0.048434533,0.16181701,0.0,0.0,0.0,0.15722471,0.1383698,0.5252788,0.0,0.30805928,0.0,0.48003012,0.48003012,0.30805928,-0.0,12.8,19.875698,19.444445,19.444445,2.0
resstock-amy2018-2021-release-1-285517,0.8565315,0.6152038,0.0,0.0,0.0,0.0,0.0,0.0,0.0,0.0,0.0,0.0,0.0,0.0,0.0,0.0,0.0,0.0,7.999035358428955,0.0,-0.0,0.0,0.0,-0.0,0.0,-0.0,0.0,0.0,0.6152038,0.034539044,11.057262,0.0,0.0,0.307143,0.307143,0.04832592,0.15528381,0.0,0.0,0.0,0.15734012,0.1383698,0.50557494,0.0,0.307143,0.0,0.5707047,0.5707047,0.307143,-0.0,12.6,19.706884,17.777779,17.777779,2.0
resstock-amy2018-2021-release-1-285517,0.28363192,0.4504171,0.0,0.0,0.032454427,0.0,0.0,0.0,0.0,0.0,0.0,0.0,0.0,0.0,0.0,0.0,0.0,0.0,7.999035358428955,0.0,-0.0,0.0,0.0,-0.0,0.0,-0.0,0.0,0.0,0.37422934,0.0,11.057262,0.07618776,0.0,0.30622673,0.33868116,0.049659353,0.1760588,0.0,0.0,0.0,0.14662567,0.1383698,0.5198364,0.0,0.33868116,0.0,0.4980952,0.4980952,0.30622673,-0.0,12.8,19.192528,17.777779,17.777779,2.0
resstock-amy2018-2021-release-1-285517,0.0,0.3869612,0.0,0.0,0.16436656,0.0,0.0,0.0,0.0,0.0,0.0,0.0,0.0,0.0,0.0,0.0,0.0,0.0,7.999035358428955,0.0,-0.0,0.0,0.0,-0.0,0.0,-0.0,0.0,0.0,-0.0,0.0,11.057262,0.3869612,0.0,0.33277288,0.49713945,0.07437169,0.27128652,0.0,0.0,0.0,0.14959925,0.1383698,0.545695,0.0,0.49713945,0.0,0.49713945,0.49713945,0.33277288,-0.0,12.9,18.770905,17.777779,17.777779,2.0
resstock-amy2018-2021-release-1-285517,0.0,0.37433866,0.0,0.0,0.15900499,0.0,0.0,0.0,0.0,0.0,0.0,0.0,0.0,0.0,0.0,0.0,0.0,0.0,7.999035358428955,0.0,-0.0,0.0,0.0,-0.0,0.0,-0.0,0.0,0.0,-0.0,0.0,11.057262,0.37433866,0.0,0.34097353,0.4999785,0.08003466,0.28262925,0.0,0.0,0.0,0.1600762,0.1383698,0.5652828,0.0,0.4999785,0.0,0.4999785,0.4999785,0.34097353,-0.0,12.9,18.425037,17.777779,17.777779,2.0
resstock-amy2018-2021-release-1-285517,0.0,0.5078805,0.0,0.0,0.2295477,0.0,0.0,0.0,0.0,0.0,0.0,0.0,0.0,0.0,0.64377284,0.64377284,0.0,0.07302089,7.999025821685791,0.5840959874730132,-0.0,0.64377284,0.0,-0.0,0.0,-0.0,0.030989727,0.030989727,-0.0,0.0027704586,11.057262,0.5078805,0.0,0.39218462,1.2655051,0.25051457,0.7219218,0.0,0.0,0.0,0.19795619,0.1383698,0.5704614,0.0,1.2655051,0.0,0.60853124,0.60853124,0.39218462,-0.0,12.8,18.244282,18.092592,18.092592,2.0
resstock-amy2018-2021-release-1-285517,0.0,0.50728947,0.7687277,0.0,0.20272705,0.79366636,0.0,0.0,0.0,0.0,0.0,0.0,0.0,0.0,0.140949,0.140949,0.0,0.08855365,7.999023914337158,0.7083427813882892,-0.0,0.140949,0.0,-0.0,0.0,-0.0,0.0,0.0,0.030017823,0.0,11.057262,0.47727165,0.0,0.504495,1.6418375,0.46913847,0.95649654,0.0,0.0,0.0,0.2857399,0.1383698,0.5825769,0.0,1.6418375,0.0,1.513639,1.513639,0.504495,-0.0,12.9,18.057373,20.0,20.0,2.0
resstock-amy2018-2021-release-1-285517,0.0,0.5064794,0.0,0.0,0.21759911,0.0,0.0,0.0,0.0,0.0,0.0,0.0,0.0,0.0,-0.47270733,0.0,-0.47270733,0.022841632,7.999016761779785,0.18271060016348883,0.47270733,0.0,0.0,-0.0,0.0,-0.0,0.0,0.0,-0.0,0.0,11.057262,0.5064794,0.0,0.6080099,0.35290164,0.109738596,0.20730902,0.0,0.0,0.0,0.31096086,0.1383698,0.5874414,0.0,0.35290164,0.0,0.82560897,0.82560897,0.6080099,-0.0,12.5,17.982653,19.787037,19.787037,2.0
resstock-amy2018-2021-release-1-285517,0.0,0.5740554,0.0,0.0,0.23685043,0.0,0.0,0.0,0.0,0.0,0.0,0.0,0.0,0.0,-0.16449967,0.0,-0.16449967,0.0,7.999014377593994,0.0,0.16449967,0.0,0.0,-0.0,0.0,-0.0,0.0,0.0,-0.0,0.0,11.057262,0.5740554,0.0,1.0022558,1.0662935,0.33531263,0.6338641,0.0,0.0,0.0,0.3144656,0.1383698,0.5944556,0.0,1.0662935,0.0,1.2307931,1.2391062,1.0022558,-0.008313088,13.9,18.089943,19.444445,19.444445,2.0
resstock-amy2018-2021-release-1-285517,0.0,0.42497197,0.0,0.0,0.17533986,0.0,0.0,0.0,0.0,0.0,0.0,0.0,0.0,0.0,0.0,0.0,0.0,0.0,7.999014377593994,0.0,-0.0,0.0,0.0,-0.0,0.0,-0.0,0.0,0.0,-0.0,0.0,11.057262,0.42497197,0.0,1.2736433,1.425424,0.48527956,0.85356104,0.0,0.0,0.0,0.34044576,0.1383698,0.59881204,0.0,1.425424,0.0,1.425424,1.4489831,1.2736433,-0.023559123,13.9,18.078266,19.444445,19.444445,2.0
resstock-amy2018-2021-release-1-285517,0.0,0.5493491,0.0,0.0,0.21529062,0.0,0.0,0.0,0.0,0.0,0.0,0.0,0.0,0.0,0.0,0.0,0.0,0.0,7.999014377593994,0.0,-0.0,0.0,0.0,-0.0,0.0,-0.0,0.0,0.0,-0.0,0.0,11.057262,0.5493491,0.0,1.3153263,1.4704682,0.47335586,0.8674263,0.0,0.0,0.0,0.32190827,0.1383698,0.58989805,0.0,1.4704682,0.0,1.4704682,1.530617,1.3153263,-0.060148884,15.6,18.19117,19.444445,19.444445,2.0
resstock-amy2018-2021-release-1-285517,0.0,0.57287073,0.0,0.0,0.22869211,0.0,0.0,0.0,0.0,0.0,0.0,0.0,0.0,0.0,0.0,0.0,0.0,0.0,7.999014377593994,0.0,-0.0,0.0,0.0,-0.0,0.0,-0.0,0.0,0.0,-0.0,0.0,11.057262,0.57287073,0.0,1.2727137,1.4183363,0.44835743,0.78329027,0.0,0.0,0.0,0.31611505,0.1383698,0.5522599,0.0,1.4183363,0.0,1.4183363,1.5014057,1.2727137,-0.08306946,15.0,18.355522,19.444445,19.444445,2.0
resstock-amy2018-2021-release-1-285517,0.05370643,0.688226,1.5876148,0.0,0.2722295,1.6391193,0.0,0.0,0.0,0.0,0.0,0.0,0.0,0.0,0.0,0.0,0.0,0.0,7.999014377593994,0.0,-0.0,0.0,0.0,-0.0,0.0,-0.0,0.0,0.0,-0.0,0.0,11.057262,0.688226,0.0,1.2689164,3.1091914,0.9223111,1.5979159,0.0,0.0,0.0,0.2966402,0.1383698,0.51393294,0.0,3.1091914,0.0,3.1091914,3.180265,1.2689164,-0.07107352,15.3,18.553707,19.444445,19.444445,2.0
resstock-amy2018-2021-release-1-285517,0.0,0.7416106,1.4082904,0.0,0.29063812,1.4539773,0.0,0.0,0.0,0.0,0.0,0.0,0.0,0.0,0.0,0.0,0.0,0.0,7.999014377593994,0.0,-0.0,0.0,0.0,-0.0,0.0,-0.0,0.0,0.0,-0.0,0.0,11.057262,0.7416106,0.0,1.1521863,2.8412228,0.85984844,1.3799877,0.0,0.0,0.0,0.30263323,0.1383698,0.48570204,0.0,2.8412228,0.0,2.8412228,2.8968017,1.1521863,-0.055579,15.6,18.861238,19.444445,19.444445,2.0
resstock-amy2018-2021-release-1-285517,0.0,0.81360644,0.0,0.0,0.31390223,0.0,0.0,0.0,0.0,0.0,0.0,0.0,0.0,0.0,0.0,0.0,0.0,0.0,7.999014377593994,0.0,-0.0,0.0,0.0,-0.0,0.0,-0.0,0.0,0.0,-0.0,0.0,11.057262,0.81360644,0.0,0.96704596,1.2089282,0.37256294,0.5726225,0.0,0.0,0.0,0.30817622,0.1383698,0.47366127,0.0,1.2089282,0.0,1.2089282,1.2809482,0.96704596,-0.07201995,16.1,19.043877,19.444445,19.444445,2.0
resstock-amy2018-2021-release-1-285517,0.0,0.5621057,0.0,0.0,0.43192005,0.0,0.0,0.0,0.0,0.0,0.0,0.0,0.0,0.0,0.0,0.0,0.0,0.0,7.999014377593994,0.0,-0.0,0.0,0.0,-0.0,0.0,-0.0,0.46653464,0.46653464,-0.0,0.04170785,11.057262,0.5621057,0.0,0.9525626,1.3319689,0.42312086,0.6542047,0.0,0.0,0.0,0.31766573,0.1383698,0.49115616,0.0,1.3319689,0.0,1.1360737,1.1885874,0.9525626,-0.052513704,13.3,19.195028,19.444445,19.444445,2.0
resstock-amy2018-2021-release-1-285517,0.0,0.36967224,0.0,0.0,0.66707075,0.0,0.0,0.0,0.0,0.0,0.0,0.0,0.0,0.0,0.0,0.0,0.0,0.0,7.999014377593994,0.0,-0.0,0.0,0.0,-0.0,0.0,-0.0,1.2471098,1.2471098,-0.0,0.15283504,11.057262,0.36967224,0.0,0.93620557,1.5925696,0.5298024,0.8215595,0.0,0.0,0.0,0.3326714,0.1383698,0.5158704,0.0,1.5925696,0.0,1.0780225,1.0887291,0.93620557,-0.010706639,13.9,19.35354,19.444445,19.444445,2.0
resstock-amy2018-2021-release-1-285517,0.0,0.468826,0.0,0.0,0.35876334,0.0,0.0,0.0,0.0,0.0,0.0,0.0,0.0,0.0,0.0,0.0,0.0,0.0,7.999014377593994,0.0,-0.0,0.0,0.0,-0.0,0.0,-0.0,0.4007103,0.4007103,-0.0,0.18732624,11.057262,0.468826,0.0,0.7749255,1.1336888,0.37961775,0.62281734,0.0,0.0,0.0,0.3348518,0.1383698,0.5493724,0.0,1.1336888,0.0,0.9683591,0.9683591,0.7749255,0.0,13.9,19.453943,19.930555,19.930555,2.0
resstock-amy2018-2021-release-1-285517,0.0,0.57558084,3.538368,0.0,1.3758979,3.6531577,0.0,0.0,0.0,0.0,0.0,0.0,0.0,0.0,0.0,0.0,0.0,0.0,7.999014377593994,0.0,-0.0,0.0,0.0,-0.0,0.0,-0.0,2.6605465,2.6605465,-0.0,0.4235445,11.057262,0.57558084,0.0,0.9325983,5.9616537,1.9363688,3.384848,0.0,0.0,0.0,0.32480398,0.1383698,0.56777,0.0,5.9616537,0.0,4.8304744,4.8304744,0.9325983,-0.0,12.866667,19.712524,20.555555,20.555555,2.0
resstock-amy2018-2021-release-1-285517,0.0,0.8164344,0.0,0.0,0.0,0.0,0.0,0.0,0.0,0.0,0.0,0.0,0.0,0.0,0.0,0.0,0.0,0.0,7.999014377593994,0.0,-0.0,0.0,0.0,-0.0,0.0,-0.0,0.0,0.0,0.8164345,0.34515804,11.057262,0.0,0.0,0.8873209,0.8873209,0.2817461,0.49994966,0.0,0.0,0.0,0.31752446,0.1383698,0.5634373,0.0,0.8873209,0.0,1.2301369,1.2301369,0.8873209,-0.0,13.3,20.009604,20.162037,20.162037,2.0
resstock-amy2018-2021-release-1-285517,0.0,0.47536483,0.7687197,0.0,0.5010755,0.7936581,0.0,0.0,0.0,0.0,0.0,0.0,0.0,0.0,0.13413,0.13413,0.0,0.01497318,7.999012470245361,0.11977065648720586,-0.0,0.13413,0.0,-0.0,0.0,-0.0,0.7179727,0.7179727,-0.0,0.4063361,11.057262,0.47536483,0.0,0.7899379,2.2188015,0.6975533,1.2887247,0.0,0.0,0.0,0.3143829,0.1383698,0.58082014,0.0,2.2188015,0.0,1.783199,1.783199,0.7899379,-0.0,13.3,19.708385,20.0,20.0,2.0
resstock-amy2018-2021-release-1-285517,0.0,0.6814275,1.1530714,0.0,2.5390358e-08,1.1904787,0.0,0.0,0.0,0.0,0.0,0.0,0.0,0.0,0.3185941,0.3185941,0.0,0.050704386,7.999007701873779,0.4055847748148711,-0.0,0.3185941,0.0,-0.0,0.0,-0.0,0.0,0.0,0.6814274,0.34045133,11.057262,5.9604645e-08,0.0,0.5705516,2.0796244,0.649241,1.2310889,0.0,0.0,0.0,0.31219146,0.1383698,0.5919765,0.0,2.0796244,0.0,2.0513043,2.0513043,0.5705516,-0.0,12.8,19.725851,20.0,20.0,2.0
resstock-amy2018-2021-release-1-285517,1.2936978,0.77976155,0.0,0.0,0.0,0.0,0.0,0.0,0.0,0.0,0.0,0.0,0.0,0.0,0.4386226,0.4386226,0.0,0.099998064,7.9990010261535645,0.7998846192623184,-0.0,0.4386226,0.0,-0.0,0.0,-0.0,0.0,0.0,0.7797616,0.26614422,11.057262,0.0,0.0,0.5172955,0.9559181,0.27184543,0.5699095,0.0,0.0,0.0,0.2843815,0.1383698,0.59619075,0.0,0.9559181,0.0,0.8485089,0.8485089,0.5172955,-0.0,12.9,19.642883,17.777779,17.777779,2.0
resstock-amy2018-2021-release-1-285517,0.4101704,0.40972602,1.0435869,0.0,0.0,1.0774423,0.0,0.0,0.0,0.0,0.0,0.0,0.0,0.0,-0.67895585,0.0,-0.67895585,0.006289275,7.998990535736084,0.05030785038115604,0.67895585,0.0,0.0,-0.0,0.0,-0.0,0.0,0.0,0.40972605,0.22633907,11.057262,0.0,0.0,0.3657726,0.76425904,0.18585299,0.4563963,0.0,0.0,0.0,0.24318062,0.1383698,0.5971749,0.0,0.76425904,0.0,1.6207418,1.6207418,0.3657726,-0.0,12.2,19.035507,17.777779,17.777779,2.0
resstock-amy2018-2021-release-1-285517,0.0,0.6215167,0.0,0.0,0.0,0.0,0.0,0.0,0.0,0.0,0.0,0.0,0.0,0.0,-0.045199674,0.0,-0.045199674,0.0,7.998990058898926,0.0,0.045199674,0.0,0.0,-0.0,0.0,-0.0,0.0,0.0,0.62151676,0.16750424,11.057262,0.0,0.0,0.30805928,0.2628596,0.065718,0.15066095,0.0,0.0,0.0,0.2500118,0.1383698,0.57316124,0.0,0.2628596,0.0,0.58567214,0.58567214,0.30805928,-0.0,11.1,18.836544,17.777779,17.777779,2.0
resstock-amy2018-2021-release-1-285517,0.0,0.6000284,0.0,0.0,0.513239,0.0,0.0,0.0,0.0,0.0,0.0,0.0,0.0,0.0,0.11358238,0.11358238,0.0,0.012671124,7.998988151550293,0.1013561722633689,-0.0,0.11358238,0.0,-0.0,0.0,-0.0,0.51556855,0.51556855,-0.0,0.21213582,11.057262,0.6000284,0.0,0.307143,0.9339644,0.21587184,0.5531749,0.0,0.0,0.0,0.23113498,0.1383698,0.59228694,0.0,0.9339644,0.0,0.5831907,0.5831907,0.307143,-0.0,10.0,18.37623,17.777779,17.777779,2.0
resstock-amy2018-2021-release-1-285517,0.0,0.38642335,0.0,0.0,0.0,0.0,0.0,0.0,0.0,0.0,0.0,0.0,0.0,0.0,-0.0904689,0.0,-0.0904689,0.00012000684,7.998986721038818,0.0009599330905471284,0.0904689,0.0,0.0,-0.0,0.0,-0.0,0.0,0.0,0.38642338,0.17493331,11.057262,0.0,0.0,0.30622673,0.21575783,0.051083542,0.12708724,0.0,0.0,0.0,0.23676333,0.1383698,0.5890272,0.0,0.21575783,0.0,0.48466223,0.48466223,0.30622673,-0.0,9.86,17.775064,17.777779,17.777779,2.0
resstock-amy2018-2021-release-1-285517,0.0,0.45143136,0.0,0.0,0.0,0.0,0.0,0.0,0.0,0.0,0.0,0.0,0.0,0.0,-0.0008581227,0.0,-0.0008581227,0.0,7.998986721038818,0.0,0.0008581227,0.0,0.0,-0.0,0.0,-0.0,0.0,0.0,0.45143142,0.13210751,11.057262,0.0,0.0,0.31262633,0.3117682,0.06948659,0.1832891,0.0,0.0,0.0,0.22287901,0.1383698,0.58790183,0.0,0.3117682,0.0,0.5218493,0.5218493,0.31262633,-0.0,9.72,17.338137,17.777779,17.777779,2.0
resstock-amy2018-2021-release-1-285517,0.0,0.46815383,0.0,0.0,1.3863131e-08,0.0,0.0,0.0,0.0,0.0,0.0,0.0,0.0,0.0,0.0,0.0,0.0,0.0,7.998986721038818,0.0,-0.0,0.0,0.0,-0.0,0.0,-0.0,0.0,0.0,0.4681538,0.08812502,11.057262,2.9802322e-08,0.0,0.34097353,0.34097353,0.076065674,0.2003352,0.0,0.0,0.0,0.22308382,0.1383698,0.5875389,0.0,0.34097353,0.0,0.55874443,0.55874443,0.34097353,-0.0,9.58,17.016363,19.36111,19.36111,2.0
resstock-amy2018-2021-release-1-285517,0.0,0.72813904,0.0,0.0,0.033173833,0.0,0.0,0.0,0.0,0.0,0.0,0.0,0.0,0.0,0.31928012,0.31928012,0.0,0.035851054,7.998981952667236,0.28677193307873594,-0.0,0.31928012,0.0,-0.0,0.0,-0.0,0.0,0.0,0.65708375,0.027240774,11.057262,0.07105529,0.0,0.4288568,0.78131074,0.20041113,0.4617543,0.0,0.0,0.0,0.2565063,0.1383698,0.59099954,0.0,0.78131074,0.0,0.7688056,0.7688056,0.4288568,-0.0,9.44,16.81079,20.0,20.0,2.0
resstock-amy2018-2021-release-1-285517,0.0,0.5814431,0.0,0.0,0.12979364,0.0,0.0,0.0,0.0,0.0,0.0,0.0,0.0,0.0,0.46263975,0.46263975,0.0,0.08793241,7.998974800109863,0.703369114553027,-0.0,0.46263975,0.0,-0.0,0.0,-0.0,0.0,0.0,0.29515284,0.0,11.057262,0.28629023,0.0,0.574686,1.1671194,0.33938494,0.6924295,0.0,0.0,0.0,0.29078853,0.1383698,0.5932808,0.0,1.1671194,0.0,0.8382913,0.8382913,0.574686,-0.0,10.55,16.684134,20.0,20.0,2.0
resstock-amy2018-2021-release-1-285517,0.0,0.4920475,0.0,0.0,0.21618962,0.0,0.0,0.0,0.0,0.0,0.0,0.0,0.0,0.0,0.15346211,0.15346211,0.0,0.10482728,7.998972415924072,0.8385105000578328,-0.0,0.15346211,0.0,-0.0,0.0,-0.0,0.0,0.0,-0.0,0.0,11.057262,0.4920475,0.0,0.7035151,1.0731668,0.3492679,0.6318342,0.0,0.0,0.0,0.32545537,0.1383698,0.58875674,0.0,1.0731668,0.0,0.91970474,0.91970474,0.7035151,-0.0,11.7,16.51138,20.0,20.0,2.0
resstock-amy2018-2021-release-1-285517,0.0,0.49996293,1.1537145,0.0,0.21723343,1.1911427,0.0,0.0,0.0,0.0,0.0,0.0,0.0,0.0,0.0929572,0.0929572,0.0,0.114896305,7.998970985412598,0.9190522092695304,-0.0,0.0929572,0.0,-0.0,0.0,-0.0,0.0,0.0,-0.0,0.0,11.057262,0.49996293,0.0,1.0022558,2.4861894,0.9444297,1.4702591,0.0,0.0,0.0,0.37987038,0.1383698,0.5913705,0.0,2.4861894,0.0,2.393232,2.4106317,1.0022558,-0.01739953,12.1,16.583708,20.0,20.0,2.0
resstock-amy2018-2021-release-1-285517,0.0,0.46020046,0.0,0.0,0.18987484,0.0,0.0,0.0,0.0,0.0,0.0,0.0,0.0,0.0,-0.4388318,0.0,-0.4388318,0.053737417,7.998964309692383,0.4298436795857299,0.4388318,0.0,0.0,-0.0,0.0,-0.0,0.0,0.0,-0.0,0.0,11.057262,0.46020046,0.0,1.2736433,0.9836524,0.35381603,0.58958036,0.0,0.0,0.0,0.3596962,0.1383698,0.59937876,0.0,0.9836524,0.0,1.4224842,1.463518,1.2736433,-0.04103391,13.9,16.809217,20.0,20.0,2.0
resstock-amy2018-2021-release-1-285517,0.0,0.6666315,2.2702932,0.0,0.7218168,2.3439448,0.0,0.0,0.0,0.0,0.0,0.0,0.0,0.0,-0.3876256,0.0,-0.3876256,0.00019506797,7.998958587646484,0.0015603406340187198,0.3876256,0.0,0.0,-0.0,0.0,-0.0,1.0278554,1.0278554,-0.0,0.09188951,11.057262,0.6666315,0.0,1.3153263,3.919634,1.3496835,2.3525949,0.0,0.0,0.0,0.34433916,0.1383698,0.60020775,0.0,3.919634,0.0,3.8694143,3.9432425,1.3153263,-0.07382831,12.8,17.139074,20.0,20.0,2.0
resstock-amy2018-2021-release-1-285517,0.0,0.8769605,0.0,0.0,1.3277471,0.0,0.0,0.0,0.0,0.0,0.0,0.0,0.0,0.0,-0.0014162071,0.0,-0.0014162071,2.3792984e-06,7.998958587646484,1.9031909320155714e-05,0.0014162071,0.0,0.0,-0.0,0.0,-0.0,2.3411057,2.3411057,-0.0,0.30038178,11.057262,0.8769605,0.0,1.2727137,2.5043204,0.81282645,1.5141026,0.0,0.0,0.0,0.32456967,0.1383698,0.6045962,0.0,2.5043204,0.0,1.539816,1.6345401,1.2727137,-0.09472412,13.9,17.571323,20.0,20.0,2.0
resstock-amy2018-2021-release-1-285517,0.0,0.8528724,0.38457507,0.0,0.16898236,0.39705124,0.0,0.0,0.0,0.0,0.0,0.0,0.0,0.0,-1.7283295e-05,0.0,-1.7283295e-05,0.0,7.998958587646484,0.0,1.7283295e-05,0.0,0.0,-0.0,0.0,-0.0,0.0,0.0,0.4295738,0.25846237,11.057262,0.42329857,0.0,1.2689164,1.7170416,0.52522486,1.0470538,0.0,0.0,0.0,0.30588943,0.1383698,0.60980105,0.0,1.7170416,0.0,1.8885463,2.0064375,1.2689164,-0.117891096,15.0,17.91794,20.0,20.0,2.0
resstock-amy2018-2021-release-1-285517,0.0,0.7799001,0.0,0.0,0.6531856,0.0,0.0,0.0,0.0,0.0,0.0,0.0,0.0,0.0,0.0,0.0,0.0,0.0,7.998958587646484,0.0,-0.0,0.0,0.0,-0.0,0.0,-0.0,0.8032284,0.8032284,-0.0,0.3280178,11.057262,0.7799001,0.0,1.0492793,1.5460621,0.4568199,0.94746715,0.0,0.0,0.0,0.2954732,0.1383698,0.61282605,0.0,1.5460621,0.0,1.2146568,1.3710597,1.0492793,-0.15640287,13.9,18.2221,20.0,20.0,2.0
resstock-amy2018-2021-release-1-285517,0.0,0.731154,1.153697,0.0,0.6065503,1.1911247,0.0,0.0,0.0,0.0,0.0,0.0,0.0,0.0,0.0,0.0,0.0,0.0,7.998958587646484,0.0,-0.0,0.0,0.0,-0.0,0.0,-0.0,0.7609517,0.7609517,-0.0,0.39318752,11.057262,0.731154,0.0,1.0674542,2.7134418,0.8172481,1.6548975,0.0,0.0,0.0,0.30118504,0.1383698,0.6098887,0.0,2.7134418,0.0,2.4041102,2.5557976,1.0674542,-0.15168728,14.4,18.705788,20.0,20.0,2.0
resstock-amy2018-2021-release-1-285517,0.0,0.63768667,0.76915073,0.0,0.9679991,0.7941031,0.0,0.0,0.0,0.0,0.0,0.0,0.0,0.0,0.0,0.0,0.0,0.0,7.998958587646484,0.0,-0.0,0.0,0.0,-0.0,0.0,-0.0,1.7084568,1.7084568,-0.0,0.5424955,11.057262,0.63768667,0.0,0.84292924,2.4595423,0.74460125,1.4867823,0.0,0.0,0.0,0.30273977,0.1383698,0.6044955,0.0,2.4595423,0.0,1.7546474,1.9001365,0.84292924,-0.14548911,13.9,19.031395,20.0,20.0,2.0
resstock-amy2018-2021-release-1-285517,0.0,0.63537633,0.0,0.0,0.8585706,0.0,0.0,0.0,0.0,0.0,0.0,0.0,0.0,0.0,0.0,0.0,0.0,0.0,7.998958587646484,0.0,-0.0,0.0,0.0,-0.0,0.0,-0.0,1.4093547,1.4093547,-0.0,0.6637627,11.057262,0.63537633,0.0,0.8109583,1.5858246,0.49554405,0.9608513,0.0,0.0,0.0,0.31248352,0.1383698,0.6059001,0.0,1.5858246,0.0,0.99404484,1.0777491,0.8109583,-0.083704345,13.3,19.611267,20.0,20.0,2.0
resstock-amy2018-2021-release-1-285517,0.0,0.64989567,0.76914483,0.0,0.30448627,0.794097,0.0,0.0,0.0,0.0,0.0,0.0,0.0,0.0,0.0,0.0,0.0,0.0,7.998958587646484,0.0,-0.0,0.0,0.0,-0.0,0.0,-0.0,0.06489495,0.06489495,-0.0,0.6637793,11.057262,0.64989567,0.0,0.7749255,1.8696225,0.5971819,1.1490808,0.0,0.0,0.0,0.3194131,0.1383698,0.6146058,0.0,1.8696225,0.0,1.8419785,1.8458649,0.7749255,-0.0038863025,12.8,19.901283,20.314816,20.314816,2.0
resstock-amy2018-2021-release-1-285517,0.0,0.58290434,0.0,0.0,0.0,0.0,0.0,0.0,0.0,0.0,0.0,0.0,0.0,0.0,0.0,0.0,0.0,0.0,7.998958587646484,0.0,-0.0,0.0,0.0,-0.0,0.0,-0.0,0.0,0.0,0.58290446,0.6046646,11.057262,0.0,0.0,0.75185907,0.75185907,0.25322565,0.45755985,0.0,0.0,0.0,0.33679935,0.1383698,0.6085713,0.0,0.75185907,0.0,1.0079683,1.0079683,0.75185907,-0.0,11.7,19.938534,20.092592,20.092592,2.0
resstock-amy2018-2021-release-1-285517,0.0,0.62414396,0.0,0.0,0.0,0.0,0.0,0.0,0.0,0.0,0.0,0.0,0.0,0.0,0.0,0.0,0.0,0.0,7.998958587646484,0.0,-0.0,0.0,0.0,-0.0,0.0,-0.0,0.0,0.0,0.62414414,0.5422922,11.057262,0.0,0.0,0.7088702,0.7088702,0.22674793,0.42255327,0.0,0.0,0.0,0.3198723,0.1383698,0.596094,0.0,0.7088702,0.0,0.98309875,0.98309875,0.7088702,-0.0,11.7,19.918083,20.0,20.0,2.0
resstock-amy2018-2021-release-1-285517,0.0,0.63330233,0.0,0.0,7.823857e-08,0.0,0.0,0.0,0.0,0.0,0.0,0.0,0.0,0.0,0.0,0.0,0.0,0.0,7.998958587646484,0.0,-0.0,0.0,0.0,-0.0,0.0,-0.0,0.0,0.0,0.63330215,0.47962543,11.057262,1.7881393e-07,0.0,0.6338883,0.63388836,0.19104578,0.36928323,0.0,0.0,0.0,0.3013871,0.1383698,0.5825682,0.0,0.63388836,0.0,0.9109845,0.9109845,0.6338883,-0.0,11.85,19.78575,19.944445,19.944445,2.0
resstock-amy2018-2021-release-1-285517,0.24138467,0.93379456,1.2627561,0.0,1.04753354e-07,1.3037218,0.0,0.0,0.0,0.0,0.0,0.0,0.0,0.0,0.0,0.0,0.0,0.0,7.998958587646484,0.0,-0.0,0.0,0.0,-0.0,0.0,-0.0,0.0,0.0,0.9337943,0.390013,11.057262,2.3841858e-07,0.0,0.69904894,2.002771,0.57646304,1.1390659,0.0,0.0,0.0,0.28783274,0.1383698,0.56874496,0.0,2.002771,0.0,2.4130497,2.4130497,0.69904894,-0.0,11.7,19.983067,19.425926,19.425926,2.0
resstock-amy2018-2021-release-1-285517,0.0,0.661868,0.0,0.0,2.6623601e-08,0.0,0.0,0.0,0.0,0.0,0.0,0.0,0.0,0.0,0.0,0.0,0.0,0.0,7.998958587646484,0.0,-0.0,0.0,0.0,-0.0,0.0,-0.0,0.0,0.0,0.6618679,0.32606,11.057262,5.9604645e-08,0.0,0.5172955,0.5172955,0.14482519,0.2807027,0.0,0.0,0.0,0.2799661,0.1383698,0.54263514,0.0,0.5172955,0.0,0.81293195,0.81293195,0.5172955,-0.0,11.1,19.486542,18.88889,18.88889,2.0
resstock-amy2018-2021-release-1-285517,0.0,0.8786708,0.0,0.0,0.0,0.0,0.0,0.0,0.0,0.0,0.0,0.0,0.0,0.0,0.0,0.0,0.0,0.0,7.998958587646484,0.0,-0.0,0.0,0.0,-0.0,0.0,-0.0,0.0,0.0,0.8786708,0.24282917,11.057262,0.0,0.0,0.30897555,0.30897555,0.082627475,0.16252473,0.0,0.0,0.0,0.267424,0.1383698,0.52601165,0.0,0.30897555,0.0,0.7014513,0.7014513,0.30897555,-0.0,11.1,19.414688,18.88889,18.88889,2.0
resstock-amy2018-2021-release-1-285517,0.0,0.853662,0.0,0.0,2.6623601e-08,0.0,0.0,0.0,0.0,0.0,0.0,0.0,0.0,0.0,0.0,0.0,0.0,0.0,7.998958587646484,0.0,-0.0,0.0,0.0,-0.0,0.0,-0.0,0.0,0.0,0.85366195,0.1626118,11.057262,5.9604645e-08,0.0,0.30805928,0.3080593,0.07423408,0.16959111,0.0,0.0,0.0,0.24097335,0.1383698,0.5505145,0.0,0.3080593,0.0,0.68936443,0.68936443,0.30805928,-0.0,11.1,19.151138,18.88889,18.88889,2.0
resstock-amy2018-2021-release-1-285517,0.0,0.97440666,0.0,0.0,0.0,0.0,0.0,0.0,0.0,0.0,0.0,0.0,0.0,0.0,0.0,0.0,0.0,0.0,7.998958587646484,0.0,-0.0,0.0,0.0,-0.0,0.0,-0.0,0.0,0.0,0.97440666,0.072046675,11.057262,0.0,0.0,0.307143,0.307143,0.066312544,0.1593512,0.0,0.0,0.0,0.2159012,0.1383698,0.5188176,0.0,0.307143,0.0,0.7423811,0.7423811,0.307143,-0.0,11.1,19.022205,18.88889,18.88889,2.0
resstock-amy2018-2021-release-1-285517,0.0,1.0901535,0.0,0.0,0.13844621,0.0,0.0,0.0,0.0,0.0,0.0,0.0,0.0,0.0,0.0,0.0,0.0,0.0,7.998958587646484,0.0,-0.0,0.0,0.0,-0.0,0.0,-0.0,0.0,0.0,0.7806232,0.0,11.057262,0.30953026,0.0,0.30622673,0.44467294,0.090049185,0.23157182,0.0,0.0,0.0,0.20250656,0.1383698,0.5207689,0.0,0.44467294,0.0,0.79382885,0.79382885,0.30622673,-0.0,11.05,18.913223,18.88889,18.88889,2.0
resstock-amy2018-2021-release-1-285517,0.0,1.2101345,0.0,0.0,0.5408252,0.0,0.0,0.0,0.0,0.0,0.0,0.0,0.0,0.0,0.0,0.0,0.0,0.0,7.998958587646484,0.0,-0.0,0.0,0.0,-0.0,0.0,-0.0,0.0,0.0,-0.0,0.0,11.057262,1.2101345,0.0,0.31262633,0.8534515,0.17154783,0.4454789,0.0,0.0,0.0,0.20100479,0.1383698,0.5219733,0.0,0.8534515,0.0,0.8534515,0.8534515,0.31262633,-0.0,11.08,18.84067,18.88889,18.88889,2.0
resstock-amy2018-2021-release-1-285517,0.0,0.96236515,0.0,0.0,0.92802703,0.0,0.0,0.0,0.0,0.0,0.0,0.0,0.0,0.0,0.5021739,0.5021739,0.0,0.056710865,7.998950958251953,0.4536274307233015,-0.0,0.5021739,0.0,-0.0,0.0,-0.0,1.101235,1.101235,-0.0,0.098449595,11.057262,0.96236515,0.0,0.34097353,1.7711744,0.36000633,0.92955196,0.0,0.0,0.0,0.20325854,0.1383698,0.52482235,0.0,1.7711744,0.0,0.7737613,0.7737613,0.34097353,-0.0,10.85,18.505417,18.88889,18.88889,2.0
resstock-amy2018-2021-release-1-285517,0.0,1.1159008,0.0,0.0,1.1113431,0.0,0.0,0.0,0.0,0.0,0.0,0.0,0.0,0.0,0.40515938,0.40515938,0.0,0.10216843,7.9989447593688965,0.8172396546635419,-0.0,0.40515938,0.0,-0.0,0.0,-0.0,1.3586776,1.3586776,-0.0,0.21905634,11.057262,1.1159008,0.0,0.4288568,1.9453593,0.45152628,1.0429412,0.0,0.0,0.0,0.2321043,0.1383698,0.5361175,0.0,1.9453593,0.0,0.93001235,0.93001235,0.4288568,-0.0,10.9,18.463047,18.88889,18.88889,2.0
resstock-amy2018-2021-release-1-285517,0.0,1.0164492,3.4375384,0.0,1.024124,3.5490572,0.0,0.0,0.0,0.0,0.0,0.0,0.0,0.0,0.052949656,0.052949656,0.0,0.107777126,7.99894380569458,0.8621031754806587,-0.0,0.052949656,0.0,-0.0,0.0,-0.0,1.2536688,1.2536688,-0.0,0.32922426,11.057262,1.0164492,0.0,0.6448769,5.2710075,1.4742156,2.8419938,0.0,0.0,0.0,0.27968383,0.1383698,0.5391747,0.0,5.2710075,0.0,4.6524873,4.6524873,0.6448769,-0.0,10.733334,18.449715,19.458334,19.458334,2.0
resstock-amy2018-2021-release-1-285517,0.0,0.74021506,0.5178699,0.0,0.0,0.53467035,0.0,0.0,0.0,0.0,0.0,0.0,0.0,0.0,-0.7680168,0.0,-0.7680168,0.0020824084,7.998932361602783,0.016657043987550413,0.7680168,0.0,0.0,-0.0,0.0,-0.0,0.0,0.0,0.74021506,0.2586331,11.057262,0.0,0.0,0.7035151,0.47016865,0.14090171,0.25716615,0.0,0.0,0.0,0.29968336,0.1383698,0.5469657,0.0,0.47016865,0.0,1.5733218,1.5733218,0.7035151,-0.0,10.6,18.263142,19.87037,19.87037,2.0
resstock-amy2018-2021-release-1-285517,0.0,1.2897714,0.0,0.0,0.58153975,0.0,0.0,0.0,0.0,0.0,0.0,0.0,0.0,0.0,-0.015009314,0.0,-0.015009314,0.0,7.998932361602783,0.0,0.015009314,0.0,0.0,-0.0,0.0,-0.0,0.0121738035,0.0121738035,-0.0,0.25746736,11.057262,1.2897714,0.0,1.0022558,1.5663228,0.5048751,0.87321776,0.0,0.0,0.0,0.32233146,0.1383698,0.5574954,0.0,1.5663228,0.0,1.5758945,1.5783579,1.0022558,-0.0024635177,11.1,18.494701,19.444445,19.444445,2.0
resstock-amy2018-2021-release-1-285517,0.0,1.6008213,0.0,0.0,0.39296028,0.0,0.0,0.0,0.0,0.0,0.0,0.0,0.0,0.0,0.0,0.0,0.0,0.0,7.998932361602783,0.0,-0.0,0.0,0.0,-0.0,0.0,-0.0,0.0,0.0,0.70644385,0.1905913,11.057262,0.8943774,0.0,1.2736433,1.6580626,0.52657497,0.9821649,0.0,0.0,0.0,0.3175845,0.1383698,0.592357,0.0,1.6580626,0.0,1.968451,1.976992,1.2736433,-0.008540973,11.7,18.97998,19.444445,19.444445,2.0
resstock-amy2018-2021-release-1-285517,0.0,1.528291,0.0,0.0,0.0,0.0,0.0,0.0,0.0,0.0,0.0,0.0,0.0,0.0,0.0,0.0,0.0,0.0,7.998932361602783,0.0,-0.0,0.0,0.0,-0.0,0.0,-0.0,0.0,0.0,1.528291,0.04910778,11.057262,0.0,0.0,1.3153263,1.2651811,0.37149543,0.7766927,0.0,0.0,0.0,0.29363024,0.1383698,0.61389846,0.0,1.2651811,0.0,1.9199219,1.9700671,1.3153263,-0.050145313,12.6,19.246017,19.444445,19.444445,2.0
resstock-amy2018-2021-release-1-285517,0.0,1.4199146,0.0,0.0,0.3727961,0.0,0.0,0.0,0.0,0.0,0.0,0.0,0.0,0.0,0.8457881,0.8457881,0.0,0.096529834,7.998919486999512,0.7721343700390904,-0.0,0.8457881,0.0,-0.0,0.0,-0.0,0.0,0.0,0.53208107,0.0,11.057262,0.88783354,0.0,1.2727137,2.452652,0.6919145,1.5365582,0.0,0.0,0.0,0.28210872,0.1383698,0.62648845,0.0,2.452652,0.0,1.8302815,1.8689272,1.2727137,-0.038645715,13.3,19.45541,19.444445,19.444445,2.0
resstock-amy2018-2021-release-1-285517,0.0,0.90503365,0.0,0.0,0.50508106,0.0,0.0,0.0,0.0,0.0,0.0,0.0,0.0,0.0,0.43107736,0.43107736,0.0,0.14483298,7.998912811279297,1.158506408117944,-0.0,0.43107736,0.0,-0.0,0.0,-0.0,0.32003683,0.32003683,-0.0,0.028611057,11.057262,0.90503365,0.0,1.2689164,2.1444705,0.56646657,1.3768195,0.0,0.0,0.0,0.2641522,0.1383698,0.6420324,0.0,2.1444705,0.0,1.5814459,1.6420503,1.2689164,-0.060604338,13.925,19.321579,19.444445,19.444445,2.0
resstock-amy2018-2021-release-1-285517,0.0,0.67320746,0.0,0.0,0.15368755,0.0,0.0,0.0,0.0,0.0,0.0,0.0,0.0,0.0,0.42620927,0.42620927,0.0,0.19244467,7.998906135559082,1.539346829382609,-0.0,0.42620927,0.0,-0.0,0.0,-0.0,0.0,0.0,0.30999982,0.0,11.057262,0.36320764,0.0,1.0492793,1.5583912,0.40932122,1.0181565,0.0,0.0,0.0,0.26265627,0.1383698,0.6533382,0.0,1.5583912,0.0,1.2633551,1.3341401,1.0492793,-0.07078492,13.033334,19.214775,19.444445,19.444445,2.0
resstock-amy2018-2021-release-1-285517,0.0,0.6002058,0.0,0.0,0.25494486,0.0,0.0,0.0,0.0,0.0,0.0,0.0,0.0,0.0,0.6678573,0.6678573,0.0,0.26771313,7.99889612197876,2.141409513523655,-0.0,0.6678573,0.0,-0.0,0.0,-0.0,0.0,0.0,-0.0,0.0,11.057262,0.6002058,0.0,0.96704596,1.84206,0.5085843,1.2132267,0.0,0.0,0.0,0.27609542,0.1383698,0.65862495,0.0,1.84206,0.0,1.1742027,1.2219908,0.96704596,-0.047788087,12.9,19.154007,19.444445,19.444445,2.0
resstock-amy2018-2021-release-1-285517,0.0,0.7055994,0.0,0.0,0.4642702,0.0,0.0,0.0,0.0,0.0,0.0,0.0,0.0,0.0,0.75960994,0.75960994,0.0,0.3534281,7.998884677886963,2.8270305784628107,-0.0,0.75960994,0.0,-0.0,0.0,-0.0,0.3659203,0.3659203,-0.0,0.032713003,11.057262,0.7055994,0.0,0.84292924,2.005819,0.5693268,1.319495,0.0,0.0,0.0,0.2838376,0.1383698,0.6578335,0.0,2.005819,0.0,1.0876625,1.1486527,0.84292924,-0.06099024,12.2,19.219204,19.444445,19.444445,2.0
resstock-amy2018-2021-release-1-285517,0.0,0.63922924,0.0,0.0,0.6686225,0.0,0.0,0.0,0.0,0.0,0.0,0.0,0.0,0.0,0.69764346,0.69764346,0.0,0.43169808,7.998874187469482,3.453098659908278,-0.0,0.69764346,0.0,-0.0,0.0,-0.0,0.90392864,0.90392864,-0.0,0.113238454,11.057262,0.63922924,0.0,0.8109583,2.0996225,0.6358324,1.3727572,0.0,0.0,0.0,0.3028318,0.1383698,0.65381145,0.0,2.0996225,0.0,1.010323,1.0879248,0.8109583,-0.077601835,12.2,19.39877,19.444445,19.444445,2.0
resstock-amy2018-2021-release-1-285517,0.0,0.505729,0.0,0.0,0.8270292,0.0,0.0,0.0,0.0,0.0,0.0,0.0,0.0,0.0,0.5271992,0.5271992,0.0,0.49006912,7.998866081237793,3.919997270407663,-0.0,0.5271992,0.0,-0.0,0.0,-0.0,1.403026,1.403026,-0.0,0.23768102,11.057262,0.505729,0.0,0.7749255,2.129154,0.65959203,1.3812642,0.0,0.0,0.0,0.30979067,0.1383698,0.6487385,0.0,2.129154,0.0,0.99404883,0.99404883,0.7749255,0.0,12.2,19.471457,19.523148,19.523148,2.0
resstock-amy2018-2021-release-1-285517,0.0,0.4770565,1.1543001,0.0,0.0,1.1917473,0.0,0.0,0.0,0.0,0.0,0.0,0.0,0.0,0.16908026,0.16908026,0.0,0.5075887,7.998863697052002,4.060132701952313,-0.0,0.16908026,0.0,-0.0,0.0,-0.0,0.0,0.0,0.4770566,0.19196391,11.057262,0.0,0.0,0.75185907,2.1126866,0.65689063,1.351622,0.0,0.0,0.0,0.31092668,0.1383698,0.63976455,0.0,2.1126866,0.0,2.1595962,2.1595962,0.75185907,-0.0,10.6,19.394463,20.555555,20.555555,2.0
resstock-amy2018-2021-release-1-285517,0.0,0.6365887,0.0,0.0,0.0,0.0,0.0,0.0,0.0,0.0,0.0,0.0,0.0,0.0,0.32966128,0.32966128,0.0,0.5431921,7.99885892868042,4.344916887918458,-0.0,0.32966128,0.0,-0.0,0.0,-0.0,0.0,0.0,0.6365887,0.13204975,11.057262,0.0,0.0,0.8873209,1.2169821,0.37231815,0.77414656,0.0,0.0,0.0,0.3059356,0.1383698,0.6361199,0.0,1.2169821,0.0,1.1755397,1.1755397,0.8873209,-0.0,10.6,19.529099,20.324074,20.324074,2.0
resstock-amy2018-2021-release-1-285517,0.0,0.5504498,0.0,0.0,0.0,0.0,0.0,0.0,0.0,0.0,0.0,0.0,0.0,0.0,0.03740084,0.03740084,0.0,0.545829,7.998858451843262,4.366008894624031,-0.0,0.03740084,0.0,-0.0,0.0,-0.0,0.0,0.0,0.5504498,0.080538556,11.057262,0.0,0.0,0.7899379,0.82733876,0.23322958,0.52423006,0.0,0.0,0.0,0.28190336,0.1383698,0.6336341,0.0,0.82733876,0.0,1.0358073,1.0358073,0.7899379,-0.0,11.1,19.372322,20.0,20.0,2.0
resstock-amy2018-2021-release-1-285517,0.0,0.41521412,1.1543206,0.0,0.0,1.1917684,0.0,0.0,0.0,0.0,0.0,0.0,0.0,0.0,0.49845472,0.49845472,0.0,0.60058063,7.9988508224487305,4.803954887712109,-0.0,0.49845472,0.0,-0.0,0.0,-0.0,0.0,0.0,0.41521412,0.041848935,11.057262,0.0,0.0,0.5705516,2.2607746,0.61872745,1.4445196,0.0,0.0,0.0,0.2736794,0.1383698,0.638949,0.0,2.2607746,0.0,1.9477835,1.9477835,0.5705516,-0.0,11.1,19.026957,20.0,20.0,2.0
resstock-amy2018-2021-release-1-285517,0.0,0.6176597,0.7695473,0.0,0.07335566,0.7945125,0.0,0.0,0.0,0.0,0.0,0.0,0.0,0.0,1.111092,1.111092,0.0,0.72672087,7.998834133148193,5.812919696557032,-0.0,1.111092,0.0,-0.0,0.0,-0.0,0.0,0.0,0.4534318,0.0,11.057262,0.1642279,0.0,0.4145099,2.39347,0.654494,1.540648,0.0,0.0,0.0,0.27344984,0.1383698,0.643688,0.0,2.39347,0.0,1.4849124,1.4849124,0.4145099,-0.0,11.1,18.93206,19.444445,19.444445,2.0
resstock-amy2018-2021-release-1-285517,0.6110612,0.57836086,0.0,0.0,0.2583364,0.0,0.0,0.0,0.0,0.0,0.0,0.0,0.0,0.0,1.1359016,1.1359016,0.0,0.855458,7.998816967010498,6.842652134251352,-0.0,1.1359016,0.0,-0.0,0.0,-0.0,0.0,0.0,-0.0,0.0,11.057262,0.57836086,0.0,0.30897555,1.7032135,0.4439388,1.1090181,0.0,0.0,0.0,0.26064777,0.1383698,0.65113276,0.0,1.7032135,0.0,0.5673119,0.5673119,0.30897555,-0.0,11.1,18.607233,17.777779,17.777779,2.0
resstock-amy2018-2021-release-1-285517,0.0,0.30314213,0.0,0.0,0.19577922,0.0,0.0,0.0,0.0,0.0,0.0,0.0,0.0,0.0,0.46967247,0.46967247,0.0,0.9060427,7.998809814453125,7.247263201443275,-0.0,0.46967247,0.0,-0.0,0.0,-0.0,0.13516638,0.13516638,-0.0,0.012083774,11.057262,0.30314213,0.0,0.30805928,0.973511,0.2730484,0.59990114,0.0,0.0,0.0,0.280478,0.1383698,0.6162243,0.0,0.973511,0.0,0.44346374,0.44346374,0.30805928,-0.0,11.1,18.083902,17.777779,17.777779,2.0
resstock-amy2018-2021-release-1-285517,0.0,0.621071,0.0,0.0,0.22191517,0.0,0.0,0.0,0.0,0.0,0.0,0.0,0.0,0.0,-0.15545653,0.0,-0.15545653,0.8817541,7.998807430267334,7.052981249330088,0.15545653,0.0,0.0,-0.0,0.0,-0.0,0.0,0.0,0.13092728,0.0,11.057262,0.49014372,0.0,0.307143,0.37360162,0.09981026,0.24652931,0.0,0.0,0.0,0.26715693,0.1383698,0.6598722,0.0,0.37360162,0.0,0.58833617,0.58833617,0.307143,-0.0,10.6,18.014244,17.777779,17.777779,2.0
resstock-amy2018-2021-release-1-285517,0.0,0.8221768,0.0,0.0,0.37824884,0.0,0.0,0.0,0.0,0.0,0.0,0.0,0.0,0.0,0.10108054,0.10108054,0.0,0.89055,7.998805999755859,7.123336821916837,-0.0,0.10108054,0.0,-0.0,0.0,-0.0,0.0,0.0,-0.0,0.0,11.057262,0.8221768,0.0,0.30622673,0.7855561,0.20272648,0.52556205,0.0,0.0,0.0,0.2580675,0.1383698,0.66903186,0.0,0.7855561,0.0,0.68447554,0.68447554,0.30622673,-0.0,10.0,17.921146,17.777779,17.777779,2.0
resstock-amy2018-2021-release-1-285517,0.0,0.4997529,0.0,0.0,1.643045,0.0,0.0,0.0,0.0,0.0,0.0,0.0,0.0,0.0,0.008625687,0.008625687,0.0,0.8890083,7.998805999755859,7.111004792813219,-0.0,0.008625687,0.0,-0.0,0.0,-0.0,2.9706452,2.9706452,-0.0,0.2655735,11.057262,0.4997529,0.0,0.31262633,1.964297,0.50035733,1.3310382,0.0,0.0,0.0,0.2547259,0.1383698,0.6776155,0.0,1.964297,0.0,0.54923224,0.54923224,0.31262633,-0.0,8.9,17.40586,17.777779,17.777779,2.0
resstock-amy2018-2021-release-1-285517,0.0,0.6370866,0.0,0.0,1.3067889,0.0,0.0,0.0,0.0,0.0,0.0,0.0,0.0,0.0,-0.06257865,0.0,-0.06257865,0.8777328,7.998805046081543,7.020813656601774,0.06257865,0.0,0.0,-0.0,0.0,-0.0,2.0075068,2.0075068,-0.0,0.44272855,11.057262,0.6370866,0.0,0.34097353,1.5851837,0.41604584,1.0749518,0.0,0.0,0.0,0.26245907,0.1383698,0.6781244,0.0,1.5851837,0.0,0.6557809,0.6557809,0.34097353,-0.0,7.2,17.022903,18.98611,18.98611,2.0
resstock-amy2018-2021-release-1-285517,0.0,1.0033612,0.0,0.0,1.4810191,0.0,0.0,0.0,0.0,0.0,0.0,0.0,0.0,0.0,-0.031816144,0.0,-0.031816144,0.8708002,7.998804569244385,6.965360595658211,0.031816144,0.0,0.0,-0.0,0.0,-0.0,1.9938279,1.9938279,-0.0,0.61711675,11.057262,1.0033612,0.0,0.39218462,1.8413876,0.49371743,1.2406027,0.0,0.0,0.0,0.2681225,0.1383698,0.6737325,0.0,1.8413876,0.0,0.8879815,0.8879815,0.39218462,-0.0,7.2,17.06306,20.0,20.0,2.0
resstock-amy2018-2021-release-1-285517,0.0,1.2694418,0.0,0.0,0.037925057,0.0,0.0,0.0,0.0,0.0,0.0,0.0,0.0,0.0,0.17261547,0.17261547,0.0,0.88764787,7.998802185058594,7.1001196997440275,-0.0,0.17261547,0.0,-0.0,0.0,-0.0,0.0,0.0,1.1915404,0.502725,11.057262,0.07790148,0.0,0.574686,0.7852265,0.23265782,0.5227785,0.0,0.0,0.0,0.29629388,0.1383698,0.6657678,0.0,0.7852265,0.0,1.192693,1.192693,0.574686,-0.0,7.8,17.301296,20.0,20.0,2.0
resstock-amy2018-2021-release-1-285517,0.0,0.9815198,2.1171536,0.0,0.0,2.1858373,0.0,0.0,0.0,0.0,0.0,0.0,0.0,0.0,0.07760729,0.07760729,0.0,0.8938031,7.998801231384277,7.149353494146908,-0.0,0.07760729,0.0,-0.0,0.0,-0.0,0.0,0.0,0.9815199,0.40854487,11.057262,0.0,0.0,0.7035151,2.9669597,0.9474048,1.9422244,0.0,0.0,0.0,0.31931838,0.1383698,0.6546177,0.0,2.9669597,0.0,3.3803296,3.3803296,0.7035151,-0.0,6.7,17.20722,19.36111,19.36111,2.0
resstock-amy2018-2021-release-1-285517,0.0,0.68824553,0.0,0.0,0.0,0.0,0.0,0.0,0.0,0.0,0.0,0.0,0.0,0.0,-0.44600785,0.0,-0.44600785,0.829476,7.9987945556640625,6.634808103883188,0.44600785,0.0,0.0,-0.0,0.0,-0.0,0.0,0.0,0.6882456,0.34201702,11.057262,0.0,0.0,1.0022558,0.5399661,0.1816488,0.34706384,0.0,0.0,0.0,0.33640778,0.1383698,0.64275116,0.0,0.5399661,0.0,1.3076326,1.3239144,1.0022558,-0.016281843,9.4,17.346008,18.88889,18.88889,2.0
resstock-amy2018-2021-release-1-285517,0.0,0.6991776,0.3849616,0.0,0.0,0.39745033,0.0,0.0,0.0,0.0,0.0,0.0,0.0,0.0,0.25876904,0.25876904,0.0,0.8561479,7.998790740966797,6.848147778016482,-0.0,0.25876904,0.0,-0.0,0.0,-0.0,0.0,0.0,0.6991776,0.27506885,11.057262,0.0,0.0,1.2736433,1.9087298,0.67560357,1.2186337,0.0,0.0,0.0,0.35395452,0.1383698,0.6384527,0.0,1.9087298,0.0,1.9571567,1.9782895,1.2736433,-0.021132832,11.7,17.77623,18.88889,18.88889,2.0
resstock-amy2018-2021-release-1-285517,0.0,0.7735638,0.0,0.0,5.2376677e-08,0.0,0.0,0.0,0.0,0.0,0.0,0.0,0.0,0.0,0.008074727,0.008074727,0.0,0.8546415,7.998790740966797,6.836098494130738,-0.0,0.008074727,0.0,-0.0,0.0,-0.0,0.0,0.0,0.7735637,0.20189863,11.057262,1.1920929e-07,0.0,1.3153263,1.2527487,0.41005558,0.80216134,0.0,0.0,0.0,0.3273247,0.1383698,0.640321,0.0,1.2527487,0.0,1.5845526,1.655205,1.3153263,-0.07065236,11.7,18.429146,18.88889,18.88889,2.0
resstock-amy2018-2021-release-1-285517,0.0058623985,0.8585064,1.5398294,0.0,2.5898164e-08,1.5897837,0.0,0.0,0.0,0.0,0.0,0.0,0.0,0.0,0.12610096,0.12610096,0.0,0.8663149,7.998788833618164,6.929469852535476,-0.0,0.12610096,0.0,-0.0,0.0,-0.0,0.0,0.0,0.8585063,0.12159477,11.057262,5.9604645e-08,0.0,1.2727137,2.8342154,0.92488414,1.8014629,0.0,0.0,0.0,0.3263281,0.1383698,0.63561255,0.0,2.8342154,0.0,3.0811346,3.2355175,1.2727137,-0.15438288,12.1,19.002018,18.88889,18.88889,2.0
resstock-amy2018-2021-release-1-285517,0.0,0.6546335,0.0,0.0,0.0,0.0,0.0,0.0,0.0,0.0,0.0,0.0,0.0,0.0,-0.32554463,0.0,-0.32554463,0.8185909,7.998784065246582,6.5477316824233185,0.32554463,0.0,0.0,-0.0,0.0,-0.0,0.0,0.0,0.6546335,0.06064299,11.057262,0.0,0.0,1.2689164,0.8577133,0.25099653,0.53923494,0.0,0.0,0.0,0.29263455,0.1383698,0.62868905,0.0,0.8577133,0.0,1.4621184,1.5477768,1.2689164,-0.08565847,12.8,19.218212,18.88889,18.88889,2.0
resstock-amy2018-2021-release-1-285517,0.0,0.8217001,0.0,0.0,0.07233544,0.0,0.0,0.0,0.0,0.0,0.0,0.0,0.0,0.0,-0.58329463,0.0,-0.58329463,0.7357907,7.998775005340576,5.885424496467522,0.58329463,0.0,0.0,-0.0,0.0,-0.0,0.0,0.0,0.6570647,0.0,11.057262,0.16463542,0.0,1.1521863,0.5917521,0.17060792,0.3701833,0.0,0.0,0.0,0.28830978,0.1383698,0.62557155,0.0,0.5917521,0.0,1.4637396,1.5132147,1.1521863,-0.049475018,11.7,19.484955,18.88889,18.88889,2.0
resstock-amy2018-2021-release-1-285517,0.0,0.7955985,0.0,0.0,0.34471852,0.0,0.0,0.0,0.0,0.0,0.0,0.0,0.0,0.0,-0.2062807,0.0,-0.2062807,0.70491767,7.998771667480469,5.638475481073328,0.2062807,0.0,0.0,-0.0,0.0,-0.0,0.0,0.0,-0.0,0.0,11.057262,0.7955985,0.0,1.0674542,0.9784984,0.29358992,0.60811675,0.0,0.0,0.0,0.3000413,0.1383698,0.6214796,0.0,0.9784984,0.0,1.184779,1.4121728,1.0674542,-0.22739369,12.2,19.6292,18.88889,18.88889,2.0
resstock-amy2018-2021-release-1-285517,0.16859427,0.6638056,0.0,0.0,0.287615,0.0,0.0,0.0,0.0,0.0,0.0,0.0,0.0,0.0,-0.5839452,0.0,-0.5839452,0.62234855,7.998762607574463,4.978018286476413,0.5839452,0.0,0.0,-0.0,0.0,-0.0,0.0,0.0,-0.0,0.0,11.057262,0.6638056,0.0,1.0621959,0.55512905,0.17181924,0.33821136,0.0,0.0,0.0,0.30951226,0.1383698,0.60924816,0.0,0.55512905,0.0,1.1390743,1.349811,1.0621959,-0.2107366,12.2,19.93636,18.88889,18.88889,2.0
resstock-amy2018-2021-release-1-285517,0.13670816,0.63604814,0.0,0.0,0.27945882,0.0,0.0,0.0,0.0,0.0,0.0,0.0,0.0,0.0,-0.5270428,0.0,-0.5270428,0.54773605,7.998754501342773,4.381206185074234,0.5270428,0.0,0.0,-0.0,0.0,-0.0,0.0,0.0,-0.0,0.0,11.057262,0.63604814,0.0,0.93620557,0.55523026,0.18304834,0.33124486,0.0,0.0,0.0,0.32968006,0.1383698,0.59659004,0.0,0.55523026,0.0,1.082273,1.2156643,0.93620557,-0.1333913,11.7,20.325527,18.88889,18.88889,2.0
resstock-amy2018-2021-release-1-285517,0.05956597,0.6857504,0.384961,0.0,0.31047717,0.3974497,0.0,0.0,0.0,0.0,0.0,0.0,0.0,0.0,-0.1908705,0.0,-0.1908705,0.51953006,7.998751640319824,4.155591902879905,0.1908705,0.0,0.0,-0.0,0.0,-0.0,0.0,0.0,-0.0,0.0,11.057262,0.6857504,0.0,0.9315348,1.4377104,0.4959845,0.8707159,0.0,0.0,0.0,0.3449822,0.1383698,0.60562676,0.0,1.4377104,0.0,1.6285809,1.6394618,0.9315348,-0.010880776,10.6,20.637005,18.88889,18.88889,2.0
resstock-amy2018-2021-release-1-285517,0.0,0.8102913,0.3849612,0.0,0.3727808,0.39744988,0.0,0.0,0.0,0.0,0.0,0.0,0.0,0.0,-0.029985964,0.0,-0.029985964,0.5138601,7.998751163482666,4.110239124479847,0.029985964,0.0,0.0,-0.0,0.0,-0.0,0.0,0.0,-0.0,0.0,11.057262,0.8102913,0.0,0.9325983,1.6728431,0.6073586,1.0001583,0.0,0.0,0.0,0.36306965,0.1383698,0.59787935,0.0,1.6728431,0.0,1.7028291,1.7028291,0.9325983,-0.0,10.0,20.791794,19.726852,19.726852,2.0
resstock-amy2018-2021-release-1-285517,0.0,0.92293245,1.1568183,0.0,0.43134195,1.1943471,0.0,0.0,0.0,0.0,0.0,0.0,0.0,0.0,-0.11864067,0.0,-0.11864067,0.49580294,7.998749256134033,3.9658033890205218,0.11864067,0.0,0.0,-0.0,0.0,-0.0,0.0,0.0,-0.0,0.0,11.057262,0.92293245,0.0,0.7088702,2.2159185,0.78531134,1.252038,0.0,0.0,0.0,0.3543954,0.1383698,0.56501985,0.0,2.2159185,0.0,2.3345592,2.3345592,0.7088702,-0.0,9.4,20.668371,20.555555,20.555555,2.0
resstock-amy2018-2021-release-1-285517,0.0,1.2095997,0.0,0.0,1.0453734,0.0,0.0,0.0,0.0,0.0,0.0,0.0,0.0,0.0,-0.13047893,0.0,-0.13047893,0.47614554,7.9987473487854,3.80856784137616,0.13047893,0.0,0.0,-0.0,0.0,-0.0,0.9984117,0.9984117,-0.0,0.08925727,11.057262,1.2095997,0.0,0.7899379,1.7048324,0.57168704,0.9301335,0.0,0.0,0.0,0.3353333,0.1383698,0.54558647,0.0,1.7048324,0.0,1.3626177,1.3626177,0.7899379,-0.0,8.9,20.764187,20.555555,20.555555,2.0
resstock-amy2018-2021-release-1-285517,0.0,0.82000023,0.0,0.0,0.57422566,0.0,0.0,0.0,0.0,0.0,0.0,0.0,0.0,0.0,0.6972944,0.6972944,0.0,0.5540304,7.99873685836792,4.431543528281054,-0.0,0.6972944,0.0,-0.0,0.0,-0.0,0.37444142,0.37444142,-0.0,0.121954136,11.057262,0.82000023,0.0,0.69904894,1.9705691,0.60078317,1.0426128,0.0,0.0,0.0,0.304878,0.1383698,0.5290922,0.0,1.9705691,0.0,1.0932627,1.0932627,0.69904894,-0.0,8.3,20.196644,20.0,20.0,2.0
resstock-amy2018-2021-release-1-285517,0.0,0.7190297,0.0,0.0,0.0,0.0,0.0,0.0,0.0,0.0,0.0,0.0,0.0,0.0,-0.05784079,0.0,-0.05784079,0.544359,7.9987359046936035,4.3541841050223695,0.05784079,0.0,0.0,-0.0,0.0,-0.0,0.0,0.0,0.7190297,0.055107657,11.057262,0.0,0.0,0.5172955,0.4594547,0.13994843,0.23746118,0.0,0.0,0.0,0.3045968,0.1383698,0.51683265,0.0,0.4594547,0.0,0.8673433,0.8673433,0.5172955,-0.0,7.8,19.636124,19.444445,19.444445,2.0
resstock-amy2018-2021-release-1-285517,0.41738775,0.8420582,0.0,0.0,0.12104785,0.0,0.0,0.0,0.0,0.0,0.0,0.0,0.0,0.0,0.8886208,0.8886208,0.0,0.6443808,7.998722553253174,5.154223300845956,-0.0,0.8886208,0.0,-0.0,0.0,-0.0,0.0,0.0,0.5970895,0.0,11.057262,0.24496865,0.0,0.3657726,1.3754413,0.40730947,0.7040296,0.0,0.0,0.0,0.29613003,0.1383698,0.5118573,0.0,1.3754413,0.0,0.781864,0.781864,0.3657726,-0.0,7.2,19.214725,17.777779,17.777779,2.0
resstock-amy2018-2021-release-1-285517,0.0,0.70269185,0.0,0.0,0.3472254,0.0,0.0,0.0,0.0,0.0,0.0,0.0,0.0,0.0,0.83636117,0.83636117,0.0,0.7379979,7.998709678649902,5.903030861716729,-0.0,0.83636117,0.0,-0.0,0.0,-0.0,0.0,0.0,-0.0,0.0,11.057262,0.70269185,0.0,0.30805928,1.4916458,0.42805523,0.7603554,0.0,0.0,0.0,0.2869684,0.1383698,0.5097426,0.0,1.4916458,0.0,0.65528464,0.65528464,0.30805928,-0.0,7.2,18.631632,17.777779,17.777779,2.0
resstock-amy2018-2021-release-1-285517,0.0,0.6783735,0.38513654,0.0,0.339337,0.39763093,0.0,0.0,0.0,0.0,0.0,0.0,0.0,0.0,0.41539884,0.41539884,0.0,0.78271013,7.998703479766846,6.2606662803378015,-0.0,0.41539884,0.0,-0.0,0.0,-0.0,0.0,0.0,-0.0,0.0,11.057262,0.6783735,0.0,0.307143,1.4595097,0.41126388,0.7371913,0.0,0.0,0.0,0.2817822,0.1383698,0.5050952,0.0,1.4595097,0.0,1.0441109,1.0441109,0.307143,-0.0,6.7,18.085743,17.777779,17.777779,2.0
resstock-amy2018-2021-release-1-285517,0.0,0.80617094,0.0,0.0,0.40915108,0.0,0.0,0.0,0.0,0.0,0.0,0.0,0.0,0.0,0.16385145,0.16385145,0.0,0.79882056,7.998701095581055,6.389526850131801,-0.0,0.16385145,0.0,-0.0,0.0,-0.0,0.0,0.0,-0.0,0.0,11.057262,0.80617094,0.0,0.30622673,0.87922925,0.24428564,0.44430706,0.0,0.0,0.0,0.27784067,0.1383698,0.505337,0.0,0.87922925,0.0,0.7153778,0.7153778,0.30622673,-0.0,6.1,17.693783,17.777779,17.777779,2.0
resstock-amy2018-2021-release-1-285517,0.0,0.7784618,0.0,0.0,0.39508805,0.0,0.0,0.0,0.0,0.0,0.0,0.0,0.0,0.0,-0.547848,0.0,-0.547848,0.720885,7.998692989349365,5.766137625824541,0.547848,0.0,0.0,-0.0,0.0,-0.0,0.0,0.0,-0.0,0.0,11.057262,0.7784618,0.0,0.31262633,0.1598664,0.04399844,0.08293878,0.0,0.0,0.0,0.27522007,0.1383698,0.5188006,0.0,0.1598664,0.0,0.7077144,0.7077144,0.31262633,-0.0,6.1,17.246975,17.777779,17.777779,2.0
resstock-amy2018-2021-release-1-285517,0.0,0.7029708,2.1449406,0.0,0.3661858,2.2145257,0.0,0.0,0.0,0.0,0.0,0.0,0.0,0.0,-0.9839059,0.0,-0.9839059,0.5847206,7.998678207397461,4.676992013199197,0.9839059,0.0,0.0,-0.0,0.0,-0.0,0.0,0.0,-0.0,0.0,11.057262,0.7029708,0.0,0.34097353,1.9377792,0.5356793,1.048204,0.0,0.0,0.0,0.2764398,0.1383698,0.54093057,0.0,1.9377792,0.0,2.9216852,2.9216852,0.34097353,-0.0,5.0,16.744322,17.777779,17.777779,2.0
resstock-amy2018-2021-release-1-285517,0.0,0.6468279,1.282152,0.0,0.34559998,1.3237469,0.0,0.0,0.0,0.0,0.0,0.0,0.0,0.0,-0.115714274,0.0,-0.115714274,0.5668728,7.998676300048828,4.5342318349719335,0.115714274,0.0,0.0,-0.0,0.0,-0.0,0.0,0.0,-0.0,0.0,11.057262,0.6468279,0.0,0.4288568,1.9824893,0.559053,1.0893915,0.0,0.0,0.0,0.28199548,0.1383698,0.54950684,0.0,1.9824893,0.0,2.0982037,2.0982037,0.4288568,-0.0,3.9,16.309374,17.777779,17.777779,2.0
resstock-amy2018-2021-release-1-285517,0.0,0.5707345,0.0,0.0,0.3091111,0.0,0.0,0.0,0.0,0.0,0.0,0.0,0.0,0.0,-0.18707907,0.0,-0.18707907,0.5391396,7.998673439025879,4.3124018256920635,0.18707907,0.0,0.0,-0.0,0.0,-0.0,0.0,0.0,-0.0,0.0,11.057262,0.5707345,0.0,0.574686,0.696718,0.21654427,0.38524976,0.0,0.0,0.0,0.3108062,0.1383698,0.55294937,0.0,0.696718,0.0,0.88379705,0.88379705,0.574686,-0.0,3.3,15.974889,18.805555,18.805555,2.0
resstock-amy2018-2021-release-1-285517,0.0,0.7673173,0.0,0.0,0.4202502,0.0,0.0,0.0,0.0,0.0,0.0,0.0,0.0,0.0,-0.77037644,0.0,-0.77037644,0.4319143,7.998661518096924,3.454736288338026,0.77037644,0.0,0.0,-0.0,0.0,-0.0,0.0,0.0,-0.0,0.0,11.057262,0.7673173,0.0,0.6080099,0.25788367,0.088273205,0.14453852,0.0,0.0,0.0,0.34229854,0.1383698,0.5604795,0.0,0.25788367,0.0,1.0282601,1.0282601,0.6080099,-0.0,2.8,15.823251,20.555555,20.555555,2.0
resstock-amy2018-2021-release-1-285517,0.0,0.919596,0.0,0.0,0.45440555,0.0,0.0,0.0,0.0,0.0,0.0,0.0,0.0,0.0,-0.53440505,0.0,-0.53440505,0.35683554,7.998653411865234,2.8542038423649956,0.53440505,0.0,0.0,-0.0,0.0,-0.0,0.0,0.0,-0.0,0.0,11.057262,0.919596,0.0,0.9015609,0.8085894,0.299966,0.45844993,0.0,0.0,0.0,0.37097445,0.1383698,0.56697494,0.0,0.8085894,0.0,1.3429945,1.3559664,0.9015609,-0.012971986,7.2,16.391838,20.555555,20.555555,2.0
resstock-amy2018-2021-release-1-285517,0.0,1.1943792,0.0,0.0,0.55820537,0.0,0.0,0.0,0.0,0.0,0.0,0.0,0.0,0.0,-0.6268207,0.0,-0.6268207,0.2694411,7.99864387512207,2.1551633880221175,0.6268207,0.0,0.0,-0.0,0.0,-0.0,0.0,0.0,-0.0,0.0,11.057262,1.1943792,0.0,1.172248,1.0855511,0.3921686,0.6367824,0.0,0.0,0.0,0.3612622,0.1383698,0.5865983,0.0,1.0855511,0.0,1.7123718,1.7304534,1.172248,-0.018081507,9.4,17.55847,20.555555,20.555555,2.0
resstock-amy2018-2021-release-1-285517,0.0,0.89887106,1.2601457,0.0,0.40696865,1.3010266,0.0,0.0,0.0,0.0,0.0,0.0,0.0,0.0,-0.5271676,0.0,-0.5271676,0.19580258,7.998635768890381,1.5661535543472027,0.5271676,0.0,0.0,-0.0,0.0,-0.0,0.0,0.0,-0.0,0.0,11.057262,0.89887106,0.0,1.515525,2.6260118,0.86706924,1.5801208,0.0,0.0,0.0,0.33018482,0.1383698,0.60171884,0.0,2.6260118,0.0,3.1531794,3.2235203,1.515525,-0.070340805,10.6,18.50261,20.555555,20.555555,2.0
resstock-amy2018-2021-release-1-285517,0.0,0.80301964,0.0,0.0,0.3586847,0.0,0.0,0.0,0.0,0.0,0.0,0.0,0.0,0.0,-0.11539143,0.0,-0.11539143,0.17909189,7.998633861541748,1.4324904211747693,0.11539143,0.0,0.0,-0.0,0.0,-0.0,0.0,0.0,-0.0,0.0,11.057262,0.80301964,0.0,1.3740956,1.4501189,0.4668582,0.89340174,0.0,0.0,0.0,0.32194477,0.1383698,0.6160886,0.0,1.4501189,0.0,1.5655103,1.7327801,1.3740956,-0.16726987,11.1,19.055712,20.555555,20.555555,2.0
resstock-amy2018-2021-release-1-285517,0.0,0.5267424,0.0,0.0,0.23143344,0.0,0.0,0.0,0.0,0.0,0.0,0.0,0.0,0.0,0.17071903,0.17071903,0.0,0.1976688,7.998631477355957,1.581079931510729,-0.0,0.17071903,0.0,-0.0,0.0,-0.0,0.0,0.0,-0.0,0.0,11.057262,0.5267424,0.0,1.3719842,1.5292864,0.4699315,0.9448502,0.0,0.0,0.0,0.3072881,0.1383698,0.6178373,0.0,1.5292864,0.0,1.3585674,1.6034176,1.3719842,-0.24485026,11.7,19.294146,20.555555,20.555555,2.0
resstock-amy2018-2021-release-1-285517,0.0,0.42815244,0.0,0.0,0.18238418,0.0,0.0,0.0,0.0,0.0,0.0,0.0,0.0,0.0,0.40455437,0.40455437,0.0,0.24266158,7.9986252784729,1.9409590514486226,-0.0,0.40455437,0.0,-0.0,0.0,-0.0,0.0,0.0,-0.0,0.0,11.057262,0.42815244,0.0,1.0492793,1.3555027,0.40986064,0.81969976,0.0,0.0,0.0,0.302368,0.1383698,0.6047201,0.0,1.3555027,0.0,0.95094836,1.2316635,1.0492793,-0.28071508,12.8,19.345322,20.555555,20.555555,2.0
resstock-amy2018-2021-release-1-285517,0.0,0.45999584,0.0,0.0,0.19930792,0.0,0.0,0.0,0.0,0.0,0.0,0.0,0.0,0.0,0.43446854,0.43446854,0.0,0.2909417,7.9986186027526855,2.3271315774618557,-0.0,0.43446854,0.0,-0.0,0.0,-0.0,0.0,0.0,-0.0,0.0,11.057262,0.45999584,0.0,1.0674542,1.4089215,0.43449497,0.82427716,0.0,0.0,0.0,0.30838835,0.1383698,0.5850412,0.0,1.4089215,0.0,0.974453,1.266762,1.0674542,-0.2923091,12.2,19.588703,20.555555,20.555555,2.0
resstock-amy2018-2021-release-1-285517,0.13077156,0.43614197,0.0,0.0,0.18578756,0.0,0.0,0.0,0.0,0.0,0.0,0.0,0.0,0.0,0.44747153,0.44747153,0.0,0.340572,7.998611927032471,2.724103257612853,-0.0,0.44747153,0.0,-0.0,0.0,-0.0,0.0,0.0,-0.0,0.0,11.057262,0.43614197,0.0,0.9525626,1.3235966,0.42312375,0.759192,0.0,0.0,0.0,0.31967726,0.1383698,0.5735826,0.0,1.3235966,0.0,0.8761251,1.1383501,0.9525626,-0.26222503,12.8,19.90795,20.555555,20.555555,2.0
resstock-amy2018-2021-release-1-285517,0.17884041,0.4766387,0.38513753,0.0,0.20651896,0.39763194,0.0,0.0,0.0,0.0,0.0,0.0,0.0,0.0,0.4432182,0.4432182,0.0,0.38957682,7.998605251312256,3.1160712183924346,-0.0,0.4432182,0.0,-0.0,0.0,-0.0,0.0,0.0,-0.0,0.0,11.057262,0.4766387,0.0,0.6857111,1.6117616,0.5339455,0.9090734,0.0,0.0,0.0,0.3312807,0.1383698,0.56402475,0.0,1.6117616,0.0,1.1685433,1.2898619,0.6857111,-0.12131858,12.2,20.319275,20.555555,20.555555,2.0
resstock-amy2018-2021-release-1-285517,0.0,0.45158568,0.7702752,0.0,0.20170973,0.795264,0.0,0.0,0.0,0.0,0.0,0.0,0.0,0.0,0.33282357,0.33282357,0.0,0.4258706,7.998600006103516,3.406368562663147,-0.0,0.33282357,0.0,-0.0,0.0,-0.0,0.0,0.0,-0.0,0.0,11.057262,0.45158568,0.0,0.6183161,1.9340254,0.6677954,1.090231,0.0,0.0,0.0,0.34528783,0.1383698,0.56371075,0.0,1.9340254,0.0,1.6012018,1.6152898,0.6183161,-0.014087998,11.1,20.492327,20.555555,20.555555,2.0
resstock-amy2018-2021-release-1-285517,0.0,0.59521985,1.5405322,0.0,0.2738355,1.5905093,0.0,0.0,0.0,0.0,0.0,0.0,0.0,0.0,-0.060533155,0.0,-0.060533155,0.41618204,7.998599052429199,3.3288732801261176,0.060533155,0.0,0.0,-0.0,0.0,-0.0,0.0,0.0,-0.0,0.0,11.057262,0.59521985,0.0,0.75185907,2.5556707,0.8728064,1.4558434,0.0,0.0,0.0,0.34151754,0.1383698,0.5696522,0.0,2.5556707,0.0,2.6162038,2.6162038,0.75185907,-0.0,10.0,20.579903,20.555555,20.555555,2.0
resstock-amy2018-2021-release-1-285517,0.0,0.6216166,0.7702729,0.0,0.2943017,0.7952617,0.0,0.0,0.0,0.0,0.0,0.0,0.0,0.0,0.075539604,0.075539604,0.0,0.42343026,7.998598098754883,3.3868485045546777,-0.0,0.075539604,0.0,-0.0,0.0,-0.0,0.0,0.0,-0.0,0.0,11.057262,0.6216166,0.0,0.8873209,2.0524237,0.6867313,1.1145375,0.0,0.0,0.0,0.33459526,0.1383698,0.5430348,0.0,2.0524237,0.0,1.9768841,1.9768841,0.8873209,-0.0,8.9,20.465647,20.555555,20.555555,2.0
resstock-amy2018-2021-release-1-285517,0.0,0.56633323,0.0,0.0,0.268128,0.0,0.0,0.0,0.0,0.0,0.0,0.0,0.0,0.0,0.47296914,0.47296914,0.0,0.4756055,7.99859094619751,3.8041737488667877,-0.0,0.47296914,0.0,-0.0,0.0,-0.0,0.0,0.0,-0.0,0.0,11.057262,0.56633323,0.0,0.7899379,1.5310351,0.501067,0.8147252,0.0,0.0,0.0,0.32727337,0.1383698,0.53214014,0.0,1.5310351,0.0,1.0580659,1.0580659,0.7899379,-0.0,8.9,20.16313,20.00926,20.00926,2.0
resstock-amy2018-2021-release-1-285517,0.0,0.48933902,1.1553779,0.0,0.23167545,1.19286,0.0,0.0,0.0,0.0,0.0,0.0,0.0,0.0,-0.015166523,0.0,-0.015166523,0.47213903,7.99859094619751,3.7764469762631876,0.015166523,0.0,0.0,-0.0,0.0,-0.0,0.0,0.0,-0.0,0.0,11.057262,0.48933902,0.0,0.69904894,2.108418,0.6520962,1.138627,0.0,0.0,0.0,0.3092822,0.1383698,0.5400386,0.0,2.108418,0.0,2.1235845,2.1235845,0.69904894,-0.0,8.9,19.695518,20.0,20.0,2.0
resstock-amy2018-2021-release-1-285517,0.9319757,0.64317286,0.38513803,0.0,0.45716947,0.39763248,0.0,0.0,0.0,0.0,0.0,0.0,0.0,0.0,0.6751701,0.6751701,0.0,0.54746944,7.9985809326171875,4.378978600957453,-0.0,0.6751701,0.0,-0.0,0.0,-0.0,0.24693833,0.24693833,-0.0,0.022076106,11.057262,0.64317286,0.0,0.5172955,2.0472674,0.62776345,1.0965002,0.0,0.0,0.0,0.3066348,0.1383698,0.535592,0.0,2.0472674,0.0,1.2452674,1.2452674,0.5172955,-0.0,5.6,19.117807,17.777779,17.777779,2.0
resstock-amy2018-2021-release-1-285517,0.0,0.50017124,0.0,0.0,0.13245228,0.0,0.0,0.0,0.0,0.0,0.0,0.0,0.0,0.0,-0.10251469,0.0,-0.10251469,0.53156877,7.998579502105713,4.2517950328098095,0.10251469,0.0,0.0,-0.0,0.0,-0.0,0.0,0.0,0.23919384,0.0,11.057262,0.2609774,0.0,0.3657726,0.3957102,0.119479865,0.21204956,0.0,0.0,0.0,0.3019378,0.1383698,0.53587085,0.0,0.3957102,0.0,0.6196215,0.6196215,0.3657726,-0.0,6.1,18.455723,17.777779,17.777779,2.0
resstock-amy2018-2021-release-1-285517,0.0,0.82450277,0.0,0.0,0.43551415,0.0,0.0,0.0,0.0,0.0,0.0,0.0,0.0,0.0,0.14740044,0.14740044,0.0,0.54653764,7.998577117919922,4.371523443073784,-0.0,0.14740044,0.0,-0.0,0.0,-0.0,0.0,0.0,-0.0,0.0,11.057262,0.82450277,0.0,0.3483989,0.93131346,0.266019,0.50264174,0.0,0.0,0.0,0.2856385,0.1383698,0.5397127,0.0,0.93131346,0.0,0.783913,0.783913,0.3483989,-0.0,4.4,18.032642,17.777779,17.777779,2.0
resstock-amy2018-2021-release-1-285517,0.0,1.1162068,0.0,0.0,0.5895964,0.0,0.0,0.0,0.0,0.0,0.0,0.0,0.0,0.0,-1.023886,0.0,-1.023886,0.40557992,7.998561382293701,3.2440559222066554,1.023886,0.0,0.0,-0.0,0.0,-0.0,0.0,0.0,-0.0,0.0,11.057262,1.1162068,0.0,0.33606794,-0.09822166,-0.024755763,0.0,0.0,0.0,0.0,0.25203976,0.1383698,0.5235095,0.0,0.0,-0.09822166,0.9256643,0.9256643,0.33606794,-0.0,4.4,17.789547,17.777779,17.777779,2.0
resstock-amy2018-2021-release-1-285517,0.0,1.4352267,0.0,0.0,0.76684123,0.0,0.0,0.0,0.0,0.0,0.0,0.0,0.0,0.0,-0.80500567,0.0,-0.80500567,0.29409456,7.998548984527588,2.3523297644835566,0.80500567,0.0,0.0,-0.0,0.0,-0.0,0.0,0.0,-0.0,0.0,11.057262,1.4352267,0.0,0.30622673,0.26806223,0.06369344,0.13438226,0.0,0.0,0.0,0.23760691,0.1383698,0.50130993,0.0,0.26806223,0.0,1.0730679,1.0730679,0.30622673,-0.0,3.9,17.666828,17.777779,17.777779,2.0
resstock-amy2018-2021-release-1-285517,0.0,1.4782268,0.0,0.0,0.80061096,0.0,0.0,0.0,0.0,0.0,0.0,0.0,0.0,0.0,-0.8977018,0.0,-0.8977018,0.17056227,7.99853515625,1.364248291356489,0.8977018,0.0,0.0,-0.0,0.0,-0.0,0.0,0.0,-0.0,0.0,11.057262,1.4782268,0.0,0.31262633,0.21553546,0.048174765,0.10570462,0.0,0.0,0.0,0.22351201,0.1383698,0.49042797,0.0,0.21553546,0.0,1.1132373,1.1132373,0.31262633,-0.0,3.3,17.382128,17.777779,17.777779,2.0
resstock-amy2018-2021-release-1-285517,0.0,1.8671417,0.0,0.0,1.0112481,0.0,0.0,0.0,0.0,0.0,0.0,0.0,0.0,0.0,-0.8120358,0.0,-0.8120358,0.05879704,7.998522758483887,0.4702894553055259,0.8120358,0.0,0.0,-0.0,0.0,-0.0,0.0,0.0,-0.0,0.0,11.057262,1.8671417,0.0,0.34097353,0.5401858,0.11880026,0.26746583,0.0,0.0,0.0,0.21992481,0.1383698,0.49513674,0.0,0.5401858,0.0,1.3522216,1.3522216,0.34097353,-0.0,3.3,17.433277,17.777779,17.777779,2.0
resstock-amy2018-2021-release-1-285517,0.0,2.134389,0.0,0.0,1.1274148,0.0,0.0,0.0,0.0,0.0,0.0,0.0,0.0,0.0,-0.42373154,0.0,-0.42373154,0.0,7.99851655960083,0.0,0.42373154,0.0,0.0,-0.0,0.0,-0.0,0.0,0.0,-0.0,0.0,11.057262,2.134389,0.0,0.4288568,1.13254,0.23570363,0.57077086,0.0,0.0,0.0,0.20811948,0.1383698,0.50397414,0.0,1.13254,0.0,1.5562716,1.5562716,0.4288568,-0.0,4.4,17.631432,17.777779,17.777779,2.0
resstock-amy2018-2021-release-1-285517,0.0,1.7167222,0.0,0.0,0.9297806,0.0,0.0,0.0,0.0,0.0,0.0,0.0,0.0,0.0,0.24374874,0.24374874,0.0,0.027304804,7.9985127449035645,0.2183978224117622,-0.0,0.24374874,0.0,-0.0,0.0,-0.0,0.0,0.0,-0.0,0.0,11.057262,1.7167222,0.0,0.6448769,1.8184062,0.4436085,0.96043813,0.0,0.0,0.0,0.24395457,0.1383698,0.5281758,0.0,1.8184062,0.0,1.5746574,1.5746574,0.6448769,-0.0,3.3,17.417824,18.518518,18.518518,2.0
resstock-amy2018-2021-release-1-285517,0.0,1.3324733,0.844932,0.0,0.7216705,0.8723428,0.0,0.0,0.0,0.0,0.0,0.0,0.0,0.0,0.61100847,0.61100847,0.0,0.096462704,7.998503684997559,0.771557295338674,-0.0,0.61100847,0.0,-0.0,0.0,-0.0,0.0,0.0,-0.0,0.0,11.057262,1.3324733,0.0,0.79902035,3.0040421,0.8120427,1.7049644,0.0,0.0,0.0,0.2703167,0.1383698,0.56755674,0.0,3.0040421,0.0,2.3930337,2.3930337,0.79902035,-0.0,3.3,17.204472,20.0,20.0,2.0
resstock-amy2018-2021-release-1-285517,0.0,1.2759081,1.9435701,0.0,0.63047224,2.0066223,0.0,0.0,0.0,0.0,0.0,0.0,0.0,0.0,0.14228094,0.14228094,0.0,0.11207903,7.998501300811768,0.896464281369763,-0.0,0.14228094,0.0,-0.0,0.0,-0.0,0.0,0.0,-0.0,0.0,11.057262,1.2759081,0.0,1.2036456,3.9666042,1.1266109,2.333107,0.0,0.0,0.0,0.28402403,0.1383698,0.5881875,0.0,3.9666042,0.0,3.8243232,3.84074,1.2036456,-0.016416863,7.2,17.61082,20.0,20.0,2.0
resstock-amy2018-2021-release-1-285517,0.0,1.4784667,0.034156136,0.0,0.6999737,0.035264213,0.0,0.0,0.0,0.0,0.0,0.0,0.0,0.0,-0.091029584,0.0,-0.091029584,0.09900548,7.998499870300293,0.7918953436614018,0.091029584,0.0,0.0,-0.0,0.0,-0.0,0.0,0.0,-0.0,0.0,11.057262,1.4784667,0.0,1.7590982,2.3706539,0.6912674,1.4295202,0.0,0.0,0.0,0.29159355,0.1383698,0.6030067,0.0,2.3706539,0.0,2.4616835,2.4943361,1.7590982,-0.032652624,8.9,18.521326,20.0,20.0,2.0
resstock-amy2018-2021-release-1-285517,0.0,0.635865,0.3584138,0.0,0.29253462,0.37004125,0.0,0.0,0.0,0.0,0.0,0.0,0.0,0.0,-0.39332286,0.0,-0.39332286,0.044122655,7.998493671417236,0.3529147763409757,0.39332286,0.0,0.0,-0.0,0.0,-0.0,0.0,0.0,-0.0,0.0,11.057262,0.635865,0.0,1.7981896,1.9838928,0.5783947,1.212965,0.0,0.0,0.0,0.29154533,0.1383698,0.6114065,0.0,1.9838928,0.0,2.3772156,2.4607654,1.7981896,-0.083549805,10.0,18.643673,20.791666,20.791666,2.0
resstock-amy2018-2021-release-1-285517,0.0,0.5289134,0.39188102,0.0,0.23238729,0.4045942,0.0,0.0,0.0,0.0,0.0,0.0,0.0,0.0,-0.31781906,0.0,-0.31781906,0.00020555906,7.998488903045654,0.001644161855495048,0.31781906,0.0,0.0,-0.0,0.0,-0.0,0.0,0.0,-0.0,0.0,11.057262,0.5289134,0.0,1.6450762,1.838606,0.5011759,1.1433074,0.0,0.0,0.0,0.2725847,0.1383698,0.62183386,0.0,1.838606,0.0,2.156425,2.2820578,1.6450762,-0.12563269,11.7,18.879423,21.11111,21.11111,2.0
resstock-amy2018-2021-release-1-285517,0.0,0.5975152,0.32579404,0.0,0.2588926,0.3363633,0.0,0.0,0.0,0.0,0.0,0.0,0.0,0.0,-0.0014861616,0.0,-0.0014861616,0.0,7.998488903045654,0.0,0.0014861616,0.0,0.0,-0.0,0.0,-0.0,0.0,0.0,-0.0,0.0,11.057262,0.5975152,0.0,1.3719842,1.8272784,0.5026988,1.1531367,0.0,0.0,0.0,0.27510792,0.1383698,0.6310679,0.0,1.8272784,0.0,1.8287646,1.9672401,1.3719842,-0.13847548,12.2,19.123947,21.11111,21.11111,2.0
resstock-amy2018-2021-release-1-285517,0.0,0.57186663,0.8699528,0.0,0.24360348,0.89817536,0.0,0.0,0.0,0.0,0.0,0.0,0.0,0.0,0.0,0.0,0.0,0.0,7.998488903045654,0.0,-0.0,0.0,0.0,-0.0,0.0,-0.0,0.0,0.0,-0.0,0.0,11.057262,0.57186663,0.0,1.2550932,2.2225063,0.60920596,1.4048997,0.0,0.0,0.0,0.27410764,0.1383698,0.63212407,0.0,2.2225063,0.0,2.2225063,2.396872,1.2550932,-0.17436571,12.8,19.43104,21.11111,21.11111,2.0
resstock-amy2018-2021-release-1-285517,0.0,0.48140582,0.03951563,0.0,0.20506904,0.040797573,0.0,0.0,0.0,0.0,0.0,0.0,0.0,0.0,0.0,0.0,0.0,0.0,7.998488903045654,0.0,-0.0,0.0,0.0,-0.0,0.0,-0.0,0.0,0.0,-0.0,0.0,11.057262,0.48140582,0.0,1.1678625,1.2686459,0.3544136,0.79227036,0.0,0.0,0.0,0.2793637,0.1383698,0.6245008,0.0,1.2686459,0.0,1.2686459,1.4137292,1.1678625,-0.14508332,12.8,19.651852,21.11111,21.11111,2.0
resstock-amy2018-2021-release-1-285517,0.0,0.46107274,1.0882819,0.0,0.19360174,1.1235874,0.0,0.0,0.0,0.0,0.0,0.0,0.0,0.0,0.0,0.0,0.0,0.0,7.998488903045654,0.0,-0.0,0.0,0.0,-0.0,0.0,-0.0,0.0,0.0,-0.0,0.0,11.057262,0.46107274,0.0,1.0621959,2.2939591,0.6513463,1.4024816,0.0,0.0,0.0,0.2839398,0.1383698,0.61138034,0.0,2.2939591,0.0,2.2939591,2.3793852,1.0621959,-0.085426025,13.3,19.93613,21.11111,21.11111,2.0
resstock-amy2018-2021-release-1-285517,0.0,0.4514053,0.0,0.0,0.19228941,0.0,0.0,0.0,0.0,0.0,0.0,0.0,0.0,0.0,0.1511638,0.1511638,0.0,0.016883833,7.998486518859863,0.13504511330747526,-0.0,0.1511638,0.0,-0.0,0.0,-0.0,0.0,0.0,-0.0,0.0,11.057262,0.4514053,0.0,0.93620557,1.2429633,0.36835945,0.7490137,0.0,0.0,0.0,0.29635584,0.1383698,0.60260326,0.0,1.2429633,0.0,1.0917995,1.128495,0.93620557,-0.036695518,12.8,20.17472,21.11111,21.11111,2.0
resstock-amy2018-2021-release-1-285517,0.0,0.4460284,0.38530406,0.0,0.19325608,0.3978039,0.0,0.0,0.0,0.0,0.0,0.0,0.0,0.0,0.044511233,0.044511233,0.0,0.021791114,7.998486042022705,0.1742959174940628,-0.0,0.044511233,0.0,-0.0,0.0,-0.0,0.0,0.0,-0.0,0.0,11.057262,0.4460284,0.0,0.9315348,1.5655725,0.49224862,0.93705356,0.0,0.0,0.0,0.31442085,0.1383698,0.5985373,0.0,1.5655725,0.0,1.5210613,1.5225948,0.9315348,-0.0015334802,12.2,20.300035,21.11111,21.11111,2.0
resstock-amy2018-2021-release-1-285517,0.0,0.5670595,0.0,0.0,0.4807701,0.0,0.0,0.0,0.0,0.0,0.0,0.0,0.0,0.0,0.20040543,0.20040543,0.0,0.04414865,7.998483180999756,0.35312223465170156,-0.0,0.20040543,0.0,-0.0,0.0,-0.0,0.54254144,0.54254144,-0.0,0.048502803,11.057262,0.5670595,0.0,0.9325983,1.613774,0.52213025,0.95307654,0.0,0.0,0.0,0.32354608,0.1383698,0.5905886,0.0,1.613774,0.0,1.1782951,1.1782951,0.9325983,-0.0,12.2,20.476448,21.11111,21.11111,2.0
resstock-amy2018-2021-release-1-285517,0.82713336,0.54669464,0.0,0.0,0.25842157,0.0,0.0,0.0,0.0,0.0,0.0,0.0,0.0,0.0,0.0052319467,0.0052319467,0.0,0.044606328,7.998483180999756,0.3567829643586151,-0.0,0.0052319467,0.0,-0.0,0.0,-0.0,0.04147273,0.04147273,-0.0,0.051787715,11.057262,0.54669464,0.0,0.8873209,1.1509744,0.37250894,0.6514935,0.0,0.0,0.0,0.3236466,0.1383698,0.56603646,0.0,1.1509744,0.0,1.1275207,1.1275207,0.8873209,-0.0,11.7,20.43491,19.476852,19.476852,2.0
resstock-amy2018-2021-release-1-285517,0.0,0.34149677,0.38530314,0.0,0.0,0.39780295,0.0,0.0,0.0,0.0,0.0,0.0,0.0,0.0,0.08825071,0.08825071,0.0,0.054318275,7.998481750488281,0.4344637337262327,-0.0,0.08825071,0.0,-0.0,0.0,-0.0,0.0,0.0,0.34149677,0.020093028,11.057262,0.0,0.0,0.7899379,1.2759916,0.39287618,0.70014596,0.0,0.0,0.0,0.30789873,0.1383698,0.54870737,0.0,1.2759916,0.0,1.3377833,1.3377833,0.7899379,-0.0,11.7,20.109446,20.555555,20.555555,2.0
resstock-amy2018-2021-release-1-285517,0.0,0.47198644,0.0,0.0,0.11172199,0.0,0.0,0.0,0.0,0.0,0.0,0.0,0.0,0.0,0.21656801,0.21656801,0.0,0.07840492,7.998478412628174,0.6271200465706173,-0.0,0.21656801,0.0,-0.0,0.0,-0.0,0.0,0.0,0.21770726,0.0,11.057262,0.2542792,0.0,1.0965123,1.4248023,0.42523023,0.77503943,0.0,0.0,0.0,0.2984486,0.1383698,0.5439628,0.0,1.4248023,0.0,1.3038877,1.3038877,1.0965123,-0.0,11.7,19.964933,20.0,20.0,2.0
resstock-amy2018-2021-release-1-285517,0.0,0.47410694,0.4472862,0.0,0.2117693,0.4617968,0.0,0.0,0.0,0.0,0.0,0.0,0.0,0.0,-0.1899955,0.0,-0.1899955,0.05163838,7.998475551605225,0.41302831749921864,0.1899955,0.0,0.0,-0.0,0.0,-0.0,0.0,0.0,-0.0,0.0,11.057262,0.47410694,0.0,0.7999601,1.2835306,0.37973255,0.7030601,0.0,0.0,0.0,0.29585,0.1383698,0.5477548,0.0,1.2835306,0.0,1.4735261,1.4735261,0.7999601,-0.0,11.1,19.65774,19.444445,19.444445,2.0
resstock-amy2018-2021-release-1-285517,0.0,0.37899405,0.0,0.0,0.17159157,0.0,0.0,0.0,0.0,0.0,0.0,0.0,0.0,0.0,0.53753275,0.53753275,0.0,0.11226399,7.998467445373535,0.8979398887292547,-0.0,0.53753275,0.0,-0.0,0.0,-0.0,0.0,0.0,-0.0,0.0,11.057262,0.37899405,0.0,0.7052343,1.4143586,0.40987942,0.7718189,0.0,0.0,0.0,0.2897988,0.1383698,0.5457024,0.0,1.4143586,0.0,0.87682587,0.87682587,0.7052343,-0.0,10.6,19.196295,19.444445,19.444445,2.0
resstock-amy2018-2021-release-1-285517,1.1555597,0.3815399,0.0,0.0,0.1755304,0.0,0.0,0.0,0.0,0.0,0.0,0.0,0.0,0.0,-0.35728538,0.0,-0.35728538,0.062290985,7.998462200164795,0.4982320900311148,0.35728538,0.0,0.0,-0.0,0.0,-0.0,0.0,0.0,-0.0,0.0,11.057262,0.3815399,0.0,0.30805928,0.1263043,0.037182216,0.06711841,0.0,0.0,0.0,0.294386,0.1383698,0.5314024,0.0,0.1263043,0.0,0.48358968,0.48358968,0.30805928,-0.0,10.0,18.692017,17.222221,17.222221,2.0
resstock-amy2018-2021-release-1-285517,0.23371875,0.3362908,0.0,0.0,0.1547132,0.0,0.0,0.0,0.0,0.0,0.0,0.0,0.0,0.0,0.17342634,0.17342634,0.0,0.08150015,7.998459339141846,0.6518756380150315,-0.0,0.17342634,0.0,-0.0,0.0,-0.0,0.0,0.0,-0.0,0.0,11.057262,0.3362908,0.0,0.307143,0.6352825,0.18240675,0.3521668,0.0,0.0,0.0,0.287127,0.1383698,0.55434674,0.0,0.6352825,0.0,0.4618562,0.4618562,0.307143,-0.0,10.0,18.177073,17.222221,17.222221,2.0
resstock-amy2018-2021-release-1-285517,0.0,0.42724234,0.0,0.0,0.19655617,0.0,0.0,0.0,0.0,0.0,0.0,0.0,0.0,0.0,0.010714731,0.010714731,0.0,0.08246269,7.998459339141846,0.6595744791250802,-0.0,0.010714731,0.0,-0.0,0.0,-0.0,0.0,0.0,-0.0,0.0,11.057262,0.42724234,0.0,0.30622673,0.5134976,0.14738263,0.2884353,0.0,0.0,0.0,0.2870172,0.1383698,0.56170726,0.0,0.5134976,0.0,0.5027829,0.5027829,0.30622673,-0.0,10.0,17.779593,17.222221,17.222221,2.0
resstock-amy2018-2021-release-1-285517,0.0,0.53862643,0.0,0.0,0.7958736,0.0,0.0,0.0,0.0,0.0,0.0,0.0,0.0,0.0,-0.18766965,0.0,-0.18766965,0.0560078,7.9984564781188965,0.4479759408261348,0.18766965,0.0,0.0,-0.0,0.0,-0.0,1.2287204,1.2287204,-0.0,0.109846696,11.057262,0.53862643,0.0,0.31262633,0.92083025,0.25168943,0.52359515,0.0,0.0,0.0,0.2733288,0.1383698,0.56861204,0.0,0.92083025,0.0,0.55518115,0.55518115,0.31262633,-0.0,10.8,17.49789,17.222221,17.222221,2.0
resstock-amy2018-2021-release-1-285517,0.0,0.76501983,0.0,0.0,0.6350417,0.0,0.0,0.0,0.0,0.0,0.0,0.0,0.0,0.0,0.52337366,0.52337366,0.0,0.114994414,7.998448371887207,0.9197768846399086,-0.0,0.52337366,0.0,-0.0,0.0,-0.0,0.6153322,0.6153322,-0.0,0.16389959,11.057262,0.76501983,0.0,0.36460525,1.5230206,0.4156908,0.87037426,0.0,0.0,0.0,0.2729384,0.1383698,0.57147896,0.0,1.5230206,0.0,0.7165586,0.7165586,0.36460525,-0.0,10.0,17.358353,19.51389,19.51389,2.0
resstock-amy2018-2021-release-1-285517,0.0,2.0541077,1.1985899,0.0,1.3766278,1.237474,0.0,0.0,0.0,0.0,0.0,0.0,0.0,0.0,-0.18053967,0.0,-0.18053967,0.08943875,7.998445510864258,0.7153709791520271,0.18053967,0.0,0.0,-0.0,0.0,-0.0,0.93818563,0.93818563,-0.0,0.24634424,11.057262,2.0541077,0.0,0.46552896,2.899091,0.78738266,1.6579912,0.0,0.0,0.0,0.2715964,0.1383698,0.57190037,0.0,2.899091,0.0,2.648011,2.648011,0.46552896,-0.0,10.0,18.41609,20.555555,20.555555,2.0
resstock-amy2018-2021-release-1-285517,0.0,1.8009701,0.5134044,0.0,0.0,0.53006,0.0,0.0,0.0,0.0,0.0,0.0,0.0,0.0,-0.19761623,0.0,-0.19761623,0.06158312,7.998442649841309,0.4925690565246832,0.19761623,0.0,0.0,-0.0,0.0,-0.0,0.0,0.0,1.8009701,0.079427555,11.057262,0.0,0.0,0.6448769,0.9773207,0.28055555,0.55437005,0.0,0.0,0.0,0.287066,0.1383698,0.5672345,0.0,0.9773207,0.0,2.003487,2.003487,0.6448769,-0.0,10.0,18.564234,20.555555,20.555555,2.0
resstock-amy2018-2021-release-1-285517,0.0,1.6118155,1.9272975,0.0,0.3456049,1.9898218,0.0,0.0,0.0,0.0,0.0,0.0,0.0,0.0,-0.44086412,0.0,-0.44086412,0.00044374017,7.998435974121094,0.0035492273052364354,0.44086412,0.0,0.0,-0.0,0.0,-0.0,0.0,0.0,0.8605948,0.0,11.057262,0.75122064,0.0,0.7035151,2.5980778,0.8108682,1.4684516,0.0,0.0,0.0,0.31210312,0.1383698,0.56520694,0.0,2.5980778,0.0,3.4348652,3.4348652,0.7035151,-0.0,10.0,18.53857,19.921297,19.921297,2.0
resstock-amy2018-2021-release-1-285517,0.0,0.9150398,0.0,0.0,0.42097116,0.0,0.0,0.0,0.0,0.0,0.0,0.0,0.0,0.0,-0.0031548378,0.0,-0.0031548378,0.0,7.998435974121094,0.0,0.0031548378,0.0,0.0,-0.0,0.0,-0.0,0.0,0.0,-0.0,0.0,11.057262,0.9150398,0.0,1.1029507,1.5080527,0.46418765,0.8578616,0.0,0.0,0.0,0.307806,0.1383698,0.56885386,0.0,1.5080527,0.0,1.5112076,1.5239218,1.1029507,-0.012714276,10.0,18.364542,18.88889,18.88889,2.0
resstock-amy2018-2021-release-1-285517,0.0,1.0138149,0.0,0.0,0.56009007,0.0,0.0,0.0,0.0,0.0,0.0,0.0,0.0,0.0,0.0,0.0,0.0,0.0,7.998435974121094,0.0,-0.0,0.0,0.0,-0.0,0.0,-0.0,0.22325513,0.22325513,-0.0,0.019958844,11.057262,1.0138149,0.0,1.3750384,1.8922215,0.5934718,1.1101294,0.0,0.0,0.0,0.3136376,0.1383698,0.5866805,0.0,1.8922215,0.0,1.7911415,1.8340485,1.3750384,-0.04290699,10.6,18.523308,18.88889,18.88889,2.0
resstock-amy2018-2021-release-1-285517,0.0,0.8521172,0.77091354,0.0,0.2755083,0.7959231,0.0,0.0,0.0,0.0,0.0,0.0,0.0,0.0,0.0,0.0,0.0,0.0,7.998435974121094,0.0,-0.0,0.0,0.0,-0.0,0.0,-0.0,0.0,0.0,0.21625338,0.0,11.057262,0.6358638,0.0,1.3153263,2.3085341,0.7249162,1.3997349,0.0,0.0,0.0,0.3140158,0.1383698,0.6063306,0.0,2.3085341,0.0,2.402233,2.4804566,1.3153263,-0.07822373,12.2,18.67318,18.88889,18.88889,2.0
resstock-amy2018-2021-release-1-285517,0.0,1.2462554,0.18758136,0.0,0.52329534,0.19366677,0.0,0.0,0.0,0.0,0.0,0.0,0.0,0.0,0.0,0.0,0.0,0.0,7.998435974121094,0.0,-0.0,0.0,0.0,-0.0,0.0,-0.0,0.0,0.0,-0.0,0.0,11.057262,1.2462554,0.0,1.3480909,1.9065914,0.59869987,1.1720169,0.0,0.0,0.0,0.3140158,0.1383698,0.61471844,0.0,1.9065914,0.0,1.9065914,2.065053,1.3480909,-0.15846165,13.3,19.348148,18.88889,18.88889,2.0
resstock-amy2018-2021-release-1-285517,0.032500595,1.3026614,0.5500481,0.0,0.5469799,0.5678925,0.0,0.0,0.0,0.0,0.0,0.0,0.0,0.0,0.3356716,0.3356716,0.0,0.03771102,7.9984307289123535,0.30162898565833096,-0.0,0.3356716,0.0,-0.0,0.0,-0.0,0.0,0.0,-0.0,0.0,11.057262,1.3026614,0.0,1.5515809,2.767555,0.8734791,1.7148145,0.0,0.0,0.0,0.315614,0.1383698,0.6196135,0.0,2.767555,0.0,2.4318833,2.6664534,1.5515809,-0.23457012,13.3,19.88019,18.88889,18.88889,2.0
resstock-amy2018-2021-release-1-285517,0.0,0.59483576,0.16492891,0.0,0.24542424,0.17027944,0.0,0.0,0.0,0.0,0.0,0.0,0.0,0.0,0.3525682,0.3525682,0.0,0.0772354,7.998425483703613,0.6177615970167949,-0.0,0.3525682,0.0,-0.0,0.0,-0.0,0.0,0.0,-0.0,0.0,11.057262,0.59483576,0.0,1.0492793,1.5643234,0.4904398,0.96594536,0.0,0.0,0.0,0.3135156,0.1383698,0.61748445,0.0,1.5643234,0.0,1.2117553,1.4649832,1.0492793,-0.253228,13.9,19.724491,18.88889,18.88889,2.0
resstock-amy2018-2021-release-1-285517,0.3553541,0.44674766,0.6297916,0.0,0.18160568,0.65022296,0.0,0.0,0.0,0.0,0.0,0.0,0.0,0.0,-0.5556231,0.0,-0.5556231,0.00028029972,7.998416900634766,0.0022419540074897215,0.5556231,0.0,0.0,-0.0,0.0,-0.0,0.0,0.0,-0.0,0.0,11.057262,0.44674766,0.0,0.96704596,0.9790041,0.3004117,0.60084295,0.0,0.0,0.0,0.3068544,0.1383698,0.61372876,0.0,0.9790041,0.0,1.5346272,1.7988746,0.96704596,-0.26424736,14.4,19.7859,18.88889,18.88889,2.0
resstock-amy2018-2021-release-1-285517,0.4179259,0.30050647,0.22985373,0.0,0.12398645,0.23731053,0.0,0.0,0.0,0.0,0.0,0.0,0.0,0.0,-0.0020154475,0.0,-0.0020154475,0.0,7.998416900634766,0.0,0.0020154475,0.0,0.0,-0.0,0.0,-0.0,0.0,0.0,-0.0,0.0,11.057262,0.30050647,0.0,0.84292924,1.0943662,0.35047078,0.666548,0.0,0.0,0.0,0.32025,0.1383698,0.6090722,0.0,1.0943662,0.0,1.0963817,1.2042263,0.84292924,-0.10784457,13.9,20.083076,18.88889,18.88889,2.0
resstock-amy2018-2021-release-1-285517,0.31110808,0.4833783,0.20441787,0.0,0.20590927,0.21104948,0.0,0.0,0.0,0.0,0.0,0.0,0.0,0.0,0.0,0.0,0.0,0.0,7.998416900634766,0.0,-0.0,0.0,0.0,-0.0,0.0,-0.0,0.0,0.0,-0.0,0.0,11.057262,0.4833783,0.0,0.6857111,1.0762461,0.34947348,0.6366598,0.0,0.0,0.0,0.3247152,0.1383698,0.59155595,0.0,1.0762461,0.0,1.0762461,1.1026698,0.6857111,-0.026423708,12.8,20.336346,18.88889,18.88889,2.0
resstock-amy2018-2021-release-1-285517,0.14545028,0.5811615,0.41767174,0.0,0.26736787,0.43122163,0.0,0.0,0.0,0.0,0.0,0.0,0.0,0.0,0.0,0.0,0.0,0.0,7.998416900634766,0.0,-0.0,0.0,0.0,-0.0,0.0,-0.0,0.0,0.0,-0.0,0.0,11.057262,0.5811615,0.0,0.9315348,1.6272953,0.5722032,0.9466342,0.0,0.0,0.0,0.3516284,0.1383698,0.58172244,0.0,1.6272953,0.0,1.6272953,1.6301243,0.9315348,-0.0028290548,10.0,20.638432,18.88889,18.88889,2.0
resstock-amy2018-2021-release-1-285517,0.0,0.66098475,0.0,0.0,0.3040912,0.0,0.0,0.0,0.0,0.0,0.0,0.0,0.0,0.0,0.0,0.0,0.0,0.0,7.998416900634766,0.0,-0.0,0.0,0.0,-0.0,0.0,-0.0,0.0,0.0,-0.0,0.0,11.057262,0.66098475,0.0,0.9325983,1.2366894,0.46645743,0.7092371,0.0,0.0,0.0,0.37718233,0.1383698,0.5734965,0.0,1.2366894,0.0,1.2366894,1.2366894,0.9325983,-0.0,10.0,20.70213,19.98611,19.98611,2.0
resstock-amy2018-2021-release-1-285517,0.0,0.9832813,0.0,0.0,0.44518584,0.0,0.0,0.0,0.0,0.0,0.0,0.0,0.0,0.0,0.0,0.0,0.0,0.0,7.998416900634766,0.0,-0.0,0.0,0.0,-0.0,0.0,-0.0,0.0,0.0,-0.0,0.0,11.057262,0.9832813,0.0,0.8873209,1.3325067,0.50801814,0.74600565,0.0,0.0,0.0,0.38125,0.1383698,0.55985135,0.0,1.3325067,0.0,1.3325067,1.3325067,0.8873209,-0.0,10.6,20.908556,20.0,20.0,2.0
resstock-amy2018-2021-release-1-285517,0.42824754,0.93120515,0.0,0.0,0.42840818,0.0,0.0,0.0,0.0,0.0,0.0,0.0,0.0,0.0,0.0,0.0,0.0,0.0,7.998416900634766,0.0,-0.0,0.0,0.0,-0.0,0.0,-0.0,0.0,0.0,-0.0,0.0,11.057262,0.93120515,0.0,0.7899379,1.2183461,0.4310657,0.6713029,0.0,0.0,0.0,0.3538122,0.1383698,0.55099523,0.0,1.2183461,0.0,1.2183461,1.2183461,0.7899379,-0.0,10.0,20.705036,18.546297,18.546297,2.0
resstock-amy2018-2021-release-1-285517,0.34618232,0.3810746,0.0,0.0,0.17809913,0.0,0.0,0.0,0.0,0.0,0.0,0.0,0.0,0.0,0.7809948,0.7809948,0.0,0.088959105,7.9984049797058105,0.7115309509242671,-0.0,0.7809948,0.0,-0.0,0.0,-0.0,0.0,0.0,-0.0,0.0,11.057262,0.3810746,0.0,0.5705516,1.5296454,0.516014,0.8207698,0.0,0.0,0.0,0.3373422,0.1383698,0.5365752,0.0,1.5296454,0.0,0.74865067,0.74865067,0.5705516,-0.0,9.4,19.933067,17.777779,17.777779,2.0
resstock-amy2018-2021-release-1-285517,0.0,0.2599541,0.0,0.0,0.121492215,0.0,0.0,0.0,0.0,0.0,0.0,0.0,0.0,0.0,0.15548174,0.15548174,0.0,0.1060778,7.9984025955200195,0.8484529325378745,-0.0,0.15548174,0.0,-0.0,0.0,-0.0,0.0,0.0,-0.0,0.0,11.057262,0.2599541,0.0,0.5172955,0.79426944,0.25521752,0.40882677,0.0,0.0,0.0,0.3213236,0.1383698,0.5147205,0.0,0.79426944,0.0,0.6387877,0.6387877,0.5172955,-0.0,9.4,19.251589,17.777779,17.777779,2.0
resstock-amy2018-2021-release-1-285517,0.0,0.41185856,0.0,0.0,0.19800027,0.0,0.0,0.0,0.0,0.0,0.0,0.0,0.0,0.0,0.70459217,0.70459217,0.0,0.1858489,7.998392105102539,1.4864924275812257,-0.0,0.70459217,0.0,-0.0,0.0,-0.0,0.0,0.0,-0.0,0.0,11.057262,0.41185856,0.0,0.3657726,1.268365,0.39690945,0.6164006,0.0,0.0,0.0,0.31293,0.1383698,0.48598045,0.0,1.268365,0.0,0.56377286,0.56377286,0.3657726,-0.0,8.3,18.83297,17.777779,17.777779,2.0
resstock-amy2018-2021-release-1-285517,0.0,0.52926904,0.0,0.0,0.25444514,0.0,0.0,0.0,0.0,0.0,0.0,0.0,0.0,0.0,0.23330207,0.23330207,0.0,0.21145296,7.998388767242432,1.6912829878067441,-0.0,0.23330207,0.0,-0.0,0.0,-0.0,0.0,0.0,-0.0,0.0,11.057262,0.52926904,0.0,0.3483989,0.83614606,0.24206929,0.40641016,0.0,0.0,0.0,0.289506,0.1383698,0.48605162,0.0,0.83614606,0.0,0.602844,0.602844,0.3483989,-0.0,8.3,18.407368,17.777779,17.777779,2.0
resstock-amy2018-2021-release-1-285517,0.0,0.47837406,0.0,0.0,0.22997747,0.0,0.0,0.0,0.0,0.0,0.0,0.0,0.0,0.0,0.67212415,0.67212415,0.0,0.2871624,7.998378753662109,2.296833585673653,-0.0,0.67212415,0.0,-0.0,0.0,-0.0,0.0,0.0,-0.0,0.0,11.057262,0.47837406,0.0,0.307143,1.2092446,0.35008356,0.51586837,0.0,0.0,0.0,0.289506,0.1383698,0.4266038,0.0,1.2092446,0.0,0.53712046,0.53712046,0.307143,-0.0,8.3,17.873297,17.777779,17.777779,2.0
resstock-amy2018-2021-release-1-285517,0.0,0.6804951,0.0,0.0,0.33128786,0.0,0.0,0.0,0.0,0.0,0.0,0.0,0.0,0.0,-0.26577625,0.0,-0.26577625,0.24931031,7.998374938964844,1.9940773727644228,0.26577625,0.0,0.0,-0.0,0.0,-0.0,0.0,0.0,-0.0,0.0,11.057262,0.6804951,0.0,0.30622673,0.37173834,0.10825403,0.15381348,0.0,0.0,0.0,0.2912103,0.1383698,0.41376814,0.0,0.37173834,0.0,0.6375146,0.6375146,0.30622673,-0.0,7.8,17.55215,17.777779,17.777779,2.0
resstock-amy2018-2021-release-1-285517,0.0,0.7601818,0.0,0.0,0.37563324,0.0,0.0,0.0,0.0,0.0,0.0,0.0,0.0,0.0,-1.0606874,0.0,-1.0606874,0.10433534,7.998358726501465,0.8345114601931698,1.0606874,0.0,0.0,-0.0,0.0,-0.0,0.0,0.0,-0.0,0.0,11.057262,0.7601818,0.0,0.31262633,-0.37242782,-0.10314015,0.0,0.0,0.0,0.0,0.27694,0.1383698,0.40661663,0.0,0.0,-0.37242782,0.6882596,0.6882596,0.31262633,-0.0,7.2,17.197412,17.777779,17.777779,2.0
resstock-amy2018-2021-release-1-285517,0.0,0.74919283,0.0,0.0,0.37476233,0.0,0.0,0.0,0.0,0.0,0.0,0.0,0.0,0.0,-0.67074215,0.0,-0.67074215,0.011721308,7.998348712921143,0.09375111149988546,0.67074215,0.0,0.0,-0.0,0.0,-0.0,0.0,0.0,-0.0,0.0,11.057262,0.74919283,0.0,0.34097353,0.0449937,0.012317835,0.018316615,0.0,0.0,0.0,0.273768,0.1383698,0.4070929,0.0,0.0449937,0.0,0.71573585,0.71573585,0.34097353,-0.0,6.7,16.826345,19.777779,19.777779,2.0
resstock-amy2018-2021-release-1-285517,0.0,0.78033614,0.0,0.0,0.40078798,0.0,0.0,0.0,0.0,0.0,0.0,0.0,0.0,0.0,-0.0364686,0.0,-0.0364686,0.006567994,7.998348236083984,0.05253310428539493,0.0364686,0.0,0.0,-0.0,0.0,-0.0,0.0,0.0,-0.0,0.0,11.057262,0.78033614,0.0,0.4288568,0.7931762,0.2306937,0.3359089,0.0,0.0,0.0,0.290848,0.1383698,0.42349845,0.0,0.7931762,0.0,0.8296448,0.8296448,0.4288568,-0.0,5.6,16.525204,20.0,20.0,2.0
resstock-amy2018-2021-release-1-285517,0.0,0.94284505,1.8281559,0.0,0.48425406,1.8874639,0.0,0.0,0.0,0.0,0.0,0.0,0.0,0.0,-0.046778683,0.0,-0.046778683,3.922183e-05,7.998347759246826,0.00031370984956887067,0.046778683,0.0,0.0,-0.0,0.0,-0.0,0.0,0.0,-0.0,0.0,11.057262,0.94284505,0.0,0.574686,2.8996253,0.9282594,1.3202062,0.0,0.0,0.0,0.3201308,0.1383698,0.45530233,0.0,2.8996253,0.0,2.946404,2.946404,0.574686,-0.0,5.6,16.331041,20.0,20.0,2.0
resstock-amy2018-2021-release-1-285517,0.0,0.56528425,0.0,0.0,0.27932733,0.0,0.0,0.0,0.0,0.0,0.0,0.0,0.0,0.0,-0.0002818207,0.0,-0.0002818207,8.755411e-08,7.998347759246826,7.002882458679398e-07,0.0002818207,0.0,0.0,-0.0,0.0,-0.0,0.0,0.0,-0.0,0.0,11.057262,0.56528425,0.0,0.7035151,0.98256063,0.35779515,0.48107925,0.0,0.0,0.0,0.3641456,0.1383698,0.48961788,0.0,0.98256063,0.0,0.98284245,0.98284245,0.7035151,-0.0,7.2,15.982676,19.092592,19.092592,2.0
resstock-amy2018-2021-release-1-285517,0.0,1.0870144,0.0,0.0,0.5080273,0.0,0.0,0.0,0.0,0.0,0.0,0.0,0.0,0.0,-6.322898e-07,0.0,-6.322898e-07,8.7634683e-10,7.998347759246826,7.00932669155891e-09,6.322898e-07,0.0,0.0,-0.0,0.0,-0.0,0.0,0.0,-0.0,0.0,11.057262,1.0870144,0.0,1.0022558,1.492439,0.5964173,0.7146576,0.0,0.0,0.0,0.3996259,0.1383698,0.47885212,0.0,1.492439,0.0,1.4924396,1.5102831,1.0022558,-0.017843468,9.4,16.305851,18.88889,18.88889,2.0
resstock-amy2018-2021-release-1-285517,0.0,1.0457602,0.0,0.0,0.47347346,0.0,0.0,0.0,0.0,0.0,0.0,0.0,0.0,0.0,-6.392872e-09,0.0,-6.392872e-09,0.0,7.998347759246826,0.0,6.392872e-09,0.0,0.0,-0.0,0.0,-0.0,0.0,0.0,-0.0,0.0,11.057262,1.0457602,0.0,1.3750384,1.8129312,0.71858096,0.8710673,0.0,0.0,0.0,0.39636418,0.1383698,0.48047453,0.0,1.8129312,0.0,1.8129312,1.8485118,1.3750384,-0.035580605,10.6,17.039326,18.88889,18.88889,2.0
resstock-amy2018-2021-release-1-285517,0.0,0.8175935,0.0,0.0,0.3651944,0.0,0.0,0.0,0.0,0.0,0.0,0.0,0.0,0.0,0.0,0.0,0.0,0.0,7.998347759246826,0.0,-0.0,0.0,0.0,-0.0,0.0,-0.0,0.0,0.0,-0.0,0.0,11.057262,0.8175935,0.0,1.3153263,1.6054356,0.59417474,0.78809434,0.0,0.0,0.0,0.37010187,0.1383698,0.49089128,0.0,1.6054356,0.0,1.6054356,1.6805208,1.3153263,-0.075085156,11.1,17.518486,18.88889,18.88889,2.0
resstock-amy2018-2021-release-1-285517,0.0,0.871838,0.0,0.0,0.44549,0.0,0.0,0.0,0.0,0.0,0.0,0.0,0.0,0.0,0.0,0.0,0.0,0.0,7.998347759246826,0.0,-0.0,0.0,0.0,-0.0,0.0,-0.0,0.12552045,0.12552045,-0.0,0.011221435,11.057262,0.871838,0.0,1.2727137,1.5555996,0.5485546,0.7648991,0.0,0.0,0.0,0.35263225,0.1383698,0.49170694,0.0,1.5555996,0.0,1.4995334,1.6621375,1.2727137,-0.16260411,11.1,18.027824,18.88889,18.88889,2.0
resstock-amy2018-2021-release-1-285517,0.0,0.7416687,0.0,0.0,0.27697322,0.0,0.0,0.0,0.0,0.0,0.0,0.0,0.0,0.0,0.0,0.0,0.0,0.0,7.998347759246826,0.0,-0.0,0.0,0.0,-0.0,0.0,-0.0,0.0,0.0,0.12158386,0.0,11.057262,0.6200848,0.0,1.2689164,1.2978833,0.44616598,0.63607264,0.0,0.0,0.0,0.34376433,0.1383698,0.49008462,0.0,1.2978833,0.0,1.3521911,1.6001974,1.2689164,-0.24800631,11.1,18.353941,18.88889,18.88889,2.0
resstock-amy2018-2021-release-1-285517,0.0,0.6523469,0.0,0.0,0.28661996,0.0,0.0,0.0,0.0,0.0,0.0,0.0,0.0,0.0,0.0,0.0,0.0,0.0,7.998347759246826,0.0,-0.0,0.0,0.0,-0.0,0.0,-0.0,0.0,0.0,-0.0,0.0,11.057262,0.6523469,0.0,1.0492793,1.0485346,0.35947478,0.51853114,0.0,0.0,0.0,0.3428354,0.1383698,0.49452934,0.0,1.0485346,0.0,1.0485346,1.3358994,1.0492793,-0.2873647,11.7,18.566574,18.88889,18.88889,2.0
resstock-amy2018-2021-release-1-285517,0.16592655,0.6663494,0.0,0.0,0.2887172,0.0,0.0,0.0,0.0,0.0,0.0,0.0,0.0,0.0,0.026764855,0.026764855,0.0,0.0029775924,7.998347282409668,0.0238158181201098,-0.0,0.026764855,0.0,-0.0,0.0,-0.0,0.0,0.0,-0.0,0.0,11.057262,0.6663494,0.0,0.96704596,1.0035131,0.3461366,0.5011089,0.0,0.0,0.0,0.34492484,0.1383698,0.4993546,0.0,1.0035131,0.0,0.9767482,1.2557633,0.96704596,-0.279015,12.2,18.906412,18.88889,18.88889,2.0
resstock-amy2018-2021-release-1-285517,0.3779916,0.5926055,0.0,0.0,0.2524378,0.0,0.0,0.0,0.0,0.0,0.0,0.0,0.0,0.0,0.050636176,0.050636176,0.0,0.008606814,7.998346328735352,0.06884027794340852,-0.0,0.050636176,0.0,-0.0,0.0,-0.0,0.0,0.0,-0.0,0.0,11.057262,0.5926055,0.0,0.84292924,0.8822882,0.3137574,0.44072798,0.0,0.0,0.0,0.3556178,0.1383698,0.49952835,0.0,0.8822882,0.0,0.83165205,1.0953671,0.84292924,-0.26371506,12.8,19.314886,18.88889,18.88889,2.0
resstock-amy2018-2021-release-1-285517,0.7550898,0.5921662,1.1568117,0.0,0.25225067,1.1943403,0.0,0.0,0.0,0.0,0.0,0.0,0.0,0.0,0.040154435,0.040154435,0.0,0.013051745,7.998345851898193,0.10439236688525888,-0.0,0.040154435,0.0,-0.0,0.0,-0.0,0.0,0.0,-0.0,0.0,11.057262,0.5921662,0.0,0.6857111,1.9928786,0.72229666,1.0015011,0.0,0.0,0.0,0.36243886,0.1383698,0.50253993,0.0,1.9928786,0.0,1.9527241,2.132302,0.6857111,-0.17957798,12.8,19.886261,18.88889,18.88889,2.0
resstock-amy2018-2021-release-1-285517,0.88680905,0.5312915,1.3223015,0.0,0.23343216,1.3651989,0.0,0.0,0.0,0.0,0.0,0.0,0.0,0.0,-0.09296832,0.0,-0.09296832,0.00012417643,7.998344421386719,0.0009932058221086004,0.09296832,0.0,0.0,-0.0,0.0,-0.0,0.0,0.0,-0.0,0.0,11.057262,0.5312915,0.0,0.7749255,2.259941,0.8861447,1.1439064,0.0,0.0,0.0,0.39210963,0.1383698,0.50616646,0.0,2.259941,0.0,2.3529093,2.3735566,0.7749255,-0.02064719,11.7,20.365034,19.444445,19.444445,2.0
resstock-amy2018-2021-release-1-285517,0.105994985,0.57369274,0.0,0.0,0.24857073,0.0,0.0,0.0,0.0,0.0,0.0,0.0,0.0,0.0,-0.000895551,0.0,-0.000895551,1.9576573e-06,7.998344421386719,1.5658017602317165e-05,0.000895551,0.0,0.0,-0.0,0.0,-0.0,0.0,0.0,-0.0,0.0,11.057262,0.57369274,0.0,0.75185907,0.9995342,0.39091322,0.50745404,0.0,0.0,0.0,0.3910954,0.1383698,0.50769055,0.0,0.9995342,0.0,1.0004297,1.0004297,0.75185907,-0.0,12.2,20.573318,19.523148,19.523148,2.0
resstock-amy2018-2021-release-1-285517,0.0,0.48621124,0.0,0.0,0.22013472,0.0,0.0,0.0,0.0,0.0,0.0,0.0,0.0,0.0,-1.3891376e-05,0.0,-1.3891376e-05,0.0,7.998344421386719,0.0,1.3891376e-05,0.0,0.0,-0.0,0.0,-0.0,0.0,0.0,-0.0,0.0,11.057262,0.48621124,0.0,0.7088702,0.928991,0.33512598,0.47515115,0.0,0.0,0.0,0.36074188,0.1383698,0.51147014,0.0,0.928991,0.0,0.9290049,0.9290049,0.7088702,-0.0,10.6,20.338966,19.319445,19.319445,2.0
resstock-amy2018-2021-release-1-285517,0.8589003,0.351363,0.0,0.0,0.9313952,0.0,0.0,0.0,0.0,0.0,0.0,0.0,0.0,0.0,0.0,0.0,0.0,0.0,7.998344421386719,0.0,-0.0,0.0,0.0,-0.0,0.0,-0.0,1.6415218,1.6415218,-0.0,0.14675084,11.057262,0.351363,0.0,0.7899379,1.721333,0.5827573,0.8953293,0.0,0.0,0.0,0.33855,0.1383698,0.5201372,0.0,1.721333,0.0,0.954151,0.954151,0.7899379,-0.0,9.4,19.934996,17.777779,17.777779,2.0
resstock-amy2018-2021-release-1-285517,0.2644312,0.3032477,0.0,0.0,0.6925763,0.0,0.0,0.0,0.0,0.0,0.0,0.0,0.0,0.0,0.0,0.0,0.0,0.0,7.998344421386719,0.0,-0.0,0.0,0.0,-0.0,0.0,-0.0,1.1595943,1.1595943,-0.0,0.24913873,11.057262,0.3032477,0.0,0.5705516,1.2631278,0.40838462,0.66945726,0.0,0.0,0.0,0.3233122,0.1383698,0.5299996,0.0,1.2631278,0.0,0.7141229,0.7141229,0.5705516,-0.0,8.9,19.39751,17.777779,17.777779,2.0
resstock-amy2018-2021-release-1-285517,0.0,0.352278,0.0,0.0,0.0,0.0,0.0,0.0,0.0,0.0,0.0,0.0,0.0,0.0,0.0,0.0,0.0,0.0,7.998344421386719,0.0,-0.0,0.0,0.0,-0.0,0.0,-0.0,0.0,0.0,0.35227802,0.21473768,11.057262,0.0,0.0,0.4145099,0.4145099,0.13291368,0.22598657,0.0,0.0,0.0,0.3206526,0.1383698,0.5451898,0.0,0.4145099,0.0,0.5860107,0.5860107,0.4145099,-0.0,7.8,18.843792,17.777779,17.777779,2.0
resstock-amy2018-2021-release-1-285517,0.0,0.57712144,0.0,0.0,2.9017542e-08,0.0,0.0,0.0,0.0,0.0,0.0,0.0,0.0,0.0,0.0,0.0,0.0,0.0,7.998344421386719,0.0,-0.0,0.0,0.0,-0.0,0.0,-0.0,0.0,0.0,0.5771214,0.16006565,11.057262,5.9604645e-08,0.0,0.30897555,0.30897558,0.09530055,0.17156318,0.0,0.0,0.0,0.3084404,0.1383698,0.55526453,0.0,0.30897558,0.0,0.5899377,0.5899377,0.30897555,-0.0,7.8,18.52457,17.777779,17.777779,2.0
resstock-amy2018-2021-release-1-285517,0.0,0.90661234,0.0,0.0,0.0,0.0,0.0,0.0,0.0,0.0,0.0,0.0,0.0,0.0,0.0,0.0,0.0,0.0,7.998344421386719,0.0,-0.0,0.0,0.0,-0.0,0.0,-0.0,0.0,0.0,0.90661234,0.07572518,11.057262,0.0,0.0,0.30805928,0.30805928,0.09283809,0.17321156,0.0,0.0,0.0,0.3013644,0.1383698,0.562267,0.0,0.30805928,0.0,0.7615662,0.7615662,0.30805928,-0.0,6.7,18.344185,17.777779,17.777779,2.0
resstock-amy2018-2021-release-1-285517,0.0,0.7561935,0.0,0.0,0.0,0.0,0.0,0.0,0.0,0.0,0.0,0.0,0.0,0.0,0.49050978,0.49050978,0.0,0.055373546,7.9983367919921875,0.44289626816390637,-0.0,0.49050978,0.0,-0.0,0.0,-0.0,0.0,0.0,0.7561935,0.005881508,11.057262,0.0,0.0,0.307143,0.7976528,0.22901791,0.45392326,0.0,0.0,0.0,0.2871148,0.1383698,0.56907374,0.0,0.7976528,0.0,0.6704055,0.6704055,0.307143,-0.0,8.33,17.896172,17.777779,17.777779,2.0
resstock-amy2018-2021-release-1-285517,0.0,0.77676123,0.0,0.0,0.3618825,0.0,0.0,0.0,0.0,0.0,0.0,0.0,0.0,0.0,0.53273654,0.53273654,0.0,0.11543748,7.998328685760498,0.9233068903161126,-0.0,0.53273654,0.0,-0.0,0.0,-0.0,0.0,0.0,0.06372593,0.0,11.057262,0.7130353,0.0,0.30622673,1.2008457,0.3429053,0.69046265,0.0,0.0,0.0,0.2855532,0.1383698,0.5749803,0.0,1.2008457,0.0,0.7004516,0.7004516,0.30622673,-0.0,6.1,17.417711,17.777779,17.777779,2.0
resstock-amy2018-2021-release-1-285517,0.0,0.6452648,0.0,0.0,0.3294507,0.0,0.0,0.0,0.0,0.0,0.0,0.0,0.0,0.0,-0.2497642,0.0,-0.2497642,0.080281906,7.998324871063232,0.6421207640956972,0.2497642,0.0,0.0,-0.0,0.0,-0.0,0.0,0.0,-0.0,0.0,11.057262,0.6452648,0.0,0.31262633,0.39231282,0.11220327,0.22757685,0.0,0.0,0.0,0.2860046,0.1383698,0.5800903,0.0,0.39231282,0.0,0.642077,0.642077,0.31262633,-0.0,5.85,16.881641,18.033333,18.033333,2.0
resstock-amy2018-2021-release-1-285517,0.0,0.51850533,0.0,0.0,0.41585958,0.0,0.0,0.0,0.0,0.0,0.0,0.0,0.0,0.0,0.15325049,0.15325049,0.0,0.0971745,7.998322486877441,0.7772330117696598,-0.0,0.15325049,0.0,-0.0,0.0,-0.0,0.29117534,0.29117534,-0.0,0.02603086,11.057262,0.51850533,0.0,0.34097353,0.91008353,0.26049903,0.53217506,0.0,0.0,0.0,0.2862364,0.1383698,0.5847541,0.0,0.91008353,0.0,0.60728264,0.60728264,0.34097353,-0.0,5.6,16.365986,19.444445,19.444445,2.0
resstock-amy2018-2021-release-1-285517,0.0,0.51272357,0.0,0.0,0.19846101,0.0,0.0,0.0,0.0,0.0,0.0,0.0,0.0,0.0,0.07595789,0.07595789,0.0,0.10536525,7.998321533203125,0.8427451202069278,-0.0,0.07595789,0.0,-0.0,0.0,-0.0,0.0,0.0,0.11109126,0.015640317,11.057262,0.4016323,0.0,0.39218462,0.6666035,0.19806857,0.3888973,0.0,0.0,0.0,0.297131,0.1383698,0.5834012,0.0,0.6666035,0.0,0.6455398,0.6455398,0.39218462,-0.0,7.2,16.075624,19.444445,19.444445,2.0
resstock-amy2018-2021-release-1-285517,0.0,0.3987101,0.0,0.0,0.11160554,0.0,0.0,0.0,0.0,0.0,0.0,0.0,0.0,0.0,0.31350926,0.31350926,0.0,0.14026605,7.998316764831543,1.1218922666825648,-0.0,0.31350926,0.0,-0.0,0.0,-0.0,0.0,0.0,0.16946228,0.0,11.057262,0.22924782,0.0,0.504495,0.9296098,0.29046047,0.5367691,0.0,0.0,0.0,0.3124542,0.1383698,0.5774133,0.0,0.9296098,0.0,0.6986004,0.6986004,0.504495,-0.0,7.8,15.910389,19.444445,19.444445,2.0
resstock-amy2018-2021-release-1-285517,0.0,0.41204184,0.0,0.0,0.20360473,0.0,0.0,0.0,0.0,0.0,0.0,0.0,0.0,0.0,-0.1954328,0.0,-0.1954328,0.11257079,7.998313903808594,0.9003765343084069,0.1954328,0.0,0.0,-0.0,0.0,-0.0,0.0,0.0,-0.0,0.0,11.057262,0.41204184,0.0,0.6080099,0.61618185,0.21236707,0.3526201,0.0,0.0,0.0,0.34465,0.1383698,0.5722663,0.0,0.61618185,0.0,0.81161463,0.81161463,0.6080099,-0.0,7.2,15.738352,19.069445,19.069445,2.0
resstock-amy2018-2021-release-1-285517,0.0,0.50290227,1.2200514,0.0,0.24176936,1.2596316,0.0,0.0,0.0,0.0,0.0,0.0,0.0,0.0,-0.5374022,0.0,-0.5374022,0.037981424,7.998305797576904,0.3037870476240254,0.5374022,0.0,0.0,-0.0,0.0,-0.0,0.0,0.0,-0.0,0.0,11.057262,0.50290227,0.0,1.0022558,1.9540439,0.7542439,1.1205109,0.0,0.0,0.0,0.38599128,0.1383698,0.57343185,0.0,1.9540439,0.0,2.491446,2.5036566,1.0022558,-0.012210689,8.3,15.81871,18.88889,18.88889,2.0
resstock-amy2018-2021-release-1-285517,0.0,0.5846069,2.0080352,0.0,0.26895294,2.0731788,0.0,0.0,0.0,0.0,0.0,0.0,0.0,0.0,-0.2748136,0.0,-0.2748136,0.0002969805,7.9983015060424805,0.002375339515143904,0.2748136,0.0,0.0,-0.0,0.0,-0.0,0.0,0.0,-0.0,0.0,11.057262,0.5846069,0.0,1.2736433,3.2968135,1.2579093,1.8936428,0.0,0.0,0.0,0.38155308,0.1383698,0.57438576,0.0,3.2968135,0.0,3.5716271,3.6157753,1.2736433,-0.044148125,10.0,16.156332,18.88889,18.88889,2.0
resstock-amy2018-2021-release-1-285517,0.0,0.6898041,0.0,0.0,0.29887968,0.0,0.0,0.0,0.0,0.0,0.0,0.0,0.0,0.0,-0.0021703232,0.0,-0.0021703232,0.0,7.9983015060424805,0.0,0.0021703232,0.0,0.0,-0.0,0.0,-0.0,0.0,0.0,-0.0,0.0,11.057262,0.6898041,0.0,1.3153263,1.5307848,0.54747534,0.87940985,0.0,0.0,0.0,0.35764354,0.1383698,0.574483,0.0,1.5307848,0.0,1.5329552,1.6142061,1.3153263,-0.081250936,12.2,16.638062,18.88889,18.88889,2.0
resstock-amy2018-2021-release-1-285517,0.0,0.65556073,0.0,0.0,0.2752661,0.0,0.0,0.0,0.0,0.0,0.0,0.0,0.0,0.0,0.0,0.0,0.0,0.0,7.9983015060424805,0.0,-0.0,0.0,0.0,-0.0,0.0,-0.0,0.0,0.0,-0.0,0.0,11.057262,0.65556073,0.0,1.1713318,1.3485016,0.46818495,0.7755067,0.0,0.0,0.0,0.34718904,0.1383698,0.5750877,0.0,1.3485016,0.0,1.3485016,1.4465978,1.1713318,-0.09809629,13.3,17.055868,18.88889,18.88889,2.0
resstock-amy2018-2021-release-1-285517,0.0,0.5901183,0.0,0.0,0.23988673,0.0,0.0,0.0,0.0,0.0,0.0,0.0,0.0,0.0,0.0,0.0,0.0,0.0,7.9983015060424805,0.0,-0.0,0.0,0.0,-0.0,0.0,-0.0,0.0,0.0,-0.0,0.0,11.057262,0.5901183,0.0,1.3719842,1.5405298,0.5168492,0.88726234,0.0,0.0,0.0,0.33550096,0.1383698,0.5759462,0.0,1.5405298,0.0,1.5405298,1.611871,1.3719842,-0.07134114,14.4,17.52008,18.88889,18.88889,2.0
resstock-amy2018-2021-release-1-285517,0.0,0.5456303,1.7104574,0.0,0.22512248,1.7659472,0.0,0.0,0.0,0.0,0.0,0.0,0.0,0.0,0.0,0.0,0.0,0.0,7.9983015060424805,0.0,-0.0,0.0,0.0,-0.0,0.0,-0.0,0.0,0.0,-0.0,0.0,11.057262,0.5456303,0.0,1.0492793,2.9835238,0.9759399,1.7172654,0.0,0.0,0.0,0.3271098,0.1383698,0.5755829,0.0,2.9835238,0.0,2.9835238,3.040349,1.0492793,-0.056825276,13.9,17.75161,18.88889,18.88889,2.0
resstock-amy2018-2021-release-1-285517,0.094355755,0.40723884,2.1415572,0.0,0.1804144,2.2110324,0.0,0.0,0.0,0.0,0.0,0.0,0.0,0.0,0.0,0.0,0.0,0.0,7.9983015060424805,0.0,-0.0,0.0,0.0,-0.0,0.0,-0.0,0.0,0.0,-0.0,0.0,11.057262,0.40723884,0.0,1.1678625,3.530169,1.1966859,2.0126615,0.0,0.0,0.0,0.33898827,0.1383698,0.5701318,0.0,3.530169,0.0,3.530169,3.5593092,1.1678625,-0.029140258,11.4,17.967287,18.88889,18.88889,2.0
resstock-amy2018-2021-release-1-285517,0.0,0.36659014,0.5209497,0.0,0.16597563,0.5378501,0.0,0.0,0.0,0.0,0.0,0.0,0.0,0.0,0.0,0.0,0.0,0.0,7.9983015060424805,0.0,-0.0,0.0,0.0,-0.0,0.0,-0.0,0.0,0.0,-0.0,0.0,11.057262,0.36659014,0.0,1.0621959,1.7247696,0.6112177,0.9749849,0.0,0.0,0.0,0.35437644,0.1383698,0.56528413,0.0,1.7247696,0.0,1.7247696,1.7660217,1.0621959,-0.041252185,10.6,18.097218,18.88889,18.88889,2.0
resstock-amy2018-2021-release-1-285517,0.0,0.6276744,0.77145994,0.0,0.28418294,0.7964872,0.0,0.0,0.0,0.0,0.0,0.0,0.0,0.0,0.0,0.0,0.0,0.0,7.9983015060424805,0.0,-0.0,0.0,0.0,-0.0,0.0,-0.0,0.0,0.0,-0.0,0.0,11.057262,0.6276744,0.0,0.8109583,1.8866719,0.6838009,1.0733875,0.0,0.0,0.0,0.3624376,0.1383698,0.5689317,0.0,1.8866719,0.0,1.8866719,1.8916285,0.8109583,-0.0049565905,10.6,18.246738,18.88889,18.88889,2.0
resstock-amy2018-2021-release-1-285517,0.0,0.7436994,5.412544,0.0,0.34214467,5.588135,0.0,0.0,0.0,0.0,0.0,0.0,0.0,0.0,0.0,0.0,0.0,0.0,7.9983015060424805,0.0,-0.0,0.0,0.0,-0.0,0.0,-0.0,0.0,0.0,-0.0,0.0,11.057262,0.7436994,0.0,0.7749255,6.7033577,2.637436,3.8812218,0.0,0.0,0.0,0.39345,0.1383698,0.57899666,0.0,6.7033577,0.0,6.7033577,6.7052045,0.7749255,-0.0018469967,10.0,18.432314,19.606482,19.606482,2.0
resstock-amy2018-2021-release-1-285517,0.0,0.40686488,0.0,0.0,0.18718135,0.0,0.0,0.0,0.0,0.0,0.0,0.0,0.0,0.0,0.0,0.0,0.0,0.0,7.9983015060424805,0.0,-0.0,0.0,0.0,-0.0,0.0,-0.0,0.0,0.0,-0.0,0.0,11.057262,0.40686488,0.0,0.75185907,0.9390404,0.36946544,0.5429154,0.0,0.0,0.0,0.39345,0.1383698,0.5781598,0.0,0.9390404,0.0,0.9390404,0.9390404,0.75185907,-0.0,10.0,18.228775,21.11111,21.11111,2.0
resstock-amy2018-2021-release-1-285517,0.0,1.040253,0.0,0.0,0.4709801,0.0,0.0,0.0,0.0,0.0,0.0,0.0,0.0,0.0,0.0,0.0,0.0,0.0,7.9983015060424805,0.0,-0.0,0.0,0.0,-0.0,0.0,-0.0,0.0,0.0,-0.0,0.0,11.057262,1.040253,0.0,0.8873209,1.3583009,0.5012644,0.76228905,0.0,0.0,0.0,0.3690378,0.1383698,0.5612078,0.0,1.3583009,0.0,1.3583009,1.3583009,0.8873209,-0.0,10.6,18.799229,19.38889,19.38889,2.0
resstock-amy2018-2021-release-1-285517,0.0,0.67574024,0.77145827,0.0,0.31211323,0.7964855,0.0,0.0,0.0,0.0,0.0,0.0,0.0,0.0,0.0,0.0,0.0,0.0,7.9983015060424805,0.0,-0.0,0.0,0.0,-0.0,0.0,-0.0,0.0,0.0,-0.0,0.0,11.057262,0.67574024,0.0,0.7899379,1.8985367,0.6636402,1.036269,0.0,0.0,0.0,0.34955353,0.1383698,0.54582506,0.0,1.8985367,0.0,1.8985367,1.8985367,0.7899379,-0.0,9.85,18.530754,20.555555,20.555555,2.0
resstock-amy2018-2021-release-1-285517,0.0,0.5000644,2.0438397,0.0,0.2300585,2.1101449,0.0,0.0,0.0,0.0,0.0,0.0,0.0,0.0,0.0,0.0,0.0,0.0,7.9983015060424805,0.0,-0.0,0.0,0.0,-0.0,0.0,-0.0,0.0,0.0,-0.0,0.0,11.057262,0.5000644,0.0,0.5705516,2.910755,0.93405133,1.5671763,0.0,0.0,0.0,0.3208966,0.1383698,0.5384089,0.0,2.910755,0.0,2.910755,2.910755,0.5705516,-0.0,10.0,18.202793,20.0,20.0,2.0
resstock-amy2018-2021-release-1-285517,0.0,0.68059057,0.0,0.0,0.31752878,0.0,0.0,0.0,0.0,0.0,0.0,0.0,0.0,0.0,0.0,0.0,0.0,0.0,7.9983015060424805,0.0,-0.0,0.0,0.0,-0.0,0.0,-0.0,0.0,0.0,-0.0,0.0,11.057262,0.68059057,0.0,0.4145099,0.7320387,0.23059511,0.39956942,0.0,0.0,0.0,0.315004,0.1383698,0.545831,0.0,0.7320387,0.0,0.7320387,0.7320387,0.4145099,-0.0,9.466666,18.034027,19.444445,19.444445,2.0
resstock-amy2018-2021-release-1-285517,0.43407473,0.98768455,0.0,0.0,0.48805055,0.0,0.0,0.0,0.0,0.0,0.0,0.0,0.0,0.0,0.0,0.0,0.0,0.0,7.9983015060424805,0.0,-0.0,0.0,0.0,-0.0,0.0,-0.0,0.0,0.0,-0.0,0.0,11.057262,0.98768455,0.0,0.30897555,0.7970261,0.24438621,0.4419351,0.0,0.0,0.0,0.3066226,0.1383698,0.5544801,0.0,0.7970261,0.0,0.7970261,0.7970261,0.30897555,-0.0,7.2,17.920792,17.777779,17.777779,2.0
resstock-amy2018-2021-release-1-285517,0.0,0.87396234,0.0,0.0,0.4137737,0.0,0.0,0.0,0.0,0.0,0.0,0.0,0.0,0.0,0.0,0.0,0.0,0.0,7.9983015060424805,0.0,-0.0,0.0,0.0,-0.0,0.0,-0.0,0.0,0.0,-0.0,0.0,11.057262,0.87396234,0.0,0.30805928,0.721833,0.20478316,0.4045924,0.0,0.0,0.0,0.2836988,0.1383698,0.56050694,0.0,0.721833,0.0,0.721833,0.721833,0.30805928,-0.0,8.9,17.632977,17.777779,17.777779,2.0
resstock-amy2018-2021-release-1-285517,0.0,0.9040575,0.0,0.0,1.1133873,0.0,0.0,0.0,0.0,0.0,0.0,0.0,0.0,0.0,1.2112085,1.2112085,0.0,0.13976096,7.9982829093933105,1.1178476671203796,-0.0,1.2112085,0.0,-0.0,0.0,-0.0,1.4782319,1.4782319,-0.0,0.13215284,11.057262,0.9040575,0.0,0.307143,2.6317387,0.7348699,1.4719033,0.0,0.0,0.0,0.2792336,0.1383698,0.55928934,0.0,2.6317387,0.0,0.7296634,0.7296634,0.307143,-0.0,9.4,17.404034,17.777779,17.777779,2.0
resstock-amy2018-2021-release-1-285517,0.0,1.2012541,0.0,0.0,0.6394011,0.0,0.0,0.0,0.0,0.0,0.0,0.0,0.0,0.0,0.36810207,0.36810207,0.0,0.18076499,7.998277187347412,1.4458084803095446,-0.0,0.36810207,0.0,-0.0,0.0,-0.0,0.092723645,0.092723645,-0.0,0.1392905,11.057262,1.2012541,0.0,0.30622673,1.3137299,0.3634397,0.73643255,0.0,0.0,0.0,0.2766472,0.1383698,0.5605662,0.0,1.3137299,0.0,0.8998097,0.8998097,0.30622673,-0.0,7.2,17.34367,17.777779,17.777779,2.0
resstock-amy2018-2021-release-1-285517,0.0,2.1661494,0.0,0.0,1.0478103,0.0,0.0,0.0,0.0,0.0,0.0,0.0,0.0,0.0,0.50877875,0.50877875,0.0,0.23772593,7.998269557952881,1.9013960564640726,-0.0,0.50877875,0.0,-0.0,0.0,-0.0,0.047009178,0.047009178,-0.0,0.14227912,11.057262,2.1661494,0.0,0.31262633,1.8692155,0.5093597,1.0387571,0.0,0.0,0.0,0.2724992,0.1383698,0.5557182,0.0,1.8692155,0.0,1.3381804,1.3381804,0.31262633,-0.0,8.9,18.15063,17.777779,17.777779,2.0
resstock-amy2018-2021-release-1-285517,0.0,1.0422453,0.58200806,0.0,1.309944,0.60088927,0.0,0.0,0.0,0.0,0.0,0.0,0.0,0.0,-0.27162525,0.0,-0.27162525,0.1992044,7.998265266418457,1.5932896348915762,0.27162525,0.0,0.0,-0.0,0.0,-0.0,1.7606118,1.7606118,-0.0,0.2984365,11.057262,1.0422453,0.0,0.34097353,1.9801815,0.53860736,1.1024586,0.0,0.0,0.0,0.271999,0.1383698,0.55674624,0.0,1.9801815,0.0,1.4289668,1.4289668,0.34097353,-0.0,9.4,17.567131,17.777779,17.777779,2.0
resstock-amy2018-2021-release-1-285517,0.0,0.7618228,0.26613194,0.0,0.0,0.27476564,0.0,0.0,0.0,0.0,0.0,0.0,0.0,0.0,0.37192556,0.37192556,0.0,0.24047652,7.998259544372559,1.9233936122446664,-0.0,0.37192556,0.0,-0.0,0.0,-0.0,0.0,0.0,0.7618228,0.22613677,11.057262,0.0,0.0,0.4288568,1.0755479,0.30586645,0.5995642,0.0,0.0,0.0,0.284382,0.1383698,0.55745,0.0,1.0755479,0.0,1.0670857,1.0670857,0.4288568,-0.0,8.6,17.08469,18.203703,18.203703,2.0
resstock-amy2018-2021-release-1-285517,0.0,0.8847629,0.0,0.0,0.0,0.0,0.0,0.0,0.0,0.0,0.0,0.0,0.0,0.0,0.047168035,0.047168035,0.0,0.24505211,7.998258590698242,1.959990177001572,-0.0,0.047168035,0.0,-0.0,0.0,-0.0,0.0,0.0,0.8847629,0.14321947,11.057262,0.0,0.0,0.6448769,0.6920449,0.21035606,0.38591453,0.0,0.0,0.0,0.303963,0.1383698,0.5576438,0.0,0.6920449,0.0,1.0756092,1.0756092,0.6448769,-0.0,7.8,17.034254,20.0,20.0,2.0
resstock-amy2018-2021-release-1-285517,0.0,1.5413082,0.0,0.0,0.37053832,0.0,0.0,0.0,0.0,0.0,0.0,0.0,0.0,0.0,-0.6041815,0.0,-0.6041815,0.16103363,7.998249530792236,1.287987158557371,0.6041815,0.0,0.0,-0.0,0.0,-0.0,0.0,0.0,0.7705547,0.071473666,11.057262,0.77075344,0.0,0.6080099,0.37436664,0.12595898,0.20974892,0.0,0.0,0.0,0.33645886,0.1383698,0.56027675,0.0,0.37436664,0.0,1.3489909,1.3489909,0.6080099,-0.0,8.3,17.38559,19.25463,19.25463,2.0
resstock-amy2018-2021-release-1-285517,0.0,1.2199532,0.0,0.0,0.21419184,0.0,0.0,0.0,0.0,0.0,0.0,0.0,0.0,0.0,-0.79908967,0.0,-0.79908967,0.05102614,7.998237609863281,0.4081191873019918,0.79908967,0.0,0.0,-0.0,0.0,-0.0,0.0,0.0,0.77441466,0.0,11.057262,0.44553852,0.0,0.9015609,0.3013008,0.10937249,0.1713208,0.0,0.0,0.0,0.363001,0.1383698,0.5686039,0.0,0.3013008,0.0,1.4726889,1.4880512,0.9015609,-0.015362231,8.3,17.54101,18.88889,18.88889,2.0
resstock-amy2018-2021-release-1-285517,0.0,1.2692242,0.0,0.0,0.5839164,0.0,0.0,0.0,0.0,0.0,0.0,0.0,0.0,0.0,-0.14434059,0.0,-0.14434059,0.0306862,7.99823522567749,0.24543544310333232,0.14434059,0.0,0.0,-0.0,0.0,-0.0,0.0,0.0,-0.0,0.0,11.057262,1.2692242,0.0,1.2736433,1.6814406,0.61027884,0.9850524,0.0,0.0,0.0,0.36295,0.1383698,0.5858384,0.0,1.6814406,0.0,1.8257812,1.8575597,1.2736433,-0.031778507,10.0,17.976303,18.88889,18.88889,2.0
resstock-amy2018-2021-release-1-285517,0.0,1.0139596,0.0,0.0,0.45907563,0.0,0.0,0.0,0.0,0.0,0.0,0.0,0.0,0.0,0.024078632,0.024078632,0.0,0.03327855,7.998234748840332,0.2661696626207224,-0.0,0.024078632,0.0,-0.0,0.0,-0.0,0.0,0.0,-0.0,0.0,11.057262,1.0139596,0.0,1.3153263,1.7239518,0.5992537,1.046943,0.0,0.0,0.0,0.34760466,0.1383698,0.6072925,0.0,1.7239518,0.0,1.6998732,1.7744019,1.3153263,-0.074528664,10.6,18.251366,18.88889,18.88889,2.0
resstock-amy2018-2021-release-1-285517,0.0,1.0486681,0.0,0.0,0.4607506,0.0,0.0,0.0,0.0,0.0,0.0,0.0,0.0,0.0,0.64508754,0.64508754,0.0,0.10635808,7.99822473526001,0.8506758350677757,-0.0,0.64508754,0.0,-0.0,0.0,-0.0,0.0,0.0,-0.0,0.0,11.057262,1.0486681,0.0,1.2727137,2.3165185,0.77290136,1.4372562,0.0,0.0,0.0,0.33364782,0.1383698,0.62043804,0.0,2.3165185,0.0,1.6714311,1.7334642,1.2727137,-0.062033206,11.7,18.544422,18.88889,18.88889,2.0
resstock-amy2018-2021-release-1-285517,0.0,0.7647904,0.0,0.0,0.32578507,0.0,0.0,0.0,0.0,0.0,0.0,0.0,0.0,0.0,0.14575419,0.14575419,0.0,0.12233624,7.998222351074219,0.9784724380981515,-0.0,0.14575419,0.0,-0.0,0.0,-0.0,0.0,0.0,-0.0,0.0,11.057262,0.7647904,0.0,1.1658485,1.4561232,0.4720122,0.9069914,0.0,0.0,0.0,0.32415676,0.1383698,0.62288094,0.0,1.4561232,0.0,1.310369,1.4916335,1.1658485,-0.18126452,12.8,18.515259,18.88889,18.88889,2.0
resstock-amy2018-2021-release-1-285517,0.0,0.43668577,0.0,0.0,0.1833618,0.0,0.0,0.0,0.0,0.0,0.0,0.0,0.0,0.0,0.022698553,0.022698553,0.0,0.1245176,7.9982218742370605,0.9959193701171039,-0.0,0.022698553,0.0,-0.0,0.0,-0.0,0.0,0.0,-0.0,0.0,11.057262,0.43668577,0.0,0.9463724,1.0284567,0.3233406,0.6476059,0.0,0.0,0.0,0.314394,0.1383698,0.6296871,0.0,1.0284567,0.0,1.0057582,1.1297342,0.9463724,-0.12397594,13.3,18.447964,18.88889,18.88889,2.0
resstock-amy2018-2021-release-1-285517,0.5225349,0.44326144,2.065383,0.0,0.19475463,2.132387,0.0,0.0,0.0,0.0,0.0,0.0,0.0,0.0,-0.12792538,0.0,-0.12792538,0.10625882,7.998219966888428,0.8498813919239403,0.12792538,0.0,0.0,-0.0,0.0,-0.0,0.0,0.0,-0.0,0.0,11.057262,0.44326144,0.0,0.96704596,3.073761,0.9937836,1.9640042,0.0,0.0,0.0,0.32331192,0.1383698,0.638958,0.0,3.073761,0.0,3.2016864,3.2941875,0.96704596,-0.09250122,11.7,18.563135,18.88889,18.88889,2.0
resstock-amy2018-2021-release-1-285517,0.0,0.4976007,0.0,0.0,0.41981298,0.0,0.0,0.0,0.0,0.0,0.0,0.0,0.0,0.0,0.45442742,0.45442742,0.0,0.15720306,7.998213291168213,1.2573436308486734,-0.0,0.45442742,0.0,-0.0,0.0,-0.0,0.45789346,0.45789346,-0.0,0.040935338,11.057262,0.4976007,0.0,1.2506601,1.9031786,0.62644106,1.2213464,0.0,0.0,0.0,0.32915518,0.1383698,0.6417403,0.0,1.9031786,0.0,1.2475677,1.4692897,1.2506601,-0.22172198,11.7,18.933243,18.88889,18.88889,2.0
resstock-amy2018-2021-release-1-285517,0.07665148,0.2584605,0.0,0.0,0.0,0.0,0.0,0.0,0.0,0.0,0.0,0.0,0.0,0.0,0.4286154,0.4286154,0.0,0.20505472,7.998206615447998,1.640069980247425,-0.0,0.4286154,0.0,-0.0,0.0,-0.0,0.0,0.0,0.2584605,0.016932169,11.057262,0.0,0.0,1.0936229,1.3459436,0.44612253,0.8739036,0.0,0.0,0.0,0.33145708,0.1383698,0.6492869,0.0,1.3459436,0.0,1.0327747,1.2090694,1.0936229,-0.17629468,11.1,19.176765,18.88889,18.88889,2.0
resstock-amy2018-2021-release-1-285517,0.10817052,0.2909853,0.0,0.0,0.048028547,0.0,0.0,0.0,0.0,0.0,0.0,0.0,0.0,0.0,0.6858348,0.6858348,0.0,0.28237146,7.998196125030518,2.2584623283202916,-0.0,0.6858348,0.0,-0.0,0.0,-0.0,0.0,0.0,0.18345946,0.0,11.057262,0.107525826,0.0,1.0575901,1.7709498,0.60697085,1.1458776,0.0,0.0,0.0,0.34273747,0.1383698,0.64704126,0.0,1.7709498,0.0,1.1670609,1.1875646,1.0575901,-0.020503782,11.1,19.419456,18.88889,18.88889,2.0
resstock-amy2018-2021-release-1-285517,0.18011664,0.54211056,1.1575598,0.0,0.24544343,1.1951127,0.0,0.0,0.0,0.0,0.0,0.0,0.0,0.0,-0.0567082,0.0,-0.0567082,0.27362153,7.998195171356201,2.188478394752238,0.0567082,0.0,0.0,-0.0,0.0,-0.0,0.0,0.0,-0.0,0.0,11.057262,0.54211056,0.0,1.2152629,2.5991108,0.91544485,1.6515657,0.0,0.0,0.0,0.35221463,0.1383698,0.63543487,0.0,2.5991108,0.0,2.655819,2.655819,1.2152629,-0.0,10.6,19.801395,18.88889,18.88889,2.0
resstock-amy2018-2021-release-1-285517,0.0,0.44087657,0.38585815,0.0,0.48315668,0.39837596,0.0,0.0,0.0,0.0,0.0,0.0,0.0,0.0,-0.45991573,0.0,-0.45991573,0.2091359,7.998188018798828,1.6727082889372582,0.45991573,0.0,0.0,-0.0,0.0,-0.0,0.62627083,0.62627083,-0.0,0.055988148,11.057262,0.44087657,0.0,1.1699855,1.5916024,0.5518498,1.0053004,0.0,0.0,0.0,0.34672588,0.1383698,0.63162786,0.0,1.5916024,0.0,1.7679707,1.7679707,1.1699855,-0.0,10.6,19.712738,18.944445,18.944445,2.0
resstock-amy2018-2021-release-1-285517,0.0,0.36765727,0.0,0.0,0.0,0.0,0.0,0.0,0.0,0.0,0.0,0.0,0.0,0.0,-0.11041114,0.0,-0.11041114,0.19308282,7.998186111450195,1.5443123640709757,0.11041114,0.0,0.0,-0.0,0.0,-0.0,0.0,0.0,0.36765727,0.021863442,11.057262,0.0,0.0,0.9165529,0.80614173,0.26295048,0.5033431,0.0,0.0,0.0,0.32618392,0.1383698,0.62438536,0.0,0.80614173,0.0,1.0856965,1.0856965,0.9165529,-0.0,10.0,19.417704,18.967592,18.967592,2.0
resstock-amy2018-2021-release-1-285517,0.42959166,0.39241233,0.0,0.0,0.07268514,0.0,0.0,0.0,0.0,0.0,0.0,0.0,0.0,0.0,0.31952915,0.31952915,0.0,0.22841993,7.998181343078613,1.8269440204562954,-0.0,0.31952915,0.0,-0.0,0.0,-0.0,0.0,0.0,0.23688962,0.0,11.057262,0.15552272,0.0,0.5705516,0.9627658,0.2966622,0.5907331,0.0,0.0,0.0,0.3081354,0.1383698,0.6135792,0.0,0.9627658,0.0,0.75394946,0.75394946,0.5705516,-0.0,9.4,19.058437,17.777779,17.777779,2.0
resstock-amy2018-2021-release-1-285517,0.0,0.45603403,0.0,0.0,0.21923754,0.0,0.0,0.0,0.0,0.0,0.0,0.0,0.0,0.0,0.39241558,0.39241558,0.0,0.2719429,7.998175621032715,2.175047181326306,-0.0,0.39241558,0.0,-0.0,0.0,-0.0,0.0,0.0,-0.0,0.0,11.057262,0.45603403,0.0,0.5172955,1.1289487,0.3417326,0.68407065,0.0,0.0,0.0,0.30269983,0.1383698,0.605936,0.0,1.1289487,0.0,0.7365331,0.7365331,0.5172955,-0.0,8.3,18.645466,17.777779,17.777779,2.0
resstock-amy2018-2021-release-1-285517,0.0,0.68219143,0.0,0.0,0.33017635,0.0,0.0,0.0,0.0,0.0,0.0,0.0,0.0,0.0,0.61257595,0.61257595,0.0,0.3405948,7.998166561126709,2.724133926868646,-0.0,0.61257595,0.0,-0.0,0.0,-0.0,0.0,0.0,-0.0,0.0,11.057262,0.68219143,0.0,0.3657726,1.3085248,0.38251457,0.78287184,0.0,0.0,0.0,0.29232502,0.1383698,0.5982858,0.0,1.3085248,0.0,0.6959489,0.6959489,0.3657726,-0.0,8.033334,18.413523,17.777779,17.777779,2.0
resstock-amy2018-2021-release-1-285517,0.0,0.7464471,0.0,0.0,0.8975591,0.0,0.0,0.0,0.0,0.0,0.0,0.0,0.0,0.0,0.78366566,0.78366566,0.0,0.428909,7.998154640197754,3.4304805384423958,-0.0,0.78366566,0.0,-0.0,0.0,-0.0,1.1205575,1.1205575,-0.0,0.10017701,11.057262,0.7464471,0.0,0.30805928,1.989284,0.55139774,1.1135651,0.0,0.0,0.0,0.277184,0.1383698,0.55978185,0.0,1.989284,0.0,0.6669123,0.6669123,0.30805928,-0.0,8.3,18.159616,17.777779,17.777779,2.0
resstock-amy2018-2021-release-1-285517,0.0,1.2372649,0.0,0.0,0.46981433,0.0,0.0,0.0,0.0,0.0,0.0,0.0,0.0,0.0,0.93395007,0.93395007,0.0,0.53458166,7.998140335083008,4.2756591470342755,-0.0,0.93395007,0.0,-0.0,0.0,-0.0,0.0,0.0,0.27222398,0.07439832,11.057262,0.9650409,0.0,0.307143,1.7109075,0.4614431,0.9166444,0.0,0.0,0.0,0.26970664,0.1383698,0.53576505,0.0,1.7109075,0.0,0.90948516,0.90948516,0.307143,-0.0,7.8,18.33472,17.777779,17.777779,2.0
resstock-amy2018-2021-release-1-285517,0.0,1.1613019,0.0,0.0,0.23198137,0.0,0.0,0.0,0.0,0.0,0.0,0.0,0.0,0.0,0.70783204,0.70783204,0.0,0.6135257,7.998129367828369,4.907057828294484,-0.0,0.70783204,0.0,-0.0,0.0,-0.0,0.0,0.0,0.69183326,0.010454489,11.057262,0.4694686,0.0,0.30622673,1.2460401,0.32788524,0.62888664,0.0,0.0,0.0,0.2631418,0.1383698,0.5047082,0.0,1.2460401,0.0,0.8800678,0.8800678,0.30622673,-0.0,7.2,18.037615,17.777779,17.777779,2.0
resstock-amy2018-2021-release-1-285517,0.0,1.1523383,0.0,0.0,0.61564773,0.0,0.0,0.0,0.0,0.0,0.0,0.0,0.0,0.0,0.7647382,0.7647382,0.0,0.698867,7.998117923736572,5.589620862894179,-0.0,0.7647382,0.0,-0.0,0.0,-0.0,0.07841207,0.07841207,-0.0,0.017373355,11.057262,1.1523383,0.0,0.31262633,1.6930122,0.4455023,0.8434363,0.0,0.0,0.0,0.2631418,0.1383698,0.49818677,0.0,1.6930122,0.0,0.8890506,0.8890506,0.31262633,-0.0,6.7,17.764797,17.777779,17.777779,2.0
resstock-amy2018-2021-release-1-285517,0.0,1.3363757,0.0,0.0,1.853049,0.0,0.0,0.0,0.0,0.0,0.0,0.0,0.0,0.0,0.84071183,0.84071183,0.0,0.7928402,7.998105049133301,6.341219069058241,-0.0,0.84071183,0.0,-0.0,0.0,-0.0,2.2209425,2.2209425,-0.0,0.21577255,11.057262,1.3363757,0.0,0.34097353,3.0347345,0.7971215,1.5408207,0.0,0.0,0.0,0.262666,0.1383698,0.50772834,0.0,3.0347345,0.0,1.0371075,1.0371075,0.34097353,-0.0,5.0,17.611189,19.63889,19.63889,2.0
resstock-amy2018-2021-release-1-285517,0.0,1.5181304,0.0,0.0,1.7246494,0.0,0.0,0.0,0.0,0.0,0.0,0.0,0.0,0.0,0.49903807,0.49903807,0.0,0.8469651,7.9980974197387695,6.774109177280707,-0.0,0.49903807,0.0,-0.0,0.0,-0.0,1.7469258,1.7469258,-0.0,0.3700659,11.057262,1.5181304,0.0,0.39218462,2.6158721,0.7100466,1.367361,0.0,0.0,0.0,0.2714378,0.1383698,0.52271706,0.0,2.6158721,0.0,1.1940829,1.1940829,0.39218462,-0.0,4.4,17.586636,20.0,20.0,2.0
resstock-amy2018-2021-release-1-285517,0.0,1.1150295,0.0,0.0,0.27979928,0.0,0.0,0.0,0.0,0.0,0.0,0.0,0.0,0.0,0.47262618,0.47262618,0.0,0.8979117,7.9980902671813965,7.181579047933411,-0.0,0.47262618,0.0,-0.0,0.0,-0.0,0.0,0.0,0.5853216,0.31328988,11.057262,0.52970785,0.0,0.574686,1.3271115,0.38752586,0.713463,0.0,0.0,0.0,0.292007,0.1383698,0.53760594,0.0,1.3271115,0.0,1.1636605,1.1636605,0.574686,-0.0,4.4,17.298882,20.74074,20.74074,2.0
resstock-amy2018-2021-release-1-285517,0.0,0.975752,1.455437,0.0,0.23133965,1.5026535,0.0,0.0,0.0,0.0,0.0,0.0,0.0,0.0,-0.28997236,0.0,-0.28997236,0.8550028,7.998085975646973,6.838386067713998,0.28997236,0.0,0.0,-0.0,0.0,-0.0,0.0,0.0,0.5155171,0.2633951,11.057262,0.46023488,0.0,0.79902035,2.243041,0.7096591,1.2305604,0.0,0.0,0.0,0.3163826,0.1383698,0.54861253,0.0,2.243041,0.0,2.792141,2.792141,0.79902035,-0.0,6.5,17.092583,19.944445,19.944445,2.0
resstock-amy2018-2021-release-1-285517,0.0,0.5209943,0.0,0.0,0.0,0.0,0.0,0.0,0.0,0.0,0.0,0.0,0.0,0.0,-0.35066268,0.0,-0.35066268,0.80385447,7.998080730438232,6.4292929104692575,0.35066268,0.0,0.0,-0.0,0.0,-0.0,0.0,0.0,0.5209943,0.21343406,11.057262,0.0,0.0,1.1029507,0.73740536,0.2442058,0.41238573,0.0,0.0,0.0,0.331169,0.1383698,0.55923885,0.0,0.73740536,0.0,1.3366328,1.3515154,1.1029507,-0.01488261,8.6,17.237492,18.88889,18.88889,2.0
resstock-amy2018-2021-release-1-285517,0.0,0.61149883,0.0,0.0,0.0,0.0,0.0,0.0,0.0,0.0,0.0,0.0,0.0,0.0,-0.7487051,0.0,-0.7487051,0.69879144,7.9980692863464355,5.588982388230335,0.7487051,0.0,0.0,-0.0,0.0,-0.0,0.0,0.0,0.61149883,0.1556282,11.057262,0.0,0.0,1.3750384,0.60101247,0.20384516,0.35185465,0.0,0.0,0.0,0.3391696,0.1383698,0.5854365,0.0,0.60101247,0.0,1.6355078,1.6608286,1.3750384,-0.025320815,9.4,17.753004,18.88889,18.88889,2.0
resstock-amy2018-2021-release-1-285517,0.0,0.7724186,0.0,0.0,0.0,0.0,0.0,0.0,0.0,0.0,0.0,0.0,0.0,0.0,-0.00982186,0.0,-0.00982186,0.695449,7.9980692863464355,5.562249244222983,0.00982186,0.0,0.0,-0.0,0.0,-0.0,0.0,0.0,0.7724186,0.08360372,11.057262,0.0,0.0,1.4154257,1.32963,0.4392951,0.77209216,0.0,0.0,0.0,0.330389,0.1383698,0.580682,0.0,1.32963,0.0,1.6948091,1.7707828,1.4154257,-0.07597371,10.0,18.52597,18.88889,18.88889,2.0
resstock-amy2018-2021-release-1-285517,0.12120429,0.9940174,0.0,0.0,0.03992127,0.0,0.0,0.0,0.0,0.0,0.0,0.0,0.0,0.0,0.24674748,0.24674748,0.0,0.72113943,7.99806547164917,5.767720383323876,-0.0,0.24674748,0.0,-0.0,0.0,-0.0,0.0,0.0,0.9058434,0.0,11.057262,0.088174045,0.0,1.3740956,1.4901688,0.4902049,0.8168685,0.0,0.0,0.0,0.32895932,0.1383698,0.54817176,0.0,1.4901688,0.0,1.6535467,1.8241422,1.3740956,-0.17059553,10.6,19.299622,18.88889,18.88889,2.0
resstock-amy2018-2021-release-1-285517,0.15112162,0.9014586,0.0,0.0,0.40265444,0.0,0.0,0.0,0.0,0.0,0.0,0.0,0.0,0.0,-0.21055777,0.0,-0.21055777,0.6897142,7.9980621337890625,5.516376972922444,0.21055777,0.0,0.0,-0.0,0.0,-0.0,0.0,0.0,-0.0,0.0,11.057262,0.9014586,0.0,1.2689164,1.209508,0.3798583,0.6446786,0.0,0.0,0.0,0.31406018,0.1383698,0.533009,0.0,1.209508,0.0,1.4200658,1.6715708,1.2689164,-0.25150502,11.1,19.559383,18.88889,18.88889,2.0
resstock-amy2018-2021-release-1-285517,0.0,0.81354433,0.2447288,0.0,0.35249412,0.25266817,0.0,0.0,0.0,0.0,0.0,0.0,0.0,0.0,-0.33627757,0.0,-0.33627757,0.6410086,7.998056888580322,5.1268233727893175,0.33627757,0.0,0.0,-0.0,0.0,-0.0,0.0,0.0,-0.0,0.0,11.057262,0.81354433,0.0,1.0492793,1.0253826,0.31190574,0.54162395,0.0,0.0,0.0,0.30418473,0.1383698,0.5282164,0.0,1.0253826,0.0,1.3616602,1.6544416,1.0492793,-0.29278135,12.2,19.703373,18.88889,18.88889,2.0
resstock-amy2018-2021-release-1-285517,0.34822595,0.7382116,0.13938265,0.0,0.31985378,0.14390442,0.0,0.0,0.0,0.0,0.0,0.0,0.0,0.0,-0.72163546,0.0,-0.72163546,0.5400377,7.998045921325684,4.319246256608892,0.72163546,0.0,0.0,-0.0,0.0,-0.0,0.0,0.0,-0.0,0.0,11.057262,0.7382116,0.0,1.2497106,0.70465016,0.21500427,0.36839885,0.0,0.0,0.0,0.305122,0.1383698,0.522811,0.0,0.70465016,0.0,1.4262856,1.7134688,1.2497106,-0.2871831,12.2,19.89591,18.88889,18.88889,2.0
resstock-amy2018-2021-release-1-285517,0.4520625,0.64679825,0.724359,0.0,0.28418207,0.7478582,0.0,0.0,0.0,0.0,0.0,0.0,0.0,0.0,-0.790253,0.0,-0.790253,0.4301482,7.9980340003967285,3.440340041596059,0.790253,0.0,0.0,-0.0,0.0,-0.0,0.0,0.0,-0.0,0.0,11.057262,0.64679825,0.0,0.84292924,0.91106135,0.27518392,0.4912369,0.0,0.0,0.0,0.3020476,0.1383698,0.5391919,0.0,0.91106135,0.0,1.7013143,1.8749695,0.84292924,-0.1736552,11.7,20.223995,18.88889,18.88889,2.0
resstock-amy2018-2021-release-1-285517,0.29724488,0.4879858,0.25554124,0.0,0.21796855,0.26383138,0.0,0.0,0.0,0.0,0.0,0.0,0.0,0.0,-0.86052424,0.0,-0.86052424,0.31118283,7.998021125793457,2.488846822390059,0.86052424,0.0,0.0,-0.0,0.0,-0.0,0.0,0.0,-0.0,0.0,11.057262,0.4879858,0.0,0.6857111,0.2581406,0.07920213,0.1427243,0.0,0.0,0.0,0.3068178,0.1383698,0.5528937,0.0,0.2581406,0.0,1.1186649,1.167511,0.6857111,-0.04884616,11.1,20.38104,18.88889,18.88889,2.0
resstock-amy2018-2021-release-1-285517,0.0,0.65624416,0.5906017,0.0,0.30191022,0.60976166,0.0,0.0,0.0,0.0,0.0,0.0,0.0,0.0,-0.4041523,0.0,-0.4041523,0.25421974,7.9980149269104,2.0332532802676013,0.4041523,0.0,0.0,-0.0,0.0,-0.0,0.0,0.0,-0.0,0.0,11.057262,0.65624416,0.0,0.7749255,1.2705563,0.4010054,0.7448034,0.0,0.0,0.0,0.315614,0.1383698,0.5862026,0.0,1.2705563,0.0,1.6747086,1.6865973,0.7749255,-0.011888705,10.0,20.576126,19.23611,19.23611,2.0
resstock-amy2018-2021-release-1-285517,0.0,1.0469819,0.00859989,0.0,0.48918054,0.008878883,0.0,0.0,0.0,0.0,0.0,0.0,0.0,0.0,-0.113591716,0.0,-0.113591716,0.23759614,7.998013019561768,1.9002970156133117,0.113591716,0.0,0.0,-0.0,0.0,-0.0,0.016320419,0.016320419,-0.0,0.0014590335,11.057262,1.0469819,0.0,0.75185907,1.1363268,0.3749494,0.70247257,0.0,0.0,0.0,0.32996616,0.1383698,0.6181959,0.0,1.1363268,0.0,1.2424102,1.2424102,0.75185907,-0.0,10.0,20.921432,20.555555,20.555555,2.0
resstock-amy2018-2021-release-1-285517,0.0,0.7668432,0.0,0.0,0.35100374,0.0,0.0,0.0,0.0,0.0,0.0,0.0,0.0,0.0,-0.21909274,0.0,-0.21909274,0.20634526,7.99800968170166,1.6503513883992014,0.21909274,0.0,0.0,-0.0,0.0,-0.0,0.0,0.0,0.015808575,0.0,11.057262,0.7510346,0.0,0.53041947,0.6623305,0.21509981,0.41660127,0.0,0.0,0.0,0.32476205,0.1383698,0.62899303,0.0,0.6623305,0.0,0.8888115,0.8888115,0.53041947,-0.0,9.4,20.505798,20.287037,20.287037,2.0
resstock-amy2018-2021-release-1-285517,0.0,0.53161633,0.38596907,0.0,0.25169146,0.39849046,0.0,0.0,0.0,0.0,0.0,0.0,0.0,0.0,0.07385458,0.07385458,0.0,0.21399453,7.998008728027344,1.7115301412729877,-0.0,0.07385458,0.0,-0.0,0.0,-0.0,0.0,0.0,-0.0,0.0,11.057262,0.53161633,0.0,0.6338883,1.3579248,0.41558552,0.85539293,0.0,0.0,0.0,0.30604458,0.1383698,0.62992656,0.0,1.3579248,0.0,1.2840703,1.2840703,0.6338883,-0.0,8.9,20.033924,20.0,20.0,2.0
resstock-amy2018-2021-release-1-285517,1.616597,0.5114634,12.476185,0.0,0.24899755,12.880931,0.0,0.0,0.0,0.0,0.0,0.0,0.0,0.0,0.278508,0.278508,0.0,0.24462639,7.99800443649292,1.9565229361373966,-0.0,0.278508,0.0,-0.0,0.0,-0.0,0.0,0.0,-0.0,0.0,11.057262,0.5114634,0.0,0.5705516,13.978988,4.1356835,8.759824,0.0,0.0,0.0,0.29585,0.1383698,0.6266422,0.0,13.978988,0.0,13.7004795,13.7004795,0.5705516,-0.0,7.8,19.556295,19.444445,19.444445,2.0
resstock-amy2018-2021-release-1-285517,0.48441735,1.0078986,0.0,0.0,0.49803904,0.0,0.0,0.0,0.0,0.0,0.0,0.0,0.0,0.0,-0.6794854,0.0,-0.6794854,0.15044013,7.9979939460754395,1.203219222253395,0.6794854,0.0,0.0,-0.0,0.0,-0.0,0.0,0.0,-0.0,0.0,11.057262,1.0078986,0.0,0.4145099,0.23306352,0.06805618,0.14288849,0.0,0.0,0.0,0.292007,0.1383698,0.6130882,0.0,0.23306352,0.0,0.9125489,0.9125489,0.4145099,-0.0,7.2,19.523895,17.777779,17.777779,2.0
resstock-amy2018-2021-release-1-285517,0.0,0.4938916,0.0,0.0,0.24404965,0.0,0.0,0.0,0.0,0.0,0.0,0.0,0.0,0.0,1.0821147,1.0821147,0.0,0.2744029,7.9979777336120605,2.1946681772984533,-0.0,1.0821147,0.0,-0.0,0.0,-0.0,0.0,0.0,-0.0,0.0,11.057262,0.4938916,0.0,0.3657726,1.691937,0.47958767,0.98327106,0.0,0.0,0.0,0.2834548,0.1383698,0.5811511,0.0,1.691937,0.0,0.6098223,0.6098223,0.3657726,-0.0,7.2,18.691593,17.777779,17.777779,2.0
resstock-amy2018-2021-release-1-285517,0.0,0.54688287,0.0,0.0,0.27023456,0.0,0.0,0.0,0.0,0.0,0.0,0.0,0.0,0.0,0.3490702,0.3490702,0.0,0.31286514,7.99797248840332,2.5022867667355513,-0.0,0.3490702,0.0,-0.0,0.0,-0.0,0.0,0.0,-0.0,0.0,11.057262,0.54688287,0.0,0.30805928,0.927364,0.2521742,0.49723625,0.0,0.0,0.0,0.2719258,0.1383698,0.5361824,0.0,0.927364,0.0,0.5782938,0.5782938,0.30805928,-0.0,7.2,18.175747,17.777779,17.777779,2.0
resstock-amy2018-2021-release-1-285517,0.0,0.7066536,0.0,0.0,0.3534833,0.0,0.0,0.0,0.0,0.0,0.0,0.0,0.0,0.0,-0.26717597,0.0,-0.26717597,0.27474746,7.9979681968688965,2.197421455892723,0.26717597,0.0,0.0,-0.0,0.0,-0.0,0.0,0.0,-0.0,0.0,11.057262,0.7066536,0.0,0.307143,0.39345032,0.103816755,0.18841122,0.0,0.0,0.0,0.26386243,0.1383698,0.47886917,0.0,0.39345032,0.0,0.6606263,0.6606263,0.307143,-0.0,6.7,17.835827,17.777779,17.777779,2.0
resstock-amy2018-2021-release-1-285517,0.0,0.92168057,0.0,0.0,0.467775,0.0,0.0,0.0,0.0,0.0,0.0,0.0,0.0,0.0,-0.8974028,0.0,-0.8974028,0.15130925,7.997954368591309,1.210164491324349,0.8974028,0.0,0.0,-0.0,0.0,-0.0,0.0,0.0,-0.0,0.0,11.057262,0.92168057,0.0,0.30622673,-0.123401105,-0.031540435,0.0,0.0,0.0,0.0,0.2555928,0.1383698,0.44344836,0.0,0.0,-0.123401105,0.7740017,0.7740017,0.30622673,-0.0,6.1,17.609995,17.777779,17.777779,2.0
resstock-amy2018-2021-release-1-285517,0.0,0.9843815,0.0,0.0,0.5199644,0.0,0.0,0.0,0.0,0.0,0.0,0.0,0.0,0.0,-1.1069456,0.0,-1.1069456,0.0007106715,7.9979376792907715,0.005683906179929449,1.1069456,0.0,0.0,-0.0,0.0,-0.0,0.0,0.0,-0.0,0.0,11.057262,0.9843815,0.0,0.31262633,-0.27435493,-0.0681604,0.0,0.0,0.0,0.0,0.24843876,0.1383698,0.4254829,0.0,0.0,-0.27435493,0.8325907,0.8325907,0.31262633,-0.0,4.4,17.229263,17.777779,17.777779,2.0
resstock-amy2018-2021-release-1-285517,0.0,1.0031562,0.0,0.0,0.5298815,0.0,0.0,0.0,0.0,0.0,0.0,0.0,0.0,0.0,-0.005141393,0.0,-0.005141393,0.0,7.9979376792907715,0.0,0.005141393,0.0,0.0,-0.0,0.0,-0.0,0.0,0.0,-0.0,0.0,11.057262,1.0031562,0.0,0.34097353,0.8657136,0.21445875,0.35594523,0.0,0.0,0.0,0.24772483,0.1383698,0.41115817,0.0,0.8657136,0.0,0.870855,0.870855,0.34097353,-0.0,4.4,16.883852,17.777779,17.777779,2.0
resstock-amy2018-2021-release-1-285517,0.0,1.0182021,0.0,0.0,0.5440251,0.0,0.0,0.0,0.0,0.0,0.0,0.0,0.0,0.0,0.046972565,0.046972565,0.0,0.005229082,7.997937202453613,0.04182186913082475,-0.0,0.046972565,0.0,-0.0,0.0,-0.0,0.0,0.0,-0.0,0.0,11.057262,1.0182021,0.0,0.4288568,1.0198544,0.26122648,0.44423315,0.0,0.0,0.0,0.25614095,0.1383698,0.43558487,0.0,1.0198544,0.0,0.97288185,0.97288185,0.4288568,-0.0,3.9,16.607899,17.777779,17.777779,2.0
resstock-amy2018-2021-release-1-285517,0.0,1.2368218,0.0,0.0,0.6442751,0.0,0.0,0.0,0.0,0.0,0.0,0.0,0.0,0.0,0.37950516,0.37950516,0.0,0.04790853,7.997931480407715,0.3831691373817563,-0.0,0.37950516,0.0,-0.0,0.0,-0.0,0.0,0.0,-0.0,0.0,11.057262,1.2368218,0.0,0.574686,1.5984663,0.4550626,0.7787906,0.0,0.0,0.0,0.284687,0.1383698,0.48721114,0.0,1.5984663,0.0,1.2189611,1.2189611,0.574686,-0.0,5.0,16.659252,18.61111,18.61111,2.0
resstock-amy2018-2021-release-1-285517,0.0,1.1494291,0.0,0.0,0.5833628,0.0,0.0,0.0,0.0,0.0,0.0,0.0,0.0,0.0,-0.09045019,0.0,-0.09045019,0.035096154,7.99793004989624,0.2806965816484208,0.09045019,0.0,0.0,-0.0,0.0,-0.0,0.0,0.0,-0.0,0.0,11.057262,1.1494291,0.0,0.6080099,1.1009225,0.3334315,0.5717777,0.0,0.0,0.0,0.30286556,0.1383698,0.5193624,0.0,1.1009225,0.0,1.1913726,1.1913726,0.6080099,-0.0,6.1,16.665457,20.0,20.0,2.0
resstock-amy2018-2021-release-1-285517,0.0,1.3650376,0.0,0.0,0.66454613,0.0,0.0,0.0,0.0,0.0,0.0,0.0,0.0,0.0,-0.2503938,0.0,-0.2503938,0.00015041698,7.997926235198975,0.0012030238921947323,0.2503938,0.0,0.0,-0.0,0.0,-0.0,0.0,0.0,-0.0,0.0,11.057262,1.3650376,0.0,1.0022558,1.3956629,0.4554746,0.72377086,0.0,0.0,0.0,0.32635,0.1383698,0.51858574,0.0,1.3956629,0.0,1.6460567,1.6668018,1.0022558,-0.020745208,7.8,17.030571,20.0,20.0,2.0
resstock-amy2018-2021-release-1-285517,0.0,1.4603355,0.0,0.0,0.68250275,0.0,0.0,0.0,0.0,0.0,0.0,0.0,0.0,0.0,-0.0010808185,0.0,-0.0010808185,2.768148e-07,7.997926235198975,2.2139443687383206e-06,0.0010808185,0.0,0.0,-0.0,0.0,-0.0,0.0,0.0,-0.0,0.0,11.057262,1.4603355,0.0,1.2736433,1.9253106,0.6372774,0.9949603,0.0,0.0,0.0,0.3309998,0.1383698,0.5167791,0.0,1.9253106,0.0,1.9263915,1.956146,1.2736433,-0.029754523,9.4,17.86081,20.0,20.0,2.0
resstock-amy2018-2021-release-1-285517,0.0,1.3246458,1.4075267,0.0,0.60941356,1.4531889,0.0,0.0,0.0,0.0,0.0,0.0,0.0,0.0,-1.9896493e-06,0.0,-1.9896493e-06,0.0,7.997926235198975,0.0,1.9896493e-06,0.0,0.0,-0.0,0.0,-0.0,0.0,0.0,-0.0,0.0,11.057262,1.3246458,0.0,1.3153263,3.3031006,1.0514579,1.7065527,0.0,0.0,0.0,0.3183245,0.1383698,0.51665175,0.0,3.3031006,0.0,3.3031025,3.3779287,1.3153263,-0.07482623,10.0,18.694233,20.0,20.0,2.0
resstock-amy2018-2021-release-1-285517,0.0,1.0469205,0.0,0.0,0.47399884,0.0,0.0,0.0,0.0,0.0,0.0,0.0,0.0,0.0,0.0,0.0,0.0,0.0,7.997926235198975,0.0,-0.0,0.0,0.0,-0.0,0.0,-0.0,0.0,0.0,-0.0,0.0,11.057262,1.0469205,0.0,1.2727137,1.5740153,0.49157083,0.82522446,0.0,0.0,0.0,0.31230372,0.1383698,0.52427983,0.0,1.5740153,0.0,1.5740153,1.7467124,1.2727137,-0.1726972,10.6,19.189829,20.0,20.0,2.0
resstock-amy2018-2021-release-1-285517,0.0,1.0772233,0.0,0.0,0.4811632,0.0,0.0,0.0,0.0,0.0,0.0,0.0,0.0,0.0,0.2717459,0.2717459,0.0,0.030467954,7.997921943664551,0.24368031413960622,-0.0,0.2717459,0.0,-0.0,0.0,-0.0,0.0,0.0,-0.0,0.0,11.057262,1.0772233,0.0,1.2689164,1.7782915,0.5421413,0.94110185,0.0,0.0,0.0,0.3048664,0.1383698,0.5292169,0.0,1.7782915,0.0,1.5065455,1.7500796,1.2689164,-0.24353415,11.1,19.671118,20.0,20.0,2.0
resstock-amy2018-2021-release-1-285517,0.0,0.77936965,0.0,0.0,0.33199552,0.0,0.0,0.0,0.0,0.0,0.0,0.0,0.0,0.0,0.08076365,0.08076365,0.0,0.039382882,7.997920513153076,0.31498116314400804,-0.0,0.08076365,0.0,-0.0,0.0,-0.0,0.0,0.0,-0.0,0.0,11.057262,0.77936965,0.0,1.0492793,1.2063748,0.36489105,0.65969694,0.0,0.0,0.0,0.30246907,0.1383698,0.54684246,0.0,1.2063748,0.0,1.1256111,1.3812748,1.0492793,-0.25566372,12.8,19.812225,20.0,20.0,2.0
resstock-amy2018-2021-release-1-285517,0.0099771805,0.81577706,0.7721364,0.0,0.34254,0.7971856,0.0,0.0,0.0,0.0,0.0,0.0,0.0,0.0,-0.2808907,0.0,-0.2808907,0.0001419951,7.997916221618652,0.0011356649170466832,0.2808907,0.0,0.0,-0.0,0.0,-0.0,0.0,0.0,-0.0,0.0,11.057262,0.81577706,0.0,1.0674542,1.6423464,0.5063161,0.90993816,0.0,0.0,0.0,0.30828828,0.1383698,0.55404764,0.0,1.6423464,0.0,1.9232371,2.2071798,1.0674542,-0.28394267,13.3,20.159063,20.0,20.0,2.0
resstock-amy2018-2021-release-1-285517,0.40080371,0.5507361,0.7721361,0.0,0.22387764,0.7971853,0.0,0.0,0.0,0.0,0.0,0.0,0.0,0.0,0.11636167,0.11636167,0.0,0.013123924,7.9979143142700195,0.10496401892032914,-0.0,0.11636167,0.0,-0.0,0.0,-0.0,0.0,0.0,-0.0,0.0,11.057262,0.5507361,0.0,1.0621959,1.9299912,0.60630673,1.0713058,0.0,0.0,0.0,0.31415,0.1383698,0.5550832,0.0,1.9299912,0.0,1.8136296,2.0832589,1.0621959,-0.2696292,14.4,20.474876,20.0,20.0,2.0
resstock-amy2018-2021-release-1-285517,0.5812048,0.5013114,0.0,0.0,0.20012538,0.0,0.0,0.0,0.0,0.0,0.0,0.0,0.0,0.0,0.06734267,0.06734267,0.0,0.020588676,7.997913360595703,0.164666442969299,-0.0,0.06734267,0.0,-0.0,0.0,-0.0,0.0,0.0,-0.0,0.0,11.057262,0.5013114,0.0,0.93620557,1.0258155,0.32601443,0.56548536,0.0,0.0,0.0,0.31781,0.1383698,0.55125445,0.0,1.0258155,0.0,0.95847285,1.136331,0.93620557,-0.17785811,15.0,20.998363,20.0,20.0,2.0
resstock-amy2018-2021-release-1-285517,0.49955323,0.5277985,0.0,0.0,0.22161949,0.0,0.0,0.0,0.0,0.0,0.0,0.0,0.0,0.0,0.09237609,0.09237609,0.0,0.030829275,7.9979119300842285,0.2465698265336309,-0.0,0.09237609,0.0,-0.0,0.0,-0.0,0.0,0.0,-0.0,0.0,11.057262,0.5277985,0.0,0.9315348,1.2163405,0.4014833,0.6771862,0.0,0.0,0.0,0.33007476,0.1383698,0.55674064,0.0,1.2163405,0.0,1.1239644,1.1531544,0.9315348,-0.029189898,13.3,21.470295,20.0,20.0,2.0
resstock-amy2018-2021-release-1-285517,0.23028511,0.4680066,0.3860695,0.0,0.20277883,0.39859417,0.0,0.0,0.0,0.0,0.0,0.0,0.0,0.0,0.23502193,0.23502193,0.0,0.05706267,7.997908592224121,0.4563820233949656,-0.0,0.23502193,0.0,-0.0,0.0,-0.0,0.0,0.0,-0.0,0.0,11.057262,0.4680066,0.0,0.9325983,1.7689933,0.5896125,0.99262166,0.0,0.0,0.0,0.333304,0.1383698,0.56112236,0.0,1.7689933,0.0,1.5339713,1.5339713,0.9325983,-0.0,12.2,21.551622,20.0,20.0,2.0
resstock-amy2018-2021-release-1-285517,0.0,0.38007265,0.0,0.0,0.16699153,0.0,0.0,0.0,0.0,0.0,0.0,0.0,0.0,0.0,0.27298465,0.27298465,0.0,0.087510474,7.997904300689697,0.6999003965695643,-0.0,0.27298465,0.0,-0.0,0.0,-0.0,0.0,0.0,-0.0,0.0,11.057262,0.38007265,0.0,0.8873209,1.3272971,0.43105832,0.743325,0.0,0.0,0.0,0.324764,0.1383698,0.5600291,0.0,1.3272971,0.0,1.0543125,1.0543125,0.8873209,-0.0,11.7,21.332361,20.0,20.0,2.0
resstock-amy2018-2021-release-1-285517,0.6859187,0.3117235,1.1581886,0.0,0.13696115,1.1957619,0.0,0.0,0.0,0.0,0.0,0.0,0.0,0.0,0.31555772,0.31555772,0.0,0.12269367,7.997899532318115,0.9812916681153396,-0.0,0.31555772,0.0,-0.0,0.0,-0.0,0.0,0.0,-0.0,0.0,11.057262,0.3117235,0.0,0.7899379,2.4382186,0.7573075,1.370912,0.0,0.0,0.0,0.3105987,0.1383698,0.5622597,0.0,2.4382186,0.0,2.1226609,2.1226609,0.7899379,-0.0,11.7,20.978695,18.814816,18.814816,2.0
resstock-amy2018-2021-release-1-285517,0.0,0.37087014,0.0,0.0,0.16565652,0.0,0.0,0.0,0.0,0.0,0.0,0.0,0.0,0.0,0.6923533,0.6923533,0.0,0.20099775,7.997889041900635,1.6075577416128723,-0.0,0.6923533,0.0,-0.0,0.0,-0.0,0.0,0.0,-0.0,0.0,11.057262,0.37087014,0.0,0.44205424,1.3000641,0.3918565,0.7396038,0.0,0.0,0.0,0.3014132,0.1383698,0.56889796,0.0,1.3000641,0.0,0.6077108,0.6077108,0.44205424,-0.0,11.1,20.618393,19.444445,19.444445,2.0
resstock-amy2018-2021-release-1-285517,0.7149681,0.3075575,0.0,0.0,0.14149421,0.0,0.0,0.0,0.0,0.0,0.0,0.0,0.0,0.0,-0.016469847,0.0,-0.016469847,0.19811939,7.997888565063477,1.584536780049433,0.016469847,0.0,0.0,-0.0,0.0,-0.0,0.0,0.0,-0.0,0.0,11.057262,0.3075575,0.0,0.4145099,0.5395343,0.15961462,0.3098773,0.0,0.0,0.0,0.2958378,0.1383698,0.5743422,0.0,0.5395343,0.0,0.5560041,0.5560041,0.4145099,-0.0,10.0,20.06344,17.777779,17.777779,2.0
resstock-amy2018-2021-release-1-285517,0.0,0.26310953,0.0,0.0,0.12296694,0.0,0.0,0.0,0.0,0.0,0.0,0.0,0.0,0.0,-0.042523447,0.0,-0.042523447,0.19159368,7.997888088226318,1.5323447855021612,0.042523447,0.0,0.0,-0.0,0.0,-0.0,0.0,0.0,-0.0,0.0,11.057262,0.26310953,0.0,0.3657726,0.4462161,0.12553486,0.25818554,0.0,0.0,0.0,0.281332,0.1383698,0.57861096,0.0,0.4462161,0.0,0.48873955,0.48873955,0.3657726,-0.0,9.4,19.469467,17.777779,17.777779,2.0
resstock-amy2018-2021-release-1-285517,0.0,0.34010774,0.0,0.0,0.15895283,0.0,0.0,0.0,0.0,0.0,0.0,0.0,0.0,0.0,-0.2549128,0.0,-0.2549128,0.15551203,7.997884273529053,1.243767258215513,0.2549128,0.0,0.0,-0.0,0.0,-0.0,0.0,0.0,-0.0,0.0,11.057262,0.34010774,0.0,0.30805928,0.21209931,0.060260296,0.12233671,0.0,0.0,0.0,0.2841136,0.1383698,0.57678974,0.0,0.21209931,0.0,0.4670121,0.4670121,0.30805928,-0.0,9.4,18.993229,17.777779,17.777779,2.0
resstock-amy2018-2021-release-1-285517,0.0,0.29472023,0.0,0.0,0.13774052,0.0,0.0,0.0,0.0,0.0,0.0,0.0,0.0,0.0,-0.38301376,0.0,-0.38301376,0.10188458,7.997878551483154,0.8148605062954282,0.38301376,0.0,0.0,-0.0,0.0,-0.0,0.0,0.0,-0.0,0.0,11.057262,0.29472023,0.0,0.307143,0.06186977,0.016877579,0.033815727,0.0,0.0,0.0,0.272792,0.1383698,0.54656297,0.0,0.06186977,0.0,0.44488353,0.44488353,0.307143,-0.0,9.4,18.449005,17.777779,17.777779,2.0
resstock-amy2018-2021-release-1-285517,0.0,0.3766386,0.0,0.0,0.1861107,0.0,0.0,0.0,0.0,0.0,0.0,0.0,0.0,0.0,-0.24014606,0.0,-0.24014606,0.06809822,7.997874736785889,0.5446410113552673,0.24014606,0.0,0.0,-0.0,0.0,-0.0,0.0,0.0,-0.0,0.0,11.057262,0.3766386,0.0,0.30622673,0.25219136,0.06839581,0.13648763,0.0,0.0,0.0,0.271206,0.1383698,0.5412066,0.0,0.25219136,0.0,0.4923374,0.4923374,0.30622673,-0.0,7.2,17.877764,17.777779,17.777779,2.0
resstock-amy2018-2021-release-1-285517,0.0,0.641611,0.0,0.0,0.30845332,0.0,0.0,0.0,0.0,0.0,0.0,0.0,0.0,0.0,-0.48816088,0.0,-0.48816088,0.00039985686,7.997867107391357,0.0031980020063203524,0.48816088,0.0,0.0,-0.0,0.0,-0.0,0.0,0.0,-0.0,0.0,11.057262,0.641611,0.0,0.31262633,0.1329188,0.036048375,0.072966285,0.0,0.0,0.0,0.271206,0.1383698,0.54895383,0.0,0.1329188,0.0,0.6210797,0.6210797,0.31262633,-0.0,8.3,17.629892,17.222221,17.222221,2.0
resstock-amy2018-2021-release-1-285517,0.0,0.68023616,0.0,0.0,0.33612922,0.0,0.0,0.0,0.0,0.0,0.0,0.0,0.0,0.0,-0.0028674456,0.0,-0.0028674456,0.0,7.997867107391357,0.0,0.0028674456,0.0,0.0,-0.0,0.0,-0.0,0.0,0.0,-0.0,0.0,11.057262,0.68023616,0.0,0.34097353,0.6742353,0.1772632,0.36779454,0.0,0.0,0.0,0.26291,0.1383698,0.5454988,0.0,0.6742353,0.0,0.67710274,0.67710274,0.34097353,-0.0,7.2,17.270332,17.222221,17.222221,2.0
resstock-amy2018-2021-release-1-285517,0.0,0.70441365,1.995206,0.0,0.3480762,2.0599334,0.0,0.0,0.0,0.0,0.0,0.0,0.0,0.0,0.0,0.0,0.0,0.0,7.997867107391357,0.0,-0.0,0.0,0.0,-0.0,0.0,-0.0,0.0,0.0,-0.0,0.0,11.057262,0.70441365,0.0,0.8263201,3.2343297,0.8771696,1.8064055,0.0,0.0,0.0,0.271206,0.1383698,0.55851,0.0,3.2343297,0.0,3.2343297,3.2343297,0.8263201,-0.0,7.2,16.992142,17.222221,17.222221,2.0
resstock-amy2018-2021-release-1-285517,0.0,0.63878345,0.45727396,0.0,1.2652915,0.4721086,0.0,0.0,0.0,0.0,0.0,0.0,0.0,0.0,0.27204812,0.27204812,0.0,0.03050213,7.997862815856934,0.2439518461018899,-0.0,0.27204812,0.0,-0.0,0.0,-0.0,2.0337334,2.0337334,-0.0,0.18181425,11.057262,0.63878345,0.0,0.9275415,2.9369895,0.82580334,1.6483927,0.0,0.0,0.0,0.2811734,0.1383698,0.5612525,0.0,2.9369895,0.0,1.7020792,1.7020792,0.9275415,-0.0,8.9,16.7455,17.527779,17.527779,2.0
resstock-amy2018-2021-release-1-285517,0.0,0.69251114,0.31882513,0.0,0.84756136,0.3291683,0.0,0.0,0.0,0.0,0.0,0.0,0.0,0.0,-0.2188742,0.0,-0.2188742,0.00023654224,7.997859477996826,0.0018918316009301286,0.2188742,0.0,0.0,-0.0,0.0,-0.0,1.1209964,1.1209964,-0.0,0.2804459,11.057262,0.69251114,0.0,1.081685,2.0395403,0.5797597,1.1259764,0.0,0.0,0.0,0.28426,0.1383698,0.55207366,0.0,2.0395403,0.0,1.7345054,1.7345054,1.081685,-0.0,9.4,16.779142,20.0,20.0,2.0
resstock-amy2018-2021-release-1-285517,0.0,1.0403107,0.0,0.0,0.8231007,0.0,0.0,0.0,0.0,0.0,0.0,0.0,0.0,0.0,-0.0017154773,0.0,-0.0017154773,8.497023e-07,7.997859477996826,6.795799619004208e-06,0.0017154773,0.0,0.0,-0.0,0.0,-0.0,0.8330659,0.8330659,-0.0,0.3524772,11.057262,1.0403107,0.0,1.1029507,1.9102333,0.54538,1.059338,0.0,0.0,0.0,0.2855044,0.1383698,0.55455947,0.0,1.9102333,0.0,1.5459267,1.5600294,1.1029507,-0.014102753,11.7,17.567204,20.0,20.0,2.0
resstock-amy2018-2021-release-1-285517,0.0,0.7697376,0.0,0.0,0.0,0.0,0.0,0.0,0.0,0.0,0.0,0.0,0.0,0.0,-6.1767014e-06,0.0,-6.1767014e-06,0.0,7.997859477996826,0.0,6.1767014e-06,0.0,0.0,-0.0,0.0,-0.0,0.0,0.0,0.76973766,0.27898237,11.057262,0.0,0.0,1.4764335,1.4571046,0.4348175,0.8062871,0.0,0.0,0.0,0.298412,0.1383698,0.55334884,0.0,1.4571046,0.0,1.7643929,1.7837156,1.4764335,-0.019322792,15.0,18.486769,20.0,20.0,2.0
resstock-amy2018-2021-release-1-285517,0.0,0.6920048,0.0,0.0,4.5122306e-08,0.0,0.0,0.0,0.0,0.0,0.0,0.0,0.0,0.0,0.0,0.0,0.0,0.0,7.997859477996826,0.0,-0.0,0.0,0.0,-0.0,0.0,-0.0,0.0,0.0,0.6920047,0.21323982,11.057262,1.1920929e-07,0.0,1.4154257,1.3369684,0.38171038,0.7465783,0.0,0.0,0.0,0.2855044,0.1383698,0.5584113,0.0,1.3369684,0.0,1.5989014,1.6773586,1.4154257,-0.07845723,16.7,19.208008,20.0,20.0,2.0
resstock-amy2018-2021-release-1-285517,0.0,0.65750086,0.0,0.0,0.0,0.0,0.0,0.0,0.0,0.0,0.0,0.0,0.0,0.0,0.0,0.0,0.0,0.0,7.997859477996826,0.0,-0.0,0.0,0.0,-0.0,0.0,-0.0,0.0,0.0,0.65750086,0.15122698,11.057262,0.0,0.0,1.3740956,1.1976472,0.33933273,0.67775947,0.0,0.0,0.0,0.2833328,0.1383698,0.5659091,0.0,1.1976472,0.0,1.4377176,1.6141659,1.3740956,-0.17644839,17.8,19.767662,20.416666,20.416666,2.0
resstock-amy2018-2021-release-1-285517,0.0,0.711897,0.0,0.0,0.0,0.0,0.0,0.0,0.0,0.0,0.0,0.0,0.0,0.0,0.0,0.0,0.0,0.0,7.997859477996826,0.0,-0.0,0.0,0.0,-0.0,0.0,-0.0,0.0,0.0,0.711897,0.08477795,11.057262,0.0,0.0,1.3719842,1.1159114,0.3078814,0.63184714,0.0,0.0,0.0,0.27590132,0.1383698,0.56621623,0.0,1.1159114,0.0,1.3619801,1.618053,1.3719842,-0.25607285,19.4,20.149908,20.555555,20.555555,2.0
resstock-amy2018-2021-release-1-285517,0.17373645,0.77801085,0.0,0.0,0.0,0.0,0.0,0.0,0.0,0.0,0.0,0.0,0.0,0.0,0.0,0.0,0.0,0.0,7.997859477996826,0.0,-0.0,0.0,0.0,-0.0,0.0,-0.0,0.0,0.0,0.77801085,0.012859328,11.057262,0.0,0.0,1.1521863,0.8523098,0.22652036,0.48155108,0.0,0.0,0.0,0.2657723,0.1383698,0.56499535,0.0,0.8523098,0.0,1.1155496,1.415426,1.1521863,-0.29987642,20.0,20.453392,20.555555,20.555555,2.0
resstock-amy2018-2021-release-1-285517,0.5615713,0.79978704,0.77231383,0.0,0.21864231,0.7973688,0.0,0.0,0.0,0.0,0.0,0.0,0.0,0.0,0.0,0.0,0.0,0.0,7.997859477996826,0.0,-0.0,0.0,0.0,-0.0,0.0,-0.0,0.0,0.0,0.13933039,0.0,11.057262,0.66045666,0.0,1.0674542,1.7734077,0.4809588,1.0018306,0.0,0.0,0.0,0.271206,0.1383698,0.56491834,0.0,1.7734077,0.0,1.8195326,2.1295903,1.0674542,-0.3100576,20.6,20.786926,20.555555,20.555555,2.0
resstock-amy2018-2021-release-1-285517,0.79512066,0.6335261,1.9307709,0.0,0.21435334,1.9934078,0.0,0.0,0.0,0.0,0.0,0.0,0.0,0.0,0.0,0.0,0.0,0.0,7.997859477996826,0.0,-0.0,0.0,0.0,-0.0,0.0,-0.0,0.0,0.0,-0.0,0.0,11.057262,0.6335261,0.0,0.84292924,2.7752585,0.7865588,1.5834953,0.0,0.0,0.0,0.2834182,0.1383698,0.5705758,0.0,2.7752585,0.0,2.7752585,3.0506907,0.84292924,-0.27543202,20.0,21.184193,20.555555,20.555555,2.0
resstock-amy2018-2021-release-1-285517,0.99417114,0.37051192,0.0,0.0,0.13302861,0.0,0.0,0.0,0.0,0.0,0.0,0.0,0.0,0.0,0.0,0.0,0.0,0.0,7.997859477996826,0.0,-0.0,0.0,0.0,-0.0,0.0,-0.0,0.0,0.0,-0.0,0.0,11.057262,0.37051192,0.0,0.8109583,0.76333606,0.21735841,0.44107243,0.0,0.0,0.0,0.284748,0.1383698,0.5778221,0.0,0.76333606,0.0,0.76333606,0.94398695,0.8109583,-0.18065089,18.3,21.81083,20.555555,20.555555,2.0
resstock-amy2018-2021-release-1-285517,0.90517455,0.336121,0.77231437,0.0,0.12722628,0.79736936,0.0,0.0,0.0,0.0,0.0,0.0,0.0,0.0,0.0,0.0,0.0,0.0,7.997859477996826,0.0,-0.0,0.0,0.0,-0.0,0.0,-0.0,0.0,0.0,-0.0,0.0,11.057262,0.336121,0.0,0.7749255,1.6628801,0.5121893,0.9689325,0.0,0.0,0.0,0.3080134,0.1383698,0.5826833,0.0,1.6628801,0.0,1.6628801,1.6995212,0.7749255,-0.036641084,16.7,22.271435,20.555555,20.555555,2.0
resstock-amy2018-2021-release-1-285517,0.36978874,0.379067,0.0,0.0,0.15132496,0.0,0.0,0.0,0.0,0.0,0.0,0.0,0.0,0.0,0.0,0.0,0.0,0.0,7.997859477996826,0.0,-0.0,0.0,0.0,-0.0,0.0,-0.0,0.0,0.0,-0.0,0.0,11.057262,0.379067,0.0,0.57111984,0.7224448,0.25780442,0.4177841,0.0,0.0,0.0,0.35685,0.1383698,0.5782921,0.0,0.7224448,0.0,0.7224448,0.7224448,0.57111984,-0.0,15.0,22.313719,20.555555,20.555555,2.0
resstock-amy2018-2021-release-1-285517,0.25876677,0.4451726,1.930789,0.0,0.18692537,1.9934266,0.0,0.0,0.0,0.0,0.0,0.0,0.0,0.0,0.18334524,0.18334524,0.0,0.020499174,7.997856616973877,0.16394945083374246,-0.0,0.18334524,0.0,-0.0,0.0,-0.0,0.0,0.0,-0.0,0.0,11.057262,0.4451726,0.0,0.7088702,3.0725675,1.0964457,1.7727497,0.0,0.0,0.0,0.35685,0.1383698,0.5769604,0.0,3.0725675,0.0,2.8892221,2.8892221,0.7088702,-0.0,13.3,22.291512,20.555555,20.555555,2.0
resstock-amy2018-2021-release-1-285517,0.0,0.40033066,0.0,0.0,0.17589225,0.0,0.0,0.0,0.0,0.0,0.0,0.0,0.0,0.0,0.273658,0.273658,0.0,0.0511258,7.997852325439453,0.4088965854187592,-0.0,0.273658,0.0,-0.0,0.0,-0.0,0.0,0.0,-0.0,0.0,11.057262,0.40033066,0.0,0.6338883,1.0834385,0.36017594,0.6273052,0.0,0.0,0.0,0.3324378,0.1383698,0.57899475,0.0,1.0834385,0.0,0.8097805,0.8097805,0.6338883,-0.0,11.7,21.84692,20.555555,20.555555,2.0
resstock-amy2018-2021-release-1-285517,0.0,0.3137403,0.0,0.0,0.9866968,0.0,0.0,0.0,0.0,0.0,0.0,0.0,0.0,0.0,-0.060383014,0.0,-0.060383014,0.04251059,7.997851371765137,0.3399933921217624,0.060383014,0.0,0.0,-0.0,0.0,-0.0,1.9635221,1.9635221,-0.0,0.17553742,11.057262,0.3137403,0.0,0.5705516,1.4968654,0.42549896,0.87261736,0.0,0.0,0.0,0.28426,0.1383698,0.58296317,0.0,1.4968654,0.0,0.7064897,0.7064897,0.5705516,-0.0,12.2,21.355377,20.0,20.0,2.0
resstock-amy2018-2021-release-1-285517,0.0,0.27660155,1.54463,0.0,0.28065267,1.5947402,0.0,0.0,0.0,0.0,0.0,0.0,0.0,0.0,-0.0047701187,0.0,-0.0047701187,0.041720785,7.997851371765137,0.3336766391477042,0.0047701187,0.0,0.0,-0.0,0.0,-0.0,0.3621639,0.3621639,-0.0,0.20638473,11.057262,0.27660155,0.0,0.4145099,2.2851326,0.6383367,1.3506404,0.0,0.0,0.0,0.2793434,0.1383698,0.5910556,0.0,2.2851326,0.0,2.1307797,2.1307797,0.4145099,-0.0,11.7,20.804634,19.444445,19.444445,2.0
resstock-amy2018-2021-release-1-285517,0.0,0.23226947,0.0,0.0,4.65913e-08,0.0,0.0,0.0,0.0,0.0,0.0,0.0,0.0,0.0,-0.29684296,0.0,-0.29684296,0.0003905782,7.997847080230713,0.0031237847713481287,0.29684296,0.0,0.0,-0.0,0.0,-0.0,0.0,0.0,0.23226936,0.18333583,11.057262,1.0430813e-07,0.0,0.3657726,0.0689297,0.018694147,0.041257165,0.0,0.0,0.0,0.271206,0.1383698,0.5985397,0.0,0.0689297,0.0,0.4695204,0.4695204,0.3657726,-0.0,11.1,20.242382,19.444445,19.444445,2.0
resstock-amy2018-2021-release-1-285517,0.0,0.23212628,0.0,0.0,0.0,0.0,0.0,0.0,0.0,0.0,0.0,0.0,0.0,0.0,-0.0027957093,0.0,-0.0027957093,0.0,7.997847080230713,0.0,0.0027957093,0.0,0.0,-0.0,0.0,-0.0,0.0,0.0,0.23212631,0.16050088,11.057262,0.0,0.0,0.3483989,0.3456032,0.098879196,0.20105723,0.0,0.0,0.0,0.28610614,0.1383698,0.5817574,0.0,0.3456032,0.0,0.45688552,0.45688552,0.3483989,-0.0,9.4,19.555988,18.88889,18.88889,2.0
resstock-amy2018-2021-release-1-285517,0.0,0.16661593,0.0,0.0,6.74658e-09,0.0,0.0,0.0,0.0,0.0,0.0,0.0,0.0,0.0,0.61199945,0.61199945,0.0,0.06934898,7.997838020324707,0.5546419366402446,-0.0,0.61199945,0.0,-0.0,0.0,-0.0,0.0,0.0,0.16661592,0.14385846,11.057262,1.4901161e-08,0.0,0.307143,0.9191425,0.25600508,0.55038446,0.0,0.0,0.0,0.278526,0.1383698,0.5988021,0.0,0.9191425,0.0,0.38257927,0.38257927,0.307143,-0.0,10.6,18.976625,18.333334,18.333334,2.0
resstock-amy2018-2021-release-1-285517,0.5058734,0.20633946,0.0,0.0,6.74658e-09,0.0,0.0,0.0,0.0,0.0,0.0,0.0,0.0,0.0,0.45039275,0.45039275,0.0,0.11993553,7.997831344604492,0.9592241207223822,-0.0,0.45039275,0.0,-0.0,0.0,-0.0,0.0,0.0,0.20633945,0.1237268,11.057262,1.4901161e-08,0.0,0.30622673,0.75661945,0.20538436,0.45163602,0.0,0.0,0.0,0.27145,0.1383698,0.59691304,0.0,0.75661945,0.0,0.39964798,0.39964798,0.30622673,-0.0,10.6,18.483047,17.222221,17.222221,2.0
resstock-amy2018-2021-release-1-285517,0.08592272,0.1666691,0.0,0.0,2.0892632e-08,0.0,0.0,0.0,0.0,0.0,0.0,0.0,0.0,0.0,0.22673564,0.22673564,0.0,0.14498408,7.997828006744385,1.1595577466532134,-0.0,0.22673564,0.0,-0.0,0.0,-0.0,0.0,0.0,0.16666906,0.107400015,11.057262,4.4703484e-08,0.0,0.31262633,0.539362,0.13746072,0.31928816,0.0,0.0,0.0,0.254858,0.1383698,0.5919738,0.0,0.539362,0.0,0.39052087,0.39052087,0.31262633,-0.0,9.4,17.896296,17.222221,17.222221,2.0
resstock-amy2018-2021-release-1-285517,0.0,0.20022124,0.0,0.0,2.1446986,0.0,0.0,0.0,0.0,0.0,0.0,0.0,0.0,0.0,-0.55547845,0.0,-0.55547845,0.0678484,7.997819423675537,0.5426392456388882,0.55547845,0.0,0.0,-0.0,0.0,-0.0,4.1400785,4.1400785,-0.0,0.47658396,11.057262,0.20022124,0.0,0.34097353,1.9301938,0.48182306,1.1276407,0.0,0.0,0.0,0.2496242,0.1383698,0.5842112,0.0,1.9301938,0.0,0.43991017,0.43991017,0.34097353,-0.0,7.2,17.285404,17.222221,17.222221,2.0
resstock-amy2018-2021-release-1-285517,0.0,0.55766416,0.0,0.0,0.0,0.0,0.0,0.0,0.0,0.0,0.0,0.0,0.0,0.0,-0.4906365,0.0,-0.4906365,0.0,7.997811794281006,0.0,0.4906365,0.0,0.0,-0.0,0.0,-0.0,0.0,0.0,0.55766416,0.42141,11.057262,0.0,0.0,0.39218462,-0.09845188,-0.024549548,0.0,0.0,0.0,0.0,0.2493558,0.1383698,0.5758525,0.0,0.0,-0.09845188,0.6602807,0.6602807,0.39218462,-0.0,8.3,17.06635,17.222221,17.222221,2.0
resstock-amy2018-2021-release-1-285517,0.0,0.60013515,0.0,0.0,0.57091177,0.0,0.0,0.0,0.0,0.0,0.0,0.0,0.0,0.0,0.0,0.0,0.0,0.0,7.997811794281006,0.0,-0.0,0.0,0.0,-0.0,0.0,-0.0,0.57256913,0.57256913,-0.0,0.46892446,11.057262,0.60013515,0.0,0.504495,1.0754068,0.27187186,0.60833037,0.0,0.0,0.0,0.2528084,0.1383698,0.56567466,0.0,1.0754068,0.0,0.7966609,0.7966609,0.504495,-0.0,7.8,16.81829,17.953703,17.953703,2.0
resstock-amy2018-2021-release-1-285517,0.0,0.9671391,0.0,0.0,0.97907186,0.0,0.0,0.0,0.0,0.0,0.0,0.0,0.0,0.0,0.0,0.0,0.0,0.0,7.997811794281006,0.0,-0.0,0.0,0.0,-0.0,0.0,-0.0,1.1610105,1.1610105,-0.0,0.5686311,11.057262,0.9671391,0.0,0.7035151,1.6825869,0.4568819,0.9427436,0.0,0.0,0.0,0.2715354,0.1383698,0.56029415,0.0,1.6825869,0.0,1.1484549,1.1484549,0.7035151,-0.0,10.0,16.951498,19.574074,19.574074,2.0
resstock-amy2018-2021-release-1-285517,0.0,1.269826,0.0,0.0,0.7958486,0.0,0.0,0.0,0.0,0.0,0.0,0.0,0.0,0.0,0.0,0.0,0.0,0.0,7.997811794281006,0.0,-0.0,0.0,0.0,-0.0,0.0,-0.0,0.48796368,0.48796368,-0.0,0.60729885,11.057262,1.269826,0.0,1.0022558,1.7912117,0.48382065,0.99832726,0.0,0.0,0.0,0.270108,0.1383698,0.5573474,0.0,1.7912117,0.0,1.5702835,1.5771762,1.0022558,-0.006892706,10.6,17.42375,18.88889,18.88889,2.0
resstock-amy2018-2021-release-1-285517,0.0,1.7037938,0.0,0.0,0.44378957,0.0,0.0,0.0,0.0,0.0,0.0,0.0,0.0,0.0,0.0,0.0,0.0,0.0,7.997811794281006,0.0,-0.0,0.0,0.0,-0.0,0.0,-0.0,0.0,0.0,0.6937289,0.53853714,11.057262,1.0100648,0.0,1.2736433,1.6913192,0.47545055,0.9565994,0.0,0.0,0.0,0.28111225,0.1383698,0.56559366,0.0,1.6913192,0.0,1.9961212,2.0222347,1.2736433,-0.026113622,11.7,18.085417,18.88889,18.88889,2.0
resstock-amy2018-2021-release-1-285517,0.0,0.8807619,0.0,0.0,7.377713e-08,0.0,0.0,0.0,0.0,0.0,0.0,0.0,0.0,0.0,0.0,0.0,0.0,0.0,7.997811794281006,0.0,-0.0,0.0,0.0,-0.0,0.0,-0.0,0.0,0.0,0.88076174,0.45326322,11.057262,1.7881393e-07,0.0,1.3153263,1.244456,0.3338335,0.710932,0.0,0.0,0.0,0.26825655,0.1383698,0.57127935,0.0,1.244456,0.0,1.607851,1.6787214,1.3153263,-0.0708704,13.9,17.97247,18.88889,18.88889,2.0
resstock-amy2018-2021-release-1-285517,0.0,0.89572084,0.0,0.0,2.502764e-08,0.0,0.0,0.0,0.0,0.0,0.0,0.0,0.0,0.0,0.029560741,0.029560741,0.0,0.0032889294,7.997811317443848,0.02630423638309498,-0.0,0.029560741,0.0,-0.0,0.0,-0.0,0.0,0.0,0.8957208,0.3673639,11.057262,5.9604645e-08,0.0,1.2727137,1.1949651,0.30952933,0.68002987,0.0,0.0,0.0,0.25902793,0.1383698,0.5690793,0.0,1.1949651,0.0,1.5415123,1.6488215,1.2727137,-0.107309245,13.3,18.22327,18.88889,18.88889,2.0
resstock-amy2018-2021-release-1-285517,0.0,1.1331186,1.1586953,0.0,0.0,1.1962851,0.0,0.0,0.0,0.0,0.0,0.0,0.0,0.0,0.4138505,0.4138505,0.0,0.049887694,7.997805118560791,0.3989920577729187,-0.0,0.4138505,0.0,-0.0,0.0,-0.0,0.0,0.0,1.1331187,0.2604938,11.057262,0.0,0.0,1.3719842,2.8507442,0.73140436,1.6211342,0.0,0.0,0.0,0.2565661,0.1383698,0.5686705,0.0,2.8507442,0.0,2.919579,3.0509546,1.3719842,-0.13137561,12.8,18.833893,18.88889,18.88889,2.0
resstock-amy2018-2021-release-1-285517,0.0,0.5194399,0.0,0.0,0.0,0.0,0.0,0.0,0.0,0.0,0.0,0.0,0.0,0.0,0.49469045,0.49469045,0.0,0.105600365,7.99779748916626,0.8445703301030854,-0.0,0.49469045,0.0,-0.0,0.0,-0.0,0.0,0.0,0.51944,0.21070023,11.057262,0.0,0.0,1.0492793,1.4342976,0.3307165,0.8263359,0.0,0.0,0.0,0.23057732,0.1383698,0.57612586,0.0,1.4342976,0.0,1.1539237,1.2635959,1.0492793,-0.10967223,13.9,18.65388,18.88889,18.88889,2.0
resstock-amy2018-2021-release-1-285517,0.0,0.4555465,0.0,0.0,0.0,0.0,0.0,0.0,0.0,0.0,0.0,0.0,0.0,0.0,-0.76305616,0.0,-0.76305616,0.0014444517,7.997786045074463,0.011552415998842158,0.76305616,0.0,0.0,-0.0,0.0,-0.0,0.0,0.0,0.4555465,0.1671862,11.057262,0.0,0.0,0.96704596,0.016189426,0.0038730602,0.009301574,0.0,0.0,0.0,0.23923394,0.1383698,0.5745462,0.0,0.016189426,0.0,0.9672003,1.1550007,0.96704596,-0.18780038,13.9,18.745192,18.88889,18.88889,2.0
resstock-amy2018-2021-release-1-285517,0.11041598,0.314849,0.0,0.0,1.2296188e-08,0.0,0.0,0.0,0.0,0.0,0.0,0.0,0.0,0.0,-0.010612405,0.0,-0.010612405,6.241253e-06,7.997786045074463,4.991620436221259e-05,0.010612405,0.0,0.0,-0.0,0.0,-0.0,0.0,0.0,0.31484896,0.13692376,11.057262,2.9802322e-08,0.0,0.84292924,0.7164285,0.19272645,0.40211257,0.0,0.0,0.0,0.26901,0.1383698,0.5612738,0.0,0.7164285,0.0,0.856945,0.9728333,0.84292924,-0.11588827,13.9,18.991013,18.88889,18.88889,2.0
resstock-amy2018-2021-release-1-285517,0.14691421,0.22490619,0.0,0.0,1.877073e-08,0.0,0.0,0.0,0.0,0.0,0.0,0.0,0.0,0.0,-4.6183803e-05,0.0,-4.6183803e-05,2.8626292e-08,7.997786045074463,2.2894696225961765e-07,4.6183803e-05,0.0,0.0,-0.0,0.0,-0.0,0.0,0.0,0.22490615,0.11515389,11.057262,4.4703484e-08,0.0,0.6857111,0.6512787,0.18645939,0.35422003,0.0,0.0,0.0,0.2862974,0.1383698,0.543884,0.0,0.6512787,0.0,0.74576163,0.78014785,0.6857111,-0.03438623,13.3,19.135183,18.88889,18.88889,2.0
resstock-amy2018-2021-release-1-285517,0.11584412,0.179806,1.5449085,0.0,1.3322905,1.5950276,0.0,0.0,0.0,0.0,0.0,0.0,0.0,0.0,-2.1320785e-07,0.0,-2.1320785e-07,0.0,7.997786045074463,0.0,2.1320785e-07,0.0,0.0,-0.0,0.0,-0.0,2.9477868,2.9477868,-0.0,0.3776802,11.057262,0.179806,0.0,0.7749255,3.6858916,1.1125503,1.9722197,0.0,0.0,0.0,0.3018402,0.1383698,0.5350726,0.0,3.6858916,0.0,2.4301949,2.4465466,0.7749255,-0.016351713,12.8,19.26479,19.25,19.25,2.0
resstock-amy2018-2021-release-1-285517,0.0,0.40075946,0.0,0.0,2.5825619e-08,0.0,0.0,0.0,0.0,0.0,0.0,0.0,0.0,0.0,0.0,0.0,0.0,0.0,7.997786045074463,0.0,-0.0,0.0,0.0,-0.0,0.0,-0.0,0.0,0.0,0.4007594,0.33772334,11.057262,5.9604645e-08,0.0,0.75185907,0.75185907,0.24995555,0.40040496,0.0,0.0,0.0,0.33245,0.1383698,0.5325532,0.0,0.75185907,0.0,0.92550087,0.92550087,0.75185907,-0.0,12.2,19.519201,20.0,20.0,2.0
resstock-amy2018-2021-release-1-285517,0.0,0.20837457,0.0,0.0,1.8146971,0.0,0.0,0.0,0.0,0.0,0.0,0.0,0.0,0.0,0.0,0.0,0.0,0.0,7.997786045074463,0.0,-0.0,0.0,0.0,-0.0,0.0,-0.0,3.8543508,3.8543508,-0.0,0.6793561,11.057262,0.20837457,0.0,0.8873209,2.702018,0.9507656,1.4062741,0.0,0.0,0.0,0.3518724,0.1383698,0.5204533,0.0,2.702018,0.0,0.98039556,0.98039556,0.8873209,-0.0,11.1,19.373264,20.0,20.0,2.0
resstock-amy2018-2021-release-1-285517,0.0,0.4116685,1.1586953,0.0,2.1188207,1.1962851,0.0,0.0,0.0,0.0,0.0,0.0,0.0,0.0,0.0,0.0,0.0,0.0,7.997786045074463,0.0,-0.0,0.0,0.0,-0.0,0.0,-0.0,3.6528795,3.6528795,-0.0,1.0,11.057262,0.4116685,0.0,0.7899379,4.105044,1.4198115,2.104859,0.0,0.0,0.0,0.34587,0.1383698,0.5127495,0.0,4.105044,0.0,2.4734125,2.4734125,0.7899379,-0.0,11.1,19.370308,20.398148,20.398148,2.0
resstock-amy2018-2021-release-1-285517,0.0,1.1129191,0.0,0.0,0.8570655,0.0,0.0,0.0,0.0,0.0,0.0,0.0,0.0,0.0,0.0,0.0,0.0,0.0,7.997786045074463,0.0,-0.0,0.0,0.0,-0.0,0.0,-0.0,0.09748883,0.09748883,-0.0,1.0,11.057262,1.1129191,0.0,0.69904894,1.5561144,0.47750404,0.7987391,0.0,0.0,0.0,0.30685663,0.1383698,0.5132907,0.0,1.5561144,0.0,1.5125691,1.5125691,0.69904894,-0.0,11.1,19.976715,20.555555,20.555555,2.0
resstock-amy2018-2021-release-1-285517,0.0,0.13193496,1.7611736,0.0,0.0,1.8183086,0.0,0.0,0.0,0.0,0.0,0.0,0.0,0.0,0.0,0.0,0.0,0.0,7.997786045074463,0.0,-0.0,0.0,0.0,-0.0,0.0,-0.0,0.0,0.0,0.13193522,0.9792139,11.057262,0.0,0.0,0.31172433,2.130033,0.6249654,1.09926,0.0,0.0,0.0,0.29340646,0.1383698,0.5160765,0.0,2.130033,0.0,2.1924973,2.1924973,0.31172433,-0.0,8.9,18.867699,20.0,20.0,2.0
resstock-amy2018-2021-release-1-285517,0.0,0.3124904,0.0,0.0,1.14619304e-07,0.0,0.0,0.0,0.0,0.0,0.0,0.0,0.0,0.0,0.13235146,0.13235146,0.0,0.014773803,7.99778413772583,0.11815768594181097,-0.0,0.13235146,0.0,-0.0,0.0,-0.0,0.0,0.0,0.31249017,0.94209015,11.057262,2.3841858e-07,0.0,0.30897555,0.44132712,0.12296416,0.22809637,0.0,0.0,0.0,0.2786236,0.1383698,0.51684195,0.0,0.44132712,0.0,0.45920473,0.45920473,0.30897555,-0.0,8.3,18.31055,19.444445,19.444445,2.0
resstock-amy2018-2021-release-1-285517,0.0,0.18411502,0.0,0.0,1.8106947e-07,0.0,0.0,0.0,0.0,0.0,0.0,0.0,0.0,0.0,0.9320434,0.9320434,0.0,0.12138505,7.997769832611084,0.9708097134151714,-0.0,0.9320434,0.0,-0.0,0.0,-0.0,0.0,0.0,0.18411463,0.91703486,11.057262,3.874302e-07,0.0,0.30805928,1.2401028,0.33977276,0.62245107,0.0,0.0,0.0,0.2739876,0.1383698,0.50193506,0.0,1.2401028,0.0,0.39410728,0.39410728,0.30805928,-0.0,9.4,17.711731,18.88889,18.88889,2.0
resstock-amy2018-2021-release-1-285517,0.5392816,0.27769566,0.0,0.0,1.3253762e-07,0.0,0.0,0.0,0.0,0.0,0.0,0.0,0.0,0.0,-0.81834906,0.0,-0.81834906,0.008914285,7.997757434844971,0.07129429184963643,0.81834906,0.0,0.0,-0.0,0.0,-0.0,0.0,0.0,0.2776954,0.88363636,11.057262,2.682209e-07,0.0,0.307143,-0.5112059,-0.13788123,0.0,0.0,0.0,0.0,0.2697176,0.1383698,0.51847935,0.0,0.0,-0.5112059,0.44436246,0.44436246,0.307143,-0.0,7.2,17.144508,17.222221,17.222221,2.0
resstock-amy2018-2021-release-1-285517,0.0,0.24882574,0.0,0.0,6.528947e-08,0.0,0.0,0.0,0.0,0.0,0.0,0.0,0.0,0.0,-0.06505845,0.0,-0.06505845,0.000110118606,7.997756481170654,0.0008807017967871408,0.06505845,0.0,0.0,-0.0,0.0,-0.0,0.0,0.0,0.24882561,0.8531702,11.057262,1.3411045e-07,0.0,0.30622673,0.24116835,0.06606537,0.12520123,0.0,0.0,0.0,0.2739388,0.1383698,0.51914454,0.0,0.24116835,0.0,0.42736346,0.42736346,0.30622673,-0.0,7.8,16.585539,17.222221,17.222221,2.0
resstock-amy2018-2021-release-1-285517,0.0,0.24656591,0.0,0.0,0.0,0.0,0.0,0.0,0.0,0.0,0.0,0.0,0.0,0.0,-0.0008160423,0.0,-0.0008160423,3.5771603e-07,7.997756481170654,2.8609257197048405e-06,0.0008160423,0.0,0.0,-0.0,0.0,-0.0,0.0,0.0,0.24656591,0.8231764,11.057262,0.0,0.0,0.31262633,0.31181028,0.08496805,0.16178516,0.0,0.0,0.0,0.2724992,0.1383698,0.51885766,0.0,0.31181028,0.0,0.41771838,0.41771838,0.31262633,-0.0,12.78,16.349295,17.222221,17.222221,2.0
resstock-amy2018-2021-release-1-285517,0.0,0.27971783,0.0,0.0,1.3913913e-07,0.0,0.0,0.0,0.0,0.0,0.0,0.0,0.0,0.0,-2.660633e-06,0.0,-2.660633e-06,0.0,7.997756481170654,0.0,2.660633e-06,0.0,0.0,-0.0,0.0,-0.0,0.0,0.0,0.27971753,0.7904109,11.057262,2.9802322e-07,0.0,0.34097353,0.34097102,0.09340103,0.17739013,0.0,0.0,0.0,0.2739266,0.1383698,0.52024984,0.0,0.34097102,0.0,0.47156638,0.47156638,0.34097353,-0.0,9.44,15.954394,18.99074,18.99074,2.0
resstock-amy2018-2021-release-1-285517,0.0,0.32706925,0.0,0.0,0.0,0.0,0.0,0.0,0.0,0.0,0.0,0.0,0.0,0.0,0.0,0.0,0.0,0.0,7.997756481170654,0.0,-0.0,0.0,0.0,-0.0,0.0,-0.0,0.0,0.0,0.32706928,0.75359875,11.057262,0.0,0.0,0.39218462,0.39218462,0.10974526,0.20344636,0.0,0.0,0.0,0.2798306,0.1383698,0.5187515,0.0,0.39218462,0.0,0.54942256,0.54942256,0.39218462,-0.0,8.3,15.729027,20.0,20.0,2.0
resstock-amy2018-2021-release-1-285517,0.0,0.22385345,0.0,0.0,2.1353283e-07,0.0,0.0,0.0,0.0,0.0,0.0,0.0,0.0,0.0,0.0,0.0,0.0,0.0,7.997756481170654,0.0,-0.0,0.0,0.0,-0.0,0.0,-0.0,0.0,0.0,0.22385302,0.72655064,11.057262,4.3213367e-07,0.0,0.574686,0.5746862,0.1743328,0.29577625,0.0,0.0,0.0,0.303353,0.1383698,0.5146743,0.0,0.5746862,0.0,0.6853001,0.6853001,0.574686,-0.0,7.2,15.526703,20.0,20.0,2.0
resstock-amy2018-2021-release-1-285517,0.0,0.28909338,0.0,0.0,2.9017542e-08,0.0,0.0,0.0,0.0,0.0,0.0,0.0,0.0,0.0,0.0,0.0,0.0,0.0,7.997756481170654,0.0,-0.0,0.0,0.0,-0.0,0.0,-0.0,0.0,0.0,0.28909332,0.69376945,11.057262,5.9604645e-08,0.0,0.7035151,0.7035151,0.24508426,0.3612414,0.0,0.0,0.0,0.348371,0.1383698,0.51348066,0.0,0.7035151,0.0,0.84425545,0.84425545,0.7035151,-0.0,7.8,15.511807,19.157408,19.157408,2.0
resstock-amy2018-2021-release-1-285517,0.0,0.23693779,0.0,0.0,0.0,0.0,0.0,0.0,0.0,0.0,0.0,0.0,0.0,0.0,0.0,0.0,0.0,0.0,7.997756481170654,0.0,-0.0,0.0,0.0,-0.0,0.0,-0.0,0.0,0.0,0.23693794,0.66604567,11.057262,0.0,0.0,1.0022558,0.98040855,0.3365821,0.50698864,0.0,0.0,0.0,0.343308,0.1383698,0.51711977,0.0,0.98040855,0.0,1.0876834,1.1095307,1.0022558,-0.021847261,10.6,15.625338,18.88889,18.88889,2.0
resstock-amy2018-2021-release-1-285517,0.0,0.3369075,0.0,0.0,1.29128095e-08,0.0,0.0,0.0,0.0,0.0,0.0,0.0,0.0,0.0,0.0,0.0,0.0,0.0,7.997756481170654,0.0,-0.0,0.0,0.0,-0.0,0.0,-0.0,0.0,0.0,0.33690748,0.62941736,11.057262,2.9802322e-08,0.0,1.2736433,1.2306852,0.43166286,0.64137995,0.0,0.0,0.0,0.35075,0.1383698,0.5211568,0.0,1.2306852,0.0,1.3766612,1.4196192,1.2736433,-0.042958077,12.2,16.007023,18.88889,18.88889,2.0
resstock-amy2018-2021-release-1-285517,0.38486913,0.25678033,3.023393,0.0,2.5825619e-08,3.1214762,0.0,0.0,0.0,0.0,0.0,0.0,0.0,0.0,0.0,0.0,0.0,0.0,7.997756481170654,0.0,-0.0,0.0,0.0,-0.0,0.0,-0.0,0.0,0.0,0.25678027,0.6004391,11.057262,5.9604645e-08,0.0,1.3153263,4.34998,1.3487359,2.2759,0.0,0.0,0.0,0.31005567,0.1383698,0.52319777,0.0,4.34998,0.0,4.461238,4.5480604,1.3153263,-0.08682257,12.2,16.344471,18.88889,18.88889,2.0
resstock-amy2018-2021-release-1-285517,0.0,0.13725352,0.0,0.0,0.0,0.0,0.0,0.0,0.0,0.0,0.0,0.0,0.0,0.0,0.0,0.0,0.0,0.0,7.997756481170654,0.0,-0.0,0.0,0.0,-0.0,0.0,-0.0,0.0,0.0,0.13725355,0.5826488,11.057262,0.0,0.0,1.3740956,1.1983882,0.37123513,0.627993,0.0,0.0,0.0,0.3097787,0.1383698,0.52403134,0.0,1.1983882,0.0,1.2541826,1.4298899,1.3740956,-0.17570737,14.4,16.919088,18.88889,18.88889,2.0
resstock-amy2018-2021-release-1-285517,0.14468743,0.13961953,0.77260226,0.0,9.0861214e-08,0.7976666,0.0,0.0,0.0,0.0,0.0,0.0,0.0,0.0,0.0,0.0,0.0,0.0,7.997756481170654,0.0,-0.0,0.0,0.0,-0.0,0.0,-0.0,0.0,0.0,0.1396193,0.5647971,11.057262,2.2351742e-07,0.0,1.2689164,1.8111341,0.53496623,0.95177895,0.0,0.0,0.0,0.2953764,0.1383698,0.52551544,0.0,1.8111341,0.0,1.8678902,2.1233392,1.2689164,-0.2554489,14.4,17.281773,18.88889,18.88889,2.0
resstock-amy2018-2021-release-1-285517,0.19211659,0.17093033,0.0,0.0,2.2996414e-08,0.0,0.0,0.0,0.0,0.0,0.0,0.0,0.0,0.0,0.0,0.0,0.0,0.0,7.997756481170654,0.0,-0.0,0.0,0.0,-0.0,0.0,-0.0,0.0,0.0,0.17093027,0.54423636,11.057262,5.9604645e-08,0.0,1.0492793,0.7539029,0.22289336,0.3983931,0.0,0.0,0.0,0.2956526,0.1383698,0.52844083,0.0,0.7539029,0.0,0.8198505,1.115227,1.0492793,-0.29537642,16.1,17.683208,18.88889,18.88889,2.0
resstock-amy2018-2021-release-1-285517,0.6220558,0.22048841,1.5452026,0.0,0.0,1.5953312,0.0,0.0,0.0,0.0,0.0,0.0,0.0,0.0,0.0,0.0,0.0,0.0,7.997756481170654,0.0,-0.0,0.0,0.0,-0.0,0.0,-0.0,0.0,0.0,0.22048846,0.5193207,11.057262,0.0,0.0,0.96704596,2.280396,0.6796342,1.200054,0.0,0.0,0.0,0.29803342,0.1383698,0.5262481,0.0,2.280396,0.0,2.3609018,2.642883,0.96704596,-0.28198132,17.8,18.332077,18.88889,18.88889,2.0
resstock-amy2018-2021-release-1-285517,0.8648231,0.2519401,0.0,0.0,0.0,0.0,0.0,0.0,0.0,0.0,0.0,0.0,0.0,0.0,0.0,0.0,0.0,0.0,7.997756481170654,0.0,-0.0,0.0,0.0,-0.0,0.0,-0.0,0.0,0.0,0.25194034,0.4917448,11.057262,0.0,0.0,0.84292924,0.57644683,0.17679283,0.3069551,0.0,0.0,0.0,0.3066941,0.1383698,0.5324951,0.0,0.57644683,0.0,0.67027646,0.9367589,0.84292924,-0.2664824,17.2,19.13517,18.88889,18.88889,2.0
resstock-amy2018-2021-release-1-285517,1.2544923,0.16045761,0.0,0.0,0.0,0.0,0.0,0.0,0.0,0.0,0.0,0.0,0.0,0.0,0.0,0.0,0.0,0.0,7.997756481170654,0.0,-0.0,0.0,0.0,-0.0,0.0,-0.0,0.0,0.0,0.16045761,0.4727789,11.057262,0.0,0.0,0.8109583,0.6272512,0.20077007,0.34234008,0.0,0.0,0.0,0.3200792,0.1383698,0.5457783,0.0,0.6272512,0.0,0.68798655,0.8716937,0.8109583,-0.18370713,16.7,20.064955,18.88889,18.88889,2.0
resstock-amy2018-2021-release-1-285517,0.6714336,0.15761814,0.0,0.0,0.0,0.0,0.0,0.0,0.0,0.0,0.0,0.0,0.0,0.0,0.0,0.0,0.0,0.0,7.997756481170654,0.0,-0.0,0.0,0.0,-0.0,0.0,-0.0,0.0,0.0,0.15761815,0.45423806,11.057262,0.0,0.0,0.6183161,0.56896544,0.19296181,0.32042652,0.0,0.0,0.0,0.33914506,0.1383698,0.56317395,0.0,0.56896544,0.0,0.6339974,0.68334806,0.6183161,-0.049350694,13.9,20.331734,19.324074,19.324074,2.0
resstock-amy2018-2021-release-1-285517,0.29130065,0.10995269,2.3177636,0.0,9.6982106e-08,2.3929553,0.0,0.0,0.0,0.0,0.0,0.0,0.0,0.0,0.0,0.0,0.0,0.0,7.997756481170654,0.0,-0.0,0.0,0.0,-0.0,0.0,-0.0,0.0,0.0,0.10995246,0.4402197,11.057262,2.30968e-07,0.0,0.75185907,3.1448145,1.1390805,1.7050953,0.0,0.0,0.0,0.36220914,0.1383698,0.54219264,0.0,3.1448145,0.0,3.1909828,3.1909828,0.75185907,-0.0,13.3,20.435577,20.0,20.0,2.0
resstock-amy2018-2021-release-1-285517,0.0,0.15939093,0.7726009,0.0,0.0,0.7976652,0.0,0.0,0.0,0.0,0.0,0.0,0.0,0.0,0.0,0.0,0.0,0.0,7.997756481170654,0.0,-0.0,0.0,0.0,-0.0,0.0,-0.0,0.0,0.0,0.15939093,0.42180043,11.057262,0.0,0.0,0.7088702,1.5065353,0.53760713,0.8028909,0.0,0.0,0.0,0.35685,0.1383698,0.53293866,0.0,1.5065353,0.0,1.5744326,1.5744326,0.7088702,-0.0,12.8,20.280552,20.0,20.0,2.0
resstock-amy2018-2021-release-1-285517,1.8953264,0.09627107,1.5597584,0.0,1.1190865,1.6103593,0.0,0.0,0.0,0.0,0.0,0.0,0.0,0.0,0.0,0.0,0.0,0.0,7.997756481170654,0.0,-0.0,0.0,0.0,-0.0,0.0,-0.0,2.409128,2.409128,-0.0,0.63349855,11.057262,0.09627107,0.0,0.6338883,3.3633342,1.0682491,1.7842524,0.0,0.0,0.0,0.3176161,0.1383698,0.53050107,0.0,3.3633342,0.0,2.287249,2.287249,0.6338883,-0.0,11.1,19.799297,18.018518,18.018518,2.0
resstock-amy2018-2021-release-1-285517,0.0,0.12162604,0.7725999,0.0,0.0,0.79766417,0.0,0.0,0.0,0.0,0.0,0.0,0.0,0.0,0.0,0.0,0.0,0.0,7.997756481170654,0.0,-0.0,0.0,0.0,-0.0,0.0,-0.0,0.0,0.0,0.12162613,0.6168499,11.057262,0.0,0.0,0.69904894,1.4967132,0.44800663,0.783537,0.0,0.0,0.0,0.299327,0.1383698,0.5235051,0.0,1.4967132,0.0,1.5501517,1.5501517,0.69904894,-0.0,11.7,19.468155,19.444445,19.444445,2.0
resstock-amy2018-2021-release-1-285517,0.0,0.18369722,0.0,0.0,9.165918e-08,0.0,0.0,0.0,0.0,0.0,0.0,0.0,0.0,0.0,0.0,0.0,0.0,0.0,7.997756481170654,0.0,-0.0,0.0,0.0,-0.0,0.0,-0.0,0.0,0.0,0.18369702,0.59466743,11.057262,2.0861626e-07,0.0,0.5172955,0.5172956,0.15248059,0.25754774,0.0,0.0,0.0,0.2947649,0.1383698,0.49787343,0.0,0.5172956,0.0,0.59800607,0.59800607,0.5172955,-0.0,11.7,19.086689,18.88889,18.88889,2.0
resstock-amy2018-2021-release-1-285517,0.8795176,0.274365,0.0,0.0,1.000235e-07,0.0,0.0,0.0,0.0,0.0,0.0,0.0,0.0,0.0,0.0,0.0,0.0,0.0,7.997756481170654,0.0,-0.0,0.0,0.0,-0.0,0.0,-0.0,0.0,0.0,0.27436477,0.56438315,11.057262,2.3841858e-07,0.0,0.3657726,0.3657727,0.10334535,0.16930951,0.0,0.0,0.0,0.2825398,0.1383698,0.46288177,0.0,0.3657727,0.0,0.48087665,0.48087665,0.3657726,-0.0,13.33,18.862785,17.222221,17.222221,2.0
resstock-amy2018-2021-release-1-285517,0.11991726,0.45165235,0.0,0.0,4.2329344e-08,0.0,0.0,0.0,0.0,0.0,0.0,0.0,0.0,0.0,0.0,0.0,0.0,0.0,7.997756481170654,0.0,-0.0,0.0,0.0,-0.0,0.0,-0.0,0.0,0.0,0.45165226,0.51814294,11.057262,8.940697e-08,0.0,0.3483989,0.34839892,0.09689907,0.16266942,0.0,0.0,0.0,0.27812678,0.1383698,0.46690562,0.0,0.34839892,0.0,0.5622317,0.5622317,0.3483989,-0.0,8.9,18.502642,17.222221,17.222221,2.0
