bld_id,cooling demand,heating demand,dhw demand,cooling electricity consumption,heating electricity consumption,dhw electricity consumption,heating fuel consumption,dhw fuel consumption,dhw storage electricity consumption,positive dhw storage electricity consumption,negative dhw storage electricity consumption,dhw soc storage,dhw capacity,dhw stored energy (?),electrical storage electricity consumption,positive electrical storage electricity consumption,negative electrical storage electricity consumption,electrical storage soc,electrical capacity history,stored electrical energy,energy from electrical storage,energy to electrical storage,energy from cooling device,energy from dhw device,energy from dhw device to dhw storage,energy from dhw storage,energy from heating fuel device to heating storage,energy from heating device to heating storage,energy from heating storage,heating storage soc,heating storage capacity,energy from heating device,energy from heating fuel device,energy to non shiftable load,net electricity consumption,net electricity cost,net electricity emission,net fuel consumption,net fuel cost,net fuel emission,electricity price,fuel price,electricity carbon intensity,fuel carbon intensity,positive net electricity consumption,negative net electricity consumption,net electricity consumption without storage,net electricity consumption without storage and pv,non shiftable load,solar generation,outdoor_temperature,indoor_temperature,heating_sp,cooling_sp,comfort_band
resstock-amy2018-2021-release-1-508005,0.0,3.3286107,0.0,0.0,1.4980758,0.0,3.8287559,0.0,0.0,0.0,0.0,0.0,0.0,0.0,0.0,0.0,0.0,0.0,9.899999999999999,0.0,-0.0,0.0,0.0,-0.0,0.0,-0.0,0.0,0.0,-0.0,0.0,10.402984,3.3286107,3.3286107,0.18956426,1.6876401,0.5526144,0.8881883,3.8287559,0.5297842,0.8011222,0.327448,0.1383698,0.5262901,0.20923826,1.6876401,0.0,1.6876401,1.6876401,0.18956426,-0.0,8.9,19.983559,20.0,20.0,2.0
resstock-amy2018-2021-release-1-508005,0.0,2.9672632,0.0,0.0,1.3555526,0.0,0.0,0.0,0.0,0.0,0.0,0.0,0.0,0.0,0.9009,0.9009,0.0,0.088711336,9.899956703186035,0.8782383880070057,-0.0,0.9009,0.0,-0.0,0.0,-0.0,0.0,0.0,-0.0,0.0,10.402984,2.9672632,0.0,0.18831366,2.444766,0.7861874,1.3293189,0.0,0.0,0.0,0.3215798,0.1383698,0.54374075,0.0,2.444766,0.0,1.543866,1.543866,0.18831366,-0.0,8.3,20.0,20.0,20.0,2.0
resstock-amy2018-2021-release-1-508005,0.0,2.9131746,0.0,0.0,1.3308429,0.0,0.0,0.0,0.0,0.0,0.0,0.0,0.0,0.0,0.9009,0.9009,0.0,0.17728089,9.899913787841797,1.7550655070497783,-0.0,0.9009,0.0,-0.0,0.0,-0.0,0.0,0.0,-0.0,0.0,10.402984,2.9131746,0.0,0.19933882,2.4310818,0.7724738,1.3068391,0.0,0.0,0.0,0.317749,0.1383698,0.53755456,0.0,2.4310818,0.0,1.5301818,1.5301818,0.19933882,-0.0,8.3,20.0,20.0,20.0,2.0
resstock-amy2018-2021-release-1-508005,0.0,2.8710902,0.0,0.0,1.3472811,0.0,0.0,0.0,0.0,0.0,0.0,0.0,0.0,0.0,0.9009,0.9009,0.0,0.2657089,9.899870872497559,2.6304837356956625,-0.0,0.9009,0.0,-0.0,0.0,-0.0,0.0,0.0,-0.0,0.0,10.402984,2.8710902,0.0,0.18623988,2.434421,0.7731487,1.3013409,0.0,0.0,0.0,0.3175904,0.1383698,0.5345587,0.0,2.434421,0.0,1.533521,1.533521,0.18623988,-0.0,7.2,20.0,20.0,20.0,2.0
resstock-amy2018-2021-release-1-508005,0.0,2.869687,0.0,0.0,1.3547242,0.0,0.0,0.0,0.0,0.0,0.0,0.0,0.0,0.0,0.9009,0.9009,0.0,0.35399556,9.89982795715332,3.5044951574332117,-0.0,0.9009,0.0,-0.0,0.0,-0.0,0.0,0.0,-0.0,0.0,10.402984,2.869687,0.0,0.18498929,2.4406135,0.77487725,1.3118798,0.0,0.0,0.0,0.3174928,0.1383698,0.53752047,0.0,2.4406135,0.0,1.5397135,1.5397135,0.18498929,-0.0,6.95,20.0,20.0,20.0,2.0
resstock-amy2018-2021-release-1-508005,0.0,1.9118263,1.0740659,0.0,0.9079339,1.1727087,0.0,0.0,0.0,0.0,0.0,0.0,0.0,0.0,0.9009,0.9009,0.0,0.44214115,9.899785041809082,4.377102298270046,-0.0,0.9009,0.0,-0.0,0.0,-0.0,0.0,0.0,-0.0,0.0,10.402984,1.9118263,0.0,0.18524572,3.1667883,1.0054325,1.6984465,0.0,0.0,0.0,0.3174928,0.1383698,0.53633094,0.0,3.1667883,0.0,2.2658882,2.2658882,0.18524572,-0.0,6.7,20.0,20.0,20.0,2.0
resstock-amy2018-2021-release-1-508005,0.0,2.7512836,0.0,0.0,1.2559532,0.0,0.0,0.0,0.0,0.0,0.0,0.0,0.0,0.0,0.9009,0.9009,0.0,0.5301458,9.899742126464844,5.248306946582034,-0.0,0.9009,0.0,-0.0,0.0,-0.0,0.0,0.0,-0.0,0.0,10.402984,2.7512836,0.0,0.25197357,2.4088268,0.763257,1.3062404,0.0,0.0,0.0,0.3168584,0.1383698,0.54227245,0.0,2.4088268,0.0,1.5079268,1.5079268,0.25197357,-0.0,8.33,20.0,20.0,20.0,2.0
resstock-amy2018-2021-release-1-508005,0.0,3.244904,0.0,0.0,1.6252971,0.0,0.0,0.0,0.0,0.0,0.0,0.0,0.0,0.0,0.9009,0.9009,0.0,0.61800987,9.899699211120605,6.1181117758164305,-0.0,0.9009,0.0,-0.0,0.0,-0.0,0.0,0.0,-0.0,0.0,10.402984,3.244904,0.0,0.2761897,2.8023868,0.8900111,1.5322729,0.0,0.0,0.0,0.3175904,0.1383698,0.54677427,0.0,2.8023868,0.0,1.9014868,1.9014868,0.2761897,-0.0,4.4,20.0,20.0,20.0,2.0
resstock-amy2018-2021-release-1-508005,0.0,2.6997068,0.0,0.0,1.215336,0.0,0.0,0.0,0.0,0.0,0.0,0.0,0.0,0.0,0.9009,0.9009,0.0,0.70573354,9.899656295776367,6.986519459374449,-0.0,0.9009,0.0,-0.0,0.0,-0.0,0.0,0.0,-0.0,0.0,10.402984,2.6997068,0.0,0.28178522,2.371621,0.7492979,1.3009745,0.0,0.0,0.0,0.3159434,0.1383698,0.5485592,0.0,2.371621,0.0,1.4707209,1.4971211,0.28178522,-0.026400212,8.89,20.0,20.0,20.0,2.0
resstock-amy2018-2021-release-1-508005,0.0,2.4951994,0.0,0.0,1.0919956,0.0,0.0,0.0,0.0,0.0,0.0,0.0,0.0,0.0,-0.792,0.0,-0.792,0.6221696,9.899619102478027,6.159242194133981,0.792,0.0,0.0,-0.0,0.0,-0.0,0.0,0.0,-0.0,0.0,10.402984,2.4951994,0.0,0.18910523,0.4179278,0.13204153,0.23551658,0.0,0.0,0.0,0.3159434,0.1383698,0.56353414,0.0,0.4179278,0.0,1.2099278,1.2811009,0.18910523,-0.07117307,10.0,20.0,20.0,20.0,2.0
resstock-amy2018-2021-release-1-508005,0.0,2.0041041,0.19029352,0.0,0.8634946,0.20777018,0.0,0.0,0.0,0.0,0.0,0.0,0.0,0.0,-0.792,0.0,-0.792,0.53873926,9.899581909179688,5.333293471771867,0.792,0.0,0.0,-0.0,0.0,-0.0,0.0,0.0,-0.0,0.0,10.402984,2.0041041,0.0,0.18819655,0.36315072,0.11065021,0.21064827,0.0,0.0,0.0,0.304695,0.1383698,0.58005744,0.0,0.36315072,0.0,1.1551507,1.2594613,0.18819655,-0.104310654,10.6,20.0,20.0,20.0,2.0
resstock-amy2018-2021-release-1-508005,0.0,1.0575098,0.0,0.0,0.449671,0.0,0.0,0.0,0.0,0.0,0.0,0.0,0.0,0.0,-0.792,0.0,-0.792,0.45544222,9.899544715881348,4.508670622119126,0.792,0.0,0.0,-0.0,0.0,-0.0,0.0,0.0,-0.0,0.0,10.402984,1.0575098,0.0,1.3169072,0.84750724,0.24918407,0.49693018,0.0,0.0,0.0,0.29402,0.1383698,0.5863433,0.0,0.84750724,0.0,1.6395073,1.7665782,1.3169072,-0.12707096,11.1,20.0,20.0,20.0,2.0
resstock-amy2018-2021-release-1-508005,0.0,0.3209105,0.0,0.0,0.13247027,0.0,0.0,0.0,0.0,0.0,0.0,0.0,0.0,0.0,-0.792,0.0,-0.792,0.3722783,9.899507522583008,3.6853718601316245,0.792,0.0,0.0,-0.0,0.0,-0.0,0.0,0.0,-0.0,0.0,10.402984,0.3209105,0.0,0.2807234,-0.5035678,-0.1508236,0.0,0.0,0.0,0.0,0.29951,0.1383698,0.5692954,0.0,0.0,-0.5035678,0.28843218,0.41319367,0.2807234,-0.12476149,12.2,20.0,20.0,20.0,2.0
resstock-amy2018-2021-release-1-508005,0.10339402,0.0,0.0,0.0,0.0,0.0,0.0,0.0,0.0,0.0,0.0,0.0,0.0,0.0,-0.792,0.0,-0.792,0.2892473,9.899470329284668,2.8633951057646243,0.792,0.0,0.0,-0.0,0.0,-0.0,0.0,0.0,-0.0,0.0,10.402984,0.0,0.0,0.28050318,-0.628609,-0.182822,0.0,0.0,0.0,0.0,0.2908358,0.1383698,0.56324536,0.0,0.0,-0.628609,0.163391,0.2805032,0.28050318,-0.11711223,12.8,20.0,20.0,20.0,2.0
resstock-amy2018-2021-release-1-508005,0.21293643,0.0,0.0,0.0,0.0,0.0,0.0,0.0,0.0,0.0,0.0,0.0,0.0,0.0,-0.792,0.0,-0.792,0.20634903,9.899433135986328,2.0427384265174737,0.792,0.0,0.0,-0.0,0.0,-0.0,0.0,0.0,-0.0,0.0,10.402984,0.0,0.0,0.2796783,-0.6107947,-0.18795411,0.0,0.0,0.0,0.0,0.3077206,0.1383698,0.56670576,0.0,0.0,-0.6107947,0.18120527,0.2796783,0.2796783,-0.098473005,12.8,20.212332,20.0,20.0,2.0
resstock-amy2018-2021-release-1-508005,0.02441859,0.0,0.0,0.0,0.0,0.0,0.0,0.0,0.0,0.0,0.0,0.0,0.0,0.0,-0.792,0.0,-0.792,0.12358322,9.899395942687988,1.2233992261121145,0.792,0.0,0.0,-0.0,0.0,-0.0,0.0,0.0,-0.0,0.0,10.402984,0.0,0.0,0.2863047,-0.5709803,-0.18150504,0.0,0.0,0.0,0.0,0.3178832,0.1383698,0.574562,0.0,0.0,-0.5709803,0.22101969,0.2863047,0.2863047,-0.06528504,13.3,20.397257,20.0,20.0,2.0
resstock-amy2018-2021-release-1-508005,0.06775268,0.0,0.19029346,0.0,0.0,0.20777012,0.0,0.0,0.0,0.0,0.0,0.0,0.0,0.0,-0.792,0.0,-0.792,0.040949687,9.899358749389648,0.4053756458689861,0.792,0.0,0.0,-0.0,0.0,-0.0,0.0,0.0,-0.0,0.0,10.402984,0.0,0.0,0.33592644,-0.27067786,-0.08789652,0.0,0.0,0.0,0.0,0.3247274,0.1383698,0.59301996,0.0,0.0,-0.27067786,0.52132213,0.5436966,0.33592644,-0.022374434,11.7,20.158684,20.0,20.0,2.0
resstock-amy2018-2021-release-1-508005,0.0,0.0,0.5277829,0.0,0.0,0.5762548,0.0,0.0,0.0,0.0,0.0,0.0,0.0,0.0,-0.3927934,0.0,-0.3927934,0.0,9.899340629577637,0.0,0.3927934,0.0,0.0,-0.0,0.0,-0.0,0.0,0.0,-0.0,0.0,10.402984,0.0,0.0,0.3433609,0.5268223,0.18372886,0.32227898,0.0,0.0,0.0,0.3487492,0.1383698,0.6117413,0.0,0.5268223,0.0,0.91961575,0.91961575,0.3433609,-0.0,11.7,19.675854,20.36111,20.36111,2.0
resstock-amy2018-2021-release-1-508005,0.0,0.0,0.32047683,0.0,0.0,0.3499096,0.0,0.0,0.0,0.0,0.0,0.0,0.0,0.0,0.0,0.0,0.0,0.0,9.899340629577637,0.0,-0.0,0.0,0.0,-0.0,0.0,-0.0,0.0,0.0,-0.0,0.0,10.402984,0.0,0.0,0.70292854,1.0528381,0.38853705,0.6164448,0.0,0.0,0.0,0.3690378,0.1383698,0.5855077,0.0,1.0528381,0.0,1.0528381,1.0528381,0.70292854,-0.0,10.6,19.030453,21.074074,21.074074,2.0
resstock-amy2018-2021-release-1-508005,0.0,2.2781773,0.0,0.0,0.9815826,0.0,0.0,0.0,0.0,0.0,0.0,0.0,0.0,0.0,0.0,0.0,0.0,0.0,9.899340629577637,0.0,-0.0,0.0,0.0,-0.0,0.0,-0.0,0.0,0.0,-0.0,0.0,10.402984,2.2781773,0.0,0.40955812,1.3911407,0.5361768,0.7322039,0.0,0.0,0.0,0.3854224,0.1383698,0.52633345,0.0,1.3911407,0.0,1.3911407,1.3911407,0.40955812,-0.0,10.6,21.763277,20.0,20.0,2.0
resstock-amy2018-2021-release-1-508005,0.0,0.0,0.0,0.0,0.0,0.0,0.0,0.0,0.0,0.0,0.0,0.0,0.0,0.0,0.0,0.0,0.0,0.0,9.899340629577637,0.0,-0.0,0.0,0.0,-0.0,0.0,-0.0,0.0,0.0,-0.0,0.0,10.402984,0.0,0.0,0.35506824,0.35506824,0.13320385,0.18625145,0.0,0.0,0.0,0.37515,0.1383698,0.52455115,0.0,0.35506824,0.0,0.35506824,0.35506824,0.35506824,-0.0,10.6,20.518833,20.0,20.0,2.0
resstock-amy2018-2021-release-1-508005,0.0,0.0,0.0,0.0,0.0,0.0,0.0,0.0,0.0,0.0,0.0,0.0,0.0,0.0,0.0,0.0,0.0,0.0,9.899340629577637,0.0,-0.0,0.0,0.0,-0.0,0.0,-0.0,0.0,0.0,-0.0,0.0,10.402984,0.0,0.0,0.44322944,0.44322944,0.14910902,0.22896624,0.0,0.0,0.0,0.336415,0.1383698,0.51658624,0.0,0.44322944,0.0,0.44322944,0.44322944,0.44322944,-0.0,8.3,19.294323,19.967592,19.967592,2.0
resstock-amy2018-2021-release-1-508005,0.0,0.0,0.0,0.0,0.0,0.0,0.0,0.0,0.0,0.0,0.0,0.0,0.0,0.0,0.9009,0.9009,0.0,0.088711336,9.899297714233398,0.87817992821644,-0.0,0.9009,0.0,-0.0,0.0,-0.0,0.0,0.0,-0.0,0.0,10.402984,0.0,0.0,0.2958324,1.1967324,0.38449457,0.60567224,0.0,0.0,0.0,0.321287,0.1383698,0.506105,0.0,1.1967324,0.0,0.2958324,0.2958324,0.2958324,-0.0,6.7,18.282465,18.88889,18.88889,2.0
resstock-amy2018-2021-release-1-508005,0.0,0.0,0.5708776,0.0,0.0,0.62330735,0.0,0.0,0.0,0.0,0.0,0.0,0.0,0.0,0.9009,0.9009,0.0,0.17728089,9.89925479888916,1.754948680903098,-0.0,0.9009,0.0,-0.0,0.0,-0.0,0.0,0.0,-0.0,0.0,10.402984,0.0,0.0,0.19141321,1.7156205,0.5437344,0.83480376,0.0,0.0,0.0,0.3169316,0.1383698,0.48658997,0.0,1.7156205,0.0,0.8147205,0.8147205,0.19141321,-0.0,8.9,17.581013,18.88889,18.88889,2.0
resstock-amy2018-2021-release-1-508005,0.0,1.2713857,0.0,0.0,0.5722003,0.0,0.0,0.0,0.0,0.0,0.0,0.0,0.0,0.0,0.9009,0.9009,0.0,0.2657089,9.899211883544922,2.630308636470204,-0.0,0.9009,0.0,-0.0,0.0,-0.0,0.0,0.0,-0.0,0.0,10.402984,1.2713857,0.0,0.21726434,1.6903646,0.5357093,0.8551179,0.0,0.0,0.0,0.3169194,0.1383698,0.5058778,0.0,1.6903646,0.0,0.7894646,0.7894646,0.21726434,-0.0,8.9,18.527601,18.88889,18.88889,2.0
resstock-amy2018-2021-release-1-508005,0.0,0.0,0.19047226,0.0,0.0,0.20796534,0.0,0.0,0.0,0.0,0.0,0.0,0.0,0.0,0.9009,0.9009,0.0,0.35399556,9.899168968200684,3.504261878268835,-0.0,0.9009,0.0,-0.0,0.0,-0.0,0.0,0.0,-0.0,0.0,10.402984,0.0,0.0,0.18831366,1.297179,0.41099042,0.62781024,0.0,0.0,0.0,0.316834,0.1383698,0.48398122,0.0,1.297179,0.0,0.39627898,0.39627898,0.18831366,-0.0,8.3,17.401833,18.88889,18.88889,2.0
resstock-amy2018-2021-release-1-508005,0.0,1.4455667,0.0,0.0,0.67834324,0.0,0.0,0.0,0.0,0.0,0.0,0.0,0.0,0.0,0.9009,0.9009,0.0,0.44214115,9.899126052856445,4.376810932139676,-0.0,0.9009,0.0,-0.0,0.0,-0.0,0.0,0.0,-0.0,0.0,10.402984,1.4455667,0.0,0.1873195,1.7665627,0.54418963,0.8881715,0.0,0.0,0.0,0.30805,0.1383698,0.50276816,0.0,1.7665627,0.0,0.8656627,0.8656627,0.1873195,-0.0,7.2,18.237097,18.88889,18.88889,2.0
resstock-amy2018-2021-release-1-508005,0.0,0.0,0.0,0.0,0.0,0.0,0.0,0.0,0.0,0.0,0.0,0.0,0.0,0.0,0.9009,0.9009,0.0,0.5301458,9.899083137512207,5.24795758634076,-0.0,0.9009,0.0,-0.0,0.0,-0.0,0.0,0.0,-0.0,0.0,10.402984,0.0,0.0,0.18623988,1.0871398,0.33489344,0.55937153,0.0,0.0,0.0,0.30805,0.1383698,0.514535,0.0,1.0871398,0.0,0.18623984,0.18623984,0.18623988,-0.0,7.2,17.13546,18.88889,18.88889,2.0
resstock-amy2018-2021-release-1-508005,0.0,1.7045072,0.0,0.0,0.80947727,0.0,0.0,0.0,0.0,0.0,0.0,0.0,0.0,0.0,0.9009,0.9009,0.0,0.61800987,9.899040222167969,6.117704514142588,-0.0,0.9009,0.0,-0.0,0.0,-0.0,0.0,0.0,-0.0,0.0,10.402984,1.7045072,0.0,0.19780183,1.9081792,0.6015264,1.0234967,0.0,0.0,0.0,0.3152358,0.1383698,0.5363735,0.0,1.9081792,0.0,1.0072792,1.0072792,0.19780183,-0.0,6.7,18.369047,18.88889,18.88889,2.0
resstock-amy2018-2021-release-1-508005,0.0,0.0,0.48214027,0.0,0.0,0.5264203,0.0,0.0,0.0,0.0,0.0,0.0,0.0,0.0,0.9009,0.9009,0.0,0.70573354,9.89899730682373,6.986054388769617,-0.0,0.9009,0.0,-0.0,0.0,-0.0,0.0,0.0,-0.0,0.0,10.402984,0.0,0.0,0.21349585,1.6408162,0.517244,0.90025353,0.0,0.0,0.0,0.3152358,0.1383698,0.548662,0.0,1.6408162,0.0,0.7399162,0.7399162,0.21349585,-0.0,7.2,17.226248,18.921297,18.921297,2.0
resstock-amy2018-2021-release-1-508005,0.0,1.647756,0.0,0.0,0.75275415,0.0,0.0,0.0,0.0,0.0,0.0,0.0,0.0,0.0,0.9009,0.9009,0.0,0.79331696,9.898954391479492,7.853008408341111,-0.0,0.9009,0.0,-0.0,0.0,-0.0,0.0,0.0,-0.0,0.0,10.402984,1.647756,0.0,0.31611475,1.9697689,0.6520861,1.084478,0.0,0.0,0.0,0.331047,0.1383698,0.5505611,0.0,1.9697689,0.0,1.0688689,1.0688689,0.31611475,-0.0,8.3,18.554335,20.0,20.0,2.0
resstock-amy2018-2021-release-1-508005,0.0,1.5083147,1.0332358,0.0,0.6788327,1.1281288,0.0,0.0,0.0,0.0,0.0,0.0,0.0,0.0,0.9009,0.9009,0.0,0.8807604,9.898911476135254,8.718568950998076,-0.0,0.9009,0.0,-0.0,0.0,-0.0,0.0,0.0,-0.0,0.0,10.402984,1.5083147,0.0,0.3622168,3.0700784,1.0308353,1.7121569,0.0,0.0,0.0,0.3357684,0.1383698,0.5576916,0.0,3.0700784,0.0,2.1691785,2.1691785,0.3622168,-0.0,8.9,18.677952,19.935184,19.935184,2.0
resstock-amy2018-2021-release-1-508005,0.96023273,1.4129727,0.6072534,0.0,0.627945,0.6630239,0.0,0.0,0.0,0.0,0.0,0.0,0.0,0.0,0.9009,0.9009,0.0,0.96806407,9.898868560791016,9.582738984859134,-0.0,0.9009,0.0,-0.0,0.0,-0.0,0.0,0.0,-0.0,0.0,10.402984,1.4129727,0.0,0.3735249,2.540479,0.88598996,1.4447688,0.0,0.0,0.0,0.3487492,0.1383698,0.56869936,0.0,2.540479,0.0,1.6395789,1.6644937,0.3735249,-0.024914747,9.4,18.947834,17.777779,17.777779,2.0
resstock-amy2018-2021-release-1-508005,0.0,0.0,0.19047424,0.0,0.0,0.2079675,0.0,0.0,0.0,0.0,0.0,0.0,0.0,0.0,-0.69780475,0.0,-0.69780475,0.893598,9.898836135864258,8.845580372072504,0.69780475,0.0,0.0,-0.0,0.0,-0.0,0.0,0.0,-0.0,0.0,10.402984,0.0,0.0,0.37640277,-0.16654189,-0.05617754,0.0,0.0,0.0,0.0,0.3373178,0.1383698,0.57349783,0.0,0.0,-0.16654189,0.5312629,0.58437026,0.37640277,-0.053107396,11.7,17.825489,19.981482,19.981482,2.0
resstock-amy2018-2021-release-1-508005,0.0,2.7063694,0.7431272,0.0,1.1324568,0.81137645,0.0,0.0,0.0,0.0,0.0,0.0,0.0,0.0,-0.792,0.0,-0.792,0.8097338,9.898798942565918,8.015392162792352,0.792,0.0,0.0,-0.0,0.0,-0.0,0.0,0.0,-0.0,0.0,10.402984,2.7063694,0.0,0.3716734,1.4809998,0.4855467,0.8590565,0.0,0.0,0.0,0.3278506,0.1383698,0.5800517,0.0,1.4809998,0.0,2.2729998,2.3155065,0.3716734,-0.042506758,11.7,20.782768,20.0,20.0,2.0
resstock-amy2018-2021-release-1-508005,0.0,0.0,0.0,0.0,0.0,0.0,0.0,0.0,0.0,0.0,0.0,0.0,0.0,0.0,-0.792,0.0,-0.792,0.72600365,9.898761749267578,7.186537129273347,0.792,0.0,0.0,-0.0,0.0,-0.0,0.0,0.0,-0.0,0.0,10.402984,0.0,0.0,0.36982262,-0.4512507,-0.14663047,0.0,0.0,0.0,0.0,0.32494235,0.1383698,0.59494394,0.0,0.0,-0.4512507,0.3407493,0.36982262,0.36982262,-0.02907332,12.8,19.41213,20.0,20.0,2.0
resstock-amy2018-2021-release-1-508005,0.47654027,0.0,0.67175096,0.0,0.0,0.733445,0.0,0.0,0.0,0.0,0.0,0.0,0.0,0.0,-0.792,0.0,-0.792,0.6424073,9.898724555969238,6.359012896518266,0.792,0.0,0.0,-0.0,0.0,-0.0,0.0,0.0,-0.0,0.0,10.402984,0.0,0.0,0.2807234,0.19711113,0.06363703,0.11947049,0.0,0.0,0.0,0.3228485,0.1383698,0.6061073,0.0,0.19711113,0.0,0.9891111,1.0141684,0.2807234,-0.025057254,13.9,18.933212,19.092592,19.092592,2.0
resstock-amy2018-2021-release-1-508005,0.8089678,0.0,0.0,0.0,0.0,0.0,0.0,0.0,0.0,0.0,0.0,0.0,0.0,0.0,-0.792,0.0,-0.792,0.5589445,9.898687362670898,5.532817089565356,0.792,0.0,0.0,-0.0,0.0,-0.0,0.0,0.0,-0.0,0.0,10.402984,0.0,0.0,0.19052678,-0.62355906,-0.2012374,0.0,0.0,0.0,0.0,0.32272387,0.1383698,0.61497384,0.0,0.0,-0.62355906,0.16844094,0.19052678,0.19052678,-0.02208585,13.3,18.646393,17.777779,17.777779,2.0
resstock-amy2018-2021-release-1-508005,0.0,0.0,0.0,0.0,0.0,0.0,0.0,0.0,0.0,0.0,0.0,0.0,0.0,0.0,-0.792,0.0,-0.792,0.47561523,9.898650169372559,4.707948808502152,0.792,0.0,0.0,-0.0,0.0,-0.0,0.0,0.0,-0.0,0.0,10.402984,0.0,0.0,0.19078323,-0.6140554,-0.20095135,0.0,0.0,0.0,0.0,0.3272528,0.1383698,0.62078613,0.0,0.0,-0.6140554,0.1779446,0.19078322,0.19078323,-0.012838623,13.3,18.451965,17.777779,17.777779,2.0
resstock-amy2018-2021-release-1-508005,0.0,0.0,0.0,0.0,0.0,0.0,0.0,0.0,0.0,0.0,0.0,0.0,0.0,0.0,-0.792,0.0,-0.792,0.3924191,9.898612976074219,3.8844047934162518,0.792,0.0,0.0,-0.0,0.0,-0.0,0.0,0.0,-0.0,0.0,10.402984,0.0,0.0,0.18987456,-0.61010295,-0.20215139,0.0,0.0,0.0,0.0,0.3313398,0.1383698,0.6202313,0.0,0.0,-0.61010295,0.18189704,0.18987457,0.18987456,-0.0079775285,12.2,18.193293,19.175926,19.175926,2.0
resstock-amy2018-2021-release-1-508005,0.0,0.0,0.0,0.0,0.0,0.0,0.0,0.0,0.0,0.0,0.0,0.0,0.0,0.0,-0.792,0.0,-0.792,0.3093559,9.898575782775879,3.062182964446208,0.792,0.0,0.0,-0.0,0.0,-0.0,0.0,0.0,-0.0,0.0,10.402984,0.0,0.0,0.2234587,-0.57078,-0.19408014,0.0,0.0,0.0,0.0,0.3400262,0.1383698,0.62048435,0.0,0.0,-0.57078,0.22122002,0.22345874,0.2234587,-0.0022387179,12.2,17.915218,19.308222,19.308222,2.0
resstock-amy2018-2021-release-1-508005,0.0,1.6208552,0.0,0.0,0.66908103,0.0,0.0,0.0,0.0,0.0,0.0,0.0,0.0,0.0,-0.792,0.0,-0.792,0.22642548,9.898538589477539,2.2412813892613315,0.792,0.0,0.0,-0.0,0.0,-0.0,0.0,0.0,-0.0,0.0,10.402984,1.6208552,0.0,1.020536,0.8976169,0.36630848,0.55554825,0.0,0.0,0.0,0.40809,0.1383698,0.61891466,0.0,0.8976169,0.0,1.6896169,1.6896169,1.020536,0.0,12.2,20.068539,19.440516,19.440516,2.0
resstock-amy2018-2021-release-1-508005,0.0,0.0,0.30862027,0.0,0.0,0.33696413,0.0,0.0,0.0,0.0,0.0,0.0,0.0,0.0,-0.792,0.0,-0.792,0.1436276,9.8985013961792,1.4216979880605862,0.792,0.0,0.0,-0.0,0.0,-0.0,0.0,0.0,-0.0,0.0,10.402984,0.0,0.0,0.725896,0.27086014,0.10557857,0.16434011,0.0,0.0,0.0,0.38979,0.1383698,0.6067342,0.0,0.27086014,0.0,1.0628601,1.0628601,0.725896,-0.0,11.7,19.094086,19.572811,19.572811,2.0
resstock-amy2018-2021-release-1-508005,0.0,0.0,0.0,0.0,0.0,0.0,0.0,0.0,0.0,0.0,0.0,0.0,0.0,0.0,-0.792,0.0,-0.792,0.060962036,9.89846420288086,0.6034305335753629,0.792,0.0,0.0,-0.0,0.0,-0.0,0.0,0.0,-0.0,0.0,10.402984,0.0,0.0,0.64880276,-0.14319724,-0.05634095,0.0,0.0,0.0,0.0,0.39345,0.1383698,0.5998956,0.0,0.0,-0.14319724,0.64880276,0.64880276,0.64880276,-0.0,12.2,18.343578,19.705107,19.705107,2.0
resstock-amy2018-2021-release-1-508005,0.0,1.6333832,0.0,0.0,0.653963,0.0,0.0,0.0,0.0,0.0,0.0,0.0,0.0,0.0,-0.5847538,0.0,-0.5847538,0.0,9.898436546325684,0.0,0.5847538,0.0,0.0,-0.0,0.0,-0.0,0.0,0.0,-0.0,0.0,10.402984,1.6333832,0.0,0.51096326,0.5801725,0.20062888,0.34429193,0.0,0.0,0.0,0.345809,0.1383698,0.5934303,0.0,0.5801725,0.0,1.1649263,1.1649263,0.51096326,-0.0,13.3,20.070057,19.837402,19.837402,2.0
resstock-amy2018-2021-release-1-508005,0.0,0.0,0.57141155,0.0,0.0,0.62389034,0.0,0.0,0.0,0.0,0.0,0.0,0.0,0.0,0.0,0.0,0.0,0.0,9.898436546325684,0.0,-0.0,0.0,0.0,-0.0,0.0,-0.0,0.0,0.0,-0.0,0.0,10.402984,0.0,0.0,0.32061878,0.94450915,0.31295347,0.5537654,0.0,0.0,0.0,0.3313398,0.1383698,0.58629966,0.0,0.94450915,0.0,0.94450915,0.94450915,0.32061878,-0.0,11.1,18.887342,19.969696,19.969696,2.0
resstock-amy2018-2021-release-1-508005,0.0,1.0521549,0.0,0.0,0.447394,0.0,0.0,0.0,0.0,0.0,0.0,0.0,0.0,0.0,0.9009,0.9009,0.0,0.088711336,9.898393630981445,0.8780997257830734,-0.0,0.9009,0.0,-0.0,0.0,-0.0,0.0,0.0,-0.0,0.0,10.402984,1.0521549,0.0,0.195165,1.5434589,0.50270987,0.8924714,0.0,0.0,0.0,0.3257034,0.1383698,0.5782281,0.0,1.5434589,0.0,0.64255893,0.64255893,0.195165,-0.0,11.1,19.216665,18.88889,18.88889,2.0
resstock-amy2018-2021-release-1-508005,0.0,0.0,0.0,0.0,0.0,0.0,0.0,0.0,0.0,0.0,0.0,0.0,0.0,0.0,0.9009,0.9009,0.0,0.17728089,9.898350715637207,1.7547884042214008,-0.0,0.9009,0.0,-0.0,0.0,-0.0,0.0,0.0,-0.0,0.0,10.402984,0.0,0.0,0.23878051,1.1396805,0.35803065,0.64865875,0.0,0.0,0.0,0.31415,0.1383698,0.56915843,0.0,1.1396805,0.0,0.2387805,0.2387805,0.23878051,-0.0,10.6,18.179333,18.88889,18.88889,2.0
resstock-amy2018-2021-release-1-508005,0.0,0.0,0.0,0.0,0.0,0.0,0.0,0.0,0.0,0.0,0.0,0.0,0.0,0.0,0.9009,0.9009,0.0,0.2657089,9.898307800292969,2.6300684135096617,-0.0,0.9009,0.0,-0.0,0.0,-0.0,0.0,0.0,-0.0,0.0,10.402984,0.0,0.0,0.21726434,1.1181643,0.33185932,0.59765124,0.0,0.0,0.0,0.2967894,0.1383698,0.5344932,0.0,1.1181643,0.0,0.2172643,0.2172643,0.21726434,-0.0,10.6,17.18342,18.88889,18.88889,2.0
resstock-amy2018-2021-release-1-508005,0.0,1.657885,0.0,0.0,0.7143215,0.0,0.0,0.0,0.0,0.0,0.0,0.0,0.0,0.0,0.9009,0.9009,0.0,0.35399556,9.89826488494873,3.503941836810327,-0.0,0.9009,0.0,-0.0,0.0,-0.0,0.0,0.0,-0.0,0.0,10.402984,1.657885,0.0,0.20555991,1.8207815,0.4917854,0.9707209,0.0,0.0,0.0,0.2700958,0.1383698,0.5331342,0.0,1.8207815,0.0,0.91988146,0.91988146,0.20555991,-0.0,10.6,18.593384,18.88889,18.88889,2.0
resstock-amy2018-2021-release-1-508005,0.0,0.0,0.0,0.0,0.0,0.0,0.0,0.0,0.0,0.0,0.0,0.0,0.0,0.0,0.9009,0.9009,0.0,0.44214115,9.898221969604492,4.37641119973506,-0.0,0.9009,0.0,-0.0,0.0,-0.0,0.0,0.0,-0.0,0.0,10.402984,0.0,0.0,0.1873195,1.0882195,0.25556836,0.5744089,0.0,0.0,0.0,0.23485,0.1383698,0.5278428,0.0,1.0882195,0.0,0.18731952,0.18731952,0.1873195,-0.0,9.4,17.382896,18.88889,18.88889,2.0
resstock-amy2018-2021-release-1-508005,0.0,1.4639744,0.0,0.0,0.65061086,0.0,0.0,0.0,0.0,0.0,0.0,0.0,0.0,0.0,0.9009,0.9009,0.0,0.5301458,9.898179054260254,5.247478290380229,-0.0,0.9009,0.0,-0.0,0.0,-0.0,0.0,0.0,-0.0,0.0,10.402984,1.4639744,0.0,0.19658059,1.7480915,0.39987594,0.9215622,0.0,0.0,0.0,0.22875,0.1383698,0.5271819,0.0,1.7480915,0.0,0.84719145,0.84719145,0.19658059,-0.0,9.4,18.329866,18.88889,18.88889,2.0
resstock-amy2018-2021-release-1-508005,0.0,0.0,0.0,0.0,0.0,0.0,0.0,0.0,0.0,0.0,0.0,0.0,0.0,0.0,0.9009,0.9009,0.0,0.61800987,9.898136138916016,6.117145781773843,-0.0,0.9009,0.0,-0.0,0.0,-0.0,0.0,0.0,-0.0,0.0,10.402984,0.0,0.0,0.18498929,1.0858893,0.24658734,0.5709972,0.0,0.0,0.0,0.2270833,0.1383698,0.52583367,0.0,1.0858893,0.0,0.18498933,0.18498933,0.18498929,-0.0,10.0,17.311348,18.88889,18.88889,2.0
resstock-amy2018-2021-release-1-508005,0.0,1.5335265,0.0,0.0,0.70057005,0.0,0.0,0.0,0.0,0.0,0.0,0.0,0.0,0.0,0.9009,0.9009,0.0,0.70573354,9.898093223571777,6.985416346897864,-0.0,0.9009,0.0,-0.0,0.0,-0.0,0.0,0.0,-0.0,0.0,10.402984,1.5335265,0.0,0.18524572,1.7867157,0.48258442,0.92746276,0.0,0.0,0.0,0.2700958,0.1383698,0.51908803,0.0,1.7867157,0.0,0.88581574,0.88581574,0.18524572,-0.0,8.3,18.251518,18.916666,18.916666,2.0
resstock-amy2018-2021-release-1-508005,0.0,0.0,1.061255,0.0,0.0,1.1587212,0.0,0.0,0.0,0.0,0.0,0.0,0.0,0.0,0.9009,0.9009,0.0,0.79331696,9.898050308227539,7.852291183763782,-0.0,0.9009,0.0,-0.0,0.0,-0.0,0.0,0.0,-0.0,0.0,10.402984,0.0,0.0,0.1878324,2.2474537,0.7240792,1.1647916,0.0,0.0,0.0,0.3221776,0.1383698,0.5182717,0.0,2.2474537,0.0,1.3465537,1.3465537,0.1878324,-0.0,10.0,17.284374,20.0,20.0,2.0
resstock-amy2018-2021-release-1-508005,0.0,2.6398575,2.2332373,0.0,1.2059819,2.438339,0.0,0.0,0.0,0.0,0.0,0.0,0.0,0.0,0.9009,0.9009,0.0,0.8807604,9.8980073928833,8.717772670297052,-0.0,0.9009,0.0,-0.0,0.0,-0.0,0.0,0.0,-0.0,0.0,10.402984,2.6398575,0.0,0.2761897,4.82141,1.5536444,2.5051339,0.0,0.0,0.0,0.3222386,0.1383698,0.5195853,0.0,4.82141,0.0,3.9205103,3.9205103,0.2761897,-0.0,8.3,19.77965,19.944445,19.944445,2.0
resstock-amy2018-2021-release-1-508005,0.65372485,0.0,0.0,0.0,0.0,0.0,0.0,0.0,0.0,0.0,0.0,0.0,0.0,0.0,0.9009,0.9009,0.0,0.96806407,9.897964477539062,9.581863774346857,-0.0,0.9009,0.0,-0.0,0.0,-0.0,0.0,0.0,-0.0,0.0,10.402984,0.0,0.0,0.28178522,1.1825851,0.3927753,0.6167679,0.0,0.0,0.0,0.3321328,0.1383698,0.5215421,0.0,1.1825851,0.0,0.2816851,0.28178528,0.28178522,-0.000100172816,10.6,18.2098,17.814816,17.814816,2.0
resstock-amy2018-2021-release-1-508005,0.0,0.0,0.0,0.0,0.0,0.0,0.0,0.0,0.0,0.0,0.0,0.0,0.0,0.0,-0.69780475,0.0,-0.69780475,0.893598,9.897932052612305,8.844772485068574,0.69780475,0.0,0.0,-0.0,0.0,-0.0,0.0,0.0,-0.0,0.0,10.402984,0.0,0.0,0.282754,-0.41921118,-0.1385945,0.0,0.0,0.0,0.0,0.3306078,0.1383698,0.53027636,0.0,0.0,-0.41921118,0.27859357,0.282754,0.282754,-0.0041604284,11.7,17.335232,20.0,20.0,2.0
resstock-amy2018-2021-release-1-508005,0.0,3.1523829,0.0,0.0,1.2799292,0.0,0.0,0.0,0.0,0.0,0.0,0.0,0.0,0.0,-0.792,0.0,-0.792,0.8097338,9.897894859313965,8.014660096017963,0.792,0.0,0.0,-0.0,0.0,-0.0,0.0,0.0,-0.0,0.0,10.402984,3.1523829,0.0,0.27993497,0.7590706,0.24455553,0.40367937,0.0,0.0,0.0,0.3221776,0.1383698,0.5318074,0.0,0.7590706,0.0,1.5510706,1.5598642,0.27993497,-0.008793618,12.8,20.90287,20.0,20.0,2.0
resstock-amy2018-2021-release-1-508005,0.0,0.0,0.19065015,0.0,0.0,0.20815957,0.0,0.0,0.0,0.0,0.0,0.0,0.0,0.0,-0.792,0.0,-0.792,0.72600365,9.897857666015625,7.185880761535373,0.792,0.0,0.0,-0.0,0.0,-0.0,0.0,0.0,-0.0,0.0,10.402984,0.0,0.0,1.4076774,0.8183944,0.25230607,0.43453804,0.0,0.0,0.0,0.308294,0.1383698,0.5309641,0.0,0.8183944,0.0,1.6103945,1.6158371,1.4076774,-0.005442588,12.8,19.176182,20.0,20.0,2.0
resstock-amy2018-2021-release-1-508005,0.0,0.0,0.0,0.0,0.0,0.0,0.0,0.0,0.0,0.0,0.0,0.0,0.0,0.0,-0.792,0.0,-0.792,0.6424073,9.897820472717285,6.358432106839132,0.792,0.0,0.0,-0.0,0.0,-0.0,0.0,0.0,-0.0,0.0,10.402984,0.0,0.0,1.4093486,0.60910845,0.1839203,0.31913632,0.0,0.0,0.0,0.30195,0.1383698,0.5239401,0.0,0.60910845,0.0,1.4011085,1.4093486,1.4093486,-0.008240141,11.7,18.302174,19.101852,19.101852,2.0
resstock-amy2018-2021-release-1-508005,0.56108665,0.0,0.0,0.0,0.0,0.0,0.0,0.0,0.0,0.0,0.0,0.0,0.0,0.0,-0.792,0.0,-0.792,0.5589445,9.897783279418945,5.532311757183038,0.792,0.0,0.0,-0.0,0.0,-0.0,0.0,0.0,-0.0,0.0,10.402984,0.0,0.0,0.28050318,-0.5173199,-0.15605327,0.0,0.0,0.0,0.0,0.3016572,0.1383698,0.5114206,0.0,0.0,-0.5173199,0.27468008,0.28050318,0.28050318,-0.005823119,11.7,17.898426,17.777779,17.777779,2.0
resstock-amy2018-2021-release-1-508005,0.0,0.0,0.19064873,0.0,0.0,0.20815803,0.0,0.0,0.0,0.0,0.0,0.0,0.0,0.0,-0.792,0.0,-0.792,0.47561523,9.897746086120605,4.707518812735458,0.792,0.0,0.0,-0.0,0.0,-0.0,0.0,0.0,-0.0,0.0,10.402984,0.0,0.0,0.45746845,-0.13257019,-0.040870596,0.0,0.0,0.0,0.0,0.308294,0.1383698,0.49893615,0.0,0.0,-0.13257019,0.6594298,0.66562647,0.45746845,-0.0061966856,12.1,17.643267,17.777779,17.777779,2.0
resstock-amy2018-2021-release-1-508005,0.0,0.0,0.0,0.0,0.0,0.0,0.0,0.0,0.0,0.0,0.0,0.0,0.0,0.0,-0.792,0.0,-0.792,0.3924191,9.897708892822266,3.884050013880369,0.792,0.0,0.0,-0.0,0.0,-0.0,0.0,0.0,-0.0,0.0,10.402984,0.0,0.0,1.0599099,0.26221374,0.08397395,0.12762983,0.0,0.0,0.0,0.32025,0.1383698,0.4867397,0.0,0.26221374,0.0,1.0542138,1.0599099,1.0599099,-0.0056961994,11.7,17.253431,17.777779,17.777779,2.0
resstock-amy2018-2021-release-1-508005,0.0,0.0,0.0,0.0,0.0,0.0,0.0,0.0,0.0,0.0,0.0,0.0,0.0,0.0,-0.792,0.0,-0.792,0.3093559,9.897671699523926,3.0619032809449322,0.792,0.0,0.0,-0.0,0.0,-0.0,0.0,0.0,-0.0,0.0,10.402984,0.0,0.0,0.44839418,-0.3457771,-0.11280217,0.0,0.0,0.0,0.0,0.326228,0.1383698,0.48475754,0.0,0.0,-0.3457771,0.4462229,0.44839418,0.44839418,-0.0021712743,11.11,16.914822,19.25926,19.25926,2.0
resstock-amy2018-2021-release-1-508005,0.0,2.6482248,0.19065018,0.0,1.1260699,0.20815961,0.0,0.0,0.0,0.0,0.0,0.0,0.0,0.0,-0.792,0.0,-0.792,0.22642548,9.897634506225586,2.241076681773592,0.792,0.0,0.0,-0.0,0.0,-0.0,0.0,0.0,-0.0,0.0,10.402984,2.6482248,0.0,0.48809308,1.0303226,0.3430084,0.5125131,0.0,0.0,0.0,0.3329136,0.1383698,0.49742976,0.0,1.0303226,0.0,1.8223226,1.8223226,0.48809308,0.0,11.1,20.77811,21.01389,21.01389,2.0
resstock-amy2018-2021-release-1-508005,0.0,0.0,0.0,0.0,0.0,0.0,0.0,0.0,0.0,0.0,0.0,0.0,0.0,0.0,-0.792,0.0,-0.792,0.1436276,9.897597312927246,1.421568136753919,0.792,0.0,0.0,-0.0,0.0,-0.0,0.0,0.0,-0.0,0.0,10.402984,0.0,0.0,0.5518999,-0.24010009,-0.07982127,0.0,0.0,0.0,0.0,0.33245,0.1383698,0.5194138,0.0,0.0,-0.24010009,0.5518999,0.5518999,0.5518999,-0.0,11.1,19.35506,21.666666,21.666666,2.0
resstock-amy2018-2021-release-1-508005,0.0,2.691184,0.0,0.0,1.1102997,0.0,0.0,0.0,0.0,0.0,0.0,0.0,0.0,0.0,-0.792,0.0,-0.792,0.060962036,9.897560119628906,0.6033754188193825,0.792,0.0,0.0,-0.0,0.0,-0.0,0.0,0.0,-0.0,0.0,10.402984,2.691184,0.0,0.58928746,0.9075871,0.30143943,0.47502884,0.0,0.0,0.0,0.3321328,0.1383698,0.5233975,0.0,0.9075871,0.0,1.6995871,1.6995871,0.58928746,-0.0,12.22,22.047552,21.666666,21.666666,2.0
resstock-amy2018-2021-release-1-508005,0.0,0.0,0.19065021,0.0,0.0,0.20815964,0.0,0.0,0.0,0.0,0.0,0.0,0.0,0.0,-0.5847538,0.0,-0.5847538,0.0,9.89753246307373,0.0,0.5847538,0.0,0.0,-0.0,0.0,-0.0,0.0,0.0,-0.0,0.0,10.402984,0.0,0.0,0.35506824,-0.021525934,-0.0070255143,0.0,0.0,0.0,0.0,0.3263744,0.1383698,0.52276504,0.0,0.0,-0.021525934,0.5632279,0.5632279,0.35506824,-0.0,11.7,20.352037,21.666666,21.666666,2.0
resstock-amy2018-2021-release-1-508005,0.0,1.5131032,0.0,0.0,0.6314363,0.0,0.0,0.0,0.0,0.0,0.0,0.0,0.0,0.0,0.0,0.0,0.0,0.0,9.89753246307373,0.0,-0.0,0.0,0.0,-0.0,0.0,-0.0,0.0,0.0,-0.0,0.0,10.402984,1.5131032,0.0,0.44322944,1.0746658,0.3440175,0.5593353,0.0,0.0,0.0,0.3201158,0.1383698,0.5204737,0.0,1.0746658,0.0,1.0746658,1.0746658,0.44322944,-0.0,11.8,21.101206,21.597221,21.597221,2.0
resstock-amy2018-2021-release-1-508005,0.0,0.0,0.0,0.0,0.0,0.0,0.0,0.0,0.0,0.0,0.0,0.0,0.0,0.0,0.9009,0.9009,0.0,0.088711336,9.897489547729492,0.8780195233497068,-0.0,0.9009,0.0,-0.0,0.0,-0.0,0.0,0.0,-0.0,0.0,10.402984,0.0,0.0,0.2958324,1.1967324,0.35926554,0.61284614,0.0,0.0,0.0,0.3002054,0.1383698,0.51209956,0.0,1.1967324,0.0,0.2958324,0.2958324,0.2958324,-0.0,12.2,19.615953,21.11111,21.11111,2.0
resstock-amy2018-2021-release-1-508005,0.95910716,1.4534409,0.0,0.0,0.5999732,0.0,0.0,0.0,0.0,0.0,0.0,0.0,0.0,0.0,0.9009,0.9009,0.0,0.17728089,9.897446632385254,1.7546281275397035,-0.0,0.9009,0.0,-0.0,0.0,-0.0,0.0,0.0,-0.0,0.0,10.402984,1.4534409,0.0,0.23878051,1.7396537,0.47220775,0.8767272,0.0,0.0,0.0,0.2714378,0.1383698,0.5039665,0.0,1.7396537,0.0,0.8387537,0.8387537,0.23878051,-0.0,12.2,20.496983,18.88889,18.88889,2.0
resstock-amy2018-2021-release-1-508005,0.3383086,0.0,1.0109845,0.0,0.0,1.1038339,0.0,0.0,0.0,0.0,0.0,0.0,0.0,0.0,0.9009,0.9009,0.0,0.2657089,9.897403717041016,2.6298281905491194,-0.0,0.9009,0.0,-0.0,0.0,-0.0,0.0,0.0,-0.0,0.0,10.402984,0.0,0.0,0.21726434,2.2219982,0.52590257,1.069566,0.0,0.0,0.0,0.23668,0.1383698,0.48135322,0.0,2.2219982,0.0,1.3210982,1.3210982,0.21726434,-0.0,12.4,19.150475,18.88889,18.88889,2.0
resstock-amy2018-2021-release-1-508005,0.0,0.0,0.0,0.0,0.0,0.0,0.0,0.0,0.0,0.0,0.0,0.0,0.0,0.0,0.9009,0.9009,0.0,0.35399556,9.897360801696777,3.503621795351819,-0.0,0.9009,0.0,-0.0,0.0,-0.0,0.0,0.0,-0.0,0.0,10.402984,0.0,0.0,0.20555991,1.1064599,0.2587992,0.5431988,0.0,0.0,0.0,0.2338984,0.1383698,0.49093407,0.0,1.1064599,0.0,0.20555985,0.20555985,0.20555991,-0.0,12.2,18.100151,18.88889,18.88889,2.0
resstock-amy2018-2021-release-1-508005,0.0,0.0,0.0,0.0,0.0,0.0,0.0,0.0,0.0,0.0,0.0,0.0,0.0,0.0,0.9009,0.9009,0.0,0.44214115,9.897317886352539,4.376011467330443,-0.0,0.9009,0.0,-0.0,0.0,-0.0,0.0,0.0,-0.0,0.0,10.402984,0.0,0.0,0.1873195,1.0882195,0.2290158,0.5289376,0.0,0.0,0.0,0.21045,0.1383698,0.4860578,0.0,1.0882195,0.0,0.18731952,0.18731952,0.1873195,-0.0,12.2,17.500288,18.88889,18.88889,2.0
resstock-amy2018-2021-release-1-508005,0.0,1.3498582,0.8548808,0.0,0.56483644,0.9333936,0.0,0.0,0.0,0.0,0.0,0.0,0.0,0.0,0.9009,0.9009,0.0,0.5301458,9.8972749710083,5.246998994419698,-0.0,0.9009,0.0,-0.0,0.0,-0.0,0.0,0.0,-0.0,0.0,10.402984,1.3498582,0.0,0.18623988,2.58537,0.6193808,1.262989,0.0,0.0,0.0,0.2395714,0.1383698,0.48851386,0.0,2.58537,0.0,1.68447,1.68447,0.18623988,-0.0,11.7,18.650574,18.88889,18.88889,2.0
resstock-amy2018-2021-release-1-508005,0.0,0.0,0.0,0.0,0.0,0.0,0.0,0.0,0.0,0.0,0.0,0.0,0.0,0.0,0.9009,0.9009,0.0,0.61800987,9.897232055664062,6.116587049405098,-0.0,0.9009,0.0,-0.0,0.0,-0.0,0.0,0.0,-0.0,0.0,10.402984,0.0,0.0,0.18498929,1.0858893,0.2656194,0.54029423,0.0,0.0,0.0,0.24461,0.1383698,0.4975592,0.0,1.0858893,0.0,0.18498933,0.18498933,0.18498929,-0.0,11.7,17.699741,18.916666,18.916666,2.0
resstock-amy2018-2021-release-1-508005,0.0,1.1829714,0.131187,0.0,0.49500412,0.1432353,0.0,0.0,0.0,0.0,0.0,0.0,0.0,0.0,0.9009,0.9009,0.0,0.70573354,9.897189140319824,6.984778305026111,-0.0,0.9009,0.0,-0.0,0.0,-0.0,0.0,0.0,-0.0,0.0,10.402984,1.1829714,0.0,0.21349585,1.7526354,0.44367963,0.892819,0.0,0.0,0.0,0.25315,0.1383698,0.50941515,0.0,1.7526354,0.0,0.85173535,0.85173535,0.21349585,-0.0,11.7,18.39125,20.0,20.0,2.0
resstock-amy2018-2021-release-1-508005,0.0,1.6377995,0.2480062,0.0,0.6760755,0.27078325,0.0,0.0,0.0,0.0,0.0,0.0,0.0,0.0,0.9009,0.9009,0.0,0.79331696,9.897146224975586,7.851573959186453,-0.0,0.9009,0.0,-0.0,0.0,-0.0,0.0,0.0,-0.0,0.0,10.402984,1.6377995,0.0,0.57821625,2.425975,0.722401,1.2542526,0.0,0.0,0.0,0.2977776,0.1383698,0.5170097,0.0,2.425975,0.0,1.5250751,1.5250751,0.57821625,-0.0,12.2,19.2202,20.0,20.0,2.0
resstock-amy2018-2021-release-1-508005,0.0,0.0,0.19082141,0.0,0.0,0.20834656,0.0,0.0,0.0,0.0,0.0,0.0,0.0,0.0,0.9009,0.9009,0.0,0.8807604,9.897103309631348,8.716976389596027,-0.0,0.9009,0.0,-0.0,0.0,-0.0,0.0,0.0,-0.0,0.0,10.402984,0.0,0.0,0.2761897,1.3854363,0.44368598,0.72539884,0.0,0.0,0.0,0.32025,0.1383698,0.5235887,0.0,1.3854363,0.0,0.4845363,0.4845363,0.2761897,-0.0,12.2,18.173473,19.944445,19.944445,2.0
resstock-amy2018-2021-release-1-508005,1.1857497,1.7215595,0.0,0.0,0.67760193,0.0,0.0,0.0,0.0,0.0,0.0,0.0,0.0,0.0,0.9009,0.9009,0.0,0.96806407,9.89706039428711,9.58098856383458,-0.0,0.9009,0.0,-0.0,0.0,-0.0,0.0,0.0,-0.0,0.0,10.402984,1.7215595,0.0,0.28178522,1.8568314,0.6574453,0.97868586,0.0,0.0,0.0,0.3540684,0.1383698,0.5270731,0.0,1.8568314,0.0,0.9559314,0.9593872,0.28178522,-0.0034557811,13.9,19.713053,17.777779,17.777779,2.0
resstock-amy2018-2021-release-1-508005,0.0,0.0,0.0,0.0,0.0,0.0,0.0,0.0,0.0,0.0,0.0,0.0,0.0,0.0,-0.69780475,0.0,-0.69780475,0.893598,9.897027969360352,8.843964598064645,0.69780475,0.0,0.0,-0.0,0.0,-0.0,0.0,0.0,-0.0,0.0,10.402984,0.0,0.0,0.282754,-0.44769925,-0.14404203,0.0,0.0,0.0,0.0,0.3217384,0.1383698,0.54080325,0.0,0.0,-0.44769925,0.2501055,0.282754,0.282754,-0.03264852,13.3,18.58247,17.777779,17.777779,2.0
resstock-amy2018-2021-release-1-508005,0.0,0.0,0.0,0.0,0.0,0.0,0.0,0.0,0.0,0.0,0.0,0.0,0.0,0.0,-0.792,0.0,-0.792,0.8097338,9.896990776062012,8.013928029243573,0.792,0.0,0.0,-0.0,0.0,-0.0,0.0,0.0,-0.0,0.0,10.402984,0.0,0.0,0.27993497,-0.5599506,-0.17510921,0.0,0.0,0.0,0.0,0.3127226,0.1383698,0.5549155,0.0,0.0,-0.5599506,0.2320494,0.2799349,0.27993497,-0.047885515,13.3,18.025826,17.777779,17.777779,2.0
resstock-amy2018-2021-release-1-508005,0.4790476,0.0,1.1576766,0.0,0.0,1.2639983,0.0,0.0,0.0,0.0,0.0,0.0,0.0,0.0,-0.792,0.0,-0.792,0.72600365,9.896953582763672,7.185224393797398,0.792,0.0,0.0,-0.0,0.0,-0.0,0.0,0.0,-0.0,0.0,10.402984,0.0,0.0,0.27905232,0.70808434,0.21251027,0.39265248,0.0,0.0,0.0,0.30012,0.1383698,0.5545278,0.0,0.70808434,0.0,1.5000844,1.5430506,0.27905232,-0.04296627,13.9,17.900154,17.777779,17.777779,2.0
resstock-amy2018-2021-release-1-508005,0.862227,0.0,0.9781581,0.0,0.0,1.0679927,0.0,0.0,0.0,0.0,0.0,0.0,0.0,0.0,-0.792,0.0,-0.792,0.6424073,9.896916389465332,6.357851317159998,0.792,0.0,0.0,-0.0,0.0,-0.0,0.0,0.0,-0.0,0.0,10.402984,0.0,0.0,0.37126195,0.6138108,0.18115409,0.32557595,0.0,0.0,0.0,0.2951302,0.1383698,0.53041744,0.0,0.6138108,0.0,1.4058108,1.4392548,0.37126195,-0.033443898,15.6,18.107666,17.777779,17.777779,2.0
resstock-amy2018-2021-release-1-508005,0.0,0.0,0.0,0.0,0.0,0.0,0.0,0.0,0.0,0.0,0.0,0.0,0.0,0.0,-0.792,0.0,-0.792,0.5589445,9.896879196166992,5.53180642480072,0.792,0.0,0.0,-0.0,0.0,-0.0,0.0,0.0,-0.0,0.0,10.402984,0.0,0.0,0.28050318,-0.53808963,-0.16050677,0.0,0.0,0.0,0.0,0.29829,0.1383698,0.50575393,0.0,0.0,-0.53808963,0.25391036,0.2805032,0.28050318,-0.026592847,15.6,18.24627,17.777779,17.777779,2.0
resstock-amy2018-2021-release-1-508005,0.0,0.0,0.57246083,0.0,0.0,0.625036,0.0,0.0,0.0,0.0,0.0,0.0,0.0,0.0,-0.792,0.0,-0.792,0.47561523,9.896842002868652,4.7070888169687635,0.792,0.0,0.0,-0.0,0.0,-0.0,0.0,0.0,-0.0,0.0,10.402984,0.0,0.0,0.2796783,0.065463424,0.020451128,0.031790037,0.0,0.0,0.0,0.3124054,0.1383698,0.48561522,0.0,0.065463424,0.0,0.8574634,0.9047143,0.2796783,-0.047250886,17.2,18.697048,19.37037,19.37037,2.0
resstock-amy2018-2021-release-1-508005,0.0,0.0,0.0,0.0,0.0,0.0,0.0,0.0,0.0,0.0,0.0,0.0,0.0,0.0,-0.792,0.0,-0.792,0.3924191,9.896804809570312,3.8836952343444864,0.792,0.0,0.0,-0.0,0.0,-0.0,0.0,0.0,-0.0,0.0,10.402984,0.0,0.0,0.2863047,-0.5567313,-0.17928484,0.0,0.0,0.0,0.0,0.3220312,0.1383698,0.5069151,0.0,0.0,-0.5567313,0.23526871,0.2863047,0.2863047,-0.051036,13.9,18.890118,20.0,20.0,2.0
resstock-amy2018-2021-release-1-508005,1.2577088,1.3741243,0.0,0.0,0.5330936,0.0,0.0,0.0,0.0,0.0,0.0,0.0,0.0,0.0,-0.792,0.0,-0.792,0.3093559,9.896767616271973,3.0616235974436563,0.792,0.0,0.0,-0.0,0.0,-0.0,0.0,0.0,-0.0,0.0,10.402984,1.3741243,0.0,1.4645516,1.1908394,0.39654833,0.59623486,0.0,0.0,0.0,0.332999,0.1383698,0.5006845,0.0,1.1908394,0.0,1.9828393,1.997645,1.4645516,-0.0148056755,14.4,20.774302,18.462963,18.462963,2.0
resstock-amy2018-2021-release-1-508005,0.0,0.0,0.0,0.0,0.0,0.0,0.0,0.0,0.0,0.0,0.0,0.0,0.0,0.0,-0.792,0.0,-0.792,0.22642548,9.896730422973633,2.2408719742858523,0.792,0.0,0.0,-0.0,0.0,-0.0,0.0,0.0,-0.0,0.0,10.402984,0.0,0.0,1.471986,0.67997193,0.23582065,0.36835542,0.0,0.0,0.0,0.3468094,0.1383698,0.5417215,0.0,0.67997193,0.0,1.471972,1.471986,1.471986,-1.4121543e-05,14.4,19.907278,20.86111,20.86111,2.0
resstock-amy2018-2021-release-1-508005,0.0,0.0,0.19082123,0.0,0.0,0.20834637,0.0,0.0,0.0,0.0,0.0,0.0,0.0,0.0,-0.792,0.0,-0.792,0.1436276,9.896693229675293,1.4214382854472518,0.792,0.0,0.0,-0.0,0.0,-0.0,0.0,0.0,-0.0,0.0,10.402984,0.0,0.0,0.5518999,-0.03175372,-0.011137617,0.0,0.0,0.0,0.0,0.35075,0.1383698,0.5782379,0.0,0.0,-0.03175372,0.7602463,0.7602463,0.5518999,-0.0,15.0,19.306364,21.11111,21.11111,2.0
resstock-amy2018-2021-release-1-508005,0.0,2.315295,0.0,0.0,0.86684763,0.0,0.0,0.0,0.0,0.0,0.0,0.0,0.0,0.0,-0.792,0.0,-0.792,0.060962036,9.896656036376953,0.6033203040634021,0.792,0.0,0.0,-0.0,0.0,-0.0,0.0,0.0,-0.0,0.0,10.402984,2.315295,0.0,0.58928746,0.66413504,0.23019053,0.38596293,0.0,0.0,0.0,0.346602,0.1383698,0.5811513,0.0,0.66413504,0.0,1.456135,1.456135,0.58928746,-0.0,15.6,21.90356,21.11111,21.11111,2.0
resstock-amy2018-2021-release-1-508005,0.0,0.0,0.3816423,0.0,0.0,0.41669255,0.0,0.0,0.0,0.0,0.0,0.0,0.0,0.0,-0.5847538,0.0,-0.5847538,0.0,9.896628379821777,0.0,0.5847538,0.0,0.0,-0.0,0.0,-0.0,0.0,0.0,-0.0,0.0,10.402984,0.0,0.0,0.51096326,0.342902,0.11399777,0.19002087,0.0,0.0,0.0,0.33245,0.1383698,0.55415505,0.0,0.342902,0.0,0.9276558,0.9276558,0.51096326,-0.0,15.0,20.705036,21.11111,21.11111,2.0
resstock-amy2018-2021-release-1-508005,0.0,0.0,0.26810187,0.0,0.0,0.29272452,0.0,0.0,0.0,0.0,0.0,0.0,0.0,0.0,0.0,0.0,0.0,0.0,9.896628379821777,0.0,-0.0,0.0,0.0,-0.0,0.0,-0.0,0.0,0.0,-0.0,0.0,10.402984,0.0,0.0,0.44322944,0.7359539,0.23574312,0.3883432,0.0,0.0,0.0,0.3203232,0.1383698,0.52767324,0.0,0.7359539,0.0,0.7359539,0.7359539,0.44322944,-0.0,13.9,19.652695,22.027779,22.027779,2.0
resstock-amy2018-2021-release-1-508005,0.0,2.308817,0.0,0.0,0.88006556,0.0,0.0,0.0,0.0,0.0,0.0,0.0,0.0,0.0,0.9009,0.9009,0.0,0.088711336,9.896585464477539,0.8779393209163402,-0.0,0.9009,0.0,-0.0,0.0,-0.0,0.0,0.0,-0.0,0.0,10.402984,2.308817,0.0,0.6220751,2.4030406,0.74022734,1.2038524,0.0,0.0,0.0,0.3080378,0.1383698,0.5009705,0.0,2.4030406,0.0,1.5021406,1.5021406,0.6220751,-0.0,15.0,21.909391,21.11111,21.11111,2.0
resstock-amy2018-2021-release-1-508005,1.3184136,0.0,0.0,0.0,0.0,0.0,0.0,0.0,0.0,0.0,0.0,0.0,0.0,0.0,0.9009,0.9009,0.0,0.17728089,9.8965425491333,1.7544678508580063,-0.0,0.9009,0.0,-0.0,0.0,-0.0,0.0,0.0,-0.0,0.0,10.402984,0.0,0.0,0.23878051,1.1396805,0.2925393,0.522273,0.0,0.0,0.0,0.25668535,0.1383698,0.45826265,0.0,1.1396805,0.0,0.2387805,0.2387805,0.23878051,-0.0,14.4,20.429089,18.88889,18.88889,2.0
resstock-amy2018-2021-release-1-508005,0.0,0.0,0.0,0.0,0.0,0.0,0.0,0.0,0.0,0.0,0.0,0.0,0.0,0.0,0.9009,0.9009,0.0,0.2657089,9.896499633789062,2.629587967588577,-0.0,0.9009,0.0,-0.0,0.0,-0.0,0.0,0.0,-0.0,0.0,10.402984,0.0,0.0,0.21726434,1.1181643,0.30486256,0.5063151,0.0,0.0,0.0,0.2726456,0.1383698,0.4528092,0.0,1.1181643,0.0,0.2172643,0.2172643,0.21726434,-0.0,15.0,19.273102,18.88889,18.88889,2.0
resstock-amy2018-2021-release-1-508005,0.0,0.0,0.0,0.0,0.0,0.0,0.0,0.0,0.0,0.0,0.0,0.0,0.0,0.0,0.9009,0.9009,0.0,0.35399556,9.896456718444824,3.503301753893311,-0.0,0.9009,0.0,-0.0,0.0,-0.0,0.0,0.0,-0.0,0.0,10.402984,0.0,0.0,0.20555991,1.1064599,0.26390174,0.44061828,0.0,0.0,0.0,0.23851,0.1383698,0.39822346,0.0,1.1064599,0.0,0.20555985,0.20555985,0.20555991,-0.0,14.4,18.512922,18.88889,18.88889,2.0
resstock-amy2018-2021-release-1-508005,0.0,0.0,0.0,0.0,0.0,0.0,0.0,0.0,0.0,0.0,0.0,0.0,0.0,0.0,0.9009,0.9009,0.0,0.44214115,9.896413803100586,4.375611734925826,-0.0,0.9009,0.0,-0.0,0.0,-0.0,0.0,0.0,-0.0,0.0,10.402984,0.0,0.0,0.1873195,1.0882195,0.23830919,0.43434355,0.0,0.0,0.0,0.21899,0.1383698,0.39913228,0.0,1.0882195,0.0,0.18731952,0.18731952,0.1873195,-0.0,14.266666,17.887793,18.88889,18.88889,2.0
resstock-amy2018-2021-release-1-508005,0.0,0.9731653,0.0,0.0,0.37754095,0.0,0.0,0.0,0.0,0.0,0.0,0.0,0.0,0.0,0.9009,0.9009,0.0,0.5301458,9.896370887756348,5.246519698459167,-0.0,0.9009,0.0,-0.0,0.0,-0.0,0.0,0.0,-0.0,0.0,10.402984,0.9731653,0.0,0.18623988,1.4646809,0.30824208,0.5804081,0.0,0.0,0.0,0.21045,0.1383698,0.39626932,0.0,1.4646809,0.0,0.5637809,0.5637809,0.18623988,-0.0,14.4,18.577652,18.88889,18.88889,2.0
resstock-amy2018-2021-release-1-508005,0.0,0.0,0.0,0.0,0.0,0.0,0.0,0.0,0.0,0.0,0.0,0.0,0.0,0.0,0.9009,0.9009,0.0,0.61800987,9.89632797241211,6.116028317036353,-0.0,0.9009,0.0,-0.0,0.0,-0.0,0.0,0.0,-0.0,0.0,10.402984,0.0,0.0,0.18498929,1.0858893,0.23832881,0.45166594,0.0,0.0,0.0,0.219478,0.1383698,0.41594103,0.0,1.0858893,0.0,0.18498933,0.18498933,0.18498929,-0.0,14.4,17.927982,18.88889,18.88889,2.0
resstock-amy2018-2021-release-1-508005,0.0,0.0,0.0,0.0,0.0,0.0,0.0,0.0,0.0,0.0,0.0,0.0,0.0,0.0,0.9009,0.9009,0.0,0.70573354,9.896285057067871,6.984140263154359,-0.0,0.9009,0.0,-0.0,0.0,-0.0,0.0,0.0,-0.0,0.0,10.402984,0.0,0.0,0.21349585,1.1143959,0.28537226,0.4874632,0.0,0.0,0.0,0.256078,0.1383698,0.43742374,0.0,1.1143959,0.0,0.21349585,0.21349585,0.21349585,-0.0,14.4,17.44339,18.912037,18.912037,2.0
resstock-amy2018-2021-release-1-508005,0.0,1.4276704,1.211634,0.0,0.56192786,1.3229113,0.0,0.0,0.0,0.0,0.0,0.0,0.0,0.0,0.9009,0.9009,0.0,0.79331696,9.896242141723633,7.850856734609124,-0.0,0.9009,0.0,-0.0,0.0,-0.0,0.0,0.0,-0.0,0.0,10.402984,1.4276704,0.0,0.31611475,3.1018538,0.9864057,1.4505409,0.0,0.0,0.0,0.3180052,0.1383698,0.46763676,0.0,3.1018538,0.0,2.200954,2.200954,0.31611475,-0.0,13.9,19.021812,20.0,20.0,2.0
resstock-amy2018-2021-release-1-508005,0.0,0.0,0.5926693,0.0,0.0,0.6471004,0.0,0.0,0.0,0.0,0.0,0.0,0.0,0.0,0.9009,0.9009,0.0,0.8807604,9.896199226379395,8.716180108895003,-0.0,0.9009,0.0,-0.0,0.0,-0.0,0.0,0.0,-0.0,0.0,10.402984,0.0,0.0,0.19016261,1.738163,0.5785945,0.87769264,0.0,0.0,0.0,0.332877,0.1383698,0.50495416,0.0,1.738163,0.0,0.837263,0.837263,0.19016261,-0.0,14.4,18.20745,19.953703,19.953703,2.0
resstock-amy2018-2021-release-1-508005,1.6658814,1.6975302,0.5952668,0.0,0.6470578,0.6499365,0.0,0.0,0.0,0.0,0.0,0.0,0.0,0.0,0.9009,0.9009,0.0,0.96806407,9.896156311035156,9.580113353322304,-0.0,0.9009,0.0,-0.0,0.0,-0.0,0.0,0.0,-0.0,0.0,10.402984,1.6975302,0.0,0.28178522,2.4643638,0.9004539,1.3544322,0.0,0.0,0.0,0.36539,0.1383698,0.5496073,0.0,2.4643638,0.0,1.5634638,1.5787796,0.28178522,-0.015315828,15.0,19.824142,17.902779,17.902779,2.0
resstock-amy2018-2021-release-1-508005,0.0,0.0,0.38197532,0.0,0.0,0.41705617,0.0,0.0,0.0,0.0,0.0,0.0,0.0,0.0,-0.69780475,0.0,-0.69780475,0.893598,9.896123886108398,8.843156711060715,0.69780475,0.0,0.0,-0.0,0.0,-0.0,0.0,0.0,-0.0,0.0,10.402984,0.0,0.0,0.282754,-0.008340418,-0.0032067492,0.0,0.0,0.0,0.0,0.384483,0.1383698,0.5469442,0.0,0.0,-0.008340418,0.68946433,0.69981015,0.282754,-0.010345844,14.4,18.724228,21.11111,21.11111,2.0
resstock-amy2018-2021-release-1-508005,0.0,2.9675179,0.0,0.0,1.1411997,0.0,0.0,0.0,0.0,0.0,0.0,0.0,0.0,0.0,-0.792,0.0,-0.792,0.8097338,9.896086692810059,8.013195962469183,0.792,0.0,0.0,-0.0,0.0,-0.0,0.0,0.0,-0.0,0.0,10.402984,2.9675179,0.0,0.18819655,0.5307494,0.17187618,0.2890203,0.0,0.0,0.0,0.3238368,0.1383698,0.5445514,0.0,0.5307494,0.0,1.3227494,1.3293962,0.18819655,-0.006646875,14.7,21.596786,21.11111,21.11111,2.0
resstock-amy2018-2021-release-1-508005,0.0,0.0,0.19098778,0.0,0.0,0.2085282,0.0,0.0,0.0,0.0,0.0,0.0,0.0,0.0,-0.792,0.0,-0.792,0.72600365,9.896049499511719,7.184568026059424,0.792,0.0,0.0,-0.0,0.0,-0.0,0.0,0.0,-0.0,0.0,10.402984,0.0,0.0,1.3169072,0.72242916,0.22640467,0.39771885,0.0,0.0,0.0,0.3133936,0.1383698,0.5505299,0.0,0.72242916,0.0,1.5144291,1.5254353,1.3169072,-0.011006207,15.2,19.996002,21.11111,21.11111,2.0
resstock-amy2018-2021-release-1-508005,0.0,1.4348916,0.9830624,0.0,0.53560376,1.0733474,0.0,0.0,0.0,0.0,0.0,0.0,0.0,0.0,-0.792,0.0,-0.792,0.6424073,9.896012306213379,6.357270527480864,0.792,0.0,0.0,-0.0,0.0,-0.0,0.0,0.0,-0.0,0.0,10.402984,1.4348916,0.0,0.37126195,1.1777903,0.34126475,0.6618569,0.0,0.0,0.0,0.28975,0.1383698,0.561948,0.0,1.1777903,0.0,1.9697902,1.980213,0.37126195,-0.0104228575,15.7,21.208729,21.11111,21.11111,2.0
resstock-amy2018-2021-release-1-508005,0.0,0.0,0.2331693,0.0,0.0,0.25458372,0.0,0.0,0.0,0.0,0.0,0.0,0.0,0.0,-0.792,0.0,-0.792,0.5589445,9.895975112915039,5.531301092418403,0.792,0.0,0.0,-0.0,0.0,-0.0,0.0,0.0,-0.0,0.0,10.402984,0.0,0.0,0.28050318,-0.2673403,-0.077494465,0.0,0.0,0.0,0.0,0.289872,0.1383698,0.5618357,0.0,0.0,-0.2673403,0.5246597,0.5350869,0.28050318,-0.010427225,15.2,20.056084,21.11111,21.11111,2.0
resstock-amy2018-2021-release-1-508005,0.0,1.2630112,0.0,0.0,0.5067457,0.0,0.0,0.0,0.0,0.0,0.0,0.0,0.0,0.0,-0.792,0.0,-0.792,0.47561523,9.8959379196167,4.706658821202069,0.792,0.0,0.0,-0.0,0.0,-0.0,0.0,0.0,-0.0,0.0,10.402984,1.2630112,0.0,0.36857337,0.05320309,0.016682595,0.029826676,0.0,0.0,0.0,0.3135644,0.1383698,0.56061924,0.0,0.05320309,0.0,0.8452031,0.87531906,0.36857337,-0.030115975,13.225,21.030367,21.11111,21.11111,2.0
resstock-amy2018-2021-release-1-508005,0.0,0.0,0.0,0.0,0.0,0.0,0.0,0.0,0.0,0.0,0.0,0.0,0.0,0.0,-0.792,0.0,-0.792,0.3924191,9.89590072631836,3.8833404548086037,0.792,0.0,0.0,-0.0,0.0,-0.0,0.0,0.0,-0.0,0.0,10.402984,0.0,0.0,0.38273486,-0.4202876,-0.13939132,0.0,0.0,0.0,0.0,0.331657,0.1383698,0.5556334,0.0,0.0,-0.4202876,0.3717124,0.38273486,0.38273486,-0.011022465,13.3,19.98279,21.11111,21.11111,2.0
resstock-amy2018-2021-release-1-508005,0.0,1.33851,0.0,0.0,0.54194975,0.0,0.0,0.0,0.0,0.0,0.0,0.0,0.0,0.0,-0.792,0.0,-0.792,0.3093559,9.89586353302002,3.0613439139423804,0.792,0.0,0.0,-0.0,0.0,-0.0,0.0,0.0,-0.0,0.0,10.402984,1.33851,0.0,0.44839418,0.19550115,0.07316814,0.10825668,0.0,0.0,0.0,0.3742594,0.1383698,0.55373937,0.0,0.19550115,0.0,0.98750114,0.9903439,0.44839418,-0.0028427807,12.9,20.910246,21.087963,21.087963,2.0
resstock-amy2018-2021-release-1-508005,0.0,0.0,0.0,0.0,0.0,0.0,0.0,0.0,0.0,0.0,0.0,0.0,0.0,0.0,-0.792,0.0,-0.792,0.22642548,9.89582633972168,2.2406672667981127,0.792,0.0,0.0,-0.0,0.0,-0.0,0.0,0.0,-0.0,0.0,10.402984,0.0,0.0,0.48809308,-0.30390692,-0.11956847,0.0,0.0,0.0,0.0,0.3934378,0.1383698,0.5609246,0.0,0.0,-0.30390692,0.48809308,0.48809308,0.48809308,0.0,12.2,19.716797,20.0,20.0,2.0
resstock-amy2018-2021-release-1-508005,0.0,0.0,0.0,0.0,0.0,0.0,0.0,0.0,0.0,0.0,0.0,0.0,0.0,0.0,-0.792,0.0,-0.792,0.1436276,9.89578914642334,1.4213084341405846,0.792,0.0,0.0,-0.0,0.0,-0.0,0.0,0.0,-0.0,0.0,10.402984,0.0,0.0,0.5518999,-0.24010009,-0.09153523,0.0,0.0,0.0,0.0,0.3812378,0.1383698,0.56435364,0.0,0.0,-0.24010009,0.5518999,0.5518999,0.5518999,-0.0,11.7,18.717205,20.0,20.0,2.0
resstock-amy2018-2021-release-1-508005,0.0,1.4724792,0.19098775,0.0,0.61614615,0.20852818,0.0,0.0,0.0,0.0,0.0,0.0,0.0,0.0,-0.792,0.0,-0.792,0.060962036,9.895751953125,0.6032651893074217,0.792,0.0,0.0,-0.0,0.0,-0.0,0.0,0.0,-0.0,0.0,10.402984,1.4724792,0.0,0.58928746,0.6219618,0.24380031,0.3473589,0.0,0.0,0.0,0.391986,0.1383698,0.55848914,0.0,0.6219618,0.0,1.4139618,1.4139618,0.58928746,-0.0,11.7,20.144064,21.981482,21.981482,2.0
resstock-amy2018-2021-release-1-508005,0.0,2.1834652,0.19097945,0.0,0.9210492,0.20851912,0.0,0.0,0.0,0.0,0.0,0.0,0.0,0.0,-0.5847538,0.0,-0.5847538,0.0,9.895724296569824,0.0,0.5847538,0.0,0.0,-0.0,0.0,-0.0,0.0,0.0,-0.0,0.0,10.402984,2.1834652,0.0,0.6668583,1.2116729,0.40283543,0.6701494,0.0,0.0,0.0,0.3324622,0.1383698,0.5530778,0.0,1.2116729,0.0,1.7964268,1.7964268,0.6668583,-0.0,11.4,20.964228,22.222221,22.222221,2.0
resstock-amy2018-2021-release-1-508005,0.0,1.6412839,0.16114682,0.0,0.6979016,0.17594664,0.0,0.0,0.0,0.0,0.0,0.0,0.0,0.0,0.0,0.0,0.0,0.0,9.895724296569824,0.0,-0.0,0.0,0.0,-0.0,0.0,-0.0,0.0,0.0,-0.0,0.0,10.402984,1.6412839,0.0,0.7224223,1.5962704,0.5169311,0.86887246,0.0,0.0,0.0,0.3238368,0.1383698,0.5443141,0.0,1.5962704,0.0,1.5962704,1.5962704,0.7224223,-0.0,11.1,20.70084,22.152779,22.152779,2.0
resstock-amy2018-2021-release-1-508005,0.0,1.6774313,0.0,0.0,0.7447166,0.0,0.0,0.0,0.0,0.0,0.0,0.0,0.0,0.0,0.9009,0.9009,0.0,0.088711336,9.895681381225586,0.8778591184829736,-0.0,0.9009,0.0,-0.0,0.0,-0.0,0.0,0.0,-0.0,0.0,10.402984,1.6774313,0.0,0.6946869,2.3403034,0.73517776,1.2601261,0.0,0.0,0.0,0.3141378,0.1383698,0.5384456,0.0,2.3403034,0.0,1.4394034,1.4394034,0.6946869,-0.0,9.44,20.583775,21.666666,21.666666,2.0
resstock-amy2018-2021-release-1-508005,0.0,1.4068953,0.0,0.0,0.6114221,0.0,0.0,0.0,0.0,0.0,0.0,0.0,0.0,0.0,0.9009,0.9009,0.0,0.17728089,9.895638465881348,1.754307574176309,-0.0,0.9009,0.0,-0.0,0.0,-0.0,0.0,0.0,-0.0,0.0,10.402984,1.4068953,0.0,0.5369676,2.0492897,0.5834311,1.0947071,0.0,0.0,0.0,0.2846992,0.1383698,0.53418857,0.0,2.0492897,0.0,1.1483897,1.1483897,0.5369676,-0.0,10.27,20.213566,20.555555,20.555555,2.0
resstock-amy2018-2021-release-1-508005,0.595544,0.0,0.0,0.0,0.0,0.0,0.0,0.0,0.0,0.0,0.0,0.0,0.0,0.0,0.9009,0.9009,0.0,0.2657089,9.89559555053711,2.629347744628035,-0.0,0.9009,0.0,-0.0,0.0,-0.0,0.0,0.0,-0.0,0.0,10.402984,0.0,0.0,0.18956426,1.0904642,0.3267779,0.5699699,0.0,0.0,0.0,0.2996686,0.1383698,0.5226855,0.0,1.0904642,0.0,0.18956423,0.18956423,0.18956426,-0.0,11.1,18.78825,18.88889,18.88889,2.0
resstock-amy2018-2021-release-1-508005,0.0,0.0,0.0,0.0,0.0,0.0,0.0,0.0,0.0,0.0,0.0,0.0,0.0,0.0,0.9009,0.9009,0.0,0.35399556,9.895552635192871,3.502981712434803,-0.0,0.9009,0.0,-0.0,0.0,-0.0,0.0,0.0,-0.0,0.0,10.402984,0.0,0.0,0.18831366,1.0892136,0.32326707,0.56058145,0.0,0.0,0.0,0.2967894,0.1383698,0.5146662,0.0,1.0892136,0.0,0.1883136,0.1883136,0.18831366,-0.0,11.1,17.82172,18.88889,18.88889,2.0
resstock-amy2018-2021-release-1-508005,0.0,1.0373942,0.0,0.0,0.44346043,0.0,0.0,0.0,0.0,0.0,0.0,0.0,0.0,0.0,0.9009,0.9009,0.0,0.44214115,9.895509719848633,4.375212002521209,-0.0,0.9009,0.0,-0.0,0.0,-0.0,0.0,0.0,-0.0,0.0,10.402984,1.0373942,0.0,0.1873195,1.5316799,0.434461,0.80640787,0.0,0.0,0.0,0.28365,0.1383698,0.5264859,0.0,1.5316799,0.0,0.63077986,0.63077986,0.1873195,-0.0,10.9,18.271488,18.88889,18.88889,2.0
resstock-amy2018-2021-release-1-508005,0.0,0.0,0.0,0.0,0.0,0.0,0.0,0.0,0.0,0.0,0.0,0.0,0.0,0.0,0.9009,0.9009,0.0,0.5301458,9.895466804504395,5.246040402498636,-0.0,0.9009,0.0,-0.0,0.0,-0.0,0.0,0.0,-0.0,0.0,10.402984,0.0,0.0,0.18623988,1.0871398,0.29510412,0.58685154,0.0,0.0,0.0,0.27145,0.1383698,0.5398124,0.0,1.0871398,0.0,0.18623984,0.18623984,0.18623988,-0.0,8.89,17.32719,18.88889,18.88889,2.0
resstock-amy2018-2021-release-1-508005,0.0,1.5181261,0.0,0.0,0.6498187,0.0,0.0,0.0,0.0,0.0,0.0,0.0,0.0,0.0,0.9009,0.9009,0.0,0.61800987,9.895423889160156,6.115469584667608,-0.0,0.9009,0.0,-0.0,0.0,-0.0,0.0,0.0,-0.0,0.0,10.402984,1.5181261,0.0,0.18498929,1.735708,0.47560483,0.9540492,0.0,0.0,0.0,0.274012,0.1383698,0.54965997,0.0,1.735708,0.0,0.834808,0.834808,0.18498929,-0.0,10.85,18.58102,18.88889,18.88889,2.0
resstock-amy2018-2021-release-1-508005,0.0,0.0,1.0932145,0.0,0.0,1.193616,0.0,0.0,0.0,0.0,0.0,0.0,0.0,0.0,0.9009,0.9009,0.0,0.70573354,9.895380973815918,6.983502221282606,-0.0,0.9009,0.0,-0.0,0.0,-0.0,0.0,0.0,-0.0,0.0,10.402984,0.0,0.0,0.18524572,2.2797618,0.6327479,1.2658064,0.0,0.0,0.0,0.27755,0.1383698,0.5552363,0.0,2.2797618,0.0,1.3788618,1.3788618,0.18524572,-0.0,8.89,17.580307,18.88889,18.88889,2.0
resstock-amy2018-2021-release-1-508005,0.0,1.2720717,0.35428238,0.0,0.5806971,0.38681987,0.0,0.0,0.0,0.0,0.0,0.0,0.0,0.0,0.9009,0.9009,0.0,0.79331696,9.89533805847168,7.850139510031795,-0.0,0.9009,0.0,-0.0,0.0,-0.0,0.0,0.0,-0.0,0.0,10.402984,1.2720717,0.0,0.25197357,2.1203907,0.6345608,1.1786634,0.0,0.0,0.0,0.299266,0.1383698,0.55587083,0.0,2.1203907,0.0,1.2194906,1.2194906,0.25197357,-0.0,8.33,18.34628,18.88889,18.88889,2.0
resstock-amy2018-2021-release-1-508005,0.0,0.0,0.56460273,0.0,0.0,0.6164562,0.0,0.0,0.0,0.0,0.0,0.0,0.0,0.0,0.9009,0.9009,0.0,0.8807604,9.895295143127441,8.715383828193978,-0.0,0.9009,0.0,-0.0,0.0,-0.0,0.0,0.0,-0.0,0.0,10.402984,0.0,0.0,0.3622168,1.8795731,0.5666199,1.0440768,0.0,0.0,0.0,0.301462,0.1383698,0.55548614,0.0,1.8795731,0.0,0.9786731,0.9786731,0.3622168,-0.0,8.575,17.520699,19.467592,19.467592,2.0
resstock-amy2018-2021-release-1-508005,0.0,1.8925736,0.0,0.0,0.8058228,0.0,0.0,0.0,0.0,0.0,0.0,0.0,0.0,0.0,0.9009,0.9009,0.0,0.96806407,9.895252227783203,9.579238142810027,-0.0,0.9009,0.0,-0.0,0.0,-0.0,0.0,0.0,-0.0,0.0,10.402984,1.8925736,0.0,0.3735249,2.0447748,0.6157733,1.135514,0.0,0.0,0.0,0.3011448,0.1383698,0.55532473,0.0,2.0447748,0.0,1.1438748,1.179348,0.3735249,-0.035473216,11.05,19.475735,20.0,20.0,2.0
resstock-amy2018-2021-release-1-508005,0.0,0.0,0.19114922,0.0,0.0,0.20870447,0.0,0.0,0.0,0.0,0.0,0.0,0.0,0.0,-0.69780475,0.0,-0.69780475,0.893598,9.895219802856445,8.842348824056785,0.69780475,0.0,0.0,-0.0,0.0,-0.0,0.0,0.0,-0.0,0.0,10.402984,0.0,0.0,0.47005156,-0.11052066,-0.033255752,0.0,0.0,0.0,0.0,0.3009008,0.1383698,0.5531603,0.0,0.0,-0.11052066,0.5872841,0.67875606,0.47005156,-0.091471955,11.7,18.491756,20.0,20.0,2.0
resstock-amy2018-2021-release-1-508005,0.0,1.7549448,3.336063,0.0,0.7244325,3.642449,0.0,0.0,0.0,0.0,0.0,0.0,0.0,0.0,-0.792,0.0,-0.792,0.8097338,9.895182609558105,8.012463895694793,0.792,0.0,0.0,-0.0,0.0,-0.0,0.0,0.0,-0.0,0.0,10.402984,1.7549448,0.0,0.4634118,3.8941712,1.0888088,2.151929,0.0,0.0,0.0,0.2795996,0.1383698,0.5526025,0.0,3.8941712,0.0,4.686171,4.830293,0.4634118,-0.14412202,12.2,20.486187,20.0,20.0,2.0
resstock-amy2018-2021-release-1-508005,0.0,0.0,0.24293664,0.0,0.0,0.2652481,0.0,0.0,0.0,0.0,0.0,0.0,0.0,0.0,-0.792,0.0,-0.792,0.72600365,9.895145416259766,7.183911658321449,0.792,0.0,0.0,-0.0,0.0,-0.0,0.0,0.0,-0.0,0.0,10.402984,0.0,0.0,1.589218,0.9001256,0.24170353,0.49534374,0.0,0.0,0.0,0.268522,0.1383698,0.5503051,0.0,0.9001256,0.0,1.6921256,1.8544661,1.589218,-0.16234052,12.8,20.109987,20.0,20.0,2.0
resstock-amy2018-2021-release-1-508005,0.96572024,0.0,0.0,0.0,0.0,0.0,0.0,0.0,0.0,0.0,0.0,0.0,0.0,0.0,-0.792,0.0,-0.792,0.6424073,9.895108222961426,6.35668973780173,0.792,0.0,0.0,-0.0,0.0,-0.0,0.0,0.0,-0.0,0.0,10.402984,0.0,0.0,0.37126195,-0.58686125,-0.15608162,0.0,0.0,0.0,0.0,0.26596,0.1383698,0.5596911,0.0,0.0,-0.58686125,0.20513874,0.37126195,0.37126195,-0.16612323,12.8,20.504208,19.532408,19.532408,2.0
resstock-amy2018-2021-release-1-508005,0.0,0.0,0.0,0.0,0.0,0.0,0.0,0.0,0.0,0.0,0.0,0.0,0.0,0.0,-0.792,0.0,-0.792,0.5589445,9.895071029663086,5.530795760036085,0.792,0.0,0.0,-0.0,0.0,-0.0,0.0,0.0,-0.0,0.0,10.402984,0.0,0.0,0.28050318,-0.669588,-0.16987382,0.0,0.0,0.0,0.0,0.253699,0.1383698,0.56698275,0.0,0.0,-0.669588,0.12241197,0.2805032,0.28050318,-0.15809123,13.3,21.078724,21.222221,21.222221,2.0
resstock-amy2018-2021-release-1-508005,0.0,0.0,0.0,0.0,0.0,0.0,0.0,0.0,0.0,0.0,0.0,0.0,0.0,0.0,-0.792,0.0,-0.792,0.47561523,9.895033836364746,4.706228825435375,0.792,0.0,0.0,-0.0,0.0,-0.0,0.0,0.0,-0.0,0.0,10.402984,0.0,0.0,0.2796783,-0.644207,-0.17486213,0.0,0.0,0.0,0.0,0.2714378,0.1383698,0.57309014,0.0,0.0,-0.644207,0.147793,0.27967831,0.2796783,-0.13188532,12.8,21.5616,21.666666,21.666666,2.0
resstock-amy2018-2021-release-1-508005,0.0,0.0,0.0,0.0,0.0,0.0,0.0,0.0,0.0,0.0,0.0,0.0,0.0,0.0,-0.792,0.0,-0.792,0.3924191,9.894996643066406,3.882985675272721,0.792,0.0,0.0,-0.0,0.0,-0.0,0.0,0.0,-0.0,0.0,10.402984,0.0,0.0,0.38273486,-0.50129527,-0.15073617,0.0,0.0,0.0,0.0,0.3006934,0.1383698,0.5768121,0.0,0.0,-0.50129527,0.29070473,0.38273486,0.38273486,-0.092030145,13.3,22.027512,21.666666,21.666666,2.0
resstock-amy2018-2021-release-1-508005,0.57980764,0.0,0.76204574,0.0,0.0,0.8320325,0.0,0.0,0.0,0.0,0.0,0.0,0.0,0.0,-0.792,0.0,-0.792,0.3093559,9.894959449768066,3.0610642304411044,0.792,0.0,0.0,-0.0,0.0,-0.0,0.0,0.0,-0.0,0.0,10.402984,0.0,0.0,0.44839418,0.4438532,0.13651237,0.2563724,0.0,0.0,0.0,0.307562,0.1383698,0.57760626,0.0,0.4438532,0.0,1.2358532,1.2804267,0.44839418,-0.044573497,12.2,22.093475,21.666666,21.666666,2.0
resstock-amy2018-2021-release-1-508005,0.0,0.0,0.0,0.0,0.0,0.0,0.0,0.0,0.0,0.0,0.0,0.0,0.0,0.0,-0.792,0.0,-0.792,0.22642548,9.894922256469727,2.240462559310373,0.792,0.0,0.0,-0.0,0.0,-0.0,0.0,0.0,-0.0,0.0,10.402984,0.0,0.0,0.48809308,-0.3041986,-0.105528615,0.0,0.0,0.0,0.0,0.346907,0.1383698,0.5721497,0.0,0.0,-0.3041986,0.4878014,0.48809308,0.48809308,-0.00029166884,11.7,21.564014,21.666666,21.666666,2.0
resstock-amy2018-2021-release-1-508005,0.0,0.0,0.19114922,0.0,0.0,0.20870447,0.0,0.0,0.0,0.0,0.0,0.0,0.0,0.0,-0.792,0.0,-0.792,0.1436276,9.894885063171387,1.4211785828339174,0.792,0.0,0.0,-0.0,0.0,-0.0,0.0,0.0,-0.0,0.0,10.402984,0.0,0.0,0.727114,0.1438185,0.052500714,0.08081088,0.0,0.0,0.0,0.3650484,0.1383698,0.5618949,0.0,0.1438185,0.0,0.9358185,0.9358185,0.727114,-0.0,10.0,20.756561,21.666666,21.666666,2.0
resstock-amy2018-2021-release-1-508005,0.0,0.0,2.4954097,0.0,0.0,2.7245896,0.0,0.0,0.0,0.0,0.0,0.0,0.0,0.0,-0.792,0.0,-0.792,0.060962036,9.894847869873047,0.6032100745514413,0.792,0.0,0.0,-0.0,0.0,-0.0,0.0,0.0,-0.0,0.0,10.402984,0.0,0.0,0.7690168,2.7016063,1.059651,1.4991058,0.0,0.0,0.0,0.39223,0.1383698,0.55489427,0.0,2.7016063,0.0,3.4936063,3.4936063,0.7690168,-0.0,9.4,20.338137,21.666666,21.666666,2.0
resstock-amy2018-2021-release-1-508005,0.0,1.4174831,0.0,0.0,0.6381131,0.0,0.0,0.0,0.0,0.0,0.0,0.0,0.0,0.0,-0.5847538,0.0,-0.5847538,0.0,9.894820213317871,0.0,0.5847538,0.0,0.0,-0.0,0.0,-0.0,0.0,0.0,-0.0,0.0,10.402984,1.4174831,0.0,0.6668583,0.72021765,0.2570009,0.3973951,0.0,0.0,0.0,0.3568378,0.1383698,0.55177087,0.0,0.72021765,0.0,1.3049715,1.3049715,0.6668583,-0.0,8.89,21.43668,21.666666,21.666666,2.0
resstock-amy2018-2021-release-1-508005,0.0,0.0,0.38229725,0.0,0.0,0.41740766,0.0,0.0,0.0,0.0,0.0,0.0,0.0,0.0,0.0,0.0,0.0,0.0,9.894820213317871,0.0,-0.0,0.0,0.0,-0.0,0.0,-0.0,0.0,0.0,-0.0,0.0,10.402984,0.0,0.0,0.32061878,0.73802644,0.2346332,0.4034194,0.0,0.0,0.0,0.3179198,0.1383698,0.5466192,0.0,0.73802644,0.0,0.73802644,0.73802644,0.32061878,-0.0,8.595,20.165459,21.666666,21.666666,2.0
resstock-amy2018-2021-release-1-508005,0.0,1.4593223,0.19114904,0.0,0.6666709,0.20870428,0.0,0.0,0.0,0.0,0.0,0.0,0.0,0.0,0.9009,0.9009,0.0,0.088711336,9.894777297973633,0.877778916049607,-0.0,0.9009,0.0,-0.0,0.0,-0.0,0.0,0.0,-0.0,0.0,10.402984,1.4593223,0.0,0.2958324,2.0721076,0.62754357,1.1171627,0.0,0.0,0.0,0.3028528,0.1383698,0.5391432,0.0,2.0721076,0.0,1.1712075,1.1712075,0.2958324,-0.0,8.3,20.93815,21.666666,21.666666,2.0
resstock-amy2018-2021-release-1-508005,0.0,0.0,0.0,0.0,0.0,0.0,0.0,0.0,0.0,0.0,0.0,0.0,0.0,0.0,0.9009,0.9009,0.0,0.17728089,9.894734382629395,1.7541472974946117,-0.0,0.9009,0.0,-0.0,0.0,-0.0,0.0,0.0,-0.0,0.0,10.402984,0.0,0.0,0.19141321,1.0923132,0.31543165,0.5792426,0.0,0.0,0.0,0.288774,0.1383698,0.5302898,0.0,1.0923132,0.0,0.19141316,0.19141316,0.19141321,-0.0,5.6,19.324001,20.231482,20.231482,2.0
resstock-amy2018-2021-release-1-508005,0.0,0.0,0.0,0.0,0.0,0.0,0.0,0.0,0.0,0.0,0.0,0.0,0.0,0.0,0.9009,0.9009,0.0,0.2657089,9.894691467285156,2.6291075216674926,-0.0,0.9009,0.0,-0.0,0.0,-0.0,0.0,0.0,-0.0,0.0,10.402984,0.0,0.0,0.18956426,1.0904642,0.33147407,0.5742103,0.0,0.0,0.0,0.3039752,0.1383698,0.52657413,0.0,1.0904642,0.0,0.18956423,0.18956423,0.18956426,-0.0,7.8,18.35178,18.88889,18.88889,2.0
resstock-amy2018-2021-release-1-508005,0.0,0.0,0.0,0.0,0.0,0.0,0.0,0.0,0.0,0.0,0.0,0.0,0.0,0.0,0.9009,0.9009,0.0,0.35399556,9.894648551940918,3.5026616709762948,-0.0,0.9009,0.0,-0.0,0.0,-0.0,0.0,0.0,-0.0,0.0,10.402984,0.0,0.0,0.18831366,1.0892136,0.3275725,0.5787182,0.0,0.0,0.0,0.3007422,0.1383698,0.5313174,0.0,1.0892136,0.0,0.1883136,0.1883136,0.18831366,-0.0,6.1,17.42175,18.88889,18.88889,2.0
resstock-amy2018-2021-release-1-508005,0.0,1.4262056,0.0,0.0,0.68149817,0.0,0.0,0.0,0.0,0.0,0.0,0.0,0.0,0.0,0.9009,0.9009,0.0,0.44214115,9.89460563659668,4.374812270116593,-0.0,0.9009,0.0,-0.0,0.0,-0.0,0.0,0.0,-0.0,0.0,10.402984,1.4262056,0.0,0.1873195,1.7697177,0.5322288,0.94133675,0.0,0.0,0.0,0.3007422,0.1383698,0.5319135,0.0,1.7697177,0.0,0.8688177,0.8688177,0.1873195,-0.0,6.44,18.36649,18.88889,18.88889,2.0
resstock-amy2018-2021-release-1-508005,0.0,0.0,0.0,0.0,0.0,0.0,0.0,0.0,0.0,0.0,0.0,0.0,0.0,0.0,0.9009,0.9009,0.0,0.5301458,9.894562721252441,5.245561106538105,-0.0,0.9009,0.0,-0.0,0.0,-0.0,0.0,0.0,-0.0,0.0,10.402984,0.0,0.0,0.19658059,1.0974805,0.32877335,0.583225,0.0,0.0,0.0,0.299571,0.1383698,0.5314217,0.0,1.0974805,0.0,0.19658053,0.19658053,0.19658059,-0.0,6.78,17.334936,18.88889,18.88889,2.0
resstock-amy2018-2021-release-1-508005,0.0,1.5105964,0.0,0.0,0.7281919,0.0,0.0,0.0,0.0,0.0,0.0,0.0,0.0,0.0,0.9009,0.9009,0.0,0.61800987,9.894519805908203,6.114910852298863,-0.0,0.9009,0.0,-0.0,0.0,-0.0,0.0,0.0,-0.0,0.0,10.402984,1.5105964,0.0,0.18498929,1.8140812,0.54340184,0.9639515,0.0,0.0,0.0,0.2995466,0.1383698,0.5313718,0.0,1.8140812,0.0,0.9131812,0.9131812,0.18498929,-0.0,6.0666666,18.251633,18.88889,18.88889,2.0
resstock-amy2018-2021-release-1-508005,0.0,0.0,0.0,0.0,0.0,0.0,0.0,0.0,0.0,0.0,0.0,0.0,0.0,0.0,0.9009,0.9009,0.0,0.70573354,9.894476890563965,6.9828641794108535,-0.0,0.9009,0.0,-0.0,0.0,-0.0,0.0,0.0,-0.0,0.0,10.402984,0.0,0.0,0.18524572,1.0861458,0.32664987,0.57772195,0.0,0.0,0.0,0.3007422,0.1383698,0.53190094,0.0,1.0861458,0.0,0.18524575,0.18524575,0.18524572,-0.0,6.866667,17.278458,18.88889,18.88889,2.0
resstock-amy2018-2021-release-1-508005,0.0,1.5654992,1.0427139,0.0,0.71738607,1.1384773,0.0,0.0,0.0,0.0,0.0,0.0,0.0,0.0,0.9009,0.9009,0.0,0.79331696,9.894433975219727,7.849422285454466,-0.0,0.9009,0.0,-0.0,0.0,-0.0,0.0,0.0,-0.0,0.0,10.402984,1.5654992,0.0,0.1878324,2.9445958,0.90546614,1.5501027,0.0,0.0,0.0,0.307501,0.1383698,0.5264229,0.0,2.9445958,0.0,2.043696,2.043696,0.1878324,-0.0,8.175,18.521996,18.88889,18.88889,2.0
resstock-amy2018-2021-release-1-508005,0.0,0.0,0.0,0.0,0.0,0.0,0.0,0.0,0.0,0.0,0.0,0.0,0.0,0.0,0.9009,0.9009,0.0,0.8807604,9.894391059875488,8.714587547492954,-0.0,0.9009,0.0,-0.0,0.0,-0.0,0.0,0.0,-0.0,0.0,10.402984,0.0,0.0,0.3622168,1.2631168,0.39938164,0.6557917,0.0,0.0,0.0,0.3161874,0.1383698,0.5191853,0.0,1.2631168,0.0,0.36221683,0.36221683,0.3622168,-0.0,8.3,17.571932,19.462963,19.462963,2.0
resstock-amy2018-2021-release-1-508005,0.0,1.8382698,1.377777,0.0,0.80449784,1.5043129,0.0,0.0,0.0,0.0,0.0,0.0,0.0,0.0,0.9009,0.9009,0.0,0.96806407,9.89434814453125,9.57836293229775,-0.0,0.9009,0.0,-0.0,0.0,-0.0,0.0,0.0,-0.0,0.0,10.402984,1.8382698,0.0,0.3735249,3.5770965,1.1578718,1.8705097,0.0,0.0,0.0,0.3236904,0.1383698,0.52291286,0.0,3.5770965,0.0,2.6761966,2.6823359,0.3735249,-0.0061391722,10.0,19.308638,20.0,20.0,2.0
resstock-amy2018-2021-release-1-508005,0.0,0.0,0.0,0.0,0.0,0.0,0.0,0.0,0.0,0.0,0.0,0.0,0.0,0.0,-0.69780475,0.0,-0.69780475,0.893598,9.894315719604492,8.841540937052855,0.69780475,0.0,0.0,-0.0,0.0,-0.0,0.0,0.0,-0.0,0.0,10.402984,0.0,0.0,1.9249194,1.2137408,0.412526,0.64809835,0.0,0.0,0.0,0.3398798,0.1383698,0.5339677,0.0,1.2137408,0.0,1.9115455,1.9249194,1.9249194,-0.013373903,10.0,18.223524,20.0,20.0,2.0
resstock-amy2018-2021-release-1-508005,0.0,1.9803704,0.0,0.0,0.8532686,0.0,0.0,0.0,0.0,0.0,0.0,0.0,0.0,0.0,-0.792,0.0,-0.792,0.8097338,9.894278526306152,8.011731828920404,0.792,0.0,0.0,-0.0,0.0,-0.0,0.0,0.0,-0.0,0.0,10.402984,1.9803704,0.0,0.3716734,0.41644016,0.13153087,0.22422804,0.0,0.0,0.0,0.3158458,0.1383698,0.53844,0.0,0.41644016,0.0,1.2084402,1.224942,0.3716734,-0.016501822,10.6,20.075459,20.0,20.0,2.0
resstock-amy2018-2021-release-1-508005,0.0,0.0,0.19130562,0.0,0.0,0.20887524,0.0,0.0,0.0,0.0,0.0,0.0,0.0,0.0,-0.792,0.0,-0.792,0.72600365,9.894241333007812,7.183255290583475,0.792,0.0,0.0,-0.0,0.0,-0.0,0.0,0.0,-0.0,0.0,10.402984,0.0,0.0,0.27905232,-0.31876242,-0.09762699,0.0,0.0,0.0,0.0,0.3062688,0.1383698,0.54314554,0.0,0.0,-0.31876242,0.47323757,0.4879276,0.27905232,-0.014690011,10.0,18.797192,20.50926,20.50926,2.0
resstock-amy2018-2021-release-1-508005,0.0,1.8790227,0.0,0.0,0.8223329,0.0,0.0,0.0,0.0,0.0,0.0,0.0,0.0,0.0,-0.792,0.0,-0.792,0.6424073,9.894204139709473,6.356108948122596,0.792,0.0,0.0,-0.0,0.0,-0.0,0.0,0.0,-0.0,0.0,10.402984,1.8790227,0.0,0.2807234,0.2972778,0.086136244,0.1614657,0.0,0.0,0.0,0.28975,0.1383698,0.5431475,0.0,0.2972778,0.0,1.0892777,1.1030563,0.2807234,-0.01377851,10.0,20.576504,21.11111,21.11111,2.0
resstock-amy2018-2021-release-1-508005,0.0,0.0,0.19130535,0.0,0.0,0.20887496,0.0,0.0,0.0,0.0,0.0,0.0,0.0,0.0,-0.792,0.0,-0.792,0.5589445,9.894166946411133,5.530290427653767,0.792,0.0,0.0,-0.0,0.0,-0.0,0.0,0.0,-0.0,0.0,10.402984,0.0,0.0,0.37047958,-0.23293363,-0.06719157,0.0,0.0,0.0,0.0,0.28845802,0.1383698,0.5433581,0.0,0.0,-0.23293363,0.55906636,0.5793545,0.37047958,-0.020288179,10.6,19.450214,21.11111,21.11111,2.0
resstock-amy2018-2021-release-1-508005,0.0,1.8515253,0.0,0.0,0.797754,0.0,0.0,0.0,0.0,0.0,0.0,0.0,0.0,0.0,-0.792,0.0,-0.792,0.47561523,9.894129753112793,4.70579882966868,0.792,0.0,0.0,-0.0,0.0,-0.0,0.0,0.0,-0.0,0.0,10.402984,1.8515253,0.0,0.36857337,0.3542141,0.108009376,0.19461437,0.0,0.0,0.0,0.3049268,0.1383698,0.5494258,0.0,0.3542141,0.0,1.1462141,1.1663274,0.36857337,-0.020113273,10.6,21.194946,21.11111,21.11111,2.0
resstock-amy2018-2021-release-1-508005,0.0,0.0,0.9928019,0.0,0.0,1.0839814,0.0,0.0,0.0,0.0,0.0,0.0,0.0,0.0,-0.792,0.0,-0.792,0.3924191,9.894092559814453,3.8826308957368383,0.792,0.0,0.0,-0.0,0.0,-0.0,0.0,0.0,-0.0,0.0,10.402984,0.0,0.0,0.38273486,0.6624339,0.20576802,0.3660576,0.0,0.0,0.0,0.3106242,0.1383698,0.5525949,0.0,0.6624339,0.0,1.4544339,1.4667163,0.38273486,-0.012282327,11.1,20.02664,21.11111,21.11111,2.0
resstock-amy2018-2021-release-1-508005,0.0,1.2089406,0.8997455,0.0,0.520888,0.98237866,0.0,0.0,0.0,0.0,0.0,0.0,0.0,0.0,-0.792,0.0,-0.792,0.3093559,9.894055366516113,3.0607845469398285,0.792,0.0,0.0,-0.0,0.0,-0.0,0.0,0.0,-0.0,0.0,10.402984,1.2089406,0.0,0.6223903,1.3302581,0.4321648,0.7279117,0.0,0.0,0.0,0.32487288,0.1383698,0.54719585,0.0,1.3302581,0.0,2.1222582,2.125657,0.6223903,-0.003398778,10.6,20.715855,21.11111,21.11111,2.0
resstock-amy2018-2021-release-1-508005,0.0,0.0,0.0,0.0,0.0,0.0,0.0,0.0,0.0,0.0,0.0,0.0,0.0,0.0,-0.792,0.0,-0.792,0.22642548,9.894018173217773,2.2402578518226335,0.792,0.0,0.0,-0.0,0.0,-0.0,0.0,0.0,-0.0,0.0,10.402984,0.0,0.0,0.7273377,-0.06466228,-0.025708375,0.0,0.0,0.0,0.0,0.3975792,0.1383698,0.54290265,0.0,0.0,-0.06466228,0.7273377,0.7273377,0.7273377,0.0,10.0,19.545406,21.11111,21.11111,2.0
resstock-amy2018-2021-release-1-508005,0.0,1.7454079,0.19130553,0.0,0.7520319,0.20887515,0.0,0.0,0.0,0.0,0.0,0.0,0.0,0.0,-0.792,0.0,-0.792,0.1436276,9.893980979919434,1.4210487315272502,0.792,0.0,0.0,-0.0,0.0,-0.0,0.0,0.0,-0.0,0.0,10.402984,1.7454079,0.0,0.5518999,0.72080696,0.2980378,0.38679326,0.0,0.0,0.0,0.413478,0.1383698,0.53661144,0.0,0.72080696,0.0,1.5128069,1.5128069,0.5518999,-0.0,10.6,20.875526,21.11111,21.11111,2.0
resstock-amy2018-2021-release-1-508005,0.0,0.0,0.19130532,0.0,0.0,0.20887493,0.0,0.0,0.0,0.0,0.0,0.0,0.0,0.0,-0.792,0.0,-0.792,0.060962036,9.893943786621094,0.6031549597954609,0.792,0.0,0.0,-0.0,0.0,-0.0,0.0,0.0,-0.0,0.0,10.402984,0.0,0.0,0.58928746,0.00616239,0.0025795205,0.0032729527,0.0,0.0,0.0,0.4185909,0.1383698,0.53111744,0.0,0.00616239,0.0,0.7981624,0.7981624,0.58928746,-0.0,10.0,19.703049,21.11111,21.11111,2.0
resstock-amy2018-2021-release-1-508005,0.0,1.5453706,2.1657188,0.0,0.6763138,2.3646197,0.0,0.0,0.0,0.0,0.0,0.0,0.0,0.0,-0.5847538,0.0,-0.5847538,0.0,9.893916130065918,0.0,0.5847538,0.0,0.0,-0.0,0.0,-0.0,0.0,0.0,-0.0,0.0,10.402984,1.5453706,0.0,0.51096326,2.967143,1.0867476,1.5659133,0.0,0.0,0.0,0.36626062,0.1383698,0.5277512,0.0,2.967143,0.0,3.5518968,3.5518968,0.51096326,-0.0,10.0,20.73676,21.11111,21.11111,2.0
resstock-amy2018-2021-release-1-508005,0.0,0.0,0.0,0.0,0.0,0.0,0.0,0.0,0.0,0.0,0.0,0.0,0.0,0.0,0.0,0.0,0.0,0.0,9.893916130065918,0.0,-0.0,0.0,0.0,-0.0,0.0,-0.0,0.0,0.0,-0.0,0.0,10.402984,0.0,0.0,0.32061878,0.32061878,0.10363153,0.16896442,0.0,0.0,0.0,0.32322353,0.1383698,0.52699476,0.0,0.32061878,0.0,0.32061878,0.32061878,0.32061878,-0.0,9.4,19.434914,21.11111,21.11111,2.0
resstock-amy2018-2021-release-1-508005,0.0,1.6294296,0.0,0.0,0.7131013,0.0,0.0,0.0,0.0,0.0,0.0,0.0,0.0,0.0,0.9009,0.9009,0.0,0.088711336,9.89387321472168,0.8776987136162404,-0.0,0.9009,0.0,-0.0,0.0,-0.0,0.0,0.0,-0.0,0.0,10.402984,1.6294296,0.0,0.2958324,1.9098338,0.58492255,1.0048742,0.0,0.0,0.0,0.3062688,0.1383698,0.526158,0.0,1.9098338,0.0,1.0089338,1.0089338,0.2958324,-0.0,10.0,20.502747,21.11111,21.11111,2.0
resstock-amy2018-2021-release-1-508005,0.0,0.0,0.0,0.0,0.0,0.0,0.0,0.0,0.0,0.0,0.0,0.0,0.0,0.0,0.9009,0.9009,0.0,0.17728089,9.893830299377441,1.7539870208129145,-0.0,0.9009,0.0,-0.0,0.0,-0.0,0.0,0.0,-0.0,0.0,10.402984,0.0,0.0,0.23878051,1.1396805,0.3510786,0.59674585,0.0,0.0,0.0,0.30805,0.1383698,0.523608,0.0,1.1396805,0.0,0.2387805,0.2387805,0.23878051,-0.0,10.0,19.127815,19.972221,19.972221,2.0
resstock-amy2018-2021-release-1-508005,0.0,0.0,0.0,0.0,0.0,0.0,0.0,0.0,0.0,0.0,0.0,0.0,0.0,0.0,0.9009,0.9009,0.0,0.2657089,9.893787384033203,2.6288672987069504,-0.0,0.9009,0.0,-0.0,0.0,-0.0,0.0,0.0,-0.0,0.0,10.402984,0.0,0.0,0.18956426,1.0904642,0.31578907,0.5843116,0.0,0.0,0.0,0.2895914,0.1383698,0.5358375,0.0,1.0904642,0.0,0.18956423,0.18956423,0.18956426,-0.0,10.0,18.205462,18.88889,18.88889,2.0
resstock-amy2018-2021-release-1-508005,0.0,0.0,0.0,0.0,0.0,0.0,0.0,0.0,0.0,0.0,0.0,0.0,0.0,0.0,0.9009,0.9009,0.0,0.35399556,9.893744468688965,3.5023416295177867,-0.0,0.9009,0.0,-0.0,0.0,-0.0,0.0,0.0,-0.0,0.0,10.402984,0.0,0.0,0.18831366,1.0892136,0.30328128,0.56188595,0.0,0.0,0.0,0.2784406,0.1383698,0.5158639,0.0,1.0892136,0.0,0.1883136,0.1883136,0.18831366,-0.0,10.0,17.50454,18.88889,18.88889,2.0
resstock-amy2018-2021-release-1-508005,0.0,1.3457252,0.0,0.0,0.58894134,0.0,0.0,0.0,0.0,0.0,0.0,0.0,0.0,0.0,0.9009,0.9009,0.0,0.44214115,9.893701553344727,4.374412537711976,-0.0,0.9009,0.0,-0.0,0.0,-0.0,0.0,0.0,-0.0,0.0,10.402984,1.3457252,0.0,0.1873195,1.6771609,0.45526534,0.85822815,0.0,0.0,0.0,0.27145,0.1383698,0.5117149,0.0,1.6771609,0.0,0.77626085,0.77626085,0.1873195,-0.0,10.0,18.530106,18.88889,18.88889,2.0
resstock-amy2018-2021-release-1-508005,0.0,0.0,0.0,0.0,0.0,0.0,0.0,0.0,0.0,0.0,0.0,0.0,0.0,0.0,0.9009,0.9009,0.0,0.5301458,9.893658638000488,5.245081810577574,-0.0,0.9009,0.0,-0.0,0.0,-0.0,0.0,0.0,-0.0,0.0,10.402984,0.0,0.0,0.18623988,1.0871398,0.29510412,0.5582537,0.0,0.0,0.0,0.27145,0.1383698,0.5135068,0.0,1.0871398,0.0,0.18623984,0.18623984,0.18623988,-0.0,10.0,17.552523,18.88889,18.88889,2.0
resstock-amy2018-2021-release-1-508005,0.0,1.2990808,0.0,0.0,0.55972606,0.0,0.0,0.0,0.0,0.0,0.0,0.0,0.0,0.0,0.9009,0.9009,0.0,0.61800987,9.89361572265625,6.114352119930118,-0.0,0.9009,0.0,-0.0,0.0,-0.0,0.0,0.0,-0.0,0.0,10.402984,1.2990808,0.0,0.18498929,1.6456153,0.45198238,0.8593092,0.0,0.0,0.0,0.2746586,0.1383698,0.5221811,0.0,1.6456153,0.0,0.74471533,0.74471533,0.18498929,-0.0,10.6,18.283745,18.88889,18.88889,2.0
resstock-amy2018-2021-release-1-508005,0.0,0.0,0.0,0.0,0.0,0.0,0.0,0.0,0.0,0.0,0.0,0.0,0.0,0.0,0.9009,0.9009,0.0,0.70573354,9.893572807312012,6.982226137539101,-0.0,0.9009,0.0,-0.0,0.0,-0.0,0.0,0.0,-0.0,0.0,10.402984,0.0,0.0,0.18524572,1.0861458,0.30041292,0.5771926,0.0,0.0,0.0,0.2765862,0.1383698,0.53141356,0.0,1.0861458,0.0,0.18524575,0.18524575,0.18524572,-0.0,10.2,17.406645,18.902779,18.902779,2.0
resstock-amy2018-2021-release-1-508005,0.0,1.4543904,1.040221,0.0,0.6364974,1.1357555,0.0,0.0,0.0,0.0,0.0,0.0,0.0,0.0,0.9009,0.9009,0.0,0.79331696,9.893529891967773,7.848705060877137,-0.0,0.9009,0.0,-0.0,0.0,-0.0,0.0,0.0,-0.0,0.0,10.402984,1.4543904,0.0,0.1878324,2.8609853,0.8289705,1.5502243,0.0,0.0,0.0,0.28975,0.1383698,0.5418498,0.0,2.8609853,0.0,1.9600853,1.9600853,0.1878324,-0.0,10.0,18.603882,20.0,20.0,2.0
resstock-amy2018-2021-release-1-508005,0.0,1.4480646,0.5794251,0.0,0.62391764,0.6326398,0.0,0.0,0.0,0.0,0.0,0.0,0.0,0.0,0.9009,0.9009,0.0,0.8807604,9.893486976623535,8.71379126679193,-0.0,0.9009,0.0,-0.0,0.0,-0.0,0.0,0.0,-0.0,0.0,10.402984,1.4480646,0.0,1.3187878,3.4762454,1.0305678,1.8952388,0.0,0.0,0.0,0.29646,0.1383698,0.54519707,0.0,3.4762454,0.0,2.5753455,2.5753455,1.3187878,-0.0,10.6,18.914927,19.972221,19.972221,2.0
resstock-amy2018-2021-release-1-508005,1.3274302,1.2035176,0.0,0.0,0.5124355,0.0,0.0,0.0,0.0,0.0,0.0,0.0,0.0,0.0,0.9009,0.9009,0.0,0.96806407,9.893444061279297,9.577487721785474,-0.0,0.9009,0.0,-0.0,0.0,-0.0,0.0,0.0,-0.0,0.0,10.402984,1.2035176,0.0,0.3735249,1.7866836,0.5296802,0.9850982,0.0,0.0,0.0,0.29646,0.1383698,0.5513557,0.0,1.7866836,0.0,0.88578355,0.8859604,0.3735249,-0.00017687472,11.05,19.102436,17.777779,17.777779,2.0
resstock-amy2018-2021-release-1-508005,0.0,0.0,0.0,0.0,0.0,0.0,0.0,0.0,0.0,0.0,0.0,0.0,0.0,0.0,-0.69780475,0.0,-0.69780475,0.893598,9.893411636352539,8.840733050048925,0.69780475,0.0,0.0,-0.0,0.0,-0.0,0.0,0.0,-0.0,0.0,10.402984,0.0,0.0,0.37640277,-0.3225897,-0.095493264,0.0,0.0,0.0,0.0,0.2960208,0.1383698,0.56080836,0.0,0.0,-0.3225897,0.37521505,0.37640277,0.37640277,-0.0011877245,12.2,18.067898,19.86111,19.86111,2.0
resstock-amy2018-2021-release-1-508005,0.0,2.2743053,0.0,0.0,0.9401061,0.0,0.0,0.0,0.0,0.0,0.0,0.0,0.0,0.0,-0.792,0.0,-0.792,0.8097338,9.8933744430542,8.010999762146014,0.792,0.0,0.0,-0.0,0.0,-0.0,0.0,0.0,-0.0,0.0,10.402984,2.2743053,0.0,0.3716734,0.5166835,0.14970906,0.29314134,0.0,0.0,0.0,0.28975,0.1383698,0.5673518,0.0,0.5166835,0.0,1.3086835,1.3117795,0.3716734,-0.0030959847,12.15,20.403389,20.0,20.0,2.0
resstock-amy2018-2021-release-1-508005,0.0,0.0,0.0,0.0,0.0,0.0,0.0,0.0,0.0,0.0,0.0,0.0,0.0,0.0,-0.792,0.0,-0.792,0.72600365,9.89333724975586,7.1825989228455,0.792,0.0,0.0,-0.0,0.0,-0.0,0.0,0.0,-0.0,0.0,10.402984,0.0,0.0,0.36982262,-0.4264012,-0.11574661,0.0,0.0,0.0,0.0,0.27145,0.1383698,0.57551175,0.0,0.0,-0.4264012,0.3655988,0.36982262,0.36982262,-0.0042238384,11.9,19.026543,20.0,20.0,2.0
resstock-amy2018-2021-release-1-508005,0.0,0.0,0.0,0.0,0.0,0.0,0.0,0.0,0.0,0.0,0.0,0.0,0.0,0.0,-0.792,0.0,-0.792,0.6424073,9.89330005645752,6.355528158443462,0.792,0.0,0.0,-0.0,0.0,-0.0,0.0,0.0,-0.0,0.0,10.402984,0.0,0.0,0.2807234,-0.51610374,-0.14639284,0.0,0.0,0.0,0.0,0.28365,0.1383698,0.5841144,0.0,0.0,-0.51610374,0.27589625,0.2807234,0.2807234,-0.004827149,12.133333,18.247309,19.398148,19.398148,2.0
resstock-amy2018-2021-release-1-508005,1.2391107,1.3703189,0.0,0.0,0.5527656,0.0,0.0,0.0,0.0,0.0,0.0,0.0,0.0,0.0,-0.792,0.0,-0.792,0.5589445,9.89326286315918,5.52978509527145,0.792,0.0,0.0,-0.0,0.0,-0.0,0.0,0.0,-0.0,0.0,10.402984,1.3703189,0.0,0.28050318,0.036015265,0.009881759,0.021437788,0.0,0.0,0.0,0.27437696,0.1383698,0.5952417,0.0,0.036015265,0.0,0.82801527,0.83326876,0.28050318,-0.0052535012,13.033334,19.716251,17.601852,17.601852,2.0
resstock-amy2018-2021-release-1-508005,0.0,0.0,0.0,0.0,0.0,0.0,0.0,0.0,0.0,0.0,0.0,0.0,0.0,0.0,-0.792,0.0,-0.792,0.47561523,9.89322566986084,4.705368833901986,0.792,0.0,0.0,-0.0,0.0,-0.0,0.0,0.0,-0.0,0.0,10.402984,0.0,0.0,0.2796783,-0.519599,-0.15055382,0.0,0.0,0.0,0.0,0.28975,0.1383698,0.604764,0.0,0.0,-0.519599,0.27240098,0.27967831,0.2796783,-0.0072773253,14.15,18.771477,19.444445,19.444445,2.0
resstock-amy2018-2021-release-1-508005,0.0,0.0,0.38291425,0.0,0.0,0.4180813,0.0,0.0,0.0,0.0,0.0,0.0,0.0,0.0,-0.792,0.0,-0.792,0.3924191,9.8931884765625,3.8822761162009556,0.792,0.0,0.0,-0.0,0.0,-0.0,0.0,0.0,-0.0,0.0,10.402984,0.0,0.0,1.51136,1.1260633,0.34328446,0.6856202,0.0,0.0,0.0,0.3048536,0.1383698,0.60886467,0.0,1.1260633,0.0,1.9180634,1.9294415,1.51136,-0.011378001,14.2,18.443678,18.88889,18.88889,2.0
resstock-amy2018-2021-release-1-508005,0.7514693,0.0,0.0,0.0,0.0,0.0,0.0,0.0,0.0,0.0,0.0,0.0,0.0,0.0,-0.792,0.0,-0.792,0.3093559,9.89315128326416,3.0605048634385525,0.792,0.0,0.0,-0.0,0.0,-0.0,0.0,0.0,-0.0,0.0,10.402984,0.0,0.0,0.5608619,-0.23729274,-0.072226636,0.0,0.0,0.0,0.0,0.3043778,0.1383698,0.61292446,0.0,0.0,-0.23729274,0.5547073,0.56086195,0.5608619,-0.0061546294,12.78,18.176353,17.777779,17.777779,2.0
resstock-amy2018-2021-release-1-508005,0.0,0.0,0.19145712,0.0,0.0,0.20904066,0.0,0.0,0.0,0.0,0.0,0.0,0.0,0.0,-0.792,0.0,-0.792,0.22642548,9.89311408996582,2.240053144334894,0.792,0.0,0.0,-0.0,0.0,-0.0,0.0,0.0,-0.0,0.0,10.402984,0.0,0.0,0.63282526,0.049865916,0.015251081,0.03047498,0.0,0.0,0.0,0.3058418,0.1383698,0.61113846,0.0,0.049865916,0.0,0.8418659,0.8418659,0.63282526,0.0,14.2,18.002014,19.12037,19.12037,2.0
resstock-amy2018-2021-release-1-508005,0.0,1.374613,0.19145693,0.0,0.5371639,0.20904045,0.0,0.0,0.0,0.0,0.0,0.0,0.0,0.0,-0.792,0.0,-0.792,0.1436276,9.89307689666748,1.420918880220583,0.792,0.0,0.0,-0.0,0.0,-0.0,0.0,0.0,-0.0,0.0,10.402984,1.374613,0.0,0.5518999,0.50610435,0.15706007,0.30503777,0.0,0.0,0.0,0.3103314,0.1383698,0.60271716,0.0,0.50610435,0.0,1.2981043,1.2981043,0.5518999,-0.0,14.15,19.407692,20.0,20.0,2.0
resstock-amy2018-2021-release-1-508005,0.0,0.0,0.0,0.0,0.0,0.0,0.0,0.0,0.0,0.0,0.0,0.0,0.0,0.0,-0.792,0.0,-0.792,0.060962036,9.89303970336914,0.6030998450394804,0.792,0.0,0.0,-0.0,0.0,-0.0,0.0,0.0,-0.0,0.0,10.402984,0.0,0.0,0.58928746,-0.20271254,-0.06380085,0.0,0.0,0.0,0.0,0.3147356,0.1383698,0.601211,0.0,0.0,-0.20271254,0.58928746,0.58928746,0.58928746,-0.0,13.9,18.669926,20.819445,20.819445,2.0
resstock-amy2018-2021-release-1-508005,0.0,2.6231022,0.0,0.0,1.0324471,0.0,0.0,0.0,0.0,0.0,0.0,0.0,0.0,0.0,-0.5847538,0.0,-0.5847538,0.0,9.893012046813965,0.0,0.5847538,0.0,0.0,-0.0,0.0,-0.0,0.0,0.0,-0.0,0.0,10.402984,2.6231022,0.0,0.51096326,0.9586565,0.29596907,0.57683253,0.0,0.0,0.0,0.3087332,0.1383698,0.6017093,0.0,0.9586565,0.0,1.5434103,1.5434103,0.51096326,-0.0,13.9,21.383358,21.11111,21.11111,2.0
resstock-amy2018-2021-release-1-508005,0.0,0.0,0.23577021,0.0,0.0,0.2574235,0.0,0.0,0.0,0.0,0.0,0.0,0.0,0.0,0.0,0.0,0.0,0.0,9.893012046813965,0.0,-0.0,0.0,0.0,-0.0,0.0,-0.0,0.0,0.0,-0.0,0.0,10.402984,0.0,0.0,0.44322944,0.70065296,0.20771557,0.42110506,0.0,0.0,0.0,0.29646,0.1383698,0.601018,0.0,0.70065296,0.0,0.70065296,0.70065296,0.44322944,-0.0,13.933333,20.073439,21.083334,21.083334,2.0
resstock-amy2018-2021-release-1-508005,1.248915,0.98171836,0.0,0.0,0.38640213,0.0,0.0,0.0,0.0,0.0,0.0,0.0,0.0,0.0,0.9009,0.9009,0.0,0.088711336,9.892969131469727,0.8776185111828738,-0.0,0.9009,0.0,-0.0,0.0,-0.0,0.0,0.0,-0.0,0.0,10.402984,0.98171836,0.0,0.3964998,1.6838019,0.45667773,0.99800014,0.0,0.0,0.0,0.2712182,0.1383698,0.5927064,0.0,1.6838019,0.0,0.7829019,0.7829019,0.3964998,-0.0,13.9,20.11424,18.88889,18.88889,2.0
resstock-amy2018-2021-release-1-508005,0.3817976,0.0,0.7117348,0.0,0.0,0.7771009,0.0,0.0,0.0,0.0,0.0,0.0,0.0,0.0,0.9009,0.9009,0.0,0.17728089,9.892926216125488,1.7538267441312172,-0.0,0.9009,0.0,-0.0,0.0,-0.0,0.0,0.0,-0.0,0.0,10.402984,0.0,0.0,0.28614783,1.9641488,0.5235831,1.1792822,0.0,0.0,0.0,0.26657,0.1383698,0.6004037,0.0,1.9641488,0.0,1.0632488,1.0632488,0.28614783,-0.0,14.025,19.197872,18.88889,18.88889,2.0
resstock-amy2018-2021-release-1-508005,0.0,0.0,0.0,0.0,0.0,0.0,0.0,0.0,0.0,0.0,0.0,0.0,0.0,0.0,0.9009,0.9009,0.0,0.2657089,9.89288330078125,2.628627075746408,-0.0,0.9009,0.0,-0.0,0.0,-0.0,0.0,0.0,-0.0,0.0,10.402984,0.0,0.0,0.18956426,1.0904642,0.315523,0.63624716,0.0,0.0,0.0,0.2893474,0.1383698,0.5834645,0.0,1.0904642,0.0,0.18956423,0.18956423,0.18956426,-0.0,13.9,18.427898,18.88889,18.88889,2.0
resstock-amy2018-2021-release-1-508005,0.0,0.0,0.0,0.0,0.0,0.0,0.0,0.0,0.0,0.0,0.0,0.0,0.0,0.0,0.9009,0.9009,0.0,0.35399556,9.892840385437012,3.5020215880592787,-0.0,0.9009,0.0,-0.0,0.0,-0.0,0.0,0.0,-0.0,0.0,10.402984,0.0,0.0,0.18831366,1.0892136,0.29566705,0.6754436,0.0,0.0,0.0,0.27145,0.1383698,0.6201204,0.0,1.0892136,0.0,0.1883136,0.1883136,0.18831366,-0.0,11.67,17.771421,18.88889,18.88889,2.0
resstock-amy2018-2021-release-1-508005,0.0,1.0862895,0.0,0.0,0.44369218,0.0,0.0,0.0,0.0,0.0,0.0,0.0,0.0,0.0,0.9009,0.9009,0.0,0.44214115,9.892797470092773,4.374012805307359,-0.0,0.9009,0.0,-0.0,0.0,-0.0,0.0,0.0,-0.0,0.0,10.402984,1.0862895,0.0,0.1873195,1.5319116,0.34294903,0.9675128,0.0,0.0,0.0,0.22387,0.1383698,0.6315722,0.0,1.5319116,0.0,0.6310116,0.6310116,0.1873195,-0.0,12.585,18.553167,18.88889,18.88889,2.0
resstock-amy2018-2021-release-1-508005,0.0,0.0,0.0,0.0,0.0,0.0,0.0,0.0,0.0,0.0,0.0,0.0,0.0,0.0,0.9009,0.9009,0.0,0.5301458,9.892754554748535,5.244602514617043,-0.0,0.9009,0.0,-0.0,0.0,-0.0,0.0,0.0,-0.0,0.0,10.402984,0.0,0.0,0.18623988,1.0871398,0.20889392,0.700602,0.0,0.0,0.0,0.19215,0.1383698,0.6444451,0.0,1.0871398,0.0,0.18623984,0.18623984,0.18623988,-0.0,13.5,17.785269,18.88889,18.88889,2.0
resstock-amy2018-2021-release-1-508005,0.0,1.0728285,0.77721614,0.0,0.43558937,0.84859616,0.0,0.0,0.0,0.0,0.0,0.0,0.0,0.0,0.9009,0.9009,0.0,0.61800987,9.892711639404297,6.113793387561373,-0.0,0.9009,0.0,-0.0,0.0,-0.0,0.0,0.0,-0.0,0.0,10.402984,1.0728285,0.0,0.18498929,2.3700747,0.42276493,1.556595,0.0,0.0,0.0,0.1783762,0.1383698,0.6567704,0.0,2.3700747,0.0,1.4691747,1.4691747,0.18498929,-0.0,12.8,18.44538,18.88889,18.88889,2.0
resstock-amy2018-2021-release-1-508005,0.0,0.0,0.0,0.0,0.0,0.0,0.0,0.0,0.0,0.0,0.0,0.0,0.0,0.0,0.9009,0.9009,0.0,0.70573354,9.892668724060059,6.981588095667348,-0.0,0.9009,0.0,-0.0,0.0,-0.0,0.0,0.0,-0.0,0.0,10.402984,0.0,0.0,0.24174596,1.142646,0.25580415,0.74566424,0.0,0.0,0.0,0.22387,0.1383698,0.6525768,0.0,1.142646,0.0,0.24174595,0.24174595,0.24174596,-0.0,12.8,17.711468,18.902779,18.902779,2.0
resstock-amy2018-2021-release-1-508005,0.0,1.1580722,0.0,0.0,0.4702,0.0,0.0,0.0,0.0,0.0,0.0,0.0,0.0,0.0,0.9009,0.9009,0.0,0.79331696,9.89262580871582,7.847987836299808,-0.0,0.9009,0.0,-0.0,0.0,-0.0,0.0,0.0,-0.0,0.0,10.402984,1.1580722,0.0,0.31611475,1.6872147,0.43853587,1.0789973,0.0,0.0,0.0,0.25991705,0.1383698,0.6395139,0.0,1.6872147,0.0,0.7863147,0.7863147,0.31611475,-0.0,12.8,18.70934,20.0,20.0,2.0
resstock-amy2018-2021-release-1-508005,0.0,1.3270297,0.0,0.0,0.5477913,0.0,0.0,0.0,0.0,0.0,0.0,0.0,0.0,0.0,0.9009,0.9009,0.0,0.8807604,9.892582893371582,8.712994986090905,-0.0,0.9009,0.0,-0.0,0.0,-0.0,0.0,0.0,-0.0,0.0,10.402984,1.3270297,0.0,0.19016261,1.6388539,0.51640546,1.0393772,0.0,0.0,0.0,0.3151016,0.1383698,0.6342098,0.0,1.6388539,0.0,0.7379539,0.7379539,0.19016261,-0.0,12.2,18.998198,19.972221,19.972221,2.0
resstock-amy2018-2021-release-1-508005,1.3127103,0.0,0.0,0.0,0.0,0.0,0.0,0.0,0.0,0.0,0.0,0.0,0.0,0.0,0.9009,0.9009,0.0,0.96806407,9.892539978027344,9.576612511273197,-0.0,0.9009,0.0,-0.0,0.0,-0.0,0.0,0.0,-0.0,0.0,10.402984,0.0,0.0,0.19004552,1.0777432,0.3517215,0.69182986,0.0,0.0,0.0,0.32635,0.1383698,0.6419246,0.0,1.0777432,0.0,0.17684317,0.19004542,0.19004552,-0.013202255,12.8,18.034702,17.777779,17.777779,2.0
resstock-amy2018-2021-release-1-508005,0.090959646,0.0,0.0,0.0,0.0,0.0,0.0,0.0,0.0,0.0,0.0,0.0,0.0,0.0,-0.69780475,0.0,-0.69780475,0.893598,9.892507553100586,8.839925163044995,0.69780475,0.0,0.0,-0.0,0.0,-0.0,0.0,0.0,-0.0,0.0,10.402984,0.0,0.0,0.18910523,-0.54167503,-0.17571169,0.0,0.0,0.0,0.0,0.3243858,0.1383698,0.64400065,0.0,0.0,-0.54167503,0.15612972,0.18910523,0.18910523,-0.032975513,13.9,17.496021,17.777779,17.777779,2.0
resstock-amy2018-2021-release-1-508005,0.0,0.0,0.1916037,0.0,0.0,0.20920071,0.0,0.0,0.0,0.0,0.0,0.0,0.0,0.0,-0.792,0.0,-0.792,0.8097338,9.892470359802246,8.010267695371624,0.792,0.0,0.0,-0.0,0.0,-0.0,0.0,0.0,-0.0,0.0,10.402984,0.0,0.0,0.27993497,-0.34207252,-0.10814208,0.0,0.0,0.0,0.0,0.31613788,0.1383698,0.6435377,0.0,0.0,-0.34207252,0.44992748,0.48913568,0.27993497,-0.039208196,13.9,17.252445,17.777779,17.777779,2.0
resstock-amy2018-2021-release-1-508005,0.0,0.0,0.17724635,0.0,0.0,0.19352476,0.0,0.0,0.0,0.0,0.0,0.0,0.0,0.0,-0.792,0.0,-0.792,0.72600365,9.892433166503906,7.1819425551075255,0.792,0.0,0.0,-0.0,0.0,-0.0,0.0,0.0,-0.0,0.0,10.402984,0.0,0.0,0.3907295,-0.24185823,-0.07475769,0.0,0.0,0.0,0.0,0.30909714,0.1383698,0.6466767,0.0,0.0,-0.24185823,0.55014175,0.5842542,0.3907295,-0.034112476,13.9,17.276648,17.777779,17.777779,2.0
resstock-amy2018-2021-release-1-508005,0.039223455,0.0,0.0,0.0,0.0,0.0,0.0,0.0,0.0,0.0,0.0,0.0,0.0,0.0,-0.792,0.0,-0.792,0.6424073,9.892395973205566,6.3549473687643285,0.792,0.0,0.0,-0.0,0.0,-0.0,0.0,0.0,-0.0,0.0,10.402984,0.0,0.0,0.57891047,-0.22665627,-0.067930065,0.0,0.0,0.0,0.0,0.2997052,0.1383698,0.6469901,0.0,0.0,-0.22665627,0.56534374,0.57891047,0.57891047,-0.01356675,13.9,17.404882,17.777779,17.777779,2.0
resstock-amy2018-2021-release-1-508005,0.17954122,0.0,0.20835176,0.0,0.0,0.22748691,0.0,0.0,0.0,0.0,0.0,0.0,0.0,0.0,-0.792,0.0,-0.792,0.5589445,9.892358779907227,5.529279762889132,0.792,0.0,0.0,-0.0,0.0,-0.0,0.0,0.0,-0.0,0.0,10.402984,0.0,0.0,0.37047958,-0.23583984,-0.07085883,0.0,0.0,0.0,0.0,0.30045316,0.1383698,0.64551765,0.0,0.0,-0.23583984,0.55616015,0.5979665,0.37047958,-0.041806336,14.15,17.780632,17.777779,17.777779,2.0
resstock-amy2018-2021-release-1-508005,0.11264833,0.0,0.42887154,0.0,0.0,0.46825936,0.0,0.0,0.0,0.0,0.0,0.0,0.0,0.0,-0.792,0.0,-0.792,0.47561523,9.892321586608887,4.704938838135291,0.792,0.0,0.0,-0.0,0.0,-0.0,0.0,0.0,-0.0,0.0,10.402984,0.0,0.0,0.36857337,0.0066241324,0.0020307691,0.004267827,0.0,0.0,0.0,0.30657133,0.1383698,0.6442847,0.0,0.0066241324,0.0,0.79862416,0.83683276,0.36857337,-0.038208596,13.3,18.020151,17.777779,17.777779,2.0
resstock-amy2018-2021-release-1-508005,0.0,0.0,0.18481568,0.0,0.0,0.20178926,0.0,0.0,0.0,0.0,0.0,0.0,0.0,0.0,-0.792,0.0,-0.792,0.3924191,9.892284393310547,3.881921336665073,0.792,0.0,0.0,-0.0,0.0,-0.0,0.0,0.0,-0.0,0.0,10.402984,0.0,0.0,0.2863047,-0.31378198,-0.097701274,0.0,0.0,0.0,0.0,0.31136674,0.1383698,0.6418336,0.0,0.0,-0.31378198,0.47821802,0.48809397,0.2863047,-0.009875968,13.15,17.954182,17.777779,17.777779,2.0
resstock-amy2018-2021-release-1-508005,0.0,0.0,0.9473014,0.0,0.0,1.0343021,0.0,0.0,0.0,0.0,0.0,0.0,0.0,0.0,-0.792,0.0,-0.792,0.3093559,9.892247200012207,3.0602251799372766,0.792,0.0,0.0,-0.0,0.0,-0.0,0.0,0.0,-0.0,0.0,10.402984,0.0,0.0,0.33592644,0.56732005,0.1777163,0.36186314,0.0,0.0,0.0,0.31325582,0.1383698,0.6378465,0.0,0.56732005,0.0,1.35932,1.3702285,0.33592644,-0.010908503,12.8,17.9221,19.37037,19.37037,2.0
resstock-amy2018-2021-release-1-508005,0.0,1.680565,0.46312466,0.0,0.69562674,0.5056583,0.0,0.0,0.0,0.0,0.0,0.0,0.0,0.0,-0.792,0.0,-0.792,0.22642548,9.892210006713867,2.2398484368471543,0.792,0.0,0.0,-0.0,0.0,-0.0,0.0,0.0,-0.0,0.0,10.402984,1.680565,0.0,0.3433609,0.75264597,0.23649454,0.47563872,0.0,0.0,0.0,0.3142175,0.1383698,0.63195544,0.0,0.75264597,0.0,1.544646,1.544646,0.3433609,0.0,12.1,20.061737,20.0,20.0,2.0
resstock-amy2018-2021-release-1-508005,0.0,0.0,0.36233413,0.0,0.0,0.3956111,0.0,0.0,0.0,0.0,0.0,0.0,0.0,0.0,-0.792,0.0,-0.792,0.1436276,9.892172813415527,1.4207890289139158,0.792,0.0,0.0,-0.0,0.0,-0.0,0.0,0.0,-0.0,0.0,10.402984,0.0,0.0,0.37668586,-0.01970303,-0.006117224,0.0,0.0,0.0,0.0,0.31047124,0.1383698,0.61602545,0.0,0.0,-0.01970303,0.77229697,0.77229697,0.37668586,-0.0,12.2,19.053955,20.0,20.0,2.0
resstock-amy2018-2021-release-1-508005,0.0,0.0,0.38320506,0.0,0.0,0.41839883,0.0,0.0,0.0,0.0,0.0,0.0,0.0,0.0,-0.792,0.0,-0.792,0.060962036,9.892135620117188,0.6030447302835,0.792,0.0,0.0,-0.0,0.0,-0.0,0.0,0.0,-0.0,0.0,10.402984,0.0,0.0,0.40955812,0.03595695,0.011124007,0.021467883,0.0,0.0,0.0,0.30937016,0.1383698,0.59704405,0.0,0.03595695,0.0,0.8279569,0.8279569,0.40955812,-0.0,11.7,18.271084,20.546297,20.546297,2.0
resstock-amy2018-2021-release-1-508005,0.0,2.5700295,0.0,0.0,1.0928199,0.0,0.0,0.0,0.0,0.0,0.0,0.0,0.0,0.0,-0.5847538,0.0,-0.5847538,0.0,9.892107963562012,0.0,0.5847538,0.0,0.0,-0.0,0.0,-0.0,0.0,0.0,-0.0,0.0,10.402984,2.5700295,0.0,0.51096326,1.0190294,0.3067521,0.5905781,0.0,0.0,0.0,0.30102378,0.1383698,0.5795496,0.0,1.0190294,0.0,1.6037831,1.6037831,0.51096326,-0.0,11.1,21.16973,21.666666,21.666666,2.0
resstock-amy2018-2021-release-1-508005,0.0,0.0,0.57480896,0.0,0.0,0.6275998,0.0,0.0,0.0,0.0,0.0,0.0,0.0,0.0,0.0,0.0,0.0,0.0,9.892107963562012,0.0,-0.0,0.0,0.0,-0.0,0.0,-0.0,0.0,0.0,-0.0,0.0,10.402984,0.0,0.0,0.44322944,1.0708292,0.2902887,0.59765345,0.0,0.0,0.0,0.27108777,0.1383698,0.55812216,0.0,1.0708292,0.0,1.0708292,1.0708292,0.44322944,-0.0,10.6,19.701668,21.643518,21.643518,2.0
resstock-amy2018-2021-release-1-508005,0.0,1.8876714,0.0,0.0,0.8026697,0.0,0.0,0.0,0.0,0.0,0.0,0.0,0.0,0.0,0.9009,0.9009,0.0,0.088711336,9.892065048217773,0.8775383087495072,-0.0,0.9009,0.0,-0.0,0.0,-0.0,0.0,0.0,-0.0,0.0,10.402984,1.8876714,0.0,0.195165,1.8987347,0.47824025,1.0160393,0.0,0.0,0.0,0.25187314,0.1383698,0.5351139,0.0,1.8987347,0.0,0.9978347,0.9978347,0.195165,-0.0,11.1,21.043797,21.11111,21.11111,2.0
resstock-amy2018-2021-release-1-508005,0.0,0.0,0.0,0.0,0.0,0.0,0.0,0.0,0.0,0.0,0.0,0.0,0.0,0.0,0.9009,0.9009,0.0,0.17728089,9.892022132873535,1.75366646744952,-0.0,0.9009,0.0,-0.0,0.0,-0.0,0.0,0.0,-0.0,0.0,10.402984,0.0,0.0,0.19141321,1.0923132,0.23922741,0.55468446,0.0,0.0,0.0,0.21900992,0.1383698,0.5078072,0.0,1.0923132,0.0,0.19141316,0.19141316,0.19141321,-0.0,10.0,19.428743,20.555555,20.555555,2.0
resstock-amy2018-2021-release-1-508005,0.5567585,1.0953729,0.0,0.0,0.47937748,0.0,0.0,0.0,0.0,0.0,0.0,0.0,0.0,0.0,0.9009,0.9009,0.0,0.2657089,9.891979217529297,2.628386852785866,-0.0,0.9009,0.0,-0.0,0.0,-0.0,0.0,0.0,-0.0,0.0,10.402984,1.0953729,0.0,0.18956426,1.5698417,0.3378369,0.8134213,0.0,0.0,0.0,0.21520443,0.1383698,0.518155,0.0,1.5698417,0.0,0.66894174,0.66894174,0.18956426,-0.0,10.0,19.518578,18.88889,18.88889,2.0
resstock-amy2018-2021-release-1-508005,0.0,0.0,0.0,0.0,0.0,0.0,0.0,0.0,0.0,0.0,0.0,0.0,0.0,0.0,0.9009,0.9009,0.0,0.35399556,9.891936302185059,3.5017015466007706,-0.0,0.9009,0.0,-0.0,0.0,-0.0,0.0,0.0,-0.0,0.0,10.402984,0.0,0.0,0.18831366,1.0892136,0.2202399,0.5154202,0.0,0.0,0.0,0.20220083,0.1383698,0.473204,0.0,1.0892136,0.0,0.1883136,0.1883136,0.18831366,-0.0,9.4,18.26947,18.88889,18.88889,2.0
resstock-amy2018-2021-release-1-508005,0.0,0.0,0.0,0.0,0.0,0.0,0.0,0.0,0.0,0.0,0.0,0.0,0.0,0.0,0.9009,0.9009,0.0,0.44214115,9.89189338684082,4.373613072902742,-0.0,0.9009,0.0,-0.0,0.0,-0.0,0.0,0.0,-0.0,0.0,10.402984,0.0,0.0,0.1873195,1.0882195,0.21253322,0.5115907,0.0,0.0,0.0,0.19530363,0.1383698,0.47011718,0.0,1.0882195,0.0,0.18731952,0.18731952,0.1873195,-0.0,8.9,17.316807,18.88889,18.88889,2.0
resstock-amy2018-2021-release-1-508005,0.0,1.52822,0.0,0.0,0.69814587,0.0,0.0,0.0,0.0,0.0,0.0,0.0,0.0,0.0,0.9009,0.9009,0.0,0.5301458,9.891850471496582,5.244123218656512,-0.0,0.9009,0.0,-0.0,0.0,-0.0,0.0,0.0,-0.0,0.0,10.402984,1.52822,0.0,0.18623988,1.7852857,0.33187962,0.82252413,0.0,0.0,0.0,0.1858972,0.1383698,0.4607241,0.0,1.7852857,0.0,0.8843857,0.8843857,0.18623988,-0.0,8.3,18.475666,18.88889,18.88889,2.0
resstock-amy2018-2021-release-1-508005,0.0,0.0,0.0,0.0,0.0,0.0,0.0,0.0,0.0,0.0,0.0,0.0,0.0,0.0,0.9009,0.9009,0.0,0.61800987,9.891807556152344,6.1132346551926275,-0.0,0.9009,0.0,-0.0,0.0,-0.0,0.0,0.0,-0.0,0.0,10.402984,0.0,0.0,0.18498929,1.0858893,0.22154197,0.52131087,0.0,0.0,0.0,0.20401892,0.1383698,0.48007736,0.0,1.0858893,0.0,0.18498933,0.18498933,0.18498929,-0.0,7.5,17.384455,18.88889,18.88889,2.0
resstock-amy2018-2021-release-1-508005,0.0,1.4624596,0.0,0.0,0.69452786,0.0,0.0,0.0,0.0,0.0,0.0,0.0,0.0,0.0,0.9009,0.9009,0.0,0.70573354,9.891764640808105,6.9809500537955955,-0.0,0.9009,0.0,-0.0,0.0,-0.0,0.0,0.0,-0.0,0.0,10.402984,1.4624596,0.0,1.3138709,2.909299,0.64280343,1.5303445,0.0,0.0,0.0,0.22094788,0.1383698,0.5260183,0.0,2.909299,0.0,2.008399,2.008399,1.3138709,-0.0,6.7,18.340157,18.898148,18.898148,2.0
resstock-amy2018-2021-release-1-508005,0.0,0.0,0.82651395,0.0,0.0,0.9024215,0.0,0.0,0.0,0.0,0.0,0.0,0.0,0.0,0.9009,0.9009,0.0,0.79331696,9.891721725463867,7.847270611722479,-0.0,0.9009,0.0,-0.0,0.0,-0.0,0.0,0.0,-0.0,0.0,10.402984,0.0,0.0,0.25197357,2.055295,0.6239662,1.1039077,0.0,0.0,0.0,0.3035896,0.1383698,0.53710425,0.0,2.055295,0.0,1.154395,1.154395,0.25197357,-0.0,8.3,17.286142,20.0,20.0,2.0
resstock-amy2018-2021-release-1-508005,0.0,2.6381383,0.43661624,0.0,1.1366765,0.47671533,0.0,0.0,0.0,0.0,0.0,0.0,0.0,0.0,0.9009,0.9009,0.0,0.8807604,9.891678810119629,8.71219870538988,-0.0,0.9009,0.0,-0.0,0.0,-0.0,0.0,0.0,-0.0,0.0,10.402984,2.6381383,0.0,0.2761897,2.7904816,0.8762754,1.5460769,0.0,0.0,0.0,0.31402302,0.1383698,0.5540538,0.0,2.7904816,0.0,1.8895816,1.8895816,0.2761897,-0.0,10.6,19.968925,19.981482,19.981482,2.0
resstock-amy2018-2021-release-1-508005,1.3721378,0.0,0.24037081,0.0,0.0,0.2624466,0.0,0.0,0.0,0.0,0.0,0.0,0.0,0.0,0.9009,0.9009,0.0,0.96806407,9.89163589477539,9.57573730076092,-0.0,0.9009,0.0,-0.0,0.0,-0.0,0.0,0.0,-0.0,0.0,10.402984,0.0,0.0,0.3735249,1.5287812,0.5512123,0.8416771,0.0,0.0,0.0,0.3605567,0.1383698,0.55055434,0.0,1.5287812,0.0,0.62788117,0.63597155,0.3735249,-0.008090397,11.7,18.447517,17.777779,17.777779,2.0
resstock-amy2018-2021-release-1-508005,0.0,0.0,0.7669774,0.0,0.0,0.83741707,0.0,0.0,0.0,0.0,0.0,0.0,0.0,0.0,-0.69780475,0.0,-0.69780475,0.893598,9.891602516174316,8.839116423839585,0.69780475,0.0,0.0,-0.0,0.0,-0.0,0.0,0.0,-0.0,0.0,10.402984,0.0,0.0,1.5050279,1.6067703,0.5597892,0.8800567,0.0,0.0,0.0,0.34839404,0.1383698,0.5477178,0.0,1.6067703,0.0,2.304575,2.342445,1.5050279,-0.037869956,12.2,17.760391,19.833334,19.833334,2.0
resstock-amy2018-2021-release-1-508005,0.0,2.4120111,0.38348907,0.0,0.99566627,0.41870895,0.0,0.0,0.0,0.0,0.0,0.0,0.0,0.0,-0.792,0.0,-0.792,0.8097338,9.891565322875977,8.009534856374898,0.792,0.0,0.0,-0.0,0.0,-0.0,0.0,0.0,-0.0,0.0,10.402984,2.4120111,0.0,1.5002985,2.0858207,0.6391351,1.1761639,0.0,0.0,0.0,0.30641901,0.1383698,0.56388545,0.0,2.0858207,0.0,2.8778207,2.9146738,1.5002985,-0.03685298,12.2,20.43751,20.0,20.0,2.0
resstock-amy2018-2021-release-1-508005,0.0,0.0,0.7168586,0.0,0.0,0.78269535,0.0,0.0,0.0,0.0,0.0,0.0,0.0,0.0,-0.792,0.0,-0.792,0.72600365,9.891528129577637,7.181285494998519,0.792,0.0,0.0,-0.0,0.0,-0.0,0.0,0.0,-0.0,0.0,10.402984,0.0,0.0,0.27905232,0.24686277,0.07346845,0.13787697,0.0,0.0,0.0,0.29760846,0.1383698,0.5585167,0.0,0.24686277,0.0,1.0388627,1.0617476,0.27905232,-0.022884892,12.2,19.061493,20.0,20.0,2.0
resstock-amy2018-2021-release-1-508005,0.0,0.0,0.0,0.0,0.0,0.0,0.0,0.0,0.0,0.0,0.0,0.0,0.0,0.0,-0.792,0.0,-0.792,0.6424073,9.891490936279297,6.354365966437854,0.792,0.0,0.0,-0.0,0.0,-0.0,0.0,0.0,-0.0,0.0,10.402984,0.0,0.0,0.2807234,-0.5378688,-0.15445234,0.0,0.0,0.0,0.0,0.28715616,0.1383698,0.5333459,0.0,0.0,-0.5378688,0.2541312,0.2807234,0.2807234,-0.026592188,11.7,18.493067,20.0,20.0,2.0
resstock-amy2018-2021-release-1-508005,0.0,1.7010685,0.0,0.0,0.7238032,0.0,0.0,0.0,0.0,0.0,0.0,0.0,0.0,0.0,-0.792,0.0,-0.792,0.5589445,9.891453742980957,5.528773897455778,0.792,0.0,0.0,-0.0,0.0,-0.0,0.0,0.0,-0.0,0.0,10.402984,1.7010685,0.0,0.28050318,0.17413962,0.049823456,0.09108803,0.0,0.0,0.0,0.28611213,0.1383698,0.5230747,0.0,0.17413962,0.0,0.9661396,1.0043064,0.28050318,-0.038166814,11.075,20.535912,20.0,20.0,2.0
resstock-amy2018-2021-release-1-508005,0.0,0.0,0.43200842,0.0,0.0,0.47168434,0.0,0.0,0.0,0.0,0.0,0.0,0.0,0.0,-0.792,0.0,-0.792,0.47561523,9.891416549682617,4.704508388786564,0.792,0.0,0.0,-0.0,0.0,-0.0,0.0,0.0,-0.0,0.0,10.402984,0.0,0.0,0.607123,0.25562322,0.07511242,0.13061911,0.0,0.0,0.0,0.29384035,0.1383698,0.51098293,0.0,0.25562322,0.0,1.0476232,1.0788072,0.607123,-0.03118412,11.95,19.573223,20.0,20.0,2.0
resstock-amy2018-2021-release-1-508005,1.1959192,0.0,0.0,0.0,0.0,0.0,0.0,0.0,0.0,0.0,0.0,0.0,0.0,0.0,-0.792,0.0,-0.792,0.3924191,9.891379356384277,3.8815661828891734,0.792,0.0,0.0,-0.0,0.0,-0.0,0.0,0.0,-0.0,0.0,10.402984,0.0,0.0,0.44533783,-0.3992109,-0.12359786,0.0,0.0,0.0,0.0,0.30960542,0.1383698,0.4956046,0.0,0.0,-0.3992109,0.3927891,0.44533783,0.44533783,-0.052548725,13.3,19.319527,18.398148,18.398148,2.0
resstock-amy2018-2021-release-1-508005,0.9029098,0.0,0.0,0.0,0.0,0.0,0.0,0.0,0.0,0.0,0.0,0.0,0.0,0.0,-0.792,0.0,-0.792,0.3093559,9.891342163085938,3.0599452014112103,0.792,0.0,0.0,-0.0,0.0,-0.0,0.0,0.0,-0.0,0.0,10.402984,0.0,0.0,0.33592644,-0.46906954,-0.15060109,0.0,0.0,0.0,0.0,0.32106346,0.1383698,0.50584584,0.0,0.0,-0.46906954,0.32293046,0.33592644,0.33592644,-0.012995988,12.8,18.8676,17.796297,17.796297,2.0
resstock-amy2018-2021-release-1-508005,0.0,0.0,0.19174513,0.0,0.0,0.20935512,0.0,0.0,0.0,0.0,0.0,0.0,0.0,0.0,-0.792,0.0,-0.792,0.22642548,9.891304969787598,2.239643513423246,0.792,0.0,0.0,-0.0,0.0,-0.0,0.0,0.0,-0.0,0.0,10.402984,0.0,0.0,0.3433609,-0.23928398,-0.07979424,0.0,0.0,0.0,0.0,0.3334709,0.1383698,0.55783343,0.0,0.0,-0.23928398,0.552716,0.552716,0.3433609,0.0,12.2,18.398815,20.0,20.0,2.0
resstock-amy2018-2021-release-1-508005,0.0,1.7851801,0.19174506,0.0,0.7369135,0.20935504,0.0,0.0,0.0,0.0,0.0,0.0,0.0,0.0,-0.792,0.0,-0.792,0.1436276,9.891267776489258,1.4206590406332964,0.792,0.0,0.0,-0.0,0.0,-0.0,0.0,0.0,-0.0,0.0,10.402984,1.7851801,0.0,0.37668586,0.53095436,0.17116165,0.32559428,0.0,0.0,0.0,0.32236603,0.1383698,0.6132246,0.0,0.53095436,0.0,1.3229544,1.3229544,0.37668586,-0.0,12.2,20.485592,20.0,20.0,2.0
resstock-amy2018-2021-release-1-508005,0.0,0.0,0.0,0.0,0.0,0.0,0.0,0.0,0.0,0.0,0.0,0.0,0.0,0.0,-0.792,0.0,-0.792,0.060962036,9.891230583190918,0.6029895573895914,0.792,0.0,0.0,-0.0,0.0,-0.0,0.0,0.0,-0.0,0.0,10.402984,0.0,0.0,0.58928746,-0.20271254,-0.06452736,0.0,0.0,0.0,0.0,0.31831953,0.1383698,0.6181336,0.0,0.0,-0.20271254,0.58928746,0.58928746,0.58928746,-0.0,12.8,19.542404,20.0,20.0,2.0
resstock-amy2018-2021-release-1-508005,0.0,0.0,0.0,0.0,0.0,0.0,0.0,0.0,0.0,0.0,0.0,0.0,0.0,0.0,-0.5847538,0.0,-0.5847538,0.0,9.891202926635742,0.0,0.5847538,0.0,0.0,-0.0,0.0,-0.0,0.0,0.0,-0.0,0.0,10.402984,0.0,0.0,0.51096326,-0.07379055,-0.022929404,0.0,0.0,0.0,0.0,0.31073633,0.1383698,0.611606,0.0,0.0,-0.07379055,0.51096326,0.51096326,0.51096326,-0.0,12.2,18.790213,20.953703,20.953703,2.0
resstock-amy2018-2021-release-1-508005,0.0,2.5593784,0.0,0.0,1.0391577,0.0,0.0,0.0,0.0,0.0,0.0,0.0,0.0,0.0,0.0,0.0,0.0,0.0,9.891202926635742,0.0,-0.0,0.0,0.0,-0.0,0.0,-0.0,0.0,0.0,-0.0,0.0,10.402984,2.5593784,0.0,0.19800809,1.2371658,0.38040093,0.7422213,0.0,0.0,0.0,0.3074777,0.1383698,0.5999368,0.0,1.2371658,0.0,1.2371658,1.2371658,0.19800809,-0.0,12.8,21.49691,21.101852,21.101852,2.0
resstock-amy2018-2021-release-1-508005,1.0659775,0.0,0.0,0.0,0.0,0.0,0.0,0.0,0.0,0.0,0.0,0.0,0.0,0.0,0.9009,0.9009,0.0,0.088711336,9.891160011291504,0.8774580217144177,-0.0,0.9009,0.0,-0.0,0.0,-0.0,0.0,0.0,-0.0,0.0,10.402984,0.0,0.0,0.195165,1.096065,0.3270562,0.6492941,0.0,0.0,0.0,0.29839122,0.1383698,0.5923864,0.0,1.096065,0.0,0.19516504,0.19516504,0.195165,-0.0,12.2,20.085648,18.88889,18.88889,2.0
resstock-amy2018-2021-release-1-508005,0.0,0.0,0.0,0.0,0.0,0.0,0.0,0.0,0.0,0.0,0.0,0.0,0.0,0.0,0.9009,0.9009,0.0,0.17728089,9.891117095947266,1.753506021699593,-0.0,0.9009,0.0,-0.0,0.0,-0.0,0.0,0.0,-0.0,0.0,10.402984,0.0,0.0,0.19141321,1.0923132,0.28718007,0.65657336,0.0,0.0,0.0,0.26291,0.1383698,0.60108525,0.0,1.0923132,0.0,0.19141316,0.19141316,0.19141321,-0.0,12.2,18.808643,18.88889,18.88889,2.0
resstock-amy2018-2021-release-1-508005,0.0,0.0,0.0,0.0,0.0,0.0,0.0,0.0,0.0,0.0,0.0,0.0,0.0,0.0,0.9009,0.9009,0.0,0.2657089,9.891074180603027,2.628146376425576,-0.0,0.9009,0.0,-0.0,0.0,-0.0,0.0,0.0,-0.0,0.0,10.402984,0.0,0.0,0.18956426,1.0904642,0.2669247,0.6147839,0.0,0.0,0.0,0.2447808,0.1383698,0.5637818,0.0,1.0904642,0.0,0.18956423,0.18956423,0.18956426,-0.0,12.2,18.035255,18.88889,18.88889,2.0
resstock-amy2018-2021-release-1-508005,0.0,0.0,0.0,0.0,0.0,0.0,0.0,0.0,0.0,0.0,0.0,0.0,0.0,0.0,0.9009,0.9009,0.0,0.35399556,9.891031265258789,3.5013811675457873,-0.0,0.9009,0.0,-0.0,0.0,-0.0,0.0,0.0,-0.0,0.0,10.402984,0.0,0.0,0.18831366,1.0892136,0.229225,0.65338784,0.0,0.0,0.0,0.21045,0.1383698,0.59987116,0.0,1.0892136,0.0,0.1883136,0.1883136,0.18831366,-0.0,12.2,17.396442,18.88889,18.88889,2.0
resstock-amy2018-2021-release-1-508005,0.0,1.4508063,0.0,0.0,0.59888566,0.0,0.0,0.0,0.0,0.0,0.0,0.0,0.0,0.0,0.9009,0.9009,0.0,0.44214115,9.89098834991455,4.373212918839471,-0.0,0.9009,0.0,-0.0,0.0,-0.0,0.0,0.0,-0.0,0.0,10.402984,1.4508063,0.0,0.1873195,1.6871052,0.35505128,1.0234777,0.0,0.0,0.0,0.21045,0.1383698,0.6066472,0.0,1.6871052,0.0,0.7862052,0.7862052,0.1873195,-0.0,12.2,18.683662,18.88889,18.88889,2.0
resstock-amy2018-2021-release-1-508005,0.0,0.0,0.0,0.0,0.0,0.0,0.0,0.0,0.0,0.0,0.0,0.0,0.0,0.0,0.9009,0.9009,0.0,0.5301458,9.890945434570312,5.243643417109524,-0.0,0.9009,0.0,-0.0,0.0,-0.0,0.0,0.0,-0.0,0.0,10.402984,0.0,0.0,0.18623988,1.0871398,0.22878857,0.68725044,0.0,0.0,0.0,0.21045,0.1383698,0.63216376,0.0,1.0871398,0.0,0.18623984,0.18623984,0.18623988,-0.0,12.2,17.72515,18.88889,18.88889,2.0
resstock-amy2018-2021-release-1-508005,0.0,1.1312706,0.0,0.0,0.4733704,0.0,0.0,0.0,0.0,0.0,0.0,0.0,0.0,0.0,0.9009,0.9009,0.0,0.61800987,9.890902519226074,6.112675333443747,-0.0,0.9009,0.0,-0.0,0.0,-0.0,0.0,0.0,-0.0,0.0,10.402984,1.1312706,0.0,0.18498929,1.5592597,0.33765766,0.9988298,0.0,0.0,0.0,0.21655,0.1383698,0.6405795,0.0,1.5592597,0.0,0.65835965,0.65835965,0.18498929,-0.0,11.7,18.306475,18.898148,18.898148,2.0
resstock-amy2018-2021-release-1-508005,0.0,0.0,0.59747463,0.0,0.0,0.6523471,0.0,0.0,0.0,0.0,0.0,0.0,0.0,0.0,0.9009,0.9009,0.0,0.70573354,9.890859603881836,6.980311338883894,-0.0,0.9009,0.0,-0.0,0.0,-0.0,0.0,0.0,-0.0,0.0,10.402984,0.0,0.0,0.18524572,1.7384928,0.43161562,1.1068382,0.0,0.0,0.0,0.24827,0.1383698,0.6366654,0.0,1.7384928,0.0,0.83759284,0.83759284,0.18524572,-0.0,11.1,17.49759,20.0,20.0,2.0
resstock-amy2018-2021-release-1-508005,0.0,2.4325914,0.0,0.0,1.0426198,0.0,0.0,0.0,0.0,0.0,0.0,0.0,0.0,0.0,0.9009,0.9009,0.0,0.79331696,9.890816688537598,7.84655263057914,-0.0,0.9009,0.0,-0.0,0.0,-0.0,0.0,0.0,-0.0,0.0,10.402984,2.4325914,0.0,0.31611475,2.2596345,0.72364795,1.4292412,0.0,0.0,0.0,0.32025,0.1383698,0.6325099,0.0,2.2596345,0.0,1.3587345,1.3587345,0.31611475,-0.0,10.8,19.938175,20.0,20.0,2.0
resstock-amy2018-2021-release-1-508005,0.0,0.0,0.0,0.0,0.0,0.0,0.0,0.0,0.0,0.0,0.0,0.0,0.0,0.0,0.9009,0.9009,0.0,0.8807604,9.89077377319336,8.71140158473031,-0.0,0.9009,0.0,-0.0,0.0,-0.0,0.0,0.0,-0.0,0.0,10.402984,0.0,0.0,0.3622168,1.2631168,0.4331142,0.80312634,0.0,0.0,0.0,0.3428932,0.1383698,0.63582903,0.0,1.2631168,0.0,0.36221683,0.36221683,0.3622168,-0.0,11.1,18.504774,19.981482,19.981482,2.0
resstock-amy2018-2021-release-1-508005,1.191736,1.4355061,0.0,0.0,0.5925698,0.0,0.0,0.0,0.0,0.0,0.0,0.0,0.0,0.0,0.9009,0.9009,0.0,0.96806407,9.890730857849121,9.574861167030804,-0.0,0.9009,0.0,-0.0,0.0,-0.0,0.0,0.0,-0.0,0.0,10.402984,1.4355061,0.0,0.28178522,1.7663298,0.64378303,1.1265272,0.0,0.0,0.0,0.364475,0.1383698,0.6377785,0.0,1.7663298,0.0,0.86542976,0.8743551,0.28178522,-0.008925289,12.2,19.369154,17.796297,17.796297,2.0
resstock-amy2018-2021-release-1-508005,0.0,0.0,0.0,0.0,0.0,0.0,0.0,0.0,0.0,0.0,0.0,0.0,0.0,0.0,-0.69780475,0.0,-0.69780475,0.893598,9.890697479248047,8.838307684634174,0.69780475,0.0,0.0,-0.0,0.0,-0.0,0.0,0.0,-0.0,0.0,10.402984,0.0,0.0,0.282754,-0.44506204,-0.15483056,0.0,0.0,0.0,0.0,0.34788534,0.1383698,0.6401317,0.0,0.0,-0.44506204,0.2527427,0.282754,0.282754,-0.030011293,11.7,18.223541,20.0,20.0,2.0
resstock-amy2018-2021-release-1-508005,0.0,2.0944164,0.19188142,0.0,0.85037404,0.20950392,0.0,0.0,0.0,0.0,0.0,0.0,0.0,0.0,-0.792,0.0,-0.792,0.8097338,9.890660285949707,8.008802017378173,0.792,0.0,0.0,-0.0,0.0,-0.0,0.0,0.0,-0.0,0.0,10.402984,2.0944164,0.0,0.27993497,0.5160205,0.1725759,0.33366308,0.0,0.0,0.0,0.33443615,0.1383698,0.64660823,0.0,0.5160205,0.0,1.3080205,1.3398129,0.27993497,-0.03179244,12.8,20.295347,20.0,20.0,2.0
resstock-amy2018-2021-release-1-508005,1.746789,0.0,0.0,0.0,0.0,0.0,0.0,0.0,0.0,0.0,0.0,0.0,0.0,0.0,-0.792,0.0,-0.792,0.72600365,9.890623092651367,7.180628434889513,0.792,0.0,0.0,-0.0,0.0,-0.0,0.0,0.0,-0.0,0.0,10.402984,0.0,0.0,0.27905232,-0.5750801,-0.17679939,0.0,0.0,0.0,0.0,0.30743438,0.1383698,0.6454857,0.0,0.0,-0.5750801,0.2169199,0.2790523,0.27905232,-0.0621324,13.6,19.14548,17.88889,17.88889,2.0
resstock-amy2018-2021-release-1-508005,0.79331684,0.0,0.19188143,0.0,0.0,0.20950393,0.0,0.0,0.0,0.0,0.0,0.0,0.0,0.0,-0.792,0.0,-0.792,0.6424073,9.890585899353027,6.353784564111379,0.792,0.0,0.0,-0.0,0.0,-0.0,0.0,0.0,-0.0,0.0,10.402984,0.0,0.0,0.19018486,-0.4810369,-0.14266524,0.0,0.0,0.0,0.0,0.2965786,0.1383698,0.64066696,0.0,0.0,-0.4810369,0.3109631,0.39968884,0.19018486,-0.08872574,13.9,18.844276,17.777779,17.777779,2.0
resstock-amy2018-2021-release-1-508005,0.8362218,0.0,0.1918814,0.0,0.0,0.2095039,0.0,0.0,0.0,0.0,0.0,0.0,0.0,0.0,-0.792,0.0,-0.792,0.5589445,9.890548706054688,5.5282680320224244,0.792,0.0,0.0,-0.0,0.0,-0.0,0.0,0.0,-0.0,0.0,10.402984,0.0,0.0,0.19052678,-0.48114288,-0.14278226,0.0,0.0,0.0,0.0,0.29675645,0.1383698,0.6363588,0.0,0.0,-0.48114288,0.31085712,0.40003067,0.19052678,-0.08917356,13.9,18.989056,17.777779,17.777779,2.0
resstock-amy2018-2021-release-1-508005,1.2512435,0.0,0.0,0.0,0.0,0.0,0.0,0.0,0.0,0.0,0.0,0.0,0.0,0.0,-0.792,0.0,-0.792,0.47561523,9.890511512756348,4.704077939437838,0.792,0.0,0.0,-0.0,0.0,-0.0,0.0,0.0,-0.0,0.0,10.402984,0.0,0.0,0.2796783,-0.61414284,-0.19705386,0.0,0.0,0.0,0.0,0.32086,0.1383698,0.633447,0.0,0.0,-0.61414284,0.17785716,0.2796783,0.2796783,-0.10182113,13.9,19.513813,17.777779,17.777779,2.0
resstock-amy2018-2021-release-1-508005,1.667505,0.0,0.4755389,0.0,0.0,0.51921266,0.0,0.0,0.0,0.0,0.0,0.0,0.0,0.0,-0.792,0.0,-0.792,0.3924191,9.890474319458008,3.881211029113274,0.792,0.0,0.0,-0.0,0.0,-0.0,0.0,0.0,-0.0,0.0,10.402984,0.0,0.0,0.38273486,0.04051757,0.013756602,0.025606167,0.0,0.0,0.0,0.3395219,0.1383698,0.6319769,0.0,0.04051757,0.0,0.83251756,0.9019475,0.38273486,-0.06942995,14.4,19.926203,17.777779,17.777779,2.0
resstock-amy2018-2021-release-1-508005,1.2677826,0.0,0.0,0.0,0.0,0.0,0.0,0.0,0.0,0.0,0.0,0.0,0.0,0.0,-0.792,0.0,-0.792,0.3093559,9.890437126159668,3.059665222885144,0.792,0.0,0.0,-0.0,0.0,-0.0,0.0,0.0,-0.0,0.0,10.402984,0.0,0.0,0.8998442,0.07865953,0.028655997,0.04966241,0.0,0.0,0.0,0.3643042,0.1383698,0.63135916,0.0,0.07865953,0.0,0.87065953,0.8998442,0.8998442,-0.029184708,13.9,19.976385,17.796297,17.796297,2.0
resstock-amy2018-2021-release-1-508005,0.0,0.0,0.0,0.0,0.0,0.0,0.0,0.0,0.0,0.0,0.0,0.0,0.0,0.0,-0.792,0.0,-0.792,0.22642548,9.890399932861328,2.239438589999338,0.792,0.0,0.0,-0.0,0.0,-0.0,0.0,0.0,-0.0,0.0,10.402984,0.0,0.0,0.63282526,-0.15941058,-0.06353108,0.0,0.0,0.0,0.0,0.3985374,0.1383698,0.64010644,0.0,0.0,-0.15941058,0.6325894,0.63282526,0.63282526,-0.0002358369,12.8,19.651718,20.412037,20.412037,2.0
resstock-amy2018-2021-release-1-508005,0.0,0.0,0.0,0.0,0.0,0.0,0.0,0.0,0.0,0.0,0.0,0.0,0.0,0.0,-0.792,0.0,-0.792,0.1436276,9.890362739562988,1.420529052352677,0.792,0.0,0.0,-0.0,0.0,-0.0,0.0,0.0,-0.0,0.0,10.402984,0.0,0.0,0.727114,-0.064885974,-0.022978822,0.0,0.0,0.0,0.0,0.3541416,0.1383698,0.6332249,0.0,0.0,-0.064885974,0.727114,0.727114,0.727114,-0.0,12.2,19.18585,21.11111,21.11111,2.0
resstock-amy2018-2021-release-1-508005,0.0,2.2401726,0.1918814,0.0,0.92473215,0.2095039,0.0,0.0,0.0,0.0,0.0,0.0,0.0,0.0,-0.792,0.0,-0.792,0.060962036,9.890325546264648,0.6029343844956827,0.792,0.0,0.0,-0.0,0.0,-0.0,0.0,0.0,-0.0,0.0,10.402984,2.2401726,0.0,0.58928746,0.9315235,0.3266523,0.57311755,0.0,0.0,0.0,0.3506646,0.1383698,0.61524755,0.0,0.9315235,0.0,1.7235235,1.7235235,0.58928746,-0.0,12.2,21.843193,21.11111,21.11111,2.0
resstock-amy2018-2021-release-1-508005,0.0,0.0,0.0,0.0,0.0,0.0,0.0,0.0,0.0,0.0,0.0,0.0,0.0,0.0,-0.5847538,0.0,-0.5847538,0.0,9.890297889709473,0.0,0.5847538,0.0,0.0,-0.0,0.0,-0.0,0.0,0.0,-0.0,0.0,10.402984,0.0,0.0,0.35506824,-0.22968557,-0.07818038,0.0,0.0,0.0,0.0,0.34038,0.1383698,0.58796495,0.0,0.0,-0.22968557,0.35506824,0.35506824,0.35506824,-0.0,11.1,20.523819,21.11111,21.11111,2.0
resstock-amy2018-2021-release-1-508005,0.0,0.0,0.0,0.0,0.0,0.0,0.0,0.0,0.0,0.0,0.0,0.0,0.0,0.0,0.0,0.0,0.0,0.0,9.890297889709473,0.0,-0.0,0.0,0.0,-0.0,0.0,-0.0,0.0,0.0,-0.0,0.0,10.402984,0.0,0.0,0.19800809,0.19800809,0.06703564,0.108107224,0.0,0.0,0.0,0.33855,0.1383698,0.5459738,0.0,0.19800809,0.0,0.19800809,0.19800809,0.19800809,-0.0,11.1,19.383724,21.101852,21.101852,2.0
resstock-amy2018-2021-release-1-508005,1.1328435,1.6701909,0.0,0.0,0.7196237,0.0,0.0,0.0,0.0,0.0,0.0,0.0,0.0,0.0,0.9009,0.9009,0.0,0.088711336,9.890254974365234,0.8773777346793281,-0.0,0.9009,0.0,-0.0,0.0,-0.0,0.0,0.0,-0.0,0.0,10.402984,1.6701909,0.0,0.195165,1.8156886,0.5914424,0.904045,0.0,0.0,0.0,0.32574,0.1383698,0.4979075,0.0,1.8156886,0.0,0.9147886,0.9147886,0.195165,-0.0,10.6,20.663338,18.88889,18.88889,2.0
resstock-amy2018-2021-release-1-508005,0.0,0.0,0.0,0.0,0.0,0.0,0.0,0.0,0.0,0.0,0.0,0.0,0.0,0.0,0.9009,0.9009,0.0,0.17728089,9.890212059020996,1.7533455759496661,-0.0,0.9009,0.0,-0.0,0.0,-0.0,0.0,0.0,-0.0,0.0,10.402984,0.0,0.0,0.23878051,1.1396805,0.36017185,0.5302388,0.0,0.0,0.0,0.3160288,0.1383698,0.46525216,0.0,1.1396805,0.0,0.2387805,0.2387805,0.23878051,-0.0,11.1,19.318491,18.88889,18.88889,2.0
resstock-amy2018-2021-release-1-508005,0.0,0.0,0.0,0.0,0.0,0.0,0.0,0.0,0.0,0.0,0.0,0.0,0.0,0.0,0.9009,0.9009,0.0,0.2657089,9.890169143676758,2.6279059000652865,-0.0,0.9009,0.0,-0.0,0.0,-0.0,0.0,0.0,-0.0,0.0,10.402984,0.0,0.0,0.21726434,1.1181643,0.3181495,0.50486195,0.0,0.0,0.0,0.2845284,0.1383698,0.45150962,0.0,1.1181643,0.0,0.2172643,0.2172643,0.21726434,-0.0,8.89,18.026249,18.88889,18.88889,2.0
resstock-amy2018-2021-release-1-508005,0.0,0.0,0.0,0.0,0.0,0.0,0.0,0.0,0.0,0.0,0.0,0.0,0.0,0.0,0.9009,0.9009,0.0,0.35399556,9.89012622833252,3.501060788490804,-0.0,0.9009,0.0,-0.0,0.0,-0.0,0.0,0.0,-0.0,0.0,10.402984,0.0,0.0,0.20555991,1.1064599,0.30045474,0.4915658,0.0,0.0,0.0,0.27154598,0.1383698,0.44426897,0.0,1.1064599,0.0,0.20555985,0.20555985,0.20555991,-0.0,9.745,17.291695,18.88889,18.88889,2.0
resstock-amy2018-2021-release-1-508005,0.0,1.5526315,0.0,0.0,0.66897166,0.0,0.0,0.0,0.0,0.0,0.0,0.0,0.0,0.0,0.9009,0.9009,0.0,0.44214115,9.890083312988281,4.372812764776199,-0.0,0.9009,0.0,-0.0,0.0,-0.0,0.0,0.0,-0.0,0.0,10.402984,1.5526315,0.0,0.19933882,1.7692105,0.4392419,0.7870956,0.0,0.0,0.0,0.24827,0.1383698,0.44488522,0.0,1.7692105,0.0,0.86831045,0.86831045,0.19933882,-0.0,10.6,18.638872,18.88889,18.88889,2.0
resstock-amy2018-2021-release-1-508005,0.0,0.0,0.0,0.0,0.0,0.0,0.0,0.0,0.0,0.0,0.0,0.0,0.0,0.0,0.9009,0.9009,0.0,0.5301458,9.890040397644043,5.243163615562537,-0.0,0.9009,0.0,-0.0,0.0,-0.0,0.0,0.0,-0.0,0.0,10.402984,0.0,0.0,0.19658059,1.0974805,0.27006143,0.49362063,0.0,0.0,0.0,0.246074,0.1383698,0.4497762,0.0,1.0974805,0.0,0.19658053,0.19658053,0.19658059,-0.0,10.733334,17.63517,18.88889,18.88889,2.0
resstock-amy2018-2021-release-1-508005,0.0,1.2187395,0.38400418,0.0,0.52510995,0.41927135,0.0,0.0,0.0,0.0,0.0,0.0,0.0,0.0,0.9009,0.9009,0.0,0.61800987,9.889997482299805,6.112116011694866,-0.0,0.9009,0.0,-0.0,0.0,-0.0,0.0,0.0,-0.0,0.0,10.402984,1.2187395,0.0,0.18498929,2.0302706,0.5102476,0.9212627,0.0,0.0,0.0,0.25132,0.1383698,0.45376348,0.0,2.0302706,0.0,1.1293706,1.1293706,0.18498929,-0.0,10.6,18.273537,18.88889,18.88889,2.0
resstock-amy2018-2021-release-1-508005,0.0,0.0,0.19201237,0.0,0.0,0.2096469,0.0,0.0,0.0,0.0,0.0,0.0,0.0,0.0,0.9009,0.9009,0.0,0.70573354,9.889954566955566,6.979672623972192,-0.0,0.9009,0.0,-0.0,0.0,-0.0,0.0,0.0,-0.0,0.0,10.402984,0.0,0.0,0.24174596,1.3522929,0.3695546,0.6229049,0.0,0.0,0.0,0.27328,0.1383698,0.4606287,0.0,1.3522929,0.0,0.4513929,0.4513929,0.24174596,-0.0,10.0,17.361052,18.893518,18.893518,2.0
resstock-amy2018-2021-release-1-508005,0.0,1.4897097,0.49009603,0.0,0.6800482,0.5351067,0.0,0.0,0.0,0.0,0.0,0.0,0.0,0.0,0.9009,0.9009,0.0,0.79331696,9.889911651611328,7.845834649435801,-0.0,0.9009,0.0,-0.0,0.0,-0.0,0.0,0.0,-0.0,0.0,10.402984,1.4897097,0.0,0.31611475,2.4321697,0.74952656,1.1359955,0.0,0.0,0.0,0.308172,0.1383698,0.46707085,0.0,2.4321697,0.0,1.5312697,1.5312697,0.31611475,-0.0,8.33,18.36346,20.0,20.0,2.0
resstock-amy2018-2021-release-1-508005,0.0,1.6839854,1.0351105,0.0,0.7581803,1.1301756,0.0,0.0,0.0,0.0,0.0,0.0,0.0,0.0,0.9009,0.9009,0.0,0.8807604,9.88986873626709,8.710604464070741,-0.0,0.9009,0.0,-0.0,0.0,-0.0,0.0,0.0,-0.0,0.0,10.402984,1.6839854,0.0,0.19016261,2.9794185,0.9614286,1.4420035,0.0,0.0,0.0,0.32269,0.1383698,0.48398823,0.0,2.9794185,0.0,2.0785184,2.0785184,0.19016261,-0.0,8.885,18.873554,19.99074,19.99074,2.0
resstock-amy2018-2021-release-1-508005,0.929112,1.2785519,0.19201255,0.0,0.5676291,0.20964709,0.0,0.0,0.0,0.0,0.0,0.0,0.0,0.0,0.9009,0.9009,0.0,0.96806407,9.889825820922852,9.573985033300687,-0.0,0.9009,0.0,-0.0,0.0,-0.0,0.0,0.0,-0.0,0.0,10.402984,1.2785519,0.0,0.19004552,1.8404368,0.664641,0.9087997,0.0,0.0,0.0,0.3611322,0.1383698,0.49379566,0.0,1.8404368,0.0,0.9395368,0.96732163,0.19004552,-0.027784808,9.44,18.78767,17.777779,17.777779,2.0
resstock-amy2018-2021-release-1-508005,0.0,0.0,0.0,0.0,0.0,0.0,0.0,0.0,0.0,0.0,0.0,0.0,0.0,0.0,-0.69780475,0.0,-0.69780475,0.893598,9.889792442321777,8.837498945428763,0.69780475,0.0,0.0,-0.0,0.0,-0.0,0.0,0.0,-0.0,0.0,10.402984,0.0,0.0,0.18910523,-0.5341518,-0.18276602,0.0,0.0,0.0,0.0,0.3421612,0.1383698,0.49768382,0.0,0.0,-0.5341518,0.16365296,0.18910521,0.18910523,-0.02545226,11.67,17.518696,18.99074,18.99074,2.0
resstock-amy2018-2021-release-1-508005,0.0,1.8692687,0.0,0.0,0.80539894,0.0,0.0,0.0,0.0,0.0,0.0,0.0,0.0,0.0,-0.792,0.0,-0.792,0.8097338,9.889755249023438,8.008069178381447,0.792,0.0,0.0,-0.0,0.0,-0.0,0.0,0.0,-0.0,0.0,10.402984,1.8692687,0.0,0.27993497,0.23051569,0.07381983,0.11405926,0.0,0.0,0.0,0.3202378,0.1383698,0.49480042,0.0,0.23051569,0.0,1.0225157,1.085334,0.27993497,-0.06281827,10.6,19.443771,20.0,20.0,2.0
resstock-amy2018-2021-release-1-508005,0.0,0.0,0.0,0.0,0.0,0.0,0.0,0.0,0.0,0.0,0.0,0.0,0.0,0.0,-0.792,0.0,-0.792,0.72600365,9.889718055725098,7.179971374780507,0.792,0.0,0.0,-0.0,0.0,-0.0,0.0,0.0,-0.0,0.0,10.402984,0.0,0.0,0.27905232,-0.5704402,-0.17648964,0.0,0.0,0.0,0.0,0.309392,0.1383698,0.47904748,0.0,0.0,-0.5704402,0.22155982,0.27905235,0.27905232,-0.057492524,10.0,18.441578,20.0,20.0,2.0
resstock-amy2018-2021-release-1-508005,0.0,1.7792593,0.0,0.0,0.7485341,0.0,0.0,0.0,0.0,0.0,0.0,0.0,0.0,0.0,-0.792,0.0,-0.792,0.6424073,9.889680862426758,6.353203161784904,0.792,0.0,0.0,-0.0,0.0,-0.0,0.0,0.0,-0.0,0.0,10.402984,1.7792593,0.0,0.2807234,0.14748713,0.044465367,0.07038639,0.0,0.0,0.0,0.3014864,0.1383698,0.4772375,0.0,0.14748713,0.0,0.9394871,1.0292575,0.2807234,-0.089770414,11.5,20.61521,20.0,20.0,2.0
resstock-amy2018-2021-release-1-508005,0.61466706,0.0,0.0,0.0,0.0,0.0,0.0,0.0,0.0,0.0,0.0,0.0,0.0,0.0,-0.792,0.0,-0.792,0.5589445,9.889643669128418,5.527762166589071,0.792,0.0,0.0,-0.0,0.0,-0.0,0.0,0.0,-0.0,0.0,10.402984,0.0,0.0,0.19052678,-0.70616776,-0.21336521,0.0,0.0,0.0,0.0,0.3021452,0.1383698,0.46991596,0.0,0.0,-0.70616776,0.08583224,0.1905268,0.19052678,-0.10469456,12.8,19.900585,19.231482,19.231482,2.0
resstock-amy2018-2021-release-1-508005,2.0973454,0.0,0.5760344,0.0,0.0,0.6289378,0.0,0.0,0.0,0.0,0.0,0.0,0.0,0.0,-0.792,0.0,-0.792,0.47561523,9.889606475830078,4.703647490089111,0.792,0.0,0.0,-0.0,0.0,-0.0,0.0,0.0,-0.0,0.0,10.402984,0.0,0.0,0.8679583,0.59874856,0.18407926,0.2788779,0.0,0.0,0.0,0.30744,0.1383698,0.465768,0.0,0.59874856,0.0,1.3907485,1.496896,0.8679583,-0.106147505,13.3,19.815327,17.777779,17.777779,2.0
resstock-amy2018-2021-release-1-508005,1.8434956,0.0,0.0,0.0,0.0,0.0,0.0,0.0,0.0,0.0,0.0,0.0,0.0,0.0,-0.792,0.0,-0.792,0.3924191,9.889569282531738,3.8808558753373745,0.792,0.0,0.0,-0.0,0.0,-0.0,0.0,0.0,-0.0,0.0,10.402984,0.0,0.0,0.2863047,-0.59914213,-0.19019407,0.0,0.0,0.0,0.0,0.317444,0.1383698,0.46152812,0.0,0.0,-0.59914213,0.19285786,0.2863047,0.2863047,-0.09344685,13.3,20.09568,17.777779,17.777779,2.0
resstock-amy2018-2021-release-1-508005,0.0,0.0,0.0,0.0,0.0,0.0,0.0,0.0,0.0,0.0,0.0,0.0,0.0,0.0,-0.792,0.0,-0.792,0.3093559,9.889532089233398,3.0593852443590777,0.792,0.0,0.0,-0.0,0.0,-0.0,0.0,0.0,-0.0,0.0,10.402984,0.0,0.0,0.33592644,-0.49364355,-0.1629555,0.0,0.0,0.0,0.0,0.3301076,0.1383698,0.47003612,0.0,0.0,-0.49364355,0.29835644,0.33592644,0.33592644,-0.03757,13.9,20.104511,18.88889,18.88889,2.0
resstock-amy2018-2021-release-1-508005,0.0,0.0,0.0,0.0,0.0,0.0,0.0,0.0,0.0,0.0,0.0,0.0,0.0,0.0,-0.792,0.0,-0.792,0.22642548,9.889494895935059,2.23923366657543,0.792,0.0,0.0,-0.0,0.0,-0.0,0.0,0.0,-0.0,0.0,10.402984,0.0,0.0,0.3433609,-0.44903895,-0.16620539,0.0,0.0,0.0,0.0,0.3701358,0.1383698,0.49698117,0.0,0.0,-0.44903895,0.34296104,0.3433609,0.3433609,-0.00039986847,12.2,19.535595,20.449074,20.449074,2.0
resstock-amy2018-2021-release-1-508005,0.0,0.0,0.5760362,0.0,0.0,0.62893975,0.0,0.0,0.0,0.0,0.0,0.0,0.0,0.0,-0.792,0.0,-0.792,0.1436276,9.889457702636719,1.4203990640720576,0.792,0.0,0.0,-0.0,0.0,-0.0,0.0,0.0,-0.0,0.0,10.402984,0.0,0.0,0.37668586,0.21362561,0.07105892,0.111170396,0.0,0.0,0.0,0.332633,0.1383698,0.52039826,0.0,0.21362561,0.0,1.0056256,1.0056256,0.37668586,-0.0,11.7,18.92722,21.24537,21.24537,2.0
resstock-amy2018-2021-release-1-508005,0.0,2.584217,0.0,0.0,1.1134439,0.0,0.0,0.0,0.0,0.0,0.0,0.0,0.0,0.0,-0.792,0.0,-0.792,0.060962036,9.889420509338379,0.602879211601774,0.792,0.0,0.0,-0.0,0.0,-0.0,0.0,0.0,-0.0,0.0,10.402984,2.584217,0.0,0.40955812,0.7310019,0.23927593,0.37931126,0.0,0.0,0.0,0.327326,0.1383698,0.5188923,0.0,0.7310019,0.0,1.5230019,1.5230019,0.40955812,-0.0,10.6,22.073704,22.222221,22.222221,2.0
resstock-amy2018-2021-release-1-508005,0.0,0.0,0.5760332,0.0,0.0,0.6289364,0.0,0.0,0.0,0.0,0.0,0.0,0.0,0.0,-0.5847538,0.0,-0.5847538,0.0,9.889392852783203,0.0,0.5847538,0.0,0.0,-0.0,0.0,-0.0,0.0,0.0,-0.0,0.0,10.402984,0.0,0.0,1.6395885,1.683771,0.52998376,0.86235553,0.0,0.0,0.0,0.31476,0.1383698,0.51215726,0.0,1.683771,0.0,2.268525,2.268525,1.6395885,-0.0,9.833333,20.74001,22.222221,22.222221,2.0
resstock-amy2018-2021-release-1-508005,0.0,1.5884954,0.19201247,0.0,0.71192926,0.20964701,0.0,0.0,0.0,0.0,0.0,0.0,0.0,0.0,0.0,0.0,0.0,0.0,9.889392852783203,0.0,-0.0,0.0,0.0,-0.0,0.0,-0.0,0.0,0.0,-0.0,0.0,10.402984,1.5884954,0.0,1.5718546,2.4934309,0.7722993,1.2348654,0.0,0.0,0.0,0.3097336,0.1383698,0.4952475,0.0,2.4934309,0.0,2.4934309,2.4934309,1.5718546,-0.0,9.066667,21.380548,22.222221,22.222221,2.0
resstock-amy2018-2021-release-1-508005,0.0,0.0,0.0,0.0,0.0,0.0,0.0,0.0,0.0,0.0,0.0,0.0,0.0,0.0,0.9009,0.9009,0.0,0.088711336,9.889349937438965,0.8772974476442386,-0.0,0.9009,0.0,-0.0,0.0,-0.0,0.0,0.0,-0.0,0.0,10.402984,0.0,0.0,0.3964998,1.2973998,0.39570692,0.6222927,0.0,0.0,0.0,0.305,0.1383698,0.4796461,0.0,1.2973998,0.0,0.39649975,0.39649975,0.3964998,-0.0,8.3,19.774773,21.666666,21.666666,2.0
resstock-amy2018-2021-release-1-508005,0.0,1.839108,0.28765607,0.0,0.8048647,0.31407458,0.0,0.0,0.0,0.0,0.0,0.0,0.0,0.0,0.9009,0.9009,0.0,0.17728089,9.889307022094727,1.7531851301997392,-0.0,0.9009,0.0,-0.0,0.0,-0.0,0.0,0.0,-0.0,0.0,10.402984,1.839108,0.0,0.36540928,2.3852487,0.7129508,1.1202837,0.0,0.0,0.0,0.2989,0.1383698,0.46967167,0.0,2.3852487,0.0,1.4843487,1.4843487,0.36540928,-0.0,10.0,21.176231,20.555555,20.555555,2.0
resstock-amy2018-2021-release-1-508005,0.7643146,0.0,0.0,0.0,0.0,0.0,0.0,0.0,0.0,0.0,0.0,0.0,0.0,0.0,0.9009,0.9009,0.0,0.2657089,9.889264106750488,2.627665423704997,-0.0,0.9009,0.0,-0.0,0.0,-0.0,0.0,0.0,-0.0,0.0,10.402984,0.0,0.0,0.42880887,1.3297088,0.39719042,0.6524864,0.0,0.0,0.0,0.2987048,0.1383698,0.4906987,0.0,1.3297088,0.0,0.4288088,0.4288088,0.42880887,-0.0,10.0,19.515972,18.88889,18.88889,2.0
resstock-amy2018-2021-release-1-508005,0.0,0.0,0.0,0.0,0.0,0.0,0.0,0.0,0.0,0.0,0.0,0.0,0.0,0.0,0.9009,0.9009,0.0,0.35399556,9.88922119140625,3.5007404094358208,-0.0,0.9009,0.0,-0.0,0.0,-0.0,0.0,0.0,-0.0,0.0,10.402984,0.0,0.0,0.18831366,1.0892136,0.32165918,0.454675,0.0,0.0,0.0,0.2953132,0.1383698,0.4174342,0.0,1.0892136,0.0,0.1883136,0.1883136,0.18831366,-0.0,8.3,18.13795,18.88889,18.88889,2.0
resstock-amy2018-2021-release-1-508005,0.0,0.0,0.0,0.0,0.0,0.0,0.0,0.0,0.0,0.0,0.0,0.0,0.0,0.0,0.9009,0.9009,0.0,0.44214115,9.889178276062012,4.372412610712928,-0.0,0.9009,0.0,-0.0,0.0,-0.0,0.0,0.0,-0.0,0.0,10.402984,0.0,0.0,0.1873195,1.0882195,0.32117975,0.45600674,0.0,0.0,0.0,0.2951424,0.1383698,0.41903928,0.0,1.0882195,0.0,0.18731952,0.18731952,0.1873195,-0.0,10.0,17.412643,18.88889,18.88889,2.0
resstock-amy2018-2021-release-1-508005,0.0,1.4350573,0.2423439,0.0,0.6636884,0.2646009,0.0,0.0,0.0,0.0,0.0,0.0,0.0,0.0,0.9009,0.9009,0.0,0.5301458,9.889135360717773,5.24268381401555,-0.0,0.9009,0.0,-0.0,0.0,-0.0,0.0,0.0,-0.0,0.0,10.402984,1.4350573,0.0,0.19658059,2.02577,0.56655276,0.86770064,0.0,0.0,0.0,0.2796728,0.1383698,0.4283313,0.0,2.02577,0.0,1.12487,1.12487,0.19658059,-0.0,7.8,18.366608,18.88889,18.88889,2.0
resstock-amy2018-2021-release-1-508005,0.0,0.0,0.0,0.0,0.0,0.0,0.0,0.0,0.0,0.0,0.0,0.0,0.0,0.0,0.9009,0.9009,0.0,0.61800987,9.889092445373535,6.111556689945985,-0.0,0.9009,0.0,-0.0,0.0,-0.0,0.0,0.0,-0.0,0.0,10.402984,0.0,0.0,0.18498929,1.0858893,0.31264925,0.49647897,0.0,0.0,0.0,0.28792,0.1383698,0.45720956,0.0,1.0858893,0.0,0.18498933,0.18498933,0.18498929,-0.0,5.733333,17.339256,18.88889,18.88889,2.0
resstock-amy2018-2021-release-1-508005,0.0,1.5063969,0.68781304,0.0,0.74176097,0.7509822,0.0,0.0,0.0,0.0,0.0,0.0,0.0,0.0,0.9009,0.9009,0.0,0.70573354,9.889049530029297,6.97903390906049,-0.0,0.9009,0.0,-0.0,0.0,-0.0,0.0,0.0,-0.0,0.0,10.402984,1.5063969,0.0,0.18524572,2.578889,0.7723716,1.2569841,0.0,0.0,0.0,0.2994978,0.1383698,0.48741305,0.0,2.578889,0.0,1.6779889,1.6779889,0.18524572,-0.0,5.15,18.220736,18.88889,18.88889,2.0
resstock-amy2018-2021-release-1-508005,0.0,0.0,0.0,0.0,0.0,0.0,0.0,0.0,0.0,0.0,0.0,0.0,0.0,0.0,0.9009,0.9009,0.0,0.79331696,9.889006614685059,7.845116668292462,-0.0,0.9009,0.0,-0.0,0.0,-0.0,0.0,0.0,-0.0,0.0,10.402984,0.0,0.0,0.25197357,1.1528735,0.36218926,0.5895836,0.0,0.0,0.0,0.3141622,0.1383698,0.5114035,0.0,1.1528735,0.0,0.2519735,0.2519735,0.25197357,-0.0,10.0,17.432556,18.88889,18.88889,2.0
resstock-amy2018-2021-release-1-508005,0.0,1.4157002,0.0,0.0,0.61956507,0.0,0.0,0.0,0.0,0.0,0.0,0.0,0.0,0.0,0.9009,0.9009,0.0,0.8807604,9.88896369934082,8.709807343411171,-0.0,0.9009,0.0,-0.0,0.0,-0.0,0.0,0.0,-0.0,0.0,10.402984,1.4157002,0.0,0.2761897,1.7966548,0.6612143,0.95909625,0.0,0.0,0.0,0.3680252,0.1383698,0.5338233,0.0,1.7966548,0.0,0.8957548,0.8957548,0.2761897,-0.0,10.0,18.592607,19.444445,19.444445,2.0
resstock-amy2018-2021-release-1-508005,0.0,0.0,0.0,0.0,0.0,0.0,0.0,0.0,0.0,0.0,0.0,0.0,0.0,0.0,0.9009,0.9009,0.0,0.96806407,9.888920783996582,9.57310889957057,-0.0,0.9009,0.0,-0.0,0.0,-0.0,0.0,0.0,-0.0,0.0,10.402984,0.0,0.0,1.4104104,2.2802503,1.0223503,1.218815,0.0,0.0,0.0,0.44835,0.1383698,0.5345093,0.0,2.2802503,0.0,1.3793503,1.4104104,1.4104104,-0.031060098,11.1,17.869144,20.0,20.0,2.0
resstock-amy2018-2021-release-1-508005,0.0,2.5207717,0.28525546,0.0,1.0234827,0.3114535,0.0,0.0,0.0,0.0,0.0,0.0,0.0,0.0,-0.69780475,0.0,-0.69780475,0.893598,9.888887405395508,8.836690206223352,0.69780475,0.0,0.0,-0.0,0.0,-0.0,0.0,0.0,-0.0,0.0,10.402984,2.5207717,0.0,0.5503989,1.1159503,0.4452789,0.62526524,0.0,0.0,0.0,0.3990132,0.1383698,0.56029844,0.0,1.1159503,0.0,1.813755,1.8853351,0.5503989,-0.071580045,12.8,20.44757,20.0,20.0,2.0
resstock-amy2018-2021-release-1-508005,0.0,0.0,0.17589082,0.0,0.0,0.19204473,0.0,0.0,0.0,0.0,0.0,0.0,0.0,0.0,-0.792,0.0,-0.792,0.8097338,9.888850212097168,8.007336339384722,0.792,0.0,0.0,-0.0,0.0,-0.0,0.0,0.0,-0.0,0.0,10.402984,0.0,0.0,0.610918,-0.09346047,-0.03178243,0.0,0.0,0.0,0.0,0.3400628,0.1383698,0.5675896,0.0,0.0,-0.09346047,0.6985395,0.80296266,0.610918,-0.104423195,12.8,19.32391,20.0,20.0,2.0
resstock-amy2018-2021-release-1-508005,0.0,0.0,0.6241074,0.0,0.0,0.6814258,0.0,0.0,0.0,0.0,0.0,0.0,0.0,0.0,-0.792,0.0,-0.792,0.72600365,9.888813018798828,7.179314314671501,0.792,0.0,0.0,-0.0,0.0,-0.0,0.0,0.0,-0.0,0.0,10.402984,0.0,0.0,0.36982262,0.116919756,0.03860077,0.06526535,0.0,0.0,0.0,0.33014753,0.1383698,0.5582063,0.0,0.116919756,0.0,0.90891975,1.0512484,0.36982262,-0.14232868,13.3,19.319916,20.0,20.0,2.0
resstock-amy2018-2021-release-1-508005,0.7442996,0.0,0.9972007,0.0,0.0,1.0887842,0.0,0.0,0.0,0.0,0.0,0.0,0.0,0.0,-0.792,0.0,-0.792,0.6424073,9.888775825500488,6.3526217594584296,0.792,0.0,0.0,-0.0,0.0,-0.0,0.0,0.0,-0.0,0.0,10.402984,0.0,0.0,0.4618005,0.60405475,0.1897638,0.3358436,0.0,0.0,0.0,0.31415,0.1383698,0.55598205,0.0,0.60405475,0.0,1.3960547,1.5505847,0.4618005,-0.15452996,13.9,19.969402,20.0,20.0,2.0
resstock-amy2018-2021-release-1-508005,0.7926971,0.0,0.0,0.0,0.0,0.0,0.0,0.0,0.0,0.0,0.0,0.0,0.0,0.0,-0.792,0.0,-0.792,0.5589445,9.888738632202148,5.527256301155717,0.792,0.0,0.0,-0.0,0.0,-0.0,0.0,0.0,-0.0,0.0,10.402984,0.0,0.0,0.37047958,-0.56581664,-0.1777513,0.0,0.0,0.0,0.0,0.31415,0.1383698,0.5514746,0.0,0.0,-0.56581664,0.22618335,0.37047958,0.37047958,-0.14429624,16.1,20.772585,20.0,20.0,2.0
resstock-amy2018-2021-release-1-508005,1.0619258,0.0,0.14940473,0.0,0.0,0.16312616,0.0,0.0,0.0,0.0,0.0,0.0,0.0,0.0,-0.792,0.0,-0.792,0.47561523,9.888701438903809,4.703217040740384,0.792,0.0,0.0,-0.0,0.0,-0.0,0.0,0.0,-0.0,0.0,10.402984,0.0,0.0,0.36857337,-0.38628644,-0.12287408,0.0,0.0,0.0,0.0,0.3180906,0.1383698,0.5362981,0.0,0.0,-0.38628644,0.40571356,0.53169954,0.36857337,-0.12598597,12.78,21.263641,20.0,20.0,2.0
resstock-amy2018-2021-release-1-508005,1.3116171,0.0,0.2396994,0.0,0.0,0.26171353,0.0,0.0,0.0,0.0,0.0,0.0,0.0,0.0,-0.792,0.0,-0.792,0.3924191,9.888664245605469,3.880500721561475,0.792,0.0,0.0,-0.0,0.0,-0.0,0.0,0.0,-0.0,0.0,10.402984,0.0,0.0,0.89174026,0.26293537,0.086072,0.14104344,0.0,0.0,0.0,0.3273504,0.1383698,0.5364187,0.0,0.26293537,0.0,1.0549353,1.1534538,0.89174026,-0.09851843,15.0,21.79081,20.0,20.0,2.0
resstock-amy2018-2021-release-1-508005,1.2640741,0.0,0.6182339,0.0,0.0,0.6750129,0.0,0.0,0.0,0.0,0.0,0.0,0.0,0.0,-0.792,0.0,-0.792,0.3093559,9.888627052307129,3.0591052658330113,0.792,0.0,0.0,-0.0,0.0,-0.0,0.0,0.0,-0.0,0.0,10.402984,0.0,0.0,0.6341135,0.47015947,0.16204046,0.25475433,0.0,0.0,0.0,0.34465,0.1383698,0.54184663,0.0,0.47015947,0.0,1.2621595,1.3091264,0.6341135,-0.04696693,13.9,21.906033,20.0,20.0,2.0
resstock-amy2018-2021-release-1-508005,0.2691585,0.0,0.57641405,0.0,0.0,0.6293523,0.0,0.0,0.0,0.0,0.0,0.0,0.0,0.0,-0.792,0.0,-0.792,0.22642548,9.888589859008789,2.239028743151522,0.792,0.0,0.0,-0.0,0.0,-0.0,0.0,0.0,-0.0,0.0,10.402984,0.0,0.0,0.3433609,0.1797997,0.06605895,0.10283183,0.0,0.0,0.0,0.367403,0.1383698,0.5719244,0.0,0.1797997,0.0,0.97179973,0.9727132,0.3433609,-0.0009134585,12.2,21.322132,20.0,20.0,2.0
resstock-amy2018-2021-release-1-508005,0.0,0.0,0.19213851,0.0,0.0,0.20978463,0.0,0.0,0.0,0.0,0.0,0.0,0.0,0.0,-0.792,0.0,-0.792,0.1436276,9.88855266571045,1.4202690757914382,0.792,0.0,0.0,-0.0,0.0,-0.0,0.0,0.0,-0.0,0.0,10.402984,0.0,0.0,0.2014718,-0.38074356,-0.13002948,0.0,0.0,0.0,0.0,0.3415146,0.1383698,0.6055608,0.0,0.0,-0.38074356,0.41125643,0.41125643,0.2014718,-0.0,11.1,20.455402,20.0,20.0,2.0
resstock-amy2018-2021-release-1-508005,0.0,0.0,0.0,0.0,0.0,0.0,0.0,0.0,0.0,0.0,0.0,0.0,0.0,0.0,-0.792,0.0,-0.792,0.060962036,9.88851547241211,0.6028240387078654,0.792,0.0,0.0,-0.0,0.0,-0.0,0.0,0.0,-0.0,0.0,10.402984,0.0,0.0,0.22982877,-0.5621712,-0.18689382,0.0,0.0,0.0,0.0,0.33245,0.1383698,0.6166091,0.0,0.0,-0.5621712,0.22982877,0.22982877,0.22982877,-0.0,10.0,19.922207,19.88889,19.88889,2.0
resstock-amy2018-2021-release-1-508005,0.0,0.0,1.344943,0.0,0.0,1.4684634,0.0,0.0,0.0,0.0,0.0,0.0,0.0,0.0,-0.5847538,0.0,-0.5847538,0.0,9.888487815856934,0.0,0.5847538,0.0,0.0,-0.0,0.0,-0.0,0.0,0.0,-0.0,0.0,10.402984,0.0,0.0,0.19917321,1.0828829,0.34445485,0.67315406,0.0,0.0,0.0,0.3180906,0.1383698,0.62163144,0.0,1.0828829,0.0,1.6676366,1.6676366,0.19917321,-0.0,10.0,19.398697,19.444445,19.444445,2.0
resstock-amy2018-2021-release-1-508005,0.0,0.0,1.8888129,0.0,0.0,2.0622826,0.0,0.0,0.0,0.0,0.0,0.0,0.0,0.0,0.0,0.0,0.0,0.0,9.888487815856934,0.0,-0.0,0.0,0.0,-0.0,0.0,-0.0,0.0,0.0,-0.0,0.0,10.402984,0.0,0.0,0.32061878,2.3829014,0.7340528,1.4768269,0.0,0.0,0.0,0.30805,0.1383698,0.61976,0.0,2.3829014,0.0,2.3829014,2.3829014,0.32061878,-0.0,9.4,18.886784,19.444445,19.444445,2.0
resstock-amy2018-2021-release-1-508005,0.0,0.0,0.0,0.0,0.0,0.0,0.0,0.0,0.0,0.0,0.0,0.0,0.0,0.0,0.9009,0.9009,0.0,0.088711336,9.888444900512695,0.877217160609149,-0.0,0.9009,0.0,-0.0,0.0,-0.0,0.0,0.0,-0.0,0.0,10.402984,0.0,0.0,0.2958324,1.1967324,0.36135337,0.7318858,0.0,0.0,0.0,0.30195,0.1383698,0.6115701,0.0,1.1967324,0.0,0.2958324,0.2958324,0.2958324,-0.0,9.4,18.47155,19.925926,19.925926,2.0
resstock-amy2018-2021-release-1-508005,0.0,1.4137977,0.0,0.0,0.63549614,0.0,0.0,0.0,0.0,0.0,0.0,0.0,0.0,0.0,0.9009,0.9009,0.0,0.17728089,9.888401985168457,1.7530246844498123,-0.0,0.9009,0.0,-0.0,0.0,-0.0,0.0,0.0,-0.0,0.0,10.402984,1.4137977,0.0,0.23878051,1.7751766,0.5290193,1.0532415,0.0,0.0,0.0,0.2980094,0.1383698,0.59331644,0.0,1.7751766,0.0,0.87427664,0.87427664,0.23878051,-0.0,8.95,19.591278,19.444445,19.444445,2.0
resstock-amy2018-2021-release-1-508005,0.0,0.0,0.0,0.0,0.0,0.0,0.0,0.0,0.0,0.0,0.0,0.0,0.0,0.0,0.9009,0.9009,0.0,0.2657089,9.888359069824219,2.627424947344707,-0.0,0.9009,0.0,-0.0,0.0,-0.0,0.0,0.0,-0.0,0.0,10.402984,0.0,0.0,0.21726434,1.1181643,0.31416616,0.6392171,0.0,0.0,0.0,0.280966,0.1383698,0.5716665,0.0,1.1181643,0.0,0.2172643,0.2172643,0.21726434,-0.0,8.9,18.463232,18.88889,18.88889,2.0
resstock-amy2018-2021-release-1-508005,0.0,0.0,0.0,0.0,0.0,0.0,0.0,0.0,0.0,0.0,0.0,0.0,0.0,0.0,0.9009,0.9009,0.0,0.35399556,9.88831615447998,3.5004200303808375,-0.0,0.9009,0.0,-0.0,0.0,-0.0,0.0,0.0,-0.0,0.0,10.402984,0.0,0.0,0.18831366,1.0892136,0.29274356,0.6133269,0.0,0.0,0.0,0.268766,0.1383698,0.56309146,0.0,1.0892136,0.0,0.1883136,0.1883136,0.18831366,-0.0,8.9,17.50671,18.88889,18.88889,2.0
resstock-amy2018-2021-release-1-508005,0.0,1.3436153,0.0,0.0,0.604708,0.0,0.0,0.0,0.0,0.0,0.0,0.0,0.0,0.0,0.9009,0.9009,0.0,0.44214115,9.888273239135742,4.3720124566496565,-0.0,0.9009,0.0,-0.0,0.0,-0.0,0.0,0.0,-0.0,0.0,10.402984,1.3436153,0.0,0.1873195,1.6929276,0.44095686,0.9518324,0.0,0.0,0.0,0.26047,0.1383698,0.5622405,0.0,1.6929276,0.0,0.7920276,0.7920276,0.1873195,-0.0,8.9,18.327343,18.88889,18.88889,2.0
resstock-amy2018-2021-release-1-508005,0.0,0.0,0.0,0.0,0.0,0.0,0.0,0.0,0.0,0.0,0.0,0.0,0.0,0.0,0.9009,0.9009,0.0,0.5301458,9.888230323791504,5.242204012468562,-0.0,0.9009,0.0,-0.0,0.0,-0.0,0.0,0.0,-0.0,0.0,10.402984,0.0,0.0,0.18623988,1.0871398,0.28247765,0.6153338,0.0,0.0,0.0,0.2598356,0.1383698,0.5660116,0.0,1.0871398,0.0,0.18623984,0.18623984,0.18623988,-0.0,8.3,17.328362,18.88889,18.88889,2.0
resstock-amy2018-2021-release-1-508005,0.0,1.5169877,0.0,0.0,0.70157975,0.0,0.0,0.0,0.0,0.0,0.0,0.0,0.0,0.0,0.9009,0.9009,0.0,0.61800987,9.888187408447266,6.110997368197104,-0.0,0.9009,0.0,-0.0,0.0,-0.0,0.0,0.0,-0.0,0.0,10.402984,1.5169877,0.0,0.18498929,1.787469,0.4746538,1.0068214,0.0,0.0,0.0,0.2655452,0.1383698,0.56326646,0.0,1.787469,0.0,0.886569,0.886569,0.18498929,-0.0,7.8,18.339987,18.88889,18.88889,2.0
resstock-amy2018-2021-release-1-508005,0.0,0.0,0.0,0.0,0.0,0.0,0.0,0.0,0.0,0.0,0.0,0.0,0.0,0.0,0.9009,0.9009,0.0,0.70573354,9.888144493103027,6.9783951941487885,-0.0,0.9009,0.0,-0.0,0.0,-0.0,0.0,0.0,-0.0,0.0,10.402984,0.0,0.0,0.18524572,1.0861458,0.2948343,0.61100847,0.0,0.0,0.0,0.27145,0.1383698,0.5625474,0.0,1.0861458,0.0,0.18524575,0.18524575,0.18524572,-0.0,7.2,17.330189,18.88889,18.88889,2.0
resstock-amy2018-2021-release-1-508005,0.0,1.5152113,0.0,0.0,0.7007582,0.0,0.0,0.0,0.0,0.0,0.0,0.0,0.0,0.0,0.9009,0.9009,0.0,0.79331696,9.888101577758789,7.844398687149123,-0.0,0.9009,0.0,-0.0,0.0,-0.0,0.0,0.0,-0.0,0.0,10.402984,1.5152113,0.0,0.1878324,1.7894907,0.524858,0.99275434,0.0,0.0,0.0,0.2933002,0.1383698,0.5547692,0.0,1.7894907,0.0,0.8885907,0.8885907,0.1878324,-0.0,7.8,18.372505,18.88889,18.88889,2.0
resstock-amy2018-2021-release-1-508005,0.0,0.0,0.0,0.0,0.0,0.0,0.0,0.0,0.0,0.0,0.0,0.0,0.0,0.0,0.9009,0.9009,0.0,0.8807604,9.88805866241455,8.709010222751601,-0.0,0.9009,0.0,-0.0,0.0,-0.0,0.0,0.0,-0.0,0.0,10.402984,0.0,0.0,0.64161265,1.5425127,0.47287512,0.8373538,0.0,0.0,0.0,0.3065616,0.1383698,0.54285055,0.0,1.5425127,0.0,0.64161265,0.64161265,0.64161265,-0.0,7.5,17.449392,19.444445,19.444445,2.0
resstock-amy2018-2021-release-1-508005,0.0,1.9393885,0.0,0.0,0.8487513,0.0,0.0,0.0,0.0,0.0,0.0,0.0,0.0,0.0,0.9009,0.9009,0.0,0.96806407,9.888015747070312,9.572232765840454,-0.0,0.9009,0.0,-0.0,0.0,-0.0,0.0,0.0,-0.0,0.0,10.402984,1.9393885,0.0,0.28178522,2.0305338,0.62600136,1.1027229,0.0,0.0,0.0,0.308294,0.1383698,0.54307044,0.0,2.0305338,0.0,1.1296338,1.1305366,0.28178522,-0.0009027594,10.0,19.367378,20.0,20.0,2.0
resstock-amy2018-2021-release-1-508005,0.0,0.0,0.0,0.0,0.0,0.0,0.0,0.0,0.0,0.0,0.0,0.0,0.0,0.0,-0.69780475,0.0,-0.69780475,0.893598,9.887982368469238,8.835881467017941,0.69780475,0.0,0.0,-0.0,0.0,-0.0,0.0,0.0,-0.0,0.0,10.402984,0.0,0.0,0.37640277,-0.33912876,-0.10440655,0.0,0.0,0.0,0.0,0.307867,0.1383698,0.5558639,0.0,0.0,-0.33912876,0.358676,0.37640277,0.37640277,-0.01772677,11.7,18.180416,20.0,20.0,2.0
resstock-amy2018-2021-release-1-508005,0.0,2.0886421,0.0,0.0,0.8739742,0.0,0.0,0.0,0.0,0.0,0.0,0.0,0.0,0.0,-0.792,0.0,-0.792,0.8097338,9.887945175170898,8.006603500387996,0.792,0.0,0.0,-0.0,0.0,-0.0,0.0,0.0,-0.0,0.0,10.402984,2.0886421,0.0,0.3716734,0.34828907,0.10215326,0.18815637,0.0,0.0,0.0,0.2933002,0.1383698,0.54023045,0.0,0.34828907,0.0,1.1402891,1.2456477,0.3716734,-0.105358586,11.7,20.353296,20.0,20.0,2.0
resstock-amy2018-2021-release-1-508005,0.0,0.0,0.0,0.0,0.0,0.0,0.0,0.0,0.0,0.0,0.0,0.0,0.0,0.0,-0.792,0.0,-0.792,0.72600365,9.887907981872559,7.178657254562495,0.792,0.0,0.0,-0.0,0.0,-0.0,0.0,0.0,-0.0,0.0,10.402984,0.0,0.0,0.36982262,-0.49548385,-0.13686034,0.0,0.0,0.0,0.0,0.27621555,0.1383698,0.5152716,0.0,0.0,-0.49548385,0.29651615,0.36982262,0.36982262,-0.07330647,11.1,19.287926,20.0,20.0,2.0
resstock-amy2018-2021-release-1-508005,0.18632554,0.0,1.4669657,0.0,0.0,1.6016927,0.0,0.0,0.0,0.0,0.0,0.0,0.0,0.0,-0.792,0.0,-0.792,0.6424073,9.887870788574219,6.352040357131955,0.792,0.0,0.0,-0.0,0.0,-0.0,0.0,0.0,-0.0,0.0,10.402984,0.0,0.0,0.2807234,1.0307462,0.24950263,0.51401836,0.0,0.0,0.0,0.2420602,0.1383698,0.49868566,0.0,1.0307462,0.0,1.8227463,1.8824161,0.2807234,-0.0596699,11.1,19.052326,20.0,20.0,2.0
resstock-amy2018-2021-release-1-508005,0.0,0.0,0.40183797,0.0,0.0,0.43874303,0.0,0.0,0.0,0.0,0.0,0.0,0.0,0.0,-0.792,0.0,-0.792,0.5589445,9.887833595275879,5.526750435722363,0.792,0.0,0.0,-0.0,0.0,-0.0,0.0,0.0,-0.0,0.0,10.402984,0.0,0.0,0.60674584,0.16836426,0.039312262,0.0826799,0.0,0.0,0.0,0.2334953,0.1383698,0.4910775,0.0,0.16836426,0.0,0.9603642,1.0454888,0.60674584,-0.08512461,11.7,19.252228,20.0,20.0,2.0
resstock-amy2018-2021-release-1-508005,0.0,0.0,0.15996917,0.0,0.0,0.17466083,0.0,0.0,0.0,0.0,0.0,0.0,0.0,0.0,-0.792,0.0,-0.792,0.47561523,9.887796401977539,4.702786591391657,0.792,0.0,0.0,-0.0,0.0,-0.0,0.0,0.0,-0.0,0.0,10.402984,0.0,0.0,0.2796783,-0.3902999,-0.09921027,0.0,0.0,0.0,0.0,0.25418985,0.1383698,0.48439866,0.0,0.0,-0.3902999,0.4017001,0.4543391,0.2796783,-0.05263898,11.7,19.37559,20.0,20.0,2.0
resstock-amy2018-2021-release-1-508005,0.0,0.0,0.25095075,0.0,0.0,0.27399823,0.0,0.0,0.0,0.0,0.0,0.0,0.0,0.0,-0.792,0.0,-0.792,0.3924191,9.8877592086792,3.8801455677855756,0.792,0.0,0.0,-0.0,0.0,-0.0,0.0,0.0,-0.0,0.0,10.402984,0.0,0.0,0.2863047,-0.27043214,-0.07835772,0.0,0.0,0.0,0.0,0.28975,0.1383698,0.47278655,0.0,0.0,-0.27043214,0.5215678,0.5603029,0.2863047,-0.038735107,12.2,19.473297,20.0,20.0,2.0
resstock-amy2018-2021-release-1-508005,0.0,0.0,0.192259,0.0,0.0,0.20991617,0.0,0.0,0.0,0.0,0.0,0.0,0.0,0.0,-0.792,0.0,-0.792,0.3093559,9.88772201538086,3.058825287306945,0.792,0.0,0.0,-0.0,0.0,-0.0,0.0,0.0,-0.0,0.0,10.402984,0.0,0.0,0.33592644,-0.2612371,-0.07893473,0.0,0.0,0.0,0.0,0.3021574,0.1383698,0.46847174,0.0,0.0,-0.2612371,0.5307629,0.54584265,0.33592644,-0.015079749,12.2,19.376724,20.0,20.0,2.0
resstock-amy2018-2021-release-1-508005,0.0,0.0,0.5767745,0.0,0.0,0.6297458,0.0,0.0,0.0,0.0,0.0,0.0,0.0,0.0,-0.792,0.0,-0.792,0.22642548,9.88768482208252,2.238823819727614,0.792,0.0,0.0,-0.0,0.0,-0.0,0.0,0.0,-0.0,0.0,10.402984,0.0,0.0,0.3433609,0.18110669,0.056388687,0.087882906,0.0,0.0,0.0,0.3113562,0.1383698,0.48525488,0.0,0.18110669,0.0,0.9731067,0.9731067,0.3433609,0.0,11.1,18.968723,20.0,20.0,2.0
resstock-amy2018-2021-release-1-508005,0.0,1.1649069,0.18511482,0.0,0.49533805,0.20211586,0.0,0.0,0.0,0.0,0.0,0.0,0.0,0.0,-0.792,0.0,-0.792,0.1436276,9.88764762878418,1.4201390875108189,0.792,0.0,0.0,-0.0,0.0,-0.0,0.0,0.0,-0.0,0.0,10.402984,1.1649069,0.0,0.5518999,0.45735386,0.14099945,0.23795345,0.0,0.0,0.0,0.308294,0.1383698,0.52028304,0.0,0.45735386,0.0,1.2493539,1.2493539,0.5518999,-0.0,11.1,20.05452,20.0,20.0,2.0
resstock-amy2018-2021-release-1-508005,0.0,0.0,0.16447389,0.0,0.0,0.17957927,0.0,0.0,0.0,0.0,0.0,0.0,0.0,0.0,-0.792,0.0,-0.792,0.060962036,9.88761043548584,0.6027688658139567,0.792,0.0,0.0,-0.0,0.0,-0.0,0.0,0.0,-0.0,0.0,10.402984,0.0,0.0,1.4422219,0.82980114,0.26068205,0.44275615,0.0,0.0,0.0,0.31415,0.1383698,0.533569,0.0,0.82980114,0.0,1.6218011,1.6218011,1.4422219,-0.0,10.6,19.266933,20.50926,20.50926,2.0
resstock-amy2018-2021-release-1-508005,0.0,1.4033042,0.18498467,0.0,0.59670866,0.20197377,0.0,0.0,0.0,0.0,0.0,0.0,0.0,0.0,-0.5847538,0.0,-0.5847538,0.0,9.887582778930664,0.0,0.5847538,0.0,0.0,-0.0,0.0,-0.0,0.0,0.0,-0.0,0.0,10.402984,1.4033042,0.0,0.51096326,0.7248919,0.22339138,0.3898058,0.0,0.0,0.0,0.308172,0.1383698,0.53774333,0.0,0.7248919,0.0,1.3096457,1.3096457,0.51096326,-0.0,11.1,20.421415,21.11111,21.11111,2.0
resstock-amy2018-2021-release-1-508005,0.0,0.0,0.0,0.0,0.0,0.0,0.0,0.0,0.0,0.0,0.0,0.0,0.0,0.0,0.0,0.0,0.0,0.0,9.887582778930664,0.0,-0.0,0.0,0.0,-0.0,0.0,-0.0,0.0,0.0,-0.0,0.0,10.402984,0.0,0.0,0.44322944,0.44322944,0.13582845,0.2379717,0.0,0.0,0.0,0.3064518,0.1383698,0.5369041,0.0,0.44322944,0.0,0.44322944,0.44322944,0.44322944,-0.0,11.7,19.379341,21.11111,21.11111,2.0
resstock-amy2018-2021-release-1-508005,0.0,1.6834515,0.19225918,0.0,0.715832,0.20991637,0.0,0.0,0.0,0.0,0.0,0.0,0.0,0.0,0.9009,0.9009,0.0,0.088711336,9.887539863586426,0.8771368735740595,-0.0,0.9009,0.0,-0.0,0.0,-0.0,0.0,0.0,-0.0,0.0,10.402984,1.6834515,0.0,0.2958324,2.1224809,0.6291789,1.13217,0.0,0.0,0.0,0.2964356,0.1383698,0.53341824,0.0,2.1224809,0.0,1.2215809,1.2215809,0.2958324,-0.0,11.1,20.526665,21.11111,21.11111,2.0
resstock-amy2018-2021-release-1-508005,0.0,0.0,0.0,0.0,0.0,0.0,0.0,0.0,0.0,0.0,0.0,0.0,0.0,0.0,0.9009,0.9009,0.0,0.17728089,9.887496948242188,1.7528642386998854,-0.0,0.9009,0.0,-0.0,0.0,-0.0,0.0,0.0,-0.0,0.0,10.402984,0.0,0.0,0.19141321,1.0923132,0.32037568,0.5933857,0.0,0.0,0.0,0.2933002,0.1383698,0.5432377,0.0,1.0923132,0.0,0.19141316,0.19141316,0.19141321,-0.0,10.6,19.21204,19.824074,19.824074,2.0
resstock-amy2018-2021-release-1-508005,0.0,0.0,0.0,0.0,0.0,0.0,0.0,0.0,0.0,0.0,0.0,0.0,0.0,0.0,0.9009,0.9009,0.0,0.2657089,9.88745403289795,2.6271844709844174,-0.0,0.9009,0.0,-0.0,0.0,-0.0,0.0,0.0,-0.0,0.0,10.402984,0.0,0.0,0.18956426,1.0904642,0.30345654,0.5875927,0.0,0.0,0.0,0.278282,0.1383698,0.5388464,0.0,1.0904642,0.0,0.18956423,0.18956423,0.18956426,-0.0,10.0,18.222176,18.88889,18.88889,2.0
resstock-amy2018-2021-release-1-508005,0.0,0.0,0.0,0.0,0.0,0.0,0.0,0.0,0.0,0.0,0.0,0.0,0.0,0.0,0.9009,0.9009,0.0,0.35399556,9.887411117553711,3.500099651325854,-0.0,0.9009,0.0,-0.0,0.0,-0.0,0.0,0.0,-0.0,0.0,10.402984,0.0,0.0,0.20555991,1.1064599,0.29535398,0.6297674,0.0,0.0,0.0,0.266936,0.1383698,0.56917334,0.0,1.1064599,0.0,0.20555985,0.20555985,0.20555991,-0.0,9.44,17.56643,18.88889,18.88889,2.0
resstock-amy2018-2021-release-1-508005,0.0,1.2855624,0.0,0.0,0.60326004,0.0,0.0,0.0,0.0,0.0,0.0,0.0,0.0,0.0,0.9009,0.9009,0.0,0.44214115,9.887368202209473,4.371612302586385,-0.0,0.9009,0.0,-0.0,0.0,-0.0,0.0,0.0,-0.0,0.0,10.402984,1.2855624,0.0,0.1873195,1.6914796,0.43244904,0.97978354,0.0,0.0,0.0,0.2556632,0.1383698,0.57924646,0.0,1.6914796,0.0,0.79057956,0.79057956,0.1873195,-0.0,7.2,18.303385,18.88889,18.88889,2.0
resstock-amy2018-2021-release-1-508005,0.0,0.0,0.0,0.0,0.0,0.0,0.0,0.0,0.0,0.0,0.0,0.0,0.0,0.0,0.9009,0.9009,0.0,0.5301458,9.887325286865234,5.241724210921575,-0.0,0.9009,0.0,-0.0,0.0,-0.0,0.0,0.0,-0.0,0.0,10.402984,0.0,0.0,0.18623988,1.0871398,0.2685779,0.63005793,0.0,0.0,0.0,0.24705,0.1383698,0.5795556,0.0,1.0871398,0.0,0.18623984,0.18623984,0.18623988,-0.0,7.2,17.274746,18.88889,18.88889,2.0
resstock-amy2018-2021-release-1-508005,0.0,1.5691074,0.0,0.0,0.7256842,0.0,0.0,0.0,0.0,0.0,0.0,0.0,0.0,0.0,0.9009,0.9009,0.0,0.61800987,9.887282371520996,6.110438046448223,-0.0,0.9009,0.0,-0.0,0.0,-0.0,0.0,0.0,-0.0,0.0,10.402984,1.5691074,0.0,0.18498929,1.8115735,0.4488753,1.0698658,0.0,0.0,0.0,0.247782,0.1383698,0.59057266,0.0,1.8115735,0.0,0.9106735,0.9106735,0.18498929,-0.0,7.8,18.286015,18.88889,18.88889,2.0
resstock-amy2018-2021-release-1-508005,0.0,0.0,0.0,0.0,0.0,0.0,0.0,0.0,0.0,0.0,0.0,0.0,0.0,0.0,0.9009,0.9009,0.0,0.70573354,9.887239456176758,6.977756479237087,-0.0,0.9009,0.0,-0.0,0.0,-0.0,0.0,0.0,-0.0,0.0,10.402984,0.0,0.0,0.18524572,1.0861458,0.2683323,0.6490514,0.0,0.0,0.0,0.24705,0.1383698,0.59757304,0.0,1.0861458,0.0,0.18524575,0.18524575,0.18524572,-0.0,8.9,17.287018,18.976852,18.976852,2.0
resstock-amy2018-2021-release-1-508005,0.0,1.6426866,1.0048529,0.0,0.7504383,1.0971391,0.0,0.0,0.0,0.0,0.0,0.0,0.0,0.0,0.9009,0.9009,0.0,0.79331696,9.88719654083252,7.8436807060057845,-0.0,0.9009,0.0,-0.0,0.0,-0.0,0.0,0.0,-0.0,0.0,10.402984,1.6426866,0.0,0.1878324,2.9363098,0.7854547,1.745637,0.0,0.0,0.0,0.2674972,0.1383698,0.5945003,0.0,2.9363098,0.0,2.03541,2.03541,0.1878324,-0.0,8.3,18.57928,20.0,20.0,2.0
resstock-amy2018-2021-release-1-508005,0.0,1.4837477,0.22819363,0.0,0.6493453,0.24915107,0.0,0.0,0.0,0.0,0.0,0.0,0.0,0.0,0.9009,0.9009,0.0,0.8807604,9.887153625488281,8.708213102092031,-0.0,0.9009,0.0,-0.0,0.0,-0.0,0.0,0.0,-0.0,0.0,10.402984,1.4837477,0.0,0.2761897,2.075586,0.5593663,1.2337348,0.0,0.0,0.0,0.269498,0.1383698,0.59440315,0.0,2.075586,0.0,1.1746861,1.1746861,0.2761897,-0.0,10.0,18.860325,19.824074,19.824074,2.0
resstock-amy2018-2021-release-1-508005,0.0,0.0,0.0,0.0,0.0,0.0,0.0,0.0,0.0,0.0,0.0,0.0,0.0,0.0,0.9009,0.9009,0.0,0.96806407,9.887110710144043,9.571356632110337,-0.0,0.9009,0.0,-0.0,0.0,-0.0,0.0,0.0,-0.0,0.0,10.402984,0.0,0.0,0.28178522,1.1775799,0.31735542,0.7113053,0.0,0.0,0.0,0.269498,0.1383698,0.60403997,0.0,1.1775799,0.0,0.27667987,0.28178525,0.28178522,-0.005105369,10.0,17.649754,18.518518,18.518518,2.0
resstock-amy2018-2021-release-1-508005,0.0,0.0,2.3389425,0.0,0.0,2.5537524,0.0,0.0,0.0,0.0,0.0,0.0,0.0,0.0,-0.69780475,0.0,-0.69780475,0.893598,9.887077331542969,8.83507272781253,0.69780475,0.0,0.0,-0.0,0.0,-0.0,0.0,0.0,-0.0,0.0,10.402984,0.0,0.0,0.282754,2.0894568,0.5646339,1.2865704,0.0,0.0,0.0,0.27023,0.1383698,0.615744,0.0,2.0894568,0.0,2.7872615,2.8365064,0.282754,-0.04924489,11.1,17.089289,20.078703,20.078703,2.0
resstock-amy2018-2021-release-1-508005,0.0,3.4783885,2.9613488,0.0,1.4358616,3.2333207,0.0,0.0,0.0,0.0,0.0,0.0,0.0,0.0,-0.792,0.0,-0.792,0.8097338,9.887040138244629,8.00587066139127,0.792,0.0,0.0,-0.0,0.0,-0.0,0.0,0.0,-0.0,0.0,10.402984,3.4783885,0.0,0.27993497,4.082315,1.1001757,2.5337164,0.0,0.0,0.0,0.269498,0.1383698,0.6206568,0.0,4.082315,0.0,4.874315,4.949117,0.27993497,-0.074802235,12.2,21.36779,21.11111,21.11111,2.0
resstock-amy2018-2021-release-1-508005,0.0,0.0,0.0,0.0,0.0,0.0,0.0,0.0,0.0,0.0,0.0,0.0,0.0,0.0,-0.792,0.0,-0.792,0.72600365,9.887002944946289,7.178000194453489,0.792,0.0,0.0,-0.0,0.0,-0.0,0.0,0.0,-0.0,0.0,10.402984,0.0,0.0,0.27905232,-0.6381897,-0.1664862,0.0,0.0,0.0,0.0,0.2608726,0.1383698,0.61809623,0.0,0.0,-0.6381897,0.15381032,0.27905232,0.27905232,-0.125242,12.8,20.156576,21.11111,21.11111,2.0
resstock-amy2018-2021-release-1-508005,0.0,0.0,0.0,0.0,0.0,0.0,0.0,0.0,0.0,0.0,0.0,0.0,0.0,0.0,-0.792,0.0,-0.792,0.6424073,9.88696575164795,6.35145895480548,0.792,0.0,0.0,-0.0,0.0,-0.0,0.0,0.0,-0.0,0.0,10.402984,0.0,0.0,0.2807234,-0.6015706,-0.15665258,0.0,0.0,0.0,0.0,0.260406,0.1383698,0.61398435,0.0,0.0,-0.6015706,0.19042939,0.28072336,0.2807234,-0.09029397,13.3,19.833668,21.11111,21.11111,2.0
resstock-amy2018-2021-release-1-508005,0.13414165,1.5325084,0.0,0.0,0.61357546,0.0,0.0,0.0,0.0,0.0,0.0,0.0,0.0,0.0,-0.792,0.0,-0.792,0.5589445,9.88692855834961,5.526244570289009,0.792,0.0,0.0,-0.0,0.0,-0.0,0.0,0.0,-0.0,0.0,10.402984,1.5325084,0.0,0.28050318,0.023948625,0.0054115653,0.014303425,0.0,0.0,0.0,0.22596559,0.1383698,0.5972546,0.0,0.023948625,0.0,0.8159486,0.8940786,0.28050318,-0.07812999,13.3,21.992464,20.648148,20.648148,2.0
resstock-amy2018-2021-release-1-508005,0.30128908,0.0,0.0,0.0,0.0,0.0,0.0,0.0,0.0,0.0,0.0,0.0,0.0,0.0,-0.792,0.0,-0.792,0.47561523,9.88689136505127,4.70235614204293,0.792,0.0,0.0,-0.0,0.0,-0.0,0.0,0.0,-0.0,0.0,10.402984,0.0,0.0,0.2796783,-0.55309445,-0.12585461,0.0,0.0,0.0,0.0,0.22754633,0.1383698,0.5701731,0.0,0.0,-0.55309445,0.23890555,0.2796783,0.2796783,-0.040772732,13.9,21.300102,20.0,20.0,2.0
resstock-amy2018-2021-release-1-508005,0.36050314,0.0,0.0,0.0,0.0,0.0,0.0,0.0,0.0,0.0,0.0,0.0,0.0,0.0,-0.792,0.0,-0.792,0.3924191,9.88685417175293,3.879790414009676,0.792,0.0,0.0,-0.0,0.0,-0.0,0.0,0.0,-0.0,0.0,10.402984,0.0,0.0,0.38273486,-0.48112854,-0.12860101,0.0,0.0,0.0,0.0,0.26729035,0.1383698,0.562454,0.0,0.0,-0.48112854,0.31087145,0.38273486,0.38273486,-0.071863405,15.0,21.3166,20.0,20.0,2.0
resstock-amy2018-2021-release-1-508005,0.5702895,0.0,0.0,0.0,0.0,0.0,0.0,0.0,0.0,0.0,0.0,0.0,0.0,0.0,-0.792,0.0,-0.792,0.3093559,9.88681697845459,3.0585453087808787,0.792,0.0,0.0,-0.0,0.0,-0.0,0.0,0.0,-0.0,0.0,10.402984,0.0,0.0,0.8998442,0.07588519,0.02181276,0.043207247,0.0,0.0,0.0,0.2874442,0.1383698,0.5693765,0.0,0.07588519,0.0,0.8678852,0.8998442,0.8998442,-0.03195904,14.4,21.198687,20.0,20.0,2.0
resstock-amy2018-2021-release-1-508005,0.0,0.0,0.38474843,0.0,0.0,0.42008394,0.0,0.0,0.0,0.0,0.0,0.0,0.0,0.0,-0.792,0.0,-0.792,0.22642548,9.88677978515625,2.2386188963037057,0.792,0.0,0.0,-0.0,0.0,-0.0,0.0,0.0,-0.0,0.0,10.402984,0.0,0.0,0.48809308,0.11537588,0.03383977,0.067817114,0.0,0.0,0.0,0.2933002,0.1383698,0.5877928,0.0,0.11537588,0.0,0.9073759,0.908177,0.48809308,-0.00080115645,13.3,20.696236,21.037037,21.037037,2.0
resstock-amy2018-2021-release-1-508005,0.0,0.0,0.3422915,0.0,0.0,0.37372777,0.0,0.0,0.0,0.0,0.0,0.0,0.0,0.0,-0.792,0.0,-0.792,0.1436276,9.88674259185791,1.4200090992301995,0.792,0.0,0.0,-0.0,0.0,-0.0,0.0,0.0,-0.0,0.0,10.402984,0.0,0.0,0.5518999,0.13362768,0.03942941,0.0794923,0.0,0.0,0.0,0.2950692,0.1383698,0.594879,0.0,0.13362768,0.0,0.9256277,0.9256277,0.5518999,-0.0,12.8,20.080517,21.023148,21.023148,2.0
resstock-amy2018-2021-release-1-508005,0.49969035,0.0,0.0,0.0,0.0,0.0,0.0,0.0,0.0,0.0,0.0,0.0,0.0,0.0,-0.792,0.0,-0.792,0.060962036,9.88670539855957,0.6027136929200481,0.792,0.0,0.0,-0.0,0.0,-0.0,0.0,0.0,-0.0,0.0,10.402984,0.0,0.0,1.7179126,0.92591256,0.27337772,0.524412,0.0,0.0,0.0,0.2952522,0.1383698,0.5663731,0.0,0.92591256,0.0,1.7179126,1.7179126,1.7179126,-0.0,12.2,19.732794,20.0,20.0,2.0
resstock-amy2018-2021-release-1-508005,0.0,0.0,0.23944286,0.0,0.0,0.26143342,0.0,0.0,0.0,0.0,0.0,0.0,0.0,0.0,-0.5847538,0.0,-0.5847538,0.0,9.886677742004395,0.0,0.5847538,0.0,0.0,-0.0,0.0,-0.0,0.0,0.0,-0.0,0.0,10.402984,0.0,0.0,1.6395885,1.316268,0.38606167,0.71843034,0.0,0.0,0.0,0.2933002,0.1383698,0.54580855,0.0,1.316268,0.0,1.9010217,1.9010217,1.6395885,-0.0,12.2,19.412704,20.0,20.0,2.0
resstock-amy2018-2021-release-1-508005,0.2456801,0.0,1.16305,0.0,0.0,1.2698653,0.0,0.0,0.0,0.0,0.0,0.0,0.0,0.0,0.0,0.0,0.0,0.0,9.886677742004395,0.0,-0.0,0.0,0.0,-0.0,0.0,-0.0,0.0,0.0,-0.0,0.0,10.402984,0.0,0.0,0.7694721,2.0393374,0.5887086,1.0962995,0.0,0.0,0.0,0.2886764,0.1383698,0.5375763,0.0,2.0393374,0.0,2.0393374,2.0393374,0.7694721,-0.0,13.133333,19.038885,19.916666,19.916666,2.0
resstock-amy2018-2021-release-1-508005,0.36618924,0.0,0.0,0.0,0.0,0.0,0.0,0.0,0.0,0.0,0.0,0.0,0.0,0.0,0.9009,0.9009,0.0,0.088711336,9.886634826660156,0.8770565865389699,-0.0,0.9009,0.0,-0.0,0.0,-0.0,0.0,0.0,-0.0,0.0,10.402984,0.0,0.0,0.2958324,1.1967324,0.32251698,0.6293301,0.0,0.0,0.0,0.269498,0.1383698,0.5258737,0.0,1.1967324,0.0,0.2958324,0.2958324,0.2958324,-0.0,13.3,18.516127,18.88889,18.88889,2.0
resstock-amy2018-2021-release-1-508005,0.45648792,0.0,0.92296517,0.0,0.0,1.0077308,0.0,0.0,0.0,0.0,0.0,0.0,0.0,0.0,0.9009,0.9009,0.0,0.17728089,9.886591911315918,1.7527037929499585,-0.0,0.9009,0.0,-0.0,0.0,-0.0,0.0,0.0,-0.0,0.0,10.402984,0.0,0.0,0.23878051,2.1474113,0.49122036,1.0990778,0.0,0.0,0.0,0.22875,0.1383698,0.51181525,0.0,2.1474113,0.0,1.2465113,1.2465113,0.23878051,-0.0,12.8,18.031494,18.88889,18.88889,2.0
resstock-amy2018-2021-release-1-508005,0.0,0.0,0.0,0.0,0.0,0.0,0.0,0.0,0.0,0.0,0.0,0.0,0.0,0.0,0.9009,0.9009,0.0,0.2657089,9.88654899597168,2.6269439946241278,-0.0,0.9009,0.0,-0.0,0.0,-0.0,0.0,0.0,-0.0,0.0,10.402984,0.0,0.0,0.18956426,1.0904642,0.17144793,0.5727978,0.0,0.0,0.0,0.15722471,0.1383698,0.5252788,0.0,1.0904642,0.0,0.18956423,0.18956423,0.18956426,-0.0,12.8,17.612692,18.88889,18.88889,2.0
resstock-amy2018-2021-release-1-508005,0.0,1.2405905,0.0,0.0,0.5065059,0.0,0.0,0.0,0.0,0.0,0.0,0.0,0.0,0.0,0.9009,0.9009,0.0,0.35399556,9.886506080627441,3.499779272270871,-0.0,0.9009,0.0,-0.0,0.0,-0.0,0.0,0.0,-0.0,0.0,10.402984,1.2405905,0.0,0.18831366,1.5957196,0.2510707,0.80675584,0.0,0.0,0.0,0.15734012,0.1383698,0.50557494,0.0,1.5957196,0.0,0.69481957,0.69481957,0.18831366,-0.0,12.6,18.589209,18.88889,18.88889,2.0
resstock-amy2018-2021-release-1-508005,0.0,0.0,0.0,0.0,0.0,0.0,0.0,0.0,0.0,0.0,0.0,0.0,0.0,0.0,0.9009,0.9009,0.0,0.44214115,9.886463165283203,4.371212148523114,-0.0,0.9009,0.0,-0.0,0.0,-0.0,0.0,0.0,-0.0,0.0,10.402984,0.0,0.0,0.1873195,1.0882195,0.15956092,0.5656961,0.0,0.0,0.0,0.14662567,0.1383698,0.5198364,0.0,1.0882195,0.0,0.18731952,0.18731952,0.1873195,-0.0,12.8,17.76226,18.88889,18.88889,2.0
resstock-amy2018-2021-release-1-508005,0.0,1.0951949,0.0,0.0,0.44343382,0.0,0.0,0.0,0.0,0.0,0.0,0.0,0.0,0.0,0.9009,0.9009,0.0,0.5301458,9.886420249938965,5.241244409374588,-0.0,0.9009,0.0,-0.0,0.0,-0.0,0.0,0.0,-0.0,0.0,10.402984,1.0951949,0.0,0.18623988,1.5305737,0.22897269,0.8352264,0.0,0.0,0.0,0.14959925,0.1383698,0.545695,0.0,1.5305737,0.0,0.6296737,0.6296737,0.18623988,-0.0,12.9,18.286522,18.88889,18.88889,2.0
resstock-amy2018-2021-release-1-508005,0.0,0.0,0.0,0.0,0.0,0.0,0.0,0.0,0.0,0.0,0.0,0.0,0.0,0.0,0.9009,0.9009,0.0,0.61800987,9.886377334594727,6.1098787246993425,-0.0,0.9009,0.0,-0.0,0.0,-0.0,0.0,0.0,-0.0,0.0,10.402984,0.0,0.0,0.18498929,1.0858893,0.17382504,0.6138346,0.0,0.0,0.0,0.1600762,0.1383698,0.5652828,0.0,1.0858893,0.0,0.18498933,0.18498933,0.18498929,-0.0,12.9,17.653149,18.88889,18.88889,2.0
resstock-amy2018-2021-release-1-508005,0.0,1.2012624,0.6319713,0.0,0.48773602,0.6900119,0.0,0.0,0.0,0.0,0.0,0.0,0.0,0.0,0.9009,0.9009,0.0,0.70573354,9.886334419250488,6.977117764325385,-0.0,0.9009,0.0,-0.0,0.0,-0.0,0.0,0.0,-0.0,0.0,10.402984,1.2012624,0.0,0.18524572,2.2638936,0.44815174,1.2914639,0.0,0.0,0.0,0.19795619,0.1383698,0.5704614,0.0,2.2638936,0.0,1.3629936,1.3629936,0.18524572,-0.0,12.8,18.603802,18.972221,18.972221,2.0
resstock-amy2018-2021-release-1-508005,0.0,0.0,0.0,0.0,0.0,0.0,0.0,0.0,0.0,0.0,0.0,0.0,0.0,0.0,0.9009,0.9009,0.0,0.79331696,9.88629150390625,7.842962724862446,-0.0,0.9009,0.0,-0.0,0.0,-0.0,0.0,0.0,-0.0,0.0,10.402984,0.0,0.0,0.31611475,1.2170148,0.34774968,0.70900464,0.0,0.0,0.0,0.2857399,0.1383698,0.5825769,0.0,1.2170148,0.0,0.31611478,0.31611478,0.31611475,-0.0,12.9,17.72125,20.0,20.0,2.0
resstock-amy2018-2021-release-1-508005,0.0,2.2151704,0.1831826,0.0,0.906907,0.2000062,0.0,0.0,0.0,0.0,0.0,0.0,0.0,0.0,0.9009,0.9009,0.0,0.8807604,9.886248588562012,8.707415981432462,-0.0,0.9009,0.0,-0.0,0.0,-0.0,0.0,0.0,-0.0,0.0,10.402984,2.2151704,0.0,0.19016261,2.1979759,0.6834845,1.291182,0.0,0.0,0.0,0.31096086,0.1383698,0.5874414,0.0,2.1979759,0.0,1.2970759,1.2970759,0.19016261,-0.0,12.5,19.85905,19.833334,19.833334,2.0
resstock-amy2018-2021-release-1-508005,1.4204761,0.0,0.1779995,0.0,0.0,0.19434707,0.0,0.0,0.0,0.0,0.0,0.0,0.0,0.0,0.9009,0.9009,0.0,0.96806407,9.886205673217773,9.57048049838022,-0.0,0.9009,0.0,-0.0,0.0,-0.0,0.0,0.0,-0.0,0.0,10.402984,0.0,0.0,0.88722074,1.9793631,0.62244165,1.1766435,0.0,0.0,0.0,0.3144656,0.1383698,0.5944556,0.0,1.9793631,0.0,1.0784631,1.0815678,0.88722074,-0.0031046956,13.9,18.637896,17.777779,17.777779,2.0
resstock-amy2018-2021-release-1-508005,0.24668592,0.0,0.20865269,0.0,0.0,0.22781548,0.0,0.0,0.0,0.0,0.0,0.0,0.0,0.0,-0.69780475,0.0,-0.69780475,0.893598,9.8861722946167,8.83426398860712,0.69780475,0.0,0.0,-0.0,0.0,-0.0,0.0,0.0,-0.0,0.0,10.402984,0.0,0.0,0.5809411,0.101592585,0.034586765,0.060834862,0.0,0.0,0.0,0.34044576,0.1383698,0.59881204,0.0,0.101592585,0.0,0.79939735,0.8087566,0.5809411,-0.009359232,13.9,17.914837,17.777779,17.777779,2.0
resstock-amy2018-2021-release-1-508005,0.16303171,0.0,0.39421317,0.0,0.0,0.43041795,0.0,0.0,0.0,0.0,0.0,0.0,0.0,0.0,-0.792,0.0,-0.792,0.8097338,9.88613510131836,8.005137822394545,0.792,0.0,0.0,-0.0,0.0,-0.0,0.0,0.0,-0.0,0.0,10.402984,0.0,0.0,0.578122,0.18735443,0.06031094,0.11052001,0.0,0.0,0.0,0.32190827,0.1383698,0.58989805,0.0,0.18735443,0.0,0.97935444,1.00854,0.578122,-0.029185554,15.6,17.596766,17.777779,17.777779,2.0
resstock-amy2018-2021-release-1-508005,0.0,0.0,0.47438586,0.0,0.0,0.51795375,0.0,0.0,0.0,0.0,0.0,0.0,0.0,0.0,-0.792,0.0,-0.792,0.72600365,9.88609790802002,7.177343134344483,0.792,0.0,0.0,-0.0,0.0,-0.0,0.0,0.0,-0.0,0.0,10.402984,0.0,0.0,0.27905232,-0.037998736,-0.012011972,0.0,0.0,0.0,0.0,0.31611505,0.1383698,0.5522599,0.0,0.0,-0.037998736,0.75400126,0.7970061,0.27905232,-0.043004837,15.0,17.53112,17.777779,17.777779,2.0
resstock-amy2018-2021-release-1-508005,0.053108208,0.0,0.21004252,0.0,0.0,0.22933295,0.0,0.0,0.0,0.0,0.0,0.0,0.0,0.0,-0.792,0.0,-0.792,0.6424073,9.88606071472168,6.350877552479005,0.792,0.0,0.0,-0.0,0.0,-0.0,0.0,0.0,-0.0,0.0,10.402984,0.0,0.0,0.2807234,-0.31202188,-0.09255823,0.0,0.0,0.0,0.0,0.2966402,0.1383698,0.51393294,0.0,0.0,-0.31202188,0.4799781,0.5100564,0.2807234,-0.030078247,15.3,17.674324,17.777779,17.777779,2.0
resstock-amy2018-2021-release-1-508005,0.08264504,0.0,0.0,0.0,0.0,0.0,0.0,0.0,0.0,0.0,0.0,0.0,0.0,0.0,-0.792,0.0,-0.792,0.5589445,9.88602352142334,5.525738704855655,0.792,0.0,0.0,-0.0,0.0,-0.0,0.0,0.0,-0.0,0.0,10.402984,0.0,0.0,0.28050318,-0.53411067,-0.16163963,0.0,0.0,0.0,0.0,0.30263323,0.1383698,0.48570204,0.0,0.0,-0.53411067,0.25788933,0.28050324,0.28050318,-0.022613907,15.6,17.921818,17.777779,17.777779,2.0
resstock-amy2018-2021-release-1-508005,0.20415008,0.0,0.0,0.0,0.0,0.0,0.0,0.0,0.0,0.0,0.0,0.0,0.0,0.0,-0.792,0.0,-0.792,0.47561523,9.885986328125,4.7019256926942035,0.792,0.0,0.0,-0.0,0.0,-0.0,0.0,0.0,-0.0,0.0,10.402984,0.0,0.0,0.2796783,-0.5428356,-0.16728902,0.0,0.0,0.0,0.0,0.30817622,0.1383698,0.47366127,0.0,0.0,-0.5428356,0.2491644,0.27967826,0.2796783,-0.030513862,16.1,18.22044,17.777779,17.777779,2.0
resstock-amy2018-2021-release-1-508005,0.0,0.0,0.0,0.0,0.0,0.0,0.0,0.0,0.0,0.0,0.0,0.0,0.0,0.0,-0.792,0.0,-0.792,0.3924191,9.88594913482666,3.8794352602337767,0.792,0.0,0.0,-0.0,0.0,-0.0,0.0,0.0,-0.0,0.0,10.402984,0.0,0.0,0.2863047,-0.5264334,-0.16722985,0.0,0.0,0.0,0.0,0.31766573,0.1383698,0.49115616,0.0,0.0,-0.5264334,0.2655666,0.28630474,0.2863047,-0.020738142,13.3,18.18532,17.777779,17.777779,2.0
resstock-amy2018-2021-release-1-508005,0.0063234344,0.0,0.0,0.0,0.0,0.0,0.0,0.0,0.0,0.0,0.0,0.0,0.0,0.0,-0.792,0.0,-0.792,0.3093559,9.88591194152832,3.0582653302548124,0.792,0.0,0.0,-0.0,0.0,-0.0,0.0,0.0,-0.0,0.0,10.402984,0.0,0.0,0.33592644,-0.4600961,-0.15306081,0.0,0.0,0.0,0.0,0.3326714,0.1383698,0.5158704,0.0,0.0,-0.4600961,0.3319039,0.33592644,0.33592644,-0.004022543,13.9,18.098722,17.777779,17.777779,2.0
resstock-amy2018-2021-release-1-508005,0.0,0.0,0.38496593,0.0,0.0,0.42032143,0.0,0.0,0.0,0.0,0.0,0.0,0.0,0.0,-0.792,0.0,-0.792,0.22642548,9.88587474822998,2.2384139728797976,0.792,0.0,0.0,-0.0,0.0,-0.0,0.0,0.0,-0.0,0.0,10.402984,0.0,0.0,0.48809308,0.11641452,0.03898161,0.06395492,0.0,0.0,0.0,0.3348518,0.1383698,0.5493724,0.0,0.11641452,0.0,0.9084145,0.9084145,0.48809308,0.0,13.9,18.053648,18.935184,18.935184,2.0
resstock-amy2018-2021-release-1-508005,0.0,0.0,0.38496882,0.0,0.0,0.4203246,0.0,0.0,0.0,0.0,0.0,0.0,0.0,0.0,-0.792,0.0,-0.792,0.1436276,9.88583755493164,1.41987911094958,0.792,0.0,0.0,-0.0,0.0,-0.0,0.0,0.0,-0.0,0.0,10.402984,0.0,0.0,0.5518999,0.18022451,0.058537636,0.10232607,0.0,0.0,0.0,0.32480398,0.1383698,0.56777,0.0,0.18022451,0.0,0.9722245,0.9722245,0.5518999,-0.0,12.866667,17.712482,20.675926,20.675926,2.0
resstock-amy2018-2021-release-1-508005,0.0,3.5551512,0.0,0.0,1.4233876,0.0,0.0,0.0,0.0,0.0,0.0,0.0,0.0,0.0,-0.792,0.0,-0.792,0.060962036,9.8858003616333,0.6026585200261394,0.792,0.0,0.0,-0.0,0.0,-0.0,0.0,0.0,-0.0,0.0,10.402984,3.5551512,0.0,0.58928746,1.220675,0.38759416,0.6877738,0.0,0.0,0.0,0.31752446,0.1383698,0.5634373,0.0,1.220675,0.0,2.012675,2.012675,0.58928746,-0.0,13.3,22.070915,21.11111,21.11111,2.0
resstock-amy2018-2021-release-1-508005,0.0,0.0,0.0,0.0,0.0,0.0,0.0,0.0,0.0,0.0,0.0,0.0,0.0,0.0,-0.5847538,0.0,-0.5847538,0.0,9.885772705078125,0.0,0.5847538,0.0,0.0,-0.0,0.0,-0.0,0.0,0.0,-0.0,0.0,10.402984,0.0,0.0,0.35506824,-0.22968557,-0.07220922,0.0,0.0,0.0,0.0,0.3143829,0.1383698,0.58082014,0.0,0.0,-0.22968557,0.35506824,0.35506824,0.35506824,-0.0,13.3,20.683537,21.11111,21.11111,2.0
resstock-amy2018-2021-release-1-508005,0.0,0.0,0.0,0.0,0.0,0.0,0.0,0.0,0.0,0.0,0.0,0.0,0.0,0.0,0.0,0.0,0.0,0.0,9.885772705078125,0.0,-0.0,0.0,0.0,-0.0,0.0,-0.0,0.0,0.0,-0.0,0.0,10.402984,0.0,0.0,0.32061878,0.32061878,0.100094445,0.18979879,0.0,0.0,0.0,0.31219146,0.1383698,0.5919765,0.0,0.32061878,0.0,0.32061878,0.32061878,0.32061878,-0.0,12.8,19.413437,21.38426,21.38426,2.0
resstock-amy2018-2021-release-1-508005,0.0,1.9158357,0.0,0.0,0.7757033,0.0,0.0,0.0,0.0,0.0,0.0,0.0,0.0,0.0,0.9009,0.9009,0.0,0.088711336,9.885729789733887,0.8769762995038803,-0.0,0.9009,0.0,-0.0,0.0,-0.0,0.0,0.0,-0.0,0.0,10.402984,1.9158357,0.0,0.195165,1.8717682,0.5322963,1.1159309,0.0,0.0,0.0,0.2843815,0.1383698,0.59619075,0.0,1.8717682,0.0,0.97086823,0.97086823,0.195165,-0.0,12.9,21.01026,20.555555,20.555555,2.0
resstock-amy2018-2021-release-1-508005,0.701927,0.0,0.0,0.0,0.0,0.0,0.0,0.0,0.0,0.0,0.0,0.0,0.0,0.0,0.9009,0.9009,0.0,0.17728089,9.885686874389648,1.7525433472000316,-0.0,0.9009,0.0,-0.0,0.0,-0.0,0.0,0.0,-0.0,0.0,10.402984,0.0,0.0,0.19141321,1.0923132,0.26562938,0.65230197,0.0,0.0,0.0,0.24318062,0.1383698,0.5971749,0.0,1.0923132,0.0,0.19141316,0.19141316,0.19141321,-0.0,12.2,19.573051,18.88889,18.88889,2.0
resstock-amy2018-2021-release-1-508005,0.0,0.0,0.0,0.0,0.0,0.0,0.0,0.0,0.0,0.0,0.0,0.0,0.0,0.0,0.9009,0.9009,0.0,0.2657089,9.88564395904541,2.626703518263838,-0.0,0.9009,0.0,-0.0,0.0,-0.0,0.0,0.0,-0.0,0.0,10.402984,0.0,0.0,0.18956426,1.0904642,0.27262893,0.62501186,0.0,0.0,0.0,0.2500118,0.1383698,0.57316124,0.0,1.0904642,0.0,0.18956423,0.18956423,0.18956426,-0.0,11.1,18.359941,18.88889,18.88889,2.0
resstock-amy2018-2021-release-1-508005,0.0,0.0,0.0,0.0,0.0,0.0,0.0,0.0,0.0,0.0,0.0,0.0,0.0,0.0,0.9009,0.9009,0.0,0.35399556,9.885601043701172,3.4994588932158877,-0.0,0.9009,0.0,-0.0,0.0,-0.0,0.0,0.0,-0.0,0.0,10.402984,0.0,0.0,0.18831366,1.0892136,0.25175536,0.645127,0.0,0.0,0.0,0.23113498,0.1383698,0.59228694,0.0,1.0892136,0.0,0.1883136,0.1883136,0.18831366,-0.0,10.0,17.57497,18.88889,18.88889,2.0
resstock-amy2018-2021-release-1-508005,0.0,1.2772596,0.0,0.0,0.5609974,0.0,0.0,0.0,0.0,0.0,0.0,0.0,0.0,0.0,0.9009,0.9009,0.0,0.44214115,9.885558128356934,4.370811994459842,-0.0,0.9009,0.0,-0.0,0.0,-0.0,0.0,0.0,-0.0,0.0,10.402984,1.2772596,0.0,0.1873195,1.6492169,0.39047408,0.97143364,0.0,0.0,0.0,0.23676333,0.1383698,0.5890272,0.0,1.6492169,0.0,0.7483169,0.7483169,0.1873195,-0.0,9.86,18.480227,18.88889,18.88889,2.0
resstock-amy2018-2021-release-1-508005,0.0,0.0,0.0,0.0,0.0,0.0,0.0,0.0,0.0,0.0,0.0,0.0,0.0,0.0,0.9009,0.9009,0.0,0.5301458,9.885515213012695,5.2407646078276,-0.0,0.9009,0.0,-0.0,0.0,-0.0,0.0,0.0,-0.0,0.0,10.402984,0.0,0.0,0.18623988,1.0871398,0.24230064,0.6391315,0.0,0.0,0.0,0.22287901,0.1383698,0.58790183,0.0,1.0871398,0.0,0.18623984,0.18623984,0.18623988,-0.0,9.72,17.395973,18.88889,18.88889,2.0
resstock-amy2018-2021-release-1-508005,0.0,1.4512624,1.0597306,0.0,0.6420116,1.1570569,0.0,0.0,0.0,0.0,0.0,0.0,0.0,0.0,0.9009,0.9009,0.0,0.61800987,9.885472297668457,6.109319402950462,-0.0,0.9009,0.0,-0.0,0.0,-0.0,0.0,0.0,-0.0,0.0,10.402984,1.4512624,0.0,0.18498929,2.8849578,0.6435874,1.695025,0.0,0.0,0.0,0.22308382,0.1383698,0.5875389,0.0,2.8849578,0.0,1.9840578,1.9840578,0.18498929,-0.0,9.58,18.47057,18.88889,18.88889,2.0
resstock-amy2018-2021-release-1-508005,0.0,0.0,0.0,0.0,0.0,0.0,0.0,0.0,0.0,0.0,0.0,0.0,0.0,0.0,0.9009,0.9009,0.0,0.70573354,9.885429382324219,6.976479049413683,-0.0,0.9009,0.0,-0.0,0.0,-0.0,0.0,0.0,-0.0,0.0,10.402984,0.0,0.0,0.24174596,1.142646,0.2930959,0.6753032,0.0,0.0,0.0,0.2565063,0.1383698,0.59099954,0.0,1.142646,0.0,0.24174595,0.24174595,0.24174596,-0.0,9.44,17.487358,18.972221,18.972221,2.0
resstock-amy2018-2021-release-1-508005,0.0,1.4434342,1.0402517,0.0,0.6227376,1.135789,0.0,0.0,0.0,0.0,0.0,0.0,0.0,0.0,0.9009,0.9009,0.0,0.79331696,9.88538646697998,7.842244743719107,-0.0,0.9009,0.0,-0.0,0.0,-0.0,0.0,0.0,-0.0,0.0,10.402984,1.4434342,0.0,0.1878324,2.847259,0.8279503,1.6892241,0.0,0.0,0.0,0.29078853,0.1383698,0.5932808,0.0,2.847259,0.0,1.946359,1.946359,0.1878324,-0.0,10.55,18.456743,20.0,20.0,2.0
resstock-amy2018-2021-release-1-508005,0.0,1.5904131,0.78732955,0.0,0.66549456,0.8596384,0.0,0.0,0.0,0.0,0.0,0.0,0.0,0.0,0.9009,0.9009,0.0,0.8807604,9.885343551635742,8.706618860772892,-0.0,0.9009,0.0,-0.0,0.0,-0.0,0.0,0.0,-0.0,0.0,10.402984,1.5904131,0.0,0.19016261,2.6161957,0.8514549,1.5403029,0.0,0.0,0.0,0.32545537,0.1383698,0.58875674,0.0,2.6161957,0.0,1.7152957,1.7152957,0.19016261,-0.0,11.7,18.98323,19.833334,19.833334,2.0
resstock-amy2018-2021-release-1-508005,1.2761455,0.0,0.0,0.0,0.0,0.0,0.0,0.0,0.0,0.0,0.0,0.0,0.0,0.0,0.9009,0.9009,0.0,0.96806407,9.885300636291504,9.569604364650104,-0.0,0.9009,0.0,-0.0,0.0,-0.0,0.0,0.0,-0.0,0.0,10.402984,0.0,0.0,1.4104104,2.290867,0.8702326,1.3547512,0.0,0.0,0.0,0.37987038,0.1383698,0.5913705,0.0,2.290867,0.0,1.3899671,1.4104104,1.4104104,-0.02044331,12.1,17.896433,17.777779,17.777779,2.0
resstock-amy2018-2021-release-1-508005,0.027796537,0.0,0.0,0.0,0.0,0.0,0.0,0.0,0.0,0.0,0.0,0.0,0.0,0.0,-0.69780475,0.0,-0.69780475,0.893598,9.88526725769043,8.833455249401709,0.69780475,0.0,0.0,-0.0,0.0,-0.0,0.0,0.0,-0.0,0.0,10.402984,0.0,0.0,0.282754,-0.45275018,-0.16285253,0.0,0.0,0.0,0.0,0.3596962,0.1383698,0.59937876,0.0,0.0,-0.45275018,0.24505457,0.282754,0.282754,-0.037699442,13.9,17.270906,17.777779,17.777779,2.0
resstock-amy2018-2021-release-1-508005,0.0,0.0,0.0,0.0,0.0,0.0,0.0,0.0,0.0,0.0,0.0,0.0,0.0,0.0,-0.792,0.0,-0.792,0.8097338,9.88523006439209,8.00440498339782,0.792,0.0,0.0,-0.0,0.0,-0.0,0.0,0.0,-0.0,0.0,10.402984,0.0,0.0,0.27993497,-0.55969995,-0.19272661,0.0,0.0,0.0,0.0,0.34433916,0.1383698,0.60020775,0.0,0.0,-0.55969995,0.23230004,0.27993494,0.27993497,-0.0476349,12.8,16.980803,17.777779,17.777779,2.0
resstock-amy2018-2021-release-1-508005,0.0,0.0,0.0,0.0,0.0,0.0,0.0,0.0,0.0,0.0,0.0,0.0,0.0,0.0,-0.792,0.0,-0.792,0.72600365,9.88519287109375,7.1766860742354766,0.792,0.0,0.0,-0.0,0.0,-0.0,0.0,0.0,-0.0,0.0,10.402984,0.0,0.0,0.27905232,-0.5641285,-0.183099,0.0,0.0,0.0,0.0,0.32456967,0.1383698,0.6045962,0.0,0.0,-0.5641285,0.22787148,0.27905232,0.27905232,-0.051180843,13.9,17.108635,17.777779,17.777779,2.0
resstock-amy2018-2021-release-1-508005,0.1962886,0.0,0.0,0.0,0.0,0.0,0.0,0.0,0.0,0.0,0.0,0.0,0.0,0.0,-0.792,0.0,-0.792,0.6424073,9.88515567779541,6.350296150152531,0.792,0.0,0.0,-0.0,0.0,-0.0,0.0,0.0,-0.0,0.0,10.402984,0.0,0.0,0.2807234,-0.5717401,-0.17488925,0.0,0.0,0.0,0.0,0.30588943,0.1383698,0.60980105,0.0,0.0,-0.5717401,0.2202599,0.2807234,0.2807234,-0.060463477,15.0,17.533833,17.777779,17.777779,2.0
resstock-amy2018-2021-release-1-508005,0.6112406,0.0,0.0,0.0,0.0,0.0,0.0,0.0,0.0,0.0,0.0,0.0,0.0,0.0,-0.792,0.0,-0.792,0.5589445,9.88511848449707,5.525232839422301,0.792,0.0,0.0,-0.0,0.0,-0.0,0.0,0.0,-0.0,0.0,10.402984,0.0,0.0,1.4091283,0.5375695,0.15883738,0.3294366,0.0,0.0,0.0,0.2954732,0.1383698,0.61282605,0.0,0.5375695,0.0,1.3295696,1.4091284,1.4091283,-0.079558805,13.9,18.06574,17.777779,17.777779,2.0
resstock-amy2018-2021-release-1-508005,0.62518144,0.0,0.0,0.0,0.0,0.0,0.0,0.0,0.0,0.0,0.0,0.0,0.0,0.0,-0.792,0.0,-0.792,0.47561523,9.88508129119873,4.701495243345477,0.792,0.0,0.0,-0.0,0.0,-0.0,0.0,0.0,-0.0,0.0,10.402984,0.0,0.0,0.2796783,-0.58195806,-0.17527705,0.0,0.0,0.0,0.0,0.30118504,0.1383698,0.6098887,0.0,0.0,-0.58195806,0.21004194,0.27967826,0.2796783,-0.069636315,14.4,18.55296,17.777779,17.777779,2.0
resstock-amy2018-2021-release-1-508005,0.82396287,0.0,0.0,0.0,0.0,0.0,0.0,0.0,0.0,0.0,0.0,0.0,0.0,0.0,-0.792,0.0,-0.792,0.3924191,9.88504409790039,3.8790801064578773,0.792,0.0,0.0,-0.0,0.0,-0.0,0.0,0.0,-0.0,0.0,10.402984,0.0,0.0,1.4149299,0.5633696,0.17055437,0.3405544,0.0,0.0,0.0,0.30273977,0.1383698,0.6044955,0.0,0.5633696,0.0,1.3553696,1.4149299,1.4149299,-0.059560288,13.9,18.904396,17.777779,17.777779,2.0
resstock-amy2018-2021-release-1-508005,0.58551973,0.0,0.0,0.0,0.0,0.0,0.0,0.0,0.0,0.0,0.0,0.0,0.0,0.0,-0.792,0.0,-0.792,0.3093559,9.88500690460205,3.057985351728746,0.792,0.0,0.0,-0.0,0.0,-0.0,0.0,0.0,-0.0,0.0,10.402984,0.0,0.0,0.44839418,-0.37079057,-0.115865946,0.0,0.0,0.0,0.0,0.31248352,0.1383698,0.6059001,0.0,0.0,-0.37079057,0.42120942,0.44839418,0.44839418,-0.027184749,13.3,18.974865,17.944445,17.944445,2.0
resstock-amy2018-2021-release-1-508005,0.0,0.0,0.6048848,0.0,0.0,0.66043776,0.0,0.0,0.0,0.0,0.0,0.0,0.0,0.0,-0.792,0.0,-0.792,0.22642548,9.884969711303711,2.2382090494558895,0.792,0.0,0.0,-0.0,0.0,-0.0,0.0,0.0,-0.0,0.0,10.402984,0.0,0.0,0.48809308,0.35600513,0.1137127,0.21880281,0.0,0.0,0.0,0.3194131,0.1383698,0.6146058,0.0,0.35600513,0.0,1.1480051,1.1485308,0.48809308,-0.0005257042,12.8,18.647911,20.439816,20.439816,2.0
resstock-amy2018-2021-release-1-508005,0.0,1.9021201,0.3528722,0.0,0.7959257,0.3852802,0.0,0.0,0.0,0.0,0.0,0.0,0.0,0.0,-0.792,0.0,-0.792,0.1436276,9.884932518005371,1.4197491226689607,0.792,0.0,0.0,-0.0,0.0,-0.0,0.0,0.0,-0.0,0.0,10.402984,1.9021201,0.0,0.5518999,0.9411057,0.3169638,0.57272995,0.0,0.0,0.0,0.33679935,0.1383698,0.6085713,0.0,0.9411057,0.0,1.7331057,1.7331057,0.5518999,-0.0,11.7,20.844189,21.11111,21.11111,2.0
resstock-amy2018-2021-release-1-508005,0.0,0.0,1.1555148,0.0,0.0,1.261638,0.0,0.0,0.0,0.0,0.0,0.0,0.0,0.0,-0.792,0.0,-0.792,0.060962036,9.884895324707031,0.6026033471322307,0.792,0.0,0.0,-0.0,0.0,-0.0,0.0,0.0,-0.0,0.0,10.402984,0.0,0.0,0.58928746,1.0589255,0.33872092,0.63121915,0.0,0.0,0.0,0.3198723,0.1383698,0.596094,0.0,1.0589255,0.0,1.8509254,1.8509254,0.58928746,-0.0,11.7,19.759087,21.11111,21.11111,2.0
resstock-amy2018-2021-release-1-508005,0.0,1.5582529,0.0,0.0,0.64939797,0.0,0.0,0.0,0.0,0.0,0.0,0.0,0.0,0.0,-0.5847538,0.0,-0.5847538,0.0,9.884867668151855,0.0,0.5847538,0.0,0.0,-0.0,0.0,-0.0,0.0,0.0,-0.0,0.0,10.402984,1.5582529,0.0,0.51096326,0.5756075,0.17348067,0.33533064,0.0,0.0,0.0,0.3013871,0.1383698,0.5825682,0.0,0.5756075,0.0,1.1603613,1.1603613,0.51096326,-0.0,11.85,20.957037,21.11111,21.11111,2.0
resstock-amy2018-2021-release-1-508005,0.0,0.0,0.0,0.0,0.0,0.0,0.0,0.0,0.0,0.0,0.0,0.0,0.0,0.0,0.0,0.0,0.0,0.0,9.884867668151855,0.0,-0.0,0.0,0.0,-0.0,0.0,-0.0,0.0,0.0,-0.0,0.0,10.402984,0.0,0.0,0.57351947,0.57351947,0.16507767,0.3261863,0.0,0.0,0.0,0.28783274,0.1383698,0.56874496,0.0,0.57351947,0.0,0.57351947,0.57351947,0.57351947,-0.0,11.7,19.65696,20.953703,20.953703,2.0
resstock-amy2018-2021-release-1-508005,0.0,1.2605631,1.2249087,0.0,0.5360127,1.3374051,0.0,0.0,0.0,0.0,0.0,0.0,0.0,0.0,0.9009,0.9009,0.0,0.088711336,9.884824752807617,0.8768960124687908,-0.0,0.9009,0.0,-0.0,0.0,-0.0,0.0,0.0,-0.0,0.0,10.402984,1.2605631,0.0,0.3964998,3.1708176,0.8877214,1.720597,0.0,0.0,0.0,0.2799661,0.1383698,0.54263514,0.0,3.1708176,0.0,2.2699175,2.2699175,0.3964998,-0.0,11.1,20.332237,20.555555,20.555555,2.0
resstock-amy2018-2021-release-1-508005,0.6680486,0.0,0.0,0.0,0.0,0.0,0.0,0.0,0.0,0.0,0.0,0.0,0.0,0.0,0.9009,0.9009,0.0,0.17728089,9.884781837463379,1.7523829014501047,-0.0,0.9009,0.0,-0.0,0.0,-0.0,0.0,0.0,-0.0,0.0,10.402984,0.0,0.0,0.48960027,1.3905003,0.37185314,0.7314194,0.0,0.0,0.0,0.267424,0.1383698,0.52601165,0.0,1.3905003,0.0,0.4896003,0.4896003,0.48960027,-0.0,11.1,19.018845,18.88889,18.88889,2.0
resstock-amy2018-2021-release-1-508005,0.0,0.0,0.0,0.0,0.0,0.0,0.0,0.0,0.0,0.0,0.0,0.0,0.0,0.0,0.9009,0.9009,0.0,0.2657089,9.88473892211914,2.6264630419035484,-0.0,0.9009,0.0,-0.0,0.0,-0.0,0.0,0.0,-0.0,0.0,10.402984,0.0,0.0,0.18956426,1.0904642,0.26277283,0.6003164,0.0,0.0,0.0,0.24097335,0.1383698,0.5505145,0.0,1.0904642,0.0,0.18956423,0.18956423,0.18956426,-0.0,11.1,17.957085,18.88889,18.88889,2.0
resstock-amy2018-2021-release-1-508005,0.0,0.0,0.0,0.0,0.0,0.0,0.0,0.0,0.0,0.0,0.0,0.0,0.0,0.0,0.9009,0.9009,0.0,0.35399556,9.884696006774902,3.4991385141609044,-0.0,0.9009,0.0,-0.0,0.0,-0.0,0.0,0.0,-0.0,0.0,10.402984,0.0,0.0,0.18831366,1.0892136,0.23516253,0.5651032,0.0,0.0,0.0,0.2159012,0.1383698,0.5188176,0.0,1.0892136,0.0,0.1883136,0.1883136,0.18831366,-0.0,11.1,17.34039,18.88889,18.88889,2.0
resstock-amy2018-2021-release-1-508005,0.0,1.5052956,0.0,0.0,0.640927,0.0,0.0,0.0,0.0,0.0,0.0,0.0,0.0,0.0,0.9009,0.9009,0.0,0.44214115,9.884653091430664,4.370411840396571,-0.0,0.9009,0.0,-0.0,0.0,-0.0,0.0,0.0,-0.0,0.0,10.402984,1.5052956,0.0,0.1873195,1.7291465,0.3501635,0.9004857,0.0,0.0,0.0,0.20250656,0.1383698,0.5207689,0.0,1.7291465,0.0,0.8282465,0.8282465,0.1873195,-0.0,11.05,18.678478,18.88889,18.88889,2.0
resstock-amy2018-2021-release-1-508005,0.0,0.0,0.0,0.0,0.0,0.0,0.0,0.0,0.0,0.0,0.0,0.0,0.0,0.0,0.9009,0.9009,0.0,0.5301458,9.884610176086426,5.240284806280613,-0.0,0.9009,0.0,-0.0,0.0,-0.0,0.0,0.0,-0.0,0.0,10.402984,0.0,0.0,0.18623988,1.0871398,0.21852031,0.567458,0.0,0.0,0.0,0.20100479,0.1383698,0.5219733,0.0,1.0871398,0.0,0.18623984,0.18623984,0.18623988,-0.0,11.08,17.681736,18.88889,18.88889,2.0
resstock-amy2018-2021-release-1-508005,0.0,1.1734726,0.0,0.0,0.5022932,0.0,0.0,0.0,0.0,0.0,0.0,0.0,0.0,0.0,0.9009,0.9009,0.0,0.61800987,9.884567260742188,6.108760081201581,-0.0,0.9009,0.0,-0.0,0.0,-0.0,0.0,0.0,-0.0,0.0,10.402984,1.1734726,0.0,0.19780183,1.6009951,0.32541594,0.840238,0.0,0.0,0.0,0.20325854,0.1383698,0.52482235,0.0,1.6009951,0.0,0.70009506,0.70009506,0.19780183,-0.0,10.85,18.289206,18.967592,18.967592,2.0
resstock-amy2018-2021-release-1-508005,0.0,0.0,0.0,0.0,0.0,0.0,0.0,0.0,0.0,0.0,0.0,0.0,0.0,0.0,0.9009,0.9009,0.0,0.70573354,9.88452434539795,6.9758403345019815,-0.0,0.9009,0.0,-0.0,0.0,-0.0,0.0,0.0,-0.0,0.0,10.402984,0.0,0.0,0.18524572,1.0861458,0.2520991,0.58230174,0.0,0.0,0.0,0.2321043,0.1383698,0.5361175,0.0,1.0861458,0.0,0.18524575,0.18524575,0.18524572,-0.0,10.9,17.391232,20.0,20.0,2.0
resstock-amy2018-2021-release-1-508005,0.0,2.5359814,0.4142783,0.0,1.0888425,0.45232585,0.0,0.0,0.0,0.0,0.0,0.0,0.0,0.0,0.9009,0.9009,0.0,0.79331696,9.884481430053711,7.841526762575768,-0.0,0.9009,0.0,-0.0,0.0,-0.0,0.0,0.0,-0.0,0.0,10.402984,2.5359814,0.0,0.1878324,2.6299007,0.7355407,1.4179759,0.0,0.0,0.0,0.27968383,0.1383698,0.5391747,0.0,2.6299007,0.0,1.7290007,1.7290007,0.1878324,-0.0,10.733334,19.873508,20.0,20.0,2.0
resstock-amy2018-2021-release-1-508005,0.0,0.0,0.0,0.0,0.0,0.0,0.0,0.0,0.0,0.0,0.0,0.0,0.0,0.0,0.9009,0.9009,0.0,0.8807604,9.884438514709473,8.705821740113322,-0.0,0.9009,0.0,-0.0,0.0,-0.0,0.0,0.0,-0.0,0.0,10.402984,0.0,0.0,0.3622168,1.2631168,0.3785351,0.6908816,0.0,0.0,0.0,0.29968336,0.1383698,0.5469657,0.0,1.2631168,0.0,0.36221683,0.36221683,0.3622168,-0.0,10.6,18.451208,19.842592,19.842592,2.0
resstock-amy2018-2021-release-1-508005,1.931834,1.3525633,1.0671159,0.0,0.5751327,1.1651205,0.0,0.0,0.0,0.0,0.0,0.0,0.0,0.0,0.9009,0.9009,0.0,0.96806407,9.884395599365234,9.568728230919987,-0.0,0.9009,0.0,-0.0,0.0,-0.0,0.0,0.0,-0.0,0.0,10.402984,1.3525633,0.0,0.28178522,2.9221082,0.9418874,1.6290619,0.0,0.0,0.0,0.32233146,0.1383698,0.5574954,0.0,2.9221082,0.0,2.0212083,2.0220387,0.28178522,-0.0008303626,11.1,19.172983,17.777779,17.777779,2.0
resstock-amy2018-2021-release-1-508005,0.0,0.0,0.2426671,0.0,0.0,0.2649538,0.0,0.0,0.0,0.0,0.0,0.0,0.0,0.0,-0.69780475,0.0,-0.69780475,0.893598,9.88436222076416,8.832646510196298,0.69780475,0.0,0.0,-0.0,0.0,-0.0,0.0,0.0,-0.0,0.0,10.402984,0.0,0.0,0.282754,-0.15328854,-0.048682068,0.0,0.0,0.0,0.0,0.3175845,0.1383698,0.592357,0.0,0.0,-0.15328854,0.5445162,0.5477078,0.282754,-0.0031916024,11.7,18.03601,19.472221,19.472221,2.0
resstock-amy2018-2021-release-1-508005,0.0,1.6893373,0.0,0.0,0.6897194,0.0,0.0,0.0,0.0,0.0,0.0,0.0,0.0,0.0,-0.792,0.0,-0.792,0.8097338,9.88432502746582,8.003672144401094,0.792,0.0,0.0,-0.0,0.0,-0.0,0.0,0.0,-0.0,0.0,10.402984,1.6893373,0.0,0.27993497,0.15574947,0.045732755,0.09561436,0.0,0.0,0.0,0.29363024,0.1383698,0.61389846,0.0,0.15574947,0.0,0.9477495,0.9696543,0.27993497,-0.02190485,12.6,19.587818,20.0,20.0,2.0
resstock-amy2018-2021-release-1-508005,0.0,0.0,0.72038376,0.0,0.0,0.78654426,0.0,0.0,0.0,0.0,0.0,0.0,0.0,0.0,-0.792,0.0,-0.792,0.72600365,9.88428783416748,7.17602901412647,0.792,0.0,0.0,-0.0,0.0,-0.0,0.0,0.0,-0.0,0.0,10.402984,0.0,0.0,0.27905232,0.25849807,0.07292456,0.16194606,0.0,0.0,0.0,0.28210872,0.1383698,0.62648845,0.0,0.25849807,0.0,1.050498,1.0655965,0.27905232,-0.015098501,13.3,18.468561,20.0,20.0,2.0
resstock-amy2018-2021-release-1-508005,0.0,1.8701874,0.35050282,0.0,0.73557365,0.3826932,0.0,0.0,0.0,0.0,0.0,0.0,0.0,0.0,-0.792,0.0,-0.792,0.6424073,9.88425064086914,6.349714747826056,0.792,0.0,0.0,-0.0,0.0,-0.0,0.0,0.0,-0.0,0.0,10.402984,1.8701874,0.0,0.2807234,0.5822203,0.15379478,0.3738043,0.0,0.0,0.0,0.2641522,0.1383698,0.6420324,0.0,0.5822203,0.0,1.3742204,1.3989904,0.2807234,-0.024769979,13.925,20.560436,19.731482,19.731482,2.0
resstock-amy2018-2021-release-1-508005,0.0,0.0,0.0,0.0,0.0,0.0,0.0,0.0,0.0,0.0,0.0,0.0,0.0,0.0,-0.792,0.0,-0.792,0.5589445,9.8842134475708,5.5247269739889475,0.792,0.0,0.0,-0.0,0.0,-0.0,0.0,0.0,-0.0,0.0,10.402984,0.0,0.0,0.28050318,-0.54064465,-0.1420037,0.0,0.0,0.0,0.0,0.26265627,0.1383698,0.6533382,0.0,0.0,-0.54064465,0.25135535,0.2805032,0.28050318,-0.029147856,13.033334,19.423717,19.444445,19.444445,2.0
resstock-amy2018-2021-release-1-508005,1.1569413,0.0,0.0,0.0,0.0,0.0,0.0,0.0,0.0,0.0,0.0,0.0,0.0,0.0,-0.792,0.0,-0.792,0.47561523,9.884176254272461,4.70106479399675,0.792,0.0,0.0,-0.0,0.0,-0.0,0.0,0.0,-0.0,0.0,10.402984,0.0,0.0,0.2796783,-0.53109306,-0.14663236,0.0,0.0,0.0,0.0,0.27609542,0.1383698,0.65862495,0.0,0.0,-0.53109306,0.26090693,0.2796783,0.2796783,-0.018771363,12.9,18.857006,17.777779,17.777779,2.0
resstock-amy2018-2021-release-1-508005,0.0,0.0,0.0,0.0,0.0,0.0,0.0,0.0,0.0,0.0,0.0,0.0,0.0,0.0,-0.792,0.0,-0.792,0.3924191,9.884139060974121,3.878724952681978,0.792,0.0,0.0,-0.0,0.0,-0.0,0.0,0.0,-0.0,0.0,10.402984,0.0,0.0,0.2863047,-0.53023195,-0.15049976,0.0,0.0,0.0,0.0,0.2838376,0.1383698,0.6578335,0.0,0.0,-0.53023195,0.26176804,0.2863047,0.2863047,-0.024536664,12.2,18.518036,17.777779,17.777779,2.0
resstock-amy2018-2021-release-1-508005,0.0,0.0,0.0,0.0,0.0,0.0,0.0,0.0,0.0,0.0,0.0,0.0,0.0,0.0,-0.792,0.0,-0.792,0.3093559,9.884101867675781,3.0577053732026798,0.792,0.0,0.0,-0.0,0.0,-0.0,0.0,0.0,-0.0,0.0,10.402984,0.0,0.0,0.2234587,-0.5933775,-0.17969356,0.0,0.0,0.0,0.0,0.3028318,0.1383698,0.65381145,0.0,0.0,-0.5933775,0.19862252,0.2234587,0.2234587,-0.024836184,12.2,18.20322,17.935184,17.935184,2.0
resstock-amy2018-2021-release-1-508005,0.0,0.0,0.19268897,0.0,0.0,0.21038564,0.0,0.0,0.0,0.0,0.0,0.0,0.0,0.0,-0.792,0.0,-0.792,0.22642548,9.884064674377441,2.2380041260319814,0.792,0.0,0.0,-0.0,0.0,-0.0,0.0,0.0,-0.0,0.0,10.402984,0.0,0.0,0.19862871,-0.38298565,-0.118645385,0.0,0.0,0.0,0.0,0.30979067,0.1383698,0.6487385,0.0,0.0,-0.38298565,0.40901434,0.40901434,0.19862871,0.0,12.2,17.635275,20.472221,20.472221,2.0
resstock-amy2018-2021-release-1-508005,0.0,3.1625566,1.8556346,0.0,1.362629,2.0260572,0.0,0.0,0.0,0.0,0.0,0.0,0.0,0.0,-0.792,0.0,-0.792,0.1436276,9.884027481079102,1.4196191343883413,0.792,0.0,0.0,-0.0,0.0,-0.0,0.0,0.0,-0.0,0.0,10.402984,3.1625566,0.0,1.0785917,3.675278,1.1427419,2.3513126,0.0,0.0,0.0,0.31092668,0.1383698,0.63976455,0.0,3.675278,0.0,4.467278,4.467278,1.0785917,-0.0,10.6,22.116707,21.11111,21.11111,2.0
resstock-amy2018-2021-release-1-508005,0.0,0.0,1.1567928,0.0,0.0,1.2630333,0.0,0.0,0.0,0.0,0.0,0.0,0.0,0.0,-0.792,0.0,-0.792,0.060962036,9.883990287780762,0.6025481742383221,0.792,0.0,0.0,-0.0,0.0,-0.0,0.0,0.0,-0.0,0.0,10.402984,0.0,0.0,0.58928746,1.0603207,0.32438985,0.6744911,0.0,0.0,0.0,0.3059356,0.1383698,0.6361199,0.0,1.0603207,0.0,1.8523207,1.8523207,0.58928746,-0.0,10.6,20.682735,21.11111,21.11111,2.0
resstock-amy2018-2021-release-1-508005,0.0,0.0,0.0,0.0,0.0,0.0,0.0,0.0,0.0,0.0,0.0,0.0,0.0,0.0,-0.5847538,0.0,-0.5847538,0.0,9.883962631225586,0.0,0.5847538,0.0,0.0,-0.0,0.0,-0.0,0.0,0.0,-0.0,0.0,10.402984,0.0,0.0,0.51096326,-0.07379055,-0.020801803,0.0,0.0,0.0,0.0,0.28190336,0.1383698,0.6336341,0.0,0.0,-0.07379055,0.51096326,0.51096326,0.51096326,-0.0,11.1,19.481071,21.11111,21.11111,2.0
resstock-amy2018-2021-release-1-508005,0.0,1.8412555,0.0,0.0,0.78293294,0.0,0.0,0.0,0.0,0.0,0.0,0.0,0.0,0.0,0.0,0.0,0.0,0.0,9.883962631225586,0.0,-0.0,0.0,0.0,-0.0,0.0,-0.0,0.0,0.0,-0.0,0.0,10.402984,1.8412555,0.0,0.32061878,1.1035517,0.3020194,0.70511323,0.0,0.0,0.0,0.2736794,0.1383698,0.638949,0.0,1.1035517,0.0,1.1035517,1.1035517,0.32061878,-0.0,11.1,20.968557,20.962963,20.962963,2.0
resstock-amy2018-2021-release-1-508005,0.0,0.0,0.0,0.0,0.0,0.0,0.0,0.0,0.0,0.0,0.0,0.0,0.0,0.0,0.9009,0.9009,0.0,0.088711336,9.883919715881348,0.8768157254337012,-0.0,0.9009,0.0,-0.0,0.0,-0.0,0.0,0.0,-0.0,0.0,10.402984,0.0,0.0,0.2958324,1.1967324,0.32724628,0.7703223,0.0,0.0,0.0,0.27344984,0.1383698,0.643688,0.0,1.1967324,0.0,0.2958324,0.2958324,0.2958324,-0.0,11.1,19.51358,20.555555,20.555555,2.0
resstock-amy2018-2021-release-1-508005,0.9011669,1.012903,0.46203035,0.0,0.43070343,0.5044635,0.0,0.0,0.0,0.0,0.0,0.0,0.0,0.0,0.9009,0.9009,0.0,0.17728089,9.88387680053711,1.7522224557001778,-0.0,0.9009,0.0,-0.0,0.0,-0.0,0.0,0.0,-0.0,0.0,10.402984,1.012903,0.0,0.28614783,2.1222148,0.55315053,1.3818436,0.0,0.0,0.0,0.26064777,0.1383698,0.65113276,0.0,2.1222148,0.0,1.2213148,1.2213148,0.28614783,-0.0,11.1,19.689087,18.88889,18.88889,2.0
resstock-amy2018-2021-release-1-508005,0.0,0.0,0.0,0.0,0.0,0.0,0.0,0.0,0.0,0.0,0.0,0.0,0.0,0.0,0.9009,0.9009,0.0,0.2657089,9.883833885192871,2.6262225655432587,-0.0,0.9009,0.0,-0.0,0.0,-0.0,0.0,0.0,-0.0,0.0,10.402984,0.0,0.0,0.21726434,1.1181643,0.31362048,0.68904,0.0,0.0,0.0,0.280478,0.1383698,0.6162243,0.0,1.1181643,0.0,0.2172643,0.2172643,0.21726434,-0.0,11.1,18.417217,18.88889,18.88889,2.0
resstock-amy2018-2021-release-1-508005,0.0,0.0,0.0,0.0,0.0,0.0,0.0,0.0,0.0,0.0,0.0,0.0,0.0,0.0,0.9009,0.9009,0.0,0.35399556,9.883790969848633,3.498818135105921,-0.0,0.9009,0.0,-0.0,0.0,-0.0,0.0,0.0,-0.0,0.0,10.402984,0.0,0.0,0.18831366,1.0892136,0.29099095,0.7187418,0.0,0.0,0.0,0.26715693,0.1383698,0.6598722,0.0,1.0892136,0.0,0.1883136,0.1883136,0.18831366,-0.0,10.6,17.484411,18.88889,18.88889,2.0
resstock-amy2018-2021-release-1-508005,0.0,1.3652918,0.0,0.0,0.59750444,0.0,0.0,0.0,0.0,0.0,0.0,0.0,0.0,0.0,0.9009,0.9009,0.0,0.44214115,9.883748054504395,4.370011686333299,-0.0,0.9009,0.0,-0.0,0.0,-0.0,0.0,0.0,-0.0,0.0,10.402984,1.3652918,0.0,0.1873195,1.685724,0.43503055,1.1278031,0.0,0.0,0.0,0.2580675,0.1383698,0.66903186,0.0,1.685724,0.0,0.784824,0.784824,0.1873195,-0.0,10.0,18.382523,18.88889,18.88889,2.0
resstock-amy2018-2021-release-1-508005,0.0,0.0,0.0,0.0,0.0,0.0,0.0,0.0,0.0,0.0,0.0,0.0,0.0,0.0,0.9009,0.9009,0.0,0.5301458,9.883705139160156,5.2398050047336255,-0.0,0.9009,0.0,-0.0,0.0,-0.0,0.0,0.0,-0.0,0.0,10.402984,0.0,0.0,0.18623988,1.0871398,0.27692267,0.73666286,0.0,0.0,0.0,0.2547259,0.1383698,0.6776155,0.0,1.0871398,0.0,0.18623984,0.18623984,0.18623988,-0.0,8.9,17.352833,18.88889,18.88889,2.0
resstock-amy2018-2021-release-1-508005,0.0,1.4931991,0.0,0.0,0.70069516,0.0,0.0,0.0,0.0,0.0,0.0,0.0,0.0,0.0,0.9009,0.9009,0.0,0.61800987,9.883662223815918,6.1082007594527,-0.0,0.9009,0.0,-0.0,0.0,-0.0,0.0,0.0,-0.0,0.0,10.402984,1.4931991,0.0,0.19780183,1.799397,0.47226807,1.2202151,0.0,0.0,0.0,0.26245907,0.1383698,0.6781244,0.0,1.799397,0.0,0.898497,0.898497,0.19780183,-0.0,7.2,18.226887,18.88889,18.88889,2.0
resstock-amy2018-2021-release-1-508005,0.0,0.0,0.0,0.0,0.0,0.0,0.0,0.0,0.0,0.0,0.0,0.0,0.0,0.0,0.9009,0.9009,0.0,0.70573354,9.88361930847168,6.97520161959028,-0.0,0.9009,0.0,-0.0,0.0,-0.0,0.0,0.0,-0.0,0.0,10.402984,0.0,0.0,0.26999608,1.170896,0.31394356,0.78887075,0.0,0.0,0.0,0.2681225,0.1383698,0.6737325,0.0,1.170896,0.0,0.26999605,0.26999605,0.26999608,-0.0,7.2,17.223606,18.962963,18.962963,2.0
resstock-amy2018-2021-release-1-508005,0.0,1.6908274,0.6594917,0.0,0.78197753,0.7200598,0.0,0.0,0.0,0.0,0.0,0.0,0.0,0.0,0.9009,0.9009,0.0,0.79331696,9.883576393127441,7.840808781432429,-0.0,0.9009,0.0,-0.0,0.0,-0.0,0.0,0.0,-0.0,0.0,10.402984,1.6908274,0.0,0.31611475,2.719052,0.8056385,1.8102573,0.0,0.0,0.0,0.29629388,0.1383698,0.6657678,0.0,2.719052,0.0,1.8181521,1.8181521,0.31611475,-0.0,7.8,18.4385,20.0,20.0,2.0
resstock-amy2018-2021-release-1-508005,0.0,1.62361,3.5902221,0.0,0.77105886,3.9199502,0.0,0.0,0.0,0.0,0.0,0.0,0.0,0.0,0.9009,0.9009,0.0,0.8807604,9.883533477783203,8.705024619453752,-0.0,0.9009,0.0,-0.0,0.0,-0.0,0.0,0.0,-0.0,0.0,10.402984,1.62361,0.0,0.3622168,5.954126,1.9012618,3.8976765,0.0,0.0,0.0,0.31931838,0.1383698,0.6546177,0.0,5.954126,0.0,5.053226,5.053226,0.3622168,-0.0,6.7,18.633776,19.851852,19.851852,2.0
resstock-amy2018-2021-release-1-508005,0.9327518,1.3846388,0.0,0.0,0.61535305,0.0,0.0,0.0,0.0,0.0,0.0,0.0,0.0,0.0,0.9009,0.9009,0.0,0.96806407,9.883490562438965,9.56785209718987,-0.0,0.9009,0.0,-0.0,0.0,-0.0,0.0,0.0,-0.0,0.0,10.402984,1.3846388,0.0,0.41207522,1.88086,0.6327359,1.2089249,0.0,0.0,0.0,0.33640778,0.1383698,0.64275116,0.0,1.88086,0.0,0.97995996,1.0274283,0.41207522,-0.047468323,9.4,18.831059,17.777779,17.777779,2.0
resstock-amy2018-2021-release-1-508005,0.0,0.0,0.63152593,0.0,0.0,0.68952566,0.0,0.0,0.0,0.0,0.0,0.0,0.0,0.0,-0.69780475,0.0,-0.69780475,0.893598,9.88345718383789,8.831837770990887,0.69780475,0.0,0.0,-0.0,0.0,-0.0,0.0,0.0,-0.0,0.0,10.402984,0.0,0.0,0.282754,0.16727972,0.059209414,0.10680019,0.0,0.0,0.0,0.35395452,0.1383698,0.6384527,0.0,0.16727972,0.0,0.86508447,0.97227967,0.282754,-0.10719519,11.7,17.749214,17.777779,17.777779,2.0
resstock-amy2018-2021-release-1-508005,0.0,0.0,0.09467687,0.0,0.0,0.103372045,0.0,0.0,0.0,0.0,0.0,0.0,0.0,0.0,-0.792,0.0,-0.792,0.8097338,9.88341999053955,8.002939305404368,0.792,0.0,0.0,-0.0,0.0,-0.0,0.0,0.0,-0.0,0.0,10.402984,0.0,0.0,0.27993497,-0.55291945,-0.18098418,0.0,0.0,0.0,0.0,0.3273247,0.1383698,0.640321,0.0,0.0,-0.55291945,0.23908055,0.383307,0.27993497,-0.14422646,11.7,17.436207,17.777779,17.777779,2.0
resstock-amy2018-2021-release-1-508005,0.24817476,0.0,0.34325,0.0,0.0,0.37477428,0.0,0.0,0.0,0.0,0.0,0.0,0.0,0.0,-0.792,0.0,-0.792,0.72600365,9.883382797241211,7.175371954017464,0.792,0.0,0.0,-0.0,0.0,-0.0,0.0,0.0,-0.0,0.0,10.402984,0.0,0.0,0.27905232,-0.28859246,-0.09417583,0.0,0.0,0.0,0.0,0.3263281,0.1383698,0.63561255,0.0,0.0,-0.28859246,0.50340754,0.6538266,0.27905232,-0.15041904,12.1,17.839638,17.777779,17.777779,2.0
resstock-amy2018-2021-release-1-508005,0.41406706,0.0,0.6379014,0.0,0.0,0.69648665,0.0,0.0,0.0,0.0,0.0,0.0,0.0,0.0,-0.792,0.0,-0.792,0.6424073,9.883345603942871,6.349133345499581,0.792,0.0,0.0,-0.0,0.0,-0.0,0.0,0.0,-0.0,0.0,10.402984,0.0,0.0,1.4093486,1.2658064,0.3704187,0.79579866,0.0,0.0,0.0,0.29263455,0.1383698,0.62868905,0.0,1.2658064,0.0,2.0578065,2.1058354,1.4093486,-0.048028883,12.8,18.0797,17.777779,17.777779,2.0
resstock-amy2018-2021-release-1-508005,0.041860063,0.0,0.0,0.0,0.0,0.0,0.0,0.0,0.0,0.0,0.0,0.0,0.0,0.0,-0.792,0.0,-0.792,0.5589445,9.883308410644531,5.524221108555594,0.792,0.0,0.0,-0.0,0.0,-0.0,0.0,0.0,-0.0,0.0,10.402984,0.0,0.0,0.28050318,-0.5325268,-0.15353268,0.0,0.0,0.0,0.0,0.28830978,0.1383698,0.62557155,0.0,0.0,-0.5325268,0.2594732,0.2805032,0.28050318,-0.02103001,11.7,18.217503,17.777779,17.777779,2.0
resstock-amy2018-2021-release-1-508005,0.7745502,0.0,0.0,0.0,0.0,0.0,0.0,0.0,0.0,0.0,0.0,0.0,0.0,0.0,-0.792,0.0,-0.792,0.47561523,9.883271217346191,4.700634344648023,0.792,0.0,0.0,-0.0,0.0,-0.0,0.0,0.0,-0.0,0.0,10.402984,0.0,0.0,0.2796783,-0.6237418,-0.18714829,0.0,0.0,0.0,0.0,0.3000413,0.1383698,0.6214796,0.0,0.0,-0.6237418,0.16825819,0.2796783,0.2796783,-0.1114201,12.2,18.872787,17.777779,17.777779,2.0
resstock-amy2018-2021-release-1-508005,0.7649729,0.0,0.0,0.0,0.0,0.0,0.0,0.0,0.0,0.0,0.0,0.0,0.0,0.0,-0.792,0.0,-0.792,0.3924191,9.883234024047852,3.8783697989060784,0.792,0.0,0.0,-0.0,0.0,-0.0,0.0,0.0,-0.0,0.0,10.402984,0.0,0.0,0.38273486,-0.4962679,-0.153601,0.0,0.0,0.0,0.0,0.30951226,0.1383698,0.60924816,0.0,0.0,-0.4962679,0.29573208,0.38273484,0.38273486,-0.08700277,12.2,19.297104,17.796297,17.796297,2.0
resstock-amy2018-2021-release-1-508005,0.0,0.0,0.0,0.0,0.0,0.0,0.0,0.0,0.0,0.0,0.0,0.0,0.0,0.0,-0.792,0.0,-0.792,0.3093559,9.883196830749512,3.0574253946766135,0.792,0.0,0.0,-0.0,0.0,-0.0,0.0,0.0,-0.0,0.0,10.402984,0.0,0.0,0.44839418,-0.3855203,-0.12709835,0.0,0.0,0.0,0.0,0.32968006,0.1383698,0.59659004,0.0,0.0,-0.3855203,0.4064797,0.44839418,0.44839418,-0.0419145,11.7,19.368317,20.0,20.0,2.0
resstock-amy2018-2021-release-1-508005,0.0,0.0,0.0,0.0,0.0,0.0,0.0,0.0,0.0,0.0,0.0,0.0,0.0,0.0,-0.792,0.0,-0.792,0.22642548,9.883159637451172,2.2377992026080733,0.792,0.0,0.0,-0.0,0.0,-0.0,0.0,0.0,-0.0,0.0,10.402984,0.0,0.0,0.9395431,0.14596084,0.050353892,0.088397786,0.0,0.0,0.0,0.3449822,0.1383698,0.60562676,0.0,0.14596084,0.0,0.93796086,0.9395431,0.9395431,-0.0015822916,10.6,18.854202,20.0,20.0,2.0
resstock-amy2018-2021-release-1-508005,0.0,1.2575314,0.0,0.0,0.5503443,0.0,0.0,0.0,0.0,0.0,0.0,0.0,0.0,0.0,-0.792,0.0,-0.792,0.1436276,9.883122444152832,1.419489146107722,0.792,0.0,0.0,-0.0,0.0,-0.0,0.0,0.0,-0.0,0.0,10.402984,1.2575314,0.0,0.5518999,0.31024414,0.11264023,0.18548857,0.0,0.0,0.0,0.36306965,0.1383698,0.59787935,0.0,0.31024414,0.0,1.1022441,1.1022441,0.5518999,-0.0,10.0,19.936274,20.671297,20.671297,2.0
resstock-amy2018-2021-release-1-508005,0.0,0.0,0.0,0.0,0.0,0.0,0.0,0.0,0.0,0.0,0.0,0.0,0.0,0.0,-0.792,0.0,-0.792,0.060962036,9.883085250854492,0.6024930013444134,0.792,0.0,0.0,-0.0,0.0,-0.0,0.0,0.0,-0.0,0.0,10.402984,0.0,0.0,0.58928746,-0.20271254,-0.07184039,0.0,0.0,0.0,0.0,0.3543954,0.1383698,0.56501985,0.0,0.0,-0.20271254,0.58928746,0.58928746,0.58928746,-0.0,9.4,18.993675,21.578703,21.578703,2.0
resstock-amy2018-2021-release-1-508005,0.0,2.7588043,0.0,0.0,1.2416285,0.0,0.0,0.0,0.0,0.0,0.0,0.0,0.0,0.0,-0.5847538,0.0,-0.5847538,0.0,9.883057594299316,0.0,0.5847538,0.0,0.0,-0.0,0.0,-0.0,0.0,0.0,-0.0,0.0,10.402984,2.7588043,0.0,0.51096326,1.1678381,0.391615,0.63715667,0.0,0.0,0.0,0.3353333,0.1383698,0.54558647,0.0,1.1678381,0.0,1.7525918,1.7525918,0.51096326,-0.0,8.9,21.999971,22.222221,22.222221,2.0
resstock-amy2018-2021-release-1-508005,0.0,0.0,0.385565,0.0,0.0,0.42097554,0.0,0.0,0.0,0.0,0.0,0.0,0.0,0.0,0.0,0.0,0.0,0.0,9.883057594299316,0.0,-0.0,0.0,0.0,-0.0,0.0,-0.0,0.0,0.0,-0.0,0.0,10.402984,0.0,0.0,0.32061878,0.7415943,0.2260958,0.39237177,0.0,0.0,0.0,0.304878,0.1383698,0.5290922,0.0,0.7415943,0.0,0.7415943,0.7415943,0.32061878,-0.0,8.3,20.284107,22.0,22.0,2.0
resstock-amy2018-2021-release-1-508005,0.0,1.668018,0.0,0.0,0.7714286,0.0,0.0,0.0,0.0,0.0,0.0,0.0,0.0,0.0,0.9009,0.9009,0.0,0.088711336,9.883014678955078,0.8767354383986117,-0.0,0.9009,0.0,-0.0,0.0,-0.0,0.0,0.0,-0.0,0.0,10.402984,1.668018,0.0,0.2958324,1.968161,0.5994956,1.0172099,0.0,0.0,0.0,0.3045968,0.1383698,0.51683265,0.0,1.968161,0.0,1.067261,1.067261,0.2958324,-0.0,7.8,20.93134,21.11111,21.11111,2.0
resstock-amy2018-2021-release-1-508005,0.87278855,0.0,0.0,0.0,0.0,0.0,0.0,0.0,0.0,0.0,0.0,0.0,0.0,0.0,0.9009,0.9009,0.0,0.17728089,9.88297176361084,1.7520620099502509,-0.0,0.9009,0.0,-0.0,0.0,-0.0,0.0,0.0,-0.0,0.0,10.402984,0.0,0.0,0.23878051,1.1396805,0.33749363,0.58335376,0.0,0.0,0.0,0.29613003,0.1383698,0.5118573,0.0,1.1396805,0.0,0.2387805,0.2387805,0.23878051,-0.0,7.2,19.156544,18.88889,18.88889,2.0
resstock-amy2018-2021-release-1-508005,0.0,0.0,0.0,0.0,0.0,0.0,0.0,0.0,0.0,0.0,0.0,0.0,0.0,0.0,0.9009,0.9009,0.0,0.2657089,9.882928848266602,2.625982089182969,-0.0,0.9009,0.0,-0.0,0.0,-0.0,0.0,0.0,-0.0,0.0,10.402984,0.0,0.0,0.21726434,1.1181643,0.32087782,0.569976,0.0,0.0,0.0,0.2869684,0.1383698,0.5097426,0.0,1.1181643,0.0,0.2172643,0.2172643,0.21726434,-0.0,7.2,17.905497,18.88889,18.88889,2.0
resstock-amy2018-2021-release-1-508005,0.0,0.0,0.0,0.0,0.0,0.0,0.0,0.0,0.0,0.0,0.0,0.0,0.0,0.0,0.9009,0.9009,0.0,0.35399556,9.882885932922363,3.498497756050938,-0.0,0.9009,0.0,-0.0,0.0,-0.0,0.0,0.0,-0.0,0.0,10.402984,0.0,0.0,0.20555991,1.1064599,0.3117807,0.5588676,0.0,0.0,0.0,0.2817822,0.1383698,0.5050952,0.0,1.1064599,0.0,0.20555985,0.20555985,0.20555991,-0.0,6.7,16.941816,18.88889,18.88889,2.0
resstock-amy2018-2021-release-1-508005,0.0,1.8927479,0.0,0.0,0.9116978,0.0,0.0,0.0,0.0,0.0,0.0,0.0,0.0,0.0,0.9009,0.9009,0.0,0.44214115,9.882843017578125,4.369611532270028,-0.0,0.9009,0.0,-0.0,0.0,-0.0,0.0,0.0,-0.0,0.0,10.402984,1.8927479,0.0,0.19933882,2.0119367,0.5589978,1.016706,0.0,0.0,0.0,0.27784067,0.1383698,0.505337,0.0,2.0119367,0.0,1.1110367,1.1110367,0.19933882,-0.0,6.1,18.411037,18.88889,18.88889,2.0
resstock-amy2018-2021-release-1-508005,0.0,0.0,0.0,0.0,0.0,0.0,0.0,0.0,0.0,0.0,0.0,0.0,0.0,0.0,0.9009,0.9009,0.0,0.5301458,9.882800102233887,5.239325203186638,-0.0,0.9009,0.0,-0.0,0.0,-0.0,0.0,0.0,-0.0,0.0,10.402984,0.0,0.0,0.18623988,1.0871398,0.2992027,0.56400883,0.0,0.0,0.0,0.27522007,0.1383698,0.5188006,0.0,1.0871398,0.0,0.18623984,0.18623984,0.18623988,-0.0,6.1,17.200191,18.88889,18.88889,2.0
resstock-amy2018-2021-release-1-508005,0.0,1.6415818,0.0,0.0,0.81110764,0.0,0.0,0.0,0.0,0.0,0.0,0.0,0.0,0.0,0.9009,0.9009,0.0,0.61800987,9.882757186889648,6.107641437703819,-0.0,0.9009,0.0,-0.0,0.0,-0.0,0.0,0.0,-0.0,0.0,10.402984,1.6415818,0.0,0.18498929,1.896997,0.5244054,1.0261437,0.0,0.0,0.0,0.2764398,0.1383698,0.54093057,0.0,1.896997,0.0,0.99609697,0.99609697,0.18498929,-0.0,5.0,18.124073,18.88889,18.88889,2.0
resstock-amy2018-2021-release-1-508005,0.0,0.0,0.0,0.0,0.0,0.0,0.0,0.0,0.0,0.0,0.0,0.0,0.0,0.0,0.9009,0.9009,0.0,0.70573354,9.88271427154541,6.974562904678578,-0.0,0.9009,0.0,-0.0,0.0,-0.0,0.0,0.0,-0.0,0.0,10.402984,0.0,0.0,0.18524572,1.0861458,0.30628818,0.59684455,0.0,0.0,0.0,0.28199548,0.1383698,0.54950684,0.0,1.0861458,0.0,0.18524575,0.18524575,0.18524572,-0.0,3.9,16.933796,18.88889,18.88889,2.0
resstock-amy2018-2021-release-1-508005,0.0,1.9005445,0.0,0.0,0.9755468,0.0,0.0,0.0,0.0,0.0,0.0,0.0,0.0,0.0,0.9009,0.9009,0.0,0.79331696,9.882671356201172,7.84009080028909,-0.0,0.9009,0.0,-0.0,0.0,-0.0,0.0,0.0,-0.0,0.0,10.402984,1.9005445,0.0,0.1878324,2.064279,0.6415908,1.1414418,0.0,0.0,0.0,0.3108062,0.1383698,0.55294937,0.0,2.064279,0.0,1.1633791,1.1633791,0.1878324,-0.0,3.3,18.241203,18.88889,18.88889,2.0
resstock-amy2018-2021-release-1-508005,0.0,0.0,0.0,0.0,0.0,0.0,0.0,0.0,0.0,0.0,0.0,0.0,0.0,0.0,0.9009,0.9009,0.0,0.8807604,9.882628440856934,8.704227498794182,-0.0,0.9009,0.0,-0.0,0.0,-0.0,0.0,0.0,-0.0,0.0,10.402984,0.0,0.0,0.2761897,1.1770897,0.40291607,0.65973467,0.0,0.0,0.0,0.34229854,0.1383698,0.5604795,0.0,1.1770897,0.0,0.27618968,0.27618968,0.2761897,-0.0,2.8,16.98389,19.518518,19.518518,2.0
resstock-amy2018-2021-release-1-508005,0.0,2.4639096,0.24285588,0.0,1.1562085,0.2651599,0.0,0.0,0.0,0.0,0.0,0.0,0.0,0.0,0.9009,0.9009,0.0,0.96806407,9.882585525512695,9.566975963459754,-0.0,0.9009,0.0,-0.0,0.0,-0.0,0.0,0.0,-0.0,0.0,10.402984,2.4639096,0.0,0.3735249,2.6411278,0.9797909,1.4974533,0.0,0.0,0.0,0.37097445,0.1383698,0.56697494,0.0,2.6411278,0.0,1.7402278,1.7948935,0.3735249,-0.054665662,7.2,19.476551,20.0,20.0,2.0
resstock-amy2018-2021-release-1-508005,0.0,0.0,1.0092976,0.0,0.0,1.1019921,0.0,0.0,0.0,0.0,0.0,0.0,0.0,0.0,-0.69780475,0.0,-0.69780475,0.893598,9.882552146911621,8.831029031785476,0.69780475,0.0,0.0,-0.0,0.0,-0.0,0.0,0.0,-0.0,0.0,10.402984,0.0,0.0,0.47005156,0.76023924,0.27464572,0.44595504,0.0,0.0,0.0,0.3612622,0.1383698,0.5865983,0.0,0.76023924,0.0,1.458044,1.5720438,0.47005156,-0.1139997,9.4,18.183762,20.0,20.0,2.0
resstock-amy2018-2021-release-1-508005,0.0,2.0246968,0.11704751,0.0,0.8723672,0.12779723,0.0,0.0,0.0,0.0,0.0,0.0,0.0,0.0,-0.792,0.0,-0.792,0.8097338,9.882514953613281,8.002206466407642,0.792,0.0,0.0,-0.0,0.0,-0.0,0.0,0.0,-0.0,0.0,10.402984,2.0246968,0.0,0.3716734,0.42861056,0.1415207,0.25790304,0.0,0.0,0.0,0.33018482,0.1383698,0.60171884,0.0,0.42861056,0.0,1.2206106,1.3718379,0.3716734,-0.1512273,10.6,20.409046,20.0,20.0,2.0
resstock-amy2018-2021-release-1-508005,0.0,0.0,0.1928716,0.0,0.0,0.21058504,0.0,0.0,0.0,0.0,0.0,0.0,0.0,0.0,-0.792,0.0,-0.792,0.72600365,9.882477760314941,7.174714893908458,0.792,0.0,0.0,-0.0,0.0,-0.0,0.0,0.0,-0.0,0.0,10.402984,0.0,0.0,0.27905232,-0.47458494,-0.15279014,0.0,0.0,0.0,0.0,0.32194477,0.1383698,0.6160886,0.0,0.0,-0.47458494,0.31741506,0.48963737,0.27905232,-0.1722223,11.1,19.84256,20.0,20.0,2.0
resstock-amy2018-2021-release-1-508005,0.68332696,0.0,1.1059552,0.0,0.0,1.2075268,0.0,0.0,0.0,0.0,0.0,0.0,0.0,0.0,-0.792,0.0,-0.792,0.6424073,9.882440567016602,6.348551943173106,0.792,0.0,0.0,-0.0,0.0,-0.0,0.0,0.0,-0.0,0.0,10.402984,0.0,0.0,0.2807234,0.51850903,0.15933166,0.32035422,0.0,0.0,0.0,0.3072881,0.1383698,0.6178373,0.0,0.51850903,0.0,1.310509,1.4882501,0.2807234,-0.17774114,11.7,20.164719,20.277779,20.277779,2.0
resstock-amy2018-2021-release-1-508005,0.70694,0.0,2.8996375,0.0,0.0,3.165942,0.0,0.0,0.0,0.0,0.0,0.0,0.0,0.0,-0.792,0.0,-0.792,0.5589445,9.882403373718262,5.52371524312224,0.792,0.0,0.0,-0.0,0.0,-0.0,0.0,0.0,-0.0,0.0,10.402984,0.0,0.0,0.28050318,2.48997,0.7528872,1.5057349,0.0,0.0,0.0,0.302368,0.1383698,0.6047201,0.0,2.48997,0.0,3.28197,3.4464452,0.28050318,-0.16447516,12.8,20.782803,21.11111,21.11111,2.0
resstock-amy2018-2021-release-1-508005,0.34456298,0.0,0.0,0.0,0.0,0.0,0.0,0.0,0.0,0.0,0.0,0.0,0.0,0.0,-0.792,0.0,-0.792,0.47561523,9.882366180419922,4.700203895299296,0.792,0.0,0.0,-0.0,0.0,-0.0,0.0,0.0,-0.0,0.0,10.402984,0.0,0.0,0.2796783,-0.6569441,-0.20259391,0.0,0.0,0.0,0.0,0.30838835,0.1383698,0.5850412,0.0,0.0,-0.6569441,0.1350559,0.2796783,0.2796783,-0.14462239,12.2,21.388975,21.11111,21.11111,2.0
resstock-amy2018-2021-release-1-508005,0.20421468,0.0,0.0,0.0,0.0,0.0,0.0,0.0,0.0,0.0,0.0,0.0,0.0,0.0,-0.792,0.0,-0.792,0.3924191,9.882328987121582,3.878014645130179,0.792,0.0,0.0,-0.0,0.0,-0.0,0.0,0.0,-0.0,0.0,10.402984,0.0,0.0,0.2863047,-0.6139352,-0.19626112,0.0,0.0,0.0,0.0,0.31967726,0.1383698,0.5735826,0.0,0.0,-0.6139352,0.17806482,0.2863047,0.2863047,-0.10823988,12.8,21.896711,21.11111,21.11111,2.0
resstock-amy2018-2021-release-1-508005,1.27938,0.0,1.0395545,0.0,0.0,1.1350278,0.0,0.0,0.0,0.0,0.0,0.0,0.0,0.0,-0.792,0.0,-0.792,0.3093559,9.882291793823242,3.057145416150547,0.792,0.0,0.0,-0.0,0.0,-0.0,0.0,0.0,-0.0,0.0,10.402984,0.0,0.0,0.44839418,0.75312686,0.2494964,0.4247822,0.0,0.0,0.0,0.3312807,0.1383698,0.56402475,0.0,0.75312686,0.0,1.5451269,1.583422,0.44839418,-0.03829506,12.2,21.840212,21.11111,21.11111,2.0
resstock-amy2018-2021-release-1-508005,0.0,0.0,0.0,0.0,0.0,0.0,0.0,0.0,0.0,0.0,0.0,0.0,0.0,0.0,-0.792,0.0,-0.792,0.22642548,9.882254600524902,2.237594279184165,0.792,0.0,0.0,-0.0,0.0,-0.0,0.0,0.0,-0.0,0.0,10.402984,0.0,0.0,0.48809308,-0.30591395,-0.105628364,0.0,0.0,0.0,0.0,0.34528783,0.1383698,0.56371075,0.0,0.0,-0.30591395,0.48608604,0.48809308,0.48809308,-0.0020070293,11.1,21.258581,21.11111,21.11111,2.0
resstock-amy2018-2021-release-1-508005,0.0,0.0,0.38574305,0.0,0.0,0.42116994,0.0,0.0,0.0,0.0,0.0,0.0,0.0,0.0,-0.792,0.0,-0.792,0.1436276,9.882217407226562,1.4193591578271025,0.792,0.0,0.0,-0.0,0.0,-0.0,0.0,0.0,-0.0,0.0,10.402984,0.0,0.0,1.0785917,0.70776165,0.24171302,0.40317798,0.0,0.0,0.0,0.34151754,0.1383698,0.5696522,0.0,0.70776165,0.0,1.4997616,1.4997616,1.0785917,-0.0,10.0,20.434376,21.11111,21.11111,2.0
resstock-amy2018-2021-release-1-508005,0.0,0.0,0.0,0.0,0.0,0.0,0.0,0.0,0.0,0.0,0.0,0.0,0.0,0.0,-0.792,0.0,-0.792,0.060962036,9.882180213928223,0.6024378284505048,0.792,0.0,0.0,-0.0,0.0,-0.0,0.0,0.0,-0.0,0.0,10.402984,0.0,0.0,0.58928746,-0.20271254,-0.06782665,0.0,0.0,0.0,0.0,0.33459526,0.1383698,0.5430348,0.0,0.0,-0.20271254,0.58928746,0.58928746,0.58928746,-0.0,8.9,19.973549,21.11111,21.11111,2.0
resstock-amy2018-2021-release-1-508005,0.0,1.2140335,0.0,0.0,0.5463884,0.0,0.0,0.0,0.0,0.0,0.0,0.0,0.0,0.0,-0.5847538,0.0,-0.5847538,0.0,9.882152557373047,0.0,0.5847538,0.0,0.0,-0.0,0.0,-0.0,0.0,0.0,-0.0,0.0,10.402984,1.2140335,0.0,0.6668583,0.6284929,0.20568898,0.33444628,0.0,0.0,0.0,0.32727337,0.1383698,0.53214014,0.0,0.6284929,0.0,1.2132467,1.2132467,0.6668583,-0.0,8.9,20.91152,21.11111,21.11111,2.0
resstock-amy2018-2021-release-1-508005,0.0,0.0,0.0,0.0,0.0,0.0,0.0,0.0,0.0,0.0,0.0,0.0,0.0,0.0,0.0,0.0,0.0,0.0,9.882152557373047,0.0,-0.0,0.0,0.0,-0.0,0.0,-0.0,0.0,0.0,-0.0,0.0,10.402984,0.0,0.0,0.5658401,0.5658401,0.17500429,0.3055755,0.0,0.0,0.0,0.3092822,0.1383698,0.5400386,0.0,0.5658401,0.0,0.5658401,0.5658401,0.5658401,-0.0,8.9,19.767174,21.11111,21.11111,2.0
resstock-amy2018-2021-release-1-508005,0.0,1.30644,0.0,0.0,0.6366618,0.0,0.0,0.0,0.0,0.0,0.0,0.0,0.0,0.0,0.9009,0.9009,0.0,0.088711336,9.882109642028809,0.8766551513635221,-0.0,0.9009,0.0,-0.0,0.0,-0.0,0.0,0.0,-0.0,0.0,10.402984,1.30644,0.0,0.49716723,2.034729,0.6239188,1.0897846,0.0,0.0,0.0,0.3066348,0.1383698,0.535592,0.0,2.034729,0.0,1.133829,1.133829,0.49716723,-0.0,5.6,20.181454,21.99074,21.99074,2.0
resstock-amy2018-2021-release-1-508005,0.0,1.840458,0.0,0.0,0.88651085,0.0,0.0,0.0,0.0,0.0,0.0,0.0,0.0,0.0,0.9009,0.9009,0.0,0.17728089,9.88206672668457,1.751901564200324,-0.0,0.9009,0.0,-0.0,0.0,-0.0,0.0,0.0,-0.0,0.0,10.402984,1.840458,0.0,0.23878051,2.0261912,0.6117837,1.0857768,0.0,0.0,0.0,0.3019378,0.1383698,0.53587085,0.0,2.0261912,0.0,1.1252912,1.1252912,0.23878051,-0.0,6.1,20.385826,20.347221,20.347221,2.0
resstock-amy2018-2021-release-1-508005,0.0,0.0,0.0,0.0,0.0,0.0,0.0,0.0,0.0,0.0,0.0,0.0,0.0,0.0,0.9009,0.9009,0.0,0.2657089,9.882023811340332,2.6257416128226794,-0.0,0.9009,0.0,-0.0,0.0,-0.0,0.0,0.0,-0.0,0.0,10.402984,0.0,0.0,0.18956426,1.0904642,0.31147859,0.58853745,0.0,0.0,0.0,0.2856385,0.1383698,0.5397127,0.0,1.0904642,0.0,0.18956423,0.18956423,0.18956426,-0.0,4.4,18.659729,18.88889,18.88889,2.0
resstock-amy2018-2021-release-1-508005,0.0,0.0,0.0,0.0,0.0,0.0,0.0,0.0,0.0,0.0,0.0,0.0,0.0,0.0,0.9009,0.9009,0.0,0.35399556,9.881980895996094,3.4981773769959545,-0.0,0.9009,0.0,-0.0,0.0,-0.0,0.0,0.0,-0.0,0.0,10.402984,0.0,0.0,0.18831366,1.0892136,0.27452514,0.5702137,0.0,0.0,0.0,0.25203976,0.1383698,0.5235095,0.0,1.0892136,0.0,0.1883136,0.1883136,0.18831366,-0.0,4.4,17.442356,18.88889,18.88889,2.0
resstock-amy2018-2021-release-1-508005,0.0,1.4061737,0.0,0.0,0.71225935,0.0,0.0,0.0,0.0,0.0,0.0,0.0,0.0,0.0,0.9009,0.9009,0.0,0.44214115,9.881937980651855,4.3692113782067565,-0.0,0.9009,0.0,-0.0,0.0,-0.0,0.0,0.0,-0.0,0.0,10.402984,1.4061737,0.0,0.1873195,1.8004789,0.42780623,0.90259796,0.0,0.0,0.0,0.23760691,0.1383698,0.50130993,0.0,1.8004789,0.0,0.8995789,0.8995789,0.1873195,-0.0,3.9,18.008863,18.88889,18.88889,2.0
resstock-amy2018-2021-release-1-508005,0.0,0.0,0.0,0.0,0.0,0.0,0.0,0.0,0.0,0.0,0.0,0.0,0.0,0.0,0.9009,0.9009,0.0,0.5301458,9.881895065307617,5.238845401639651,-0.0,0.9009,0.0,-0.0,0.0,-0.0,0.0,0.0,-0.0,0.0,10.402984,0.0,0.0,0.18623988,1.0871398,0.24298881,0.5331638,0.0,0.0,0.0,0.22351201,0.1383698,0.49042797,0.0,1.0871398,0.0,0.18623984,0.18623984,0.18623988,-0.0,3.3,16.854382,18.88889,18.88889,2.0
resstock-amy2018-2021-release-1-508005,0.0,1.977743,0.0,0.0,1.0151727,0.0,0.0,0.0,0.0,0.0,0.0,0.0,0.0,0.0,0.9009,0.9009,0.0,0.61800987,9.881852149963379,6.107082115954938,-0.0,0.9009,0.0,-0.0,0.0,-0.0,0.0,0.0,-0.0,0.0,10.402984,1.977743,0.0,0.18498929,2.101062,0.46207568,1.040313,0.0,0.0,0.0,0.21992481,0.1383698,0.49513674,0.0,2.101062,0.0,1.200162,1.200162,0.18498929,-0.0,3.3,18.319653,18.88889,18.88889,2.0
resstock-amy2018-2021-release-1-508005,0.0,0.0,0.0,0.0,0.0,0.0,0.0,0.0,0.0,0.0,0.0,0.0,0.0,0.0,0.9009,0.9009,0.0,0.70573354,9.88180923461914,6.973924189766876,-0.0,0.9009,0.0,-0.0,0.0,-0.0,0.0,0.0,-0.0,0.0,10.402984,0.0,0.0,0.21349585,1.1143959,0.23192748,0.5616267,0.0,0.0,0.0,0.20811948,0.1383698,0.50397414,0.0,1.1143959,0.0,0.21349585,0.21349585,0.21349585,-0.0,4.4,17.075832,18.88889,18.88889,2.0
resstock-amy2018-2021-release-1-508005,0.0,1.7624711,0.0,0.0,0.9046739,0.0,0.0,0.0,0.0,0.0,0.0,0.0,0.0,0.0,0.9009,0.9009,0.0,0.79331696,9.881766319274902,7.839372819145751,-0.0,0.9009,0.0,-0.0,0.0,-0.0,0.0,0.0,-0.0,0.0,10.402984,1.7624711,0.0,0.1878324,1.9934063,0.4863006,1.052869,0.0,0.0,0.0,0.24395457,0.1383698,0.5281758,0.0,1.9934063,0.0,1.0925063,1.0925063,0.1878324,-0.0,3.3,18.154305,18.88889,18.88889,2.0
resstock-amy2018-2021-release-1-508005,0.0,0.0,0.0,0.0,0.0,0.0,0.0,0.0,0.0,0.0,0.0,0.0,0.0,0.0,0.9009,0.9009,0.0,0.8807604,9.881723403930664,8.703430378134613,-0.0,0.9009,0.0,-0.0,0.0,-0.0,0.0,0.0,-0.0,0.0,10.402984,0.0,0.0,0.19016261,1.0910627,0.29493245,0.61924,0.0,0.0,0.0,0.2703167,0.1383698,0.56755674,0.0,1.0910627,0.0,0.19016266,0.19016266,0.19016261,-0.0,3.3,16.889103,19.51389,19.51389,2.0
resstock-amy2018-2021-release-1-508005,0.0,2.5515525,0.0,0.0,1.1973356,0.0,0.0,0.0,0.0,0.0,0.0,0.0,0.0,0.0,0.9009,0.9009,0.0,0.96806407,9.881680488586426,9.566099829729637,-0.0,0.9009,0.0,-0.0,0.0,-0.0,0.0,0.0,-0.0,0.0,10.402984,2.5515525,0.0,0.19004552,2.2417715,0.63671696,1.3185819,0.0,0.0,0.0,0.28402403,0.1383698,0.5881875,0.0,2.2417715,0.0,1.3408715,1.387381,0.19004552,-0.046509508,7.2,19.35863,20.0,20.0,2.0
resstock-amy2018-2021-release-1-508005,0.0,0.0,0.0,0.0,0.0,0.0,0.0,0.0,0.0,0.0,0.0,0.0,0.0,0.0,-0.69780475,0.0,-0.69780475,0.893598,9.881647109985352,8.830220292580066,0.69780475,0.0,0.0,-0.0,0.0,-0.0,0.0,0.0,-0.0,0.0,10.402984,0.0,0.0,0.18910523,-0.5906222,-0.17222162,0.0,0.0,0.0,0.0,0.29159355,0.1383698,0.6030067,0.0,0.0,-0.5906222,0.10718256,0.18910523,0.18910523,-0.081922665,8.9,17.89196,20.0,20.0,2.0
resstock-amy2018-2021-release-1-508005,0.0,2.3136072,0.0,0.0,1.0125239,0.0,0.0,0.0,0.0,0.0,0.0,0.0,0.0,0.0,-0.792,0.0,-0.792,0.8097338,9.881609916687012,8.001473627410917,0.792,0.0,0.0,-0.0,0.0,-0.0,0.0,0.0,-0.0,0.0,10.402984,2.3136072,0.0,0.27993497,0.40779558,0.1188909,0.24932887,0.0,0.0,0.0,0.29154533,0.1383698,0.6114065,0.0,0.40779558,0.0,1.1997956,1.2924589,0.27993497,-0.09266331,10.0,20.341146,20.0,20.0,2.0
resstock-amy2018-2021-release-1-508005,0.0,0.0,0.0,0.0,0.0,0.0,0.0,0.0,0.0,0.0,0.0,0.0,0.0,0.0,-0.792,0.0,-0.792,0.72600365,9.881572723388672,7.174057833799452,0.792,0.0,0.0,-0.0,0.0,-0.0,0.0,0.0,-0.0,0.0,10.402984,0.0,0.0,0.27905232,-0.59646195,-0.1625864,0.0,0.0,0.0,0.0,0.2725847,0.1383698,0.62183386,0.0,0.0,-0.59646195,0.19553804,0.27905232,0.27905232,-0.08351427,11.7,19.42686,20.0,20.0,2.0
resstock-amy2018-2021-release-1-508005,0.0,0.0,0.0,0.0,0.0,0.0,0.0,0.0,0.0,0.0,0.0,0.0,0.0,0.0,-0.792,0.0,-0.792,0.6424073,9.881535530090332,6.347970540846632,0.792,0.0,0.0,-0.0,0.0,-0.0,0.0,0.0,-0.0,0.0,10.402984,0.0,0.0,0.2807234,-0.58671993,-0.1614113,0.0,0.0,0.0,0.0,0.27510792,0.1383698,0.6310679,0.0,0.0,-0.58671993,0.20528007,0.2807234,0.2807234,-0.07544334,12.2,19.376217,20.0,20.0,2.0
resstock-amy2018-2021-release-1-508005,0.07361191,0.0,0.19409297,0.0,0.0,0.21191859,0.0,0.0,0.0,0.0,0.0,0.0,0.0,0.0,-0.792,0.0,-0.792,0.5589445,9.881498336791992,5.523209377688886,0.792,0.0,0.0,-0.0,0.0,-0.0,0.0,0.0,-0.0,0.0,10.402984,0.0,0.0,0.559696,-0.11164099,-0.030601647,0.0,0.0,0.0,0.0,0.27410764,0.1383698,0.63212407,0.0,0.0,-0.11164099,0.680359,0.7716146,0.559696,-0.09125559,12.8,19.677074,20.0,20.0,2.0
resstock-amy2018-2021-release-1-508005,0.027220894,0.0,0.43430388,0.0,0.0,0.4741906,0.0,0.0,0.0,0.0,0.0,0.0,0.0,0.0,-0.792,0.0,-0.792,0.47561523,9.881461143493652,4.699773445950569,0.792,0.0,0.0,-0.0,0.0,-0.0,0.0,0.0,-0.0,0.0,10.402984,0.0,0.0,0.57786536,0.19414365,0.054236688,0.121242866,0.0,0.0,0.0,0.2793637,0.1383698,0.6245008,0.0,0.19414365,0.0,0.98614365,1.052056,0.57786536,-0.06591231,12.8,19.856602,20.0,20.0,2.0
resstock-amy2018-2021-release-1-508005,0.0,0.0,0.8067544,0.0,0.0,0.8808472,0.0,0.0,0.0,0.0,0.0,0.0,0.0,0.0,-0.792,0.0,-0.792,0.3924191,9.881423950195312,3.8776594913542795,0.792,0.0,0.0,-0.0,0.0,-0.0,0.0,0.0,-0.0,0.0,10.402984,0.0,0.0,0.5844918,0.63931733,0.18152764,0.39086604,0.0,0.0,0.0,0.2839398,0.1383698,0.61138034,0.0,0.63931733,0.0,1.4313173,1.4653391,0.5844918,-0.03402168,13.3,19.876944,20.0,20.0,2.0
resstock-amy2018-2021-release-1-508005,0.4034551,0.0,0.7718158,0.0,0.0,0.84269977,0.0,0.0,0.0,0.0,0.0,0.0,0.0,0.0,-0.792,0.0,-0.792,0.3093559,9.881386756896973,3.056865437624481,0.792,0.0,0.0,-0.0,0.0,-0.0,0.0,0.0,-0.0,0.0,10.402984,0.0,0.0,0.33592644,0.37332526,0.11063712,0.22496702,0.0,0.0,0.0,0.29635584,0.1383698,0.60260326,0.0,0.37332526,0.0,1.1653253,1.1786262,0.33592644,-0.013300949,12.8,19.683578,19.48611,19.48611,2.0
resstock-amy2018-2021-release-1-508005,0.0,0.0,0.77181387,0.0,0.0,0.84269774,0.0,0.0,0.0,0.0,0.0,0.0,0.0,0.0,-0.792,0.0,-0.792,0.22642548,9.881349563598633,2.237389355760257,0.792,0.0,0.0,-0.0,0.0,-0.0,0.0,0.0,-0.0,0.0,10.402984,0.0,0.0,0.3433609,0.3938266,0.12382729,0.23571992,0.0,0.0,0.0,0.31442085,0.1383698,0.5985373,0.0,0.3938266,0.0,1.1858265,1.1860586,0.3433609,-0.00023205462,12.2,19.339733,20.0,20.0,2.0
resstock-amy2018-2021-release-1-508005,0.0,0.0,0.19295469,0.0,0.0,0.21067576,0.0,0.0,0.0,0.0,0.0,0.0,0.0,0.0,-0.792,0.0,-0.792,0.1436276,9.881312370300293,1.4192291695464831,0.792,0.0,0.0,-0.0,0.0,-0.0,0.0,0.0,-0.0,0.0,10.402984,0.0,0.0,0.5518999,-0.029424325,-0.009520125,0.0,0.0,0.0,0.0,0.32354608,0.1383698,0.5905886,0.0,0.0,-0.029424325,0.7625757,0.7625757,0.5518999,-0.0,12.2,19.002731,20.0,20.0,2.0
resstock-amy2018-2021-release-1-508005,0.0,0.0,0.0,0.0,0.0,0.0,0.0,0.0,0.0,0.0,0.0,0.0,0.0,0.0,-0.792,0.0,-0.792,0.060962036,9.881275177001953,0.6023826555565961,0.792,0.0,0.0,-0.0,0.0,-0.0,0.0,0.0,-0.0,0.0,10.402984,0.0,0.0,0.58928746,-0.20271254,-0.06560723,0.0,0.0,0.0,0.0,0.3236466,0.1383698,0.56603646,0.0,0.0,-0.20271254,0.58928746,0.58928746,0.58928746,-0.0,11.7,18.7542,20.0,20.0,2.0
resstock-amy2018-2021-release-1-508005,0.0,1.4300138,0.6373151,0.0,0.59837687,0.6958465,0.0,0.0,0.0,0.0,0.0,0.0,0.0,0.0,-0.5847538,0.0,-0.5847538,0.0,9.881247520446777,0.0,0.5847538,0.0,0.0,-0.0,0.0,-0.0,0.0,0.0,-0.0,0.0,10.402984,1.4300138,0.0,1.1364094,1.8458791,0.5683438,1.0128474,0.0,0.0,0.0,0.30789873,0.1383698,0.54870737,0.0,1.8458791,0.0,2.4306328,2.4306328,1.1364094,-0.0,11.7,20.236832,20.0,20.0,2.0
resstock-amy2018-2021-release-1-508005,0.0,0.0,0.0,0.0,0.0,0.0,0.0,0.0,0.0,0.0,0.0,0.0,0.0,0.0,0.0,0.0,0.0,0.0,9.881247520446777,0.0,-0.0,0.0,0.0,-0.0,0.0,-0.0,0.0,0.0,-0.0,0.0,10.402984,0.0,0.0,0.7694721,0.7694721,0.22964787,0.4185642,0.0,0.0,0.0,0.2984486,0.1383698,0.5439628,0.0,0.7694721,0.0,0.7694721,0.7694721,0.7694721,-0.0,11.7,19.269463,19.88889,19.88889,2.0
resstock-amy2018-2021-release-1-508005,0.0,0.0,0.0,0.0,0.0,0.0,0.0,0.0,0.0,0.0,0.0,0.0,0.0,0.0,0.9009,0.9009,0.0,0.088711336,9.881204605102539,0.8765748643284326,-0.0,0.9009,0.0,-0.0,0.0,-0.0,0.0,0.0,-0.0,0.0,10.402984,0.0,0.0,0.3964998,1.2973998,0.38383573,0.710657,0.0,0.0,0.0,0.29585,0.1383698,0.5477548,0.0,1.2973998,0.0,0.39649975,0.39649975,0.3964998,-0.0,11.1,18.40609,18.88889,18.88889,2.0
resstock-amy2018-2021-release-1-508005,0.0,0.0,0.0,0.0,0.0,0.0,0.0,0.0,0.0,0.0,0.0,0.0,0.0,0.0,0.9009,0.9009,0.0,0.17728089,9.8811616897583,1.751741118450397,-0.0,0.9009,0.0,-0.0,0.0,-0.0,0.0,0.0,-0.0,0.0,10.402984,0.0,0.0,0.23878051,1.1396805,0.33027804,0.62192637,0.0,0.0,0.0,0.2897988,0.1383698,0.5457024,0.0,1.1396805,0.0,0.2387805,0.2387805,0.23878051,-0.0,10.6,17.881721,18.88889,18.88889,2.0
resstock-amy2018-2021-release-1-508005,0.0,0.979067,0.0,0.0,0.42847753,0.0,0.0,0.0,0.0,0.0,0.0,0.0,0.0,0.0,0.9009,0.9009,0.0,0.2657089,9.881118774414062,2.6255011364623897,-0.0,0.9009,0.0,-0.0,0.0,-0.0,0.0,0.0,-0.0,0.0,10.402984,0.979067,0.0,0.21726434,1.5466418,0.4553097,0.8218892,0.0,0.0,0.0,0.294386,0.1383698,0.5314024,0.0,1.5466418,0.0,0.6457418,0.6457418,0.21726434,-0.0,10.0,18.421848,18.88889,18.88889,2.0
resstock-amy2018-2021-release-1-508005,0.0,0.0,0.0,0.0,0.0,0.0,0.0,0.0,0.0,0.0,0.0,0.0,0.0,0.0,0.9009,0.9009,0.0,0.35399556,9.881075859069824,3.4978569979409713,-0.0,0.9009,0.0,-0.0,0.0,-0.0,0.0,0.0,-0.0,0.0,10.402984,0.0,0.0,0.18831366,1.0892136,0.31274262,0.603802,0.0,0.0,0.0,0.287127,0.1383698,0.55434674,0.0,1.0892136,0.0,0.1883136,0.1883136,0.18831366,-0.0,10.0,17.520433,18.88889,18.88889,2.0
resstock-amy2018-2021-release-1-508005,0.0,1.3302747,0.0,0.0,0.5821796,0.0,0.0,0.0,0.0,0.0,0.0,0.0,0.0,0.0,0.9009,0.9009,0.0,0.44214115,9.881032943725586,4.368811224143485,-0.0,0.9009,0.0,-0.0,0.0,-0.0,0.0,0.0,-0.0,0.0,10.402984,1.3302747,0.0,0.1873195,1.6703992,0.4794333,0.93827534,0.0,0.0,0.0,0.2870172,0.1383698,0.56170726,0.0,1.6703992,0.0,0.7694992,0.7694992,0.1873195,-0.0,10.0,18.344189,18.88889,18.88889,2.0
resstock-amy2018-2021-release-1-508005,0.0,0.0,0.0,0.0,0.0,0.0,0.0,0.0,0.0,0.0,0.0,0.0,0.0,0.0,0.9009,0.9009,0.0,0.5301458,9.880990028381348,5.2383656000926635,-0.0,0.9009,0.0,-0.0,0.0,-0.0,0.0,0.0,-0.0,0.0,10.402984,0.0,0.0,0.18623988,1.0871398,0.29714665,0.6181608,0.0,0.0,0.0,0.2733288,0.1383698,0.56861204,0.0,1.0871398,0.0,0.18623984,0.18623984,0.18623988,-0.0,10.8,17.43227,18.88889,18.88889,2.0
resstock-amy2018-2021-release-1-508005,0.0,1.4159783,0.22202368,0.0,0.6196868,0.24241447,0.0,0.0,0.0,0.0,0.0,0.0,0.0,0.0,0.9009,0.9009,0.0,0.61800987,9.88094711303711,6.106522794206057,-0.0,0.9009,0.0,-0.0,0.0,-0.0,0.0,0.0,-0.0,0.0,10.402984,1.4159783,0.0,0.19780183,1.960803,0.5351784,1.1205577,0.0,0.0,0.0,0.2729384,0.1383698,0.57147896,0.0,1.960803,0.0,1.059903,1.059903,0.19780183,-0.0,10.0,18.391811,18.88889,18.88889,2.0
resstock-amy2018-2021-release-1-508005,0.0,0.0,0.0,0.0,0.0,0.0,0.0,0.0,0.0,0.0,0.0,0.0,0.0,0.0,0.9009,0.9009,0.0,0.70573354,9.880904197692871,6.9732854748551745,-0.0,0.9009,0.0,-0.0,0.0,-0.0,0.0,0.0,-0.0,0.0,10.402984,0.0,0.0,0.21349585,1.1143959,0.30266592,0.6373234,0.0,0.0,0.0,0.2715964,0.1383698,0.57190037,0.0,1.1143959,0.0,0.21349585,0.21349585,0.21349585,-0.0,10.0,17.47318,18.953703,18.953703,2.0
resstock-amy2018-2021-release-1-508005,0.0,1.4392143,0.0,0.0,0.62985575,0.0,0.0,0.0,0.0,0.0,0.0,0.0,0.0,0.0,0.9009,0.9009,0.0,0.79331696,9.880861282348633,7.838654838002412,-0.0,0.9009,0.0,-0.0,0.0,-0.0,0.0,0.0,-0.0,0.0,10.402984,1.4392143,0.0,0.25197357,1.7827294,0.511761,1.0112257,0.0,0.0,0.0,0.287066,0.1383698,0.5672345,0.0,1.7827294,0.0,0.8818294,0.8818294,0.25197357,-0.0,10.0,18.532028,20.0,20.0,2.0
resstock-amy2018-2021-release-1-508005,0.0,1.516965,0.6092363,0.0,0.6638825,0.6651889,0.0,0.0,0.0,0.0,0.0,0.0,0.0,0.0,0.9009,0.9009,0.0,0.8807604,9.880818367004395,8.702633257475043,-0.0,0.9009,0.0,-0.0,0.0,-0.0,0.0,0.0,-0.0,0.0,10.402984,1.516965,0.0,0.2761897,2.5061612,0.7821807,1.4164997,0.0,0.0,0.0,0.31210312,0.1383698,0.56520694,0.0,2.5061612,0.0,1.6052612,1.6052612,0.2761897,-0.0,10.0,18.973368,19.87037,19.87037,2.0
resstock-amy2018-2021-release-1-508005,0.0,0.0,1.6837105,0.0,0.0,1.8383434,0.0,0.0,0.0,0.0,0.0,0.0,0.0,0.0,0.9009,0.9009,0.0,0.96806407,9.880775451660156,9.56522369599952,-0.0,0.9009,0.0,-0.0,0.0,-0.0,0.0,0.0,-0.0,0.0,10.402984,0.0,0.0,0.3735249,3.0905712,0.9512963,1.7580833,0.0,0.0,0.0,0.307806,0.1383698,0.56885386,0.0,3.0905712,0.0,2.189671,2.211868,0.3735249,-0.022197107,10.0,17.929546,20.0,20.0,2.0
resstock-amy2018-2021-release-1-508005,1.4542354,2.3080897,0.7721238,0.0,0.9944708,0.8430361,0.0,0.0,0.0,0.0,0.0,0.0,0.0,0.0,-0.69780475,0.0,-0.69780475,0.893598,9.880742073059082,8.829411553374655,0.69780475,0.0,0.0,-0.0,0.0,-0.0,0.0,0.0,-0.0,0.0,10.402984,2.3080897,0.0,0.37640277,1.4878256,0.4666381,0.87287825,0.0,0.0,0.0,0.3136376,0.1383698,0.5866805,0.0,1.4878256,0.0,2.1856303,2.2139096,0.37640277,-0.028279245,10.6,20.17001,17.777779,17.777779,2.0
resstock-amy2018-2021-release-1-508005,0.29712388,0.0,0.3925772,0.0,0.0,0.42863172,0.0,0.0,0.0,0.0,0.0,0.0,0.0,0.0,-0.792,0.0,-0.792,0.8097338,9.880704879760742,8.000740788414191,0.792,0.0,0.0,-0.0,0.0,-0.0,0.0,0.0,-0.0,0.0,10.402984,0.0,0.0,0.3716734,-0.09588051,-0.030107995,0.0,0.0,0.0,0.0,0.3140158,0.1383698,0.6063306,0.0,0.0,-0.09588051,0.6961195,0.8003051,0.3716734,-0.10418565,12.2,19.076561,17.777779,17.777779,2.0
resstock-amy2018-2021-release-1-508005,0.7175963,0.0,0.17651226,0.0,0.0,0.19272324,0.0,0.0,0.0,0.0,0.0,0.0,0.0,0.0,-0.792,0.0,-0.792,0.72600365,9.880667686462402,7.173400773690446,0.792,0.0,0.0,-0.0,0.0,-0.0,0.0,0.0,-0.0,0.0,10.402984,0.0,0.0,0.69606525,-0.05559148,-0.017456602,0.0,0.0,0.0,0.0,0.3140158,0.1383698,0.61471844,0.0,0.0,-0.05559148,0.73640853,0.8887885,0.69606525,-0.15237997,13.3,18.968914,17.777779,17.777779,2.0
resstock-amy2018-2021-release-1-508005,1.3312043,0.0,0.20402332,0.0,0.0,0.22276095,0.0,0.0,0.0,0.0,0.0,0.0,0.0,0.0,-0.792,0.0,-0.792,0.6424073,9.880630493164062,6.347389138520157,0.792,0.0,0.0,-0.0,0.0,-0.0,0.0,0.0,-0.0,0.0,10.402984,0.0,0.0,0.37126195,-0.3629211,-0.11454298,0.0,0.0,0.0,0.0,0.315614,0.1383698,0.6196135,0.0,0.0,-0.3629211,0.4290789,0.59402287,0.37126195,-0.164944,13.3,19.485233,17.777779,17.777779,2.0
resstock-amy2018-2021-release-1-508005,0.0,0.0,0.14214589,0.0,0.0,0.15520065,0.0,0.0,0.0,0.0,0.0,0.0,0.0,0.0,-0.792,0.0,-0.792,0.5589445,9.880593299865723,5.522703512255532,0.792,0.0,0.0,-0.0,0.0,-0.0,0.0,0.0,-0.0,0.0,10.402984,0.0,0.0,0.28050318,-0.5010382,-0.15708329,0.0,0.0,0.0,0.0,0.3135156,0.1383698,0.61748445,0.0,0.0,-0.5010382,0.2909618,0.43570387,0.28050318,-0.14474207,13.9,20.142078,20.162037,20.162037,2.0
resstock-amy2018-2021-release-1-508005,1.3800056,0.0,0.20246589,0.0,0.0,0.22106048,0.0,0.0,0.0,0.0,0.0,0.0,0.0,0.0,-0.792,0.0,-0.792,0.47561523,9.880556106567383,4.6993429966018425,0.792,0.0,0.0,-0.0,0.0,-0.0,0.0,0.0,-0.0,0.0,10.402984,0.0,0.0,0.2796783,-0.42079398,-0.12912248,0.0,0.0,0.0,0.0,0.3068544,0.1383698,0.61372876,0.0,0.0,-0.42079398,0.37120602,0.50073874,0.2796783,-0.12953275,14.4,20.82232,19.444445,19.444445,2.0
resstock-amy2018-2021-release-1-508005,0.49130756,0.0,0.5981698,0.0,0.0,0.6531061,0.0,0.0,0.0,0.0,0.0,0.0,0.0,0.0,-0.792,0.0,-0.792,0.3924191,9.880518913269043,3.87730433757838,0.792,0.0,0.0,-0.0,0.0,-0.0,0.0,0.0,-0.0,0.0,10.402984,0.0,0.0,0.5844918,0.40212804,0.12878151,0.244925,0.0,0.0,0.0,0.32025,0.1383698,0.6090722,0.0,0.40212804,0.0,1.194128,1.2375978,0.5844918,-0.043469835,13.9,20.93283,19.444445,19.444445,2.0
resstock-amy2018-2021-release-1-508005,0.0,0.0,0.4724467,0.0,0.0,0.5158365,0.0,0.0,0.0,0.0,0.0,0.0,0.0,0.0,-0.792,0.0,-0.792,0.3093559,9.880481719970703,3.0565854590984145,0.792,0.0,0.0,-0.0,0.0,-0.0,0.0,0.0,-0.0,0.0,10.402984,0.0,0.0,0.6341135,0.348307,0.11310058,0.2060431,0.0,0.0,0.0,0.3247152,0.1383698,0.59155595,0.0,0.348307,0.0,1.140307,1.1499499,0.6341135,-0.009642967,12.8,20.668156,20.694445,20.694445,2.0
resstock-amy2018-2021-release-1-508005,0.0,0.0,1.8300347,0.0,0.0,1.9981062,0.0,0.0,0.0,0.0,0.0,0.0,0.0,0.0,-0.792,0.0,-0.792,0.22642548,9.880444526672363,2.237184432336349,0.792,0.0,0.0,-0.0,0.0,-0.0,0.0,0.0,-0.0,0.0,10.402984,0.0,0.0,0.48809308,1.6939129,0.59562784,0.98538715,0.0,0.0,0.0,0.3516284,0.1383698,0.58172244,0.0,1.6939129,0.0,2.4859128,2.4861994,0.48809308,-0.00028647677,10.0,20.125618,21.666666,21.666666,2.0
resstock-amy2018-2021-release-1-508005,0.0,1.6913248,0.22714165,0.0,0.7401891,0.24800247,0.0,0.0,0.0,0.0,0.0,0.0,0.0,0.0,-0.792,0.0,-0.792,0.1436276,9.880407333374023,1.4190991812658638,0.792,0.0,0.0,-0.0,0.0,-0.0,0.0,0.0,-0.0,0.0,10.402984,1.6913248,0.0,0.727114,0.9233055,0.34825453,0.5295125,0.0,0.0,0.0,0.37718233,0.1383698,0.5734965,0.0,0.9233055,0.0,1.7153056,1.7153056,0.727114,-0.0,10.0,21.636387,21.569445,21.569445,2.0
resstock-amy2018-2021-release-1-508005,0.49778312,0.0,0.2404978,0.0,0.0,0.26258525,0.0,0.0,0.0,0.0,0.0,0.0,0.0,0.0,-0.792,0.0,-0.792,0.060962036,9.880370140075684,0.6023274826626874,0.792,0.0,0.0,-0.0,0.0,-0.0,0.0,0.0,-0.0,0.0,10.402984,0.0,0.0,0.58928746,0.059872717,0.022826472,0.03351982,0.0,0.0,0.0,0.38125,0.1383698,0.55985135,0.0,0.059872717,0.0,0.8518727,0.8518727,0.58928746,-0.0,10.6,20.570929,20.0,20.0,2.0
resstock-amy2018-2021-release-1-508005,0.0,0.0,0.0,0.0,0.0,0.0,0.0,0.0,0.0,0.0,0.0,0.0,0.0,0.0,-0.5847538,0.0,-0.5847538,0.0,9.880342483520508,0.0,0.5847538,0.0,0.0,-0.0,0.0,-0.0,0.0,0.0,-0.0,0.0,10.402984,0.0,0.0,0.35506824,-0.22968557,-0.081265554,0.0,0.0,0.0,0.0,0.3538122,0.1383698,0.55099523,0.0,0.0,-0.22968557,0.35506824,0.35506824,0.35506824,-0.0,10.0,19.706093,20.0,20.0,2.0
resstock-amy2018-2021-release-1-508005,0.0,0.0,0.0,0.0,0.0,0.0,0.0,0.0,0.0,0.0,0.0,0.0,0.0,0.0,0.0,0.0,0.0,0.0,9.880342483520508,0.0,-0.0,0.0,0.0,-0.0,0.0,-0.0,0.0,0.0,-0.0,0.0,10.402984,0.0,0.0,0.32061878,0.32061878,0.108158246,0.17203608,0.0,0.0,0.0,0.3373422,0.1383698,0.5365752,0.0,0.32061878,0.0,0.32061878,0.32061878,0.32061878,-0.0,9.4,18.952486,19.935184,19.935184,2.0
resstock-amy2018-2021-release-1-508005,0.0,0.0,0.0,0.0,0.0,0.0,0.0,0.0,0.0,0.0,0.0,0.0,0.0,0.0,0.9009,0.9009,0.0,0.088711336,9.88029956817627,0.876494577293343,-0.0,0.9009,0.0,-0.0,0.0,-0.0,0.0,0.0,-0.0,0.0,10.402984,0.0,0.0,0.2958324,1.1967324,0.38453838,0.6159827,0.0,0.0,0.0,0.3213236,0.1383698,0.5147205,0.0,1.1967324,0.0,0.2958324,0.2958324,0.2958324,-0.0,9.4,18.38242,18.88889,18.88889,2.0
resstock-amy2018-2021-release-1-508005,0.0,0.0,0.0,0.0,0.0,0.0,0.0,0.0,0.0,0.0,0.0,0.0,0.0,0.0,0.9009,0.9009,0.0,0.17728089,9.880256652832031,1.7515806727004701,-0.0,0.9009,0.0,-0.0,0.0,-0.0,0.0,0.0,-0.0,0.0,10.402984,0.0,0.0,0.19141321,1.0923132,0.34181756,0.53084284,0.0,0.0,0.0,0.31293,0.1383698,0.48598045,0.0,1.0923132,0.0,0.19141316,0.19141316,0.19141321,-0.0,8.3,17.686502,18.88889,18.88889,2.0
resstock-amy2018-2021-release-1-508005,0.0,1.1688392,0.19310434,0.0,0.5339678,0.21083915,0.0,0.0,0.0,0.0,0.0,0.0,0.0,0.0,0.9009,0.9009,0.0,0.2657089,9.880213737487793,2.6252606601021,-0.0,0.9009,0.0,-0.0,0.0,-0.0,0.0,0.0,-0.0,0.0,10.402984,1.1688392,0.0,0.18956426,1.8352712,0.531322,0.89203656,0.0,0.0,0.0,0.289506,0.1383698,0.48605162,0.0,1.8352712,0.0,0.93437123,0.93437123,0.18956426,-0.0,8.3,18.397148,18.88889,18.88889,2.0
resstock-amy2018-2021-release-1-508005,0.0,0.0,0.0,0.0,0.0,0.0,0.0,0.0,0.0,0.0,0.0,0.0,0.0,0.0,0.9009,0.9009,0.0,0.35399556,9.880170822143555,3.497536618885988,-0.0,0.9009,0.0,-0.0,0.0,-0.0,0.0,0.0,-0.0,0.0,10.402984,0.0,0.0,0.18831366,1.0892136,0.31533387,0.46466267,0.0,0.0,0.0,0.289506,0.1383698,0.4266038,0.0,1.0892136,0.0,0.1883136,0.1883136,0.18831366,-0.0,8.3,17.356392,18.88889,18.88889,2.0
resstock-amy2018-2021-release-1-508005,0.0,1.4897394,0.0,0.0,0.6889779,0.0,0.0,0.0,0.0,0.0,0.0,0.0,0.0,0.0,0.9009,0.9009,0.0,0.44214115,9.880127906799316,4.368411070080214,-0.0,0.9009,0.0,-0.0,0.0,-0.0,0.0,0.0,-0.0,0.0,10.402984,1.4897394,0.0,0.1873195,1.7771974,0.5175382,0.7353476,0.0,0.0,0.0,0.2912103,0.1383698,0.41376814,0.0,1.7771974,0.0,0.87629735,0.87629735,0.1873195,-0.0,7.8,18.353691,18.88889,18.88889,2.0
resstock-amy2018-2021-release-1-508005,0.0,0.0,0.0,0.0,0.0,0.0,0.0,0.0,0.0,0.0,0.0,0.0,0.0,0.0,0.9009,0.9009,0.0,0.5301458,9.880084991455078,5.237885798545676,-0.0,0.9009,0.0,-0.0,0.0,-0.0,0.0,0.0,-0.0,0.0,10.402984,0.0,0.0,0.18623988,1.0871398,0.3010725,0.44204915,0.0,0.0,0.0,0.27694,0.1383698,0.40661663,0.0,1.0871398,0.0,0.18623984,0.18623984,0.18623988,-0.0,7.2,17.232346,18.88889,18.88889,2.0
resstock-amy2018-2021-release-1-508005,0.0,1.6103247,0.0,0.0,0.76474965,0.0,0.0,0.0,0.0,0.0,0.0,0.0,0.0,0.0,0.9009,0.9009,0.0,0.61800987,9.88004207611084,6.1059634724571765,-0.0,0.9009,0.0,-0.0,0.0,-0.0,0.0,0.0,-0.0,0.0,10.402984,1.6103247,0.0,0.18498929,1.8506389,0.50664574,0.75338197,0.0,0.0,0.0,0.273768,0.1383698,0.4070929,0.0,1.8506389,0.0,0.94973886,0.94973886,0.18498929,-0.0,6.7,18.32109,18.88889,18.88889,2.0
resstock-amy2018-2021-release-1-508005,0.0,0.0,0.0,0.0,0.0,0.0,0.0,0.0,0.0,0.0,0.0,0.0,0.0,0.0,0.9009,0.9009,0.0,0.70573354,9.879999160766602,6.972646759943473,-0.0,0.9009,0.0,-0.0,0.0,-0.0,0.0,0.0,-0.0,0.0,10.402984,0.0,0.0,0.18524572,1.0861458,0.3159033,0.45998105,0.0,0.0,0.0,0.290848,0.1383698,0.42349845,0.0,1.0861458,0.0,0.18524575,0.18524575,0.18524572,-0.0,5.6,17.15504,18.953703,18.953703,2.0
resstock-amy2018-2021-release-1-508005,0.0,1.7484779,0.60259426,0.0,0.8520783,0.6579369,0.0,0.0,0.0,0.0,0.0,0.0,0.0,0.0,0.9009,0.9009,0.0,0.79331696,9.879956245422363,7.8379368568590735,-0.0,0.9009,0.0,-0.0,0.0,-0.0,0.0,0.0,-0.0,0.0,10.402984,1.7484779,0.0,1.3805987,3.7915137,1.2137803,1.726285,0.0,0.0,0.0,0.3201308,0.1383698,0.45530233,0.0,3.7915137,0.0,2.8906136,2.8906136,1.3805987,-0.0,5.6,18.516024,20.0,20.0,2.0
resstock-amy2018-2021-release-1-508005,0.0,1.5518521,0.0,0.0,0.7282185,0.0,0.0,0.0,0.0,0.0,0.0,0.0,0.0,0.0,0.9009,0.9009,0.0,0.8807604,9.879913330078125,8.701836136815473,-0.0,0.9009,0.0,-0.0,0.0,-0.0,0.0,0.0,-0.0,0.0,10.402984,1.5518521,0.0,0.8781231,2.5072417,0.91300106,1.2275904,0.0,0.0,0.0,0.3641456,0.1383698,0.48961788,0.0,2.5072417,0.0,1.6063417,1.6063417,0.8781231,-0.0,7.2,18.573051,19.87037,19.87037,2.0
resstock-amy2018-2021-release-1-508005,0.9010411,1.4605637,0.0,0.0,0.6490951,0.0,0.0,0.0,0.0,0.0,0.0,0.0,0.0,0.0,0.9009,0.9009,0.0,0.96806407,9.879870414733887,9.564347562269404,-0.0,0.9009,0.0,-0.0,0.0,-0.0,0.0,0.0,-0.0,0.0,10.402984,1.4605637,0.0,0.28178522,1.7972759,0.718238,0.8606294,0.0,0.0,0.0,0.3996259,0.1383698,0.47885212,0.0,1.7972759,0.0,0.8963759,0.9308803,0.28178522,-0.034504395,9.4,18.920795,17.777779,17.777779,2.0
resstock-amy2018-2021-release-1-508005,0.0,0.0,0.51947445,0.0,0.0,0.5671833,0.0,0.0,0.0,0.0,0.0,0.0,0.0,0.0,-0.69780475,0.0,-0.69780475,0.893598,9.879837036132812,8.828602814169244,0.69780475,0.0,0.0,-0.0,0.0,-0.0,0.0,0.0,-0.0,0.0,10.402984,0.0,0.0,0.37640277,0.16497639,0.06539073,0.07926695,0.0,0.0,0.0,0.39636418,0.1383698,0.48047453,0.0,0.16497639,0.0,0.86278117,0.9435861,0.37640277,-0.080804944,10.6,17.765537,19.37037,19.37037,2.0
resstock-amy2018-2021-release-1-508005,0.0,2.0554268,0.0,0.0,0.87400216,0.0,0.0,0.0,0.0,0.0,0.0,0.0,0.0,0.0,-0.792,0.0,-0.792,0.8097338,9.879799842834473,8.000007949417466,0.792,0.0,0.0,-0.0,0.0,-0.0,0.0,0.0,-0.0,0.0,10.402984,2.0554268,0.0,0.3716734,0.31180066,0.115398005,0.15306023,0.0,0.0,0.0,0.37010187,0.1383698,0.49089128,0.0,0.31180066,0.0,1.1038007,1.2456756,0.3716734,-0.14187491,11.1,20.171732,20.0,20.0,2.0
resstock-amy2018-2021-release-1-508005,0.0,0.0,0.8879686,0.0,0.0,0.96952015,0.0,0.0,0.0,0.0,0.0,0.0,0.0,0.0,-0.792,0.0,-0.792,0.72600365,9.879762649536133,7.17274371358144,0.792,0.0,0.0,-0.0,0.0,-0.0,0.0,0.0,-0.0,0.0,10.402984,0.0,0.0,0.36982262,0.39062208,0.13774595,0.19207159,0.0,0.0,0.0,0.35263225,0.1383698,0.49170694,0.0,0.39062208,0.0,1.1826221,1.3393427,0.36982262,-0.15672068,11.1,19.371073,20.0,20.0,2.0
resstock-amy2018-2021-release-1-508005,0.13988343,0.0,0.0,0.0,0.0,0.0,0.0,0.0,0.0,0.0,0.0,0.0,0.0,0.0,-0.792,0.0,-0.792,0.6424073,9.879725456237793,6.346807736193682,0.792,0.0,0.0,-0.0,0.0,-0.0,0.0,0.0,-0.0,0.0,10.402984,0.0,0.0,0.2807234,-0.68859935,-0.2367159,0.0,0.0,0.0,0.0,0.34376433,0.1383698,0.49008462,0.0,0.0,-0.68859935,0.10340065,0.28072336,0.2807234,-0.17732272,11.1,19.592705,20.0,20.0,2.0
resstock-amy2018-2021-release-1-508005,0.92256725,0.0,0.19310455,0.0,0.0,0.21083939,0.0,0.0,0.0,0.0,0.0,0.0,0.0,0.0,-0.792,0.0,-0.792,0.5589445,9.879688262939453,5.522197646822178,0.792,0.0,0.0,-0.0,0.0,-0.0,0.0,0.0,-0.0,0.0,10.402984,0.0,0.0,0.28050318,-0.46828002,-0.16054296,0.0,0.0,0.0,0.0,0.3428354,0.1383698,0.49452934,0.0,0.0,-0.46828002,0.32371998,0.4913426,0.28050318,-0.16762263,11.7,20.1776,19.444445,19.444445,2.0
resstock-amy2018-2021-release-1-508005,1.3525387,0.0,0.0,0.0,0.0,0.0,0.0,0.0,0.0,0.0,0.0,0.0,0.0,0.0,-0.792,0.0,-0.792,0.47561523,9.879651069641113,4.698912547253116,0.792,0.0,0.0,-0.0,0.0,-0.0,0.0,0.0,-0.0,0.0,10.402984,0.0,0.0,0.2796783,-0.64915097,-0.22390829,0.0,0.0,0.0,0.0,0.34492484,0.1383698,0.4993546,0.0,0.0,-0.64915097,0.14284903,0.2796783,0.2796783,-0.13682927,12.2,20.733414,19.444445,19.444445,2.0
resstock-amy2018-2021-release-1-508005,1.2563341,0.0,0.0,0.0,0.0,0.0,0.0,0.0,0.0,0.0,0.0,0.0,0.0,0.0,-0.792,0.0,-0.792,0.3924191,9.879613876342773,3.8769491838024805,0.792,0.0,0.0,-0.0,0.0,-0.0,0.0,0.0,-0.0,0.0,10.402984,0.0,0.0,0.2863047,-0.61395967,-0.21833499,0.0,0.0,0.0,0.0,0.3556178,0.1383698,0.49952835,0.0,0.0,-0.61395967,0.17804033,0.2863047,0.2863047,-0.10826437,12.8,21.236689,19.444445,19.444445,2.0
resstock-amy2018-2021-release-1-508005,4.6894913,0.0,1.1023484,0.0,0.0,1.2035887,0.0,0.0,0.0,0.0,0.0,0.0,0.0,0.0,-0.792,0.0,-0.792,0.3093559,9.879576683044434,3.056305480572348,0.792,0.0,0.0,-0.0,0.0,-0.0,0.0,0.0,-0.0,0.0,10.402984,0.0,0.0,0.33592644,0.69213897,0.25085807,0.34782746,0.0,0.0,0.0,0.36243886,0.1383698,0.50253993,0.0,0.69213897,0.0,1.484139,1.5395151,0.33592644,-0.055376217,12.8,21.441433,17.777779,17.777779,2.0
resstock-amy2018-2021-release-1-508005,0.0,0.0,1.0386842,0.0,0.0,1.1340777,0.0,0.0,0.0,0.0,0.0,0.0,0.0,0.0,-0.792,0.0,-0.792,0.22642548,9.879539489746094,2.236979508912441,0.792,0.0,0.0,-0.0,0.0,-0.0,0.0,0.0,-0.0,0.0,10.402984,0.0,0.0,0.48809308,0.827194,0.3243507,0.41869783,0.0,0.0,0.0,0.39210963,0.1383698,0.50616646,0.0,0.827194,0.0,1.619194,1.6221708,0.48809308,-0.0029767912,11.7,20.956234,19.958334,19.958334,2.0
resstock-amy2018-2021-release-1-508005,0.0,0.0,0.19310457,0.0,0.0,0.2108394,0.0,0.0,0.0,0.0,0.0,0.0,0.0,0.0,-0.792,0.0,-0.792,0.1436276,9.879502296447754,1.4189691929852444,0.792,0.0,0.0,-0.0,0.0,-0.0,0.0,0.0,-0.0,0.0,10.402984,0.0,0.0,0.37668586,-0.20447473,-0.07996913,0.0,0.0,0.0,0.0,0.3910954,0.1383698,0.50769055,0.0,0.0,-0.20447473,0.58752525,0.58752525,0.37668586,-0.0,12.2,20.341274,20.0,20.0,2.0
resstock-amy2018-2021-release-1-508005,0.0,0.0,0.0,0.0,0.0,0.0,0.0,0.0,0.0,0.0,0.0,0.0,0.0,0.0,-0.792,0.0,-0.792,0.060962036,9.879465103149414,0.6022723097687788,0.792,0.0,0.0,-0.0,0.0,-0.0,0.0,0.0,-0.0,0.0,10.402984,0.0,0.0,0.40955812,-0.38244188,-0.1379628,0.0,0.0,0.0,0.0,0.36074188,0.1383698,0.51147014,0.0,0.0,-0.38244188,0.40955812,0.40955812,0.40955812,-0.0,10.6,19.914528,20.532408,20.532408,2.0
resstock-amy2018-2021-release-1-508005,0.0,0.0,0.0,0.0,0.0,0.0,0.0,0.0,0.0,0.0,0.0,0.0,0.0,0.0,-0.5847538,0.0,-0.5847538,0.0,9.879437446594238,0.0,0.5847538,0.0,0.0,-0.0,0.0,-0.0,0.0,0.0,-0.0,0.0,10.402984,0.0,0.0,0.35506824,-0.22968557,-0.07776005,0.0,0.0,0.0,0.0,0.33855,0.1383698,0.5201372,0.0,0.0,-0.22968557,0.35506824,0.35506824,0.35506824,-0.0,9.4,19.308847,21.11111,21.11111,2.0
resstock-amy2018-2021-release-1-508005,0.0,1.923419,1.0021281,0.0,0.8656547,1.0941641,0.0,0.0,0.0,0.0,0.0,0.0,0.0,0.0,0.0,0.0,0.0,0.0,9.879437446594238,0.0,-0.0,0.0,0.0,-0.0,0.0,-0.0,0.0,0.0,-0.0,0.0,10.402984,1.923419,0.0,0.32061878,2.2804375,0.73729324,1.2086309,0.0,0.0,0.0,0.3233122,0.1383698,0.5299996,0.0,2.2804375,0.0,2.2804375,2.2804375,0.32061878,-0.0,8.9,21.229187,20.99074,20.99074,2.0
resstock-amy2018-2021-release-1-508005,0.97990423,0.0,0.0,0.0,0.0,0.0,0.0,0.0,0.0,0.0,0.0,0.0,0.0,0.0,0.9009,0.9009,0.0,0.088711336,9.87939453125,0.8764142902582535,-0.0,0.9009,0.0,-0.0,0.0,-0.0,0.0,0.0,-0.0,0.0,10.402984,0.0,0.0,0.195165,1.096065,0.3514561,0.5975635,0.0,0.0,0.0,0.3206526,0.1383698,0.5451898,0.0,1.096065,0.0,0.19516504,0.19516504,0.195165,-0.0,7.8,19.710903,18.88889,18.88889,2.0
resstock-amy2018-2021-release-1-508005,0.0,0.0,0.0,0.0,0.0,0.0,0.0,0.0,0.0,0.0,0.0,0.0,0.0,0.0,0.9009,0.9009,0.0,0.17728089,9.879351615905762,1.7514202269505432,-0.0,0.9009,0.0,-0.0,0.0,-0.0,0.0,0.0,-0.0,0.0,10.402984,0.0,0.0,0.23878051,1.1396805,0.3515235,0.6328242,0.0,0.0,0.0,0.3084404,0.1383698,0.55526453,0.0,1.1396805,0.0,0.2387805,0.2387805,0.23878051,-0.0,7.8,18.535603,18.88889,18.88889,2.0
resstock-amy2018-2021-release-1-508005,0.0,0.0,0.0,0.0,0.0,0.0,0.0,0.0,0.0,0.0,0.0,0.0,0.0,0.0,0.9009,0.9009,0.0,0.2657089,9.879308700561523,2.6250201837418103,-0.0,0.9009,0.0,-0.0,0.0,-0.0,0.0,0.0,-0.0,0.0,10.402984,0.0,0.0,0.18956426,1.0904642,0.32862708,0.61313206,0.0,0.0,0.0,0.3013644,0.1383698,0.562267,0.0,1.0904642,0.0,0.18956423,0.18956423,0.18956426,-0.0,6.7,17.60775,18.88889,18.88889,2.0
resstock-amy2018-2021-release-1-508005,0.0,1.2453945,0.0,0.0,0.568519,0.0,0.0,0.0,0.0,0.0,0.0,0.0,0.0,0.0,0.9009,0.9009,0.0,0.35399556,9.879265785217285,3.4972162398310047,-0.0,0.9009,0.0,-0.0,0.0,-0.0,0.0,0.0,-0.0,0.0,10.402984,1.2453945,0.0,0.18831366,1.6577327,0.4759596,0.94337213,0.0,0.0,0.0,0.2871148,0.1383698,0.56907374,0.0,1.6577327,0.0,0.7568327,0.7568327,0.18831366,-0.0,8.33,18.418945,18.88889,18.88889,2.0
resstock-amy2018-2021-release-1-508005,0.0,0.0,0.0,0.0,0.0,0.0,0.0,0.0,0.0,0.0,0.0,0.0,0.0,0.0,0.9009,0.9009,0.0,0.44214115,9.879222869873047,4.368010916016942,-0.0,0.9009,0.0,-0.0,0.0,-0.0,0.0,0.0,-0.0,0.0,10.402984,0.0,0.0,0.1873195,1.0882195,0.31074455,0.6257048,0.0,0.0,0.0,0.2855532,0.1383698,0.5749803,0.0,1.0882195,0.0,0.18731952,0.18731952,0.1873195,-0.0,6.1,17.239965,18.88889,18.88889,2.0
resstock-amy2018-2021-release-1-508005,0.0,1.6029174,0.0,0.0,0.7766177,0.0,0.0,0.0,0.0,0.0,0.0,0.0,0.0,0.0,0.9009,0.9009,0.0,0.5301458,9.879179954528809,5.237405996998689,-0.0,0.9009,0.0,-0.0,0.0,-0.0,0.0,0.0,-0.0,0.0,10.402984,1.6029174,0.0,0.18623988,1.8637576,0.53304327,1.0811477,0.0,0.0,0.0,0.2860046,0.1383698,0.5800903,0.0,1.8637576,0.0,0.9628576,0.9628576,0.18623988,-0.0,5.85,18.315619,18.88889,18.88889,2.0
resstock-amy2018-2021-release-1-508005,0.0,0.0,0.0,0.0,0.0,0.0,0.0,0.0,0.0,0.0,0.0,0.0,0.0,0.0,0.9009,0.9009,0.0,0.61800987,9.87913703918457,6.105404150708296,-0.0,0.9009,0.0,-0.0,0.0,-0.0,0.0,0.0,-0.0,0.0,10.402984,0.0,0.0,0.19780183,1.0987018,0.31448847,0.6424704,0.0,0.0,0.0,0.2862364,0.1383698,0.5847541,0.0,1.0987018,0.0,0.19780183,0.19780183,0.19780183,-0.0,5.6,17.07978,18.88889,18.88889,2.0
resstock-amy2018-2021-release-1-508005,0.0,1.7586329,1.0664188,0.0,0.825252,1.1643593,0.0,0.0,0.0,0.0,0.0,0.0,0.0,0.0,0.9009,0.9009,0.0,0.70573354,9.879094123840332,6.972008045031771,-0.0,0.9009,0.0,-0.0,0.0,-0.0,0.0,0.0,-0.0,0.0,10.402984,1.7586329,0.0,0.21349585,3.1040072,0.92229676,1.8108816,0.0,0.0,0.0,0.297131,0.1383698,0.5834012,0.0,3.1040072,0.0,2.2031074,2.2031074,0.21349585,-0.0,7.2,18.345407,18.949074,18.949074,2.0
resstock-amy2018-2021-release-1-508005,0.0,0.0,0.0,0.0,0.0,0.0,0.0,0.0,0.0,0.0,0.0,0.0,0.0,0.0,0.9009,0.9009,0.0,0.79331696,9.879051208496094,7.837218875715735,-0.0,0.9009,0.0,-0.0,0.0,-0.0,0.0,0.0,-0.0,0.0,10.402984,0.0,0.0,0.31611475,1.2170148,0.38026136,0.7027205,0.0,0.0,0.0,0.3124542,0.1383698,0.5774133,0.0,1.2170148,0.0,0.31611478,0.31611478,0.31611475,-0.0,7.8,17.219723,20.0,20.0,2.0
resstock-amy2018-2021-release-1-508005,0.0,2.702705,0.0,0.0,1.268265,0.0,0.0,0.0,0.0,0.0,0.0,0.0,0.0,0.0,0.9009,0.9009,0.0,0.8807604,9.879008293151855,8.701039016155903,-0.0,0.9009,0.0,-0.0,0.0,-0.0,0.0,0.0,-0.0,0.0,10.402984,2.702705,0.0,0.2761897,2.4453547,0.8427915,1.399394,0.0,0.0,0.0,0.34465,0.1383698,0.5722663,0.0,2.4453547,0.0,1.5444547,1.5444547,0.2761897,-0.0,7.2,19.719954,20.527779,20.527779,2.0
resstock-amy2018-2021-release-1-508005,0.0,0.0,0.0,0.0,0.0,0.0,0.0,0.0,0.0,0.0,0.0,0.0,0.0,0.0,0.9009,0.9009,0.0,0.96806407,9.878965377807617,9.563471428539287,-0.0,0.9009,0.0,-0.0,0.0,-0.0,0.0,0.0,-0.0,0.0,10.402984,0.0,0.0,0.28178522,1.1778022,0.45462137,0.6753893,0.0,0.0,0.0,0.38599128,0.1383698,0.57343185,0.0,1.1778022,0.0,0.2769022,0.28178525,0.28178522,-0.004883061,8.3,18.054003,20.0,20.0,2.0
resstock-amy2018-2021-release-1-508005,0.0,2.135763,0.0,0.0,0.9346923,0.0,0.0,0.0,0.0,0.0,0.0,0.0,0.0,0.0,-0.69780475,0.0,-0.69780475,0.893598,9.878931999206543,8.827794074963833,0.69780475,0.0,0.0,-0.0,0.0,-0.0,0.0,0.0,-0.0,0.0,10.402984,2.135763,0.0,0.282754,0.48762774,0.18605587,0.28008643,0.0,0.0,0.0,0.38155308,0.1383698,0.57438576,0.0,0.48762774,0.0,1.1854324,1.2174462,0.282754,-0.032013826,10.0,19.78722,20.0,20.0,2.0
resstock-amy2018-2021-release-1-508005,0.0,0.0,0.747603,0.0,0.0,0.8162633,0.0,0.0,0.0,0.0,0.0,0.0,0.0,0.0,-0.792,0.0,-0.792,0.8097338,9.878894805908203,7.99927511042074,0.792,0.0,0.0,-0.0,0.0,-0.0,0.0,0.0,-0.0,0.0,10.402984,0.0,0.0,0.27993497,0.24082983,0.08613123,0.13835263,0.0,0.0,0.0,0.35764354,0.1383698,0.574483,0.0,0.24082983,0.0,1.0328298,1.0961982,0.27993497,-0.06336846,12.2,18.399494,20.0,20.0,2.0
resstock-amy2018-2021-release-1-508005,0.0,1.9200771,0.0,0.0,0.7687476,0.0,0.0,0.0,0.0,0.0,0.0,0.0,0.0,0.0,-0.792,0.0,-0.792,0.72600365,9.878857612609863,7.172086653472434,0.792,0.0,0.0,-0.0,0.0,-0.0,0.0,0.0,-0.0,0.0,10.402984,1.9200771,0.0,0.36982262,0.2936265,0.101943895,0.16886099,0.0,0.0,0.0,0.34718904,0.1383698,0.5750877,0.0,0.2936265,0.0,1.0856265,1.1385703,0.36982262,-0.052943826,13.3,20.555017,20.0,20.0,2.0
resstock-amy2018-2021-release-1-508005,0.0,0.0,0.0,0.0,0.0,0.0,0.0,0.0,0.0,0.0,0.0,0.0,0.0,0.0,-0.792,0.0,-0.792,0.6424073,9.878820419311523,6.346226333867207,0.792,0.0,0.0,-0.0,0.0,-0.0,0.0,0.0,-0.0,0.0,10.402984,0.0,0.0,0.2807234,-0.5404986,-0.1813378,0.0,0.0,0.0,0.0,0.33550096,0.1383698,0.5759462,0.0,0.0,-0.5404986,0.25150138,0.2807234,0.2807234,-0.029222017,14.4,19.469898,20.0,20.0,2.0
resstock-amy2018-2021-release-1-508005,0.0,0.0,0.0,0.0,0.0,0.0,0.0,0.0,0.0,0.0,0.0,0.0,0.0,0.0,-0.792,0.0,-0.792,0.5589445,9.878783226013184,5.521691781388824,0.792,0.0,0.0,-0.0,0.0,-0.0,0.0,0.0,-0.0,0.0,10.402984,0.0,0.0,0.28050318,-0.53393966,-0.1746569,0.0,0.0,0.0,0.0,0.3271098,0.1383698,0.5755829,0.0,0.0,-0.53393966,0.25806034,0.2805032,0.28050318,-0.022442866,13.9,19.088764,20.0,20.0,2.0
resstock-amy2018-2021-release-1-508005,0.0,0.0,0.0,0.0,0.0,0.0,0.0,0.0,0.0,0.0,0.0,0.0,0.0,0.0,-0.792,0.0,-0.792,0.47561523,9.878746032714844,4.698482097904389,0.792,0.0,0.0,-0.0,0.0,-0.0,0.0,0.0,-0.0,0.0,10.402984,0.0,0.0,0.36857337,-0.4346318,-0.14733508,0.0,0.0,0.0,0.0,0.33898827,0.1383698,0.5701318,0.0,0.0,-0.4346318,0.3573682,0.36857337,0.36857337,-0.011205172,11.4,18.785542,20.0,20.0,2.0
resstock-amy2018-2021-release-1-508005,0.0,1.3538477,0.0,0.0,0.58332306,0.0,0.0,0.0,0.0,0.0,0.0,0.0,0.0,0.0,-0.792,0.0,-0.792,0.3924191,9.878708839416504,3.876594030026581,0.792,0.0,0.0,-0.0,0.0,-0.0,0.0,0.0,-0.0,0.0,10.402984,1.3538477,0.0,0.2863047,0.061417982,0.021765085,0.03471861,0.0,0.0,0.0,0.35437644,0.1383698,0.56528413,0.0,0.061417982,0.0,0.853418,0.8696278,0.2863047,-0.016209798,10.6,20.21525,20.208334,20.208334,2.0
resstock-amy2018-2021-release-1-508005,0.0,0.0,0.0,0.0,0.0,0.0,0.0,0.0,0.0,0.0,0.0,0.0,0.0,0.0,-0.792,0.0,-0.792,0.3093559,9.878671646118164,3.056025502046282,0.792,0.0,0.0,-0.0,0.0,-0.0,0.0,0.0,-0.0,0.0,10.402984,0.0,0.0,0.33592644,-0.4578723,-0.16595013,0.0,0.0,0.0,0.0,0.3624376,0.1383698,0.5689317,0.0,0.0,-0.4578723,0.3341277,0.33592644,0.33592644,-0.0017987393,10.6,19.13186,21.050926,21.050926,2.0
resstock-amy2018-2021-release-1-508005,0.0,2.106205,0.5728757,0.0,0.9217566,0.62548894,0.0,0.0,0.0,0.0,0.0,0.0,0.0,0.0,-0.792,0.0,-0.792,0.22642548,9.878634452819824,2.236774585488533,0.792,0.0,0.0,-0.0,0.0,-0.0,0.0,0.0,-0.0,0.0,10.402984,2.106205,0.0,0.62255377,1.3777456,0.542074,0.7977101,0.0,0.0,0.0,0.39345,0.1383698,0.57899666,0.0,1.3777456,0.0,2.1697457,2.1697993,0.62255377,-5.356699e-05,10.0,21.32212,20.0,20.0,2.0
resstock-amy2018-2021-release-1-508005,0.0,0.0,0.43510628,0.0,0.0,0.4750667,0.0,0.0,0.0,0.0,0.0,0.0,0.0,0.0,-0.792,0.0,-0.792,0.1436276,9.878597259521484,1.418839204704625,0.792,0.0,0.0,-0.0,0.0,-0.0,0.0,0.0,-0.0,0.0,10.402984,0.0,0.0,0.6549938,0.33806047,0.1330099,0.19545297,0.0,0.0,0.0,0.39345,0.1383698,0.5781598,0.0,0.33806047,0.0,1.1300604,1.1300604,0.6549938,-0.0,10.0,19.821785,20.0,20.0,2.0
resstock-amy2018-2021-release-1-508005,0.0,0.0,0.3863425,0.0,0.0,0.42182443,0.0,0.0,0.0,0.0,0.0,0.0,0.0,0.0,-0.792,0.0,-0.792,0.060962036,9.878560066223145,0.6022171368748701,0.792,0.0,0.0,-0.0,0.0,-0.0,0.0,0.0,-0.0,0.0,10.402984,0.0,0.0,0.7077452,0.33756962,0.12457595,0.1894467,0.0,0.0,0.0,0.3690378,0.1383698,0.5612078,0.0,0.33756962,0.0,1.1295696,1.1295696,0.7077452,-0.0,10.6,18.865276,19.800926,19.800926,2.0
resstock-amy2018-2021-release-1-508005,0.0,0.0,0.46032447,0.0,0.0,0.50260097,0.0,0.0,0.0,0.0,0.0,0.0,0.0,0.0,-0.5847538,0.0,-0.5847538,0.0,9.878532409667969,0.0,0.5847538,0.0,0.0,-0.0,0.0,-0.0,0.0,0.0,-0.0,0.0,10.402984,0.0,0.0,0.35506824,0.2729154,0.09539854,0.14896406,0.0,0.0,0.0,0.34955353,0.1383698,0.54582506,0.0,0.2729154,0.0,0.85766923,0.85766923,0.35506824,-0.0,9.85,18.192389,20.74074,20.74074,2.0
resstock-amy2018-2021-release-1-508005,0.0,2.7968564,0.0,0.0,1.2240124,0.0,0.0,0.0,0.0,0.0,0.0,0.0,0.0,0.0,0.0,0.0,0.0,0.0,9.878532409667969,0.0,-0.0,0.0,0.0,-0.0,0.0,-0.0,0.0,0.0,-0.0,0.0,10.402984,2.7968564,0.0,0.32061878,1.5446311,0.49566686,0.8316431,0.0,0.0,0.0,0.3208966,0.1383698,0.5384089,0.0,1.5446311,0.0,1.5446311,1.5446311,0.32061878,-0.0,10.0,21.597874,20.958334,20.958334,2.0
resstock-amy2018-2021-release-1-508005,0.0,0.0,0.0,0.0,0.0,0.0,0.0,0.0,0.0,0.0,0.0,0.0,0.0,0.0,0.9009,0.9009,0.0,0.088711336,9.87848949432373,0.8763340032231639,-0.0,0.9009,0.0,-0.0,0.0,-0.0,0.0,0.0,-0.0,0.0,10.402984,0.0,0.0,0.195165,1.096065,0.34526485,0.5982663,0.0,0.0,0.0,0.315004,0.1383698,0.545831,0.0,1.096065,0.0,0.19516504,0.19516504,0.195165,-0.0,9.466666,19.91863,20.555555,20.555555,2.0
resstock-amy2018-2021-release-1-508005,1.0112288,0.0,0.0,0.0,0.0,0.0,0.0,0.0,0.0,0.0,0.0,0.0,0.0,0.0,0.9009,0.9009,0.0,0.17728089,9.878446578979492,1.7512597812006163,-0.0,0.9009,0.0,-0.0,0.0,-0.0,0.0,0.0,-0.0,0.0,10.402984,0.0,0.0,0.19141321,1.0923132,0.3349279,0.60566586,0.0,0.0,0.0,0.3066226,0.1383698,0.5544801,0.0,1.0923132,0.0,0.19141316,0.19141316,0.19141321,-0.0,7.2,18.15544,18.333334,18.333334,2.0
resstock-amy2018-2021-release-1-508005,0.0,0.0,0.0,0.0,0.0,0.0,0.0,0.0,0.0,0.0,0.0,0.0,0.0,0.0,0.9009,0.9009,0.0,0.2657089,9.878403663635254,2.6247797073815207,-0.0,0.9009,0.0,-0.0,0.0,-0.0,0.0,0.0,-0.0,0.0,10.402984,0.0,0.0,0.18956426,1.0904642,0.3093634,0.6112128,0.0,0.0,0.0,0.2836988,0.1383698,0.56050694,0.0,1.0904642,0.0,0.18956423,0.18956423,0.18956426,-0.0,8.9,17.293533,18.333334,18.333334,2.0
resstock-amy2018-2021-release-1-508005,0.0,1.0107892,0.0,0.0,0.44920897,0.0,0.0,0.0,0.0,0.0,0.0,0.0,0.0,0.0,0.9009,0.9009,0.0,0.35399556,9.878360748291016,3.4968958607760214,-0.0,0.9009,0.0,-0.0,0.0,-0.0,0.0,0.0,-0.0,0.0,10.402984,1.0107892,0.0,0.20555991,1.5556688,0.43439502,0.87006897,0.0,0.0,0.0,0.2792336,0.1383698,0.55928934,0.0,1.5556688,0.0,0.6547688,0.6547688,0.20555991,-0.0,9.4,17.736668,18.333334,18.333334,2.0
resstock-amy2018-2021-release-1-508005,0.0,0.0,0.0,0.0,0.0,0.0,0.0,0.0,0.0,0.0,0.0,0.0,0.0,0.0,0.9009,0.9009,0.0,0.44214115,9.878317832946777,4.367610761953671,-0.0,0.9009,0.0,-0.0,0.0,-0.0,0.0,0.0,-0.0,0.0,10.402984,0.0,0.0,0.1873195,1.0882195,0.3010529,0.6100191,0.0,0.0,0.0,0.2766472,0.1383698,0.5605662,0.0,1.0882195,0.0,0.18731952,0.18731952,0.1873195,-0.0,7.2,16.759068,18.333334,18.333334,2.0
resstock-amy2018-2021-release-1-508005,0.0,1.530343,0.0,0.0,0.6887468,0.0,0.0,0.0,0.0,0.0,0.0,0.0,0.0,0.0,0.9009,0.9009,0.0,0.5301458,9.878274917602539,5.2369261954517015,-0.0,0.9009,0.0,-0.0,0.0,-0.0,0.0,0.0,-0.0,0.0,10.402984,1.530343,0.0,0.18623988,1.7758868,0.48392773,0.9868926,0.0,0.0,0.0,0.2724992,0.1383698,0.5557182,0.0,1.7758868,0.0,0.87498677,0.87498677,0.18623988,-0.0,8.9,17.987494,18.333334,18.333334,2.0
resstock-amy2018-2021-release-1-508005,0.0,0.0,0.0,0.0,0.0,0.0,0.0,0.0,0.0,0.0,0.0,0.0,0.0,0.0,0.9009,0.9009,0.0,0.61800987,9.8782320022583,6.104844828959415,-0.0,0.9009,0.0,-0.0,0.0,-0.0,0.0,0.0,-0.0,0.0,10.402984,0.0,0.0,0.18498929,1.0858893,0.2953608,0.6045648,0.0,0.0,0.0,0.271999,0.1383698,0.55674624,0.0,1.0858893,0.0,0.18498933,0.18498933,0.18498929,-0.0,9.4,17.041958,18.421297,18.421297,2.0
resstock-amy2018-2021-release-1-508005,0.0,1.3408544,3.040738,0.0,0.60800797,3.3200014,0.0,0.0,0.0,0.0,0.0,0.0,0.0,0.0,0.9009,0.9009,0.0,0.70573354,9.878189086914062,6.971369330120069,-0.0,0.9009,0.0,-0.0,0.0,-0.0,0.0,0.0,-0.0,0.0,10.402984,1.3408544,0.0,0.91892105,5.7478304,1.6345794,3.204128,0.0,0.0,0.0,0.284382,0.1383698,0.55745,0.0,5.7478304,0.0,4.8469305,4.8469305,0.91892105,-0.0,8.6,17.856344,20.0,20.0,2.0
resstock-amy2018-2021-release-1-508005,0.0,2.1676493,0.0,0.0,1.0024991,0.0,0.0,0.0,0.0,0.0,0.0,0.0,0.0,0.0,0.9009,0.9009,0.0,0.79331696,9.878146171569824,7.836500894572396,-0.0,0.9009,0.0,-0.0,0.0,-0.0,0.0,0.0,-0.0,0.0,10.402984,2.1676493,0.0,0.31611475,2.219514,0.67465013,1.2376981,0.0,0.0,0.0,0.303963,0.1383698,0.5576438,0.0,2.219514,0.0,1.3186139,1.3186139,0.31611475,-0.0,7.8,18.94894,20.0,20.0,2.0
resstock-amy2018-2021-release-1-508005,0.0,1.235778,0.0,0.0,0.5645478,0.0,0.0,0.0,0.0,0.0,0.0,0.0,0.0,0.0,0.9009,0.9009,0.0,0.8807604,9.878103256225586,8.700241895496333,-0.0,0.9009,0.0,-0.0,0.0,-0.0,0.0,0.0,-0.0,0.0,10.402984,1.235778,0.0,0.2761897,1.7416375,0.58598936,0.97579896,0.0,0.0,0.0,0.33645886,0.1383698,0.56027675,0.0,1.7416375,0.0,0.84073746,0.84073746,0.2761897,-0.0,8.3,18.539862,19.847221,19.847221,2.0
resstock-amy2018-2021-release-1-508005,0.0,1.5487852,0.7510665,0.0,0.70754075,0.8200449,0.0,0.0,0.0,0.0,0.0,0.0,0.0,0.0,0.9009,0.9009,0.0,0.96806407,9.878060340881348,9.56259529480917,-0.0,0.9009,0.0,-0.0,0.0,-0.0,0.0,0.0,-0.0,0.0,10.402984,1.5487852,0.0,0.28178522,2.6782198,0.97219646,1.5228461,0.0,0.0,0.0,0.363001,0.1383698,0.5686039,0.0,2.6782198,0.0,1.7773198,1.8093708,0.28178522,-0.032050982,8.3,18.960722,18.88889,18.88889,2.0
resstock-amy2018-2021-release-1-508005,0.0,0.0,0.38646397,0.0,0.0,0.42195705,0.0,0.0,0.0,0.0,0.0,0.0,0.0,0.0,-0.69780475,0.0,-0.69780475,0.893598,9.878026962280273,8.826985335758422,0.69780475,0.0,0.0,-0.0,0.0,-0.0,0.0,0.0,-0.0,0.0,10.402984,0.0,0.0,0.282754,-0.08182058,-0.029696777,0.0,0.0,0.0,0.0,0.36295,0.1383698,0.5858384,0.0,0.0,-0.08182058,0.6159842,0.7047111,0.282754,-0.08872687,10.0,17.767689,18.26389,18.26389,2.0
resstock-amy2018-2021-release-1-508005,0.0,0.0,0.19323231,0.0,0.0,0.21097888,0.0,0.0,0.0,0.0,0.0,0.0,0.0,0.0,-0.792,0.0,-0.792,0.8097338,9.877989768981934,7.998542271424014,0.792,0.0,0.0,-0.0,0.0,-0.0,0.0,0.0,-0.0,0.0,10.402984,0.0,0.0,0.27993497,-0.37917358,-0.1318025,0.0,0.0,0.0,0.0,0.34760466,0.1383698,0.6072925,0.0,0.0,-0.37917358,0.41282642,0.49091378,0.27993497,-0.07808737,10.6,17.115654,20.0,20.0,2.0
resstock-amy2018-2021-release-1-508005,2.189039,3.3108482,0.19323231,0.0,1.3853958,0.21097888,0.0,0.0,0.0,0.0,0.0,0.0,0.0,0.0,-0.792,0.0,-0.792,0.72600365,9.877952575683594,7.171429593363428,0.792,0.0,0.0,-0.0,0.0,-0.0,0.0,0.0,-0.0,0.0,10.402984,3.3108482,0.0,0.27905232,1.0462155,0.34906754,0.6491119,0.0,0.0,0.0,0.33364782,0.1383698,0.62043804,0.0,1.0462155,0.0,1.8382156,1.875427,0.27905232,-0.03721144,11.7,21.290524,17.407408,17.407408,2.0
resstock-amy2018-2021-release-1-508005,1.4454882,0.0,0.0,0.0,0.0,0.0,0.0,0.0,0.0,0.0,0.0,0.0,0.0,0.0,-0.792,0.0,-0.792,0.6424073,9.877915382385254,6.345644931540733,0.792,0.0,0.0,-0.0,0.0,-0.0,0.0,0.0,-0.0,0.0,10.402984,0.0,0.0,0.37126195,-0.5343791,-0.1732226,0.0,0.0,0.0,0.0,0.32415676,0.1383698,0.62288094,0.0,0.0,-0.5343791,0.25762087,0.37126195,0.37126195,-0.113641076,12.8,20.190962,17.222221,17.222221,2.0
resstock-amy2018-2021-release-1-508005,1.0328332,0.0,0.38646385,0.0,0.0,0.42195693,0.0,0.0,0.0,0.0,0.0,0.0,0.0,0.0,-0.792,0.0,-0.792,0.5589445,9.877878189086914,5.521185915955471,0.792,0.0,0.0,-0.0,0.0,-0.0,0.0,0.0,-0.0,0.0,10.402984,0.0,0.0,0.37047958,-0.06474903,-0.020356707,0.0,0.0,0.0,0.0,0.314394,0.1383698,0.6296871,0.0,0.0,-0.06474903,0.72725093,0.7924365,0.37047958,-0.06518554,13.3,19.826462,17.222221,17.222221,2.0
resstock-amy2018-2021-release-1-508005,1.1747068,0.0,0.50549394,0.0,0.0,0.5519188,0.0,0.0,0.0,0.0,0.0,0.0,0.0,0.0,-0.792,0.0,-0.792,0.47561523,9.877840995788574,4.698051648555662,0.792,0.0,0.0,-0.0,0.0,-0.0,0.0,0.0,-0.0,0.0,10.402984,0.0,0.0,0.2796783,-0.0017852783,-0.0005772018,0.0,0.0,0.0,0.0,0.32331192,0.1383698,0.638958,0.0,0.0,-0.0017852783,0.7902147,0.8315971,0.2796783,-0.041382376,11.7,19.604134,17.222221,17.222221,2.0
resstock-amy2018-2021-release-1-508005,1.9012761,0.0,1.0580584,0.0,0.0,1.1552311,0.0,0.0,0.0,0.0,0.0,0.0,0.0,0.0,-0.792,0.0,-0.792,0.3924191,9.877803802490234,3.8762388762506816,0.792,0.0,0.0,-0.0,0.0,-0.0,0.0,0.0,-0.0,0.0,10.402984,0.0,0.0,0.2863047,0.55895996,0.18398456,0.35870716,0.0,0.0,0.0,0.32915518,0.1383698,0.6417403,0.0,0.55895996,0.0,1.35096,1.4415358,0.2863047,-0.090575844,11.7,19.736982,17.222221,17.222221,2.0
resstock-amy2018-2021-release-1-508005,1.4102131,0.0,0.9296544,0.0,0.0,1.0150344,0.0,0.0,0.0,0.0,0.0,0.0,0.0,0.0,-0.792,0.0,-0.792,0.3093559,9.877766609191895,3.0557455235202156,0.792,0.0,0.0,-0.0,0.0,-0.0,0.0,0.0,-0.0,0.0,10.402984,0.0,0.0,1.6894871,1.8577051,0.61574954,1.2061837,0.0,0.0,0.0,0.33145708,0.1383698,0.6492869,0.0,1.8577051,0.0,2.6497052,2.7045217,1.6894871,-0.05481642,11.1,19.865368,17.717592,17.717592,2.0
resstock-amy2018-2021-release-1-508005,0.0,0.0,0.38646433,0.0,0.0,0.42195743,0.0,0.0,0.0,0.0,0.0,0.0,0.0,0.0,-0.792,0.0,-0.792,0.22642548,9.877729415893555,2.2365696620646247,0.792,0.0,0.0,-0.0,0.0,-0.0,0.0,0.0,-0.0,0.0,10.402984,0.0,0.0,0.63282526,0.25944176,0.088920414,0.16786952,0.0,0.0,0.0,0.34273747,0.1383698,0.64704126,0.0,0.25944176,0.0,1.0514418,1.0547827,0.63282526,-0.0033409295,11.1,19.417395,20.0,20.0,2.0
resstock-amy2018-2021-release-1-508005,0.0,0.0,0.38646376,0.0,0.0,0.42195684,0.0,0.0,0.0,0.0,0.0,0.0,0.0,0.0,-0.792,0.0,-0.792,0.1436276,9.877692222595215,1.4187092164240056,0.792,0.0,0.0,-0.0,0.0,-0.0,0.0,0.0,-0.0,0.0,10.402984,0.0,0.0,0.5518999,0.18185675,0.06405261,0.11555812,0.0,0.0,0.0,0.35221463,0.1383698,0.63543487,0.0,0.18185675,0.0,0.97385675,0.97385675,0.5518999,-0.0,10.6,18.834614,20.0,20.0,2.0
resstock-amy2018-2021-release-1-508005,0.0,1.2991431,0.0,0.0,0.5597529,0.0,0.0,0.0,0.0,0.0,0.0,0.0,0.0,0.0,-0.792,0.0,-0.792,0.060962036,9.877655029296875,0.6021619639809614,0.792,0.0,0.0,-0.0,0.0,-0.0,0.0,0.0,-0.0,0.0,10.402984,1.2991431,0.0,0.58928746,0.35704035,0.12379513,0.22551663,0.0,0.0,0.0,0.34672588,0.1383698,0.63162786,0.0,0.35704035,0.0,1.1490403,1.1490403,0.58928746,-0.0,10.6,20.29041,20.0,20.0,2.0
resstock-amy2018-2021-release-1-508005,0.0,0.0,0.0,0.0,0.0,0.0,0.0,0.0,0.0,0.0,0.0,0.0,0.0,0.0,-0.5847538,0.0,-0.5847538,0.0,9.8776273727417,0.0,0.5847538,0.0,0.0,-0.0,0.0,-0.0,0.0,0.0,-0.0,0.0,10.402984,0.0,0.0,0.35506824,-0.22968557,-0.07491974,0.0,0.0,0.0,0.0,0.32618392,0.1383698,0.62438536,0.0,0.0,-0.22968557,0.35506824,0.35506824,0.35506824,-0.0,10.0,19.272068,19.944445,19.944445,2.0
resstock-amy2018-2021-release-1-508005,0.0,0.0,0.5796895,0.0,0.0,0.63292855,0.0,0.0,0.0,0.0,0.0,0.0,0.0,0.0,0.0,0.0,0.0,0.0,9.8776273727417,0.0,-0.0,0.0,0.0,-0.0,0.0,-0.0,0.0,0.0,-0.0,0.0,10.402984,0.0,0.0,0.32061878,0.95354736,0.2938217,0.5850768,0.0,0.0,0.0,0.3081354,0.1383698,0.6135792,0.0,0.95354736,0.0,0.95354736,0.95354736,0.32061878,-0.0,9.4,18.43864,19.916666,19.916666,2.0
resstock-amy2018-2021-release-1-508005,0.5197686,1.4367872,0.0,0.0,0.65637606,0.0,0.0,0.0,0.0,0.0,0.0,0.0,0.0,0.0,0.9009,0.9009,0.0,0.088711336,9.877584457397461,0.8762537161880743,-0.0,0.9009,0.0,-0.0,0.0,-0.0,0.0,0.0,-0.0,0.0,10.402984,1.4367872,0.0,0.2958324,1.8531084,0.5609356,1.1228651,0.0,0.0,0.0,0.30269983,0.1383698,0.605936,0.0,1.8531084,0.0,0.9522084,0.9522084,0.2958324,-0.0,8.3,19.463589,18.333334,18.333334,2.0
resstock-amy2018-2021-release-1-508005,0.13677205,0.0,0.76129097,0.0,0.0,0.8312084,0.0,0.0,0.0,0.0,0.0,0.0,0.0,0.0,0.9009,0.9009,0.0,0.17728089,9.877541542053223,1.7510993354506894,-0.0,0.9009,0.0,-0.0,0.0,-0.0,0.0,0.0,-0.0,0.0,10.402984,0.0,0.0,0.19141321,1.9235215,0.56229347,1.1508156,0.0,0.0,0.0,0.29232502,0.1383698,0.5982858,0.0,1.9235215,0.0,1.0226215,1.0226215,0.19141321,-0.0,8.033334,18.136532,18.333334,18.333334,2.0
resstock-amy2018-2021-release-1-508005,0.0,0.0,0.0,0.0,0.0,0.0,0.0,0.0,0.0,0.0,0.0,0.0,0.0,0.0,0.9009,0.9009,0.0,0.2657089,9.877498626708984,2.624539231021231,-0.0,0.9009,0.0,-0.0,0.0,-0.0,0.0,0.0,-0.0,0.0,10.402984,0.0,0.0,0.18956426,1.0904642,0.30225924,0.6104221,0.0,0.0,0.0,0.277184,0.1383698,0.55978185,0.0,1.0904642,0.0,0.18956423,0.18956423,0.18956426,-0.0,8.3,17.181873,18.333334,18.333334,2.0
resstock-amy2018-2021-release-1-508005,0.0,1.1193339,0.0,0.0,0.51767194,0.0,0.0,0.0,0.0,0.0,0.0,0.0,0.0,0.0,0.9009,0.9009,0.0,0.35399556,9.877455711364746,3.496575481721038,-0.0,0.9009,0.0,-0.0,0.0,-0.0,0.0,0.0,-0.0,0.0,10.402984,1.1193339,0.0,0.18831366,1.6068857,0.43338773,0.86091316,0.0,0.0,0.0,0.26970664,0.1383698,0.53576505,0.0,1.6068857,0.0,0.70598567,0.70598567,0.18831366,-0.0,7.8,17.617416,18.333334,18.333334,2.0
resstock-amy2018-2021-release-1-508005,0.0,0.0,0.0,0.0,0.0,0.0,0.0,0.0,0.0,0.0,0.0,0.0,0.0,0.0,0.9009,0.9009,0.0,0.44214115,9.877412796020508,4.367210607890399,-0.0,0.9009,0.0,-0.0,0.0,-0.0,0.0,0.0,-0.0,0.0,10.402984,0.0,0.0,0.1873195,1.0882195,0.28635606,0.54923326,0.0,0.0,0.0,0.2631418,0.1383698,0.5047082,0.0,1.0882195,0.0,0.18731952,0.18731952,0.1873195,-0.0,7.2,16.663502,18.333334,18.333334,2.0
resstock-amy2018-2021-release-1-508005,0.0,1.6232424,0.0,0.0,0.7708843,0.0,0.0,0.0,0.0,0.0,0.0,0.0,0.0,0.0,0.9009,0.9009,0.0,0.5301458,9.87736988067627,5.236446393904714,-0.0,0.9009,0.0,-0.0,0.0,-0.0,0.0,0.0,-0.0,0.0,10.402984,1.6232424,0.0,0.18623988,1.8580241,0.48892382,0.925643,0.0,0.0,0.0,0.2631418,0.1383698,0.49818677,0.0,1.8580241,0.0,0.9571241,0.9571241,0.18623988,-0.0,6.7,17.790806,18.333334,18.333334,2.0
resstock-amy2018-2021-release-1-508005,0.0,0.0,0.9293871,0.0,0.0,1.0147426,0.0,0.0,0.0,0.0,0.0,0.0,0.0,0.0,0.9009,0.9009,0.0,0.61800987,9.877326965332031,6.104285507210534,-0.0,0.9009,0.0,-0.0,0.0,-0.0,0.0,0.0,-0.0,0.0,10.402984,0.0,0.0,0.18498929,2.100632,0.55176455,1.0665504,0.0,0.0,0.0,0.262666,0.1383698,0.50772834,0.0,2.100632,0.0,1.199732,1.199732,0.18498929,-0.0,5.0,16.682266,18.333334,18.333334,2.0
resstock-amy2018-2021-release-1-508005,0.0,1.6050016,0.0,0.0,0.803908,0.0,0.0,0.0,0.0,0.0,0.0,0.0,0.0,0.0,0.9009,0.9009,0.0,0.70573354,9.877284049987793,6.9707306152083675,-0.0,0.9009,0.0,-0.0,0.0,-0.0,0.0,0.0,-0.0,0.0,10.402984,1.6050016,0.0,0.21349585,1.9183038,0.52070016,1.0027301,0.0,0.0,0.0,0.2714378,0.1383698,0.52271706,0.0,1.9183038,0.0,1.0174038,1.0174038,0.21349585,-0.0,4.4,17.631704,18.416666,18.416666,2.0
resstock-amy2018-2021-release-1-508005,0.0,0.0,0.0,0.0,0.0,0.0,0.0,0.0,0.0,0.0,0.0,0.0,0.0,0.0,0.9009,0.9009,0.0,0.79331696,9.877241134643555,7.835782913429057,-0.0,0.9009,0.0,-0.0,0.0,-0.0,0.0,0.0,-0.0,0.0,10.402984,0.0,0.0,0.31611475,1.2170148,0.35537684,0.6542744,0.0,0.0,0.0,0.292007,0.1383698,0.53760594,0.0,1.2170148,0.0,0.31611478,0.31611478,0.31611475,-0.0,4.4,16.561674,20.0,20.0,2.0
resstock-amy2018-2021-release-1-508005,0.0,3.3423936,1.101352,0.0,1.5948648,1.2025008,0.0,0.0,0.0,0.0,0.0,0.0,0.0,0.0,0.9009,0.9009,0.0,0.8807604,9.877198219299316,8.699444774836763,-0.0,0.9009,0.0,-0.0,0.0,-0.0,0.0,0.0,-0.0,0.0,10.402984,3.3423936,0.0,0.2761897,3.9744554,1.2574484,2.1804361,0.0,0.0,0.0,0.3163826,0.1383698,0.54861253,0.0,3.9744554,0.0,3.0735555,3.0735555,0.2761897,-0.0,6.5,19.926678,19.86111,19.86111,2.0
resstock-amy2018-2021-release-1-508005,0.0,0.0,0.0,0.0,0.0,0.0,0.0,0.0,0.0,0.0,0.0,0.0,0.0,0.0,0.9009,0.9009,0.0,0.96806407,9.877155303955078,9.561719161079054,-0.0,0.9009,0.0,-0.0,0.0,-0.0,0.0,0.0,-0.0,0.0,10.402984,0.0,0.0,0.28178522,1.125738,0.37280956,0.6295564,0.0,0.0,0.0,0.331169,0.1383698,0.55923885,0.0,1.125738,0.0,0.22483802,0.28178522,0.28178522,-0.056947213,8.6,18.163078,18.88889,18.88889,2.0
resstock-amy2018-2021-release-1-508005,1.0270171,0.0,0.0,0.0,0.0,0.0,0.0,0.0,0.0,0.0,0.0,0.0,0.0,0.0,-0.69780475,0.0,-0.69780475,0.893598,9.877121925354004,8.826176596553012,0.69780475,0.0,0.0,-0.0,0.0,-0.0,0.0,0.0,-0.0,0.0,10.402984,0.0,0.0,0.282754,-0.5123385,-0.17376965,0.0,0.0,0.0,0.0,0.3391696,0.1383698,0.5854365,0.0,0.0,-0.5123385,0.18546623,0.282754,0.282754,-0.09728778,9.4,17.29927,17.222221,17.222221,2.0
resstock-amy2018-2021-release-1-508005,0.19082573,0.0,0.0,0.0,0.0,0.0,0.0,0.0,0.0,0.0,0.0,0.0,0.0,0.0,-0.792,0.0,-0.792,0.8097338,9.877084732055664,7.997809432427289,0.792,0.0,0.0,-0.0,0.0,-0.0,0.0,0.0,-0.0,0.0,10.402984,0.0,0.0,0.27993497,-0.65278405,-0.21567267,0.0,0.0,0.0,0.0,0.330389,0.1383698,0.580682,0.0,0.0,-0.65278405,0.13921595,0.27993494,0.27993497,-0.14071901,10.0,17.364231,17.222221,17.222221,2.0
resstock-amy2018-2021-release-1-508005,0.60234636,0.0,0.1932879,0.0,0.0,0.21103957,0.0,0.0,0.0,0.0,0.0,0.0,0.0,0.0,-0.792,0.0,-0.792,0.72600365,9.877047538757324,7.170772533254421,0.792,0.0,0.0,-0.0,0.0,-0.0,0.0,0.0,-0.0,0.0,10.402984,0.0,0.0,0.27905232,-0.46748403,-0.15378323,0.0,0.0,0.0,0.0,0.32895932,0.1383698,0.54817176,0.0,0.0,-0.46748403,0.32451597,0.49009186,0.27905232,-0.1655759,10.6,17.964258,17.222221,17.222221,2.0
resstock-amy2018-2021-release-1-508005,1.4388793,0.0,0.9664323,0.0,0.0,1.05519,0.0,0.0,0.0,0.0,0.0,0.0,0.0,0.0,-0.792,0.0,-0.792,0.6424073,9.877010345458984,6.345063529214258,0.792,0.0,0.0,-0.0,0.0,-0.0,0.0,0.0,-0.0,0.0,10.402984,0.0,0.0,0.2807234,0.36675113,0.11518193,0.19548166,0.0,0.0,0.0,0.31406018,0.1383698,0.533009,0.0,0.36675113,0.0,1.1587511,1.3359134,0.2807234,-0.17716223,11.1,18.786903,17.222221,17.222221,2.0
resstock-amy2018-2021-release-1-508005,1.9220905,0.0,0.0,0.0,0.0,0.0,0.0,0.0,0.0,0.0,0.0,0.0,0.0,0.0,-0.792,0.0,-0.792,0.5589445,9.876973152160645,5.520680050522117,0.792,0.0,0.0,-0.0,0.0,-0.0,0.0,0.0,-0.0,0.0,10.402984,0.0,0.0,0.19052678,-0.77024376,-0.2342964,0.0,0.0,0.0,0.0,0.30418473,0.1383698,0.5282164,0.0,0.0,-0.77024376,0.021756232,0.19052678,0.19052678,-0.16877055,12.2,19.592915,17.222221,17.222221,2.0
resstock-amy2018-2021-release-1-508005,2.2212803,0.0,0.0,0.0,0.0,0.0,0.0,0.0,0.0,0.0,0.0,0.0,0.0,0.0,-0.792,0.0,-0.792,0.47561523,9.876935958862305,4.697621199206935,0.792,0.0,0.0,-0.0,0.0,-0.0,0.0,0.0,-0.0,0.0,10.402984,0.0,0.0,0.19078323,-0.7413465,-0.22620112,0.0,0.0,0.0,0.0,0.305122,0.1383698,0.522811,0.0,0.0,-0.7413465,0.050653517,0.19078317,0.19078323,-0.14012966,12.2,20.226376,17.222221,17.222221,2.0
resstock-amy2018-2021-release-1-508005,1.84809,0.0,0.0,0.0,0.0,0.0,0.0,0.0,0.0,0.0,0.0,0.0,0.0,0.0,-0.792,0.0,-0.792,0.3924191,9.876898765563965,3.875883722474782,0.792,0.0,0.0,-0.0,0.0,-0.0,0.0,0.0,-0.0,0.0,10.402984,0.0,0.0,1.4149299,0.5524133,0.16685511,0.29785678,0.0,0.0,0.0,0.3020476,0.1383698,0.5391919,0.0,0.5524133,0.0,1.3444133,1.4149299,1.4149299,-0.070516594,11.7,20.334515,17.222221,17.222221,2.0
resstock-amy2018-2021-release-1-508005,0.0,0.0,0.0,0.0,0.0,0.0,0.0,0.0,0.0,0.0,0.0,0.0,0.0,0.0,-0.792,0.0,-0.792,0.3093559,9.876861572265625,3.0554655449941492,0.792,0.0,0.0,-0.0,0.0,-0.0,0.0,0.0,-0.0,0.0,10.402984,0.0,0.0,0.33592644,-0.4729399,-0.14510638,0.0,0.0,0.0,0.0,0.3068178,0.1383698,0.5528937,0.0,0.0,-0.4729399,0.3190601,0.33592644,0.33592644,-0.01686636,11.1,19.95556,20.0,20.0,2.0
resstock-amy2018-2021-release-1-508005,0.0,0.0,0.0,0.0,0.0,0.0,0.0,0.0,0.0,0.0,0.0,0.0,0.0,0.0,-0.792,0.0,-0.792,0.22642548,9.876824378967285,2.2363647386407166,0.792,0.0,0.0,-0.0,0.0,-0.0,0.0,0.0,-0.0,0.0,10.402984,0.0,0.0,0.48809308,-0.30592543,-0.096554354,0.0,0.0,0.0,0.0,0.315614,0.1383698,0.5862026,0.0,0.0,-0.30592543,0.48607457,0.48809308,0.48809308,-0.0020185155,10.0,19.428196,20.0,20.0,2.0
resstock-amy2018-2021-release-1-508005,0.0,0.0,0.20657222,0.0,0.0,0.22554393,0.0,0.0,0.0,0.0,0.0,0.0,0.0,0.0,-0.792,0.0,-0.792,0.1436276,9.876787185668945,1.4185792281433862,0.792,0.0,0.0,-0.0,0.0,-0.0,0.0,0.0,-0.0,0.0,10.402984,0.0,0.0,0.5518999,-0.014556155,-0.004803038,0.0,0.0,0.0,0.0,0.32996616,0.1383698,0.6181959,0.0,0.0,-0.014556155,0.7774438,0.7774438,0.5518999,-0.0,10.0,18.857891,20.097221,20.097221,2.0
resstock-amy2018-2021-release-1-508005,0.0,1.3394475,0.112368144,0.0,0.5952694,0.1226881,0.0,0.0,0.0,0.0,0.0,0.0,0.0,0.0,-0.792,0.0,-0.792,0.060962036,9.876749992370605,0.6021067910870528,0.792,0.0,0.0,-0.0,0.0,-0.0,0.0,0.0,-0.0,0.0,10.402984,1.3394475,0.0,1.0952594,1.021217,0.33165252,0.6423384,0.0,0.0,0.0,0.32476205,0.1383698,0.62899303,0.0,1.021217,0.0,1.8132169,1.8132169,1.0952594,-0.0,9.4,20.326504,21.11111,21.11111,2.0
resstock-amy2018-2021-release-1-508005,0.0,0.0,0.0,0.0,0.0,0.0,0.0,0.0,0.0,0.0,0.0,0.0,0.0,0.0,-0.5847538,0.0,-0.5847538,0.0,9.87672233581543,0.0,0.5847538,0.0,0.0,-0.0,0.0,-0.0,0.0,0.0,-0.0,0.0,10.402984,0.0,0.0,0.51096326,-0.07379055,-0.022583198,0.0,0.0,0.0,0.0,0.30604458,0.1383698,0.62992656,0.0,0.0,-0.07379055,0.51096326,0.51096326,0.51096326,-0.0,8.9,19.209187,21.11111,21.11111,2.0
resstock-amy2018-2021-release-1-508005,0.0,1.9752619,0.38657513,0.0,0.91352344,0.42207843,0.0,0.0,0.0,0.0,0.0,0.0,0.0,0.0,0.0,0.0,0.0,0.0,9.87672233581543,0.0,-0.0,0.0,0.0,-0.0,0.0,-0.0,0.0,0.0,-0.0,0.0,10.402984,1.9752619,0.0,0.44322944,1.7788312,0.52626723,1.1146908,0.0,0.0,0.0,0.29585,0.1383698,0.6266422,0.0,1.7788312,0.0,1.7788312,1.7788312,0.44322944,-0.0,7.8,20.909523,20.981482,20.981482,2.0
resstock-amy2018-2021-release-1-508005,0.0,0.0,0.0,0.0,0.0,0.0,0.0,0.0,0.0,0.0,0.0,0.0,0.0,0.0,0.9009,0.9009,0.0,0.088711336,9.876679420471191,0.8761734291529848,-0.0,0.9009,0.0,-0.0,0.0,-0.0,0.0,0.0,-0.0,0.0,10.402984,0.0,0.0,0.195165,1.096065,0.32005867,0.67198455,0.0,0.0,0.0,0.292007,0.1383698,0.6130882,0.0,1.096065,0.0,0.19516504,0.19516504,0.195165,-0.0,7.2,19.254276,20.555555,20.555555,2.0
resstock-amy2018-2021-release-1-508005,1.0284507,1.2649723,0.0,0.0,0.593598,0.0,0.0,0.0,0.0,0.0,0.0,0.0,0.0,0.0,0.9009,0.9009,0.0,0.17728089,9.876636505126953,1.7509388897007625,-0.0,0.9009,0.0,-0.0,0.0,-0.0,0.0,0.0,-0.0,0.0,10.402984,1.2649723,0.0,0.19141321,1.6859112,0.4778796,0.9797692,0.0,0.0,0.0,0.2834548,0.1383698,0.5811511,0.0,1.6859112,0.0,0.7850112,0.7850112,0.19141321,-0.0,7.2,19.619583,18.333334,18.333334,2.0
resstock-amy2018-2021-release-1-508005,0.0,0.0,0.0,0.0,0.0,0.0,0.0,0.0,0.0,0.0,0.0,0.0,0.0,0.0,0.9009,0.9009,0.0,0.2657089,9.876593589782715,2.6242987546609413,-0.0,0.9009,0.0,-0.0,0.0,-0.0,0.0,0.0,-0.0,0.0,10.402984,0.0,0.0,0.18956426,1.0904642,0.29652536,0.5846877,0.0,0.0,0.0,0.2719258,0.1383698,0.5361824,0.0,1.0904642,0.0,0.18956423,0.18956423,0.18956426,-0.0,7.2,18.147118,18.333334,18.333334,2.0
resstock-amy2018-2021-release-1-508005,0.0,0.0,0.0,0.0,0.0,0.0,0.0,0.0,0.0,0.0,0.0,0.0,0.0,0.0,0.9009,0.9009,0.0,0.35399556,9.876550674438477,3.496255102666055,-0.0,0.9009,0.0,-0.0,0.0,-0.0,0.0,0.0,-0.0,0.0,10.402984,0.0,0.0,0.18831366,1.0892136,0.28740254,0.5215908,0.0,0.0,0.0,0.26386243,0.1383698,0.47886917,0.0,1.0892136,0.0,0.1883136,0.1883136,0.18831366,-0.0,6.7,17.116318,18.333334,18.333334,2.0
resstock-amy2018-2021-release-1-508005,0.0,1.1830604,0.0,0.0,0.5698559,0.0,0.0,0.0,0.0,0.0,0.0,0.0,0.0,0.0,0.9009,0.9009,0.0,0.44214115,9.876507759094238,4.366810453827128,-0.0,0.9009,0.0,-0.0,0.0,-0.0,0.0,0.0,-0.0,0.0,10.402984,1.1830604,0.0,0.1873195,1.6580755,0.42379212,0.73527086,0.0,0.0,0.0,0.2555928,0.1383698,0.44344836,0.0,1.6580755,0.0,0.75717545,0.75717545,0.1873195,-0.0,6.1,17.475258,18.333334,18.333334,2.0
resstock-amy2018-2021-release-1-508005,0.0,0.0,0.0,0.0,0.0,0.0,0.0,0.0,0.0,0.0,0.0,0.0,0.0,0.0,0.9009,0.9009,0.0,0.5301458,9.87646484375,5.235966592357727,-0.0,0.9009,0.0,-0.0,0.0,-0.0,0.0,0.0,-0.0,0.0,10.402984,0.0,0.0,0.18623988,1.0871398,0.2700877,0.4625594,0.0,0.0,0.0,0.24843876,0.1383698,0.4254829,0.0,1.0871398,0.0,0.18623984,0.18623984,0.18623988,-0.0,4.4,16.49247,18.333334,18.333334,2.0
resstock-amy2018-2021-release-1-508005,0.0,1.7895023,0.0,0.0,0.8963201,0.0,0.0,0.0,0.0,0.0,0.0,0.0,0.0,0.0,0.9009,0.9009,0.0,0.61800987,9.876421928405762,6.103726185461653,-0.0,0.9009,0.0,-0.0,0.0,-0.0,0.0,0.0,-0.0,0.0,10.402984,1.7895023,0.0,0.18498929,1.9822094,0.4910425,0.8150016,0.0,0.0,0.0,0.24772483,0.1383698,0.41115817,0.0,1.9822094,0.0,1.0813094,1.0813094,0.18498929,-0.0,4.4,17.776958,18.333334,18.333334,2.0
resstock-amy2018-2021-release-1-508005,0.0,0.0,0.0,0.0,0.0,0.0,0.0,0.0,0.0,0.0,0.0,0.0,0.0,0.0,0.9009,0.9009,0.0,0.70573354,9.876379013061523,6.970091900296666,-0.0,0.9009,0.0,-0.0,0.0,-0.0,0.0,0.0,-0.0,0.0,10.402984,0.0,0.0,0.18524572,1.0861458,0.2782064,0.47310865,0.0,0.0,0.0,0.25614095,0.1383698,0.43558487,0.0,1.0861458,0.0,0.18524575,0.18524575,0.18524572,-0.0,3.9,16.642515,18.333334,18.333334,2.0
resstock-amy2018-2021-release-1-508005,0.0,1.6436435,0.0,0.0,0.81212634,0.0,0.0,0.0,0.0,0.0,0.0,0.0,0.0,0.0,0.9009,0.9009,0.0,0.79331696,9.876336097717285,7.835064932285718,-0.0,0.9009,0.0,-0.0,0.0,-0.0,0.0,0.0,-0.0,0.0,10.402984,1.6436435,0.0,0.1878324,1.9008588,0.5411498,0.92611957,0.0,0.0,0.0,0.284687,0.1383698,0.48721114,0.0,1.9008588,0.0,0.99995875,0.99995875,0.1878324,-0.0,5.0,17.785507,21.11111,21.11111,2.0
resstock-amy2018-2021-release-1-508005,0.0,3.3355439,0.0,0.0,1.606663,0.0,0.0,0.0,0.0,0.0,0.0,0.0,0.0,0.0,0.9009,0.9009,0.0,0.8807604,9.876293182373047,8.698647654177194,-0.0,0.9009,0.0,-0.0,0.0,-0.0,0.0,0.0,-0.0,0.0,10.402984,3.3355439,0.0,0.2761897,2.7837527,0.8431028,1.4457765,0.0,0.0,0.0,0.30286556,0.1383698,0.5193624,0.0,2.7837527,0.0,1.8828527,1.8828527,0.2761897,-0.0,6.1,19.754223,19.24074,19.24074,2.0
resstock-amy2018-2021-release-1-508005,0.0,0.0,2.454939,0.0,0.0,2.680402,0.0,0.0,0.0,0.0,0.0,0.0,0.0,0.0,0.9009,0.9009,0.0,0.96806407,9.876250267028809,9.560843027348938,-0.0,0.9009,0.0,-0.0,0.0,-0.0,0.0,0.0,-0.0,0.0,10.402984,0.0,0.0,0.28178522,3.8355298,1.2517252,1.9890511,0.0,0.0,0.0,0.32635,0.1383698,0.51858574,0.0,3.8355298,0.0,2.93463,2.9621873,0.28178522,-0.027557341,7.8,18.03632,20.0,20.0,2.0
resstock-amy2018-2021-release-1-508005,0.0,2.122313,1.0688683,0.0,0.94318587,1.1670338,0.0,0.0,0.0,0.0,0.0,0.0,0.0,0.0,-0.69780475,0.0,-0.69780475,0.893598,9.876216888427734,8.8253678573476,0.69780475,0.0,0.0,-0.0,0.0,-0.0,0.0,0.0,-0.0,0.0,10.402984,2.122313,0.0,0.37640277,1.7007573,0.5629503,0.87891585,0.0,0.0,0.0,0.3309998,0.1383698,0.5167791,0.0,1.7007573,0.0,2.398562,2.4866223,0.37640277,-0.08806038,9.4,19.811985,20.0,20.0,2.0
resstock-amy2018-2021-release-1-508005,0.0,0.0,0.0,0.0,0.0,0.0,0.0,0.0,0.0,0.0,0.0,0.0,0.0,0.0,-0.792,0.0,-0.792,0.8097338,9.876179695129395,7.997076593430563,0.792,0.0,0.0,-0.0,0.0,-0.0,0.0,0.0,-0.0,0.0,10.402984,0.0,0.0,0.27993497,-0.6599512,-0.21007864,0.0,0.0,0.0,0.0,0.3183245,0.1383698,0.51665175,0.0,0.0,-0.6599512,0.13204879,0.2799349,0.27993497,-0.14788613,10.0,18.605934,20.0,20.0,2.0
resstock-amy2018-2021-release-1-508005,0.0,1.5540696,0.0,0.0,0.6695913,0.0,0.0,0.0,0.0,0.0,0.0,0.0,0.0,0.0,-0.792,0.0,-0.792,0.72600365,9.876142501831055,7.170115473145415,0.792,0.0,0.0,-0.0,0.0,-0.0,0.0,0.0,-0.0,0.0,10.402984,1.5540696,0.0,0.27905232,-0.011263326,-0.0035175786,0.0,0.0,0.0,0.0,0.31230372,0.1383698,0.52427983,0.0,0.0,-0.011263326,0.7807367,0.9486436,0.27905232,-0.16790695,10.6,20.504658,20.0,20.0,2.0
resstock-amy2018-2021-release-1-508005,0.0,0.0,0.0,0.0,0.0,0.0,0.0,0.0,0.0,0.0,0.0,0.0,0.0,0.0,-0.792,0.0,-0.792,0.6424073,9.876105308532715,6.344482126887783,0.792,0.0,0.0,-0.0,0.0,-0.0,0.0,0.0,-0.0,0.0,10.402984,0.0,0.0,0.19018486,-0.7726784,-0.23556368,0.0,0.0,0.0,0.0,0.3048664,0.1383698,0.5292169,0.0,0.0,-0.7726784,0.01932162,0.19018488,0.19018486,-0.17086326,11.1,20.113945,20.0,20.0,2.0
resstock-amy2018-2021-release-1-508005,0.2742048,0.0,0.0,0.0,0.0,0.0,0.0,0.0,0.0,0.0,0.0,0.0,0.0,0.0,-0.792,0.0,-0.792,0.5589445,9.876068115234375,5.520174185088763,0.792,0.0,0.0,-0.0,0.0,-0.0,0.0,0.0,-0.0,0.0,10.402984,0.0,0.0,0.19052678,-0.74592423,-0.22561902,0.0,0.0,0.0,0.0,0.30246907,0.1383698,0.54684246,0.0,0.0,-0.74592423,0.04607576,0.19052677,0.19052678,-0.144451,12.8,20.383024,20.0,20.0,2.0
resstock-amy2018-2021-release-1-508005,0.7805341,0.0,0.38666412,0.0,0.0,0.4221756,0.0,0.0,0.0,0.0,0.0,0.0,0.0,0.0,-0.792,0.0,-0.792,0.47561523,9.876030921936035,4.697190749858208,0.792,0.0,0.0,-0.0,0.0,-0.0,0.0,0.0,-0.0,0.0,10.402984,0.0,0.0,0.19078323,-0.31701738,-0.09773274,0.0,0.0,0.0,0.0,0.30828828,0.1383698,0.55404764,0.0,0.0,-0.31701738,0.47498262,0.6129588,0.19078323,-0.13797618,13.3,20.847916,20.0,20.0,2.0
resstock-amy2018-2021-release-1-508005,0.9340703,0.0,0.1933378,0.0,0.0,0.21109405,0.0,0.0,0.0,0.0,0.0,0.0,0.0,0.0,-0.792,0.0,-0.792,0.3924191,9.875993728637695,3.8755285686988827,0.792,0.0,0.0,-0.0,0.0,-0.0,0.0,0.0,-0.0,0.0,10.402984,0.0,0.0,0.18987456,-0.5008005,-0.15732647,0.0,0.0,0.0,0.0,0.31415,0.1383698,0.5550832,0.0,0.0,-0.5008005,0.2911995,0.4009686,0.18987456,-0.10976909,14.4,21.324211,19.935184,19.935184,2.0
resstock-amy2018-2021-release-1-508005,1.5848525,0.0,0.0,0.0,0.0,0.0,0.0,0.0,0.0,0.0,0.0,0.0,0.0,0.0,-0.792,0.0,-0.792,0.3093559,9.875956535339355,3.055185566468083,0.792,0.0,0.0,-0.0,0.0,-0.0,0.0,0.0,-0.0,0.0,10.402984,0.0,0.0,0.2234587,-0.623256,-0.198077,0.0,0.0,0.0,0.0,0.31781,0.1383698,0.55125445,0.0,0.0,-0.623256,0.16874397,0.22345874,0.2234587,-0.054714765,15.0,21.54918,19.444445,19.444445,2.0
resstock-amy2018-2021-release-1-508005,0.57801694,0.0,0.27572766,0.0,0.0,0.30105066,0.0,0.0,0.0,0.0,0.0,0.0,0.0,0.0,-0.792,0.0,-0.792,0.22642548,9.875919342041016,2.2361598152168085,0.792,0.0,0.0,-0.0,0.0,-0.0,0.0,0.0,-0.0,0.0,10.402984,0.0,0.0,0.517357,0.02187714,0.0072210915,0.0121798925,0.0,0.0,0.0,0.33007476,0.1383698,0.55674064,0.0,0.02187714,0.0,0.8138771,0.8184076,0.517357,-0.0045305076,13.3,21.061884,19.444445,19.444445,2.0
resstock-amy2018-2021-release-1-508005,0.0,0.0,0.16064017,0.0,0.0,0.17539345,0.0,0.0,0.0,0.0,0.0,0.0,0.0,0.0,-0.792,0.0,-0.792,0.1436276,9.875882148742676,1.4184492398627668,0.792,0.0,0.0,-0.0,0.0,-0.0,0.0,0.0,-0.0,0.0,10.402984,0.0,0.0,0.6159305,-0.0006760508,-0.00022533043,0.0,0.0,0.0,0.0,0.333304,0.1383698,0.56112236,0.0,0.0,-0.0006760508,0.79132396,0.79132396,0.6159305,-0.0,12.2,20.32508,19.444445,19.444445,2.0
resstock-amy2018-2021-release-1-508005,0.0,0.0,0.17449552,0.0,0.0,0.19052128,0.0,0.0,0.0,0.0,0.0,0.0,0.0,0.0,-0.792,0.0,-0.792,0.060962036,9.875844955444336,0.6020516181931441,0.792,0.0,0.0,-0.0,0.0,-0.0,0.0,0.0,-0.0,0.0,10.402984,0.0,0.0,0.58928746,-0.012191251,-0.0039592795,0.0,0.0,0.0,0.0,0.324764,0.1383698,0.5600291,0.0,0.0,-0.012191251,0.77980876,0.77980876,0.58928746,-0.0,11.7,20.009413,19.444445,19.444445,2.0
resstock-amy2018-2021-release-1-508005,0.0,0.0,0.0,0.0,0.0,0.0,0.0,0.0,0.0,0.0,0.0,0.0,0.0,0.0,-0.5847538,0.0,-0.5847538,0.0,9.87581729888916,0.0,0.5847538,0.0,0.0,-0.0,0.0,-0.0,0.0,0.0,-0.0,0.0,10.402984,0.0,0.0,0.51096326,-0.07379055,-0.022919249,0.0,0.0,0.0,0.0,0.3105987,0.1383698,0.5622597,0.0,0.0,-0.07379055,0.51096326,0.51096326,0.51096326,-0.0,11.7,19.574741,19.87037,19.87037,2.0
resstock-amy2018-2021-release-1-508005,0.0,0.0,0.19333781,0.0,0.0,0.21109407,0.0,0.0,0.0,0.0,0.0,0.0,0.0,0.0,0.0,0.0,0.0,0.0,9.87581729888916,0.0,-0.0,0.0,0.0,-0.0,0.0,-0.0,0.0,0.0,-0.0,0.0,10.402984,0.0,0.0,0.5658401,0.7769342,0.23417823,0.44199628,0.0,0.0,0.0,0.3014132,0.1383698,0.56889796,0.0,0.7769342,0.0,0.7769342,0.7769342,0.5658401,-0.0,11.1,19.114185,20.0,20.0,2.0
resstock-amy2018-2021-release-1-508005,0.0,0.0,0.38667393,0.0,0.0,0.4221863,0.0,0.0,0.0,0.0,0.0,0.0,0.0,0.0,0.9009,0.9009,0.0,0.088711336,9.875774383544922,0.8760931421178952,-0.0,0.9009,0.0,-0.0,0.0,-0.0,0.0,0.0,-0.0,0.0,10.402984,0.0,0.0,0.49716723,1.8202535,0.5384998,1.0454484,0.0,0.0,0.0,0.2958378,0.1383698,0.5743422,0.0,1.8202535,0.0,0.9193535,0.9193535,0.49716723,-0.0,10.0,18.490211,20.0,20.0,2.0
resstock-amy2018-2021-release-1-508005,0.0,1.467664,0.0,0.0,0.6522506,0.0,0.0,0.0,0.0,0.0,0.0,0.0,0.0,0.0,0.9009,0.9009,0.0,0.17728089,9.875731468200684,1.7507784439508356,-0.0,0.9009,0.0,-0.0,0.0,-0.0,0.0,0.0,-0.0,0.0,10.402984,1.467664,0.0,0.23878051,1.7919312,0.50412756,1.036831,0.0,0.0,0.0,0.281332,0.1383698,0.57861096,0.0,1.7919312,0.0,0.89103115,0.89103115,0.23878051,-0.0,9.4,19.639202,19.087963,19.087963,2.0
resstock-amy2018-2021-release-1-508005,0.0,0.0,0.0,0.0,0.0,0.0,0.0,0.0,0.0,0.0,0.0,0.0,0.0,0.0,0.9009,0.9009,0.0,0.2657089,9.875688552856445,2.6240582783006516,-0.0,0.9009,0.0,-0.0,0.0,-0.0,0.0,0.0,-0.0,0.0,10.402984,0.0,0.0,0.18956426,1.0904642,0.3098157,0.6289686,0.0,0.0,0.0,0.2841136,0.1383698,0.57678974,0.0,1.0904642,0.0,0.18956423,0.18956423,0.18956426,-0.0,9.4,18.464184,18.333334,18.333334,2.0
resstock-amy2018-2021-release-1-508005,0.0,0.0,0.0,0.0,0.0,0.0,0.0,0.0,0.0,0.0,0.0,0.0,0.0,0.0,0.9009,0.9009,0.0,0.35399556,9.875645637512207,3.4959347236110716,-0.0,0.9009,0.0,-0.0,0.0,-0.0,0.0,0.0,-0.0,0.0,10.402984,0.0,0.0,0.18831366,1.0892136,0.29712877,0.5953238,0.0,0.0,0.0,0.272792,0.1383698,0.54656297,0.0,1.0892136,0.0,0.1883136,0.1883136,0.18831366,-0.0,9.4,17.524326,18.333334,18.333334,2.0
resstock-amy2018-2021-release-1-508005,0.0,0.0,0.0,0.0,0.0,0.0,0.0,0.0,0.0,0.0,0.0,0.0,0.0,0.0,0.9009,0.9009,0.0,0.44214115,9.875602722167969,4.3664102997638565,-0.0,0.9009,0.0,-0.0,0.0,-0.0,0.0,0.0,-0.0,0.0,10.402984,0.0,0.0,0.1873195,1.0882195,0.29513165,0.5889516,0.0,0.0,0.0,0.271206,0.1383698,0.5412066,0.0,1.0882195,0.0,0.18731952,0.18731952,0.1873195,-0.0,7.2,16.720076,18.333334,18.333334,2.0
resstock-amy2018-2021-release-1-508005,0.0,1.568247,0.0,0.0,0.71643156,0.0,0.0,0.0,0.0,0.0,0.0,0.0,0.0,0.0,0.9009,0.9009,0.0,0.5301458,9.87555980682373,5.235486790810739,-0.0,0.9009,0.0,-0.0,0.0,-0.0,0.0,0.0,-0.0,0.0,10.402984,1.568247,0.0,0.18623988,1.8035715,0.48913938,0.99007744,0.0,0.0,0.0,0.271206,0.1383698,0.54895383,0.0,1.8035715,0.0,0.90267146,0.90267146,0.18623988,-0.0,8.3,18.08104,18.333334,18.333334,2.0
resstock-amy2018-2021-release-1-508005,0.0,0.0,0.0,0.0,0.0,0.0,0.0,0.0,0.0,0.0,0.0,0.0,0.0,0.0,0.9009,0.9009,0.0,0.61800987,9.875516891479492,6.103166863712772,-0.0,0.9009,0.0,-0.0,0.0,-0.0,0.0,0.0,-0.0,0.0,10.402984,0.0,0.0,0.18498929,1.0858893,0.28549117,0.5923513,0.0,0.0,0.0,0.26291,0.1383698,0.5454988,0.0,1.0858893,0.0,0.18498933,0.18498933,0.18498929,-0.0,7.2,17.11346,18.333334,18.333334,2.0
resstock-amy2018-2021-release-1-508005,0.0,1.1858379,0.0,0.0,0.55646354,0.0,0.0,0.0,0.0,0.0,0.0,0.0,0.0,0.0,0.9009,0.9009,0.0,0.70573354,9.875473976135254,6.969453185384964,-0.0,0.9009,0.0,-0.0,0.0,-0.0,0.0,0.0,-0.0,0.0,10.402984,1.1858379,0.0,0.18524572,1.6426092,0.44548547,0.9174137,0.0,0.0,0.0,0.271206,0.1383698,0.55851,0.0,1.6426092,0.0,0.74170923,0.74170923,0.18524572,-0.0,7.2,17.719109,18.333334,18.333334,2.0
resstock-amy2018-2021-release-1-508005,0.0,0.0,0.0,0.0,0.0,0.0,0.0,0.0,0.0,0.0,0.0,0.0,0.0,0.0,0.9009,0.9009,0.0,0.79331696,9.875431060791016,7.834346951142379,-0.0,0.9009,0.0,-0.0,0.0,-0.0,0.0,0.0,-0.0,0.0,10.402984,0.0,0.0,0.1878324,1.0887324,0.3061226,0.6110537,0.0,0.0,0.0,0.2811734,0.1383698,0.5612525,0.0,1.0887324,0.0,0.18783236,0.18783236,0.1878324,-0.0,8.9,17.01118,18.333334,18.333334,2.0
resstock-amy2018-2021-release-1-508005,0.0,1.2852638,0.0,0.0,0.57118934,0.0,0.0,0.0,0.0,0.0,0.0,0.0,0.0,0.0,0.9009,0.9009,0.0,0.8807604,9.875388145446777,8.697850533517624,-0.0,0.9009,0.0,-0.0,0.0,-0.0,0.0,0.0,-0.0,0.0,10.402984,1.2852638,0.0,0.2761897,1.7482791,0.49696583,0.96517885,0.0,0.0,0.0,0.28426,0.1383698,0.55207366,0.0,1.7482791,0.0,0.8473791,0.8473791,0.2761897,-0.0,9.4,18.042103,19.24074,19.24074,2.0
resstock-amy2018-2021-release-1-508005,0.0,1.245523,0.0,0.0,0.5211783,0.0,0.0,0.0,0.0,0.0,0.0,0.0,0.0,0.0,0.9009,0.9009,0.0,0.96806407,9.875345230102539,9.559966893618821,-0.0,0.9009,0.0,-0.0,0.0,-0.0,0.0,0.0,-0.0,0.0,10.402984,1.245523,0.0,0.9589603,2.3215919,0.6628247,1.2874608,0.0,0.0,0.0,0.2855044,0.1383698,0.55455947,0.0,2.3215919,0.0,1.4206918,1.4801385,0.9589603,-0.0594467,11.7,18.65868,20.0,20.0,2.0
resstock-amy2018-2021-release-1-508005,0.0,1.8887076,0.0,0.0,0.71993,0.0,0.0,0.0,0.0,0.0,0.0,0.0,0.0,0.0,-0.69780475,0.0,-0.69780475,0.893598,9.875311851501465,8.82455911814219,0.69780475,0.0,0.0,-0.0,0.0,-0.0,0.0,0.0,-0.0,0.0,10.402984,1.8887076,0.0,0.282754,0.18884549,0.05635376,0.10449743,0.0,0.0,0.0,0.298412,0.1383698,0.55334884,0.0,0.18884549,0.0,0.8866502,1.002684,0.282754,-0.11603376,15.0,19.87172,20.0,20.0,2.0
resstock-amy2018-2021-release-1-508005,0.0,0.0,0.0,0.0,0.0,0.0,0.0,0.0,0.0,0.0,0.0,0.0,0.0,0.0,-0.792,0.0,-0.792,0.8097338,9.875274658203125,7.996343754433838,0.792,0.0,0.0,-0.0,0.0,-0.0,0.0,0.0,-0.0,0.0,10.402984,0.0,0.0,0.27993497,-0.6669663,-0.19042182,0.0,0.0,0.0,0.0,0.2855044,0.1383698,0.5584113,0.0,0.0,-0.6669663,0.12503368,0.27993494,0.27993497,-0.15490127,16.7,19.206066,20.0,20.0,2.0
resstock-amy2018-2021-release-1-508005,0.108502254,0.0,0.0,0.0,0.0,0.0,0.0,0.0,0.0,0.0,0.0,0.0,0.0,0.0,-0.792,0.0,-0.792,0.72600365,9.875237464904785,7.169458413036409,0.792,0.0,0.0,-0.0,0.0,-0.0,0.0,0.0,-0.0,0.0,10.402984,0.0,0.0,1.4984478,0.53377044,0.15123467,0.30206555,0.0,0.0,0.0,0.2833328,0.1383698,0.5659091,0.0,0.53377044,0.0,1.3257704,1.4984477,1.4984478,-0.17267732,17.8,19.724047,20.0,20.0,2.0
resstock-amy2018-2021-release-1-508005,0.8243102,0.0,0.0,0.0,0.0,0.0,0.0,0.0,0.0,0.0,0.0,0.0,0.0,0.0,-0.792,0.0,-0.792,0.6424073,9.875200271606445,6.343900724561308,0.792,0.0,0.0,-0.0,0.0,-0.0,0.0,0.0,-0.0,0.0,10.402984,0.0,0.0,0.2807234,-0.6927164,-0.19112137,0.0,0.0,0.0,0.0,0.27590132,0.1383698,0.56621623,0.0,0.0,-0.6927164,0.099283576,0.2807234,0.2807234,-0.18143983,19.4,20.633629,20.0,20.0,2.0
resstock-amy2018-2021-release-1-508005,1.2401274,0.0,0.19338223,0.0,0.0,0.21114257,0.0,0.0,0.0,0.0,0.0,0.0,0.0,0.0,-0.792,0.0,-0.792,0.5589445,9.875163078308105,5.519668319655409,0.792,0.0,0.0,-0.0,0.0,-0.0,0.0,0.0,-0.0,0.0,10.402984,0.0,0.0,0.28050318,-0.47349605,-0.12584214,0.0,0.0,0.0,0.0,0.2657723,0.1383698,0.56499535,0.0,0.0,-0.47349605,0.31850395,0.4916458,0.28050318,-0.17314185,20.0,21.651627,20.0,20.0,2.0
resstock-amy2018-2021-release-1-508005,1.7994871,0.0,0.0,0.0,0.0,0.0,0.0,0.0,0.0,0.0,0.0,0.0,0.0,0.0,-0.792,0.0,-0.792,0.47561523,9.875125885009766,4.696760300509482,0.792,0.0,0.0,-0.0,0.0,-0.0,0.0,0.0,-0.0,0.0,10.402984,0.0,0.0,0.2796783,-0.6635006,-0.17994533,0.0,0.0,0.0,0.0,0.271206,0.1383698,0.56491834,0.0,0.0,-0.6635006,0.12849939,0.2796783,0.2796783,-0.1511789,20.6,22.629427,20.0,20.0,2.0
resstock-amy2018-2021-release-1-508005,2.066711,0.0,0.0,0.0,0.0,0.0,0.0,0.0,0.0,0.0,0.0,0.0,0.0,0.0,-0.792,0.0,-0.792,0.3924191,9.875088691711426,3.8751734149229833,0.792,0.0,0.0,-0.0,0.0,-0.0,0.0,0.0,-0.0,0.0,10.402984,0.0,0.0,0.38273486,-0.5211391,-0.14770031,0.0,0.0,0.0,0.0,0.2834182,0.1383698,0.5705758,0.0,0.0,-0.5211391,0.2708609,0.38273484,0.38273486,-0.11187393,20.0,23.470089,20.0,20.0,2.0
resstock-amy2018-2021-release-1-508005,1.9750347,0.0,0.5801401,0.0,0.0,0.6334205,0.0,0.0,0.0,0.0,0.0,0.0,0.0,0.0,-0.792,0.0,-0.792,0.3093559,9.875051498413086,3.0549055879420166,0.792,0.0,0.0,-0.0,0.0,-0.0,0.0,0.0,-0.0,0.0,10.402984,0.0,0.0,0.5608619,0.34678635,0.09874672,0.20038082,0.0,0.0,0.0,0.284748,0.1383698,0.5778221,0.0,0.34678635,0.0,1.1387863,1.1942824,0.5608619,-0.055496063,18.3,23.949726,20.0,20.0,2.0
resstock-amy2018-2021-release-1-508005,1.8858911,0.0,0.8537319,0.0,0.0,0.9321391,0.0,0.0,0.0,0.0,0.0,0.0,0.0,0.0,-0.792,0.0,-0.792,0.22642548,9.875014305114746,2.2359548917929004,0.792,0.0,0.0,-0.0,0.0,-0.0,0.0,0.0,-0.0,0.0,10.402984,0.0,0.0,0.48809308,0.6226158,0.19177403,0.36278784,0.0,0.0,0.0,0.3080134,0.1383698,0.5826833,0.0,0.6226158,0.0,1.4146159,1.4202322,0.48809308,-0.0056163594,16.7,23.663017,19.560184,19.560184,2.0
resstock-amy2018-2021-release-1-508005,0.64029974,0.0,0.0,0.0,0.0,0.0,0.0,0.0,0.0,0.0,0.0,0.0,0.0,0.0,-0.792,0.0,-0.792,0.1436276,9.874977111816406,1.4183192515821474,0.792,0.0,0.0,-0.0,0.0,-0.0,0.0,0.0,-0.0,0.0,10.402984,0.0,0.0,0.5518999,-0.24010009,-0.08567972,0.0,0.0,0.0,0.0,0.35685,0.1383698,0.5782921,0.0,0.0,-0.24010009,0.5518999,0.5518999,0.5518999,-0.0,15.0,22.817598,19.444445,19.444445,2.0
resstock-amy2018-2021-release-1-508005,1.1759535,0.0,2.033072,0.0,0.0,2.2197905,0.0,0.0,0.0,0.0,0.0,0.0,0.0,0.0,-0.792,0.0,-0.792,0.060962036,9.874939918518066,0.6019964452992355,0.792,0.0,0.0,-0.0,0.0,-0.0,0.0,0.0,-0.0,0.0,10.402984,0.0,0.0,0.58928746,2.017078,0.7197943,1.163774,0.0,0.0,0.0,0.35685,0.1383698,0.5769604,0.0,2.017078,0.0,2.809078,2.809078,0.58928746,-0.0,13.3,22.2398,19.717592,19.717592,2.0
resstock-amy2018-2021-release-1-508005,0.0,0.0,0.0,0.0,0.0,0.0,0.0,0.0,0.0,0.0,0.0,0.0,0.0,0.0,-0.5847538,0.0,-0.5847538,0.0,9.87491226196289,0.0,0.5847538,0.0,0.0,-0.0,0.0,-0.0,0.0,0.0,-0.0,0.0,10.402984,0.0,0.0,0.51096326,-0.07379055,-0.024530768,0.0,0.0,0.0,0.0,0.3324378,0.1383698,0.57899475,0.0,0.0,-0.07379055,0.51096326,0.51096326,0.51096326,-0.0,11.7,21.477814,20.0,20.0,2.0
resstock-amy2018-2021-release-1-508005,0.0,0.0,0.0,0.0,0.0,0.0,0.0,0.0,0.0,0.0,0.0,0.0,0.0,0.0,0.0,0.0,0.0,0.0,9.87491226196289,0.0,-0.0,0.0,0.0,-0.0,0.0,-0.0,0.0,0.0,-0.0,0.0,10.402984,0.0,0.0,0.32061878,0.32061878,0.09113909,0.18690895,0.0,0.0,0.0,0.28426,0.1383698,0.58296317,0.0,0.32061878,0.0,0.32061878,0.32061878,0.32061878,-0.0,12.2,20.789925,20.0,20.0,2.0
resstock-amy2018-2021-release-1-508005,0.0,0.0,1.6630887,0.0,0.0,1.8158277,0.0,0.0,0.0,0.0,0.0,0.0,0.0,0.0,0.9009,0.9009,0.0,0.088711336,9.874869346618652,0.8760128550828057,-0.0,0.9009,0.0,-0.0,0.0,-0.0,0.0,0.0,-0.0,0.0,10.402984,0.0,0.0,0.3964998,3.1132274,0.8696595,1.8400904,0.0,0.0,0.0,0.2793434,0.1383698,0.5910556,0.0,3.1132274,0.0,2.2123275,2.2123275,0.3964998,-0.0,11.7,20.176258,20.0,20.0,2.0
resstock-amy2018-2021-release-1-508005,0.0,0.0,0.0,0.0,0.0,0.0,0.0,0.0,0.0,0.0,0.0,0.0,0.0,0.0,0.9009,0.9009,0.0,0.17728089,9.874826431274414,1.7506179982009087,-0.0,0.9009,0.0,-0.0,0.0,-0.0,0.0,0.0,-0.0,0.0,10.402984,0.0,0.0,0.23878051,1.1396805,0.30908817,0.68214405,0.0,0.0,0.0,0.271206,0.1383698,0.5985397,0.0,1.1396805,0.0,0.2387805,0.2387805,0.23878051,-0.0,11.1,19.487955,19.097221,19.097221,2.0
resstock-amy2018-2021-release-1-508005,0.9233057,0.0,1.0242665,0.0,0.0,1.1183357,0.0,0.0,0.0,0.0,0.0,0.0,0.0,0.0,0.9009,0.9009,0.0,0.2657089,9.874783515930176,2.623817801940362,-0.0,0.9009,0.0,-0.0,0.0,-0.0,0.0,0.0,-0.0,0.0,10.402984,0.0,0.0,0.18956426,2.2087998,0.6319512,1.2849857,0.0,0.0,0.0,0.28610614,0.1383698,0.5817574,0.0,2.2087998,0.0,1.3078998,1.3078998,0.18956426,-0.0,9.4,18.803059,18.333334,18.333334,2.0
resstock-amy2018-2021-release-1-508005,0.0,0.0,0.0,0.0,0.0,0.0,0.0,0.0,0.0,0.0,0.0,0.0,0.0,0.0,0.9009,0.9009,0.0,0.35399556,9.874740600585938,3.4956143445560883,-0.0,0.9009,0.0,-0.0,0.0,-0.0,0.0,0.0,-0.0,0.0,10.402984,0.0,0.0,0.18831366,1.0892136,0.30337432,0.6522234,0.0,0.0,0.0,0.278526,0.1383698,0.5988021,0.0,1.0892136,0.0,0.1883136,0.1883136,0.18831366,-0.0,10.6,18.19165,18.333334,18.333334,2.0
resstock-amy2018-2021-release-1-508005,0.0,0.0,0.0,0.0,0.0,0.0,0.0,0.0,0.0,0.0,0.0,0.0,0.0,0.0,0.9009,0.9009,0.0,0.44214115,9.8746976852417,4.366010145700585,-0.0,0.9009,0.0,-0.0,0.0,-0.0,0.0,0.0,-0.0,0.0,10.402984,0.0,0.0,0.1873195,1.0882195,0.2953972,0.64957243,0.0,0.0,0.0,0.27145,0.1383698,0.59691304,0.0,1.0882195,0.0,0.18731952,0.18731952,0.1873195,-0.0,10.6,17.635399,18.333334,18.333334,2.0
resstock-amy2018-2021-release-1-508005,0.0,0.0,0.0,0.0,0.0,0.0,0.0,0.0,0.0,0.0,0.0,0.0,0.0,0.0,0.9009,0.9009,0.0,0.5301458,9.874654769897461,5.235006989263752,-0.0,0.9009,0.0,-0.0,0.0,-0.0,0.0,0.0,-0.0,0.0,10.402984,0.0,0.0,0.18623988,1.0871398,0.27706626,0.64355826,0.0,0.0,0.0,0.254858,0.1383698,0.5919738,0.0,1.0871398,0.0,0.18623984,0.18623984,0.18623988,-0.0,9.4,17.100586,18.333334,18.333334,2.0
resstock-amy2018-2021-release-1-508005,0.0,1.1983532,0.0,0.0,0.56233644,0.0,0.0,0.0,0.0,0.0,0.0,0.0,0.0,0.0,0.9009,0.9009,0.0,0.61800987,9.874611854553223,6.102607541963891,-0.0,0.9009,0.0,-0.0,0.0,-0.0,0.0,0.0,-0.0,0.0,10.402984,1.1983532,0.0,0.6364393,2.0996757,0.52412987,1.2266539,0.0,0.0,0.0,0.2496242,0.1383698,0.5842112,0.0,2.0996757,0.0,1.1987756,1.1987756,0.6364393,-0.0,7.2,17.996292,18.333334,18.333334,2.0
resstock-amy2018-2021-release-1-508005,0.0,0.0,0.0,0.0,0.0,0.0,0.0,0.0,0.0,0.0,0.0,0.0,0.0,0.0,0.9009,0.9009,0.0,0.70573354,9.874568939208984,6.968814470473262,-0.0,0.9009,0.0,-0.0,0.0,-0.0,0.0,0.0,-0.0,0.0,10.402984,0.0,0.0,0.21349585,1.1143959,0.27788106,0.6417276,0.0,0.0,0.0,0.2493558,0.1383698,0.5758525,0.0,1.1143959,0.0,0.21349585,0.21349585,0.21349585,-0.0,8.3,17.299053,18.402779,18.402779,2.0
resstock-amy2018-2021-release-1-508005,0.0,1.0729306,2.4037194,0.0,0.49621126,2.6244783,0.0,0.0,0.0,0.0,0.0,0.0,0.0,0.0,0.9009,0.9009,0.0,0.79331696,9.874526023864746,7.83362896999904,-0.0,0.9009,0.0,-0.0,0.0,-0.0,0.0,0.0,-0.0,0.0,10.402984,1.0729306,0.0,0.25197357,4.2735634,1.0803927,2.4174466,0.0,0.0,0.0,0.2528084,0.1383698,0.56567466,0.0,4.2735634,0.0,3.3726635,3.3726635,0.25197357,-0.0,7.8,17.95911,20.0,20.0,2.0
resstock-amy2018-2021-release-1-508005,0.0,2.0510054,0.48038098,0.0,0.89759916,0.5244995,0.0,0.0,0.0,0.0,0.0,0.0,0.0,0.0,0.9009,0.9009,0.0,0.8807604,9.874483108520508,8.697053412858054,-0.0,0.9009,0.0,-0.0,0.0,-0.0,0.0,0.0,-0.0,0.0,10.402984,2.0510054,0.0,0.3622168,2.6852155,0.72913104,1.5045105,0.0,0.0,0.0,0.2715354,0.1383698,0.56029415,0.0,2.6852155,0.0,1.7843155,1.7843155,0.3622168,-0.0,10.0,19.478508,19.88426,19.88426,2.0
resstock-amy2018-2021-release-1-508005,0.0,0.0,0.77742153,0.0,0.0,0.8488204,0.0,0.0,0.0,0.0,0.0,0.0,0.0,0.0,0.9009,0.9009,0.0,0.96806407,9.87444019317627,9.559090759888704,-0.0,0.9009,0.0,-0.0,0.0,-0.0,0.0,0.0,-0.0,0.0,10.402984,0.0,0.0,0.28178522,2.0289543,0.5480368,1.1308324,0.0,0.0,0.0,0.270108,0.1383698,0.5573474,0.0,2.0289543,0.0,1.1280543,1.1306057,0.28178522,-0.0025514534,10.6,18.15715,18.88889,18.88889,2.0
resstock-amy2018-2021-release-1-508005,1.1795461,0.0,0.13808483,0.0,0.0,0.15076663,0.0,0.0,0.0,0.0,0.0,0.0,0.0,0.0,-0.69780475,0.0,-0.69780475,0.893598,9.874406814575195,8.82375037893678,0.69780475,0.0,0.0,-0.0,0.0,-0.0,0.0,0.0,-0.0,0.0,10.402984,0.0,0.0,0.7026454,0.14557132,0.04092188,0.08233421,0.0,0.0,0.0,0.28111225,0.1383698,0.56559366,0.0,0.14557132,0.0,0.84337604,0.85341203,0.7026454,-0.010035976,11.7,17.563557,17.222221,17.222221,2.0
resstock-amy2018-2021-release-1-508005,0.9212876,0.0,0.64733416,0.0,0.0,0.70678574,0.0,0.0,0.0,0.0,0.0,0.0,0.0,0.0,-0.792,0.0,-0.792,0.8097338,9.874369621276855,7.995610915437112,0.792,0.0,0.0,-0.0,0.0,-0.0,0.0,0.0,-0.0,0.0,10.402984,0.0,0.0,0.27993497,0.15516257,0.041623376,0.088641174,0.0,0.0,0.0,0.26825655,0.1383698,0.57127935,0.0,0.15516257,0.0,0.94716257,0.9867207,0.27993497,-0.03955814,13.9,17.323006,17.222221,17.222221,2.0
resstock-amy2018-2021-release-1-508005,0.28321534,0.0,0.38684168,0.0,0.0,0.42236945,0.0,0.0,0.0,0.0,0.0,0.0,0.0,0.0,-0.792,0.0,-0.792,0.72600365,9.874332427978516,7.168801352927403,0.792,0.0,0.0,-0.0,0.0,-0.0,0.0,0.0,-0.0,0.0,10.402984,0.0,0.0,0.18828204,-0.2397174,-0.0620935,0.0,0.0,0.0,0.0,0.25902793,0.1383698,0.5690793,0.0,0.0,-0.2397174,0.5522826,0.6106515,0.18828204,-0.058368925,13.3,17.32476,17.222221,17.222221,2.0
resstock-amy2018-2021-release-1-508005,0.41732264,0.0,0.0,0.0,0.0,0.0,0.0,0.0,0.0,0.0,0.0,0.0,0.0,0.0,-0.792,0.0,-0.792,0.6424073,9.874295234680176,6.343319322234834,0.792,0.0,0.0,-0.0,0.0,-0.0,0.0,0.0,-0.0,0.0,10.402984,0.0,0.0,0.19018486,-0.6713763,-0.1722524,0.0,0.0,0.0,0.0,0.2565661,0.1383698,0.5686705,0.0,0.0,-0.6713763,0.12062371,0.19018489,0.19018486,-0.06956118,12.8,17.642963,17.222221,17.222221,2.0
resstock-amy2018-2021-release-1-508005,0.6862797,0.0,0.30353704,0.0,0.0,0.33141407,0.0,0.0,0.0,0.0,0.0,0.0,0.0,0.0,-0.792,0.0,-0.792,0.5589445,9.874258041381836,5.519162454222055,0.792,0.0,0.0,-0.0,0.0,-0.0,0.0,0.0,-0.0,0.0,10.402984,0.0,0.0,0.48215672,-0.027881086,-0.006428746,0.0,0.0,0.0,0.0,0.23057732,0.1383698,0.57612586,0.0,0.0,-0.027881086,0.7641189,0.8135708,0.48215672,-0.049451895,13.9,18.212078,17.222221,17.222221,2.0
resstock-amy2018-2021-release-1-508005,0.5927964,0.0,1.52066,0.0,0.0,1.6603184,0.0,0.0,0.0,0.0,0.0,0.0,0.0,0.0,-0.792,0.0,-0.792,0.47561523,9.874220848083496,4.696329851160755,0.792,0.0,0.0,-0.0,0.0,-0.0,0.0,0.0,-0.0,0.0,10.402984,0.0,0.0,0.57786536,1.3592573,0.3251805,0.78095615,0.0,0.0,0.0,0.23923394,0.1383698,0.5745462,0.0,1.3592573,0.0,2.1512573,2.2381837,0.57786536,-0.0869264,13.9,18.879835,18.333334,18.333334,2.0
resstock-amy2018-2021-release-1-508005,0.115331806,0.0,0.18623693,0.0,0.0,0.20334104,0.0,0.0,0.0,0.0,0.0,0.0,0.0,0.0,-0.792,0.0,-0.792,0.3924191,9.874183654785156,3.874818261147084,0.792,0.0,0.0,-0.0,0.0,-0.0,0.0,0.0,-0.0,0.0,10.402984,0.0,0.0,0.2863047,-0.34855714,-0.09376536,0.0,0.0,0.0,0.0,0.26901,0.1383698,0.5612738,0.0,0.0,-0.34855714,0.44344285,0.48964575,0.2863047,-0.046202887,13.9,19.110245,18.333334,18.333334,2.0
resstock-amy2018-2021-release-1-508005,1.2134053,0.0,0.19342074,0.0,0.0,0.2111846,0.0,0.0,0.0,0.0,0.0,0.0,0.0,0.0,-0.792,0.0,-0.792,0.3093559,9.874146461486816,3.0546256094159503,0.792,0.0,0.0,-0.0,0.0,-0.0,0.0,0.0,-0.0,0.0,10.402984,0.0,0.0,0.33592644,-0.2571218,-0.07361331,0.0,0.0,0.0,0.0,0.2862974,0.1383698,0.543884,0.0,0.0,-0.2571218,0.5348782,0.54711103,0.33592644,-0.012232833,13.3,19.043081,17.222221,17.222221,2.0
resstock-amy2018-2021-release-1-508005,0.5243551,0.0,0.0,0.0,0.0,0.0,0.0,0.0,0.0,0.0,0.0,0.0,0.0,0.0,-0.792,0.0,-0.792,0.22642548,9.874109268188477,2.2357499683689923,0.792,0.0,0.0,-0.0,0.0,-0.0,0.0,0.0,-0.0,0.0,10.402984,0.0,0.0,1.6167183,0.82181555,0.24805696,0.439731,0.0,0.0,0.0,0.3018402,0.1383698,0.5350726,0.0,0.82181555,0.0,1.6138155,1.6167183,1.6167183,-0.0029027693,12.8,18.892649,17.76389,17.76389,2.0
resstock-amy2018-2021-release-1-508005,0.0,0.0,0.0,0.0,0.0,0.0,0.0,0.0,0.0,0.0,0.0,0.0,0.0,0.0,-0.792,0.0,-0.792,0.1436276,9.874072074890137,1.418189263301528,0.792,0.0,0.0,-0.0,0.0,-0.0,0.0,0.0,-0.0,0.0,10.402984,0.0,0.0,0.5518999,-0.24010009,-0.07982127,0.0,0.0,0.0,0.0,0.33245,0.1383698,0.5325532,0.0,0.0,-0.24010009,0.5518999,0.5518999,0.5518999,-0.0,12.2,18.506645,20.0,20.0,2.0
resstock-amy2018-2021-release-1-508005,0.0,1.4786208,0.193421,0.0,0.6287345,0.2111849,0.0,0.0,0.0,0.0,0.0,0.0,0.0,0.0,-0.792,0.0,-0.792,0.060962036,9.874034881591797,0.6019412724053268,0.792,0.0,0.0,-0.0,0.0,-0.0,0.0,0.0,-0.0,0.0,10.402984,1.4786208,0.0,1.0407375,1.0886569,0.38306832,0.5665951,0.0,0.0,0.0,0.3518724,0.1383698,0.5204533,0.0,1.0886569,0.0,1.880657,1.880657,1.0407375,-0.0,11.1,20.123718,20.0,20.0,2.0
resstock-amy2018-2021-release-1-508005,0.0,0.0,0.0,0.0,0.0,0.0,0.0,0.0,0.0,0.0,0.0,0.0,0.0,0.0,-0.5847538,0.0,-0.5847538,0.0,9.874007225036621,0.0,0.5847538,0.0,0.0,-0.0,0.0,-0.0,0.0,0.0,-0.0,0.0,10.402984,0.0,0.0,0.51096326,-0.07379055,-0.025521936,0.0,0.0,0.0,0.0,0.34587,0.1383698,0.5127495,0.0,0.0,-0.07379055,0.51096326,0.51096326,0.51096326,-0.0,11.1,19.289663,20.0,20.0,2.0
resstock-amy2018-2021-release-1-508005,0.0,0.0,0.0,0.0,0.0,0.0,0.0,0.0,0.0,0.0,0.0,0.0,0.0,0.0,0.0,0.0,0.0,0.0,9.874007225036621,0.0,-0.0,0.0,0.0,-0.0,0.0,-0.0,0.0,0.0,-0.0,0.0,10.402984,0.0,0.0,0.32061878,0.32061878,0.098384,0.16457064,0.0,0.0,0.0,0.30685663,0.1383698,0.5132907,0.0,0.32061878,0.0,0.32061878,0.32061878,0.32061878,-0.0,11.1,18.504097,19.935184,19.935184,2.0
resstock-amy2018-2021-release-1-508005,0.5917362,1.3911589,0.0,0.0,0.62610555,0.0,0.0,0.0,0.0,0.0,0.0,0.0,0.0,0.0,0.9009,0.9009,0.0,0.088711336,9.873964309692383,0.8759325680477161,-0.0,0.9009,0.0,-0.0,0.0,-0.0,0.0,0.0,-0.0,0.0,10.402984,1.3911589,0.0,0.195165,1.7221706,0.505296,0.8887718,0.0,0.0,0.0,0.29340646,0.1383698,0.5160765,0.0,1.7221706,0.0,0.8212706,0.8212706,0.195165,-0.0,8.9,19.41697,18.333334,18.333334,2.0
resstock-amy2018-2021-release-1-508005,0.0,0.0,0.0,0.0,0.0,0.0,0.0,0.0,0.0,0.0,0.0,0.0,0.0,0.0,0.9009,0.9009,0.0,0.17728089,9.873921394348145,1.7504575524509818,-0.0,0.9009,0.0,-0.0,0.0,-0.0,0.0,0.0,-0.0,0.0,10.402984,0.0,0.0,0.19141321,1.0923132,0.30434424,0.56455326,0.0,0.0,0.0,0.2786236,0.1383698,0.51684195,0.0,1.0923132,0.0,0.19141316,0.19141316,0.19141321,-0.0,8.3,18.15591,18.333334,18.333334,2.0
resstock-amy2018-2021-release-1-508005,0.0,0.0,0.0,0.0,0.0,0.0,0.0,0.0,0.0,0.0,0.0,0.0,0.0,0.0,0.9009,0.9009,0.0,0.2657089,9.873878479003906,2.6235773255800723,-0.0,0.9009,0.0,-0.0,0.0,-0.0,0.0,0.0,-0.0,0.0,10.402984,0.0,0.0,0.18956426,1.0904642,0.29877368,0.54734224,0.0,0.0,0.0,0.2739876,0.1383698,0.50193506,0.0,1.0904642,0.0,0.18956423,0.18956423,0.18956426,-0.0,9.4,17.322266,18.333334,18.333334,2.0
resstock-amy2018-2021-release-1-508005,0.0,0.9828586,0.0,0.0,0.46121395,0.0,0.0,0.0,0.0,0.0,0.0,0.0,0.0,0.0,0.9009,0.9009,0.0,0.35399556,9.873835563659668,3.495293965501105,-0.0,0.9009,0.0,-0.0,0.0,-0.0,0.0,0.0,-0.0,0.0,10.402984,0.9828586,0.0,0.18831366,1.5504277,0.41817763,0.8038647,0.0,0.0,0.0,0.2697176,0.1383698,0.51847935,0.0,1.5504277,0.0,0.64952767,0.64952767,0.18831366,-0.0,7.2,17.555687,18.333334,18.333334,2.0
resstock-amy2018-2021-release-1-508005,0.0,0.0,0.0,0.0,0.0,0.0,0.0,0.0,0.0,0.0,0.0,0.0,0.0,0.0,0.9009,0.9009,0.0,0.44214115,9.87379264831543,4.365609991637314,-0.0,0.9009,0.0,-0.0,0.0,-0.0,0.0,0.0,-0.0,0.0,10.402984,0.0,0.0,0.1873195,1.0882195,0.29810557,0.5649432,0.0,0.0,0.0,0.2739388,0.1383698,0.51914454,0.0,1.0882195,0.0,0.18731952,0.18731952,0.1873195,-0.0,7.8,16.675392,18.333334,18.333334,2.0
resstock-amy2018-2021-release-1-508005,0.0,1.6116837,0.0,0.0,0.65473914,0.0,0.0,0.0,0.0,0.0,0.0,0.0,0.0,0.0,0.9009,0.9009,0.0,0.5301458,9.873749732971191,5.234527187716765,-0.0,0.9009,0.0,-0.0,0.0,-0.0,0.0,0.0,-0.0,0.0,10.402984,1.6116837,0.0,0.18623988,1.741879,0.47466063,0.90378726,0.0,0.0,0.0,0.2724992,0.1383698,0.51885766,0.0,1.741879,0.0,0.840979,0.840979,0.18623988,-0.0,12.78,18.24957,18.333334,18.333334,2.0
resstock-amy2018-2021-release-1-508005,0.0,0.0,0.0,0.0,0.0,0.0,0.0,0.0,0.0,0.0,0.0,0.0,0.0,0.0,0.9009,0.9009,0.0,0.61800987,9.873706817626953,6.102048220215011,-0.0,0.9009,0.0,-0.0,0.0,-0.0,0.0,0.0,-0.0,0.0,10.402984,0.0,0.0,0.18498929,1.0858893,0.29745397,0.5649338,0.0,0.0,0.0,0.2739266,0.1383698,0.52024984,0.0,1.0858893,0.0,0.18498933,0.18498933,0.18498929,-0.0,9.44,17.181175,18.333334,18.333334,2.0
resstock-amy2018-2021-release-1-508005,0.0,1.1200125,0.0,0.0,0.511662,0.0,0.0,0.0,0.0,0.0,0.0,0.0,0.0,0.0,0.9009,0.9009,0.0,0.70573354,9.873663902282715,6.96817575556156,-0.0,0.9009,0.0,-0.0,0.0,-0.0,0.0,0.0,-0.0,0.0,10.402984,1.1200125,0.0,0.21349585,1.6260579,0.45502076,0.84352,0.0,0.0,0.0,0.2798306,0.1383698,0.5187515,0.0,1.6260579,0.0,0.72515786,0.72515786,0.21349585,-0.0,8.3,17.730608,18.393518,18.393518,2.0
resstock-amy2018-2021-release-1-508005,0.0,0.0,0.885104,0.0,0.0,0.96639246,0.0,0.0,0.0,0.0,0.0,0.0,0.0,0.0,0.9009,0.9009,0.0,0.79331696,9.873620986938477,7.832910988855701,-0.0,0.9009,0.0,-0.0,0.0,-0.0,0.0,0.0,-0.0,0.0,10.402984,0.0,0.0,0.31611475,2.1834073,0.6623432,1.1237437,0.0,0.0,0.0,0.303353,0.1383698,0.5146743,0.0,2.1834073,0.0,1.2825073,1.2825073,0.31611475,-0.0,7.2,16.90128,20.0,20.0,2.0
resstock-amy2018-2021-release-1-508005,0.0,3.0122635,0.0,0.0,1.3931181,0.0,0.0,0.0,0.0,0.0,0.0,0.0,0.0,0.0,0.9009,0.9009,0.0,0.8807604,9.873578071594238,8.696256292198484,-0.0,0.9009,0.0,-0.0,0.0,-0.0,0.0,0.0,-0.0,0.0,10.402984,3.0122635,0.0,0.19016261,2.484181,0.8654166,1.2755789,0.0,0.0,0.0,0.348371,0.1383698,0.51348066,0.0,2.484181,0.0,1.5832809,1.5832809,0.19016261,-0.0,7.8,19.91698,19.893518,19.893518,2.0
resstock-amy2018-2021-release-1-508005,0.0,0.0,0.037480764,0.0,0.0,0.040923018,0.0,0.0,0.0,0.0,0.0,0.0,0.0,0.0,0.9009,0.9009,0.0,0.96806407,9.87353515625,9.558214626158588,-0.0,0.9009,0.0,-0.0,0.0,-0.0,0.0,0.0,-0.0,0.0,10.402984,0.0,0.0,0.39346236,1.3050224,0.44802463,0.67485285,0.0,0.0,0.0,0.343308,0.1383698,0.51711977,0.0,1.3050224,0.0,0.40412235,0.4343853,0.39346236,-0.03026295,10.6,18.299858,18.88889,18.88889,2.0
resstock-amy2018-2021-release-1-508005,1.2726284,0.0,0.4125463,0.0,0.0,0.4504348,0.0,0.0,0.0,0.0,0.0,0.0,0.0,0.0,-0.69780475,0.0,-0.69780475,0.893598,9.873501777648926,8.822941639731368,0.69780475,0.0,0.0,-0.0,0.0,-0.0,0.0,0.0,-0.0,0.0,10.402984,0.0,0.0,0.5809411,0.26184356,0.09184163,0.13646156,0.0,0.0,0.0,0.35075,0.1383698,0.5211568,0.0,0.26184356,0.0,0.9596483,1.0313759,0.5809411,-0.07172759,12.2,17.513699,17.222221,17.222221,2.0
resstock-amy2018-2021-release-1-508005,0.3349219,0.0,0.58445156,0.0,0.0,0.6381279,0.0,0.0,0.0,0.0,0.0,0.0,0.0,0.0,-0.792,0.0,-0.792,0.8097338,9.873464584350586,7.994878076440386,0.792,0.0,0.0,-0.0,0.0,-0.0,0.0,0.0,-0.0,0.0,10.402984,0.0,0.0,0.27993497,0.008842766,0.0027417499,0.004626516,0.0,0.0,0.0,0.31005567,0.1383698,0.52319777,0.0,0.008842766,0.0,0.80084276,0.91806287,0.27993497,-0.117220104,12.2,17.41426,17.222221,17.222221,2.0
resstock-amy2018-2021-release-1-508005,0.7289282,0.0,0.116232485,0.0,0.0,0.12690735,0.0,0.0,0.0,0.0,0.0,0.0,0.0,0.0,-0.792,0.0,-0.792,0.72600365,9.873427391052246,7.168144292818397,0.792,0.0,0.0,-0.0,0.0,-0.0,0.0,0.0,-0.0,0.0,10.402984,0.0,0.0,0.27905232,-0.55478704,-0.1718612,0.0,0.0,0.0,0.0,0.3097787,0.1383698,0.52403134,0.0,0.0,-0.55478704,0.23721296,0.40595967,0.27905232,-0.16874672,14.4,17.991783,17.222221,17.222221,2.0
resstock-amy2018-2021-release-1-508005,1.5232495,0.0,0.1934542,0.0,0.0,0.21122116,0.0,0.0,0.0,0.0,0.0,0.0,0.0,0.0,-0.792,0.0,-0.792,0.6424073,9.873390197753906,6.342737919908359,0.792,0.0,0.0,-0.0,0.0,-0.0,0.0,0.0,-0.0,0.0,10.402984,0.0,0.0,0.19018486,-0.56710964,-0.1675108,0.0,0.0,0.0,0.0,0.2953764,0.1383698,0.52551544,0.0,0.0,-0.56710964,0.22489035,0.40140605,0.19018486,-0.17651571,14.4,18.800283,17.222221,17.222221,2.0
resstock-amy2018-2021-release-1-508005,1.9399741,0.0,0.0,0.0,0.0,0.0,0.0,0.0,0.0,0.0,0.0,0.0,0.0,0.0,-0.792,0.0,-0.792,0.5589445,9.873353004455566,5.518656588788701,0.792,0.0,0.0,-0.0,0.0,-0.0,0.0,0.0,-0.0,0.0,10.402984,0.0,0.0,0.19052678,-0.76970637,-0.22756569,0.0,0.0,0.0,0.0,0.2956526,0.1383698,0.52844083,0.0,0.0,-0.76970637,0.022293627,0.19052681,0.19052678,-0.16823319,16.1,19.819672,17.393518,17.393518,2.0
resstock-amy2018-2021-release-1-508005,0.76380396,0.0,0.0,0.0,0.0,0.0,0.0,0.0,0.0,0.0,0.0,0.0,0.0,0.0,-0.792,0.0,-0.792,0.47561523,9.873315811157227,4.695899401812028,0.792,0.0,0.0,-0.0,0.0,-0.0,0.0,0.0,-0.0,0.0,10.402984,0.0,0.0,1.4083035,0.48009032,0.14308296,0.25264663,0.0,0.0,0.0,0.29803342,0.1383698,0.5262481,0.0,0.48009032,0.0,1.2720903,1.4083035,1.4083035,-0.1362132,17.8,20.805393,19.060184,19.060184,2.0
resstock-amy2018-2021-release-1-508005,0.7966966,0.0,0.5803625,0.0,0.0,0.63366336,0.0,0.0,0.0,0.0,0.0,0.0,0.0,0.0,-0.792,0.0,-0.792,0.3924191,9.873278617858887,3.8744631073711844,0.792,0.0,0.0,-0.0,0.0,-0.0,0.0,0.0,-0.0,0.0,10.402984,0.0,0.0,0.2863047,0.02030152,0.0062263566,0.01081046,0.0,0.0,0.0,0.3066941,0.1383698,0.5324951,0.0,0.02030152,0.0,0.8123015,0.91996807,0.2863047,-0.10766655,17.2,21.552908,19.444445,19.444445,2.0
resstock-amy2018-2021-release-1-508005,2.9250233,0.0,0.0,0.0,0.0,0.0,0.0,0.0,0.0,0.0,0.0,0.0,0.0,0.0,-0.792,0.0,-0.792,0.3093559,9.873241424560547,3.054345630889884,0.792,0.0,0.0,-0.0,0.0,-0.0,0.0,0.0,-0.0,0.0,10.402984,0.0,0.0,0.5608619,-0.2876184,-0.09206067,0.0,0.0,0.0,0.0,0.3200792,0.1383698,0.5457783,0.0,0.0,-0.2876184,0.5043816,0.5608619,0.5608619,-0.056480285,16.7,22.100006,18.125,18.125,2.0
resstock-amy2018-2021-release-1-508005,0.0,0.0,0.0,0.0,0.0,0.0,0.0,0.0,0.0,0.0,0.0,0.0,0.0,0.0,-0.792,0.0,-0.792,0.22642548,9.873204231262207,2.235545044945084,0.792,0.0,0.0,-0.0,0.0,-0.0,0.0,0.0,-0.0,0.0,10.402984,0.0,0.0,0.63282526,-0.16686381,-0.056591038,0.0,0.0,0.0,0.0,0.33914506,0.1383698,0.56317395,0.0,0.0,-0.16686381,0.6251362,0.63282526,0.63282526,-0.007689067,13.9,21.728336,20.0,20.0,2.0
resstock-amy2018-2021-release-1-508005,0.0,0.0,0.0,0.0,0.0,0.0,0.0,0.0,0.0,0.0,0.0,0.0,0.0,0.0,-0.792,0.0,-0.792,0.1436276,9.873167037963867,1.4180592750209087,0.792,0.0,0.0,-0.0,0.0,-0.0,0.0,0.0,-0.0,0.0,10.402984,0.0,0.0,0.727114,-0.064885974,-0.023502292,0.0,0.0,0.0,0.0,0.36220914,0.1383698,0.54219264,0.0,0.0,-0.064885974,0.727114,0.727114,0.727114,-0.0,13.3,21.052444,20.0,20.0,2.0
resstock-amy2018-2021-release-1-508005,0.0,0.0,0.19345419,0.0,0.0,0.21122114,0.0,0.0,0.0,0.0,0.0,0.0,0.0,0.0,-0.792,0.0,-0.792,0.060962036,9.873129844665527,0.6018860995114181,0.792,0.0,0.0,-0.0,0.0,-0.0,0.0,0.0,-0.0,0.0,10.402984,0.0,0.0,0.58928746,0.008508608,0.0030362967,0.004534566,0.0,0.0,0.0,0.35685,0.1383698,0.53293866,0.0,0.008508608,0.0,0.8005086,0.8005086,0.58928746,-0.0,12.8,20.57906,20.0,20.0,2.0
resstock-amy2018-2021-release-1-508005,0.0,0.0,0.19345419,0.0,0.0,0.21122114,0.0,0.0,0.0,0.0,0.0,0.0,0.0,0.0,-0.5847538,0.0,-0.5847538,0.0,9.873102188110352,0.0,0.5847538,0.0,0.0,-0.0,0.0,-0.0,0.0,0.0,-0.0,0.0,10.402984,0.0,0.0,0.51096326,0.1374306,0.04365017,0.072907075,0.0,0.0,0.0,0.3176161,0.1383698,0.53050107,0.0,0.1374306,0.0,0.7221844,0.7221844,0.51096326,-0.0,11.1,19.935673,20.0,20.0,2.0
resstock-amy2018-2021-release-1-508005,0.0,0.0,0.0,0.0,0.0,0.0,0.0,0.0,0.0,0.0,0.0,0.0,0.0,0.0,0.0,0.0,0.0,0.0,9.873102188110352,0.0,-0.0,0.0,0.0,-0.0,0.0,-0.0,0.0,0.0,-0.0,0.0,10.402984,0.0,0.0,0.44322944,0.44322944,0.13267054,0.23203287,0.0,0.0,0.0,0.299327,0.1383698,0.5235051,0.0,0.44322944,0.0,0.44322944,0.44322944,0.44322944,-0.0,11.7,19.341822,19.935184,19.935184,2.0
resstock-amy2018-2021-release-1-508005,0.8551654,0.0,0.0,0.0,0.0,0.0,0.0,0.0,0.0,0.0,0.0,0.0,0.0,0.0,0.9009,0.9009,0.0,0.088711336,9.873059272766113,0.8758522810126266,-0.0,0.9009,0.0,-0.0,0.0,-0.0,0.0,0.0,-0.0,0.0,10.402984,0.0,0.0,0.3964998,1.2973998,0.38242793,0.64594084,0.0,0.0,0.0,0.2947649,0.1383698,0.49787343,0.0,1.2973998,0.0,0.39649975,0.39649975,0.3964998,-0.0,11.7,18.74925,18.333334,18.333334,2.0
resstock-amy2018-2021-release-1-508005,0.15261059,0.0,0.19345382,0.0,0.0,0.21122073,0.0,0.0,0.0,0.0,0.0,0.0,0.0,0.0,0.9009,0.9009,0.0,0.17728089,9.873016357421875,1.7502971067010549,-0.0,0.9009,0.0,-0.0,0.0,-0.0,0.0,0.0,-0.0,0.0,10.402984,0.0,0.0,1.3674057,2.4795265,0.700565,1.1477276,0.0,0.0,0.0,0.2825398,0.1383698,0.46288177,0.0,2.4795265,0.0,1.5786265,1.5786265,1.3674057,-0.0,13.33,18.273594,18.333334,18.333334,2.0
resstock-amy2018-2021-release-1-508005,0.0,0.0,0.0,0.0,0.0,0.0,0.0,0.0,0.0,0.0,0.0,0.0,0.0,0.0,0.9009,0.9009,0.0,0.2657089,9.872973442077637,2.6233368492197826,-0.0,0.9009,0.0,-0.0,0.0,-0.0,0.0,0.0,-0.0,0.0,10.402984,0.0,0.0,0.21726434,1.1181643,0.31099144,0.5220772,0.0,0.0,0.0,0.27812678,0.1383698,0.46690562,0.0,1.1181643,0.0,0.2172643,0.2172643,0.21726434,-0.0,8.9,17.560818,18.333334,18.333334,2.0
