bld_id,cooling demand,heating demand,dhw demand,cooling electricity consumption,heating electricity consumption,dhw electricity consumption,heating fuel consumption,dhw fuel consumption,dhw storage electricity consumption,positive dhw storage electricity consumption,negative dhw storage electricity consumption,dhw soc storage,dhw capacity,dhw stored energy (?),electrical storage electricity consumption,positive electrical storage electricity consumption,negative electrical storage electricity consumption,electrical storage soc,electrical capacity history,stored electrical energy,energy from electrical storage,energy to electrical storage,energy from cooling device,energy from dhw device,energy from dhw device to dhw storage,energy from dhw storage,energy from heating fuel device to heating storage,energy from heating device to heating storage,energy from heating storage,heating storage soc,heating storage capacity,energy from heating device,energy from heating fuel device,energy to non shiftable load,net electricity consumption,net electricity cost,net electricity emission,net fuel consumption,net fuel cost,net fuel emission,electricity price,fuel price,electricity carbon intensity,fuel carbon intensity,positive net electricity consumption,negative net electricity consumption,net electricity consumption without storage,net electricity consumption without storage and pv,non shiftable load,solar generation,outdoor_temperature,indoor_temperature,heating_sp,cooling_sp,comfort_band
resstock-amy2018-2021-release-1-9634,0.0,3.0060942,0.0,0.0,1.6310579,0.0,3.2000885,0.0,0.0,0.0,0.0,0.0,0.0,0.0,0.0,0.0,0.0,0.0,13.5,0.0,-0.0,0.0,0.0,-0.0,0.0,-0.0,0.0,0.0,-0.0,0.0,3.8456817,3.0060942,3.0060942,0.4247888,2.0558467,0.6731829,1.0819718,3.2000885,0.4427956,0.66958094,0.327448,0.1383698,0.5262901,0.20923826,2.0558467,0.0,2.0558467,2.0558467,0.4247888,-0.0,8.9,18.867134,18.88889,18.88889,2.0
resstock-amy2018-2021-release-1-9634,0.0,2.9181454,0.0,0.0,2.3074043,0.0,2.7460563,0.0,0.0,0.0,0.0,0.0,0.0,0.0,0.0,0.0,0.0,0.0,13.5,0.0,-0.0,0.0,0.0,-0.0,0.0,-0.0,3.8456817,3.8456817,-0.0,0.94932187,3.8456817,2.9181454,0.0,0.4057807,2.713185,0.87250555,1.4752693,2.7460563,0.37997127,0.5745801,0.3215798,0.1383698,0.54374075,0.20923828,2.713185,0.0,0.5924797,0.5924797,0.4057807,-0.0,8.3,18.888659,18.88889,18.88889,2.0
resstock-amy2018-2021-release-1-9634,0.0,2.8906353,0.0,0.0,2.3074043,0.0,2.7167706,0.0,0.0,0.0,0.0,0.0,0.0,0.0,0.0,0.0,0.0,0.0,13.5,0.0,-0.0,0.0,0.0,-0.0,0.0,-0.0,0.20960787,0.20960787,-0.0,1.0,3.8456817,2.8906353,0.0,0.40127003,2.7086744,0.86067855,1.4560603,2.7167706,0.375919,0.56845236,0.317749,0.1383698,0.53755456,0.20923826,2.7086744,0.0,2.593086,2.593086,0.40127003,-0.0,8.3,18.88887,18.88889,18.88889,2.0
resstock-amy2018-2021-release-1-9634,0.0,2.928948,0.0,0.0,2.3074043,0.0,2.8851068,0.0,0.0,0.0,0.0,0.0,0.0,0.0,0.0,0.0,0.0,0.0,13.5,0.0,-0.0,0.0,0.0,-0.0,0.0,-0.0,0.004541979,0.004541979,-0.0,1.0,3.8456817,2.928948,0.0,0.40161616,2.7090204,0.86035883,1.4481305,2.8851068,0.39921165,0.6036747,0.3175904,0.1383698,0.5345587,0.20923826,2.7090204,0.0,2.7064419,2.7064419,0.40161616,-0.0,7.2,18.888887,18.88889,18.88889,2.0
resstock-amy2018-2021-release-1-9634,0.0,2.9719005,0.0,0.0,2.3074043,0.0,2.9588082,0.0,0.0,0.0,0.0,0.0,0.0,0.0,3.1642256,3.1642256,0.0,0.21994388,13.499958992004395,2.9692333745127826,-0.0,3.1642256,0.0,-0.0,0.0,-0.0,0.004541979,0.004541979,-0.0,1.0,3.8456817,2.9719005,0.0,0.42079672,5.8924265,1.8708031,3.1672997,2.9588082,0.4094097,0.61909586,0.3174928,0.1383698,0.53752047,0.20923826,5.8924265,0.0,2.7256057,2.7256057,0.42079672,-0.0,6.95,18.88889,18.88889,18.88889,2.0
resstock-amy2018-2021-release-1-9634,0.0,3.0288408,0.0,0.0,0.0,0.0,0.0,0.0,0.0,0.0,0.0,0.0,0.0,0.0,-2.7835033,0.0,-2.7835033,0.0,13.499922752380371,0.0,2.7835033,0.0,0.0,-0.0,0.0,-0.0,0.0,0.0,3.0288408,0.16923888,3.8456817,0.0,0.0,0.45650008,-2.3270032,-0.7388068,0.0,0.0,0.0,0.0,0.3174928,0.1383698,0.53633094,0.0,0.0,-2.3270032,2.1983778,2.1983778,0.45650008,-0.0,6.7,18.88889,18.88889,18.88889,2.0
resstock-amy2018-2021-release-1-9634,0.0,2.9086242,0.0,0.0,1.2626129,0.0,0.0,0.0,0.0,0.0,0.0,0.0,0.0,0.0,0.0,0.0,0.0,0.0,13.499922752380371,0.0,-0.0,0.0,0.0,-0.0,0.0,-0.0,0.0,0.0,0.6171628,0.0,3.8456817,2.2914615,0.0,0.5189465,1.7815595,0.5645021,0.9660906,0.0,0.0,0.0,0.3168584,0.1383698,0.54227245,0.0,1.7815595,0.0,2.121621,2.121621,0.5189465,-0.0,8.33,18.88889,18.88889,18.88889,2.0
resstock-amy2018-2021-release-1-9634,0.0,3.7882905,0.0,0.0,2.3074043,0.0,4.032763,0.0,0.0,0.0,0.0,0.0,0.0,0.0,3.1642256,3.1642256,0.0,0.21994388,13.499881744384766,2.9692163843715207,-0.0,3.1642256,0.0,-0.0,0.0,-0.0,3.7882907,3.7882907,-0.0,0.9351547,3.8456817,3.7882905,9.955872e-08,0.61453795,6.086168,1.9329084,3.32776,4.032763,0.5580126,0.8438083,0.3175904,0.1383698,0.54677427,0.20923826,6.086168,0.0,0.6145377,0.6145377,0.61453795,-0.0,4.4,18.88889,18.88889,18.88889,2.0
resstock-amy2018-2021-release-1-9634,0.0,2.6335888,0.0,0.0,0.0,0.0,0.0,0.0,0.0,0.0,0.0,0.0,0.0,0.0,-2.7835033,0.0,-2.7835033,0.0,13.499845504760742,0.0,2.7835033,0.0,0.0,-0.0,0.0,-0.0,0.0,0.0,2.6335888,0.21273106,3.8456817,0.0,0.0,1.1432062,-1.702575,-0.5379173,0.0,0.0,0.0,0.0,0.3159434,0.1383698,0.5485592,0.0,0.0,-1.702575,2.5102603,2.5725384,1.1432062,-0.062277935,8.89,18.88889,18.88889,18.88889,2.0
resstock-amy2018-2021-release-1-9634,0.0,2.204027,0.0,0.0,0.7517325,0.0,0.0,0.0,0.0,0.0,0.0,0.0,0.0,0.0,0.0,0.0,0.0,0.0,13.499845504760742,0.0,-0.0,0.0,0.0,-0.0,0.0,-0.0,0.0,0.0,0.7757656,0.0,3.8456817,1.4282613,0.0,1.2922682,1.8472034,0.58361167,1.0409622,0.0,0.0,0.0,0.3159434,0.1383698,0.56353414,0.0,1.8472034,0.0,2.2555099,2.4523072,1.2922682,-0.19679727,10.0,18.88889,18.88889,18.88889,2.0
resstock-amy2018-2021-release-1-9634,0.0,1.5029858,0.0,0.0,0.77773476,0.0,0.0,0.0,0.0,0.0,0.0,0.0,0.0,0.0,0.0,0.0,0.0,0.0,13.499845504760742,0.0,-0.0,0.0,0.0,-0.0,0.0,-0.0,0.0,0.0,-0.0,0.0,3.8456817,1.5029858,0.0,1.3192035,1.7859573,0.5441723,1.0359578,0.0,0.0,0.0,0.304695,0.1383698,0.58005744,0.0,1.7859573,0.0,1.7859573,2.0969381,1.3192035,-0.31098074,10.6,18.88889,18.88889,18.88889,2.0
resstock-amy2018-2021-release-1-9634,0.0,0.6513292,0.0,0.0,0.33222374,0.0,0.0,0.0,0.0,0.0,0.0,0.0,0.0,0.0,0.0,0.0,0.0,0.0,13.499845504760742,0.0,-0.0,0.0,0.0,-0.0,0.0,-0.0,0.0,0.0,-0.0,0.0,3.8456817,0.6513292,0.0,1.3000665,1.2314348,0.36206648,0.7220435,0.0,0.0,0.0,0.29402,0.1383698,0.5863433,0.0,1.2314348,0.0,1.2314348,1.6322904,1.3000665,-0.40085548,11.1,18.88889,18.88889,18.88889,2.0
resstock-amy2018-2021-release-1-9634,0.0,0.20051856,0.7201089,0.0,0.09901879,0.7530466,0.0,0.0,0.0,0.0,0.0,0.0,0.0,0.0,0.0,0.0,0.0,0.0,13.499845504760742,0.0,-0.0,0.0,0.0,-0.0,0.0,-0.0,0.0,0.0,-0.0,0.0,3.8456817,0.20051856,0.0,0.98500293,1.4235466,0.42636642,0.8104185,0.0,0.0,0.0,0.29951,0.1383698,0.5692954,0.0,1.4235466,0.0,1.4235466,1.8370682,0.98500293,-0.41352165,12.2,18.88889,18.88889,18.88889,2.0
resstock-amy2018-2021-release-1-9634,0.18926254,0.0,0.7201035,0.0,0.0,0.7530409,0.0,0.0,0.0,0.0,0.0,0.0,0.0,0.0,0.0,0.0,0.0,0.0,13.499845504760742,0.0,-0.0,0.0,0.0,-0.0,0.0,-0.0,0.0,0.0,-0.0,0.0,3.8456817,0.0,0.0,1.1613982,1.5047894,0.4376466,0.8475656,0.0,0.0,0.0,0.2908358,0.1383698,0.56324536,0.0,1.5047894,0.0,1.5047894,1.9144392,1.1613982,-0.4096498,12.8,18.88889,18.88889,18.88889,2.0
resstock-amy2018-2021-release-1-9634,0.15372543,0.0,0.0,0.0,0.0,0.0,0.0,0.0,0.0,0.0,0.0,0.0,0.0,0.0,0.0,0.0,0.0,0.0,13.499845504760742,0.0,-0.0,0.0,0.0,-0.0,0.0,-0.0,0.0,0.0,-0.0,0.0,3.8456817,0.0,0.0,0.7664458,0.3979837,0.122467786,0.22553965,0.0,0.0,0.0,0.3077206,0.1383698,0.56670576,0.0,0.3979837,0.0,0.3979837,0.7664458,0.7664458,-0.36846212,12.8,19.00309,18.88889,18.88889,2.0
resstock-amy2018-2021-release-1-9634,0.32023424,2.5859926,2.1603408,0.0,1.2349586,2.2591543,0.0,0.0,0.0,0.0,0.0,0.0,0.0,0.0,0.0,0.0,0.0,0.0,13.499845504760742,0.0,-0.0,0.0,0.0,-0.0,0.0,-0.0,0.0,0.0,-0.0,0.0,3.8456817,2.5859926,0.0,0.6982035,3.9233599,1.2471702,2.2542136,0.0,0.0,0.0,0.3178832,0.1383698,0.574562,0.0,3.9233599,0.0,3.9233599,4.1923165,0.6982035,-0.26895654,13.3,20.759003,18.88889,18.88889,2.0
resstock-amy2018-2021-release-1-9634,0.0,0.8392022,0.0,0.0,2.3074043,0.0,0.08638915,0.0,0.0,0.0,0.0,0.0,0.0,0.0,3.1642256,3.1642256,0.0,0.21994388,13.499804496765137,2.969199394230259,-0.0,3.1642256,0.0,-0.0,0.0,-0.0,3.8456817,3.8456817,-0.0,0.94932187,3.8456817,0.8392022,0.0,0.59517175,5.9529214,1.9330766,3.5302012,0.08638915,0.011953649,0.018075915,0.3247274,0.1383698,0.59301996,0.20923826,5.9529214,0.0,0.86122847,0.9751086,0.59517175,-0.11388016,11.7,19.719057,18.88889,18.88889,2.0
resstock-amy2018-2021-release-1-9634,0.0,0.0,0.0,0.0,0.0,0.0,0.0,0.0,0.0,0.0,0.0,0.0,0.0,0.0,-2.7835033,0.0,-2.7835033,0.0,13.499768257141113,0.0,2.7835033,0.0,0.0,-0.0,0.0,-0.0,0.0,0.0,-0.0,0.94825745,3.8456817,0.0,0.0,0.5568094,-2.2266939,-0.7765577,0.0,0.0,0.0,0.0,0.3487492,0.1383698,0.6117413,0.0,0.0,-2.2266939,0.5568094,0.5568094,0.5568094,-0.0,11.7,18.63526,18.88889,18.88889,2.0
resstock-amy2018-2021-release-1-9634,0.0,0.0,0.0,0.0,0.0,0.0,0.0,0.0,0.0,0.0,0.0,0.0,0.0,0.0,0.0,0.0,0.0,0.0,13.499768257141113,0.0,-0.0,0.0,0.0,-0.0,0.0,-0.0,0.0,0.0,-0.0,0.9471942,3.8456817,0.0,0.0,0.5031136,0.5031136,0.18566795,0.2945769,0.0,0.0,0.0,0.3690378,0.1383698,0.5855077,0.0,0.5031136,0.0,0.5031136,0.5031136,0.5031136,-0.0,10.6,17.891632,18.88889,18.88889,2.0
resstock-amy2018-2021-release-1-9634,0.0,8.24739,0.0,0.0,2.3074043,0.0,4.032763,0.0,0.0,0.0,0.0,0.0,0.0,0.0,0.0,0.0,0.0,0.0,13.499768257141113,0.0,-0.0,0.0,0.0,-0.0,0.0,-0.0,0.0,0.0,-0.0,0.94613224,3.8456817,4.459099,3.7882907,0.48515838,2.7925627,1.0763162,1.4698192,4.032763,0.5580126,0.8438083,0.3854224,0.1383698,0.52633345,0.20923826,2.7925627,0.0,2.7925627,2.7925627,0.48515838,-0.0,10.6,22.209969,18.88889,18.88889,2.0
resstock-amy2018-2021-release-1-9634,0.0,0.8247389,0.0,0.0,2.3074043,0.0,0.22495934,0.0,0.0,0.0,0.0,0.0,0.0,0.0,0.0,0.0,0.0,0.0,13.499768257141113,0.0,-0.0,0.0,0.0,-0.0,0.0,-0.0,0.22251453,0.22251453,-0.0,1.0,3.8456817,0.8247389,0.0,0.4688955,2.7762997,1.0415288,1.4563112,0.22495934,0.03112758,0.0470701,0.37515,0.1383698,0.52455115,0.20923826,2.7762997,0.0,2.6611574,2.6611574,0.4688955,-0.0,10.6,18.902147,18.88889,18.88889,2.0
resstock-amy2018-2021-release-1-9634,0.0,0.7972532,0.0,0.0,0.43964615,0.0,0.0,0.0,0.0,0.0,0.0,0.0,0.0,0.0,0.0,0.0,0.0,0.0,13.499768257141113,0.0,-0.0,0.0,0.0,-0.0,0.0,-0.0,0.0,0.0,-0.0,0.9988788,3.8456817,0.7972532,0.0,0.4672031,0.90684927,0.3050777,0.46846586,0.0,0.0,0.0,0.336415,0.1383698,0.51658624,0.0,0.90684927,0.0,0.90684927,0.90684927,0.4672031,-0.0,8.3,17.943264,18.88889,18.88889,2.0
resstock-amy2018-2021-release-1-9634,0.0,7.8004894,0.0,0.0,2.3074043,0.0,4.032763,0.0,0.0,0.0,0.0,0.0,0.0,0.0,0.0,0.0,0.0,0.0,13.499768257141113,0.0,-0.0,0.0,0.0,-0.0,0.0,-0.0,0.0,0.0,-0.0,0.9977588,3.8456817,4.0121984,3.7882907,0.45562336,2.7630277,0.8877249,1.3983822,4.032763,0.5580126,0.8438083,0.321287,0.1383698,0.506105,0.20923826,2.7630277,0.0,2.7630277,2.7630277,0.45562336,-0.0,6.7,21.198925,18.63889,18.63889,2.0
resstock-amy2018-2021-release-1-9634,0.0,0.8040914,0.0,0.0,2.3074043,0.0,0.42277935,0.0,0.0,0.0,0.0,0.0,0.0,0.0,0.0,0.0,0.0,0.0,13.499768257141113,0.0,-0.0,0.0,0.0,-0.0,0.0,-0.0,0.013610869,0.013610869,-0.0,1.0,3.8456817,0.8040914,0.0,0.4437969,2.7512012,0.8719426,1.3387069,0.42277935,0.058499895,0.088461615,0.3169316,0.1383698,0.48658997,0.20923826,2.7512012,0.0,2.7438161,2.7438161,0.4437969,-0.0,8.9,18.20092,18.333334,18.333334,2.0
resstock-amy2018-2021-release-1-9634,0.0,0.8040914,0.0,0.0,0.43628693,0.0,0.0,0.0,0.0,0.0,0.0,0.0,0.0,0.0,0.0,0.0,0.0,0.0,13.499768257141113,0.0,-0.0,0.0,0.0,-0.0,0.0,-0.0,0.0,0.0,-0.0,0.9988788,3.8456817,0.8040914,0.0,0.4247888,0.86107576,0.2728916,0.43559912,0.0,0.0,0.0,0.3169194,0.1383698,0.5058778,0.0,0.86107576,0.0,0.86107576,0.86107576,0.4247888,-0.0,8.9,17.216404,17.222221,17.222221,2.0
resstock-amy2018-2021-release-1-9634,0.0,7.972532,0.0,0.0,2.3074043,0.0,4.032763,0.0,0.0,0.0,0.0,0.0,0.0,0.0,0.0,0.0,0.0,0.0,13.499768257141113,0.0,-0.0,0.0,0.0,-0.0,0.0,-0.0,0.0,0.0,-0.0,0.9977588,3.8456817,4.184241,3.7882907,0.4057807,2.713185,0.8596293,1.3131306,4.032763,0.5580126,0.8438083,0.316834,0.1383698,0.48398122,0.20923826,2.713185,0.0,2.713185,2.713185,0.4057807,-0.0,8.3,21.170927,17.222221,17.222221,2.0
resstock-amy2018-2021-release-1-9634,0.0,0.7852713,0.0,0.0,2.3074043,0.0,0.60309094,0.0,0.0,0.0,0.0,0.0,0.0,0.0,0.0,0.0,0.0,0.0,13.499768257141113,0.0,-0.0,0.0,0.0,-0.0,0.0,-0.0,0.013610869,0.013610869,-0.0,1.0,3.8456817,0.7852713,0.0,0.40127003,2.7086744,0.83440715,1.3618352,0.60309094,0.08344957,0.1261897,0.30805,0.1383698,0.50276816,0.20923825,2.7086744,0.0,2.7009475,2.7009475,0.40127003,-0.0,7.2,17.798052,17.222221,17.222221,2.0
resstock-amy2018-2021-release-1-9634,0.0,0.7852713,0.0,0.0,2.3074043,0.0,0.60309094,0.0,0.0,0.0,0.0,0.0,0.0,0.0,3.1642256,3.1642256,0.0,0.21994388,13.499727249145508,2.969182404088997,-0.0,3.1642256,0.0,-0.0,0.0,-0.0,0.004541979,0.004541979,-0.0,1.0,3.8456817,0.7852713,0.0,0.40161616,5.873246,1.8092536,3.0219908,0.60309094,0.08344957,0.1261897,0.30805,0.1383698,0.514535,0.20923825,5.873246,0.0,2.706442,2.706442,0.40161616,-0.0,7.2,16.884949,17.222221,17.222221,2.0
resstock-amy2018-2021-release-1-9634,0.0,7.8004894,0.0,0.0,2.3074043,0.0,8.065526,0.0,0.0,0.0,0.0,0.0,0.0,0.0,3.1170685,3.1170685,0.0,0.43638724,13.499687194824219,5.891091247782697,-0.0,3.1170685,0.0,-0.0,0.0,-0.0,0.004541979,0.004541979,-0.0,1.0,3.8456817,4.0121984,3.7882907,0.42079672,5.845269,1.8426381,3.1352475,8.065526,1.1160252,1.6876166,0.3152358,0.1383698,0.5363735,0.20923826,5.845269,0.0,2.7255886,2.7255886,0.42079672,-0.0,6.7,20.643007,17.222221,17.222221,2.0
resstock-amy2018-2021-release-1-9634,0.0,0.0,0.0,0.0,0.0,0.0,0.0,0.0,0.0,0.0,0.0,0.0,0.0,0.0,-3.070662,0.0,-3.070662,0.19362286,13.49964714050293,2.6138402523210402,3.070662,0.0,0.0,-0.0,0.0,-0.0,0.0,0.0,-0.0,0.9988788,3.8456817,0.0,0.0,0.45650008,-2.614162,-0.8240774,0.0,0.0,0.0,0.0,0.3152358,0.1383698,0.548662,0.0,0.0,-2.614162,0.45650005,0.45650005,0.45650008,-0.0,7.2,17.415243,17.222221,17.222221,2.0
resstock-amy2018-2021-release-1-9634,0.0,0.0,0.0,0.0,0.0,0.0,0.0,0.0,0.0,0.0,0.0,0.0,0.0,0.0,-2.4499798,0.0,-2.4499798,0.0,13.499615669250488,0.0,2.4499798,0.0,0.0,-0.0,0.0,-0.0,0.0,0.0,-0.0,0.9977588,3.8456817,0.0,0.0,0.5189465,-1.9310333,-0.63926274,0.0,0.0,0.0,0.0,0.331047,0.1383698,0.5505611,0.0,0.0,-1.9310333,0.5189465,0.5189465,0.5189465,-0.0,8.3,16.281641,17.222221,17.222221,2.0
resstock-amy2018-2021-release-1-9634,0.0,0.0,0.0,0.0,2.0866044,0.0,0.0,0.0,0.0,0.0,0.0,0.0,0.0,0.0,3.1642256,3.1642256,0.0,0.21994388,13.499574661254883,2.969148843316134,-0.0,3.1642256,0.0,-0.0,0.0,-0.0,0.013610869,0.013610869,-0.0,1.0,3.8456817,0.0,0.0,0.61453795,5.865368,1.9694052,3.2710662,0.0,0.0,0.0,0.3357684,0.1383698,0.5576916,0.0,5.865368,0.0,2.6937573,2.6937573,0.61453795,-0.0,8.9,15.602207,17.222221,17.222221,2.0
resstock-amy2018-2021-release-1-9634,0.0,0.0,0.0,0.0,0.0,0.0,0.0,0.0,0.0,0.0,0.0,0.0,0.0,0.0,-2.7835033,0.0,-2.7835033,0.0,13.49953842163086,0.0,2.7835033,0.0,0.0,-0.0,0.0,-0.0,0.0,0.0,-0.0,0.9988788,3.8456817,0.0,0.0,0.83991385,-2.002546,-0.6983863,0.0,0.0,0.0,0.0,0.3487492,0.1383698,0.56869936,0.0,0.0,-2.002546,0.7809572,0.83991385,0.83991385,-0.058956612,9.4,15.316408,18.430555,18.430555,2.0
resstock-amy2018-2021-release-1-9634,0.0,8.392022,0.0,0.0,2.3074043,0.0,8.065525,0.0,0.0,0.0,0.0,0.0,0.0,0.0,3.1642256,3.1642256,0.0,0.21994388,13.499497413635254,2.969131853174872,-0.0,3.1642256,0.0,-0.0,0.0,-0.0,0.009078935,0.009078935,-0.0,1.0,3.8456817,4.6037316,3.7882905,0.98876023,6.3122854,2.1292462,3.620082,8.065525,1.1160251,1.6876165,0.3373178,0.1383698,0.57349783,0.20923826,6.3122854,0.0,3.1435094,3.2916138,0.98876023,-0.14810453,11.7,21.6279,18.333334,18.333334,2.0
resstock-amy2018-2021-release-1-9634,0.0,0.0,0.0,0.0,0.0,0.0,0.0,0.0,0.0,0.0,0.0,0.0,0.0,0.0,-2.7835033,0.0,-2.7835033,0.0,13.49946117401123,0.0,2.7835033,0.0,0.0,-0.0,0.0,-0.0,0.0,0.0,-0.0,0.9988788,3.8456817,0.0,0.0,1.3192035,-1.5904883,-0.5214426,0.0,0.0,0.0,0.0,0.3278506,0.1383698,0.5800517,0.0,0.0,-1.5904883,1.193015,1.3192035,1.3192035,-0.12618853,11.7,18.615944,18.333334,18.333334,2.0
resstock-amy2018-2021-release-1-9634,0.0,0.0,0.0,0.0,0.0,0.0,0.0,0.0,0.0,0.0,0.0,0.0,0.0,0.0,0.0,0.0,0.0,0.0,13.49946117401123,0.0,-0.0,0.0,0.0,-0.0,0.0,-0.0,0.0,0.0,-0.0,0.9977588,3.8456817,0.0,0.0,1.3000665,1.2129028,0.3941235,0.7216092,0.0,0.0,0.0,0.32494235,0.1383698,0.59494394,0.0,1.2129028,0.0,1.2129028,1.3000665,1.3000665,-0.08716368,12.8,18.134182,18.333334,18.333334,2.0
resstock-amy2018-2021-release-1-9634,0.0,0.0,0.4587291,0.0,0.0,0.47971126,0.0,0.0,0.0,0.0,0.0,0.0,0.0,0.0,0.0,0.0,0.0,0.0,13.49946117401123,0.0,-0.0,0.0,0.0,-0.0,0.0,-0.0,0.0,0.0,-0.0,0.9966401,3.8456817,0.0,0.0,1.8060685,2.2104027,0.7136252,1.3397412,0.0,0.0,0.0,0.3228485,0.1383698,0.6061073,0.0,2.2104027,0.0,2.2104027,2.2857797,1.8060685,-0.07537709,13.9,17.909977,18.333334,18.333334,2.0
resstock-amy2018-2021-release-1-9634,0.0,0.0,0.58243346,0.0,0.0,0.6090739,0.0,0.0,0.0,0.0,0.0,0.0,0.0,0.0,0.0,0.0,0.0,0.0,13.49946117401123,0.0,-0.0,0.0,0.0,-0.0,0.0,-0.0,0.0,0.0,-0.0,0.9955226,3.8456817,0.0,0.0,1.9099504,2.452524,0.791488,1.5082381,0.0,0.0,0.0,0.32272387,0.1383698,0.61497384,0.0,2.452524,0.0,2.452524,2.5190244,1.9099504,-0.06650035,13.3,17.759142,18.333334,18.333334,2.0
resstock-amy2018-2021-release-1-9634,0.0,0.0,0.0,0.0,1.8365319,0.0,0.0,0.0,0.0,0.0,0.0,0.0,0.0,0.0,3.1642256,3.1642256,0.0,0.21994388,13.499420166015625,2.96911486303361,-0.0,3.1642256,0.0,-0.0,0.0,-0.0,0.022659415,0.022659415,-0.0,1.0,3.8456817,0.0,0.0,1.0769501,6.0395255,1.9764516,3.7492537,0.0,0.0,0.0,0.3272528,0.1383698,0.62078613,0.0,6.0395255,0.0,2.8644788,2.9026606,1.0769501,-0.03818182,13.3,17.53415,18.333334,18.333334,2.0
resstock-amy2018-2021-release-1-9634,0.0,0.0,0.0,0.0,1.8990499,0.0,0.0,0.0,0.0,0.0,0.0,0.0,0.0,0.0,3.1170685,3.1170685,0.0,0.43638724,13.499380111694336,5.8909572406229245,-0.0,3.1170685,0.0,-0.0,0.0,-0.0,0.004541979,0.004541979,-0.0,1.0,3.8456817,0.0,0.0,1.0391173,6.0311003,1.9983436,3.7406769,0.0,0.0,0.0,0.3313398,0.1383698,0.6202313,0.0,6.0311003,0.0,2.911789,2.9359245,1.0391173,-0.024135703,12.2,17.155344,18.333334,18.333334,2.0
resstock-amy2018-2021-release-1-9634,0.0,0.0,1.4415712,0.0,1.8990499,1.5075084,0.0,0.0,0.0,0.0,0.0,0.0,0.0,0.0,3.070662,3.070662,0.0,0.6493763,13.499340057373047,8.76615113651178,-0.0,3.070662,0.0,-0.0,0.0,-0.0,0.004541979,0.004541979,-0.0,1.0,3.8456817,0.0,0.0,1.6631925,8.13351,2.7656064,5.0467153,0.0,0.0,0.0,0.3400262,0.1383698,0.62048435,0.0,8.13351,0.0,5.060605,5.0675087,1.6631925,-0.0069038686,12.2,16.773571,18.333334,18.333334,2.0
resstock-amy2018-2021-release-1-9634,0.0,5.051451,1.4415956,0.0,2.3074043,1.5075339,4.4360394,0.0,0.0,0.0,0.0,0.0,0.0,0.0,3.0249963,3.0249963,0.0,0.8589569,13.499300956726074,11.595317343103204,-0.0,3.0249963,0.0,-0.0,0.0,-0.0,0.004541979,0.004541979,-0.0,1.0,3.8456817,4.672622,0.37882915,1.0207806,7.860715,3.207879,4.865112,4.4360394,0.6138139,0.92818916,0.40809,0.1383698,0.61891466,0.20923826,7.860715,0.0,4.833476,4.833476,1.0207806,0.0,12.2,20.024157,18.333334,18.333334,2.0
resstock-amy2018-2021-release-1-9634,0.0,0.8392022,0.0,0.0,2.3074043,0.0,0.08638915,0.0,0.0,0.0,0.0,0.0,0.0,0.0,-2.1237044,0.0,-2.1237044,0.6905974,13.499273300170898,9.322563245076935,2.1237044,0.0,0.0,-0.0,0.0,-0.0,0.004541979,0.004541979,-0.0,1.0,3.8456817,0.8392022,0.0,0.5031136,0.68681335,0.26771298,0.41671315,0.08638915,0.011953649,0.018075915,0.38979,0.1383698,0.6067342,0.20923826,0.68681335,0.0,2.8082414,2.8082414,0.5031136,-0.0,11.7,18.053185,18.333334,18.333334,2.0
resstock-amy2018-2021-release-1-9634,0.0,0.8460913,0.72079796,0.0,0.41781136,0.75376713,0.0,0.0,0.0,0.0,0.0,0.0,0.0,0.0,-3.0161583,0.0,-3.0161583,0.4518973,13.499234199523926,6.100267396782357,3.0161583,0.0,0.0,-0.0,0.0,-0.0,0.0,0.0,-0.0,0.9988788,3.8456817,0.8460913,0.0,0.9688246,-0.8757552,-0.34456587,0.0,0.0,0.0,0.0,0.39345,0.1383698,0.5998956,0.0,0.0,-0.8757552,2.1404033,2.1404033,0.9688246,-0.0,12.2,17.655363,18.333334,18.333334,2.0
resstock-amy2018-2021-release-1-9634,0.0,0.86199754,0.0,0.0,0.4116529,0.0,0.0,0.0,0.0,0.0,0.0,0.0,0.0,0.0,-3.0673368,0.0,-3.0673368,0.20938137,13.499194145202637,2.826479787460215,3.0673368,0.0,0.0,-0.0,0.0,-0.0,0.0,0.0,-0.0,0.9977588,3.8456817,0.86199754,0.0,0.8939127,-1.7617712,-0.60923636,0.0,0.0,0.0,0.0,0.345809,0.1383698,0.5934303,0.0,0.0,-1.7617712,1.3055656,1.3055656,0.8939127,-0.0,13.3,17.158844,18.333334,18.333334,2.0
resstock-amy2018-2021-release-1-9634,0.0,0.8311989,0.0,0.0,0.4239699,0.0,0.0,0.0,0.0,0.0,0.0,0.0,0.0,0.0,-2.6496482,0.0,-2.6496482,0.0,13.499159812927246,0.0,2.6496482,0.0,0.0,-0.0,0.0,-0.0,0.0,0.0,-0.0,0.9966401,3.8456817,0.8311989,0.0,0.8328848,-1.3927935,-0.46148795,0.0,0.0,0.0,0.0,0.3313398,0.1383698,0.58629966,0.0,0.0,-1.3927935,1.2568547,1.2568547,0.8328848,-0.0,11.1,16.566406,18.88889,18.88889,2.0
resstock-amy2018-2021-release-1-9634,0.0,2.4935966,0.0,0.0,0.0,0.0,0.0,0.0,0.0,0.0,0.0,0.0,0.0,0.0,0.0,0.0,0.0,0.0,13.499159812927246,0.0,-0.0,0.0,0.0,-0.0,0.0,-0.0,0.0,0.0,2.4935966,0.31249326,3.8456817,0.0,0.0,0.74050707,0.74050707,0.24118568,0.428182,0.0,0.0,0.0,0.3257034,0.1383698,0.5782281,0.0,0.74050707,0.0,2.0124168,2.0124168,0.74050707,-0.0,11.1,17.44479,18.652779,18.652779,2.0
resstock-amy2018-2021-release-1-9634,0.0,2.474217,0.0,0.0,0.69062716,0.0,0.0,0.0,0.0,0.0,0.0,0.0,0.0,0.0,0.0,0.0,0.0,0.0,13.499159812927246,0.0,-0.0,0.0,0.0,-0.0,0.0,-0.0,0.0,0.0,1.139568,0.0,3.8456817,1.334649,0.0,0.6239545,1.3145816,0.41297582,0.74820524,0.0,0.0,0.0,0.31415,0.1383698,0.56915843,0.0,1.3145816,0.0,1.9042623,1.9042623,0.6239545,-0.0,10.6,17.258118,18.88889,18.88889,2.0
resstock-amy2018-2021-release-1-9634,0.0,2.474217,0.0,0.0,1.2803078,0.0,0.0,0.0,0.0,0.0,0.0,0.0,0.0,0.0,0.0,0.0,0.0,0.0,13.499159812927246,0.0,-0.0,0.0,0.0,-0.0,0.0,-0.0,0.0,0.0,-0.0,0.0,3.8456817,2.474217,0.0,0.5703331,1.8506409,0.5492506,0.989155,0.0,0.0,0.0,0.2967894,0.1383698,0.5344932,0.0,1.8506409,0.0,1.8506409,1.8506409,0.5703331,-0.0,10.6,17.17828,18.333334,18.333334,2.0
resstock-amy2018-2021-release-1-9634,0.0,2.474217,0.0,0.0,1.2803078,0.0,0.0,0.0,0.0,0.0,0.0,0.0,0.0,0.0,0.0,0.0,0.0,0.0,13.499159812927246,0.0,-0.0,0.0,0.0,-0.0,0.0,-0.0,0.0,0.0,-0.0,0.0,3.8456817,2.474217,0.0,0.517308,1.7976158,0.48552847,0.9583705,0.0,0.0,0.0,0.2700958,0.1383698,0.5331342,0.0,1.7976158,0.0,1.7976158,1.7976158,0.517308,-0.0,10.6,17.005108,17.777779,17.777779,2.0
resstock-amy2018-2021-release-1-9634,0.0,2.429889,0.0,0.0,1.3004628,0.0,0.0,0.0,0.0,0.0,0.0,0.0,0.0,0.0,0.0,0.0,0.0,0.0,13.499159812927246,0.0,-0.0,0.0,0.0,-0.0,0.0,-0.0,0.0,0.0,-0.0,0.0,3.8456817,2.429889,0.0,0.40127003,1.7017329,0.39965197,0.8982475,0.0,0.0,0.0,0.23485,0.1383698,0.5278428,0.0,1.7017329,0.0,1.7017329,1.7017329,0.40127003,-0.0,9.4,16.758375,17.222221,17.222221,2.0
resstock-amy2018-2021-release-1-9634,0.0,2.429889,0.0,0.0,2.3074043,0.0,2.0909908,0.0,0.0,0.0,0.0,0.0,0.0,0.0,3.1642256,3.1642256,0.0,0.21994388,13.49911880493164,2.9690485805072058,-0.0,3.1642256,0.0,-0.0,0.0,-0.0,3.8456817,3.8456817,-0.0,0.94932187,3.8456817,2.429889,0.0,0.40161616,5.873246,1.3435051,3.0962691,2.0909908,0.28932998,0.4375153,0.22875,0.1383698,0.5271819,0.20923826,5.873246,0.0,0.65083313,0.65083313,0.40161616,-0.0,9.4,16.59646,17.222221,17.222221,2.0
resstock-amy2018-2021-release-1-9634,0.0,0.8172265,0.7214613,0.0,2.3074043,0.7544608,0.29693457,0.0,0.0,0.0,0.0,0.0,0.0,0.0,3.1170685,3.1170685,0.0,0.43638724,13.499078750610352,5.890825730490974,-0.0,3.1170685,0.0,-0.0,0.0,-0.0,0.20960787,0.20960787,-0.0,1.0,3.8456817,0.8172265,0.0,0.42079672,6.59973,1.4986885,3.4703603,0.29693457,0.041086778,0.062130075,0.2270833,0.1383698,0.52583367,0.20923826,6.59973,0.0,3.3723392,3.3723392,0.42079672,-0.0,10.0,15.521571,17.222221,17.222221,2.0
resstock-amy2018-2021-release-1-9634,0.0,7.972532,1.4429275,0.0,2.3074043,1.5089267,8.065526,0.0,0.0,0.0,0.0,0.0,0.0,0.0,3.070662,3.070662,0.0,0.6493763,13.499038696289062,8.765955439774189,-0.0,3.070662,0.0,-0.0,0.0,-0.0,0.004541979,0.004541979,-0.0,1.0,3.8456817,4.184241,3.7882907,0.45650008,7.343493,1.9834466,3.8119192,8.065526,1.1160252,1.6876166,0.2700958,0.1383698,0.51908803,0.20923826,7.343493,0.0,4.2703266,4.2703266,0.45650008,-0.0,8.3,20.036278,17.222221,17.222221,2.0
resstock-amy2018-2021-release-1-9634,0.0,0.0,0.0,0.0,2.0240862,0.0,0.0,0.0,0.0,0.0,0.0,0.0,0.0,0.0,3.0249963,3.0249963,0.0,0.8589569,13.49899959564209,11.595058486928735,-0.0,3.0249963,0.0,-0.0,0.0,-0.0,0.004541979,0.004541979,-0.0,1.0,3.8456817,0.0,0.0,0.5189465,5.568029,1.7938942,2.8857517,0.0,0.0,0.0,0.3221776,0.1383698,0.5182717,0.0,5.568029,0.0,2.540642,2.540642,0.5189465,-0.0,10.0,17.377686,17.222221,17.222221,2.0
resstock-amy2018-2021-release-1-9634,0.0,7.972532,0.0,0.0,2.3074043,0.0,4.032763,0.0,0.0,0.0,0.0,0.0,0.0,0.0,1.9311094,1.9311094,0.0,0.9922078,13.498974800109863,13.393788428628852,-0.0,1.9311094,0.0,-0.0,0.0,-0.0,0.0,0.0,-0.0,0.9988788,3.8456817,4.184241,3.7882907,0.61453795,4.8530517,1.5638405,2.5215743,4.032763,0.5580126,0.8438083,0.3222386,0.1383698,0.5195853,0.20923826,4.8530517,0.0,2.9219422,2.9219422,0.61453795,-0.0,8.3,21.706306,17.222221,17.222221,2.0
resstock-amy2018-2021-release-1-9634,0.0,0.0,0.0,0.0,0.0,0.0,0.0,0.0,0.0,0.0,0.0,0.0,0.0,0.0,-0.8185074,0.0,-0.8185074,0.9231585,13.498964309692383,12.461684000339801,0.8185074,0.0,0.0,-0.0,0.0,-0.0,0.0,0.0,-0.0,0.9977588,3.8456817,0.0,0.0,1.1432062,0.32408512,0.10763929,0.16902402,0.0,0.0,0.0,0.3321328,0.1383698,0.5215421,0.0,0.32408512,0.0,1.1425924,1.1432062,1.1432062,-0.00061375403,10.6,17.977001,18.453703,18.453703,2.0
resstock-amy2018-2021-release-1-9634,0.0,0.0,0.81430584,0.0,0.0,0.85155207,0.0,0.0,0.0,0.0,0.0,0.0,0.0,0.0,-1.4948481,0.0,-1.4948481,0.8016958,13.498945236206055,10.82204801980879,1.4948481,0.0,0.0,-0.0,0.0,-0.0,0.0,0.0,-0.0,0.9966401,3.8456817,0.0,0.0,0.98876023,0.3329031,0.11006036,0.17653063,0.0,0.0,0.0,0.3306078,0.1383698,0.53027636,0.0,0.3329031,0.0,1.8277512,1.8403122,0.98876023,-0.012561112,11.7,17.05371,18.333334,18.333334,2.0
resstock-amy2018-2021-release-1-9634,0.0,0.0,0.0,0.0,0.0,0.0,0.0,0.0,0.0,0.0,0.0,0.0,0.0,0.0,-2.684578,0.0,-2.684578,0.5908524,13.498909950256348,7.9758630687998675,2.684578,0.0,0.0,-0.0,0.0,-0.0,0.0,0.0,-0.0,0.9955226,3.8456817,0.0,0.0,1.0176544,-1.6931489,-0.5454946,0.0,0.0,0.0,0.0,0.3221776,0.1383698,0.5318074,0.0,0.0,-1.6931489,0.9914291,1.0176544,1.0176544,-0.026225293,12.8,16.624256,18.333334,18.333334,2.0
resstock-amy2018-2021-release-1-9634,0.0,2.5639057,0.0,0.0,0.0,0.0,0.0,0.0,0.0,0.0,0.0,0.0,0.0,0.0,-3.037544,0.0,-3.037544,0.3505595,13.498870849609375,4.732157453940999,3.037544,0.0,0.0,-0.0,0.0,-0.0,0.0,0.0,2.5639057,0.29211843,3.8456817,0.0,0.0,0.9885135,-2.0653768,-0.63674325,0.0,0.0,0.0,0.0,0.308294,0.1383698,0.5309641,0.0,0.0,-2.0653768,2.2155237,2.23187,0.9885135,-0.016346324,12.8,18.238056,18.333334,18.333334,2.0
resstock-amy2018-2021-release-1-9634,0.0,2.5176067,0.0,0.0,0.72791696,0.0,0.0,0.0,0.0,0.0,0.0,0.0,0.0,0.0,-3.0890641,0.0,-3.0890641,0.10641931,13.498830795288086,1.436536258686516,3.0890641,0.0,0.0,-0.0,0.0,-0.0,0.0,0.0,1.0652672,0.0,3.8456817,1.4523395,0.0,0.98500293,-1.4007418,-0.422954,0.0,0.0,0.0,0.0,0.30195,0.1383698,0.5239401,0.0,0.0,-1.4007418,2.2222373,2.246835,0.98500293,-0.024597678,11.7,18.263695,17.777779,17.777779,2.0
resstock-amy2018-2021-release-1-9634,0.0,2.5176067,0.0,0.0,1.2618321,0.0,0.0,0.0,0.0,0.0,0.0,0.0,0.0,0.0,-1.3458017,0.0,-1.3458017,0.0,13.49881362915039,0.0,1.3458017,0.0,0.0,-0.0,0.0,-0.0,0.0,0.0,-0.0,0.0,3.8456817,2.5176067,0.0,0.8392982,0.73785937,0.2225806,0.3773565,0.0,0.0,0.0,0.3016572,0.1383698,0.5114206,0.0,0.73785937,0.0,2.083661,2.1011302,0.8392982,-0.017469192,11.7,18.501373,17.777779,17.777779,2.0
resstock-amy2018-2021-release-1-9634,0.0,2.534091,0.0,0.0,1.2551138,0.0,0.0,0.0,0.0,0.0,0.0,0.0,0.0,0.0,0.0,0.0,0.0,0.0,13.49881362915039,0.0,-0.0,0.0,0.0,-0.0,0.0,-0.0,0.0,0.0,-0.0,0.0,3.8456817,2.534091,0.0,1.0769501,2.3134978,0.71323746,1.1542877,0.0,0.0,0.0,0.308294,0.1383698,0.49893615,0.0,2.3134978,0.0,2.3134978,2.332064,1.0769501,-0.018566152,12.1,18.51184,17.222221,17.222221,2.0
resstock-amy2018-2021-release-1-9634,0.0,8.392022,0.0,0.0,2.3074043,0.0,8.065525,0.0,0.0,0.0,0.0,0.0,0.0,0.0,3.1642256,3.1642256,0.0,0.21994388,13.498772621154785,2.968972439503773,-0.0,3.1642256,0.0,-0.0,0.0,-0.0,3.7882907,3.7882907,-0.0,0.9351547,3.8456817,4.6037316,3.7882905,1.0391173,6.4936604,2.0795949,3.1607223,8.065525,1.1160251,1.6876165,0.32025,0.1383698,0.4867397,0.20923826,6.4936604,0.0,1.4307323,1.4478189,1.0391173,-0.017086603,11.7,21.86317,17.222221,17.222221,2.0
resstock-amy2018-2021-release-1-9634,0.0,0.83133,0.0,0.0,2.3074043,0.0,0.16181178,0.0,0.0,0.0,0.0,0.0,0.0,0.0,-2.7835033,0.0,-2.7835033,0.0,13.498736381530762,0.0,2.7835033,0.0,0.0,-0.0,0.0,-0.0,0.2669345,0.2669345,-0.0,1.0,3.8456817,0.83133,0.0,0.9770343,0.49422994,0.16123164,0.23958169,0.16181178,0.022389865,0.033857215,0.326228,0.1383698,0.48475754,0.20923826,0.49422994,0.0,3.1416173,3.1483226,0.9770343,-0.0067053833,11.11,18.383411,17.222221,17.222221,2.0
resstock-amy2018-2021-release-1-9634,0.0,8.311989,0.0,0.0,2.3074043,0.0,4.032763,0.0,0.0,0.0,0.0,0.0,0.0,0.0,0.0,0.0,0.0,0.0,13.498736381530762,0.0,-0.0,0.0,0.0,-0.0,0.0,-0.0,0.0,0.0,-0.0,0.9988788,3.8456817,4.523698,3.7882907,1.7069389,4.0143433,1.3364295,1.9968538,4.032763,0.5580126,0.8438083,0.3329136,0.1383698,0.49742976,0.20923826,4.0143433,0.0,4.0143433,4.0143433,1.7069389,0.0,11.1,23.73568,17.222221,17.222221,2.0
resstock-amy2018-2021-release-1-9634,0.0,0.8311989,0.0,0.0,2.3074043,0.0,0.16306788,0.0,0.0,0.0,0.0,0.0,0.0,0.0,0.0,0.0,0.0,0.0,13.498736381530762,0.0,-0.0,0.0,0.0,-0.0,0.0,-0.0,0.009078935,0.009078935,-0.0,1.0,3.8456817,0.8311989,0.0,1.0137738,3.321178,1.1041256,1.7250657,0.16306788,0.02256367,0.03412004,0.33245,0.1383698,0.5194138,0.20923826,3.321178,0.0,3.3165472,3.3165472,1.0137738,-0.0,11.1,19.321491,17.222221,17.222221,2.0
resstock-amy2018-2021-release-1-9634,0.0,8.463712,0.0,0.0,2.3074043,0.0,4.032763,0.0,0.0,0.0,0.0,0.0,0.0,0.0,0.0,0.0,0.0,0.0,13.498736381530762,0.0,-0.0,0.0,0.0,-0.0,0.0,-0.0,0.0,0.0,-0.0,0.9988788,3.8456817,4.6754208,3.7882907,0.9688246,3.276229,1.088143,1.7147701,4.032763,0.5580126,0.8438083,0.3321328,0.1383698,0.5233975,0.20923826,3.276229,0.0,3.276229,3.276229,0.9688246,-0.0,12.22,24.317099,17.222221,17.222221,2.0
resstock-amy2018-2021-release-1-9634,0.0,0.8392022,2.1643915,0.0,2.3074043,2.2633903,0.08638915,0.0,0.0,0.0,0.0,0.0,0.0,0.0,0.0,0.0,0.0,0.0,13.498736381530762,0.0,-0.0,0.0,0.0,-0.0,0.0,-0.0,0.009078935,0.009078935,-0.0,1.0,3.8456817,0.8392022,0.0,0.8939127,5.4647074,1.7835406,2.8567579,0.08638915,0.011953649,0.018075915,0.3263744,0.1383698,0.52276504,0.20923826,5.4647074,0.0,5.460157,5.460157,0.8939127,-0.0,11.7,19.565512,18.88889,18.88889,2.0
resstock-amy2018-2021-release-1-9634,0.0,8.405638,0.0,0.0,2.3074043,0.0,4.032763,0.0,0.0,0.0,0.0,0.0,0.0,0.0,0.0,0.0,0.0,0.0,13.498736381530762,0.0,-0.0,0.0,0.0,-0.0,0.0,-0.0,0.0,0.0,-0.0,0.9988788,3.8456817,4.617347,3.7882907,0.8328848,3.140289,1.0052562,1.6344379,4.032763,0.5580126,0.8438083,0.3201158,0.1383698,0.5204737,0.20923826,3.140289,0.0,3.140289,3.140289,0.8328848,-0.0,11.8,24.898062,18.88889,18.88889,2.0
resstock-amy2018-2021-release-1-9634,0.0,0.8460913,0.0,0.0,0.41781136,0.0,0.0,0.0,0.0,0.0,0.0,0.0,0.0,0.0,0.0,0.0,0.0,0.0,13.498736381530762,0.0,-0.0,0.0,0.0,-0.0,0.0,-0.0,0.0,0.0,-0.0,0.9977588,3.8456817,0.8460913,0.0,0.74050707,1.1583184,0.34773344,0.59317434,0.0,0.0,0.0,0.3002054,0.1383698,0.51209956,0.0,1.1583184,0.0,1.1583184,1.1583184,0.74050707,-0.0,12.2,20.00676,18.652779,18.652779,2.0
resstock-amy2018-2021-release-1-9634,0.0,8.460913,0.0,0.0,2.3074043,0.0,4.032763,0.0,0.0,0.0,0.0,0.0,0.0,0.0,0.0,0.0,0.0,0.0,13.498736381530762,0.0,-0.0,0.0,0.0,-0.0,0.0,-0.0,0.0,0.0,-0.0,0.9966401,3.8456817,4.672622,3.7882907,0.4437969,2.7512012,0.74678,1.3865132,4.032763,0.5580126,0.8438083,0.2714378,0.1383698,0.5039665,0.20923826,2.7512012,0.0,2.7512012,2.7512012,0.4437969,-0.0,12.2,25.214035,18.333334,18.333334,2.0
resstock-amy2018-2021-release-1-9634,0.0,0.84890497,0.0,0.0,0.41669163,0.0,0.0,0.0,0.0,0.0,0.0,0.0,0.0,0.0,0.0,0.0,0.0,0.0,13.498736381530762,0.0,-0.0,0.0,0.0,-0.0,0.0,-0.0,0.0,0.0,-0.0,0.9955226,3.8456817,0.84890497,0.0,0.4247888,0.84148043,0.19916159,0.40504932,0.0,0.0,0.0,0.23668,0.1383698,0.48135322,0.0,0.84148043,0.0,0.84148043,0.84148043,0.4247888,-0.0,12.4,20.319057,17.777779,17.777779,2.0
resstock-amy2018-2021-release-1-9634,0.0,8.460913,0.0,0.0,2.3074043,0.0,4.032763,0.0,0.0,0.0,0.0,0.0,0.0,0.0,0.0,0.0,0.0,0.0,13.498736381530762,0.0,-0.0,0.0,0.0,-0.0,0.0,-0.0,0.0,0.0,-0.0,0.99440646,3.8456817,4.672622,3.7882907,0.4057807,2.713185,0.63460964,1.331995,4.032763,0.5580126,0.8438083,0.2338984,0.1383698,0.49093407,0.20923826,2.713185,0.0,2.713185,2.713185,0.4057807,-0.0,12.2,25.912806,17.777779,17.777779,2.0
resstock-amy2018-2021-release-1-9634,0.0,0.8460913,0.0,0.0,0.41781136,0.0,0.0,0.0,0.0,0.0,0.0,0.0,0.0,0.0,0.0,0.0,0.0,0.0,13.498736381530762,0.0,-0.0,0.0,0.0,-0.0,0.0,-0.0,0.0,0.0,-0.0,0.9932915,3.8456817,0.8460913,0.0,0.40127003,0.8190814,0.17237568,0.3981209,0.0,0.0,0.0,0.21045,0.1383698,0.4860578,0.0,0.8190814,0.0,0.8190814,0.8190814,0.40127003,-0.0,12.2,20.993895,17.777779,17.777779,2.0
resstock-amy2018-2021-release-1-9634,0.0,8.392022,0.0,0.0,2.3074043,0.0,4.0327625,0.0,0.0,0.0,0.0,0.0,0.0,0.0,0.0,0.0,0.0,0.0,13.498736381530762,0.0,-0.0,0.0,0.0,-0.0,0.0,-0.0,0.0,0.0,-0.0,0.9921778,3.8456817,4.6037316,3.7882905,0.40161616,2.7090204,0.6490038,1.323394,4.0327625,0.55801255,0.84380823,0.2395714,0.1383698,0.48851386,0.20923826,2.7090204,0.0,2.7090204,2.7090204,0.40161616,-0.0,11.7,26.606434,17.222221,17.222221,2.0
resstock-amy2018-2021-release-1-9634,0.0,0.8392022,0.0,0.0,2.3074043,0.0,0.08638915,0.0,0.0,0.0,0.0,0.0,0.0,0.0,3.1642256,3.1642256,0.0,0.21994388,13.498695373535156,2.968955449362511,-0.0,3.1642256,0.0,-0.0,0.0,-0.0,0.036194187,0.036194187,-0.0,1.0,3.8456817,0.8392022,0.0,0.42079672,5.8924265,1.4413464,2.931831,0.08638915,0.011953649,0.018075915,0.24461,0.1383698,0.4975592,0.20923826,5.8924265,0.0,2.7100604,2.7100604,0.42079672,-0.0,11.7,21.738632,17.222221,17.222221,2.0
resstock-amy2018-2021-release-1-9634,0.0,8.392022,0.0,0.0,2.3074043,0.0,8.065525,0.0,0.0,0.0,0.0,0.0,0.0,0.0,3.1170685,3.1170685,0.0,0.43638724,13.498655319213867,5.890640950432157,-0.0,3.1170685,0.0,-0.0,0.0,-0.0,0.004541979,0.004541979,-0.0,1.0,3.8456817,4.6037316,3.7882905,0.45650008,5.880973,1.4887682,2.9958568,8.065525,1.1160251,1.6876165,0.25315,0.1383698,0.50941515,0.20923826,5.880973,0.0,2.761628,2.761628,0.45650008,-0.0,11.7,27.39637,17.222221,17.222221,2.0
resstock-amy2018-2021-release-1-9634,0.0,8.460913,0.0,0.0,2.3074043,0.0,8.065526,0.0,0.0,0.0,0.0,0.0,0.0,0.0,3.070662,3.070662,0.0,0.6493763,13.498615264892578,8.765680473472003,-0.0,3.070662,0.0,-0.0,0.0,-0.0,0.004541979,0.004541979,-0.0,1.0,3.8456817,4.672622,3.7882907,0.5189465,5.8970127,1.7559983,3.0488126,8.065526,1.1160252,1.6876166,0.2977776,0.1383698,0.5170097,0.20923826,5.8970127,0.0,2.824108,2.824108,0.5189465,-0.0,12.2,25.638336,17.222221,17.222221,2.0
resstock-amy2018-2021-release-1-9634,0.0,0.0,0.0,0.0,1.8990499,0.0,0.0,0.0,0.0,0.0,0.0,0.0,0.0,0.0,3.0249963,3.0249963,0.0,0.8589569,13.498576164245605,11.594694777620305,-0.0,3.0249963,0.0,-0.0,0.0,-0.0,0.004541979,0.004541979,-0.0,1.0,3.8456817,0.0,0.0,0.61453795,5.538584,1.7737316,2.8999403,0.0,0.0,0.0,0.32025,0.1383698,0.5235887,0.0,5.538584,0.0,2.5113451,2.5113451,0.61453795,-0.0,12.2,21.491116,17.222221,17.222221,2.0
resstock-amy2018-2021-release-1-9634,0.0,0.0,0.0,0.0,0.0,0.0,0.0,0.0,0.0,0.0,0.0,0.0,0.0,0.0,-2.1237044,0.0,-2.1237044,0.6905974,13.49854850769043,9.322062705263534,2.1237044,0.0,0.0,-0.0,0.0,-0.0,0.0,0.0,-0.0,0.9988788,3.8456817,0.0,0.0,1.1432062,-0.99080896,-0.35081413,0.0,0.0,0.0,0.0,0.3540684,0.1383698,0.5270731,0.0,0.0,-0.99080896,1.1328955,1.1432062,1.1432062,-0.010310785,13.9,20.545628,18.453703,18.453703,2.0
resstock-amy2018-2021-release-1-9634,0.0,8.619975,0.0,0.0,2.3074043,0.0,4.032763,0.0,0.0,0.0,0.0,0.0,0.0,0.0,0.0,0.0,0.0,0.6889282,13.49854850769043,9.29953054909663,-0.0,0.0,0.0,-0.0,0.0,-0.0,0.0,0.0,-0.0,0.9977588,3.8456817,4.8316846,3.7882907,0.98876023,3.2039986,1.0308493,1.7327329,4.032763,0.5580126,0.8438083,0.3217384,0.1383698,0.54080325,0.20923826,3.2039986,0.0,3.2039986,3.2961645,0.98876023,-0.09216595,13.3,26.570482,18.88889,18.88889,2.0
resstock-amy2018-2021-release-1-9634,0.0,0.0,0.0,0.0,0.0,0.0,0.0,0.0,0.0,0.0,0.0,0.0,0.0,0.0,-3.0165162,0.0,-3.0165162,0.45020145,13.498509407043457,6.077048531895514,3.0165162,0.0,0.0,-0.0,0.0,-0.0,0.0,0.0,-0.0,0.9966401,3.8456817,0.0,0.0,1.3192035,-1.8392606,-0.5751783,0.0,0.0,0.0,0.0,0.3127226,0.1383698,0.5549155,0.0,0.0,-1.8392606,1.1772556,1.3192035,1.3192035,-0.14194782,13.3,23.07479,18.88889,18.88889,2.0
resstock-amy2018-2021-release-1-9634,0.0,0.0,0.0,0.0,0.0,0.0,0.0,0.0,0.0,0.0,0.0,0.0,0.0,0.0,-3.0677004,0.0,-3.0677004,0.20765837,13.498469352722168,2.8030700807677107,3.0677004,0.0,0.0,-0.0,0.0,-0.0,0.0,0.0,-0.0,0.9955226,3.8456817,0.0,0.0,1.3000665,-1.8987048,-0.56983924,0.0,0.0,0.0,0.0,0.30012,0.1383698,0.5545278,0.0,0.0,-1.8987048,1.1689956,1.3000665,1.3000665,-0.13107087,13.9,21.950932,18.88889,18.88889,2.0
resstock-amy2018-2021-release-1-9634,0.0,5.2019463,1.4442214,0.0,0.69709766,1.5102798,0.0,0.0,0.0,0.0,0.0,0.0,0.0,0.0,-2.6278148,0.0,-2.6278148,0.0,13.498435020446777,0.0,2.6278148,0.0,0.0,-0.0,0.0,-0.0,0.0,0.0,3.6303687,0.0,3.8456817,1.5715775,0.0,1.3070338,0.78471017,0.23159166,0.41622397,0.0,0.0,0.0,0.2951302,0.1383698,0.53041744,0.0,0.78471017,0.0,5.022831,5.124717,1.3070338,-0.10188613,15.6,24.154705,18.88889,18.88889,2.0
resstock-amy2018-2021-release-1-9634,0.0,8.990237,0.0,0.0,2.3074043,0.0,8.065526,0.0,0.0,0.0,0.0,0.0,0.0,0.0,3.1642256,3.1642256,0.0,0.21994388,13.498394012451172,2.9688891668361066,-0.0,3.1642256,0.0,-0.0,0.0,-0.0,3.7882907,3.7882907,-0.0,0.9351547,3.8456817,5.2019463,3.7882907,1.1613982,6.551581,1.9542712,3.3134878,8.065526,1.1160252,1.6876166,0.29829,0.1383698,0.50575393,0.20923826,6.551581,0.0,1.7070003,1.7884475,1.1613982,-0.08144722,15.6,25.444996,19.444445,19.444445,2.0
resstock-amy2018-2021-release-1-9634,0.0,5.8737035,0.0,0.0,2.3074043,0.0,4.4360394,0.0,0.0,0.0,0.0,0.0,0.0,0.0,3.1170685,3.1170685,0.0,0.43638724,13.498353958129883,5.890509440300207,-0.0,3.1170685,0.0,-0.0,0.0,-0.0,0.2669345,0.2669345,-0.0,1.0,3.8456817,5.4948745,0.3788292,1.861131,7.112401,2.2219524,3.4538903,4.4360394,0.6138139,0.92818916,0.3124054,0.1383698,0.48561522,0.20923826,7.112401,0.0,3.8832414,4.0564437,1.861131,-0.17320241,17.2,24.896547,20.0,20.0,2.0
resstock-amy2018-2021-release-1-9634,0.0,8.711388,0.0,0.0,2.3074043,0.0,8.065526,0.0,0.0,0.0,0.0,0.0,0.0,0.0,3.070662,3.070662,0.0,0.6493763,13.498313903808594,8.76548477673441,-0.0,3.070662,0.0,-0.0,0.0,-0.0,0.004541979,0.004541979,-0.0,1.0,3.8456817,4.923097,3.7882905,2.5094564,7.6771026,2.4722664,3.8916392,8.065526,1.1160252,1.6876166,0.3220312,0.1383698,0.5069151,0.20923826,7.6771026,0.0,4.604312,4.814732,2.5094564,-0.21042019,13.9,25.796953,20.0,20.0,2.0
resstock-amy2018-2021-release-1-9634,0.0,0.8790249,2.1663065,0.0,2.179508,2.265393,0.0,0.0,0.0,0.0,0.0,0.0,0.0,0.0,3.0249963,3.0249963,0.0,0.8589569,13.498274803161621,11.594435921445836,-0.0,3.0249963,0.0,-0.0,0.0,-0.0,0.004541979,0.004541979,-0.0,1.0,3.8456817,0.8790249,0.0,0.9770343,8.374226,2.7886088,4.192845,0.0,0.0,0.0,0.332999,0.1383698,0.5006845,0.0,8.374226,0.0,5.347134,5.4198403,0.9770343,-0.07270613,14.4,22.892666,20.0,20.0,2.0
resstock-amy2018-2021-release-1-9634,0.0,8.790249,1.4442183,0.0,2.3074043,1.5102766,4.0327625,0.0,0.0,0.0,0.0,0.0,0.0,0.0,0.0,0.0,0.0,0.8568807,13.498274803161621,11.566411491889482,-0.0,0.0,0.0,-0.0,0.0,-0.0,0.0,0.0,-0.0,0.9988788,3.8456817,5.0019584,3.7882905,1.0207806,4.8346176,1.6766908,2.6190164,4.0327625,0.55801255,0.84380823,0.3468094,0.1383698,0.5417215,0.20923826,4.8346176,0.0,4.8346176,4.8384614,1.0207806,-0.0038436821,14.4,27.321785,19.444445,19.444445,2.0
resstock-amy2018-2021-release-1-9634,0.0,0.88882834,0.0,0.0,0.40213513,0.0,0.0,0.0,0.0,0.0,0.0,0.0,0.0,0.0,-2.14404,0.0,-2.14404,0.68703264,13.498247146606445,9.273736372239796,2.14404,0.0,0.0,-0.0,0.0,-0.0,0.0,0.0,-0.0,0.9977588,3.8456817,0.88882834,0.0,1.0137738,-0.7281312,-0.25539201,0.0,0.0,0.0,0.0,0.35075,0.1383698,0.5782379,0.0,0.0,-0.7281312,1.4159089,1.4159089,1.0137738,-0.0,15.0,23.098476,20.0,20.0,2.0
resstock-amy2018-2021-release-1-9634,0.0,8.990237,2.166335,0.0,2.3074043,2.2654228,4.032763,0.0,0.0,0.0,0.0,0.0,0.0,0.0,0.0,0.0,0.0,0.68537205,13.498247146606445,9.251321380056083,-0.0,0.0,0.0,-0.0,0.0,-0.0,0.0,0.0,-0.0,0.9966401,3.8456817,5.2019463,3.7882907,0.9688246,5.5416517,1.9207475,3.2205381,4.032763,0.5580126,0.8438083,0.346602,0.1383698,0.5811513,0.20923826,5.5416517,0.0,5.5416517,5.5416517,0.9688246,-0.0,15.6,27.678587,20.0,20.0,2.0
resstock-amy2018-2021-release-1-9634,0.0,0.88882834,0.0,0.0,0.40213513,0.0,0.0,0.0,0.0,0.0,0.0,0.0,0.0,0.0,-3.0172787,0.0,-3.0172787,0.44658858,13.498208045959473,6.028145507637021,3.0172787,0.0,0.0,-0.0,0.0,-0.0,0.0,0.0,-0.0,0.9955226,3.8456817,0.88882834,0.0,0.8939127,-1.7212309,-0.5722232,0.0,0.0,0.0,0.0,0.33245,0.1383698,0.55415505,0.0,0.0,-1.7212309,1.2960478,1.2960478,0.8939127,-0.0,15.0,22.772573,20.0,20.0,2.0
resstock-amy2018-2021-release-1-9634,0.0,8.711388,1.4442223,0.0,2.3074043,1.5102808,4.032763,0.0,0.0,0.0,0.0,0.0,0.0,0.0,0.0,0.0,0.0,0.44550917,13.498208045959473,6.013575402644136,-0.0,0.0,0.0,-0.0,0.0,-0.0,0.0,0.0,-0.0,0.99440646,3.8456817,4.923097,3.7882905,0.8328848,4.65057,1.4896854,2.4539814,4.032763,0.5580126,0.8438083,0.3203232,0.1383698,0.52767324,0.20923826,4.65057,0.0,4.65057,4.65057,0.8328848,-0.0,13.9,27.496807,18.88889,18.88889,2.0
resstock-amy2018-2021-release-1-9634,0.0,0.88882834,0.0,0.0,0.40213513,0.0,0.0,0.0,0.0,0.0,0.0,0.0,0.0,0.0,-3.0687063,0.0,-3.0687063,0.20289092,13.498167991638184,2.7386556905361914,3.0687063,0.0,0.0,-0.0,0.0,-0.0,0.0,0.0,-0.0,0.9932915,3.8456817,0.88882834,0.0,0.45562336,-2.2109478,-0.6810554,0.0,0.0,0.0,0.0,0.3080378,0.1383698,0.5009705,0.0,0.0,-2.2109478,0.8577585,0.8577585,0.45562336,-0.0,15.0,22.443659,18.666666,18.666666,2.0
resstock-amy2018-2021-release-1-9634,0.0,8.790249,0.0,0.0,2.3074043,0.0,4.0327625,0.0,0.0,0.0,0.0,0.0,0.0,0.0,0.0,0.0,0.0,0.20240052,13.498167991638184,2.732036226546981,-0.0,0.0,0.0,-0.0,0.0,-0.0,0.0,0.0,-0.0,0.9921778,3.8456817,5.0019584,3.7882905,0.4437969,2.7512012,0.70619303,1.2607727,4.0327625,0.55801255,0.84380823,0.25668535,0.1383698,0.45826265,0.20923826,2.7512012,0.0,2.7512012,2.7512012,0.4437969,-0.0,14.4,27.525177,20.0,20.0,2.0
resstock-amy2018-2021-release-1-9634,0.0,0.88882834,0.0,0.0,0.40213513,0.0,0.0,0.0,0.0,0.0,0.0,0.0,0.0,0.0,-2.4211357,0.0,-2.4211357,0.011041359,13.498136520385742,0.1490377717547613,2.4211357,0.0,0.0,-0.0,0.0,-0.0,0.0,0.0,-0.0,0.9910653,3.8456817,0.88882834,0.0,0.4247888,-1.5942117,-0.4346548,0.0,0.0,0.0,0.0,0.2726456,0.1383698,0.4528092,0.0,0.0,-1.5942117,0.82692397,0.82692397,0.4247888,-0.0,15.0,22.601397,20.0,20.0,2.0
resstock-amy2018-2021-release-1-9634,0.0,2.6370747,0.0,0.0,0.0,0.0,0.0,0.0,0.0,0.0,0.0,0.0,0.0,0.0,-0.13954511,0.0,-0.13954511,0.0,13.49813461303711,0.0,0.13954511,0.0,0.0,-0.0,0.0,-0.0,0.0,0.0,2.6370747,0.26762414,3.8456817,0.0,0.0,0.4057807,0.2662356,0.06349985,0.106021255,0.0,0.0,0.0,0.23851,0.1383698,0.39822346,0.0,0.2662356,0.0,1.6222637,1.6222637,0.4057807,-0.0,14.4,23.17138,20.0,20.0,2.0
resstock-amy2018-2021-release-1-9634,0.0,2.630692,0.0,0.0,0.7665962,0.0,0.0,0.0,0.0,0.0,0.0,0.0,0.0,0.0,0.0,0.0,0.0,0.0,13.49813461303711,0.0,-0.0,0.0,0.0,-0.0,0.0,-0.0,0.0,0.0,0.975944,0.0,3.8456817,1.654748,0.0,0.40127003,1.1678662,0.255751,0.46613312,0.0,0.0,0.0,0.21899,0.1383698,0.39913228,0.0,1.1678662,0.0,1.6199925,1.6199925,0.40127003,-0.0,14.266666,22.23861,19.444445,19.444445,2.0
resstock-amy2018-2021-release-1-9634,0.0,2.6370747,0.0,0.0,2.3074043,0.0,1.5763593,0.0,0.0,0.0,0.0,0.0,0.0,0.0,3.1642256,3.1642256,0.0,0.21994388,13.498093605041504,2.9688230940645326,-0.0,3.1642256,0.0,-0.0,0.0,-0.0,3.8456817,3.8456817,-0.0,0.94932187,3.8456817,2.6370747,0.0,0.40161616,5.873246,1.2360246,2.3273873,1.5763593,0.21812052,0.32983467,0.21045,0.1383698,0.39626932,0.20923826,5.873246,0.0,0.9350071,0.9350071,0.40161616,-0.0,14.4,21.747961,19.444445,19.444445,2.0
resstock-amy2018-2021-release-1-9634,0.0,0.8790249,0.0,0.0,2.179508,0.0,0.0,0.0,0.0,0.0,0.0,0.0,0.0,0.0,3.1170685,3.1170685,0.0,0.43638724,13.498053550720215,5.89037834633956,-0.0,3.1170685,0.0,-0.0,0.0,-0.0,0.20960787,0.20960787,-0.0,1.0,3.8456817,0.8790249,0.0,0.42079672,5.717373,1.2548375,2.37809,0.0,0.0,0.0,0.219478,0.1383698,0.41594103,0.0,5.717373,0.0,2.5036123,2.5036123,0.42079672,-0.0,14.4,20.159454,19.444445,19.444445,2.0
resstock-amy2018-2021-release-1-9634,0.0,8.790249,0.0,0.0,2.3074043,0.0,8.065525,0.0,0.0,0.0,0.0,0.0,0.0,0.0,3.070662,3.070662,0.0,0.6493763,13.498013496398926,8.765289699290292,-0.0,3.070662,0.0,-0.0,0.0,-0.0,0.004541979,0.004541979,-0.0,1.0,3.8456817,5.0019584,3.7882905,0.45650008,5.834566,1.494104,2.5521777,8.065525,1.1160251,1.6876165,0.256078,0.1383698,0.43742374,0.20923826,5.834566,0.0,2.7618089,2.7618089,0.45650008,-0.0,14.4,26.67594,18.88889,18.88889,2.0
resstock-amy2018-2021-release-1-9634,0.0,8.711388,0.0,0.0,2.3074043,0.0,8.065526,0.0,0.0,0.0,0.0,0.0,0.0,0.0,3.0249963,3.0249963,0.0,0.8589569,13.497974395751953,11.594177884436476,-0.0,3.0249963,0.0,-0.0,0.0,-0.0,0.004541979,0.004541979,-0.0,1.0,3.8456817,4.923097,3.7882905,0.5189465,5.851347,1.8607588,2.736305,8.065526,1.1160252,1.6876166,0.3180052,0.1383698,0.46763676,0.20923826,5.851347,0.0,2.8242218,2.8242218,0.5189465,-0.0,13.9,25.474867,18.88889,18.88889,2.0
resstock-amy2018-2021-release-1-9634,0.0,0.0,0.0,0.0,0.0,0.0,0.0,0.0,0.0,0.0,0.0,0.0,0.0,0.0,-2.1237044,0.0,-2.1237044,0.6905974,13.497946739196777,9.321647125497407,2.1237044,0.0,0.0,-0.0,0.0,-0.0,0.0,0.0,-0.0,0.9988788,3.8456817,0.0,0.0,0.90280545,-1.220899,-0.4064092,0.0,0.0,0.0,0.0,0.332877,0.1383698,0.50495416,0.0,0.0,-1.220899,0.90280545,0.90280545,0.90280545,-0.0,14.4,21.771748,18.88889,18.88889,2.0
resstock-amy2018-2021-release-1-9634,0.0,0.0,0.0,0.0,0.0,0.0,0.0,0.0,0.0,0.0,0.0,0.0,0.0,0.0,-3.0161583,0.0,-3.0161583,0.4518973,13.497907638549805,6.099667927468715,3.0161583,0.0,0.0,-0.0,0.0,-0.0,0.0,0.0,-0.0,0.9977588,3.8456817,0.0,0.0,1.1432062,-1.9085184,-0.69735354,0.0,0.0,0.0,0.0,0.36539,0.1383698,0.5496073,0.0,0.0,-1.9085184,1.1076399,1.1432062,1.1432062,-0.035566274,15.0,20.929476,18.481482,18.481482,2.0
resstock-amy2018-2021-release-1-9634,0.0,0.0,0.0,0.0,0.0,0.0,0.0,0.0,0.0,0.0,0.0,0.0,0.0,0.0,-3.0673368,0.0,-3.0673368,0.20938137,13.497867584228516,2.8262020303037616,3.0673368,0.0,0.0,-0.0,0.0,-0.0,0.0,0.0,-0.0,0.9966401,3.8456817,0.0,0.0,1.2922682,-1.8057578,-0.6942832,0.0,0.0,0.0,0.0,0.384483,0.1383698,0.5469442,0.0,0.0,-1.8057578,1.261579,1.2922682,1.2922682,-0.030689145,14.4,20.168444,19.444445,19.444445,2.0
resstock-amy2018-2021-release-1-9634,0.0,8.838791,0.0,0.0,2.3074043,0.0,8.065526,0.0,0.0,0.0,0.0,0.0,0.0,0.0,3.1193333,3.1193333,0.0,0.42599306,13.497827529907227,5.749980786748381,-0.0,3.1193333,0.0,-0.0,0.0,-0.0,0.01813778,0.01813778,-0.0,1.0,3.8456817,5.0505,3.7882907,1.3192035,6.7260475,2.1781418,3.6626785,8.065526,1.1160252,1.6876166,0.3238368,0.1383698,0.5445514,0.20923826,6.7260475,0.0,3.5984278,3.6183217,1.3192035,-0.019893864,14.7,26.530209,18.88889,18.88889,2.0
resstock-amy2018-2021-release-1-9634,0.0,0.0,0.0,0.0,0.0,0.0,0.0,0.0,0.0,0.0,0.0,0.0,0.0,0.0,-3.0728908,0.0,-3.0728908,0.18306217,13.497787475585938,2.470934211158692,3.0728908,0.0,0.0,-0.0,0.0,-0.0,0.0,0.0,-0.0,0.9988788,3.8456817,0.0,0.0,1.3000665,-1.8055943,-0.5658617,0.0,0.0,0.0,0.0,0.3133936,0.1383698,0.5505299,0.0,0.0,-1.8055943,1.2672964,1.3000665,1.3000665,-0.03277005,15.2,23.158909,18.88889,18.88889,2.0
resstock-amy2018-2021-release-1-9634,0.0,0.0,0.0,0.0,1.7001284,0.0,0.0,0.0,0.0,0.0,0.0,0.0,0.0,0.0,3.1249762,3.1249762,0.0,0.4000932,13.497746467590332,5.400356547616525,-0.0,3.1249762,0.0,-0.0,0.0,-0.0,0.009078935,0.009078935,-0.0,1.0,3.8456817,0.0,0.0,1.3070338,6.1010895,1.7677908,3.428495,0.0,0.0,0.0,0.28975,0.1383698,0.561948,0.0,6.1010895,0.0,2.9720995,3.0031486,1.3070338,-0.031048993,15.7,22.142292,19.444445,19.444445,2.0
resstock-amy2018-2021-release-1-9634,0.0,0.0,0.0,0.0,1.7285458,0.0,0.0,0.0,0.0,0.0,0.0,0.0,0.0,0.0,3.0784438,3.0784438,0.0,0.6136621,13.497706413269043,8.283031182377385,-0.0,3.0784438,0.0,-0.0,0.0,-0.0,0.004541979,0.004541979,-0.0,1.0,3.8456817,0.0,0.0,1.1613982,5.937336,1.7210674,3.3358073,0.0,0.0,0.0,0.289872,0.1383698,0.5618357,0.0,5.937336,0.0,2.8568506,2.8879023,1.1613982,-0.031051626,15.2,21.290127,19.444445,19.444445,2.0
resstock-amy2018-2021-release-1-9634,0.0,0.0,0.0,0.0,1.8407944,0.0,0.0,0.0,0.0,0.0,0.0,0.0,0.0,0.0,3.0326536,3.0326536,0.0,0.8238149,13.49766731262207,11.119579832491695,-0.0,3.0326536,0.0,-0.0,0.0,-0.0,0.004541979,0.004541979,-0.0,1.0,3.8456817,0.0,0.0,1.0769501,5.851528,1.8348309,3.2804792,0.0,0.0,0.0,0.3135644,0.1383698,0.56061924,0.0,5.851528,0.0,2.8167005,2.9155707,1.0769501,-0.0988703,13.225,20.57571,19.444445,19.444445,2.0
resstock-amy2018-2021-release-1-9634,0.0,8.619975,0.0,0.0,2.3074043,0.0,8.065526,0.0,0.0,0.0,0.0,0.0,0.0,0.0,2.4030466,2.4030466,0.0,0.9917385,13.497635841369629,13.386125098717628,-0.0,2.4030466,0.0,-0.0,0.0,-0.0,0.004541979,0.004541979,-0.0,1.0,3.8456817,4.8316846,3.7882907,1.0391173,5.7166104,1.8959538,3.1763399,8.065526,1.1160252,1.6876166,0.331657,0.1383698,0.5556334,0.20923826,5.7166104,0.0,3.3113947,3.3443522,1.0391173,-0.032957636,13.3,25.095474,18.88889,18.88889,2.0
resstock-amy2018-2021-release-1-9634,0.0,0.0,0.0,0.0,0.0,0.0,0.0,0.0,0.0,0.0,0.0,0.0,0.0,0.0,-0.8231051,0.0,-0.8231051,0.92232555,13.497625350952148,12.44920474589037,0.8231051,0.0,0.0,-0.0,0.0,-0.0,0.0,0.0,-0.0,0.9988788,3.8456817,0.0,0.0,0.9770343,0.14524797,0.05436042,0.08042952,0.0,0.0,0.0,0.3742594,0.1383698,0.55373937,0.0,0.14524797,0.0,0.96835303,0.9770342,0.9770343,-0.008681202,12.9,21.458134,18.88889,18.88889,2.0
resstock-amy2018-2021-release-1-9634,0.0,0.0,0.0,0.0,1.8990499,0.0,0.0,0.0,0.0,0.0,0.0,0.0,0.0,0.0,1.0763254,1.0763254,0.0,0.99415714,13.497611045837402,13.41874633324204,-0.0,1.0763254,0.0,-0.0,0.0,-0.0,0.009078935,0.009078935,-0.0,1.0,3.8456817,0.0,0.0,1.0207806,3.9961557,1.5722387,2.241542,0.0,0.0,0.0,0.3934378,0.1383698,0.5609246,0.0,3.9961557,0.0,2.915347,2.915347,1.0207806,0.0,12.2,20.507008,18.88889,18.88889,2.0
resstock-amy2018-2021-release-1-9634,0.0,8.392022,0.0,0.0,2.3074043,0.0,8.065525,0.0,0.0,0.0,0.0,0.0,0.0,0.0,0.10892868,0.10892868,0.0,0.9990898,13.497610092163086,13.485324263351117,-0.0,0.10892868,0.0,-0.0,0.0,-0.0,0.004541979,0.004541979,-0.0,1.0,3.8456817,4.6037316,3.7882905,1.0137738,3.4301066,1.3076863,1.9357932,8.065525,1.1160251,1.6876165,0.3812378,0.1383698,0.56435364,0.20923826,3.4301066,0.0,3.3189015,3.3189015,1.0137738,-0.0,11.7,24.381329,18.88889,18.88889,2.0
resstock-amy2018-2021-release-1-9634,0.0,0.8392022,0.0,0.0,2.3074043,0.0,0.08638915,0.0,0.0,0.0,0.0,0.0,0.0,0.0,-0.75109905,0.0,-0.75109905,0.93538356,13.497600555419922,12.625433635680565,0.75109905,0.0,0.0,-0.0,0.0,-0.0,0.004541979,0.004541979,-0.0,1.0,3.8456817,0.8392022,0.0,0.9688246,2.5251298,0.98981553,1.4102576,0.08638915,0.011953649,0.018075915,0.391986,0.1383698,0.55848914,0.20923826,2.5251298,0.0,3.2739525,3.2739525,0.9688246,-0.0,11.7,20.786777,18.333334,18.333334,2.0
resstock-amy2018-2021-release-1-9634,0.0,8.351655,0.72274125,0.0,2.3074043,0.7557993,4.032763,0.0,0.0,0.0,0.0,0.0,0.0,0.0,-1.3751032,0.0,-1.3751032,0.82304645,13.49758243560791,11.109137251148013,1.3751032,0.0,0.0,-0.0,0.0,-0.0,0.0,0.0,-0.0,0.9988788,3.8456817,4.563364,3.7882907,0.8939127,2.582013,0.8584217,1.4280541,4.032763,0.5580126,0.8438083,0.3324622,0.1383698,0.5530778,0.20923826,2.582013,0.0,3.9571161,3.9571161,0.8939127,-0.0,11.4,25.764051,18.333334,18.333334,2.0
resstock-amy2018-2021-release-1-9634,0.0,0.8311989,0.0,0.0,2.3074043,0.0,0.16306788,0.0,0.0,0.0,0.0,0.0,0.0,0.0,-2.4754477,0.0,-2.4754477,0.62899774,13.497550010681152,8.489928494499111,2.4754477,0.0,0.0,-0.0,0.0,-0.0,0.009078935,0.009078935,-0.0,1.0,3.8456817,0.8311989,0.0,0.8328848,0.6648414,0.21530011,0.36188254,0.16306788,0.02256367,0.03412004,0.3238368,0.1383698,0.5443141,0.20923826,0.6648414,0.0,3.1356583,3.1356583,0.8328848,-0.0,11.1,20.803055,18.88889,18.88889,2.0
resstock-amy2018-2021-release-1-9634,0.0,8.104397,0.0,0.0,2.3074043,0.0,8.065526,0.0,0.0,0.0,0.0,0.0,0.0,0.0,3.0293655,3.0293655,0.0,0.8389048,13.49751091003418,11.323126663901462,-0.0,3.0293655,0.0,-0.0,0.0,-0.0,0.004541979,0.004541979,-0.0,1.0,3.8456817,4.3161063,3.7882907,0.74050707,6.077277,1.9091024,3.272283,8.065526,1.1160252,1.6876166,0.3141378,0.1383698,0.5384456,0.20923826,6.077277,0.0,3.0454836,3.0454836,0.74050707,-0.0,9.44,25.692482,18.680555,18.680555,2.0
resstock-amy2018-2021-release-1-9634,0.0,0.82057554,0.0,0.0,2.3074043,0.0,0.26484796,0.0,0.0,0.0,0.0,0.0,0.0,0.0,-2.320115,0.0,-2.320115,0.65616596,13.497480392456055,8.856587144890227,2.320115,0.0,0.0,-0.0,0.0,-0.0,0.004541979,0.004541979,-0.0,1.0,3.8456817,0.82057554,0.0,0.4437969,0.43108606,0.12272986,0.23028125,0.26484796,0.03664696,0.055416327,0.2846992,0.1383698,0.53418857,0.20923826,0.43108606,0.0,2.7488286,2.7488286,0.4437969,-0.0,10.27,20.62121,18.88889,18.88889,2.0
resstock-amy2018-2021-release-1-9634,0.0,8.311989,0.0,0.0,2.3074043,0.0,8.065526,0.0,0.0,0.0,0.0,0.0,0.0,0.0,3.0235405,3.0235405,0.0,0.86563766,13.497441291809082,11.683893496187352,-0.0,3.0235405,0.0,-0.0,0.0,-0.0,0.004541979,0.004541979,-0.0,1.0,3.8456817,4.523698,3.7882907,0.4247888,5.7557335,1.7248126,3.0084386,8.065526,1.1160252,1.6876166,0.2996686,0.1383698,0.5226855,0.20923826,5.7557335,0.0,2.7298763,2.7298763,0.4247888,-0.0,11.1,26.253897,18.333334,18.333334,2.0
resstock-amy2018-2021-release-1-9634,0.0,0.8311989,0.0,0.0,2.3074043,0.0,0.16306788,0.0,0.0,0.0,0.0,0.0,0.0,0.0,-2.0582662,0.0,-2.0582662,0.7020802,13.497414588928223,9.476267401556413,2.0582662,0.0,0.0,-0.0,0.0,-0.0,0.004541979,0.004541979,-0.0,1.0,3.8456817,0.8311989,0.0,0.4057807,0.6549189,0.194373,0.33706462,0.16306788,0.02256367,0.03412004,0.2967894,0.1383698,0.5146662,0.20923826,0.6549189,0.0,2.7108684,2.7108684,0.4057807,-0.0,11.1,21.051332,18.333334,18.333334,2.0
resstock-amy2018-2021-release-1-9634,0.0,8.285926,0.0,0.0,2.3074043,0.0,8.065525,0.0,0.0,0.0,0.0,0.0,0.0,0.0,3.0136962,3.0136962,0.0,0.9108159,13.49737548828125,12.293624130161334,-0.0,3.0136962,0.0,-0.0,0.0,-0.0,0.004541979,0.004541979,-0.0,1.0,3.8456817,4.4976354,3.7882905,0.40127003,5.7223706,1.6231505,3.0127475,8.065525,1.1160251,1.6876165,0.28365,0.1383698,0.5264859,0.20923826,5.7223706,0.0,2.7063444,2.7063444,0.40127003,-0.0,10.9,26.768082,17.777779,17.777779,2.0
resstock-amy2018-2021-release-1-9634,0.0,0.8039756,0.0,0.0,2.3074043,0.0,0.42388916,0.0,0.0,0.0,0.0,0.0,0.0,0.0,1.23108,1.23108,0.0,0.9936096,13.497359275817871,13.411105848548516,-0.0,1.23108,0.0,-0.0,0.0,-0.0,0.004541979,0.004541979,-0.0,1.0,3.8456817,0.8039756,0.0,0.40161616,3.9401004,1.0695403,2.126915,0.42388916,0.05865346,0.08869383,0.27145,0.1383698,0.5398124,0.20923825,3.9401004,0.0,2.7065554,2.7065554,0.40161616,-0.0,8.89,21.498516,17.777779,17.777779,2.0
resstock-amy2018-2021-release-1-9634,0.0,8.279457,0.0,0.0,2.3074043,0.0,8.065526,0.0,0.0,0.0,0.0,0.0,0.0,0.0,0.11605072,0.11605072,0.0,0.99902445,13.497357368469238,13.484190032002346,-0.0,0.11605072,0.0,-0.0,0.0,-0.0,0.004541979,0.004541979,-0.0,1.0,3.8456817,4.491166,3.7882907,0.42079672,2.8442516,0.7793591,1.5633713,8.065526,1.1160252,1.6876166,0.274012,0.1383698,0.54965997,0.20923826,2.8442516,0.0,2.7258675,2.7258675,0.42079672,-0.0,10.85,27.484081,17.777779,17.777779,2.0
resstock-amy2018-2021-release-1-9634,0.0,0.0,0.0,0.0,0.0,0.0,0.0,0.0,0.0,0.0,0.0,0.0,0.0,0.0,-0.7517393,0.0,-0.7517393,0.9352673,13.497347831726074,12.62362845807786,0.7517393,0.0,0.0,-0.0,0.0,-0.0,0.0,0.0,-0.0,0.9988788,3.8456817,0.0,0.0,0.45650008,-0.29523924,-0.08194365,0.0,0.0,0.0,0.0,0.27755,0.1383698,0.5552363,0.0,0.0,-0.29523924,0.45650008,0.45650008,0.45650008,-0.0,8.89,21.834328,17.222221,17.222221,2.0
resstock-amy2018-2021-release-1-9634,0.0,0.0,0.0,0.0,0.0,0.0,0.0,0.0,0.0,0.0,0.0,0.0,0.0,0.0,-1.3762416,0.0,-1.3762416,0.82284313,13.497329711914062,11.106185086225196,1.3762416,0.0,0.0,-0.0,0.0,-0.0,0.0,0.0,-0.0,0.9977588,3.8456817,0.0,0.0,0.5189465,-0.85729504,-0.25655925,0.0,0.0,0.0,0.0,0.299266,0.1383698,0.55587083,0.0,0.0,-0.85729504,0.5189465,0.5189465,0.5189465,-0.0,8.33,20.184067,17.222221,17.222221,2.0
resstock-amy2018-2021-release-1-9634,0.0,0.0,0.0,0.0,0.0,0.0,0.0,0.0,0.0,0.0,0.0,0.0,0.0,0.0,-2.4774396,0.0,-2.4774396,0.6286499,13.497297286987305,8.485074460468809,2.4774396,0.0,0.0,-0.0,0.0,-0.0,0.0,0.0,-0.0,0.9966401,3.8456817,0.0,0.0,0.61453795,-1.8629017,-0.56159407,0.0,0.0,0.0,0.0,0.301462,0.1383698,0.55548614,0.0,0.0,-1.8629017,0.61453795,0.61453795,0.61453795,-0.0,8.575,18.968163,17.222221,17.222221,2.0
resstock-amy2018-2021-release-1-9634,0.0,8.305445,0.0,0.0,2.3074043,0.0,8.065526,0.0,0.0,0.0,0.0,0.0,0.0,0.0,3.0294402,3.0294402,0.0,0.83856255,13.497258186340332,11.318295217918433,-0.0,3.0294402,0.0,-0.0,0.0,-0.0,0.01813778,0.01813778,-0.0,1.0,3.8456817,4.5171537,3.7882907,1.1432062,6.400794,1.9275659,3.5545192,8.065526,1.1160252,1.6876166,0.3011448,0.1383698,0.55532473,0.20923826,6.400794,0.0,3.362089,3.441346,1.1432062,-0.079256915,11.05,26.337002,17.222221,17.222221,2.0
resstock-amy2018-2021-release-1-9634,0.0,0.0,0.0,0.0,0.0,0.0,0.0,0.0,0.0,0.0,0.0,0.0,0.0,0.0,-2.3234668,0.0,-2.3234668,0.65557885,13.497227668762207,8.848497016218289,2.3234668,0.0,0.0,-0.0,0.0,-0.0,0.0,0.0,-0.0,0.9988788,3.8456817,0.0,0.0,0.98876023,-1.585324,-0.47702524,0.0,0.0,0.0,0.0,0.3009008,0.1383698,0.5531603,0.0,0.0,-1.585324,0.7381427,0.9887602,0.98876023,-0.25061744,11.7,23.233677,18.50463,18.50463,2.0
resstock-amy2018-2021-release-1-9634,0.0,8.460913,0.0,0.0,2.3074043,0.0,8.065526,0.0,0.0,0.0,0.0,0.0,0.0,0.0,3.0236664,3.0236664,0.0,0.86506,13.497188568115234,11.675877562239748,-0.0,3.0236664,0.0,-0.0,0.0,-0.0,0.009078935,0.009078935,-0.0,1.0,3.8456817,4.672622,3.7882907,1.0176544,5.9215236,1.6556556,3.272249,8.065526,1.1160252,1.6876166,0.2795996,0.1383698,0.5526025,0.20923826,5.9215236,0.0,2.893374,3.3205757,1.0176544,-0.42720166,12.2,28.401236,18.88889,18.88889,2.0
resstock-amy2018-2021-release-1-9634,0.0,0.0,0.0,0.0,0.0,0.0,0.0,0.0,0.0,0.0,0.0,0.0,0.0,0.0,-2.0639243,0.0,-2.0639243,0.7010866,13.497161865234375,9.462679061971357,2.0639243,0.0,0.0,-0.0,0.0,-0.0,0.0,0.0,-0.0,0.9988788,3.8456817,0.0,0.0,0.9885135,-1.5869,-0.42611754,0.0,0.0,0.0,0.0,0.268522,0.1383698,0.5503051,0.0,0.0,-1.5869,0.47702432,0.98851347,0.9885135,-0.51148915,12.8,25.272013,18.88889,18.88889,2.0
resstock-amy2018-2021-release-1-9634,0.3515003,0.0,4.3401103,0.0,0.0,4.538626,0.0,0.0,0.0,0.0,0.0,0.0,0.0,0.0,3.0139093,3.0139093,0.0,0.90983826,13.497122764587402,12.2801986806125,-0.0,3.0139093,0.0,-0.0,0.0,-0.0,0.0,0.0,-0.0,0.9977588,3.8456817,0.0,0.0,0.98500293,7.985826,2.1239104,4.4695954,0.0,0.0,0.0,0.26596,0.1383698,0.5596911,0.0,7.985826,0.0,4.9719167,5.523629,0.98500293,-0.5517124,12.8,23.912067,18.88889,18.88889,2.0
resstock-amy2018-2021-release-1-9634,0.1203475,0.0,0.72334605,0.0,0.0,0.75643176,0.0,0.0,0.0,0.0,0.0,0.0,0.0,0.0,-1.6253194,0.0,-1.6253194,0.77850544,13.497101783752441,10.507567223981937,1.6253194,0.0,0.0,-0.0,0.0,-0.0,0.0,0.0,-0.0,0.9966401,3.8456817,0.0,0.0,0.8392982,-0.58527404,-0.14848344,0.0,0.0,0.0,0.0,0.253699,0.1383698,0.56698275,0.0,0.0,-0.58527404,1.0400453,1.59573,0.8392982,-0.5556847,13.3,23.174889,19.444445,19.444445,2.0
resstock-amy2018-2021-release-1-9634,1.6724606,0.0,3.5107007,0.0,0.0,3.6712794,0.0,0.0,0.0,0.0,0.0,0.0,0.0,0.0,-2.9117272,0.0,-2.9117272,0.54851323,13.497063636779785,7.403318020347172,2.9117272,0.0,0.0,-0.0,0.0,-0.0,0.0,0.0,-0.0,0.9955226,3.8456817,0.0,0.0,0.7664458,1.0276384,0.2789399,0.5889295,0.0,0.0,0.0,0.2714378,0.1383698,0.57309014,0.0,1.0276384,0.0,3.9393656,4.437725,0.7664458,-0.49835956,12.8,22.397469,19.444445,19.444445,2.0
resstock-amy2018-2021-release-1-9634,0.3116567,0.0,0.0,0.0,0.0,0.0,0.0,0.0,0.0,0.0,0.0,0.0,0.0,0.0,-3.0466218,0.0,-3.0466218,0.3075435,13.497024536132812,4.150921981284682,3.0466218,0.0,0.0,-0.0,0.0,-0.0,0.0,0.0,-0.0,0.99440646,3.8456817,0.0,0.0,0.6982035,-2.7275755,-0.82016397,0.0,0.0,0.0,0.0,0.3006934,0.1383698,0.5768121,0.0,0.0,-2.7275755,0.31904626,0.69820356,0.6982035,-0.37915733,13.3,21.704924,19.444445,19.444445,2.0
resstock-amy2018-2021-release-1-9634,0.0,0.0,0.0,0.0,0.0,0.0,0.0,0.0,0.0,0.0,0.0,0.0,0.0,0.0,-3.0982869,0.0,-3.0982869,0.06271304,13.496984481811523,0.846436953352935,3.0982869,0.0,0.0,-0.0,0.0,-0.0,0.0,0.0,-0.0,0.9932915,3.8456817,0.0,0.0,0.59517175,-2.7402272,-0.84278977,0.0,0.0,0.0,0.0,0.307562,0.1383698,0.57760626,0.0,0.0,-2.7402272,0.35805964,0.5951717,0.59517175,-0.23711203,12.2,20.777014,19.444445,19.444445,2.0
resstock-amy2018-2021-release-1-9634,0.0,0.0,0.0,0.0,0.0,0.0,0.0,0.0,0.0,0.0,0.0,0.0,0.0,0.0,-0.7928581,0.0,-0.7928581,0.0,13.496973991394043,0.0,0.7928581,0.0,0.0,-0.0,0.0,-0.0,0.0,0.0,-0.0,0.9921778,3.8456817,0.0,0.0,0.5568094,-0.24299829,-0.084297806,0.0,0.0,0.0,0.0,0.346907,0.1383698,0.5721497,0.0,0.0,-0.24299829,0.5498598,0.5568094,0.5568094,-0.0069495924,11.7,19.750832,19.444445,19.444445,2.0
resstock-amy2018-2021-release-1-9634,0.0,0.0,0.0,0.0,0.0,0.0,0.0,0.0,0.0,0.0,0.0,0.0,0.0,0.0,0.0,0.0,0.0,0.0,13.496973991394043,0.0,-0.0,0.0,0.0,-0.0,0.0,-0.0,0.0,0.0,-0.0,0.9910653,3.8456817,0.0,0.0,0.5031136,0.5031136,0.18366084,0.282697,0.0,0.0,0.0,0.3650484,0.1383698,0.5618949,0.0,0.5031136,0.0,0.5031136,0.5031136,0.5031136,-0.0,10.0,18.808058,18.88889,18.88889,2.0
resstock-amy2018-2021-release-1-9634,0.0,8.099629,0.0,0.0,2.3074043,0.0,4.0327625,0.0,0.0,0.0,0.0,0.0,0.0,0.0,0.0,0.0,0.0,0.0,13.496973991394043,0.0,-0.0,0.0,0.0,-0.0,0.0,-0.0,0.0,0.0,-0.0,0.9899541,3.8456817,4.311339,3.7882905,0.9688246,3.276229,1.2850353,1.8179606,4.0327625,0.55801255,0.84380823,0.39223,0.1383698,0.55489427,0.20923826,3.276229,0.0,3.276229,3.276229,0.9688246,-0.0,9.4,23.083323,18.333334,18.333334,2.0
resstock-amy2018-2021-release-1-9634,0.0,0.8039756,0.0,0.0,2.3074043,0.0,0.42388916,0.0,0.0,0.0,0.0,0.0,0.0,0.0,0.0,0.0,0.0,0.0,13.496973991394043,0.0,-0.0,0.0,0.0,-0.0,0.0,-0.0,0.045192253,0.045192253,-0.0,1.0,3.8456817,0.8039756,0.0,0.8939127,3.2013168,1.1423509,1.7663933,0.42388916,0.05865346,0.08869383,0.3568378,0.1383698,0.55177087,0.20923825,3.2013168,0.0,3.1767895,3.1767895,0.8939127,-0.0,8.89,19.50532,18.88889,18.88889,2.0
resstock-amy2018-2021-release-1-9634,0.0,8.005876,0.0,0.0,2.3074043,0.0,4.0327625,0.0,0.0,0.0,0.0,0.0,0.0,0.0,0.0,0.0,0.0,0.0,13.496973991394043,0.0,-0.0,0.0,0.0,-0.0,0.0,-0.0,0.0,0.0,-0.0,0.9988788,3.8456817,4.217585,3.7882903,0.8328848,3.140289,0.99836004,1.7165422,4.0327625,0.55801255,0.84380823,0.3179198,0.1383698,0.5466192,0.20923826,3.140289,0.0,3.140289,3.140289,0.8328848,-0.0,8.595,24.54637,18.88889,18.88889,2.0
resstock-amy2018-2021-release-1-9634,0.53932405,0.7972532,5.851166,0.0,2.3074043,6.118797,0.48829508,0.0,0.0,0.0,0.0,0.0,0.0,0.0,0.0,0.0,0.0,0.0,13.496973991394043,0.0,-0.0,0.0,0.0,-0.0,0.0,-0.0,0.009078935,0.009078935,-0.0,1.0,3.8456817,0.7972532,0.0,0.74050707,9.166708,2.7761633,4.942168,0.48829508,0.06756529,0.10217001,0.3028528,0.1383698,0.5391432,0.20923826,9.166708,0.0,9.161701,9.161701,0.74050707,-0.0,8.3,19.735928,18.680555,18.680555,2.0
resstock-amy2018-2021-release-1-9634,0.0,0.7690191,0.0,0.0,2.3074043,0.0,0.75879997,0.0,0.0,0.0,0.0,0.0,0.0,0.0,0.0,0.0,0.0,0.0,13.496973991394043,0.0,-0.0,0.0,0.0,-0.0,0.0,-0.0,0.004541979,0.004541979,-0.0,1.0,3.8456817,0.7690191,0.0,0.4437969,2.7512012,0.7944754,1.458934,0.75879997,0.104995,0.15876997,0.288774,0.1383698,0.5302898,0.20923823,2.7512012,0.0,2.7485151,2.7485151,0.4437969,-0.0,5.6,18.374817,18.333334,18.333334,2.0
resstock-amy2018-2021-release-1-9634,0.0,7.9172044,0.0,0.0,2.3074043,0.0,4.032763,0.0,0.0,0.0,0.0,0.0,0.0,0.0,0.0,0.0,0.0,0.0,13.496973991394043,0.0,-0.0,0.0,0.0,-0.0,0.0,-0.0,0.0,0.0,-0.0,0.9988788,3.8456817,4.128914,3.7882907,0.4247888,2.732193,0.8305189,1.4387021,4.032763,0.5580126,0.8438083,0.3039752,0.1383698,0.52657413,0.20923826,2.732193,0.0,2.732193,2.732193,0.4247888,-0.0,7.8,22.093721,17.777779,17.777779,2.0
resstock-amy2018-2021-release-1-9634,0.0,0.77395654,0.0,0.0,2.3074043,0.0,0.71149576,0.0,0.0,0.0,0.0,0.0,0.0,0.0,0.0,0.0,0.0,0.0,13.496973991394043,0.0,-0.0,0.0,0.0,-0.0,0.0,-0.0,0.009078935,0.009078935,-0.0,1.0,3.8456817,0.77395654,0.0,0.4057807,2.713185,0.8159693,1.4415624,0.71149576,0.09844953,0.14887214,0.3007422,0.1383698,0.5313174,0.20923826,2.713185,0.0,2.7078834,2.7078834,0.4057807,-0.0,6.1,18.518242,17.222221,17.222221,2.0
resstock-amy2018-2021-release-1-9634,0.0,0.77738595,0.0,0.0,2.3074043,0.0,0.678639,0.0,0.0,0.0,0.0,0.0,0.0,0.0,3.1642256,3.1642256,0.0,0.21994388,13.496932983398438,2.9685678224359435,-0.0,3.1642256,0.0,-0.0,0.0,-0.0,0.004541979,0.004541979,-0.0,1.0,3.8456817,0.77738595,0.0,0.40127003,5.8729,1.7662289,3.123875,0.678639,0.09390314,0.14199725,0.3007422,0.1383698,0.5319135,0.20923826,5.8729,0.0,2.706045,2.706045,0.40127003,-0.0,6.44,17.353928,17.222221,17.222221,2.0
resstock-amy2018-2021-release-1-9634,0.0,7.8087544,0.0,0.0,2.3074043,0.0,4.032763,0.0,0.0,0.0,0.0,0.0,0.0,0.0,3.1170685,3.1170685,0.0,0.43638724,13.496892929077148,5.889871865863029,-0.0,3.1170685,0.0,-0.0,0.0,-0.0,0.0,0.0,-0.0,0.9988788,3.8456817,4.0204635,3.7882907,0.40161616,5.826089,1.7453274,3.09611,4.032763,0.5580126,0.8438083,0.299571,0.1383698,0.5314217,0.20923826,5.826089,0.0,2.7090204,2.7090204,0.40161616,-0.0,6.78,21.47865,17.222221,17.222221,2.0
resstock-amy2018-2021-release-1-9634,0.0,0.0,0.0,0.0,2.2476363,0.0,0.0,0.0,0.0,0.0,0.0,0.0,0.0,0.0,3.070662,3.070662,0.0,0.6493763,13.49685287475586,8.764536019133175,-0.0,3.070662,0.0,-0.0,0.0,-0.0,0.009078935,0.009078935,-0.0,1.0,3.8456817,0.0,0.0,0.42079672,5.7390947,1.7191263,3.049593,0.0,0.0,0.0,0.2995466,0.1383698,0.5313718,0.0,5.7390947,0.0,2.6631265,2.6631265,0.42079672,-0.0,6.0666666,17.929829,17.222221,17.222221,2.0
resstock-amy2018-2021-release-1-9634,0.0,0.0,0.0,0.0,0.0,0.0,0.0,0.0,0.0,0.0,0.0,0.0,0.0,0.0,-3.0249963,0.0,-3.0249963,0.41001827,13.496813774108887,5.533940170026597,3.0249963,0.0,0.0,-0.0,0.0,-0.0,0.0,0.0,-0.0,0.9988788,3.8456817,0.0,0.0,0.45650008,-2.5684962,-0.7724552,0.0,0.0,0.0,0.0,0.3007422,0.1383698,0.53190094,0.0,0.0,-2.5684962,0.45650005,0.45650005,0.45650008,-0.0,6.866667,16.568747,17.222221,17.222221,2.0
resstock-amy2018-2021-release-1-9634,0.0,0.0,0.0,0.0,0.0,0.0,0.0,0.0,0.0,0.0,0.0,0.0,0.0,0.0,-3.0763159,0.0,-3.0763159,0.16683139,13.496773719787598,2.2516855076296594,3.0763159,0.0,0.0,-0.0,0.0,-0.0,0.0,0.0,-0.0,0.9977588,3.8456817,0.0,0.0,0.5189465,-2.5573692,-0.7863936,0.0,0.0,0.0,0.0,0.307501,0.1383698,0.5264229,0.0,0.0,-2.5573692,0.51894665,0.51894665,0.5189465,-0.0,8.175,15.753586,17.222221,17.222221,2.0
resstock-amy2018-2021-release-1-9634,0.0,0.0,0.0,0.0,0.0,0.0,0.0,0.0,0.0,0.0,0.0,0.0,0.0,0.0,-2.1106117,0.0,-2.1106117,0.0,13.496746063232422,0.0,2.1106117,0.0,0.0,-0.0,0.0,-0.0,0.0,0.0,-0.0,0.9966401,3.8456817,0.0,0.0,0.90280545,-1.2078062,-0.38189313,0.0,0.0,0.0,0.0,0.3161874,0.1383698,0.5191853,0.0,0.0,-1.2078062,0.90280545,0.90280545,0.90280545,-0.0,8.3,15.24979,17.222221,17.222221,2.0
resstock-amy2018-2021-release-1-9634,0.0,0.0,0.0,0.0,2.0240862,0.0,0.0,0.0,0.0,0.0,0.0,0.0,0.0,0.0,3.1642256,3.1642256,0.0,0.21994388,13.496705055236816,2.9685176910314794,-0.0,3.1642256,0.0,-0.0,0.0,-0.0,0.01813778,0.01813778,-0.0,1.0,3.8456817,0.0,0.0,2.6135454,7.784469,2.519758,4.070599,0.0,0.0,0.0,0.3236904,0.1383698,0.52291286,0.0,7.784469,0.0,4.610697,4.6280847,2.6135454,-0.017387738,10.0,15.161938,18.333334,18.333334,2.0
resstock-amy2018-2021-release-1-9634,0.0,8.172265,0.0,0.0,2.3074043,0.0,8.065526,0.0,0.0,0.0,0.0,0.0,0.0,0.0,3.1170685,3.1170685,0.0,0.43638724,13.496665000915527,5.8897724009214585,-0.0,3.1170685,0.0,-0.0,0.0,-0.0,0.004541979,0.004541979,-0.0,1.0,3.8456817,4.383974,3.7882907,1.2922682,6.6773605,2.2695,3.5654948,8.065526,1.1160252,1.6876166,0.3398798,0.1383698,0.5339677,0.20923826,6.6773605,0.0,3.5579014,3.5972815,1.2922682,-0.03938,10.0,21.077541,18.50463,18.50463,2.0
resstock-amy2018-2021-release-1-9634,0.0,0.0,0.0,0.0,0.0,0.0,0.0,0.0,0.0,0.0,0.0,0.0,0.0,0.0,-3.070662,0.0,-3.070662,0.19362286,13.496624946594238,2.6132550865010273,3.070662,0.0,0.0,-0.0,0.0,-0.0,0.0,0.0,-0.0,0.9988788,3.8456817,0.0,0.0,1.3192035,-1.8004462,-0.56866336,0.0,0.0,0.0,0.0,0.3158458,0.1383698,0.53844,0.0,0.0,-1.8004462,1.2702159,1.3192035,1.3192035,-0.04898757,10.6,18.040169,18.333334,18.333334,2.0
resstock-amy2018-2021-release-1-9634,0.0,0.0,0.0,0.0,0.0,0.0,0.0,0.0,0.0,0.0,0.0,0.0,0.0,0.0,-2.4499798,0.0,-2.4499798,0.0,13.496593475341797,0.0,2.4499798,0.0,0.0,-0.0,0.0,-0.0,0.0,0.0,-0.0,0.9977588,3.8456817,0.0,0.0,0.9885135,-1.5051516,-0.460981,0.0,0.0,0.0,0.0,0.3062688,0.1383698,0.54314554,0.0,0.0,-1.5051516,0.94482815,0.98851347,0.9885135,-0.043685324,10.0,17.344898,17.777779,17.777779,2.0
resstock-amy2018-2021-release-1-9634,0.0,0.0,0.0,0.0,0.0,0.0,0.0,0.0,0.0,0.0,0.0,0.0,0.0,0.0,0.0,0.0,0.0,0.0,13.496593475341797,0.0,-0.0,0.0,0.0,-0.0,0.0,-0.0,0.0,0.0,-0.0,0.9966401,3.8456817,0.0,0.0,0.98500293,0.944049,0.2735382,0.51275784,0.0,0.0,0.0,0.28975,0.1383698,0.5431475,0.0,0.944049,0.0,0.944049,0.98500293,0.98500293,-0.04095395,10.0,16.726974,17.777779,17.777779,2.0
resstock-amy2018-2021-release-1-9634,0.0,0.0,1.4478664,0.0,0.0,1.5140916,0.0,0.0,0.0,0.0,0.0,0.0,0.0,0.0,0.0,0.0,0.0,0.0,13.496593475341797,0.0,-0.0,0.0,0.0,-0.0,0.0,-0.0,0.0,0.0,-0.0,0.9955226,3.8456817,0.0,0.0,0.8392982,2.2925475,0.6613037,1.2456743,0.0,0.0,0.0,0.28845802,0.1383698,0.5433581,0.0,2.2925475,0.0,2.2925475,2.3533897,0.8392982,-0.060842343,10.6,16.565567,17.777779,17.777779,2.0
resstock-amy2018-2021-release-1-9634,0.0,0.0,0.0,0.0,0.0,0.0,0.0,0.0,0.0,0.0,0.0,0.0,0.0,0.0,0.0,0.0,0.0,0.0,13.496593475341797,0.0,-0.0,0.0,0.0,-0.0,0.0,-0.0,0.0,0.0,-0.0,0.99440646,3.8456817,0.0,0.0,0.7664458,0.70544434,0.21510889,0.3875893,0.0,0.0,0.0,0.3049268,0.1383698,0.5494258,0.0,0.70544434,0.0,0.70544434,0.7664458,0.7664458,-0.061001506,10.6,16.36488,17.777779,17.777779,2.0
resstock-amy2018-2021-release-1-9634,0.0,0.0,0.0,0.0,0.0,0.0,0.0,0.0,0.0,0.0,0.0,0.0,0.0,0.0,0.0,0.0,0.0,0.0,13.496593475341797,0.0,-0.0,0.0,0.0,-0.0,0.0,-0.0,0.0,0.0,-0.0,0.9932915,3.8456817,0.0,0.0,0.6982035,0.66121143,0.20538828,0.36538208,0.0,0.0,0.0,0.3106242,0.1383698,0.5525949,0.0,0.66121143,0.0,0.66121143,0.6982035,0.6982035,-0.03699205,11.1,16.128315,17.777779,17.777779,2.0
resstock-amy2018-2021-release-1-9634,0.0,0.0,0.0,0.0,0.0,0.0,0.0,0.0,0.0,0.0,0.0,0.0,0.0,0.0,0.0,0.0,0.0,0.0,13.496593475341797,0.0,-0.0,0.0,0.0,-0.0,0.0,-0.0,0.0,0.0,-0.0,0.9921778,3.8456817,0.0,0.0,0.9770343,0.9667134,0.314059,0.52898157,0.0,0.0,0.0,0.32487288,0.1383698,0.54719585,0.0,0.9667134,0.0,0.9667134,0.9770343,0.9770343,-0.010320839,10.6,15.894293,19.444445,19.444445,2.0
resstock-amy2018-2021-release-1-9634,0.0,8.172265,0.0,0.0,2.3074043,0.0,8.065526,0.0,0.0,0.0,0.0,0.0,0.0,0.0,3.1642256,3.1642256,0.0,0.21994388,13.496552467346191,2.9684841302586165,-0.0,3.1642256,0.0,-0.0,0.0,-0.0,0.036194187,0.036194187,-0.0,1.0,3.8456817,4.383974,3.7882907,1.0207806,6.4924107,2.5812473,3.524747,8.065526,1.1160252,1.6876166,0.3975792,0.1383698,0.54290265,0.20923826,6.4924107,0.0,3.3091352,3.3091352,1.0207806,0.0,10.0,21.306463,19.444445,19.444445,2.0
resstock-amy2018-2021-release-1-9634,0.0,0.0,0.0,0.0,1.9899857,0.0,0.0,0.0,0.0,0.0,0.0,0.0,0.0,0.0,-2.7835033,0.0,-2.7835033,0.0,13.496516227722168,0.0,2.7835033,0.0,0.0,-0.0,0.0,-0.0,0.004541979,0.004541979,-0.0,1.0,3.8456817,0.0,0.0,1.0137738,0.22025609,0.09107105,0.118191935,0.0,0.0,0.0,0.413478,0.1383698,0.53661144,0.0,0.22025609,0.0,3.001409,3.001409,1.0137738,-0.0,10.6,17.930353,18.88889,18.88889,2.0
resstock-amy2018-2021-release-1-9634,0.0,8.172265,0.0,0.0,2.3074043,0.0,4.032763,0.0,0.0,0.0,0.0,0.0,0.0,0.0,0.0,0.0,0.0,0.0,13.496516227722168,0.0,-0.0,0.0,0.0,-0.0,0.0,-0.0,0.0,0.0,-0.0,0.9988788,3.8456817,4.383974,3.7882907,0.9688246,3.276229,1.3713996,1.7400624,4.032763,0.5580126,0.8438083,0.4185909,0.1383698,0.53111744,0.20923826,3.276229,0.0,3.276229,3.276229,0.9688246,-0.0,10.0,22.64571,18.88889,18.88889,2.0
resstock-amy2018-2021-release-1-9634,0.0,0.8172265,0.0,0.0,0.43012843,0.0,0.0,0.0,0.0,0.0,0.0,0.0,0.0,0.0,0.0,0.0,0.0,0.0,13.496516227722168,0.0,-0.0,0.0,0.0,-0.0,0.0,-0.0,0.0,0.0,-0.0,0.9977588,3.8456817,0.8172265,0.0,0.8939127,1.3240411,0.48494413,0.6987643,0.0,0.0,0.0,0.36626062,0.1383698,0.5277512,0.0,1.3240411,0.0,1.3240411,1.3240411,0.8939127,-0.0,10.0,18.665276,18.88889,18.88889,2.0
resstock-amy2018-2021-release-1-9634,0.0,8.099629,0.0,0.0,2.3074043,0.0,4.0327625,0.0,0.0,0.0,0.0,0.0,0.0,0.0,0.0,0.0,0.0,0.0,13.496516227722168,0.0,-0.0,0.0,0.0,-0.0,0.0,-0.0,0.0,0.0,-0.0,0.9966401,3.8456817,4.311339,3.7882905,0.4672031,2.7746074,0.8968184,1.4622036,4.0327625,0.55801255,0.84380823,0.32322353,0.1383698,0.52699476,0.20923826,2.7746074,0.0,2.7746074,2.7746074,0.4672031,-0.0,9.4,23.413803,18.88889,18.88889,2.0
resstock-amy2018-2021-release-1-9634,0.0,0.8172265,0.0,0.0,0.43012843,0.0,0.0,0.0,0.0,0.0,0.0,0.0,0.0,0.0,0.0,0.0,0.0,0.0,13.496516227722168,0.0,-0.0,0.0,0.0,-0.0,0.0,-0.0,0.0,0.0,-0.0,0.9955226,3.8456817,0.8172265,0.0,0.45562336,0.8857518,0.27127814,0.46604538,0.0,0.0,0.0,0.3062688,0.1383698,0.526158,0.0,0.8857518,0.0,0.8857518,0.8857518,0.45562336,-0.0,10.0,19.152996,18.694445,18.694445,2.0
resstock-amy2018-2021-release-1-9634,0.0,2.4516795,0.0,0.0,0.0,0.0,0.0,0.0,0.0,0.0,0.0,0.0,0.0,0.0,0.0,0.0,0.0,0.0,13.496516227722168,0.0,-0.0,0.0,0.0,-0.0,0.0,-0.0,0.0,0.0,2.4516795,0.32285875,3.8456817,0.0,0.0,0.4437969,0.4437969,0.13671164,0.23237562,0.0,0.0,0.0,0.30805,0.1383698,0.523608,0.0,0.4437969,0.0,1.7341821,1.7341821,0.4437969,-0.0,10.0,19.361866,18.333334,18.333334,2.0
resstock-amy2018-2021-release-1-9634,0.0,2.4516795,0.0,0.0,0.6707047,0.0,0.0,0.0,0.0,0.0,0.0,0.0,0.0,0.0,0.0,0.0,0.0,0.0,13.496516227722168,0.0,-0.0,0.0,0.0,-0.0,0.0,-0.0,0.0,0.0,1.1773678,0.0,3.8456817,1.2743117,0.0,0.4247888,1.0954936,0.3172455,0.5870065,0.0,0.0,0.0,0.2895914,0.1383698,0.5358375,0.0,1.0954936,0.0,1.7151741,1.7151741,0.4247888,-0.0,10.0,18.62617,17.777779,17.777779,2.0
resstock-amy2018-2021-release-1-9634,0.0,0.8172265,0.0,0.0,2.3074043,0.0,0.29693457,0.0,0.0,0.0,0.0,0.0,0.0,0.0,3.1642256,3.1642256,0.0,0.21994388,13.496475219726562,2.9684671401173546,-0.0,3.1642256,0.0,-0.0,0.0,-0.0,3.8456817,3.8456817,-0.0,0.94932187,3.8456817,0.8172265,0.0,0.4057807,5.877411,1.6365098,3.031944,0.29693457,0.041086778,0.062130075,0.2784406,0.1383698,0.5158639,0.20923826,5.877411,0.0,0.6890993,0.6890993,0.4057807,-0.0,10.0,17.069817,17.777779,17.777779,2.0
resstock-amy2018-2021-release-1-9634,0.0,8.172265,0.0,0.0,2.3074043,0.0,4.032763,0.0,0.0,0.0,0.0,0.0,0.0,0.0,0.0,0.0,0.0,0.21941227,13.496475219726562,2.961292227278136,-0.0,0.0,0.0,-0.0,0.0,-0.0,0.0,0.0,-0.0,0.94825745,3.8456817,4.383974,3.7882907,0.40127003,2.7086744,0.7352697,1.3860689,4.032763,0.5580126,0.8438083,0.27145,0.1383698,0.5117149,0.20923826,2.7086744,0.0,2.7086744,2.7086744,0.40127003,-0.0,10.0,21.881346,17.222221,17.222221,2.0
resstock-amy2018-2021-release-1-9634,0.0,0.8172265,0.0,0.0,2.3074043,0.0,0.29693457,0.0,0.0,0.0,0.0,0.0,0.0,0.0,-2.624632,0.0,-2.624632,0.0119921435,13.496440887451172,0.16185125541712608,2.624632,0.0,0.0,-0.0,0.0,-0.0,0.21391504,0.21391504,-0.0,1.0,3.8456817,0.8172265,0.0,0.40161616,0.084388494,0.022907257,0.043334067,0.29693457,0.041086778,0.062130075,0.27145,0.1383698,0.5135068,0.20923826,0.084388494,0.0,2.596431,2.596431,0.40161616,-0.0,10.0,18.231602,17.222221,17.222221,2.0
resstock-amy2018-2021-release-1-9634,0.0,8.24739,0.0,0.0,2.3074043,0.0,4.032763,0.0,0.0,0.0,0.0,0.0,0.0,0.0,0.0,0.0,0.0,0.011963158,13.496440887451172,0.16146005362135796,-0.0,0.0,0.0,-0.0,0.0,-0.0,0.0,0.0,-0.0,0.9988788,3.8456817,4.459099,3.7882907,0.42079672,2.728201,0.74932384,1.4246149,4.032763,0.5580126,0.8438083,0.2746586,0.1383698,0.5221811,0.20923826,2.728201,0.0,2.728201,2.728201,0.42079672,-0.0,10.6,23.7157,17.222221,17.222221,2.0
resstock-amy2018-2021-release-1-9634,0.0,0.8197024,0.0,0.0,2.3074043,0.0,0.27321368,0.0,0.0,0.0,0.0,0.0,0.0,0.0,-0.14310451,0.0,-0.14310451,0.0006386861,13.496438980102539,0.008619988252903,0.14310451,0.0,0.0,-0.0,0.0,-0.0,0.009078935,0.009078935,-0.0,1.0,3.8456817,0.8197024,0.0,0.45650008,2.6207998,0.72487706,1.3927286,0.27321368,0.03780452,0.057166755,0.2765862,0.1383698,0.53141356,0.20923826,2.6207998,0.0,2.7591527,2.7591527,0.45650008,-0.0,10.2,19.3051,17.222221,17.222221,2.0
resstock-amy2018-2021-release-1-9634,0.0,8.172265,0.0,0.0,2.3074043,0.0,8.065526,0.0,0.0,0.0,0.0,0.0,0.0,0.0,3.1640887,3.1640887,0.0,0.22057241,13.496397972106934,2.976933054208587,-0.0,3.1640887,0.0,-0.0,0.0,-0.0,0.004541979,0.004541979,-0.0,1.0,3.8456817,4.383974,3.7882907,0.5189465,5.9904394,1.7357299,3.2459183,8.065526,1.1160252,1.6876166,0.28975,0.1383698,0.5418498,0.20923826,5.9904394,0.0,2.82396,2.82396,0.5189465,-0.0,10.0,25.171982,17.222221,17.222221,2.0
resstock-amy2018-2021-release-1-9634,0.0,0.0,0.0,0.0,1.9899857,0.0,0.0,0.0,0.0,0.0,0.0,0.0,0.0,0.0,3.1169338,3.1169338,0.0,0.4370058,13.496357917785645,5.89798652817754,-0.0,3.1169338,0.0,-0.0,0.0,-0.0,0.004541979,0.004541979,-0.0,1.0,3.8456817,0.0,0.0,0.61453795,5.7214575,1.6961833,3.1193218,0.0,0.0,0.0,0.29646,0.1383698,0.54519707,0.0,5.7214575,0.0,2.6021733,2.6021733,0.61453795,-0.0,10.6,20.052256,17.222221,17.222221,2.0
resstock-amy2018-2021-release-1-9634,0.0,0.0,0.0,0.0,0.0,0.0,0.0,0.0,0.0,0.0,0.0,0.0,0.0,0.0,-3.0705295,0.0,-3.0705295,0.19425133,13.496317863464355,2.6216776776264794,3.0705295,0.0,0.0,-0.0,0.0,-0.0,0.0,0.0,-0.0,0.9988788,3.8456817,0.0,0.0,1.1432062,-1.9281623,-0.571623,0.0,0.0,0.0,0.0,0.29646,0.1383698,0.5513557,0.0,0.0,-1.9281623,1.1423671,1.1432062,1.1432062,-0.0008390655,11.05,18.980911,18.532408,18.532408,2.0
resstock-amy2018-2021-release-1-9634,0.0,0.0,0.0,0.0,0.0,0.0,0.0,0.0,0.0,0.0,0.0,0.0,0.0,0.0,-2.457942,0.0,-2.457942,0.0,13.496286392211914,0.0,2.457942,0.0,0.0,-0.0,0.0,-0.0,0.0,0.0,-0.0,0.9977588,3.8456817,0.0,0.0,1.2922682,-1.1694853,-0.346192,0.0,0.0,0.0,0.0,0.2960208,0.1383698,0.56080836,0.0,0.0,-1.1694853,1.2884567,1.2922682,1.2922682,-0.0038114204,12.2,18.119678,18.333334,18.333334,2.0
resstock-amy2018-2021-release-1-9634,1.5291792,0.0,7.087225,0.0,0.0,7.411393,0.0,0.0,0.0,0.0,0.0,0.0,0.0,0.0,0.0,0.0,0.0,0.0,13.496286392211914,0.0,-0.0,0.0,0.0,-0.0,0.0,-0.0,0.0,0.0,-0.0,0.9966401,3.8456817,0.0,0.0,1.3192035,8.721167,2.5269582,4.94797,0.0,0.0,0.0,0.28975,0.1383698,0.5673518,0.0,8.721167,0.0,8.721167,8.730597,1.3192035,-0.009429782,12.15,17.60899,18.333334,18.333334,2.0
resstock-amy2018-2021-release-1-9634,0.0,0.0,0.0,0.0,0.0,0.0,0.0,0.0,0.0,0.0,0.0,0.0,0.0,0.0,0.0,0.0,0.0,0.0,13.496286392211914,0.0,-0.0,0.0,0.0,-0.0,0.0,-0.0,0.0,0.0,-0.0,0.9955226,3.8456817,0.0,0.0,1.3000665,1.2873108,0.34944054,0.7408625,0.0,0.0,0.0,0.27145,0.1383698,0.57551175,0.0,1.2873108,0.0,1.2873108,1.3000665,1.3000665,-0.012755589,11.9,17.169842,17.777779,17.777779,2.0
resstock-amy2018-2021-release-1-9634,0.0,0.0,0.0,0.0,0.0,0.0,0.0,0.0,0.0,0.0,0.0,0.0,0.0,0.0,0.0,0.0,0.0,0.0,13.496286392211914,0.0,-0.0,0.0,0.0,-0.0,0.0,-0.0,0.0,0.0,-0.0,0.99440646,3.8456817,0.0,0.0,2.7773728,2.762838,0.783679,1.6138133,0.0,0.0,0.0,0.28365,0.1383698,0.5841144,0.0,2.762838,0.0,2.762838,2.7773728,2.7773728,-0.014534973,12.133333,16.900309,17.777779,17.777779,2.0
resstock-amy2018-2021-release-1-9634,0.0,0.0,0.0,0.0,0.0,0.0,0.0,0.0,0.0,0.0,0.0,0.0,0.0,0.0,0.0,0.0,0.0,0.0,13.496286392211914,0.0,-0.0,0.0,0.0,-0.0,0.0,-0.0,0.0,0.0,-0.0,0.9932915,3.8456817,0.0,0.0,1.1613982,1.1456082,0.3143285,0.6819138,0.0,0.0,0.0,0.27437696,0.1383698,0.5952417,0.0,1.1456082,0.0,1.1456082,1.1613982,1.1613982,-0.01579,13.033334,16.730122,17.777779,17.777779,2.0
resstock-amy2018-2021-release-1-9634,0.0,0.0,0.0,0.0,0.0,0.0,0.0,0.0,0.0,0.0,0.0,0.0,0.0,0.0,0.0,0.0,0.0,0.0,13.496286392211914,0.0,-0.0,0.0,0.0,-0.0,0.0,-0.0,0.0,0.0,-0.0,0.9921778,3.8456817,0.0,0.0,1.0769501,1.0551318,0.30572444,0.6381057,0.0,0.0,0.0,0.28975,0.1383698,0.604764,0.0,1.0551318,0.0,1.0551318,1.0769501,1.0769501,-0.021818275,14.15,16.72381,17.777779,17.777779,2.0
resstock-amy2018-2021-release-1-9634,0.0,0.0,0.0,0.0,0.0,0.0,0.0,0.0,0.0,0.0,0.0,0.0,0.0,0.0,0.0,0.0,0.0,0.0,13.496286392211914,0.0,-0.0,0.0,0.0,-0.0,0.0,-0.0,0.0,0.0,-0.0,0.9910653,3.8456817,0.0,0.0,1.0391173,1.0006243,0.3050439,0.60924476,0.0,0.0,0.0,0.3048536,0.1383698,0.60886467,0.0,1.0006243,0.0,1.0006243,1.0391173,1.0391173,-0.03849306,14.2,16.707335,17.777779,17.777779,2.0
resstock-amy2018-2021-release-1-9634,0.0,0.0,0.0,0.0,0.0,0.0,0.0,0.0,0.0,0.0,0.0,0.0,0.0,0.0,0.0,0.0,0.0,0.0,13.496286392211914,0.0,-0.0,0.0,0.0,-0.0,0.0,-0.0,0.0,0.0,-0.0,0.9899541,3.8456817,0.0,0.0,0.9770343,0.95457566,0.29055163,0.58508277,0.0,0.0,0.0,0.3043778,0.1383698,0.61292446,0.0,0.95457566,0.0,0.95457566,0.9770343,0.9770343,-0.0224586,12.78,16.504559,17.777779,17.777779,2.0
resstock-amy2018-2021-release-1-9634,0.0,0.0,0.0,0.0,0.0,0.0,0.0,0.0,0.0,0.0,0.0,0.0,0.0,0.0,0.0,0.0,0.0,0.0,13.496286392211914,0.0,-0.0,0.0,0.0,-0.0,0.0,-0.0,0.0,0.0,-0.0,0.9888441,3.8456817,0.0,0.0,1.0207806,1.0207806,0.31219736,0.62383825,0.0,0.0,0.0,0.3058418,0.1383698,0.61113846,0.0,1.0207806,0.0,1.0207806,1.0207806,1.0207806,0.0,14.2,16.428177,17.777779,17.777779,2.0
resstock-amy2018-2021-release-1-9634,0.0,4.9622145,0.72451776,0.0,2.3074043,0.75765705,5.0091856e-08,0.0,0.0,0.0,0.0,0.0,0.0,0.0,0.0,0.0,0.0,0.0,13.496286392211914,0.0,-0.0,0.0,0.0,-0.0,0.0,-0.0,0.0,0.0,-0.0,0.9877354,3.8456817,4.9622145,4.705521e-08,1.0137738,4.078835,1.2657906,2.4583838,5.0091856e-08,6.9312e-09,1.0481132e-08,0.3103314,0.1383698,0.60271716,0.010481132,4.078835,0.0,4.078835,4.078835,1.0137738,-0.0,14.15,20.045122,17.777779,17.777779,2.0
resstock-amy2018-2021-release-1-9634,0.0,0.87113875,0.0,0.0,0.40829366,0.0,0.0,0.0,0.0,0.0,0.0,0.0,0.0,0.0,0.0,0.0,0.0,0.0,13.496286392211914,0.0,-0.0,0.0,0.0,-0.0,0.0,-0.0,0.0,0.0,-0.0,0.98662794,3.8456817,0.87113875,0.0,0.9688246,1.3771183,0.43342817,0.82793874,0.0,0.0,0.0,0.3147356,0.1383698,0.601211,0.0,1.3771183,0.0,1.3771183,1.3771183,0.9688246,-0.0,13.9,18.299742,17.777779,17.777779,2.0
resstock-amy2018-2021-release-1-9634,0.0,8.711388,0.0,0.0,2.3074043,0.0,4.032763,0.0,0.0,0.0,0.0,0.0,0.0,0.0,0.0,0.0,0.0,0.0,13.496286392211914,0.0,-0.0,0.0,0.0,-0.0,0.0,-0.0,0.0,0.0,-0.0,0.98552173,3.8456817,4.923097,3.7882905,0.8939127,3.2013168,0.9883528,1.9262621,4.032763,0.5580126,0.8438083,0.3087332,0.1383698,0.6017093,0.20923826,3.2013168,0.0,3.2013168,3.2013168,0.8939127,-0.0,13.9,22.808754,18.333334,18.333334,2.0
resstock-amy2018-2021-release-1-9634,0.0,0.8716568,0.0,0.0,0.40810704,0.0,0.0,0.0,0.0,0.0,0.0,0.0,0.0,0.0,0.0,0.0,0.0,0.0,13.496286392211914,0.0,-0.0,0.0,0.0,-0.0,0.0,-0.0,0.0,0.0,-0.0,0.9844168,3.8456817,0.8716568,0.0,0.4672031,0.8753102,0.25949445,0.5260772,0.0,0.0,0.0,0.29646,0.1383698,0.601018,0.0,0.8753102,0.0,0.8753102,0.8753102,0.4672031,-0.0,13.933333,19.274406,18.88889,18.88889,2.0
resstock-amy2018-2021-release-1-9634,0.0,8.711388,0.0,0.0,2.3074043,0.0,4.032763,0.0,0.0,0.0,0.0,0.0,0.0,0.0,0.0,0.0,0.0,0.0,13.496286392211914,0.0,-0.0,0.0,0.0,-0.0,0.0,-0.0,0.0,0.0,-0.0,0.983313,3.8456817,4.923097,3.7882905,0.45562336,2.7630277,0.7493834,1.6376641,4.032763,0.5580126,0.8438083,0.2712182,0.1383698,0.5927064,0.20923826,2.7630277,0.0,2.7630277,2.7630277,0.45562336,-0.0,13.9,24.328701,18.708334,18.708334,2.0
resstock-amy2018-2021-release-1-9634,0.0,0.87308687,1.4490132,0.0,2.2029204,1.5152909,0.0,0.0,0.0,0.0,0.0,0.0,0.0,0.0,0.0,0.0,0.0,0.0,13.496286392211914,0.0,-0.0,0.0,0.0,-0.0,0.0,-0.0,0.072064646,0.072064646,-0.0,1.0,3.8456817,0.87308687,0.0,0.4437969,4.1620083,1.1094666,2.4988854,0.0,0.0,0.0,0.26657,0.1383698,0.6004037,0.0,4.1620083,0.0,4.1283655,4.1283655,0.4437969,-0.0,14.025,20.070774,18.88889,18.88889,2.0
resstock-amy2018-2021-release-1-9634,0.0,8.711388,0.0,0.0,2.3074043,0.0,4.032763,0.0,0.0,0.0,0.0,0.0,0.0,0.0,0.0,0.0,0.0,0.0,13.496286392211914,0.0,-0.0,0.0,0.0,-0.0,0.0,-0.0,0.0,0.0,-0.0,0.9988788,3.8456817,4.923097,3.7882905,0.4247888,2.732193,0.790553,1.5941377,4.032763,0.5580126,0.8438083,0.2893474,0.1383698,0.5834645,0.20923826,2.732193,0.0,2.732193,2.732193,0.4247888,-0.0,13.9,24.949936,18.88889,18.88889,2.0
resstock-amy2018-2021-release-1-9634,0.0,0.8387953,0.0,0.0,0.4207787,0.0,0.0,0.0,0.0,0.0,0.0,0.0,0.0,0.0,0.0,0.0,0.0,0.0,13.496286392211914,0.0,-0.0,0.0,0.0,-0.0,0.0,-0.0,0.0,0.0,-0.0,0.9977588,3.8456817,0.8387953,0.0,0.4057807,0.8265594,0.22436957,0.5125664,0.0,0.0,0.0,0.27145,0.1383698,0.6201204,0.0,0.8265594,0.0,0.8265594,0.8265594,0.4057807,-0.0,11.67,20.202019,18.333334,18.333334,2.0
resstock-amy2018-2021-release-1-9634,0.0,8.515379,0.0,0.0,2.3074043,0.0,8.065525,0.0,0.0,0.0,0.0,0.0,0.0,0.0,0.0,0.0,0.0,0.0,13.496286392211914,0.0,-0.0,0.0,0.0,-0.0,0.0,-0.0,0.013610869,0.013610869,-0.0,1.0,3.8456817,4.7270885,3.7882903,0.40127003,2.7086744,0.60639095,1.7107234,8.065525,1.1160251,1.6876165,0.22387,0.1383698,0.6315722,0.20923826,2.7086744,0.0,2.7020307,2.7020307,0.40127003,-0.0,12.585,25.49626,18.333334,18.333334,2.0
resstock-amy2018-2021-release-1-9634,0.0,0.8650067,0.0,0.0,2.235698,0.0,0.0,0.0,0.0,0.0,0.0,0.0,0.0,0.0,3.1642256,3.1642256,0.0,0.21994388,13.496245384216309,2.9684165892032297,-0.0,3.1642256,0.0,-0.0,0.0,-0.0,0.004541979,0.004541979,-0.0,1.0,3.8456817,0.8650067,0.0,0.40161616,5.8015394,1.1147658,3.7387738,0.0,0.0,0.0,0.19215,0.1383698,0.6444451,0.0,5.8015394,0.0,2.6351583,2.6351583,0.40161616,-0.0,13.5,20.883541,18.333334,18.333334,2.0
resstock-amy2018-2021-release-1-9634,0.0,0.0,0.0,0.0,1.8649491,0.0,0.0,0.0,0.0,0.0,0.0,0.0,0.0,0.0,3.1170685,3.1170685,0.0,0.43638724,13.49620532989502,5.8895718063531035,-0.0,3.1170685,0.0,-0.0,0.0,-0.0,0.004541979,0.004541979,-0.0,1.0,3.8456817,0.0,0.0,0.5157657,5.4977837,0.98067373,3.6107817,0.0,0.0,0.0,0.1783762,0.1383698,0.6567704,0.0,5.4977837,0.0,2.3785126,2.3785126,0.5157657,-0.0,12.8,19.293818,18.333334,18.333334,2.0
resstock-amy2018-2021-release-1-9634,0.0,0.0,0.0,0.0,0.0,0.0,0.0,0.0,0.0,0.0,0.0,0.0,0.0,0.0,-3.070662,0.0,-3.070662,0.19362286,13.49616527557373,2.613166083684604,3.070662,0.0,0.0,-0.0,0.0,-0.0,0.0,0.0,-0.0,0.9988788,3.8456817,0.0,0.0,0.5801401,-2.490522,-0.5575531,0.0,0.0,0.0,0.0,0.22387,0.1383698,0.6525768,0.0,0.0,-2.490522,0.5801401,0.5801401,0.5801401,-0.0,12.8,18.311882,18.333334,18.333334,2.0
resstock-amy2018-2021-release-1-9634,0.0,0.0,0.0,0.0,0.0,0.0,0.0,0.0,0.0,0.0,0.0,0.0,0.0,0.0,-2.4499798,0.0,-2.4499798,0.0,13.496133804321289,0.0,2.4499798,0.0,0.0,-0.0,0.0,-0.0,0.0,0.0,-0.0,0.9977588,3.8456817,0.0,0.0,0.7275253,-1.7224545,-0.4476953,0.0,0.0,0.0,0.0,0.25991705,0.1383698,0.6395139,0.0,0.0,-1.7224545,0.72752523,0.72752523,0.7275253,-0.0,12.8,17.67908,18.333334,18.333334,2.0
resstock-amy2018-2021-release-1-9634,0.0,0.0,0.0,0.0,0.0,0.0,0.0,0.0,0.0,0.0,0.0,0.0,0.0,0.0,0.0,0.0,0.0,0.0,13.496133804321289,0.0,-0.0,0.0,0.0,-0.0,0.0,-0.0,0.0,0.0,-0.0,0.9966401,3.8456817,0.0,0.0,0.90280545,0.90280545,0.28447545,0.57256806,0.0,0.0,0.0,0.3151016,0.1383698,0.6342098,0.0,0.90280545,0.0,0.90280545,0.90280545,0.90280545,-0.0,12.2,17.294556,18.333334,18.333334,2.0
resstock-amy2018-2021-release-1-9634,0.0,0.0,0.0,0.0,0.0,0.0,0.0,0.0,0.0,0.0,0.0,0.0,0.0,0.0,0.0,0.0,0.0,0.0,13.496133804321289,0.0,-0.0,0.0,0.0,-0.0,0.0,-0.0,0.0,0.0,-0.0,0.9955226,3.8456817,0.0,0.0,1.9273871,1.8937818,0.6180357,1.2156651,0.0,0.0,0.0,0.32635,0.1383698,0.6419246,0.0,1.8937818,0.0,1.8937818,1.9273871,1.9273871,-0.03360539,12.8,17.126255,18.555555,18.555555,2.0
resstock-amy2018-2021-release-1-9634,0.0,0.0,0.0,0.0,1.802431,0.0,0.0,0.0,0.0,0.0,0.0,0.0,0.0,0.0,3.1642256,3.1642256,0.0,0.21994388,13.496092796325684,2.9683830284303667,-0.0,3.1642256,0.0,-0.0,0.0,-0.0,0.022659415,0.022659415,-0.0,1.0,3.8456817,0.0,0.0,1.2922682,6.165894,2.0001285,3.9708397,0.0,0.0,0.0,0.3243858,0.1383698,0.64400065,0.0,6.165894,0.0,2.9910483,3.0840788,1.2922682,-0.09303033,13.9,17.09585,18.88889,18.88889,2.0
resstock-amy2018-2021-release-1-9634,0.0,8.711388,0.0,0.0,2.3074043,0.0,8.065526,0.0,0.0,0.0,0.0,0.0,0.0,0.0,3.1170685,3.1170685,0.0,0.43638724,13.496052742004395,5.889505218944521,-0.0,3.1170685,0.0,-0.0,0.0,-0.0,0.004541979,0.004541979,-0.0,1.0,3.8456817,4.923097,3.7882905,1.3192035,6.6276207,2.095242,4.265124,8.065526,1.1160252,1.6876166,0.31613788,0.1383698,0.6435377,0.20923826,6.6276207,0.0,3.5084233,3.6244788,1.3192035,-0.11605542,13.9,23.09861,18.333334,18.333334,2.0
resstock-amy2018-2021-release-1-9634,0.0,0.0,0.0,0.0,0.0,0.0,0.0,0.0,0.0,0.0,0.0,0.0,0.0,0.0,-3.070662,0.0,-3.070662,0.19362286,13.496012687683105,2.6131365391812267,3.070662,0.0,0.0,-0.0,0.0,-0.0,0.0,0.0,-0.0,0.9988788,3.8456817,0.0,0.0,1.3000665,-1.874233,-0.5793201,0.0,0.0,0.0,0.0,0.30909714,0.1383698,0.6466767,0.0,0.0,-1.874233,1.196429,1.3000665,1.3000665,-0.10363748,13.9,20.05933,18.333334,18.333334,2.0
resstock-amy2018-2021-release-1-9634,0.0,0.0,0.0,0.0,0.0,0.0,0.0,0.0,0.0,0.0,0.0,0.0,0.0,0.0,-2.4499798,0.0,-2.4499798,0.0,13.495981216430664,0.0,2.4499798,0.0,0.0,-0.0,0.0,-0.0,0.0,0.0,-0.0,0.9977588,3.8456817,0.0,0.0,1.3070338,-1.1832696,-0.35463208,0.0,0.0,0.0,0.0,0.2997052,0.1383698,0.6469901,0.0,0.0,-1.1832696,1.2667102,1.3070338,1.3070338,-0.040323664,13.9,19.41293,18.333334,18.333334,2.0
resstock-amy2018-2021-release-1-9634,0.19724353,0.0,0.0,0.0,0.0,0.0,0.0,0.0,0.0,0.0,0.0,0.0,0.0,0.0,0.0,0.0,0.0,0.0,13.495981216430664,0.0,-0.0,0.0,0.0,-0.0,0.0,-0.0,0.0,0.0,-0.0,0.9966401,3.8456817,0.0,0.0,1.1613982,1.0264233,0.30839214,0.66257435,0.0,0.0,0.0,0.30045316,0.1383698,0.64551765,0.0,1.0264233,0.0,1.0264233,1.1613982,1.1613982,-0.13497487,14.15,19.132341,17.777779,17.777779,2.0
resstock-amy2018-2021-release-1-9634,0.058812026,0.0,0.7250717,0.0,0.0,0.7582364,0.0,0.0,0.0,0.0,0.0,0.0,0.0,0.0,0.0,0.0,0.0,0.0,13.495981216430664,0.0,-0.0,0.0,0.0,-0.0,0.0,-0.0,0.0,0.0,-0.0,0.9955226,3.8456817,0.0,0.0,1.0769501,1.7065825,0.5231893,1.0995251,0.0,0.0,0.0,0.30657133,0.1383698,0.6442847,0.0,1.7065825,0.0,1.7065825,1.8351865,1.0769501,-0.128604,13.3,18.809593,17.777779,17.777779,2.0
resstock-amy2018-2021-release-1-9634,0.0,0.0,0.0,0.0,0.0,0.0,0.0,0.0,0.0,0.0,0.0,0.0,0.0,0.0,0.0,0.0,0.0,0.0,13.495981216430664,0.0,-0.0,0.0,0.0,-0.0,0.0,-0.0,0.0,0.0,-0.0,0.99440646,3.8456817,0.0,0.0,0.6982035,0.6673567,0.20779268,0.42833197,0.0,0.0,0.0,0.31136674,0.1383698,0.6418336,0.0,0.6673567,0.0,0.6673567,0.6982035,0.6982035,-0.03084677,13.15,18.361416,17.777779,17.777779,2.0
resstock-amy2018-2021-release-1-9634,0.0,0.0,0.0,0.0,0.0,0.0,0.0,0.0,0.0,0.0,0.0,0.0,0.0,0.0,0.0,0.0,0.0,0.0,13.495981216430664,0.0,-0.0,0.0,0.0,-0.0,0.0,-0.0,0.0,0.0,-0.0,0.9932915,3.8456817,0.0,0.0,0.59517175,0.5440518,0.1704274,0.34702158,0.0,0.0,0.0,0.31325582,0.1383698,0.6378465,0.0,0.5440518,0.0,0.5440518,0.59517175,0.59517175,-0.051119912,12.8,17.92733,17.222221,17.222221,2.0
resstock-amy2018-2021-release-1-9634,0.0,0.0,1.4501182,0.0,0.0,1.5164464,0.0,0.0,0.0,0.0,0.0,0.0,0.0,0.0,0.0,0.0,0.0,0.0,13.495981216430664,0.0,-0.0,0.0,0.0,-0.0,0.0,-0.0,0.0,0.0,-0.0,0.9921778,3.8456817,0.0,0.0,0.5568094,2.0732558,0.65145326,1.3102052,0.0,0.0,0.0,0.3142175,0.1383698,0.63195544,0.0,2.0732558,0.0,2.0732558,2.0732558,0.5568094,0.0,12.1,17.375702,17.222221,17.222221,2.0
resstock-amy2018-2021-release-1-9634,0.0,0.0,2.1752157,0.0,1.8990499,2.2747097,0.0,0.0,0.0,0.0,0.0,0.0,0.0,0.0,3.1642256,3.1642256,0.0,0.21994388,13.495940208435059,2.9683494676575037,-0.0,3.1642256,0.0,-0.0,0.0,-0.0,0.036194187,0.036194187,-0.0,1.0,3.8456817,0.0,0.0,0.5031136,7.841099,2.4344356,4.8303165,0.0,0.0,0.0,0.31047124,0.1383698,0.61602545,0.0,7.841099,0.0,4.659,4.659,0.5031136,-0.0,12.2,16.913265,17.222221,17.222221,2.0
resstock-amy2018-2021-release-1-9634,0.0,8.392022,0.0,0.0,2.3074043,0.0,4.0327625,0.0,0.0,0.0,0.0,0.0,0.0,0.0,0.0,0.0,0.0,0.21941227,13.495940208435059,2.9611748392376853,-0.0,0.0,0.0,-0.0,0.0,-0.0,0.0,0.0,-0.0,0.9988788,3.8456817,4.6037316,3.7882905,0.48515838,2.7925627,0.8639356,1.6672829,4.0327625,0.55801255,0.84380823,0.30937016,0.1383698,0.59704405,0.20923826,2.7925627,0.0,2.7925627,2.7925627,0.48515838,-0.0,11.7,21.711477,17.222221,17.222221,2.0
resstock-amy2018-2021-release-1-9634,0.0,0.8311989,0.0,0.0,2.3074043,0.0,0.16306788,0.0,0.0,0.0,0.0,0.0,0.0,0.0,-2.624632,0.0,-2.624632,0.0119921435,13.495905876159668,0.16184483948496187,2.624632,0.0,0.0,-0.0,0.0,-0.0,0.009078935,0.009078935,-0.0,1.0,3.8456817,0.8311989,0.0,0.4688955,0.15166783,0.045655623,0.08789904,0.16306788,0.02256367,0.03412004,0.30102378,0.1383698,0.5795496,0.20923826,0.15166783,0.0,2.771669,2.771669,0.4688955,-0.0,11.1,18.71699,17.777779,17.777779,2.0
resstock-amy2018-2021-release-1-9634,0.0,0.8247389,0.0,0.0,0.42676923,0.0,0.0,0.0,0.0,0.0,0.0,0.0,0.0,0.0,0.0,0.0,0.0,0.011963158,13.495905876159668,0.1614536531967916,-0.0,0.0,0.0,-0.0,0.0,-0.0,0.0,0.0,-0.0,0.9988788,3.8456817,0.8247389,0.0,0.4672031,0.89397234,0.24234496,0.49894577,0.0,0.0,0.0,0.27108777,0.1383698,0.55812216,0.0,0.89397234,0.0,0.89397234,0.89397234,0.4672031,-0.0,10.6,17.735752,18.88889,18.88889,2.0
resstock-amy2018-2021-release-1-9634,0.0,8.311989,0.0,0.0,2.3074043,0.0,4.032763,0.0,0.0,0.0,0.0,0.0,0.0,0.0,0.0,0.0,0.0,0.011934243,13.495905876159668,0.16106342215579872,-0.0,0.0,0.0,-0.0,0.0,-0.0,0.0,0.0,-0.0,0.9977588,3.8456817,4.523698,3.7882907,0.45562336,2.7630277,0.69593245,1.4785345,4.032763,0.5580126,0.8438083,0.25187314,0.1383698,0.5351139,0.20923826,2.7630277,0.0,2.7630277,2.7630277,0.45562336,-0.0,11.1,21.61649,18.722221,18.722221,2.0
resstock-amy2018-2021-release-1-9634,0.0,0.8172265,0.0,0.0,2.3074043,0.0,0.29693457,0.0,0.0,0.0,0.0,0.0,0.0,0.0,-0.14275862,0.0,-0.14275862,0.00063713995,13.495903968811035,0.00859877958547034,0.14275862,0.0,0.0,-0.0,0.0,-0.0,0.013610869,0.013610869,-0.0,1.0,3.8456817,0.8172265,0.0,0.4437969,2.6084425,0.5712748,1.3245859,0.29693457,0.041086778,0.062130075,0.21900992,0.1383698,0.5078072,0.20923826,2.6084425,0.0,2.7440374,2.7440374,0.4437969,-0.0,10.0,18.541975,18.88889,18.88889,2.0
resstock-amy2018-2021-release-1-9634,0.0,8.172265,0.0,0.0,2.3074043,0.0,4.032763,0.0,0.0,0.0,0.0,0.0,0.0,0.0,0.0,0.0,0.0,0.00063559995,13.495903968811035,0.008577995892214085,-0.0,0.0,0.0,-0.0,0.0,-0.0,0.0,0.0,-0.0,0.9988788,3.8456817,4.383974,3.7882907,0.4247888,2.732193,0.58798003,1.4156994,4.032763,0.5580126,0.8438083,0.21520443,0.1383698,0.518155,0.20923826,2.732193,0.0,2.732193,2.732193,0.4247888,-0.0,10.0,23.0382,18.88889,18.88889,2.0
resstock-amy2018-2021-release-1-9634,0.0,0.809963,0.0,0.0,2.3074043,0.0,0.36652508,0.0,0.0,0.0,0.0,0.0,0.0,0.0,-0.0076031107,0.0,-0.0076031107,3.3889122e-05,13.495903968811035,0.0004573643398538378,0.0076031107,0.0,0.0,-0.0,0.0,-0.0,0.009078935,0.009078935,-0.0,1.0,3.8456817,0.809963,0.0,0.4057807,2.705582,0.5470709,1.2802922,0.36652508,0.050716,0.07669107,0.20220083,0.1383698,0.473204,0.20923826,2.705582,0.0,2.708326,2.708326,0.4057807,-0.0,9.4,18.976673,17.777779,17.777779,2.0
resstock-amy2018-2021-release-1-9634,0.0,0.8040914,0.0,0.0,2.3074043,0.0,0.42277935,0.0,0.0,0.0,0.0,0.0,0.0,0.0,3.1642184,3.1642184,0.0,0.21997723,13.49586296081543,2.9687825483341044,-0.0,3.1642184,0.0,-0.0,0.0,-0.0,0.004541979,0.004541979,-0.0,1.0,3.8456817,0.8040914,0.0,0.40127003,5.872893,1.1469973,2.760948,0.42277935,0.058499895,0.088461615,0.19530363,0.1383698,0.47011718,0.20923826,5.872893,0.0,2.7062101,2.7062101,0.40127003,-0.0,8.9,17.97956,17.777779,17.777779,2.0
resstock-amy2018-2021-release-1-9634,0.0,7.972532,0.0,0.0,2.3074043,0.0,8.065526,0.0,0.0,0.0,0.0,0.0,0.0,0.0,3.1170614,3.1170614,0.0,0.43642008,13.49582290649414,5.889848153625735,-0.0,3.1170614,0.0,-0.0,0.0,-0.0,0.004541979,0.004541979,-0.0,1.0,3.8456817,4.184241,3.7882907,0.48343685,5.9079027,1.0982625,2.721913,8.065526,1.1160252,1.6876166,0.1858972,0.1383698,0.4607241,0.20923826,5.9079027,0.0,2.7883368,2.7883368,0.48343685,-0.0,8.3,21.997026,17.222221,17.222221,2.0
resstock-amy2018-2021-release-1-9634,0.0,7.8847046,0.0,0.0,2.3074043,0.0,8.065525,0.0,0.0,0.0,0.0,0.0,0.0,0.0,3.070655,3.070655,0.0,0.6494086,13.495782852172852,8.764277162803864,-0.0,3.070655,0.0,-0.0,0.0,-0.0,0.004541979,0.004541979,-0.0,1.0,3.8456817,4.096414,3.7882905,0.42079672,5.798856,1.1830763,2.7838993,8.065525,1.1160251,1.6876165,0.20401892,0.1383698,0.48007736,0.20923826,5.798856,0.0,2.7256422,2.7256422,0.42079672,-0.0,7.5,21.799618,17.222221,17.222221,2.0
resstock-amy2018-2021-release-1-9634,0.0,0.0,0.0,0.0,2.2116408,0.0,0.0,0.0,0.0,0.0,0.0,0.0,0.0,0.0,3.0249894,3.0249894,0.0,0.85898864,13.495743751525879,11.592690607249892,-0.0,3.0249894,0.0,-0.0,0.0,-0.0,0.004541979,0.004541979,-0.0,1.0,3.8456817,0.0,0.0,0.45650008,5.6931305,1.2578851,2.994691,0.0,0.0,0.0,0.22094788,0.1383698,0.5260183,0.0,5.6931305,0.0,2.665529,2.665529,0.45650008,-0.0,6.7,18.450493,17.222221,17.222221,2.0
resstock-amy2018-2021-release-1-9634,0.0,0.0,0.0,0.0,0.0,0.0,0.0,0.0,0.0,0.0,0.0,0.0,0.0,0.0,-2.1233926,0.0,-2.1233926,0.6906521,13.495716094970703,9.320844289913794,2.1233926,0.0,0.0,-0.0,0.0,-0.0,0.0,0.0,-0.0,0.9988788,3.8456817,0.0,0.0,0.7275253,-1.3958673,-0.42377082,0.0,0.0,0.0,0.0,0.3035896,0.1383698,0.53710425,0.0,0.0,-1.3958673,0.72752523,0.72752523,0.7275253,-0.0,8.3,17.06948,17.222221,17.222221,2.0
resstock-amy2018-2021-release-1-9634,0.0,0.0,0.0,0.0,0.0,0.0,0.0,0.0,0.0,0.0,0.0,0.0,0.0,0.0,-3.0161467,0.0,-3.0161467,0.45195284,13.49567699432373,6.099409610871561,3.0161467,0.0,0.0,-0.0,0.0,-0.0,0.0,0.0,-0.0,0.9977588,3.8456817,0.0,0.0,0.90280545,-2.1133413,-0.6636378,0.0,0.0,0.0,0.0,0.31402302,0.1383698,0.5540538,0.0,0.0,-2.1133413,0.9028053,0.9028053,0.90280545,-0.0,10.6,16.34765,17.222221,17.222221,2.0
resstock-amy2018-2021-release-1-9634,0.0,0.0,0.0,0.0,0.0,0.0,0.0,0.0,0.0,0.0,0.0,0.0,0.0,0.0,-3.0673249,0.0,-3.0673249,0.20943777,13.495636940002441,2.8264961409594633,3.0673249,0.0,0.0,-0.0,0.0,-0.0,0.0,0.0,-0.0,0.9966401,3.8456817,0.0,0.0,1.1432062,-1.9463146,-0.7017567,0.0,0.0,0.0,0.0,0.3605567,0.1383698,0.55055434,0.0,0.0,-1.9463146,1.1210103,1.1432062,1.1432062,-0.022195878,11.7,15.96484,18.583334,18.583334,2.0
resstock-amy2018-2021-release-1-9634,0.0,2.5382738,0.0,0.0,0.0,0.0,0.0,0.0,0.0,0.0,0.0,0.0,0.0,0.0,-2.6503627,0.0,-2.6503627,0.0,13.49560260772705,0.0,2.6503627,0.0,0.0,-0.0,0.0,-0.0,0.0,0.0,2.5382738,0.3002556,3.8456817,0.0,0.0,1.2922682,-1.4641248,-0.5100924,0.0,0.0,0.0,0.0,0.34839404,0.1383698,0.5477178,0.0,0.0,-1.4641248,2.439672,2.5457022,1.2922682,-0.10603021,12.2,17.890701,18.88889,18.88889,2.0
resstock-amy2018-2021-release-1-9634,0.0,2.5382738,0.0,0.0,0.7127373,0.0,0.0,0.0,0.0,0.0,0.0,0.0,0.0,0.0,0.0,0.0,0.0,0.0,13.49560260772705,0.0,-0.0,0.0,0.0,-0.0,0.0,-0.0,0.0,0.0,1.094941,0.0,3.8456817,1.4433328,0.0,1.3192035,1.9229356,0.58922404,1.0843154,0.0,0.0,0.0,0.30641901,0.1383698,0.56388545,0.0,1.9229356,0.0,2.4636323,2.5726378,1.3192035,-0.10900537,12.2,18.320614,18.333334,18.333334,2.0
resstock-amy2018-2021-release-1-9634,0.0,2.5382738,0.0,0.0,1.2534341,0.0,0.0,0.0,0.0,0.0,0.0,0.0,0.0,0.0,0.0,0.0,0.0,0.0,13.49560260772705,0.0,-0.0,0.0,0.0,-0.0,0.0,-0.0,0.0,0.0,-0.0,0.0,3.8456817,2.5382738,0.0,1.3000665,2.485168,0.73960704,1.3880078,0.0,0.0,0.0,0.29760846,0.1383698,0.5585167,0.0,2.485168,0.0,2.485168,2.5535007,1.3000665,-0.06833266,12.2,18.773865,18.333334,18.333334,2.0
resstock-amy2018-2021-release-1-9634,0.0,2.5176067,0.0,0.0,1.2618321,0.0,0.0,0.0,0.0,0.0,0.0,0.0,0.0,0.0,0.0,0.0,0.0,0.0,13.49560260772705,0.0,-0.0,0.0,0.0,-0.0,0.0,-0.0,0.0,0.0,-0.0,0.0,3.8456817,2.5176067,0.0,1.3070338,2.4887414,0.7146574,1.3273599,0.0,0.0,0.0,0.28715616,0.1383698,0.5333459,0.0,2.4887414,0.0,2.4887414,2.5688658,1.3070338,-0.08012447,11.7,18.969738,17.777779,17.777779,2.0
resstock-amy2018-2021-release-1-9634,0.0,2.4926145,0.0,0.0,1.2723297,0.0,0.0,0.0,0.0,0.0,0.0,0.0,0.0,0.0,0.0,0.0,0.0,0.0,13.49560260772705,0.0,-0.0,0.0,0.0,-0.0,0.0,-0.0,0.0,0.0,-0.0,0.0,3.8456817,2.4926145,0.0,1.1613982,2.3115394,0.6613595,1.2091078,0.0,0.0,0.0,0.28611213,0.1383698,0.5230747,0.0,2.3115394,0.0,2.3115394,2.4337277,1.1613982,-0.12218842,11.075,19.156143,18.333334,18.333334,2.0
resstock-amy2018-2021-release-1-9634,0.0,2.5278635,0.0,0.0,1.2576331,0.0,0.0,0.0,0.0,0.0,0.0,0.0,0.0,0.0,0.0,0.0,0.0,0.0,13.49560260772705,0.0,-0.0,0.0,0.0,-0.0,0.0,-0.0,0.0,0.0,-0.0,0.0,3.8456817,2.5278635,0.0,1.0769501,2.2316012,0.6557345,1.1403102,0.0,0.0,0.0,0.29384035,0.1383698,0.51098293,0.0,2.2316012,0.0,2.2316012,2.3345833,1.0769501,-0.10298199,11.95,19.344738,18.333334,18.333334,2.0
resstock-amy2018-2021-release-1-9634,0.0,2.5859926,0.0,0.0,1.2349586,0.0,0.0,0.0,0.0,0.0,0.0,0.0,0.0,0.0,0.0,0.0,0.0,0.0,13.49560260772705,0.0,-0.0,0.0,0.0,-0.0,0.0,-0.0,0.0,0.0,-0.0,0.0,3.8456817,2.5859926,0.0,0.6982035,1.7182305,0.5319735,0.8515629,0.0,0.0,0.0,0.30960542,0.1383698,0.4956046,0.0,1.7182305,0.0,1.7182305,1.9331622,0.6982035,-0.21493179,13.3,19.588318,18.333334,18.333334,2.0
resstock-amy2018-2021-release-1-9634,0.0,2.5639057,0.0,0.0,1.2433566,0.0,0.0,0.0,0.0,0.0,0.0,0.0,0.0,0.0,0.0,0.0,0.0,0.0,13.49560260772705,0.0,-0.0,0.0,0.0,-0.0,0.0,-0.0,0.0,0.0,-0.0,0.0,3.8456817,2.5639057,0.0,1.0611634,2.2476087,0.72162503,1.1369435,0.0,0.0,0.0,0.32106346,0.1383698,0.50584584,0.0,2.2476087,0.0,2.2476087,2.3045201,1.0611634,-0.056911457,12.8,19.516542,19.444445,19.444445,2.0
resstock-amy2018-2021-release-1-9634,0.0,2.5382738,0.0,0.0,1.2534341,0.0,0.0,0.0,0.0,0.0,0.0,0.0,0.0,0.0,0.0,0.0,0.0,0.0,13.49560260772705,0.0,-0.0,0.0,0.0,-0.0,0.0,-0.0,0.0,0.0,-0.0,0.0,3.8456817,2.5382738,0.0,1.1049098,2.356366,0.7857795,1.3144597,0.0,0.0,0.0,0.3334709,0.1383698,0.55783343,0.0,2.356366,0.0,2.356366,2.3583438,1.1049098,-0.001977898,12.2,19.23234,20.0,20.0,2.0
resstock-amy2018-2021-release-1-9634,0.0,0.8460913,0.0,0.0,2.3074043,0.0,0.020386802,0.0,0.0,0.0,0.0,0.0,0.0,0.0,3.1642256,3.1642256,0.0,0.21994388,13.495561599731445,2.9682661949898375,-0.0,3.1642256,0.0,-0.0,0.0,-0.0,3.8456817,3.8456817,-0.0,0.94932187,3.8456817,0.8460913,0.0,1.0137738,6.4854035,2.0906737,3.977009,0.020386802,0.0028209176,0.004265699,0.32236603,0.1383698,0.6132246,0.20923826,6.4854035,0.0,1.4221282,1.4221282,1.0137738,-0.0,12.2,17.805851,20.0,20.0,2.0
resstock-amy2018-2021-release-1-9634,0.0,8.546352,0.0,0.0,2.3074043,0.0,4.032763,0.0,0.0,0.0,0.0,0.0,0.0,0.0,0.0,0.0,0.0,0.21941227,13.495561599731445,2.961091767843641,-0.0,0.0,0.0,-0.0,0.0,-0.0,0.0,0.0,-0.0,0.94825745,3.8456817,4.7580614,3.7882907,0.9688246,3.276229,1.0428877,2.0251472,4.032763,0.5580126,0.8438083,0.31831953,0.1383698,0.6181336,0.20923826,3.276229,0.0,3.276229,3.276229,0.9688246,-0.0,12.8,22.231876,20.0,20.0,2.0
resstock-amy2018-2021-release-1-9634,0.0,0.8460913,0.0,0.0,0.41781136,0.0,0.0,0.0,0.0,0.0,0.0,0.0,0.0,0.0,-2.624632,0.0,-2.624632,0.0119921435,13.495527267456055,0.16184029915507026,2.624632,0.0,0.0,-0.0,0.0,-0.0,0.0,0.0,-0.0,0.9471942,3.8456817,0.8460913,0.0,0.8939127,-1.3129078,-0.40796816,0.0,0.0,0.0,0.0,0.31073633,0.1383698,0.611606,0.0,0.0,-1.3129078,1.3117241,1.3117241,0.8939127,-0.0,12.2,18.523254,20.0,20.0,2.0
resstock-amy2018-2021-release-1-9634,0.0,2.5639057,0.0,0.0,0.0,0.0,0.0,0.0,0.0,0.0,0.0,0.0,0.0,0.0,0.0,0.0,0.0,0.011963158,13.495527267456055,0.16144912384108245,-0.0,0.0,0.0,-0.0,0.0,-0.0,0.0,0.0,2.5639057,0.24384421,3.8456817,0.0,0.0,0.8328848,0.8328848,0.2560935,0.49967822,0.0,0.0,0.0,0.3074777,0.1383698,0.5999368,0.0,0.8328848,0.0,2.0762415,2.0762415,0.8328848,-0.0,12.8,19.396244,18.88889,18.88889,2.0
resstock-amy2018-2021-release-1-9634,0.0,2.5382738,0.0,0.0,0.8143223,0.0,0.0,0.0,0.0,0.0,0.0,0.0,0.0,0.0,-0.14310451,0.0,-0.14310451,0.0006386861,13.495525360107422,0.008619404736492697,0.14310451,0.0,0.0,-0.0,0.0,-0.0,0.0,0.0,0.88922584,0.0,3.8456817,1.649048,0.0,0.45562336,1.1268411,0.3362395,0.66752535,0.0,0.0,0.0,0.29839122,0.1383698,0.5923864,0.0,1.1268411,0.0,1.7090573,1.7090573,0.45562336,-0.0,12.2,18.764252,19.296297,19.296297,2.0
resstock-amy2018-2021-release-1-9634,0.0,2.5382738,0.0,0.0,1.2534341,0.0,0.0,0.0,0.0,0.0,0.0,0.0,0.0,0.0,-0.008071426,0.0,-0.008071426,0.0,13.495525360107422,0.0,0.008071426,0.0,0.0,-0.0,0.0,-0.0,0.0,0.0,-0.0,0.0,3.8456817,2.5382738,0.0,0.4437969,1.6891595,0.44409695,1.0153289,0.0,0.0,0.0,0.26291,0.1383698,0.60108525,0.0,1.6891595,0.0,1.6972309,1.6972309,0.4437969,-0.0,12.2,18.526443,20.0,20.0,2.0
resstock-amy2018-2021-release-1-9634,0.0,8.460913,0.7261126,0.0,2.3074043,0.75932485,4.032763,0.0,0.0,0.0,0.0,0.0,0.0,0.0,3.1642256,3.1642256,0.0,0.21994388,13.495484352111816,2.9682492048485756,-0.0,3.1642256,0.0,-0.0,0.0,-0.0,0.0,0.0,-0.0,0.0,3.8456817,4.672622,3.7882907,0.4247888,6.6557436,1.6291982,3.752387,4.032763,0.5580126,0.8438083,0.2447808,0.1383698,0.5637818,0.20923826,6.6557436,0.0,3.491518,3.491518,0.4247888,-0.0,12.2,22.183266,20.0,20.0,2.0
resstock-amy2018-2021-release-1-9634,0.0,0.8460913,0.0,0.0,0.41781136,0.0,0.0,0.0,0.0,0.0,0.0,0.0,0.0,0.0,-2.7835033,0.0,-2.7835033,0.0,13.495448112487793,0.0,2.7835033,0.0,0.0,-0.0,0.0,-0.0,0.0,0.0,-0.0,0.0,3.8456817,0.8460913,0.0,0.4057807,-1.9599112,-0.4124633,0.0,0.0,0.0,0.0,0.21045,0.1383698,0.59987116,0.0,0.0,-1.9599112,0.82359207,0.82359207,0.4057807,-0.0,12.2,18.656458,19.444445,19.444445,2.0
resstock-amy2018-2021-release-1-9634,0.0,8.460913,0.0,0.0,2.3074043,0.0,4.032763,0.0,0.0,0.0,0.0,0.0,0.0,0.0,0.0,0.0,0.0,0.0,13.495448112487793,0.0,-0.0,0.0,0.0,-0.0,0.0,-0.0,0.0,0.0,-0.0,0.0,3.8456817,4.672622,3.7882907,0.40127003,2.7086744,0.5700405,1.6432097,4.032763,0.5580126,0.8438083,0.21045,0.1383698,0.6066472,0.20923826,2.7086744,0.0,2.7086744,2.7086744,0.40127003,-0.0,12.2,24.459969,19.444445,19.444445,2.0
resstock-amy2018-2021-release-1-9634,0.0,0.8460913,0.0,0.0,2.3074043,0.0,0.020386802,0.0,0.0,0.0,0.0,0.0,0.0,0.0,3.1642256,3.1642256,0.0,0.21994388,13.495407104492188,2.9682322147073137,-0.0,3.1642256,0.0,-0.0,0.0,-0.0,3.8456817,3.8456817,-0.0,0.94932187,3.8456817,0.8460913,0.0,0.40161616,5.873246,1.2360246,3.7128534,0.020386802,0.0028209176,0.004265699,0.21045,0.1383698,0.63216376,0.20923826,5.873246,0.0,0.80997086,0.80997086,0.40161616,-0.0,12.2,19.999641,18.88889,18.88889,2.0
resstock-amy2018-2021-release-1-9634,0.0,8.392022,0.0,0.0,2.3074043,0.0,8.065525,0.0,0.0,0.0,0.0,0.0,0.0,0.0,3.1170685,3.1170685,0.0,0.43638724,13.495367050170898,5.889205991777203,-0.0,3.1170685,0.0,-0.0,0.0,-0.0,0.20960787,0.20960787,-0.0,1.0,3.8456817,4.6037316,3.7882905,0.42079672,5.845269,1.265793,3.7443597,8.065525,1.1160251,1.6876165,0.21655,0.1383698,0.6405795,0.20923826,5.845269,0.0,2.6231446,2.6231446,0.42079672,-0.0,11.7,25.846426,18.88889,18.88889,2.0
resstock-amy2018-2021-release-1-9634,0.0,0.0,0.0,0.0,1.9615682,0.0,0.0,0.0,0.0,0.0,0.0,0.0,0.0,0.0,3.070662,3.070662,0.0,0.6493763,13.49532699584961,8.763545149575748,-0.0,3.070662,0.0,-0.0,0.0,-0.0,0.004541979,0.004541979,-0.0,1.0,3.8456817,0.0,0.0,0.45650008,5.4887304,1.3626871,3.4944847,0.0,0.0,0.0,0.24827,0.1383698,0.6366654,0.0,5.4887304,0.0,2.4157517,2.4157517,0.45650008,-0.0,11.1,20.68523,18.88889,18.88889,2.0
resstock-amy2018-2021-release-1-9634,0.0,0.0,0.0,0.0,0.0,0.0,0.0,0.0,0.0,0.0,0.0,0.0,0.0,0.0,-3.0249963,0.0,-3.0249963,0.41001827,13.495287895202637,5.5333145318044785,3.0249963,0.0,0.0,-0.0,0.0,-0.0,0.0,0.0,-0.0,0.9988788,3.8456817,0.0,0.0,0.5189465,-2.5060496,-0.8025624,0.0,0.0,0.0,0.0,0.32025,0.1383698,0.6325099,0.0,0.0,-2.5060496,0.51894665,0.51894665,0.5189465,-0.0,10.8,19.383656,18.333334,18.333334,2.0
resstock-amy2018-2021-release-1-9634,0.0,0.0,0.0,0.0,0.0,0.0,0.0,0.0,0.0,0.0,0.0,0.0,0.0,0.0,-3.0763159,0.0,-3.0763159,0.16683139,13.495247840881348,2.2514309431321777,3.0763159,0.0,0.0,-0.0,0.0,-0.0,0.0,0.0,-0.0,0.9977588,3.8456817,0.0,0.0,0.61453795,-2.461778,-0.84412694,0.0,0.0,0.0,0.0,0.3428932,0.1383698,0.63582903,0.0,0.0,-2.461778,0.61453795,0.61453795,0.61453795,-0.0,11.1,18.41491,18.333334,18.333334,2.0
resstock-amy2018-2021-release-1-9634,0.0,0.0,2.3152823,0.0,0.0,2.4211829,0.0,0.0,0.0,0.0,0.0,0.0,0.0,0.0,-2.1106117,0.0,-2.1106117,0.0,13.495220184326172,0.0,2.1106117,0.0,0.0,-0.0,0.0,-0.0,0.0,0.0,-0.0,0.9966401,3.8456817,0.0,0.0,1.1432062,1.4298694,0.52115166,0.91194,0.0,0.0,0.0,0.364475,0.1383698,0.6377785,0.0,1.4298694,0.0,3.540481,3.564389,1.1432062,-0.023907956,12.2,17.920029,18.583334,18.583334,2.0
resstock-amy2018-2021-release-1-9634,0.6285537,0.0,6.296938,0.0,0.0,6.5849586,0.0,0.0,0.0,0.0,0.0,0.0,0.0,0.0,0.0,0.0,0.0,0.0,13.495220184326172,0.0,-0.0,0.0,0.0,-0.0,0.0,-0.0,0.0,0.0,-0.0,0.9955226,3.8456817,0.0,0.0,1.2922682,7.79225,2.7108097,4.988066,0.0,0.0,0.0,0.34788534,0.1383698,0.6401317,0.0,7.79225,0.0,7.79225,7.877227,1.2922682,-0.08497672,11.7,17.619843,18.88889,18.88889,2.0
resstock-amy2018-2021-release-1-9634,0.0,8.546352,0.0,0.0,2.3074043,0.0,8.065526,0.0,0.0,0.0,0.0,0.0,0.0,0.0,3.1642256,3.1642256,0.0,0.21994388,13.495179176330566,2.9681820833028496,-0.0,3.1642256,0.0,-0.0,0.0,-0.0,0.022659415,0.022659415,-0.0,1.0,3.8456817,4.7580614,3.7882907,1.3192035,6.696911,2.239689,4.330278,8.065526,1.1160252,1.6876166,0.33443615,0.1383698,0.64660823,0.20923826,6.696911,0.0,3.5216966,3.6156192,1.3192035,-0.09392267,12.8,23.48344,18.333334,18.333334,2.0
resstock-amy2018-2021-release-1-9634,1.8665794,4.876962,5.5047407,0.0,2.3074043,5.7565265,4.032763,0.0,0.0,0.0,0.0,0.0,0.0,0.0,3.1170685,3.1170685,0.0,0.43638724,13.495139122009277,5.889106526835633,-0.0,3.1170685,0.0,-0.0,0.0,-0.0,0.004541979,0.004541979,-0.0,1.0,3.8456817,4.876962,5.6700173e-09,1.3000665,12.289497,3.778214,7.932695,4.032763,0.5580126,0.8438083,0.30743438,0.1383698,0.6454857,0.20923826,12.289497,0.0,9.17028,9.361849,1.3000665,-0.19156799,13.6,22.561935,18.333334,18.333334,2.0
resstock-amy2018-2021-release-1-9634,0.0,0.0,0.0,0.0,0.0,0.0,0.0,0.0,0.0,0.0,0.0,0.0,0.0,0.0,-3.070662,0.0,-3.070662,0.19362286,13.495099067687988,2.6129596414672562,3.070662,0.0,0.0,-0.0,0.0,-0.0,0.0,0.0,-0.0,0.9988788,3.8456817,0.0,0.0,0.98500293,-2.3718336,-0.70343506,0.0,0.0,0.0,0.0,0.2965786,0.1383698,0.64066696,0.0,0.0,-2.3718336,0.69882846,0.985003,0.98500293,-0.28617454,13.9,20.469498,18.88889,18.88889,2.0
resstock-amy2018-2021-release-1-9634,0.0,0.0,0.0,0.0,0.0,0.0,0.0,0.0,0.0,0.0,0.0,0.0,0.0,0.0,-2.4499798,0.0,-2.4499798,0.0,13.495067596435547,0.0,2.4499798,0.0,0.0,-0.0,0.0,-0.0,0.0,0.0,-0.0,0.9977588,3.8456817,0.0,0.0,0.8392982,-1.9142659,-0.5680707,0.0,0.0,0.0,0.0,0.29675645,0.1383698,0.6363588,0.0,0.0,-1.9142659,0.5357139,0.83929825,0.8392982,-0.30358434,13.9,19.904537,18.88889,18.88889,2.0
resstock-amy2018-2021-release-1-9634,0.15715286,0.0,4.356733,0.0,1.802431,4.556009,0.0,0.0,0.0,0.0,0.0,0.0,0.0,0.0,3.1642256,3.1642256,0.0,0.21994388,13.495026588439941,2.9681485225299866,-0.0,3.1642256,0.0,-0.0,0.0,-0.0,0.013610869,0.013610869,-0.0,1.0,3.8456817,0.0,0.0,0.7664458,9.912055,3.180382,6.2787614,0.0,0.0,0.0,0.32086,0.1383698,0.633447,0.0,9.912055,0.0,6.7414503,7.1185064,0.7664458,-0.37705618,13.9,19.64888,19.444445,19.444445,2.0
resstock-amy2018-2021-release-1-9634,0.0,8.790249,0.0,0.0,2.3074043,0.0,8.065525,0.0,0.0,0.0,0.0,0.0,0.0,0.0,3.1170685,3.1170685,0.0,0.43638724,13.494986534118652,5.88903993942705,-0.0,3.1170685,0.0,-0.0,0.0,-0.0,0.004541979,0.004541979,-0.0,1.0,3.8456817,5.0019584,3.7882905,0.6982035,5.840736,1.9830579,3.6912103,8.065525,1.1160251,1.6876165,0.3395219,0.1383698,0.6319769,0.20923826,5.840736,0.0,2.7215722,3.0035124,0.6982035,-0.28194034,14.4,25.095606,20.0,20.0,2.0
resstock-amy2018-2021-release-1-9634,0.0,0.0,0.0,0.0,1.802431,0.0,0.0,0.0,0.0,0.0,0.0,0.0,0.0,0.0,3.070662,3.070662,0.0,0.6493763,13.494946479797363,8.763298051479865,-0.0,3.070662,0.0,-0.0,0.0,-0.0,0.004541979,0.004541979,-0.0,1.0,3.8456817,0.0,0.0,0.59517175,5.3243737,1.9396918,3.361592,0.0,0.0,0.0,0.3643042,0.1383698,0.63135916,0.0,5.3243737,0.0,2.2515829,2.3954737,0.59517175,-0.14389081,13.9,21.44519,20.0,20.0,2.0
resstock-amy2018-2021-release-1-9634,0.0,8.546352,0.0,0.0,2.3074043,0.0,8.065526,0.0,0.0,0.0,0.0,0.0,0.0,0.0,3.0249963,3.0249963,0.0,0.8589569,13.49490737915039,11.59154344944568,-0.0,3.0249963,0.0,-0.0,0.0,-0.0,0.004541979,0.004541979,-0.0,1.0,3.8456817,4.7580614,3.7882907,0.5568094,5.8845353,2.3452075,3.7667289,8.065526,1.1160252,1.6876166,0.3985374,0.1383698,0.64010644,0.20923826,5.8845353,0.0,2.8573365,2.8620107,0.5568094,-0.004674225,12.8,27.446165,20.0,20.0,2.0
resstock-amy2018-2021-release-1-9634,0.0,0.0,0.0,0.0,0.0,0.0,0.0,0.0,0.0,0.0,0.0,0.0,0.0,0.0,-2.1237044,0.0,-2.1237044,0.6905974,13.494879722595215,9.319529051760696,2.1237044,0.0,0.0,-0.0,0.0,-0.0,0.0,0.0,-0.0,0.9988788,3.8456817,0.0,0.0,1.0137738,-1.1099306,-0.3930726,0.0,0.0,0.0,0.0,0.3541416,0.1383698,0.6332249,0.0,0.0,-1.1099306,1.0137738,1.0137738,1.0137738,-0.0,12.2,21.647877,19.444445,19.444445,2.0
resstock-amy2018-2021-release-1-9634,0.0,0.0,0.0,0.0,0.0,0.0,0.0,0.0,0.0,0.0,0.0,0.0,0.0,0.0,-3.0161583,0.0,-3.0161583,0.4518973,13.494840621948242,6.098281950967873,3.0161583,0.0,0.0,-0.0,0.0,-0.0,0.0,0.0,-0.0,0.9977588,3.8456817,0.0,0.0,0.9688246,-2.0473337,-0.71792746,0.0,0.0,0.0,0.0,0.3506646,0.1383698,0.61524755,0.0,0.0,-2.0473337,0.9688246,0.9688246,0.9688246,-0.0,12.2,20.73896,19.444445,19.444445,2.0
resstock-amy2018-2021-release-1-9634,0.0,8.311989,0.0,0.0,2.3074043,0.0,4.032763,0.0,0.0,0.0,0.0,0.0,0.0,0.0,0.0,0.0,0.0,0.45080507,13.494840621948242,6.083542544443162,-0.0,0.0,0.0,-0.0,0.0,-0.0,0.0,0.0,-0.0,0.9966401,3.8456817,4.523698,3.7882907,0.8939127,3.2013168,1.0896642,1.8822621,4.032763,0.5580126,0.8438083,0.34038,0.1383698,0.58796495,0.20923826,3.2013168,0.0,3.2013168,3.2013168,0.8939127,-0.0,11.1,24.457281,19.444445,19.444445,2.0
resstock-amy2018-2021-release-1-9634,0.0,0.8311989,0.0,0.0,0.4239699,0.0,0.0,0.0,0.0,0.0,0.0,0.0,0.0,0.0,-3.067571,0.0,-3.067571,0.20827161,13.494800567626953,2.810583810574542,3.067571,0.0,0.0,-0.0,0.0,-0.0,0.0,0.0,-0.0,0.9955226,3.8456817,0.8311989,0.0,0.4672031,-2.1763978,-0.7368195,0.0,0.0,0.0,0.0,0.33855,0.1383698,0.5459738,0.0,0.0,-2.1763978,0.8911731,0.8911731,0.4672031,-0.0,11.1,20.63252,18.88889,18.88889,2.0
resstock-amy2018-2021-release-1-9634,0.0,8.24739,0.72611445,0.0,2.3074043,0.7593268,4.032763,0.0,0.0,0.0,0.0,0.0,0.0,0.0,0.0,0.0,0.0,0.20776822,13.494800567626953,2.803790649051564,-0.0,0.0,0.0,-0.0,0.0,-0.0,0.0,0.0,-0.0,0.99440646,3.8456817,4.459099,3.7882907,0.45562336,3.5223546,1.1473718,1.7538067,4.032763,0.5580126,0.8438083,0.32574,0.1383698,0.4979075,0.20923826,3.5223546,0.0,3.5223546,3.5223546,0.45562336,-0.0,10.6,25.780308,18.73611,18.73611,2.0
resstock-amy2018-2021-release-1-9634,0.0,0.8311989,0.7261231,0.0,0.4239699,0.7593358,0.0,0.0,0.0,0.0,0.0,0.0,0.0,0.0,-2.4853444,0.0,-2.4853444,0.011340975,13.494768142700195,0.15304382584427678,2.4853444,0.0,0.0,-0.0,0.0,-0.0,0.0,0.0,-0.0,0.9932915,3.8456817,0.8311989,0.0,0.4437969,-0.85824174,-0.27122912,0.0,0.0,0.0,0.0,0.3160288,0.1383698,0.46525216,0.0,0.0,-0.85824174,1.6271026,1.6271026,0.4437969,-0.0,11.1,20.769423,18.88889,18.88889,2.0
resstock-amy2018-2021-release-1-9634,0.0,8.039756,0.0,0.0,2.3074043,0.0,4.032763,0.0,0.0,0.0,0.0,0.0,0.0,0.0,0.0,0.0,0.0,0.011313563,13.494768142700195,0.15267391242387518,-0.0,0.0,0.0,-0.0,0.0,-0.0,0.0,0.0,-0.0,0.9921778,3.8456817,4.251465,3.7882907,0.4247888,2.732193,0.7773865,1.2336115,4.032763,0.5580126,0.8438083,0.2845284,0.1383698,0.45150962,0.20923826,2.732193,0.0,2.732193,2.732193,0.4247888,-0.0,8.89,25.764894,18.333334,18.333334,2.0
resstock-amy2018-2021-release-1-9634,0.0,0.8141098,0.0,0.0,2.3074043,0.0,0.32679525,0.0,0.0,0.0,0.0,0.0,0.0,0.0,3.1618,3.1618,0.0,0.23107763,13.49472713470459,3.1183295144953007,-0.0,3.1618,0.0,-0.0,0.0,-0.0,0.036194187,0.036194187,-0.0,1.0,3.8456817,0.8141098,0.0,0.4057807,5.8749847,1.5953285,2.6100733,0.32679525,0.045218594,0.06837807,0.27154598,0.1383698,0.44426897,0.20923826,5.8749847,0.0,2.6939983,2.6939983,0.4057807,-0.0,9.745,20.929104,18.333334,18.333334,2.0
resstock-amy2018-2021-release-1-9634,0.0,8.24739,0.0,0.0,2.3074043,0.0,8.065526,0.0,0.0,0.0,0.0,0.0,0.0,0.0,3.1146815,3.1146815,0.0,0.44734353,13.4946870803833,6.036760931447986,-0.0,3.1146815,0.0,-0.0,0.0,-0.0,0.004541979,0.004541979,-0.0,1.0,3.8456817,4.459099,3.7882907,0.40127003,5.8233557,1.4457645,2.590725,8.065526,1.1160252,1.6876166,0.24827,0.1383698,0.44488522,0.20923826,5.8233557,0.0,2.7063239,2.7063239,0.40127003,-0.0,10.6,26.529455,17.777779,17.777779,2.0
resstock-amy2018-2021-release-1-9634,0.0,0.8264435,0.0,0.0,2.3074043,0.0,0.2086282,0.0,0.0,0.0,0.0,0.0,0.0,0.0,3.0683131,3.0683131,0.0,0.66015744,13.494647026062012,8.908591662671597,-0.0,3.0683131,0.0,-0.0,0.0,-0.0,0.004541979,0.004541979,-0.0,1.0,3.8456817,0.8264435,0.0,0.40161616,5.7773333,1.4216515,2.598507,0.2086282,0.028867843,0.043653004,0.246074,0.1383698,0.4497762,0.20923826,5.7773333,0.0,2.7066789,2.7066789,0.40161616,-0.0,10.733334,21.598839,17.777779,17.777779,2.0
resstock-amy2018-2021-release-1-9634,0.0,8.24739,0.0,0.0,2.3074043,0.0,8.065526,0.0,0.0,0.0,0.0,0.0,0.0,0.0,3.0226848,3.0226848,0.0,0.86956525,13.494607925415039,11.734442093930284,-0.0,3.0226848,0.0,-0.0,0.0,-0.0,0.004541979,0.004541979,-0.0,1.0,3.8456817,4.459099,3.7882907,0.42079672,5.750886,1.4453127,2.6095421,8.065526,1.1160252,1.6876166,0.25132,0.1383698,0.45376348,0.20923826,5.750886,0.0,2.7258508,2.7258508,0.42079672,-0.0,10.6,27.231941,17.777779,17.777779,2.0
resstock-amy2018-2021-release-1-9634,0.0,0.0,0.0,0.0,0.0,0.0,0.0,0.0,0.0,0.0,0.0,0.0,0.0,0.0,-2.0197945,0.0,-2.0197945,0.7088392,13.494582176208496,9.565488538388536,2.0197945,0.0,0.0,-0.0,0.0,-0.0,0.0,0.0,-0.0,0.9988788,3.8456817,0.0,0.0,0.45650008,-1.5632944,-0.4272171,0.0,0.0,0.0,0.0,0.27328,0.1383698,0.4606287,0.0,0.0,-1.5632944,0.45650005,0.45650005,0.45650008,-0.0,10.0,21.923714,17.777779,17.777779,2.0
resstock-amy2018-2021-release-1-9634,0.0,0.0,0.0,0.0,0.0,0.0,0.0,0.0,0.0,0.0,0.0,0.0,0.0,0.0,-3.012247,0.0,-3.012247,0.47043017,13.494543075561523,6.348240132778017,3.012247,0.0,0.0,-0.0,0.0,-0.0,0.0,0.0,-0.0,0.9977588,3.8456817,0.0,0.0,0.5189465,-2.4933004,-0.7683653,0.0,0.0,0.0,0.0,0.308172,0.1383698,0.46707085,0.0,0.0,-2.4933004,0.51894665,0.51894665,0.5189465,-0.0,8.33,20.345606,17.222221,17.222221,2.0
resstock-amy2018-2021-release-1-9634,0.0,0.0,0.0,0.0,0.0,0.0,0.0,0.0,0.0,0.0,0.0,0.0,0.0,0.0,3.063363,3.063363,0.0,0.68287504,13.494503021240234,9.215059252534502,-0.0,3.063363,0.0,-0.0,0.0,-0.0,0.0,0.0,-0.0,0.9966401,3.8456817,0.0,0.0,0.61453795,3.677901,1.1868219,1.7800608,0.0,0.0,0.0,0.32269,0.1383698,0.48398823,0.0,3.677901,0.0,0.61453795,0.61453795,0.61453795,-0.0,8.885,19.216858,17.777779,17.777779,2.0
resstock-amy2018-2021-release-1-9634,0.0,0.0,0.3939999,0.0,0.0,0.4120214,0.0,0.0,0.0,0.0,0.0,0.0,0.0,0.0,3.017814,3.017814,0.0,0.89191866,13.494463920593262,12.03596416681603,-0.0,3.017814,0.0,-0.0,0.0,-0.0,0.0,0.0,-0.0,0.9955226,3.8456817,0.0,0.0,2.1917877,5.561508,2.0084398,2.7462487,0.0,0.0,0.0,0.3611322,0.1383698,0.49379566,0.0,5.561508,0.0,2.5436943,2.6038086,2.1917877,-0.060114365,9.44,18.629196,18.606482,18.606482,2.0
resstock-amy2018-2021-release-1-9634,0.0,8.387953,0.23809658,0.0,2.3074043,0.24898708,8.065525,0.0,0.0,0.0,0.0,0.0,0.0,0.0,1.4826651,1.4826651,0.0,0.99269027,13.494444847106934,13.39580403371366,-0.0,1.4826651,0.0,-0.0,0.0,-0.0,0.022659415,0.022659415,-0.0,1.0,3.8456817,4.5996623,3.7882903,1.2922682,5.2595854,1.7996261,2.6176105,8.065525,1.1160251,1.6876165,0.3421612,0.1383698,0.49768382,0.20923826,5.2595854,0.0,3.7655535,3.8372924,1.2922682,-0.071738996,11.67,24.224632,18.88889,18.88889,2.0
resstock-amy2018-2021-release-1-9634,0.0,0.0,0.27073514,0.0,0.0,0.28311852,0.0,0.0,0.0,0.0,0.0,0.0,0.0,0.0,-0.81378275,0.0,-0.81378275,0.9240147,13.494434356689453,12.46905554560044,0.81378275,0.0,0.0,-0.0,0.0,-0.0,0.0,0.0,-0.0,0.9988788,3.8456817,0.0,0.0,1.3192035,0.6029612,0.19309096,0.29834545,0.0,0.0,0.0,0.3202378,0.1383698,0.49480042,0.0,0.6029612,0.0,1.416744,1.6023221,1.3192035,-0.1855781,10.6,21.23922,18.333334,18.333334,2.0
resstock-amy2018-2021-release-1-9634,0.0,8.172265,0.68575627,0.0,2.3074043,0.7171226,8.065526,0.0,0.0,0.0,0.0,0.0,0.0,0.0,1.0503864,1.0503864,0.0,0.99402153,13.494421005249023,13.413745080490799,-0.0,1.0503864,0.0,-0.0,0.0,-0.0,0.009078935,0.009078935,-0.0,1.0,3.8456817,4.383974,3.7882907,1.3000665,5.1992545,1.6086078,2.4906898,8.065526,1.1160252,1.6876166,0.309392,0.1383698,0.47904748,0.20923826,5.1992545,0.0,4.1440897,4.3198147,1.3000665,-0.17572507,10.0,26.452816,18.333334,18.333334,2.0
resstock-amy2018-2021-release-1-9634,0.0,8.365032,0.04329682,0.0,2.3074043,0.04527721,8.065526,0.0,0.0,0.0,0.0,0.0,0.0,0.0,0.107564926,0.107564926,0.0,0.9988629,13.494420051574707,13.479075845997102,-0.0,0.107564926,0.0,-0.0,0.0,-0.0,0.004541979,0.004541979,-0.0,1.0,3.8456817,4.576741,3.7882907,1.3070338,3.4758582,1.047924,1.6588099,8.065526,1.1160252,1.6876166,0.3014864,0.1383698,0.4772375,0.20923826,3.4758582,0.0,3.3660035,3.6574254,1.3070338,-0.29142195,11.5,25.130829,18.333334,18.333334,2.0
resstock-amy2018-2021-release-1-9634,0.07306483,8.546352,0.0,0.0,2.3074043,0.0,8.065526,0.0,0.0,0.0,0.0,0.0,0.0,0.0,0.042363167,0.042363167,0.0,0.9992974,13.49441909790039,13.484937655191061,-0.0,0.042363167,0.0,-0.0,0.0,-0.0,0.004541979,0.004541979,-0.0,1.0,3.8456817,4.7580614,3.7882907,1.1613982,3.1520905,0.95238906,1.4812176,8.065526,1.1160252,1.6876166,0.3021452,0.1383698,0.46991596,0.20923826,3.1520905,0.0,3.1075249,3.4666,1.1613982,-0.35907507,12.8,25.747522,18.333334,18.333334,2.0
resstock-amy2018-2021-release-1-9634,0.34222633,8.619975,2.4900935,0.0,2.3074043,2.6039898,8.065526,0.0,0.0,0.0,0.0,0.0,0.0,0.0,0.03651142,0.03651142,0.0,0.99933696,13.49441909790039,13.485471730348763,-0.0,0.03651142,0.0,-0.0,0.0,-0.0,0.004541979,0.004541979,-0.0,1.0,3.8456817,4.8316846,3.7882907,1.0769501,5.630975,1.731187,2.6227279,8.065526,1.1160252,1.6876166,0.30744,0.1383698,0.465768,0.20923826,5.630975,0.0,5.592294,5.986175,1.0769501,-0.3938808,13.3,25.803991,18.333334,18.333334,2.0
resstock-amy2018-2021-release-1-9634,0.2762023,8.619975,0.0,0.0,2.3074043,0.0,8.065526,0.0,0.0,0.0,0.0,0.0,0.0,0.0,0.035978317,0.035978317,0.0,0.99934053,13.49441909790039,13.48551999015217,-0.0,0.035978317,0.0,-0.0,0.0,-0.0,0.004541979,0.004541979,-0.0,1.0,3.8456817,4.8316846,3.7882907,1.8232982,3.7798176,1.1998804,1.744492,8.065526,1.1160252,1.6876166,0.317444,0.1383698,0.46152812,0.20923826,3.7798176,0.0,3.7416701,4.1285334,1.8232982,-0.38686335,13.3,26.0583,18.88889,18.88889,2.0
resstock-amy2018-2021-release-1-9634,0.19998409,8.711388,0.0,0.0,2.3074043,0.0,8.065526,0.0,0.0,0.0,0.0,0.0,0.0,0.0,0.03592968,0.03592968,0.0,0.9993409,13.49441909790039,13.48552481613251,-0.0,0.03592968,0.0,-0.0,0.0,-0.0,0.004541979,0.004541979,-0.0,1.0,3.8456817,4.923097,3.7882905,0.9770343,3.129741,1.0331513,1.4710913,8.065526,1.1160252,1.6876166,0.3301076,0.1383698,0.47003612,0.20923826,3.129741,0.0,3.0916824,3.2823098,0.9770343,-0.19062734,13.9,26.206581,18.88889,18.88889,2.0
resstock-amy2018-2021-release-1-9634,0.0,8.460913,0.0,0.0,2.3074043,0.0,8.065526,0.0,0.0,0.0,0.0,0.0,0.0,0.0,0.03592491,0.03592491,0.0,0.9993409,13.49441909790039,13.48552481613251,-0.0,0.03592491,0.0,-0.0,0.0,-0.0,0.004541979,0.004541979,-0.0,1.0,3.8456817,4.672622,3.7882907,1.0207806,3.3579483,1.2428969,1.6688371,8.065526,1.1160252,1.6876166,0.3701358,0.1383698,0.49698117,0.20923826,3.3579483,0.0,3.3197806,3.325942,1.0207806,-0.006161349,12.2,25.901472,18.88889,18.88889,2.0
resstock-amy2018-2021-release-1-9634,0.0,0.8392022,0.0,0.0,2.3074043,0.0,0.08638915,0.0,0.0,0.0,0.0,0.0,0.0,0.0,-0.7486393,0.0,-0.7486393,0.9358301,13.494409561157227,12.628474868639387,0.7486393,0.0,0.0,-0.0,0.0,-0.0,0.004541979,0.004541979,-0.0,1.0,3.8456817,0.8392022,0.0,1.0137738,2.5725386,0.8557112,1.3387446,0.08638915,0.011953649,0.018075915,0.332633,0.1383698,0.52039826,0.20923826,2.5725386,0.0,3.3189015,3.3189015,1.0137738,-0.0,11.7,22.234486,18.333334,18.333334,2.0
resstock-amy2018-2021-release-1-9634,0.0,8.24739,0.0,0.0,2.3074043,0.0,8.065526,0.0,0.0,0.0,0.0,0.0,0.0,0.0,0.8912382,0.8912382,0.0,0.9946498,13.49439811706543,13.422200759089833,-0.0,0.8912382,0.0,-0.0,0.0,-0.0,0.004541979,0.004541979,-0.0,1.0,3.8456817,4.459099,3.7882907,0.48515838,3.683801,1.2058039,1.9114959,8.065526,1.1160252,1.6876166,0.327326,0.1383698,0.5188923,0.20923826,3.683801,0.0,2.7902124,2.7902124,0.48515838,-0.0,10.6,26.58994,18.333334,18.333334,2.0
resstock-amy2018-2021-release-1-9634,0.0,0.8151844,3.6330936,0.0,2.3074043,3.7992706,0.31649944,0.0,0.0,0.0,0.0,0.0,0.0,0.0,-0.7945885,0.0,-0.7945885,0.9274938,13.49438762664795,12.515961002277663,0.7945885,0.0,0.0,-0.0,0.0,-0.0,0.004541979,0.004541979,-0.0,1.0,3.8456817,0.8151844,0.0,0.4688955,5.780982,1.8196219,2.9607718,0.31649944,0.043793965,0.06622379,0.31476,0.1383698,0.51215726,0.20923826,5.780982,0.0,6.5731688,6.5731688,0.4688955,-0.0,9.833333,21.7962,17.777779,17.777779,2.0
resstock-amy2018-2021-release-1-9634,0.0,0.8060307,0.72661227,0.0,2.3074043,0.7598474,0.40419903,0.0,0.0,0.0,0.0,0.0,0.0,0.0,-1.4523829,0.0,-1.4523829,0.80926,13.494368553161621,10.920452839981749,1.4523829,0.0,0.0,-0.0,0.0,-0.0,0.004541979,0.004541979,-0.0,1.0,3.8456817,0.8060307,0.0,0.4672031,2.0820718,0.64488757,1.0311409,0.40419903,0.055928938,0.084573895,0.3097336,0.1383698,0.4952475,0.20923825,2.0820718,0.0,3.5320015,3.5320015,0.4672031,-0.0,9.066667,20.427647,18.88889,18.88889,2.0
resstock-amy2018-2021-release-1-9634,0.0,0.7972532,0.0,0.0,0.43964615,0.0,0.0,0.0,0.0,0.0,0.0,0.0,0.0,0.0,-2.6104867,0.0,-2.6104867,0.60460496,13.49433422088623,8.158741394935305,2.6104867,0.0,0.0,-0.0,0.0,-0.0,0.0,0.0,-0.0,0.9988788,3.8456817,0.7972532,0.0,0.45562336,-1.7152172,-0.52314126,0.0,0.0,0.0,0.0,0.305,0.1383698,0.4796461,0.0,0.0,-1.7152172,0.8952695,0.8952695,0.45562336,-0.0,8.3,19.005941,18.75,18.75,2.0
resstock-amy2018-2021-release-1-9634,0.0,8.172265,0.0,0.0,2.3074043,0.0,1.1670624,0.0,0.0,0.0,0.0,0.0,0.0,0.0,-3.0345955,0.0,-3.0345955,0.36453176,13.494295120239258,4.919099088705934,3.0345955,0.0,0.0,-0.0,0.0,-0.0,0.0,0.0,2.6919773,0.26039034,3.8456817,4.383974,1.0963132,0.4437969,-0.28339434,-0.08470657,0.0,1.1670624,0.1614862,0.2441941,0.2989,0.1383698,0.46967167,0.20923826,0.0,-0.28339434,4.1680617,4.1680617,0.4437969,-0.0,10.0,24.301937,18.333334,18.333334,2.0
resstock-amy2018-2021-release-1-9634,0.0,0.8172265,0.0,0.0,2.3074043,0.0,0.29693457,0.0,0.0,0.0,0.0,0.0,0.0,0.0,3.0860684,3.0860684,0.0,0.5786686,13.494255065917969,7.808701610934804,-0.0,3.0860684,0.0,-0.0,0.0,-0.0,2.997325,2.997325,-0.0,1.0,3.8456817,0.8172265,0.0,0.4247888,5.818261,1.7379426,2.8550131,0.29693457,0.041086778,0.062130075,0.2987048,0.1383698,0.4906987,0.20923826,5.818261,0.0,1.1546197,1.1546197,0.4247888,-0.0,10.0,20.39133,17.777779,17.777779,2.0
resstock-amy2018-2021-release-1-9634,0.0,7.972532,0.0,0.0,2.3074043,0.0,4.032763,0.0,0.0,0.0,0.0,0.0,0.0,0.0,0.0,0.0,0.0,0.57727,13.494255065917969,7.789828235571349,-0.0,0.0,0.0,-0.0,0.0,-0.0,0.0,0.0,-0.0,0.9988788,3.8456817,4.184241,3.7882907,0.4057807,2.713185,0.8012394,1.1325762,4.032763,0.5580126,0.8438083,0.2953132,0.1383698,0.4174342,0.20923826,2.713185,0.0,2.713185,2.713185,0.4057807,-0.0,8.3,25.958603,17.222221,17.222221,2.0
resstock-amy2018-2021-release-1-9634,0.0,0.8172265,0.0,0.0,2.3074043,0.0,0.29693457,0.0,0.0,0.0,0.0,0.0,0.0,0.0,-3.0404563,0.0,-3.0404563,0.33676,13.494215965270996,4.544312361372278,3.0404563,0.0,0.0,-0.0,0.0,-0.0,0.009078935,0.009078935,-0.0,1.0,3.8456817,0.8172265,0.0,0.40127003,-0.33178186,-0.0979229,0.0,0.29693457,0.041086778,0.062130075,0.2951424,0.1383698,0.41903928,0.20923826,0.0,-0.33178186,2.703896,2.703896,0.40127003,-0.0,10.0,21.10476,17.222221,17.222221,2.0
resstock-amy2018-2021-release-1-9634,0.0,0.79172045,0.0,0.0,2.3074043,0.0,0.5413031,0.0,0.0,0.0,0.0,0.0,0.0,0.0,3.0920227,3.0920227,0.0,0.5513402,13.494175910949707,7.439881947290473,-0.0,3.0920227,0.0,-0.0,0.0,-0.0,0.004541979,0.004541979,-0.0,1.0,3.8456817,0.79172045,0.0,0.40161616,5.801043,1.622394,2.4847682,0.5413031,0.0749,0.11326132,0.2796728,0.1383698,0.4283313,0.20923826,5.801043,0.0,2.7064822,2.7064822,0.40161616,-0.0,7.8,19.649918,17.222221,17.222221,2.0
resstock-amy2018-2021-release-1-9634,0.0,7.7032366,0.0,0.0,2.3074043,0.0,8.065526,0.0,0.0,0.0,0.0,0.0,0.0,0.0,3.0460157,3.0460157,0.0,0.7624908,13.494136810302734,10.289155292755595,-0.0,3.0460157,0.0,-0.0,0.0,-0.0,0.004541979,0.004541979,-0.0,1.0,3.8456817,3.9149458,3.7882907,0.42079672,5.7742167,1.6625124,2.640027,8.065526,1.1160252,1.6876166,0.28792,0.1383698,0.45720956,0.20923826,5.7742167,0.0,2.725524,2.725524,0.42079672,-0.0,5.733333,23.570107,17.222221,17.222221,2.0
resstock-amy2018-2021-release-1-9634,0.0,0.0,0.0,0.0,2.2997346,0.0,0.0,0.0,0.0,0.0,0.0,0.0,0.0,0.0,3.000744,3.000744,0.0,0.97025746,13.494097709655762,13.09274898321479,-0.0,3.000744,0.0,-0.0,0.0,-0.0,0.004541979,0.004541979,-0.0,1.0,3.8456817,0.0,0.0,0.45650008,5.756979,1.7242026,2.8060267,0.0,0.0,0.0,0.2994978,0.1383698,0.48741305,0.0,5.756979,0.0,2.7535188,2.7535188,0.45650008,-0.0,5.15,19.882082,17.222221,17.222221,2.0
resstock-amy2018-2021-release-1-9634,0.0,0.0,0.0,0.0,0.0,0.0,0.0,0.0,0.0,0.0,0.0,0.0,0.0,0.0,-1.0335124,0.0,-1.0335124,0.8843132,13.494084358215332,11.932997267304131,1.0335124,0.0,0.0,-0.0,0.0,-0.0,0.0,0.0,-0.0,0.9988788,3.8456817,0.0,0.0,0.7275253,-0.30598706,-0.09612957,0.0,0.0,0.0,0.0,0.3141622,0.1383698,0.5114035,0.0,0.0,-0.30598706,0.7275253,0.7275253,0.7275253,-0.0,10.0,18.531355,17.222221,17.222221,2.0
resstock-amy2018-2021-release-1-9634,0.0,0.0,0.8079667,0.0,0.0,0.84492296,0.0,0.0,0.0,0.0,0.0,0.0,0.0,0.0,-1.8753383,0.0,-1.8753383,0.7342739,13.494059562683105,9.908335883914333,1.8753383,0.0,0.0,-0.0,0.0,-0.0,0.0,0.0,-0.0,0.9977588,3.8456817,0.0,0.0,0.90280545,-0.12760991,-0.046963666,0.0,0.0,0.0,0.0,0.3680252,0.1383698,0.5338233,0.0,0.0,-0.12760991,1.7477283,1.7477283,0.90280545,-0.0,10.0,17.620758,17.222221,17.222221,2.0
resstock-amy2018-2021-release-1-9634,0.0,8.311989,0.0,0.0,2.3074043,0.0,8.065526,0.0,0.0,0.0,0.0,0.0,0.0,0.0,3.0067937,3.0067937,0.0,0.9424933,13.494020462036133,12.718024138819374,-0.0,3.0067937,0.0,-0.0,0.0,-0.0,0.013610869,0.013610869,-0.0,1.0,3.8456817,4.523698,3.7882907,1.1432062,6.3876057,2.863883,3.4142346,8.065526,1.1160252,1.6876166,0.44835,0.1383698,0.5345093,0.20923826,6.3876057,0.0,3.3738694,3.443668,1.1432062,-0.06979846,11.1,23.145638,17.777779,17.777779,2.0
resstock-amy2018-2021-release-1-9634,0.0,0.0,0.0,0.0,0.0,0.0,0.0,0.0,0.0,0.0,0.0,0.0,0.0,0.0,-1.3054627,0.0,-1.3054627,0.8354932,13.494003295898438,11.274148088659786,1.3054627,0.0,0.0,-0.0,0.0,-0.0,0.0,0.0,-0.0,0.9988788,3.8456817,0.0,0.0,0.98876023,-0.5120068,-0.20429747,0.0,0.0,0.0,0.0,0.3990132,0.1383698,0.56029844,0.0,0.0,-0.5120068,0.7934559,0.98876023,0.98876023,-0.19530432,12.8,20.571152,18.63426,18.63426,2.0
resstock-amy2018-2021-release-1-9634,0.0,0.0,0.0,0.0,1.8649491,0.0,0.0,0.0,0.0,0.0,0.0,0.0,0.0,0.0,2.2421064,2.2421064,0.0,0.9915545,13.493973731994629,13.38001035892762,-0.0,2.2421064,0.0,-0.0,0.0,-0.0,0.009078935,0.009078935,-0.0,1.0,3.8456817,0.0,0.0,1.0176544,4.8169527,1.6380664,2.7340522,0.0,0.0,0.0,0.3400628,0.1383698,0.5675896,0.0,4.8169527,0.0,2.5704434,2.878201,1.0176544,-0.30775756,12.8,19.902916,20.0,20.0,2.0
resstock-amy2018-2021-release-1-9634,0.0,8.619975,0.0,0.0,2.3074043,0.0,8.065526,0.0,0.0,0.0,0.0,0.0,0.0,0.0,0.14034271,0.14034271,0.0,0.9986164,13.493971824645996,13.475301529886394,-0.0,0.14034271,0.0,-0.0,0.0,-0.0,0.004541979,0.004541979,-0.0,1.0,3.8456817,4.8316846,3.7882907,1.3000665,3.3019574,1.0901331,1.8431735,8.065526,1.1160252,1.6876166,0.33014753,0.1383698,0.5582063,0.20923826,3.3019574,0.0,3.1594455,3.6053016,1.3000665,-0.44585606,13.3,25.54286,20.0,20.0,2.0
resstock-amy2018-2021-release-1-9634,1.6894453,0.0,5.3720484,0.0,0.0,5.617765,0.0,0.0,0.0,0.0,0.0,0.0,0.0,0.0,-0.75573593,0.0,-0.75573593,0.9345419,13.493962287902832,12.610672899819235,0.75573593,0.0,0.0,-0.0,0.0,-0.0,0.0,0.0,-0.0,0.9988788,3.8456817,0.0,0.0,0.98500293,5.336012,1.6763082,2.9667268,0.0,0.0,0.0,0.31415,0.1383698,0.55598205,0.0,5.336012,0.0,6.0917478,6.602768,0.98500293,-0.51102,13.9,23.31008,20.0,20.0,2.0
resstock-amy2018-2021-release-1-9634,0.0,0.0,0.0,0.0,0.0,0.0,0.0,0.0,0.0,0.0,0.0,0.0,0.0,0.0,-1.3833469,0.0,-1.3833469,0.8215745,13.49394416809082,11.086280556313454,1.3833469,0.0,0.0,-0.0,0.0,-0.0,0.0,0.0,-0.0,0.9977588,3.8456817,0.0,0.0,0.8392982,-1.047981,-0.32922325,0.0,0.0,0.0,0.0,0.31415,0.1383698,0.5514746,0.0,0.0,-1.047981,0.3353659,0.83929825,0.8392982,-0.50393236,16.1,22.646023,20.555555,20.555555,2.0
resstock-amy2018-2021-release-1-9634,0.04891216,8.543453,0.0,0.0,2.3074043,0.0,8.065525,0.0,0.0,0.0,0.0,0.0,0.0,0.0,2.4294958,2.4294958,0.0,0.99146795,13.493912696838379,13.378781995828376,-0.0,2.4294958,0.0,-0.0,0.0,-0.0,0.013610869,0.013610869,-0.0,1.0,3.8456817,4.7551627,3.7882905,0.7664458,5.0334616,1.6010967,2.699436,8.065525,1.1160251,1.6876165,0.3180906,0.1383698,0.5362981,0.20923826,5.0334616,0.0,2.597361,3.0672455,0.7664458,-0.4698844,12.78,25.999584,20.555555,20.555555,2.0
resstock-amy2018-2021-release-1-9634,0.13819827,0.0,2.9083831,0.0,0.0,3.041412,0.0,0.0,0.0,0.0,0.0,0.0,0.0,0.0,-0.82575506,0.0,-0.82575506,0.92184544,13.493902206420898,12.439292164117433,0.82575506,0.0,0.0,-0.0,0.0,-0.0,0.0,0.0,-0.0,0.9988788,3.8456817,0.0,0.0,0.6982035,2.5051026,0.82004637,1.3437839,0.0,0.0,0.0,0.3273504,0.1383698,0.5364187,0.0,2.5051026,0.0,3.3308578,3.7396154,0.6982035,-0.40875778,15.0,23.15025,21.11111,21.11111,2.0
resstock-amy2018-2021-release-1-9634,0.0,0.0,1.4541917,0.0,1.802431,1.5207062,0.0,0.0,0.0,0.0,0.0,0.0,0.0,0.0,1.0790682,1.0790682,0.0,0.9938774,13.493887901306152,13.411270370172133,-0.0,1.0790682,0.0,-0.0,0.0,-0.0,0.009078935,0.009078935,-0.0,1.0,3.8456817,0.0,0.0,0.59517175,4.7538977,1.6384308,2.5758834,0.0,0.0,0.0,0.34465,0.1383698,0.54184663,0.0,4.7538977,0.0,3.6705742,3.9140537,0.59517175,-0.24347949,13.9,21.970222,21.11111,21.11111,2.0
resstock-amy2018-2021-release-1-9634,0.0,8.460913,0.0,0.0,2.3074043,0.0,8.065526,0.0,0.0,0.0,0.0,0.0,0.0,0.0,0.10897255,0.10897255,0.0,0.9988143,13.493886947631836,13.47788704079096,-0.0,0.10897255,0.0,-0.0,0.0,-0.0,0.004541979,0.004541979,-0.0,1.0,3.8456817,4.672622,3.7882907,0.5568094,2.9616575,1.0881219,1.6938442,8.065526,1.1160252,1.6876166,0.367403,0.1383698,0.5719244,0.20923826,2.9616575,0.0,2.8504422,2.861971,0.5568094,-0.0115287425,12.2,26.258518,21.11111,21.11111,2.0
resstock-amy2018-2021-release-1-9634,0.0,0.0,0.0,0.0,0.0,0.0,0.0,0.0,0.0,0.0,0.0,0.0,0.0,0.0,-0.7537976,0.0,-0.7537976,0.9348937,13.493877410888672,12.61534134842941,0.7537976,0.0,0.0,-0.0,0.0,-0.0,0.0,0.0,-0.0,0.9988788,3.8456817,0.0,0.0,1.0137738,0.2599762,0.08878567,0.1574314,0.0,0.0,0.0,0.3415146,0.1383698,0.6055608,0.0,0.2599762,0.0,1.0137738,1.0137738,1.0137738,-0.0,11.1,22.168877,20.555555,20.555555,2.0
resstock-amy2018-2021-release-1-9634,0.0,0.0,0.0,0.0,0.0,0.0,0.0,0.0,0.0,0.0,0.0,0.0,0.0,0.0,-1.379901,0.0,-1.379901,0.82218975,13.49385929107666,11.094512773953227,1.379901,0.0,0.0,-0.0,0.0,-0.0,0.0,0.0,-0.0,0.9977588,3.8456817,0.0,0.0,0.9688246,-0.41107643,-0.13666236,0.0,0.0,0.0,0.0,0.33245,0.1383698,0.6166091,0.0,0.0,-0.41107643,0.9688246,0.9688246,0.9688246,-0.0,10.0,20.58852,20.0,20.0,2.0
resstock-amy2018-2021-release-1-9634,0.0,8.172265,0.0,0.0,2.3074043,0.0,8.065526,0.0,0.0,0.0,0.0,0.0,0.0,0.0,2.4211254,2.4211254,0.0,0.9914637,13.493827819824219,13.378640738057129,-0.0,2.4211254,0.0,-0.0,0.0,-0.0,0.013610869,0.013610869,-0.0,1.0,3.8456817,4.383974,3.7882907,0.8939127,5.6224422,1.788446,3.495087,8.065526,1.1160252,1.6876166,0.3180906,0.1383698,0.62163144,0.20923826,5.6224422,0.0,3.194153,3.194153,0.8939127,-0.0,10.0,24.812414,18.88889,18.88889,2.0
resstock-amy2018-2021-release-1-9634,0.0,0.0,0.0,0.0,0.0,0.0,0.0,0.0,0.0,0.0,0.0,0.0,0.0,0.0,-0.8257966,0.0,-0.8257966,0.92183787,13.493817329406738,12.43911177526735,0.8257966,0.0,0.0,-0.0,0.0,-0.0,0.0,0.0,-0.0,0.9988788,3.8456817,0.0,0.0,0.8328848,0.0070881844,0.0021835153,0.004392973,0.0,0.0,0.0,0.30805,0.1383698,0.61976,0.0,0.0070881844,0.0,0.8328848,0.8328848,0.8328848,-0.0,9.4,20.603813,18.88889,18.88889,2.0
resstock-amy2018-2021-release-1-9634,0.0,8.099629,2.1812768,0.0,2.3074043,2.281048,8.065525,0.0,0.0,0.0,0.0,0.0,0.0,0.0,1.0790863,1.0790863,0.0,0.9938712,13.493803024291992,13.411102366318119,-0.0,1.0790863,0.0,-0.0,0.0,-0.0,0.009078935,0.009078935,-0.0,1.0,3.8456817,4.311339,3.7882905,0.45562336,6.1231623,1.8488889,3.744743,8.065525,1.1160251,1.6876165,0.30195,0.1383698,0.6115701,0.20923826,6.1231623,0.0,5.039217,5.039217,0.45562336,-0.0,9.4,26.494781,18.75,18.75,2.0
resstock-amy2018-2021-release-1-9634,0.0,0.80467135,2.908383,0.0,2.3074043,3.0414119,0.41722307,0.0,0.0,0.0,0.0,0.0,0.0,0.0,-0.8022154,0.0,-0.8022154,0.9261112,13.493792533874512,12.496752683697196,0.8022154,0.0,0.0,-0.0,0.0,-0.0,0.004541979,0.004541979,-0.0,1.0,3.8456817,0.80467135,0.0,0.4437969,4.9903975,1.4871854,2.9608848,0.41722307,0.057731073,0.08729903,0.2980094,0.1383698,0.59331644,0.20923826,4.9903975,0.0,5.7901516,5.7901516,0.4437969,-0.0,8.95,21.061512,21.11111,21.11111,2.0
resstock-amy2018-2021-release-1-9634,0.0,8.040914,0.0,0.0,2.3074043,0.0,4.0327625,0.0,0.0,0.0,0.0,0.0,0.0,0.0,0.0,0.0,0.0,0.92387277,13.493792533874512,12.46654747094857,-0.0,0.0,0.0,-0.0,0.0,-0.0,0.0,0.0,-0.0,0.9988788,3.8456817,4.252623,3.7882903,0.4247888,2.732193,0.76765335,1.5619031,4.0327625,0.55801255,0.84380823,0.280966,0.1383698,0.5716665,0.20923826,2.732193,0.0,2.732193,2.732193,0.4247888,-0.0,8.9,26.101988,20.0,20.0,2.0
resstock-amy2018-2021-release-1-9634,0.0,0.8040914,0.0,0.0,2.3074043,0.0,0.42277935,0.0,0.0,0.0,0.0,0.0,0.0,0.0,-1.4878515,0.0,-1.4878515,0.80294156,13.493773460388184,10.834711522626776,1.4878515,0.0,0.0,-0.0,0.0,-0.0,0.009078935,0.009078935,-0.0,1.0,3.8456817,0.8040914,0.0,0.4057807,1.2253336,0.32932797,0.68997484,0.42277935,0.058499895,0.088461615,0.268766,0.1383698,0.56309146,0.20923826,1.2253336,0.0,2.708259,2.708259,0.4057807,-0.0,8.9,20.959095,18.88889,18.88889,2.0
resstock-amy2018-2021-release-1-9634,0.0,8.040914,0.0,0.0,2.3074043,0.0,8.065525,0.0,0.0,0.0,0.0,0.0,0.0,0.0,2.6723757,2.6723757,0.0,0.9895008,13.493739128112793,13.352065940725822,-0.0,2.6723757,0.0,-0.0,0.0,-0.0,0.004541979,0.004541979,-0.0,1.0,3.8456817,4.252623,3.7882903,0.40127003,5.38105,1.4016021,3.0254443,8.065525,1.1160251,1.6876165,0.26047,0.1383698,0.5622405,0.20923826,5.38105,0.0,2.7062101,2.7062101,0.40127003,-0.0,8.9,26.307434,18.333334,18.333334,2.0
resstock-amy2018-2021-release-1-9634,0.0,0.0,0.0,0.0,0.0,0.0,0.0,0.0,0.0,0.0,0.0,0.0,0.0,0.0,-0.84502363,0.0,-0.84502363,0.91835576,13.493728637695312,12.392043458225999,0.84502363,0.0,0.0,-0.0,0.0,-0.0,0.0,0.0,-0.0,0.9988788,3.8456817,0.0,0.0,0.40161616,-0.44340748,-0.11521305,0.0,0.0,0.0,0.0,0.2598356,0.1383698,0.5660116,0.0,0.0,-0.44340748,0.40161616,0.40161616,0.40161616,-0.0,8.3,20.84702,17.777779,17.777779,2.0
resstock-amy2018-2021-release-1-9634,0.0,0.0,0.0,0.0,0.0,0.0,0.0,0.0,0.0,0.0,0.0,0.0,0.0,0.0,-1.5418906,0.0,-1.5418906,0.79332566,13.493708610534668,10.704905324558013,1.5418906,0.0,0.0,-0.0,0.0,-0.0,0.0,0.0,-0.0,0.9977588,3.8456817,0.0,0.0,0.42079672,-1.1210939,-0.2977011,0.0,0.0,0.0,0.0,0.2655452,0.1383698,0.56326646,0.0,0.0,-1.1210939,0.42079675,0.42079675,0.42079672,-0.0,7.8,19.252853,17.222221,17.222221,2.0
resstock-amy2018-2021-release-1-9634,0.0,0.0,0.0,0.0,0.0,0.0,0.0,0.0,0.0,0.0,0.0,0.0,0.0,0.0,-2.7665641,0.0,-2.7665641,0.5756016,13.493672370910645,7.766979106456347,2.7665641,0.0,0.0,-0.0,0.0,-0.0,0.0,0.0,-0.0,0.9966401,3.8456817,0.0,0.0,0.45650008,-2.310064,-0.6270669,0.0,0.0,0.0,0.0,0.27145,0.1383698,0.5625474,0.0,0.0,-2.310064,0.45650005,0.45650005,0.45650008,-0.0,7.2,17.999996,17.222221,17.222221,2.0
resstock-amy2018-2021-release-1-9634,0.0,0.0,0.0,0.0,0.0,0.0,0.0,0.0,0.0,0.0,0.0,0.0,0.0,0.0,-3.040814,0.0,-3.040814,0.33506495,13.493633270263672,4.521243524703777,3.040814,0.0,0.0,-0.0,0.0,-0.0,0.0,0.0,-0.0,0.9955226,3.8456817,0.0,0.0,0.5189465,-2.5218673,-0.7396642,0.0,0.0,0.0,0.0,0.2933002,0.1383698,0.5547692,0.0,0.0,-2.5218673,0.51894665,0.51894665,0.5189465,-0.0,7.8,17.1842,17.222221,17.222221,2.0
resstock-amy2018-2021-release-1-9634,0.0,0.0,0.0,0.0,0.0,0.0,0.0,0.0,0.0,0.0,0.0,0.0,0.0,0.0,-3.092386,0.0,-3.092386,0.0906762,13.493593215942383,1.2235478026421163,3.092386,0.0,0.0,-0.0,0.0,-0.0,0.0,0.0,-0.0,0.99440646,3.8456817,0.0,0.0,0.61453795,-2.477848,-0.75961304,0.0,0.0,0.0,0.0,0.3065616,0.1383698,0.54285055,0.0,0.0,-2.477848,0.61453795,0.61453795,0.61453795,-0.0,7.5,16.654903,17.222221,17.222221,2.0
resstock-amy2018-2021-release-1-9634,0.0,0.0,0.0,0.0,0.0,0.0,0.0,0.0,0.0,0.0,0.0,0.0,0.0,0.0,3.1447842,3.1447842,0.0,0.3091781,13.493552207946777,4.171911021968526,-0.0,3.1447842,0.0,-0.0,0.0,-0.0,0.0,0.0,-0.0,0.9932915,3.8456817,0.0,0.0,0.83991385,3.982147,1.227672,2.1625862,0.0,0.0,0.0,0.308294,0.1383698,0.54307044,0.0,3.982147,0.0,0.83736277,0.8399137,0.83991385,-0.0025509652,10.0,16.389263,17.777779,17.777779,2.0
resstock-amy2018-2021-release-1-9634,0.0,0.0,0.0,0.0,0.0,0.0,0.0,0.0,0.0,0.0,0.0,0.0,0.0,0.0,-3.0979364,0.0,-3.0979364,0.06437391,13.493512153625488,0.8686301427243848,3.0979364,0.0,0.0,-0.0,0.0,-0.0,0.0,0.0,-0.0,0.9921778,3.8456817,0.0,0.0,0.98876023,-2.1591887,-0.66474295,0.0,0.0,0.0,0.0,0.307867,0.1383698,0.5558639,0.0,0.0,-2.1591887,0.93874764,0.9887603,0.98876023,-0.050012637,11.7,16.310867,18.63426,18.63426,2.0
resstock-amy2018-2021-release-1-9634,0.0,2.5176067,0.0,0.0,0.0,0.0,0.0,0.0,0.0,0.0,0.0,0.0,0.0,0.0,3.1504235,3.1504235,0.0,0.28329426,13.493471145629883,3.8226229298044245,-0.0,3.1504235,0.0,-0.0,0.0,-0.0,0.0,0.0,2.5176067,0.30145925,3.8456817,0.0,0.0,1.3192035,4.159363,1.219942,2.2470145,0.0,0.0,0.0,0.2933002,0.1383698,0.54023045,0.0,4.159363,0.0,2.2707715,2.5810354,1.3192035,-0.3102639,11.7,18.65343,18.88889,18.88889,2.0
resstock-amy2018-2021-release-1-9634,0.0,2.4935966,0.0,0.0,0.7111739,0.0,0.0,0.0,0.0,0.0,0.0,0.0,0.0,0.0,-3.103486,0.0,-3.103486,0.038074505,13.493431091308594,0.513755703940916,3.103486,0.0,0.0,-0.0,0.0,-0.0,0.0,0.0,1.0993303,0.0,3.8456817,1.3942662,0.0,1.3000665,-1.3181237,-0.36408627,0.0,0.0,0.0,0.0,0.27621555,0.1383698,0.5152716,0.0,0.0,-1.3181237,2.346098,2.5719762,1.3000665,-0.22587815,11.1,19.205025,18.333334,18.333334,2.0
resstock-amy2018-2021-release-1-9634,1.3546386,2.4935966,3.7226958,0.0,1.2719097,3.8929713,0.0,0.0,0.0,0.0,0.0,0.0,0.0,0.0,-0.48128527,0.0,-0.48128527,0.0,13.493424415588379,0.0,0.48128527,0.0,0.0,-0.0,0.0,-0.0,0.0,0.0,-0.0,0.0,3.8456817,2.4935966,0.0,1.3070338,5.802789,1.4046243,2.8937678,0.0,0.0,0.0,0.2420602,0.1383698,0.49868566,0.0,5.802789,0.0,6.2840743,6.471915,1.3070338,-0.18784028,11.1,19.803669,18.333334,18.333334,2.0
resstock-amy2018-2021-release-1-9634,0.0,2.5176067,0.0,0.0,1.2618321,0.0,0.0,0.0,0.0,0.0,0.0,0.0,0.0,0.0,0.0,0.0,0.0,0.0,13.493424415588379,0.0,-0.0,0.0,0.0,-0.0,0.0,-0.0,0.0,0.0,-0.0,0.0,3.8456817,2.5176067,0.0,1.1613982,2.1370537,0.498992,1.049459,0.0,0.0,0.0,0.2334953,0.1383698,0.4910775,0.0,2.1370537,0.0,2.1370537,2.4232302,1.1613982,-0.2861765,11.7,20.233215,18.88889,18.88889,2.0
resstock-amy2018-2021-release-1-9634,0.0,2.5176067,0.0,0.0,1.2618321,0.0,0.0,0.0,0.0,0.0,0.0,0.0,0.0,0.0,0.0,0.0,0.0,0.0,13.493424415588379,0.0,-0.0,0.0,0.0,-0.0,0.0,-0.0,0.0,0.0,-0.0,0.0,3.8456817,2.5176067,0.0,1.0769501,2.1555414,0.54791677,1.0441414,0.0,0.0,0.0,0.25418985,0.1383698,0.48439866,0.0,2.1555414,0.0,2.1555414,2.3387823,1.0769501,-0.18324089,11.7,20.38607,18.88889,18.88889,2.0
resstock-amy2018-2021-release-1-9634,0.0,2.5382738,4.365316,0.0,1.2534341,4.564985,0.0,0.0,0.0,0.0,0.0,0.0,0.0,0.0,0.0,0.0,0.0,0.0,13.493424415588379,0.0,-0.0,0.0,0.0,-0.0,0.0,-0.0,0.0,0.0,-0.0,0.0,3.8456817,2.5382738,0.0,0.6982035,6.3723807,1.8463974,3.012776,0.0,0.0,0.0,0.28975,0.1383698,0.47278655,0.0,6.3723807,0.0,6.3723807,6.5166225,0.6982035,-0.14424162,12.2,20.351318,18.88889,18.88889,2.0
resstock-amy2018-2021-release-1-9634,0.0,0.0,0.7275469,0.0,1.8990499,0.76082474,0.0,0.0,0.0,0.0,0.0,0.0,0.0,0.0,3.1642256,3.1642256,0.0,0.21994388,13.493383407592773,2.9677871149572184,-0.0,3.1642256,0.0,-0.0,0.0,-0.0,3.8456817,3.8456817,-0.0,0.94932187,3.8456817,0.0,0.0,0.59517175,6.357211,1.9208784,2.9781737,0.0,0.0,0.0,0.3021574,0.1383698,0.46847174,0.0,6.357211,0.0,1.2939358,1.3559966,0.59517175,-0.062060874,12.2,18.632475,18.88889,18.88889,2.0
resstock-amy2018-2021-release-1-9634,0.0,8.311989,0.0,0.0,2.3074043,0.0,4.032763,0.0,0.0,0.0,0.0,0.0,0.0,0.0,0.0,0.0,0.0,0.21941227,13.493383407592773,2.96061384576808,-0.0,0.0,0.0,-0.0,0.0,-0.0,0.0,0.0,-0.0,0.94825745,3.8456817,4.523698,3.7882907,0.5568094,2.863576,0.8915921,1.3895642,4.032763,0.5580126,0.8438083,0.3113562,0.1383698,0.48525488,0.20923826,2.863576,0.0,2.863576,2.8642137,0.5568094,-0.0006377676,11.1,23.887936,18.88889,18.88889,2.0
resstock-amy2018-2021-release-1-9634,0.0,0.8311989,0.0,0.0,2.3074043,0.0,0.16306788,0.0,0.0,0.0,0.0,0.0,0.0,0.0,-2.624632,0.0,-2.624632,0.0119921435,13.493349075317383,0.16181417796244446,2.624632,0.0,0.0,-0.0,0.0,-0.0,0.21391504,0.21391504,-0.0,1.0,3.8456817,0.8311989,0.0,0.5031136,0.1858859,0.057307508,0.09671328,0.16306788,0.02256367,0.03412004,0.308294,0.1383698,0.52028304,0.20923826,0.1858859,0.0,2.701406,2.701406,0.5031136,-0.0,11.1,19.719784,18.88889,18.88889,2.0
resstock-amy2018-2021-release-1-9634,1.9177865,8.24739,7.5409303,0.0,2.3074043,7.885851,4.032763,0.0,0.0,0.0,0.0,0.0,0.0,0.0,0.0,0.0,0.0,0.011963158,13.493349075317383,0.16142306578455923,-0.0,0.0,0.0,-0.0,0.0,-0.0,0.0,0.0,-0.0,0.9988788,3.8456817,4.459099,3.7882907,0.9688246,11.16208,3.5065675,5.9557395,4.032763,0.5580126,0.8438083,0.31415,0.1383698,0.533569,0.20923826,11.16208,0.0,11.16208,11.16208,0.9688246,-0.0,10.6,24.790678,18.88889,18.88889,2.0
resstock-amy2018-2021-release-1-9634,0.0,0.8311989,0.0,0.0,2.3074043,0.0,0.16306788,0.0,0.0,0.0,0.0,0.0,0.0,0.0,-0.14310451,0.0,-0.14310451,0.0006386861,13.49334716796875,0.008618013555405923,0.14310451,0.0,0.0,-0.0,0.0,-0.0,0.009078935,0.009078935,-0.0,1.0,3.8456817,0.8311989,0.0,0.8939127,3.0582123,0.94245535,1.6445333,0.16306788,0.02256367,0.03412004,0.308172,0.1383698,0.53774333,0.20923826,3.0582123,0.0,3.1966858,3.1966858,0.8939127,-0.0,11.1,19.960484,18.88889,18.88889,2.0
resstock-amy2018-2021-release-1-9634,0.0,0.8392022,2.8741395,0.0,0.4206107,3.0056021,0.0,0.0,0.0,0.0,0.0,0.0,0.0,0.0,-0.008071426,0.0,-0.008071426,0.0,13.49334716796875,0.0,0.008071426,0.0,0.0,-0.0,0.0,-0.0,0.0,0.0,-0.0,0.9988788,3.8456817,0.8392022,0.0,0.8328848,4.251026,1.3027346,2.2823935,0.0,0.0,0.0,0.3064518,0.1383698,0.5369041,0.0,4.251026,0.0,4.2590976,4.2590976,0.8328848,-0.0,11.7,19.204224,18.88889,18.88889,2.0
resstock-amy2018-2021-release-1-9634,0.0,8.311989,0.0,0.0,2.3074043,0.0,4.032763,0.0,0.0,0.0,0.0,0.0,0.0,0.0,0.0,0.0,0.0,0.0,13.49334716796875,0.0,-0.0,0.0,0.0,-0.0,0.0,-0.0,0.0,0.0,-0.0,0.9977588,3.8456817,4.523698,3.7882907,0.45562336,2.7630277,0.8190597,1.4738493,4.032763,0.5580126,0.8438083,0.2964356,0.1383698,0.53341824,0.20923826,2.7630277,0.0,2.7630277,2.7630277,0.45562336,-0.0,11.1,22.994707,18.76389,18.76389,2.0
resstock-amy2018-2021-release-1-9634,0.0,0.8247389,0.0,0.0,2.3074043,0.0,0.22495934,0.0,0.0,0.0,0.0,0.0,0.0,0.0,0.0,0.0,0.0,0.0,13.49334716796875,0.0,-0.0,0.0,0.0,-0.0,0.0,-0.0,0.013610869,0.013610869,-0.0,1.0,3.8456817,0.8247389,0.0,0.4437969,2.7512012,0.80692786,1.4945562,0.22495934,0.03112758,0.0470701,0.2933002,0.1383698,0.5432377,0.20923826,2.7512012,0.0,2.744158,2.744158,0.4437969,-0.0,10.6,19.3542,18.88889,18.88889,2.0
resstock-amy2018-2021-release-1-9634,0.0,8.172265,0.72798705,0.0,2.3074043,0.76128507,4.032763,0.0,0.0,0.0,0.0,0.0,0.0,0.0,0.0,0.0,0.0,0.0,13.49334716796875,0.0,-0.0,0.0,0.0,-0.0,0.0,-0.0,0.0,0.0,-0.0,0.9988788,3.8456817,4.383974,3.7882907,0.4247888,3.493478,0.972172,1.882448,4.032763,0.5580126,0.8438083,0.278282,0.1383698,0.5388464,0.20923826,3.493478,0.0,3.493478,3.493478,0.4247888,-0.0,10.0,24.729233,18.333334,18.333334,2.0
resstock-amy2018-2021-release-1-9634,0.0,0.8104397,0.0,0.0,2.3074043,0.0,0.36195767,0.0,0.0,0.0,0.0,0.0,0.0,0.0,0.0,0.0,0.0,0.0,13.49334716796875,0.0,-0.0,0.0,0.0,-0.0,0.0,-0.0,0.009078935,0.009078935,-0.0,1.0,3.8456817,0.8104397,0.0,0.4057807,2.713185,0.7242468,1.5442725,0.36195767,0.05008401,0.07573539,0.266936,0.1383698,0.56917334,0.20923825,2.713185,0.0,2.7083313,2.7083313,0.4057807,-0.0,9.44,19.89369,17.777779,17.777779,2.0
resstock-amy2018-2021-release-1-9634,0.0,7.852713,0.0,0.0,2.3074043,0.0,4.032763,0.0,0.0,0.0,0.0,0.0,0.0,0.0,0.0,0.0,0.0,0.0,13.49334716796875,0.0,-0.0,0.0,0.0,-0.0,0.0,-0.0,0.0,0.0,-0.0,0.9988788,3.8456817,4.064422,3.7882907,0.40127003,2.7086744,0.69250834,1.5689901,4.032763,0.5580126,0.8438083,0.2556632,0.1383698,0.57924646,0.20923826,2.7086744,0.0,2.7086744,2.7086744,0.40127003,-0.0,7.2,24.633072,17.222221,17.222221,2.0
resstock-amy2018-2021-release-1-9634,0.0,0.7852713,0.0,0.0,2.3074043,0.0,0.60309094,0.0,0.0,0.0,0.0,0.0,0.0,0.0,0.0,0.0,0.0,0.0,13.49334716796875,0.0,-0.0,0.0,0.0,-0.0,0.0,-0.0,0.009078935,0.009078935,-0.0,1.0,3.8456817,0.7852713,0.0,0.40161616,2.7090204,0.6692635,1.5700278,0.60309094,0.08344957,0.1261897,0.24705,0.1383698,0.5795556,0.20923825,2.7090204,0.0,2.7038662,2.7038662,0.40161616,-0.0,7.2,19.890099,17.222221,17.222221,2.0
resstock-amy2018-2021-release-1-9634,0.0,7.9172044,0.0,0.0,2.3074043,0.0,8.065526,0.0,0.0,0.0,0.0,0.0,0.0,0.0,3.1642256,3.1642256,0.0,0.21994388,13.493306159973145,2.9677701248159565,-0.0,3.1642256,0.0,-0.0,0.0,-0.0,0.004541979,0.004541979,-0.0,1.0,3.8456817,4.128914,3.7882907,0.42079672,5.8924265,1.4600372,3.4799058,8.065526,1.1160252,1.6876166,0.247782,0.1383698,0.59057266,0.20923826,5.8924265,0.0,2.7256627,2.7256627,0.42079672,-0.0,7.8,25.30119,17.222221,17.222221,2.0
resstock-amy2018-2021-release-1-9634,0.0,8.040914,0.0,0.0,2.3074043,0.0,8.065525,0.0,0.0,0.0,0.0,0.0,0.0,0.0,3.1170685,3.1170685,0.0,0.43638724,13.493266105651855,5.888289166395282,-0.0,3.1170685,0.0,-0.0,0.0,-0.0,0.004541979,0.004541979,-0.0,1.0,3.8456817,4.252623,3.7882903,0.45650008,5.880973,1.4528943,3.5143108,8.065525,1.1160251,1.6876165,0.24705,0.1383698,0.59757304,0.20923826,5.880973,0.0,2.76144,2.76144,0.45650008,-0.0,8.9,23.780941,17.222221,17.222221,2.0
resstock-amy2018-2021-release-1-9634,0.0,0.0,0.0,0.0,0.0,0.0,0.0,0.0,0.0,0.0,0.0,0.0,0.0,0.0,-3.070662,0.0,-3.070662,0.19362286,13.493226051330566,2.612596982688302,3.070662,0.0,0.0,-0.0,0.0,-0.0,0.0,0.0,-0.0,0.9988788,3.8456817,0.0,0.0,0.5189465,-2.5517154,-0.6825768,0.0,0.0,0.0,0.0,0.2674972,0.1383698,0.5945003,0.0,0.0,-2.5517154,0.51894665,0.51894665,0.5189465,-0.0,8.3,19.635448,17.222221,17.222221,2.0
resstock-amy2018-2021-release-1-9634,0.0,0.0,0.0,0.0,0.0,0.0,0.0,0.0,0.0,0.0,0.0,0.0,0.0,0.0,-2.4499798,0.0,-2.4499798,0.0,13.493194580078125,0.0,2.4499798,0.0,0.0,-0.0,0.0,-0.0,0.0,0.0,-0.0,0.9977588,3.8456817,0.0,0.0,0.61453795,-1.8354418,-0.4946479,0.0,0.0,0.0,0.0,0.269498,0.1383698,0.59440315,0.0,0.0,-1.8354418,0.61453795,0.61453795,0.61453795,-0.0,10.0,18.325481,17.222221,17.222221,2.0
resstock-amy2018-2021-release-1-9634,0.0,8.172265,0.05054856,0.0,2.3074043,0.052860644,8.065526,0.0,0.0,0.0,0.0,0.0,0.0,0.0,3.1642256,3.1642256,0.0,0.21994388,13.49315357208252,2.9677365640430935,-0.0,3.1642256,0.0,-0.0,0.0,-0.0,0.013610869,0.013610869,-0.0,1.0,3.8456817,4.383974,3.7882907,1.5608186,7.0704823,1.9054807,4.270854,8.065526,1.1160252,1.6876166,0.269498,0.1383698,0.60403997,0.20923826,7.0704823,0.0,3.899093,3.9139194,1.5608186,-0.014826593,10.0,24.503962,18.657408,18.657408,2.0
resstock-amy2018-2021-release-1-9634,0.0,0.0,0.6468112,0.0,1.9615682,0.6763962,0.0,0.0,0.0,0.0,0.0,0.0,0.0,0.0,3.1170685,3.1170685,0.0,0.43638724,13.49311351776123,5.888222578986699,-0.0,3.1170685,0.0,-0.0,0.0,-0.0,0.004541979,0.004541979,-0.0,1.0,3.8456817,0.0,0.0,1.9580382,7.577544,2.0476797,4.6658273,0.0,0.0,0.0,0.27023,0.1383698,0.615744,0.0,7.577544,0.0,4.458159,4.593686,1.9580382,-0.13552731,11.1,20.880186,18.88889,18.88889,2.0
resstock-amy2018-2021-release-1-9634,0.0,0.0,0.40506685,0.0,0.0,0.42359453,0.0,0.0,0.0,0.0,0.0,0.0,0.0,0.0,-3.070662,0.0,-3.070662,0.19362286,13.493073463439941,2.612567438184925,3.070662,0.0,0.0,-0.0,0.0,-0.0,0.0,0.0,-0.0,0.9988788,3.8456817,0.0,0.0,1.3192035,-1.5482194,-0.41724202,0.0,0.0,0.0,0.0,0.269498,0.1383698,0.6206568,0.0,0.0,-1.5482194,1.5224426,1.7427981,1.3192035,-0.22035553,12.2,20.100594,18.333334,18.333334,2.0
resstock-amy2018-2021-release-1-9634,0.0,2.5639057,0.0,0.0,0.0,0.0,0.0,0.0,0.0,0.0,0.0,0.0,0.0,0.0,-2.4499798,0.0,-2.4499798,0.0,13.4930419921875,0.0,2.4499798,0.0,0.0,-0.0,0.0,-0.0,0.0,0.0,2.5639057,0.29547083,3.8456817,0.0,0.0,1.3000665,-1.5405107,-0.40187702,0.0,0.0,0.0,0.0,0.2608726,0.1383698,0.61809623,0.0,0.0,-1.5405107,2.1528258,2.5434232,1.3000665,-0.39059728,12.8,21.38369,18.333334,18.333334,2.0
resstock-amy2018-2021-release-1-9634,0.0,2.5859926,0.0,0.0,0.7203947,0.0,0.0,0.0,0.0,0.0,0.0,0.0,0.0,0.0,0.0,0.0,0.0,0.0,13.4930419921875,0.0,-0.0,0.0,0.0,-0.0,0.0,-0.0,0.0,0.0,1.0774925,0.0,3.8456817,1.5085001,0.0,0.98500293,1.4149723,0.36846727,0.86877084,0.0,0.0,0.0,0.260406,0.1383698,0.61398435,0.0,1.4149723,0.0,1.9295363,2.2199616,0.98500293,-0.29042533,13.3,21.44175,18.333334,18.333334,2.0
resstock-amy2018-2021-release-1-9634,0.0,2.5859926,0.0,0.0,1.2349586,0.0,0.0,0.0,0.0,0.0,0.0,0.0,0.0,0.0,0.0,0.0,0.0,0.0,13.4930419921875,0.0,-0.0,0.0,0.0,-0.0,0.0,-0.0,0.0,0.0,-0.0,0.0,3.8456817,2.5859926,0.0,0.8392982,1.813147,0.40970883,1.0829103,0.0,0.0,0.0,0.22596559,0.1383698,0.5972546,0.0,1.813147,0.0,1.813147,2.074257,0.8392982,-0.26110998,13.3,21.446114,18.88889,18.88889,2.0
resstock-amy2018-2021-release-1-9634,0.0,2.6134164,0.7279785,0.0,1.224881,0.7612761,0.0,0.0,0.0,0.0,0.0,0.0,0.0,0.0,0.0,0.0,0.0,0.0,13.4930419921875,0.0,-0.0,0.0,0.0,-0.0,0.0,-0.0,0.0,0.0,-0.0,0.0,3.8456817,2.6134164,0.0,0.7664458,2.6172848,0.5955536,1.4923053,0.0,0.0,0.0,0.22754633,0.1383698,0.5701731,0.0,2.6172848,0.0,2.6172848,2.752603,0.7664458,-0.13531826,13.9,21.378586,18.88889,18.88889,2.0
resstock-amy2018-2021-release-1-9634,0.18596293,2.666485,0.7279895,0.0,1.2064054,0.7612876,0.0,0.0,0.0,0.0,0.0,0.0,0.0,0.0,0.0,0.0,0.0,0.0,13.4930419921875,0.0,-0.0,0.0,0.0,-0.0,0.0,-0.0,0.0,0.0,-0.0,0.0,3.8456817,2.666485,0.0,0.6982035,2.376588,0.63523906,1.3367214,0.0,0.0,0.0,0.26729035,0.1383698,0.562454,0.0,2.376588,0.0,2.376588,2.6658967,0.6982035,-0.28930852,15.0,21.479198,18.88889,18.88889,2.0
resstock-amy2018-2021-release-1-9634,0.0,2.6370747,0.0,0.0,1.216483,0.0,0.0,0.0,0.0,0.0,0.0,0.0,0.0,0.0,0.0,0.0,0.0,0.0,13.4930419921875,0.0,-0.0,0.0,0.0,-0.0,0.0,-0.0,0.0,0.0,-0.0,0.0,3.8456817,2.6370747,0.0,0.59517175,1.6565938,0.4761783,0.9432256,0.0,0.0,0.0,0.2874442,0.1383698,0.5693765,0.0,1.6565938,0.0,1.6565938,1.8116548,0.59517175,-0.15506107,14.4,21.278187,19.444445,19.444445,2.0
resstock-amy2018-2021-release-1-9634,0.0,2.5859926,0.0,0.0,1.2349586,0.0,0.0,0.0,0.0,0.0,0.0,0.0,0.0,0.0,0.0,0.0,0.0,0.0,13.4930419921875,0.0,-0.0,0.0,0.0,-0.0,0.0,-0.0,0.0,0.0,-0.0,0.0,3.8456817,2.5859926,0.0,0.5568094,1.7823888,0.522775,1.0476754,0.0,0.0,0.0,0.2933002,0.1383698,0.5877928,0.0,1.7823888,0.0,1.7823888,1.7917681,0.5568094,-0.009379276,13.3,20.782839,19.444445,19.444445,2.0
resstock-amy2018-2021-release-1-9634,0.037091766,0.8546352,0.43023902,0.0,2.2794013,0.4499181,0.0,0.0,0.0,0.0,0.0,0.0,0.0,0.0,3.1642256,3.1642256,0.0,0.21994388,13.493000984191895,2.9677030032702305,-0.0,3.1642256,0.0,-0.0,0.0,-0.0,3.8456817,3.8456817,-0.0,0.94932187,3.8456817,0.8546352,0.0,2.9831476,8.876693,2.6192386,5.2805576,0.0,0.0,0.0,0.2950692,0.1383698,0.594879,0.0,8.876693,0.0,3.847518,3.847518,2.9831476,-0.0,12.8,19.231287,19.444445,19.444445,2.0
resstock-amy2018-2021-release-1-9634,0.0,8.460913,0.0,0.0,2.3074043,0.0,8.065526,0.0,0.0,0.0,0.0,0.0,0.0,0.0,3.1170685,3.1170685,0.0,0.43638724,13.492960929870605,5.888155991578117,-0.0,3.1170685,0.0,-0.0,0.0,-0.0,0.20960787,0.20960787,-0.0,1.0,3.8456817,4.672622,3.7882907,1.7173768,7.1418495,2.1086469,4.0449514,8.065526,1.1160252,1.6876166,0.2952522,0.1383698,0.5663731,0.20923826,7.1418495,0.0,3.9212737,3.9212737,1.7173768,-0.0,12.2,23.774805,19.444445,19.444445,2.0
resstock-amy2018-2021-release-1-9634,0.0,0.8460913,0.0,0.0,2.3074043,0.0,0.020386802,0.0,0.0,0.0,0.0,0.0,0.0,0.0,-3.070662,0.0,-3.070662,0.19362286,13.492920875549316,2.612537893681548,3.070662,0.0,0.0,-0.0,0.0,-0.0,0.004541979,0.004541979,-0.0,1.0,3.8456817,0.8460913,0.0,0.4688955,-0.2943623,-0.08633652,0.0,0.020386802,0.0028209176,0.004265699,0.2933002,0.1383698,0.54580855,0.20923826,0.0,-0.2943623,2.774057,2.774057,0.4688955,-0.0,12.2,19.821167,18.88889,18.88889,2.0
resstock-amy2018-2021-release-1-9634,0.0,8.595182,0.0,0.0,2.3074043,0.0,4.032763,0.0,0.0,0.0,0.0,0.0,0.0,0.0,0.0,0.0,0.0,0.19315487,13.492920875549316,2.606223397387623,-0.0,0.0,0.0,-0.0,0.0,-0.0,0.0,0.0,-0.0,0.9988788,3.8456817,4.8068914,3.7882907,0.4672031,2.7746074,0.8009637,1.4915632,4.032763,0.5580126,0.8438083,0.2886764,0.1383698,0.5375763,0.20923826,2.7746074,0.0,2.7746074,2.7746074,0.4672031,-0.0,13.133333,25.515427,18.88889,18.88889,2.0
resstock-amy2018-2021-release-1-9634,0.0,0.86199754,0.0,0.0,0.4116529,0.0,0.0,0.0,0.0,0.0,0.0,0.0,0.0,0.0,-2.310538,0.0,-2.310538,0.010526084,13.492891311645508,0.14202731195179474,2.310538,0.0,0.0,-0.0,0.0,-0.0,0.0,0.0,-0.0,0.9977588,3.8456817,0.86199754,0.0,0.45562336,-1.4432619,-0.38895616,0.0,0.0,0.0,0.0,0.269498,0.1383698,0.5258737,0.0,0.0,-1.4432619,0.8672762,0.8672762,0.45562336,-0.0,13.3,20.488873,18.777779,18.777779,2.0
resstock-amy2018-2021-release-1-9634,0.0,2.5639057,0.72798926,0.0,0.0,0.76128733,0.0,0.0,0.0,0.0,0.0,0.0,0.0,0.0,-0.13303241,0.0,-0.13303241,0.0,13.492889404296875,0.0,0.13303241,0.0,0.0,-0.0,0.0,-0.0,0.0,0.0,2.5639057,0.2943521,3.8456817,0.0,0.0,0.4437969,1.0720518,0.24523185,0.54869246,0.0,0.0,0.0,0.22875,0.1383698,0.51181525,0.0,1.0720518,0.0,2.4484408,2.4484408,0.4437969,-0.0,12.8,21.07124,18.88889,18.88889,2.0
resstock-amy2018-2021-release-1-9634,0.0,2.5639057,0.0,0.0,0.7228091,0.0,0.0,0.0,0.0,0.0,0.0,0.0,0.0,0.0,0.0,0.0,0.0,0.0,13.492889404296875,0.0,-0.0,0.0,0.0,-0.0,0.0,-0.0,0.0,0.0,1.0734127,0.0,3.8456817,1.490493,0.0,0.4247888,1.1475979,0.18043076,0.60280883,0.0,0.0,0.0,0.15722471,0.1383698,0.5252788,0.0,1.1475979,0.0,1.6681454,1.6681454,0.4247888,-0.0,12.8,20.228916,18.333334,18.333334,2.0
resstock-amy2018-2021-release-1-9634,0.0,3.5011053,0.0,0.0,2.3074043,0.0,2.786471,0.0,0.0,0.0,0.0,0.0,0.0,0.0,3.1642256,3.1642256,0.0,0.21994388,13.49284839630127,2.9676694424973675,-0.0,3.1642256,0.0,-0.0,0.0,-0.0,3.8456817,3.8456817,-0.0,0.94932187,3.8456817,3.5011053,0.0,0.4057807,5.877411,0.92475253,2.9714715,2.786471,0.3855634,0.5830363,0.15734012,0.1383698,0.50557494,0.20923826,5.877411,0.0,0.83686924,0.83686924,0.4057807,-0.0,12.6,20.503914,18.333334,18.333334,2.0
resstock-amy2018-2021-release-1-9634,0.0,0.8546352,0.0,0.0,2.2794013,0.0,0.0,0.0,0.0,0.0,0.0,0.0,0.0,0.0,3.1170685,3.1170685,0.0,0.43638724,13.49280834197998,5.888089404169534,-0.0,3.1170685,0.0,-0.0,0.0,-0.0,0.20960787,0.20960787,-0.0,1.0,3.8456817,0.8546352,0.0,0.40127003,5.79774,0.8500975,3.0138764,0.0,0.0,0.0,0.14662567,0.1383698,0.5198364,0.0,5.79774,0.0,2.579023,2.579023,0.40127003,-0.0,12.8,18.580156,18.333334,18.333334,2.0
resstock-amy2018-2021-release-1-9634,0.0,8.560897,0.0,0.0,2.3074043,0.0,8.065526,0.0,0.0,0.0,0.0,0.0,0.0,0.0,3.070662,3.070662,0.0,0.6493763,13.492768287658691,8.761883585186638,-0.0,3.070662,0.0,-0.0,0.0,-0.0,0.004541979,0.004541979,-0.0,1.0,3.8456817,4.7726064,3.7882907,0.40161616,5.779682,0.8646361,3.1539438,8.065526,1.1160252,1.6876166,0.14959925,0.1383698,0.545695,0.20923826,5.779682,0.0,2.7068243,2.7068243,0.40161616,-0.0,12.9,24.47665,18.333334,18.333334,2.0
resstock-amy2018-2021-release-1-9634,0.0,0.0,0.0,0.0,1.8592656,0.0,0.0,0.0,0.0,0.0,0.0,0.0,0.0,0.0,3.0249963,3.0249963,0.0,0.8589569,13.492729187011719,11.589672476336546,-0.0,3.0249963,0.0,-0.0,0.0,-0.0,0.004541979,0.004541979,-0.0,1.0,3.8456817,0.0,0.0,0.5157657,5.4000273,0.8644158,3.0525427,0.0,0.0,0.0,0.1600762,0.1383698,0.5652828,0.0,5.4000273,0.0,2.3728352,2.3728352,0.5157657,-0.0,12.9,20.08894,17.777779,17.777779,2.0
resstock-amy2018-2021-release-1-9634,0.6239782,0.0,11.725586,0.0,0.0,12.261912,0.0,0.0,0.0,0.0,0.0,0.0,0.0,0.0,-2.1237044,0.0,-2.1237044,0.6905974,13.492701530456543,9.31802479790042,2.1237044,0.0,0.0,-0.0,0.0,-0.0,0.0,0.0,-0.0,0.9988788,3.8456817,0.0,0.0,0.5801401,10.718348,2.1217632,6.1144032,0.0,0.0,0.0,0.19795619,0.1383698,0.5704614,0.0,10.718348,0.0,12.842052,12.842052,0.5801401,-0.0,12.8,18.84371,17.777779,17.777779,2.0
resstock-amy2018-2021-release-1-9634,0.0,0.0,0.0,0.0,0.0,0.0,0.0,0.0,0.0,0.0,0.0,0.0,0.0,0.0,-3.0161583,0.0,-3.0161583,0.4518973,13.49266242980957,6.0972976318360566,3.0161583,0.0,0.0,-0.0,0.0,-0.0,0.0,0.0,-0.0,0.9977588,3.8456817,0.0,0.0,0.7275253,-2.288633,-0.6539538,0.0,0.0,0.0,0.0,0.2857399,0.1383698,0.5825769,0.0,0.0,-2.288633,0.72752523,0.72752523,0.7275253,-0.0,12.9,18.023117,17.777779,17.777779,2.0
resstock-amy2018-2021-release-1-9634,0.0,0.0,0.0,0.0,0.0,0.0,0.0,0.0,0.0,0.0,0.0,0.0,0.0,0.0,-3.0673368,0.0,-3.0673368,0.20938137,13.492622375488281,2.825103781302687,3.0673368,0.0,0.0,-0.0,0.0,-0.0,0.0,0.0,-0.0,0.9966401,3.8456817,0.0,0.0,0.90280545,-2.1645312,-0.6730845,0.0,0.0,0.0,0.0,0.31096086,0.1383698,0.5874414,0.0,0.0,-2.1645312,0.90280557,0.90280557,0.90280545,-0.0,12.5,17.46994,17.777779,17.777779,2.0
resstock-amy2018-2021-release-1-9634,0.0,0.0,0.0,0.0,0.0,0.0,0.0,0.0,0.0,0.0,0.0,0.0,0.0,0.0,-2.6496482,0.0,-2.6496482,0.0,13.49258804321289,0.0,2.6496482,0.0,0.0,-0.0,0.0,-0.0,0.0,0.0,-0.0,0.9955226,3.8456817,0.0,0.0,1.1432062,-1.5159029,-0.47669932,0.0,0.0,0.0,0.0,0.3144656,0.1383698,0.5944556,0.0,0.0,-1.5159029,1.1337453,1.1432062,1.1432062,-0.009460918,13.9,17.19724,18.685184,18.685184,2.0
resstock-amy2018-2021-release-1-9634,0.0,0.0,0.0,0.0,0.0,0.0,0.0,0.0,0.0,0.0,0.0,0.0,0.0,0.0,0.0,0.0,0.0,0.0,13.49258804321289,0.0,-0.0,0.0,0.0,-0.0,0.0,-0.0,0.0,0.0,-0.0,0.99440646,3.8456817,0.0,0.0,1.2922682,1.2644813,0.4304873,0.75718665,0.0,0.0,0.0,0.34044576,0.1383698,0.59881204,0.0,1.2644813,0.0,1.2644813,1.2922682,1.2922682,-0.0277868,13.9,16.990494,18.88889,18.88889,2.0
resstock-amy2018-2021-release-1-9634,0.0,2.697071,0.0,0.0,0.00225944,0.0,0.0,0.0,0.0,0.0,0.0,0.0,0.0,0.0,0.0,0.0,0.0,0.0,13.49258804321289,0.0,-0.0,0.0,0.0,-0.0,0.0,-0.0,0.0,0.0,2.6919773,0.255923,3.8456817,0.005093813,0.0,2.7895427,2.7056353,0.8709664,1.596049,0.0,0.0,0.0,0.32190827,0.1383698,0.58989805,0.0,2.7056353,0.0,3.8997037,3.9858706,2.7895427,-0.08616688,15.6,19.243965,18.88889,18.88889,2.0
resstock-amy2018-2021-release-1-9634,0.0,2.666485,0.0,0.0,0.78416187,0.0,0.0,0.0,0.0,0.0,0.0,0.0,0.0,0.0,0.0,0.0,0.0,0.0,13.49258804321289,0.0,-0.0,0.0,0.0,-0.0,0.0,-0.0,0.0,0.0,0.93327343,0.0,3.8456817,1.7332116,0.0,1.3000665,1.9536936,0.617592,1.0789467,0.0,0.0,0.0,0.31611505,0.1383698,0.5522599,0.0,1.9536936,0.0,2.3759372,2.5064719,1.3000665,-0.13053466,15.0,19.74125,18.88889,18.88889,2.0
resstock-amy2018-2021-release-1-9634,0.0,2.6816268,0.72814834,0.0,1.2013667,0.7614537,0.0,0.0,0.0,0.0,0.0,0.0,0.0,0.0,0.0,0.0,0.0,0.0,13.49258804321289,0.0,-0.0,0.0,0.0,-0.0,0.0,-0.0,0.0,0.0,-0.0,0.0,3.8456817,2.6816268,0.0,1.3070338,3.178884,0.94298476,1.6337333,0.0,0.0,0.0,0.2966402,0.1383698,0.51393294,0.0,3.178884,0.0,3.178884,3.269854,1.3070338,-0.09096992,15.3,20.333738,18.88889,18.88889,2.0
resstock-amy2018-2021-release-1-9634,0.0,2.697071,0.0,0.0,1.1963278,0.0,0.0,0.0,0.0,0.0,0.0,0.0,0.0,0.0,0.0,0.0,0.0,0.0,13.49258804321289,0.0,-0.0,0.0,0.0,-0.0,0.0,-0.0,0.0,0.0,-0.0,0.0,3.8456817,2.697071,0.0,1.1613982,2.2889316,0.69270676,1.1117388,0.0,0.0,0.0,0.30263323,0.1383698,0.48570204,0.0,2.2889316,0.0,2.2889316,2.357726,1.1613982,-0.06879453,15.6,20.571487,19.444445,19.444445,2.0
resstock-amy2018-2021-release-1-9634,0.0,2.7235096,0.0,0.0,1.1879299,0.0,0.0,0.0,0.0,0.0,0.0,0.0,0.0,0.0,0.0,0.0,0.0,0.0,13.49258804321289,0.0,-0.0,0.0,0.0,-0.0,0.0,-0.0,0.0,0.0,-0.0,0.0,3.8456817,2.7235096,0.0,1.0769501,2.1649086,0.6671734,1.0254334,0.0,0.0,0.0,0.30817622,0.1383698,0.47366127,0.0,2.1649086,0.0,2.1649086,2.26488,1.0769501,-0.09997126,16.1,20.804325,19.444445,19.444445,2.0
resstock-amy2018-2021-release-1-9634,0.0,2.5859926,0.0,0.0,1.2349586,0.0,0.0,0.0,0.0,0.0,0.0,0.0,0.0,0.0,0.0,0.0,0.0,0.0,13.49258804321289,0.0,-0.0,0.0,0.0,-0.0,0.0,-0.0,0.0,0.0,-0.0,0.0,3.8456817,2.5859926,0.0,1.0391173,2.2048244,0.70039713,1.0829132,0.0,0.0,0.0,0.31766573,0.1383698,0.49115616,0.0,2.2048244,0.0,2.2048244,2.274076,1.0391173,-0.06925152,13.3,20.536692,19.444445,19.444445,2.0
resstock-amy2018-2021-release-1-9634,0.0,2.6134164,0.0,0.0,1.224881,0.0,0.0,0.0,0.0,0.0,0.0,0.0,0.0,0.0,0.0,0.0,0.0,0.0,13.49258804321289,0.0,-0.0,0.0,0.0,-0.0,0.0,-0.0,0.0,0.0,-0.0,0.0,3.8456817,2.6134164,0.0,0.9770343,2.1896706,0.72844076,1.1295862,0.0,0.0,0.0,0.3326714,0.1383698,0.5158704,0.0,2.1896706,0.0,2.1896706,2.2019153,0.9770343,-0.0122447,13.9,20.363625,20.0,20.0,2.0
resstock-amy2018-2021-release-1-9634,0.0,2.6134164,0.7284062,0.0,1.224881,0.76172334,0.0,0.0,0.0,0.0,0.0,0.0,0.0,0.0,0.0,0.0,0.0,0.0,13.49258804321289,0.0,-0.0,0.0,0.0,-0.0,0.0,-0.0,0.0,0.0,-0.0,0.0,3.8456817,2.6134164,0.0,1.0207806,3.0073166,1.0070053,1.6521367,0.0,0.0,0.0,0.3348518,0.1383698,0.5493724,0.0,3.0073166,0.0,3.0073166,3.007385,1.0207806,-6.853877e-05,13.9,20.030745,20.0,20.0,2.0
resstock-amy2018-2021-release-1-9634,0.0,0.8556039,2.1852136,0.0,2.275239,2.2851648,0.0,0.0,0.0,0.0,0.0,0.0,0.0,0.0,3.1642256,3.1642256,0.0,0.21994388,13.492547035217285,2.967603159970963,-0.0,3.1642256,0.0,-0.0,0.0,-0.0,3.8456817,3.8456817,-0.0,0.94932187,3.8456817,0.8556039,0.0,1.0137738,8.738403,2.8382683,4.9614034,0.0,0.0,0.0,0.32480398,0.1383698,0.56777,0.0,8.738403,0.0,3.7130175,3.7130175,1.0137738,-0.0,12.866667,18.475521,19.444445,19.444445,2.0
resstock-amy2018-2021-release-1-9634,0.0,0.86199754,0.0,0.0,0.4116529,0.0,0.0,0.0,0.0,0.0,0.0,0.0,0.0,0.0,-2.7835033,0.0,-2.7835033,0.0,13.492510795593262,0.0,2.7835033,0.0,0.0,-0.0,0.0,-0.0,0.0,0.0,-0.0,0.94825745,3.8456817,0.86199754,0.0,0.9688246,-1.4030257,-0.445495,0.0,0.0,0.0,0.0,0.31752446,0.1383698,0.5634373,0.0,0.0,-1.4030257,1.3804775,1.3804775,0.9688246,-0.0,13.3,17.94792,19.444445,19.444445,2.0
resstock-amy2018-2021-release-1-9634,0.0,2.5859926,0.72840625,0.0,0.0,0.7617234,0.0,0.0,0.0,0.0,0.0,0.0,0.0,0.0,0.0,0.0,0.0,0.0,13.492510795593262,0.0,-0.0,0.0,0.0,-0.0,0.0,-0.0,0.0,0.0,2.5859926,0.23885636,3.8456817,0.0,0.0,0.8939127,1.6556361,0.5205037,0.96162677,0.0,0.0,0.0,0.3143829,0.1383698,0.58082014,0.0,1.6556361,0.0,2.8905947,2.8905947,0.8939127,-0.0,13.3,18.563248,19.444445,19.444445,2.0
resstock-amy2018-2021-release-1-9634,0.0,2.5639057,0.0,0.0,0.8209507,0.0,0.0,0.0,0.0,0.0,0.0,0.0,0.0,0.0,0.0,0.0,0.0,0.0,13.492510795593262,0.0,-0.0,0.0,0.0,-0.0,0.0,-0.0,0.0,0.0,0.8710366,0.0,3.8456817,1.6928692,0.0,0.8328848,1.6538355,0.5163133,0.9790318,0.0,0.0,0.0,0.31219146,0.1383698,0.5919765,0.0,1.6538355,0.0,2.0762415,2.0762415,0.8328848,-0.0,12.8,18.308699,19.49074,19.49074,2.0
resstock-amy2018-2021-release-1-9634,0.0,8.560897,0.0,0.0,2.3074043,0.0,4.032763,0.0,0.0,0.0,0.0,0.0,0.0,0.0,0.0,0.0,0.0,0.0,13.492510795593262,0.0,-0.0,0.0,0.0,-0.0,0.0,-0.0,0.0,0.0,-0.0,0.0,3.8456817,4.7726064,3.7882907,0.45562336,2.7630277,0.78575397,1.6472915,4.032763,0.5580126,0.8438083,0.2843815,0.1383698,0.59619075,0.20923826,2.7630277,0.0,2.7630277,2.7630277,0.45562336,-0.0,12.9,21.800045,19.87037,19.87037,2.0
resstock-amy2018-2021-release-1-9634,0.0,0.8460913,0.0,0.0,2.3074043,0.0,0.020386802,0.0,0.0,0.0,0.0,0.0,0.0,0.0,3.1642256,3.1642256,0.0,0.21994388,13.492469787597656,2.9675861698297012,-0.0,3.1642256,0.0,-0.0,0.0,-0.0,3.8456817,3.8456817,-0.0,0.94932187,3.8456817,0.8460913,0.0,0.4437969,5.9154267,1.4385171,3.5325444,0.020386802,0.0028209176,0.004265699,0.24318062,0.1383698,0.5971749,0.20923826,5.9154267,0.0,0.8521514,0.8521514,0.4437969,-0.0,12.2,18.598059,19.444445,19.444445,2.0
resstock-amy2018-2021-release-1-9634,0.0,8.311989,0.0,0.0,2.3074043,0.0,4.032763,0.0,0.0,0.0,0.0,0.0,0.0,0.0,0.0,0.0,0.0,0.21941227,13.492469787597656,2.9604133863335846,-0.0,0.0,0.0,-0.0,0.0,-0.0,0.0,0.0,-0.0,0.94825745,3.8456817,4.523698,3.7882907,0.4247888,2.732193,0.6830805,1.5659871,4.032763,0.5580126,0.8438083,0.2500118,0.1383698,0.57316124,0.20923826,2.732193,0.0,2.732193,2.732193,0.4247888,-0.0,11.1,23.376629,19.444445,19.444445,2.0
resstock-amy2018-2021-release-1-9634,0.0,0.8172265,0.0,0.0,0.43012843,0.0,0.0,0.0,0.0,0.0,0.0,0.0,0.0,0.0,-2.624632,0.0,-2.624632,0.0119921435,13.492435455322266,0.16180322170038863,2.624632,0.0,0.0,-0.0,0.0,-0.0,0.0,0.0,-0.0,0.9471942,3.8456817,0.8172265,0.0,0.4057807,-1.7887228,-0.4134364,0.0,0.0,0.0,0.0,0.23113498,0.1383698,0.59228694,0.0,0.0,-1.7887228,0.8359091,0.8359091,0.4057807,-0.0,10.0,19.045803,19.444445,19.444445,2.0
resstock-amy2018-2021-release-1-9634,0.0,8.155099,0.0,0.0,2.3074043,0.0,4.032763,0.0,0.0,0.0,0.0,0.0,0.0,0.0,0.0,0.0,0.0,0.011963158,13.492435455322266,0.16141213600428372,-0.0,0.0,0.0,-0.0,0.0,-0.0,0.0,0.0,-0.0,0.94613224,3.8456817,4.366808,3.7882907,0.40127003,2.7086744,0.64131474,1.595483,4.032763,0.5580126,0.8438083,0.23676333,0.1383698,0.5890272,0.20923826,2.7086744,0.0,2.7086744,2.7086744,0.40127003,-0.0,9.86,24.083513,18.88889,18.88889,2.0
resstock-amy2018-2021-release-1-9634,0.0,0.81380665,0.0,0.0,2.3074043,0.0,0.32969967,0.0,0.0,0.0,0.0,0.0,0.0,0.0,3.1616607,3.1616607,0.0,0.23171689,13.49239444732666,3.126415628214218,-0.0,3.1616607,0.0,-0.0,0.0,-0.0,0.22251453,0.22251453,-0.0,1.0,3.8456817,0.81380665,0.0,0.40161616,5.870681,1.3084515,3.451384,0.32969967,0.045620475,0.06898578,0.22287901,0.1383698,0.58790183,0.20923826,5.870681,0.0,2.5909839,2.5909839,0.40161616,-0.0,9.72,19.556019,18.333334,18.333334,2.0
resstock-amy2018-2021-release-1-9634,0.0,8.121166,0.0,0.0,2.3074043,0.0,8.065526,0.0,0.0,0.0,0.0,0.0,0.0,0.0,3.1145444,3.1145444,0.0,0.4479726,13.492354393005371,6.04420501942667,-0.0,3.1145444,0.0,-0.0,0.0,-0.0,0.004541979,0.004541979,-0.0,1.0,3.8456817,4.3328757,3.7882905,0.42079672,5.8427453,1.303422,3.43284,8.065526,1.1160252,1.6876166,0.22308382,0.1383698,0.5875389,0.20923826,5.8427453,0.0,2.7257822,2.7257822,0.42079672,-0.0,9.58,24.942194,18.333334,18.333334,2.0
resstock-amy2018-2021-release-1-9634,0.0,3.7882907,0.0,0.0,2.3074043,0.0,3.5319805,0.0,0.0,0.0,0.0,0.0,0.0,0.0,3.0681782,3.0681782,0.0,0.66077644,13.492314338684082,8.915403386544824,-0.0,3.0681782,0.0,-0.0,0.0,-0.0,0.004541979,0.004541979,-0.0,1.0,3.8456817,3.7882907,0.0,1.364321,6.7399035,1.7288277,3.98328,3.5319805,0.48871943,0.7390255,0.2565063,0.1383698,0.59099954,0.20923826,6.7399035,0.0,3.6692972,3.6692972,1.364321,-0.0,9.44,21.972202,17.777779,17.777779,2.0
resstock-amy2018-2021-release-1-9634,0.0,0.0,0.5254868,0.0,0.0,0.5495225,0.0,0.0,0.0,0.0,0.0,0.0,0.0,0.0,-3.022552,0.0,-3.022552,0.42160043,13.49227523803711,5.6883490582773675,3.022552,0.0,0.0,-0.0,0.0,-0.0,0.0,0.0,-0.0,0.9988788,3.8456817,0.0,0.0,0.5189465,-1.9540828,-0.5682249,0.0,0.0,0.0,0.0,0.29078853,0.1383698,0.5932808,0.0,0.0,-1.9540828,1.0684692,1.0684692,0.5189465,-0.0,10.55,19.097828,17.777779,17.777779,2.0
resstock-amy2018-2021-release-1-9634,0.0,0.0,0.0,0.0,0.0,0.0,0.0,0.0,0.0,0.0,0.0,0.0,0.0,0.0,-3.0738325,0.0,-3.0738325,0.17859918,13.49223518371582,2.409702123867305,3.0738325,0.0,0.0,-0.0,0.0,-0.0,0.0,0.0,-0.0,0.9977588,3.8456817,0.0,0.0,0.90280545,-2.1710272,-0.7065725,0.0,0.0,0.0,0.0,0.32545537,0.1383698,0.58875674,0.0,0.0,-2.1710272,0.9028053,0.9028053,0.90280545,-0.0,11.7,17.98111,17.777779,17.777779,2.0
resstock-amy2018-2021-release-1-9634,0.0,0.0,0.0,0.0,0.0,0.0,0.0,0.0,0.0,0.0,0.0,0.0,0.0,0.0,-2.25966,0.0,-2.25966,0.0,13.492205619812012,0.0,2.25966,0.0,0.0,-0.0,0.0,-0.0,0.0,0.0,-0.0,0.9966401,3.8456817,0.0,0.0,1.1432062,-1.164943,-0.44252732,0.0,0.0,0.0,0.0,0.37987038,0.1383698,0.5913705,0.0,0.0,-1.164943,1.094717,1.1432062,1.1432062,-0.0484892,12.1,17.41346,18.708334,18.708334,2.0
resstock-amy2018-2021-release-1-9634,0.0,8.711388,0.0,0.0,2.3074043,0.0,8.065526,0.0,0.0,0.0,0.0,0.0,0.0,0.0,3.1642256,3.1642256,0.0,0.21994388,13.492164611816406,2.9675190482839753,-0.0,3.1642256,0.0,-0.0,0.0,-0.0,0.01813778,0.01813778,-0.0,1.0,3.8456817,4.923097,3.7882905,1.2922682,6.6587243,2.395118,3.991098,8.065526,1.1160252,1.6876166,0.3596962,0.1383698,0.59937876,0.20923826,6.6587243,0.0,3.4859977,3.5911713,1.2922682,-0.10517358,13.9,23.279198,18.88889,18.88889,2.0
resstock-amy2018-2021-release-1-9634,0.0,0.0,0.0,0.0,1.8649491,0.0,0.0,0.0,0.0,0.0,0.0,0.0,0.0,0.0,3.1170685,3.1170685,0.0,0.43638724,13.492124557495117,5.887791009344824,-0.0,3.1170685,0.0,-0.0,0.0,-0.0,0.004541979,0.004541979,-0.0,1.0,3.8456817,0.0,0.0,1.3192035,6.1609545,2.1214578,3.6978526,0.0,0.0,0.0,0.34433916,0.1383698,0.60020775,0.0,6.1609545,0.0,3.0416834,3.18195,1.3192035,-0.14026664,12.8,20.03537,18.88889,18.88889,2.0
resstock-amy2018-2021-release-1-9634,0.0,8.711388,0.0,0.0,2.3074043,0.0,8.065526,0.0,0.0,0.0,0.0,0.0,0.0,0.0,3.070662,3.070662,0.0,0.6493763,13.492084503173828,8.761439551766216,-0.0,3.070662,0.0,-0.0,0.0,-0.0,0.004541979,0.004541979,-0.0,1.0,3.8456817,4.923097,3.7882905,0.9885135,6.2109804,2.0158958,3.755135,8.065526,1.1160252,1.6876166,0.32456967,0.1383698,0.6045962,0.20923826,6.2109804,0.0,3.1381896,3.2937891,0.9885135,-0.15559955,13.9,25.745277,18.88889,18.88889,2.0
resstock-amy2018-2021-release-1-9634,0.0,0.0,0.7288016,0.0,1.7399126,0.7621369,0.0,0.0,0.0,0.0,0.0,0.0,0.0,0.0,-3.0249963,0.0,-3.0249963,0.41001827,13.492045402526855,5.5319850505824775,3.0249963,0.0,0.0,-0.0,0.0,-0.0,0.004541979,0.004541979,-0.0,1.0,3.8456817,0.0,0.0,1.3070338,0.59396195,0.18168668,0.36219862,0.0,0.0,0.0,0.30588943,0.1383698,0.60980105,0.0,0.59396195,0.0,3.6169033,3.8070285,1.3070338,-0.19012514,15.0,22.103817,19.444445,19.444445,2.0
resstock-amy2018-2021-release-1-9634,0.0,0.0,1.4576037,0.0,0.0,1.5242742,0.0,0.0,0.0,0.0,0.0,0.0,0.0,0.0,-3.0763159,0.0,-3.0763159,0.16683139,13.492005348205566,2.2508899935750293,3.0763159,0.0,0.0,-0.0,0.0,-0.0,0.0,0.0,-0.0,0.9988788,3.8456817,0.0,0.0,1.1613982,-0.656345,-0.19393235,0.0,0.0,0.0,0.0,0.2954732,0.1383698,0.61282605,0.0,0.0,-0.656345,2.419971,2.6856725,1.1613982,-0.26570162,13.9,21.301895,19.444445,19.444445,2.0
resstock-amy2018-2021-release-1-9634,0.0,0.0,0.0,0.0,0.0,0.0,0.0,0.0,0.0,0.0,0.0,0.0,0.0,0.0,-2.1106117,0.0,-2.1106117,0.0,13.49197769165039,0.0,2.1106117,0.0,0.0,-0.0,0.0,-0.0,0.0,0.0,-0.0,0.9977588,3.8456817,0.0,0.0,1.0769501,-1.278679,-0.385119,0.0,0.0,0.0,0.0,0.30118504,0.1383698,0.6098887,0.0,0.0,-1.278679,0.83193266,1.0769501,1.0769501,-0.24501745,14.4,20.6498,20.0,20.0,2.0
resstock-amy2018-2021-release-1-9634,0.0,2.6134164,0.0,0.0,0.0,0.0,0.0,0.0,0.0,0.0,0.0,0.0,0.0,0.0,0.0,0.0,0.0,0.0,13.49197769165039,0.0,-0.0,0.0,0.0,-0.0,0.0,-0.0,0.0,0.0,2.6134164,0.2807905,3.8456817,0.0,0.0,1.0391173,0.80634683,0.24411325,0.48743305,0.0,0.0,0.0,0.30273977,0.1383698,0.6044955,0.0,0.80634683,0.0,2.0312278,2.2639983,1.0391173,-0.2327705,13.9,21.852812,20.0,20.0,2.0
resstock-amy2018-2021-release-1-9634,0.0,2.5859926,0.0,0.0,2.3074043,0.0,1.703243,0.0,0.0,0.0,0.0,0.0,0.0,0.0,3.1642256,3.1642256,0.0,0.21994388,13.491936683654785,2.967468916879511,-0.0,3.1642256,0.0,-0.0,0.0,-0.0,2.914777,2.914777,-0.0,1.0,3.8456817,2.5859926,0.0,0.9770343,6.322975,1.9758255,3.8310914,1.703243,0.23567739,0.35638362,0.31248352,0.1383698,0.6059001,0.20923828,6.322975,0.0,1.7667775,1.8924665,0.9770343,-0.12568903,13.3,21.486557,20.0,20.0,2.0
resstock-amy2018-2021-release-1-9634,0.0,0.0,0.0,0.0,1.8649491,0.0,0.0,0.0,0.0,0.0,0.0,0.0,0.0,0.0,3.1170685,3.1170685,0.0,0.43638724,13.491896629333496,5.887691544403253,-0.0,3.1170685,0.0,-0.0,0.0,-0.0,0.004541979,0.004541979,-0.0,1.0,3.8456817,0.0,0.0,1.0207806,5.9974265,1.9156566,3.686053,0.0,0.0,0.0,0.3194131,0.1383698,0.6146058,0.0,5.9974265,0.0,2.8781555,2.883527,1.0207806,-0.0053716064,12.8,19.519726,20.0,20.0,2.0
resstock-amy2018-2021-release-1-9634,0.0,8.392022,0.0,0.0,2.3074043,0.0,4.0327625,0.0,0.0,0.0,0.0,0.0,0.0,0.0,0.0,0.0,0.0,0.43533248,13.491896629333496,5.87346078032698,-0.0,0.0,0.0,-0.0,0.0,-0.0,0.0,0.0,-0.0,0.9988788,3.8456817,4.6037316,3.7882905,1.0137738,3.321178,1.1185706,2.0211735,4.0327625,0.55801255,0.84380823,0.33679935,0.1383698,0.6085713,0.20923826,3.321178,0.0,3.321178,3.321178,1.0137738,-0.0,11.7,24.220062,19.444445,19.444445,2.0
resstock-amy2018-2021-release-1-9634,0.0,0.8392022,0.0,0.0,2.3074043,0.0,0.08638915,0.0,0.0,0.0,0.0,0.0,0.0,0.0,-3.0708883,0.0,-3.0708883,0.1925512,13.491856575012207,2.597873114672268,3.0708883,0.0,0.0,-0.0,0.0,-0.0,0.009078935,0.009078935,-0.0,1.0,3.8456817,0.8392022,0.0,2.4391637,1.6756794,0.5360034,0.9988625,0.08638915,0.011953649,0.018075915,0.3198723,0.1383698,0.596094,0.20923826,1.6756794,0.0,4.7420173,4.7420173,2.4391637,-0.0,11.7,20.131042,19.444445,19.444445,2.0
resstock-amy2018-2021-release-1-9634,0.0,8.412476,0.0,0.0,2.3074043,0.0,8.065526,0.0,0.0,0.0,0.0,0.0,0.0,0.0,3.1229417,3.1229417,0.0,0.40943107,13.491816520690918,5.523968875515521,-0.0,3.1229417,0.0,-0.0,0.0,-0.0,0.004541979,0.004541979,-0.0,1.0,3.8456817,4.6241846,3.7882907,0.8939127,6.324259,1.9060501,3.6843123,8.065526,1.1160252,1.6876166,0.3013871,0.1383698,0.5825682,0.20923826,6.324259,0.0,3.1990507,3.1990507,0.8939127,-0.0,11.85,24.99188,19.444445,19.444445,2.0
resstock-amy2018-2021-release-1-9634,0.0,0.8392022,0.0,0.0,2.3074043,0.0,0.08638915,0.0,0.0,0.0,0.0,0.0,0.0,0.0,-3.0764418,0.0,-3.0764418,0.16623479,13.491776466369629,2.2428026448677088,3.0764418,0.0,0.0,-0.0,0.0,-0.0,0.004541979,0.004541979,-0.0,1.0,3.8456817,0.8392022,0.0,2.3032238,1.5341864,0.44158906,0.87256074,0.08638915,0.011953649,0.018075915,0.28783274,0.1383698,0.56874496,0.20923826,1.5341864,0.0,4.6083517,4.6083517,2.3032238,-0.0,11.7,20.304195,18.88889,18.88889,2.0
resstock-amy2018-2021-release-1-9634,0.0,8.311989,2.186408,0.0,2.3074043,2.286414,4.032763,0.0,0.0,0.0,0.0,0.0,0.0,0.0,0.0,0.0,0.0,0.165833,13.491776466369629,2.23738171775085,-0.0,0.0,0.0,-0.0,0.0,-0.0,0.0,0.0,-0.0,0.9988788,3.8456817,4.523698,3.7882907,0.74050707,5.3343253,1.4934301,2.8945923,4.032763,0.5580126,0.8438083,0.2799661,0.1383698,0.54263514,0.20923826,5.3343253,0.0,5.3343253,5.3343253,0.74050707,-0.0,11.1,25.217724,18.791666,18.791666,2.0
resstock-amy2018-2021-release-1-9634,0.0,0.8311989,0.0,0.0,0.4239699,0.0,0.0,0.0,0.0,0.0,0.0,0.0,0.0,0.0,-1.9837111,0.0,-1.9837111,0.009009498,13.491750717163086,0.12155390341672678,1.9837111,0.0,0.0,-0.0,0.0,-0.0,0.0,0.0,-0.0,0.9977588,3.8456817,0.8311989,0.0,0.6239545,-0.9357867,-0.25025183,0.0,0.0,0.0,0.0,0.267424,0.1383698,0.52601165,0.0,0.0,-0.9357867,1.0479244,1.0479244,0.6239545,-0.0,11.1,20.384804,18.88889,18.88889,2.0
resstock-amy2018-2021-release-1-9634,0.0,2.4935966,0.7291788,0.0,0.0,0.7625313,0.0,0.0,0.0,0.0,0.0,0.0,0.0,0.0,-0.113864146,0.0,-0.113864146,0.0,13.491748809814453,0.0,0.113864146,0.0,0.0,-0.0,0.0,-0.0,0.0,0.0,2.4935966,0.31361073,3.8456817,0.0,0.0,0.4247888,1.0734559,0.25867426,0.59095305,0.0,0.0,0.0,0.24097335,0.1383698,0.5505145,0.0,1.0734559,0.0,2.45923,2.45923,0.4247888,-0.0,11.1,20.908129,18.88889,18.88889,2.0
resstock-amy2018-2021-release-1-9634,0.0,8.311989,0.0,0.0,2.3074043,0.0,4.032763,0.0,0.0,0.0,0.0,0.0,0.0,0.0,0.0,0.0,0.0,0.0,13.491748809814453,0.0,-0.0,0.0,0.0,-0.0,0.0,-0.0,0.0,0.0,-0.0,0.31325912,3.8456817,4.523698,3.7882907,0.4057807,2.713185,0.5857799,1.4076482,4.032763,0.5580126,0.8438083,0.2159012,0.1383698,0.5188176,0.20923826,2.713185,0.0,2.713185,2.713185,0.4057807,-0.0,11.1,23.418636,18.333334,18.333334,2.0
resstock-amy2018-2021-release-1-9634,0.0,0.8305445,0.0,0.0,2.3074043,0.0,0.16933778,0.0,0.0,0.0,0.0,0.0,0.0,0.0,0.0,0.0,0.0,0.0,13.491748809814453,0.0,-0.0,0.0,0.0,-0.0,0.0,-0.0,2.7833948,2.7833948,-0.0,1.0,3.8456817,0.8305445,0.0,0.40127003,2.7086744,0.5485243,1.4105934,0.16933778,0.023431234,0.035431944,0.20250656,0.1383698,0.5207689,0.20923828,2.7086744,0.0,1.2868905,1.2868905,0.40127003,-0.0,11.05,20.074852,18.333334,18.333334,2.0
resstock-amy2018-2021-release-1-9634,0.0,8.309369,0.0,0.0,2.3074043,0.0,4.032763,0.0,0.0,0.0,0.0,0.0,0.0,0.0,0.0,0.0,0.0,0.0,13.491748809814453,0.0,-0.0,0.0,0.0,-0.0,0.0,-0.0,0.0,0.0,-0.0,0.9988788,3.8456817,4.5210786,3.7882905,0.40161616,2.7090204,0.54452604,1.4140364,4.032763,0.5580126,0.8438083,0.20100479,0.1383698,0.5219733,0.20923826,2.7090204,0.0,2.7090204,2.7090204,0.40161616,-0.0,11.08,25.903936,17.777779,17.777779,2.0
resstock-amy2018-2021-release-1-9634,0.0,0.8279457,0.0,0.0,2.3074043,0.0,0.19423617,0.0,0.0,0.0,0.0,0.0,0.0,0.0,3.1642256,3.1642256,0.0,0.21994388,13.491707801818848,2.9674185757202167,-0.0,3.1642256,0.0,-0.0,0.0,-0.0,0.009078935,0.009078935,-0.0,1.0,3.8456817,0.8279457,0.0,0.42079672,5.8924265,1.1976861,3.092477,0.19423617,0.02687642,0.04064164,0.20325854,0.1383698,0.52482235,0.20923826,5.8924265,0.0,2.7235365,2.7235365,0.42079672,-0.0,10.85,21.3732,17.777779,17.777779,2.0
resstock-amy2018-2021-release-1-9634,0.0,8.285926,0.0,0.0,2.3074043,0.0,8.065525,0.0,0.0,0.0,0.0,0.0,0.0,0.0,3.1170685,3.1170685,0.0,0.43638724,13.491667747497559,5.8875916632903795,-0.0,3.1170685,0.0,-0.0,0.0,-0.0,0.004541979,0.004541979,-0.0,1.0,3.8456817,4.4976354,3.7882905,0.45650008,5.880973,1.364999,3.1528924,8.065525,1.1160251,1.6876165,0.2321043,0.1383698,0.5361175,0.20923826,5.880973,0.0,2.7615743,2.7615743,0.45650008,-0.0,10.9,26.966648,17.777779,17.777779,2.0
resstock-amy2018-2021-release-1-9634,0.0,8.264435,0.0,0.0,2.3074043,0.0,8.065525,0.0,0.0,0.0,0.0,0.0,0.0,0.0,3.070662,3.070662,0.0,0.6493763,13.49162769317627,8.761142910192461,-0.0,3.070662,0.0,-0.0,0.0,-0.0,0.004541979,0.004541979,-0.0,1.0,3.8456817,4.4761443,3.7882905,0.5189465,5.8970127,1.6492991,3.17952,8.065525,1.1160251,1.6876165,0.27968383,0.1383698,0.5391747,0.20923826,5.8970127,0.0,2.8240094,2.8240094,0.5189465,-0.0,10.733334,25.180742,17.777779,17.777779,2.0
resstock-amy2018-2021-release-1-9634,0.25069487,0.0,4.5540366,0.0,0.0,4.762337,0.0,0.0,0.0,0.0,0.0,0.0,0.0,0.0,-3.0249963,0.0,-3.0249963,0.41001827,13.491588592529297,5.531797750139731,3.0249963,0.0,0.0,-0.0,0.0,-0.0,0.0,0.0,-0.0,0.9988788,3.8456817,0.0,0.0,0.90280545,2.6401463,0.7912079,1.4440695,0.0,0.0,0.0,0.29968336,0.1383698,0.5469657,0.0,2.6401463,0.0,5.6651425,5.6651425,0.90280545,-0.0,10.6,21.079334,17.777779,17.777779,2.0
resstock-amy2018-2021-release-1-9634,0.0,0.0,0.0,0.0,0.0,0.0,0.0,0.0,0.0,0.0,0.0,0.0,0.0,0.0,-3.0763159,0.0,-3.0763159,0.16683139,13.491548538208008,2.2508137833285957,3.0763159,0.0,0.0,-0.0,0.0,-0.0,0.0,0.0,-0.0,0.9977588,3.8456817,0.0,0.0,1.9273871,-1.1516889,-0.37122557,0.0,0.0,0.0,0.0,0.32233146,0.1383698,0.5574954,0.0,0.0,-1.1516889,1.924627,1.9273871,1.9273871,-0.002760137,11.1,19.939594,18.708334,18.708334,2.0
resstock-amy2018-2021-release-1-9634,0.0,8.392022,0.0,0.0,2.3074043,0.0,8.065525,0.0,0.0,0.0,0.0,0.0,0.0,0.0,3.128456,3.128456,0.0,0.38412097,13.491507530212402,5.182370972279131,-0.0,3.128456,0.0,-0.0,0.0,-0.0,0.013610869,0.013610869,-0.0,1.0,3.8456817,4.6037316,3.7882905,2.7626073,8.188759,2.600623,4.8506684,8.065525,1.1160251,1.6876165,0.3175845,0.1383698,0.592357,0.20923826,8.188759,0.0,5.053481,5.0631895,2.7626073,-0.009708257,11.7,26.081604,18.88889,18.88889,2.0
resstock-amy2018-2021-release-1-9634,0.0,0.0,0.0,0.0,0.0,0.0,0.0,0.0,0.0,0.0,0.0,0.0,0.0,0.0,-3.0818682,0.0,-3.0818682,0.14051901,13.491467475891113,1.8958076267219184,3.0818682,0.0,0.0,-0.0,0.0,-0.0,0.0,0.0,-0.0,0.9988788,3.8456817,0.0,0.0,1.3192035,-1.827431,-0.536589,0.0,0.0,0.0,0.0,0.29363024,0.1383698,0.61389846,0.0,0.0,-1.827431,1.2544372,1.3192035,1.3192035,-0.064766265,12.6,22.215044,18.88889,18.88889,2.0
resstock-amy2018-2021-release-1-9634,0.0,0.0,0.72916657,0.0,0.0,0.7625185,0.0,0.0,0.0,0.0,0.0,0.0,0.0,0.0,-1.7774265,0.0,-1.7774265,0.0,13.49144458770752,0.0,1.7774265,0.0,0.0,-0.0,0.0,-0.0,0.0,0.0,-0.0,0.9977588,3.8456817,0.0,0.0,1.3000665,0.24026257,0.06778017,0.15052173,0.0,0.0,0.0,0.28210872,0.1383698,0.62648845,0.0,0.24026257,0.0,2.017689,2.0625849,1.3000665,-0.044895943,13.3,21.226353,18.88889,18.88889,2.0
resstock-amy2018-2021-release-1-9634,0.0,0.0,0.0,0.0,0.0,0.0,0.0,0.0,0.0,0.0,0.0,0.0,0.0,0.0,0.0,0.0,0.0,0.0,13.49144458770752,0.0,-0.0,0.0,0.0,-0.0,0.0,-0.0,0.0,0.0,-0.0,0.9966401,3.8456817,0.0,0.0,1.3070338,1.2326621,0.3256104,0.79140896,0.0,0.0,0.0,0.2641522,0.1383698,0.6420324,0.0,1.2326621,0.0,1.2326621,1.3070338,1.3070338,-0.07437165,13.925,20.42861,18.88889,18.88889,2.0
resstock-amy2018-2021-release-1-9634,0.0,8.580428,0.0,0.0,2.3074043,0.0,8.065526,0.0,0.0,0.0,0.0,0.0,0.0,0.0,3.1642256,3.1642256,0.0,0.21994388,13.491403579711914,2.967351663929321,-0.0,3.1642256,0.0,-0.0,0.0,-0.0,0.01813778,0.01813778,-0.0,1.0,3.8456817,4.7921376,3.7882907,0.8392982,6.221875,1.6342145,4.0649886,8.065526,1.1160252,1.6876166,0.26265627,0.1383698,0.6533382,0.20923826,6.221875,0.0,3.0489163,3.1379693,0.8392982,-0.08905295,13.033334,25.341846,18.88889,18.88889,2.0
resstock-amy2018-2021-release-1-9634,0.0,0.8560897,0.0,0.0,2.2731578,0.0,0.0,0.0,0.0,0.0,0.0,0.0,0.0,0.0,3.1170685,3.1170685,0.0,0.43638724,13.491363525390625,5.887458904644518,-0.0,3.1170685,0.0,-0.0,0.0,-0.0,0.004541979,0.004541979,-0.0,1.0,3.8456817,0.8560897,0.0,0.7664458,6.099875,1.6841476,4.01753,0.0,0.0,0.0,0.27609542,0.1383698,0.65862495,0.0,6.099875,0.0,2.9806106,3.0374079,0.7664458,-0.056797326,12.9,22.28764,18.333334,18.333334,2.0
resstock-amy2018-2021-release-1-9634,0.0,0.0,0.0,0.0,1.8990499,0.0,0.0,0.0,0.0,0.0,0.0,0.0,0.0,0.0,3.070662,3.070662,0.0,0.6493763,13.491323471069336,8.76094535557445,-0.0,3.070662,0.0,-0.0,0.0,-0.0,0.004541979,0.004541979,-0.0,1.0,3.8456817,0.0,0.0,0.6982035,5.5780997,1.5832744,3.669461,0.0,0.0,0.0,0.2838376,0.1383698,0.6578335,0.0,5.5780997,0.0,2.505195,2.5950105,0.6982035,-0.08981572,12.2,20.89367,18.333334,18.333334,2.0
resstock-amy2018-2021-release-1-9634,0.0,0.0,0.0,0.0,0.0,0.0,0.0,0.0,0.0,0.0,0.0,0.0,0.0,0.0,-3.0249963,0.0,-3.0249963,0.41001827,13.491284370422363,5.531673013519196,3.0249963,0.0,0.0,-0.0,0.0,-0.0,0.0,0.0,-0.0,0.9988788,3.8456817,0.0,0.0,0.9770343,-2.1669567,-0.65622336,0.0,0.0,0.0,0.0,0.3028318,0.1383698,0.65381145,0.0,0.0,-2.1669567,0.8580396,0.9770343,0.9770343,-0.118994646,12.2,19.961246,18.333334,18.333334,2.0
resstock-amy2018-2021-release-1-9634,0.0,0.0,0.0,0.0,0.0,0.0,0.0,0.0,0.0,0.0,0.0,0.0,0.0,0.0,-3.0763159,0.0,-3.0763159,0.16683139,13.491244316101074,2.2507630295319103,3.0763159,0.0,0.0,-0.0,0.0,-0.0,0.0,0.0,-0.0,0.9977588,3.8456817,0.0,0.0,0.5568094,-2.5195065,-0.7805196,0.0,0.0,0.0,0.0,0.30979067,0.1383698,0.6487385,0.0,0.0,-2.5195065,0.5568094,0.5568094,0.5568094,0.0,12.2,19.001656,18.333334,18.333334,2.0
resstock-amy2018-2021-release-1-9634,0.0,8.24739,0.0,0.0,2.3074043,0.0,4.032763,0.0,0.0,0.0,0.0,0.0,0.0,0.0,0.0,0.0,0.0,0.16642816,13.491244316101074,2.24532301685052,-0.0,0.0,0.0,-0.0,0.0,-0.0,0.0,0.0,-0.0,0.9966401,3.8456817,4.459099,3.7882907,0.5031136,2.8105178,0.87386495,1.7980696,4.032763,0.5580126,0.8438083,0.31092668,0.1383698,0.63976455,0.20923826,2.8105178,0.0,2.8105178,2.8105178,0.5031136,-0.0,10.6,23.41069,18.333334,18.333334,2.0
resstock-amy2018-2021-release-1-9634,0.0,0.8247389,0.0,0.0,0.42676923,0.0,0.0,0.0,0.0,0.0,0.0,0.0,0.0,0.0,-1.9908305,0.0,-1.9908305,0.009042446,13.491218566894531,0.12199360956722671,1.9908305,0.0,0.0,-0.0,0.0,-0.0,0.0,0.0,-0.0,0.9955226,3.8456817,0.8247389,0.0,0.48515838,-1.078903,-0.33007482,0.0,0.0,0.0,0.0,0.3059356,0.1383698,0.6361199,0.0,0.0,-1.078903,0.9119276,0.9119276,0.48515838,-0.0,10.6,19.591314,17.777779,17.777779,2.0
resstock-amy2018-2021-release-1-9634,0.0,8.311989,0.0,0.0,2.3074043,0.0,4.032763,0.0,0.0,0.0,0.0,0.0,0.0,0.0,0.0,0.0,0.0,0.00902059,13.491218566894531,0.12169875430590338,-0.0,0.0,0.0,-0.0,0.0,-0.0,0.0,0.0,-0.0,0.99440646,3.8456817,4.523698,3.7882907,0.4688955,2.7762997,0.7826482,1.7591581,4.032763,0.5580126,0.8438083,0.28190336,0.1383698,0.6336341,0.20923826,2.7762997,0.0,2.7762997,2.7762997,0.4688955,-0.0,11.1,24.536636,18.333334,18.333334,2.0
resstock-amy2018-2021-release-1-9634,0.0,0.8311989,0.0,0.0,0.4239699,0.0,0.0,0.0,0.0,0.0,0.0,0.0,0.0,0.0,-0.10790522,0.0,-0.10790522,0.00048142602,13.491217613220215,0.006495023164854841,0.10790522,0.0,0.0,-0.0,0.0,-0.0,0.0,0.0,-0.0,0.9932915,3.8456817,0.8311989,0.0,0.8328848,1.1489494,0.3144438,0.73412,0.0,0.0,0.0,0.2736794,0.1383698,0.638949,0.0,1.1489494,0.0,1.2568547,1.2568547,0.8328848,-0.0,11.1,20.0014,18.88889,18.88889,2.0
resstock-amy2018-2021-release-1-9634,0.0,8.311989,0.0,0.0,2.3074043,0.0,4.032763,0.0,0.0,0.0,0.0,0.0,0.0,0.0,0.0,0.0,0.0,0.0004802624,13.491217613220215,0.0064793243880820195,-0.0,0.0,0.0,-0.0,0.0,-0.0,0.0,0.0,-0.0,0.9921778,3.8456817,4.523698,3.7882907,0.45562336,2.7630277,0.7555495,1.7785279,4.032763,0.5580126,0.8438083,0.27344984,0.1383698,0.643688,0.20923826,2.7630277,0.0,2.7630277,2.7630277,0.45562336,-0.0,11.1,25.042202,18.805555,18.805555,2.0
resstock-amy2018-2021-release-1-9634,0.0,0.8311989,0.0,0.0,2.3074043,0.0,0.16306788,0.0,0.0,0.0,0.0,0.0,0.0,0.0,-0.0057449476,0.0,-0.0057449476,2.5606332e-05,13.491217613220215,0.0003454606000038475,0.0057449476,0.0,0.0,-0.0,0.0,-0.0,0.036194187,0.036194187,-0.0,1.0,3.8456817,0.8311989,0.0,0.4437969,2.7454562,0.71559703,1.7876565,0.16306788,0.02256367,0.03412004,0.26064777,0.1383698,0.65113276,0.20923826,2.7454562,0.0,2.7327397,2.7327397,0.4437969,-0.0,11.1,20.208363,18.88889,18.88889,2.0
resstock-amy2018-2021-release-1-9634,0.0,8.311989,0.0,0.0,2.3074043,0.0,4.032763,0.0,0.0,0.0,0.0,0.0,0.0,0.0,0.0,0.0,0.0,2.5544441e-05,13.491217613220215,0.00034462561351040165,-0.0,0.0,0.0,-0.0,0.0,-0.0,0.0,0.0,-0.0,0.9988788,3.8456817,4.523698,3.7882907,0.4247888,2.732193,0.76632005,1.6836437,4.032763,0.5580126,0.8438083,0.280478,0.1383698,0.6162243,0.20923826,2.732193,0.0,2.732193,2.732193,0.4247888,-0.0,11.1,25.64635,18.88889,18.88889,2.0
resstock-amy2018-2021-release-1-9634,0.0,0.8247389,0.0,0.0,2.3074043,0.0,0.22495934,0.0,0.0,0.0,0.0,0.0,0.0,0.0,3.16422,3.16422,0.0,0.21996902,13.49117660522461,2.967640886970514,-0.0,3.16422,0.0,-0.0,0.0,-0.0,0.009078935,0.009078935,-0.0,1.0,3.8456817,0.8247389,0.0,0.4057807,5.877405,1.5701895,3.8783362,0.22495934,0.03112758,0.0470701,0.26715693,0.1383698,0.6598722,0.20923826,5.877405,0.0,2.708487,2.708487,0.4057807,-0.0,10.6,20.677828,18.333334,18.333334,2.0
resstock-amy2018-2021-release-1-9634,0.0,8.172265,0.0,0.0,2.3074043,0.0,8.065526,0.0,0.0,0.0,0.0,0.0,0.0,0.0,3.1170633,3.1170633,0.0,0.43641198,13.49113655090332,5.887693571650971,-0.0,3.1170633,0.0,-0.0,0.0,-0.0,0.004541979,0.004541979,-0.0,1.0,3.8456817,4.383974,3.7882907,0.40127003,5.825738,1.5034336,3.8976042,8.065526,1.1160252,1.6876166,0.2580675,0.1383698,0.66903186,0.20923826,5.825738,0.0,2.706284,2.706284,0.40127003,-0.0,10.0,26.106686,17.777779,17.777779,2.0
resstock-amy2018-2021-release-1-9634,0.0,0.0,0.0,0.0,2.0866044,0.0,0.0,0.0,0.0,0.0,0.0,0.0,0.0,0.0,-3.0706568,0.0,-3.0706568,0.19364797,13.491096496582031,2.612523392824073,3.0706568,0.0,0.0,-0.0,0.0,-0.0,0.004541979,0.004541979,-0.0,1.0,3.8456817,0.0,0.0,0.40161616,-0.5824363,-0.14836162,0.0,0.0,0.0,0.0,0.2547259,0.1383698,0.6776155,0.0,0.0,-0.5824363,2.4857562,2.4857562,0.40161616,-0.0,8.9,20.711544,17.777779,17.777779,2.0
resstock-amy2018-2021-release-1-9634,0.0,0.0,0.0,0.0,0.0,0.0,0.0,0.0,0.0,0.0,0.0,0.0,0.0,0.0,-2.4502978,0.0,-2.4502978,0.0,13.49106502532959,0.0,2.4502978,0.0,0.0,-0.0,0.0,-0.0,0.0,0.0,-0.0,0.9988788,3.8456817,0.0,0.0,0.42079672,-2.0295012,-0.532661,0.0,0.0,0.0,0.0,0.26245907,0.1383698,0.6781244,0.0,0.0,-2.0295012,0.42079663,0.42079663,0.42079672,-0.0,7.2,19.049091,17.222221,17.222221,2.0
resstock-amy2018-2021-release-1-9634,0.0,0.0,0.0,0.0,0.0,0.0,0.0,0.0,0.0,0.0,0.0,0.0,0.0,0.0,0.0,0.0,0.0,0.0,13.49106502532959,0.0,-0.0,0.0,0.0,-0.0,0.0,-0.0,0.0,0.0,-0.0,0.9977588,3.8456817,0.0,0.0,0.45650008,0.45650008,0.122397944,0.30755895,0.0,0.0,0.0,0.2681225,0.1383698,0.6737325,0.0,0.45650008,0.0,0.45650008,0.45650008,0.45650008,-0.0,7.2,17.815891,17.222221,17.222221,2.0
resstock-amy2018-2021-release-1-9634,0.0,0.0,0.0,0.0,0.0,0.0,0.0,0.0,0.0,0.0,0.0,0.0,0.0,0.0,0.0,0.0,0.0,0.0,13.49106502532959,0.0,-0.0,0.0,0.0,-0.0,0.0,-0.0,0.0,0.0,-0.0,0.9966401,3.8456817,0.0,0.0,0.5189465,0.5189465,0.15376069,0.34549788,0.0,0.0,0.0,0.29629388,0.1383698,0.6657678,0.0,0.5189465,0.0,0.5189465,0.5189465,0.5189465,-0.0,7.8,17.019573,17.222221,17.222221,2.0
resstock-amy2018-2021-release-1-9634,0.0,0.0,0.0,0.0,0.0,0.0,0.0,0.0,0.0,0.0,0.0,0.0,0.0,0.0,0.0,0.0,0.0,0.0,13.49106502532959,0.0,-0.0,0.0,0.0,-0.0,0.0,-0.0,0.0,0.0,-0.0,0.9955226,3.8456817,0.0,0.0,0.90280545,0.90280545,0.28828236,0.59099245,0.0,0.0,0.0,0.31931838,0.1383698,0.6546177,0.0,0.90280545,0.0,0.90280545,0.90280545,0.90280545,-0.0,6.7,16.418106,17.222221,17.222221,2.0
resstock-amy2018-2021-release-1-9634,0.0,0.0,0.0,0.0,0.0,0.0,0.0,0.0,0.0,0.0,0.0,0.0,0.0,0.0,0.0,0.0,0.0,0.0,13.49106502532959,0.0,-0.0,0.0,0.0,-0.0,0.0,-0.0,0.0,0.0,-0.0,0.99440646,3.8456817,0.0,0.0,1.1432062,1.0423056,0.3506397,0.6699431,0.0,0.0,0.0,0.33640778,0.1383698,0.64275116,0.0,1.0423056,0.0,1.0423056,1.1432062,1.1432062,-0.100900695,9.4,16.338926,18.73611,18.73611,2.0
resstock-amy2018-2021-release-1-9634,0.0,0.0,0.0,0.0,0.0,0.0,0.0,0.0,0.0,0.0,0.0,0.0,0.0,0.0,3.1642256,3.1642256,0.0,0.21994388,13.491024017333984,2.9672681815068245,-0.0,3.1642256,0.0,-0.0,0.0,-0.0,0.0,0.0,-0.0,0.9932915,3.8456817,0.0,0.0,1.2922682,4.169968,1.4759791,2.6623275,0.0,0.0,0.0,0.35395452,0.1383698,0.6384527,0.0,4.169968,0.0,1.0057425,1.2922683,1.2922682,-0.28652576,11.7,16.706745,18.88889,18.88889,2.0
resstock-amy2018-2021-release-1-9634,0.0,8.392022,0.0,0.0,2.3074043,0.0,8.065525,0.0,0.0,0.0,0.0,0.0,0.0,0.0,3.1170685,3.1170685,0.0,0.43638724,13.490983963012695,5.887293268465669,-0.0,3.1170685,0.0,-0.0,0.0,-0.0,0.031687617,0.031687617,-0.0,1.0,3.8456817,4.6037316,3.7882905,2.3677847,7.3701715,2.412439,4.719276,8.065525,1.1160251,1.6876165,0.3273247,0.1383698,0.640321,0.20923826,7.3701715,0.0,4.237221,4.6593065,2.3677847,-0.42208594,11.7,23.040224,18.88889,18.88889,2.0
resstock-amy2018-2021-release-1-9634,0.57876337,0.0,1.8028133,0.0,0.0,1.8852737,0.0,0.0,0.0,0.0,0.0,0.0,0.0,0.0,-3.070662,0.0,-3.070662,0.19362286,13.490943908691406,2.6121551077096683,3.070662,0.0,0.0,-0.0,0.0,-0.0,0.0,0.0,-0.0,0.9988788,3.8456817,0.0,0.0,1.4683249,-0.18581057,-0.06063521,0.0,0.0,0.0,0.0,0.3263281,0.1383698,0.63561255,0.0,0.0,-0.18581057,2.8848515,3.3535986,1.4683249,-0.4687472,12.1,20.424585,18.333334,18.333334,2.0
resstock-amy2018-2021-release-1-9634,0.10372637,0.0,0.043483183,0.0,1.8649491,0.045472097,0.0,0.0,0.0,0.0,0.0,0.0,0.0,0.0,3.122712,3.122712,0.0,0.41048566,13.490903854370117,5.5378225061387525,-0.0,3.122712,0.0,-0.0,0.0,-0.0,0.009078935,0.009078935,-0.0,1.0,3.8456817,0.0,0.0,1.3070338,6.1866503,1.8104275,3.8894794,0.0,0.0,0.0,0.29263455,0.1383698,0.62868905,0.0,6.1866503,0.0,3.0595355,3.213052,1.3070338,-0.1535166,12.8,19.967968,18.333334,18.333334,2.0
resstock-amy2018-2021-release-1-9634,0.0,0.0,0.0,0.0,0.0,0.0,0.0,0.0,0.0,0.0,0.0,0.0,0.0,0.0,-3.0762155,0.0,-3.0762155,0.16730629,13.490863800048828,2.257106358826775,3.0762155,0.0,0.0,-0.0,0.0,-0.0,0.0,0.0,-0.0,0.9988788,3.8456817,0.0,0.0,1.1613982,-1.9803629,-0.570958,0.0,0.0,0.0,0.0,0.28830978,0.1383698,0.62557155,0.0,0.0,-1.9803629,1.0958526,1.1613982,1.1613982,-0.06554561,11.7,19.228142,18.333334,18.333334,2.0
resstock-amy2018-2021-release-1-9634,0.1351777,0.0,0.0,0.0,0.0,0.0,0.0,0.0,0.0,0.0,0.0,0.0,0.0,0.0,-2.1166263,0.0,-2.1166263,0.0,13.490836143493652,0.0,2.1166263,0.0,0.0,-0.0,0.0,-0.0,0.0,0.0,-0.0,0.9977588,3.8456817,0.0,0.0,1.0769501,-1.4522117,-0.43572348,0.0,0.0,0.0,0.0,0.3000413,0.1383698,0.6214796,0.0,0.0,-1.4522117,0.6644145,1.0769501,1.0769501,-0.41253558,12.2,19.236874,18.333334,18.333334,2.0
resstock-amy2018-2021-release-1-9634,0.1427995,0.0,0.0,0.0,1.8990499,0.0,0.0,0.0,0.0,0.0,0.0,0.0,0.0,0.0,3.1642256,3.1642256,0.0,0.21994388,13.490795135498047,2.96721784034753,-0.0,3.1642256,0.0,-0.0,0.0,-0.0,0.013610869,0.013610869,-0.0,1.0,3.8456817,0.0,0.0,1.0391173,5.7476664,1.7789732,3.5017552,0.0,0.0,0.0,0.30951226,0.1383698,0.60924816,0.0,5.7476664,0.0,2.5767195,2.931446,1.0391173,-0.35472655,12.2,19.104149,18.333334,18.333334,2.0
resstock-amy2018-2021-release-1-9634,0.0,8.392022,0.0,0.0,2.3074043,0.0,8.065525,0.0,0.0,0.0,0.0,0.0,0.0,0.0,3.1170685,3.1170685,0.0,0.43638724,13.490755081176758,5.887193387352795,-0.0,3.1170685,0.0,-0.0,0.0,-0.0,0.004541979,0.004541979,-0.0,1.0,3.8456817,4.6037316,3.7882905,0.9770343,6.1959386,2.0426774,3.6964352,8.065525,1.1160251,1.6876165,0.32968006,0.1383698,0.59659004,0.20923826,6.1959386,0.0,3.0765936,3.2821624,0.9770343,-0.2055688,11.7,24.490374,18.333334,18.333334,2.0
resstock-amy2018-2021-release-1-9634,0.0,0.0,0.0,0.0,0.0,0.0,0.0,0.0,0.0,0.0,0.0,0.0,0.0,0.0,-3.070662,0.0,-3.070662,0.19362286,13.490715026855469,2.6121107909546026,3.070662,0.0,0.0,-0.0,0.0,-0.0,0.0,0.0,-0.0,0.9988788,3.8456817,0.0,0.0,0.5568094,-2.5289278,-0.8724351,0.0,0.0,0.0,0.0,0.3449822,0.1383698,0.60562676,0.0,0.0,-2.5289278,0.5417342,0.55680937,0.5568094,-0.015075122,10.6,20.317835,18.333334,18.333334,2.0
resstock-amy2018-2021-release-1-9634,0.0,0.0,0.0,0.0,0.0,0.0,0.0,0.0,0.0,0.0,0.0,0.0,0.0,0.0,-2.4499798,0.0,-2.4499798,0.0,13.490683555603027,0.0,2.4499798,0.0,0.0,-0.0,0.0,-0.0,0.0,0.0,-0.0,0.9977588,3.8456817,0.0,0.0,0.5031136,-1.9468662,-0.706848,0.0,0.0,0.0,0.0,0.36306965,0.1383698,0.59787935,0.0,0.0,-1.9468662,0.5031136,0.5031136,0.5031136,-0.0,10.0,19.499409,17.777779,17.777779,2.0
resstock-amy2018-2021-release-1-9634,0.0,0.0,0.0,0.0,2.0581872,0.0,0.0,0.0,0.0,0.0,0.0,0.0,0.0,0.0,3.1642256,3.1642256,0.0,0.21994388,13.490642547607422,2.967184279574667,-0.0,3.1642256,0.0,-0.0,0.0,-0.0,0.013610869,0.013610869,-0.0,1.0,3.8456817,0.0,0.0,0.48515838,5.707571,2.0227368,3.224891,0.0,0.0,0.0,0.3543954,0.1383698,0.56501985,0.0,5.707571,0.0,2.536061,2.536061,0.48515838,-0.0,9.4,18.24126,17.777779,17.777779,2.0
resstock-amy2018-2021-release-1-9634,0.0,8.040914,0.0,0.0,2.3074043,0.0,8.065525,0.0,0.0,0.0,0.0,0.0,0.0,0.0,3.1170685,3.1170685,0.0,0.43638724,13.490602493286133,5.8871267999442125,-0.0,3.1170685,0.0,-0.0,0.0,-0.0,0.004541979,0.004541979,-0.0,1.0,3.8456817,4.252623,3.7882903,0.4688955,5.8933682,1.9762425,3.215342,8.065525,1.1160251,1.6876165,0.3353333,0.1383698,0.54558647,0.20923826,5.8933682,0.0,2.7738354,2.7738354,0.4688955,-0.0,8.9,22.870644,18.88889,18.88889,2.0
resstock-amy2018-2021-release-1-9634,0.0,0.7972532,0.0,0.0,2.3074043,0.0,0.48829508,0.0,0.0,0.0,0.0,0.0,0.0,0.0,-3.070662,0.0,-3.070662,0.19362286,13.490562438964844,2.6120812464512255,3.070662,0.0,0.0,-0.0,0.0,-0.0,0.004541979,0.004541979,-0.0,1.0,3.8456817,0.7972532,0.0,0.8328848,0.06962705,0.021227755,0.036839128,0.48829508,0.06756529,0.10217001,0.304878,0.1383698,0.5290922,0.20923826,0.06962705,0.0,3.1377845,3.1377845,0.8328848,-0.0,8.3,18.928768,18.88889,18.88889,2.0
resstock-amy2018-2021-release-1-9634,0.0,0.79172045,0.0,0.0,2.3074043,0.0,0.5413031,0.0,0.0,0.0,0.0,0.0,0.0,0.0,3.122712,3.122712,0.0,0.41048566,13.490521430969238,5.537665526818529,-0.0,3.122712,0.0,-0.0,0.0,-0.0,0.004541979,0.004541979,-0.0,1.0,3.8456817,0.79172045,0.0,0.74050707,6.1706233,1.8795521,3.1891797,0.5413031,0.0749,0.11326132,0.3045968,0.1383698,0.51683265,0.20923826,6.1706233,0.0,3.0453732,3.0453732,0.74050707,-0.0,7.8,17.970993,18.805555,18.805555,2.0
resstock-amy2018-2021-release-1-9634,0.0,0.7852713,0.0,0.0,0.44580466,0.0,0.0,0.0,0.0,0.0,0.0,0.0,0.0,0.0,3.0762155,3.0762155,0.0,0.62388855,13.49048137664795,8.416556894407847,-0.0,3.0762155,0.0,-0.0,0.0,-0.0,0.0,0.0,-0.0,0.9988788,3.8456817,0.7852713,0.0,0.4437969,3.965817,1.1743975,2.0299323,0.0,0.0,0.0,0.29613003,0.1383698,0.5118573,0.0,3.965817,0.0,0.88960147,0.88960147,0.4437969,-0.0,7.2,16.881985,18.333334,18.333334,2.0
resstock-amy2018-2021-release-1-9634,0.0,7.852713,0.0,0.0,2.3074043,0.0,4.032763,0.0,0.0,0.0,0.0,0.0,0.0,0.0,3.0304608,3.0304608,0.0,0.8338775,13.490442276000977,11.249376331239887,-0.0,3.0304608,0.0,-0.0,0.0,-0.0,0.0,0.0,-0.0,0.9977588,3.8456817,4.064422,3.7882907,0.4247888,5.762654,1.6536996,2.9374702,4.032763,0.5580126,0.8438083,0.2869684,0.1383698,0.5097426,0.20923826,5.762654,0.0,2.732193,2.732193,0.4247888,-0.0,7.2,21.846222,17.777779,17.777779,2.0
resstock-amy2018-2021-release-1-9634,0.0,0.7800489,0.0,0.0,2.3074043,0.0,0.6531255,0.0,0.0,0.0,0.0,0.0,0.0,0.0,-2.3693576,0.0,-2.3693576,0.647544,13.490411758422852,8.735635547503307,2.3693576,0.0,0.0,-0.0,0.0,-0.0,0.013610869,0.013610869,-0.0,1.0,3.8456817,0.7800489,0.0,0.4057807,0.3438275,0.09688447,0.17366561,0.6531255,0.090372846,0.13665885,0.2817822,0.1383698,0.5050952,0.20923826,0.3438275,0.0,2.7053576,2.7053576,0.4057807,-0.0,6.7,18.057594,17.222221,17.222221,2.0
resstock-amy2018-2021-release-1-9634,0.0,0.77395654,0.0,0.0,2.3074043,0.0,0.71149576,0.0,0.0,0.0,0.0,0.0,0.0,0.0,3.0253892,3.0253892,0.0,0.8571539,13.490372657775879,11.563325435118713,-0.0,3.0253892,0.0,-0.0,0.0,-0.0,0.004541979,0.004541979,-0.0,1.0,3.8456817,0.77395654,0.0,0.40127003,5.7340636,1.5931561,2.8976345,0.71149576,0.09844953,0.14887214,0.27784067,0.1383698,0.505337,0.20923826,5.7340636,0.0,2.706022,2.706022,0.40127003,-0.0,6.1,16.930931,17.222221,17.222221,2.0
resstock-amy2018-2021-release-1-9634,0.0,7.739565,0.0,0.0,2.3074043,0.0,8.065526,0.0,0.0,0.0,0.0,0.0,0.0,0.0,1.946764,1.946764,0.0,0.99157584,13.490347862243652,13.376702974750856,-0.0,1.946764,0.0,-0.0,0.0,-0.0,0.004541979,0.004541979,-0.0,1.0,3.8456817,3.9512744,3.7882905,0.40161616,4.6557846,1.2813654,2.4154239,8.065526,1.1160252,1.6876166,0.27522007,0.1383698,0.5188006,0.20923826,4.6557846,0.0,2.7063682,2.7063682,0.40161616,-0.0,6.1,21.05589,17.222221,17.222221,2.0
resstock-amy2018-2021-release-1-9634,0.0,0.0,0.0,0.0,2.3074043,0.0,0.0015176412,0.0,0.0,0.0,0.0,0.0,0.0,0.0,0.13642979,0.13642979,0.0,0.99837387,13.49034595489502,13.468408845761928,-0.0,0.13642979,0.0,-0.0,0.0,-0.0,0.004541979,0.004541979,-0.0,1.0,3.8456817,0.0,0.0,0.42079672,2.8646307,0.7918979,1.5495663,0.0015176412,0.00020999572,0.0003175486,0.2764398,0.1383698,0.54093057,0.20923826,2.8646307,0.0,2.7254748,2.7254748,0.42079672,-0.0,5.0,17.46166,17.222221,17.222221,2.0
resstock-amy2018-2021-release-1-9634,0.0,7.5311728,0.0,0.0,2.3074043,0.0,8.065526,0.0,0.0,0.0,0.0,0.0,0.0,0.0,0.044875145,0.044875145,0.0,0.9989789,13.490345001220703,13.476570183025842,-0.0,0.044875145,0.0,-0.0,0.0,-0.0,0.004541979,0.004541979,-0.0,1.0,3.8456817,3.742882,3.7882907,0.45650008,2.8087795,0.7920631,1.5434436,8.065526,1.1160252,1.6876166,0.28199548,0.1383698,0.54950684,0.20923826,2.8087795,0.0,2.7611043,2.7611043,0.45650008,-0.0,3.9,21.968548,17.222221,17.222221,2.0
resstock-amy2018-2021-release-1-9634,0.0,0.0,0.0,0.0,0.0,0.0,0.0,0.0,0.0,0.0,0.0,0.0,0.0,0.0,-0.7521847,0.0,-0.7521847,0.9351865,13.490335464477539,12.615979678588019,0.7521847,0.0,0.0,-0.0,0.0,-0.0,0.0,0.0,-0.0,0.9988788,3.8456817,0.0,0.0,0.5189465,-0.23323816,-0.07249187,0.0,0.0,0.0,0.0,0.3108062,0.1383698,0.55294937,0.0,0.0,-0.23323816,0.5189465,0.5189465,0.5189465,-0.0,3.3,17.701225,17.222221,17.222221,2.0
resstock-amy2018-2021-release-1-9634,0.0,0.0,0.0,0.0,0.0,0.0,0.0,0.0,0.0,0.0,0.0,0.0,0.0,0.0,-1.3770328,0.0,-1.3770328,0.8227019,13.490317344665527,11.098509325170255,1.3770328,0.0,0.0,-0.0,0.0,-0.0,0.0,0.0,-0.0,0.9977588,3.8456817,0.0,0.0,0.61453795,-0.7624948,-0.26100084,0.0,0.0,0.0,0.0,0.34229854,0.1383698,0.5604795,0.0,0.0,-0.7624948,0.61453795,0.61453795,0.61453795,-0.0,2.8,16.34702,17.222221,17.222221,2.0
resstock-amy2018-2021-release-1-9634,0.0,0.0,0.0,0.0,0.0,0.0,0.0,0.0,0.0,0.0,0.0,0.0,0.0,0.0,-2.4788232,0.0,-2.4788232,0.62840825,13.49028491973877,8.477406381487583,2.4788232,0.0,0.0,-0.0,0.0,-0.0,0.0,0.0,-0.0,0.9966401,3.8456817,0.0,0.0,0.83991385,-1.7528801,-0.65027374,0.0,0.0,0.0,0.0,0.37097445,0.1383698,0.56697494,0.0,0.0,-1.7528801,0.7259431,0.83991385,0.83991385,-0.113970764,7.2,15.907749,17.222221,17.222221,2.0
resstock-amy2018-2021-release-1-9634,0.0,8.099629,0.0,0.0,2.3074043,0.0,8.065525,0.0,0.0,0.0,0.0,0.0,0.0,0.0,3.029492,3.029492,0.0,0.8383247,13.490245819091797,11.309206624943045,-0.0,3.029492,0.0,-0.0,0.0,-0.0,0.01813778,0.01813778,-0.0,1.0,3.8456817,4.311339,3.7882905,0.98876023,6.0219016,2.1754854,3.532437,8.065525,1.1160251,1.6876165,0.3612622,0.1383698,0.5865983,0.20923826,6.0219016,0.0,2.9827025,3.2864573,0.98876023,-0.30375472,9.4,22.091578,18.73611,18.73611,2.0
resstock-amy2018-2021-release-1-9634,0.0,0.0,0.0,0.0,0.0,0.0,0.0,0.0,0.0,0.0,0.0,0.0,0.0,0.0,-2.3257968,0.0,-2.3257968,0.65517074,13.490215301513672,8.838394324274987,2.3257968,0.0,0.0,-0.0,0.0,-0.0,0.0,0.0,-0.0,0.9988788,3.8456817,0.0,0.0,1.0176544,-1.7495623,-0.5776789,0.0,0.0,0.0,0.0,0.33018482,0.1383698,0.60171884,0.0,0.0,-1.7495623,0.5762346,1.0176544,1.0176544,-0.44141987,10.6,19.533749,18.88889,18.88889,2.0
resstock-amy2018-2021-release-1-9634,0.0,0.0,0.0,0.0,0.0,0.0,0.0,0.0,0.0,0.0,0.0,0.0,0.0,0.0,-3.023754,0.0,-3.023754,0.41590518,13.4901762008667,5.6106341285854455,3.023754,0.0,0.0,-0.0,0.0,-0.0,0.0,0.0,-0.0,0.9977588,3.8456817,0.0,0.0,0.9885135,-2.5711398,-0.82776505,0.0,0.0,0.0,0.0,0.32194477,0.1383698,0.6160886,0.0,0.0,-2.5711398,0.45261407,0.9885134,0.9885135,-0.53589934,11.1,19.181263,18.88889,18.88889,2.0
resstock-amy2018-2021-release-1-9634,0.42183235,0.0,0.0,0.0,1.9274673,0.0,0.0,0.0,0.0,0.0,0.0,0.0,0.0,0.0,3.0750537,3.0750537,0.0,0.6292215,13.49013614654541,8.48828368738765,-0.0,3.0750537,0.0,-0.0,0.0,-0.0,0.013610869,0.013610869,-0.0,1.0,3.8456817,0.0,0.0,0.98500293,5.403247,1.6603535,3.3383274,0.0,0.0,0.0,0.3072881,0.1383698,0.6178373,0.0,5.403247,0.0,2.3213713,2.9056482,0.98500293,-0.584277,11.7,19.310047,18.333334,18.333334,2.0
resstock-amy2018-2021-release-1-9634,0.54788595,0.0,0.0,0.0,0.0,0.0,0.0,0.0,0.0,0.0,0.0,0.0,0.0,0.0,-3.0293176,0.0,-3.0293176,0.38954163,13.490097045898438,5.2549543378409,3.0293176,0.0,0.0,-0.0,0.0,-0.0,0.0,0.0,-0.0,0.9988788,3.8456817,0.0,0.0,0.8392982,-2.7616549,-0.83503604,0.0,0.0,0.0,0.0,0.302368,0.1383698,0.6047201,0.0,0.0,-2.7616549,0.26766276,0.8392981,0.8392982,-0.57163537,12.8,19.636524,18.333334,18.333334,2.0
resstock-amy2018-2021-release-1-9634,0.3715023,0.0,0.0,0.0,0.0,0.0,0.0,0.0,0.0,0.0,0.0,0.0,0.0,0.0,-3.0807061,0.0,-3.0807061,0.14602655,13.490056991577148,1.9699065050332365,3.0807061,0.0,0.0,-0.0,0.0,-0.0,0.0,0.0,-0.0,0.9977588,3.8456817,0.0,0.0,0.7664458,-2.8516555,-0.87941736,0.0,0.0,0.0,0.0,0.30838835,0.1383698,0.5850412,0.0,0.0,-2.8516555,0.22905064,0.7664458,0.7664458,-0.5373952,12.2,19.778603,18.88889,18.88889,2.0
resstock-amy2018-2021-release-1-9634,0.5695621,0.0,0.0,0.0,0.0,0.0,0.0,0.0,0.0,0.0,0.0,0.0,0.0,0.0,-1.8471574,0.0,-1.8471574,0.0,13.490033149719238,0.0,1.8471574,0.0,0.0,-0.0,0.0,-0.0,0.0,0.0,-0.0,0.9966401,3.8456817,0.0,0.0,0.6982035,-1.592727,-0.5091586,0.0,0.0,0.0,0.0,0.31967726,0.1383698,0.5735826,0.0,0.0,-1.592727,0.2544304,0.69820344,0.6982035,-0.44377303,12.8,19.746538,18.88889,18.88889,2.0
resstock-amy2018-2021-release-1-9634,0.19090635,0.0,0.0,0.0,0.0,0.0,0.0,0.0,0.0,0.0,0.0,0.0,0.0,0.0,0.0,0.0,0.0,0.0,13.490033149719238,0.0,-0.0,0.0,0.0,-0.0,0.0,-0.0,0.0,0.0,-0.0,0.9955226,3.8456817,0.0,0.0,0.59517175,0.40965977,0.13571239,0.23105825,0.0,0.0,0.0,0.3312807,0.1383698,0.56402475,0.0,0.40965977,0.0,0.40965977,0.59517175,0.59517175,-0.18551198,12.2,19.24645,18.88889,18.88889,2.0
resstock-amy2018-2021-release-1-9634,0.0,0.0,0.46069947,0.0,0.0,0.48177177,0.0,0.0,0.0,0.0,0.0,0.0,0.0,0.0,0.0,0.0,0.0,0.0,13.490033149719238,0.0,-0.0,0.0,0.0,-0.0,0.0,-0.0,0.0,0.0,-0.0,0.99440646,3.8456817,0.0,0.0,1.0207806,1.4826787,0.5119509,0.8358019,0.0,0.0,0.0,0.34528783,0.1383698,0.56371075,0.0,1.4826787,0.0,1.4826787,1.5025524,1.0207806,-0.01987374,11.1,18.63184,18.88889,18.88889,2.0
resstock-amy2018-2021-release-1-9634,0.0,8.172265,0.5214532,0.0,2.3074043,0.54530436,8.065526,0.0,0.0,0.0,0.0,0.0,0.0,0.0,3.1642256,3.1642256,0.0,0.21994388,13.489992141723633,2.9670412267803385,-0.0,3.1642256,0.0,-0.0,0.0,-0.0,0.027176028,0.027176028,-0.0,1.0,3.8456817,4.383974,3.7882907,1.0485748,7.065509,2.412995,4.024883,8.065526,1.1160252,1.6876166,0.34151754,0.1383698,0.5696522,0.20923826,7.065509,0.0,3.8869798,3.8869798,1.0485748,-0.0,10.0,22.99591,18.88889,18.88889,2.0
resstock-amy2018-2021-release-1-9634,0.0,0.0,0.10521656,0.0,0.0,0.110029146,0.0,0.0,0.0,0.0,0.0,0.0,0.0,0.0,-2.7835033,0.0,-2.7835033,0.0,13.48995590209961,0.0,2.7835033,0.0,0.0,-0.0,0.0,-0.0,0.0,0.0,-0.0,0.9988788,3.8456817,0.0,0.0,0.9688246,-1.7046496,-0.5703677,0.0,0.0,0.0,0.0,0.33459526,0.1383698,0.5430348,0.0,0.0,-1.7046496,1.0788537,1.0788537,0.9688246,-0.0,8.9,19.060024,18.333334,18.333334,2.0
resstock-amy2018-2021-release-1-9634,0.0,8.040914,0.0,0.0,2.3074043,0.0,8.065525,0.0,0.0,0.0,0.0,0.0,0.0,0.0,3.1642256,3.1642256,0.0,0.21994388,13.489914894104004,2.9670242366390767,-0.0,3.1642256,0.0,-0.0,0.0,-0.0,0.009078935,0.009078935,-0.0,1.0,3.8456817,4.252623,3.7882903,0.8939127,6.3655424,2.0832725,3.3873606,8.065525,1.1160251,1.6876165,0.32727337,0.1383698,0.53214014,0.20923826,6.3655424,0.0,3.1963909,3.1963909,0.8939127,-0.0,8.9,24.32816,18.88889,18.88889,2.0
resstock-amy2018-2021-release-1-9634,0.0,0.8040914,0.0,0.0,2.3074043,0.0,0.42277935,0.0,0.0,0.0,0.0,0.0,0.0,0.0,-2.7835033,0.0,-2.7835033,0.0,13.48987865447998,0.0,2.7835033,0.0,0.0,-0.0,0.0,-0.0,0.004541979,0.004541979,-0.0,1.0,3.8456817,0.8040914,0.0,0.8328848,0.35678577,0.110347494,0.19267808,0.42277935,0.058499895,0.088461615,0.3092822,0.1383698,0.5400386,0.20923826,0.35678577,0.0,3.1378248,3.1378248,0.8328848,-0.0,8.9,19.596066,18.88889,18.88889,2.0
resstock-amy2018-2021-release-1-9634,0.0,0.7690191,0.0,0.0,2.3074043,0.0,0.75879997,0.0,0.0,0.0,0.0,0.0,0.0,0.0,3.1642256,3.1642256,0.0,0.21994388,13.489837646484375,2.9670072464978148,-0.0,3.1642256,0.0,-0.0,0.0,-0.0,0.004541979,0.004541979,-0.0,1.0,3.8456817,0.7690191,0.0,0.74050707,6.212137,1.9048575,3.327171,0.75879997,0.104995,0.15876997,0.3066348,0.1383698,0.535592,0.20923823,6.212137,0.0,3.0452256,3.0452256,0.74050707,-0.0,5.6,18.243628,18.819445,18.819445,2.0
resstock-amy2018-2021-release-1-9634,0.0,7.739565,0.0,0.0,2.3074043,0.0,4.032763,0.0,0.0,0.0,0.0,0.0,0.0,0.0,0.0,0.0,0.0,0.21941227,13.489837646484375,2.959835862284308,-0.0,0.0,0.0,-0.0,0.0,-0.0,0.0,0.0,-0.0,0.9988788,3.8456817,3.9512744,3.7882905,0.4437969,2.7512012,0.8306916,1.4742885,4.032763,0.5580126,0.8438083,0.3019378,0.1383698,0.53587085,0.20923826,2.7512012,0.0,2.7512012,2.7512012,0.4437969,-0.0,6.1,21.68479,18.333334,18.333334,2.0
resstock-amy2018-2021-release-1-9634,0.0,0.7576581,0.0,0.0,2.3074043,0.0,0.86764747,0.0,0.0,0.0,0.0,0.0,0.0,0.0,-2.624632,0.0,-2.624632,0.0119921435,13.489803314208984,0.1617716566865326,2.624632,0.0,0.0,-0.0,0.0,-0.0,0.009078935,0.009078935,-0.0,1.0,3.8456817,0.7576581,0.0,0.4247888,0.10756111,0.030723596,0.0580521,0.86764747,0.120056204,0.18154505,0.2856385,0.1383698,0.5397127,0.20923826,0.10756111,0.0,2.726663,2.726663,0.4247888,-0.0,4.4,18.013092,17.777779,17.777779,2.0
resstock-amy2018-2021-release-1-9634,0.0,7.576581,0.0,0.0,2.3074043,0.0,4.032763,0.0,0.0,0.0,0.0,0.0,0.0,0.0,0.0,0.0,0.0,0.011963158,13.489803314208984,0.16138064728449208,-0.0,0.0,0.0,-0.0,0.0,-0.0,0.0,0.0,-0.0,0.9988788,3.8456817,3.7882905,3.7882905,0.4057807,2.713185,0.6838305,1.4203782,4.032763,0.5580126,0.8438083,0.25203976,0.1383698,0.5235095,0.20923826,2.713185,0.0,2.713185,2.713185,0.4057807,-0.0,4.4,22.54246,17.222221,17.222221,2.0
resstock-amy2018-2021-release-1-9634,0.0,0.75311726,0.0,0.0,2.3074043,0.0,0.91115224,0.0,0.0,0.0,0.0,0.0,0.0,0.0,3.1616607,3.1616607,0.0,0.23171689,13.489762306213379,3.1258057166715076,-0.0,3.1616607,0.0,-0.0,0.0,-0.0,0.009078935,0.009078935,-0.0,1.0,3.8456817,0.75311726,0.0,0.40127003,5.870335,1.3948323,2.9428573,0.91115224,0.12607595,0.19064792,0.23760691,0.1383698,0.50130993,0.20923826,5.870335,0.0,2.7030776,2.7030776,0.40127003,-0.0,3.9,18.192131,17.222221,17.222221,2.0
resstock-amy2018-2021-release-1-9634,0.0,7.478099,0.0,0.0,2.3074043,0.0,8.065526,0.0,0.0,0.0,0.0,0.0,0.0,0.0,3.1145444,3.1145444,0.0,0.4479726,13.48972225189209,6.0430258923399265,-0.0,3.1145444,0.0,-0.0,0.0,-0.0,0.004541979,0.004541979,-0.0,1.0,3.8456817,3.6898081,3.7882907,0.40161616,5.8235645,1.3016366,2.856039,8.065526,1.1160252,1.6876166,0.22351201,0.1383698,0.49042797,0.20923826,5.8235645,0.0,2.7061799,2.7061799,0.40161616,-0.0,3.3,22.58512,17.222221,17.222221,2.0
resstock-amy2018-2021-release-1-9634,0.0,7.478099,0.0,0.0,2.3074043,0.0,8.065526,0.0,0.0,0.0,0.0,0.0,0.0,0.0,3.0681782,3.0681782,0.0,0.66077644,13.4896821975708,8.913664129720075,-0.0,3.0681782,0.0,-0.0,0.0,-0.0,0.004541979,0.004541979,-0.0,1.0,3.8456817,3.6898081,3.7882907,0.42079672,5.796379,1.2747675,2.8700001,8.065526,1.1160252,1.6876166,0.21992481,0.1383698,0.49513674,0.20923826,5.796379,0.0,2.7253606,2.7253606,0.42079672,-0.0,3.3,21.274559,17.222221,17.222221,2.0
resstock-amy2018-2021-release-1-9634,0.0,0.0,0.0,0.0,0.0,0.0,0.0,0.0,0.0,0.0,0.0,0.0,0.0,0.0,-3.022552,0.0,-3.022552,0.42160043,13.489643096923828,5.687239346449019,3.022552,0.0,0.0,-0.0,0.0,-0.0,0.0,0.0,-0.0,0.9988788,3.8456817,0.0,0.0,0.45650008,-2.566052,-0.5340454,0.0,0.0,0.0,0.0,0.20811948,0.1383698,0.50397414,0.0,0.0,-2.566052,0.45650005,0.45650005,0.45650008,-0.0,4.4,17.850632,17.222221,17.222221,2.0
resstock-amy2018-2021-release-1-9634,0.0,7.478099,0.0,0.0,2.3074043,0.0,8.065526,0.0,0.0,0.0,0.0,0.0,0.0,0.0,3.0738325,3.0738325,0.0,0.63482577,13.489603042602539,8.563547585723995,-0.0,3.0738325,0.0,-0.0,0.0,-0.0,0.009078935,0.009078935,-0.0,1.0,3.8456817,3.6898081,3.7882907,0.5189465,5.900183,1.4393766,3.1163337,8.065526,1.1160252,1.6876166,0.24395457,0.1383698,0.5281758,0.20923826,5.900183,0.0,2.8206732,2.8206732,0.5189465,-0.0,3.3,21.508293,17.222221,17.222221,2.0
resstock-amy2018-2021-release-1-9634,0.0,0.0,0.0,0.0,0.0,0.0,0.0,0.0,0.0,0.0,0.0,0.0,0.0,0.0,-3.028116,0.0,-3.028116,0.39523533,13.489563941955566,5.331552254352829,3.028116,0.0,0.0,-0.0,0.0,-0.0,0.0,0.0,-0.0,0.9988788,3.8456817,0.0,0.0,0.61453795,-2.413578,-0.6524304,0.0,0.0,0.0,0.0,0.2703167,0.1383698,0.56755674,0.0,0.0,-2.413578,0.61453795,0.61453795,0.61453795,-0.0,3.3,17.539322,17.222221,17.222221,2.0
resstock-amy2018-2021-release-1-9634,0.0,0.0,0.0,0.0,0.0,0.0,0.0,0.0,0.0,0.0,0.0,0.0,0.0,0.0,-3.0794854,0.0,-3.0794854,0.15181153,13.489523887634277,2.0478651959494556,3.0794854,0.0,0.0,-0.0,0.0,-0.0,0.0,0.0,-0.0,0.9977588,3.8456817,0.0,0.0,0.83991385,-2.337891,-0.66401726,0.0,0.0,0.0,0.0,0.28402403,0.1383698,0.5881875,0.0,0.0,-2.337891,0.7415943,0.83991396,0.83991385,-0.09831964,7.2,16.782993,17.222221,17.222221,2.0
resstock-amy2018-2021-release-1-9634,0.0,0.0,0.0,0.0,0.0,0.0,0.0,0.0,0.0,0.0,0.0,0.0,0.0,0.0,-1.9204061,0.0,-1.9204061,0.0,13.48949909210205,0.0,1.9204061,0.0,0.0,-0.0,0.0,-0.0,0.0,0.0,-0.0,0.9966401,3.8456817,0.0,0.0,0.98876023,-1.1516013,-0.33579952,0.0,0.0,0.0,0.0,0.29159355,0.1383698,0.6030067,0.0,0.0,-1.1516013,0.7688048,0.9887603,0.98876023,-0.2199555,8.9,16.399635,18.75926,18.75926,2.0
resstock-amy2018-2021-release-1-9634,0.0,0.0,0.0,0.0,0.0,0.0,0.0,0.0,0.0,0.0,0.0,0.0,0.0,0.0,0.0,0.0,0.0,0.0,13.48949909210205,0.0,-0.0,0.0,0.0,-0.0,0.0,-0.0,0.0,0.0,-0.0,0.9955226,3.8456817,0.0,0.0,1.0176544,0.7463991,0.21760917,0.45635328,0.0,0.0,0.0,0.29154533,0.1383698,0.6114065,0.0,0.7463991,0.0,0.7463991,1.0176544,1.0176544,-0.2712553,10.0,16.547762,18.88889,18.88889,2.0
resstock-amy2018-2021-release-1-9634,0.0,0.0,0.0,0.0,0.0,0.0,0.0,0.0,0.0,0.0,0.0,0.0,0.0,0.0,3.1642256,3.1642256,0.0,0.21994388,13.489458084106445,2.966923764075318,-0.0,3.1642256,0.0,-0.0,0.0,-0.0,0.0,0.0,-0.0,0.99440646,3.8456817,0.0,0.0,0.9885135,3.8963826,1.0620943,2.4229026,0.0,0.0,0.0,0.2725847,0.1383698,0.62183386,0.0,3.8963826,0.0,0.732157,0.9885136,0.9885135,-0.25635657,11.7,16.750034,18.333334,18.333334,2.0
resstock-amy2018-2021-release-1-9634,0.0,0.0,0.0,0.0,0.0,0.0,0.0,0.0,0.0,0.0,0.0,0.0,0.0,0.0,-2.7835033,0.0,-2.7835033,0.0,13.489421844482422,0.0,2.7835033,0.0,0.0,-0.0,0.0,-0.0,0.0,0.0,-0.0,0.9932915,3.8456817,0.0,0.0,0.98500293,-2.038328,-0.56076014,0.0,0.0,0.0,0.0,0.27510792,0.1383698,0.6310679,0.0,0.0,-2.038328,0.74517536,0.9850029,0.98500293,-0.23982754,12.2,17.096054,18.333334,18.333334,2.0
resstock-amy2018-2021-release-1-9634,0.07412312,0.0,0.0,0.0,0.0,0.0,0.0,0.0,0.0,0.0,0.0,0.0,0.0,0.0,0.0,0.0,0.0,0.0,13.489421844482422,0.0,-0.0,0.0,0.0,-0.0,0.0,-0.0,0.0,0.0,-0.0,0.9921778,3.8456817,0.0,0.0,0.8392982,0.5316347,0.14572513,0.3360591,0.0,0.0,0.0,0.27410764,0.1383698,0.63212407,0.0,0.5316347,0.0,0.5316347,0.8392982,0.8392982,-0.3076635,12.8,17.469212,18.333334,18.333334,2.0
resstock-amy2018-2021-release-1-9634,0.13867246,0.0,0.0,0.0,0.0,0.0,0.0,0.0,0.0,0.0,0.0,0.0,0.0,0.0,0.0,0.0,0.0,0.0,13.489421844482422,0.0,-0.0,0.0,0.0,-0.0,0.0,-0.0,0.0,0.0,-0.0,0.9910653,3.8456817,0.0,0.0,1.0769501,0.84695673,0.23660895,0.5289252,0.0,0.0,0.0,0.2793637,0.1383698,0.6245008,0.0,0.84695673,0.0,0.84695673,1.0769501,1.0769501,-0.22999337,12.8,17.725685,18.88889,18.88889,2.0
resstock-amy2018-2021-release-1-9634,0.05748428,0.0,0.0,0.0,0.0,0.0,0.0,0.0,0.0,0.0,0.0,0.0,0.0,0.0,0.0,0.0,0.0,0.0,13.489421844482422,0.0,-0.0,0.0,0.0,-0.0,0.0,-0.0,0.0,0.0,-0.0,0.9899541,3.8456817,0.0,0.0,0.6982035,0.57906187,0.16441871,0.35402703,0.0,0.0,0.0,0.2839398,0.1383698,0.61138034,0.0,0.57906187,0.0,0.57906187,0.6982035,0.6982035,-0.11914166,13.3,17.72158,18.88889,18.88889,2.0
resstock-amy2018-2021-release-1-9634,0.0,0.0,0.0,0.0,0.0,0.0,0.0,0.0,0.0,0.0,0.0,0.0,0.0,0.0,0.0,0.0,0.0,0.0,13.489421844482422,0.0,-0.0,0.0,0.0,-0.0,0.0,-0.0,0.0,0.0,-0.0,0.9888441,3.8456817,0.0,0.0,0.9770343,0.93021435,0.27567446,0.5605502,0.0,0.0,0.0,0.29635584,0.1383698,0.60260326,0.0,0.93021435,0.0,0.93021435,0.9770343,0.9770343,-0.046819907,12.8,17.512585,18.88889,18.88889,2.0
resstock-amy2018-2021-release-1-9634,0.0,0.0,0.0,0.0,0.0,0.0,0.0,0.0,0.0,0.0,0.0,0.0,0.0,0.0,0.0,0.0,0.0,0.0,13.489421844482422,0.0,-0.0,0.0,0.0,-0.0,0.0,-0.0,0.0,0.0,-0.0,0.9877354,3.8456817,0.0,0.0,1.0207806,1.018818,0.32033762,0.60980064,0.0,0.0,0.0,0.31442085,0.1383698,0.5985373,0.0,1.018818,0.0,1.018818,1.0207806,1.0207806,-0.0019625546,12.2,17.155119,18.88889,18.88889,2.0
resstock-amy2018-2021-release-1-9634,0.0,0.0,0.0,0.0,0.0,0.0,0.0,0.0,0.0,0.0,0.0,0.0,0.0,0.0,0.0,0.0,0.0,0.0,13.489421844482422,0.0,-0.0,0.0,0.0,-0.0,0.0,-0.0,0.0,0.0,-0.0,0.98662794,3.8456817,0.0,0.0,2.484113,2.484113,0.803725,1.4670889,0.0,0.0,0.0,0.32354608,0.1383698,0.5905886,0.0,2.484113,0.0,2.484113,2.484113,2.484113,-0.0,12.2,16.832373,18.88889,18.88889,2.0
resstock-amy2018-2021-release-1-9634,0.0,8.392022,0.0,0.0,2.3074043,0.0,0.20264205,0.0,0.0,0.0,0.0,0.0,0.0,0.0,0.0,0.0,0.0,0.0,13.489421844482422,0.0,-0.0,0.0,0.0,-0.0,0.0,-0.0,0.0,0.0,3.5979326,0.0,3.8456817,4.6037316,0.19035758,0.9688246,3.276229,1.0603404,1.854465,0.20264205,0.02803954,0.042400472,0.3236466,0.1383698,0.56603646,0.20923826,3.276229,0.0,5.0795236,5.0795236,0.9688246,-0.0,11.7,21.890259,18.88889,18.88889,2.0
resstock-amy2018-2021-release-1-9634,0.0,0.8392022,0.7301845,0.0,2.3074043,0.763583,0.08638915,0.0,0.0,0.0,0.0,0.0,0.0,0.0,3.1642256,3.1642256,0.0,0.21994388,13.489380836486816,2.966906773934056,-0.0,3.1642256,0.0,-0.0,0.0,-0.0,3.8456817,3.8456817,-0.0,0.94932187,3.8456817,0.8392022,0.0,0.8939127,7.1291256,2.1950488,3.9118037,0.08638915,0.011953649,0.018075915,0.30789873,0.1383698,0.54870737,0.20923826,7.1291256,0.0,2.0374327,2.0374327,0.8939127,-0.0,11.7,18.472166,18.88889,18.88889,2.0
resstock-amy2018-2021-release-1-9634,0.0,8.392022,0.0,0.0,2.3074043,0.0,4.0327625,0.0,0.0,0.0,0.0,0.0,0.0,0.0,0.0,0.0,0.0,0.21941227,13.489380836486816,2.9597356325670603,-0.0,0.0,0.0,-0.0,0.0,-0.0,0.0,0.0,-0.0,0.94825745,3.8456817,4.6037316,3.7882905,0.8328848,3.140289,0.93721485,1.7082003,4.0327625,0.55801255,0.84380823,0.2984486,0.1383698,0.5439628,0.20923826,3.140289,0.0,3.140289,3.140289,0.8328848,-0.0,11.7,23.527796,18.88889,18.88889,2.0
resstock-amy2018-2021-release-1-9634,0.0,0.8311989,0.0,0.0,2.3074043,0.0,0.16306788,0.0,0.0,0.0,0.0,0.0,0.0,0.0,-2.624632,0.0,-2.624632,0.0119921435,13.489346504211426,0.16176617855550468,2.624632,0.0,0.0,-0.0,0.0,-0.0,0.21391504,0.21391504,-0.0,1.0,3.8456817,0.8311989,0.0,0.74050707,0.42327952,0.12522726,0.2318534,0.16306788,0.02256367,0.03412004,0.29585,0.1383698,0.5477548,0.20923826,0.42327952,0.0,2.9387996,2.9387996,0.74050707,-0.0,11.1,19.337471,18.833334,18.833334,2.0
resstock-amy2018-2021-release-1-9634,0.0,8.24739,4.3811083,0.0,2.3074043,4.5814996,4.032763,0.0,0.0,0.0,0.0,0.0,0.0,0.0,0.0,0.0,0.0,0.011963158,13.489346504211426,0.16137518239435433,-0.0,0.0,0.0,-0.0,0.0,-0.0,0.0,0.0,-0.0,0.9988788,3.8456817,4.459099,3.7882907,0.4437969,7.3327007,2.1250079,4.0014725,4.032763,0.5580126,0.8438083,0.2897988,0.1383698,0.5457024,0.20923826,7.3327007,0.0,7.3327007,7.3327007,0.4437969,-0.0,10.6,24.181917,18.333334,18.333334,2.0
resstock-amy2018-2021-release-1-9634,0.0,0.8172265,0.0,0.0,2.3074043,0.0,0.29693457,0.0,0.0,0.0,0.0,0.0,0.0,0.0,-0.14310451,0.0,-0.14310451,0.0006386861,13.489344596862793,0.008615457168794194,0.14310451,0.0,0.0,-0.0,0.0,-0.0,0.009078935,0.009078935,-0.0,1.0,3.8456817,0.8172265,0.0,0.4247888,2.5890884,0.7621914,1.3758478,0.29693457,0.041086778,0.062130075,0.294386,0.1383698,0.5314024,0.20923826,2.5890884,0.0,2.7274144,2.7274144,0.4247888,-0.0,10.0,19.664959,18.333334,18.333334,2.0
resstock-amy2018-2021-release-1-9634,0.0,8.172265,0.0,0.0,2.3074043,0.0,4.032763,0.0,0.0,0.0,0.0,0.0,0.0,0.0,0.0,0.0,0.0,0.0006371424,13.489344596862793,0.008594633325246737,-0.0,0.0,0.0,-0.0,0.0,-0.0,0.0,0.0,-0.0,0.9988788,3.8456817,4.383974,3.7882907,0.4057807,2.713185,0.77902865,1.5040452,4.032763,0.5580126,0.8438083,0.287127,0.1383698,0.55434674,0.20923826,2.713185,0.0,2.713185,2.713185,0.4057807,-0.0,10.0,24.316648,17.777779,17.777779,2.0
resstock-amy2018-2021-release-1-9634,0.0,0.8172265,0.0,0.0,2.3074043,0.0,0.29693457,0.0,0.0,0.0,0.0,0.0,0.0,0.0,-0.007621562,0.0,-0.007621562,3.3971373e-05,13.489344596862793,0.0004582515614260513,0.007621562,0.0,0.0,-0.0,0.0,-0.0,0.009078935,0.009078935,-0.0,1.0,3.8456817,0.8172265,0.0,0.40127003,2.701053,0.77524865,1.5172011,0.29693457,0.041086778,0.062130075,0.2870172,0.1383698,0.56170726,0.20923826,2.701053,0.0,2.703896,2.703896,0.40127003,-0.0,10.0,19.760174,17.777779,17.777779,2.0
resstock-amy2018-2021-release-1-9634,0.0,8.273006,0.0,0.0,2.3074043,0.0,8.065526,0.0,0.0,0.0,0.0,0.0,0.0,0.0,3.1642184,3.1642184,0.0,0.2199773,13.489303588867188,2.9673406408949177,-0.0,3.1642184,0.0,-0.0,0.0,-0.0,0.004541979,0.004541979,-0.0,1.0,3.8456817,4.484716,3.7882905,0.40161616,5.8732386,1.6053253,3.3395941,8.065526,1.1160252,1.6876166,0.2733288,0.1383698,0.56861204,0.20923826,5.8732386,0.0,2.7066832,2.7066832,0.40161616,-0.0,10.8,25.091297,17.222221,17.222221,2.0
resstock-amy2018-2021-release-1-9634,0.0,0.8172265,0.0,0.0,2.3074043,0.0,0.29693457,0.0,0.0,0.0,0.0,0.0,0.0,0.0,3.1170614,3.1170614,0.0,0.43642014,13.489263534545898,5.886986315998115,-0.0,3.1170614,0.0,-0.0,0.0,-0.0,0.004541979,0.004541979,-0.0,1.0,3.8456817,0.8172265,0.0,0.42079672,5.8452625,1.5953966,3.3404446,0.29693457,0.041086778,0.062130075,0.2729384,0.1383698,0.57147896,0.20923826,5.8452625,0.0,2.7258105,2.7258105,0.42079672,-0.0,10.0,20.392988,17.222221,17.222221,2.0
resstock-amy2018-2021-release-1-9634,0.0,0.0,0.0,0.0,0.0,0.0,0.0,0.0,0.0,0.0,0.0,0.0,0.0,0.0,-3.070655,0.0,-3.070655,0.19365631,13.48922348022461,2.612273249868906,3.070655,0.0,0.0,-0.0,0.0,-0.0,0.0,0.0,-0.0,0.9988788,3.8456817,0.0,0.0,0.45650008,-2.614155,-0.7099951,0.0,0.0,0.0,0.0,0.2715964,0.1383698,0.57190037,0.0,0.0,-2.614155,0.45650005,0.45650005,0.45650008,-0.0,10.0,18.734093,17.222221,17.222221,2.0
resstock-amy2018-2021-release-1-9634,0.0,0.0,0.0,0.0,0.0,0.0,0.0,0.0,0.0,0.0,0.0,0.0,0.0,0.0,-2.4504035,0.0,-2.4504035,0.0,13.489192008972168,0.0,2.4504035,0.0,0.0,-0.0,0.0,-0.0,0.0,0.0,-0.0,0.9977588,3.8456817,0.0,0.0,0.5189465,-1.9314569,-0.55445564,0.0,0.0,0.0,0.0,0.287066,0.1383698,0.5672345,0.0,0.0,-1.9314569,0.5189465,0.5189465,0.5189465,-0.0,10.0,17.668333,17.222221,17.222221,2.0
resstock-amy2018-2021-release-1-9634,0.0,0.0,0.0,0.0,0.0,0.0,0.0,0.0,0.0,0.0,0.0,0.0,0.0,0.0,0.0,0.0,0.0,0.0,13.489192008972168,0.0,-0.0,0.0,0.0,-0.0,0.0,-0.0,0.0,0.0,-0.0,0.9966401,3.8456817,0.0,0.0,0.61453795,0.61453795,0.19179921,0.34734112,0.0,0.0,0.0,0.31210312,0.1383698,0.56520694,0.0,0.61453795,0.0,0.61453795,0.61453795,0.61453795,-0.0,10.0,17.025175,17.222221,17.222221,2.0
resstock-amy2018-2021-release-1-9634,0.0,0.0,0.0,0.0,0.0,0.0,0.0,0.0,0.0,0.0,0.0,0.0,0.0,0.0,0.0,0.0,0.0,0.0,13.489192008972168,0.0,-0.0,0.0,0.0,-0.0,0.0,-0.0,0.0,0.0,-0.0,0.9955226,3.8456817,0.0,0.0,0.83991385,0.7907945,0.24341127,0.4498465,0.0,0.0,0.0,0.307806,0.1383698,0.56885386,0.0,0.7907945,0.0,0.7907945,0.83991385,0.83991385,-0.04911934,10.0,16.726906,18.787037,18.787037,2.0
resstock-amy2018-2021-release-1-9634,0.0,2.474217,0.0,0.0,2.3074043,0.0,1.9808842,0.0,0.0,0.0,0.0,0.0,0.0,0.0,3.1642256,3.1642256,0.0,0.21994388,13.489151000976562,2.9668562230199313,-0.0,3.1642256,0.0,-0.0,0.0,-0.0,0.022659415,0.022659415,-0.0,1.0,3.8456817,2.474217,0.0,0.98876023,6.3805194,2.0011709,3.7433262,1.9808842,0.27409455,0.41447675,0.3136376,0.1383698,0.5866805,0.20923826,6.3805194,0.0,3.2045684,3.284439,0.98876023,-0.07987076,10.6,18.422804,18.333334,18.333334,2.0
resstock-amy2018-2021-release-1-9634,0.0,0.0,0.0,0.0,1.8990499,0.0,0.0,0.0,0.0,0.0,0.0,0.0,0.0,0.0,3.1170685,3.1170685,0.0,0.43638724,13.489110946655273,5.886475908025318,-0.0,3.1170685,0.0,-0.0,0.0,-0.0,0.004541979,0.004541979,-0.0,1.0,3.8456817,0.0,0.0,1.0176544,5.7292233,1.7990667,3.4738033,0.0,0.0,0.0,0.3140158,0.1383698,0.6063306,0.0,5.7292233,0.0,2.609912,2.9144614,1.0176544,-0.3045494,12.2,17.879234,17.777779,17.777779,2.0
resstock-amy2018-2021-release-1-9634,0.0,8.619975,0.0,0.0,2.3074043,0.0,8.065526,0.0,0.0,0.0,0.0,0.0,0.0,0.0,3.070662,3.070662,0.0,0.6493763,13.489070892333984,8.759482584390298,-0.0,3.070662,0.0,-0.0,0.0,-0.0,0.004541979,0.004541979,-0.0,1.0,3.8456817,4.8316846,3.7882907,0.9885135,5.8930354,1.8505063,3.6225574,8.065526,1.1160252,1.6876166,0.3140158,0.1383698,0.61471844,0.20923826,5.8930354,0.0,2.8202043,3.293749,0.9885135,-0.4735448,13.3,23.489853,18.333334,18.333334,2.0
resstock-amy2018-2021-release-1-9634,0.42735428,0.0,0.0,0.0,0.0,0.0,0.0,0.0,0.0,0.0,0.0,0.0,0.0,0.0,-3.0249963,0.0,-3.0249963,0.41001827,13.489031791687012,5.530749415093794,3.0249963,0.0,0.0,-0.0,0.0,-0.0,0.0,0.0,-0.0,0.9988788,3.8456817,0.0,0.0,0.98500293,-2.580112,-0.8143195,0.0,0.0,0.0,0.0,0.315614,0.1383698,0.6196135,0.0,0.0,-2.580112,0.4448843,0.9850031,0.98500293,-0.5401188,13.3,20.907387,18.333334,18.333334,2.0
resstock-amy2018-2021-release-1-9634,0.7265077,0.0,0.0,0.0,1.802431,0.0,0.0,0.0,0.0,0.0,0.0,0.0,0.0,0.0,3.0763159,3.0763159,0.0,0.62342864,13.488991737365723,8.409423810888995,-0.0,3.0763159,0.0,-0.0,0.0,-0.0,0.009078935,0.009078935,-0.0,1.0,3.8456817,0.0,0.0,0.8392982,5.218388,1.636046,3.2222736,0.0,0.0,0.0,0.3135156,0.1383698,0.61748445,0.0,5.218388,0.0,2.137817,2.637474,0.8392982,-0.49965715,13.9,20.817654,18.333334,18.333334,2.0
resstock-amy2018-2021-release-1-9634,1.117192,8.790249,0.0,0.0,2.3074043,0.0,8.065525,0.0,0.0,0.0,0.0,0.0,0.0,0.0,3.0305595,3.0305595,0.0,0.83342487,13.48895263671875,11.242028546428628,-0.0,3.0305595,0.0,-0.0,0.0,-0.0,0.004541979,0.004541979,-0.0,1.0,3.8456817,5.0019584,3.7882905,1.0769501,5.93536,1.8212913,3.6427011,8.065525,1.1160251,1.6876165,0.3068544,0.1383698,0.61372876,0.20923826,5.93536,0.0,2.9027052,3.3822594,1.0769501,-0.47955406,14.4,25.166012,18.333334,18.333334,2.0
resstock-amy2018-2021-release-1-9634,0.8455363,0.0,0.0,0.0,0.0,0.0,0.0,0.0,0.0,0.0,0.0,0.0,0.0,0.0,-2.3737907,0.0,-2.3737907,0.64676815,13.488922119140625,8.72420524109657,2.3737907,0.0,0.0,-0.0,0.0,-0.0,0.0,0.0,-0.0,0.9988788,3.8456817,0.0,0.0,1.0391173,-1.4967421,-0.47933167,0.0,0.0,0.0,0.0,0.32025,0.1383698,0.6090722,0.0,0.0,-1.4967421,0.8770486,1.0391173,1.0391173,-0.1620687,13.9,21.978277,18.333334,18.333334,2.0
resstock-amy2018-2021-release-1-9634,0.3631801,0.0,0.0,0.0,0.0,0.0,0.0,0.0,0.0,0.0,0.0,0.0,0.0,0.0,-3.0255554,0.0,-3.0255554,0.40736848,13.488883018493652,5.494945787778022,3.0255554,0.0,0.0,-0.0,0.0,-0.0,0.0,0.0,-0.0,0.9977588,3.8456817,0.0,0.0,0.9770343,-2.0815685,-0.6759169,0.0,0.0,0.0,0.0,0.3247152,0.1383698,0.59155595,0.0,0.0,-2.0815685,0.9439869,0.9770343,0.9770343,-0.03304739,12.8,20.960339,18.333334,18.333334,2.0
resstock-amy2018-2021-release-1-9634,0.0,0.0,0.0,0.0,0.0,0.0,0.0,0.0,0.0,0.0,0.0,0.0,0.0,0.0,-3.0768838,0.0,-3.0768838,0.16413915,13.488842964172363,2.2140472398431257,3.0768838,0.0,0.0,-0.0,0.0,-0.0,0.0,0.0,-0.0,0.9966401,3.8456817,0.0,0.0,1.0207806,-2.0600789,-0.7243822,0.0,0.0,0.0,0.0,0.3516284,0.1383698,0.58172244,0.0,0.0,-2.0600789,1.0168049,1.0207807,1.0207806,-0.0039757416,10.0,19.722393,18.333334,18.333334,2.0
resstock-amy2018-2021-release-1-9634,0.0,0.0,0.0,0.0,0.0,0.0,0.0,0.0,0.0,0.0,0.0,0.0,0.0,0.0,-2.0765154,0.0,-2.0765154,0.0,13.488816261291504,0.0,2.0765154,0.0,0.0,-0.0,0.0,-0.0,0.0,0.0,-0.0,0.9955226,3.8456817,0.0,0.0,1.0137738,-1.0627416,-0.40084738,0.0,0.0,0.0,0.0,0.37718233,0.1383698,0.5734965,0.0,0.0,-1.0627416,1.0137738,1.0137738,1.0137738,-0.0,10.0,18.77045,18.333334,18.333334,2.0
resstock-amy2018-2021-release-1-9634,0.0,4.459099,0.0,0.0,2.3074043,0.0,4.032763,0.0,0.0,0.0,0.0,0.0,0.0,0.0,3.1642256,3.1642256,0.0,0.21994388,13.488775253295898,2.9667735796167563,-0.0,3.1642256,0.0,-0.0,0.0,-0.0,0.022659415,0.022659415,-0.0,1.0,3.8456817,4.459099,1.5009442e-07,1.6549829,7.1266127,2.717021,3.9898436,4.032763,0.5580126,0.8438083,0.38125,0.1383698,0.55985135,0.20923826,7.1266127,0.0,3.9506617,3.9506617,1.6549829,-0.0,10.6,21.407183,18.333334,18.333334,2.0
resstock-amy2018-2021-release-1-9634,0.0,0.8172265,1.4609425,0.0,2.3074043,1.5277658,0.29693457,0.0,0.0,0.0,0.0,0.0,0.0,0.0,-2.7835033,0.0,-2.7835033,0.0,13.488739013671875,0.0,2.7835033,0.0,0.0,-0.0,0.0,-0.0,0.004541979,0.004541979,-0.0,1.0,3.8456817,0.8172265,0.0,0.8939127,1.9455793,0.6883697,1.0720049,0.29693457,0.041086778,0.062130075,0.3538122,0.1383698,0.55099523,0.20923826,1.9455793,0.0,4.726692,4.726692,0.8939127,-0.0,10.0,18.97168,18.333334,18.333334,2.0
resstock-amy2018-2021-release-1-9634,1.5206666,0.809963,8.327296,0.0,0.43348762,8.708185,0.0,0.0,0.0,0.0,0.0,0.0,0.0,0.0,0.0,0.0,0.0,0.0,13.488739013671875,0.0,-0.0,0.0,0.0,-0.0,0.0,-0.0,0.0,0.0,-0.0,0.9988788,3.8456817,0.809963,0.0,0.8328848,9.974558,3.3648393,5.3521004,0.0,0.0,0.0,0.3373422,0.1383698,0.5365752,0.0,9.974558,0.0,9.974558,9.974558,0.8328848,-0.0,9.4,18.181877,18.88889,18.88889,2.0
resstock-amy2018-2021-release-1-9634,0.0,0.809963,0.0,0.0,0.43348762,0.0,0.0,0.0,0.0,0.0,0.0,0.0,0.0,0.0,0.0,0.0,0.0,0.0,13.488739013671875,0.0,-0.0,0.0,0.0,-0.0,0.0,-0.0,0.0,0.0,-0.0,0.9977588,3.8456817,0.809963,0.0,0.74050707,1.1739947,0.3772322,0.6042791,0.0,0.0,0.0,0.3213236,0.1383698,0.5147205,0.0,1.1739947,0.0,1.1739947,1.1739947,0.74050707,-0.0,9.4,17.312572,18.847221,18.847221,2.0
resstock-amy2018-2021-release-1-9634,0.0,2.3917594,0.0,0.0,0.0,0.0,0.0,0.0,0.0,0.0,0.0,0.0,0.0,0.0,0.0,0.0,0.0,0.0,13.488739013671875,0.0,-0.0,0.0,0.0,-0.0,0.0,-0.0,0.0,0.0,2.3917594,0.3415053,3.8456817,0.0,0.0,0.6239545,0.6239545,0.19525407,0.3032297,0.0,0.0,0.0,0.31293,0.1383698,0.48598045,0.0,0.6239545,0.0,1.9428928,1.9428928,0.6239545,-0.0,8.3,17.734833,18.88889,18.88889,2.0
resstock-amy2018-2021-release-1-9634,0.0,2.3917594,0.0,0.0,0.63217986,0.0,0.0,0.0,0.0,0.0,0.0,0.0,0.0,0.0,0.0,0.0,0.0,0.0,13.488739013671875,0.0,-0.0,0.0,0.0,-0.0,0.0,-0.0,0.0,0.0,1.2453661,0.0,3.8456817,1.1463933,0.0,0.4247888,1.0569687,0.30599877,0.5137413,0.0,0.0,0.0,0.289506,0.1383698,0.48605162,0.0,1.0569687,0.0,1.7437272,1.7437272,0.4247888,-0.0,8.3,17.373375,18.88889,18.88889,2.0
resstock-amy2018-2021-release-1-9634,0.0,5.043563,0.0,0.0,2.3074043,0.0,4.9475403,0.0,0.0,0.0,0.0,0.0,0.0,0.0,3.1642256,3.1642256,0.0,0.21994388,13.48869800567627,2.9667565894754944,-0.0,3.1642256,0.0,-0.0,0.0,-0.0,3.7882907,3.7882907,-0.0,0.9351547,3.8456817,4.184241,0.85932195,0.4057807,5.877411,1.7015456,2.507326,4.9475403,0.68459016,1.0352148,0.289506,0.1383698,0.4266038,0.20923828,5.877411,0.0,0.62412834,0.62412834,0.4057807,-0.0,8.3,19.034573,18.333334,18.333334,2.0
resstock-amy2018-2021-release-1-9634,0.0,0.79172045,0.0,0.0,2.3074043,0.0,0.5413031,0.0,0.0,0.0,0.0,0.0,0.0,0.0,-2.7835033,0.0,-2.7835033,0.0,13.488661766052246,0.0,2.7835033,0.0,0.0,-0.0,0.0,-0.0,0.2669345,0.2669345,-0.0,1.0,3.8456817,0.79172045,0.0,0.40127003,-0.07482886,-0.021790935,0.0,0.5413031,0.0749,0.11326132,0.2912103,0.1383698,0.41376814,0.20923826,0.0,-0.07482886,2.5595007,2.5595007,0.40127003,-0.0,7.8,16.736095,17.777779,17.777779,2.0
resstock-amy2018-2021-release-1-9634,0.0,7.852713,0.0,0.0,2.3074043,0.0,8.065526,0.0,0.0,0.0,0.0,0.0,0.0,0.0,3.1642256,3.1642256,0.0,0.21994388,13.48862075805664,2.9667395993342325,-0.0,3.1642256,0.0,-0.0,0.0,-0.0,0.004541979,0.004541979,-0.0,1.0,3.8456817,4.064422,3.7882907,0.40161616,5.873246,1.6265367,2.3881595,8.065526,1.1160252,1.6876166,0.27694,0.1383698,0.40661663,0.20923826,5.873246,0.0,2.706442,2.706442,0.40161616,-0.0,7.2,21.019073,17.222221,17.222221,2.0
resstock-amy2018-2021-release-1-9634,0.0,0.7800489,0.0,0.0,2.3074043,0.0,0.6531255,0.0,0.0,0.0,0.0,0.0,0.0,0.0,3.1170685,3.1170685,0.0,0.43638724,13.488580703735352,5.8862445167804935,-0.0,3.1170685,0.0,-0.0,0.0,-0.0,0.004541979,0.004541979,-0.0,1.0,3.8456817,0.7800489,0.0,0.42079672,5.845269,1.6002477,2.3795676,0.6531255,0.090372846,0.13665885,0.273768,0.1383698,0.4070929,0.20923826,5.845269,0.0,2.7255886,2.7255886,0.42079672,-0.0,6.7,17.479176,17.222221,17.222221,2.0
resstock-amy2018-2021-release-1-9634,0.0,7.6901913,0.0,0.0,2.3074043,0.0,8.065526,0.0,0.0,0.0,0.0,0.0,0.0,0.0,3.070662,3.070662,0.0,0.6493763,13.488540649414062,8.759138257219092,-0.0,3.070662,0.0,-0.0,0.0,-0.0,0.004541979,0.004541979,-0.0,1.0,3.8456817,3.9019003,3.7882907,0.45650008,5.834566,1.6969718,2.4709296,8.065526,1.1160252,1.6876166,0.290848,0.1383698,0.42349845,0.20923826,5.834566,0.0,2.761218,2.761218,0.45650008,-0.0,5.6,21.551395,17.222221,17.222221,2.0
resstock-amy2018-2021-release-1-9634,0.0,0.0,0.0,0.0,0.0,0.0,0.0,0.0,0.0,0.0,0.0,0.0,0.0,0.0,-3.0249963,0.0,-3.0249963,0.41001827,13.48850154876709,5.530532005811608,3.0249963,0.0,0.0,-0.0,0.0,-0.0,0.0,0.0,-0.0,0.9988788,3.8456817,0.0,0.0,0.5189465,-2.5060496,-0.8022637,0.0,0.0,0.0,0.0,0.3201308,0.1383698,0.45530233,0.0,0.0,-2.5060496,0.51894665,0.51894665,0.5189465,-0.0,5.6,17.660122,17.222221,17.222221,2.0
resstock-amy2018-2021-release-1-9634,0.0,7.852713,0.0,0.0,2.3074043,0.0,8.065526,0.0,0.0,0.0,0.0,0.0,0.0,0.0,3.0763159,3.0763159,0.0,0.62342864,13.4884614944458,8.4090932422651,-0.0,3.0763159,0.0,-0.0,0.0,-0.0,0.009078935,0.009078935,-0.0,1.0,3.8456817,4.064422,3.7882907,0.61453795,5.998258,2.1842394,2.9368544,8.065526,1.1160252,1.6876166,0.3641456,0.1383698,0.48961788,0.20923826,5.998258,0.0,2.916788,2.916788,0.61453795,-0.0,7.2,22.552963,17.222221,17.222221,2.0
resstock-amy2018-2021-release-1-9634,0.0,0.0,0.0,0.0,0.0,0.0,0.0,0.0,0.0,0.0,0.0,0.0,0.0,0.0,-3.0305595,0.0,-3.0305595,0.38365617,13.488422393798828,5.174916528151812,3.0305595,0.0,0.0,-0.0,0.0,-0.0,0.0,0.0,-0.0,0.9988788,3.8456817,0.0,0.0,1.1432062,-1.9629954,-0.7844638,0.0,0.0,0.0,0.0,0.3996259,0.1383698,0.47885212,0.0,0.0,-1.9629954,1.0675641,1.1432062,1.1432062,-0.075642064,9.4,18.567623,18.810184,18.810184,2.0
resstock-amy2018-2021-release-1-9634,0.0,8.24739,0.0,0.0,2.3074043,0.0,8.065526,0.0,0.0,0.0,0.0,0.0,0.0,0.0,3.0819678,3.0819678,0.0,0.5974876,13.488382339477539,8.059141575775243,-0.0,3.0819678,0.0,-0.0,0.0,-0.0,0.009078935,0.009078935,-0.0,1.0,3.8456817,4.459099,3.7882907,1.2922682,6.4647474,2.5623944,3.1061466,8.065526,1.1160252,1.6876166,0.39636418,0.1383698,0.48047453,0.20923826,6.4647474,0.0,3.3780816,3.5949745,1.2922682,-0.21689296,10.6,24.645475,18.333334,18.333334,2.0
resstock-amy2018-2021-release-1-9634,0.0,0.0,0.0,0.0,0.0,0.0,0.0,0.0,0.0,0.0,0.0,0.0,0.0,0.0,-3.0361214,0.0,-3.0361214,0.35730076,13.488343238830566,4.81939526827864,3.0361214,0.0,0.0,-0.0,0.0,-0.0,0.0,0.0,-0.0,0.9988788,3.8456817,0.0,0.0,1.3192035,-2.13007,-0.7883429,0.0,0.0,0.0,0.0,0.37010187,0.1383698,0.49089128,0.0,0.0,-2.13007,0.9060514,1.3192035,1.3192035,-0.4131521,11.1,21.46854,17.777779,17.777779,2.0
resstock-amy2018-2021-release-1-9634,0.26101437,8.311989,0.0,0.0,2.3074043,0.0,8.065526,0.0,0.0,0.0,0.0,0.0,0.0,0.0,3.0876186,3.0876186,0.0,0.57155305,13.488303184509277,7.709280844281864,-0.0,3.0876186,0.0,-0.0,0.0,-0.0,0.009078935,0.009078935,-0.0,1.0,3.8456817,4.523698,3.7882907,1.3000665,6.208542,2.189332,3.052783,8.065526,1.1160252,1.6876166,0.35263225,0.1383698,0.49170694,0.20923826,6.208542,0.0,3.1162925,3.60284,1.3000665,-0.48654756,11.1,27.225704,17.777779,17.777779,2.0
resstock-amy2018-2021-release-1-9634,0.5851134,0.0,0.0,0.0,1.9615682,0.0,0.0,0.0,0.0,0.0,0.0,0.0,0.0,0.0,3.041682,3.041682,0.0,0.7823801,13.488264083862305,10.552949457587602,-0.0,3.041682,0.0,-0.0,0.0,-0.0,0.004541979,0.004541979,-0.0,1.0,3.8456817,0.0,0.0,1.3070338,5.7290487,1.9694426,2.8077188,0.0,0.0,0.0,0.34376433,0.1383698,0.49008462,0.0,5.7290487,0.0,2.68505,3.2662847,1.3070338,-0.5812347,11.1,23.65131,17.777779,17.777779,2.0
resstock-amy2018-2021-release-1-9634,0.7186524,8.392022,0.0,0.0,2.3074043,0.0,8.065525,0.0,0.0,0.0,0.0,0.0,0.0,0.0,2.8737755,2.8737755,0.0,0.98199195,13.488226890563965,13.245330181758902,-0.0,2.8737755,0.0,-0.0,0.0,-0.0,0.004541979,0.004541979,-0.0,1.0,3.8456817,4.6037316,3.7882905,1.945579,6.5451837,2.2439206,3.2367854,8.065525,1.1160251,1.6876165,0.3428354,0.1383698,0.49452934,0.20923826,6.5451837,0.0,3.6691318,4.2507067,1.945579,-0.581575,11.7,27.75852,18.333334,18.333334,2.0
resstock-amy2018-2021-release-1-9634,0.3342465,0.0,0.0,0.0,1.8990499,0.0,0.0,0.0,0.0,0.0,0.0,0.0,0.0,0.0,0.26337814,0.26337814,0.0,0.99742097,13.4882230758667,13.453436498387475,-0.0,0.26337814,0.0,-0.0,0.0,-0.0,0.004541979,0.004541979,-0.0,1.0,3.8456817,0.0,0.0,0.7664458,2.4224963,0.83557916,1.2096847,0.0,0.0,0.0,0.34492484,0.1383698,0.4993546,0.0,2.4224963,0.0,2.1568754,2.6632528,0.7664458,-0.5063774,12.2,23.617174,18.88889,18.88889,2.0
resstock-amy2018-2021-release-1-9634,0.7517581,0.0,0.0,0.0,1.8649491,0.0,0.0,0.0,0.0,0.0,0.0,0.0,0.0,0.0,0.05558586,0.05558586,0.0,0.9987497,13.488222122192383,13.47135743883507,-0.0,0.05558586,0.0,-0.0,0.0,-0.0,0.004541979,0.004541979,-0.0,1.0,3.8456817,0.0,0.0,1.0391173,2.5176692,0.895328,1.2576472,0.0,0.0,0.0,0.3556178,0.1383698,0.49952835,0.0,2.5176692,0.0,2.4598808,2.901864,1.0391173,-0.4419832,12.8,22.929535,18.88889,18.88889,2.0
resstock-amy2018-2021-release-1-9634,0.2539638,8.546352,0.0,0.0,2.3074043,0.0,8.065526,0.0,0.0,0.0,0.0,0.0,0.0,0.0,0.037690163,0.037690163,0.0,0.99887025,13.488221168518066,13.472982898710484,-0.0,0.037690163,0.0,-0.0,0.0,-0.0,0.004541979,0.004541979,-0.0,1.0,3.8456817,4.7580614,3.7882907,0.9770343,3.0466318,1.1042178,1.5310541,8.065526,1.1160252,1.6876166,0.36243886,0.1383698,0.50253993,0.20923826,3.0466318,0.0,3.0067391,3.282236,0.9770343,-0.27549702,12.8,26.563911,19.444445,19.444445,2.0
resstock-amy2018-2021-release-1-9634,0.6187014,0.0,0.0,0.0,1.9274673,0.0,0.0,0.0,0.0,0.0,0.0,0.0,0.0,0.0,0.0360651,0.0360651,0.0,0.9988812,13.488221168518066,13.473130827466662,-0.0,0.0360651,0.0,-0.0,0.0,-0.0,0.004541979,0.004541979,-0.0,1.0,3.8456817,0.0,0.0,2.4911196,4.425935,1.7354517,2.2402596,0.0,0.0,0.0,0.39210963,0.1383698,0.50616646,0.0,4.425935,0.0,4.3875933,4.4163103,2.4911196,-0.02871687,11.7,22.247236,18.88889,18.88889,2.0
resstock-amy2018-2021-release-1-9634,0.3664161,0.8460913,0.0,0.0,2.3074043,0.0,0.020386802,0.0,0.0,0.0,0.0,0.0,0.0,0.0,0.035918236,0.035918236,0.0,0.9988822,13.488221168518066,13.473143690836764,-0.0,0.035918236,0.0,-0.0,0.0,-0.0,0.004541979,0.004541979,-0.0,1.0,3.8456817,0.8460913,0.0,2.484113,4.8274355,1.8879879,2.4508433,0.020386802,0.0028209176,0.004265699,0.3910954,0.1383698,0.50769055,0.20923826,4.8274355,0.0,4.789274,4.789274,2.484113,-0.0,12.2,22.019642,18.88889,18.88889,2.0
resstock-amy2018-2021-release-1-9634,0.0,0.8247389,0.0,0.0,2.3074043,0.0,0.22495934,0.0,0.0,0.0,0.0,0.0,0.0,0.0,0.035905838,0.035905838,0.0,0.9988823,13.488221168518066,13.473145298758027,-0.0,0.035905838,0.0,-0.0,0.0,-0.0,0.004541979,0.004541979,-0.0,1.0,3.8456817,0.8247389,0.0,2.2431185,4.5864286,1.6545169,2.3458214,0.22495934,0.03112758,0.0470701,0.36074188,0.1383698,0.51147014,0.20923826,4.5864286,0.0,4.5481725,4.5481725,2.2431185,-0.0,10.6,20.568962,18.88889,18.88889,2.0
resstock-amy2018-2021-release-1-9634,0.0,0.809963,0.0,0.0,2.3074043,0.0,0.36652508,0.0,0.0,0.0,0.0,0.0,0.0,0.0,0.03590393,0.03590393,0.0,0.9988823,13.488221168518066,13.473145298758027,-0.0,0.03590393,0.0,-0.0,0.0,-0.0,0.004541979,0.004541979,-0.0,1.0,3.8456817,0.809963,0.0,0.8939127,3.2372208,1.0959611,1.6837989,0.36652508,0.050716,0.07669107,0.33855,0.1383698,0.5201372,0.20923826,3.2372208,0.0,3.198886,3.198886,0.8939127,-0.0,9.4,19.437798,18.333334,18.333334,2.0
resstock-amy2018-2021-release-1-9634,0.0,0.8040914,0.7307482,0.0,2.3074043,0.7641725,0.42277935,0.0,0.0,0.0,0.0,0.0,0.0,0.0,-0.7531316,0.0,-0.7531316,0.9350146,13.488211631774902,12.611674878083363,0.7531316,0.0,0.0,-0.0,0.0,-0.0,0.004541979,0.004541979,-0.0,1.0,3.8456817,0.8040914,0.0,0.8328848,3.15133,1.0188634,1.6702037,0.42277935,0.058499895,0.088461615,0.3233122,0.1383698,0.5299996,0.20923826,3.15133,0.0,3.901997,3.901997,0.8328848,-0.0,8.9,18.402836,18.88889,18.88889,2.0
resstock-amy2018-2021-release-1-9634,0.0,0.79172045,0.0,0.0,0.44244546,0.0,0.0,0.0,0.0,0.0,0.0,0.0,0.0,0.0,-1.3787171,0.0,-1.3787171,0.8224011,13.48819351196289,11.092705267003339,1.3787171,0.0,0.0,-0.0,0.0,-0.0,0.0,0.0,-0.0,0.9988788,3.8456817,0.79172045,0.0,0.74050707,-0.19576454,-0.06277241,0.0,0.0,0.0,0.0,0.3206526,0.1383698,0.5451898,0.0,0.0,-0.19576454,1.1829525,1.1829525,0.74050707,-0.0,7.8,17.42309,18.847221,18.847221,2.0
resstock-amy2018-2021-release-1-9634,0.0,7.9172044,0.0,0.0,2.3074043,0.0,4.032763,0.0,0.0,0.0,0.0,0.0,0.0,0.0,0.0,0.0,0.0,0.82041335,13.48819351196289,11.065894038881197,-0.0,0.0,0.0,-0.0,0.0,-0.0,0.0,0.0,-0.0,0.9977588,3.8456817,4.128914,3.7882907,0.4437969,2.7512012,0.84858155,1.5276444,4.032763,0.5580126,0.8438083,0.3084404,0.1383698,0.55526453,0.20923826,2.7512012,0.0,2.7512012,2.7512012,0.4437969,-0.0,7.8,22.242458,18.333334,18.333334,2.0
resstock-amy2018-2021-release-1-9634,0.0,0.7800489,2.1929882,0.0,2.3074043,2.2932951,0.6531255,0.0,0.0,0.0,0.0,0.0,0.0,0.0,-2.5012386,0.0,-2.5012386,0.6244951,13.488161087036133,8.42329035922478,2.5012386,0.0,0.0,-0.0,0.0,-0.0,0.013610869,0.013610869,-0.0,1.0,3.8456817,0.7800489,0.0,0.4247888,2.5242496,0.76071894,1.4193022,0.6531255,0.090372846,0.13665885,0.3013644,0.1383698,0.562267,0.20923826,2.5242496,0.0,5.0176606,5.0176606,0.4247888,-0.0,6.7,18.375576,19.444445,19.444445,2.0
resstock-amy2018-2021-release-1-9634,0.0,0.7975899,0.0,0.0,0.4394782,0.0,0.0,0.0,0.0,0.0,0.0,0.0,0.0,0.0,-3.030331,0.0,-3.030331,0.38473973,13.48812198638916,5.189416367843563,3.030331,0.0,0.0,-0.0,0.0,-0.0,0.0,0.0,-0.0,0.9988788,3.8456817,0.7975899,0.0,0.4057807,-2.185072,-0.6273665,0.0,0.0,0.0,0.0,0.2871148,0.1383698,0.56907374,0.0,0.0,-2.185072,0.84525895,0.84525895,0.4057807,-0.0,8.33,17.575409,19.444445,19.444445,2.0
resstock-amy2018-2021-release-1-9634,0.0,7.739565,0.0,0.0,2.3074043,0.0,4.032763,0.0,0.0,0.0,0.0,0.0,0.0,0.0,0.0,0.0,0.0,0.3838098,13.48812198638916,5.176873468284384,-0.0,0.0,0.0,-0.0,0.0,-0.0,0.0,0.0,-0.0,0.9977588,3.8456817,3.9512744,3.7882905,0.40127003,2.7086744,0.77347064,1.5574344,4.032763,0.5580126,0.8438083,0.2855532,0.1383698,0.5749803,0.20923826,2.7086744,0.0,2.7086744,2.7086744,0.40127003,-0.0,6.1,21.231222,19.444445,19.444445,2.0
resstock-amy2018-2021-release-1-9634,0.0,0.7714723,0.0,0.0,2.3074043,0.0,0.7352965,0.0,0.0,0.0,0.0,0.0,0.0,0.0,-3.081935,0.0,-3.081935,0.14020282,13.488081932067871,1.8910671273276307,3.081935,0.0,0.0,-0.0,0.0,-0.0,0.013610869,0.013610869,-0.0,1.0,3.8456817,0.7714723,0.0,0.40161616,-0.37291455,-0.10665528,0.0,0.7352965,0.10174283,0.15385216,0.2860046,0.1383698,0.5800903,0.20923828,0.0,-0.37291455,2.701022,2.701022,0.40161616,-0.0,5.85,17.81922,19.444445,19.444445,2.0
resstock-amy2018-2021-release-1-9634,0.0,7.6901913,0.0,0.0,2.3074043,0.0,8.065526,0.0,0.0,0.0,0.0,0.0,0.0,0.0,3.1341655,3.1341655,0.0,0.35791644,13.488040924072266,4.8275916513542825,-0.0,3.1341655,0.0,-0.0,0.0,-0.0,0.004541979,0.004541979,-0.0,1.0,3.8456817,3.9019003,3.7882907,0.42079672,5.8623667,1.6780227,3.428043,8.065526,1.1160252,1.6876166,0.2862364,0.1383698,0.5847541,0.20923826,5.8623667,0.0,2.7255151,2.7255151,0.42079672,-0.0,5.6,22.213703,19.444445,19.444445,2.0
resstock-amy2018-2021-release-1-9634,0.0,0.0,0.0,0.0,0.0,0.0,0.0,0.0,0.0,0.0,0.0,0.0,0.0,0.0,-3.0874867,0.0,-3.0874867,0.113894254,13.488000869750977,1.5362057965961071,3.0874867,0.0,0.0,-0.0,0.0,-0.0,0.0,0.0,-0.0,0.9988788,3.8456817,0.0,0.0,0.45650008,-2.6309867,-0.7817477,0.0,0.0,0.0,0.0,0.297131,0.1383698,0.5834012,0.0,0.0,-2.6309867,0.45650005,0.45650005,0.45650008,-0.0,7.2,18.163538,19.444445,19.444445,2.0
resstock-amy2018-2021-release-1-9634,0.0,0.0,0.0,0.0,0.0,0.0,0.0,0.0,0.0,0.0,0.0,0.0,0.0,0.0,-1.4404012,0.0,-1.4404012,0.0,13.487981796264648,0.0,1.4404012,0.0,0.0,-0.0,0.0,-0.0,0.0,0.0,-0.0,0.9977588,3.8456817,0.0,0.0,0.5189465,-0.92145467,-0.28791237,0.0,0.0,0.0,0.0,0.3124542,0.1383698,0.5774133,0.0,0.0,-0.92145467,0.5189465,0.5189465,0.5189465,-0.0,7.8,16.993479,19.444445,19.444445,2.0
resstock-amy2018-2021-release-1-9634,0.0,0.0,0.0,0.0,0.0,0.0,0.0,0.0,0.0,0.0,0.0,0.0,0.0,0.0,0.0,0.0,0.0,0.0,13.487981796264648,0.0,-0.0,0.0,0.0,-0.0,0.0,-0.0,0.0,0.0,-0.0,0.9966401,3.8456817,0.0,0.0,0.61453795,0.61453795,0.2118005,0.35167935,0.0,0.0,0.0,0.34465,0.1383698,0.5722663,0.0,0.61453795,0.0,0.61453795,0.61453795,0.61453795,-0.0,7.2,16.175072,19.435184,19.435184,2.0
resstock-amy2018-2021-release-1-9634,0.0,7.972532,0.0,0.0,2.3074043,0.0,8.065526,0.0,0.0,0.0,0.0,0.0,0.0,0.0,3.1642256,3.1642256,0.0,0.21994388,13.487940788269043,2.966590044140162,-0.0,3.1642256,0.0,-0.0,0.0,-0.0,0.01813778,0.01813778,-0.0,1.0,3.8456817,4.184241,3.7882907,0.83991385,6.2970634,2.4306116,3.6109366,8.065526,1.1160252,1.6876166,0.38599128,0.1383698,0.57343185,0.20923826,6.2970634,0.0,3.1228356,3.1373155,0.83991385,-0.014479883,8.3,21.167086,18.810184,18.810184,2.0
resstock-amy2018-2021-release-1-9634,0.0,0.0,0.0,0.0,0.0,0.0,0.0,0.0,0.0,0.0,0.0,0.0,0.0,0.0,-2.7835033,0.0,-2.7835033,0.0,13.48790454864502,0.0,2.7835033,0.0,0.0,-0.0,0.0,-0.0,0.0,0.0,-0.0,0.9988788,3.8456817,0.0,0.0,1.2922682,-1.580882,-0.60319036,0.0,0.0,0.0,0.0,0.38155308,0.1383698,0.57438576,0.0,0.0,-1.580882,1.2026213,1.2922682,1.2922682,-0.08964684,10.0,18.676304,18.333334,18.333334,2.0
resstock-amy2018-2021-release-1-9634,0.0,0.0,0.0,0.0,0.0,0.0,0.0,0.0,0.0,0.0,0.0,0.0,0.0,0.0,0.0,0.0,0.0,0.0,13.48790454864502,0.0,-0.0,0.0,0.0,-0.0,0.0,-0.0,0.0,0.0,-0.0,0.9977588,3.8456817,0.0,0.0,1.3192035,1.1335808,0.40541786,0.6512229,0.0,0.0,0.0,0.35764354,0.1383698,0.574483,0.0,1.1335808,0.0,1.1335808,1.3192035,1.3192035,-0.18562265,12.2,17.917696,18.333334,18.333334,2.0
resstock-amy2018-2021-release-1-9634,0.0,2.5859926,0.0,0.0,0.0,0.0,0.0,0.0,0.0,0.0,0.0,0.0,0.0,0.0,0.0,0.0,0.0,0.0,13.48790454864502,0.0,-0.0,0.0,0.0,-0.0,0.0,-0.0,0.0,0.0,2.5859926,0.28830224,3.8456817,0.0,0.0,1.3000665,1.1396023,0.39565742,0.6553713,0.0,0.0,0.0,0.34718904,0.1383698,0.5750877,0.0,1.1396023,0.0,2.3745608,2.535025,1.3000665,-0.16046414,13.3,19.581188,17.777779,17.777779,2.0
resstock-amy2018-2021-release-1-9634,0.020025311,0.0,0.81493473,0.0,1.7740136,0.8522097,0.0,0.0,0.0,0.0,0.0,0.0,0.0,0.0,3.1642256,3.1642256,0.0,0.21994388,13.487863540649414,2.9665730539989,-0.0,3.1642256,0.0,-0.0,0.0,-0.0,2.8843813,2.8843813,-0.0,1.0,3.8456817,0.0,0.0,1.3070338,7.009797,2.3517935,4.0372663,0.0,0.0,0.0,0.33550096,0.1383698,0.5759462,0.0,7.009797,0.0,2.515006,2.6026917,1.3070338,-0.08768565,14.4,18.514412,17.777779,17.777779,2.0
resstock-amy2018-2021-release-1-9634,0.0,0.0,1.0893468,0.0,0.0,1.1391733,0.0,0.0,0.0,0.0,0.0,0.0,0.0,0.0,-2.7835033,0.0,-2.7835033,0.0,13.48782730102539,0.0,2.7835033,0.0,0.0,-0.0,0.0,-0.0,0.0,0.0,-0.0,0.9988788,3.8456817,0.0,0.0,1.9099504,0.19837654,0.06489091,0.114182144,0.0,0.0,0.0,0.3271098,0.1383698,0.5755829,0.0,0.19837654,0.0,2.9818797,3.0491235,1.9099504,-0.06724382,13.9,18.194347,18.333334,18.333334,2.0
resstock-amy2018-2021-release-1-9634,0.0,0.0,0.0,0.0,0.0,0.0,0.0,0.0,0.0,0.0,0.0,0.0,0.0,0.0,0.0,0.0,0.0,0.0,13.48782730102539,0.0,-0.0,0.0,0.0,-0.0,0.0,-0.0,0.0,0.0,-0.0,0.9977588,3.8456817,0.0,0.0,1.0769501,1.0436082,0.35377094,0.5949942,0.0,0.0,0.0,0.33898827,0.1383698,0.5701318,0.0,1.0436082,0.0,1.0436082,1.0769501,1.0769501,-0.033341944,11.4,17.648514,17.777779,17.777779,2.0
resstock-amy2018-2021-release-1-9634,0.0,0.0,0.0,0.0,0.0,0.0,0.0,0.0,0.0,0.0,0.0,0.0,0.0,0.0,0.0,0.0,0.0,0.0,13.48782730102539,0.0,-0.0,0.0,0.0,-0.0,0.0,-0.0,0.0,0.0,-0.0,0.9966401,3.8456817,0.0,0.0,1.0391173,0.9847915,0.3489869,0.556687,0.0,0.0,0.0,0.35437644,0.1383698,0.56528413,0.0,0.9847915,0.0,0.9847915,1.0391173,1.0391173,-0.054325823,10.6,17.201506,17.777779,17.777779,2.0
resstock-amy2018-2021-release-1-9634,0.0,8.24739,0.0,0.0,2.3074043,0.0,8.065526,0.0,0.0,0.0,0.0,0.0,0.0,0.0,3.1642256,3.1642256,0.0,0.21994388,13.487786293029785,2.966556063857638,-0.0,3.1642256,0.0,-0.0,0.0,-0.0,0.01813778,0.01813778,-0.0,1.0,3.8456817,4.459099,3.7882907,0.9770343,6.4430556,2.3352056,3.6656585,8.065526,1.1160252,1.6876166,0.3624376,0.1383698,0.5689317,0.20923826,6.4430556,0.0,3.2694445,3.2750528,0.9770343,-0.005608393,10.6,22.178772,18.333334,18.333334,2.0
resstock-amy2018-2021-release-1-9634,0.0,0.0,0.0,0.0,0.0,0.0,0.0,0.0,0.0,0.0,0.0,0.0,0.0,0.0,-2.7835033,0.0,-2.7835033,0.0,13.487750053405762,0.0,2.7835033,0.0,0.0,-0.0,0.0,-0.0,0.0,0.0,-0.0,0.9988788,3.8456817,0.0,0.0,1.0207806,-1.7653644,-0.69458264,0.0,0.0,0.0,0.0,0.39345,0.1383698,0.57899666,0.0,0.0,-1.7653644,1.0181389,1.0207806,1.0207806,-0.0026417063,10.0,18.441889,17.777779,17.777779,2.0
resstock-amy2018-2021-release-1-9634,0.0,8.172265,0.0,0.0,2.3074043,0.0,8.065526,0.0,0.0,0.0,0.0,0.0,0.0,0.0,3.1642256,3.1642256,0.0,0.21994388,13.487709045410156,2.966539073716376,-0.0,3.1642256,0.0,-0.0,0.0,-0.0,0.009078935,0.009078935,-0.0,1.0,3.8456817,4.383974,3.7882907,1.0137738,6.4854035,2.551682,3.7495997,8.065526,1.1160252,1.6876166,0.39345,0.1383698,0.5781598,0.20923826,6.4854035,0.0,3.3163996,3.3163996,1.0137738,-0.0,10.0,23.203749,17.777779,17.777779,2.0
resstock-amy2018-2021-release-1-9634,0.0,0.8247389,0.0,0.0,2.3074043,0.0,0.22495934,0.0,0.0,0.0,0.0,0.0,0.0,0.0,-2.7835033,0.0,-2.7835033,0.0,13.487672805786133,0.0,2.7835033,0.0,0.0,-0.0,0.0,-0.0,0.004541979,0.004541979,-0.0,1.0,3.8456817,0.8247389,0.0,0.9688246,0.4927256,0.18183438,0.27652144,0.22495934,0.03112758,0.0470701,0.3690378,0.1383698,0.5612078,0.20923826,0.4927256,0.0,3.2738786,3.2738786,0.9688246,-0.0,10.6,19.110033,18.555555,18.555555,2.0
resstock-amy2018-2021-release-1-9634,0.0,0.8153877,0.0,0.0,0.4309682,0.0,0.0,0.0,0.0,0.0,0.0,0.0,0.0,0.0,0.0,0.0,0.0,0.0,13.487672805786133,0.0,-0.0,0.0,0.0,-0.0,0.0,-0.0,0.0,0.0,-0.0,0.9988788,3.8456817,0.8153877,0.0,0.8939127,1.3248808,0.46311677,0.7231532,0.0,0.0,0.0,0.34955353,0.1383698,0.54582506,0.0,1.3248808,0.0,1.3248808,1.3248808,0.8939127,-0.0,9.85,18.409199,18.88889,18.88889,2.0
resstock-amy2018-2021-release-1-9634,0.0,8.172265,0.73100305,0.0,2.3074043,0.764439,4.032763,0.0,0.0,0.0,0.0,0.0,0.0,0.0,0.0,0.0,0.0,0.0,13.487672805786133,0.0,-0.0,0.0,0.0,-0.0,0.0,-0.0,0.0,0.0,-0.0,0.9977588,3.8456817,4.383974,3.7882907,0.8328848,3.904728,1.2530138,2.1023402,4.032763,0.5580126,0.8438083,0.3208966,0.1383698,0.5384089,0.20923826,3.904728,0.0,3.904728,3.904728,0.8328848,-0.0,10.0,21.763374,18.88889,18.88889,2.0
resstock-amy2018-2021-release-1-9634,0.0,0.8107581,0.0,0.0,0.43311435,0.0,0.0,0.0,0.0,0.0,0.0,0.0,0.0,0.0,0.0,0.0,0.0,0.0,13.487672805786133,0.0,-0.0,0.0,0.0,-0.0,0.0,-0.0,0.0,0.0,-0.0,0.9966401,3.8456817,0.8107581,0.0,0.45562336,0.8887377,0.27995592,0.4851006,0.0,0.0,0.0,0.315004,0.1383698,0.545831,0.0,0.8887377,0.0,0.8887377,0.8887377,0.45562336,-0.0,9.466666,18.36255,18.847221,18.847221,2.0
resstock-amy2018-2021-release-1-9634,0.0,7.852713,0.731004,0.0,2.3074043,0.76444,4.032763,0.0,0.0,0.0,0.0,0.0,0.0,0.0,0.0,0.0,0.0,0.0,13.487672805786133,0.0,-0.0,0.0,0.0,-0.0,0.0,-0.0,0.0,0.0,-0.0,0.9955226,3.8456817,4.064422,3.7882907,0.4437969,3.5156412,1.077975,1.949353,4.032763,0.5580126,0.8438083,0.3066226,0.1383698,0.5544801,0.20923826,3.5156412,0.0,3.5156412,3.5156412,0.4437969,-0.0,7.2,22.608236,18.333334,18.333334,2.0
resstock-amy2018-2021-release-1-9634,0.0,0.8040914,0.0,0.0,2.3074043,0.0,0.42277935,0.0,0.0,0.0,0.0,0.0,0.0,0.0,0.0,0.0,0.0,0.0,13.487672805786133,0.0,-0.0,0.0,0.0,-0.0,0.0,-0.0,0.022659415,0.022659415,-0.0,1.0,3.8456817,0.8040914,0.0,0.4247888,2.732193,0.77511984,1.5314131,0.42277935,0.058499895,0.088461615,0.2836988,0.1383698,0.56050694,0.20923826,2.732193,0.0,2.7198985,2.7198985,0.4247888,-0.0,8.9,18.596857,18.333334,18.333334,2.0
resstock-amy2018-2021-release-1-9634,0.0,8.099629,0.0,0.0,2.3074043,0.0,4.0327625,0.0,0.0,0.0,0.0,0.0,0.0,0.0,0.0,0.0,0.0,0.0,13.487672805786133,0.0,-0.0,0.0,0.0,-0.0,0.0,-0.0,0.0,0.0,-0.0,0.9988788,3.8456817,4.311339,3.7882905,0.4057807,2.713185,0.75761247,1.5174555,4.0327625,0.55801255,0.84380823,0.2792336,0.1383698,0.55928934,0.20923826,2.713185,0.0,2.713185,2.713185,0.4057807,-0.0,9.4,23.626513,17.777779,17.777779,2.0
resstock-amy2018-2021-release-1-9634,0.0,0.7852713,0.0,0.0,2.3074043,0.0,0.60309094,0.0,0.0,0.0,0.0,0.0,0.0,0.0,0.0,0.0,0.0,0.0,13.487672805786133,0.0,-0.0,0.0,0.0,-0.0,0.0,-0.0,0.009078935,0.009078935,-0.0,1.0,3.8456817,0.7852713,0.0,0.40127003,2.7086744,0.7493472,1.5183913,0.60309094,0.08344957,0.1261897,0.2766472,0.1383698,0.5605662,0.20923825,2.7086744,0.0,2.7035203,2.7035203,0.40127003,-0.0,7.2,19.086346,17.222221,17.222221,2.0
resstock-amy2018-2021-release-1-9634,0.0,8.040914,0.0,0.0,2.3074043,0.0,4.0327625,0.0,0.0,0.0,0.0,0.0,0.0,0.0,3.1642256,3.1642256,0.0,0.21994388,13.487631797790527,2.9665220835751143,-0.0,3.1642256,0.0,-0.0,0.0,-0.0,0.0,0.0,-0.0,0.9988788,3.8456817,4.252623,3.7882903,0.40161616,5.873246,1.6004549,3.2638698,4.0327625,0.55801255,0.84380823,0.2724992,0.1383698,0.5557182,0.20923826,5.873246,0.0,2.7090206,2.7090206,0.40161616,-0.0,8.9,24.412405,17.222221,17.222221,2.0
resstock-amy2018-2021-release-1-9634,0.0,8.099629,0.0,0.0,2.3074043,0.0,8.065525,0.0,0.0,0.0,0.0,0.0,0.0,0.0,3.1170685,3.1170685,0.0,0.43638724,13.487591743469238,5.885812947138618,-0.0,3.1170685,0.0,-0.0,0.0,-0.0,0.009078935,0.009078935,-0.0,1.0,3.8456817,4.311339,3.7882905,0.42079672,5.845269,1.5899074,3.2543316,8.065525,1.1160251,1.6876165,0.271999,0.1383698,0.55674624,0.20923826,5.845269,0.0,2.7233417,2.7233417,0.42079672,-0.0,9.4,23.154175,17.222221,17.222221,2.0
resstock-amy2018-2021-release-1-9634,0.0,0.0,0.0,0.0,0.0,0.0,0.0,0.0,0.0,0.0,0.0,0.0,0.0,0.0,-3.070662,0.0,-3.070662,0.19362286,13.48755168914795,2.611498296468966,3.070662,0.0,0.0,-0.0,0.0,-0.0,0.0,0.0,-0.0,0.9988788,3.8456817,0.0,0.0,0.45650008,-2.614162,-0.7434206,0.0,0.0,0.0,0.0,0.284382,0.1383698,0.55745,0.0,0.0,-2.614162,0.45650005,0.45650005,0.45650008,-0.0,8.6,19.347591,17.222221,17.222221,2.0
resstock-amy2018-2021-release-1-9634,0.0,0.0,0.0,0.0,0.0,0.0,0.0,0.0,0.0,0.0,0.0,0.0,0.0,0.0,-2.4499798,0.0,-2.4499798,0.0,13.487520217895508,0.0,2.4499798,0.0,0.0,-0.0,0.0,-0.0,0.0,0.0,-0.0,0.9977588,3.8456817,0.0,0.0,0.5189465,-1.9310333,-0.5869627,0.0,0.0,0.0,0.0,0.303963,0.1383698,0.5576438,0.0,0.0,-1.9310333,0.5189465,0.5189465,0.5189465,-0.0,7.8,17.820534,17.222221,17.222221,2.0
resstock-amy2018-2021-release-1-9634,0.0,0.0,0.0,0.0,0.0,0.0,0.0,0.0,0.0,0.0,0.0,0.0,0.0,0.0,0.0,0.0,0.0,0.0,13.487520217895508,0.0,-0.0,0.0,0.0,-0.0,0.0,-0.0,0.0,0.0,-0.0,0.9966401,3.8456817,0.0,0.0,0.61453795,0.61453795,0.20676674,0.34431133,0.0,0.0,0.0,0.33645886,0.1383698,0.56027675,0.0,0.61453795,0.0,0.61453795,0.61453795,0.61453795,-0.0,8.3,16.867298,17.222221,17.222221,2.0
resstock-amy2018-2021-release-1-9634,0.0,0.0,0.0,0.0,0.0,0.0,0.0,0.0,0.0,0.0,0.0,0.0,0.0,0.0,0.0,0.0,0.0,0.0,13.487520217895508,0.0,-0.0,0.0,0.0,-0.0,0.0,-0.0,0.0,0.0,-0.0,0.9955226,3.8456817,0.0,0.0,0.83991385,0.77044624,0.27967274,0.43807873,0.0,0.0,0.0,0.363001,0.1383698,0.5686039,0.0,0.77044624,0.0,0.77044624,0.83991385,0.83991385,-0.06946762,8.3,16.388313,18.837963,18.837963,2.0
resstock-amy2018-2021-release-1-9634,0.0,8.172265,0.0,0.0,2.3074043,0.0,8.065526,0.0,0.0,0.0,0.0,0.0,0.0,0.0,3.1642256,3.1642256,0.0,0.21994388,13.487479209899902,2.9664885228022513,-0.0,3.1642256,0.0,-0.0,0.0,-0.0,0.022659415,0.022659415,-0.0,1.0,3.8456817,4.383974,3.7882907,0.98876023,6.224169,2.259062,3.6463568,8.065526,1.1160252,1.6876166,0.36295,0.1383698,0.5858384,0.20923826,6.224169,0.0,3.048017,3.2842383,0.98876023,-0.23622122,10.0,22.234303,18.333334,18.333334,2.0
resstock-amy2018-2021-release-1-9634,0.0,0.0,0.0,0.0,0.0,0.0,0.0,0.0,0.0,0.0,0.0,0.0,0.0,0.0,-2.7835033,0.0,-2.7835033,0.0,13.487442970275879,0.0,2.7835033,0.0,0.0,-0.0,0.0,-0.0,0.0,0.0,-0.0,0.9988788,3.8456817,0.0,0.0,1.3192035,-1.6920751,-0.5881732,0.0,0.0,0.0,0.0,0.34760466,0.1383698,0.6072925,0.0,0.0,-1.6920751,1.0914282,1.3192035,1.3192035,-0.22777537,10.6,19.549534,18.333334,18.333334,2.0
resstock-amy2018-2021-release-1-9634,0.0,0.0,0.0,0.0,0.0,0.0,0.0,0.0,0.0,0.0,0.0,0.0,0.0,0.0,0.0,0.0,0.0,0.0,13.487442970275879,0.0,-0.0,0.0,0.0,-0.0,0.0,-0.0,0.0,0.0,-0.0,0.9977588,3.8456817,0.0,0.0,1.3000665,1.1862692,0.39579612,0.7360065,0.0,0.0,0.0,0.33364782,0.1383698,0.62043804,0.0,1.1862692,0.0,1.1862692,1.3000665,1.3000665,-0.11379728,11.7,18.796915,17.777779,17.777779,2.0
resstock-amy2018-2021-release-1-9634,0.0,0.0,0.0,0.0,0.0,0.0,0.0,0.0,0.0,0.0,0.0,0.0,0.0,0.0,0.0,0.0,0.0,0.0,13.487442970275879,0.0,-0.0,0.0,0.0,-0.0,0.0,-0.0,0.0,0.0,-0.0,0.9966401,3.8456817,0.0,0.0,1.3070338,0.939715,0.304615,0.5853306,0.0,0.0,0.0,0.32415676,0.1383698,0.62288094,0.0,0.939715,0.0,0.939715,1.3070338,1.3070338,-0.36731878,12.8,18.82879,18.333334,18.333334,2.0
resstock-amy2018-2021-release-1-9634,0.0,8.619975,0.0,0.0,2.3074043,0.0,8.065526,0.0,0.0,0.0,0.0,0.0,0.0,0.0,3.1642256,3.1642256,0.0,0.21994388,13.487401962280273,2.9664715326609894,-0.0,3.1642256,0.0,-0.0,0.0,-0.0,0.01813778,0.01813778,-0.0,1.0,3.8456817,4.8316846,3.7882907,1.1613982,6.4128323,2.016156,4.0380774,8.065526,1.1160252,1.6876166,0.314394,0.1383698,0.6296871,0.20923826,6.4128323,0.0,3.239945,3.4601407,1.1613982,-0.22019577,13.3,24.974173,18.333334,18.333334,2.0
resstock-amy2018-2021-release-1-9634,0.18068174,0.0,0.0,0.0,0.0,0.0,0.0,0.0,0.0,0.0,0.0,0.0,0.0,0.0,-2.7835033,0.0,-2.7835033,0.0,13.48736572265625,0.0,2.7835033,0.0,0.0,-0.0,0.0,-0.0,0.0,0.0,-0.0,0.9988788,3.8456817,0.0,0.0,1.0769501,-1.84953,-0.5979751,0.0,0.0,0.0,0.0,0.32331192,0.1383698,0.638958,0.0,0.0,-1.84953,0.9339733,1.0769501,1.0769501,-0.14297675,11.7,21.342293,17.777779,17.777779,2.0
resstock-amy2018-2021-release-1-9634,0.7263268,0.0,2.1937046,0.0,0.0,2.2940443,0.0,0.0,0.0,0.0,0.0,0.0,0.0,0.0,0.0,0.0,0.0,0.0,13.48736572265625,0.0,-0.0,0.0,0.0,-0.0,0.0,-0.0,0.0,0.0,-0.0,0.9977588,3.8456817,0.0,0.0,1.0391173,2.9667556,0.976523,1.9038867,0.0,0.0,0.0,0.32915518,0.1383698,0.6417403,0.0,2.9667556,0.0,2.9667556,3.3331616,1.0391173,-0.36640593,11.7,20.622053,17.222221,17.222221,2.0
resstock-amy2018-2021-release-1-9634,0.5775966,0.0,0.0,0.0,0.0,0.0,0.0,0.0,0.0,0.0,0.0,0.0,0.0,0.0,0.0,0.0,0.0,0.0,13.48736572265625,0.0,-0.0,0.0,0.0,-0.0,0.0,-0.0,0.0,0.0,-0.0,0.9966401,3.8456817,0.0,0.0,0.9770343,0.71018577,0.2353961,0.46111435,0.0,0.0,0.0,0.33145708,0.1383698,0.6492869,0.0,0.71018577,0.0,0.71018577,0.9770343,0.9770343,-0.2668485,11.1,19.796947,17.222221,17.222221,2.0
resstock-amy2018-2021-release-1-9634,1.8794813,0.0,4.786969,0.0,0.0,5.005924,0.0,0.0,0.0,0.0,0.0,0.0,0.0,0.0,0.0,0.0,0.0,0.0,13.48736572265625,0.0,-0.0,0.0,0.0,-0.0,0.0,-0.0,0.0,0.0,-0.0,0.9955226,3.8456817,0.0,0.0,1.0207806,5.9988737,2.0560389,3.8815188,0.0,0.0,0.0,0.34273747,0.1383698,0.64704126,0.0,5.9988737,0.0,5.9988737,6.026705,1.0207806,-0.027830891,11.1,18.974104,17.777779,17.777779,2.0
resstock-amy2018-2021-release-1-9634,0.0,0.0,0.73122936,0.0,0.0,0.7646757,0.0,0.0,0.0,0.0,0.0,0.0,0.0,0.0,0.0,0.0,0.0,0.0,13.48736572265625,0.0,-0.0,0.0,0.0,-0.0,0.0,-0.0,0.0,0.0,-0.0,0.99440646,3.8456817,0.0,0.0,1.0137738,1.7784495,0.62639594,1.1300888,0.0,0.0,0.0,0.35221463,0.1383698,0.63543487,0.0,1.7784495,0.0,1.7784495,1.7784495,1.0137738,-0.0,10.6,18.265944,18.333334,18.333334,2.0
resstock-amy2018-2021-release-1-9634,0.0,8.24739,0.73122555,0.0,2.3074043,0.7646717,4.032763,0.0,0.0,0.0,0.0,0.0,0.0,0.0,0.0,0.0,0.0,0.0,13.48736572265625,0.0,-0.0,0.0,0.0,-0.0,0.0,-0.0,0.0,0.0,-0.0,0.9932915,3.8456817,4.459099,3.7882907,0.9688246,4.0409007,1.4010849,2.5523455,4.032763,0.5580126,0.8438083,0.34672588,0.1383698,0.63162786,0.20923826,4.0409007,0.0,4.0409007,4.0409007,0.9688246,-0.0,10.6,22.488974,18.333334,18.333334,2.0
resstock-amy2018-2021-release-1-9634,0.0,0.8172265,0.0,0.0,2.3074043,0.0,0.29693457,0.0,0.0,0.0,0.0,0.0,0.0,0.0,0.0,0.0,0.0,0.0,13.48736572265625,0.0,-0.0,0.0,0.0,-0.0,0.0,-0.0,0.031687617,0.031687617,-0.0,1.0,3.8456817,0.8172265,0.0,0.8939127,3.2013168,1.0442181,1.9988554,0.29693457,0.041086778,0.062130075,0.32618392,0.1383698,0.62438536,0.20923826,3.2013168,0.0,3.1846387,3.1846387,0.8939127,-0.0,10.0,18.886055,18.333334,18.333334,2.0
resstock-amy2018-2021-release-1-9634,0.0,8.099629,0.0,0.0,2.3074043,0.0,4.0327625,0.0,0.0,0.0,0.0,0.0,0.0,0.0,0.0,0.0,0.0,0.0,13.48736572265625,0.0,-0.0,0.0,0.0,-0.0,0.0,-0.0,0.0,0.0,-0.0,0.9988788,3.8456817,4.311339,3.7882905,0.8328848,3.140289,0.9676342,1.9268161,4.0327625,0.55801255,0.84380823,0.3081354,0.1383698,0.6135792,0.20923826,3.140289,0.0,3.140289,3.140289,0.8328848,-0.0,9.4,23.66589,18.88889,18.88889,2.0
resstock-amy2018-2021-release-1-9634,0.0,0.7972532,0.0,0.0,0.43964615,0.0,0.0,0.0,0.0,0.0,0.0,0.0,0.0,0.0,0.0,0.0,0.0,0.0,13.48736572265625,0.0,-0.0,0.0,0.0,-0.0,0.0,-0.0,0.0,0.0,-0.0,0.9977588,3.8456817,0.7972532,0.0,0.74050707,1.1801533,0.35723218,0.7150973,0.0,0.0,0.0,0.30269983,0.1383698,0.605936,0.0,1.1801533,0.0,1.1801533,1.1801533,0.74050707,-0.0,8.3,19.271477,18.86111,18.86111,2.0
resstock-amy2018-2021-release-1-9634,0.0,7.9428406,0.0,0.0,2.3074043,0.0,4.032763,0.0,0.0,0.0,0.0,0.0,0.0,0.0,0.0,0.0,0.0,0.0,13.48736572265625,0.0,-0.0,0.0,0.0,-0.0,0.0,-0.0,0.0,0.0,-0.0,0.9966401,3.8456817,4.15455,3.7882905,0.4437969,2.7512012,0.80424494,1.6460046,4.032763,0.5580126,0.8438083,0.29232502,0.1383698,0.5982858,0.20923826,2.7512012,0.0,2.7512012,2.7512012,0.4437969,-0.0,8.033334,23.81184,18.88889,18.88889,2.0
resstock-amy2018-2021-release-1-9634,0.0,0.7972532,0.0,0.0,2.3074043,0.0,0.48829508,0.0,0.0,0.0,0.0,0.0,0.0,0.0,0.0,0.0,0.0,0.0,13.48736572265625,0.0,-0.0,0.0,0.0,-0.0,0.0,-0.0,0.01813778,0.01813778,-0.0,1.0,3.8456817,0.7972532,0.0,0.4247888,2.732193,0.7573202,1.529432,0.48829508,0.06756529,0.10217001,0.277184,0.1383698,0.55978185,0.20923826,2.732193,0.0,2.7221909,2.7221909,0.4247888,-0.0,8.3,19.346272,17.777779,17.777779,2.0
resstock-amy2018-2021-release-1-9634,0.0,0.79172045,0.0,0.0,2.3074043,0.0,0.5413031,0.0,0.0,0.0,0.0,0.0,0.0,0.0,3.1642256,3.1642256,0.0,0.21994388,13.487324714660645,2.9664545425197275,-0.0,3.1642256,0.0,-0.0,0.0,-0.0,0.004541979,0.004541979,-0.0,1.0,3.8456817,0.79172045,0.0,0.4057807,5.877411,1.5851767,3.1489112,0.5413031,0.0749,0.11326132,0.26970664,0.1383698,0.53576505,0.20923826,5.877411,0.0,2.710647,2.710647,0.4057807,-0.0,7.8,18.235878,17.222221,17.222221,2.0
resstock-amy2018-2021-release-1-9634,0.0,7.852713,0.0,0.0,2.3074043,0.0,8.065526,0.0,0.0,0.0,0.0,0.0,0.0,0.0,3.1170685,3.1170685,0.0,0.43638724,13.487284660339355,5.885678939978845,-0.0,3.1170685,0.0,-0.0,0.0,-0.0,0.004541979,0.004541979,-0.0,1.0,3.8456817,4.064422,3.7882907,0.40127003,5.8257427,1.5329965,2.9403,8.065526,1.1160252,1.6876166,0.2631418,0.1383698,0.5047082,0.20923826,5.8257427,0.0,2.7060957,2.7060957,0.40127003,-0.0,7.2,22.270954,17.222221,17.222221,2.0
resstock-amy2018-2021-release-1-9634,0.0,0.7800489,0.0,0.0,2.3074043,0.0,0.6531255,0.0,0.0,0.0,0.0,0.0,0.0,0.0,3.070662,3.070662,0.0,0.6493763,13.487244606018066,8.758296637388753,-0.0,3.070662,0.0,-0.0,0.0,-0.0,0.004541979,0.004541979,-0.0,1.0,3.8456817,0.7800489,0.0,0.40161616,5.779682,1.520876,2.8793612,0.6531255,0.090372846,0.13665885,0.2631418,0.1383698,0.49818677,0.20923826,5.779682,0.0,2.706408,2.706408,0.40161616,-0.0,6.7,18.759716,17.222221,17.222221,2.0
resstock-amy2018-2021-release-1-9634,0.0,7.632547,0.0,0.0,2.3074043,0.0,8.065526,0.0,0.0,0.0,0.0,0.0,0.0,0.0,3.0249963,3.0249963,0.0,0.8589569,13.487205505371094,11.584927872024764,-0.0,3.0249963,0.0,-0.0,0.0,-0.0,0.004541979,0.004541979,-0.0,1.0,3.8456817,3.844256,3.7882907,0.42079672,5.753197,1.5111692,2.9210613,8.065526,1.1160252,1.6876166,0.262666,0.1383698,0.50772834,0.20923826,5.753197,0.0,2.7254748,2.7254748,0.42079672,-0.0,5.0,23.529507,17.222221,17.222221,2.0
resstock-amy2018-2021-release-1-9634,0.0,0.0,0.0,0.0,0.0,0.0,0.0,0.0,0.0,0.0,0.0,0.0,0.0,0.0,-2.1237044,0.0,-2.1237044,0.6905974,13.487177848815918,9.314210157638286,2.1237044,0.0,0.0,-0.0,0.0,-0.0,0.0,0.0,-0.0,0.9988788,3.8456817,0.0,0.0,0.45650008,-1.6672044,-0.45254228,0.0,0.0,0.0,0.0,0.2714378,0.1383698,0.52271706,0.0,0.0,-1.6672044,0.45650005,0.45650005,0.45650008,-0.0,4.4,18.814785,17.222221,17.222221,2.0
resstock-amy2018-2021-release-1-9634,0.0,0.0,0.0,0.0,2.3074043,0.0,0.061094936,0.0,0.0,0.0,0.0,0.0,0.0,0.0,3.0161583,3.0161583,0.0,0.89951724,13.487138748168945,12.131913797165339,-0.0,3.0161583,0.0,-0.0,0.0,-0.0,0.009078935,0.009078935,-0.0,1.0,3.8456817,0.0,0.0,0.5189465,5.8425093,1.7060536,3.1409676,0.061094936,0.008453694,0.012783398,0.292007,0.1383698,0.53760594,0.20923826,5.8425093,0.0,2.820821,2.820821,0.5189465,-0.0,4.4,17.413885,17.222221,17.222221,2.0
resstock-amy2018-2021-release-1-9634,0.0,0.0,0.0,0.0,0.0,0.0,0.0,0.0,0.0,0.0,0.0,0.0,0.0,0.0,-1.7264143,0.0,-1.7264143,0.760588,13.487115859985352,10.258138346673263,1.7264143,0.0,0.0,-0.0,0.0,-0.0,0.0,0.0,-0.0,0.9988788,3.8456817,0.0,0.0,0.90280545,-0.8236089,-0.2605755,0.0,0.0,0.0,0.0,0.3163826,0.1383698,0.54861253,0.0,0.0,-0.8236089,0.90280545,0.90280545,0.90280545,-0.0,6.5,16.454176,17.777779,17.777779,2.0
resstock-amy2018-2021-release-1-9634,0.0,8.006446,0.0,0.0,2.3074043,0.0,8.065526,0.0,0.0,0.0,0.0,0.0,0.0,0.0,3.001152,3.001152,0.0,0.9683852,13.487076759338379,13.060685789002946,-0.0,3.001152,0.0,-0.0,0.0,-0.0,0.009078935,0.009078935,-0.0,1.0,3.8456817,4.218155,3.7882907,1.1432062,6.3353324,2.0980659,3.542964,8.065526,1.1160252,1.6876166,0.331169,0.1383698,0.55923885,0.20923826,6.3353324,0.0,3.329214,3.4456444,1.1432062,-0.116430245,8.6,22.030807,18.86111,18.86111,2.0
resstock-amy2018-2021-release-1-9634,0.0,0.0,0.0,0.0,0.0,0.0,0.0,0.0,0.0,0.0,0.0,0.0,0.0,0.0,-1.051851,0.0,-1.051851,0.8810102,13.48706340789795,11.88224008987379,1.051851,0.0,0.0,-0.0,0.0,-0.0,0.0,0.0,-0.0,0.9988788,3.8456817,0.0,0.0,1.2922682,-0.019359082,-0.006566012,0.0,0.0,0.0,0.0,0.3391696,0.1383698,0.5854365,0.0,0.0,-0.019359082,1.0324919,1.2922682,1.2922682,-0.2597762,9.4,19.511366,18.88889,18.88889,2.0
resstock-amy2018-2021-release-1-9634,0.0,0.0,0.0,0.0,2.0240862,0.0,0.0,0.0,0.0,0.0,0.0,0.0,0.0,0.0,1.6221733,1.6221733,0.0,0.99184656,13.487042427062988,13.377076655168366,-0.0,1.6221733,0.0,-0.0,0.0,-0.0,0.009078935,0.009078935,-0.0,1.0,3.8456817,0.0,0.0,1.0176544,4.2550764,1.4058304,2.4708462,0.0,0.0,0.0,0.330389,0.1383698,0.580682,0.0,4.2550764,0.0,2.6281247,3.036962,1.0176544,-0.4088374,10.0,18.810642,18.333334,18.333334,2.0
resstock-amy2018-2021-release-1-9634,0.17451139,8.24739,0.0,0.0,2.3074043,0.0,8.065526,0.0,0.0,0.0,0.0,0.0,0.0,0.0,0.1294775,0.1294775,0.0,0.9981747,13.487040519714355,13.462422988305377,-0.0,0.1294775,0.0,-0.0,0.0,-0.0,0.004541979,0.004541979,-0.0,1.0,3.8456817,4.459099,3.7882907,1.3000665,3.2242832,1.060658,1.7674611,8.065526,1.1160252,1.6876166,0.32895932,0.1383698,0.54817176,0.20923826,3.2242832,0.0,3.0924554,3.6051207,1.3000665,-0.51266515,10.6,24.563366,18.333334,18.333334,2.0
resstock-amy2018-2021-release-1-9634,0.5137109,0.0,0.7314414,0.0,1.9615682,0.7648974,0.0,0.0,0.0,0.0,0.0,0.0,0.0,0.0,0.044251442,0.044251442,0.0,0.99873847,13.487039566040039,13.470025229906128,-0.0,0.044251442,0.0,-0.0,0.0,-0.0,0.004541979,0.004541979,-0.0,1.0,3.8456817,0.0,0.0,1.3070338,3.4990058,1.0988984,1.8650016,0.0,0.0,0.0,0.31406018,0.1383698,0.533009,0.0,3.4990058,0.0,3.4524376,4.0311823,1.3070338,-0.5787449,11.1,22.213913,18.333334,18.333334,2.0
resstock-amy2018-2021-release-1-9634,0.33360898,8.460913,0.0,0.0,2.3074043,0.0,8.065526,0.0,0.0,0.0,0.0,0.0,0.0,0.0,0.03665924,0.03665924,0.0,0.9987897,13.487039566040039,13.470716575480196,-0.0,0.03665924,0.0,-0.0,0.0,-0.0,0.004541979,0.004541979,-0.0,1.0,3.8456817,4.672622,3.7882907,0.8392982,2.6004426,0.79101497,1.3735965,8.065526,1.1160252,1.6876166,0.30418473,0.1383698,0.5282164,0.20923826,2.6004426,0.0,2.5615406,3.1444597,0.8392982,-0.58291906,12.2,27.265099,18.88889,18.88889,2.0
resstock-amy2018-2021-release-1-9634,0.5765701,0.0,0.0,0.0,0.0,0.0,0.0,0.0,0.0,0.0,0.0,0.0,0.0,0.0,-0.75403756,0.0,-0.75403756,0.93485016,13.487030029296875,12.60835213100836,0.75403756,0.0,0.0,-0.0,0.0,-0.0,0.0,0.0,-0.0,0.9988788,3.8456817,0.0,0.0,0.7664458,-0.5051998,-0.15414757,0.0,0.0,0.0,0.0,0.305122,0.1383698,0.522811,0.0,0.0,-0.5051998,0.24883777,0.7664458,0.7664458,-0.51760805,12.2,23.869658,18.88889,18.88889,2.0
resstock-amy2018-2021-release-1-9634,0.86388135,8.392022,0.0,0.0,2.3074043,0.0,8.065525,0.0,0.0,0.0,0.0,0.0,0.0,0.0,0.89705753,0.89705753,0.0,0.9940888,13.487018585205078,13.407294506183234,-0.0,0.89705753,0.0,-0.0,0.0,-0.0,0.009078935,0.009078935,-0.0,1.0,3.8456817,4.6037316,3.7882905,2.5094564,5.43576,1.6418583,2.9309177,8.065525,1.1160251,1.6876165,0.3020476,0.1383698,0.5391919,0.20923826,5.43576,0.0,4.534152,4.81231,2.5094564,-0.278158,11.7,28.341179,18.88889,18.88889,2.0
resstock-amy2018-2021-release-1-9634,0.2906492,0.0,2.9257812,0.0,0.0,3.059606,0.0,0.0,0.0,0.0,0.0,0.0,0.0,0.0,-0.80008334,0.0,-0.80008334,0.92649764,13.487008094787598,12.495681146549657,0.80008334,0.0,0.0,-0.0,0.0,-0.0,0.0,0.0,-0.0,0.9988788,3.8456817,0.0,0.0,0.9770343,3.1702769,0.9726974,1.7528261,0.0,0.0,0.0,0.3068178,0.1383698,0.5528937,0.0,3.1702769,0.0,3.9703603,4.0366406,0.9770343,-0.06628018,11.1,23.167923,18.88889,18.88889,2.0
resstock-amy2018-2021-release-1-9634,0.0,0.0,0.0,0.0,0.0,0.0,0.0,0.0,0.0,0.0,0.0,0.0,0.0,0.0,-1.4621407,0.0,-1.4621407,0.80752116,13.48698902130127,10.891029078964095,1.4621407,0.0,0.0,-0.0,0.0,-0.0,0.0,0.0,-0.0,0.9977588,3.8456817,0.0,0.0,1.0207806,-0.4572324,-0.14430895,0.0,0.0,0.0,0.0,0.315614,0.1383698,0.5862026,0.0,0.0,-0.4572324,1.0049083,1.0207806,1.0207806,-0.015872274,10.0,22.017818,18.88889,18.88889,2.0
resstock-amy2018-2021-release-1-9634,0.0,0.0,0.0,0.0,0.0,0.0,0.0,0.0,0.0,0.0,0.0,0.0,0.0,0.0,-2.627518,0.0,-2.627518,0.60144615,13.486954689025879,8.111676996317328,2.627518,0.0,0.0,-0.0,0.0,-0.0,0.0,0.0,-0.0,0.9966401,3.8456817,0.0,0.0,1.0137738,-1.6137441,-0.53248096,0.0,0.0,0.0,0.0,0.32996616,0.1383698,0.6181959,0.0,0.0,-1.6137441,1.0137738,1.0137738,1.0137738,-0.0,10.0,20.569866,18.333334,18.333334,2.0
resstock-amy2018-2021-release-1-9634,0.0,0.0,0.7314359,0.0,0.0,0.7648916,0.0,0.0,0.0,0.0,0.0,0.0,0.0,0.0,-3.0352728,0.0,-3.0352728,0.36132258,13.486915588378906,4.873127160480635,3.0352728,0.0,0.0,-0.0,0.0,-0.0,0.0,0.0,-0.0,0.9955226,3.8456817,0.0,0.0,0.9688246,-1.3015566,-0.42269617,0.0,0.0,0.0,0.0,0.32476205,0.1383698,0.62899303,0.0,0.0,-1.3015566,1.7337162,1.7337162,0.9688246,-0.0,9.4,19.378761,17.777779,17.777779,2.0
resstock-amy2018-2021-release-1-9634,0.0,0.0,0.0,0.0,2.0866044,0.0,0.0,0.0,0.0,0.0,0.0,0.0,0.0,0.0,3.0867565,3.0867565,0.0,0.5755107,13.486875534057617,7.761840918791336,-0.0,3.0867565,0.0,-0.0,0.0,-0.0,0.022659415,0.022659415,-0.0,1.0,3.8456817,0.0,0.0,0.8939127,6.067273,1.8568561,3.8219366,0.0,0.0,0.0,0.30604458,0.1383698,0.62992656,0.0,6.067273,0.0,2.9682221,2.9682221,0.8939127,-0.0,8.9,18.198563,17.777779,17.777779,2.0
resstock-amy2018-2021-release-1-9634,0.0,7.9172044,0.0,0.0,2.3074043,0.0,8.065526,0.0,0.0,0.0,0.0,0.0,0.0,0.0,3.0408335,3.0408335,0.0,0.7862744,13.486836433410645,10.604353867599627,-0.0,3.0408335,0.0,-0.0,0.0,-0.0,0.004541979,0.004541979,-0.0,1.0,3.8456817,4.128914,3.7882907,0.4672031,5.815441,1.7204983,3.644201,8.065526,1.1160252,1.6876166,0.29585,0.1383698,0.6266422,0.20923826,5.815441,0.0,2.7720695,2.7720695,0.4672031,-0.0,7.8,23.411615,18.88889,18.88889,2.0
resstock-amy2018-2021-release-1-9634,0.0,0.7852713,0.0,0.0,2.3074043,0.0,0.60309094,0.0,0.0,0.0,0.0,0.0,0.0,0.0,-2.835631,0.0,-2.835631,0.56272703,13.486799240112305,7.589386535781955,2.835631,0.0,0.0,-0.0,0.0,-0.0,0.004541979,0.004541979,-0.0,1.0,3.8456817,0.7852713,0.0,0.45562336,-0.072603226,-0.02120065,0.0,0.60309094,0.08344957,0.1261897,0.292007,0.1383698,0.6130882,0.20923825,0.0,-0.072603226,2.7604492,2.7604492,0.45562336,-0.0,7.2,19.319202,18.875,18.875,2.0
resstock-amy2018-2021-release-1-9634,0.0,0.7852713,0.0,0.0,2.3074043,0.0,0.60309094,0.0,0.0,0.0,0.0,0.0,0.0,0.0,3.0435743,3.0435743,0.0,0.77369535,13.486760139465332,10.434643602333267,-0.0,3.0435743,0.0,-0.0,0.0,-0.0,0.004541979,0.004541979,-0.0,1.0,3.8456817,0.7852713,0.0,0.4437969,5.7947755,1.6425569,3.3676403,0.60309094,0.08344957,0.1261897,0.2834548,0.1383698,0.5811511,0.20923825,5.7947755,0.0,2.7486227,2.7486227,0.4437969,-0.0,7.2,18.24686,18.333334,18.333334,2.0
resstock-amy2018-2021-release-1-9634,0.0,7.852713,0.0,0.0,2.3074043,0.0,8.065526,0.0,0.0,0.0,0.0,0.0,0.0,0.0,2.958843,2.958843,0.0,0.9787674,13.486721992492676,13.200363751944678,-0.0,2.958843,0.0,-0.0,0.0,-0.0,0.004541979,0.004541979,-0.0,1.0,3.8456817,4.064422,3.7882907,0.4247888,5.691036,1.5475396,3.0514336,8.065526,1.1160252,1.6876166,0.2719258,0.1383698,0.5361824,0.20923826,5.691036,0.0,2.7296147,2.7296147,0.4247888,-0.0,7.2,22.15774,17.777779,17.777779,2.0
resstock-amy2018-2021-release-1-9634,0.0,0.7800489,0.0,0.0,2.3074043,0.0,0.6531255,0.0,0.0,0.0,0.0,0.0,0.0,0.0,-0.95015675,0.0,-0.95015675,0.89934677,13.486709594726562,12.129228696517202,0.95015675,0.0,0.0,-0.0,0.0,-0.0,0.004541979,0.004541979,-0.0,1.0,3.8456817,0.7800489,0.0,0.4057807,1.7630284,0.46519697,0.8442599,0.6531255,0.090372846,0.13665885,0.26386243,0.1383698,0.47886917,0.20923826,1.7630284,0.0,2.7105732,2.7105732,0.4057807,-0.0,6.7,18.690105,17.222221,17.222221,2.0
resstock-amy2018-2021-release-1-9634,0.0,7.739565,0.0,0.0,2.3074043,0.0,8.065526,0.0,0.0,0.0,0.0,0.0,0.0,0.0,1.3748741,1.3748741,0.0,0.99241275,13.48669147491455,13.384364520435554,-0.0,1.3748741,0.0,-0.0,0.0,-0.0,0.004541979,0.004541979,-0.0,1.0,3.8456817,3.9512744,3.7882905,0.40127003,4.0835485,1.0437256,1.8108429,8.065526,1.1160252,1.6876166,0.2555928,0.1383698,0.44344836,0.20923826,4.0835485,0.0,2.706022,2.706022,0.40127003,-0.0,6.1,23.588314,17.222221,17.222221,2.0
resstock-amy2018-2021-release-1-9634,0.0,0.7576581,0.0,0.0,2.3074043,0.0,0.86764747,0.0,0.0,0.0,0.0,0.0,0.0,0.0,0.12150097,0.12150097,0.0,0.99820065,13.486689567565918,13.462422359903712,-0.0,0.12150097,0.0,-0.0,0.0,-0.0,0.004541979,0.004541979,-0.0,1.0,3.8456817,0.7576581,0.0,0.40161616,2.8305213,0.7032112,1.2043384,0.86764747,0.120056204,0.18154505,0.24843876,0.1383698,0.4254829,0.20923826,2.8305213,0.0,2.706254,2.706254,0.40161616,-0.0,4.4,19.096012,17.222221,17.222221,2.0
resstock-amy2018-2021-release-1-9634,0.0,7.576581,0.0,0.0,2.3074043,0.0,8.065526,0.0,0.0,0.0,0.0,0.0,0.0,0.0,0.043551445,0.043551445,0.0,0.99871725,13.486688613891602,13.46938854303005,-0.0,0.043551445,0.0,-0.0,0.0,-0.0,0.004541979,0.004541979,-0.0,1.0,3.8456817,3.7882905,3.7882905,0.42079672,2.7717524,0.68663186,1.1396286,8.065526,1.1160252,1.6876166,0.24772483,0.1383698,0.41115817,0.20923826,2.7717524,0.0,2.7254345,2.7254345,0.42079672,-0.0,4.4,23.89528,17.222221,17.222221,2.0
resstock-amy2018-2021-release-1-9634,0.0,0.75311726,0.0,0.0,2.3074043,0.0,0.91115224,0.0,0.0,0.0,0.0,0.0,0.0,0.0,0.036593437,0.036593437,0.0,0.99876416,13.486688613891602,13.47002118815658,-0.0,0.036593437,0.0,-0.0,0.0,-0.0,0.004541979,0.004541979,-0.0,1.0,3.8456817,0.75311726,0.0,0.45650008,2.8004978,0.7173222,1.2198545,0.91115224,0.12607595,0.19064792,0.25614095,0.1383698,0.43558487,0.20923826,2.8004978,0.0,2.7611043,2.7611043,0.45650008,-0.0,3.9,19.214645,17.222221,17.222221,2.0
resstock-amy2018-2021-release-1-9634,0.0,7.632547,0.0,0.0,2.3074043,0.0,8.065526,0.0,0.0,0.0,0.0,0.0,0.0,0.0,0.035962105,0.035962105,0.0,0.99876845,13.486688613891602,13.47007906674503,-0.0,0.035962105,0.0,-0.0,0.0,-0.0,0.004541979,0.004541979,-0.0,1.0,3.8456817,3.844256,3.7882907,0.5189465,2.8623128,0.81486326,1.3945507,8.065526,1.1160252,1.6876166,0.284687,0.1383698,0.48721114,0.20923826,2.8623128,0.0,2.8236246,2.8236246,0.5189465,-0.0,5.0,24.461123,17.222221,17.222221,2.0
resstock-amy2018-2021-release-1-9634,0.0,0.0,0.0,0.0,0.0,0.0,0.0,0.0,0.0,0.0,0.0,0.0,0.0,0.0,-0.75424707,0.0,-0.75424707,0.9348121,13.486679077148438,12.607511175096988,0.75424707,0.0,0.0,-0.0,0.0,-0.0,0.0,0.0,-0.0,0.9988788,3.8456817,0.0,0.0,0.61453795,-0.13970912,-0.04231308,0.0,0.0,0.0,0.0,0.30286556,0.1383698,0.5193624,0.0,0.0,-0.13970912,0.61453795,0.61453795,0.61453795,-0.0,6.1,19.418625,17.222221,17.222221,2.0
resstock-amy2018-2021-release-1-9634,0.0,0.0,0.0,0.0,0.0,0.0,0.0,0.0,0.0,0.0,0.0,0.0,0.0,0.0,-1.3807005,0.0,-1.3807005,0.82204694,13.486660957336426,11.086668310892435,1.3807005,0.0,0.0,-0.0,0.0,-0.0,0.0,0.0,-0.0,0.9977588,3.8456817,0.0,0.0,1.1432062,-0.30050367,-0.09806938,0.0,0.0,0.0,0.0,0.32635,0.1383698,0.51858574,0.0,0.0,-0.30050367,1.0801969,1.1432062,1.1432062,-0.063009426,7.8,18.47974,17.222221,17.222221,2.0
resstock-amy2018-2021-release-1-9634,0.0,8.099629,0.0,0.0,2.3074043,0.0,8.065525,0.0,0.0,0.0,0.0,0.0,0.0,0.0,2.4158506,2.4158506,0.0,0.9909541,13.486629486083984,13.36463079905775,-0.0,2.4158506,0.0,-0.0,0.0,-0.0,0.013610869,0.013610869,-0.0,1.0,3.8456817,4.311339,3.7882905,0.98876023,5.4763746,1.8126788,2.830076,8.065525,1.1160251,1.6876165,0.3309998,0.1383698,0.5167791,0.20923826,5.4763746,0.0,3.0532396,3.28888,0.98876023,-0.2356405,9.4,22.978342,18.86111,18.86111,2.0
resstock-amy2018-2021-release-1-9634,0.0,0.0,0.0,0.0,0.0,0.0,0.0,0.0,0.0,0.0,0.0,0.0,0.0,0.0,-0.83078814,0.0,-0.83078814,0.9209337,13.486618995666504,12.420282248426702,0.83078814,0.0,0.0,-0.0,0.0,-0.0,0.0,0.0,-0.0,0.9988788,3.8456817,0.0,0.0,1.0176544,-0.24201769,-0.07704016,0.0,0.0,0.0,0.0,0.3183245,0.1383698,0.51665175,0.0,0.0,-0.24201769,0.58877045,1.0176544,1.0176544,-0.42888397,10.0,20.839542,18.333334,18.333334,2.0
resstock-amy2018-2021-release-1-9634,0.0,8.24739,0.0,0.0,2.3074043,0.0,8.065526,0.0,0.0,0.0,0.0,0.0,0.0,0.0,1.0840635,1.0840635,0.0,0.9933316,13.486604690551758,13.396670766296097,-0.0,1.0840635,0.0,-0.0,0.0,-0.0,0.009078935,0.009078935,-0.0,1.0,3.8456817,4.459099,3.7882907,0.9885135,3.8609128,1.2057774,2.0241988,8.065526,1.1160252,1.6876166,0.31230372,0.1383698,0.52427983,0.20923826,3.8609128,0.0,2.7721512,3.2912197,0.9885135,-0.51906836,10.6,26.62405,18.333334,18.333334,2.0
resstock-amy2018-2021-release-1-9634,0.10257149,0.0,0.0,0.0,0.0,0.0,0.0,0.0,0.0,0.0,0.0,0.0,0.0,0.0,-0.8075007,0.0,-0.8075007,0.9251532,13.486594200134277,12.477165725494217,0.8075007,0.0,0.0,-0.0,0.0,-0.0,0.0,0.0,-0.0,0.9988788,3.8456817,0.0,0.0,0.98500293,-0.3804698,-0.11599246,0.0,0.0,0.0,0.0,0.3048664,0.1383698,0.5292169,0.0,0.0,-0.3804698,0.42703092,0.98500293,0.98500293,-0.557972,11.1,23.550713,18.333334,18.333334,2.0
resstock-amy2018-2021-release-1-9634,0.50091976,8.546352,0.0,0.0,2.3074043,0.0,8.065526,0.0,0.0,0.0,0.0,0.0,0.0,0.0,1.027214,1.027214,0.0,0.9935399,13.486580848693848,13.399456584123186,-0.0,1.027214,0.0,-0.0,0.0,-0.0,0.009078935,0.009078935,-0.0,1.0,3.8456817,4.7580614,3.7882907,0.8392982,3.6769118,1.1121521,2.0106914,8.065526,1.1160252,1.6876166,0.30246907,0.1383698,0.54684246,0.20923826,3.6769118,0.0,2.6452951,3.1423001,0.8392982,-0.49700496,12.8,28.305817,18.333334,18.333334,2.0
resstock-amy2018-2021-release-1-9634,0.35587892,0.0,0.0,0.0,0.0,0.0,0.0,0.0,0.0,0.0,0.0,0.0,0.0,0.0,-0.80546,0.0,-0.80546,0.92552304,13.486570358276367,12.482131633294102,0.80546,0.0,0.0,-0.0,0.0,-0.0,0.0,0.0,-0.0,0.9988788,3.8456817,0.0,0.0,0.7664458,-0.5475353,-0.16879871,0.0,0.0,0.0,0.0,0.30828828,0.1383698,0.55404764,0.0,0.0,-0.5475353,0.25792468,0.7664458,0.7664458,-0.50852114,13.3,24.629402,18.88889,18.88889,2.0
resstock-amy2018-2021-release-1-9634,0.5887602,0.0,0.0,0.0,0.0,0.0,0.0,0.0,0.0,0.0,0.0,0.0,0.0,0.0,-1.4716871,0.0,-1.4716871,0.8058204,13.486551284790039,10.8677382248801,1.4716871,0.0,0.0,-0.0,0.0,-0.0,0.0,0.0,-0.0,0.9977588,3.8456817,0.0,0.0,0.6982035,-1.2201439,-0.38330823,0.0,0.0,0.0,0.0,0.31415,0.1383698,0.5550832,0.0,0.0,-1.2201439,0.25154316,0.6982035,0.6982035,-0.44666034,14.4,23.446934,18.88889,18.88889,2.0
resstock-amy2018-2021-release-1-9634,0.42255747,8.888284,0.0,0.0,2.3074043,0.0,8.065526,0.0,0.0,0.0,0.0,0.0,0.0,0.0,2.6342697,2.6342697,0.0,0.9898388,13.486516952514648,13.349477472870717,-0.0,2.6342697,0.0,-0.0,0.0,-0.0,0.013610869,0.013610869,-0.0,1.0,3.8456817,5.0999928,3.7882907,0.59517175,5.2683578,1.6743368,2.9042056,8.065526,1.1160252,1.6876166,0.31781,0.1383698,0.55125445,0.20923826,5.2683578,0.0,2.62793,2.8964179,0.59517175,-0.26848802,15.0,27.376677,18.88889,18.88889,2.0
resstock-amy2018-2021-release-1-9634,0.22477521,0.0,0.0,0.0,0.0,0.0,0.0,0.0,0.0,0.0,0.0,0.0,0.0,0.0,-0.8417129,0.0,-0.8417129,0.9189552,13.486506462097168,12.393495335844023,0.8417129,0.0,0.0,-0.0,0.0,-0.0,0.0,0.0,-0.0,0.9988788,3.8456817,0.0,0.0,1.0207806,0.1396824,0.046105634,0.077766865,0.0,0.0,0.0,0.33007476,0.1383698,0.55674064,0.0,0.1396824,0.0,0.9813953,1.0207806,1.0207806,-0.03938527,13.3,23.10318,18.88889,18.88889,2.0
resstock-amy2018-2021-release-1-9634,0.0,0.0,0.0,0.0,0.0,0.0,0.0,0.0,0.0,0.0,0.0,0.0,0.0,0.0,-1.5360194,0.0,-1.5360194,0.79436976,13.486486434936523,10.713256954470467,1.5360194,0.0,0.0,-0.0,0.0,-0.0,0.0,0.0,-0.0,0.9977588,3.8456817,0.0,0.0,1.0137738,-0.52224565,-0.17406656,0.0,0.0,0.0,0.0,0.333304,0.1383698,0.56112236,0.0,0.0,-0.52224565,1.0137738,1.0137738,1.0137738,-0.0,12.2,21.785648,18.88889,18.88889,2.0
resstock-amy2018-2021-release-1-9634,0.0,8.392022,0.0,0.0,2.3074043,0.0,8.065525,0.0,0.0,0.0,0.0,0.0,0.0,0.0,2.756337,2.756337,0.0,0.98639184,13.4864501953125,13.302924455121683,-0.0,2.756337,0.0,-0.0,0.0,-0.0,0.013610869,0.013610869,-0.0,1.0,3.8456817,4.6037316,3.7882905,0.9688246,6.032566,1.9591603,3.3784125,8.065525,1.1160251,1.6876165,0.324764,0.1383698,0.5600291,0.20923826,6.032566,0.0,3.2694073,3.2694073,0.9688246,-0.0,11.7,26.195574,18.88889,18.88889,2.0
resstock-amy2018-2021-release-1-9634,0.0,0.0,0.0,0.0,1.9274673,0.0,0.0,0.0,0.0,0.0,0.0,0.0,0.0,0.0,-0.8754756,0.0,-0.8754756,0.91284424,13.486438751220703,12.31101794113897,0.8754756,0.0,0.0,-0.0,0.0,-0.0,0.004541979,0.004541979,-0.0,1.0,3.8456817,0.0,0.0,0.8939127,1.9459045,0.6043954,1.0941036,0.0,0.0,0.0,0.3105987,0.1383698,0.5622597,0.0,1.9459045,0.0,2.8191037,2.8191037,0.8939127,-0.0,11.7,21.87176,18.88889,18.88889,2.0
resstock-amy2018-2021-release-1-9634,0.0,8.311989,0.0,0.0,2.3074043,0.0,8.065526,0.0,0.0,0.0,0.0,0.0,0.0,0.0,1.1928272,1.1928272,0.0,0.9929433,13.48642349243164,13.39125367104316,-0.0,1.1928272,0.0,-0.0,0.0,-0.0,0.004541979,0.004541979,-0.0,1.0,3.8456817,4.523698,3.7882907,0.4672031,3.9674346,1.1958373,2.2570655,8.065526,1.1160252,1.6876166,0.3014132,0.1383698,0.56889796,0.20923826,3.9674346,0.0,2.7722907,2.7722907,0.4672031,-0.0,11.1,27.559723,18.88889,18.88889,2.0
resstock-amy2018-2021-release-1-9634,0.0,0.8172265,0.0,0.0,2.3074043,0.0,0.29693457,0.0,0.0,0.0,0.0,0.0,0.0,0.0,-0.8113036,0.0,-0.8113036,0.9244639,13.48641300201416,12.467702335044294,0.8113036,0.0,0.0,-0.0,0.0,-0.0,0.004541979,0.004541979,-0.0,1.0,3.8456817,0.8172265,0.0,0.45562336,1.951724,0.5773937,1.1209575,0.29693457,0.041086778,0.062130075,0.2958378,0.1383698,0.5743422,0.20923826,1.951724,0.0,2.760637,2.760637,0.45562336,-0.0,10.0,21.956327,18.875,18.875,2.0
resstock-amy2018-2021-release-1-9634,0.0,8.099629,0.0,0.0,2.3074043,0.0,8.065525,0.0,0.0,0.0,0.0,0.0,0.0,0.0,1.036315,1.036315,0.0,0.9934925,13.48639965057373,13.398636690315584,-0.0,1.036315,0.0,-0.0,0.0,-0.0,0.004541979,0.004541979,-0.0,1.0,3.8456817,4.311339,3.7882905,0.4437969,3.787516,1.0655494,2.1914983,8.065525,1.1160251,1.6876165,0.281332,0.1383698,0.57861096,0.20923826,3.787516,0.0,2.7487702,2.7487702,0.4437969,-0.0,9.4,26.823086,18.333334,18.333334,2.0
resstock-amy2018-2021-release-1-9634,0.0,0.809963,0.0,0.0,2.3074043,0.0,0.36652508,0.0,0.0,0.0,0.0,0.0,0.0,0.0,-0.80592465,0.0,-0.80592465,0.9254388,13.48638916015625,12.480828088180715,0.80592465,0.0,0.0,-0.0,0.0,-0.0,0.004541979,0.004541979,-0.0,1.0,3.8456817,0.809963,0.0,0.4247888,1.9262683,0.547279,1.1110518,0.36652508,0.050716,0.07669107,0.2841136,0.1383698,0.57678974,0.20923826,1.9262683,0.0,2.729762,2.729762,0.4247888,-0.0,9.4,21.493923,18.333334,18.333334,2.0
resstock-amy2018-2021-release-1-9634,0.0,8.099629,0.0,0.0,2.3074043,0.0,4.0327625,0.0,0.0,0.0,0.0,0.0,0.0,0.0,0.0,0.0,0.0,0.92320204,13.48638916015625,12.450661955372198,-0.0,0.0,0.0,-0.0,0.0,-0.0,0.0,0.0,-0.0,0.9988788,3.8456817,4.311339,3.7882905,0.4057807,2.713185,0.7401352,1.4829265,4.0327625,0.55801255,0.84380823,0.272792,0.1383698,0.54656297,0.20923826,2.713185,0.0,2.713185,2.713185,0.4057807,-0.0,9.4,26.687529,17.777779,17.777779,2.0
resstock-amy2018-2021-release-1-9634,0.0,0.7852713,0.0,0.0,2.3074043,0.0,0.60309094,0.0,0.0,0.0,0.0,0.0,0.0,0.0,-1.4944215,0.0,-1.4944215,0.80177176,13.486370086669922,10.81299068022372,1.4944215,0.0,0.0,-0.0,0.0,-0.0,0.009078935,0.009078935,-0.0,1.0,3.8456817,0.7852713,0.0,0.40127003,1.214253,0.32931268,0.6571617,0.60309094,0.08344957,0.1261897,0.271206,0.1383698,0.5412066,0.20923825,1.214253,0.0,2.7035203,2.7035203,0.40127003,-0.0,7.2,21.42744,17.222221,17.222221,2.0
resstock-amy2018-2021-release-1-9634,0.0,7.972532,0.0,0.0,2.3074043,0.0,8.065526,0.0,0.0,0.0,0.0,0.0,0.0,0.0,2.6838346,2.6838346,0.0,0.98907834,13.486334800720215,13.3390416766876,-0.0,2.6838346,0.0,-0.0,0.0,-0.0,0.004541979,0.004541979,-0.0,1.0,3.8456817,4.184241,3.7882907,0.40161616,5.3928547,1.4625745,2.9604282,8.065526,1.1160252,1.6876166,0.271206,0.1383698,0.54895383,0.20923826,5.3928547,0.0,2.7065156,2.7065156,0.40161616,-0.0,8.3,26.80285,17.222221,17.222221,2.0
resstock-amy2018-2021-release-1-9634,0.0,0.0,0.0,0.0,0.0,0.0,0.0,0.0,0.0,0.0,0.0,0.0,0.0,0.0,-0.84916127,0.0,-0.84916127,0.91760653,13.486323356628418,12.375138412443505,0.84916127,0.0,0.0,-0.0,0.0,-0.0,0.0,0.0,-0.0,0.9988788,3.8456817,0.0,0.0,0.42079672,-0.42836455,-0.11262133,0.0,0.0,0.0,0.0,0.26291,0.1383698,0.5454988,0.0,0.0,-0.42836455,0.42079672,0.42079672,0.42079672,-0.0,7.2,21.292765,17.222221,17.222221,2.0
resstock-amy2018-2021-release-1-9634,0.0,0.0,0.0,0.0,0.0,0.0,0.0,0.0,0.0,0.0,0.0,0.0,0.0,0.0,-1.5492295,0.0,-1.5492295,0.7920208,13.486303329467773,10.681432721426972,1.5492295,0.0,0.0,-0.0,0.0,-0.0,0.0,0.0,-0.0,0.9977588,3.8456817,0.0,0.0,0.5801401,-0.9690894,-0.26282284,0.0,0.0,0.0,0.0,0.271206,0.1383698,0.55851,0.0,0.0,-0.9690894,0.5801401,0.5801401,0.5801401,-0.0,7.2,19.646015,17.222221,17.222221,2.0
resstock-amy2018-2021-release-1-9634,0.0,0.0,0.0,0.0,0.0,0.0,0.0,0.0,0.0,0.0,0.0,0.0,0.0,0.0,-2.7793446,0.0,-2.7793446,0.573221,13.48626708984375,7.730611883114761,2.7793446,0.0,0.0,-0.0,0.0,-0.0,0.0,0.0,-0.0,0.9966401,3.8456817,0.0,0.0,0.5189465,-2.260398,-0.6355638,0.0,0.0,0.0,0.0,0.2811734,0.1383698,0.5612525,0.0,0.0,-2.260398,0.51894665,0.51894665,0.5189465,-0.0,8.9,18.468346,17.222221,17.222221,2.0
resstock-amy2018-2021-release-1-9634,0.0,0.0,0.0,0.0,0.0,0.0,0.0,0.0,0.0,0.0,0.0,0.0,0.0,0.0,-3.0413244,0.0,-3.0413244,0.33264634,13.486227989196777,4.486144382788808,3.0413244,0.0,0.0,-0.0,0.0,-0.0,0.0,0.0,-0.0,0.9955226,3.8456817,0.0,0.0,0.61453795,-2.4267864,-0.68983835,0.0,0.0,0.0,0.0,0.28426,0.1383698,0.55207366,0.0,0.0,-2.4267864,0.61453795,0.61453795,0.61453795,-0.0,9.4,17.771326,17.222221,17.222221,2.0
resstock-amy2018-2021-release-1-9634,0.0,0.0,0.0,0.0,0.0,0.0,0.0,0.0,0.0,0.0,0.0,0.0,0.0,0.0,-3.0929046,0.0,-3.0929046,0.088218756,13.486187934875488,1.1897347230675805,3.0929046,0.0,0.0,-0.0,0.0,-0.0,0.0,0.0,-0.0,0.99440646,3.8456817,0.0,0.0,0.83991385,-2.3732152,-0.67756337,0.0,0.0,0.0,0.0,0.2855044,0.1383698,0.55455947,0.0,0.0,-2.3732152,0.71968937,0.83991385,0.83991385,-0.12022446,11.7,17.90613,17.777779,17.777779,2.0
resstock-amy2018-2021-release-1-9634,0.0,0.0,0.0,0.0,1.7399126,0.0,0.0,0.0,0.0,0.0,0.0,0.0,0.0,0.0,3.145311,3.145311,0.0,0.30675977,13.486146926879883,4.13700739265721,-0.0,3.145311,0.0,-0.0,0.0,-0.0,0.027176028,0.027176028,-0.0,1.0,3.8456817,0.0,0.0,0.98876023,5.5690937,1.6618843,3.0816514,0.0,0.0,0.0,0.298412,0.1383698,0.55334884,0.0,5.5690937,0.0,2.4114873,2.716378,0.98876023,-0.30489072,15.0,18.517994,18.88889,18.88889,2.0
resstock-amy2018-2021-release-1-9634,0.0,9.188143,0.0,0.0,2.3074043,0.0,8.065526,0.0,0.0,0.0,0.0,0.0,0.0,0.0,3.098455,3.098455,0.0,0.5218187,13.486106872558594,7.037302721944343,-0.0,3.098455,0.0,-0.0,0.0,-0.0,0.004541979,0.004541979,-0.0,1.0,3.8456817,5.399852,3.7882907,1.0176544,5.9760933,1.706201,3.337118,8.065526,1.1160252,1.6876166,0.2855044,0.1383698,0.5584113,0.20923826,5.9760933,0.0,2.8756976,3.3231177,1.0176544,-0.44742024,16.7,25.371443,18.88889,18.88889,2.0
resstock-amy2018-2021-release-1-9634,0.2909045,0.0,0.0,0.0,0.0,0.0,0.0,0.0,0.0,0.0,0.0,0.0,0.0,0.0,-3.0523453,0.0,-3.0523453,0.28042197,13.486066818237305,3.7817894553995757,3.0523453,0.0,0.0,-0.0,0.0,-0.0,0.0,0.0,-0.0,0.9988788,3.8456817,0.0,0.0,0.9885135,-2.596982,-0.73581016,0.0,0.0,0.0,0.0,0.2833328,0.1383698,0.5659091,0.0,0.0,-2.596982,0.45536327,0.9885135,0.9885135,-0.53315026,17.8,23.211353,18.88889,18.88889,2.0
resstock-amy2018-2021-release-1-9634,0.7588444,0.0,0.0,0.0,0.0,0.0,0.0,0.0,0.0,0.0,0.0,0.0,0.0,0.0,-3.104102,0.0,-3.104102,0.03515611,13.486026763916016,0.474116219323065,3.104102,0.0,0.0,-0.0,0.0,-0.0,0.0,0.0,-0.0,0.9977588,3.8456817,0.0,0.0,0.98500293,-2.7115073,-0.74810845,0.0,0.0,0.0,0.0,0.27590132,0.1383698,0.56621623,0.0,0.0,-2.7115073,0.39259458,0.985003,0.98500293,-0.5924084,19.4,23.20103,18.88889,18.88889,2.0
resstock-amy2018-2021-release-1-9634,1.4386955,0.0,0.0,0.0,1.4557391,0.0,0.0,0.0,0.0,0.0,0.0,0.0,0.0,0.0,3.156688,3.156688,0.0,0.25454113,13.48598575592041,3.4327380382883064,-0.0,3.156688,0.0,-0.0,0.0,-0.0,0.013610869,0.013610869,-0.0,1.0,3.8456817,0.0,0.0,1.1613982,5.1757402,1.3755685,2.9242692,0.0,0.0,0.0,0.2657723,0.1383698,0.56499535,0.0,5.1757402,0.0,2.0139,2.6119857,1.1613982,-0.59808564,20.0,23.175844,18.88889,18.88889,2.0
resstock-amy2018-2021-release-1-9634,1.1567997,0.0,0.0,0.0,0.0,0.0,0.0,0.0,0.0,0.0,0.0,0.0,0.0,0.0,3.1096509,3.1096509,0.0,0.470433,13.485945701599121,6.34423385040941,-0.0,3.1096509,0.0,-0.0,0.0,-0.0,0.0,0.0,-0.0,0.9988788,3.8456817,0.0,0.0,0.7664458,3.3170648,0.89960784,1.8738707,0.0,0.0,0.0,0.271206,0.1383698,0.56491834,0.0,3.3170648,0.0,0.20741391,0.76644593,0.7664458,-0.559032,20.6,23.171658,19.444445,19.444445,2.0
resstock-amy2018-2021-release-1-9634,1.0576981,0.0,0.0,0.0,0.0,0.0,0.0,0.0,0.0,0.0,0.0,0.0,0.0,0.0,-3.0633626,0.0,-3.0633626,0.22821385,13.485905647277832,3.0776704037760396,3.0633626,0.0,0.0,-0.0,0.0,-0.0,0.0,0.0,-0.0,0.9977588,3.8456817,0.0,0.0,1.0391173,-2.4797244,-0.702799,0.0,0.0,0.0,0.0,0.2834182,0.1383698,0.5705758,0.0,0.0,-2.4797244,0.5836382,1.0391172,1.0391173,-0.45547906,20.0,23.035652,20.0,20.0,2.0
resstock-amy2018-2021-release-1-9634,0.6670081,0.0,0.0,0.0,0.0,0.0,0.0,0.0,0.0,0.0,0.0,0.0,0.0,0.0,-2.8883185,0.0,-2.8883185,0.0,13.485868453979492,0.0,2.8883185,0.0,0.0,-0.0,0.0,-0.0,0.0,0.0,-0.0,0.9966401,3.8456817,0.0,0.0,0.9770343,-2.182714,-0.62152344,0.0,0.0,0.0,0.0,0.284748,0.1383698,0.5778221,0.0,0.0,-2.182714,0.70560455,0.97703433,0.9770343,-0.27142978,18.3,22.502686,20.555555,20.555555,2.0
resstock-amy2018-2021-release-1-9634,0.2950204,0.0,0.0,0.0,0.0,0.0,0.0,0.0,0.0,0.0,0.0,0.0,0.0,0.0,0.0,0.0,0.0,0.0,13.485868453979492,0.0,-0.0,0.0,0.0,-0.0,0.0,-0.0,0.0,0.0,-0.0,0.9955226,3.8456817,0.0,0.0,1.0207806,0.97167265,0.2992882,0.5661774,0.0,0.0,0.0,0.3080134,0.1383698,0.5826833,0.0,0.97167265,0.0,0.97167265,1.0207806,1.0207806,-0.04910794,16.7,21.599667,20.555555,20.555555,2.0
resstock-amy2018-2021-release-1-9634,0.0,0.0,0.0,0.0,0.0,0.0,0.0,0.0,0.0,0.0,0.0,0.0,0.0,0.0,0.0,0.0,0.0,0.0,13.485868453979492,0.0,-0.0,0.0,0.0,-0.0,0.0,-0.0,0.0,0.0,-0.0,0.99440646,3.8456817,0.0,0.0,1.0137738,1.0137738,0.36176518,0.58625734,0.0,0.0,0.0,0.35685,0.1383698,0.5782921,0.0,1.0137738,0.0,1.0137738,1.0137738,1.0137738,-0.0,15.0,20.734798,20.555555,20.555555,2.0
resstock-amy2018-2021-release-1-9634,0.0,0.0,0.0,0.0,0.0,0.0,0.0,0.0,0.0,0.0,0.0,0.0,0.0,0.0,0.0,0.0,0.0,0.0,13.485868453979492,0.0,-0.0,0.0,0.0,-0.0,0.0,-0.0,0.0,0.0,-0.0,0.9932915,3.8456817,0.0,0.0,0.9688246,0.9688246,0.34572506,0.55897343,0.0,0.0,0.0,0.35685,0.1383698,0.5769604,0.0,0.9688246,0.0,0.9688246,0.9688246,0.9688246,-0.0,13.3,19.768242,20.0,20.0,2.0
resstock-amy2018-2021-release-1-9634,0.19919571,8.392022,0.0,0.0,2.3074043,0.0,4.0327625,0.0,0.0,0.0,0.0,0.0,0.0,0.0,0.0,0.0,0.0,0.0,13.485868453979492,0.0,-0.0,0.0,0.0,-0.0,0.0,-0.0,0.0,0.0,-0.0,0.9921778,3.8456817,4.6037316,3.7882905,0.8939127,3.2013168,1.0642388,1.8535457,4.0327625,0.55801255,0.84380823,0.3324378,0.1383698,0.57899475,0.20923826,3.2013168,0.0,3.2013168,3.2013168,0.8939127,-0.0,11.7,25.4837,18.88889,18.88889,2.0
resstock-amy2018-2021-release-1-9634,0.0,0.8460913,0.0,0.0,2.3074043,0.0,0.020386802,0.0,0.0,0.0,0.0,0.0,0.0,0.0,0.0,0.0,0.0,0.0,13.485868453979492,0.0,-0.0,0.0,0.0,-0.0,0.0,-0.0,0.036194187,0.036194187,-0.0,1.0,3.8456817,0.8460913,0.0,0.8328848,3.140289,0.8926586,1.8306729,0.020386802,0.0028209176,0.004265699,0.28426,0.1383698,0.58296317,0.20923826,3.140289,0.0,3.1224158,3.1224158,0.8328848,-0.0,12.2,21.45321,18.88889,18.88889,2.0
resstock-amy2018-2021-release-1-9634,0.7481714,0.8392022,5.3732195,0.0,2.3074043,5.6189895,0.08638915,0.0,0.0,0.0,0.0,0.0,0.0,0.0,3.1642256,3.1642256,0.0,0.21994388,13.485827445983887,2.9661252274360095,-0.0,3.1642256,0.0,-0.0,0.0,-0.0,0.004541979,0.004541979,-0.0,1.0,3.8456817,0.8392022,0.0,0.74050707,11.831127,3.3049471,6.9928536,0.08638915,0.011953649,0.018075915,0.2793434,0.1383698,0.5910556,0.20923826,11.831127,0.0,8.664625,8.664625,0.74050707,-0.0,11.7,20.407063,18.88889,18.88889,2.0
resstock-amy2018-2021-release-1-9634,0.0,0.8311989,0.0,0.0,2.3074043,0.0,0.16306788,0.0,0.0,0.0,0.0,0.0,0.0,0.0,-2.7835033,0.0,-2.7835033,0.0,13.485791206359863,0.0,2.7835033,0.0,0.0,-0.0,0.0,-0.0,0.004541979,0.004541979,-0.0,1.0,3.8456817,0.8311989,0.0,0.6239545,0.14785552,0.040099304,0.0884974,0.16306788,0.02256367,0.03412004,0.271206,0.1383698,0.5985397,0.20923826,0.14785552,0.0,2.929042,2.929042,0.6239545,-0.0,11.1,19.28685,18.333334,18.333334,2.0
resstock-amy2018-2021-release-1-9634,0.0,8.099629,0.0,0.0,2.3074043,0.0,4.0327625,0.0,0.0,0.0,0.0,0.0,0.0,0.0,0.0,0.0,0.0,0.0,13.485791206359863,0.0,-0.0,0.0,0.0,-0.0,0.0,-0.0,0.0,0.0,-0.0,0.9988788,3.8456817,4.311339,3.7882905,0.4247888,2.732193,0.7816972,1.5894736,4.0327625,0.55801255,0.84380823,0.28610614,0.1383698,0.5817574,0.20923826,2.732193,0.0,2.732193,2.732193,0.4247888,-0.0,9.4,24.03783,18.333334,18.333334,2.0
resstock-amy2018-2021-release-1-9634,0.0,0.8247389,0.0,0.0,2.3074043,0.0,0.22495934,0.0,0.0,0.0,0.0,0.0,0.0,0.0,0.0,0.0,0.0,0.0,13.485791206359863,0.0,-0.0,0.0,0.0,-0.0,0.0,-0.0,0.009078935,0.009078935,-0.0,1.0,3.8456817,0.8247389,0.0,0.4057807,2.713185,0.7556926,1.6246608,0.22495934,0.03112758,0.0470701,0.278526,0.1383698,0.5988021,0.20923826,2.713185,0.0,2.708487,2.708487,0.4057807,-0.0,10.6,20.36544,17.777779,17.777779,2.0
resstock-amy2018-2021-release-1-9634,0.0,0.8247389,0.0,0.0,2.3074043,0.0,0.22495934,0.0,0.0,0.0,0.0,0.0,0.0,0.0,3.1642256,3.1642256,0.0,0.21994388,13.485750198364258,2.9661082372947476,-0.0,3.1642256,0.0,-0.0,0.0,-0.0,0.004541979,0.004541979,-0.0,1.0,3.8456817,0.8247389,0.0,0.40127003,5.8729,1.5941988,3.5056107,0.22495934,0.03112758,0.0470701,0.27145,0.1383698,0.59691304,0.20923826,5.8729,0.0,2.706324,2.706324,0.40127003,-0.0,10.6,19.358654,17.222221,17.222221,2.0
resstock-amy2018-2021-release-1-9634,0.0,8.099629,0.0,0.0,2.3074043,0.0,8.065525,0.0,0.0,0.0,0.0,0.0,0.0,0.0,3.1170685,3.1170685,0.0,0.43638724,13.485710144042969,5.884991841156534,-0.0,3.1170685,0.0,-0.0,0.0,-0.0,0.004541979,0.004541979,-0.0,1.0,3.8456817,4.311339,3.7882905,0.40161616,5.826089,1.4848253,3.4488919,8.065525,1.1160251,1.6876165,0.254858,0.1383698,0.5919738,0.20923826,5.826089,0.0,2.7065895,2.7065895,0.40161616,-0.0,9.4,23.688671,17.222221,17.222221,2.0
resstock-amy2018-2021-release-1-9634,0.0,0.7852713,0.0,0.0,2.3074043,0.0,0.60309094,0.0,0.0,0.0,0.0,0.0,0.0,0.0,3.070662,3.070662,0.0,0.6493763,13.48567008972168,8.757274183864183,-0.0,3.070662,0.0,-0.0,0.0,-0.0,0.004541979,0.004541979,-0.0,1.0,3.8456817,0.7852713,0.0,0.42079672,5.798863,1.4475365,3.3877604,0.60309094,0.08344957,0.1261897,0.2496242,0.1383698,0.5842112,0.20923825,5.798863,0.0,2.7256224,2.7256224,0.42079672,-0.0,7.2,20.25003,17.222221,17.222221,2.0
resstock-amy2018-2021-release-1-9634,0.0,0.0,0.0,0.0,0.0,0.0,0.0,0.0,0.0,0.0,0.0,0.0,0.0,0.0,-3.0249963,0.0,-3.0249963,0.41001827,13.485630989074707,5.529355023906248,3.0249963,0.0,0.0,-0.0,0.0,-0.0,0.0,0.0,-0.0,0.9988788,3.8456817,0.0,0.0,0.45650008,-2.5684962,-0.64046943,0.0,0.0,0.0,0.0,0.2493558,0.1383698,0.5758525,0.0,0.0,-2.5684962,0.45650005,0.45650005,0.45650008,-0.0,8.3,18.50029,17.222221,17.222221,2.0
resstock-amy2018-2021-release-1-9634,0.0,0.0,0.0,0.0,0.0,0.0,0.0,0.0,0.0,0.0,0.0,0.0,0.0,0.0,-3.0763159,0.0,-3.0763159,0.16683139,13.485590934753418,2.249819868068741,3.0763159,0.0,0.0,-0.0,0.0,-0.0,0.0,0.0,-0.0,0.9977588,3.8456817,0.0,0.0,0.5189465,-2.5573692,-0.6465244,0.0,0.0,0.0,0.0,0.2528084,0.1383698,0.56567466,0.0,0.0,-2.5573692,0.51894665,0.51894665,0.5189465,-0.0,7.8,17.4165,17.222221,17.222221,2.0
resstock-amy2018-2021-release-1-9634,0.0,0.0,0.0,0.0,0.0,0.0,0.0,0.0,0.0,0.0,0.0,0.0,0.0,0.0,-2.1106117,0.0,-2.1106117,0.0,13.485563278198242,0.0,2.1106117,0.0,0.0,-0.0,0.0,-0.0,0.0,0.0,-0.0,0.9966401,3.8456817,0.0,0.0,0.61453795,-1.4960737,-0.40623698,0.0,0.0,0.0,0.0,0.2715354,0.1383698,0.56029415,0.0,0.0,-1.4960737,0.61453795,0.61453795,0.61453795,-0.0,10.0,16.84009,17.777779,17.777779,2.0
resstock-amy2018-2021-release-1-9634,0.0,0.0,0.0,0.0,1.9899857,0.0,0.0,0.0,0.0,0.0,0.0,0.0,0.0,0.0,3.1642256,3.1642256,0.0,0.21994388,13.485522270202637,2.9660581058902835,-0.0,3.1642256,0.0,-0.0,0.0,-0.0,0.01813778,0.01813778,-0.0,1.0,3.8456817,0.0,0.0,0.83991385,5.9862995,1.6169475,3.3364487,0.0,0.0,0.0,0.270108,0.1383698,0.5573474,0.0,5.9862995,0.0,2.8126884,2.8205142,0.83991385,-0.007825845,10.6,16.43027,18.402779,18.402779,2.0
resstock-amy2018-2021-release-1-9634,0.0,8.392022,0.0,0.0,2.3074043,0.0,8.065525,0.0,0.0,0.0,0.0,0.0,0.0,0.0,3.1170685,3.1170685,0.0,0.43638724,13.485482215881348,5.884892376214964,-0.0,3.1170685,0.0,-0.0,0.0,-0.0,0.004541979,0.004541979,-0.0,1.0,3.8456817,4.6037316,3.7882905,1.2922682,6.6868467,1.8797545,3.7820382,8.065525,1.1160251,1.6876165,0.28111225,0.1383698,0.56559366,0.20923826,6.6868467,0.0,3.5675018,3.5973954,1.2922682,-0.029893745,11.7,21.903027,18.333334,18.333334,2.0
resstock-amy2018-2021-release-1-9634,0.0,0.0,0.0,0.0,0.0,0.0,0.0,0.0,0.0,0.0,0.0,0.0,0.0,0.0,-3.070662,0.0,-3.070662,0.19362286,13.485442161560059,2.6110898437097774,3.070662,0.0,0.0,-0.0,0.0,-0.0,0.0,0.0,-0.0,0.9988788,3.8456817,0.0,0.0,1.3192035,-1.8675866,-0.50099236,0.0,0.0,0.0,0.0,0.26825655,0.1383698,0.57127935,0.0,0.0,-1.8675866,1.2030754,1.3192035,1.3192035,-0.11612808,13.9,19.290138,17.777779,17.777779,2.0
resstock-amy2018-2021-release-1-9634,0.0,2.5859926,0.0,0.0,0.0,0.0,0.0,0.0,0.0,0.0,0.0,0.0,0.0,0.0,-2.4499798,0.0,-2.4499798,0.0,13.485410690307617,0.0,2.4499798,0.0,0.0,-0.0,0.0,-0.0,0.0,0.0,2.5859926,0.28942096,3.8456817,0.0,0.0,1.9862248,-0.6404604,-0.16589712,0.0,0.0,0.0,0.0,0.25902793,0.1383698,0.5690793,0.0,0.0,-0.6404604,3.044478,3.2211833,1.9862248,-0.17670535,13.3,20.592611,17.777779,17.777779,2.0
resstock-amy2018-2021-release-1-9634,0.17750728,2.5639057,0.0,0.0,0.7315296,0.0,0.0,0.0,0.0,0.0,0.0,0.0,0.0,0.0,0.0,0.0,0.0,0.0,13.485410690307617,0.0,-0.0,0.0,0.0,-0.0,0.0,-0.0,0.0,0.0,1.0554303,0.0,3.8456817,1.5084754,0.0,1.3070338,1.8188705,0.46666053,1.034338,0.0,0.0,0.0,0.2565661,0.1383698,0.5686705,0.0,1.8188705,0.0,2.3306975,2.5503902,1.3070338,-0.21969272,12.8,20.768097,17.777779,17.777779,2.0
resstock-amy2018-2021-release-1-9634,0.3231675,2.6134164,0.7319417,0.0,1.224881,0.76542056,0.0,0.0,0.0,0.0,0.0,0.0,0.0,0.0,0.0,0.0,0.0,0.0,13.485410690307617,0.0,-0.0,0.0,0.0,-0.0,0.0,-0.0,0.0,0.0,-0.0,0.0,3.8456817,2.6134164,0.0,1.1613982,2.9943166,0.69042146,1.7251033,0.0,0.0,0.0,0.23057732,0.1383698,0.57612586,0.0,2.9943166,0.0,2.9943166,3.1516995,1.1613982,-0.15738302,13.9,21.07838,17.777779,17.777779,2.0
resstock-amy2018-2021-release-1-9634,0.5067398,2.6134164,0.0,0.0,2.3074043,0.0,1.6351248,0.0,0.0,0.0,0.0,0.0,0.0,0.0,3.1642256,3.1642256,0.0,0.21994388,13.485369682312012,2.9660245451174205,-0.0,3.1642256,0.0,-0.0,0.0,-0.0,3.8456817,3.8456817,-0.0,0.94932187,3.8456817,2.6134164,0.0,1.0769501,6.239297,1.4926516,3.5847645,1.6351248,0.22625189,0.34213066,0.23923394,0.1383698,0.5745462,0.20923826,6.239297,0.0,1.2726402,1.5819235,1.0769501,-0.30928332,13.9,21.212727,17.777779,17.777779,2.0
resstock-amy2018-2021-release-1-9634,0.42393246,0.0,1.4638748,0.0,1.802431,1.5308322,0.0,0.0,0.0,0.0,0.0,0.0,0.0,0.0,3.1170685,3.1170685,0.0,0.43638724,13.485329627990723,5.884825788806381,-0.0,3.1170685,0.0,-0.0,0.0,-0.0,0.20960787,0.20960787,-0.0,1.0,3.8456817,0.0,0.0,1.0391173,7.3213563,1.9695181,4.1092854,0.0,0.0,0.0,0.26901,0.1383698,0.5612738,0.0,7.3213563,0.0,4.1060467,4.27414,1.0391173,-0.16809323,13.9,19.725765,18.333334,18.333334,2.0
resstock-amy2018-2021-release-1-9634,0.19635074,0.0,0.0,0.0,0.0,0.0,0.0,0.0,0.0,0.0,0.0,0.0,0.0,0.0,-3.070662,0.0,-3.070662,0.19362286,13.485289573669434,2.6110602992064003,3.070662,0.0,0.0,-0.0,0.0,-0.0,0.0,0.0,-0.0,0.9988788,3.8456817,0.0,0.0,0.9770343,-2.1375158,-0.61196524,0.0,0.0,0.0,0.0,0.2862974,0.1383698,0.543884,0.0,0.0,-2.1375158,0.93314624,0.9770343,0.9770343,-0.04388805,13.3,18.959839,18.333334,18.333334,2.0
resstock-amy2018-2021-release-1-9634,0.1550293,0.0,0.7319421,0.0,0.0,0.76542103,0.0,0.0,0.0,0.0,0.0,0.0,0.0,0.0,-2.4499798,0.0,-2.4499798,0.0,13.485258102416992,0.0,2.4499798,0.0,0.0,-0.0,0.0,-0.0,0.0,0.0,-0.0,0.9977588,3.8456817,0.0,0.0,1.0207806,-0.685169,-0.20681153,0.0,0.0,0.0,0.0,0.3018402,0.1383698,0.5350726,0.0,0.0,-0.685169,1.7648108,1.7862016,1.0207806,-0.02139077,12.8,18.272383,18.333334,18.333334,2.0
resstock-amy2018-2021-release-1-9634,0.0,8.460913,0.0,0.0,2.3074043,0.0,8.065526,0.0,0.0,0.0,0.0,0.0,0.0,0.0,3.1642256,3.1642256,0.0,0.21994388,13.485217094421387,2.9659909843445575,-0.0,3.1642256,0.0,-0.0,0.0,-0.0,0.013610869,0.013610869,-0.0,1.0,3.8456817,4.672622,3.7882907,1.0137738,6.4854035,2.1560724,3.4538224,8.065526,1.1160252,1.6876166,0.33245,0.1383698,0.5325532,0.20923826,6.4854035,0.0,3.3144567,3.3144567,1.0137738,-0.0,12.2,23.43053,18.333334,18.333334,2.0
resstock-amy2018-2021-release-1-9634,0.0,0.8311989,1.4638984,0.0,2.3074043,1.5308568,0.16306788,0.0,0.0,0.0,0.0,0.0,0.0,0.0,-2.7835033,0.0,-2.7835033,0.0,13.485180854797363,0.0,2.7835033,0.0,0.0,-0.0,0.0,-0.0,0.004541979,0.004541979,-0.0,1.0,3.8456817,0.8311989,0.0,0.9688246,2.0235825,0.71204287,1.0531801,0.16306788,0.02256367,0.03412004,0.3518724,0.1383698,0.5204533,0.20923826,2.0235825,0.0,4.804769,4.804769,0.9688246,-0.0,11.1,19.569014,17.777779,17.777779,2.0
resstock-amy2018-2021-release-1-9634,0.0,0.8311989,0.0,0.0,2.3074043,0.0,0.16306788,0.0,0.0,0.0,0.0,0.0,0.0,0.0,0.0,0.0,0.0,0.0,13.485180854797363,0.0,-0.0,0.0,0.0,-0.0,0.0,-0.0,0.004541979,0.004541979,-0.0,1.0,3.8456817,0.8311989,0.0,0.8939127,3.2013168,1.1072394,1.6414735,0.16306788,0.02256367,0.03412004,0.34587,0.1383698,0.5127495,0.20923826,3.2013168,0.0,3.1990001,3.1990001,0.8939127,-0.0,11.1,19.031284,17.777779,17.777779,2.0
resstock-amy2018-2021-release-1-9634,0.0,0.8311989,0.0,0.0,0.4239699,0.0,0.0,0.0,0.0,0.0,0.0,0.0,0.0,0.0,0.0,0.0,0.0,0.0,13.485180854797363,0.0,-0.0,0.0,0.0,-0.0,0.0,-0.0,0.0,0.0,-0.0,0.9988788,3.8456817,0.8311989,0.0,0.8328848,1.2568547,0.38567418,0.6451318,0.0,0.0,0.0,0.30685663,0.1383698,0.5132907,0.0,1.2568547,0.0,1.2568547,1.2568547,0.8328848,-0.0,11.1,18.043358,18.88889,18.88889,2.0
resstock-amy2018-2021-release-1-9634,0.0,2.4122741,0.42597705,0.0,1.3088608,0.44546115,0.0,0.0,0.0,0.0,0.0,0.0,0.0,0.0,0.0,0.0,0.0,0.0,13.485180854797363,0.0,-0.0,0.0,0.0,-0.0,0.0,-0.0,0.0,0.0,-0.0,0.9977588,3.8456817,2.4122741,0.0,0.74050707,2.4948292,0.731999,1.2875227,0.0,0.0,0.0,0.29340646,0.1383698,0.5160765,0.0,2.4948292,0.0,2.4948292,2.4948292,0.74050707,-0.0,8.9,18.404919,18.625,18.625,2.0
resstock-amy2018-2021-release-1-9634,1.5344069,0.7972532,7.5612073,0.0,0.43964615,7.9070554,0.0,0.0,0.0,0.0,0.0,0.0,0.0,0.0,0.0,0.0,0.0,0.0,13.485180854797363,0.0,-0.0,0.0,0.0,-0.0,0.0,-0.0,0.0,0.0,-0.0,0.9966401,3.8456817,0.7972532,0.0,1.3725067,9.719208,2.7080007,5.0232944,0.0,0.0,0.0,0.2786236,0.1383698,0.51684195,0.0,9.719208,0.0,9.719208,9.719208,1.3725067,-0.0,8.3,16.82447,18.333334,18.333334,2.0
resstock-amy2018-2021-release-1-9634,0.0,0.809963,0.0,0.0,0.43348762,0.0,0.0,0.0,0.0,0.0,0.0,0.0,0.0,0.0,0.0,0.0,0.0,0.0,13.485180854797363,0.0,-0.0,0.0,0.0,-0.0,0.0,-0.0,0.0,0.0,-0.0,0.9955226,3.8456817,0.809963,0.0,0.5703331,1.0038208,0.27503443,0.50385284,0.0,0.0,0.0,0.2739876,0.1383698,0.50193506,0.0,1.0038208,0.0,1.0038208,1.0038208,0.5703331,-0.0,9.4,16.237919,17.777779,17.777779,2.0
resstock-amy2018-2021-release-1-9634,0.0,7.852713,0.0,0.0,2.3074043,0.0,4.032763,0.0,0.0,0.0,0.0,0.0,0.0,0.0,0.0,0.0,0.0,0.0,13.485180854797363,0.0,-0.0,0.0,0.0,-0.0,0.0,-0.0,0.0,0.0,-0.0,0.99440646,3.8456817,4.064422,3.7882907,0.4057807,2.713185,0.73179376,1.4067304,4.032763,0.5580126,0.8438083,0.2697176,0.1383698,0.51847935,0.20923826,2.713185,0.0,2.713185,2.713185,0.4057807,-0.0,7.2,20.592194,17.777779,17.777779,2.0
resstock-amy2018-2021-release-1-9634,0.0,0.79172045,0.0,0.0,2.3074043,0.0,0.5413031,0.0,0.0,0.0,0.0,0.0,0.0,0.0,0.0,0.0,0.0,0.0,13.485180854797363,0.0,-0.0,0.0,0.0,-0.0,0.0,-0.0,0.027176028,0.027176028,-0.0,1.0,3.8456817,0.79172045,0.0,0.40127003,2.7086744,0.742011,1.4061935,0.5413031,0.0749,0.11326132,0.2739388,0.1383698,0.51914454,0.20923826,2.7086744,0.0,2.6934874,2.6934874,0.40127003,-0.0,7.8,17.493843,17.222221,17.222221,2.0
resstock-amy2018-2021-release-1-9634,0.0,8.543453,0.0,0.0,2.3074043,0.0,8.065525,0.0,0.0,0.0,0.0,0.0,0.0,0.0,3.1642256,3.1642256,0.0,0.21994388,13.485139846801758,2.9659739942032957,-0.0,3.1642256,0.0,-0.0,0.0,-0.0,0.004541979,0.004541979,-0.0,1.0,3.8456817,4.7551627,3.7882905,0.40161616,5.873246,1.6004549,3.0473788,8.065525,1.1160251,1.6876165,0.2724992,0.1383698,0.51885766,0.20923826,5.873246,0.0,2.7068167,2.7068167,0.40161616,-0.0,12.78,22.872051,17.222221,17.222221,2.0
resstock-amy2018-2021-release-1-9634,0.0,0.0,0.0,0.0,2.055914,0.0,0.0,0.0,0.0,0.0,0.0,0.0,0.0,0.0,3.1170685,3.1170685,0.0,0.43638724,13.485099792480469,5.884725491522204,-0.0,3.1170685,0.0,-0.0,0.0,-0.0,0.004541979,0.004541979,-0.0,1.0,3.8456817,0.0,0.0,0.42079672,5.593779,1.5322849,2.9101627,0.0,0.0,0.0,0.2739266,0.1383698,0.52024984,0.0,5.593779,0.0,2.4742825,2.4742825,0.42079672,-0.0,9.44,18.696087,17.222221,17.222221,2.0
resstock-amy2018-2021-release-1-9634,0.0,0.0,0.0,0.0,0.0,0.0,0.0,0.0,0.0,0.0,0.0,0.0,0.0,0.0,-3.070662,0.0,-3.070662,0.19362286,13.48505973815918,2.6110157977981885,3.070662,0.0,0.0,-0.0,0.0,-0.0,0.0,0.0,-0.0,0.9988788,3.8456817,0.0,0.0,0.45650008,-2.614162,-0.7315225,0.0,0.0,0.0,0.0,0.2798306,0.1383698,0.5187515,0.0,0.0,-2.614162,0.45650005,0.45650005,0.45650008,-0.0,8.3,17.226944,17.222221,17.222221,2.0
resstock-amy2018-2021-release-1-9634,0.0,0.0,0.0,0.0,2.1832235,0.0,0.0,0.0,0.0,0.0,0.0,0.0,0.0,0.0,3.122712,3.122712,0.0,0.41048566,13.485018730163574,5.535406747073665,-0.0,3.122712,0.0,-0.0,0.0,-0.0,0.009078935,0.009078935,-0.0,1.0,3.8456817,0.0,0.0,0.5189465,5.8248816,1.7669953,2.997917,0.0,0.0,0.0,0.303353,0.1383698,0.5146743,0.0,5.8248816,0.0,2.6970155,2.6970155,0.5189465,-0.0,7.2,16.3751,17.222221,17.222221,2.0
resstock-amy2018-2021-release-1-9634,0.0,7.9172044,0.0,0.0,2.3074043,0.0,8.065526,0.0,0.0,0.0,0.0,0.0,0.0,0.0,3.0762155,3.0762155,0.0,0.62388855,13.484978675842285,8.413123822369073,-0.0,3.0762155,0.0,-0.0,0.0,-0.0,0.004541979,0.004541979,-0.0,1.0,3.8456817,4.128914,3.7882907,0.61453795,5.9981575,2.089584,3.079938,8.065526,1.1160252,1.6876166,0.348371,0.1383698,0.51348066,0.20923826,5.9981575,0.0,2.9194038,2.9194038,0.61453795,-0.0,7.8,21.325935,17.777779,17.777779,2.0
resstock-amy2018-2021-release-1-9634,0.0,0.0,0.0,0.0,0.0,0.0,0.0,0.0,0.0,0.0,0.0,0.0,0.0,0.0,-3.0304608,0.0,-3.0304608,0.38412353,13.484939575195312,5.179882644917143,3.0304608,0.0,0.0,-0.0,0.0,-0.0,0.0,0.0,-0.0,0.9988788,3.8456817,0.0,0.0,1.1432062,-1.9552727,-0.6712608,0.0,0.0,0.0,0.0,0.343308,0.1383698,0.51711977,0.0,0.0,-1.9552727,1.0751882,1.1432062,1.1432062,-0.06801803,10.6,18.460014,18.402779,18.402779,2.0
resstock-amy2018-2021-release-1-9634,1.0350046,8.460913,6.995897,0.0,2.3074043,7.315888,8.065526,0.0,0.0,0.0,0.0,0.0,0.0,0.0,3.0818677,3.0818677,0.0,0.5979475,13.484899520874023,8.063261663559615,-0.0,3.0818677,0.0,-0.0,0.0,-0.0,0.009078935,0.009078935,-0.0,1.0,3.8456817,4.672622,3.7882907,0.98876023,13.501713,4.735726,7.036509,8.065526,1.1160252,1.6876166,0.35075,0.1383698,0.5211568,0.20923826,13.501713,0.0,10.415361,10.607568,0.98876023,-0.1922067,12.2,24.216028,18.333334,18.333334,2.0
resstock-amy2018-2021-release-1-9634,0.0,0.0,0.0,0.0,0.0,0.0,0.0,0.0,0.0,0.0,0.0,0.0,0.0,0.0,-3.036023,0.0,-3.036023,0.35776797,13.48486042022705,4.824451129781011,3.036023,0.0,0.0,-0.0,0.0,-0.0,0.0,0.0,-0.0,0.9988788,3.8456817,0.0,0.0,1.0176544,-2.3582087,-0.73117596,0.0,0.0,0.0,0.0,0.31005567,0.1383698,0.52319777,0.0,0.0,-2.3582087,0.67781425,1.0176544,1.0176544,-0.3398402,12.2,21.226791,18.333334,18.333334,2.0
resstock-amy2018-2021-release-1-9634,0.022586789,8.790249,0.0,0.0,2.3074043,0.0,8.065525,0.0,0.0,0.0,0.0,0.0,0.0,0.0,3.0875185,3.0875185,0.0,0.5720128,13.484820365905762,7.71348961357819,-0.0,3.0875185,0.0,-0.0,0.0,-0.0,0.009078935,0.009078935,-0.0,1.0,3.8456817,5.0019584,3.7882905,0.9885135,5.863177,1.8162873,3.0724883,8.065525,1.1160251,1.6876165,0.3097787,0.1383698,0.52403134,0.20923826,5.863177,0.0,2.7714703,3.2917297,0.9885135,-0.5202593,14.4,27.75097,18.333334,18.333334,2.0
resstock-amy2018-2021-release-1-9634,0.1602157,0.0,0.0,0.0,1.7740136,0.0,0.0,0.0,0.0,0.0,0.0,0.0,0.0,0.0,3.0415833,3.0415833,0.0,0.78283244,13.484781265258789,10.556324270833215,-0.0,3.0415833,0.0,-0.0,0.0,-0.0,0.004541979,0.004541979,-0.0,1.0,3.8456817,0.0,0.0,0.98500293,5.2260666,1.5436567,2.7463787,0.0,0.0,0.0,0.2953764,0.1383698,0.52551544,0.0,5.2260666,0.0,2.182388,2.7569218,0.98500293,-0.5745336,14.4,24.238987,18.88889,18.88889,2.0
resstock-amy2018-2021-release-1-9634,0.82439166,9.078365,0.0,0.0,2.3074043,0.0,8.065526,0.0,0.0,0.0,0.0,0.0,0.0,0.0,2.8693452,2.8693452,0.0,0.982159,13.48474407196045,13.244163002663413,-0.0,2.8693452,0.0,-0.0,0.0,-0.0,0.004541979,0.004541979,-0.0,1.0,3.8456817,5.290075,3.7882905,1.1613982,5.7592726,1.7027439,3.0434349,8.065526,1.1160252,1.6876166,0.2956526,0.1383698,0.52844083,0.20923826,5.7592726,0.0,2.8879464,3.4668212,1.1613982,-0.57887495,16.1,28.917826,18.88889,18.88889,2.0
resstock-amy2018-2021-release-1-9634,0.8042036,0.0,0.0,0.0,0.0,0.0,0.0,0.0,0.0,0.0,0.0,0.0,0.0,0.0,-0.916936,0.0,-0.916936,0.9053476,13.484732627868652,12.208370128155593,0.916936,0.0,0.0,-0.0,0.0,-0.0,0.0,0.0,-0.0,0.9988788,3.8456817,0.0,0.0,1.0769501,-0.34126312,-0.10170781,0.0,0.0,0.0,0.0,0.29803342,0.1383698,0.5262481,0.0,0.0,-0.34126312,0.57567286,1.0769501,1.0769501,-0.5012772,17.8,25.06454,19.444445,19.444445,2.0
resstock-amy2018-2021-release-1-9634,1.133252,5.4948745,0.0,0.0,2.3074043,0.0,4.032763,0.0,0.0,0.0,0.0,0.0,0.0,0.0,1.2920809,1.2920809,0.0,0.99250823,13.484715461730957,13.383691109949325,-0.0,1.2920809,0.0,-0.0,0.0,-0.0,0.009078935,0.009078935,-0.0,1.0,3.8456817,5.4948745,2.2071566e-07,1.0391173,4.204655,1.2895429,2.2389581,4.032763,0.5580126,0.8438083,0.3066941,0.1383698,0.5324951,0.20923826,4.204655,0.0,2.908762,3.3427093,1.0391173,-0.43394727,17.2,26.769175,19.444445,19.444445,2.0
resstock-amy2018-2021-release-1-9634,0.6276078,0.0,0.0,0.0,0.0,0.0,0.0,0.0,0.0,0.0,0.0,0.0,0.0,0.0,-0.81556594,0.0,-0.81556594,0.9236915,13.484704971313477,12.455707512420759,0.81556594,0.0,0.0,-0.0,0.0,-0.0,0.0,0.0,-0.0,0.9988788,3.8456817,0.0,0.0,0.9770343,-0.11147487,-0.03568079,0.0,0.0,0.0,0.0,0.3200792,0.1383698,0.5457783,0.0,0.0,-0.11147487,0.7040911,0.9770343,0.9770343,-0.2729432,16.7,23.173727,20.0,20.0,2.0
resstock-amy2018-2021-release-1-9634,0.2655372,0.0,0.0,0.0,1.802431,0.0,0.0,0.0,0.0,0.0,0.0,0.0,0.0,0.0,-1.4896271,0.0,-1.4896271,0.80262536,13.484685897827148,10.823150847672991,1.4896271,0.0,0.0,-0.0,0.0,-0.0,0.009078935,0.009078935,-0.0,1.0,3.8456817,0.0,0.0,1.0207806,1.2684313,0.43018222,0.7143475,0.0,0.0,0.0,0.33914506,0.1383698,0.56317395,0.0,1.2684313,0.0,2.7538033,2.8189566,1.0207806,-0.06515329,13.9,22.005869,20.0,20.0,2.0
resstock-amy2018-2021-release-1-9634,0.0,8.619975,0.7320706,0.0,2.3074043,0.7655554,8.065526,0.0,0.0,0.0,0.0,0.0,0.0,0.0,2.6754332,2.6754332,0.0,0.98938394,13.484651565551758,13.341497640547914,-0.0,2.6754332,0.0,-0.0,0.0,-0.0,0.004541979,0.004541979,-0.0,1.0,3.8456817,4.8316846,3.7882907,1.0137738,6.7621665,2.4493184,3.6663969,8.065526,1.1160252,1.6876166,0.36220914,0.1383698,0.54219264,0.20923826,6.7621665,0.0,4.084564,4.084564,1.0137738,-0.0,13.3,26.832493,20.0,20.0,2.0
resstock-amy2018-2021-release-1-9634,0.0,0.0,0.0,0.0,1.8649491,0.0,0.0,0.0,0.0,0.0,0.0,0.0,0.0,0.0,-0.84616834,0.0,-0.84616834,0.91814846,13.484640121459961,12.380901534257305,0.84616834,0.0,0.0,-0.0,0.0,-0.0,0.004541979,0.004541979,-0.0,1.0,3.8456817,0.0,0.0,0.9688246,1.9876053,0.709277,1.0592717,0.0,0.0,0.0,0.35685,0.1383698,0.53293866,0.0,1.9876053,0.0,2.831571,2.831571,0.9688246,-0.0,12.8,22.232279,20.0,20.0,2.0
resstock-amy2018-2021-release-1-9634,0.0,8.311989,1.4641389,0.0,2.3074043,1.5311083,4.032763,0.0,0.0,0.0,0.0,0.0,0.0,0.0,-1.5439208,0.0,-1.5439208,0.79296464,13.484620094299316,10.692826881928056,1.5439208,0.0,0.0,-0.0,0.0,-0.0,0.0,0.0,-0.0,0.9988788,3.8456817,4.523698,3.7882907,0.8939127,3.1885042,1.0127203,1.6915048,4.032763,0.5580126,0.8438083,0.3176161,0.1383698,0.53050107,0.20923826,3.1885042,0.0,4.7324247,4.7324247,0.8939127,-0.0,11.1,27.647697,19.444445,19.444445,2.0
resstock-amy2018-2021-release-1-9634,0.0,0.8392022,0.73206943,0.0,2.3074043,0.76555413,0.08638915,0.0,0.0,0.0,0.0,0.0,0.0,0.0,-2.7700996,0.0,-2.7700996,0.5749431,13.484583854675293,7.752868784075133,2.7700996,0.0,0.0,-0.0,0.0,-0.0,0.009078935,0.009078935,-0.0,1.0,3.8456817,0.8392022,0.0,0.8328848,1.1357436,0.33995873,0.59456754,0.08638915,0.011953649,0.018075915,0.299327,0.1383698,0.5235051,0.20923826,1.1357436,0.0,3.9012928,3.9012928,0.8328848,-0.0,11.7,22.092175,18.88889,18.88889,2.0
resstock-amy2018-2021-release-1-9634,0.0,0.8392022,0.0,0.0,0.4206107,0.0,0.0,0.0,0.0,0.0,0.0,0.0,0.0,0.0,-3.040955,0.0,-3.040955,0.33439595,13.48454475402832,4.509177086891327,3.040955,0.0,0.0,-0.0,0.0,-0.0,0.0,0.0,-0.0,0.9988788,3.8456817,0.8392022,0.0,0.45562336,-2.164721,-0.6380838,0.0,0.0,0.0,0.0,0.2947649,0.1383698,0.49787343,0.0,0.0,-2.164721,0.87623405,0.87623405,0.45562336,-0.0,11.7,21.15683,18.625,18.625,2.0
resstock-amy2018-2021-release-1-9634,0.0,8.624465,0.0,0.0,2.3074043,0.0,4.0327625,0.0,0.0,0.0,0.0,0.0,0.0,0.0,0.0,0.0,0.0,0.33358768,13.48454475402832,4.498277950280283,-0.0,0.0,0.0,-0.0,0.0,-0.0,0.0,0.0,-0.0,0.9977588,3.8456817,4.8361745,3.7882905,0.4437969,2.7512012,0.77732384,1.2734809,4.0327625,0.55801255,0.84380823,0.2825398,0.1383698,0.46288177,0.20923826,2.7512012,0.0,2.7512012,2.7512012,0.4437969,-0.0,13.33,25.195465,18.88889,18.88889,2.0
resstock-amy2018-2021-release-1-9634,0.0,0.8040914,0.0,0.0,2.3074043,0.0,0.42277935,0.0,0.0,0.0,0.0,0.0,0.0,0.0,-3.0927029,0.0,-3.0927029,0.089175224,13.484504699707031,1.202483731227403,3.0927029,0.0,0.0,-0.0,0.0,-0.0,0.013610869,0.013610869,-0.0,1.0,3.8456817,0.8040914,0.0,0.4247888,-0.36050987,-0.10026745,0.0,0.42277935,0.058499895,0.088461615,0.27812678,0.1383698,0.46690562,0.20923826,0.0,-0.36050987,2.724808,2.724808,0.4247888,-0.0,8.9,21.10469,18.333334,18.333334,2.0
