bld_id,cooling demand,heating demand,dhw demand,cooling electricity consumption,heating electricity consumption,dhw electricity consumption,heating fuel consumption,dhw fuel consumption,dhw storage electricity consumption,positive dhw storage electricity consumption,negative dhw storage electricity consumption,dhw soc storage,dhw capacity,dhw stored energy (?),electrical storage electricity consumption,positive electrical storage electricity consumption,negative electrical storage electricity consumption,electrical storage soc,electrical capacity history,stored electrical energy,energy from electrical storage,energy to electrical storage,energy from cooling device,energy from dhw device,energy from dhw device to dhw storage,energy from dhw storage,energy from heating fuel device to heating storage,energy from heating device to heating storage,energy from heating storage,heating storage soc,heating storage capacity,energy from heating device,energy from heating fuel device,energy to non shiftable load,net electricity consumption,net electricity cost,net electricity emission,net fuel consumption,net fuel cost,net fuel emission,electricity price,fuel price,electricity carbon intensity,fuel carbon intensity,positive net electricity consumption,negative net electricity consumption,net electricity consumption without storage,net electricity consumption without storage and pv,non shiftable load,solar generation,outdoor_temperature,indoor_temperature,heating_sp,cooling_sp,comfort_band
resstock-amy2018-2021-release-1-230010,0.0,2.0266614,0.0,0.0,0.89644045,0.0,2.2389514,0.0,0.0,0.0,0.0,0.0,0.0,0.0,0.0,0.0,0.0,0.0,3.5,0.0,-0.0,0.0,0.0,-0.0,0.0,-0.0,0.0,0.0,-0.0,0.0,7.7320657,2.0266614,2.0266614,0.17371795,1.0701584,0.35042122,0.56321377,2.2389514,0.30980325,0.4684743,0.327448,0.1383698,0.5262901,0.20923826,1.0701584,0.0,1.0701584,1.0701584,0.17371795,-0.0,8.9,19.987698,20.0,20.0,2.0
resstock-amy2018-2021-release-1-230010,0.0,1.9707816,0.0,0.0,1.1154528,0.0,0.0,0.0,0.0,0.0,0.0,0.0,0.0,0.0,0.058471348,0.058471348,0.0,0.015248618,3.4999983310699463,0.05337013786144218,-0.0,0.058471348,0.0,-0.0,0.0,-0.0,0.5139365,0.5139365,-0.0,0.0645168,7.7320657,1.9707816,0.0,0.17255284,1.3464769,0.4329998,0.73213434,0.0,0.0,0.0,0.3215798,0.1383698,0.54374075,0.0,1.3464769,0.0,1.0572865,1.0572865,0.17255284,-0.0,8.3,19.999966,20.0,20.0,2.0
resstock-amy2018-2021-release-1-230010,0.0,2.0063493,0.0,0.0,0.9286453,0.0,0.0,0.0,0.0,0.0,0.0,0.0,0.0,0.0,0.0,0.0,0.0,0.015168706,3.4999983310699463,0.05309044552750786,-0.0,0.0,0.0,-0.0,0.0,-0.0,0.062247343,0.062247343,-0.0,0.071994565,7.7320657,2.0063493,0.0,0.1715587,1.100204,0.34958872,0.5914197,0.0,0.0,0.0,0.317749,0.1383698,0.53755456,0.0,1.100204,0.0,1.0722595,1.0722595,0.1715587,-0.0,8.3,20.0,20.0,20.0,2.0
resstock-amy2018-2021-release-1-230010,0.0,2.0433211,0.0,0.0,1.1755066,0.0,0.0,0.0,0.0,0.0,0.0,0.0,0.0,0.0,0.048585862,0.048585862,0.0,0.02775068,3.4999969005584717,0.09712729476926496,-0.0,0.048585862,0.0,-0.0,0.0,-0.0,0.5064295,0.5064295,-0.0,0.13519357,7.7320657,2.0433211,0.0,0.17625715,1.4003496,0.44473758,0.7485691,0.0,0.0,0.0,0.3175904,0.1383698,0.5345587,0.0,1.4003496,0.0,1.1182855,1.1182855,0.17625715,-0.0,7.2,20.0,20.0,20.0,2.0
resstock-amy2018-2021-release-1-230010,0.0,2.2071686,0.0,0.0,1.2846138,0.0,0.0,0.0,0.0,0.0,0.0,0.0,0.0,0.0,0.08223713,0.08223713,0.0,0.049088825,3.4999945163726807,0.171810616706499,-0.0,0.08223713,0.0,-0.0,0.0,-0.0,0.5627167,0.5627167,-0.0,0.205129,7.7320657,2.2071686,0.0,0.19809042,1.5649414,0.49685764,0.841188,0.0,0.0,0.0,0.3174928,0.1383698,0.53752047,0.0,1.5649414,0.0,1.2217283,1.2217283,0.19809042,-0.0,6.95,20.0,20.0,20.0,2.0
resstock-amy2018-2021-release-1-230010,0.0,1.3951596,0.5365488,0.0,0.6166512,0.54257274,0.0,0.0,0.0,0.0,0.0,0.0,0.0,0.0,0.04175966,0.04175966,0.0,0.0597087,3.499993324279785,0.2089800499454526,-0.0,0.04175966,0.0,-0.0,0.0,-0.0,0.0,0.0,0.07337509,0.1942826,7.7320657,1.3217845,0.0,0.25351024,1.4544938,0.4617913,0.78009,0.0,0.0,0.0,0.3174928,0.1383698,0.53633094,0.0,1.4544938,0.0,1.4469657,1.4469657,0.25351024,-0.0,6.7,20.0,20.0,20.0,2.0
resstock-amy2018-2021-release-1-230010,0.0,1.8786697,0.0,0.0,0.81444037,0.0,0.0,0.0,0.0,0.0,0.0,0.0,0.0,0.0,-0.012162205,0.0,-0.012162205,0.055575814,3.499993085861206,0.19451496508452681,0.012162205,0.0,0.0,-0.0,0.0,-0.0,0.0,0.0,0.063134566,0.18485725,7.7320657,1.8155352,0.0,0.44679707,1.2490752,0.39577997,0.6773391,0.0,0.0,0.0,0.3168584,0.1383698,0.54227245,0.0,1.2490752,0.0,1.2895592,1.2895592,0.44679707,-0.0,8.33,20.0,20.0,20.0,2.0
resstock-amy2018-2021-release-1-230010,0.0,2.8748426,0.0,0.0,1.5718315,0.0,0.0,0.0,0.0,0.0,0.0,0.0,0.0,0.0,0.07803237,0.07803237,0.0,0.07566346,3.499990940093994,0.26482143248043855,-0.0,0.07803237,0.0,-0.0,0.0,-0.0,0.32100806,0.32100806,-0.0,0.22419094,7.7320657,2.8748426,0.0,0.40985033,2.059714,0.65414536,1.1261986,0.0,0.0,0.0,0.3175904,0.1383698,0.54677427,0.0,2.059714,0.0,1.8237987,1.8237987,0.40985033,-0.0,4.4,20.0,20.0,20.0,2.0
resstock-amy2018-2021-release-1-230010,0.0,1.8353989,0.0,0.0,1.0024399,0.0,0.0,0.0,0.0,0.0,0.0,0.0,0.0,0.0,0.009732785,0.009732785,0.0,0.077796094,3.499990701675415,0.2722856060450862,-0.0,0.009732785,0.0,-0.0,0.0,-0.0,0.43034086,0.43034086,-0.0,0.27704453,7.7320657,1.8353989,0.0,0.67009085,1.6703191,0.5277263,0.9162689,0.0,0.0,0.0,0.3159434,0.1383698,0.5485592,0.0,1.6703191,0.0,1.470189,1.4821334,0.67009085,-0.011944417,8.89,20.0,20.0,20.0,2.0
resstock-amy2018-2021-release-1-230010,0.0,1.6129447,0.0,0.0,0.9486193,0.0,0.0,0.0,0.0,0.0,0.0,0.0,0.0,0.0,0.008204641,0.008204641,0.0,0.07952021,3.499990463256836,0.27831997881926895,-0.0,0.008204641,0.0,-0.0,0.0,-0.0,0.5920135,0.5920135,-0.0,0.34991804,7.7320657,1.6129447,0.0,0.85219574,1.7780087,0.5617501,1.0019686,0.0,0.0,0.0,0.3159434,0.1383698,0.56353414,0.0,1.7780087,0.0,1.5151074,1.5461185,0.85219574,-0.031011108,10.0,20.0,20.0,20.0,2.0
resstock-amy2018-2021-release-1-230010,0.0,1.4408853,0.0,0.0,0.7331961,0.0,0.0,0.0,0.0,0.0,0.0,0.0,0.0,0.0,0.17289712,0.17289712,0.0,0.12456757,3.499985456466675,0.43598467740496005,-0.0,0.17289712,0.0,-0.0,0.0,-0.0,0.28990394,0.28990394,-0.0,0.38448635,7.7320657,1.4408853,0.0,0.88575613,1.717074,0.5231839,0.9960016,0.0,0.0,0.0,0.304695,0.1383698,0.58005744,0.0,1.717074,0.0,1.421368,1.4961433,0.88575613,-0.07477538,10.6,20.0,20.0,20.0,2.0
resstock-amy2018-2021-release-1-230010,0.0,1.2046653,0.0,0.0,0.7651937,0.0,0.0,0.0,0.0,0.0,0.0,0.0,0.0,0.0,0.18045798,0.18045798,0.0,0.17139275,3.4999802112579346,0.599871246373997,-0.0,0.18045798,0.0,-0.0,0.0,-0.0,0.6254238,0.6254238,-0.0,0.46099377,7.7320657,1.2046653,0.0,1.0489328,1.8739436,0.5509769,1.0987742,0.0,0.0,0.0,0.29402,0.1383698,0.5863433,0.0,1.8739436,0.0,1.4319844,1.5526253,1.0489328,-0.120640874,11.1,20.0,20.0,20.0,2.0
resstock-amy2018-2021-release-1-230010,0.0,1.1556468,0.0,0.0,0.5881869,0.0,0.0,0.0,0.0,0.0,0.0,0.0,0.0,0.0,-0.01985275,0.0,-0.01985275,0.1642626,3.4999797344207764,0.5749157458972007,0.01985275,0.0,0.0,-0.0,0.0,-0.0,0.29303426,0.29303426,-0.0,0.4953758,7.7320657,1.1556468,0.0,0.8474973,1.2715319,0.38083655,0.7238773,0.0,0.0,0.0,0.29951,0.1383698,0.5692954,0.0,1.2715319,0.0,1.1724082,1.3167077,0.8474973,-0.14429949,12.2,20.0,20.0,20.0,2.0
resstock-amy2018-2021-release-1-230010,0.0,1.0125922,0.0,0.0,0.7324208,0.0,0.0,0.0,0.0,0.0,0.0,0.0,0.0,0.0,-0.04906303,0.0,-0.04906303,0.14803335,3.4999783039093018,0.5181135157263483,0.04906303,0.0,0.0,-0.0,0.0,-0.0,0.82114637,0.82114637,-0.0,0.59587497,7.7320657,1.0125922,0.0,0.6752373,1.2064223,0.3508708,0.6795118,0.0,0.0,0.0,0.2908358,0.1383698,0.56324536,0.0,1.2064223,0.0,0.927508,1.0796807,0.6752373,-0.1521727,12.8,20.0,20.0,20.0,2.0
resstock-amy2018-2021-release-1-230010,0.0,0.81522006,0.0,0.0,0.67711246,0.0,0.0,0.0,0.0,0.0,0.0,0.0,0.0,0.0,-0.20715564,0.0,-0.20715564,0.08310479,3.499972343444824,0.290864464007484,0.20715564,0.0,0.0,-0.0,0.0,-0.0,0.88004476,0.88004476,-0.0,0.7032438,7.7320657,0.81522006,0.0,0.5891643,0.9183836,0.28260556,0.5204533,0.0,0.0,0.0,0.3077206,0.1383698,0.56670576,0.0,0.9183836,0.0,0.77403706,0.9147746,0.5891643,-0.14073755,12.8,20.24964,20.0,20.0,2.0
resstock-amy2018-2021-release-1-230010,0.0,1.2516451,0.0,0.0,0.788192,0.0,0.0,0.0,0.0,0.0,0.0,0.0,0.0,0.0,-0.13918962,0.0,-0.13918962,0.03954754,3.4999682903289795,0.13841513682655027,0.13918962,0.0,0.0,-0.0,0.0,-0.0,0.74928564,0.74928564,-0.0,0.79363793,7.7320657,1.2516451,0.0,0.5077328,1.0538301,0.33499488,0.60549074,0.0,0.0,0.0,0.3178832,0.1383698,0.574562,0.0,1.0538301,0.0,0.89786667,1.0007718,0.5077328,-0.10290504,13.3,21.061924,20.0,20.0,2.0
resstock-amy2018-2021-release-1-230010,0.0,0.69094104,0.0,0.0,0.5546031,0.0,0.0,0.0,0.0,0.0,0.0,0.0,0.0,0.0,0.023555724,0.023555724,0.0,0.045467675,3.499967575073242,0.15913538727670584,-0.0,0.023555724,0.0,-0.0,0.0,-0.0,0.65676373,0.65676373,-0.0,0.8719461,7.7320657,0.69094104,0.0,0.61996514,1.1562946,0.37548053,0.6857058,0.0,0.0,0.0,0.3247274,0.1383698,0.59301996,0.0,1.1562946,0.0,0.86246955,0.90429896,0.61996514,-0.04182939,11.7,20.986427,20.0,20.0,2.0
resstock-amy2018-2021-release-1-230010,0.0,0.39735985,0.0,0.0,1.2264154e-08,0.0,0.0,0.0,0.0,0.0,0.0,0.0,0.0,0.0,0.27710798,0.27710798,0.0,0.11863878,3.4999594688415527,0.41523093435925773,-0.0,0.27710798,0.0,-0.0,0.0,-0.0,0.0,0.0,0.39735982,0.8144538,7.7320657,2.9802322e-08,0.0,0.61548764,0.89259565,0.31129202,0.5460376,0.0,0.0,0.0,0.3487492,0.1383698,0.6117413,0.0,0.89259565,0.0,0.7790079,0.7790079,0.61548764,-0.0,11.7,20.753212,20.0,20.0,2.0
resstock-amy2018-2021-release-1-230010,0.0,0.31505015,2.099048,0.0,0.21089801,2.1226144,0.0,0.0,0.0,0.0,0.0,0.0,0.0,0.0,0.12502559,0.12502559,0.0,0.15078004,3.499955892562866,0.5277234791381709,-0.0,0.12502559,0.0,-0.0,0.0,-0.0,0.18279776,0.18279776,-0.0,0.83315426,7.7320657,0.31505015,0.0,0.9804306,3.4389687,1.2691095,2.0135427,0.0,0.0,0.0,0.3690378,0.1383698,0.5855077,0.0,3.4389687,0.0,3.2365065,3.2365065,0.9804306,-0.0,10.6,20.515274,20.0,20.0,2.0
resstock-amy2018-2021-release-1-230010,0.0,0.49891376,0.0,0.0,0.78929496,0.0,0.0,0.0,0.0,0.0,0.0,0.0,0.0,0.0,0.08952617,0.08952617,0.0,0.17338999,3.499953269958496,0.606856849029711,-0.0,0.08952617,0.0,-0.0,0.0,-0.0,1.36369,1.36369,-0.0,1.0,7.7320657,0.49891376,0.0,1.2661974,2.1450186,0.82673824,1.1289951,0.0,0.0,0.0,0.3854224,0.1383698,0.52633345,0.0,2.1450186,0.0,1.4778068,1.4778068,1.2661974,-0.0,10.6,20.637081,20.0,20.0,2.0
resstock-amy2018-2021-release-1-230010,0.0,1.3902013,0.0,0.0,0.87169564,0.0,0.0,0.0,0.0,0.0,0.0,0.0,0.0,0.0,0.05221294,0.05221294,0.0,0.1860916,3.4999518394470215,0.6513116441956583,-0.0,0.05221294,0.0,-0.0,0.0,-0.0,0.04153847,0.04153847,-0.0,1.0,7.7320657,1.3902013,0.0,0.53082556,1.4547341,0.54574347,0.76308244,0.0,0.0,0.0,0.37515,0.1383698,0.52455115,0.0,1.4547341,0.0,1.3849247,1.3849247,0.53082556,-0.0,10.6,21.665009,20.0,20.0,2.0
resstock-amy2018-2021-release-1-230010,0.0,1.7619989,0.0,0.0,0.0,0.0,0.0,0.0,0.0,0.0,0.0,0.0,0.0,0.0,0.10766505,0.10766505,0.0,0.21329463,3.499948740005493,0.7465202550066863,-0.0,0.10766505,0.0,-0.0,0.0,-0.0,0.0,0.0,1.7619991,0.7600108,7.7320657,0.0,0.0,0.18133548,0.2890005,0.0972241,0.14929369,0.0,0.0,0.0,0.336415,0.1383698,0.51658624,0.0,0.2890005,0.0,0.9723414,0.9723414,0.18133548,-0.0,8.3,22.161428,20.0,20.0,2.0
resstock-amy2018-2021-release-1-230010,0.0,0.8611332,0.18966305,0.0,0.11219594,0.19179244,0.0,0.0,0.0,0.0,0.0,0.0,0.0,0.0,-0.09425009,0.0,-0.09425009,0.18275103,3.499946117401123,0.6396187569540217,0.09425009,0.0,0.0,-0.0,0.0,-0.0,0.0,0.0,0.62064254,0.67335117,7.7320657,0.24049067,0.0,0.1787773,0.3885156,0.12482501,0.19662969,0.0,0.0,0.0,0.321287,0.1383698,0.506105,0.0,0.3885156,0.0,0.7723136,0.7723136,0.1787773,-0.0,6.7,21.600826,19.930555,19.930555,2.0
resstock-amy2018-2021-release-1-230010,0.0,0.59689325,0.0,0.0,1.1117285,0.0,0.0,0.0,0.0,0.0,0.0,0.0,0.0,0.0,0.03031635,0.03031635,0.0,0.18968318,3.4999451637268066,0.6638807425779518,-0.0,0.03031635,0.0,-0.0,0.0,-0.0,1.9164889,1.9164889,-0.0,0.9104256,7.7320657,0.59689325,0.0,0.17528197,1.3173269,0.41750252,0.64099807,0.0,0.0,0.0,0.3169316,0.1383698,0.48658997,0.0,1.3173269,0.0,0.43930203,0.43930203,0.17528197,-0.0,8.9,21.287079,19.444445,19.444445,2.0
resstock-amy2018-2021-release-1-230010,0.0,0.8986281,0.0,0.0,0.6717624,0.0,0.0,0.0,0.0,0.0,0.0,0.0,0.0,0.0,-0.0060174586,0.0,-0.0060174586,0.18679827,3.4999449253082275,0.653783672952315,0.0060174586,0.0,0.0,-0.0,0.0,-0.0,0.6200838,0.6200838,-0.0,0.98352015,7.7320657,0.8986281,0.0,0.17371795,0.8394629,0.26604205,0.42466563,0.0,0.0,0.0,0.3169194,0.1383698,0.5058778,0.0,0.8394629,0.0,0.5712025,0.5712025,0.17371795,-0.0,8.9,21.370932,19.444445,19.444445,2.0
resstock-amy2018-2021-release-1-230010,0.0,0.4832024,0.0,0.0,0.2597089,0.0,0.0,0.0,0.0,0.0,0.0,0.0,0.0,0.0,0.32578334,0.32578334,0.0,0.27241975,3.4999356269836426,0.9534515909355434,-0.0,0.32578334,0.0,-0.0,0.0,-0.0,0.09531029,0.09531029,-0.0,0.99035627,7.7320657,0.4832024,0.0,0.17255284,0.7580451,0.24017446,0.36687958,0.0,0.0,0.0,0.316834,0.1383698,0.48398122,0.0,0.7580451,0.0,0.38947454,0.38947454,0.17255284,-0.0,8.3,20.709614,18.88889,18.88889,2.0
resstock-amy2018-2021-release-1-230010,0.0,0.45523077,0.0,0.0,0.4045909,0.0,0.0,0.0,0.0,0.0,0.0,0.0,0.0,0.0,0.2928307,0.2928307,0.0,0.34865278,3.499927282333374,1.2202593769793708,-0.0,0.2928307,0.0,-0.0,0.0,-0.0,0.117959335,0.117959335,-0.0,1.0,7.7320657,0.45523077,0.0,0.1715587,0.8689803,0.26768938,0.4368956,0.0,0.0,0.0,0.30805,0.1383698,0.50276816,0.0,0.8689803,0.0,0.521767,0.521767,0.1715587,-0.0,7.2,20.268799,18.88889,18.88889,2.0
resstock-amy2018-2021-release-1-230010,0.0,0.62024796,0.0,0.0,0.6710867,0.0,0.0,0.0,0.0,0.0,0.0,0.0,0.0,0.0,0.23739156,0.23739156,0.0,0.40953687,3.49992036819458,1.4333464270081464,-0.0,0.23739156,0.0,-0.0,0.0,-0.0,0.04153847,0.04153847,-0.0,1.0,7.7320657,0.62024796,0.0,0.17625715,1.0847354,0.33415276,0.5581343,0.0,0.0,0.0,0.30805,0.1383698,0.514535,0.0,1.0847354,0.0,0.8281934,0.8281934,0.17625715,-0.0,7.2,20.189606,18.88889,18.88889,2.0
resstock-amy2018-2021-release-1-230010,0.0,0.7101532,0.0,0.0,0.75672245,0.0,0.0,0.0,0.0,0.0,0.0,0.0,0.0,0.0,0.17659567,0.17659567,0.0,0.45383963,3.499915361404419,1.5884002922609781,-0.0,0.17659567,0.0,-0.0,0.0,-0.0,0.04153847,0.04153847,-0.0,1.0,7.7320657,0.7101532,0.0,0.19809042,1.1314086,0.3566605,0.6068576,0.0,0.0,0.0,0.3152358,0.1383698,0.5363735,0.0,1.1314086,0.0,0.935434,0.935434,0.19809042,-0.0,6.7,20.140102,18.333334,18.333334,2.0
resstock-amy2018-2021-release-1-230010,0.32238626,0.5977235,0.0,0.0,0.35019672,0.0,0.0,0.0,0.0,0.0,0.0,0.0,0.0,0.0,0.22257675,0.22257675,0.0,0.510197,3.499908924102783,1.78564297670178,-0.0,0.22257675,0.0,-0.0,0.0,-0.0,0.04153847,0.04153847,-0.0,1.0,7.7320657,0.5977235,0.0,0.25351024,0.8262837,0.2604742,0.45335045,0.0,0.0,0.0,0.3152358,0.1383698,0.548662,0.0,0.8262837,0.0,0.5845566,0.5845566,0.25351024,-0.0,7.2,19.969988,17.222221,17.222221,2.0
resstock-amy2018-2021-release-1-230010,0.0,0.5613667,0.0,0.0,0.17162237,0.0,0.0,0.0,0.0,0.0,0.0,0.0,0.0,0.0,0.24043298,0.24043298,0.0,0.57105166,3.4999020099639893,1.9986248428270557,-0.0,0.24043298,0.0,-0.0,0.0,-0.0,0.0,0.0,0.17907062,0.9709255,7.7320657,0.38229606,0.0,0.30414134,0.71619666,0.23709476,0.39431,0.0,0.0,0.0,0.331047,0.1383698,0.5505611,0.0,0.71619666,0.0,0.556153,0.556153,0.30414134,-0.0,8.3,19.989826,19.444445,19.444445,2.0
resstock-amy2018-2021-release-1-230010,0.0,0.7572144,0.0,0.0,0.5215542,0.0,0.0,0.0,0.0,0.0,0.0,0.0,0.0,0.0,-0.036825307,0.0,-0.036825307,0.5565136,3.499901056289673,1.947742562735769,0.036825307,0.0,0.0,-0.0,0.0,-0.0,0.27193636,0.27193636,-0.0,1.0,7.7320657,0.7572144,0.0,0.40985033,0.8945792,0.3003714,0.49889928,0.0,0.0,0.0,0.3357684,0.1383698,0.5576916,0.0,0.8945792,0.0,0.81112057,0.81112057,0.40985033,-0.0,8.9,20.304045,20.0,20.0,2.0
resstock-amy2018-2021-release-1-230010,0.0,0.7864462,0.0,0.0,0.24541898,0.0,0.0,0.0,0.0,0.0,0.0,0.0,0.0,0.0,-0.098178454,0.0,-0.098178454,0.52295357,3.4998981952667236,1.8302842554630416,0.098178454,0.0,0.0,-0.0,0.0,-0.0,0.0,0.0,0.2246185,0.96485656,7.7320657,0.5618277,0.0,0.67009085,0.8053984,0.28088203,0.45802957,0.0,0.0,0.0,0.3487492,0.1383698,0.56869936,0.0,0.8053984,0.0,1.0016953,1.0136282,0.67009085,-0.011932995,9.4,20.583805,20.0,20.0,2.0
resstock-amy2018-2021-release-1-230010,0.0,0.9239391,0.0,0.0,0.32150614,0.0,0.0,0.0,0.0,0.0,0.0,0.0,0.0,0.0,-0.03373436,0.0,-0.03373436,0.50963426,3.4998972415924072,1.783667528065564,0.03373436,0.0,0.0,-0.0,0.0,-0.0,0.0,0.0,0.14266795,0.94081575,7.7320657,0.78127116,0.0,0.85219574,1.1071849,0.37347317,0.63496816,0.0,0.0,0.0,0.3373178,0.1383698,0.57349783,0.0,1.1071849,0.0,1.1996295,1.2324122,0.85219574,-0.0327827,11.7,21.088129,20.0,20.0,2.0
resstock-amy2018-2021-release-1-230010,0.0,0.75117123,0.0,0.0,2.4528308e-08,0.0,0.0,0.0,0.0,0.0,0.0,0.0,0.0,0.0,0.21173859,0.21173859,0.0,0.562796,3.4998910427093506,1.969724667603856,-0.0,0.21173859,0.0,-0.0,0.0,-0.0,0.0,0.0,0.7511712,0.8358213,7.7320657,5.9604645e-08,0.0,0.88575613,1.0406833,0.34118864,0.6036501,0.0,0.0,0.0,0.3278506,0.1383698,0.5800517,0.0,1.0406833,0.0,1.1380641,1.1948756,0.88575613,-0.056811452,11.7,21.179281,20.0,20.0,2.0
resstock-amy2018-2021-release-1-230010,0.0,0.63019913,0.0,0.0,0.0,0.0,0.0,0.0,0.0,0.0,0.0,0.0,0.0,0.0,0.34111357,0.34111357,0.0,0.6506196,3.4998812675476074,2.2770914414945196,-0.0,0.34111357,0.0,-0.0,0.0,-0.0,0.0,0.0,0.63019925,0.747493,7.7320657,0.0,0.0,0.85131556,1.1397159,0.37034196,0.6780671,0.0,0.0,0.0,0.32494235,0.1383698,0.59494394,0.0,1.1397159,0.0,1.0503128,1.1030259,0.85131556,-0.05271318,12.8,21.164116,20.0,20.0,2.0
resstock-amy2018-2021-release-1-230010,0.0,0.46380055,0.0,0.0,0.105726354,0.0,0.0,0.0,0.0,0.0,0.0,0.0,0.0,0.0,0.33096254,0.33096254,0.0,0.7352191,3.4998717308044434,2.573172617462376,-0.0,0.33096254,0.0,-0.0,0.0,-0.0,0.0,0.0,0.19082531,0.718169,7.7320657,0.27297524,0.0,0.8474973,1.2362845,0.39913258,0.74932104,0.0,0.0,0.0,0.3228485,0.1383698,0.6061073,0.0,1.2362845,0.0,0.97923076,1.0271324,0.8474973,-0.047901664,13.9,20.98576,20.0,20.0,2.0
resstock-amy2018-2021-release-1-230010,0.0,0.45083988,0.0,0.0,0.3674062,0.0,0.0,0.0,0.0,0.0,0.0,0.0,0.0,0.0,0.32890266,0.32890266,0.0,0.81881493,3.4998621940612793,2.865739428989542,-0.0,0.32890266,0.0,-0.0,0.0,-0.0,0.48186985,0.48186985,-0.0,0.7749154,7.7320657,0.45083988,0.0,0.6752373,1.328239,0.4286544,0.81683224,0.0,0.0,0.0,0.32272387,0.1383698,0.61497384,0.0,1.328239,0.0,0.8095217,0.85282904,0.6752373,-0.043307338,13.3,20.856276,20.0,20.0,2.0
resstock-amy2018-2021-release-1-230010,0.0,0.33678824,0.0,0.0,0.5344261,0.0,0.0,0.0,0.0,0.0,0.0,0.0,0.0,0.0,0.25526357,0.25526357,0.0,0.88204193,3.499854803085327,3.0870186892661877,-0.0,0.25526357,0.0,-0.0,0.0,-0.0,1.0199236,1.0199236,-0.0,0.8989103,7.7320657,0.33678824,0.0,0.5891643,1.3526404,0.44265535,0.8397004,0.0,0.0,0.0,0.3272528,0.1383698,0.62078613,0.0,1.3526404,0.0,0.695616,0.72182965,0.5891643,-0.026213633,13.3,20.67789,20.0,20.0,2.0
resstock-amy2018-2021-release-1-230010,0.0,0.31375292,0.0,0.0,0.9348661,0.0,0.0,0.0,0.0,0.0,0.0,0.0,0.0,0.0,0.31257653,0.31257653,0.0,0.9604322,3.4998457431793213,3.361364448162277,-0.0,0.31257653,0.0,-0.0,0.0,-0.0,0.8426132,0.8426132,-0.0,1.0,7.7320657,0.31375292,0.0,0.5077328,1.7387263,0.57610923,1.0784124,0.0,0.0,0.0,0.3313398,0.1383698,0.6202313,0.0,1.7387263,0.0,1.0840358,1.1004848,0.5077328,-0.016449057,12.2,20.548067,20.0,20.0,2.0
resstock-amy2018-2021-release-1-230010,0.0,0.3251102,0.0,0.0,0.7174815,0.0,0.0,0.0,0.0,0.0,0.0,0.0,0.0,0.0,0.1559496,0.1559496,0.0,0.9965023,3.4998412132263184,3.487599749441472,-0.0,0.1559496,0.0,-0.0,0.0,-0.0,0.04153847,0.04153847,-0.0,1.0,7.7320657,0.3251102,0.0,0.61996514,1.488273,0.50605184,0.9234501,0.0,0.0,0.0,0.3400262,0.1383698,0.62048435,0.0,1.488273,0.0,1.3154582,1.3205814,0.61996514,-0.0051232013,12.2,20.586273,20.0,20.0,2.0
resstock-amy2018-2021-release-1-230010,0.0,0.23937127,0.0,0.0,0.51771456,0.0,0.0,0.0,0.0,0.0,0.0,0.0,0.0,0.0,0.030361414,0.030361414,0.0,0.99925494,3.499840259552002,3.497232675358987,-0.0,0.030361414,0.0,-0.0,0.0,-0.0,0.04153847,0.04153847,-0.0,1.0,7.7320657,0.23937127,0.0,0.61548764,1.1635636,0.47483867,0.7201466,0.0,0.0,0.0,0.40809,0.1383698,0.61891466,0.0,1.1635636,0.0,1.116337,1.116337,0.61548764,0.0,12.2,20.559261,20.0,20.0,2.0
resstock-amy2018-2021-release-1-230010,0.0,0.2648882,0.0,0.0,0.15093373,0.0,0.0,0.0,0.0,0.0,0.0,0.0,0.0,0.0,0.02077651,0.02077651,0.0,0.99947256,3.4998395442962646,3.497993583671601,-0.0,0.02077651,0.0,-0.0,0.0,-0.0,0.04153847,0.04153847,-0.0,1.0,7.7320657,0.2648882,0.0,0.62622243,0.7979327,0.3110262,0.48413306,0.0,0.0,0.0,0.38979,0.1383698,0.6067342,0.0,0.7979327,0.0,0.7600624,0.7600624,0.62622243,-0.0,11.7,20.586254,20.0,20.0,2.0
resstock-amy2018-2021-release-1-230010,0.0,0.3481423,0.37968644,0.0,0.5839845,0.38394925,0.0,0.0,0.0,0.0,0.0,0.0,0.0,0.0,0.0200181,0.0200181,0.0,0.9994942,3.4998390674591064,3.498068831305119,-0.0,0.0200181,0.0,-0.0,0.0,-0.0,0.04153847,0.04153847,-0.0,1.0,7.7320657,0.3481423,0.0,0.604688,1.5926399,0.62662417,0.9554177,0.0,0.0,0.0,0.39345,0.1383698,0.5998956,0.0,1.5926399,0.0,1.5557566,1.5557566,0.604688,-0.0,12.2,20.738327,20.0,20.0,2.0
resstock-amy2018-2021-release-1-230010,0.46440813,0.5694082,1.2649419,0.0,0.85303366,1.2791437,0.0,0.0,0.0,0.0,0.0,0.0,0.0,0.0,0.019942284,0.019942284,0.0,0.9995052,3.4998385906219482,3.498106946936801,-0.0,0.019942284,0.0,-0.0,0.0,-0.0,0.04153847,0.04153847,-0.0,1.0,7.7320657,0.5694082,0.0,0.53082556,2.6829453,0.92778665,1.5921409,0.0,0.0,0.0,0.345809,0.1383698,0.5934303,0.0,2.6829453,0.0,2.6466405,2.6466405,0.53082556,-0.0,13.3,21.14235,20.0,20.0,2.0
resstock-amy2018-2021-release-1-230010,0.0,0.8878159,0.0,0.0,0.5768292,0.0,0.0,0.0,0.0,0.0,0.0,0.0,0.0,0.0,0.019903421,0.019903421,0.0,0.99945724,3.49983811378479,3.497938542016499,-0.0,0.019903421,0.0,-0.0,0.0,-0.0,0.04153847,0.04153847,-0.0,1.0,7.7320657,0.8878159,0.0,0.18133548,0.77806807,0.25780493,0.45618105,0.0,0.0,0.0,0.3313398,0.1383698,0.58629966,0.0,0.77806807,0.0,0.7407966,0.7407966,0.18133548,-0.0,11.1,21.554409,20.0,20.0,2.0
resstock-amy2018-2021-release-1-230010,0.0,0.6367637,0.37968376,0.0,0.9323751,0.38394654,0.0,0.0,0.0,0.0,0.0,0.0,0.0,0.0,0.020070076,0.020070076,0.0,0.99951404,3.499837636947632,3.4981368675080518,-0.0,0.020070076,0.0,-0.0,0.0,-0.0,0.04153847,0.04153847,-0.0,1.0,7.7320657,0.6367637,0.0,0.1787773,1.515169,0.49349573,0.87611336,0.0,0.0,0.0,0.3257034,0.1383698,0.5782281,0.0,1.515169,0.0,1.477731,1.477731,0.1787773,-0.0,11.1,21.479107,20.0,20.0,2.0
resstock-amy2018-2021-release-1-230010,0.9187162,0.83435684,0.0,0.0,0.3161457,0.0,0.0,0.0,0.0,0.0,0.0,0.0,0.0,0.0,-0.052732587,0.0,-0.052732587,0.9777625,3.4998362064361572,3.4220086698886263,0.052732587,0.0,0.0,-0.0,0.0,-0.0,0.0,0.0,0.088060476,0.983052,7.7320657,0.74629635,0.0,0.17528197,0.43869507,0.13781606,0.249687,0.0,0.0,0.0,0.31415,0.1383698,0.56915843,0.0,0.43869507,0.0,0.5287318,0.5287318,0.17528197,-0.0,10.6,21.644005,18.26389,18.26389,2.0
resstock-amy2018-2021-release-1-230010,0.0,0.53552264,0.0,0.0,0.1511606,0.0,0.0,0.0,0.0,0.0,0.0,0.0,0.0,0.0,0.0956018,0.0956018,0.0,0.9978679,3.499833345413208,3.4923712886214986,-0.0,0.0956018,0.0,-0.0,0.0,-0.0,0.0,0.0,0.17869155,0.9541164,7.7320657,0.35683107,0.0,0.17371795,0.42048034,0.12479411,0.22474389,0.0,0.0,0.0,0.2967894,0.1383698,0.5344932,0.0,0.42048034,0.0,0.40057576,0.40057576,0.17371795,-0.0,10.6,21.242981,20.0,20.0,2.0
resstock-amy2018-2021-release-1-230010,0.0,0.5036186,0.0,0.0,0.0,0.0,0.0,0.0,0.0,0.0,0.0,0.0,0.0,0.0,0.025599003,0.025599003,0.0,0.9993986,3.4998326301574707,3.4977277927852697,-0.0,0.025599003,0.0,-0.0,0.0,-0.0,0.0,0.0,0.5036186,0.88203734,7.7320657,0.0,0.0,0.17255284,0.19815184,0.05351998,0.10564153,0.0,0.0,0.0,0.2700958,0.1383698,0.5331342,0.0,0.19815184,0.0,0.3858955,0.3858955,0.17255284,-0.0,10.6,20.962925,19.444445,19.444445,2.0
resstock-amy2018-2021-release-1-230010,0.0,0.47183493,0.0,0.0,0.12700474,0.0,0.0,0.0,0.0,0.0,0.0,0.0,0.0,0.0,0.020268679,0.020268679,0.0,0.9994842,3.4998321533203125,3.4980268748131493,-0.0,0.020268679,0.0,-0.0,0.0,-0.0,0.0,0.0,0.18108813,0.85330915,7.7320657,0.2907468,0.0,0.1715587,0.3188321,0.07487772,0.16829324,0.0,0.0,0.0,0.23485,0.1383698,0.5278428,0.0,0.3188321,0.0,0.3776668,0.3776668,0.1715587,-0.0,9.4,20.61339,19.444445,19.444445,2.0
resstock-amy2018-2021-release-1-230010,0.0,0.45572436,0.0,0.0,9.112827e-08,0.0,0.0,0.0,0.0,0.0,0.0,0.0,0.0,0.0,-0.015764467,0.0,-0.015764467,0.9892962,3.4998316764831543,3.4623701708040926,0.015764467,0.0,0.0,-0.0,0.0,-0.0,0.0,0.0,0.45572415,0.7881373,7.7320657,2.0861626e-07,0.0,0.17625715,0.16049278,0.036712725,0.08460889,0.0,0.0,0.0,0.22875,0.1383698,0.5271819,0.0,0.16049278,0.0,0.3753278,0.3753278,0.17625715,-0.0,9.4,20.382257,19.444445,19.444445,2.0
resstock-amy2018-2021-release-1-230010,0.0,0.45885503,0.0,0.0,0.055135764,0.0,0.0,0.0,0.0,0.0,0.0,0.0,0.0,0.0,-0.040459983,0.0,-0.040459983,0.9714301,3.499830484390259,3.3998407574135427,0.040459983,0.0,0.0,-0.0,0.0,-0.0,0.0,0.0,0.3306982,0.7399642,7.7320657,0.12815684,0.0,0.19809042,0.2127662,0.04831565,0.11187963,0.0,0.0,0.0,0.2270833,0.1383698,0.52583367,0.0,0.2127662,0.0,0.3954995,0.3954995,0.19809042,-0.0,10.0,20.297544,18.88889,18.88889,2.0
resstock-amy2018-2021-release-1-230010,0.0,0.42998105,0.0,0.0,0.0,0.0,0.0,0.0,0.0,0.0,0.0,0.0,0.0,0.0,0.065664314,0.065664314,0.0,0.9834726,3.499828577041626,3.4419854600932354,-0.0,0.065664314,0.0,-0.0,0.0,-0.0,0.0,0.0,0.42998108,0.6788135,7.7320657,0.0,0.0,0.25351024,0.31917456,0.0862077,0.1656797,0.0,0.0,0.0,0.2700958,0.1383698,0.51908803,0.0,0.31917456,0.0,0.4465396,0.4465396,0.25351024,-0.0,8.3,20.155739,18.333334,18.333334,2.0
resstock-amy2018-2021-release-1-230010,0.0,0.48310468,0.0,0.0,0.094016925,0.0,0.0,0.0,0.0,0.0,0.0,0.0,0.0,0.0,0.075713634,0.075713634,0.0,0.9981612,3.499826431274414,3.493390938913535,-0.0,0.075713634,0.0,-0.0,0.0,-0.0,0.0,0.0,0.26457298,0.6400212,7.7320657,0.2185317,0.0,0.44679707,0.6165276,0.19863138,0.31952882,0.0,0.0,0.0,0.3221776,0.1383698,0.5182717,0.0,0.6165276,0.0,0.6546388,0.6546388,0.44679707,-0.0,10.0,20.29948,18.88889,18.88889,2.0
resstock-amy2018-2021-release-1-230010,0.0,0.46087533,3.5996015,0.0,0.32066268,3.640015,0.0,0.0,0.0,0.0,0.0,0.0,0.0,0.0,0.024570704,0.024570704,0.0,0.99937844,3.4998257160186768,3.497650374021134,-0.0,0.024570704,0.0,-0.0,0.0,-0.0,0.2534144,0.2534144,-0.0,0.6684961,7.7320657,0.46087533,0.0,0.6007284,4.5859766,1.4777787,2.382806,0.0,0.0,0.0,0.3222386,0.1383698,0.5195853,0.0,4.5859766,0.0,4.447642,4.447642,0.6007284,-0.0,8.3,20.32196,20.0,20.0,2.0
resstock-amy2018-2021-release-1-230010,0.0,0.73538315,0.0,0.0,0.6850261,0.0,0.0,0.0,0.0,0.0,0.0,0.0,0.0,0.0,0.007447729,0.007447729,0.0,0.99607617,3.4998254776000977,3.4860927456011837,-0.0,0.007447729,0.0,-0.0,0.0,-0.0,0.88169587,0.88169587,-0.0,0.7756935,7.7320657,0.73538315,0.0,0.67009085,1.3617146,0.45227006,0.7101914,0.0,0.0,0.0,0.3321328,0.1383698,0.5215421,0.0,1.3617146,0.0,0.9807633,0.98161346,0.67009085,-0.0008501114,10.6,20.679329,20.0,20.0,2.0
resstock-amy2018-2021-release-1-230010,0.0,0.61090785,0.0,0.0,0.18645194,0.0,0.0,0.0,0.0,0.0,0.0,0.0,0.0,0.0,0.03182912,0.03182912,0.0,0.99915797,3.4998245239257812,3.4968775498241484,-0.0,0.03182912,0.0,-0.0,0.0,-0.0,0.0,0.0,0.15782312,0.7506197,7.7320657,0.45308474,0.0,0.85219574,1.0615184,0.35094628,0.5628981,0.0,0.0,0.0,0.3306078,0.1383698,0.53027636,0.0,1.0615184,0.0,1.0946362,1.1035945,0.85219574,-0.008958376,11.7,20.80722,20.0,20.0,2.0
resstock-amy2018-2021-release-1-230010,0.0,0.41640657,0.0,0.0,0.47752172,0.0,0.0,0.0,0.0,0.0,0.0,0.0,0.0,0.0,0.021098375,0.021098375,0.0,0.9994773,3.499823808670044,3.497994544805394,-0.0,0.021098375,0.0,-0.0,0.0,-0.0,0.7791493,0.7791493,-0.0,0.8445158,7.7320657,0.41640657,0.0,0.88575613,1.3661935,0.44015694,0.7265519,0.0,0.0,0.0,0.3221776,0.1383698,0.5318074,0.0,1.3661935,0.0,1.033892,1.0520748,0.88575613,-0.018182758,12.8,20.754967,20.0,20.0,2.0
resstock-amy2018-2021-release-1-230010,0.0,0.35180557,0.0,0.0,0.5548827,0.0,0.0,0.0,0.0,0.0,0.0,0.0,0.0,0.0,0.019985676,0.019985676,0.0,0.99952394,3.4998233318328857,3.4981571978955657,-0.0,0.019985676,0.0,-0.0,0.0,-0.0,1.0374365,1.0374365,-0.0,0.9703462,7.7320657,0.35180557,0.0,0.85131556,1.4146767,0.43613634,0.7511425,0.0,0.0,0.0,0.308294,0.1383698,0.5309641,0.0,1.4146767,0.0,0.9803244,0.9918316,0.85131556,-0.011507235,12.8,20.544476,20.0,20.0,2.0
resstock-amy2018-2021-release-1-230010,0.0,0.32909742,0.0,0.0,0.05472388,0.0,0.0,0.0,0.0,0.0,0.0,0.0,0.0,0.0,0.019823074,0.019823074,0.0,0.99951464,3.4998228549957275,3.498124178796516,-0.0,0.019823074,0.0,-0.0,0.0,-0.0,0.0,0.0,0.19611648,0.93915504,7.7320657,0.13298094,0.0,0.8474973,0.9049681,0.2732551,0.47414905,0.0,0.0,0.0,0.30195,0.1383698,0.5239401,0.0,0.9049681,0.0,0.96585023,0.98292637,0.8474973,-0.017076109,11.7,20.2221,20.49537,20.49537,2.0
resstock-amy2018-2021-release-1-230010,0.0,0.33113968,0.0,0.0,0.31373072,0.0,0.0,0.0,0.0,0.0,0.0,0.0,0.0,0.0,0.019854784,0.019854784,0.0,0.9995413,3.4998223781585693,3.498216948925119,-0.0,0.019854784,0.0,-0.0,0.0,-0.0,0.43123668,0.43123668,-0.0,0.98839295,7.7320657,0.33113968,0.0,0.6752373,0.99655855,0.30061907,0.5096606,0.0,0.0,0.0,0.3016572,0.1383698,0.5114206,0.0,0.99655855,0.0,0.7992427,0.8115069,0.6752373,-0.01226426,11.7,19.995739,20.0,20.0,2.0
resstock-amy2018-2021-release-1-230010,0.0,0.31677327,0.0,0.0,0.22046915,0.0,0.0,0.0,0.0,0.0,0.0,0.0,0.0,0.0,0.019761562,0.019761562,0.0,0.99954283,3.499821901321411,3.4982218960533658,-0.0,0.019761562,0.0,-0.0,0.0,-0.0,0.13351753,0.13351753,-0.0,1.0,7.7320657,0.31677327,0.0,0.5891643,0.8163826,0.25168586,0.4073228,0.0,0.0,0.0,0.308294,0.1383698,0.49893615,0.0,0.8163826,0.0,0.7422639,0.7552764,0.5891643,-0.0130124455,12.1,19.90741,20.0,20.0,2.0
resstock-amy2018-2021-release-1-230010,1.0854865,0.26713595,0.0,0.0,0.29979074,0.0,0.0,0.0,0.0,0.0,0.0,0.0,0.0,0.0,0.019755602,0.019755602,0.0,0.9995441,3.499821424484253,3.4982258001520705,-0.0,0.019755602,0.0,-0.0,0.0,-0.0,0.04153847,0.04153847,-0.0,1.0,7.7320657,0.26713595,0.0,0.5077328,0.8152598,0.26108697,0.39681932,0.0,0.0,0.0,0.32025,0.1383698,0.4867397,0.0,0.8152598,0.0,0.77841043,0.7904298,0.5077328,-0.01201932,11.7,19.869709,18.13889,18.13889,2.0
resstock-amy2018-2021-release-1-230010,0.0,0.22867957,0.0,0.0,4.983046e-08,0.0,0.0,0.0,0.0,0.0,0.0,0.0,0.0,0.0,0.019751072,0.019751072,0.0,0.99954206,3.4998209476470947,3.4982182309424417,-0.0,0.019751072,0.0,-0.0,0.0,-0.0,0.0,0.0,0.22867945,0.9643155,7.7320657,1.1920929e-07,0.0,0.61996514,0.63472766,0.20706593,0.307689,0.0,0.0,0.0,0.326228,0.1383698,0.48475754,0.0,0.63472766,0.0,0.71056646,0.7155551,0.61996514,-0.0049885856,11.11,19.901686,19.444445,19.444445,2.0
resstock-amy2018-2021-release-1-230010,1.0300934,0.34043336,0.0,0.0,0.25622773,0.0,0.0,0.0,0.0,0.0,0.0,0.0,0.0,0.0,0.01975751,0.01975751,0.0,0.9995391,3.4998204708099365,3.4982073240458504,-0.0,0.01975751,0.0,-0.0,0.0,-0.0,0.2723785,0.2723785,-0.0,0.9934799,7.7320657,0.34043336,0.0,0.61548764,0.8914729,0.29678345,0.44344515,0.0,0.0,0.0,0.3329136,0.1383698,0.49742976,0.0,0.8914729,0.0,0.75782895,0.75782895,0.61548764,0.0,11.1,20.059036,17.777779,17.777779,2.0
resstock-amy2018-2021-release-1-230010,0.0,0.2916851,0.0,0.0,0.0,0.0,0.0,0.0,0.0,0.0,0.0,0.0,0.0,0.0,0.019767284,0.019767284,0.0,0.9995293,3.4998199939727783,3.4981726361219643,-0.0,0.019767284,0.0,-0.0,0.0,-0.0,0.0,0.0,0.2916851,0.9494343,7.7320657,0.0,0.0,0.62622243,0.6459897,0.21475928,0.335536,0.0,0.0,0.0,0.33245,0.1383698,0.5194138,0.0,0.6459897,0.0,0.7481813,0.7481813,0.62622243,-0.0,11.1,20.113722,17.777779,17.777779,2.0
resstock-amy2018-2021-release-1-230010,0.0,0.30321676,0.38003728,0.0,0.18357097,0.38430405,0.0,0.0,0.0,0.0,0.0,0.0,0.0,0.0,0.019800901,0.019800901,0.0,0.9995208,3.49981951713562,3.4981423289228815,-0.0,0.019800901,0.0,-0.0,0.0,-0.0,0.1491563,0.1491563,-0.0,0.9632077,7.7320657,0.30321676,0.0,0.604688,1.192364,0.39602318,0.62408036,0.0,0.0,0.0,0.3321328,0.1383698,0.5233975,0.0,1.192364,0.0,1.1120361,1.1120361,0.604688,-0.0,12.22,20.240211,17.777779,17.777779,2.0
resstock-amy2018-2021-release-1-230010,0.0,0.3632766,0.57005566,0.0,0.18266568,0.5764558,0.0,0.0,0.0,0.0,0.0,0.0,0.0,0.0,0.019830227,0.019830227,0.0,0.9994834,3.499819040298462,3.4980110566841205,-0.0,0.019830227,0.0,-0.0,0.0,-0.0,0.08060738,0.08060738,-0.0,0.9683041,7.7320657,0.3632766,0.0,0.53082556,1.3097773,0.42747778,0.68470573,0.0,0.0,0.0,0.3263744,0.1383698,0.52276504,0.0,1.3097773,0.0,1.2567757,1.2567757,0.53082556,-0.0,11.7,20.349033,18.481482,18.481482,2.0
resstock-amy2018-2021-release-1-230010,0.0,0.4409312,0.0,0.0,0.17238548,0.0,0.0,0.0,0.0,0.0,0.0,0.0,0.0,0.0,0.019959927,0.019959927,0.0,0.9994504,3.4998185634613037,3.497895012678285,-0.0,0.019959927,0.0,-0.0,0.0,-0.0,0.0,0.0,0.020905465,0.96046937,7.7320657,0.42002574,0.0,0.45349494,0.64584035,0.2067437,0.33614293,0.0,0.0,0.0,0.3201158,0.1383698,0.5204737,0.0,0.64584035,0.0,0.6344604,0.6344604,0.45349494,-0.0,11.8,20.491451,20.0,20.0,2.0
resstock-amy2018-2021-release-1-230010,0.0,0.5340332,0.0,0.0,0.2754707,0.0,0.0,0.0,0.0,0.0,0.0,0.0,0.0,0.0,0.02007413,0.02007413,0.0,0.999486,3.4998180866241455,3.4980192821406746,-0.0,0.02007413,0.0,-0.0,0.0,-0.0,0.1444402,0.1444402,-0.0,0.97359324,7.7320657,0.5340332,0.0,0.40152928,0.6970741,0.20926543,0.35697135,0.0,0.0,0.0,0.3002054,0.1383698,0.51209956,0.0,0.6970741,0.0,0.61835504,0.61835504,0.40152928,-0.0,12.2,20.672878,19.930555,19.930555,2.0
resstock-amy2018-2021-release-1-230010,0.0,0.5823525,0.0,0.0,0.6646858,0.0,0.0,0.0,0.0,0.0,0.0,0.0,0.0,0.0,0.019949675,0.019949675,0.0,0.99950385,3.4998176097869873,3.4980811785588344,-0.0,0.019949675,0.0,-0.0,0.0,-0.0,0.250796,0.250796,-0.0,1.0,7.7320657,0.5823525,0.0,0.17528197,0.8599174,0.23341408,0.43336958,0.0,0.0,0.0,0.2714378,0.1383698,0.5039665,0.0,0.8599174,0.0,0.7381407,0.7381407,0.17528197,-0.0,12.2,20.77853,20.0,20.0,2.0
resstock-amy2018-2021-release-1-230010,0.0,0.5150944,0.0,0.0,0.7170899,0.0,0.0,0.0,0.0,0.0,0.0,0.0,0.0,0.0,0.019887209,0.019887209,0.0,0.99949014,3.499817132949829,3.498032722726151,-0.0,0.019887209,0.0,-0.0,0.0,-0.0,0.04153847,0.04153847,-0.0,1.0,7.7320657,0.5150944,0.0,0.17371795,0.9106951,0.21554331,0.438366,0.0,0.0,0.0,0.23668,0.1383698,0.48135322,0.0,0.9106951,0.0,0.874034,0.874034,0.17371795,-0.0,12.4,20.677593,19.444445,19.444445,2.0
resstock-amy2018-2021-release-1-230010,0.0,0.40351498,0.0,0.0,0.56754667,0.0,0.0,0.0,0.0,0.0,0.0,0.0,0.0,0.0,0.019934416,0.019934416,0.0,0.9994951,3.499816656112671,3.4980495603743833,-0.0,0.019934416,0.0,-0.0,0.0,-0.0,0.04153847,0.04153847,-0.0,1.0,7.7320657,0.40351498,0.0,0.17255284,0.7600339,0.17777072,0.37312654,0.0,0.0,0.0,0.2338984,0.1383698,0.49093407,0.0,0.7600339,0.0,0.72323424,0.72323424,0.17255284,-0.0,12.2,20.427856,19.444445,19.444445,2.0
resstock-amy2018-2021-release-1-230010,0.0,0.37559414,0.0,0.0,0.16376726,0.0,0.0,0.0,0.0,0.0,0.0,0.0,0.0,0.0,0.019916773,0.019916773,0.0,0.9994763,3.4998161792755127,3.4979833731084398,-0.0,0.019916773,0.0,-0.0,0.0,-0.0,0.027758142,0.027758142,-0.0,0.9982701,7.7320657,0.37559414,0.0,0.1715587,0.35524273,0.07476083,0.1726685,0.0,0.0,0.0,0.21045,0.1383698,0.4860578,0.0,0.35524273,0.0,0.32405573,0.32405573,0.1715587,-0.0,12.2,20.218616,19.444445,19.444445,2.0
resstock-amy2018-2021-release-1-230010,0.0,0.46553373,0.0,0.0,8.584908e-08,0.0,0.0,0.0,0.0,0.0,0.0,0.0,0.0,0.0,-0.0821169,0.0,-0.0821169,0.96857816,3.4998137950897217,3.389843205322549,0.0821169,0.0,0.0,-0.0,0.0,-0.0,0.0,0.0,0.46553352,0.93103534,7.7320657,2.0861626e-07,0.0,0.17625715,0.094140336,0.022553332,0.045988858,0.0,0.0,0.0,0.2395714,0.1383698,0.48851386,0.0,0.094140336,0.0,0.36783206,0.36783206,0.17625715,-0.0,11.7,20.159565,19.444445,19.444445,2.0
resstock-amy2018-2021-release-1-230010,0.0,0.5652418,0.0,0.0,0.0,0.0,0.0,0.0,0.0,0.0,0.0,0.0,0.0,0.0,-0.030637892,0.0,-0.030637892,0.9538923,3.4998128414154053,3.3384444879417146,0.030637892,0.0,0.0,-0.0,0.0,-0.0,0.0,0.0,0.5652418,0.8508657,7.7320657,0.0,0.0,0.19809042,0.16745253,0.04096056,0.08331755,0.0,0.0,0.0,0.24461,0.1383698,0.4975592,0.0,0.16745253,0.0,0.4306969,0.4306969,0.19809042,-0.0,11.7,20.23947,18.88889,18.88889,2.0
resstock-amy2018-2021-release-1-230010,0.0,0.5201334,0.0,0.0,0.0,0.0,0.0,0.0,0.0,0.0,0.0,0.0,0.0,0.0,0.06279893,0.06279893,0.0,0.9652757,3.4998109340667725,3.378282466260444,-0.0,0.06279893,0.0,-0.0,0.0,-0.0,0.0,0.0,0.5201336,0.77712446,7.7320657,0.0,0.0,0.25351024,0.31630915,0.080073655,0.16113268,0.0,0.0,0.0,0.25315,0.1383698,0.50941515,0.0,0.31630915,0.0,0.4675539,0.4675539,0.25351024,-0.0,11.7,20.272621,18.88889,18.88889,2.0
resstock-amy2018-2021-release-1-230010,0.16746625,0.582654,1.29565,0.0,0.19991775,1.3101965,0.0,0.0,0.0,0.0,0.0,0.0,0.0,0.0,0.07366445,0.07366445,0.0,0.97944915,3.4998087882995605,3.4278847531746237,-0.0,0.07366445,0.0,-0.0,0.0,-0.0,0.0,0.0,0.09026451,0.761045,7.7320657,0.4923895,0.0,0.44679707,2.0305758,0.60466,1.0498273,0.0,0.0,0.0,0.2977776,0.1383698,0.5170097,0.0,2.0305758,0.0,1.9935601,1.9935601,0.44679707,-0.0,12.2,20.48742,19.444445,19.444445,2.0
resstock-amy2018-2021-release-1-230010,0.0,0.7049941,0.0,0.0,9.680163e-08,0.0,0.0,0.0,0.0,0.0,0.0,0.0,0.0,0.0,-0.15015182,0.0,-0.15015182,0.92762625,3.4998044967651367,3.246510528677277,0.15015182,0.0,0.0,-0.0,0.0,-0.0,0.0,0.0,0.70499384,0.6631408,7.7320657,2.3841858e-07,0.0,0.40985033,0.2596986,0.08316848,0.13597526,0.0,0.0,0.0,0.32025,0.1383698,0.5235887,0.0,0.2596986,0.0,0.6960888,0.6960888,0.40985033,-0.0,12.2,20.722452,20.0,20.0,2.0
resstock-amy2018-2021-release-1-230010,0.0,0.890668,0.0,0.0,0.48740116,0.0,0.0,0.0,0.0,0.0,0.0,0.0,0.0,0.0,-0.1841204,0.0,-0.1841204,0.86565185,3.4997992515563965,3.0296076825012506,0.1841204,0.0,0.0,-0.0,0.0,-0.0,0.3677546,0.3677546,-0.0,0.70584875,7.7320657,0.890668,0.0,0.67009085,0.96629095,0.34213307,0.50930595,0.0,0.0,0.0,0.3540684,0.1383698,0.5270731,0.0,0.96629095,0.0,1.0079759,1.0150566,0.67009085,-0.0070806514,13.9,21.190063,20.0,20.0,2.0
resstock-amy2018-2021-release-1-230010,0.0,0.5895499,0.0,0.0,0.4458173,0.0,0.0,0.0,0.0,0.0,0.0,0.0,0.0,0.0,0.04647857,0.04647857,0.0,0.8732257,3.499797821044922,3.0561133634128055,-0.0,0.04647857,0.0,-0.0,0.0,-0.0,0.54221666,0.54221666,-0.0,0.770235,7.7320657,0.5895499,0.0,0.85219574,1.3139614,0.4227518,0.7105946,0.0,0.0,0.0,0.3217384,0.1383698,0.54080325,0.0,1.3139614,0.0,1.0538968,1.0844269,0.85219574,-0.030530136,13.3,21.22255,20.0,20.0,2.0
resstock-amy2018-2021-release-1-230010,0.0,0.49000353,0.0,0.0,0.0,0.0,0.0,0.0,0.0,0.0,0.0,0.0,0.0,0.0,0.19301476,0.19301476,0.0,0.9194767,3.4997923374176025,3.217977466775139,-0.0,0.19301476,0.0,-0.0,0.0,-0.0,0.0,0.0,0.49000376,0.70092887,7.7320657,0.0,0.0,0.88575613,1.0195767,0.31884465,0.5657789,0.0,0.0,0.0,0.3127226,0.1383698,0.5549155,0.0,1.0195767,0.0,1.0195806,1.0787748,0.88575613,-0.05919421,13.3,21.19176,20.0,20.0,2.0
resstock-amy2018-2021-release-1-230010,0.0,0.39966416,0.0,0.0,0.0,0.0,0.0,0.0,0.0,0.0,0.0,0.0,0.0,0.0,0.16778108,0.16778108,0.0,0.9587607,3.4997875690460205,3.355458705242924,-0.0,0.16778108,0.0,-0.0,0.0,-0.0,0.0,0.0,0.39966428,0.6440213,7.7320657,0.0,0.0,0.85131556,0.9529217,0.28599086,0.5284216,0.0,0.0,0.0,0.30012,0.1383698,0.5545278,0.0,0.9529217,0.0,0.939935,1.00611,0.85131556,-0.06617492,13.9,21.056747,20.0,20.0,2.0
resstock-amy2018-2021-release-1-230010,0.0,0.40995172,0.0,0.0,0.34281212,0.0,0.0,0.0,0.0,0.0,0.0,0.0,0.0,0.0,0.16171098,0.16171098,0.0,0.9964811,3.4997828006744385,3.4874674870250573,-0.0,0.16171098,0.0,-0.0,0.0,-0.0,0.52006924,0.52006924,-0.0,0.70594966,7.7320657,0.40995172,0.0,0.8474973,1.2915045,0.381162,0.68503654,0.0,0.0,0.0,0.2951302,0.1383698,0.53041744,0.0,1.2915045,0.0,0.9380924,0.9986083,0.8474973,-0.060515888,15.6,21.053312,20.0,20.0,2.0
resstock-amy2018-2021-release-1-230010,0.0,0.36774933,0.0,0.0,0.39993817,0.0,0.0,0.0,0.0,0.0,0.0,0.0,0.0,0.0,0.030376434,0.030376434,0.0,0.9992922,3.499781847000122,3.497304683361463,-0.0,0.030376434,0.0,-0.0,0.0,-0.0,0.7172496,0.7172496,-0.0,0.7923081,7.7320657,0.36774933,0.0,0.6752373,1.0553842,0.31481054,0.5337647,0.0,0.0,0.0,0.29829,0.1383698,0.50575393,0.0,1.0553842,0.0,0.7606245,0.8107924,0.6752373,-0.050167855,15.6,20.98523,20.0,20.0,2.0
resstock-amy2018-2021-release-1-230010,0.0,0.37789065,0.0,0.0,0.25693274,0.0,0.0,0.0,0.0,0.0,0.0,0.0,0.0,0.0,0.020588398,0.020588398,0.0,0.9994869,3.499781370162964,3.497985713599064,-0.0,0.020588398,0.0,-0.0,0.0,-0.0,0.35410544,0.35410544,-0.0,0.832629,7.7320657,0.37789065,0.0,0.5891643,0.79594636,0.24865794,0.38652366,0.0,0.0,0.0,0.3124054,0.1383698,0.48561522,0.0,0.79594636,0.0,0.65106595,0.72180504,0.5891643,-0.070739105,17.2,21.132635,19.342592,19.342592,2.0
resstock-amy2018-2021-release-1-230010,0.0,0.3491386,0.0,0.0,0.47377852,0.0,0.0,0.0,0.0,0.0,0.0,0.0,0.0,0.0,0.019909859,0.019909859,0.0,0.99951166,3.4997808933258057,3.4980718073332895,-0.0,0.019909859,0.0,-0.0,0.0,-0.0,0.8741118,0.8741118,-0.0,0.93801856,7.7320657,0.3491386,0.0,0.5077328,0.92077035,0.29651678,0.46675238,0.0,0.0,0.0,0.3220312,0.1383698,0.5069151,0.0,0.92077035,0.0,0.56230724,0.6429581,0.5077328,-0.08065089,13.9,21.125927,20.0,20.0,2.0
resstock-amy2018-2021-release-1-230010,0.0,0.40751934,0.0,0.0,0.32720697,0.0,0.0,0.0,0.0,0.0,0.0,0.0,0.0,0.0,0.019823313,0.019823313,0.0,0.9995038,3.4997804164886475,3.498043795110746,-0.0,0.019823313,0.0,-0.0,0.0,-0.0,0.44946977,0.44946977,-0.0,0.98955125,7.7320657,0.40751934,0.0,0.61996514,0.9388126,0.31262365,0.47004893,0.0,0.0,0.0,0.332999,0.1383698,0.5006845,0.0,0.9388126,0.0,0.7473773,0.7755601,0.61996514,-0.028182829,14.4,21.307098,20.555555,20.555555,2.0
resstock-amy2018-2021-release-1-230010,0.0,0.3481086,0.0,0.0,0.44205528,0.0,0.0,0.0,0.0,0.0,0.0,0.0,0.0,0.0,0.019850016,0.019850016,0.0,0.99951,3.4997799396514893,3.4980650132367686,-0.0,0.019850016,0.0,-0.0,0.0,-0.0,0.124338344,0.124338344,-0.0,1.0,7.7320657,0.3481086,0.0,0.61548764,1.0761832,0.37323043,0.5829916,0.0,0.0,0.0,0.3468094,0.1383698,0.5417215,0.0,1.0761832,0.0,1.0088596,1.0100694,0.61548764,-0.001209748,14.4,21.323893,20.555555,20.555555,2.0
resstock-amy2018-2021-release-1-230010,0.0,0.40844905,0.0,0.0,0.18242468,0.0,0.0,0.0,0.0,0.0,0.0,0.0,0.0,0.0,0.019828081,0.019828081,0.0,0.99946845,3.499779462814331,3.497919140264429,-0.0,0.019828081,0.0,-0.0,0.0,-0.0,0.04153847,0.04153847,-0.0,1.0,7.7320657,0.40844905,0.0,1.6009483,1.8032011,0.63247275,1.0426792,0.0,0.0,0.0,0.35075,0.1383698,0.5782379,0.0,1.8032011,0.0,1.7677875,1.7677875,1.6009483,-0.0,15.0,21.474655,20.555555,20.555555,2.0
resstock-amy2018-2021-release-1-230010,0.0,0.43306437,0.0,0.0,0.2811254,0.0,0.0,0.0,0.0,0.0,0.0,0.0,0.0,0.0,0.019972324,0.019972324,0.0,0.99950457,3.499778985977173,3.498045077149186,-0.0,0.019972324,0.0,-0.0,0.0,-0.0,0.04153847,0.04153847,-0.0,1.0,7.7320657,0.43306437,0.0,0.604688,0.9057857,0.3139471,0.52639854,0.0,0.0,0.0,0.346602,0.1383698,0.5811513,0.0,0.9057857,0.0,0.870502,0.870502,0.604688,-0.0,15.6,21.64646,20.0,20.0,2.0
resstock-amy2018-2021-release-1-230010,0.0,0.4456961,0.0,0.0,0.40205544,0.0,0.0,0.0,0.0,0.0,0.0,0.0,0.0,0.0,0.019846201,0.019846201,0.0,0.9994594,3.4997785091400146,3.497886479432708,-0.0,0.019846201,0.0,-0.0,0.0,-0.0,0.04153847,0.04153847,-0.0,1.0,7.7320657,0.4456961,0.0,0.53082556,0.9527272,0.31673416,0.5279586,0.0,0.0,0.0,0.33245,0.1383698,0.55415505,0.0,0.9527272,0.0,0.9172954,0.9172954,0.53082556,-0.0,15.0,21.754997,20.0,20.0,2.0
resstock-amy2018-2021-release-1-230010,0.0,0.46025312,0.0,0.0,0.20702106,0.0,0.0,0.0,0.0,0.0,0.0,0.0,0.0,0.0,-0.03642072,0.0,-0.03642072,0.9828027,3.4997775554656982,3.439590792677663,0.03642072,0.0,0.0,-0.0,0.0,-0.0,0.04153847,0.04153847,-0.0,1.0,7.7320657,0.46025312,0.0,0.45349494,0.6240953,0.1999122,0.3293184,0.0,0.0,0.0,0.3203232,0.1383698,0.52767324,0.0,0.6240953,0.0,0.6444277,0.6444277,0.45349494,-0.0,13.9,21.775253,20.0,20.0,2.0
resstock-amy2018-2021-release-1-230010,0.0,0.4368149,0.3803785,0.0,0.5606655,0.3846491,0.0,0.0,0.0,0.0,0.0,0.0,0.0,0.0,0.07799506,0.07799506,0.0,0.9980458,3.4997754096984863,3.4929361559997574,-0.0,0.07799506,0.0,-0.0,0.0,-0.0,0.04153847,0.04153847,-0.0,1.0,7.7320657,0.4368149,0.0,0.40152928,1.424839,0.43890426,0.7138023,0.0,0.0,0.0,0.3080378,0.1383698,0.5009705,0.0,1.424839,0.0,1.3312584,1.3312584,0.40152928,-0.0,15.0,21.821772,19.944445,19.944445,2.0
resstock-amy2018-2021-release-1-230010,0.0,0.3533928,0.0,0.0,0.0,0.0,0.0,0.0,0.0,0.0,0.0,0.0,0.0,0.0,0.024921417,0.024921417,0.0,0.99934745,3.499774694442749,3.497490910687759,-0.0,0.024921417,0.0,-0.0,0.0,-0.0,0.0,0.0,0.353393,0.94769824,7.7320657,0.0,0.0,0.17528197,0.20020339,0.051389277,0.091745734,0.0,0.0,0.0,0.25668535,0.1383698,0.45826265,0.0,0.20020339,0.0,0.3102109,0.3102109,0.17528197,-0.0,14.4,21.671677,20.0,20.0,2.0
resstock-amy2018-2021-release-1-230010,0.0,0.42448688,0.19035499,0.0,0.0602683,0.19249214,0.0,0.0,0.0,0.0,0.0,0.0,0.0,0.0,0.020388842,0.020388842,0.0,0.9994333,3.499774217605591,3.4977908221923713,-0.0,0.020388842,0.0,-0.0,0.0,-0.0,0.0,0.0,0.26386067,0.90759873,7.7320657,0.1606262,0.0,0.17371795,0.44686723,0.12183638,0.2023456,0.0,0.0,0.0,0.2726456,0.1383698,0.4528092,0.0,0.44686723,0.0,0.5254811,0.5254811,0.17371795,-0.0,15.0,21.727459,20.0,20.0,2.0
resstock-amy2018-2021-release-1-230010,0.0,0.36457127,0.0,0.0,0.17984156,0.0,0.0,0.0,0.0,0.0,0.0,0.0,0.0,0.0,0.020089626,0.020089626,0.0,0.99950314,3.4997737407684326,3.498034828072605,-0.0,0.020089626,0.0,-0.0,0.0,-0.0,0.106452554,0.106452554,-0.0,0.9162295,7.7320657,0.36457127,0.0,0.17255284,0.37248403,0.08884116,0.14833188,0.0,0.0,0.0,0.23851,0.1383698,0.39822346,0.0,0.37248403,0.0,0.31174976,0.31174976,0.17255284,-0.0,14.4,21.552391,20.555555,20.555555,2.0
resstock-amy2018-2021-release-1-230010,0.0,0.44974095,0.0,0.0,0.0,0.0,0.0,0.0,0.0,0.0,0.0,0.0,0.0,0.0,0.019845724,0.019845724,0.0,0.9995051,3.4997732639312744,3.4980412353628623,-0.0,0.019845724,0.0,-0.0,0.0,-0.0,0.0,0.0,0.44974104,0.8515268,7.7320657,0.0,0.0,0.1715587,0.19140442,0.04191565,0.07639568,0.0,0.0,0.0,0.21899,0.1383698,0.39913228,0.0,0.19140442,0.0,0.34393406,0.34393406,0.1715587,-0.0,14.266666,21.50717,20.0,20.0,2.0
resstock-amy2018-2021-release-1-230010,0.0,0.3890941,0.0,0.0,0.07685584,0.0,0.0,0.0,0.0,0.0,0.0,0.0,0.0,0.0,0.019838572,0.019838572,0.0,0.99950397,3.499772787094116,3.498036795310128,-0.0,0.019838572,0.0,-0.0,0.0,-0.0,0.0,0.0,0.18780066,0.8220633,7.7320657,0.20129345,0.0,0.17625715,0.27295154,0.05744265,0.10816232,0.0,0.0,0.0,0.21045,0.1383698,0.39626932,0.0,0.27295154,0.0,0.32481712,0.32481712,0.17625715,-0.0,14.4,21.333351,20.0,20.0,2.0
resstock-amy2018-2021-release-1-230010,0.0,0.32936203,0.0,0.0,2.2757645e-08,0.0,0.0,0.0,0.0,0.0,0.0,0.0,0.0,0.0,0.01984191,0.01984191,0.0,0.99949217,3.499772310256958,3.4979950153777963,-0.0,0.01984191,0.0,-0.0,0.0,-0.0,0.0,0.0,0.32936198,0.7738913,7.7320657,5.9604645e-08,0.0,0.23010866,0.2499506,0.05485866,0.10396471,0.0,0.0,0.0,0.219478,0.1383698,0.41594103,0.0,0.2499506,0.0,0.35586238,0.35586238,0.23010866,-0.0,14.4,21.184998,19.444445,19.444445,2.0
resstock-amy2018-2021-release-1-230010,0.0,0.40998623,0.0,0.0,7.9651755e-08,0.0,0.0,0.0,0.0,0.0,0.0,0.0,0.0,0.0,0.019882679,0.019882679,0.0,0.999477,3.4997718334198,3.497941553707932,-0.0,0.019882679,0.0,-0.0,0.0,-0.0,0.0,0.0,0.40998602,0.71522796,7.7320657,2.0861626e-07,0.0,0.25351024,0.273393,0.07000993,0.11958859,0.0,0.0,0.0,0.256078,0.1383698,0.43742374,0.0,0.273393,0.0,0.41004705,0.41004705,0.25351024,-0.0,14.4,21.17421,19.444445,19.444445,2.0
resstock-amy2018-2021-release-1-230010,0.0,0.38940066,0.0,0.0,0.0,0.0,0.0,0.0,0.0,0.0,0.0,0.0,0.0,0.0,0.019934654,0.019934654,0.0,0.99948865,3.4997713565826416,3.497981754632704,-0.0,0.019934654,0.0,-0.0,0.0,-0.0,0.0,0.0,0.38940084,0.6596133,7.7320657,0.0,0.0,0.30414134,0.324076,0.103057854,0.15154985,0.0,0.0,0.0,0.3180052,0.1383698,0.46763676,0.0,0.324076,0.0,0.45496064,0.45496064,0.30414134,-0.0,13.9,21.170876,20.0,20.0,2.0
resstock-amy2018-2021-release-1-230010,0.0,0.4008702,0.0,0.0,9.103058e-08,0.0,0.0,0.0,0.0,0.0,0.0,0.0,0.0,0.0,0.019893885,0.019893885,0.0,0.999488,3.4997708797454834,3.497978983410775,-0.0,0.019893885,0.0,-0.0,0.0,-0.0,0.0,0.0,0.40086997,0.6027605,7.7320657,2.3841858e-07,0.0,0.40985033,0.4297443,0.143052,0.21700117,0.0,0.0,0.0,0.332877,0.1383698,0.50495416,0.0,0.4297443,0.0,0.56290656,0.56290656,0.40985033,-0.0,14.4,21.275904,20.0,20.0,2.0
resstock-amy2018-2021-release-1-230010,0.0,0.33781743,0.0,0.0,0.014581547,0.0,0.0,0.0,0.0,0.0,0.0,0.0,0.0,0.0,0.019895554,0.019895554,0.0,0.99950653,3.499770402908325,3.4980433822175456,-0.0,0.019895554,0.0,-0.0,0.0,-0.0,0.0,0.0,0.2989549,0.55978364,7.7320657,0.038862526,0.0,0.67009085,0.6977721,0.25495896,0.3835006,0.0,0.0,0.0,0.36539,0.1383698,0.5496073,0.0,0.6977721,0.0,0.79004693,0.7968428,0.67009085,-0.006795897,15.0,21.360415,20.0,20.0,2.0
resstock-amy2018-2021-release-1-230010,0.0,0.31572163,0.0,0.0,0.421606,0.0,0.0,0.0,0.0,0.0,0.0,0.0,0.0,0.0,0.019830704,0.019830704,0.0,0.9995179,3.499769926071167,3.4980827487014494,-0.0,0.019830704,0.0,-0.0,0.0,-0.0,0.7885083,0.7885083,-0.0,0.6558497,7.7320657,0.31572163,0.0,0.85219574,1.2731102,0.48948923,0.69632024,0.0,0.0,0.0,0.384483,0.1383698,0.5469442,0.0,1.2731102,0.0,0.9522191,0.9727414,0.85219574,-0.020522306,14.4,21.363926,20.0,20.0,2.0
resstock-amy2018-2021-release-1-230010,0.0,0.3068807,0.0,0.0,0.7275513,0.0,0.0,0.0,0.0,0.0,0.0,0.0,0.0,0.0,0.01979065,0.01979065,0.0,0.99950063,3.499769449234009,3.498021777364869,-0.0,0.01979065,0.0,-0.0,0.0,-0.0,1.6152691,1.6152691,-0.0,0.8552019,7.7320657,0.3068807,0.0,0.88575613,1.619189,0.524353,0.8817316,0.0,0.0,0.0,0.3238368,0.1383698,0.5445514,0.0,1.619189,0.0,0.9880042,1.0019133,0.88575613,-0.013909047,14.7,21.313671,20.0,20.0,2.0
resstock-amy2018-2021-release-1-230010,0.0,0.31376934,0.0,0.0,0.59535974,0.0,0.0,0.0,0.0,0.0,0.0,0.0,0.0,0.0,0.019850254,0.019850254,0.0,0.9994452,3.4997689723968506,3.49782730045348,-0.0,0.019850254,0.0,-0.0,0.0,-0.0,1.1889759,1.1889759,-0.0,1.0,7.7320657,0.31376934,0.0,0.85131556,1.4439541,0.45252597,0.79493994,0.0,0.0,0.0,0.3133936,0.1383698,0.5505299,0.0,1.4439541,0.0,0.98060644,1.0031779,0.85131556,-0.022571443,15.2,21.21359,20.0,20.0,2.0
resstock-amy2018-2021-release-1-230010,0.0,0.30684453,0.0,0.0,0.3319815,0.0,0.0,0.0,0.0,0.0,0.0,0.0,0.0,0.0,0.020042658,0.020042658,0.0,0.99945235,3.4997684955596924,3.497851856175828,-0.0,0.020042658,0.0,-0.0,0.0,-0.0,0.04153847,0.04153847,-0.0,1.0,7.7320657,0.30684453,0.0,0.8474973,1.1781112,0.34135774,0.66203725,0.0,0.0,0.0,0.28975,0.1383698,0.561948,0.0,1.1781112,0.0,1.1428028,1.1642131,0.8474973,-0.021410247,15.7,21.101429,20.0,20.0,2.0
resstock-amy2018-2021-release-1-230010,0.0,0.30977345,0.0,0.0,0.20427945,0.0,0.0,0.0,0.0,0.0,0.0,0.0,0.0,0.0,0.020017385,0.020017385,0.0,0.99944085,3.499768018722534,3.4978111193309047,-0.0,0.020017385,0.0,-0.0,0.0,-0.0,0.04153847,0.04153847,-0.0,1.0,7.7320657,0.30977345,0.0,0.6752373,0.8781072,0.25453869,0.49335197,0.0,0.0,0.0,0.289872,0.1383698,0.5618357,0.0,0.8781072,0.0,0.84259564,0.8640225,0.6752373,-0.021426886,15.2,20.99945,20.0,20.0,2.0
resstock-amy2018-2021-release-1-230010,0.0,0.32072866,0.0,0.0,0.13567472,0.0,0.0,0.0,0.0,0.0,0.0,0.0,0.0,0.0,0.020056963,0.020056963,0.0,0.9994411,3.499767541885376,3.497811477169975,-0.0,0.020056963,0.0,-0.0,0.0,-0.0,0.022979658,0.022979658,-0.0,0.99767023,7.7320657,0.32072866,0.0,0.5891643,0.6912376,0.21674751,0.38752112,0.0,0.0,0.0,0.3135644,0.1383698,0.56061924,0.0,0.6912376,0.0,0.66210973,0.7157681,0.5891643,-0.053658385,13.225,20.981325,20.0,20.0,2.0
resstock-amy2018-2021-release-1-230010,0.0,0.3665982,0.0,0.0,0.11034471,0.0,0.0,0.0,0.0,0.0,0.0,0.0,0.0,0.0,0.02005577,0.02005577,0.0,0.99949366,3.4997670650482178,3.4979949878920564,-0.0,0.02005577,0.0,-0.0,0.0,-0.0,0.0,0.0,0.086473405,0.9809458,7.7320657,0.28012478,0.0,0.5077328,0.61557025,0.20415817,0.34203142,0.0,0.0,0.0,0.331657,0.1383698,0.5556334,0.0,0.61557025,0.0,0.62957746,0.6521405,0.5077328,-0.022563027,13.3,21.07117,20.0,20.0,2.0
resstock-amy2018-2021-release-1-230010,0.0,0.2968541,0.0,0.0,0.10513104,0.0,0.0,0.0,0.0,0.0,0.0,0.0,0.0,0.0,0.019872189,0.019872189,0.0,0.9994488,3.4997665882110596,3.4978374337310925,-0.0,0.019872189,0.0,-0.0,0.0,-0.0,0.0,0.0,0.032913797,0.97144514,7.7320657,0.2639403,0.0,0.61996514,0.73863894,0.2764426,0.40901345,0.0,0.0,0.0,0.3742594,0.1383698,0.55373937,0.0,0.73863894,0.0,0.7318768,0.7382062,0.61996514,-0.0063294237,12.9,21.05746,20.0,20.0,2.0
resstock-amy2018-2021-release-1-230010,0.81331974,0.3190958,0.0,0.0,0.11448969,0.0,0.0,0.0,0.0,0.0,0.0,0.0,0.0,0.0,0.020027876,0.020027876,0.0,0.9994676,3.4997661113739014,3.4979028754885917,-0.0,0.020027876,0.0,-0.0,0.0,-0.0,0.0,0.0,0.0371122,0.96143454,7.7320657,0.28198358,0.0,0.61548764,0.7500052,0.2950804,0.42069635,0.0,0.0,0.0,0.3934378,0.1383698,0.5609246,0.0,0.7500052,0.0,0.7450454,0.7450454,0.61548764,0.0,12.2,21.067513,18.601852,18.601852,2.0
resstock-amy2018-2021-release-1-230010,0.0,0.32047653,0.0,0.0,4.9056617e-08,0.0,0.0,0.0,0.0,0.0,0.0,0.0,0.0,0.0,0.019962072,0.019962072,0.0,0.9994596,3.499765634536743,3.4978744461987787,-0.0,0.019962072,0.0,-0.0,0.0,-0.0,0.0,0.0,0.3204764,0.9137198,7.7320657,1.1920929e-07,0.0,0.62622243,0.64618456,0.24634999,0.36467662,0.0,0.0,0.0,0.3812378,0.1383698,0.56435364,0.0,0.64618456,0.0,0.7581039,0.7581039,0.62622243,-0.0,11.7,21.073647,20.0,20.0,2.0
resstock-amy2018-2021-release-1-230010,0.0,0.44136515,0.0,0.0,0.15673359,0.0,0.0,0.0,0.0,0.0,0.0,0.0,0.0,0.0,0.019989252,0.019989252,0.0,0.99943155,3.499765157699585,3.4977757179552924,-0.0,0.019989252,0.0,-0.0,0.0,-0.0,0.0,0.0,0.060497086,0.90089434,7.7320657,0.38086808,0.0,0.604688,0.7814108,0.3063021,0.43640944,0.0,0.0,0.0,0.391986,0.1383698,0.55848914,0.0,0.7814108,0.0,0.7863171,0.7863171,0.604688,-0.0,11.7,21.23186,20.0,20.0,2.0
resstock-amy2018-2021-release-1-230010,0.0,0.512141,0.0,0.0,0.03926613,0.0,0.0,0.0,0.0,0.0,0.0,0.0,0.0,0.0,0.020086527,0.020086527,0.0,0.99945503,3.4997646808624268,3.4978574306680486,-0.0,0.020086527,0.0,-0.0,0.0,-0.0,0.0,0.0,0.41748217,0.84056985,7.7320657,0.09465882,0.0,0.53082556,0.5901782,0.19621193,0.32641447,0.0,0.0,0.0,0.3324622,0.1383698,0.5530778,0.0,0.5901782,0.0,0.7432706,0.7432706,0.53082556,-0.0,11.4,21.359768,20.0,20.0,2.0
resstock-amy2018-2021-release-1-230010,0.0,0.47089803,0.0,0.0,0.20501614,0.0,0.0,0.0,0.0,0.0,0.0,0.0,0.0,0.0,0.020004272,0.020004272,0.0,0.9994769,3.4997642040252686,3.4979335110989496,-0.0,0.020004272,0.0,-0.0,0.0,-0.0,0.019432273,0.019432273,-0.0,0.83862615,7.7320657,0.47089803,0.0,0.18133548,0.4063559,0.13159299,0.22118524,0.0,0.0,0.0,0.3238368,0.1383698,0.5443141,0.0,0.4063559,0.0,0.37822664,0.37822664,0.18133548,-0.0,11.1,21.341873,20.0,20.0,2.0
resstock-amy2018-2021-release-1-230010,0.0,0.46892527,0.0,0.0,0.49606997,0.0,0.0,0.0,0.0,0.0,0.0,0.0,0.0,0.0,0.019927502,0.019927502,0.0,0.99948037,3.4997637271881104,3.497945133437298,-0.0,0.019927502,0.0,-0.0,0.0,-0.0,0.66785294,0.66785294,-0.0,0.9180918,7.7320657,0.46892527,0.0,0.1787773,0.69477475,0.218255,0.3740984,0.0,0.0,0.0,0.3141378,0.1383698,0.5384456,0.0,0.69477475,0.0,0.38340798,0.38340798,0.1787773,-0.0,9.44,21.176928,19.944445,19.944445,2.0
resstock-amy2018-2021-release-1-230010,0.0,0.5298327,0.0,0.0,0.3306005,0.0,0.0,0.0,0.0,0.0,0.0,0.0,0.0,0.0,0.019915104,0.019915104,0.0,0.9994622,3.499763250350952,3.4978810331935932,-0.0,0.019915104,0.0,-0.0,0.0,-0.0,0.24395372,0.24395372,-0.0,0.943929,7.7320657,0.5298327,0.0,0.17528197,0.5257976,0.14969416,0.28087506,0.0,0.0,0.0,0.2846992,0.1383698,0.53418857,0.0,0.5257976,0.0,0.4016532,0.4016532,0.17528197,-0.0,10.27,21.153198,20.0,20.0,2.0
resstock-amy2018-2021-release-1-230010,0.0,0.4808938,0.0,0.0,0.5360077,0.0,0.0,0.0,0.0,0.0,0.0,0.0,0.0,0.0,0.019977808,0.019977808,0.0,0.99945855,3.499762773513794,3.4978678318837524,-0.0,0.019977808,0.0,-0.0,0.0,-0.0,0.48586723,0.48586723,-0.0,1.0,7.7320657,0.4808938,0.0,0.17371795,0.7297034,0.2186692,0.3814054,0.0,0.0,0.0,0.2996686,0.1383698,0.5226855,0.0,0.7297034,0.0,0.50657564,0.50657564,0.17371795,-0.0,11.1,21.090816,20.0,20.0,2.0
resstock-amy2018-2021-release-1-230010,0.0,0.49416828,0.0,0.0,0.40779376,0.0,0.0,0.0,0.0,0.0,0.0,0.0,0.0,0.0,0.019989967,0.019989967,0.0,0.99947107,3.4997622966766357,3.4979111617433603,-0.0,0.019989967,0.0,-0.0,0.0,-0.0,0.04153847,0.04153847,-0.0,1.0,7.7320657,0.49416828,0.0,0.17255284,0.60033655,0.17817353,0.30897292,0.0,0.0,0.0,0.2967894,0.1383698,0.5146662,0.0,0.60033655,0.0,0.56297857,0.56297857,0.17255284,-0.0,11.1,21.000462,19.444445,19.444445,2.0
resstock-amy2018-2021-release-1-230010,0.0,0.41923004,0.0,0.0,0.3181181,0.0,0.0,0.0,0.0,0.0,0.0,0.0,0.0,0.0,0.019946098,0.019946098,0.0,0.999495,3.4997618198394775,3.4979945431865644,-0.0,0.019946098,0.0,-0.0,0.0,-0.0,0.04153847,0.04153847,-0.0,1.0,7.7320657,0.41923004,0.0,0.1715587,0.5096229,0.14455454,0.26830927,0.0,0.0,0.0,0.28365,0.1383698,0.5264859,0.0,0.5096229,0.0,0.47221738,0.47221738,0.1715587,-0.0,10.9,20.723677,19.444445,19.444445,2.0
resstock-amy2018-2021-release-1-230010,0.0,0.45358595,0.0,0.0,0.026946211,0.0,0.0,0.0,0.0,0.0,0.0,0.0,0.0,0.0,0.019862175,0.019862175,0.0,0.99944407,3.4997613430023193,3.4978157118531357,-0.0,0.019862175,0.0,-0.0,0.0,-0.0,0.0,0.0,0.39268145,0.9424633,7.7320657,0.060904503,0.0,0.17625715,0.22306554,0.060551144,0.12041354,0.0,0.0,0.0,0.27145,0.1383698,0.5398124,0.0,0.22306554,0.0,0.37693894,0.37693894,0.17625715,-0.0,8.89,20.408207,20.0,20.0,2.0
resstock-amy2018-2021-release-1-230010,0.0,0.71072334,0.0,0.0,0.10618207,0.0,0.0,0.0,0.0,0.0,0.0,0.0,0.0,0.0,-0.1570823,0.0,-0.1570823,0.9453857,3.4997568130493164,3.3086200252989784,0.1570823,0.0,0.0,-0.0,0.0,-0.0,0.0,0.0,0.45843083,0.8764659,7.7320657,0.2522925,0.0,0.19809042,0.14719017,0.040331874,0.08090454,0.0,0.0,0.0,0.274012,0.1383698,0.54965997,0.0,0.14719017,0.0,0.49721175,0.49721175,0.19809042,-0.0,10.85,20.687893,19.444445,19.444445,2.0
resstock-amy2018-2021-release-1-230010,0.0,0.5982834,0.0,0.0,0.33630687,0.0,0.0,0.0,0.0,0.0,0.0,0.0,0.0,0.0,-0.13842273,0.0,-0.13842273,0.89735216,3.4997527599334717,3.140510695174001,0.13842273,0.0,0.0,-0.0,0.0,-0.0,0.16184603,0.16184603,-0.0,0.89221287,7.7320657,0.5982834,0.0,0.25351024,0.45139438,0.12528451,0.25063053,0.0,0.0,0.0,0.27755,0.1383698,0.5552363,0.0,0.45139438,0.0,0.51821095,0.51821095,0.25351024,-0.0,8.89,20.472775,18.88889,18.88889,2.0
resstock-amy2018-2021-release-1-230010,0.0,0.6879878,0.0,0.0,0.53024775,0.0,0.0,0.0,0.0,0.0,0.0,0.0,0.0,0.0,-0.11600272,0.0,-0.11600272,0.85648924,3.4997494220733643,2.9974977266329716,0.11600272,0.0,0.0,-0.0,0.0,-0.0,0.49403048,0.49403048,-0.0,0.9495783,7.7320657,0.6879878,0.0,0.30414134,0.71838635,0.21498862,0.39933002,0.0,0.0,0.0,0.299266,0.1383698,0.55587083,0.0,0.71838635,0.0,0.61276937,0.61276937,0.30414134,-0.0,8.33,20.537111,19.444445,19.444445,2.0
resstock-amy2018-2021-release-1-230010,0.0,0.7930975,0.0,0.0,0.43840396,0.0,0.0,0.0,0.0,0.0,0.0,0.0,0.0,0.0,-0.16335368,0.0,-0.16335368,0.8012538,3.4997446537017822,2.804183687492582,0.16335368,0.0,0.0,-0.0,0.0,-0.0,0.19009247,0.19009247,-0.0,0.9684898,7.7320657,0.7930975,0.0,0.40985033,0.68490064,0.20647152,0.3804528,0.0,0.0,0.0,0.301462,0.1383698,0.55548614,0.0,0.68490064,0.0,0.76349217,0.76349217,0.40985033,-0.0,8.575,20.724434,20.0,20.0,2.0
resstock-amy2018-2021-release-1-230010,0.0,0.7039427,0.0,0.0,0.36972636,0.0,0.0,0.0,0.0,0.0,0.0,0.0,0.0,0.0,-0.08801106,0.0,-0.08801106,0.76956433,3.499742031097412,2.6932766333566462,0.08801106,0.0,0.0,-0.0,0.0,-0.0,0.17915802,0.17915802,-0.0,0.98593014,7.7320657,0.7039427,0.0,0.67009085,0.9420657,0.2836982,0.5231524,0.0,0.0,0.0,0.3011448,0.1383698,0.55532473,0.0,0.9420657,0.0,0.955069,0.9648094,0.67009085,-0.009740437,11.05,20.980515,20.0,20.0,2.0
resstock-amy2018-2021-release-1-230010,0.0,0.5738411,0.0,0.0,0.17612399,0.0,0.0,0.0,0.0,0.0,0.0,0.0,0.0,0.0,0.18535645,0.18535645,0.0,0.8143152,3.499736785888672,2.849888860230294,-0.0,0.18535645,0.0,-0.0,0.0,-0.0,0.0,0.0,0.14585367,0.961355,7.7320657,0.42798743,0.0,0.85219574,1.1897281,0.35799015,0.6581104,0.0,0.0,0.0,0.3009008,0.1383698,0.5531603,0.0,1.1897281,0.0,1.0643929,1.088341,0.85219574,-0.023948058,11.7,21.064339,20.0,20.0,2.0
resstock-amy2018-2021-release-1-230010,0.0,0.4092523,0.0,0.0,0.0,0.0,0.0,0.0,0.0,0.0,0.0,0.0,0.0,0.0,0.40396613,0.40396613,0.0,0.91801494,3.499725103378296,3.212799943392284,-0.0,0.40396613,0.0,-0.0,0.0,-0.0,0.0,0.0,0.40925243,0.90181184,7.7320657,0.0,0.0,0.88575613,1.2084408,0.33787957,0.66778743,0.0,0.0,0.0,0.2795996,0.1383698,0.5526025,0.0,1.2084408,0.0,0.97063744,1.0519189,0.88575613,-0.08128138,12.2,21.025764,20.0,20.0,2.0
resstock-amy2018-2021-release-1-230010,0.0,0.4917827,0.0,0.0,0.0,0.0,0.0,0.0,0.0,0.0,0.0,0.0,0.0,0.0,0.30351114,0.30351114,0.0,0.9937859,3.499716281890869,3.4779687570948283,-0.0,0.30351114,0.0,-0.0,0.0,-0.0,0.0,0.0,0.49178293,0.8315825,7.7320657,0.0,0.0,0.85131556,1.0134774,0.27214098,0.55772185,0.0,0.0,0.0,0.268522,0.1383698,0.5503051,0.0,1.0134774,0.0,0.90639126,1.0477405,0.85131556,-0.14134921,12.8,21.181915,20.0,20.0,2.0
resstock-amy2018-2021-release-1-230010,0.0,0.3911395,0.0,0.0,0.0,0.0,0.0,0.0,0.0,0.0,0.0,0.0,0.0,0.0,0.039693832,0.039693832,0.0,0.9990251,3.4997150897979736,3.4963032400602856,-0.0,0.039693832,0.0,-0.0,0.0,-0.0,0.0,0.0,0.39113975,0.77512944,7.7320657,0.0,0.0,1.0448357,0.9038878,0.240398,0.50589794,0.0,0.0,0.0,0.26596,0.1383698,0.5596911,0.0,0.9038878,0.0,1.0204207,1.2010624,1.0448357,-0.18064173,12.8,21.25055,20.0,20.0,2.0
resstock-amy2018-2021-release-1-230010,0.0,0.4095097,0.0,0.0,0.0,0.0,0.0,0.0,0.0,0.0,0.0,0.0,0.0,0.0,0.021451712,0.021451712,0.0,0.99941653,3.4997143745422363,3.4976723966591123,-0.0,0.021451712,0.0,-0.0,0.0,-0.0,0.0,0.0,0.40950978,0.7165231,7.7320657,0.0,0.0,0.87211484,0.6962082,0.17662732,0.39473802,0.0,0.0,0.0,0.253699,0.1383698,0.56698275,0.0,0.6962082,0.0,0.83606756,1.0334259,0.87211484,-0.19735838,13.3,21.49011,20.0,20.0,2.0
resstock-amy2018-2021-release-1-230010,0.0,0.27429956,0.0,0.0,1.1903464e-08,0.0,0.0,0.0,0.0,0.0,0.0,0.0,0.0,0.0,-0.06668454,0.0,-0.06668454,0.9733177,3.4997124671936035,3.4063320288359193,0.06668454,0.0,0.0,-0.0,0.0,-0.0,0.0,0.0,0.27429953,0.6762382,7.7320657,2.9802322e-08,0.0,0.78393984,0.53414077,0.14498599,0.3061108,0.0,0.0,0.0,0.2714378,0.1383698,0.57309014,0.0,0.53414077,0.0,0.71038437,0.8934989,0.78393984,-0.18311451,12.8,21.541447,20.0,20.0,2.0
resstock-amy2018-2021-release-1-230010,0.0,0.21585171,0.0,0.0,0.24737374,0.0,0.0,0.0,0.0,0.0,0.0,0.0,0.0,0.0,-0.09416369,0.0,-0.09416369,0.93881786,3.4997098445892334,3.2855901023545186,0.09416369,0.0,0.0,-0.0,0.0,-0.0,0.41213945,0.41213945,-0.0,0.7244497,7.7320657,0.21585171,0.0,0.7191501,0.72901744,0.21921073,0.42050606,0.0,0.0,0.0,0.3006934,0.1383698,0.5768121,0.0,0.72901744,0.0,0.6608342,0.8041769,0.7191501,-0.14334272,13.3,21.671967,20.0,20.0,2.0
resstock-amy2018-2021-release-1-230010,0.0,0.15189157,0.0,0.0,0.2838402,0.0,0.0,0.0,0.0,0.0,0.0,0.0,0.0,0.0,-0.04904176,0.0,-0.04904176,0.91853607,3.499708414077759,3.214608402345192,0.04904176,0.0,0.0,-0.0,0.0,-0.0,0.5471956,0.5471956,-0.0,0.789364,7.7320657,0.15189157,0.0,0.37312385,0.5253192,0.16156822,0.30342767,0.0,0.0,0.0,0.307562,0.1383698,0.57760626,0.0,0.5253192,0.0,0.3521911,0.4347942,0.37312385,-0.082603104,12.2,21.61311,19.63889,19.63889,2.0
resstock-amy2018-2021-release-1-230010,0.3126596,0.12506765,0.38103157,0.0,0.26194704,0.3853095,0.0,0.0,0.0,0.0,0.0,0.0,0.0,0.0,0.04926317,0.04926317,0.0,0.926561,3.499706983566284,3.2426919952710875,-0.0,0.04926317,0.0,-0.0,0.0,-0.0,0.51147264,0.51147264,-0.0,0.8494553,7.7320657,0.12506765,0.0,0.29740393,0.9917892,0.3440586,0.5674519,0.0,0.0,0.0,0.346907,0.1383698,0.5721497,0.0,0.9917892,0.0,0.7320465,0.7341809,0.29740393,-0.0021344244,11.7,21.371506,18.768518,18.768518,2.0
resstock-amy2018-2021-release-1-230010,0.0,0.17054868,0.0,0.0,0.029766366,0.0,0.0,0.0,0.0,0.0,0.0,0.0,0.0,0.0,0.18425825,0.18425825,0.0,0.97019625,3.499701738357544,3.3953974925267403,-0.0,0.18425825,0.0,-0.0,0.0,-0.0,0.0,0.0,0.10136013,0.8315202,7.7320657,0.06918855,0.0,1.2171919,1.4312165,0.5224633,0.80419326,0.0,0.0,0.0,0.3650484,0.1383698,0.5618949,0.0,1.4312165,0.0,1.2905655,1.2905655,1.2171919,-0.0,10.0,21.168701,20.0,20.0,2.0
resstock-amy2018-2021-release-1-230010,0.0,0.30100536,0.76205957,0.0,0.35114348,0.7706154,0.0,0.0,0.0,0.0,0.0,0.0,0.0,0.0,0.121810436,0.121810436,0.0,0.99711275,3.4996981620788574,3.4895936620848715,-0.0,0.121810436,0.0,-0.0,0.0,-0.0,0.50285304,0.50285304,-0.0,0.8903097,7.7320657,0.30100536,0.0,0.604688,1.8482573,0.72494197,1.0255874,0.0,0.0,0.0,0.39223,0.1383698,0.55489427,0.0,1.8482573,0.0,1.5067893,1.5067893,0.604688,-0.0,9.4,21.181477,20.0,20.0,2.0
resstock-amy2018-2021-release-1-230010,0.0,0.3661098,0.0,0.0,0.5282055,0.0,0.0,0.0,0.0,0.0,0.0,0.0,0.0,0.0,0.028092861,0.028092861,0.0,0.99923354,3.49969744682312,3.4970150822717727,-0.0,0.028092861,0.0,-0.0,0.0,-0.0,0.8277536,0.8277536,-0.0,0.98957884,7.7320657,0.3661098,0.0,0.53082556,1.0871239,0.3879269,0.59984326,0.0,0.0,0.0,0.3568378,0.1383698,0.55177087,0.0,1.0871239,0.0,0.6928048,0.6928048,0.53082556,-0.0,8.89,21.176607,20.0,20.0,2.0
resstock-amy2018-2021-release-1-230010,0.0,0.417243,0.0,0.0,0.32101905,0.0,0.0,0.0,0.0,0.0,0.0,0.0,0.0,0.0,0.017927688,0.017927688,0.0,0.99865836,3.499696969985962,3.495001633221065,-0.0,0.017927688,0.0,-0.0,0.0,-0.0,0.12411973,0.12411973,-0.0,1.0,7.7320657,0.417243,0.0,0.45349494,0.79244167,0.2519329,0.43316382,0.0,0.0,0.0,0.3179198,0.1383698,0.5466192,0.0,0.79244167,0.0,0.7191964,0.7191964,0.45349494,-0.0,8.595,21.15575,20.0,20.0,2.0
resstock-amy2018-2021-release-1-230010,0.0,0.48647037,0.0,0.0,0.43496647,0.0,0.0,0.0,0.0,0.0,0.0,0.0,0.0,0.0,0.011450063,0.011450063,0.0,0.9964006,3.499696731567383,3.487099904642946,-0.0,0.011450063,0.0,-0.0,0.0,-0.0,0.04153847,0.04153847,-0.0,1.0,7.7320657,0.48647037,0.0,0.40152928,0.8479458,0.25680277,0.45716423,0.0,0.0,0.0,0.3028528,0.1383698,0.5391432,0.0,0.8479458,0.0,0.8178481,0.8178481,0.40152928,-0.0,8.3,21.1226,19.958334,19.958334,2.0
resstock-amy2018-2021-release-1-230010,0.0,0.5033332,0.0,0.0,0.43001127,0.0,0.0,0.0,0.0,0.0,0.0,0.0,0.0,0.0,-0.027126677,0.0,-0.027126677,0.98266804,3.4996960163116455,3.4390394325843374,0.027126677,0.0,0.0,-0.0,0.0,-0.0,0.04153847,0.04153847,-0.0,1.0,7.7320657,0.5033332,0.0,0.2838478,0.6867324,0.19831048,0.3641672,0.0,0.0,0.0,0.288774,0.1383698,0.5302898,0.0,0.6867324,0.0,0.6939775,0.6939775,0.2838478,-0.0,5.6,20.80164,19.444445,19.444445,2.0
resstock-amy2018-2021-release-1-230010,0.0,0.5008954,0.0,0.0,0.48916042,0.0,0.0,0.0,0.0,0.0,0.0,0.0,0.0,0.0,0.026536256,0.026536256,0.0,0.9844225,3.499695301055908,3.445178814658817,-0.0,0.026536256,0.0,-0.0,0.0,-0.0,0.04153847,0.04153847,-0.0,1.0,7.7320657,0.5008954,0.0,0.23914558,0.7548423,0.22945333,0.39748043,0.0,0.0,0.0,0.3039752,0.1383698,0.52657413,0.0,0.7548423,0.0,0.70942986,0.70942986,0.23914558,-0.0,7.8,20.74599,19.444445,19.444445,2.0
resstock-amy2018-2021-release-1-230010,0.0,0.43906498,0.0,0.0,1.12803185e-07,0.0,0.0,0.0,0.0,0.0,0.0,0.0,0.0,0.0,0.072273016,0.072273016,0.0,0.99814266,3.4996931552886963,3.4931930340282946,-0.0,0.072273016,0.0,-0.0,0.0,-0.0,0.0,0.0,0.43906474,0.936283,7.7320657,2.3841858e-07,0.0,0.21490169,0.28717482,0.08636559,0.15258098,0.0,0.0,0.0,0.3007422,0.1383698,0.5313174,0.0,0.28717482,0.0,0.42263687,0.42263687,0.21490169,-0.0,6.1,20.338722,19.444445,19.444445,2.0
resstock-amy2018-2021-release-1-230010,0.0,0.47211087,0.0,0.0,0.0,0.0,0.0,0.0,0.0,0.0,0.0,0.0,0.0,0.0,-0.012944369,0.0,-0.012944369,0.98884636,3.499692678451538,3.460658371934855,0.012944369,0.0,0.0,-0.0,0.0,-0.0,0.0,0.0,0.47211093,0.86849517,7.7320657,0.0,0.0,0.20263457,0.1896902,0.05704785,0.10089878,0.0,0.0,0.0,0.3007422,0.1383698,0.5319135,0.0,0.1896902,0.0,0.4242387,0.4242387,0.20263457,-0.0,6.44,20.100327,18.88889,18.88889,2.0
resstock-amy2018-2021-release-1-230010,0.0,0.3760432,0.0,0.0,0.0,0.0,0.0,0.0,0.0,0.0,0.0,0.0,0.0,0.0,0.037513692,0.037513692,0.0,0.99343234,3.4996914863586426,3.476706713091886,-0.0,0.037513692,0.0,-0.0,0.0,-0.0,0.0,0.0,0.37604335,0.8138611,7.7320657,0.0,0.0,0.20327602,0.24078971,0.072133616,0.12796088,0.0,0.0,0.0,0.299571,0.1383698,0.5314217,0.0,0.24078971,0.0,0.37838027,0.37838027,0.20327602,-0.0,6.78,19.748571,18.88889,18.88889,2.0
resstock-amy2018-2021-release-1-230010,0.6712888,0.39838946,0.0,0.0,0.0,0.0,0.0,0.0,0.0,0.0,0.0,0.0,0.0,0.0,-0.015231295,0.0,-0.015231295,0.98344326,3.4996910095214844,3.441747536071489,0.015231295,0.0,0.0,-0.0,0.0,-0.0,0.0,0.0,0.39838964,0.7565344,7.7320657,0.0,0.0,0.19809042,0.18285912,0.05477483,0.09716617,0.0,0.0,0.0,0.2995466,0.1383698,0.5313718,0.0,0.18285912,0.0,0.38672695,0.38672695,0.19809042,-0.0,6.0666666,19.493324,17.222221,17.222221,2.0
resstock-amy2018-2021-release-1-230010,0.0,0.30536002,0.19067197,0.0,0.05479384,0.19281268,0.0,0.0,0.0,0.0,0.0,0.0,0.0,0.0,0.037930477,0.037930477,0.0,0.9881664,3.499689817428589,3.4582758594809064,-0.0,0.037930477,0.0,-0.0,0.0,-0.0,0.0,0.0,0.1874466,0.7276134,7.7320657,0.117913425,0.0,0.25351024,0.53904724,0.16211426,0.28671974,0.0,0.0,0.0,0.3007422,0.1383698,0.53190094,0.0,0.53904724,0.0,0.5882223,0.5882223,0.25351024,-0.0,6.866667,19.273918,17.222221,17.222221,2.0
resstock-amy2018-2021-release-1-230010,0.0,0.3162279,0.0,0.0,0.0061794952,0.0,0.0,0.0,0.0,0.0,0.0,0.0,0.0,0.0,-0.030270003,0.0,-0.030270003,0.97349304,3.4996888637542725,3.4069227496584205,0.030270003,0.0,0.0,-0.0,0.0,-0.0,0.0,0.0,0.30250487,0.6835125,7.7320657,0.013723046,0.0,0.30414134,0.2800508,0.086115904,0.14742516,0.0,0.0,0.0,0.307501,0.1383698,0.5264229,0.0,0.2800508,0.0,0.44653893,0.44653893,0.30414134,-0.0,8.175,19.266346,18.88889,18.88889,2.0
resstock-amy2018-2021-release-1-230010,0.0,0.3783219,0.0,0.0,0.0,0.0,0.0,0.0,0.0,0.0,0.0,0.0,0.0,0.0,-0.13968605,0.0,-0.13968605,0.924923,3.4996848106384277,3.2369389836288462,0.13968605,0.0,0.0,-0.0,0.0,-0.0,0.0,0.0,0.3783219,0.6295395,7.7320657,0.0,0.0,0.40985033,0.27016428,0.085422546,0.14026533,0.0,0.0,0.0,0.3161874,0.1383698,0.5191853,0.0,0.27016428,0.0,0.57968855,0.57968855,0.40985033,-0.0,8.3,19.349678,20.0,20.0,2.0
resstock-amy2018-2021-release-1-230010,0.0,0.38826805,0.0,0.0,1.0257268e-07,0.0,0.0,0.0,0.0,0.0,0.0,0.0,0.0,0.0,-0.2155054,0.0,-0.2155054,0.853377,3.499678611755371,2.9865451807557974,0.2155054,0.0,0.0,-0.0,0.0,-0.0,0.0,0.0,0.38826782,0.5745226,7.7320657,2.3841858e-07,0.0,0.67009085,0.44448957,0.14387701,0.23242931,0.0,0.0,0.0,0.3236904,0.1383698,0.52291286,0.0,0.44448957,0.0,0.8270359,0.8371319,0.67009085,-0.010095997,10.0,19.530293,20.0,20.0,2.0
resstock-amy2018-2021-release-1-230010,0.0,0.41127798,0.0,0.0,0.0,0.0,0.0,0.0,0.0,0.0,0.0,0.0,0.0,0.0,-0.075734995,0.0,-0.075734995,0.82522774,3.499676465988159,2.8880300917530803,0.075734995,0.0,0.0,-0.0,0.0,-0.0,0.0,0.0,0.41127804,0.5167267,7.7320657,0.0,0.0,2.3842454,2.2834835,0.77610993,1.2193063,0.0,0.0,0.0,0.3398798,0.1383698,0.5339677,0.0,2.2834835,0.0,2.536159,2.5611858,2.3842454,-0.025026714,10.0,19.684824,20.0,20.0,2.0
resstock-amy2018-2021-release-1-230010,0.0,0.41080147,0.9309395,0.0,0.5820268,0.94139135,0.0,0.0,0.0,0.0,0.0,0.0,0.0,0.0,0.16504836,0.16504836,0.0,0.86427885,3.499671697616577,3.024692240481258,-0.0,0.16504836,0.0,-0.0,0.0,-0.0,0.9631359,0.9631359,-0.0,0.6349391,7.7320657,0.41080147,0.0,1.0848314,2.7411816,0.86579067,1.4759618,0.0,0.0,0.0,0.3158458,0.1383698,0.53844,0.0,2.7411816,0.0,2.1681302,2.2002466,1.0848314,-0.032116324,10.6,19.779314,20.0,20.0,2.0
resstock-amy2018-2021-release-1-230010,0.0,0.32543582,0.0,0.0,3.8464755e-08,0.0,0.0,0.0,0.0,0.0,0.0,0.0,0.0,0.0,-0.007592215,0.0,-0.007592215,0.8573641,3.499671459197998,3.0004927342522763,0.007592215,0.0,0.0,-0.0,0.0,-0.0,0.0,0.0,0.32543573,0.588266,7.7320657,8.940697e-08,0.0,1.0489328,1.0116048,0.309823,0.5494486,0.0,0.0,0.0,0.3062688,0.1383698,0.54314554,0.0,1.0116048,0.0,1.1592063,1.1889421,1.0489328,-0.029735768,10.0,19.641407,20.0,20.0,2.0
resstock-amy2018-2021-release-1-230010,0.97035635,0.28559434,0.0,0.0,7.692951e-08,0.0,0.0,0.0,0.0,0.0,0.0,0.0,0.0,0.0,-0.033525772,0.0,-0.033525772,0.8423575,3.4996705055236816,2.9479737548619482,0.033525772,0.0,0.0,-0.0,0.0,-0.0,0.0,0.0,0.28559417,0.54714495,7.7320657,1.7881393e-07,0.0,1.0448357,0.98322713,0.2848901,0.53403735,0.0,0.0,0.0,0.28975,0.1383698,0.5431475,0.0,0.98322713,0.0,1.1396215,1.1677043,1.0448357,-0.028082864,10.0,19.459574,18.305555,18.305555,2.0
resstock-amy2018-2021-release-1-230010,0.0,0.18994409,0.0,0.0,6.312422e-09,0.0,0.0,0.0,0.0,0.0,0.0,0.0,0.0,0.0,0.00493065,0.00493065,0.0,0.83922386,3.4996702671051025,2.9370067962167923,-0.0,0.00493065,0.0,-0.0,0.0,-0.0,0.0,0.0,0.18994407,0.51898307,7.7320657,1.4901161e-08,0.0,0.87211484,0.83688164,0.24140522,0.4547264,0.0,0.0,0.0,0.28845802,0.1383698,0.5433581,0.0,0.83688164,0.0,0.912415,0.9525789,0.87211484,-0.040163897,10.6,19.324583,19.444445,19.444445,2.0
resstock-amy2018-2021-release-1-230010,1.082966,0.26670322,0.0,0.0,1.2624844e-08,0.0,0.0,0.0,0.0,0.0,0.0,0.0,0.0,0.0,0.043275986,0.043275986,0.0,0.84609914,3.499669075012207,2.9610669885626066,-0.0,0.043275986,0.0,-0.0,0.0,-0.0,0.0,0.0,0.2667032,0.4807404,7.7320657,2.9802322e-08,0.0,0.78393984,0.78748995,0.2401268,0.4326673,0.0,0.0,0.0,0.3049268,0.1383698,0.5494258,0.0,0.78748995,0.0,0.85719466,0.89692056,0.78393984,-0.039725885,10.6,19.426268,17.777779,17.777779,2.0
resstock-amy2018-2021-release-1-230010,0.0,0.18111795,0.0,0.0,0.47611582,0.0,0.0,0.0,0.0,0.0,0.0,0.0,0.0,0.0,0.23974702,0.23974702,0.0,0.90500915,3.499662160873413,3.167226279266771,-0.0,0.23974702,0.0,-0.0,0.0,-0.0,0.957593,0.957593,-0.0,0.5984446,7.7320657,0.18111795,0.0,0.7191501,1.4100507,0.4379959,0.77918684,0.0,0.0,0.0,0.3106242,0.1383698,0.5525949,0.0,1.4100507,0.0,0.7699166,0.79487884,0.7191501,-0.02496227,11.1,19.444622,17.777779,17.777779,2.0
resstock-amy2018-2021-release-1-230010,0.202752,0.21841261,0.0,0.0,0.24692792,0.0,0.0,0.0,0.0,0.0,0.0,0.0,0.0,0.0,0.24162877,0.24162877,0.0,0.96411616,3.499655246734619,3.3740741641612715,-0.0,0.24162877,0.0,-0.0,0.0,-0.0,0.36448774,0.36448774,-0.0,0.64107984,7.7320657,0.21841261,0.0,1.9491367,2.4302568,0.78952456,1.3298265,0.0,0.0,0.0,0.32487288,0.1383698,0.54719585,0.0,2.4302568,0.0,2.034224,2.0416608,1.9491367,-0.0074368077,10.6,19.5047,17.777779,17.777779,2.0
resstock-amy2018-2021-release-1-230010,0.0,0.25546575,0.19067182,0.0,0.74037874,0.19281253,0.0,0.0,0.0,0.0,0.0,0.0,0.0,0.0,0.14293265,0.14293265,0.0,0.99695003,3.4996511936187744,3.4889773636116104,-0.0,0.14293265,0.0,-0.0,0.0,-0.0,1.4654609,1.4654609,-0.0,0.82170296,7.7320657,0.25546575,0.0,0.61548764,1.6916116,0.6725496,0.91838044,0.0,0.0,0.0,0.3975792,0.1383698,0.54290265,0.0,1.6916116,0.0,0.91820693,0.91820693,0.61548764,0.0,10.0,19.568878,17.777779,17.777779,2.0
resstock-amy2018-2021-release-1-230010,0.0,0.2706003,0.0,0.0,0.0,0.0,0.0,0.0,0.0,0.0,0.0,0.0,0.0,0.0,0.028612375,0.028612375,0.0,0.9992027,3.499650478363037,3.496860305976952,-0.0,0.028612375,0.0,-0.0,0.0,-0.0,0.0,0.0,0.27060053,0.7813625,7.7320657,0.0,0.0,0.62622243,0.6548348,0.2707598,0.35139185,0.0,0.0,0.0,0.413478,0.1383698,0.53661144,0.0,0.6548348,0.0,0.7408541,0.7408541,0.62622243,-0.0,10.6,19.705124,17.777779,17.777779,2.0
resstock-amy2018-2021-release-1-230010,0.0,0.3555696,0.0,0.0,0.0,0.0,0.0,0.0,0.0,0.0,0.0,0.0,0.0,0.0,0.020768404,0.020768404,0.0,0.9994,3.4996497631073,3.497550042002473,-0.0,0.020768404,0.0,-0.0,0.0,-0.0,0.0,0.0,0.35556972,0.72991073,7.7320657,0.0,0.0,0.604688,0.6254564,0.26181036,0.3321908,0.0,0.0,0.0,0.4185909,0.1383698,0.53111744,0.0,0.6254564,0.0,0.7576616,0.7576616,0.604688,-0.0,10.0,19.878435,18.787037,18.787037,2.0
resstock-amy2018-2021-release-1-230010,0.0,0.5046482,0.0,0.0,1.0257268e-07,0.0,0.0,0.0,0.0,0.0,0.0,0.0,0.0,0.0,0.020080805,0.020080805,0.0,0.9994142,3.4996492862701416,3.497599211145314,-0.0,0.020080805,0.0,-0.0,0.0,-0.0,0.0,0.0,0.504648,0.6588636,7.7320657,2.3841858e-07,0.0,0.53082556,0.5509065,0.20177534,0.29074156,0.0,0.0,0.0,0.36626062,0.1383698,0.5277512,0.0,0.5509065,0.0,0.74793583,0.74793583,0.53082556,-0.0,10.0,20.15976,20.0,20.0,2.0
resstock-amy2018-2021-release-1-230010,0.0,0.69780064,1.2595211,0.0,0.3843686,1.2736621,0.0,0.0,0.0,0.0,0.0,0.0,0.0,0.0,0.020031214,0.020031214,0.0,0.99941236,3.4996488094329834,3.4975922681324363,-0.0,0.020031214,0.0,-0.0,0.0,-0.0,0.18211885,0.18211885,-0.0,0.6782902,7.7320657,0.69780064,0.0,0.45349494,2.131557,0.6889694,1.1233194,0.0,0.0,0.0,0.32322353,0.1383698,0.52699476,0.0,2.131557,0.0,2.0319722,2.0319722,0.45349494,-0.0,9.4,20.485691,20.0,20.0,2.0
resstock-amy2018-2021-release-1-230010,0.0,0.5587709,0.0,0.0,0.42980623,0.0,0.0,0.0,0.0,0.0,0.0,0.0,0.0,0.0,-0.05884678,0.0,-0.05884678,0.9757549,3.4996471405029297,3.4147979039486245,0.05884678,0.0,0.0,-0.0,0.0,-0.0,0.44026506,0.44026506,-0.0,0.73002166,7.7320657,0.5587709,0.0,0.40152928,0.7724888,0.23658922,0.40645114,0.0,0.0,0.0,0.3062688,0.1383698,0.526158,0.0,0.7724888,0.0,0.64192426,0.64192426,0.40152928,-0.0,10.0,20.488426,19.958334,19.958334,2.0
resstock-amy2018-2021-release-1-230010,0.0,0.6870476,0.0,0.0,0.0,0.0,0.0,0.0,0.0,0.0,0.0,0.0,0.0,0.0,0.08121799,0.08121799,0.0,0.9918572,3.4996447563171387,3.4711477477109725,-0.0,0.08121799,0.0,-0.0,0.0,-0.0,0.0,0.0,0.6870478,0.63467044,7.7320657,0.0,0.0,0.17528197,0.25649995,0.07901481,0.13430543,0.0,0.0,0.0,0.30805,0.1383698,0.523608,0.0,0.25649995,0.0,0.47086436,0.47086436,0.17528197,-0.0,10.0,20.627033,20.0,20.0,2.0
resstock-amy2018-2021-release-1-230010,0.0,0.6062752,0.0,0.0,0.015831066,0.0,0.0,0.0,0.0,0.0,0.0,0.0,0.0,0.0,0.046337366,0.046337366,0.0,0.99876976,3.499643325805664,3.4953379250619037,-0.0,0.046337366,0.0,-0.0,0.0,-0.0,0.0,0.0,0.5694777,0.5554818,7.7320657,0.036797523,0.0,0.17371795,0.23588638,0.06831067,0.12639676,0.0,0.0,0.0,0.2895914,0.1383698,0.5358375,0.0,0.23588638,0.0,0.43455026,0.43455026,0.17371795,-0.0,10.0,20.491941,19.444445,19.444445,2.0
resstock-amy2018-2021-release-1-230010,0.0,0.88988245,0.0,0.0,1.3145406,0.0,0.0,0.0,0.0,0.0,0.0,0.0,0.0,0.0,0.022268772,0.022268772,0.0,0.9993812,3.4996426105499268,3.4974769777308268,-0.0,0.022268772,0.0,-0.0,0.0,-0.0,2.1656184,2.1656184,-0.0,0.8244452,7.7320657,0.88988245,0.0,0.17255284,1.5093622,0.4202677,0.7786255,0.0,0.0,0.0,0.2784406,0.1383698,0.5158639,0.0,1.5093622,0.0,0.55539894,0.55539894,0.17255284,-0.0,10.0,20.720598,19.444445,19.444445,2.0
resstock-amy2018-2021-release-1-230010,0.0,0.85934985,0.0,0.0,0.45601758,0.0,0.0,0.0,0.0,0.0,0.0,0.0,0.0,0.0,-0.09217817,0.0,-0.09217817,0.9653606,3.4996399879455566,3.3784144951156065,0.09217817,0.0,0.0,-0.0,0.0,-0.0,0.20061134,0.20061134,-0.0,0.84532976,7.7320657,0.85934985,0.0,0.1715587,0.5353981,0.14533383,0.2739712,0.0,0.0,0.0,0.27145,0.1383698,0.5117149,0.0,0.5353981,0.0,0.54126906,0.54126906,0.1715587,-0.0,10.0,20.645334,18.88889,18.88889,2.0
resstock-amy2018-2021-release-1-230010,0.0,0.6759323,0.0,0.0,0.5179841,0.0,0.0,0.0,0.0,0.0,0.0,0.0,0.0,0.0,0.001673772,0.001673772,0.0,0.96073616,3.4996399879455566,3.3622306676876974,-0.0,0.001673772,0.0,-0.0,0.0,-0.0,0.528063,0.528063,-0.0,0.9072119,7.7320657,0.6759323,0.0,0.17625715,0.695915,0.18890613,0.35735708,0.0,0.0,0.0,0.27145,0.1383698,0.5135068,0.0,0.695915,0.0,0.4670574,0.4670574,0.17625715,-0.0,10.0,20.355656,18.88889,18.88889,2.0
resstock-amy2018-2021-release-1-230010,0.0,0.62068033,0.0,0.0,0.15913412,0.0,0.0,0.0,0.0,0.0,0.0,0.0,0.0,0.0,-0.011957835,0.0,-0.011957835,0.9519454,3.4996397495269775,3.331466045490316,0.011957835,0.0,0.0,-0.0,0.0,-0.0,0.0,0.0,0.24502687,0.86983305,7.7320657,0.37565345,0.0,0.19809042,0.3452667,0.09483047,0.18029174,0.0,0.0,0.0,0.2746586,0.1383698,0.5221811,0.0,0.3452667,0.0,0.46102268,0.46102268,0.19809042,-0.0,10.6,20.227974,18.88889,18.88889,2.0
resstock-amy2018-2021-release-1-230010,0.0,0.62620145,0.0,0.0,0.10165366,0.0,0.0,0.0,0.0,0.0,0.0,0.0,0.0,0.0,-0.012040805,0.0,-0.012040805,0.9431748,3.4996395111083984,3.3007717239221392,0.012040805,0.0,0.0,-0.0,0.0,-0.0,0.0,0.0,0.38870427,0.81350505,7.7320657,0.23749718,0.0,0.25351024,0.3431231,0.09490312,0.18234026,0.0,0.0,0.0,0.2765862,0.1383698,0.53141356,0.0,0.3431231,0.0,0.5215373,0.5215373,0.25351024,-0.0,10.2,20.186,18.88889,18.88889,2.0
resstock-amy2018-2021-release-1-230010,0.0,0.5744325,0.0,0.0,5.128634e-08,0.0,0.0,0.0,0.0,0.0,0.0,0.0,0.0,0.0,-0.012059099,0.0,-0.012059099,0.9344443,3.4996392726898193,3.270217999401467,0.012059099,0.0,0.0,-0.0,0.0,-0.0,0.0,0.0,0.5744324,0.7327237,7.7320657,1.1920929e-07,0.0,0.30414134,0.2920823,0.084630854,0.15826474,0.0,0.0,0.0,0.28975,0.1383698,0.5418498,0.0,0.2920823,0.0,0.5512743,0.5512743,0.30414134,-0.0,10.0,20.1673,19.444445,19.444445,2.0
resstock-amy2018-2021-release-1-230010,0.0,0.5822094,0.0,0.0,0.1677082,0.0,0.0,0.0,0.0,0.0,0.0,0.0,0.0,0.0,-0.03188935,0.0,-0.03188935,0.9195457,3.499638319015503,3.2180774031061645,0.03188935,0.0,0.0,-0.0,0.0,-0.0,0.0,0.0,0.18631588,0.70407754,7.7320657,0.3958935,0.0,0.40985033,0.5456692,0.16176909,0.29749724,0.0,0.0,0.0,0.29646,0.1383698,0.54519707,0.0,0.5456692,0.0,0.65648556,0.65648556,0.40985033,-0.0,10.6,20.281267,20.0,20.0,2.0
resstock-amy2018-2021-release-1-230010,0.0,0.5717275,0.0,0.0,0.33930108,0.0,0.0,0.0,0.0,0.0,0.0,0.0,0.0,0.0,-0.046841986,0.0,-0.046841986,0.90005165,3.4996368885040283,3.1498539677457558,0.046841986,0.0,0.0,-0.0,0.0,-0.0,0.23870166,0.23870166,-0.0,0.7303715,7.7320657,0.5717275,0.0,0.87094486,1.1624004,0.3446052,0.6408961,0.0,0.0,0.0,0.29646,0.1383698,0.5513557,0.0,1.1624004,0.0,1.1093055,1.1103091,0.87094486,-0.0010036231,11.05,20.405586,20.0,20.0,2.0
resstock-amy2018-2021-release-1-230010,0.0,0.358949,0.0,0.0,0.94405055,0.0,0.0,0.0,0.0,0.0,0.0,0.0,0.0,0.0,0.12692839,0.12692839,0.0,0.928601,3.499633312225342,3.249763086228654,-0.0,0.12692839,0.0,-0.0,0.0,-0.0,1.9662102,1.9662102,-0.0,0.9733903,7.7320657,0.358949,0.0,1.0550739,2.1230288,0.6284607,1.1906123,0.0,0.0,0.0,0.2960208,0.1383698,0.56080836,0.0,2.1230288,0.0,1.1977887,1.2008128,1.0550739,-0.0030241234,12.2,20.359043,20.0,20.0,2.0
resstock-amy2018-2021-release-1-230010,0.0,0.245819,0.0,0.0,0.87260646,0.0,0.0,0.0,0.0,0.0,0.0,0.0,0.0,0.0,0.2297809,0.2297809,0.0,0.9844025,3.499626636505127,3.445041132144894,-0.0,0.2297809,0.0,-0.0,0.0,-0.0,0.25240436,0.25240436,-0.0,1.0,7.7320657,0.245819,0.0,1.0848314,2.1803868,0.6317671,1.2370464,0.0,0.0,0.0,0.28975,0.1383698,0.5673518,0.0,2.1803868,0.0,1.8479869,1.8548187,1.0848314,-0.0068317964,12.15,20.189697,20.0,20.0,2.0
resstock-amy2018-2021-release-1-230010,0.0,0.27272105,0.9919735,0.0,1.025028,1.0031106,0.0,0.0,0.0,0.0,0.0,0.0,0.0,0.0,0.07227421,0.07227421,0.0,0.99825853,3.499624490737915,3.49353000350321,-0.0,0.07227421,0.0,-0.0,0.0,-0.0,0.04153847,0.04153847,-0.0,1.0,7.7320657,0.27272105,0.0,1.0489328,3.140268,0.8524258,1.8072612,0.0,0.0,0.0,0.27145,0.1383698,0.57551175,0.0,3.140268,0.0,3.0509915,3.060069,1.0489328,-0.009077543,11.9,20.001204,20.0,20.0,2.0
resstock-amy2018-2021-release-1-230010,0.0,0.2711866,0.0,0.0,0.923641,0.0,0.0,0.0,0.0,0.0,0.0,0.0,0.0,0.0,0.02402997,0.02402997,0.0,0.99933904,3.4996237754821777,3.4973106784792947,-0.0,0.02402997,0.0,-0.0,0.0,-0.0,0.04153847,0.04153847,-0.0,1.0,7.7320657,0.2711866,0.0,1.0448357,1.9822283,0.5622591,1.157848,0.0,0.0,0.0,0.28365,0.1383698,0.5841144,0.0,1.9822283,0.0,1.9413025,1.951581,1.0448357,-0.010278408,12.133333,19.820847,19.444445,19.444445,2.0
resstock-amy2018-2021-release-1-230010,1.2204206,0.2682165,0.1908229,0.0,0.89422446,0.19296531,0.0,0.0,0.0,0.0,0.0,0.0,0.0,0.0,0.020267248,0.020267248,0.0,0.99941546,3.4996232986450195,3.497577619213473,-0.0,0.020267248,0.0,-0.0,0.0,-0.0,0.04153847,0.04153847,-0.0,1.0,7.7320657,0.2682165,0.0,0.87211484,1.9684426,0.54009527,1.1716992,0.0,0.0,0.0,0.27437696,0.1383698,0.5952417,0.0,1.9684426,0.0,1.9316909,1.9428202,0.87211484,-0.011129311,13.033334,19.751375,17.777779,17.777779,2.0
resstock-amy2018-2021-release-1-230010,0.36748162,0.18652324,0.3816451,0.0,0.87021524,0.3859299,0.0,0.0,0.0,0.0,0.0,0.0,0.0,0.0,0.020000696,0.020000696,0.0,0.99948776,3.4996228218078613,3.4978301669042935,-0.0,0.020000696,0.0,-0.0,0.0,-0.0,0.04153847,0.04153847,-0.0,1.0,7.7320657,0.18652324,0.0,0.78393984,2.044968,0.5925295,1.236723,0.0,0.0,0.0,0.28975,0.1383698,0.604764,0.0,2.044968,0.0,2.0089931,2.0241108,0.78393984,-0.0151177,14.15,19.75206,17.777779,17.777779,2.0
resstock-amy2018-2021-release-1-230010,0.18751124,0.20185824,0.19082274,0.0,0.5338947,0.19296513,0.0,0.0,0.0,0.0,0.0,0.0,0.0,0.0,0.01974845,0.01974845,0.0,0.9994616,3.499622344970703,3.4977381176565814,-0.0,0.01974845,0.0,-0.0,0.0,-0.0,0.04153847,0.04153847,-0.0,1.0,7.7320657,0.20185824,0.0,0.7191501,1.444125,0.4402467,0.8792767,0.0,0.0,0.0,0.3048536,0.1383698,0.60886467,0.0,1.444125,0.0,1.4084255,1.4300588,0.7191501,-0.021633355,14.2,19.905798,17.777779,17.777779,2.0
resstock-amy2018-2021-release-1-230010,0.001612614,0.22188649,0.19082277,0.0,4.7640086e-08,0.19296516,0.0,0.0,0.0,0.0,0.0,0.0,0.0,0.0,0.019839048,0.019839048,0.0,0.9994297,3.499621868133545,3.497626043436867,-0.0,0.019839048,0.0,-0.0,0.0,-0.0,0.0,0.0,0.22188637,0.9652206,7.7320657,1.1920929e-07,0.0,0.61996514,0.82013226,0.24963005,0.5026791,0.0,0.0,0.0,0.3043778,0.1383698,0.61292446,0.0,0.82013226,0.0,0.88896656,0.9016037,0.61996514,-0.012637155,12.78,20.022923,17.777779,17.777779,2.0
resstock-amy2018-2021-release-1-230010,0.0,0.21091089,0.0,0.0,0.27996492,0.0,0.0,0.0,0.0,0.0,0.0,0.0,0.0,0.0,0.019949675,0.019949675,0.0,0.99942756,3.4996213912963867,3.497618057498812,-0.0,0.019949675,0.0,-0.0,0.0,-0.0,0.31714407,0.31714407,-0.0,1.0,7.7320657,0.21091089,0.0,0.61548764,0.91540223,0.27996826,0.5594375,0.0,0.0,0.0,0.3058418,0.1383698,0.61113846,0.0,0.91540223,0.0,0.7736659,0.7736659,0.61548764,0.0,14.2,20.188995,17.777779,17.777779,2.0
resstock-amy2018-2021-release-1-230010,0.0,0.19366302,0.0,0.0,0.1342494,0.0,0.0,0.0,0.0,0.0,0.0,0.0,0.0,0.0,0.019956827,0.019956827,0.0,0.99943733,3.4996209144592285,3.4976517902950945,-0.0,0.019956827,0.0,-0.0,0.0,-0.0,0.04153847,0.04153847,-0.0,1.0,7.7320657,0.19366302,0.0,0.62622243,0.78042865,0.24219152,0.47037774,0.0,0.0,0.0,0.3103314,0.1383698,0.60271716,0.0,0.78042865,0.0,0.7444978,0.7444978,0.62622243,-0.0,14.15,20.31982,17.777779,17.777779,2.0
resstock-amy2018-2021-release-1-230010,0.0,0.19976088,0.0,0.0,0.17853731,0.0,0.0,0.0,0.0,0.0,0.0,0.0,0.0,0.0,0.019922018,0.019922018,0.0,0.99943364,3.4996204376220703,3.497638380920989,-0.0,0.019922018,0.0,-0.0,0.0,-0.0,0.04153847,0.04153847,-0.0,1.0,7.7320657,0.19976088,0.0,0.604688,0.8031473,0.25277904,0.482861,0.0,0.0,0.0,0.3147356,0.1383698,0.601211,0.0,0.8031473,0.0,0.767137,0.767137,0.604688,-0.0,13.9,20.443634,17.777779,17.777779,2.0
resstock-amy2018-2021-release-1-230010,0.0,0.22992827,0.5724663,0.0,0.14425859,0.5788935,0.0,0.0,0.0,0.0,0.0,0.0,0.0,0.0,0.019934416,0.019934416,0.0,0.9994318,3.499619960784912,3.497631437952151,-0.0,0.019934416,0.0,-0.0,0.0,-0.0,0.04153847,0.04153847,-0.0,1.0,7.7320657,0.22992827,0.0,0.53082556,1.273912,0.3932989,0.7665247,0.0,0.0,0.0,0.3087332,0.1383698,0.6017093,0.0,1.273912,0.0,1.2378892,1.2378892,0.53082556,-0.0,13.9,20.576828,19.722221,19.722221,2.0
resstock-amy2018-2021-release-1-230010,0.0,0.34755442,0.0,0.0,0.5465922,0.0,0.0,0.0,0.0,0.0,0.0,0.0,0.0,0.0,0.019940376,0.019940376,0.0,0.99939954,3.499619483947754,3.4975181122612184,-0.0,0.019940376,0.0,-0.0,0.0,-0.0,0.04153847,0.04153847,-0.0,1.0,7.7320657,0.34755442,0.0,0.45349494,1.0200275,0.30239737,0.61305493,0.0,0.0,0.0,0.29646,0.1383698,0.601018,0.0,1.0200275,0.0,0.98401403,0.98401403,0.45349494,-0.0,13.933333,20.801092,20.0,20.0,2.0
resstock-amy2018-2021-release-1-230010,0.0,0.46778655,0.0,0.0,0.1517448,0.0,0.0,0.0,0.0,0.0,0.0,0.0,0.0,0.0,0.020052195,0.020052195,0.0,0.9994189,3.4996190071105957,3.497585428613405,-0.0,0.020052195,0.0,-0.0,0.0,-0.0,0.0,0.0,0.07599614,0.9846595,7.7320657,0.39179042,0.0,0.1787773,0.3505743,0.09508214,0.20778763,0.0,0.0,0.0,0.2712182,0.1383698,0.5927064,0.0,0.3505743,0.0,0.35995626,0.35995626,0.1787773,-0.0,13.9,21.046875,19.958334,19.958334,2.0
resstock-amy2018-2021-release-1-230010,0.0,0.5072205,0.0,0.0,0.19730926,0.0,0.0,0.0,0.0,0.0,0.0,0.0,0.0,0.0,0.019984245,0.019984245,0.0,0.99944025,3.4996185302734375,3.497659628533256,-0.0,0.019984245,0.0,-0.0,0.0,-0.0,0.00402833,0.00402833,-0.0,0.98003066,7.7320657,0.5072205,0.0,0.17528197,0.39257547,0.10464884,0.23570378,0.0,0.0,0.0,0.26657,0.1383698,0.6004037,0.0,0.39257547,0.0,0.37103656,0.37103656,0.17528197,-0.0,14.025,21.195776,20.0,20.0,2.0
resstock-amy2018-2021-release-1-230010,0.0,0.48055857,0.0,0.0,0.31049636,0.0,0.0,0.0,0.0,0.0,0.0,0.0,0.0,0.0,0.01990962,0.01990962,0.0,0.9994276,3.4996180534362793,3.4976149301429302,-0.0,0.01990962,0.0,-0.0,0.0,-0.0,0.19978307,0.19978307,-0.0,1.0,7.7320657,0.48055857,0.0,0.17371795,0.5041239,0.14586695,0.2941384,0.0,0.0,0.0,0.2893474,0.1383698,0.5834645,0.0,0.5041239,0.0,0.4068361,0.4068361,0.17371795,-0.0,13.9,21.12771,19.444445,19.444445,2.0
resstock-amy2018-2021-release-1-230010,0.0,0.5851178,0.0,0.0,0.28047952,0.0,0.0,0.0,0.0,0.0,0.0,0.0,0.0,0.0,-0.11592546,0.0,-0.11592546,0.95805365,3.499614715576172,3.352818646503465,0.11592546,0.0,0.0,-0.0,0.0,-0.0,0.04153847,0.04153847,-0.0,1.0,7.7320657,0.5851178,0.0,0.17255284,0.3371069,0.09150767,0.20904687,0.0,0.0,0.0,0.27145,0.1383698,0.6201204,0.0,0.3371069,0.0,0.4359249,0.4359249,0.17255284,-0.0,11.67,20.955147,19.444445,19.444445,2.0
resstock-amy2018-2021-release-1-230010,0.0,0.4232586,0.0,0.0,0.9454876,0.0,0.0,0.0,0.0,0.0,0.0,0.0,0.0,0.0,0.12374285,0.12374285,0.0,0.9854567,3.4996111392974854,3.448715262440203,-0.0,0.12374285,0.0,-0.0,0.0,-0.0,0.04153847,0.04153847,-0.0,1.0,7.7320657,0.4232586,0.0,0.1715587,1.2407892,0.27777547,0.78364795,0.0,0.0,0.0,0.22387,0.1383698,0.6315722,0.0,1.2407892,0.0,1.100357,1.100357,0.1715587,-0.0,12.585,20.677586,19.444445,19.444445,2.0
resstock-amy2018-2021-release-1-230010,0.0,0.35619596,0.0,0.0,0.7660655,0.0,0.0,0.0,0.0,0.0,0.0,0.0,0.0,0.0,0.06858802,0.06858802,0.0,0.9982681,3.4996092319488525,3.493548354754239,-0.0,0.06858802,0.0,-0.0,0.0,-0.0,0.04153847,0.04153847,-0.0,1.0,7.7320657,0.35619596,0.0,0.17625715,1.0109106,0.19424647,0.65147644,0.0,0.0,0.0,0.19215,0.1383698,0.6444451,0.0,1.0109106,0.0,0.9260515,0.9260515,0.17625715,-0.0,13.5,20.505482,20.0,20.0,2.0
resstock-amy2018-2021-release-1-230010,0.0,0.36935377,0.0,0.0,0.37413418,0.0,0.0,0.0,0.0,0.0,0.0,0.0,0.0,0.0,0.023981094,0.023981094,0.0,0.9992856,3.4996085166931152,3.497108321924145,-0.0,0.023981094,0.0,-0.0,0.0,-0.0,0.04153847,0.04153847,-0.0,1.0,7.7320657,0.36935377,0.0,0.19809042,0.5962057,0.10634891,0.39157027,0.0,0.0,0.0,0.1783762,0.1383698,0.6567704,0.0,0.5962057,0.0,0.55563354,0.55563354,0.19809042,-0.0,12.8,20.389336,19.444445,19.444445,2.0
resstock-amy2018-2021-release-1-230010,0.0,0.46412945,0.0,0.0,0.62780124,0.0,0.0,0.0,0.0,0.0,0.0,0.0,0.0,0.0,-0.0361529,0.0,-0.0361529,0.9827135,3.499607563018799,3.43911166871672,0.0361529,0.0,0.0,-0.0,0.0,-0.0,0.04153847,0.04153847,-0.0,1.0,7.7320657,0.46412945,0.0,0.25351024,0.8451586,0.18920565,0.5515309,0.0,0.0,0.0,0.22387,0.1383698,0.6525768,0.0,0.8451586,0.0,0.8647204,0.8647204,0.25351024,-0.0,12.8,20.418467,19.444445,19.444445,2.0
resstock-amy2018-2021-release-1-230010,0.0,0.63289416,0.0,0.0,0.717685,0.0,0.0,0.0,0.0,0.0,0.0,0.0,0.0,0.0,-0.15830739,0.0,-0.15830739,0.92836636,3.499603033065796,3.2489137399209795,0.15830739,0.0,0.0,-0.0,0.0,-0.0,0.04153847,0.04153847,-0.0,1.0,7.7320657,0.63289416,0.0,0.30414134,0.8635189,0.22444329,0.5522323,0.0,0.0,0.0,0.25991705,0.1383698,0.6395139,0.0,0.8635189,0.0,1.0052352,1.0052352,0.30414134,-0.0,12.8,20.665268,19.444445,19.444445,2.0
resstock-amy2018-2021-release-1-230010,0.0,0.8083087,0.0,0.0,0.8368578,0.0,0.0,0.0,0.0,0.0,0.0,0.0,0.0,0.0,-0.08915365,0.0,-0.08915365,0.8956562,3.499600410461426,3.1344389033703237,0.08915365,0.0,0.0,-0.0,0.0,-0.0,0.04153847,0.04153847,-0.0,1.0,7.7320657,0.8083087,0.0,0.40985033,1.1575545,0.36474726,0.7341324,0.0,0.0,0.0,0.3151016,0.1383698,0.6342098,0.0,1.1575545,0.0,1.2298429,1.2298429,0.40985033,-0.0,12.2,20.982746,20.0,20.0,2.0
resstock-amy2018-2021-release-1-230010,0.0,0.56566626,0.1909688,0.0,0.6494987,0.19311285,0.0,0.0,0.0,0.0,0.0,0.0,0.0,0.0,0.03940718,0.03940718,0.0,0.9012251,3.4995992183685303,3.1539266206320917,-0.0,0.03940718,0.0,-0.0,0.0,-0.0,0.04153847,0.04153847,-0.0,1.0,7.7320657,0.56566626,0.0,0.67009085,1.5396008,0.50244874,0.9883077,0.0,0.0,0.0,0.32635,0.1383698,0.6419246,0.0,1.5396008,0.0,1.4836026,1.4961114,0.67009085,-0.012508805,12.8,21.038185,20.0,20.0,2.0
resstock-amy2018-2021-release-1-230010,0.0,0.4446453,0.0,0.0,0.18091743,0.0,0.0,0.0,0.0,0.0,0.0,0.0,0.0,0.0,0.09270612,0.09270612,0.0,0.920739,3.49959659576416,3.222215052752574,-0.0,0.09270612,0.0,-0.0,0.0,-0.0,0.022466293,0.022466293,-0.0,0.9976058,7.7320657,0.4446453,0.0,0.85219574,1.0901573,0.35363153,0.702062,0.0,0.0,0.0,0.3243858,0.1383698,0.64400065,0.0,1.0901573,0.0,0.9887497,1.0244116,0.85219574,-0.035661876,13.9,21.114761,20.0,20.0,2.0
resstock-amy2018-2021-release-1-230010,0.0,0.3364836,0.0,0.0,0.0,0.0,0.0,0.0,0.0,0.0,0.0,0.0,0.0,0.0,0.11762306,0.11762306,0.0,0.9467204,3.4995932579040527,3.313136403551397,-0.0,0.11762306,0.0,-0.0,0.0,-0.0,0.0,0.0,0.33648366,0.9475695,7.7320657,0.0,0.0,0.88575613,0.9488415,0.29996476,0.6106153,0.0,0.0,0.0,0.31613788,0.1383698,0.6435377,0.0,0.9488415,0.0,0.9615423,1.01608,0.88575613,-0.054537736,13.9,21.03567,20.0,20.0,2.0
resstock-amy2018-2021-release-1-230010,0.0,0.2544127,0.0,0.0,0.0,0.0,0.0,0.0,0.0,0.0,0.0,0.0,0.0,0.0,0.07293394,0.07293394,0.0,0.96079934,3.499591112136841,3.3624048183293382,-0.0,0.07293394,0.0,-0.0,0.0,-0.0,0.0,0.0,0.25441277,0.90872955,7.7320657,0.0,0.0,1.2057613,1.2243946,0.37845686,0.79178745,0.0,0.0,0.0,0.30909714,0.1383698,0.6466767,0.0,1.2243946,0.0,1.2499975,1.3042982,1.2057613,-0.054300606,13.9,20.836893,20.0,20.0,2.0
resstock-amy2018-2021-release-1-230010,0.0,0.27602643,0.0,0.0,2.3085544e-08,0.0,0.0,0.0,0.0,0.0,0.0,0.0,0.0,0.0,0.123945594,0.123945594,0.0,0.9882416,3.4995875358581543,3.4584380309604796,-0.0,0.123945594,0.0,-0.0,0.0,-0.0,0.0,0.0,0.27602637,0.8672123,7.7320657,5.9604645e-08,0.0,1.0448357,1.141116,0.34199843,0.7382908,0.0,0.0,0.0,0.2997052,0.1383698,0.6469901,0.0,1.141116,0.0,1.1240785,1.1517438,1.0448357,-0.027665311,13.9,20.714722,20.0,20.0,2.0
resstock-amy2018-2021-release-1-230010,1.1775787,0.29756936,0.0,0.0,0.38878897,0.0,0.0,0.0,0.0,0.0,0.0,0.0,0.0,0.0,0.05886841,0.05886841,0.0,0.9985482,3.4995858669281006,3.494505201997711,-0.0,0.05886841,0.0,-0.0,0.0,-0.0,0.7134261,0.7134261,-0.0,0.9522498,7.7320657,0.29756936,0.0,0.87211484,1.250499,0.3757164,0.8072192,0.0,0.0,0.0,0.30045316,0.1383698,0.64551765,0.0,1.250499,0.0,0.9172751,0.9865483,0.87211484,-0.06927324,14.15,20.77024,18.416666,18.416666,2.0
resstock-amy2018-2021-release-1-230010,0.0,0.1686754,0.0,0.0,4.6958053e-08,0.0,0.0,0.0,0.0,0.0,0.0,0.0,0.0,0.0,0.022982597,0.022982597,0.0,0.99935335,3.4995851516723633,3.497322142165274,-0.0,0.022982597,0.0,-0.0,0.0,-0.0,0.0,0.0,0.16867527,0.9248095,7.7320657,1.1920929e-07,0.0,0.5891643,0.5465955,0.16757052,0.35216314,0.0,0.0,0.0,0.30657133,0.1383698,0.6442847,0.0,0.5465955,0.0,0.59005624,0.6556077,0.5891643,-0.06555145,13.3,20.63957,19.444445,19.444445,2.0
resstock-amy2018-2021-release-1-230010,0.0,0.22163908,0.19096896,0.0,0.25048396,0.19311301,0.0,0.0,0.0,0.0,0.0,0.0,0.0,0.0,0.020178795,0.020178795,0.0,0.99942636,3.499584674835205,3.497577190225684,-0.0,0.020178795,0.0,-0.0,0.0,-0.0,0.41159514,0.41159514,-0.0,0.9716565,7.7320657,0.22163908,0.0,0.5077328,0.95166177,0.29631582,0.6108085,0.0,0.0,0.0,0.31136674,0.1383698,0.6418336,0.0,0.95166177,0.0,0.76867115,0.78851795,0.5077328,-0.01984678,13.15,20.593113,19.444445,19.444445,2.0
resstock-amy2018-2021-release-1-230010,1.2998189,0.16436458,0.38193703,0.0,0.948029,0.3862251,0.0,0.0,0.0,0.0,0.0,0.0,0.0,0.0,0.019923925,0.019923925,0.0,0.9994633,3.499584197998047,3.4977060403753057,-0.0,0.019923925,0.0,-0.0,0.0,-0.0,0.2661434,0.2661434,-0.0,1.0,7.7320657,0.16436458,0.0,0.61996514,1.9531047,0.6118214,1.2457811,0.0,0.0,0.0,0.31325582,0.1383698,0.6378465,0.0,1.9531047,0.0,1.8268794,1.8479178,0.61996514,-0.021038417,12.8,20.56673,17.777779,17.777779,2.0
resstock-amy2018-2021-release-1-230010,0.34566018,0.19850117,0.0,0.0,0.76406205,0.0,0.0,0.0,0.0,0.0,0.0,0.0,0.0,0.0,0.019794703,0.019794703,0.0,0.99948126,3.4995837211608887,3.4977683498188696,-0.0,0.019794703,0.0,-0.0,0.0,-0.0,0.04153847,0.04153847,-0.0,1.0,7.7320657,0.19850117,0.0,0.61548764,1.3993444,0.43969852,0.88432336,0.0,0.0,0.0,0.3142175,0.1383698,0.63195544,0.0,1.3993444,0.0,1.3626388,1.3626388,0.61548764,0.0,12.1,20.567093,17.777779,17.777779,2.0
resstock-amy2018-2021-release-1-230010,0.05698865,0.1874048,0.0,0.0,0.76343286,0.0,0.0,0.0,0.0,0.0,0.0,0.0,0.0,0.0,0.019731998,0.019731998,0.0,0.9994971,3.4995832443237305,3.4978233585457588,-0.0,0.019731998,0.0,-0.0,0.0,-0.0,0.04153847,0.04153847,-0.0,1.0,7.7320657,0.1874048,0.0,0.62622243,1.4093874,0.43757424,0.8682185,0.0,0.0,0.0,0.31047124,0.1383698,0.61602545,0.0,1.4093874,0.0,1.3727901,1.3727901,0.62622243,-0.0,12.2,20.5746,17.777779,17.777779,2.0
resstock-amy2018-2021-release-1-230010,0.0,0.218512,0.0,0.0,0.71939164,0.0,0.0,0.0,0.0,0.0,0.0,0.0,0.0,0.0,0.019676208,0.019676208,0.0,0.9994665,3.4995827674865723,3.4977156659751074,-0.0,0.019676208,0.0,-0.0,0.0,-0.0,0.04153847,0.04153847,-0.0,1.0,7.7320657,0.218512,0.0,0.604688,1.3437558,0.41571796,0.80228144,0.0,0.0,0.0,0.30937016,0.1383698,0.59704405,0.0,1.3437558,0.0,1.3069859,1.3069859,0.604688,-0.0,11.7,20.603676,18.537037,18.537037,2.0
resstock-amy2018-2021-release-1-230010,0.0,0.42047733,0.5729056,0.0,0.83226264,0.5793377,0.0,0.0,0.0,0.0,0.0,0.0,0.0,0.0,0.019782543,0.019782543,0.0,0.99945235,3.499582290649414,3.4976657532401987,-0.0,0.019782543,0.0,-0.0,0.0,-0.0,0.04153847,0.04153847,-0.0,1.0,7.7320657,0.42047733,0.0,0.53082556,1.9622084,0.59067136,1.1371971,0.0,0.0,0.0,0.30102378,0.1383698,0.5795496,0.0,1.9622084,0.0,1.9250579,1.9250579,0.53082556,-0.0,11.1,20.80682,20.0,20.0,2.0
resstock-amy2018-2021-release-1-230010,0.0,1.0317202,0.30111,0.0,0.88852084,0.30449063,0.0,0.0,0.0,0.0,0.0,0.0,0.0,0.0,0.01983118,0.01983118,0.0,0.9993753,3.499581813812256,3.497395568073358,-0.0,0.01983118,0.0,-0.0,0.0,-0.0,0.04153847,0.04153847,-0.0,1.0,7.7320657,1.0317202,0.0,0.45349494,1.6663375,0.4517237,0.93001986,0.0,0.0,0.0,0.27108777,0.1383698,0.55812216,0.0,1.6663375,0.0,1.6289098,1.6289098,0.45349494,-0.0,10.6,21.571985,20.0,20.0,2.0
resstock-amy2018-2021-release-1-230010,0.0,1.0681747,0.0,0.0,1.2107147,0.0,0.0,0.0,0.0,0.0,0.0,0.0,0.0,0.0,0.020099163,0.020099163,0.0,0.999399,3.4995813369750977,3.497478110872464,-0.0,0.020099163,0.0,-0.0,0.0,-0.0,0.04153847,0.04153847,-0.0,1.0,7.7320657,1.0681747,0.0,0.40152928,1.6323432,0.4111434,0.8734895,0.0,0.0,0.0,0.25187314,0.1383698,0.5351139,0.0,1.6323432,0.0,1.594876,1.594876,0.40152928,-0.0,11.1,21.888035,20.0,20.0,2.0
resstock-amy2018-2021-release-1-230010,0.0,0.9560051,0.0,0.0,0.736175,0.0,0.0,0.0,0.0,0.0,0.0,0.0,0.0,0.0,0.020015955,0.020015955,0.0,0.99948585,3.4995808601379395,3.4977815518081457,-0.0,0.020015955,0.0,-0.0,0.0,-0.0,0.04153847,0.04153847,-0.0,1.0,7.7320657,0.9560051,0.0,0.17528197,0.9314729,0.2040018,0.47300863,0.0,0.0,0.0,0.21900992,0.1383698,0.5078072,0.0,0.9314729,0.0,0.8935862,0.8935862,0.17528197,-0.0,10.0,21.861904,20.0,20.0,2.0
resstock-amy2018-2021-release-1-230010,0.0,1.0057108,0.0,0.0,0.64871347,0.0,0.0,0.0,0.0,0.0,0.0,0.0,0.0,0.0,0.019713163,0.019713163,0.0,0.99948585,3.4995803833007812,3.497781075216153,-0.0,0.019713163,0.0,-0.0,0.0,-0.0,0.04153847,0.04153847,-0.0,1.0,7.7320657,1.0057108,0.0,0.17371795,0.8421446,0.18123326,0.43636143,0.0,0.0,0.0,0.21520443,0.1383698,0.518155,0.0,0.8421446,0.0,0.8045607,0.8045607,0.17371795,-0.0,10.0,21.840908,19.444445,19.444445,2.0
resstock-amy2018-2021-release-1-230010,0.0,0.2701053,0.0,0.0,0.4425316,0.0,0.0,0.0,0.0,0.0,0.0,0.0,0.0,0.0,0.019712687,0.019712687,0.0,0.9994965,3.499579906463623,3.497817936452037,-0.0,0.019712687,0.0,-0.0,0.0,-0.0,0.04153847,0.04153847,-0.0,1.0,7.7320657,0.2701053,0.0,0.17255284,0.6347971,0.1283565,0.30038851,0.0,0.0,0.0,0.20220083,0.1383698,0.473204,0.0,0.6347971,0.0,0.59693944,0.59693944,0.17255284,-0.0,9.4,20.931238,18.88889,18.88889,2.0
resstock-amy2018-2021-release-1-230010,0.0,0.2375373,0.0,0.0,0.094320774,0.0,0.0,0.0,0.0,0.0,0.0,0.0,0.0,0.0,0.019675016,0.019675016,0.0,0.9994935,3.499579429626465,3.49780682170433,-0.0,0.019675016,0.0,-0.0,0.0,-0.0,0.0,0.0,0.024298068,0.99154794,7.7320657,0.21323922,0.0,0.1715587,0.28555447,0.055769827,0.13424405,0.0,0.0,0.0,0.19530363,0.1383698,0.47011718,0.0,0.28555447,0.0,0.27662706,0.27662706,0.1715587,-0.0,8.9,20.425648,18.88889,18.88889,2.0
resstock-amy2018-2021-release-1-230010,0.0,0.2557873,0.0,0.0,0.0,0.0,0.0,0.0,0.0,0.0,0.0,0.0,0.0,0.0,0.019685268,0.019685268,0.0,0.99945855,3.4995789527893066,3.4976841106887377,-0.0,0.019685268,0.0,-0.0,0.0,-0.0,0.0,0.0,0.2557874,0.95229554,7.7320657,0.0,0.0,1.5054288,1.525114,0.28351444,0.7026568,0.0,0.0,0.0,0.1858972,0.1383698,0.4607241,0.0,1.525114,0.0,1.6202582,1.6202582,1.5054288,-0.0,8.3,20.08336,18.88889,18.88889,2.0
resstock-amy2018-2021-release-1-230010,0.0,0.35710156,0.0,0.0,0.99758565,0.0,0.0,0.0,0.0,0.0,0.0,0.0,0.0,0.0,0.019806147,0.019806147,0.0,0.99945796,3.4995784759521484,3.497681548198443,-0.0,0.019806147,0.0,-0.0,0.0,-0.0,0.4195673,0.4195673,-0.0,1.0,7.7320657,0.35710156,0.0,0.23010866,1.2475004,0.25451368,0.5988967,0.0,0.0,0.0,0.20401892,0.1383698,0.48007736,0.0,1.2475004,0.0,1.0356469,1.0356469,0.23010866,-0.0,7.5,19.926912,18.333334,18.333334,2.0
resstock-amy2018-2021-release-1-230010,0.0,0.25483567,0.0,0.0,0.0,0.0,0.0,0.0,0.0,0.0,0.0,0.0,0.0,0.0,0.019807816,0.019807816,0.0,0.9994312,3.4995779991149902,3.49758741421428,-0.0,0.019807816,0.0,-0.0,0.0,-0.0,0.0,0.0,0.2548358,0.96083033,7.7320657,0.0,0.0,0.3186101,0.33841792,0.07477272,0.17801403,0.0,0.0,0.0,0.22094788,0.1383698,0.5260183,0.0,0.33841792,0.0,0.43749848,0.43749848,0.3186101,-0.0,6.7,19.687962,18.333334,18.333334,2.0
resstock-amy2018-2021-release-1-230010,0.0,0.32854092,0.0,0.0,1.3379016e-08,0.0,0.0,0.0,0.0,0.0,0.0,0.0,0.0,0.0,0.01990056,0.01990056,0.0,0.99944866,3.499577522277832,3.4976480548333484,-0.0,0.01990056,0.0,-0.0,0.0,-0.0,0.0,0.0,0.3285409,0.91204417,7.7320657,2.9802322e-08,0.0,0.44679707,0.46669763,0.14168455,0.25066528,0.0,0.0,0.0,0.3035896,0.1383698,0.53710425,0.0,0.46669763,0.0,0.5942874,0.5942874,0.44679707,-0.0,8.3,19.76064,18.88889,18.88889,2.0
resstock-amy2018-2021-release-1-230010,0.0,0.32905394,0.0,0.0,8.837391e-08,0.0,0.0,0.0,0.0,0.0,0.0,0.0,0.0,0.0,0.019839287,0.019839287,0.0,0.9994836,3.499577045440674,3.4977698126124324,-0.0,0.019839287,0.0,-0.0,0.0,-0.0,0.0,0.0,0.32905373,0.86344403,7.7320657,2.0861626e-07,0.0,0.6007284,0.62056774,0.19487256,0.3438279,0.0,0.0,0.0,0.31402302,0.1383698,0.5540538,0.0,0.62056774,0.0,0.740122,0.740122,0.6007284,-0.0,10.6,19.923409,20.0,20.0,2.0
resstock-amy2018-2021-release-1-230010,0.0,0.35752708,0.0,0.0,1.2264154e-08,0.0,0.0,0.0,0.0,0.0,0.0,0.0,0.0,0.0,0.019717216,0.019717216,0.0,0.9994694,3.4995765686035156,3.4977196913591797,-0.0,0.019717216,0.0,-0.0,0.0,-0.0,0.0,0.0,0.35752705,0.81130356,7.7320657,2.9802322e-08,0.0,0.87094486,0.8789988,0.3169289,0.4839366,0.0,0.0,0.0,0.3605567,0.1383698,0.55055434,0.0,0.8789988,0.0,1.00641,1.0180732,0.87094486,-0.011663253,11.7,20.152222,20.0,20.0,2.0
resstock-amy2018-2021-release-1-230010,0.0,0.37214568,0.0,0.0,0.0,0.0,0.0,0.0,0.0,0.0,0.0,0.0,0.0,0.0,0.019766092,0.019766092,0.0,0.9994701,3.4995760917663574,3.4977217178669093,-0.0,0.019766092,0.0,-0.0,0.0,-0.0,0.0,0.0,0.3721458,0.757487,7.7320657,0.0,0.0,1.0550739,1.0406812,0.36256713,0.56999964,0.0,0.0,0.0,0.34839404,0.1383698,0.5477178,0.0,1.0406812,0.0,1.1720121,1.2061708,1.0550739,-0.034158662,12.2,20.397667,20.0,20.0,2.0
resstock-amy2018-2021-release-1-230010,0.0,0.3132366,0.0,0.0,0.36617997,0.0,0.0,0.0,0.0,0.0,0.0,0.0,0.0,0.0,0.019763231,0.019763231,0.0,0.99947053,3.499575614929199,3.49772270141915,-0.0,0.019763231,0.0,-0.0,0.0,-0.0,0.58865005,0.58865005,-0.0,0.82743305,7.7320657,0.3132366,0.0,1.0848314,1.420146,0.43515974,0.80079967,0.0,0.0,0.0,0.30641901,0.1383698,0.56388545,0.0,1.420146,0.0,1.1613817,1.2120101,1.0848314,-0.050628483,12.2,20.479366,20.0,20.0,2.0
resstock-amy2018-2021-release-1-230010,0.0,0.2840275,0.5733261,0.0,0.45268154,0.57976294,0.0,0.0,0.0,0.0,0.0,0.0,0.0,0.0,0.019761324,0.019761324,0.0,0.99944913,3.499575138092041,3.497647340689525,-0.0,0.019761324,0.0,-0.0,0.0,-0.0,0.83090943,0.83090943,-0.0,0.9274262,7.7320657,0.2840275,0.0,1.0489328,2.0580673,0.6124983,1.149465,0.0,0.0,0.0,0.29760846,0.1383698,0.5585167,0.0,2.0580673,0.0,1.700944,1.7440153,1.0489328,-0.04307144,12.2,20.442245,19.444445,19.444445,2.0
resstock-amy2018-2021-release-1-230010,0.0,0.19212425,0.7115351,0.0,0.7634182,0.71952367,0.0,0.0,0.0,0.0,0.0,0.0,0.0,0.0,0.019835234,0.019835234,0.0,0.99946976,3.499574661254883,3.4977190365680144,-0.0,0.019835234,0.0,-0.0,0.0,-0.0,0.6166416,0.6166416,-0.0,1.0,7.7320657,0.19212425,0.0,1.0448357,2.497373,0.7171361,1.3319637,0.0,0.0,0.0,0.28715616,0.1383698,0.5333459,0.0,2.497373,0.0,2.2237797,2.2740192,1.0448357,-0.0502396,11.7,20.230156,19.444445,19.444445,2.0
resstock-amy2018-2021-release-1-230010,1.0952327,0.16854426,0.0,0.0,0.37892127,0.0,0.0,0.0,0.0,0.0,0.0,0.0,0.0,0.0,0.019762993,0.019762993,0.0,0.99947643,3.4995741844177246,3.497741922161822,-0.0,0.019762993,0.0,-0.0,0.0,-0.0,0.04153847,0.04153847,-0.0,1.0,7.7320657,0.16854426,0.0,0.6752373,1.0092607,0.2887617,0.5279187,0.0,0.0,0.0,0.28611213,0.1383698,0.5230747,0.0,1.0092607,0.0,0.97211826,1.0367792,0.6752373,-0.06466086,11.075,19.997263,17.777779,17.777779,2.0
resstock-amy2018-2021-release-1-230010,0.22982669,0.13946049,0.0,0.0,0.0,0.0,0.0,0.0,0.0,0.0,0.0,0.0,0.0,0.0,0.019739151,0.019739151,0.0,0.9994942,3.4995737075805664,3.4978036056469364,-0.0,0.019739151,0.0,-0.0,0.0,-0.0,0.0,0.0,0.13946049,0.9762033,7.7320657,0.0,0.0,0.5891643,0.55386025,0.16274649,0.28301314,0.0,0.0,0.0,0.29384035,0.1383698,0.51098293,0.0,0.55386025,0.0,0.5911278,0.64617103,0.5891643,-0.055043202,11.95,19.901424,17.777779,17.777779,2.0
resstock-amy2018-2021-release-1-230010,0.1360797,0.16857466,0.0,0.0,0.08177343,0.0,0.0,0.0,0.0,0.0,0.0,0.0,0.0,0.0,0.019676924,0.019676924,0.0,0.9994908,3.499573230743408,3.4977912393742656,-0.0,0.019676924,0.0,-0.0,0.0,-0.0,0.039018307,0.039018307,-0.0,0.97601104,7.7320657,0.16857466,0.0,0.5077328,0.5254153,0.16267143,0.26039824,0.0,0.0,0.0,0.30960542,0.1383698,0.4956046,0.0,0.5254153,0.0,0.49036857,0.57413644,0.5077328,-0.08376786,13.3,20.04084,17.777779,17.777779,2.0
resstock-amy2018-2021-release-1-230010,0.16026407,0.21536033,0.0,0.0,0.45004463,0.0,0.0,0.0,0.0,0.0,0.0,0.0,0.0,0.0,0.01968813,0.01968813,0.0,0.9994488,3.49957275390625,3.497643706272356,-0.0,0.01968813,0.0,-0.0,0.0,-0.0,0.23163685,0.23163685,-0.0,1.0,7.7320657,0.21536033,0.0,1.3478497,1.7922696,0.5754323,0.9066121,0.0,0.0,0.0,0.32106346,0.1383698,0.50584584,0.0,1.7922696,0.0,1.6800624,1.7053753,1.3478497,-0.025312936,12.8,20.109241,17.777779,17.777779,2.0
resstock-amy2018-2021-release-1-230010,1.3886558,0.19265746,1.1087273,0.0,9.075153e-08,1.1211753,0.0,0.0,0.0,0.0,0.0,0.0,0.0,0.0,0.019834042,0.019834042,0.0,0.9994663,3.499572277069092,3.4977045553821995,-0.0,0.019834042,0.0,-0.0,0.0,-0.0,0.0,0.0,0.19265723,0.9691152,7.7320657,2.2351742e-07,0.0,0.61548764,1.75579,0.5855049,0.97943836,0.0,0.0,0.0,0.3334709,0.1383698,0.55783343,0.0,1.75579,0.0,1.8141778,1.8148849,0.61548764,-0.0007071675,12.2,20.124199,17.777779,17.777779,2.0
resstock-amy2018-2021-release-1-230010,0.0,0.27278548,0.0,0.0,0.31332016,0.0,0.0,0.0,0.0,0.0,0.0,0.0,0.0,0.0,0.019772768,0.019772768,0.0,0.9994285,3.4995718002319336,3.4975718322741614,-0.0,0.019772768,0.0,-0.0,0.0,-0.0,0.28628212,0.28628212,-0.0,1.0,7.7320657,0.27278548,0.0,0.24246612,0.575559,0.18554068,0.35294697,0.0,0.0,0.0,0.32236603,0.1383698,0.6132246,0.0,0.575559,0.0,0.4395513,0.4395513,0.24246612,-0.0,12.2,20.229424,17.777779,17.777779,2.0
resstock-amy2018-2021-release-1-230010,0.0,0.2804849,0.0,0.0,1.1903464e-08,0.0,0.0,0.0,0.0,0.0,0.0,0.0,0.0,0.0,0.019903898,0.019903898,0.0,0.99937403,3.4995713233947754,3.4973807038045948,-0.0,0.019903898,0.0,-0.0,0.0,-0.0,0.0,0.0,0.28048488,0.9574127,7.7320657,2.9802322e-08,0.0,0.2119578,0.23186171,0.07380611,0.14332151,0.0,0.0,0.0,0.31831953,0.1383698,0.6181336,0.0,0.23186171,0.0,0.3239874,0.3239874,0.2119578,-0.0,12.8,20.329552,17.86111,17.86111,2.0
resstock-amy2018-2021-release-1-230010,0.0,0.34920412,0.5733277,0.0,0.0,0.5797646,0.0,0.0,0.0,0.0,0.0,0.0,0.0,0.0,0.020092726,0.020092726,0.0,0.99936646,3.499570846557617,3.49735373624992,-0.0,0.020092726,0.0,-0.0,0.0,-0.0,0.0,0.0,0.3492043,0.9058911,7.7320657,0.0,0.0,0.1881932,0.78805053,0.24487592,0.48197645,0.0,0.0,0.0,0.31073633,0.1383698,0.611606,0.0,0.78805053,0.0,0.90974015,0.90974015,0.1881932,-0.0,12.2,20.437717,20.0,20.0,2.0
resstock-amy2018-2021-release-1-230010,0.0,0.48557574,0.0,0.0,0.15105803,0.0,0.0,0.0,0.0,0.0,0.0,0.0,0.0,0.0,-0.052812878,0.0,-0.052812878,0.9775907,3.4995694160461426,3.421146445568013,0.052812878,0.0,0.0,-0.0,0.0,-0.0,0.0,0.0,0.10737655,0.88686013,7.7320657,0.3781992,0.0,0.18133548,0.27958065,0.08596482,0.16773072,0.0,0.0,0.0,0.3074777,0.1383698,0.5999368,0.0,0.27958065,0.0,0.3752812,0.3752812,0.18133548,-0.0,12.8,20.675884,20.0,20.0,2.0
resstock-amy2018-2021-release-1-230010,0.0,0.41350454,0.0,0.0,0.36338562,0.0,0.0,0.0,0.0,0.0,0.0,0.0,0.0,0.0,0.0959332,0.0959332,0.0,0.9975762,3.4995665550231934,3.491084225537776,-0.0,0.0959332,0.0,-0.0,0.0,-0.0,0.4814999,0.4814999,-0.0,0.9426805,7.7320657,0.41350454,0.0,0.1787773,0.6380961,0.19040227,0.37799945,0.0,0.0,0.0,0.29839122,0.1383698,0.5923864,0.0,0.6380961,0.0,0.3466665,0.3466665,0.1787773,-0.0,12.2,20.647453,19.972221,19.972221,2.0
resstock-amy2018-2021-release-1-230010,0.0,0.3189516,0.0,0.0,0.70507455,0.0,0.0,0.0,0.0,0.0,0.0,0.0,0.0,0.0,0.026347637,0.026347637,0.0,0.99931127,3.499565839767456,3.4971555779410295,-0.0,0.026347637,0.0,-0.0,0.0,-0.0,0.4957607,0.4957607,-0.0,1.0,7.7320657,0.3189516,0.0,0.17528197,0.9067042,0.23838161,0.5450065,0.0,0.0,0.0,0.26291,0.1383698,0.60108525,0.0,0.9067042,0.0,0.67907006,0.67907006,0.17528197,-0.0,12.2,20.487564,20.555555,20.555555,2.0
resstock-amy2018-2021-release-1-230010,0.0,0.4260012,0.0,0.0,0.6851065,0.0,0.0,0.0,0.0,0.0,0.0,0.0,0.0,0.0,0.02030611,0.02030611,0.0,0.99942875,3.499565362930298,3.497566233012776,-0.0,0.02030611,0.0,-0.0,0.0,-0.0,0.04153847,0.04153847,-0.0,1.0,7.7320657,0.4260012,0.0,0.17371795,0.8791306,0.21519428,0.49563783,0.0,0.0,0.0,0.2447808,0.1383698,0.5637818,0.0,0.8791306,0.0,0.84195924,0.84195924,0.17371795,-0.0,12.2,20.462065,19.444445,19.444445,2.0
resstock-amy2018-2021-release-1-230010,0.0,0.3301483,0.0,0.0,0.433514,0.0,0.0,0.0,0.0,0.0,0.0,0.0,0.0,0.0,0.019896507,0.019896507,0.0,0.99942195,3.4995648860931396,3.4975419771513145,-0.0,0.019896507,0.0,-0.0,0.0,-0.0,0.04153847,0.04153847,-0.0,1.0,7.7320657,0.3301483,0.0,0.17255284,0.62596333,0.13173398,0.37549734,0.0,0.0,0.0,0.21045,0.1383698,0.59987116,0.0,0.62596333,0.0,0.58920157,0.58920157,0.17255284,-0.0,12.2,20.23119,19.444445,19.444445,2.0
resstock-amy2018-2021-release-1-230010,0.0,0.3250205,0.0,0.0,0.5254487,0.0,0.0,0.0,0.0,0.0,0.0,0.0,0.0,0.0,0.019919634,0.019919634,0.0,0.9994166,3.4995644092559814,3.4975227274633767,-0.0,0.019919634,0.0,-0.0,0.0,-0.0,0.04153847,0.04153847,-0.0,1.0,7.7320657,0.3250205,0.0,0.1715587,0.716927,0.15087728,0.43492174,0.0,0.0,0.0,0.21045,0.1383698,0.6066472,0.0,0.716927,0.0,0.6801421,0.6801421,0.1715587,-0.0,12.2,20.05262,19.444445,19.444445,2.0
resstock-amy2018-2021-release-1-230010,0.0,0.4286907,0.0,0.0,0.0,0.0,0.0,0.0,0.0,0.0,0.0,0.0,0.0,0.0,-0.020424198,0.0,-0.020424198,0.987768,3.4995639324188232,3.4567572468133534,0.020424198,0.0,0.0,-0.0,0.0,-0.0,0.0,0.0,0.4286907,0.9376653,7.7320657,0.0,0.0,0.17625715,0.15583295,0.03279504,0.09851194,0.0,0.0,0.0,0.21045,0.1383698,0.63216376,0.0,0.15583295,0.0,0.35031217,0.35031217,0.17625715,-0.0,12.2,20.051838,19.444445,19.444445,2.0
resstock-amy2018-2021-release-1-230010,0.0,0.5483024,0.0,0.0,2.4528308e-08,0.0,0.0,0.0,0.0,0.0,0.0,0.0,0.0,0.0,-0.0058345767,0.0,-0.0058345767,0.980758,3.499563694000244,3.4322251290891757,0.0058345767,0.0,0.0,-0.0,0.0,-0.0,0.0,0.0,0.54830235,0.8597182,7.7320657,5.9604645e-08,0.0,0.19809042,0.19225587,0.041633006,0.12315518,0.0,0.0,0.0,0.21655,0.1383698,0.6405795,0.0,0.19225587,0.0,0.42372602,0.42372602,0.19809042,-0.0,11.7,20.146912,19.444445,19.444445,2.0
resstock-amy2018-2021-release-1-230010,0.0,0.6063547,0.0,0.0,0.14374447,0.0,0.0,0.0,0.0,0.0,0.0,0.0,0.0,0.0,-0.057821035,0.0,-0.057821035,0.95751804,3.4995620250701904,3.350893775071725,0.057821035,0.0,0.0,-0.0,0.0,-0.0,0.0,0.0,0.26256567,0.8202501,7.7320657,0.34378904,0.0,0.25351024,0.33943367,0.0842712,0.21610567,0.0,0.0,0.0,0.24827,0.1383698,0.6366654,0.0,0.33943367,0.0,0.50703824,0.50703824,0.25351024,-0.0,11.1,20.26351,18.88889,18.88889,2.0
resstock-amy2018-2021-release-1-230010,0.0,0.7363504,0.0,0.0,0.090453334,0.0,0.0,0.0,0.0,0.0,0.0,0.0,0.0,0.0,0.036087915,0.036087915,0.0,0.961896,3.499561071395874,3.366213804354615,-0.0,0.036087915,0.0,-0.0,0.0,-0.0,0.0,0.0,0.5217105,0.7464584,7.7320657,0.2146399,0.0,0.30414134,0.4306826,0.1379261,0.272411,0.0,0.0,0.0,0.32025,0.1383698,0.6325099,0.0,0.4306826,0.0,0.61445343,0.61445343,0.30414134,-0.0,10.8,20.531384,19.444445,19.444445,2.0
resstock-amy2018-2021-release-1-230010,0.0,0.76114684,1.1259952,0.0,0.5063273,1.138637,0.0,0.0,0.0,0.0,0.0,0.0,0.0,0.0,-0.02288848,0.0,-0.02288848,0.9496718,3.4995603561401367,3.3234337997893704,0.02288848,0.0,0.0,-0.0,0.0,-0.0,0.44982004,0.44982004,-0.0,0.79903394,7.7320657,0.76114684,0.0,0.40985033,2.0319262,0.6967337,1.2919576,0.0,0.0,0.0,0.3428932,0.1383698,0.63582903,0.0,2.0319262,0.0,1.8667367,1.8667367,0.40985033,-0.0,11.1,20.78772,20.0,20.0,2.0
resstock-amy2018-2021-release-1-230010,0.0,0.90193564,0.0,0.0,2.4200407e-08,0.0,0.0,0.0,0.0,0.0,0.0,0.0,0.0,0.0,-0.15112653,0.0,-0.15112653,0.8977052,3.499556064605713,3.1415696675592812,0.15112653,0.0,0.0,-0.0,0.0,-0.0,0.0,0.0,0.9019356,0.6746905,7.7320657,5.9604645e-08,0.0,0.87094486,0.7080483,0.2580659,0.451578,0.0,0.0,0.0,0.364475,0.1383698,0.6377785,0.0,0.7080483,0.0,1.2253746,1.2371446,0.87094486,-0.011770044,12.2,21.206045,20.0,20.0,2.0
resstock-amy2018-2021-release-1-230010,0.0,0.6238575,0.0,0.0,0.60061604,0.0,0.0,0.0,0.0,0.0,0.0,0.0,0.0,0.0,-0.044898465,0.0,-0.044898465,0.8789325,3.4995548725128174,3.0758724291484896,0.044898465,0.0,0.0,-0.0,0.0,-0.0,0.8356604,0.8356604,-0.0,0.7760766,7.7320657,0.6238575,0.0,1.0550739,1.5759102,0.5482361,1.0087901,0.0,0.0,0.0,0.34788534,0.1383698,0.6401317,0.0,1.5759102,0.0,1.2769204,1.3118017,1.0550739,-0.03488121,11.7,21.266819,20.0,20.0,2.0
resstock-amy2018-2021-release-1-230010,0.0,0.605214,0.0,0.0,0.32094914,0.0,0.0,0.0,0.0,0.0,0.0,0.0,0.0,0.0,0.14504403,0.14504403,0.0,0.91239005,3.4995505809783936,3.1929551410078005,-0.0,0.14504403,0.0,-0.0,0.0,-0.0,0.19833632,0.19833632,-0.0,0.7969278,7.7320657,0.605214,0.0,1.0848314,1.4987013,0.5012199,0.96907264,0.0,0.0,0.0,0.33443615,0.1383698,0.64660823,0.0,1.4987013,0.0,1.274439,1.3265623,1.0848314,-0.052123323,12.8,21.391602,19.796297,19.796297,2.0
resstock-amy2018-2021-release-1-230010,0.0,0.4076323,0.0,0.0,0.55963993,0.0,0.0,0.0,0.0,0.0,0.0,0.0,0.0,0.0,0.29510266,0.29510266,0.0,0.98588425,3.499541997909546,3.4501433351891677,-0.0,0.29510266,0.0,-0.0,0.0,-0.0,1.0250936,1.0250936,-0.0,0.92145693,7.7320657,0.4076323,0.0,1.0489328,1.8224108,0.56027174,1.1763401,0.0,0.0,0.0,0.30743438,0.1383698,0.6454857,0.0,1.8224108,0.0,1.1268944,1.2081589,1.0489328,-0.081264526,13.6,21.292795,20.0,20.0,2.0
resstock-amy2018-2021-release-1-230010,0.0,0.45107916,0.0,0.0,0.28593373,0.0,0.0,0.0,0.0,0.0,0.0,0.0,0.0,0.0,0.06703043,0.06703043,0.0,0.99849266,3.499540090560913,3.4942650872856262,-0.0,0.06703043,0.0,-0.0,0.0,-0.0,0.28717425,0.28717425,-0.0,0.9527022,7.7320657,0.45107916,0.0,0.8474973,1.0814191,0.32072574,0.6928295,0.0,0.0,0.0,0.2965786,0.1383698,0.64066696,0.0,1.0814191,0.0,0.9031629,1.0222051,0.8474973,-0.11904225,13.9,21.260479,20.0,20.0,2.0
resstock-amy2018-2021-release-1-230010,0.0,0.524256,0.38249102,0.0,0.25294444,0.38678533,0.0,0.0,0.0,0.0,0.0,0.0,0.0,0.0,0.023130417,0.023130417,0.0,0.99938834,3.499539375305176,3.4973988370257985,-0.0,0.023130417,0.0,-0.0,0.0,-0.0,0.12882207,0.12882207,-0.0,0.963906,7.7320657,0.524256,0.0,0.6752373,1.2122927,0.35975567,0.7714531,0.0,0.0,0.0,0.29675645,0.1383698,0.6363588,0.0,1.2122927,0.0,1.139268,1.2650728,0.6752373,-0.12580483,13.9,21.375134,20.0,20.0,2.0
resstock-amy2018-2021-release-1-230010,0.0,0.47548968,0.0,0.0,0.481102,0.0,0.0,0.0,0.0,0.0,0.0,0.0,0.0,0.0,0.020011187,0.020011187,0.0,0.9994376,3.4995388984680176,3.4975706548067365,-0.0,0.020011187,0.0,-0.0,0.0,-0.0,0.3275617,0.3275617,-0.0,1.0,7.7320657,0.47548968,0.0,0.5891643,0.94299114,0.30256814,0.5973349,0.0,0.0,0.0,0.32086,0.1383698,0.633447,0.0,0.94299114,0.0,0.79611164,0.94339794,0.5891643,-0.14728628,13.9,21.486202,20.0,20.0,2.0
resstock-amy2018-2021-release-1-230010,0.0,0.39769533,0.19124576,0.0,0.70192826,0.19339292,0.0,0.0,0.0,0.0,0.0,0.0,0.0,0.0,0.019839048,0.019839048,0.0,0.999459,3.4995384216308594,3.497645270185785,-0.0,0.019839048,0.0,-0.0,0.0,-0.0,0.04153847,0.04153847,-0.0,1.0,7.7320657,0.39769533,0.0,0.5077328,1.3117113,0.44535473,0.82897127,0.0,0.0,0.0,0.3395219,0.1383698,0.6319769,0.0,1.3117113,0.0,1.2760124,1.387194,0.5077328,-0.111181624,14.4,21.586494,20.0,20.0,2.0
resstock-amy2018-2021-release-1-230010,0.0,0.39018077,0.0,0.0,0.91658354,0.0,0.0,0.0,0.0,0.0,0.0,0.0,0.0,0.0,0.019764185,0.019764185,0.0,0.9994182,3.499537944793701,3.4975019103360694,-0.0,0.019764185,0.0,-0.0,0.0,-0.0,0.04153847,0.04153847,-0.0,1.0,7.7320657,0.39018077,0.0,1.3478497,2.2292397,0.8121214,1.4074509,0.0,0.0,0.0,0.3643042,0.1383698,0.63135916,0.0,2.2292397,0.0,2.1933873,2.2483451,1.3478497,-0.054957833,13.9,21.634205,20.0,20.0,2.0
resstock-amy2018-2021-release-1-230010,0.0,0.44616133,0.0,0.0,0.1885223,0.0,0.0,0.0,0.0,0.0,0.0,0.0,0.0,0.0,0.019905806,0.019905806,0.0,0.9994053,3.499537467956543,3.497456378619802,-0.0,0.019905806,0.0,-0.0,0.0,-0.0,0.025835844,0.025835844,-0.0,0.99802876,7.7320657,0.44616133,0.0,0.61548764,0.82219785,0.3276766,0.5262941,0.0,0.0,0.0,0.3985374,0.1383698,0.64010644,0.0,0.82219785,0.0,0.7919729,0.79369074,0.61548764,-0.0017178948,12.8,21.635033,20.0,20.0,2.0
resstock-amy2018-2021-release-1-230010,0.0,0.39247948,0.0,0.0,0.0,0.0,0.0,0.0,0.0,0.0,0.0,0.0,0.0,0.0,0.019950151,0.019950151,0.0,0.99943215,3.4995369911193848,3.4975497669628623,-0.0,0.019950151,0.0,-0.0,0.0,-0.0,0.0,0.0,0.39247966,0.9405292,7.7320657,0.0,0.0,0.62622243,0.6461726,0.22883658,0.40917256,0.0,0.0,0.0,0.3541416,0.1383698,0.6332249,0.0,0.6461726,0.0,0.7855753,0.7855753,0.62622243,-0.0,12.2,21.556946,20.0,20.0,2.0
resstock-amy2018-2021-release-1-230010,0.0,0.41465175,0.0,0.0,0.0,0.0,0.0,0.0,0.0,0.0,0.0,0.0,0.0,0.0,0.019856215,0.019856215,0.0,0.9994409,3.4995365142822266,3.497579952925207,-0.0,0.019856215,0.0,-0.0,0.0,-0.0,0.0,0.0,0.4146519,0.88037527,7.7320657,0.0,0.0,0.2119578,0.23181401,0.08128896,0.142623,0.0,0.0,0.0,0.3506646,0.1383698,0.61524755,0.0,0.23181401,0.0,0.38031286,0.38031286,0.2119578,-0.0,12.2,21.559875,20.0,20.0,2.0
resstock-amy2018-2021-release-1-230010,0.0,0.47137424,0.19124565,0.0,6.230447e-08,0.1933928,0.0,0.0,0.0,0.0,0.0,0.0,0.0,0.0,0.019825459,0.019825459,0.0,0.999395,3.4995360374450684,3.497418863130804,-0.0,0.019825459,0.0,-0.0,0.0,-0.0,0.0,0.0,0.4713741,0.8129771,7.7320657,1.4901161e-07,0.0,0.1881932,0.40141153,0.13663246,0.23601592,0.0,0.0,0.0,0.34038,0.1383698,0.58796495,0.0,0.40141153,0.0,0.5786762,0.5786762,0.1881932,-0.0,11.1,21.545202,19.212963,19.212963,2.0
resstock-amy2018-2021-release-1-230010,0.0,0.45507535,0.19124559,0.0,0.09988126,0.19339274,0.0,0.0,0.0,0.0,0.0,0.0,0.0,0.0,0.019984484,0.019984484,0.0,0.9993667,3.49953556060791,3.497319307009491,-0.0,0.019984484,0.0,-0.0,0.0,-0.0,0.0,0.0,0.21619254,0.7799316,7.7320657,0.23888281,0.0,0.18133548,0.49459398,0.1674448,0.27003536,0.0,0.0,0.0,0.33855,0.1383698,0.5459738,0.0,0.49459398,0.0,0.5650035,0.5650035,0.18133548,-0.0,11.1,21.490194,20.0,20.0,2.0
resstock-amy2018-2021-release-1-230010,0.0,0.5223328,0.0,0.0,1.00998754e-07,0.0,0.0,0.0,0.0,0.0,0.0,0.0,0.0,0.0,0.020082712,0.020082712,0.0,0.9993833,3.499535083770752,3.4973768180899754,-0.0,0.020082712,0.0,-0.0,0.0,-0.0,0.0,0.0,0.52233255,0.7062673,7.7320657,2.3841858e-07,0.0,0.1787773,0.19886012,0.064776696,0.09901395,0.0,0.0,0.0,0.32574,0.1383698,0.4979075,0.0,0.19886012,0.0,0.40004766,0.40004766,0.1787773,-0.0,10.6,21.456982,19.98611,19.98611,2.0
resstock-amy2018-2021-release-1-230010,0.0,0.5909361,0.0,0.0,0.47815406,0.0,0.0,0.0,0.0,0.0,0.0,0.0,0.0,0.0,0.020024538,0.020024538,0.0,0.9993801,3.4995346069335938,3.497365286355489,-0.0,0.020024538,0.0,-0.0,0.0,-0.0,0.55264956,0.55264956,-0.0,0.7719611,7.7320657,0.5909361,0.0,0.17528197,0.6734606,0.21283294,0.313329,0.0,0.0,0.0,0.3160288,0.1383698,0.46525216,0.0,0.6734606,0.0,0.4223632,0.4223632,0.17528197,-0.0,11.1,21.4782,20.0,20.0,2.0
resstock-amy2018-2021-release-1-230010,0.0,0.64443266,0.0,0.0,0.37219313,0.0,0.0,0.0,0.0,0.0,0.0,0.0,0.0,0.0,0.020035028,0.020035028,0.0,0.9994042,3.4995341300964355,3.497449079563353,-0.0,0.020035028,0.0,-0.0,0.0,-0.0,0.19680752,0.19680752,-0.0,0.7926419,7.7320657,0.64443266,0.0,0.17371795,0.5659461,0.16102774,0.25553012,0.0,0.0,0.0,0.2845284,0.1383698,0.45150962,0.0,0.5659461,0.0,0.45883676,0.45883676,0.17371795,-0.0,8.89,21.320045,19.444445,19.444445,2.0
resstock-amy2018-2021-release-1-230010,0.0,0.5320565,0.0,0.0,0.9127682,0.0,0.0,0.0,0.0,0.0,0.0,0.0,0.0,0.0,0.019950628,0.019950628,0.0,0.9994291,3.4995336532592773,3.497535792986696,-0.0,0.019950628,0.0,-0.0,0.0,-0.0,1.5758233,1.5758233,-0.0,0.9863289,7.7320657,0.5320565,0.0,0.17255284,1.1052717,0.3001321,0.49103794,0.0,0.0,0.0,0.27154598,0.1383698,0.44426897,0.0,1.1052717,0.0,0.40294755,0.40294755,0.17255284,-0.0,9.745,21.091103,19.444445,19.444445,2.0
resstock-amy2018-2021-release-1-230010,0.0,0.49341336,0.0,0.0,0.36156076,0.0,0.0,0.0,0.0,0.0,0.0,0.0,0.0,0.0,0.019863605,0.019863605,0.0,0.99941957,3.499533176422119,3.497501942272663,-0.0,0.019863605,0.0,-0.0,0.0,-0.0,0.14987354,0.14987354,-0.0,1.0,7.7320657,0.49341336,0.0,0.1715587,0.55298305,0.1372891,0.24601398,0.0,0.0,0.0,0.24827,0.1383698,0.44488522,0.0,0.55298305,0.0,0.4696301,0.4696301,0.1715587,-0.0,10.6,20.909885,19.444445,19.444445,2.0
resstock-amy2018-2021-release-1-230010,0.0,0.5385079,0.0,0.0,0.009589484,0.0,0.0,0.0,0.0,0.0,0.0,0.0,0.0,0.0,0.019896269,0.019896269,0.0,0.9993659,3.499532699584961,3.497313736149181,-0.0,0.019896269,0.0,-0.0,0.0,-0.0,0.0,0.0,0.5157922,0.9260596,7.7320657,0.022715688,0.0,0.20327602,0.23276177,0.05727662,0.10469071,0.0,0.0,0.0,0.246074,0.1383698,0.4497762,0.0,0.23276177,0.0,0.43060845,0.43060845,0.20327602,-0.0,10.733334,20.809998,18.88889,18.88889,2.0
resstock-amy2018-2021-release-1-230010,0.0,0.39753914,0.0,0.0,8.837391e-08,0.0,0.0,0.0,0.0,0.0,0.0,0.0,0.0,0.0,0.020082474,0.020082474,0.0,0.9993651,3.4995322227478027,3.4973103393771225,-0.0,0.020082474,0.0,-0.0,0.0,-0.0,0.0,0.0,0.39753893,0.8682612,7.7320657,2.0861626e-07,0.0,0.19809042,0.21817298,0.054831237,0.098998934,0.0,0.0,0.0,0.25132,0.1383698,0.45376348,0.0,0.21817298,0.0,0.36649573,0.36649573,0.19809042,-0.0,10.6,20.546448,19.444445,19.444445,2.0
resstock-amy2018-2021-release-1-230010,0.0,0.45145577,0.0,0.0,0.0,0.0,0.0,0.0,0.0,0.0,0.0,0.0,0.0,0.0,0.020084858,0.020084858,0.0,0.9993583,3.4995317459106445,3.4972860837712005,-0.0,0.020084858,0.0,-0.0,0.0,-0.0,0.0,0.0,0.45145586,0.80358016,7.7320657,0.0,0.0,0.25351024,0.2735951,0.07476807,0.12602575,0.0,0.0,0.0,0.27328,0.1383698,0.4606287,0.0,0.2735951,0.0,0.44773602,0.44773602,0.25351024,-0.0,10.0,20.502388,18.88889,18.88889,2.0
resstock-amy2018-2021-release-1-230010,0.0,0.38375306,0.0,0.0,0.19784984,0.0,0.0,0.0,0.0,0.0,0.0,0.0,0.0,0.0,0.020107985,0.020107985,0.0,0.9993998,3.4995312690734863,3.497430784709479,-0.0,0.020107985,0.0,-0.0,0.0,-0.0,0.057290226,0.057290226,-0.0,0.80658174,7.7320657,0.38375306,0.0,0.30414134,0.52209914,0.16089633,0.24385728,0.0,0.0,0.0,0.308172,0.1383698,0.46707085,0.0,0.52209914,0.0,0.47629103,0.47629103,0.30414134,-0.0,8.33,20.354273,19.444445,19.444445,2.0
resstock-amy2018-2021-release-1-230010,0.0,0.588429,0.0,0.0,0.44481283,0.0,0.0,0.0,0.0,0.0,0.0,0.0,0.0,0.0,0.019963026,0.019963026,0.0,0.9993759,3.499530792236328,3.497346664254337,-0.0,0.019963026,0.0,-0.0,0.0,-0.0,0.41682312,0.41682312,-0.0,0.8547016,7.7320657,0.588429,0.0,0.40985033,0.87462616,0.28223312,0.42330876,0.0,0.0,0.0,0.32269,0.1383698,0.48398823,0.0,0.87462616,0.0,0.6702236,0.6702236,0.40985033,-0.0,8.885,20.58936,20.0,20.0,2.0
resstock-amy2018-2021-release-1-230010,0.0,0.61934996,0.0,0.0,0.14390051,0.0,0.0,0.0,0.0,0.0,0.0,0.0,0.0,0.0,0.004305733,0.004305733,0.0,0.99525696,3.499530553817749,3.4829321417915793,-0.0,0.004305733,0.0,-0.0,0.0,-0.0,0.0,0.0,0.28959215,0.8116585,7.7320657,0.3297578,0.0,0.67009085,0.81302917,0.29361102,0.40147027,0.0,0.0,0.0,0.3611322,0.1383698,0.49379566,0.0,0.81302917,0.0,0.9350964,0.9403643,0.67009085,-0.0052679107,9.44,20.727604,20.0,20.0,2.0
resstock-amy2018-2021-release-1-230010,0.0,0.5837854,0.0,0.0,0.33608666,0.0,0.0,0.0,0.0,0.0,0.0,0.0,0.0,0.0,-0.018052718,0.0,-0.018052718,0.98437357,3.499530076980591,3.4448449134098382,0.018052718,0.0,0.0,-0.0,0.0,-0.0,0.23226222,0.23226222,-0.0,0.836583,7.7320657,0.5837854,0.0,0.85219574,1.145057,0.3917941,0.5698763,0.0,0.0,0.0,0.3421612,0.1383698,0.49768382,0.0,1.145057,0.0,1.0674533,1.092626,0.85219574,-0.025172764,11.67,20.914818,20.0,20.0,2.0
resstock-amy2018-2021-release-1-230010,0.0,0.52173066,0.0,0.0,0.41510648,0.0,0.0,0.0,0.0,0.0,0.0,0.0,0.0,0.0,0.06791164,0.06791164,0.0,0.9969376,3.499528169631958,3.4888111199243355,-0.0,0.06791164,0.0,-0.0,0.0,-0.0,0.45817342,0.45817342,-0.0,0.88973725,7.7320657,0.52173066,0.0,0.88575613,1.3012135,0.41669774,0.64384097,0.0,0.0,0.0,0.3202378,0.1383698,0.49480042,0.0,1.3012135,0.0,1.0392107,1.1067712,0.88575613,-0.06756061,10.6,20.931543,19.972221,19.972221,2.0
resstock-amy2018-2021-release-1-230010,0.0,0.51426244,0.0,0.0,0.21864296,0.0,0.0,0.0,0.0,0.0,0.0,0.0,0.0,0.0,0.028532743,0.028532743,0.0,0.9992848,3.4995274543762207,3.4970246058747136,-0.0,0.028532743,0.0,-0.0,0.0,-0.0,0.0,0.0,0.0060516065,0.88429135,7.7320657,0.50821084,0.0,0.85131556,1.0166242,0.3145354,0.48701125,0.0,0.0,0.0,0.309392,0.1383698,0.47904748,0.0,1.0166242,0.0,0.990695,1.0725621,0.85131556,-0.08186714,10.0,20.874058,20.0,20.0,2.0
resstock-amy2018-2021-release-1-230010,0.0,0.5002746,0.0,0.0,0.12093173,0.0,0.0,0.0,0.0,0.0,0.0,0.0,0.0,0.0,0.020359755,0.020359755,0.0,0.99946916,3.4995269775390625,3.497669292255523,-0.0,0.020359755,0.0,-0.0,0.0,-0.0,0.0,0.0,0.2079693,0.8519697,7.7320657,0.2923053,0.0,0.8474973,0.87241554,0.2630214,0.4163494,0.0,0.0,0.0,0.3014864,0.1383698,0.4772375,0.0,0.87241554,0.0,0.9380963,1.0544696,0.8474973,-0.11637324,11.5,20.939873,20.0,20.0,2.0
resstock-amy2018-2021-release-1-230010,0.0,0.4923525,0.0,0.0,0.28056756,0.0,0.0,0.0,0.0,0.0,0.0,0.0,0.0,0.0,0.019717455,0.019717455,0.0,0.9994812,3.4995265007019043,3.4977109504543478,-0.0,0.019717455,0.0,-0.0,0.0,-0.0,0.2100956,0.2100956,-0.0,0.87390137,7.7320657,0.4923525,0.0,0.6752373,0.8320768,0.251408,0.39100617,0.0,0.0,0.0,0.3021452,0.1383698,0.46991596,0.0,0.8320768,0.0,0.7284442,0.8718897,0.6752373,-0.1434455,12.8,21.116074,19.444445,19.444445,2.0
resstock-amy2018-2021-release-1-230010,0.0,0.31201756,0.0,0.0,0.43704855,0.0,0.0,0.0,0.0,0.0,0.0,0.0,0.0,0.0,0.019675016,0.019675016,0.0,0.99948186,3.499526023864746,3.497712768332633,-0.0,0.019675016,0.0,-0.0,0.0,-0.0,0.7974885,0.7974885,-0.0,0.9694568,7.7320657,0.31201756,0.0,0.78393984,1.0875697,0.33436245,0.5065552,0.0,0.0,0.0,0.30744,0.1383698,0.465768,0.0,1.0875697,0.0,0.75375384,0.90684754,0.78393984,-0.1530937,13.3,21.181437,20.0,20.0,2.0
resstock-amy2018-2021-release-1-230010,0.0,0.31687927,0.0,0.0,1.1739513e-08,0.0,0.0,0.0,0.0,0.0,0.0,0.0,0.0,0.0,0.019672155,0.019672155,0.0,0.9994388,3.499525547027588,3.497561691223069,-0.0,0.019672155,0.0,-0.0,0.0,-0.0,0.0,0.0,0.31687924,0.9221795,7.7320657,2.9802322e-08,0.0,0.7191501,0.59211934,0.18796472,0.27327973,0.0,0.0,0.0,0.317444,0.1383698,0.46152812,0.0,0.59211934,0.0,0.6972699,0.84397286,0.7191501,-0.14670293,13.3,21.370756,20.0,20.0,2.0
resstock-amy2018-2021-release-1-230010,0.0,0.23258346,0.0,0.0,0.4666624,0.0,0.0,0.0,0.0,0.0,0.0,0.0,0.0,0.0,0.019821405,0.019821405,0.0,0.9994211,3.4995250701904297,3.49749926403274,-0.0,0.019821405,0.0,-0.0,0.0,-0.0,0.65821886,0.65821886,-0.0,1.0,7.7320657,0.23258346,0.0,0.61996514,1.03605,0.34200796,0.48698092,0.0,0.0,0.0,0.3301076,0.1383698,0.47003612,0.0,1.03605,0.0,0.76129305,0.831692,0.61996514,-0.07039893,13.9,21.412302,20.0,20.0,2.0
resstock-amy2018-2021-release-1-230010,0.0,0.31800526,0.0,0.0,0.30828762,0.0,0.0,0.0,0.0,0.0,0.0,0.0,0.0,0.0,0.019882679,0.019882679,0.0,0.9994026,3.4995245933532715,3.4974339166284096,-0.0,0.019882679,0.0,-0.0,0.0,-0.0,0.04153847,0.04153847,-0.0,1.0,7.7320657,0.31800526,0.0,0.61548764,0.9414345,0.34845862,0.4678752,0.0,0.0,0.0,0.3701358,0.1383698,0.49698117,0.0,0.9414345,0.0,0.90468657,0.90691,0.61548764,-0.0022234065,12.2,21.352015,19.444445,19.444445,2.0
resstock-amy2018-2021-release-1-230010,0.0,0.44179064,0.0,0.0,0.0,0.0,0.0,0.0,0.0,0.0,0.0,0.0,0.0,0.0,0.019946814,0.019946814,0.0,0.9993973,3.4995241165161133,3.4974148757537478,-0.0,0.019946814,0.0,-0.0,0.0,-0.0,0.0,0.0,0.44179088,0.93591976,7.7320657,0.0,0.0,0.62622243,0.64616925,0.21493721,0.33626536,0.0,0.0,0.0,0.332633,0.1383698,0.52039826,0.0,0.64616925,0.0,0.8080268,0.8080268,0.62622243,-0.0,11.7,21.419828,19.444445,19.444445,2.0
resstock-amy2018-2021-release-1-230010,0.0,0.36276034,0.0,0.0,0.07292953,0.0,0.0,0.0,0.0,0.0,0.0,0.0,0.0,0.0,0.019964695,0.019964695,0.0,0.99941826,3.499523639678955,3.497487822131916,-0.0,0.019964695,0.0,-0.0,0.0,-0.0,0.0,0.0,0.19060223,0.9056429,7.7320657,0.1721581,0.0,0.604688,0.69758224,0.22833681,0.36197004,0.0,0.0,0.0,0.327326,0.1383698,0.5188923,0.0,0.69758224,0.0,0.7583604,0.7583604,0.604688,-0.0,10.6,21.307762,19.444445,19.444445,2.0
resstock-amy2018-2021-release-1-230010,0.0,0.37040046,1.1482528,0.0,0.05223873,1.1611445,0.0,0.0,0.0,0.0,0.0,0.0,0.0,0.0,0.019891262,0.019891262,0.0,0.9994211,3.499523162841797,3.497497357788234,-0.0,0.019891262,0.0,-0.0,0.0,-0.0,0.0,0.0,0.24949281,0.86767715,7.7320657,0.12090765,0.0,0.53082556,1.7641001,0.55526817,0.9034967,0.0,0.0,0.0,0.31476,0.1383698,0.51215726,0.0,1.7641001,0.0,1.8520033,1.8520033,0.53082556,-0.0,9.833333,21.216152,19.518518,19.518518,2.0
resstock-amy2018-2021-release-1-230010,0.0,0.5068065,0.0,0.0,0.5595759,0.0,0.0,0.0,0.0,0.0,0.0,0.0,0.0,0.0,0.019880772,0.019880772,0.0,0.999374,3.4995226860046387,3.4973318882721003,-0.0,0.019880772,0.0,-0.0,0.0,-0.0,0.763542,0.763542,-0.0,0.95900357,7.7320657,0.5068065,0.0,0.45349494,1.0329516,0.31993982,0.5115667,0.0,0.0,0.0,0.3097336,0.1383698,0.4952475,0.0,1.0329516,0.0,0.6767382,0.6767382,0.45349494,-0.0,9.066667,21.2233,20.0,20.0,2.0
resstock-amy2018-2021-release-1-230010,0.0,0.51898205,0.0,0.0,0.29616588,0.0,0.0,0.0,0.0,0.0,0.0,0.0,0.0,0.0,0.020044327,0.020044327,0.0,0.9994392,3.4995222091674805,3.4975596067627635,-0.0,0.020044327,0.0,-0.0,0.0,-0.0,0.14074004,0.14074004,-0.0,0.97167057,7.7320657,0.51898205,0.0,0.1787773,0.49498752,0.15097119,0.23741883,0.0,0.0,0.0,0.305,0.1383698,0.4796461,0.0,0.49498752,0.0,0.41176143,0.41176143,0.1787773,-0.0,8.3,21.09581,19.98611,19.98611,2.0
resstock-amy2018-2021-release-1-230010,0.0,0.5832263,0.38275293,0.0,0.61687684,0.38705018,0.0,0.0,0.0,0.0,0.0,0.0,0.0,0.0,0.019816875,0.019816875,0.0,0.99941295,3.4995217323303223,3.49746735158314,-0.0,0.019816875,0.0,-0.0,0.0,-0.0,0.2660324,0.2660324,-0.0,1.0,7.7320657,0.5832263,0.0,0.17528197,1.1990259,0.35838884,0.5631485,0.0,0.0,0.0,0.2989,0.1383698,0.46967167,0.0,1.1990259,0.0,1.0647563,1.0647563,0.17528197,-0.0,10.0,21.15411,20.0,20.0,2.0
resstock-amy2018-2021-release-1-230010,0.0,0.5098597,0.0,0.0,0.78022146,0.0,0.0,0.0,0.0,0.0,0.0,0.0,0.0,0.0,0.019907713,0.019907713,0.0,0.9994227,3.499521255493164,3.497501083412203,-0.0,0.019907713,0.0,-0.0,0.0,-0.0,0.04153847,0.04153847,-0.0,1.0,7.7320657,0.5098597,0.0,0.17371795,0.97384715,0.2908928,0.47786552,0.0,0.0,0.0,0.2987048,0.1383698,0.4906987,0.0,0.97384715,0.0,0.9360687,0.9360687,0.17371795,-0.0,10.0,21.025173,19.444445,19.444445,2.0
resstock-amy2018-2021-release-1-230010,0.0,0.49694508,0.0,0.0,5.3516064e-08,0.0,0.0,0.0,0.0,0.0,0.0,0.0,0.0,0.0,0.019873142,0.019873142,0.0,0.9994136,3.499520778656006,3.497468692933296,-0.0,0.019873142,0.0,-0.0,0.0,-0.0,0.0,0.0,0.49694496,0.92857087,7.7320657,1.1920929e-07,0.0,0.17255284,0.19242604,0.05682595,0.08032521,0.0,0.0,0.0,0.2953132,0.1383698,0.4174342,0.0,0.19242604,0.0,0.39564407,0.39564407,0.17255284,-0.0,8.3,20.735304,19.444445,19.444445,2.0
resstock-amy2018-2021-release-1-230010,0.0,0.48760816,0.0,0.0,0.37361807,0.0,0.0,0.0,0.0,0.0,0.0,0.0,0.0,0.0,0.019904613,0.019904613,0.0,0.9994264,3.4995203018188477,3.4975130627236126,-0.0,0.019904613,0.0,-0.0,0.0,-0.0,0.3808246,0.3808246,-0.0,0.9715355,7.7320657,0.48760816,0.0,0.20263457,0.59615725,0.17595129,0.2498133,0.0,0.0,0.0,0.2951424,0.1383698,0.41903928,0.0,0.59615725,0.0,0.4124139,0.4124139,0.20263457,-0.0,10.0,20.608051,18.88889,18.88889,2.0
resstock-amy2018-2021-release-1-230010,0.0,0.332865,0.0,0.0,0.0,0.0,0.0,0.0,0.0,0.0,0.0,0.0,0.0,0.0,0.019859314,0.019859314,0.0,0.999447,3.4995198249816895,3.4975845488943946,-0.0,0.019859314,0.0,-0.0,0.0,-0.0,0.0,0.0,0.33286518,0.92211735,7.7320657,0.0,0.0,0.17625715,0.19611646,0.05484844,0.084002815,0.0,0.0,0.0,0.2796728,0.1383698,0.4283313,0.0,0.19611646,0.0,0.32751992,0.32751992,0.17625715,-0.0,7.8,20.073761,18.333334,18.333334,2.0
resstock-amy2018-2021-release-1-230010,0.0,0.30369556,0.0,0.0,0.0,0.0,0.0,0.0,0.0,0.0,0.0,0.0,0.0,0.0,0.019787312,0.019787312,0.0,0.99940455,3.4995193481445312,3.4974355579443,-0.0,0.019787312,0.0,-0.0,0.0,-0.0,0.0,0.0,0.30369577,0.87684345,7.7320657,0.0,0.0,0.19809042,0.21787773,0.062731355,0.09961578,0.0,0.0,0.0,0.28792,0.1383698,0.45720956,0.0,0.21787773,0.0,0.34300345,0.34300345,0.19809042,-0.0,5.733333,19.634306,18.333334,18.333334,2.0
resstock-amy2018-2021-release-1-230010,0.32335478,0.4252443,0.0,0.0,0.40654963,0.0,0.0,0.0,0.0,0.0,0.0,0.0,0.0,0.0,0.019934654,0.019934654,0.0,0.99936897,3.499518871307373,3.497310554606287,-0.0,0.019934654,0.0,-0.0,0.0,-0.0,0.4154584,0.4154584,-0.0,0.9244256,7.7320657,0.4252443,0.0,0.25351024,0.6799945,0.20365687,0.3314382,0.0,0.0,0.0,0.2994978,0.1383698,0.48741305,0.0,0.6799945,0.0,0.45915118,0.45915118,0.25351024,-0.0,5.15,19.492561,17.222221,17.222221,2.0
resstock-amy2018-2021-release-1-230010,0.0,0.4334234,0.0,0.0,1.0896832,0.0,0.0,0.0,0.0,0.0,0.0,0.0,0.0,0.0,0.020058155,0.020058155,0.0,0.999421,3.499518394470215,3.4974921750018666,-0.0,0.020058155,0.0,-0.0,0.0,-0.0,0.64042,0.64042,-0.0,1.0,7.7320657,0.4334234,0.0,0.30414134,1.4138827,0.4441885,0.7230646,0.0,0.0,0.0,0.3141622,0.1383698,0.5114035,0.0,1.4138827,0.0,1.1183025,1.1183025,0.30414134,-0.0,10.0,19.695969,18.88889,18.88889,2.0
resstock-amy2018-2021-release-1-230010,0.0,0.6113888,0.0,0.0,0.57120234,0.0,0.0,0.0,0.0,0.0,0.0,0.0,0.0,0.0,0.01987648,0.01987648,0.0,0.9993634,3.4995179176330566,3.4972902028941917,-0.0,0.01987648,0.0,-0.0,0.0,-0.0,0.04153847,0.04153847,-0.0,1.0,7.7320657,0.6113888,0.0,0.40985033,1.0009291,0.36836717,0.5343193,0.0,0.0,0.0,0.3680252,0.1383698,0.5338233,0.0,1.0009291,0.0,0.9631819,0.9631819,0.40985033,-0.0,10.0,20.0366,20.0,20.0,2.0
resstock-amy2018-2021-release-1-230010,0.0,0.574939,0.0,0.0,0.0,0.0,0.0,0.0,0.0,0.0,0.0,0.0,0.0,0.0,0.020076513,0.020076513,0.0,0.99935806,3.4995174407958984,3.4972709534861224,-0.0,0.020076513,0.0,-0.0,0.0,-0.0,0.0,0.0,0.5749392,0.9181787,7.7320657,0.0,0.0,0.67009085,0.6783988,0.30416012,0.36261046,0.0,0.0,0.0,0.44835,0.1383698,0.5345093,0.0,0.6783988,0.0,0.89871484,0.9104834,0.67009085,-0.011768573,11.1,20.238216,20.0,20.0,2.0
resstock-amy2018-2021-release-1-230010,0.0,0.5478215,0.0,0.0,0.36594513,0.0,0.0,0.0,0.0,0.0,0.0,0.0,0.0,0.0,0.020094633,0.020094633,0.0,0.99944574,3.4995169639587402,3.497577309116849,-0.0,0.020094633,0.0,-0.0,0.0,-0.0,0.36838344,0.36838344,-0.0,0.9596356,7.7320657,0.5478215,0.0,0.85219574,1.2064167,0.4813762,0.6759534,0.0,0.0,0.0,0.3990132,0.1383698,0.56029844,0.0,1.2064167,0.0,1.0391846,1.0710033,0.85219574,-0.031818714,12.8,20.527412,20.0,20.0,2.0
resstock-amy2018-2021-release-1-230010,0.0,0.5176264,0.0,0.0,0.492756,0.0,0.0,0.0,0.0,0.0,0.0,0.0,0.0,0.0,0.01978898,0.01978898,0.0,0.9994405,3.499516487121582,3.4975584768495196,-0.0,0.01978898,0.0,-0.0,0.0,-0.0,0.36140165,0.36140165,-0.0,1.0,7.7320657,0.5176264,0.0,0.88575613,1.3202298,0.44896102,0.74934864,0.0,0.0,0.0,0.3400628,0.1383698,0.5675896,0.0,1.3202298,0.0,1.1560919,1.2341633,0.88575613,-0.07807137,12.8,20.695766,20.0,20.0,2.0
resstock-amy2018-2021-release-1-230010,0.0,0.4305439,0.0,0.0,0.21226658,0.0,0.0,0.0,0.0,0.0,0.0,0.0,0.0,0.0,0.019806862,0.019806862,0.0,0.99942607,3.499516010284424,3.4975075221262557,-0.0,0.019806862,0.0,-0.0,0.0,-0.0,0.04153847,0.04153847,-0.0,1.0,7.7320657,0.4305439,0.0,0.85131556,0.9529619,0.31461802,0.53194934,0.0,0.0,0.0,0.33014753,0.1383698,0.5582063,0.0,0.9529619,0.0,0.9167925,1.0472196,0.85131556,-0.13042712,13.3,20.75402,20.0,20.0,2.0
resstock-amy2018-2021-release-1-230010,0.0,0.3782196,0.0,0.0,0.19810747,0.0,0.0,0.0,0.0,0.0,0.0,0.0,0.0,0.0,0.019856215,0.019856215,0.0,0.9994021,3.4995155334472656,3.497423193435907,-0.0,0.019856215,0.0,-0.0,0.0,-0.0,0.04153847,0.04153847,-0.0,1.0,7.7320657,0.3782196,0.0,1.0448357,1.0920539,0.34306875,0.60716236,0.0,0.0,0.0,0.31415,0.1383698,0.55598205,0.0,1.0920539,0.0,1.0561093,1.2268548,1.0448357,-0.17074545,13.9,20.881638,20.0,20.0,2.0
resstock-amy2018-2021-release-1-230010,0.0,0.37215966,0.0,0.0,0.12526418,0.0,0.0,0.0,0.0,0.0,0.0,0.0,0.0,0.0,0.019939423,0.019939423,0.0,0.99940354,3.4995150566101074,3.497427722980291,-0.0,0.019939423,0.0,-0.0,0.0,-0.0,0.0,0.0,0.027179696,0.99116397,7.7320657,0.34497997,0.0,0.87211484,0.8345563,0.26217586,0.46023658,0.0,0.0,0.0,0.31415,0.1383698,0.5514746,0.0,0.8345563,0.0,0.82448596,1.0072482,0.87211484,-0.18276219,16.1,21.21394,20.0,20.0,2.0
resstock-amy2018-2021-release-1-230010,0.52695066,0.26050127,0.0,0.0,0.66258836,0.0,0.0,0.0,0.0,0.0,0.0,0.0,0.0,0.0,0.019933939,0.019933939,0.0,0.99940175,3.499514579772949,3.4974209888078462,-0.0,0.019933939,0.0,-0.0,0.0,-0.0,0.11155871,0.11155871,-0.0,1.0,7.7320657,0.26050127,0.0,0.78393984,1.2880394,0.40971324,0.6907731,0.0,0.0,0.0,0.3180906,0.1383698,0.5362981,0.0,1.2880394,0.0,1.2235229,1.4019456,0.78393984,-0.17842275,12.78,21.197414,19.13889,19.13889,2.0
resstock-amy2018-2021-release-1-230010,0.4155676,0.23593199,0.0,0.0,0.54185253,0.0,0.0,0.0,0.0,0.0,0.0,0.0,0.0,0.0,0.019939661,0.019939661,0.0,0.9993874,3.499514102935791,3.4973702427178637,-0.0,0.019939661,0.0,-0.0,0.0,-0.0,0.04153847,0.04153847,-0.0,1.0,7.7320657,0.23593199,0.0,0.7191501,1.1263673,0.3687168,0.6042045,0.0,0.0,0.0,0.3273504,0.1383698,0.5364187,0.0,1.1263673,0.0,1.0908421,1.2454171,0.7191501,-0.15457498,15.0,21.448055,19.00926,19.00926,2.0
resstock-amy2018-2021-release-1-230010,0.0,0.17409614,0.0,0.0,0.62373775,0.0,0.0,0.0,0.0,0.0,0.0,0.0,0.0,0.0,0.019989014,0.019989014,0.0,0.9993627,3.499513626098633,3.4972834110444637,-0.0,0.019989014,0.0,-0.0,0.0,-0.0,0.04153847,0.04153847,-0.0,1.0,7.7320657,0.17409614,0.0,0.61996514,1.1755,0.40513608,0.6369407,0.0,0.0,0.0,0.34465,0.1383698,0.54184663,0.0,1.1755,0.0,1.1394227,1.2276145,0.61996514,-0.08819185,13.9,21.494583,20.0,20.0,2.0
resstock-amy2018-2021-release-1-230010,0.0,0.2253226,0.9575047,0.0,0.3892958,0.9682548,0.0,0.0,0.0,0.0,0.0,0.0,0.0,0.0,-0.08435093,0.0,-0.08435093,0.96777123,3.499511241912842,3.38672630643228,0.08435093,0.0,0.0,-0.0,0.0,-0.0,0.04153847,0.04153847,-0.0,1.0,7.7320657,0.2253226,0.0,0.61548764,1.8847647,0.69246817,1.0779428,0.0,0.0,0.0,0.367403,0.1383698,0.5719244,0.0,1.8847647,0.0,1.9522504,1.9561731,0.61548764,-0.00392266,12.2,21.370651,20.0,20.0,2.0
resstock-amy2018-2021-release-1-230010,0.0,0.37485486,0.76600516,0.0,0.53321505,0.7746053,0.0,0.0,0.0,0.0,0.0,0.0,0.0,0.0,-0.04841584,0.0,-0.04841584,0.94753313,3.499509811401367,3.3159014873226624,0.04841584,0.0,0.0,-0.0,0.0,-0.0,0.04153847,0.04153847,-0.0,1.0,7.7320657,0.37485486,0.0,0.24246612,1.5018706,0.5129107,0.90947396,0.0,0.0,0.0,0.3415146,0.1383698,0.6055608,0.0,1.5018706,0.0,1.5329185,1.5329185,0.24246612,-0.0,11.1,21.358952,20.0,20.0,2.0
resstock-amy2018-2021-release-1-230010,0.0,0.3586828,0.0,0.0,0.39465076,0.0,0.0,0.0,0.0,0.0,0.0,0.0,0.0,0.0,-0.05761743,0.0,-0.05761743,0.92453074,3.4995081424713135,3.2354028685269327,0.05761743,0.0,0.0,-0.0,0.0,-0.0,0.04153847,0.04153847,-0.0,1.0,7.7320657,0.3586828,0.0,0.2119578,0.54899114,0.1825121,0.33851293,0.0,0.0,0.0,0.33245,0.1383698,0.6166091,0.0,0.54899114,0.0,0.58873785,0.58873785,0.2119578,-0.0,10.0,21.254425,20.0,20.0,2.0
resstock-amy2018-2021-release-1-230010,0.0,0.37020412,0.0,0.0,0.104284264,0.0,0.0,0.0,0.0,0.0,0.0,0.0,0.0,0.0,-0.07507727,0.0,-0.07507727,0.89621305,3.4995059967041016,3.1363029590966107,0.07507727,0.0,0.0,-0.0,0.0,-0.0,0.0,0.0,0.12780716,0.977756,7.7320657,0.24239697,0.0,0.53082556,0.56003255,0.17814109,0.34813383,0.0,0.0,0.0,0.3180906,0.1383698,0.62163144,0.0,0.56003255,0.0,0.6900951,0.6900951,0.53082556,-0.0,10.0,21.247463,20.0,20.0,2.0
resstock-amy2018-2021-release-1-230010,0.0,0.48546994,0.19150186,0.0,0.20827435,0.19365188,0.0,0.0,0.0,0.0,0.0,0.0,0.0,0.0,0.0026983244,0.0026983244,0.0,0.89221716,3.4995059967041016,3.1223192992320037,-0.0,0.0026983244,0.0,-0.0,0.0,-0.0,0.0,0.0,0.0086758975,0.9715015,7.7320657,0.47679403,0.0,1.7826666,2.1872911,0.67379504,1.3555955,0.0,0.0,0.0,0.30805,0.1383698,0.61976,0.0,2.1872911,0.0,2.1883826,2.1883826,1.7826666,-0.0,9.4,21.290426,20.0,20.0,2.0
resstock-amy2018-2021-release-1-230010,0.0,0.4985772,0.1595004,0.0,0.7223524,0.16129115,0.0,0.0,0.0,0.0,0.0,0.0,0.0,0.0,0.23395142,0.23395142,0.0,0.9493288,3.4994993209838867,3.322175421610268,-0.0,0.23395142,0.0,-0.0,0.0,-0.0,0.26737157,0.26737157,-0.0,1.0,7.7320657,0.4985772,0.0,0.40152928,1.5191243,0.45869958,0.929051,0.0,0.0,0.0,0.30195,0.1383698,0.6115701,0.0,1.5191243,0.0,1.168379,1.168379,0.40152928,-0.0,9.4,21.251816,20.0,20.0,2.0
resstock-amy2018-2021-release-1-230010,0.0,0.5326327,0.0,0.0,7.899528e-08,0.0,0.0,0.0,0.0,0.0,0.0,0.0,0.0,0.0,0.1609709,0.1609709,0.0,0.9866455,3.499494791030884,3.4527608569010937,-0.0,0.1609709,0.0,-0.0,0.0,-0.0,0.0,0.0,0.5326325,0.9238157,7.7320657,1.7881393e-07,0.0,0.2838478,0.4448188,0.13256018,0.2639183,0.0,0.0,0.0,0.2980094,0.1383698,0.59331644,0.0,0.4448188,0.0,0.5191509,0.5191509,0.2838478,-0.0,8.95,21.154432,20.0,20.0,2.0
resstock-amy2018-2021-release-1-230010,0.0,0.41844618,0.0,0.0,0.4967538,0.0,0.0,0.0,0.0,0.0,0.0,0.0,0.0,0.0,0.06433272,0.06433272,0.0,0.99842936,3.499492883682251,3.4939964331997686,-0.0,0.06433272,0.0,-0.0,0.0,-0.0,0.6452525,0.6452525,-0.0,1.0,7.7320657,0.41844618,0.0,0.17371795,0.7348045,0.2064551,0.4200631,0.0,0.0,0.0,0.280966,0.1383698,0.5716665,0.0,0.7348045,0.0,0.38506126,0.38506126,0.17371795,-0.0,8.9,20.888847,19.444445,19.444445,2.0
resstock-amy2018-2021-release-1-230010,0.0,0.33690125,0.0,0.0,0.036835667,0.0,0.0,0.0,0.0,0.0,0.0,0.0,0.0,0.0,0.023303509,0.023303509,0.0,0.99936587,3.4994921684265137,3.4972730221045083,-0.0,0.023303509,0.0,-0.0,0.0,-0.0,0.0,0.0,0.25362363,0.9609918,7.7320657,0.08327761,0.0,0.17255284,0.23269202,0.0625397,0.1310269,0.0,0.0,0.0,0.268766,0.1383698,0.56309146,0.0,0.23269202,0.0,0.32157227,0.32157227,0.17255284,-0.0,8.9,20.553394,19.444445,19.444445,2.0
resstock-amy2018-2021-release-1-230010,0.0,0.35033357,0.0,0.0,0.37678218,0.0,0.0,0.0,0.0,0.0,0.0,0.0,0.0,0.0,0.020042181,0.020042181,0.0,0.9994289,3.4994916915893555,3.4974932295145322,-0.0,0.020042181,0.0,-0.0,0.0,-0.0,0.35065484,0.35065484,-0.0,1.0,7.7320657,0.35033357,0.0,0.1715587,0.56838304,0.14804673,0.31956795,0.0,0.0,0.0,0.26047,0.1383698,0.5622405,0.0,0.56838304,0.0,0.3932379,0.3932379,0.1715587,-0.0,8.9,20.28904,19.444445,19.444445,2.0
resstock-amy2018-2021-release-1-230010,0.0,0.28734857,0.0,0.0,0.3104495,0.0,0.0,0.0,0.0,0.0,0.0,0.0,0.0,0.0,0.01982212,0.01982212,0.0,0.9994105,3.4994912147521973,3.4974282998970807,-0.0,0.01982212,0.0,-0.0,0.0,-0.0,0.04153847,0.04153847,-0.0,1.0,7.7320657,0.28734857,0.0,0.17625715,0.5065288,0.13161421,0.28670117,0.0,0.0,0.0,0.2598356,0.1383698,0.5660116,0.0,0.5065288,0.0,0.468059,0.468059,0.17625715,-0.0,8.3,19.915115,18.88889,18.88889,2.0
resstock-amy2018-2021-release-1-230010,0.0,0.29183596,0.0,0.0,0.08468706,0.0,0.0,0.0,0.0,0.0,0.0,0.0,0.0,0.0,0.019885778,0.019885778,0.0,0.99935573,3.499490737915039,3.4972361328967736,-0.0,0.019885778,0.0,-0.0,0.0,-0.0,0.0,0.0,0.10547568,0.98073155,7.7320657,0.18636028,0.0,0.19809042,0.30266327,0.08037078,0.17048007,0.0,0.0,0.0,0.2655452,0.1383698,0.56326646,0.0,0.30266327,0.0,0.33070844,0.33070844,0.19809042,-0.0,7.8,19.644608,18.333334,18.333334,2.0
resstock-amy2018-2021-release-1-230010,0.43822724,0.42132685,0.0,0.0,0.0,0.0,0.0,0.0,0.0,0.0,0.0,0.0,0.0,0.0,-0.23802933,0.0,-0.23802933,0.9205665,3.499483823776245,3.221507572777071,0.23802933,0.0,0.0,-0.0,0.0,-0.0,0.0,0.0,0.42132694,0.9194785,7.7320657,0.0,0.0,0.25351024,0.015480906,0.0042022923,0.008708743,0.0,0.0,0.0,0.27145,0.1383698,0.5625474,0.0,0.015480906,0.0,0.44775376,0.44775376,0.25351024,-0.0,7.2,19.585115,17.222221,17.222221,2.0
resstock-amy2018-2021-release-1-230010,0.0,0.4168102,0.0,0.0,4.06289e-08,0.0,0.0,0.0,0.0,0.0,0.0,0.0,0.0,0.0,-0.035332482,0.0,-0.035332482,0.9046635,3.4994828701019287,3.165854432549864,0.035332482,0.0,0.0,-0.0,0.0,-0.0,0.0,0.0,0.41681013,0.8591467,7.7320657,8.940697e-08,0.0,0.30414134,0.2688089,0.07884171,0.1491269,0.0,0.0,0.0,0.2933002,0.1383698,0.5547692,0.0,0.2688089,0.0,0.493551,0.493551,0.30414134,-0.0,7.8,19.566875,18.88889,18.88889,2.0
resstock-amy2018-2021-release-1-230010,0.0,0.36186945,0.0,0.0,2.7282674e-08,0.0,0.0,0.0,0.0,0.0,0.0,0.0,0.0,0.0,-0.031831816,0.0,-0.031831816,0.889939,3.4994819164276123,3.114325472719898,0.031831816,0.0,0.0,-0.0,0.0,-0.0,0.0,0.0,0.3618694,0.80644995,7.7320657,5.9604645e-08,0.0,0.40985033,0.37801856,0.11588597,0.20520759,0.0,0.0,0.0,0.3065616,0.1383698,0.54285055,0.0,0.37801856,0.0,0.57548785,0.57548785,0.40985033,-0.0,7.5,19.514788,20.0,20.0,2.0
resstock-amy2018-2021-release-1-230010,0.0,0.46796405,0.0,0.0,6.410792e-08,0.0,0.0,0.0,0.0,0.0,0.0,0.0,0.0,0.0,-0.2223444,0.0,-0.2223444,0.8164933,3.4994754791259766,2.8572981869697287,0.2223444,0.0,0.0,-0.0,0.0,-0.0,0.0,0.0,0.4679639,0.73989165,7.7320657,1.4901161e-07,0.0,0.87094486,0.64707667,0.19948985,0.3514082,0.0,0.0,0.0,0.308294,0.1383698,0.54307044,0.0,0.64707667,0.0,1.0707489,1.0722728,0.87094486,-0.0015238731,10.0,19.7538,20.0,20.0,2.0
resstock-amy2018-2021-release-1-230010,0.0,0.37381977,0.0,0.0,0.0,0.0,0.0,0.0,0.0,0.0,0.0,0.0,0.0,0.0,-0.08127609,0.0,-0.08127609,0.7868153,3.4994730949401855,2.753438922934208,0.08127609,0.0,0.0,-0.0,0.0,-0.0,0.0,0.0,0.37381986,0.68622446,7.7320657,0.0,0.0,1.0550739,0.9558567,0.2942767,0.53132623,0.0,0.0,0.0,0.307867,0.1383698,0.5558639,0.0,0.9558567,0.0,1.1909659,1.208907,1.0550739,-0.01794111,11.7,19.892513,20.0,20.0,2.0
resstock-amy2018-2021-release-1-230010,0.0,0.36109948,0.0,0.0,0.0,0.0,0.0,0.0,0.0,0.0,0.0,0.0,0.0,0.0,0.093164444,0.093164444,0.0,0.80704945,3.4994704723358154,2.824245731392935,-0.0,0.093164444,0.0,-0.0,0.0,-0.0,0.0,0.0,0.3610997,0.634532,7.7320657,0.0,0.0,1.860482,1.8751096,0.54997003,1.0129913,0.0,0.0,0.0,0.2933002,0.1383698,0.54023045,0.0,1.8751096,0.0,1.9305437,2.0090804,1.860482,-0.078536846,11.7,20.082924,20.0,20.0,2.0
resstock-amy2018-2021-release-1-230010,0.0,0.6113507,0.0,0.0,2.492179e-08,0.0,0.0,0.0,0.0,0.0,0.0,0.0,0.0,0.0,0.21728876,0.21728876,0.0,0.8601388,3.499464273452759,3.010024909538032,-0.0,0.21728876,0.0,-0.0,0.0,-0.0,0.0,0.0,0.61135066,0.54976475,7.7320657,5.9604645e-08,0.0,1.0489328,1.1734648,0.32412922,0.60465306,0.0,0.0,0.0,0.27621555,0.1383698,0.5152716,0.0,1.1734648,0.0,1.211793,1.3045497,1.0489328,-0.092756696,11.1,20.474152,20.0,20.0,2.0
resstock-amy2018-2021-release-1-230010,0.0,0.41442138,0.0,0.0,0.0,0.0,0.0,0.0,0.0,0.0,0.0,0.0,0.0,0.0,0.13372187,0.13372187,0.0,0.8906949,3.499460458755493,3.116951640225537,-0.0,0.13372187,0.0,-0.0,0.0,-0.0,0.0,0.0,0.4144214,0.49167913,7.7320657,0.0,0.0,1.0448357,1.0869993,0.26311928,0.542071,0.0,0.0,0.0,0.2420602,0.1383698,0.49868566,0.0,1.0869993,0.0,1.1265546,1.2181128,1.0448357,-0.09155818,11.1,20.445843,19.703703,19.703703,2.0
resstock-amy2018-2021-release-1-230010,0.35641044,0.34676653,1.0456464,0.0,0.0,1.0573862,0.0,0.0,0.0,0.0,0.0,0.0,0.0,0.0,0.18917787,0.18917787,0.0,0.93583035,3.499454975128174,3.274896190597815,-0.0,0.18917787,0.0,-0.0,0.0,-0.0,0.0,0.0,0.34676653,0.4429109,7.7320657,0.0,0.0,0.87211484,1.9942052,0.46563753,0.9793093,0.0,0.0,0.0,0.2334953,0.1383698,0.4910775,0.0,1.9942052,0.0,1.9477276,2.0722013,0.87211484,-0.124473594,11.7,20.50376,20.0,20.0,2.0
resstock-amy2018-2021-release-1-230010,0.0,0.33329198,0.0,0.0,0.41414165,0.0,0.0,0.0,0.0,0.0,0.0,0.0,0.0,0.0,-0.046501413,0.0,-0.046501413,0.9163573,3.499453544616699,3.2067497275154437,0.046501413,0.0,0.0,-0.0,0.0,-0.0,0.6730866,0.6730866,-0.0,0.52509695,7.7320657,0.33329198,0.0,0.78393984,1.0662004,0.2710173,0.516466,0.0,0.0,0.0,0.25418985,0.1383698,0.48439866,0.0,1.0662004,0.0,0.8357154,0.92109513,0.78393984,-0.08537971,11.7,20.545612,20.0,20.0,2.0
resstock-amy2018-2021-release-1-230010,0.0,0.38975722,0.0,0.0,0.0,0.0,0.0,0.0,0.0,0.0,0.0,0.0,0.0,0.0,0.008498418,0.008498418,0.0,0.9137632,3.49945330619812,3.1976717390835034,-0.0,0.008498418,0.0,-0.0,0.0,-0.0,0.0,0.0,0.38975725,0.47042626,7.7320657,0.0,0.0,0.5077328,0.44896573,0.13008782,0.21226496,0.0,0.0,0.0,0.28975,0.1383698,0.47278655,0.0,0.44896573,0.0,0.59871477,0.6659803,0.5077328,-0.06726551,12.2,20.68784,20.0,20.0,2.0
resstock-amy2018-2021-release-1-230010,0.0,0.29911384,0.0,0.0,0.60841846,0.0,0.0,0.0,0.0,0.0,0.0,0.0,0.0,0.0,0.009978478,0.009978478,0.0,0.9115676,3.499453067779541,3.1899881336356373,-0.0,0.009978478,0.0,-0.0,0.0,-0.0,1.199397,1.199397,-0.0,0.618539,7.7320657,0.29911384,0.0,0.37312385,0.9620214,0.2906819,0.45067984,0.0,0.0,0.0,0.3021574,0.1383698,0.46847174,0.0,0.9620214,0.0,0.46506923,0.49456862,0.37312385,-0.029499391,12.2,20.654533,20.0,20.0,2.0
resstock-amy2018-2021-release-1-230010,0.0,0.31599092,0.0,0.0,0.6757236,0.0,0.0,0.0,0.0,0.0,0.0,0.0,0.0,0.0,0.19420603,0.19420603,0.0,0.9579358,3.4994473457336426,3.3522459279995473,-0.0,0.19420603,0.0,-0.0,0.0,-0.0,1.3001156,1.3001156,-0.0,0.778523,7.7320657,0.31599092,0.0,0.29740393,1.166869,0.3633119,0.5662289,0.0,0.0,0.0,0.3113562,0.1383698,0.48525488,0.0,1.166869,0.0,0.42906094,0.42952546,0.29740393,-0.00046453477,11.1,20.578999,20.0,20.0,2.0
resstock-amy2018-2021-release-1-230010,0.0,0.28888053,0.3832438,0.0,0.17041291,0.38754657,0.0,0.0,0.0,0.0,0.0,0.0,0.0,0.0,0.1401576,0.1401576,0.0,0.98968405,3.499443292617798,3.4633431941876864,-0.0,0.1401576,0.0,-0.0,0.0,-0.0,0.11869033,0.11869033,-0.0,0.78936315,7.7320657,0.28888053,0.0,0.62622243,1.3243395,0.40828592,0.68903136,0.0,0.0,0.0,0.308294,0.1383698,0.52028304,0.0,1.3243395,0.0,1.1345553,1.1345553,0.62622243,-0.0,11.1,20.572226,20.0,20.0,2.0
resstock-amy2018-2021-release-1-230010,0.0,0.39291427,0.0,0.0,0.059013095,0.0,0.0,0.0,0.0,0.0,0.0,0.0,0.0,0.0,0.04233207,0.04233207,0.0,0.99552417,3.4994421005249023,3.48377918564006,-0.0,0.04233207,0.0,-0.0,0.0,-0.0,0.0,0.0,0.25360742,0.7514555,7.7320657,0.13930684,0.0,0.604688,0.7060331,0.22180031,0.37671736,0.0,0.0,0.0,0.31415,0.1383698,0.533569,0.0,0.7060331,0.0,0.7711341,0.7711341,0.604688,-0.0,10.6,20.691877,20.0,20.0,2.0
resstock-amy2018-2021-release-1-230010,0.0,0.44766945,0.0,0.0,0.03552991,0.0,0.0,0.0,0.0,0.0,0.0,0.0,0.0,0.0,0.033367634,0.033367634,0.0,0.99903023,3.499441146850586,3.4960475023115123,-0.0,0.033367634,0.0,-0.0,0.0,-0.0,0.0,0.0,0.3626937,0.6992105,7.7320657,0.08497575,0.0,0.53082556,0.5997231,0.18481787,0.3224971,0.0,0.0,0.0,0.308172,0.1383698,0.53774333,0.0,0.5997231,0.0,0.71800435,0.71800435,0.53082556,-0.0,11.1,20.848831,20.0,20.0,2.0
resstock-amy2018-2021-release-1-230010,0.0,0.53403234,0.0,0.0,7.358493e-08,0.0,0.0,0.0,0.0,0.0,0.0,0.0,0.0,0.0,0.021159649,0.021159649,0.0,0.99934673,3.4994404315948486,3.497154362968786,-0.0,0.021159649,0.0,-0.0,0.0,-0.0,0.0,0.0,0.53403217,0.6244082,7.7320657,1.7881393e-07,0.0,0.45349494,0.47465464,0.14545877,0.254844,0.0,0.0,0.0,0.3064518,0.1383698,0.5369041,0.0,0.47465464,0.0,0.6732582,0.6732582,0.45349494,-0.0,11.7,21.06451,20.0,20.0,2.0
resstock-amy2018-2021-release-1-230010,0.0,0.596561,0.0,0.0,0.0,0.0,0.0,0.0,0.0,0.0,0.0,0.0,0.0,0.0,0.020056963,0.020056963,0.0,0.9993943,3.4994399547576904,3.4973203355777116,-0.0,0.020056963,0.0,-0.0,0.0,-0.0,0.0,0.0,0.5965611,0.5416644,7.7320657,0.0,0.0,0.40152928,0.42158625,0.12497317,0.2248818,0.0,0.0,0.0,0.2964356,0.1383698,0.53341824,0.0,0.42158625,0.0,0.65096235,0.65096235,0.40152928,-0.0,11.1,21.174698,20.0,20.0,2.0
resstock-amy2018-2021-release-1-230010,0.0,0.6131827,0.0,0.0,0.057414334,0.0,0.0,0.0,0.0,0.0,0.0,0.0,0.0,0.0,0.019891024,0.019891024,0.0,0.9994057,3.4994394779205322,3.4973596983531507,-0.0,0.019891024,0.0,-0.0,0.0,-0.0,0.0,0.0,0.47764993,0.47519624,7.7320657,0.1355328,0.0,0.2838478,0.36115316,0.1059263,0.19619201,0.0,0.0,0.0,0.2933002,0.1383698,0.5432377,0.0,0.36115316,0.0,0.54360396,0.54360396,0.2838478,-0.0,10.6,21.165186,20.0,20.0,2.0
resstock-amy2018-2021-release-1-230010,0.0,0.5695877,0.0,0.0,0.22853902,0.0,0.0,0.0,0.0,0.0,0.0,0.0,0.0,0.0,0.01985097,0.01985097,0.0,0.9994278,3.499439001083374,3.497436606025076,-0.0,0.01985097,0.0,-0.0,0.0,-0.0,0.0,0.0,0.038374588,0.46760517,7.7320657,0.5312131,0.0,0.23914558,0.48753557,0.13567236,0.2627068,0.0,0.0,0.0,0.278282,0.1383698,0.5388464,0.0,0.48753557,0.0,0.48419416,0.48419416,0.23914558,-0.0,10.0,20.984982,20.0,20.0,2.0
resstock-amy2018-2021-release-1-230010,0.0,0.74257827,0.0,0.0,1.4331841,0.0,0.0,0.0,0.0,0.0,0.0,0.0,0.0,0.0,0.019773483,0.019773483,0.0,0.9994074,3.499438524246216,3.4973647941465345,-0.0,0.019773483,0.0,-0.0,0.0,-0.0,2.5416605,2.5416605,-0.0,0.7842331,7.7320657,0.74257827,0.0,0.21490169,1.6678593,0.4452117,0.94930106,0.0,0.0,0.0,0.266936,0.1383698,0.56917334,0.0,1.6678593,0.0,0.53894985,0.53894985,0.21490169,-0.0,9.44,20.973621,19.444445,19.444445,2.0
resstock-amy2018-2021-release-1-230010,0.0,0.60042155,0.0,0.0,0.7198429,0.0,0.0,0.0,0.0,0.0,0.0,0.0,0.0,0.0,0.019843817,0.019843817,0.0,0.9993884,3.4994380474090576,3.4972977796909532,-0.0,0.019843817,0.0,-0.0,0.0,-0.0,0.96096456,0.96096456,-0.0,0.90077794,7.7320657,0.60042155,0.0,0.20263457,0.9423213,0.24091686,0.54583627,0.0,0.0,0.0,0.2556632,0.1383698,0.57924646,0.0,0.9423213,0.0,0.47944587,0.47944587,0.20263457,-0.0,7.2,20.47311,19.444445,19.444445,2.0
resstock-amy2018-2021-release-1-230010,0.0,0.45307487,0.0,0.0,0.9498265,0.0,0.0,0.0,0.0,0.0,0.0,0.0,0.0,0.0,0.01990962,0.01990962,0.0,0.9993714,3.4994375705718994,3.4972378570664375,-0.0,0.01990962,0.0,-0.0,0.0,-0.0,0.827813,0.827813,-0.0,1.0,7.7320657,0.45307487,0.0,0.20327602,1.1730121,0.28979266,0.6798257,0.0,0.0,0.0,0.24705,0.1383698,0.5795556,0.0,1.1730121,0.0,0.7714575,0.7714575,0.20327602,-0.0,7.2,20.035332,18.88889,18.88889,2.0
resstock-amy2018-2021-release-1-230010,0.0,0.525605,0.0,0.0,0.05050649,0.0,0.0,0.0,0.0,0.0,0.0,0.0,0.0,0.0,-0.061690368,0.0,-0.061690368,0.9748281,3.4994359016418457,3.4113485352178827,0.061690368,0.0,0.0,-0.0,0.0,-0.0,0.0,0.0,0.41446167,0.93956125,7.7320657,0.11114335,0.0,0.19809042,0.18690655,0.04631208,0.110381894,0.0,0.0,0.0,0.247782,0.1383698,0.59057266,0.0,0.18690655,0.0,0.4369393,0.4369393,0.19809042,-0.0,7.8,19.92929,18.88889,18.88889,2.0
resstock-amy2018-2021-release-1-230010,0.0,0.5631419,0.0,0.0,0.0,0.0,0.0,0.0,0.0,0.0,0.0,0.0,0.0,0.0,0.042905957,0.042905957,0.0,0.98089606,3.49943470954895,3.432581703770623,-0.0,0.042905957,0.0,-0.0,0.0,-0.0,0.0,0.0,0.5631419,0.85962695,7.7320657,0.0,0.0,0.3186101,0.36151606,0.089312546,0.21603225,0.0,0.0,0.0,0.24705,0.1383698,0.59757304,0.0,0.36151606,0.0,0.5677011,0.5677011,0.3186101,-0.0,8.9,19.964836,18.88889,18.88889,2.0
resstock-amy2018-2021-release-1-230010,0.0,0.72978294,0.0,0.0,0.0,0.0,0.0,0.0,0.0,0.0,0.0,0.0,0.0,0.0,-0.033256657,0.0,-0.033256657,0.96532625,3.499433755874634,3.3780952632802013,0.033256657,0.0,0.0,-0.0,0.0,-0.0,0.0,0.0,0.729783,0.7579056,7.7320657,0.0,0.0,0.30414134,0.2708847,0.0724609,0.16104104,0.0,0.0,0.0,0.2674972,0.1383698,0.5945003,0.0,0.2708847,0.0,0.6317594,0.6317594,0.30414134,-0.0,8.3,20.096012,19.444445,19.444445,2.0
resstock-amy2018-2021-release-1-230010,0.0,0.4464335,0.0,0.0,0.0,0.0,0.0,0.0,0.0,0.0,0.0,0.0,0.0,0.0,0.13849807,0.13849807,0.0,0.99711406,3.499429702758789,3.4893305666835204,-0.0,0.13849807,0.0,-0.0,0.0,-0.0,0.0,0.0,0.4464336,0.6944692,7.7320657,0.0,0.0,0.40985033,0.5483484,0.1477788,0.32594004,0.0,0.0,0.0,0.269498,0.1383698,0.59440315,0.0,0.5483484,0.0,0.6019155,0.6019155,0.40985033,-0.0,10.0,20.006516,20.0,20.0,2.0
resstock-amy2018-2021-release-1-230010,0.0,0.3437738,0.0,0.0,0.0,0.0,0.0,0.0,0.0,0.0,0.0,0.0,0.0,0.0,0.027819872,0.027819872,0.0,0.9993011,3.4994289875030518,3.4969831523712003,-0.0,0.027819872,0.0,-0.0,0.0,-0.0,0.0,0.0,0.3437738,0.6450423,7.7320657,0.0,0.0,0.67009085,0.68843377,0.18553151,0.41584152,0.0,0.0,0.0,0.269498,0.1383698,0.60403997,0.0,0.68843377,0.0,0.80851257,0.8179895,0.67009085,-0.009476959,10.0,19.942108,20.0,20.0,2.0
resstock-amy2018-2021-release-1-230010,0.0,0.22783343,0.1917373,0.0,0.91382354,0.19388998,0.0,0.0,0.0,0.0,0.0,0.0,0.0,0.0,0.020204544,0.020204544,0.0,0.999444,3.4994285106658936,3.4974828559668367,-0.0,0.020204544,0.0,-0.0,0.0,-0.0,1.9577287,1.9577287,-0.0,0.8874413,7.7320657,0.22783343,0.0,0.85219574,1.9489379,0.52666146,1.2000468,0.0,0.0,0.0,0.27023,0.1383698,0.615744,0.0,1.9489379,0.0,1.1101712,1.1413472,0.85219574,-0.03117602,11.1,19.908024,20.0,20.0,2.0
resstock-amy2018-2021-release-1-230010,0.0,0.34904373,0.0,0.0,0.2867568,0.0,0.0,0.0,0.0,0.0,0.0,0.0,0.0,0.0,0.019706488,0.019706488,0.0,0.9993726,3.4994280338287354,3.497232497961278,-0.0,0.019706488,0.0,-0.0,0.0,-0.0,0.3572269,0.3572269,-0.0,0.927658,7.7320657,0.34904373,0.0,0.88575613,1.1257629,0.30339086,0.6987124,0.0,0.0,0.0,0.269498,0.1383698,0.6206568,0.0,1.1257629,0.0,0.9610168,1.0274733,0.88575613,-0.066456564,12.2,20.08665,20.0,20.0,2.0
resstock-amy2018-2021-release-1-230010,0.0,0.3997397,0.0,0.0,0.5645669,0.0,0.0,0.0,0.0,0.0,0.0,0.0,0.0,0.0,0.019954443,0.019954443,0.0,0.9993564,3.499427556991577,3.4971752870821717,-0.0,0.019954443,0.0,-0.0,0.0,-0.0,0.61480474,0.61480474,-0.0,1.0,7.7320657,0.3997397,0.0,0.85131556,1.3112451,0.34206793,0.81047565,0.0,0.0,0.0,0.2608726,0.1383698,0.61809623,0.0,1.3112451,0.0,1.045729,1.1703209,0.85131556,-0.12459178,12.8,20.324787,20.0,20.0,2.0
resstock-amy2018-2021-release-1-230010,0.0,0.45850927,0.0,0.0,0.0,0.0,0.0,0.0,0.0,0.0,0.0,0.0,0.0,0.0,0.020010471,0.020010471,0.0,0.9993296,3.499427080154419,3.4970811571854057,-0.0,0.020010471,0.0,-0.0,0.0,-0.0,0.0,0.0,0.4585095,0.93369216,7.7320657,0.0,0.0,0.8474973,0.74556905,0.19415064,0.45776772,0.0,0.0,0.0,0.260406,0.1383698,0.61398435,0.0,0.74556905,0.0,0.9061713,1.02811,0.8474973,-0.1219387,13.3,20.604061,20.0,20.0,2.0
resstock-amy2018-2021-release-1-230010,0.0,0.36865383,0.0,0.0,0.39460576,0.0,0.0,0.0,0.0,0.0,0.0,0.0,0.0,0.0,0.020103216,0.020103216,0.0,0.9993512,3.4994266033172607,3.4971561873807246,-0.0,0.020103216,0.0,-0.0,0.0,-0.0,0.566988,0.566988,-0.0,1.0,7.7320657,0.36865383,0.0,0.6752373,0.9735611,0.21999131,0.5814638,0.0,0.0,0.0,0.22596559,0.1383698,0.5972546,0.0,0.9735611,0.0,0.7301141,0.84649926,0.6752373,-0.11638516,13.3,20.68871,20.0,20.0,2.0
resstock-amy2018-2021-release-1-230010,0.0,0.314116,0.0,0.0,0.37560752,0.0,0.0,0.0,0.0,0.0,0.0,0.0,0.0,0.0,-0.044228982,0.0,-0.044228982,0.9802549,3.4994254112243652,3.4303288664146976,0.044228982,0.0,0.0,-0.0,0.0,-0.0,0.04153847,0.04153847,-0.0,1.0,7.7320657,0.314116,0.0,0.5891643,0.8493738,0.1932719,0.4842901,0.0,0.0,0.0,0.22754633,0.1383698,0.5701731,0.0,0.8493738,0.0,0.8775145,0.9486835,0.5891643,-0.07116905,13.9,20.72916,20.0,20.0,2.0
resstock-amy2018-2021-release-1-230010,0.0,0.45826983,0.0,0.0,0.66908985,0.0,0.0,0.0,0.0,0.0,0.0,0.0,0.0,0.0,0.085852176,0.085852176,0.0,0.99755156,3.499423027038574,3.4908549011287278,-0.0,0.085852176,0.0,-0.0,0.0,-0.0,0.04153847,0.04153847,-0.0,1.0,7.7320657,0.45826983,0.0,0.7191501,1.3578062,0.3629285,0.7637035,0.0,0.0,0.0,0.26729035,0.1383698,0.562454,0.0,1.3578062,0.0,1.2563684,1.3726543,0.7191501,-0.11628596,15.0,21.17998,20.0,20.0,2.0
resstock-amy2018-2021-release-1-230010,0.33580154,0.4831351,0.4658734,0.0,0.16509168,0.47110385,0.0,0.0,0.0,0.0,0.0,0.0,0.0,0.0,-0.08284479,0.0,-0.08284479,0.96643746,3.499420642852783,3.3819711940228103,0.08284479,0.0,0.0,-0.0,0.0,-0.0,0.0,0.0,0.050742775,0.98802435,7.7320657,0.43239233,0.0,0.61996514,1.112682,0.319834,0.633535,0.0,0.0,0.0,0.2874442,0.1383698,0.5693765,0.0,1.112682,0.0,1.2149009,1.2755347,0.61996514,-0.060633924,14.4,21.457016,20.0,20.0,2.0
resstock-amy2018-2021-release-1-230010,0.0,0.34324536,0.0,0.0,0.65871745,0.0,0.0,0.0,0.0,0.0,0.0,0.0,0.0,0.0,0.040738277,0.040738277,0.0,0.971983,3.4994194507598877,3.4013762703793446,-0.0,0.040738277,0.0,-0.0,0.0,-0.0,0.13643807,0.13643807,-0.0,1.0,7.7320657,0.34324536,0.0,0.61548764,1.311523,0.38466996,0.77090377,0.0,0.0,0.0,0.2933002,0.1383698,0.5877928,0.0,1.311523,0.0,1.21704,1.2204603,0.61548764,-0.003420322,13.3,21.381302,20.0,20.0,2.0
resstock-amy2018-2021-release-1-230010,0.0,0.29038855,0.0,0.0,0.8207824,0.0,0.0,0.0,0.0,0.0,0.0,0.0,0.0,0.0,0.055813003,0.055813003,0.0,0.9814418,3.499417781829834,3.4344748721443636,-0.0,0.055813003,0.0,-0.0,0.0,-0.0,0.04153847,0.04153847,-0.0,1.0,7.7320657,0.29038855,0.0,0.62622243,1.5028177,0.44343522,0.8939947,0.0,0.0,0.0,0.2950692,0.1383698,0.594879,0.0,1.5028177,0.0,1.4304137,1.4304137,0.62622243,-0.0,12.8,21.297503,20.0,20.0,2.0
resstock-amy2018-2021-release-1-230010,0.0,0.34264833,0.0,0.0,0.59073645,0.0,0.0,0.0,0.0,0.0,0.0,0.0,0.0,0.0,0.014876645,0.014876645,0.0,0.9801657,3.499417304992676,3.4300088822794805,-0.0,0.014876645,0.0,-0.0,0.0,-0.0,0.04153847,0.04153847,-0.0,1.0,7.7320657,0.34264833,0.0,0.604688,1.210301,0.35734406,0.68548197,0.0,0.0,0.0,0.2952522,0.1383698,0.5663731,0.0,1.210301,0.0,1.1785592,1.1785592,0.604688,-0.0,12.2,21.30938,20.0,20.0,2.0
resstock-amy2018-2021-release-1-230010,0.0,0.40034348,0.0,0.0,0.82556665,0.0,0.0,0.0,0.0,0.0,0.0,0.0,0.0,0.0,0.05509829,0.05509829,0.0,0.9893945,3.499415636062622,3.462302534369215,-0.0,0.05509829,0.0,-0.0,0.0,-0.0,0.04153847,0.04153847,-0.0,1.0,7.7320657,0.40034348,0.0,0.53082556,1.4114904,0.41399044,0.77040356,0.0,0.0,0.0,0.2933002,0.1383698,0.54580855,0.0,1.4114904,0.0,1.3395269,1.3395269,0.53082556,-0.0,12.2,21.388718,20.0,20.0,2.0
resstock-amy2018-2021-release-1-230010,0.0,0.4986577,0.3834721,0.0,0.4437757,0.38777745,0.0,0.0,0.0,0.0,0.0,0.0,0.0,0.0,0.05468273,0.05468273,0.0,0.99855995,3.4994139671325684,3.4943746422859476,-0.0,0.05468273,0.0,-0.0,0.0,-0.0,0.04153847,0.04153847,-0.0,1.0,7.7320657,0.4986577,0.0,0.18133548,1.0675714,0.3081827,0.5739011,0.0,0.0,0.0,0.2886764,0.1383698,0.5375763,0.0,1.0675714,0.0,0.99644995,0.99644995,0.18133548,-0.0,13.133333,21.5937,20.0,20.0,2.0
resstock-amy2018-2021-release-1-230010,0.0,0.4031744,0.0,0.0,0.0,0.0,0.0,0.0,0.0,0.0,0.0,0.0,0.0,0.0,0.022769928,0.022769928,0.0,0.99929744,3.499413251876831,3.4969547042846756,-0.0,0.022769928,0.0,-0.0,0.0,-0.0,0.0,0.0,0.40317443,0.9410652,7.7320657,0.0,0.0,0.1787773,0.20154724,0.054316577,0.1059884,0.0,0.0,0.0,0.269498,0.1383698,0.5258737,0.0,0.20154724,0.0,0.33759284,0.33759284,0.1787773,-0.0,13.3,21.585255,19.73611,19.73611,2.0
resstock-amy2018-2021-release-1-230010,0.0,0.38376096,0.0,0.0,0.6956753,0.0,0.0,0.0,0.0,0.0,0.0,0.0,0.0,0.0,0.020201683,0.020201683,0.0,0.99943954,3.499412775039673,3.497451485495347,-0.0,0.020201683,0.0,-0.0,0.0,-0.0,0.50856143,0.50856143,-0.0,1.0,7.7320657,0.38376096,0.0,0.17528197,0.89115894,0.20385261,0.45610875,0.0,0.0,0.0,0.22875,0.1383698,0.51181525,0.0,0.89115894,0.0,0.6678307,0.6678307,0.17528197,-0.0,12.8,21.501072,20.0,20.0,2.0
resstock-amy2018-2021-release-1-230010,0.0,0.29544443,0.0,0.0,1.035,0.0,0.0,0.0,0.0,0.0,0.0,0.0,0.0,0.0,0.019706488,0.019706488,0.0,0.99944884,3.4994122982025146,3.4974835475968433,-0.0,0.019706488,0.0,-0.0,0.0,-0.0,0.04153847,0.04153847,-0.0,1.0,7.7320657,0.29544443,0.0,0.17371795,1.2284244,0.19313867,0.64526534,0.0,0.0,0.0,0.15722471,0.1383698,0.5252788,0.0,1.2284244,0.0,1.1921269,1.1921269,0.17371795,-0.0,12.8,21.237755,19.444445,19.444445,2.0
resstock-amy2018-2021-release-1-230010,0.0,0.32151356,0.0,0.0,0.3768658,0.0,0.0,0.0,0.0,0.0,0.0,0.0,0.0,0.0,0.019673347,0.019673347,0.0,0.9994456,3.4994118213653564,3.4974718076377798,-0.0,0.019673347,0.0,-0.0,0.0,-0.0,0.04153847,0.04153847,-0.0,1.0,7.7320657,0.32151356,0.0,0.17255284,0.569092,0.089541,0.28771865,0.0,0.0,0.0,0.15734012,0.1383698,0.50557494,0.0,0.569092,0.0,0.5327362,0.5327362,0.17255284,-0.0,12.6,21.010067,19.444445,19.444445,2.0
resstock-amy2018-2021-release-1-230010,0.0,0.32070044,0.0,0.0,0.09174965,0.0,0.0,0.0,0.0,0.0,0.0,0.0,0.0,0.0,0.019684076,0.019684076,0.0,0.99943393,3.4994113445281982,3.4974304491556296,-0.0,0.019684076,0.0,-0.0,0.0,-0.0,0.0,0.0,0.090989776,0.9826617,7.7320657,0.22971067,0.0,0.1715587,0.28299242,0.041493952,0.14710978,0.0,0.0,0.0,0.14662567,0.1383698,0.5198364,0.0,0.28299242,0.0,0.29965094,0.29965094,0.1715587,-0.0,12.8,20.820263,20.0,20.0,2.0
resstock-amy2018-2021-release-1-230010,0.0,0.35549885,0.0,0.0,0.33564776,0.0,0.0,0.0,0.0,0.0,0.0,0.0,0.0,0.0,0.019724369,0.019724369,0.0,0.9994108,3.49941086769104,3.497349043105416,-0.0,0.019724369,0.0,-0.0,0.0,-0.0,0.17893401,0.17893401,-0.0,1.0,7.7320657,0.35549885,0.0,0.17625715,0.53162926,0.07953134,0.29010743,0.0,0.0,0.0,0.14959925,0.1383698,0.545695,0.0,0.53162926,0.0,0.44063303,0.44063303,0.17625715,-0.0,12.9,20.707981,20.0,20.0,2.0
resstock-amy2018-2021-release-1-230010,0.0,0.4240506,0.0,0.0,0.0,0.0,0.0,0.0,0.0,0.0,0.0,0.0,0.0,0.0,0.01980424,0.01980424,0.0,0.9993471,3.499410390853882,3.4971255933391205,-0.0,0.01980424,0.0,-0.0,0.0,-0.0,0.0,0.0,0.42405075,0.93828356,7.7320657,0.0,0.0,0.23010866,0.2499129,0.040005106,0.14127147,0.0,0.0,0.0,0.1600762,0.1383698,0.5652828,0.0,0.2499129,0.0,0.39901388,0.39901388,0.23010866,-0.0,12.9,20.70322,19.444445,19.444445,2.0
resstock-amy2018-2021-release-1-230010,0.0,0.46232748,0.0,0.0,0.31927973,0.0,0.0,0.0,0.0,0.0,0.0,0.0,0.0,0.0,0.012060657,0.012060657,0.0,0.99724454,3.4994101524353027,3.4897676568068903,-0.0,0.012060657,0.0,-0.0,0.0,-0.0,0.33704302,0.33704302,-0.0,0.9757014,7.7320657,0.46232748,0.0,1.6477817,1.9791222,0.39177948,1.1290128,0.0,0.0,0.0,0.19795619,0.1383698,0.5704614,0.0,1.9791222,0.0,1.8324418,1.8324418,1.6477817,-0.0,12.8,20.752462,19.444445,19.444445,2.0
resstock-amy2018-2021-release-1-230010,0.0,0.5219444,0.0,0.0,0.79731876,0.0,0.0,0.0,0.0,0.0,0.0,0.0,0.0,0.0,0.027345896,0.027345896,0.0,0.9991401,3.4994094371795654,3.496400238278497,-0.0,0.027345896,0.0,-0.0,0.0,-0.0,0.2340902,0.2340902,-0.0,1.0,7.7320657,0.5219444,0.0,1.7759687,2.6006334,0.7431047,1.5150689,0.0,0.0,0.0,0.2857399,0.1383698,0.5825769,0.0,2.6006334,0.0,2.4800463,2.4800463,1.7759687,-0.0,12.9,20.904003,19.444445,19.444445,2.0
resstock-amy2018-2021-release-1-230010,0.0,0.49051356,0.0,0.0,0.926445,0.0,0.0,0.0,0.0,0.0,0.0,0.0,0.0,0.0,0.020745516,0.020745516,0.0,0.99933815,3.499408721923828,3.4970926383466576,-0.0,0.020745516,0.0,-0.0,0.0,-0.0,0.04153847,0.04153847,-0.0,1.0,7.7320657,0.49051356,0.0,1.9298999,2.8770905,0.8946625,1.690122,0.0,0.0,0.0,0.31096086,0.1383698,0.5874414,0.0,2.8770905,0.0,2.8396168,2.8396168,1.9298999,-0.0,12.5,21.002357,20.0,20.0,2.0
resstock-amy2018-2021-release-1-230010,0.0,0.4673574,0.0,0.0,0.86481047,0.0,0.0,0.0,0.0,0.0,0.0,0.0,0.0,0.0,0.020055294,0.020055294,0.0,0.9993399,3.49940824508667,3.49709821067367,-0.0,0.020055294,0.0,-0.0,0.0,-0.0,0.04153847,0.04153847,-0.0,1.0,7.7320657,0.4673574,0.0,0.67009085,1.5481126,0.48682818,0.9202842,0.0,0.0,0.0,0.3144656,0.1383698,0.5944556,0.0,1.5481126,0.0,1.511969,1.518813,0.67009085,-0.006844071,13.9,21.108292,20.0,20.0,2.0
resstock-amy2018-2021-release-1-230010,0.0,0.71679115,0.19184695,0.0,0.42802626,0.19400086,0.0,0.0,0.0,0.0,0.0,0.0,0.0,0.0,-0.09296569,0.0,-0.09296569,0.9650752,3.4994056224823,3.3771895629261195,0.09296569,0.0,0.0,-0.0,0.0,-0.0,0.04153847,0.04153847,-0.0,1.0,7.7320657,0.71679115,0.0,0.85219574,1.3625714,0.46388164,0.81592417,0.0,0.0,0.0,0.34044576,0.1383698,0.59881204,0.0,1.3625714,0.0,1.4394487,1.4581344,0.85219574,-0.01868572,13.9,21.454056,20.0,20.0,2.0
resstock-amy2018-2021-release-1-230010,0.0,0.4485737,0.0,0.0,0.0,0.0,0.0,0.0,0.0,0.0,0.0,0.0,0.0,0.0,-0.0008979421,0.0,-0.0008979421,0.95973533,3.4994056224823,3.3585032236129138,0.0008979421,0.0,0.0,-0.0,0.0,-0.0,0.0,0.0,0.44857377,0.93501604,7.7320657,0.0,0.0,0.88575613,0.83626455,0.26920047,0.49331084,0.0,0.0,0.0,0.32190827,0.1383698,0.58989805,0.0,0.83626455,0.0,1.0025098,1.0511035,0.88575613,-0.048593637,15.6,21.472172,19.546297,19.546297,2.0
resstock-amy2018-2021-release-1-230010,0.0,0.36797267,0.0,0.0,0.0,0.0,0.0,0.0,0.0,0.0,0.0,0.0,0.0,0.0,0.10862221,0.10862221,0.0,0.9831365,3.4994025230407715,3.4403902614101014,-0.0,0.10862221,0.0,-0.0,0.0,-0.0,0.0,0.0,0.36797285,0.8811104,7.7320657,0.0,0.0,0.85131556,0.8932744,0.28237748,0.49331966,0.0,0.0,0.0,0.31611505,0.1383698,0.5522599,0.0,0.8932744,0.0,0.92271876,0.98938215,0.85131556,-0.066663355,15.0,21.38293,20.0,20.0,2.0
resstock-amy2018-2021-release-1-230010,0.0,0.36279118,0.0,0.0,0.0,0.0,0.0,0.0,0.0,0.0,0.0,0.0,0.0,0.0,0.07645774,0.07645774,0.0,0.9980752,3.4994003772735596,3.492664686656994,-0.0,0.07645774,0.0,-0.0,0.0,-0.0,0.0,0.0,0.36279136,0.8281763,7.7320657,0.0,0.0,0.8474973,0.8683086,0.2575752,0.4462524,0.0,0.0,0.0,0.2966402,0.1383698,0.51393294,0.0,0.8683086,0.0,0.92677575,0.9824222,0.8474973,-0.05564641,15.3,21.300674,20.0,20.0,2.0
resstock-amy2018-2021-release-1-230010,0.0,0.29393506,0.0,0.0,3.2956027e-08,0.0,0.0,0.0,0.0,0.0,0.0,0.0,0.0,0.0,0.024444103,0.024444103,0.0,0.99931526,3.4993996620178223,3.497003489535018,-0.0,0.024444103,0.0,-0.0,0.0,-0.0,0.0,0.0,0.29393497,0.78469294,7.7320657,8.940697e-08,0.0,0.6752373,0.6563767,0.1986414,0.31880352,0.0,0.0,0.0,0.30263323,0.1383698,0.48570204,0.0,0.6563767,0.0,0.7402791,0.7835838,0.6752373,-0.043304753,15.6,21.172707,20.0,20.0,2.0
resstock-amy2018-2021-release-1-230010,0.0,0.27091095,0.0,0.0,0.24137004,0.0,0.0,0.0,0.0,0.0,0.0,0.0,0.0,0.0,0.020125866,0.020125866,0.0,0.99939835,3.499399185180664,3.4972937741652004,-0.0,0.020125866,0.0,-0.0,0.0,-0.0,0.39382675,0.39382675,-0.0,0.83004004,7.7320657,0.27091095,0.0,0.5891643,0.7962507,0.24538553,0.37715313,0.0,0.0,0.0,0.30817622,0.1383698,0.47366127,0.0,0.7962507,0.0,0.6331241,0.6875336,0.5891643,-0.05440949,16.1,21.19791,20.0,20.0,2.0
resstock-amy2018-2021-release-1-230010,0.0,0.2325196,0.0,0.0,0.4133874,0.0,0.0,0.0,0.0,0.0,0.0,0.0,0.0,0.0,0.019835949,0.019835949,0.0,0.9994097,3.499398708343506,3.497332927894149,-0.0,0.019835949,0.0,-0.0,0.0,-0.0,0.8169193,0.8169193,-0.0,0.92826337,7.7320657,0.2325196,0.0,0.5077328,0.90176034,0.28645834,0.44290516,0.0,0.0,0.0,0.31766573,0.1383698,0.49115616,0.0,0.90176034,0.0,0.5601295,0.5993253,0.5077328,-0.0391958,13.3,21.078993,20.0,20.0,2.0
resstock-amy2018-2021-release-1-230010,0.0,0.23025692,0.0,0.0,0.59920573,0.0,0.0,0.0,0.0,0.0,0.0,0.0,0.0,0.0,0.019796133,0.019796133,0.0,0.99941945,3.4993982315063477,3.4973666585221963,-0.0,0.019796133,0.0,-0.0,0.0,-0.0,0.6100076,0.6100076,-0.0,1.0,7.7320657,0.23025692,0.0,0.37312385,0.98344666,0.3271646,0.507331,0.0,0.0,0.0,0.3326714,0.1383698,0.5158704,0.0,0.98344666,0.0,0.7273878,0.7360669,0.37312385,-0.008679082,13.9,21.053692,20.0,20.0,2.0
resstock-amy2018-2021-release-1-230010,0.0,0.27460665,1.3567426,0.0,1.2062715,1.3719751,0.0,0.0,0.0,0.0,0.0,0.0,0.0,0.0,0.019761562,0.019761562,0.0,0.9993918,3.4993977546691895,3.4972694006747815,-0.0,0.019761562,0.0,-0.0,0.0,-0.0,0.04153847,0.04153847,-0.0,1.0,7.7320657,0.27460665,0.0,0.9696958,3.5676312,1.1946278,1.9599581,0.0,0.0,0.0,0.3348518,0.1383698,0.5493724,0.0,3.5676312,0.0,3.5317814,3.5318542,0.9696958,-7.2668525e-05,13.9,21.120388,20.0,20.0,2.0
resstock-amy2018-2021-release-1-230010,0.0,0.61957526,1.8309358,0.0,0.8321539,1.8514922,0.0,0.0,0.0,0.0,0.0,0.0,0.0,0.0,0.006770512,0.006770512,0.0,0.9959134,3.4993975162506104,3.4850968305761114,-0.0,0.006770512,0.0,-0.0,0.0,-0.0,0.04153847,0.04153847,-0.0,1.0,7.7320657,0.61957526,0.0,1.2877319,3.9781487,1.2921185,2.2586734,0.0,0.0,0.0,0.32480398,0.1383698,0.56777,0.0,3.9781487,0.0,3.9548175,3.9548175,1.2877319,-0.0,12.866667,21.513947,20.0,20.0,2.0
resstock-amy2018-2021-release-1-230010,0.0,0.6702962,0.0,0.0,0.6713456,0.0,0.0,0.0,0.0,0.0,0.0,0.0,0.0,0.0,0.03196788,0.03196788,0.0,0.9990665,3.499396562576294,3.4961297780893403,-0.0,0.03196788,0.0,-0.0,0.0,-0.0,0.04153847,0.04153847,-0.0,1.0,7.7320657,0.6702962,0.0,0.604688,1.3080015,0.41532248,0.7369768,0.0,0.0,0.0,0.31752446,0.1383698,0.5634373,0.0,1.3080015,0.0,1.2596711,1.2596711,0.604688,-0.0,13.3,21.797382,20.0,20.0,2.0
resstock-amy2018-2021-release-1-230010,0.0,0.39005277,0.1918468,0.0,0.6808708,0.1940007,0.0,0.0,0.0,0.0,0.0,0.0,0.0,0.0,0.020988941,0.020988941,0.0,0.99932826,3.4993958473205566,3.4970451479435383,-0.0,0.020988941,0.0,-0.0,0.0,-0.0,0.04153847,0.04153847,-0.0,1.0,7.7320657,0.39005277,0.0,0.53082556,1.426686,0.44852573,0.828648,0.0,0.0,0.0,0.3143829,0.1383698,0.58082014,0.0,1.426686,0.0,1.3893346,1.3893346,0.53082556,-0.0,13.3,21.73309,20.0,20.0,2.0
resstock-amy2018-2021-release-1-230010,0.0,0.44633517,0.0,0.0,0.45249194,0.0,0.0,0.0,0.0,0.0,0.0,0.0,0.0,0.0,0.020076752,0.020076752,0.0,0.99931663,3.4993953704833984,3.4970039982841854,-0.0,0.020076752,0.0,-0.0,0.0,-0.0,0.04153847,0.04153847,-0.0,1.0,7.7320657,0.44633517,0.0,0.18133548,0.6539042,0.2041433,0.38709593,0.0,0.0,0.0,0.31219146,0.1383698,0.5919765,0.0,0.6539042,0.0,0.6172364,0.6172364,0.18133548,-0.0,12.8,21.760902,20.0,20.0,2.0
resstock-amy2018-2021-release-1-230010,0.0,0.5429196,0.19184631,0.0,0.9138688,0.19400021,0.0,0.0,0.0,0.0,0.0,0.0,0.0,0.0,0.020116806,0.020116806,0.0,0.9993455,3.4993948936462402,3.4971044745846314,-0.0,0.020116806,0.0,-0.0,0.0,-0.0,0.04153847,0.04153847,-0.0,1.0,7.7320657,0.5429196,0.0,0.1787773,1.3067632,0.37161928,0.7790801,0.0,0.0,0.0,0.2843815,0.1383698,0.59619075,0.0,1.3067632,0.0,1.2701011,1.2701011,0.1787773,-0.0,12.9,21.858448,20.0,20.0,2.0
resstock-amy2018-2021-release-1-230010,0.0,0.5796541,0.0,0.0,0.71151066,0.0,0.0,0.0,0.0,0.0,0.0,0.0,0.0,0.0,0.020015717,0.020015717,0.0,0.9993556,3.499394416809082,3.4971394566869662,-0.0,0.020015717,0.0,-0.0,0.0,-0.0,0.04153847,0.04153847,-0.0,1.0,7.7320657,0.5796541,0.0,0.17528197,0.9068084,0.22051822,0.54152316,0.0,0.0,0.0,0.24318062,0.1383698,0.5971749,0.0,0.9068084,0.0,0.8699274,0.8699274,0.17528197,-0.0,12.2,21.851566,20.555555,20.555555,2.0
resstock-amy2018-2021-release-1-230010,0.0,0.6564617,0.0,0.0,0.8939799,0.0,0.0,0.0,0.0,0.0,0.0,0.0,0.0,0.0,0.019980192,0.019980192,0.0,0.99935555,3.499393939971924,3.4971387715769424,-0.0,0.019980192,0.0,-0.0,0.0,-0.0,0.04153847,0.04153847,-0.0,1.0,7.7320657,0.6564617,0.0,0.17371795,1.0876781,0.27193236,0.62341493,0.0,0.0,0.0,0.2500118,0.1383698,0.57316124,0.0,1.0876781,0.0,1.0503299,1.0503299,0.17371795,-0.0,11.1,21.735928,20.555555,20.555555,2.0
resstock-amy2018-2021-release-1-230010,0.0,0.3569591,0.0,0.0,0.93694144,0.0,0.0,0.0,0.0,0.0,0.0,0.0,0.0,0.0,0.019979715,0.019979715,0.0,0.99940026,3.4993934631347656,3.4972947301253043,-0.0,0.019979715,0.0,-0.0,0.0,-0.0,0.04153847,0.04153847,-0.0,1.0,7.7320657,0.3569591,0.0,0.17255284,1.129474,0.26106095,0.66897273,0.0,0.0,0.0,0.23113498,0.1383698,0.59228694,0.0,1.129474,0.0,1.0916237,1.0916237,0.17255284,-0.0,10.0,21.147594,20.0,20.0,2.0
resstock-amy2018-2021-release-1-230010,0.0,0.30532873,0.0,0.0,0.96807,0.0,0.0,0.0,0.0,0.0,0.0,0.0,0.0,0.0,0.019823551,0.019823551,0.0,0.9993996,3.4993929862976074,3.4972919591932907,-0.0,0.019823551,0.0,-0.0,0.0,-0.0,0.04153847,0.04153847,-0.0,1.0,7.7320657,0.30532873,0.0,0.1715587,1.1594522,0.27451575,0.6829489,0.0,0.0,0.0,0.23676333,0.1383698,0.5890272,0.0,1.1594522,0.0,1.121694,1.121694,0.1715587,-0.0,9.86,20.764832,19.444445,19.444445,2.0
resstock-amy2018-2021-release-1-230010,0.0,0.3276719,0.0,0.0,0.44818044,0.0,0.0,0.0,0.0,0.0,0.0,0.0,0.0,0.0,0.019825459,0.019825459,0.0,0.99936813,3.499392509460449,3.4971813523773676,-0.0,0.019825459,0.0,-0.0,0.0,-0.0,0.04153847,0.04153847,-0.0,1.0,7.7320657,0.3276719,0.0,0.17625715,0.644263,0.1435927,0.3787634,0.0,0.0,0.0,0.22287901,0.1383698,0.58790183,0.0,0.644263,0.0,0.6064389,0.6064389,0.17625715,-0.0,9.72,20.522793,19.444445,19.444445,2.0
resstock-amy2018-2021-release-1-230010,0.0,0.36082563,0.0,0.0,0.0,0.0,0.0,0.0,0.0,0.0,0.0,0.0,0.0,0.0,0.019934654,0.019934654,0.0,0.9993338,3.499392032623291,3.497060733750544,-0.0,0.019934654,0.0,-0.0,0.0,-0.0,0.0,0.0,0.3608257,0.94670784,7.7320657,0.0,0.0,0.19809042,0.21802507,0.048637867,0.1280982,0.0,0.0,0.0,0.22308382,0.1383698,0.5875389,0.0,0.21802507,0.0,0.3549926,0.3549926,0.19809042,-0.0,9.58,20.389458,19.444445,19.444445,2.0
resstock-amy2018-2021-release-1-230010,0.0,0.43018556,0.0,0.0,0.0,0.0,0.0,0.0,0.0,0.0,0.0,0.0,0.0,0.0,0.020053625,0.020053625,0.0,0.99934715,3.499391555786133,3.4971069791489526,-0.0,0.020053625,0.0,-0.0,0.0,-0.0,0.0,0.0,0.43018568,0.88445187,7.7320657,0.0,0.0,0.25351024,0.27356386,0.07017085,0.16167612,0.0,0.0,0.0,0.2565063,0.1383698,0.59099954,0.0,0.27356386,0.0,0.44123572,0.44123572,0.25351024,-0.0,9.44,20.395851,19.444445,19.444445,2.0
resstock-amy2018-2021-release-1-230010,0.0,0.50234115,0.0,0.0,0.10107431,0.0,0.0,0.0,0.0,0.0,0.0,0.0,0.0,0.0,0.020006657,0.020006657,0.0,0.9993745,3.4993910789489746,3.497202240825743,-0.0,0.020006657,0.0,-0.0,0.0,-0.0,0.0,0.0,0.26405367,0.84465647,7.7320657,0.23828748,0.0,0.44679707,0.567878,0.16513242,0.3369111,0.0,0.0,0.0,0.29078853,0.1383698,0.5932808,0.0,0.567878,0.0,0.6598749,0.6598749,0.44679707,-0.0,10.55,20.565065,20.0,20.0,2.0
resstock-amy2018-2021-release-1-230010,0.0,0.48772553,0.0,0.0,0.065025076,0.0,0.0,0.0,0.0,0.0,0.0,0.0,0.0,0.0,0.01991105,0.01991105,0.0,0.9994005,3.4993906021118164,3.4972927051379656,-0.0,0.01991105,0.0,-0.0,0.0,-0.0,0.0,0.0,0.32971233,0.79631996,7.7320657,0.1580132,0.0,0.40985033,0.49478644,0.1610309,0.29130885,0.0,0.0,0.0,0.32545537,0.1383698,0.58875674,0.0,0.49478644,0.0,0.61055756,0.61055756,0.40985033,-0.0,11.7,20.672443,20.0,20.0,2.0
resstock-amy2018-2021-release-1-230010,0.0,0.52608055,0.0,0.0,0.0,0.0,0.0,0.0,0.0,0.0,0.0,0.0,0.0,0.0,0.019820213,0.019820213,0.0,0.99938405,3.499390125274658,3.497234660532797,-0.0,0.019820213,0.0,-0.0,0.0,-0.0,0.0,0.0,0.5260806,0.7220708,7.7320657,0.0,0.0,0.67009085,0.67623436,0.25688142,0.39990506,0.0,0.0,0.0,0.37987038,0.1383698,0.5913705,0.0,0.67623436,0.0,0.87058985,0.88426656,0.67009085,-0.013676716,12.1,20.910038,20.0,20.0,2.0
resstock-amy2018-2021-release-1-230010,0.0,0.48040587,0.19195151,0.0,0.1986938,0.1941066,0.0,0.0,0.0,0.0,0.0,0.0,0.0,0.0,0.019876719,0.019876719,0.0,0.9993658,3.4993896484375,3.4971703585470095,-0.0,0.019876719,0.0,-0.0,0.0,-0.0,0.032602455,0.032602455,-0.0,0.7223983,7.7320657,0.48040587,0.0,0.85219574,1.2299545,0.44240996,0.7372086,0.0,0.0,0.0,0.3596962,0.1383698,0.59937876,0.0,1.2299545,0.0,1.1974505,1.2323688,0.85219574,-0.034918252,13.9,21.130033,20.0,20.0,2.0
resstock-amy2018-2021-release-1-230010,0.0,0.42269522,0.5758524,0.0,0.23808552,0.5823176,0.0,0.0,0.0,0.0,0.0,0.0,0.0,0.0,0.0199399,0.0199399,0.0,0.99933547,3.499389171600342,3.4970637148693697,-0.0,0.0199399,0.0,-0.0,0.0,-0.0,0.1733921,0.1733921,-0.0,0.74039805,7.7320657,0.42269522,0.0,0.88575613,1.6634943,0.57280624,0.9984422,0.0,0.0,0.0,0.34433916,0.1383698,0.60020775,0.0,1.6634943,0.0,1.5742992,1.636904,0.88575613,-0.062604815,12.8,21.154373,20.0,20.0,2.0
resstock-amy2018-2021-release-1-230010,0.0,0.32174575,0.0,0.0,0.50683576,0.0,0.0,0.0,0.0,0.0,0.0,0.0,0.0,0.0,0.020045042,0.020045042,0.0,0.99932706,3.4993886947631836,3.4970338285944536,-0.0,0.020045042,0.0,-0.0,0.0,-0.0,0.98685545,0.98685545,-0.0,0.8604217,7.7320657,0.32174575,0.0,0.85131556,1.3017472,0.42250767,0.7870314,0.0,0.0,0.0,0.32456967,0.1383698,0.6045962,0.0,1.3017472,0.0,0.899482,0.97593117,0.85131556,-0.07644913,13.9,21.085583,20.0,20.0,2.0
resstock-amy2018-2021-release-1-230010,0.0,0.31220207,0.0,0.0,0.0,0.0,0.0,0.0,0.0,0.0,0.0,0.0,0.0,0.0,0.02007389,0.02007389,0.0,0.9993373,3.4993882179260254,3.497069227802342,-0.0,0.02007389,0.0,-0.0,0.0,-0.0,0.0,0.0,0.31220224,0.8143362,7.7320657,0.0,0.0,0.8474973,0.7748777,0.2370269,0.47252125,0.0,0.0,0.0,0.30588943,0.1383698,0.60980105,0.0,0.7748777,0.0,0.8719447,0.9646382,0.8474973,-0.09269347,15.0,21.086523,20.0,20.0,2.0
resstock-amy2018-2021-release-1-230010,0.33540338,0.31036383,0.0,0.0,0.20123954,0.0,0.0,0.0,0.0,0.0,0.0,0.0,0.0,0.0,0.020037651,0.020037651,0.0,0.99936783,3.499387741088867,3.497175544119955,-0.0,0.020037651,0.0,-0.0,0.0,-0.0,0.20921722,0.20921722,-0.0,0.8363538,7.7320657,0.31036383,0.0,0.6752373,0.777973,0.22987016,0.47676212,0.0,0.0,0.0,0.2954732,0.1383698,0.61282605,0.0,0.777973,0.0,0.6769032,0.79544467,0.6752373,-0.11854149,13.9,21.076,19.11111,19.11111,2.0
resstock-amy2018-2021-release-1-230010,0.0,0.23407964,0.0,0.0,0.25419527,0.0,0.0,0.0,0.0,0.0,0.0,0.0,0.0,0.0,0.01993084,0.01993084,0.0,0.99936247,3.499387264251709,3.4971562954081037,-0.0,0.01993084,0.0,-0.0,0.0,-0.0,0.43168423,0.43168423,-0.0,0.8861839,7.7320657,0.23407964,0.0,0.5891643,0.7525194,0.2266476,0.45895308,0.0,0.0,0.0,0.30118504,0.1383698,0.6098887,0.0,0.7525194,0.0,0.56776726,0.67853826,0.5891643,-0.110771015,14.4,21.092112,20.035353,20.035353,2.0
resstock-amy2018-2021-release-1-230010,0.0,0.3171685,0.0,0.0,0.0,0.0,0.0,0.0,0.0,0.0,0.0,0.0,0.0,0.0,-0.04592899,0.0,-0.04592899,0.97973514,3.4993858337402344,3.428471255848308,0.04592899,0.0,0.0,-0.0,0.0,-0.0,0.0,0.0,0.3171685,0.8393023,7.7320657,0.0,0.0,0.5077328,0.36240083,0.109713145,0.21906967,0.0,0.0,0.0,0.30273977,0.1383698,0.6044955,0.0,0.36240083,0.0,0.53117275,0.6305757,0.5077328,-0.09940299,13.9,21.235744,20.0,20.0,2.0
resstock-amy2018-2021-release-1-230010,0.0,0.350976,0.0,0.0,0.0,0.0,0.0,0.0,0.0,0.0,0.0,0.0,0.0,0.0,-0.10983215,0.0,-0.10983215,0.9403487,3.499382734298706,3.2906399517667495,0.10983215,0.0,0.0,-0.0,0.0,-0.0,0.0,0.0,0.35097605,0.78816056,7.7320657,0.0,0.0,0.37312385,0.2109595,0.065921366,0.12782039,0.0,0.0,0.0,0.31248352,0.1383698,0.6059001,0.0,0.2109595,0.0,0.4590456,0.5113778,0.37312385,-0.05233223,13.3,21.30901,20.0,20.0,2.0
resstock-amy2018-2021-release-1-230010,0.0,0.34744087,0.0,0.0,0.023357369,0.0,0.0,0.0,0.0,0.0,0.0,0.0,0.0,0.0,-0.059949733,0.0,-0.059949733,0.9166571,3.4993810653686523,3.2077324648365675,0.059949733,0.0,0.0,-0.0,0.0,-0.0,0.0,0.0,0.28896177,0.7455484,7.7320657,0.0584791,0.0,0.61548764,0.5765746,0.1841655,0.3543661,0.0,0.0,0.0,0.3194131,0.1383698,0.6146058,0.0,0.5765746,0.0,0.7519397,0.75426036,0.61548764,-0.002320648,12.8,21.290627,20.0,20.0,2.0
resstock-amy2018-2021-release-1-230010,0.0,0.35264015,0.0,0.0,8.584908e-08,0.0,0.0,0.0,0.0,0.0,0.0,0.0,0.0,0.0,0.017175628,0.017175628,0.0,0.91631895,3.499380588531494,3.2065487571620963,-0.0,0.017175628,0.0,-0.0,0.0,-0.0,0.0,0.0,0.35263994,0.69467384,7.7320657,2.0861626e-07,0.0,0.62622243,0.6433981,0.21669607,0.3915536,0.0,0.0,0.0,0.33679935,0.1383698,0.6085713,0.0,0.6433981,0.0,0.7713397,0.7713397,0.62622243,-0.0,11.7,21.235569,20.0,20.0,2.0
resstock-amy2018-2021-release-1-230010,0.0,0.38112885,0.0,0.0,0.23746037,0.0,0.0,0.0,0.0,0.0,0.0,0.0,0.0,0.0,0.07426545,0.07426545,0.0,0.9309067,3.4993784427642822,3.2575948837278332,-0.0,0.07426545,0.0,-0.0,0.0,-0.0,0.19590801,0.19590801,-0.0,0.71564466,7.7320657,0.38112885,0.0,0.604688,0.9164138,0.29313537,0.54626876,0.0,0.0,0.0,0.3198723,0.1383698,0.596094,0.0,0.9164138,0.0,0.7615289,0.7615289,0.604688,-0.0,11.7,21.24992,20.0,20.0,2.0
resstock-amy2018-2021-release-1-230010,0.0,0.40783286,0.0,0.0,0.25828254,0.0,0.0,0.0,0.0,0.0,0.0,0.0,0.0,0.0,0.06168707,0.06168707,0.0,0.9421192,3.4993767738342285,3.296829980721583,-0.0,0.06168707,0.0,-0.0,0.0,-0.0,0.22232993,0.22232993,-0.0,0.73982304,7.7320657,0.40783286,0.0,0.53082556,0.85079515,0.25641868,0.4956462,0.0,0.0,0.0,0.3013871,0.1383698,0.5825682,0.0,0.85079515,0.0,0.69798255,0.69798255,0.53082556,-0.0,11.85,21.285345,20.0,20.0,2.0
resstock-amy2018-2021-release-1-230010,0.0,0.43917152,0.0,0.0,0.36766893,0.0,0.0,0.0,0.0,0.0,0.0,0.0,0.0,0.0,0.047841497,0.047841497,0.0,0.9496487,3.499375343322754,3.3231771696717374,-0.0,0.047841497,0.0,-0.0,0.0,-0.0,0.45427677,0.45427677,-0.0,0.79299265,7.7320657,0.43917152,0.0,0.45349494,0.8690054,0.2501282,0.49424243,0.0,0.0,0.0,0.28783274,0.1383698,0.56874496,0.0,0.8690054,0.0,0.63422143,0.63422143,0.45349494,-0.0,11.7,21.306517,20.0,20.0,2.0
resstock-amy2018-2021-release-1-230010,0.0,0.4091831,0.0,0.0,0.32996547,0.0,0.0,0.0,0.0,0.0,0.0,0.0,0.0,0.0,0.0650283,0.0650283,0.0,0.9616386,3.499373435974121,3.365132674856625,-0.0,0.0650283,0.0,-0.0,0.0,-0.0,0.37998453,0.37998453,-0.0,0.8365588,7.7320657,0.4091831,0.0,0.1787773,0.5737711,0.16063645,0.31134838,0.0,0.0,0.0,0.2799661,0.1383698,0.54263514,0.0,0.5737711,0.0,0.34986433,0.34986433,0.1787773,-0.0,11.1,21.201878,19.833334,19.833334,2.0
resstock-amy2018-2021-release-1-230010,0.0,0.35552058,0.3839031,0.0,0.8024704,0.38821325,0.0,0.0,0.0,0.0,0.0,0.0,0.0,0.0,0.15127659,0.15127659,0.0,0.996465,3.4993691444396973,3.486998970159931,-0.0,0.15127659,0.0,-0.0,0.0,-0.0,1.336711,1.336711,-0.0,1.0,7.7320657,0.35552058,0.0,0.17528197,1.5172422,0.40574697,0.79808706,0.0,0.0,0.0,0.267424,0.1383698,0.52601165,0.0,1.5172422,0.0,0.8070623,0.8070623,0.17528197,-0.0,11.1,21.023558,20.0,20.0,2.0
resstock-amy2018-2021-release-1-230010,0.0,0.34695143,0.0,0.0,0.38379854,0.0,0.0,0.0,0.0,0.0,0.0,0.0,0.0,0.0,0.030019045,0.030019045,0.0,0.9991089,3.499368190765381,3.4962499407260452,-0.0,0.030019045,0.0,-0.0,0.0,-0.0,0.04153847,0.04153847,-0.0,1.0,7.7320657,0.34695143,0.0,0.17371795,0.5875355,0.1415804,0.3234468,0.0,0.0,0.0,0.24097335,0.1383698,0.5505145,0.0,0.5875355,0.0,0.54014844,0.54014844,0.17371795,-0.0,11.1,20.817558,20.0,20.0,2.0
resstock-amy2018-2021-release-1-230010,0.0,0.35321257,0.0,0.0,0.37157446,0.0,0.0,0.0,0.0,0.0,0.0,0.0,0.0,0.0,0.02081275,0.02081275,0.0,0.9993533,3.4993674755096436,3.4971043981844616,-0.0,0.02081275,0.0,-0.0,0.0,-0.0,0.04153847,0.04153847,-0.0,1.0,7.7320657,0.35321257,0.0,0.17255284,0.56494004,0.12197123,0.29310083,0.0,0.0,0.0,0.2159012,0.1383698,0.5188176,0.0,0.56494004,0.0,0.52675927,0.52675927,0.17255284,-0.0,11.1,20.632437,19.444445,19.444445,2.0
resstock-amy2018-2021-release-1-230010,0.0,0.2722013,0.0,0.0,0.0,0.0,0.0,0.0,0.0,0.0,0.0,0.0,0.0,0.0,0.019961357,0.019961357,0.0,0.9993951,3.4993669986724854,3.497250135203032,-0.0,0.019961357,0.0,-0.0,0.0,-0.0,0.0,0.0,0.27220148,0.9585164,7.7320657,0.0,0.0,0.1715587,0.19152005,0.038784064,0.09973768,0.0,0.0,0.0,0.20250656,0.1383698,0.5207689,0.0,0.19152005,0.0,0.28552085,0.28552085,0.1715587,-0.0,11.05,20.335358,19.444445,19.444445,2.0
resstock-amy2018-2021-release-1-230010,0.0,0.26535368,0.0,0.0,0.0,0.0,0.0,0.0,0.0,0.0,0.0,0.0,0.0,0.0,0.019815207,0.019815207,0.0,0.9993859,3.499366521835327,3.497217537565561,-0.0,0.019815207,0.0,-0.0,0.0,-0.0,0.0,0.0,0.2653538,0.91816163,7.7320657,0.0,0.0,0.17625715,0.19607235,0.03941148,0.102344535,0.0,0.0,0.0,0.20100479,0.1383698,0.5219733,0.0,0.19607235,0.0,0.2872648,0.2872648,0.17625715,-0.0,11.08,20.141003,19.444445,19.444445,2.0
resstock-amy2018-2021-release-1-230010,0.0,0.32588112,0.0,0.0,6.271435e-08,0.0,0.0,0.0,0.0,0.0,0.0,0.0,0.0,0.0,0.019846678,0.019846678,0.0,0.9993593,3.499366044998169,3.497124035023589,-0.0,0.019846678,0.0,-0.0,0.0,-0.0,0.0,0.0,0.32588097,0.8699524,7.7320657,1.4901161e-07,0.0,0.19809042,0.21793716,0.04429759,0.11437829,0.0,0.0,0.0,0.20325854,0.1383698,0.52482235,0.0,0.21793716,0.0,0.33524364,0.33524364,0.19809042,-0.0,10.85,20.080074,19.444445,19.444445,2.0
resstock-amy2018-2021-release-1-230010,0.0,0.37563437,0.0,0.0,7.515884e-08,0.0,0.0,0.0,0.0,0.0,0.0,0.0,0.0,0.0,0.019938707,0.019938707,0.0,0.99932665,3.4993655681610107,3.4970092575059226,-0.0,0.019938707,0.0,-0.0,0.0,-0.0,0.0,0.0,0.3756342,0.81536525,7.7320657,1.7881393e-07,0.0,0.25351024,0.27344903,0.063468695,0.14660081,0.0,0.0,0.0,0.2321043,0.1383698,0.5361175,0.0,0.27344903,0.0,0.41139638,0.41139638,0.25351024,-0.0,10.9,20.119509,18.88889,18.88889,2.0
resstock-amy2018-2021-release-1-230010,0.4044464,0.41616046,1.2723053,0.0,7.5486746e-08,1.2865897,0.0,0.0,0.0,0.0,0.0,0.0,0.0,0.0,0.020052195,0.020052195,0.0,0.9993225,3.4993650913238525,3.49699418050092,-0.0,0.020052195,0.0,-0.0,0.0,-0.0,0.0,0.0,0.4161603,0.7556629,7.7320657,1.7881393e-07,0.0,0.44679707,1.7534391,0.49040854,0.94540995,0.0,0.0,0.0,0.27968383,0.1383698,0.5391747,0.0,1.7534391,0.0,1.90907,1.90907,0.44679707,-0.0,10.733334,20.226088,19.444445,19.444445,2.0
resstock-amy2018-2021-release-1-230010,0.20538338,0.5363519,1.9407647,0.0,0.0,1.962554,0.0,0.0,0.0,0.0,0.0,0.0,0.0,0.0,-0.02161608,0.0,-0.02161608,0.9873008,3.4993643760681152,3.4549252941684756,0.02161608,0.0,0.0,-0.0,0.0,-0.0,0.0,0.0,0.5363519,0.6802572,7.7320657,0.0,0.0,0.6007284,2.5416663,0.7616951,1.3902043,0.0,0.0,0.0,0.29968336,0.1383698,0.5469657,0.0,2.5416663,0.0,2.7904916,2.7904916,0.6007284,-0.0,10.6,20.45765,20.0,20.0,2.0
resstock-amy2018-2021-release-1-230010,0.0,0.5344733,0.16455397,0.0,2.492179e-08,0.16640145,0.0,0.0,0.0,0.0,0.0,0.0,0.0,0.0,0.06192088,0.06192088,0.0,0.9982859,3.4993627071380615,3.4933644132177903,-0.0,0.06192088,0.0,-0.0,0.0,-0.0,0.0,0.0,0.53447324,0.605495,7.7320657,5.9604645e-08,0.0,0.87094486,1.096957,0.35358375,0.6115485,0.0,0.0,0.0,0.32233146,0.1383698,0.5574954,0.0,1.096957,0.0,1.2585092,1.2608194,0.87094486,-0.0023102893,11.1,20.64827,20.0,20.0,2.0
resstock-amy2018-2021-release-1-230010,0.0,0.5493107,0.0,0.0,0.6520137,0.0,0.0,0.0,0.0,0.0,0.0,0.0,0.0,0.0,-0.09117666,0.0,-0.09117666,0.96458167,3.4993600845336914,3.375418588591117,0.09117666,0.0,0.0,-0.0,0.0,-0.0,1.0351055,1.0351055,-0.0,0.7322791,7.7320657,0.5493107,0.0,0.85219574,1.4060073,0.44652614,0.8328582,0.0,0.0,0.0,0.3175845,0.1383698,0.592357,0.0,1.4060073,0.0,1.0712208,1.0782464,0.85219574,-0.0070255524,11.7,20.757357,20.0,20.0,2.0
resstock-amy2018-2021-release-1-230010,0.0,0.6110965,0.19205058,0.0,0.6968192,0.19420677,0.0,0.0,0.0,0.0,0.0,0.0,0.0,0.0,-0.02601004,0.0,-0.02601004,0.9513656,3.499359369277954,3.3291700913094076,0.02601004,0.0,0.0,-0.0,0.0,-0.0,1.1239483,1.1239483,-0.0,0.869555,7.7320657,0.6110965,0.0,0.88575613,1.710835,0.5023529,1.0502789,0.0,0.0,0.0,0.29363024,0.1383698,0.61389846,0.0,1.710835,0.0,1.2854512,1.3253883,0.88575613,-0.03993711,12.6,20.952753,20.0,20.0,2.0
resstock-amy2018-2021-release-1-230010,0.0,0.5315739,0.0,0.0,0.7227458,0.0,0.0,0.0,0.0,0.0,0.0,0.0,0.0,0.0,0.10777601,0.10777601,0.0,0.9745874,3.499356269836426,3.4104284618071574,-0.0,0.10777601,0.0,-0.0,0.0,-0.0,1.075236,1.075236,-0.0,1.0,7.7320657,0.5315739,0.0,0.85131556,1.6514671,0.46589327,1.034625,0.0,0.0,0.0,0.28210872,0.1383698,0.62648845,0.0,1.6514671,0.0,1.120142,1.1505123,0.85131556,-0.030370384,13.3,20.924168,20.0,20.0,2.0
resstock-amy2018-2021-release-1-230010,0.0,0.38156208,0.0,0.0,0.76009935,0.0,0.0,0.0,0.0,0.0,0.0,0.0,0.0,0.0,0.106176615,0.106176615,0.0,0.99748176,3.4993531703948975,3.490540971035003,-0.0,0.106176615,0.0,-0.0,0.0,-0.0,0.04153847,0.04153847,-0.0,1.0,7.7320657,0.38156208,0.0,0.8474973,1.6663378,0.4401668,1.0698428,0.0,0.0,0.0,0.2641522,0.1383698,0.6420324,0.0,1.6663378,0.0,1.5440843,1.5915197,0.8474973,-0.047435395,13.925,20.746641,20.0,20.0,2.0
resstock-amy2018-2021-release-1-230010,0.0,0.33399242,0.0,0.0,8.2788674e-08,0.0,0.0,0.0,0.0,0.0,0.0,0.0,0.0,0.0,0.026463032,0.026463032,0.0,0.99925977,3.49935245513916,3.496762129179217,-0.0,0.026463032,0.0,-0.0,0.0,-0.0,0.0,0.0,0.3339922,0.9502832,7.7320657,2.0861626e-07,0.0,0.6752373,0.6467047,0.16986103,0.42251685,0.0,0.0,0.0,0.26265627,0.1383698,0.6533382,0.0,0.6467047,0.0,0.7527853,0.80778104,0.6752373,-0.05499571,13.033334,20.58065,20.0,20.0,2.0
resstock-amy2018-2021-release-1-230010,0.0,0.3424034,0.0,0.0,2.3741345e-08,0.0,0.0,0.0,0.0,0.0,0.0,0.0,0.0,0.0,0.020272017,0.020272017,0.0,0.9993846,3.499351978302002,3.497198414255621,-0.0,0.020272017,0.0,-0.0,0.0,-0.0,0.0,0.0,0.34240335,0.899705,7.7320657,5.9604645e-08,0.0,0.5891643,0.5722144,0.15798578,0.3768747,0.0,0.0,0.0,0.27609542,0.1383698,0.65862495,0.0,0.5722144,0.0,0.68832636,0.72554827,0.5891643,-0.0372219,12.9,20.525349,20.0,20.0,2.0
resstock-amy2018-2021-release-1-230010,0.0,0.355951,0.0,0.0,0.71925664,0.0,0.0,0.0,0.0,0.0,0.0,0.0,0.0,0.0,0.019836664,0.019836664,0.0,0.9993908,3.4993515014648438,3.4972196297826486,-0.0,0.019836664,0.0,-0.0,0.0,-0.0,0.83631575,0.83631575,-0.0,1.0,7.7320657,0.355951,0.0,0.5077328,1.2033302,0.34155032,0.7915909,0.0,0.0,0.0,0.2838376,0.1383698,0.6578335,0.0,1.2033302,0.0,0.8439364,0.8874324,0.5077328,-0.043496024,12.2,20.53759,20.0,20.0,2.0
resstock-amy2018-2021-release-1-230010,0.0,0.37119812,0.0,0.0,0.568112,0.0,0.0,0.0,0.0,0.0,0.0,0.0,0.0,0.0,0.01981473,0.01981473,0.0,0.99936295,3.4993510246276855,3.4971217475085723,-0.0,0.01981473,0.0,-0.0,0.0,-0.0,0.04153847,0.04153847,-0.0,1.0,7.7320657,0.37119812,0.0,0.37312385,0.9135687,0.27665764,0.59730166,0.0,0.0,0.0,0.3028318,0.1383698,0.65381145,0.0,0.9135687,0.0,0.8768887,0.92437065,0.37312385,-0.04748196,12.2,20.65255,19.444445,19.444445,2.0
resstock-amy2018-2021-release-1-230010,0.6537207,0.33435708,1.0149027,0.0,0.3347503,1.0262972,0.0,0.0,0.0,0.0,0.0,0.0,0.0,0.0,0.01991129,0.01991129,0.0,0.9993363,3.4993505477905273,3.497028036811969,-0.0,0.01991129,0.0,-0.0,0.0,-0.0,0.04153847,0.04153847,-0.0,1.0,7.7320657,0.33435708,0.0,0.29740393,1.6783627,0.5199411,1.0888186,0.0,0.0,0.0,0.30979067,0.1383698,0.6487385,0.0,1.6783627,0.0,1.6415862,1.6415862,0.29740393,0.0,12.2,20.632824,19.444445,19.444445,2.0
resstock-amy2018-2021-release-1-230010,0.0,0.3451645,0.0,0.0,0.0,0.0,0.0,0.0,0.0,0.0,0.0,0.0,0.0,0.0,0.020003557,0.020003557,0.0,0.9993156,3.499350070953369,3.4969551838925668,-0.0,0.020003557,0.0,-0.0,0.0,-0.0,0.0,0.0,0.34516466,0.9487946,7.7320657,0.0,0.0,0.24246612,0.26246968,0.081608824,0.1679188,0.0,0.0,0.0,0.31092668,0.1383698,0.63976455,0.0,0.26246968,0.0,0.3886846,0.3886846,0.24246612,-0.0,10.6,20.57402,19.444445,19.444445,2.0
resstock-amy2018-2021-release-1-230010,0.48306414,0.41577983,0.0,0.0,0.0,0.0,0.0,0.0,0.0,0.0,0.0,0.0,0.0,0.0,0.020075083,0.020075083,0.0,0.99932534,3.499349594116211,3.4969887055125355,-0.0,0.020075083,0.0,-0.0,0.0,-0.0,0.0,0.0,0.41577983,0.8884472,7.7320657,0.0,0.0,0.604688,0.6247631,0.19113725,0.39742422,0.0,0.0,0.0,0.3059356,0.1383698,0.6361199,0.0,0.6247631,0.0,0.7808204,0.7808204,0.604688,-0.0,10.6,20.668684,18.287037,18.287037,2.0
resstock-amy2018-2021-release-1-230010,0.0,0.44624546,0.0,0.0,9.968716e-08,0.0,0.0,0.0,0.0,0.0,0.0,0.0,0.0,0.0,0.02004075,0.02004075,0.0,0.99936545,3.4993491172790527,3.49712860162839,-0.0,0.02004075,0.0,-0.0,0.0,-0.0,0.0,0.0,0.44624522,0.8243551,7.7320657,2.3841858e-07,0.0,0.53082556,0.5508664,0.1552911,0.34904775,0.0,0.0,0.0,0.28190336,0.1383698,0.6336341,0.0,0.5508664,0.0,0.71740896,0.71740896,0.53082556,-0.0,11.1,20.761011,20.0,20.0,2.0
resstock-amy2018-2021-release-1-230010,0.0,0.6390285,0.0,0.0,7.4765374e-08,0.0,0.0,0.0,0.0,0.0,0.0,0.0,0.0,0.0,-0.17671758,0.0,-0.17671758,0.9392823,3.4993441104888916,3.2868719779009723,0.17671758,0.0,0.0,-0.0,0.0,-0.0,0.0,0.0,0.6390283,0.73491025,7.7320657,1.7881393e-07,0.0,0.45349494,0.27677745,0.07574829,0.17684667,0.0,0.0,0.0,0.2736794,0.1383698,0.638949,0.0,0.27677745,0.0,0.7206844,0.7206844,0.45349494,-0.0,11.1,21.017078,20.0,20.0,2.0
resstock-amy2018-2021-release-1-230010,0.0,0.6375712,0.0,0.0,0.0,0.0,0.0,0.0,0.0,0.0,0.0,0.0,0.0,0.0,-0.24510652,0.0,-0.24510652,0.8586591,3.4993369579315186,3.0047374830423763,0.24510652,0.0,0.0,-0.0,0.0,-0.0,0.0,0.0,0.63757133,0.646126,7.7320657,0.0,0.0,0.1787773,-0.06632921,-0.018137712,0.0,0.0,0.0,0.0,0.27344984,0.1383698,0.643688,0.0,0.0,-0.06632921,0.44535753,0.44535753,0.1787773,-0.0,11.1,21.087889,19.847221,19.847221,2.0
resstock-amy2018-2021-release-1-230010,0.0,0.4751433,0.0,0.0,0.0,0.0,0.0,0.0,0.0,0.0,0.0,0.0,0.0,0.0,-0.23232459,0.0,-0.23232459,0.7823408,3.4993302822113037,2.73766893854706,0.23232459,0.0,0.0,-0.0,0.0,-0.0,0.0,0.0,0.47514343,0.57944703,7.7320657,0.0,0.0,0.17528197,-0.057042614,-0.01486803,0.0,0.0,0.0,0.0,0.26064777,0.1383698,0.65113276,0.0,0.0,-0.057042614,0.3739481,0.3739481,0.17528197,-0.0,11.1,20.891745,19.444445,19.444445,2.0
resstock-amy2018-2021-release-1-230010,0.0,0.4944795,0.0,0.0,3.7382687e-08,0.0,0.0,0.0,0.0,0.0,0.0,0.0,0.0,0.0,-0.0116272755,0.0,-0.0116272755,0.7745887,3.4993300437927246,2.7105415238717683,0.0116272755,0.0,0.0,-0.0,0.0,-0.0,0.0,0.0,0.49447942,0.5105394,7.7320657,8.940697e-08,0.0,0.17371795,0.16209072,0.04546288,0.099884234,0.0,0.0,0.0,0.280478,0.1383698,0.6162243,0.0,0.16209072,0.0,0.38046885,0.38046885,0.17371795,-0.0,11.1,20.801588,19.444445,19.444445,2.0
resstock-amy2018-2021-release-1-230010,0.0,0.3884258,0.0,0.0,0.9067712,0.0,0.0,0.0,0.0,0.0,0.0,0.0,0.0,0.0,0.4089135,0.4089135,0.0,0.87985533,3.4993183612823486,3.0788939281935512,-0.0,0.4089135,0.0,-0.0,0.0,-0.0,1.7521065,1.7521065,-0.0,0.72782713,7.7320657,0.3884258,0.0,0.17255284,1.4882375,0.39759296,0.98204654,0.0,0.0,0.0,0.26715693,0.1383698,0.6598722,0.0,1.4882375,0.0,0.33709753,0.33709753,0.17255284,-0.0,10.6,20.5046,19.444445,19.444445,2.0
resstock-amy2018-2021-release-1-230010,0.0,0.34956497,0.0,0.0,0.80327576,0.0,0.0,0.0,0.0,0.0,0.0,0.0,0.0,0.0,0.39925674,0.39925674,0.0,0.981919,3.4993069171905518,3.436035915969441,-0.0,0.39925674,0.0,-0.0,0.0,-0.0,1.5175585,1.5175585,-0.0,0.91453797,7.7320657,0.34956497,0.0,0.1715587,1.3740911,0.35460824,0.91931075,0.0,0.0,0.0,0.2580675,0.1383698,0.66903186,0.0,1.3740911,0.0,0.3219489,0.3219489,0.1715587,-0.0,10.0,20.188232,19.444445,19.444445,2.0
resstock-amy2018-2021-release-1-230010,0.0,0.44808775,0.0,0.0,0.8423287,0.0,0.0,0.0,0.0,0.0,0.0,0.0,0.0,0.0,0.08060098,0.08060098,0.0,0.9980878,3.4993045330047607,3.492613244728844,-0.0,0.08060098,0.0,-0.0,0.0,-0.0,0.7187735,0.7187735,-0.0,1.0,7.7320657,0.44808775,0.0,0.17625715,1.0991869,0.2799914,0.7448261,0.0,0.0,0.0,0.2547259,0.1383698,0.6776155,0.0,1.0991869,0.0,0.70065534,0.70065534,0.17625715,-0.0,8.9,20.012,18.88889,18.88889,2.0
resstock-amy2018-2021-release-1-230010,0.0,0.43485683,0.0,0.0,0.7288155,0.0,0.0,0.0,0.0,0.0,0.0,0.0,0.0,0.0,0.02430439,0.02430439,0.0,0.9992661,3.4993038177490234,3.4967356367166076,-0.0,0.02430439,0.0,-0.0,0.0,-0.0,0.04153847,0.04153847,-0.0,1.0,7.7320657,0.43485683,0.0,0.19809042,0.9512103,0.24965377,0.64503896,0.0,0.0,0.0,0.26245907,0.1383698,0.6781244,0.0,0.9512103,0.0,0.90775555,0.90775555,0.19809042,-0.0,7.2,19.740181,18.88889,18.88889,2.0
resstock-amy2018-2021-release-1-230010,0.0,0.6893671,0.0,0.0,0.8082652,0.0,0.0,0.0,0.0,0.0,0.0,0.0,0.0,0.0,-0.122642405,0.0,-0.122642405,0.95581776,3.499300241470337,3.3446933149998728,0.122642405,0.0,0.0,-0.0,0.0,-0.0,0.04153847,0.04153847,-0.0,1.0,7.7320657,0.6893671,0.0,0.25351024,0.93913305,0.25180268,0.63272446,0.0,0.0,0.0,0.2681225,0.1383698,0.6737325,0.0,0.93913305,0.0,1.0426251,1.0426251,0.25351024,-0.0,7.2,19.940308,18.88889,18.88889,2.0
resstock-amy2018-2021-release-1-230010,0.0,0.86739534,0.5959938,0.0,0.9392161,0.60268515,0.0,0.0,0.0,0.0,0.0,0.0,0.0,0.0,-0.077723585,0.0,-0.077723585,0.92651343,3.499298095703125,3.2421466933374177,0.077723585,0.0,0.0,-0.0,0.0,-0.0,0.04153847,0.04153847,-0.0,1.0,7.7320657,0.86739534,0.0,0.44679707,1.9109747,0.56621015,1.2722654,0.0,0.0,0.0,0.29629388,0.1383698,0.6657678,0.0,1.9109747,0.0,1.9698222,1.9698222,0.44679707,-0.0,7.8,20.266804,19.444445,19.444445,2.0
resstock-amy2018-2021-release-1-230010,0.0,0.7364854,0.0,0.0,1.0224683,0.0,0.0,0.0,0.0,0.0,0.0,0.0,0.0,0.0,0.06882661,0.06882661,0.0,0.9396206,3.499296188354492,3.288010833250837,-0.0,0.06882661,0.0,-0.0,0.0,-0.0,0.04153847,0.04153847,-0.0,1.0,7.7320657,0.7364854,0.0,0.6007284,1.6920233,0.5402941,1.1076285,0.0,0.0,0.0,0.31931838,0.1383698,0.6546177,0.0,1.6920233,0.0,1.6038177,1.6038177,0.6007284,-0.0,6.7,20.304863,20.0,20.0,2.0
resstock-amy2018-2021-release-1-230010,0.0,0.5416755,0.0,0.0,0.8157426,0.0,0.0,0.0,0.0,0.0,0.0,0.0,0.0,0.0,0.21304387,0.21304387,0.0,0.9908784,3.4992899894714355,3.4673708770550036,-0.0,0.21304387,0.0,-0.0,0.0,-0.0,0.04153847,0.04153847,-0.0,1.0,7.7320657,0.5416755,0.0,0.67009085,1.686467,0.5673406,1.0839787,0.0,0.0,0.0,0.33640778,0.1383698,0.64275116,0.0,1.686467,0.0,1.4552783,1.4676886,0.67009085,-0.012410256,9.4,20.38935,20.0,20.0,2.0
resstock-amy2018-2021-release-1-230010,0.0,0.5289154,0.0,0.0,0.6616572,0.0,0.0,0.0,0.0,0.0,0.0,0.0,0.0,0.0,0.049390554,0.049390554,0.0,0.9985696,3.499288558959961,3.4942832036711025,-0.0,0.049390554,0.0,-0.0,0.0,-0.0,0.04153847,0.04153847,-0.0,1.0,7.7320657,0.5289154,0.0,0.85219574,1.536843,0.5439725,0.9812015,0.0,0.0,0.0,0.35395452,0.1383698,0.6384527,0.0,1.536843,0.0,1.4703586,1.4967592,0.85219574,-0.026400575,11.7,20.643171,20.0,20.0,2.0
resstock-amy2018-2021-release-1-230010,0.0,0.30591094,0.0,0.0,0.3012492,0.0,0.0,0.0,0.0,0.0,0.0,0.0,0.0,0.0,0.022610903,0.022610903,0.0,0.9993228,3.4992878437042236,3.496918028087606,-0.0,0.022610903,0.0,-0.0,0.0,-0.0,0.04153847,0.04153847,-0.0,1.0,7.7320657,0.30591094,0.0,0.88575613,1.1204877,0.3667633,0.71747184,0.0,0.0,0.0,0.3273247,0.1383698,0.640321,0.0,1.1204877,0.0,1.080783,1.1699116,0.88575613,-0.089128554,11.7,20.566423,20.0,20.0,2.0
resstock-amy2018-2021-release-1-230010,0.0,0.2726785,0.0,0.0,0.54560125,0.0,0.0,0.0,0.0,0.0,0.0,0.0,0.0,0.0,0.01998806,0.01998806,0.0,0.99939364,3.4992873668670654,3.497165545798353,-0.0,0.01998806,0.0,-0.0,0.0,-0.0,0.04153847,0.04153847,-0.0,1.0,7.7320657,0.2726785,0.0,0.85131556,1.2767725,0.41664675,0.8115326,0.0,0.0,0.0,0.3263281,0.1383698,0.63561255,0.0,1.2767725,0.0,1.2398735,1.3800058,0.85131556,-0.14013237,12.1,20.52525,20.0,20.0,2.0
resstock-amy2018-2021-release-1-230010,0.0,0.27130237,0.0,0.0,0.2579036,0.0,0.0,0.0,0.0,0.0,0.0,0.0,0.0,0.0,0.019740582,0.019740582,0.0,0.9994089,3.4992868900299072,3.497218464130853,-0.0,0.019740582,0.0,-0.0,0.0,-0.0,0.04153847,0.04153847,-0.0,1.0,7.7320657,0.27130237,0.0,0.8474973,1.0574577,0.30944866,0.6648121,0.0,0.0,0.0,0.29263455,0.1383698,0.62868905,0.0,1.0574577,0.0,1.021126,1.0888098,0.8474973,-0.06768377,12.8,20.409237,20.0,20.0,2.0
resstock-amy2018-2021-release-1-230010,0.0,0.2560063,0.0,0.0,0.46349177,0.0,0.0,0.0,0.0,0.0,0.0,0.0,0.0,0.0,0.019686937,0.019686937,0.0,0.9994133,3.499286413192749,3.497233422031101,-0.0,0.019686937,0.0,-0.0,0.0,-0.0,0.04153847,0.04153847,-0.0,1.0,7.7320657,0.2560063,0.0,0.6752373,1.120082,0.3229306,0.70069146,0.0,0.0,0.0,0.28830978,0.1383698,0.62557155,0.0,1.120082,0.0,1.0833013,1.1216353,0.6752373,-0.03833404,11.7,20.196865,20.0,20.0,2.0
resstock-amy2018-2021-release-1-230010,0.0,0.27538216,0.0,0.0,0.3834905,0.0,0.0,0.0,0.0,0.0,0.0,0.0,0.0,0.0,0.019671202,0.019671202,0.0,0.99941343,3.499285936355591,3.4972333626210883,-0.0,0.019671202,0.0,-0.0,0.0,-0.0,0.04153847,0.04153847,-0.0,1.0,7.7320657,0.27538216,0.0,0.5891643,0.8312686,0.2494149,0.51661646,0.0,0.0,0.0,0.3000413,0.1383698,0.6214796,0.0,0.8312686,0.0,0.79473215,0.95578957,0.5891643,-0.16105741,12.2,20.363209,20.0,20.0,2.0
resstock-amy2018-2021-release-1-230010,0.0,0.18704315,0.41190013,0.0,6.0501016e-08,0.41652462,0.0,0.0,0.0,0.0,0.0,0.0,0.0,0.0,0.019670248,0.019670248,0.0,0.99940324,3.4992854595184326,3.4971972199666084,-0.0,0.019670248,0.0,-0.0,0.0,-0.0,0.0,0.0,0.187043,0.96986324,7.7320657,1.4901161e-07,0.0,1.0733583,1.3694757,0.42386952,0.8343506,0.0,0.0,0.0,0.30951226,0.1383698,0.60924816,0.0,1.3694757,0.0,1.4257479,1.5658253,1.0733583,-0.14007752,12.2,20.523682,20.0,20.0,2.0
resstock-amy2018-2021-release-1-230010,0.51980776,0.24263856,3.848131,0.0,0.0,3.8913348,0.0,0.0,0.0,0.0,0.0,0.0,0.0,0.0,0.019705296,0.019705296,0.0,0.9994029,3.4992849826812744,3.497195491972178,-0.0,0.019705296,0.0,-0.0,0.0,-0.0,0.0,0.0,0.24263863,0.93247586,7.7320657,0.0,0.0,1.2814746,5.112215,1.6853954,3.0498965,0.0,0.0,0.0,0.32968006,0.1383698,0.59659004,0.0,5.112215,0.0,5.1923594,5.272659,1.2814746,-0.080299586,11.7,20.68032,19.444445,19.444445,2.0
resstock-amy2018-2021-release-1-230010,0.0,0.32093102,3.027428,0.0,1.0556775,3.0614176,0.0,0.0,0.0,0.0,0.0,0.0,0.0,0.0,0.01970625,0.01970625,0.0,0.99941236,3.499284505844116,3.497228178623729,-0.0,0.01970625,0.0,-0.0,0.0,-0.0,0.576626,0.576626,-0.0,1.0,7.7320657,0.32093102,0.0,0.61548764,4.746584,1.637487,2.8746583,0.0,0.0,0.0,0.3449822,0.1383698,0.60562676,0.0,4.746584,0.0,4.482608,4.488313,0.61548764,-0.0057052174,10.6,20.64487,19.444445,19.444445,2.0
resstock-amy2018-2021-release-1-230010,0.99472123,0.44230384,0.0,0.0,0.8897177,0.0,0.0,0.0,0.0,0.0,0.0,0.0,0.0,0.0,0.019672632,0.019672632,0.0,0.9993294,3.499284029006958,3.4969373676413085,-0.0,0.019672632,0.0,-0.0,0.0,-0.0,0.04153847,0.04153847,-0.0,1.0,7.7320657,0.44230384,0.0,0.62622243,1.5356128,0.5575344,0.9181112,0.0,0.0,0.0,0.36306965,0.1383698,0.59787935,0.0,1.5356128,0.0,1.4980695,1.4980695,0.62622243,-0.0,10.0,20.73988,17.777779,17.777779,2.0
resstock-amy2018-2021-release-1-230010,0.0,0.28197664,0.38428754,0.0,0.39758703,0.38860202,0.0,0.0,0.0,0.0,0.0,0.0,0.0,0.0,0.019961119,0.019961119,0.0,0.9993874,3.4992835521698,3.497139833191085,-0.0,0.019961119,0.0,-0.0,0.0,-0.0,0.04153847,0.04153847,-0.0,1.0,7.7320657,0.28197664,0.0,0.604688,1.4108381,0.49999452,0.79715157,0.0,0.0,0.0,0.3543954,0.1383698,0.56501985,0.0,1.4108381,0.0,1.372732,1.372732,0.604688,-0.0,9.4,20.58138,18.703703,18.703703,2.0
resstock-amy2018-2021-release-1-230010,0.0,0.4506045,0.0,0.0,0.0,0.0,0.0,0.0,0.0,0.0,0.0,0.0,0.0,0.0,0.019758463,0.019758463,0.0,0.99936646,3.4992830753326416,3.4970661473388844,-0.0,0.019758463,0.0,-0.0,0.0,-0.0,0.0,0.0,0.45060468,0.93474543,7.7320657,0.0,0.0,0.53082556,0.550584,0.18462914,0.3003912,0.0,0.0,0.0,0.3353333,0.1383698,0.54558647,0.0,0.550584,0.0,0.7301387,0.7301387,0.53082556,-0.0,8.9,20.6666,20.0,20.0,2.0
resstock-amy2018-2021-release-1-230010,0.0,0.5351096,0.0,0.0,0.0,0.0,0.0,0.0,0.0,0.0,0.0,0.0,0.0,0.0,0.019830942,0.019830942,0.0,0.9993843,3.4992825984954834,3.4971280342792,-0.0,0.019830942,0.0,-0.0,0.0,-0.0,0.0,0.0,0.53510964,0.85857135,7.7320657,0.0,0.0,0.45349494,0.47332588,0.14430664,0.25043303,0.0,0.0,0.0,0.304878,0.1383698,0.5290922,0.0,0.47332588,0.0,0.69371915,0.69371915,0.45349494,-0.0,8.3,20.691792,20.0,20.0,2.0
resstock-amy2018-2021-release-1-230010,0.0,0.5257085,0.0,0.0,0.0710973,0.0,0.0,0.0,0.0,0.0,0.0,0.0,0.0,0.0,0.019768476,0.019768476,0.0,0.99937373,3.499282121658325,3.497090640231832,-0.0,0.019768476,0.0,-0.0,0.0,-0.0,0.0,0.0,0.36925352,0.8048938,7.7320657,0.15645498,0.0,0.40152928,0.49239504,0.14998196,0.25448585,0.0,0.0,0.0,0.3045968,0.1383698,0.51683265,0.0,0.49239504,0.0,0.6404252,0.6404252,0.40152928,-0.0,7.8,20.588917,19.847221,19.847221,2.0
resstock-amy2018-2021-release-1-230010,0.0,0.44553113,0.0,0.0,0.2957991,0.0,0.0,0.0,0.0,0.0,0.0,0.0,0.0,0.0,0.019804716,0.019804716,0.0,0.9993806,3.499281644821167,3.4971141496388327,-0.0,0.019804716,0.0,-0.0,0.0,-0.0,0.19607651,0.19607651,-0.0,0.825311,7.7320657,0.44553113,0.0,0.17528197,0.4908858,0.14536603,0.25126347,0.0,0.0,0.0,0.29613003,0.1383698,0.5118573,0.0,0.4908858,0.0,0.38068432,0.38068432,0.17528197,-0.0,7.2,20.297197,20.555555,20.555555,2.0
resstock-amy2018-2021-release-1-230010,0.0,0.55010676,0.0,0.0,0.32666498,0.0,0.0,0.0,0.0,0.0,0.0,0.0,0.0,0.0,0.019780397,0.019780397,0.0,0.99935323,3.499281167984009,3.49701793790139,-0.0,0.019780397,0.0,-0.0,0.0,-0.0,0.15845093,0.15845093,-0.0,0.8408985,7.7320657,0.55010676,0.0,0.17371795,0.5201633,0.14927043,0.2651494,0.0,0.0,0.0,0.2869684,0.1383698,0.5097426,0.0,0.5201633,0.0,0.42733258,0.42733258,0.17371795,-0.0,7.2,20.247684,20.0,20.0,2.0
resstock-amy2018-2021-release-1-230010,0.0,0.48912522,0.0,0.0,0.0097957235,0.0,0.0,0.0,0.0,0.0,0.0,0.0,0.0,0.0,0.019875288,0.019875288,0.0,0.99939805,3.4992806911468506,3.4971743085563247,-0.0,0.019875288,0.0,-0.0,0.0,-0.0,0.0,0.0,0.4681282,0.7741387,7.7320657,0.020997018,0.0,0.17255284,0.20222385,0.056983083,0.1021423,0.0,0.0,0.0,0.2817822,0.1383698,0.5050952,0.0,0.20222385,0.0,0.40074408,0.40074408,0.17255284,-0.0,6.7,19.9625,20.0,20.0,2.0
resstock-amy2018-2021-release-1-230010,0.0,0.55120677,0.0,0.0,0.2386395,0.0,0.0,0.0,0.0,0.0,0.0,0.0,0.0,0.0,0.019718647,0.019718647,0.0,0.9993798,3.4992802143096924,3.4971100085598295,-0.0,0.019718647,0.0,-0.0,0.0,-0.0,0.0,0.0,0.046823002,0.7638631,7.7320657,0.50438374,0.0,0.1715587,0.42991686,0.119448386,0.2172529,0.0,0.0,0.0,0.27784067,0.1383698,0.505337,0.0,0.42991686,0.0,0.43235162,0.43235162,0.1715587,-0.0,6.1,19.745543,19.444445,19.444445,2.0
resstock-amy2018-2021-release-1-230010,0.0,0.5286991,0.0,0.0,1.12803185e-07,0.0,0.0,0.0,0.0,0.0,0.0,0.0,0.0,0.0,0.01978159,0.01978159,0.0,0.9993645,3.499279737472534,3.4970559286736886,-0.0,0.01978159,0.0,-0.0,0.0,-0.0,0.0,0.0,0.52869886,0.6894343,7.7320657,2.3841858e-07,0.0,0.17625715,0.19603886,0.053953826,0.10170508,0.0,0.0,0.0,0.27522007,0.1383698,0.5188006,0.0,0.19603886,0.0,0.42640102,0.42640102,0.17625715,-0.0,6.1,19.484573,18.88889,18.88889,2.0
resstock-amy2018-2021-release-1-230010,0.57888144,0.5010847,0.0,0.0,5.7844353e-08,0.0,0.0,0.0,0.0,0.0,0.0,0.0,0.0,0.0,0.019834518,0.019834518,0.0,0.999302,3.499279260635376,3.4968368673239922,-0.0,0.019834518,0.0,-0.0,0.0,-0.0,0.0,0.0,0.50108457,0.6190731,7.7320657,1.1920929e-07,0.0,0.19809042,0.217925,0.06024314,0.1178823,0.0,0.0,0.0,0.2764398,0.1383698,0.54093057,0.0,0.217925,0.0,0.44123355,0.44123355,0.19809042,-0.0,5.0,19.193466,17.222221,17.222221,2.0
resstock-amy2018-2021-release-1-230010,0.0,0.43861437,0.0,0.0,0.39105368,0.0,0.0,0.0,0.0,0.0,0.0,0.0,0.0,0.0,-0.012844812,0.0,-0.012844812,0.9900309,3.4992787837982178,3.4643940702852376,0.012844812,0.0,0.0,-0.0,0.0,-0.0,0.34768173,0.34768173,-0.0,0.65949094,7.7320657,0.43861437,0.0,0.25351024,0.6317191,0.17814194,0.34713396,0.0,0.0,0.0,0.28199548,0.1383698,0.54950684,0.0,0.6317191,0.0,0.47164917,0.47164917,0.25351024,-0.0,3.9,18.907574,17.222221,17.222221,2.0
resstock-amy2018-2021-release-1-230010,0.0,0.6594691,0.0,0.0,0.48599783,0.0,0.0,0.0,0.0,0.0,0.0,0.0,0.0,0.0,-0.21749823,0.0,-0.21749823,0.91753644,3.499272584915161,3.210710101444519,0.21749823,0.0,0.0,-0.0,0.0,-0.0,0.30493134,0.30493134,-0.0,0.69433147,7.7320657,0.6594691,0.0,0.30414134,0.57264096,0.17798036,0.31664145,0.0,0.0,0.0,0.3108062,0.1383698,0.55294937,0.0,0.57264096,0.0,0.6364727,0.6364727,0.30414134,-0.0,3.3,19.009102,18.88889,18.88889,2.0
resstock-amy2018-2021-release-1-230010,0.0,0.8961294,0.0,0.0,0.5178632,0.0,0.0,0.0,0.0,0.0,0.0,0.0,0.0,0.0,-0.1890957,0.0,-0.1890957,0.85409254,3.499267101287842,2.988697920927308,0.1890957,0.0,0.0,-0.0,0.0,-0.0,0.1204063,0.1204063,-0.0,0.70582604,7.7320657,0.8961294,0.0,0.40985033,0.7386178,0.2528278,0.41398013,0.0,0.0,0.0,0.34229854,0.1383698,0.5604795,0.0,0.7386178,0.0,0.8663738,0.8663738,0.40985033,-0.0,2.8,19.310398,20.0,20.0,2.0
resstock-amy2018-2021-release-1-230010,0.0,0.9648622,0.0,0.0,0.45747486,0.0,0.0,0.0,0.0,0.0,0.0,0.0,0.0,0.0,-0.045725927,0.0,-0.045725927,0.83528996,3.499265670776367,2.922901465162795,0.045725927,0.0,0.0,-0.0,0.0,-0.0,0.027430473,0.027430473,-0.0,0.705589,7.7320657,0.9648622,0.0,0.67009085,1.0720137,0.3976897,0.6078049,0.0,0.0,0.0,0.37097445,0.1383698,0.56697494,0.0,1.0720137,0.0,1.1050935,1.1149195,0.67009085,-0.009826104,7.2,19.93692,20.0,20.0,2.0
resstock-amy2018-2021-release-1-230010,0.0,0.5899449,0.0,0.0,0.023802653,0.0,0.0,0.0,0.0,0.0,0.0,0.0,0.0,0.0,0.275656,0.275656,0.0,0.90392977,3.499257802963257,3.1630833009781867,-0.0,0.275656,0.0,-0.0,0.0,-0.0,0.0,0.0,0.53545445,0.6305639,7.7320657,0.054490447,0.0,0.85219574,1.1268522,0.40708908,0.66100955,0.0,0.0,0.0,0.3612622,0.1383698,0.5865983,0.0,1.1268522,0.0,1.0850947,1.1098969,0.85219574,-0.024802214,9.4,20.094604,20.0,20.0,2.0
resstock-amy2018-2021-release-1-230010,0.0,0.4987815,0.0,0.0,0.499447,0.0,0.0,0.0,0.0,0.0,0.0,0.0,0.0,0.0,0.29450363,0.29450363,0.0,0.9773062,3.499249219894409,3.4198379129926337,-0.0,0.29450363,0.0,-0.0,0.0,-0.0,0.68021744,0.68021744,-0.0,0.7126667,7.7320657,0.4987815,0.0,1.0848314,1.7874829,0.5901997,1.0755621,0.0,0.0,0.0,0.33018482,0.1383698,0.60171884,0.0,1.7874829,0.0,1.2048259,1.296125,1.0848314,-0.0912992,10.6,20.2523,20.0,20.0,2.0
resstock-amy2018-2021-release-1-230010,0.0,0.3728302,0.0,0.0,0.06633663,0.0,0.0,0.0,0.0,0.0,0.0,0.0,0.0,0.0,0.09660363,0.09660363,0.0,0.99796236,3.49924635887146,3.4921161391720545,-0.0,0.09660363,0.0,-0.0,0.0,-0.0,0.0,0.0,0.21417503,0.680413,7.7320657,0.15865518,0.0,1.0489328,1.0568047,0.34023273,0.6510853,0.0,0.0,0.0,0.32194477,0.1383698,0.6160886,0.0,1.0568047,0.0,1.0497515,1.2048199,1.0489328,-0.15506843,11.1,20.260437,20.0,20.0,2.0
resstock-amy2018-2021-release-1-230010,0.32903153,0.3932876,0.0,0.0,0.26509494,0.0,0.0,0.0,0.0,0.0,0.0,0.0,0.0,0.0,0.024682999,0.024682999,0.0,0.99926764,3.4992456436157227,3.4966829281316336,-0.0,0.024682999,0.0,-0.0,0.0,-0.0,0.2509026,0.2509026,-0.0,0.708362,7.7320657,0.3932876,0.0,1.0448357,1.1362835,0.34916642,0.70203835,0.0,0.0,0.0,0.3072881,0.1383698,0.6178373,0.0,1.1362835,0.0,1.0083499,1.2066799,1.0448357,-0.19833006,11.7,20.415024,19.046297,19.046297,2.0
resstock-amy2018-2021-release-1-230010,0.0,0.20927152,0.0,0.0,0.0,0.0,0.0,0.0,0.0,0.0,0.0,0.0,0.0,0.0,0.020137548,0.020137548,0.0,0.99937254,3.4992451667785645,3.497049537070353,-0.0,0.020137548,0.0,-0.0,0.0,-0.0,0.0,0.0,0.20927171,0.6767841,7.7320657,0.0,0.0,0.87211484,0.68223035,0.20628461,0.4125584,0.0,0.0,0.0,0.302368,0.1383698,0.6047201,0.0,0.68223035,0.0,0.74567884,0.9557009,0.87211484,-0.21002203,12.8,20.453512,19.444445,19.444445,2.0
resstock-amy2018-2021-release-1-230010,0.0,0.19685173,0.0,0.0,0.0,0.0,0.0,0.0,0.0,0.0,0.0,0.0,0.0,0.0,0.019771814,0.019771814,0.0,0.9993388,3.4992446899414062,3.4969310092124033,-0.0,0.019771814,0.0,-0.0,0.0,-0.0,0.0,0.0,0.19685192,0.6470258,7.7320657,0.0,0.0,0.78393984,0.59723836,0.18418135,0.34940907,0.0,0.0,0.0,0.30838835,0.1383698,0.5850412,0.0,0.59723836,0.0,0.6573915,0.8638648,0.78393984,-0.20647329,12.2,20.590002,19.444445,19.444445,2.0
resstock-amy2018-2021-release-1-230010,0.0,0.17192402,0.0,0.0,0.18514256,0.0,0.0,0.0,0.0,0.0,0.0,0.0,0.0,0.0,0.019888878,0.019888878,0.0,0.99929893,3.499244213104248,3.4967909985521715,-0.0,0.019888878,0.0,-0.0,0.0,-0.0,0.2916113,0.2916113,-0.0,0.6802592,7.7320657,0.17192402,0.0,0.7191501,0.75058115,0.23994373,0.43052027,0.0,0.0,0.0,0.31967726,0.1383698,0.5735826,0.0,0.75058115,0.0,0.61421865,0.7878191,0.7191501,-0.17360042,12.8,20.786304,19.444445,19.444445,2.0
resstock-amy2018-2021-release-1-230010,1.0743845,0.13574512,1.0406966,0.0,0.0,1.0523807,0.0,0.0,0.0,0.0,0.0,0.0,0.0,0.0,0.01678969,0.01678969,0.0,0.99842715,3.49924373626709,3.493739959972345,-0.0,0.01678969,0.0,-0.0,0.0,-0.0,0.0,0.0,0.13574529,0.6586249,7.7320657,0.0,0.0,0.37312385,1.3687193,0.45343032,0.77199155,0.0,0.0,0.0,0.3312807,0.1383698,0.56402475,0.0,1.3687193,0.0,1.4070443,1.4806191,0.37312385,-0.073574826,12.2,20.759037,19.444445,19.444445,2.0
resstock-amy2018-2021-release-1-230010,0.9981671,0.17700824,0.0,0.0,0.6899583,0.0,0.0,0.0,0.0,0.0,0.0,0.0,0.0,0.0,0.02306223,0.02306223,0.0,0.9992416,3.4992430210113525,3.4965891618609817,-0.0,0.02306223,0.0,-0.0,0.0,-0.0,1.4731426,1.4731426,-0.0,0.8401208,7.7320657,0.17700824,0.0,0.61548764,1.3214253,0.45627207,0.74490166,0.0,0.0,0.0,0.34528783,0.1383698,0.56371075,0.0,1.3214253,0.0,0.68241525,0.689498,0.61548764,-0.0070827887,11.1,20.642637,17.777779,17.777779,2.0
resstock-amy2018-2021-release-1-230010,0.4997738,0.17661816,0.0,0.0,0.35119274,0.0,0.0,0.0,0.0,0.0,0.0,0.0,0.0,0.0,0.020225763,0.020225763,0.0,0.99930775,3.4992425441741943,3.496820199316261,-0.0,0.020225763,0.0,-0.0,0.0,-0.0,0.6396895,0.6396895,-0.0,0.91604316,7.7320657,0.17661816,0.0,0.62622243,0.99764097,0.3407119,0.56830835,0.0,0.0,0.0,0.34151754,0.1383698,0.5696522,0.0,0.99764097,0.0,0.7022073,0.7022073,0.62622243,-0.0,10.0,20.51653,17.777779,17.777779,2.0
resstock-amy2018-2021-release-1-230010,0.089915425,0.19036502,0.0,0.0,0.3278932,0.0,0.0,0.0,0.0,0.0,0.0,0.0,0.0,0.0,0.019994736,0.019994736,0.0,0.9993456,3.499242067337036,3.4969521654452507,-0.0,0.019994736,0.0,-0.0,0.0,-0.0,0.55093163,0.55093163,-0.0,0.9804274,7.7320657,0.19036502,0.0,0.604688,0.9525759,0.3187274,0.5172819,0.0,0.0,0.0,0.33459526,0.1383698,0.5430348,0.0,0.9525759,0.0,0.68889105,0.68889105,0.604688,-0.0,8.9,20.400522,17.777779,17.777779,2.0
resstock-amy2018-2021-release-1-230010,0.0,0.23087105,0.0,0.0,0.40772274,0.0,0.0,0.0,0.0,0.0,0.0,0.0,0.0,0.0,0.019862652,0.019862652,0.0,0.99935883,3.499241590499878,3.496997991693675,-0.0,0.019862652,0.0,-0.0,0.0,-0.0,0.19663951,0.19663951,-0.0,1.0,7.7320657,0.23087105,0.0,0.53082556,0.958411,0.31366238,0.51000893,0.0,0.0,0.0,0.32727337,0.1383698,0.53214014,0.0,0.958411,0.0,0.85157,0.85157,0.53082556,-0.0,8.9,20.350594,17.777779,17.777779,2.0
resstock-amy2018-2021-release-1-230010,0.0,0.2892794,0.0,0.0,0.17129402,0.0,0.0,0.0,0.0,0.0,0.0,0.0,0.0,0.0,0.019815922,0.019815922,0.0,0.9993574,3.4992411136627197,3.4969925094576837,-0.0,0.019815922,0.0,-0.0,0.0,-0.0,0.04153847,0.04153847,-0.0,1.0,7.7320657,0.2892794,0.0,0.45349494,0.64460486,0.19936481,0.3481115,0.0,0.0,0.0,0.3092822,0.1383698,0.5400386,0.0,0.64460486,0.0,0.6064155,0.6064155,0.45349494,-0.0,8.9,20.331772,18.62963,18.62963,2.0
resstock-amy2018-2021-release-1-230010,0.0,0.33362114,0.0,0.0,0.1842573,0.0,0.0,0.0,0.0,0.0,0.0,0.0,0.0,0.0,0.019820452,0.019820452,0.0,0.9993456,3.4992406368255615,3.496950735869902,-0.0,0.019820452,0.0,-0.0,0.0,-0.0,0.04153847,0.04153847,-0.0,1.0,7.7320657,0.33362114,0.0,0.40152928,0.60560703,0.1857002,0.32435828,0.0,0.0,0.0,0.3066348,0.1383698,0.535592,0.0,0.60560703,0.0,0.5659049,0.5659049,0.40152928,-0.0,5.6,20.065756,19.86111,19.86111,2.0
resstock-amy2018-2021-release-1-230010,0.0,0.43409204,0.0,0.0,0.33206347,0.0,0.0,0.0,0.0,0.0,0.0,0.0,0.0,0.0,0.019861221,0.019861221,0.0,0.99932224,3.4992401599884033,3.4968684995258315,-0.0,0.019861221,0.0,-0.0,0.0,-0.0,0.04153847,0.04153847,-0.0,1.0,7.7320657,0.43409204,0.0,0.2838478,0.63577247,0.19196373,0.34069192,0.0,0.0,0.0,0.3019378,0.1383698,0.53587085,0.0,0.63577247,0.0,0.5962581,0.5962581,0.2838478,-0.0,6.1,19.979218,19.444445,19.444445,2.0
resstock-amy2018-2021-release-1-230010,0.0,0.4029982,0.0,0.0,0.62897915,0.0,0.0,0.0,0.0,0.0,0.0,0.0,0.0,0.0,0.019942045,0.019942045,0.0,0.9993276,3.499239683151245,3.4968867943963033,-0.0,0.019942045,0.0,-0.0,0.0,-0.0,0.04153847,0.04153847,-0.0,1.0,7.7320657,0.4029982,0.0,0.17371795,0.8226391,0.23497741,0.4439888,0.0,0.0,0.0,0.2856385,0.1383698,0.5397127,0.0,0.8226391,0.0,0.782267,0.782267,0.17371795,-0.0,4.4,19.653055,18.88889,18.88889,2.0
resstock-amy2018-2021-release-1-230010,0.0,0.37879622,0.0,0.0,0.0,0.0,0.0,0.0,0.0,0.0,0.0,0.0,0.0,0.0,0.019922972,0.019922972,0.0,0.9993619,3.499239206314087,3.4970062461529494,-0.0,0.019922972,0.0,-0.0,0.0,-0.0,0.0,0.0,0.3787963,0.9443134,7.7320657,0.0,0.0,0.17255284,0.19247581,0.048511557,0.10076292,0.0,0.0,0.0,0.25203976,0.1383698,0.5235095,0.0,0.19247581,0.0,0.35885814,0.35885814,0.17255284,-0.0,4.4,19.336163,18.333334,18.333334,2.0
resstock-amy2018-2021-release-1-230010,0.0,0.3870838,0.0,0.0,0.12182022,0.0,0.0,0.0,0.0,0.0,0.0,0.0,0.0,0.0,0.019803286,0.019803286,0.0,0.9993606,3.4992387294769287,3.4970013896315635,-0.0,0.019803286,0.0,-0.0,0.0,-0.0,0.0,0.0,0.14213847,0.92045027,7.7320657,0.24494533,0.0,0.1715587,0.3131822,0.07441425,0.15700135,0.0,0.0,0.0,0.23760691,0.1383698,0.50130993,0.0,0.3131822,0.0,0.36406955,0.36406955,0.1715587,-0.0,3.9,19.01433,17.222221,17.222221,2.0
resstock-amy2018-2021-release-1-230010,0.0,0.31492394,0.0,0.0,0.026098898,0.0,0.0,0.0,0.0,0.0,0.0,0.0,0.0,0.0,0.019806862,0.019806862,0.0,0.99935573,3.4992382526397705,3.4969838102893362,-0.0,0.019806862,0.0,-0.0,0.0,-0.0,0.0,0.0,0.26313403,0.88058966,7.7320657,0.05178991,0.0,0.17625715,0.2221629,0.04965608,0.1089549,0.0,0.0,0.0,0.22351201,0.1383698,0.49042797,0.0,0.2221629,0.0,0.33495927,0.33495927,0.17625715,-0.0,3.3,18.609367,17.222221,17.222221,2.0
resstock-amy2018-2021-release-1-230010,0.0,0.37957096,0.0,0.0,0.0,0.0,0.0,0.0,0.0,0.0,0.0,0.0,0.0,0.0,0.019823551,0.019823551,0.0,0.9993049,3.4992377758026123,3.496805422845995,-0.0,0.019823551,0.0,-0.0,0.0,-0.0,0.0,0.0,0.3795711,0.8254225,7.7320657,0.0,0.0,0.19809042,0.21791397,0.047924686,0.107897215,0.0,0.0,0.0,0.21992481,0.1383698,0.49513674,0.0,0.21791397,0.0,0.38937068,0.38937068,0.19809042,-0.0,3.3,18.402727,17.222221,17.222221,2.0
resstock-amy2018-2021-release-1-230010,0.0,0.36046016,0.0,0.0,5.8631308e-08,0.0,0.0,0.0,0.0,0.0,0.0,0.0,0.0,0.0,0.01999998,0.01999998,0.0,0.9992919,3.499237298965454,3.4967594779067213,-0.0,0.01999998,0.0,-0.0,0.0,-0.0,0.0,0.0,0.36046004,0.7730894,7.7320657,1.1920929e-07,0.0,0.25351024,0.27351028,0.056922816,0.1378421,0.0,0.0,0.0,0.20811948,0.1383698,0.50397414,0.0,0.27351028,0.0,0.4307972,0.4307972,0.25351024,-0.0,4.4,18.27845,17.222221,17.222221,2.0
resstock-amy2018-2021-release-1-230010,0.0,0.54392624,0.0,0.0,0.0,0.0,0.0,0.0,0.0,0.0,0.0,0.0,0.0,0.0,-0.057997484,0.0,-0.057997484,0.9758998,3.4992356300354004,3.4149034059503833,0.057997484,0.0,0.0,-0.0,0.0,-0.0,0.0,0.0,0.54392624,0.69658357,7.7320657,0.0,0.0,0.30414134,0.24614386,0.06004792,0.13000722,0.0,0.0,0.0,0.24395457,0.1383698,0.5281758,0.0,0.24614386,0.0,0.5782464,0.5782464,0.30414134,-0.0,3.3,18.344234,18.88889,18.88889,2.0
resstock-amy2018-2021-release-1-230010,0.0,0.71558017,0.0,0.0,0.049389273,0.0,0.0,0.0,0.0,0.0,0.0,0.0,0.0,0.0,-0.17526977,0.0,-0.17526977,0.9163833,3.4992306232452393,3.206636597158152,0.17526977,0.0,0.0,-0.0,0.0,-0.0,0.0,0.0,0.6175735,0.6106636,7.7320657,0.098006666,0.0,0.40985033,0.28396982,0.07676178,0.16116898,0.0,0.0,0.0,0.2703167,0.1383698,0.56755674,0.0,0.28396982,0.0,0.7704583,0.7704583,0.40985033,-0.0,3.3,18.584026,20.0,20.0,2.0
resstock-amy2018-2021-release-1-230010,0.0,0.82485664,0.0,0.0,0.20178859,0.0,0.0,0.0,0.0,0.0,0.0,0.0,0.0,0.0,-0.32098192,0.0,-0.32098192,0.8129757,3.4992213249206543,2.8447819224234934,0.32098192,0.0,0.0,-0.0,0.0,-0.0,0.0,0.0,0.38716397,0.5558922,7.7320657,0.43769267,0.0,0.67009085,0.5384059,0.15292022,0.31668362,0.0,0.0,0.0,0.28402403,0.1383698,0.5881875,0.0,0.5384059,0.0,1.0378813,1.0503728,0.67009085,-0.012491638,7.2,19.128523,20.0,20.0,2.0
resstock-amy2018-2021-release-1-230010,0.0,0.76457775,0.0,0.0,0.27248138,0.0,0.0,0.0,0.0,0.0,0.0,0.0,0.0,0.0,-0.13209677,0.0,-0.13209677,0.76758605,3.4992175102233887,2.6859505552234566,0.13209677,0.0,0.0,-0.0,0.0,-0.0,0.0,0.0,0.14855525,0.53319955,7.7320657,0.61602247,0.0,0.85219574,0.9592203,0.27970245,0.5784163,0.0,0.0,0.0,0.29159355,0.1383698,0.6030067,0.0,0.9592203,0.0,1.1570265,1.1903867,0.85219574,-0.033360124,8.9,19.504389,20.0,20.0,2.0
resstock-amy2018-2021-release-1-230010,0.0,0.5421729,0.0,0.0,0.0,0.0,0.0,0.0,0.0,0.0,0.0,0.0,0.0,0.0,0.065494366,0.065494366,0.0,0.7806523,3.499215602874756,2.7316706547698004,-0.0,0.065494366,0.0,-0.0,0.0,-0.0,0.0,0.0,0.542173,0.45817822,7.7320657,0.0,0.0,1.0848314,1.068445,0.31150013,0.6532542,0.0,0.0,0.0,0.29154533,0.1383698,0.6114065,0.0,1.068445,0.0,1.2362049,1.3180857,1.0848314,-0.0818808,10.0,19.661203,20.0,20.0,2.0
resstock-amy2018-2021-release-1-230010,0.0,0.508489,0.0,0.0,0.35281307,0.0,0.0,0.0,0.0,0.0,0.0,0.0,0.0,0.0,0.076157436,0.076157436,0.0,0.7964477,3.499213457107544,2.7869404897824523,-0.0,0.076157436,0.0,-0.0,0.0,-0.0,0.34885904,0.34885904,-0.0,0.49958292,7.7320657,0.508489,0.0,1.0489328,1.3731924,0.37431127,0.8538976,0.0,0.0,0.0,0.2725847,0.1383698,0.62183386,0.0,1.3731924,0.0,1.1534736,1.2581844,1.0489328,-0.104710855,11.7,19.881996,20.0,20.0,2.0
resstock-amy2018-2021-release-1-230010,0.0,0.38676006,0.0,0.0,0.16772935,0.0,0.0,0.0,0.0,0.0,0.0,0.0,0.0,0.0,-0.0040200455,0.0,-0.0040200455,0.7910104,3.499213457107544,2.7679141656773254,0.0040200455,0.0,0.0,-0.0,0.0,-0.0,0.026350683,0.026350683,-0.0,0.5002858,7.7320657,0.38676006,0.0,1.0448357,1.0996451,0.30252108,0.6939507,0.0,0.0,0.0,0.27510792,0.1383698,0.6310679,0.0,1.0996451,0.0,1.0929664,1.2018663,1.0448357,-0.10889984,12.2,19.935678,20.0,20.0,2.0
resstock-amy2018-2021-release-1-230010,0.0,0.29587066,0.0,0.0,0.4146488,0.0,0.0,0.0,0.0,0.0,0.0,0.0,0.0,0.0,0.044229135,0.044229135,0.0,0.7983874,3.4992122650146484,2.79372701120451,-0.0,0.044229135,0.0,-0.0,0.0,-0.0,0.74227214,0.74227214,-0.0,0.59085786,7.7320657,0.29587066,0.0,0.87211484,1.1994627,0.32878187,0.7582092,0.0,0.0,0.0,0.27410764,0.1383698,0.63212407,0.0,1.1994627,0.0,0.85875964,0.9902898,0.87211484,-0.13153018,12.8,19.986061,20.0,20.0,2.0
resstock-amy2018-2021-release-1-230010,0.0,0.4134907,0.0,0.0,2.3806928e-08,0.0,0.0,0.0,0.0,0.0,0.0,0.0,0.0,0.0,-0.115748696,0.0,-0.115748696,0.75812167,3.499208927154541,2.6528261130574435,0.115748696,0.0,0.0,-0.0,0.0,-0.0,0.0,0.0,0.41349065,0.53268194,7.7320657,5.9604645e-08,0.0,0.78393984,0.5618797,0.15696879,0.35089433,0.0,0.0,0.0,0.2793637,0.1383698,0.6245008,0.0,0.5618797,0.0,0.8427823,0.94909376,0.78393984,-0.10631142,12.8,20.24776,20.0,20.0,2.0
resstock-amy2018-2021-release-1-230010,0.0,0.35980827,0.19231552,0.0,0.21154766,0.19447468,0.0,0.0,0.0,0.0,0.0,0.0,0.0,0.0,-0.05055481,0.0,-0.05055481,0.7383147,3.4992074966430664,2.58351629185114,0.05055481,0.0,0.0,-0.0,0.0,-0.0,0.17723376,0.17723376,-0.0,0.5521532,7.7320657,0.35980827,0.0,0.7191501,1.012398,0.2874601,0.61896026,0.0,0.0,0.0,0.2839398,0.1383698,0.61138034,0.0,1.012398,0.0,0.9931382,1.0553578,0.7191501,-0.06221966,13.3,20.397274,20.0,20.0,2.0
resstock-amy2018-2021-release-1-230010,0.0,0.37967402,0.1923154,0.0,0.29959482,0.19447456,0.0,0.0,0.0,0.0,0.0,0.0,0.0,0.0,0.081528515,0.081528515,0.0,0.75574285,3.4992051124572754,2.64449923714281,-0.0,0.081528515,0.0,-0.0,0.0,-0.0,0.37041184,0.37041184,-0.0,0.5957736,7.7320657,0.37967402,0.0,0.61996514,1.1688148,0.3463851,0.7043316,0.0,0.0,0.0,0.29635584,0.1383698,0.60260326,0.0,1.1688148,0.0,0.93933856,0.96608686,0.61996514,-0.026748274,12.8,20.502506,20.0,20.0,2.0
resstock-amy2018-2021-release-1-230010,0.0,0.34774566,0.0,0.0,0.20672992,0.0,0.0,0.0,0.0,0.0,0.0,0.0,0.0,0.0,0.14314984,0.14314984,0.0,0.78934383,3.4992010593414307,2.762072779849177,-0.0,0.14314984,0.0,-0.0,0.0,-0.0,0.16142207,0.16142207,-0.0,0.6129309,7.7320657,0.34774566,0.0,0.61548764,0.9640809,0.30312714,0.5770384,0.0,0.0,0.0,0.31442085,0.1383698,0.5985373,0.0,0.9640809,0.0,0.75539124,0.75667775,0.61548764,-0.001286535,12.2,20.480257,20.0,20.0,2.0
resstock-amy2018-2021-release-1-230010,0.0,0.3504242,0.76925576,0.0,0.070158884,0.77789235,0.0,0.0,0.0,0.0,0.0,0.0,0.0,0.0,0.1255661,0.1255661,0.0,0.81811315,3.499197483062744,2.862739469085483,-0.0,0.1255661,0.0,-0.0,0.0,-0.0,0.0,0.0,0.17762564,0.5860674,7.7320657,0.17279856,0.0,0.62622243,1.5998398,0.5176219,0.9448472,0.0,0.0,0.0,0.32354608,0.1383698,0.5905886,0.0,1.5998398,0.0,1.5463924,1.5463924,0.62622243,-0.0,12.2,20.528683,20.0,20.0,2.0
resstock-amy2018-2021-release-1-230010,0.0,0.4660089,0.24717699,0.0,0.3165696,0.2499521,0.0,0.0,0.0,0.0,0.0,0.0,0.0,0.0,0.10363889,0.10363889,0.0,0.8409423,3.499194383621216,2.942620654318304,-0.0,0.10363889,0.0,-0.0,0.0,-0.0,0.30326647,0.30326647,-0.0,0.6210817,7.7320657,0.4660089,0.0,0.95889616,1.6290567,0.52723867,0.9221055,0.0,0.0,0.0,0.3236466,0.1383698,0.56603646,0.0,1.6290567,0.0,1.4006186,1.4006186,0.95889616,-0.0,11.7,20.70339,20.0,20.0,2.0
resstock-amy2018-2021-release-1-230010,0.0,0.5455309,1.071606,0.0,0.0,1.0836372,0.0,0.0,0.0,0.0,0.0,0.0,0.0,0.0,0.23105703,0.23105703,0.0,0.89754564,3.499187707901001,3.14068065572242,-0.0,0.23105703,0.0,-0.0,0.0,-0.0,0.0,0.0,0.5455309,0.5451547,7.7320657,0.0,0.0,1.1923349,2.507029,0.7719111,1.3756253,0.0,0.0,0.0,0.30789873,0.1383698,0.54870737,0.0,2.507029,0.0,2.500467,2.500467,1.1923349,-0.0,11.7,20.906364,20.0,20.0,2.0
resstock-amy2018-2021-release-1-230010,0.0,0.4889596,1.4821969,0.0,0.29157206,1.4988378,0.0,0.0,0.0,0.0,0.0,0.0,0.0,0.0,0.18498227,0.18498227,0.0,0.941526,3.4991824626922607,3.2945712524320214,-0.0,0.18498227,0.0,-0.0,0.0,-0.0,0.21957052,0.21957052,-0.0,0.56987566,7.7320657,0.4889596,0.0,0.93860185,2.913994,0.8696774,1.5851043,0.0,0.0,0.0,0.2984486,0.1383698,0.5439628,0.0,2.913994,0.0,2.638655,2.638655,0.93860185,-0.0,11.7,20.960262,20.0,20.0,2.0
resstock-amy2018-2021-release-1-230010,0.0,0.37037617,1.6692525,0.0,0.35507166,1.6879935,0.0,0.0,0.0,0.0,0.0,0.0,0.0,0.0,0.16781722,0.16781722,0.0,0.98070407,3.4991776943206787,3.431657803455721,-0.0,0.16781722,0.0,-0.0,0.0,-0.0,0.47883728,0.47883728,-0.0,0.62701464,7.7320657,0.37037617,0.0,0.40152928,2.6124117,0.77288204,1.4309611,0.0,0.0,0.0,0.29585,0.1383698,0.5477548,0.0,2.6124117,0.0,2.2443838,2.2443838,0.40152928,-0.0,11.1,20.803825,19.86111,19.86111,2.0
resstock-amy2018-2021-release-1-230010,0.0,0.40222508,1.7307638,0.0,0.077708244,1.7501954,0.0,0.0,0.0,0.0,0.0,0.0,0.0,0.0,0.08470178,0.08470178,0.0,0.9977319,3.4991753101348877,3.491238914793655,-0.0,0.08470178,0.0,-0.0,0.0,-0.0,0.0,0.0,0.21878628,0.5945932,7.7320657,0.1834388,0.0,0.2838478,2.196453,0.63652945,1.1986097,0.0,0.0,0.0,0.2897988,0.1383698,0.5457024,0.0,2.196453,0.0,2.2044334,2.2044334,0.2838478,-0.0,10.6,20.67957,20.0,20.0,2.0
resstock-amy2018-2021-release-1-230010,0.0,0.52839255,1.3589615,0.0,0.14248699,1.3742188,0.0,0.0,0.0,0.0,0.0,0.0,0.0,0.0,0.025414228,0.025414228,0.0,0.999137,3.4991745948791504,3.4961547524357286,-0.0,0.025414228,0.0,-0.0,0.0,-0.0,0.0,0.0,0.19719766,0.56521744,7.7320657,0.33119488,0.0,0.23914558,1.7812656,0.5243797,0.94656885,0.0,0.0,0.0,0.294386,0.1383698,0.5314024,0.0,1.7812656,0.0,1.8406899,1.8406899,0.23914558,-0.0,10.0,20.637402,19.444445,19.444445,2.0
resstock-amy2018-2021-release-1-230010,0.0,0.5740392,1.7308788,0.0,0.1747995,1.7503117,0.0,0.0,0.0,0.0,0.0,0.0,0.0,0.0,-0.054322585,0.0,-0.054322585,0.9768915,3.4991729259490967,3.4183123501122736,0.054322585,0.0,0.0,-0.0,0.0,-0.0,0.0,0.0,0.16773757,0.5399202,7.7320657,0.40630165,0.0,0.56934744,2.440136,0.7006289,1.3526814,0.0,0.0,0.0,0.287127,0.1383698,0.55434674,0.0,2.440136,0.0,2.5666227,2.5666227,0.56934744,-0.0,10.0,20.532965,18.88889,18.88889,2.0
resstock-amy2018-2021-release-1-230010,0.0,0.5124834,0.0,0.0,0.28010368,0.0,0.0,0.0,0.0,0.0,0.0,0.0,0.0,0.0,0.036445692,0.036445692,0.0,0.9812613,3.4991719722747803,3.4336020837927066,-0.0,0.036445692,0.0,-0.0,0.0,-0.0,0.13858587,0.13858587,-0.0,0.55450207,7.7320657,0.5124834,0.0,0.20263457,0.51918393,0.14901471,0.29162937,0.0,0.0,0.0,0.2870172,0.1383698,0.56170726,0.0,0.51918393,0.0,0.4231157,0.4231157,0.20263457,-0.0,10.0,20.307152,18.88889,18.88889,2.0
resstock-amy2018-2021-release-1-230010,0.0,0.44137004,0.0,0.0,0.73490566,0.0,0.0,0.0,0.0,0.0,0.0,0.0,0.0,0.0,-0.05220323,0.0,-0.05220323,0.9597706,3.4991705417633057,3.358401079896325,0.05220323,0.0,0.0,-0.0,0.0,-0.0,1.302514,1.302514,-0.0,0.71512115,7.7320657,0.44137004,0.0,0.20327602,0.88597846,0.24216343,0.50377804,0.0,0.0,0.0,0.2733288,0.1383698,0.56861204,0.0,0.88597846,0.0,0.38927758,0.38927758,0.20327602,-0.0,10.8,20.111158,18.88889,18.88889,2.0
resstock-amy2018-2021-release-1-230010,0.0,0.41520432,0.0,0.0,0.014751913,0.0,0.0,0.0,0.0,0.0,0.0,0.0,0.0,0.0,0.15757775,0.15757775,0.0,0.99642676,3.4991660118103027,3.4866626558755627,-0.0,0.15757775,0.0,-0.0,0.0,-0.0,0.0,0.0,0.38091516,0.66063774,7.7320657,0.03428915,0.0,0.19809042,0.3704201,0.10110187,0.2116873,0.0,0.0,0.0,0.2729384,0.1383698,0.57147896,0.0,0.3704201,0.0,0.37672004,0.37672004,0.19809042,-0.0,10.0,19.903667,18.88889,18.88889,2.0
resstock-amy2018-2021-release-1-230010,0.0,0.596099,0.19239287,0.0,0.16420677,0.1945529,0.0,0.0,0.0,0.0,0.0,0.0,0.0,0.0,-0.07146856,0.0,-0.07146856,0.9688547,3.499163866043091,3.39018144642786,0.07146856,0.0,0.0,-0.0,0.0,-0.0,0.0,0.0,0.21441895,0.62862295,7.7320657,0.38168007,0.0,0.3186101,0.60590124,0.1645606,0.34651515,0.0,0.0,0.0,0.2715964,0.1383698,0.57190037,0.0,0.60590124,0.0,0.7696173,0.7696173,0.3186101,-0.0,10.0,20.042192,18.88889,18.88889,2.0
resstock-amy2018-2021-release-1-230010,0.0,0.8596841,0.0,0.0,0.29295596,0.0,0.0,0.0,0.0,0.0,0.0,0.0,0.0,0.0,-0.38672903,0.0,-0.38672903,0.8455194,3.499152660369873,2.958601540081247,0.38672903,0.0,0.0,-0.0,0.0,-0.0,0.0,0.0,0.17874108,0.6015289,7.7320657,0.680943,0.0,0.30414134,0.21036825,0.060389575,0.119328134,0.0,0.0,0.0,0.287066,0.1383698,0.5672345,0.0,0.21036825,0.0,0.67399544,0.67399544,0.30414134,-0.0,10.0,20.363619,19.444445,19.444445,2.0
resstock-amy2018-2021-release-1-230010,0.0,0.9967489,0.93185407,0.0,0.48909593,0.9423162,0.0,0.0,0.0,0.0,0.0,0.0,0.0,0.0,-0.47213477,0.0,-0.47213477,0.69754064,3.4991390705108643,2.4407917096009157,0.47213477,0.0,0.0,-0.0,0.0,-0.0,0.14009944,0.14009944,-0.0,0.61597955,7.7320657,0.9967489,0.0,0.40985033,1.3691278,0.42730904,0.7738405,0.0,0.0,0.0,0.31210312,0.1383698,0.56520694,0.0,1.3691278,0.0,1.7809888,1.7809888,0.40985033,-0.0,10.0,20.699139,20.0,20.0,2.0
resstock-amy2018-2021-release-1-230010,0.0,0.98409843,0.0,0.0,0.53886503,0.0,0.0,0.0,0.0,0.0,0.0,0.0,0.0,0.0,-0.35184455,0.0,-0.35184455,0.58603245,3.499128818511963,2.0506030350749427,0.35184455,0.0,0.0,-0.0,0.0,-0.0,0.2684322,0.2684322,-0.0,0.64646506,7.7320657,0.98409843,0.0,0.67009085,0.8471549,0.26075935,0.48190734,0.0,0.0,0.0,0.307806,0.1383698,0.56885386,0.0,0.8471549,0.0,1.0835143,1.0934708,0.67009085,-0.009956428,10.0,20.941723,20.0,20.0,2.0
resstock-amy2018-2021-release-1-230010,0.0,0.9311464,0.0,0.0,1.4945596,0.0,0.0,0.0,0.0,0.0,0.0,0.0,0.0,0.0,-0.38257957,0.0,-0.38257957,0.4659385,3.499117851257324,1.6303737527176168,0.38257957,0.0,0.0,-0.0,0.0,-0.0,2.596925,2.596925,-0.0,0.9690979,7.7320657,0.9311464,0.0,0.85219574,1.9286675,0.6049027,1.1315116,0.0,0.0,0.0,0.3136376,0.1383698,0.5866805,0.0,1.9286675,0.0,1.2111391,1.2466475,0.85219574,-0.035508372,10.6,21.12511,20.0,20.0,2.0
resstock-amy2018-2021-release-1-230010,0.0,0.36907607,0.0,0.0,0.9399257,0.0,0.0,0.0,0.0,0.0,0.0,0.0,0.0,0.0,0.05558704,0.05558704,0.0,0.47799006,3.4991161823272705,1.6725427575930851,-0.0,0.05558704,0.0,-0.0,0.0,-0.0,0.2864187,0.2864187,-0.0,1.0,7.7320657,0.36907607,0.0,0.88575613,1.7996544,0.5651199,1.0911855,0.0,0.0,0.0,0.3140158,0.1383698,0.6063306,0.0,1.7996544,0.0,1.6277769,1.7093914,0.88575613,-0.08161455,12.2,20.86787,19.731482,19.731482,2.0
resstock-amy2018-2021-release-1-230010,0.0,0.36925566,0.0,0.0,0.34472087,0.0,0.0,0.0,0.0,0.0,0.0,0.0,0.0,0.0,-0.095236,0.0,-0.095236,0.4457536,3.4991133213043213,1.5597423743834682,0.095236,0.0,0.0,-0.0,0.0,-0.0,0.04153847,0.04153847,-0.0,1.0,7.7320657,0.36925566,0.0,0.85131556,0.95700717,0.30051538,0.58829,0.0,0.0,0.0,0.3140158,0.1383698,0.61471844,0.0,0.95700717,0.0,1.0358807,1.179674,0.85131556,-0.14379333,13.3,20.862864,19.444445,19.444445,2.0
resstock-amy2018-2021-release-1-230010,0.0,0.50122935,0.0,0.0,0.5259472,0.0,0.0,0.0,0.0,0.0,0.0,0.0,0.0,0.0,-0.025701907,0.0,-0.025701907,0.435353,3.499112606048584,1.523349208496441,0.025701907,0.0,0.0,-0.0,0.0,-0.0,0.04153847,0.04153847,-0.0,1.0,7.7320657,0.50122935,0.0,0.8474973,1.1584787,0.36563212,0.7178091,0.0,0.0,0.0,0.315614,0.1383698,0.6196135,0.0,1.1584787,0.0,1.1678181,1.357082,0.8474973,-0.18926391,13.3,21.090637,19.444445,19.444445,2.0
resstock-amy2018-2021-release-1-230010,0.0,0.36406636,0.0,0.0,0.9338388,0.0,0.0,0.0,0.0,0.0,0.0,0.0,0.0,0.0,0.12421007,0.12421007,0.0,0.46561885,3.4991090297698975,1.6292511182694511,-0.0,0.12421007,0.0,-0.0,0.0,-0.0,0.04153847,0.04153847,-0.0,1.0,7.7320657,0.36406636,0.0,0.6752373,1.5437441,0.48398787,0.95323795,0.0,0.0,0.0,0.3135156,0.1383698,0.61748445,0.0,1.5437441,0.0,1.4034457,1.5929878,0.6752373,-0.18954206,13.9,21.198557,19.444445,19.444445,2.0
resstock-amy2018-2021-release-1-230010,0.0,0.3308704,0.0,0.0,0.8808079,0.0,0.0,0.0,0.0,0.0,0.0,0.0,0.0,0.0,0.18929712,0.18929712,0.0,0.5130138,3.499103546142578,1.7950883372275257,-0.0,0.18929712,0.0,-0.0,0.0,-0.0,0.04153847,0.04153847,-0.0,1.0,7.7320657,0.3308704,0.0,0.5891643,1.4720682,0.4517106,0.9034506,0.0,0.0,0.0,0.3068544,0.1383698,0.61372876,0.0,1.4720682,0.0,1.2669113,1.4541123,0.5891643,-0.18720102,14.4,21.403282,19.444445,19.444445,2.0
resstock-amy2018-2021-release-1-230010,0.0,0.28931427,0.0,0.0,0.9983542,0.0,0.0,0.0,0.0,0.0,0.0,0.0,0.0,0.0,0.11940901,0.11940901,0.0,0.54160374,3.4991002082824707,1.8951257735419347,-0.0,0.11940901,0.0,-0.0,0.0,-0.0,0.04153847,0.04153847,-0.0,1.0,7.7320657,0.28931427,0.0,0.5077328,1.5494964,0.49622622,0.9437552,0.0,0.0,0.0,0.32025,0.1383698,0.6090722,0.0,1.5494964,0.0,1.4139991,1.4899987,0.5077328,-0.075999625,13.9,21.438982,19.444445,19.444445,2.0
resstock-amy2018-2021-release-1-230010,0.0,0.3204217,0.0,0.0,0.95595115,0.0,0.0,0.0,0.0,0.0,0.0,0.0,0.0,0.0,0.328845,0.328845,0.0,0.6261985,3.4990906715393066,2.1911252269823933,-0.0,0.328845,0.0,-0.0,0.0,-0.0,0.04153847,0.04153847,-0.0,1.0,7.7320657,0.3204217,0.0,0.37312385,1.6382965,0.53197974,0.96914405,0.0,0.0,0.0,0.3247152,0.1383698,0.59155595,0.0,1.6382965,0.0,1.2928605,1.312484,0.37312385,-0.019623486,12.8,21.402906,19.444445,19.444445,2.0
resstock-amy2018-2021-release-1-230010,0.0,0.23069456,0.0,0.0,1.1124669,0.0,0.0,0.0,0.0,0.0,0.0,0.0,0.0,0.0,0.26998165,0.26998165,0.0,0.69440234,3.4990828037261963,2.429771276523894,-0.0,0.26998165,0.0,-0.0,0.0,-0.0,0.04153847,0.04153847,-0.0,1.0,7.7320657,0.23069456,0.0,0.29740393,1.6781435,0.5900829,0.97621375,0.0,0.0,0.0,0.3516284,0.1383698,0.58172244,0.0,1.6781435,0.0,1.3902911,1.3920001,0.29740393,-0.0017089935,10.0,21.0848,19.444445,19.444445,2.0
resstock-amy2018-2021-release-1-230010,0.0,0.2859437,0.0,0.0,3.8464755e-08,0.0,0.0,0.0,0.0,0.0,0.0,0.0,0.0,0.0,0.10208515,0.10208515,0.0,0.71747035,3.499079942703247,2.510486103755838,-0.0,0.10208515,0.0,-0.0,0.0,-0.0,0.0,0.0,0.2859436,0.9566854,7.7320657,8.940697e-08,0.0,0.24246612,0.34455132,0.12995867,0.19759898,0.0,0.0,0.0,0.37718233,0.1383698,0.5734965,0.0,0.34455132,0.0,0.3654851,0.3654851,0.24246612,-0.0,10.0,20.9985,19.444445,19.444445,2.0
resstock-amy2018-2021-release-1-230010,0.0,0.48698545,0.0,0.0,0.0,0.0,0.0,0.0,0.0,0.0,0.0,0.0,0.0,0.0,0.04146154,0.04146154,0.0,0.7245096,3.4990787506103516,2.535116134862392,-0.0,0.04146154,0.0,-0.0,0.0,-0.0,0.0,0.0,0.4869856,0.8868091,7.7320657,0.0,0.0,0.2119578,0.25341934,0.09661612,0.14187716,0.0,0.0,0.0,0.38125,0.1383698,0.55985135,0.0,0.25341934,0.0,0.41825438,0.41825438,0.2119578,-0.0,10.6,21.205194,18.972221,18.972221,2.0
resstock-amy2018-2021-release-1-230010,0.0,0.60437477,0.0,0.0,0.24843195,0.0,0.0,0.0,0.0,0.0,0.0,0.0,0.0,0.0,0.24142724,0.24142724,0.0,0.7845084,3.4990718364715576,2.7450512728145355,-0.0,0.24142724,0.0,-0.0,0.0,-0.0,0.0,0.0,0.026922822,0.87859756,7.7320657,0.57745194,0.0,0.1881932,0.6780524,0.23990321,0.37360364,0.0,0.0,0.0,0.3538122,0.1383698,0.55099523,0.0,0.6780524,0.0,0.44820794,0.44820794,0.1881932,-0.0,10.0,21.373642,20.0,20.0,2.0
resstock-amy2018-2021-release-1-230010,0.0,1.0509863,0.0,0.0,0.0,0.0,0.0,0.0,0.0,0.0,0.0,0.0,0.0,0.0,0.18157382,0.18157382,0.0,0.8281725,3.4990665912628174,2.897830743704631,-0.0,0.18157382,0.0,-0.0,0.0,-0.0,0.0,0.0,1.0509865,0.7339791,7.7320657,0.0,0.0,0.18133548,0.36290932,0.122424625,0.19472814,0.0,0.0,0.0,0.3373422,0.1383698,0.5365752,0.0,0.36290932,0.0,0.64043003,0.64043003,0.18133548,-0.0,9.4,21.881542,20.0,20.0,2.0
resstock-amy2018-2021-release-1-230010,0.0,1.0454338,0.0,0.0,0.0,0.0,0.0,0.0,0.0,0.0,0.0,0.0,0.0,0.0,0.24677001,0.24677001,0.0,0.88906455,3.4990594387054443,3.1108897066947634,-0.0,0.24677001,0.0,-0.0,0.0,-0.0,0.0,0.0,1.0454339,0.59085464,7.7320657,0.0,0.0,0.1787773,0.4255473,0.13673839,0.21903792,0.0,0.0,0.0,0.3213236,0.1383698,0.5147205,0.0,0.4255473,0.0,0.6354463,0.6354463,0.1787773,-0.0,9.4,22.027308,19.875,19.875,2.0
resstock-amy2018-2021-release-1-230010,0.0,0.88653636,0.0,0.0,0.0,0.0,0.0,0.0,0.0,0.0,0.0,0.0,0.0,0.0,0.29078174,0.29078174,0.0,0.9615114,3.499051094055176,3.364377423461292,-0.0,0.29078174,0.0,-0.0,0.0,-0.0,0.0,0.0,0.8865365,0.46964848,7.7320657,0.0,0.0,0.17528197,0.4660637,0.14584531,0.22649784,0.0,0.0,0.0,0.31293,0.1383698,0.48598045,0.0,0.4660637,0.0,0.5732706,0.5732706,0.17528197,-0.0,8.3,21.851967,20.0,20.0,2.0
resstock-amy2018-2021-release-1-230010,0.0,0.9905145,0.0,0.0,5.3516064e-08,0.0,0.0,0.0,0.0,0.0,0.0,0.0,0.0,0.0,0.1513977,0.1513977,0.0,0.9963698,3.499046802520752,3.4863444897229954,-0.0,0.1513977,0.0,-0.0,0.0,-0.0,0.0,0.0,0.9905144,0.33522004,7.7320657,1.1920929e-07,0.0,0.17371795,0.3251157,0.094122946,0.15802301,0.0,0.0,0.0,0.289506,0.1383698,0.48605162,0.0,0.3251157,0.0,0.61838496,0.61838496,0.17371795,-0.0,8.3,21.808517,20.0,20.0,2.0
resstock-amy2018-2021-release-1-230010,0.0,0.39351416,0.0,0.0,0.57375145,0.0,0.0,0.0,0.0,0.0,0.0,0.0,0.0,0.0,0.030028105,0.030028105,0.0,0.99906677,3.4990458488464355,3.4957804345574743,-0.0,0.030028105,0.0,-0.0,0.0,-0.0,0.8845415,0.8845415,-0.0,0.44451255,7.7320657,0.39351416,0.0,0.17255284,0.7763324,0.22475287,0.33118632,0.0,0.0,0.0,0.289506,0.1383698,0.4266038,0.0,0.7763324,0.0,0.34921122,0.34921122,0.17255284,-0.0,8.3,21.014246,19.444445,19.444445,2.0
resstock-amy2018-2021-release-1-230010,0.0,0.5474555,0.0,0.0,0.27954713,0.0,0.0,0.0,0.0,0.0,0.0,0.0,0.0,0.0,0.020637274,0.020637274,0.0,0.99924445,3.4990453720092773,3.496401673606897,-0.0,0.020637274,0.0,-0.0,0.0,-0.0,0.06770911,0.06770911,-0.0,0.4506945,7.7320657,0.5474555,0.0,0.1715587,0.4717431,0.13737644,0.19519226,0.0,0.0,0.0,0.2912103,0.1383698,0.41376814,0.0,0.4717431,0.0,0.42033702,0.42033702,0.1715587,-0.0,7.8,20.793163,18.88889,18.88889,2.0
resstock-amy2018-2021-release-1-230010,0.0,0.36425185,0.0,0.0,0.0814949,0.0,0.0,0.0,0.0,0.0,0.0,0.0,0.0,0.0,0.0200181,0.0200181,0.0,0.99931616,3.499044895172119,3.4966520940016323,-0.0,0.0200181,0.0,-0.0,0.0,-0.0,0.0,0.0,0.18748409,0.42336333,7.7320657,0.17676777,0.0,0.17625715,0.27777016,0.076925665,0.11294597,0.0,0.0,0.0,0.27694,0.1383698,0.40661663,0.0,0.27777016,0.0,0.3441875,0.3441875,0.17625715,-0.0,7.2,20.29257,18.88889,18.88889,2.0
resstock-amy2018-2021-release-1-230010,0.7619514,0.34005773,0.0,0.0,0.04460523,0.0,0.0,0.0,0.0,0.0,0.0,0.0,0.0,0.0,0.019768,0.019768,0.0,0.9993045,3.499044418334961,3.496610739867833,-0.0,0.019768,0.0,-0.0,0.0,-0.0,0.0,0.0,0.24444695,0.38858476,7.7320657,0.09561078,0.0,0.19809042,0.26246363,0.071854144,0.10684708,0.0,0.0,0.0,0.273768,0.1383698,0.4070929,0.0,0.26246363,0.0,0.3567373,0.3567373,0.19809042,-0.0,6.7,20.030636,17.222221,17.222221,2.0
resstock-amy2018-2021-release-1-230010,1.670648,0.16227333,1.599954,0.0,0.68055093,1.6179171,0.0,0.0,0.0,0.0,0.0,0.0,0.0,0.0,0.019808054,0.019808054,0.0,0.99931824,3.4990439414978027,3.496658440553972,-0.0,0.019808054,0.0,-0.0,0.0,-0.0,1.259593,1.259593,-0.0,0.54468095,7.7320657,0.16227333,0.0,0.25351024,2.5717864,0.7479989,1.0891476,0.0,0.0,0.0,0.290848,0.1383698,0.42349845,0.0,2.5717864,0.0,1.9490967,1.9490967,0.25351024,-0.0,5.6,19.653051,17.222221,17.222221,2.0
resstock-amy2018-2021-release-1-230010,0.0,0.5810057,0.0,0.0,0.9832939,0.0,0.0,0.0,0.0,0.0,0.0,0.0,0.0,0.0,0.012651069,0.012651069,0.0,0.9973694,3.4990434646606445,3.489838911040465,-0.0,0.012651069,0.0,-0.0,0.0,-0.0,1.473378,1.473378,-0.0,0.7268006,7.7320657,0.5810057,0.0,0.44679707,1.442742,0.46186614,0.6568838,0.0,0.0,0.0,0.3201308,0.1383698,0.45530233,0.0,1.442742,0.0,0.724885,0.724885,0.44679707,-0.0,5.6,19.915565,19.444445,19.444445,2.0
resstock-amy2018-2021-release-1-230010,0.0,0.44694257,0.0,0.0,1.3193394,0.0,0.0,0.0,0.0,0.0,0.0,0.0,0.0,0.0,0.026544333,0.026544333,0.0,0.99914587,3.4990427494049072,3.496054096067013,-0.0,0.026544333,0.0,-0.0,0.0,-0.0,2.2064786,2.2064786,-0.0,1.0,7.7320657,0.44694257,0.0,0.40985033,1.7557341,0.63934284,0.8596388,0.0,0.0,0.0,0.3641456,0.1383698,0.48961788,0.0,1.7557341,0.0,0.71194124,0.71194124,0.40985033,-0.0,7.2,19.871948,20.0,20.0,2.0
resstock-amy2018-2021-release-1-230010,0.0,0.54649407,0.0,0.0,0.52088344,0.0,0.0,0.0,0.0,0.0,0.0,0.0,0.0,0.0,0.0203588,0.0203588,0.0,0.99926853,3.499042272567749,3.496482834412518,-0.0,0.0203588,0.0,-0.0,0.0,-0.0,0.04153847,0.04153847,-0.0,1.0,7.7320657,0.54649407,0.0,0.67009085,1.19761,0.47859597,0.5734781,0.0,0.0,0.0,0.3996259,0.1383698,0.47885212,0.0,1.19761,0.0,1.1591063,1.1728293,0.67009085,-0.01372304,9.4,20.197037,20.0,20.0,2.0
resstock-amy2018-2021-release-1-230010,0.0,0.33119404,0.0,0.0,6.3124226e-08,0.0,0.0,0.0,0.0,0.0,0.0,0.0,0.0,0.0,0.019931078,0.019931078,0.0,0.99933887,3.499041795730591,3.496728457713232,-0.0,0.019931078,0.0,-0.0,0.0,-0.0,0.0,0.0,0.3311939,0.9506561,7.7320657,1.4901161e-07,0.0,0.85219574,0.8360888,0.33139566,0.40171936,0.0,0.0,0.0,0.39636418,0.1383698,0.48047453,0.0,0.8360888,0.0,0.95645785,0.99249595,0.85219574,-0.036038075,10.6,20.26077,20.0,20.0,2.0
resstock-amy2018-2021-release-1-230010,0.0,0.26233426,0.0,0.0,1.2460895e-08,0.0,0.0,0.0,0.0,0.0,0.0,0.0,0.0,0.0,0.019685984,0.019685984,0.0,0.9993281,3.4990413188934326,3.4966902319915363,-0.0,0.019685984,0.0,-0.0,0.0,-0.0,0.0,0.0,0.26233423,0.91074455,7.7320657,2.9802322e-08,0.0,0.88575613,0.813677,0.30114338,0.39942694,0.0,0.0,0.0,0.37010187,0.1383698,0.49089128,0.0,0.813677,0.0,0.90367776,0.99544287,0.88575613,-0.09176508,11.1,20.339632,19.75926,19.75926,2.0
resstock-amy2018-2021-release-1-230010,0.0,0.31924897,0.0,0.0,0.0,0.0,0.0,0.0,0.0,0.0,0.0,0.0,0.0,0.0,0.019722939,0.019722939,0.0,0.99927646,3.4990408420562744,3.4965091433059143,-0.0,0.019722939,0.0,-0.0,0.0,-0.0,0.0,0.0,0.31924897,0.8634577,7.7320657,0.0,0.0,0.85131556,0.72328573,0.25505388,0.3556446,0.0,0.0,0.0,0.35263225,0.1383698,0.49170694,0.0,0.72328573,0.0,0.8370466,0.9847994,0.85131556,-0.14775278,11.1,20.431763,19.444445,19.444445,2.0
resstock-amy2018-2021-release-1-230010,0.0,0.305337,0.0,0.0,1.2460895e-08,0.0,0.0,0.0,0.0,0.0,0.0,0.0,0.0,0.0,0.01990223,0.01990223,0.0,0.99924755,3.499040365219116,3.496407515670626,-0.0,0.01990223,0.0,-0.0,0.0,-0.0,0.0,0.0,0.30533698,0.81827104,7.7320657,2.9802322e-08,0.0,0.8474973,0.66670877,0.22919069,0.32674372,0.0,0.0,0.0,0.34376433,0.1383698,0.49008462,0.0,0.66670877,0.0,0.7744735,0.97516423,0.8474973,-0.20069075,11.1,20.511967,19.444445,19.444445,2.0
resstock-amy2018-2021-release-1-230010,0.0,0.28726026,0.0,0.0,0.0,0.0,0.0,0.0,0.0,0.0,0.0,0.0,0.0,0.0,0.020002365,0.020002365,0.0,0.99921745,3.499039888381958,3.4963017168823143,-0.0,0.020002365,0.0,-0.0,0.0,-0.0,0.0,0.0,0.28726038,0.7757286,7.7320657,0.0,0.0,0.6752373,0.4799647,0.16454889,0.23735663,0.0,0.0,0.0,0.3428354,0.1383698,0.49452934,0.0,0.4799647,0.0,0.57817477,0.79344976,0.6752373,-0.21527496,11.7,20.650837,19.444445,19.444445,2.0
resstock-amy2018-2021-release-1-230010,0.0,0.2545265,0.0,0.0,0.509245,0.0,0.0,0.0,0.0,0.0,0.0,0.0,0.0,0.0,-0.035135176,0.0,-0.035135176,0.98296404,3.4990389347076416,3.4394294433496952,0.035135176,0.0,0.0,-0.0,0.0,-0.0,0.999724,0.999724,-0.0,0.8971834,7.7320657,0.2545265,0.0,0.5891643,0.86565214,0.29858494,0.43226737,0.0,0.0,0.0,0.34492484,0.1383698,0.4993546,0.0,0.86565214,0.0,0.49488395,0.69250596,0.5891643,-0.19762202,12.2,20.824123,19.444445,19.444445,2.0
resstock-amy2018-2021-release-1-230010,0.0,0.24175087,0.0,0.0,0.25466353,0.0,0.0,0.0,0.0,0.0,0.0,0.0,0.0,0.0,0.07669449,0.07669449,0.0,0.9978499,3.4990367889404297,3.4915134457297654,-0.0,0.07669449,0.0,-0.0,0.0,-0.0,0.3958419,0.3958419,-0.0,0.94219697,7.7320657,0.24175087,0.0,0.7191501,0.8749809,0.31115878,0.4370778,0.0,0.0,0.0,0.3556178,0.1383698,0.49952835,0.0,0.8749809,0.0,0.64018166,0.8157089,0.7191501,-0.17552724,12.8,21.09211,20.0,20.0,2.0
resstock-amy2018-2021-release-1-230010,0.0,0.26425743,0.0,0.0,0.07459357,0.0,0.0,0.0,0.0,0.0,0.0,0.0,0.0,0.0,0.024864912,0.024864912,0.0,0.9991497,3.4990360736846924,3.496060773812104,-0.0,0.024864912,0.0,-0.0,0.0,-0.0,0.0,0.0,0.077499904,0.92695755,7.7320657,0.18675753,0.0,0.61996514,0.61220914,0.22188838,0.30765954,0.0,0.0,0.0,0.36243886,0.1383698,0.50253993,0.0,0.61220914,0.0,0.61829877,0.7255132,0.61996514,-0.10721447,12.8,21.30365,20.0,20.0,2.0
resstock-amy2018-2021-release-1-230010,0.17553176,0.23302937,0.0,0.0,7.358493e-08,0.0,0.0,0.0,0.0,0.0,0.0,0.0,0.0,0.0,0.020338774,0.020338774,0.0,0.99922407,3.499035596847534,3.4963205787301206,-0.0,0.020338774,0.0,-0.0,0.0,-0.0,0.0,0.0,0.23302919,0.8910743,7.7320657,1.7881393e-07,0.0,0.61548764,0.6255463,0.24528272,0.31663054,0.0,0.0,0.0,0.39210963,0.1383698,0.50616646,0.0,0.6255463,0.0,0.7011029,0.7113831,0.61548764,-0.010280217,11.7,21.150013,19.444445,19.444445,2.0
resstock-amy2018-2021-release-1-230010,0.0,0.21581289,0.0,0.0,0.09391293,0.0,0.0,0.0,0.0,0.0,0.0,0.0,0.0,0.0,0.020079374,0.020079374,0.0,0.99933416,3.499035120010376,3.496705310265682,-0.0,0.020079374,0.0,-0.0,0.0,-0.0,0.015490895,0.015490895,-0.0,0.8883724,7.7320657,0.21581289,0.0,0.62622243,0.7402147,0.28949457,0.3758,0.0,0.0,0.0,0.3910954,0.1383698,0.50769055,0.0,0.7402147,0.0,0.7138458,0.7138458,0.62622243,-0.0,12.2,21.091942,19.444445,19.444445,2.0
resstock-amy2018-2021-release-1-230010,2.1150904,0.3131842,0.9977408,0.0,0.6521664,1.0089426,0.0,0.0,0.0,0.0,0.0,0.0,0.0,0.0,0.01969552,0.01969552,0.0,0.9993413,3.4990346431732178,3.4967298607920583,-0.0,0.01969552,0.0,-0.0,0.0,-0.0,0.9261195,0.9261195,-0.0,1.0,7.7320657,0.3131842,0.0,0.604688,2.2854924,0.82447284,1.1689612,0.0,0.0,0.0,0.36074188,0.1383698,0.51147014,0.0,2.2854924,0.0,1.8734746,1.8734746,0.604688,-0.0,10.6,21.076122,18.046297,18.046297,2.0
resstock-amy2018-2021-release-1-230010,1.3085167,0.6420507,3.2763622,0.0,0.64096,3.3131466,0.0,0.0,0.0,0.0,0.0,0.0,0.0,0.0,-0.020163478,0.0,-0.020163478,0.9877748,3.4990341663360596,3.4562577365227725,0.020163478,0.0,0.0,-0.0,0.0,-0.0,0.04153847,0.04153847,-0.0,1.0,7.7320657,0.6420507,0.0,0.53082556,4.4647684,1.5115473,2.322292,0.0,0.0,0.0,0.33855,0.1383698,0.5201372,0.0,4.4647684,0.0,4.466787,4.466787,0.53082556,-0.0,9.4,21.34765,20.0,20.0,2.0
resstock-amy2018-2021-release-1-230010,0.0,0.6182864,0.16536951,0.0,0.019804655,0.16722615,0.0,0.0,0.0,0.0,0.0,0.0,0.0,0.0,0.009859558,0.009859558,0.0,0.98516035,3.4990339279174805,3.4471094918867493,-0.0,0.009859558,0.0,-0.0,0.0,-0.0,0.0,0.0,0.57351226,0.9183688,7.7320657,0.044774115,0.0,0.45349494,0.6503853,0.2102775,0.34470397,0.0,0.0,0.0,0.3233122,0.1383698,0.5299996,0.0,0.6503853,0.0,0.89420384,0.89420384,0.45349494,-0.0,8.9,21.359278,20.0,20.0,2.0
resstock-amy2018-2021-release-1-230010,0.0,0.49928945,0.0,0.0,0.6510162,0.0,0.0,0.0,0.0,0.0,0.0,0.0,0.0,0.0,0.06904268,0.06904268,0.0,0.998272,3.4990320205688477,3.4929856993372255,-0.0,0.06904268,0.0,-0.0,0.0,-0.0,0.6884166,0.6884166,-0.0,1.0,7.7320657,0.49928945,0.0,0.1787773,0.89883614,0.28821415,0.49003628,0.0,0.0,0.0,0.3206526,0.1383698,0.5451898,0.0,0.89883614,0.0,0.51695865,0.51695865,0.1787773,-0.0,7.8,21.132212,20.0,20.0,2.0
resstock-amy2018-2021-release-1-230010,0.0,0.5382171,0.0,0.0,0.66863847,0.0,0.0,0.0,0.0,0.0,0.0,0.0,0.0,0.0,0.023390532,0.023390532,0.0,0.99921733,3.4990313053131104,3.496292723413106,-0.0,0.023390532,0.0,-0.0,0.0,-0.0,0.04153847,0.04153847,-0.0,1.0,7.7320657,0.5382171,0.0,0.17528197,0.867311,0.26751375,0.48158705,0.0,0.0,0.0,0.3084404,0.1383698,0.55526453,0.0,0.867311,0.0,0.8250443,0.8250443,0.17528197,-0.0,7.8,21.002481,20.0,20.0,2.0
resstock-amy2018-2021-release-1-230010,0.0,0.60074836,0.0,0.0,1.2850888,0.0,0.0,0.0,0.0,0.0,0.0,0.0,0.0,0.0,0.020098448,0.020098448,0.0,0.99926054,3.499030828475952,3.4964434518541054,-0.0,0.020098448,0.0,-0.0,0.0,-0.0,0.04153847,0.04153847,-0.0,1.0,7.7320657,0.60074836,0.0,0.17371795,1.4789052,0.44568938,0.8315396,0.0,0.0,0.0,0.3013644,0.1383698,0.562267,0.0,1.4789052,0.0,1.4394279,1.4394279,0.17371795,-0.0,6.7,20.75832,19.444445,19.444445,2.0
resstock-amy2018-2021-release-1-230010,0.0,0.39521754,0.0,0.0,9.358425e-08,0.0,0.0,0.0,0.0,0.0,0.0,0.0,0.0,0.0,0.019947529,0.019947529,0.0,0.99927396,3.499030351638794,3.4964899010233097,-0.0,0.019947529,0.0,-0.0,0.0,-0.0,0.0,0.0,0.39521733,0.9421254,7.7320657,2.0861626e-07,0.0,0.17255284,0.19250046,0.05526973,0.10954695,0.0,0.0,0.0,0.2871148,0.1383698,0.56907374,0.0,0.19250046,0.0,0.34984553,0.34984553,0.17255284,-0.0,8.33,20.37113,18.88889,18.88889,2.0
resstock-amy2018-2021-release-1-230010,0.0,0.39704126,0.0,0.0,0.0,0.0,0.0,0.0,0.0,0.0,0.0,0.0,0.0,0.0,0.019900322,0.019900322,0.0,0.9992637,3.4990298748016357,3.496453552481924,-0.0,0.019900322,0.0,-0.0,0.0,-0.0,0.0,0.0,0.39704138,0.8843096,7.7320657,0.0,0.0,0.1715587,0.19145902,0.05467173,0.11008517,0.0,0.0,0.0,0.2855532,0.1383698,0.5749803,0.0,0.19145902,0.0,0.3594112,0.3594112,0.1715587,-0.0,6.1,19.962513,18.88889,18.88889,2.0
resstock-amy2018-2021-release-1-230010,0.0,0.4322679,0.0,0.0,0.0,0.0,0.0,0.0,0.0,0.0,0.0,0.0,0.0,0.0,0.019935608,0.019935608,0.0,0.999269,3.4990293979644775,3.496471637693844,-0.0,0.019935608,0.0,-0.0,0.0,-0.0,0.0,0.0,0.43226796,0.8221015,7.7320657,0.0,0.0,0.17625715,0.19619276,0.056112032,0.11380951,0.0,0.0,0.0,0.2860046,0.1383698,0.5800903,0.0,0.19619276,0.0,0.38196546,0.38196546,0.17625715,-0.0,5.85,19.72509,18.88889,18.88889,2.0
resstock-amy2018-2021-release-1-230010,0.64957273,0.46266136,0.0,0.0,9.985043e-08,0.0,0.0,0.0,0.0,0.0,0.0,0.0,0.0,0.0,0.019916534,0.019916534,0.0,0.9992775,3.4990289211273193,3.496500776494628,-0.0,0.019916534,0.0,-0.0,0.0,-0.0,0.0,0.0,0.46266115,0.75616807,7.7320657,2.0861626e-07,0.0,0.19809042,0.21800706,0.062401555,0.12748052,0.0,0.0,0.0,0.2862364,0.1383698,0.5847541,0.0,0.21800706,0.0,0.41953498,0.41953498,0.19809042,-0.0,5.6,19.575504,17.222221,17.222221,2.0
resstock-amy2018-2021-release-1-230010,0.0,0.35456976,0.0,0.0,0.070437916,0.0,0.0,0.0,0.0,0.0,0.0,0.0,0.0,0.0,0.019886732,0.019886732,0.0,0.9993359,3.499028444290161,3.496704687182529,-0.0,0.019886732,0.0,-0.0,0.0,-0.0,0.0,0.0,0.20178531,0.72533846,7.7320657,0.15278445,0.0,0.25351024,0.34383488,0.102164,0.20059368,0.0,0.0,0.0,0.297131,0.1383698,0.5834012,0.0,0.34383488,0.0,0.41697684,0.41697684,0.25351024,-0.0,7.2,19.479738,17.222221,17.222221,2.0
resstock-amy2018-2021-release-1-230010,0.0,0.31884986,0.0,0.0,0.42476672,0.0,0.0,0.0,0.0,0.0,0.0,0.0,0.0,0.0,0.019682884,0.019682884,0.0,0.99933964,3.499027967453003,3.496717349836146,-0.0,0.019682884,0.0,-0.0,0.0,-0.0,0.61588156,0.61588156,-0.0,0.7988706,7.7320657,0.31884986,0.0,0.30414134,0.74859095,0.23390038,0.4322464,0.0,0.0,0.0,0.3124542,0.1383698,0.5774133,0.0,0.74859095,0.0,0.4490351,0.4490351,0.30414134,-0.0,7.8,19.477457,18.88889,18.88889,2.0
resstock-amy2018-2021-release-1-230010,0.0,0.45362788,0.0,0.0,0.21294424,0.0,0.0,0.0,0.0,0.0,0.0,0.0,0.0,0.0,0.019669294,0.019669294,0.0,0.9993193,3.4990274906158447,3.4966457549367647,-0.0,0.019669294,0.0,-0.0,0.0,-0.0,0.008262007,0.008262007,-0.0,0.7957421,7.7320657,0.45362788,0.0,0.40985033,0.64246386,0.22142518,0.3676604,0.0,0.0,0.0,0.34465,0.1383698,0.5722663,0.0,0.64246386,0.0,0.61898553,0.61898553,0.40985033,-0.0,7.2,19.550892,20.0,20.0,2.0
resstock-amy2018-2021-release-1-230010,0.0,0.5114058,0.0,0.0,0.09102285,0.0,0.0,0.0,0.0,0.0,0.0,0.0,0.0,0.0,0.01973939,0.01973939,0.0,0.99928385,3.4990270137786865,3.496521186258164,-0.0,0.01973939,0.0,-0.0,0.0,-0.0,0.0,0.0,0.3086486,0.7504673,7.7320657,0.20275724,0.0,0.67009085,0.77098936,0.29759517,0.44210985,0.0,0.0,0.0,0.38599128,0.1383698,0.57343185,0.0,0.77098936,0.0,0.88981014,0.8996739,0.67009085,-0.009863731,8.3,19.74213,20.0,20.0,2.0
resstock-amy2018-2021-release-1-230010,0.0,0.43980917,0.0,0.0,0.10605297,0.0,0.0,0.0,0.0,0.0,0.0,0.0,0.0,0.0,0.019862652,0.019862652,0.0,0.9993065,3.4990265369415283,3.4965999618913344,-0.0,0.019862652,0.0,-0.0,0.0,-0.0,0.0,0.0,0.19330104,0.7207979,7.7320657,0.24650814,0.0,0.85219574,0.94114554,0.35909697,0.5405806,0.0,0.0,0.0,0.38155308,0.1383698,0.57438576,0.0,0.94114554,0.0,1.0044451,1.0414109,0.85219574,-0.036965817,10.0,19.915136,20.0,20.0,2.0
resstock-amy2018-2021-release-1-230010,0.0,0.33343583,0.19253129,0.0,0.318986,0.19469288,0.0,0.0,0.0,0.0,0.0,0.0,0.0,0.0,0.019783258,0.019783258,0.0,0.9993273,3.49902606010437,3.4966722721985377,-0.0,0.019783258,0.0,-0.0,0.0,-0.0,0.45221397,0.45221397,-0.0,0.77380776,7.7320657,0.33343583,0.0,0.88575613,1.3472393,0.48183143,0.773966,0.0,0.0,0.0,0.35764354,0.1383698,0.574483,0.0,1.3472393,0.0,1.1438501,1.2158291,0.88575613,-0.071979,12.2,20.044973,19.87037,19.87037,2.0
resstock-amy2018-2021-release-1-230010,0.0,0.3362847,0.0,0.0,0.40392125,0.0,0.0,0.0,0.0,0.0,0.0,0.0,0.0,0.0,0.019710302,0.019710302,0.0,0.999314,3.499025583267212,3.496625287208687,-0.0,0.019710302,0.0,-0.0,0.0,-0.0,0.6891235,0.6891235,-0.0,0.8562816,7.7320657,0.3362847,0.0,0.85131556,1.1956524,0.41511738,0.687605,0.0,0.0,0.0,0.34718904,0.1383698,0.5750877,0.0,1.1956524,0.0,0.90448755,0.9837823,0.85131556,-0.07929476,13.3,20.1465,19.444445,19.444445,2.0
resstock-amy2018-2021-release-1-230010,0.0,0.26024383,0.0,0.0,9.103058e-08,0.0,0.0,0.0,0.0,0.0,0.0,0.0,0.0,0.0,0.019756079,0.019756079,0.0,0.9993289,3.4990251064300537,3.4966769502357664,-0.0,0.019756079,0.0,-0.0,0.0,-0.0,0.0,0.0,0.2602436,0.81714076,7.7320657,2.3841858e-07,0.0,0.8474973,0.8114905,0.27225584,0.46737486,0.0,0.0,0.0,0.33550096,0.1383698,0.5759462,0.0,0.8114905,0.0,0.89109796,0.94686097,0.8474973,-0.055763025,14.4,20.082813,19.444445,19.444445,2.0
resstock-amy2018-2021-release-1-230010,1.0959511,0.24866079,0.0,0.0,0.39111328,0.0,0.0,0.0,0.0,0.0,0.0,0.0,0.0,0.0,0.019703865,0.019703865,0.0,0.99933827,3.4990246295928955,3.496709217343465,-0.0,0.019703865,0.0,-0.0,0.0,-0.0,0.76115596,0.76115596,-0.0,0.9084312,7.7320657,0.24866079,0.0,0.6752373,1.0417117,0.34075412,0.59959143,0.0,0.0,0.0,0.3271098,0.1383698,0.5755829,0.0,1.0417117,0.0,0.7272036,0.7715464,0.6752373,-0.044342797,13.9,19.960423,17.777779,17.777779,2.0
resstock-amy2018-2021-release-1-230010,0.0,0.17674088,0.0,0.0,8.035641e-08,0.0,0.0,0.0,0.0,0.0,0.0,0.0,0.0,0.0,0.019670725,0.019670725,0.0,0.9993196,3.4990241527557373,3.496643462139147,-0.0,0.019670725,0.0,-0.0,0.0,-0.0,0.0,0.0,0.17674069,0.8801446,7.7320657,1.937151e-07,0.0,0.5891643,0.58585644,0.19859846,0.33401537,0.0,0.0,0.0,0.33898827,0.1383698,0.5701318,0.0,0.58585644,0.0,0.63950086,0.6624795,0.5891643,-0.022978645,11.4,19.660484,17.777779,17.777779,2.0
resstock-amy2018-2021-release-1-230010,0.0,0.18990989,0.0,0.0,3.1562113e-08,0.0,0.0,0.0,0.0,0.0,0.0,0.0,0.0,0.0,0.019735098,0.019735098,0.0,0.99933374,3.499023675918579,3.4966924138874163,-0.0,0.019735098,0.0,-0.0,0.0,-0.0,0.0,0.0,0.18990982,0.85025084,7.7320657,7.4505806e-08,0.0,0.5077328,0.4965904,0.17597994,0.2807147,0.0,0.0,0.0,0.35437644,0.1383698,0.56528413,0.0,0.4965904,0.0,0.5573048,0.58818233,0.5077328,-0.030877553,10.6,19.57672,17.777779,17.777779,2.0
resstock-amy2018-2021-release-1-230010,0.0,0.20539936,0.0,0.0,8.837391e-08,0.0,0.0,0.0,0.0,0.0,0.0,0.0,0.0,0.0,0.019685507,0.019685507,0.0,0.9993382,3.499023199081421,3.496707579220569,-0.0,0.019685507,0.0,-0.0,0.0,-0.0,0.0,0.0,0.20539916,0.81844914,7.7320657,2.0861626e-07,0.0,0.72756964,0.7430099,0.26929474,0.4227219,0.0,0.0,0.0,0.3624376,0.1383698,0.5689317,0.0,0.7430099,0.0,0.8103355,0.8145808,0.72756964,-0.004245256,10.6,19.5452,17.777779,17.777779,2.0
resstock-amy2018-2021-release-1-230010,0.0,0.22757497,0.0,0.0,0.0,0.0,0.0,0.0,0.0,0.0,0.0,0.0,0.0,0.0,0.019669533,0.019669533,0.0,0.99931586,3.4990227222442627,3.4966288934465695,-0.0,0.019669533,0.0,-0.0,0.0,-0.0,0.0,0.0,0.22757511,0.7838584,7.7320657,0.0,0.0,0.61548764,0.6340087,0.24945071,0.3670889,0.0,0.0,0.0,0.39345,0.1383698,0.57899666,0.0,0.6340087,0.0,0.7122468,0.71339524,0.61548764,-0.0011484794,10.0,19.59312,17.777779,17.777779,2.0
resstock-amy2018-2021-release-1-230010,0.0,0.3123519,0.15206335,0.0,6.410792e-08,0.1537706,0.0,0.0,0.0,0.0,0.0,0.0,0.0,0.0,0.01974678,0.01974678,0.0,0.99929804,3.4990222454071045,3.496566058100214,-0.0,0.01974678,0.0,-0.0,0.0,-0.0,0.0,0.0,0.31235176,0.7381522,7.7320657,1.4901161e-07,0.0,0.62622243,0.79973984,0.31465763,0.46237743,0.0,0.0,0.0,0.39345,0.1383698,0.5781598,0.0,0.79973984,0.0,0.91437334,0.91437334,0.62622243,-0.0,10.0,19.719484,17.777779,17.777779,2.0
resstock-amy2018-2021-release-1-230010,0.0,0.4067154,0.0,0.0,1.00998754e-07,0.0,0.0,0.0,0.0,0.0,0.0,0.0,0.0,0.0,0.01980853,0.01980853,0.0,0.99927783,3.4990217685699463,3.4964948804528717,-0.0,0.01980853,0.0,-0.0,0.0,-0.0,0.0,0.0,0.40671515,0.68011105,7.7320657,2.3841858e-07,0.0,0.604688,0.62449664,0.23046286,0.35047236,0.0,0.0,0.0,0.3690378,0.1383698,0.5612078,0.0,0.62449664,0.0,0.7769806,0.7769806,0.604688,-0.0,10.6,19.912565,17.777779,17.777779,2.0
resstock-amy2018-2021-release-1-230010,0.0,0.46718842,0.0,0.0,0.078126736,0.0,0.0,0.0,0.0,0.0,0.0,0.0,0.0,0.0,0.019878387,0.019878387,0.0,0.9992579,3.499021291732788,3.496424745614405,-0.0,0.019878387,0.0,-0.0,0.0,-0.0,0.0,0.0,0.28628564,0.6384189,7.7320657,0.18090278,0.0,0.53082556,0.6288307,0.21980998,0.34323153,0.0,0.0,0.0,0.34955353,0.1383698,0.54582506,0.0,0.6288307,0.0,0.73259085,0.73259085,0.53082556,-0.0,9.85,20.04416,19.953703,19.953703,2.0
resstock-amy2018-2021-release-1-230010,0.0,0.7229705,0.0,0.0,0.0,0.0,0.0,0.0,0.0,0.0,0.0,0.0,0.0,0.0,0.01994729,0.01994729,0.0,0.9992371,3.49902081489563,3.496351482426533,-0.0,0.01994729,0.0,-0.0,0.0,-0.0,0.0,0.0,0.7229705,0.5387589,7.7320657,0.0,0.0,0.45349494,0.47344223,0.151926,0.2549055,0.0,0.0,0.0,0.3208966,0.1383698,0.5384089,0.0,0.47344223,0.0,0.76453197,0.76453197,0.45349494,-0.0,10.0,20.415401,20.0,20.0,2.0
resstock-amy2018-2021-release-1-230010,0.0,0.7243345,0.0,0.0,0.0,0.0,0.0,0.0,0.0,0.0,0.0,0.0,0.0,0.0,0.020019054,0.020019054,0.0,0.999223,3.4990203380584717,3.4963015777393025,-0.0,0.020019054,0.0,-0.0,0.0,-0.0,0.0,0.0,0.7243345,0.43943673,7.7320657,0.0,0.0,0.1787773,0.19879636,0.062621646,0.10850922,0.0,0.0,0.0,0.315004,0.1383698,0.545831,0.0,0.19879636,0.0,0.49465162,0.49465162,0.1787773,-0.0,9.466666,20.521078,19.88889,19.88889,2.0
resstock-amy2018-2021-release-1-230010,0.0,0.6650239,0.0,0.0,0.3441661,0.0,0.0,0.0,0.0,0.0,0.0,0.0,0.0,0.0,0.020067692,0.020067692,0.0,0.9992263,3.4990198612213135,3.4963125719536237,-0.0,0.020067692,0.0,-0.0,0.0,-0.0,0.08149484,0.08149484,-0.0,0.4473757,7.7320657,0.6650239,0.0,0.17528197,0.53951573,0.16542771,0.29915074,0.0,0.0,0.0,0.3066226,0.1383698,0.5544801,0.0,0.53951573,0.0,0.48187664,0.48187664,0.17528197,-0.0,7.2,20.307789,20.0,20.0,2.0
resstock-amy2018-2021-release-1-230010,0.0,0.7323979,0.0,0.0,0.3072176,0.0,0.0,0.0,0.0,0.0,0.0,0.0,0.0,0.0,0.02005577,0.02005577,0.0,0.99921143,3.4990193843841553,3.496260164591348,-0.0,0.02005577,0.0,-0.0,0.0,-0.0,0.0,0.0,0.037844177,0.44000039,7.7320657,0.69455373,0.0,0.17371795,0.50099134,0.14213064,0.28080913,0.0,0.0,0.0,0.2836988,0.1383698,0.56050694,0.0,0.50099134,0.0,0.49767494,0.49767494,0.17371795,-0.0,8.9,20.333574,19.444445,19.444445,2.0
resstock-amy2018-2021-release-1-230010,0.0,0.66261256,0.0,0.0,0.36054304,0.0,0.0,0.0,0.0,0.0,0.0,0.0,0.0,0.0,-0.07173145,0.0,-0.07173145,0.971543,3.4990172386169434,3.3994457542171688,0.07173145,0.0,0.0,-0.0,0.0,-0.0,0.16276394,0.16276394,-0.0,0.4581385,7.7320657,0.66261256,0.0,0.17255284,0.46136445,0.12882845,0.25803623,0.0,0.0,0.0,0.2792336,0.1383698,0.55928934,0.0,0.46136445,0.0,0.46199694,0.46199694,0.17255284,-0.0,9.4,20.19804,18.88889,18.88889,2.0
resstock-amy2018-2021-release-1-230010,0.0,0.5741221,0.0,0.0,0.045933116,0.0,0.0,0.0,0.0,0.0,0.0,0.0,0.0,0.0,0.044574447,0.044574447,0.0,0.97806424,3.499016046524048,3.4222624668802126,-0.0,0.044574447,0.0,-0.0,0.0,-0.0,0.0,0.0,0.47449014,0.39252687,7.7320657,0.099631935,0.0,0.1715587,0.26206625,0.07249989,0.14690548,0.0,0.0,0.0,0.2766472,0.1383698,0.5605662,0.0,0.26206625,0.0,0.43624505,0.43624505,0.1715587,-0.0,7.2,19.779789,18.88889,18.88889,2.0
resstock-amy2018-2021-release-1-230010,0.0,0.7980896,0.0,0.0,0.32714134,0.0,0.0,0.0,0.0,0.0,0.0,0.0,0.0,0.0,-0.015534598,0.0,-0.015534598,0.9680606,3.4990155696868896,3.3872591561627985,0.015534598,0.0,0.0,-0.0,0.0,-0.0,0.0,0.0,0.058492534,0.3826863,7.7320657,0.7395971,0.0,0.17625715,0.48786387,0.13294251,0.27111483,0.0,0.0,0.0,0.2724992,0.1383698,0.5557182,0.0,0.48786387,0.0,0.5292711,0.5292711,0.17625715,-0.0,8.9,19.997482,18.88889,18.88889,2.0
resstock-amy2018-2021-release-1-230010,0.0,0.6263247,0.0,0.0,5.2073297e-08,0.0,0.0,0.0,0.0,0.0,0.0,0.0,0.0,0.0,-0.2918023,0.0,-0.2918023,0.8731619,3.499007225036621,3.0551998385902834,0.2918023,0.0,0.0,-0.0,0.0,-0.0,0.0,0.0,0.6263246,0.2972372,7.7320657,1.1920929e-07,0.0,0.19809042,-0.09371182,-0.025489522,0.0,0.0,0.0,0.0,0.271999,0.1383698,0.55674624,0.0,0.0,-0.09371182,0.47168317,0.47168317,0.19809042,-0.0,9.4,19.861603,18.88889,18.88889,2.0
resstock-amy2018-2021-release-1-230010,0.9611834,0.46406415,0.0,0.0,0.75347257,0.0,0.0,0.0,0.0,0.0,0.0,0.0,0.0,0.0,-0.13405266,0.0,-0.13405266,0.82685375,3.4990034103393555,2.8931640985765625,0.13405266,0.0,0.0,-0.0,0.0,-0.0,1.2267597,1.2267597,-0.0,0.44968796,7.7320657,0.46406415,0.0,0.25351024,0.87293017,0.24824561,0.4866149,0.0,0.0,0.0,0.284382,0.1383698,0.55745,0.0,0.87293017,0.0,0.46030864,0.46030864,0.25351024,-0.0,8.6,19.685135,17.222221,17.222221,2.0
resstock-amy2018-2021-release-1-230010,0.0,0.4370556,0.0,0.0,1.2809923,0.0,0.0,0.0,0.0,0.0,0.0,0.0,0.0,0.0,0.11548867,0.11548867,0.0,0.85276353,3.499000072479248,2.983819665846852,-0.0,0.11548867,0.0,-0.0,0.0,-0.0,2.3818645,2.3818645,-0.0,0.7463494,7.7320657,0.4370556,0.0,0.30414134,1.7006222,0.5169262,0.94834137,0.0,0.0,0.0,0.303963,0.1383698,0.5576438,0.0,1.7006222,0.0,0.502751,0.502751,0.30414134,-0.0,7.8,19.644398,18.88889,18.88889,2.0
resstock-amy2018-2021-release-1-230010,0.0,0.76976126,0.0,0.0,1.1292155,0.0,0.0,0.0,0.0,0.0,0.0,0.0,0.0,0.0,0.030193038,0.030193038,0.0,0.85615224,3.4989991188049316,2.9956759209421477,-0.0,0.030193038,0.0,-0.0,0.0,-0.0,1.745614,1.745614,-0.0,0.96159244,7.7320657,0.76976126,0.0,0.6007284,1.760137,0.5922137,0.9861638,0.0,0.0,0.0,0.33645886,0.1383698,0.56027675,0.0,1.760137,0.0,0.94629365,0.94629365,0.6007284,-0.0,8.3,20.061388,20.0,20.0,2.0
resstock-amy2018-2021-release-1-230010,0.0,1.0288906,0.0,0.0,0.4667745,0.0,0.0,0.0,0.0,0.0,0.0,0.0,0.0,0.0,0.037095867,0.037095867,0.0,0.86132455,3.4989981651306152,3.013773015557831,-0.0,0.037095867,0.0,-0.0,0.0,-0.0,0.010869123,0.010869123,-0.0,0.95794266,7.7320657,1.0288906,0.0,0.67009085,1.1621634,0.42186645,0.6608106,0.0,0.0,0.0,0.363001,0.1383698,0.5686039,0.0,1.1621634,0.0,1.1201881,1.131986,0.67009085,-0.011797905,8.3,20.527412,20.0,20.0,2.0
resstock-amy2018-2021-release-1-230010,0.0,0.91091704,0.0,0.0,0.54894966,0.0,0.0,0.0,0.0,0.0,0.0,0.0,0.0,0.0,0.2443162,0.2443162,0.0,0.921383,3.498991012573242,3.2239109175313843,-0.0,0.2443162,0.0,-0.0,0.0,-0.0,0.36505416,0.36505416,-0.0,0.99877435,7.7320657,0.91091704,0.0,0.85219574,1.6107961,0.5846384,0.94366616,0.0,0.0,0.0,0.36295,0.1383698,0.5858384,0.0,1.6107961,0.0,1.2094259,1.2440915,0.85219574,-0.03466554,10.0,20.85799,20.0,20.0,2.0
resstock-amy2018-2021-release-1-230010,0.0,1.0512806,0.5777747,0.0,0.67410386,0.5842615,0.0,0.0,0.0,0.0,0.0,0.0,0.0,0.0,0.19085483,0.19085483,0.0,0.9668052,3.498985528945923,3.382837472865674,-0.0,0.19085483,0.0,-0.0,0.0,-0.0,0.051250678,0.051250678,-0.0,1.0,7.7320657,1.0512806,0.0,0.88575613,2.2631407,0.78667825,1.3743883,0.0,0.0,0.0,0.34760466,0.1383698,0.6072925,0.0,2.2631407,0.0,2.050575,2.1224108,0.88575613,-0.071835645,10.6,21.24171,20.0,20.0,2.0
resstock-amy2018-2021-release-1-230010,0.0,0.71557295,0.96295476,0.0,0.24725421,0.973766,0.0,0.0,0.0,0.0,0.0,0.0,0.0,0.0,0.13290071,0.13290071,0.0,0.99672264,3.4989817142486572,3.4875142866636537,-0.0,0.13290071,0.0,-0.0,0.0,-0.0,0.0,0.0,0.1147366,0.9794976,7.7320657,0.60083634,0.0,0.85131556,2.1543212,0.7187846,1.3366228,0.0,0.0,0.0,0.33364782,0.1383698,0.62043804,0.0,2.1543212,0.0,2.0686364,2.1195517,0.85131556,-0.050915193,11.7,21.092216,20.0,20.0,2.0
resstock-amy2018-2021-release-1-230010,0.0,0.44912708,0.0,0.0,0.75903124,0.0,0.0,0.0,0.0,0.0,0.0,0.0,0.0,0.0,0.028734446,0.028734446,0.0,0.9990792,3.49898099899292,3.4957592333273624,-0.0,0.028734446,0.0,-0.0,0.0,-0.0,0.20400742,0.20400742,-0.0,1.0,7.7320657,0.44912708,0.0,0.8474973,1.4907881,0.48324904,0.9285835,0.0,0.0,0.0,0.32415676,0.1383698,0.62288094,0.0,1.4907881,0.0,1.3805703,1.5250452,0.8474973,-0.14447488,12.8,20.853539,20.0,20.0,2.0
resstock-amy2018-2021-release-1-230010,0.0,0.57888603,0.0,0.0,0.4453467,0.0,0.0,0.0,0.0,0.0,0.0,0.0,0.0,0.0,0.020529032,0.020529032,0.0,0.99927944,3.4989805221557617,3.4964592948238646,-0.0,0.020529032,0.0,-0.0,0.0,-0.0,0.04153847,0.04153847,-0.0,1.0,7.7320657,0.57888603,0.0,0.6752373,1.0474846,0.32932287,0.65958756,0.0,0.0,0.0,0.314394,0.1383698,0.6296871,0.0,1.0474846,0.0,1.010593,1.1042215,0.6752373,-0.093628444,13.3,20.958918,20.0,20.0,2.0
resstock-amy2018-2021-release-1-230010,0.0,0.49394026,0.0,0.0,0.73062,0.0,0.0,0.0,0.0,0.0,0.0,0.0,0.0,0.0,0.019831419,0.019831419,0.0,0.9992768,3.4989800453186035,3.4964496418899387,-0.0,0.019831419,0.0,-0.0,0.0,-0.0,0.04153847,0.04153847,-0.0,1.0,7.7320657,0.49394026,0.0,0.5891643,1.271403,0.41105974,0.81237304,0.0,0.0,0.0,0.32331192,0.1383698,0.638958,0.0,1.271403,0.0,1.2344778,1.3026906,0.5891643,-0.06821287,11.7,20.844141,20.0,20.0,2.0
resstock-amy2018-2021-release-1-230010,0.0,0.46498954,0.0,0.0,0.58595294,0.0,0.0,0.0,0.0,0.0,0.0,0.0,0.0,0.0,0.019840002,0.019840002,0.0,0.9992785,3.4989795684814453,3.4964550049497802,-0.0,0.019840002,0.0,-0.0,0.0,-0.0,0.04153847,0.04153847,-0.0,1.0,7.7320657,0.46498954,0.0,0.5077328,0.9649917,0.31763202,0.6192741,0.0,0.0,0.0,0.32915518,0.1383698,0.6417403,0.0,0.9649917,0.0,0.9280579,1.076592,0.5077328,-0.14853406,11.7,20.985712,20.0,20.0,2.0
resstock-amy2018-2021-release-1-230010,0.0,0.42400545,0.0,0.0,2.492179e-08,0.0,0.0,0.0,0.0,0.0,0.0,0.0,0.0,0.0,0.019833803,0.019833803,0.0,0.9992357,3.498979091644287,3.496304785675278,-0.0,0.019833803,0.0,-0.0,0.0,-0.0,0.0,0.0,0.4240054,0.9382896,7.7320657,5.9604645e-08,0.0,0.61996514,0.5330447,0.17668144,0.34609896,0.0,0.0,0.0,0.33145708,0.1383698,0.6492869,0.0,0.5330447,0.0,0.69049525,0.79724956,0.61996514,-0.10675427,11.1,21.142231,20.0,20.0,2.0
resstock-amy2018-2021-release-1-230010,0.0,0.37662494,0.0,0.0,0.0,0.0,0.0,0.0,0.0,0.0,0.0,0.0,0.0,0.0,0.019982338,0.019982338,0.0,0.99926317,3.498978614807129,3.4964004532315585,-0.0,0.019982338,0.0,-0.0,0.0,-0.0,0.0,0.0,0.37662512,0.88321406,7.7320657,0.0,0.0,0.61548764,0.6247063,0.21411027,0.40421078,0.0,0.0,0.0,0.34273747,0.1383698,0.64704126,0.0,0.6247063,0.0,0.76219785,0.7729615,0.61548764,-0.010763627,11.1,21.048237,20.0,20.0,2.0
resstock-amy2018-2021-release-1-230010,0.13270779,0.318998,0.7218383,0.0,0.0,0.7299425,0.0,0.0,0.0,0.0,0.0,0.0,0.0,0.0,0.019886255,0.019886255,0.0,0.999287,3.4989781379699707,3.4964833988853457,-0.0,0.019886255,0.0,-0.0,0.0,-0.0,0.0,0.0,0.3189981,0.83610415,7.7320657,0.0,0.0,0.62622243,1.3760512,0.48466536,0.8743909,0.0,0.0,0.0,0.35221463,0.1383698,0.63543487,0.0,1.3760512,0.0,1.4912988,1.4912988,0.62622243,-0.0,10.6,20.907183,20.0,20.0,2.0
resstock-amy2018-2021-release-1-230010,0.0,0.48747173,0.64624363,0.0,6.3124226e-08,0.6534991,0.0,0.0,0.0,0.0,0.0,0.0,0.0,0.0,0.019802809,0.019802809,0.0,0.99926573,3.4989776611328125,3.496408468138725,-0.0,0.019802809,0.0,-0.0,0.0,-0.0,0.0,0.0,0.48747158,0.76679194,7.7320657,1.4901161e-07,0.0,0.604688,1.27799,0.4431122,0.8072141,0.0,0.0,0.0,0.34672588,0.1383698,0.63162786,0.0,1.27799,0.0,1.4646896,1.4646896,0.604688,-0.0,10.6,21.021416,20.0,20.0,2.0
resstock-amy2018-2021-release-1-230010,0.0,0.6448567,0.0,0.0,0.0,0.0,0.0,0.0,0.0,0.0,0.0,0.0,0.0,0.0,0.019876242,0.019876242,0.0,0.99925214,3.4989771842956543,3.496360441045084,-0.0,0.019876242,0.0,-0.0,0.0,-0.0,0.0,0.0,0.64485687,0.6768706,7.7320657,0.0,0.0,0.1881932,0.20806944,0.0678689,0.12991552,0.0,0.0,0.0,0.32618392,0.1383698,0.62438536,0.0,0.20806944,0.0,0.46562415,0.46562415,0.1881932,-0.0,10.0,21.189741,20.0,20.0,2.0
resstock-amy2018-2021-release-1-230010,0.0,0.5089145,0.0,0.0,2.6036648e-08,0.0,0.0,0.0,0.0,0.0,0.0,0.0,0.0,0.0,-0.025036873,0.0,-0.025036873,0.98615915,3.498976469039917,3.450547645994888,0.025036873,0.0,0.0,-0.0,0.0,-0.0,0.0,0.0,0.5089144,0.6055316,7.7320657,5.9604645e-08,0.0,0.18133548,0.15629864,0.04816114,0.09590159,0.0,0.0,0.0,0.3081354,0.1383698,0.6135792,0.0,0.15629864,0.0,0.40364075,0.40364075,0.18133548,-0.0,9.4,21.055338,20.0,20.0,2.0
resstock-amy2018-2021-release-1-230010,0.0,0.50757456,0.0,0.0,2.6758032e-08,0.0,0.0,0.0,0.0,0.0,0.0,0.0,0.0,0.0,0.034311555,0.034311555,0.0,0.9899233,3.4989755153656006,3.4637173830478076,-0.0,0.034311555,0.0,-0.0,0.0,-0.0,0.0,0.0,0.5075745,0.5347431,7.7320657,5.9604645e-08,0.0,0.1787773,0.2130889,0.06450197,0.12911823,0.0,0.0,0.0,0.30269983,0.1383698,0.605936,0.0,0.2130889,0.0,0.40664038,0.40664038,0.1787773,-0.0,8.3,20.881805,19.75,19.75,2.0
resstock-amy2018-2021-release-1-230010,0.0,0.48311126,0.0,0.0,2.6932913e-08,0.0,0.0,0.0,0.0,0.0,0.0,0.0,0.0,0.0,0.052401304,0.052401304,0.0,0.99843484,3.498974084854126,3.493497636288751,-0.0,0.052401304,0.0,-0.0,0.0,-0.0,0.0,0.0,0.4831112,0.46758327,7.7320657,5.9604645e-08,0.0,0.17528197,0.2276833,0.06655753,0.13621968,0.0,0.0,0.0,0.29232502,0.1383698,0.5982858,0.0,0.2276833,0.0,0.3935803,0.3935803,0.17528197,-0.0,8.033334,20.654095,20.0,20.0,2.0
resstock-amy2018-2021-release-1-230010,0.0,0.5213158,0.0,0.0,0.0,0.0,0.0,0.0,0.0,0.0,0.0,0.0,0.0,0.0,-0.021203713,0.0,-0.021203713,0.98654705,3.4989733695983887,3.4519018658138236,0.021203713,0.0,0.0,-0.0,0.0,-0.0,0.0,0.0,0.52131593,0.39568317,7.7320657,0.0,0.0,0.17371795,0.15251423,0.04227451,0.0853747,0.0,0.0,0.0,0.277184,0.1383698,0.55978185,0.0,0.15251423,0.0,0.40774983,0.40774983,0.17371795,-0.0,8.3,20.531273,19.444445,19.444445,2.0
resstock-amy2018-2021-release-1-230010,0.0,0.3809215,0.0,0.0,0.9178113,0.0,0.0,0.0,0.0,0.0,0.0,0.0,0.0,0.0,0.06415415,0.06415415,0.0,0.9983559,3.498971462249756,3.4932188910339335,-0.0,0.06415415,0.0,-0.0,0.0,-0.0,1.6387916,1.6387916,-0.0,0.59934485,7.7320657,0.3809215,0.0,0.17255284,1.1545182,0.31138122,0.61855054,0.0,0.0,0.0,0.26970664,0.1383698,0.53576505,0.0,1.1545182,0.0,0.3456537,0.3456537,0.17255284,-0.0,7.8,20.145498,19.444445,19.444445,2.0
resstock-amy2018-2021-release-1-230010,0.0,0.51533395,0.0,0.0,0.51562035,0.0,0.0,0.0,0.0,0.0,0.0,0.0,0.0,0.0,0.023037672,0.023037672,0.0,0.9991543,3.4989707469940186,3.4960117699528723,-0.0,0.023037672,0.0,-0.0,0.0,-0.0,0.60308033,0.60308033,-0.0,0.671927,7.7320657,0.51533395,0.0,0.1715587,0.7102167,0.18688771,0.35845217,0.0,0.0,0.0,0.2631418,0.1383698,0.5047082,0.0,0.7102167,0.0,0.40914208,0.40914208,0.1715587,-0.0,7.2,20.004015,18.88889,18.88889,2.0
resstock-amy2018-2021-release-1-230010,0.0,0.4304157,0.0,0.0,0.0,0.0,0.0,0.0,0.0,0.0,0.0,0.0,0.0,0.0,0.020257235,0.020257235,0.0,0.9992074,3.4989702701568604,3.49619690736219,-0.0,0.020257235,0.0,-0.0,0.0,-0.0,0.0,0.0,0.4304157,0.61107314,7.7320657,0.0,0.0,0.17625715,0.19651438,0.05171115,0.09790087,0.0,0.0,0.0,0.2631418,0.1383698,0.49818677,0.0,0.19651438,0.0,0.37705868,0.37705868,0.17625715,-0.0,6.7,19.657646,18.88889,18.88889,2.0
resstock-amy2018-2021-release-1-230010,0.0,0.52373046,0.0,0.0,0.08158422,0.0,0.0,0.0,0.0,0.0,0.0,0.0,0.0,0.0,0.020072222,0.020072222,0.0,0.9992187,3.498969793319702,3.49623605632479,-0.0,0.020072222,0.0,-0.0,0.0,-0.0,0.0,0.0,0.35559654,0.56050587,7.7320657,0.16813391,0.0,0.19809042,0.29974687,0.07873331,0.15218998,0.0,0.0,0.0,0.262666,0.1383698,0.50772834,0.0,0.29974687,0.0,0.45222205,0.45222205,0.19809042,-0.0,5.0,19.472244,18.88889,18.88889,2.0
resstock-amy2018-2021-release-1-230010,0.65753895,0.6925378,0.0,0.0,0.3360818,0.0,0.0,0.0,0.0,0.0,0.0,0.0,0.0,0.0,-0.0047031855,0.0,-0.0047031855,0.9925041,3.498969554901123,3.4727416985497257,0.0047031855,0.0,0.0,-0.0,0.0,-0.0,0.0,0.0,0.009215566,0.5563551,7.7320657,0.6833222,0.0,0.25351024,0.5848889,0.15876095,0.3057314,0.0,0.0,0.0,0.2714378,0.1383698,0.52271706,0.0,0.5848889,0.0,0.5941246,0.5941246,0.25351024,-0.0,4.4,19.523327,17.222221,17.222221,2.0
resstock-amy2018-2021-release-1-230010,0.0,0.48858476,0.0,0.0,0.19141676,0.0,0.0,0.0,0.0,0.0,0.0,0.0,0.0,0.0,0.043409824,0.043409824,0.0,0.9986583,3.4989683628082275,3.49427379501779,-0.0,0.043409824,0.0,-0.0,0.0,-0.0,0.0,0.0,0.09939584,0.5402102,7.7320657,0.38918892,0.0,0.30414134,0.5389679,0.1573824,0.28975233,0.0,0.0,0.0,0.292007,0.1383698,0.53760594,0.0,0.5389679,0.0,0.54444444,0.54444444,0.30414134,-0.0,4.4,19.350044,18.88889,18.88889,2.0
resstock-amy2018-2021-release-1-230010,0.0,0.6634296,0.0,0.0,0.42090237,0.0,0.0,0.0,0.0,0.0,0.0,0.0,0.0,0.0,-0.17195208,0.0,-0.17195208,0.9400397,3.4989633560180664,3.289164443590437,0.17195208,0.0,0.0,-0.0,0.0,-0.0,0.2345343,0.2345343,-0.0,0.5668354,7.7320657,0.6634296,0.0,0.40985033,0.65880066,0.20843306,0.3614263,0.0,0.0,0.0,0.3163826,0.1383698,0.54861253,0.0,0.65880066,0.0,0.72081953,0.72081953,0.40985033,-0.0,6.5,19.660694,20.0,20.0,2.0
resstock-amy2018-2021-release-1-230010,0.0,0.7316003,0.0,0.0,0.4903589,0.0,0.0,0.0,0.0,0.0,0.0,0.0,0.0,0.0,-0.2301423,0.0,-0.2301423,0.86395854,3.4989566802978516,3.0229534965609446,0.2301423,0.0,0.0,-0.0,0.0,-0.0,0.3687853,0.3687853,-0.0,0.61017495,7.7320657,0.7316003,0.0,0.67009085,0.9190745,0.30436897,0.5139822,0.0,0.0,0.0,0.331169,0.1383698,0.55923885,0.0,0.9190745,0.0,0.984877,0.99610996,0.67009085,-0.011232997,8.6,20.133316,20.0,20.0,2.0
resstock-amy2018-2021-release-1-230010,0.0,0.6077389,0.0,0.0,0.40224445,0.0,0.0,0.0,0.0,0.0,0.0,0.0,0.0,0.0,0.16857071,0.16857071,0.0,0.90374357,3.4989519119262695,3.1621552749366515,-0.0,0.16857071,0.0,-0.0,0.0,-0.0,0.31310296,0.31310296,-0.0,0.6462984,7.7320657,0.6077389,0.0,0.85219574,1.3914648,0.47194254,0.81461436,0.0,0.0,0.0,0.3391696,0.1383698,0.5854365,0.0,1.3914648,0.0,1.0861237,1.1176698,0.85219574,-0.03154615,9.4,20.380589,20.0,20.0,2.0
resstock-amy2018-2021-release-1-230010,0.0,0.3891015,0.14938883,0.0,1.1737145,0.15106605,0.0,0.0,0.0,0.0,0.0,0.0,0.0,0.0,0.3409631,0.3409631,0.0,0.9897394,3.4989421367645264,3.4630409541612153,-0.0,0.3409631,0.0,-0.0,0.0,-0.0,2.339065,2.339065,-0.0,0.9365618,7.7320657,0.3891015,0.0,1.0848314,2.657435,0.87798727,1.5431246,0.0,0.0,0.0,0.330389,0.1383698,0.580682,0.0,2.657435,0.0,1.310157,1.4032971,1.0848314,-0.09314014,10.0,20.39986,20.0,20.0,2.0
resstock-amy2018-2021-release-1-230010,0.0,0.39601833,0.0,0.0,0.4593303,0.0,0.0,0.0,0.0,0.0,0.0,0.0,0.0,0.0,0.05300808,0.05300808,0.0,0.99857914,3.4989407062530518,3.4939692170288765,-0.0,0.05300808,0.0,-0.0,0.0,-0.0,0.54424757,0.54424757,-0.0,1.0,7.7320657,0.39601833,0.0,0.85131556,1.207159,0.3971062,0.66173047,0.0,0.0,0.0,0.32895932,0.1383698,0.54817176,0.0,1.207159,0.0,0.9235971,1.080092,0.85131556,-0.15649489,10.6,20.40115,19.444445,19.444445,2.0
resstock-amy2018-2021-release-1-230010,0.0,0.27541423,0.0,0.0,7.4765374e-08,0.0,0.0,0.0,0.0,0.0,0.0,0.0,0.0,0.0,0.022229671,0.022229671,0.0,0.9992617,3.4989399909973145,3.4963566440541456,-0.0,0.022229671,0.0,-0.0,0.0,-0.0,0.0,0.0,0.27541405,0.9580884,7.7320657,1.7881393e-07,0.0,0.8474973,0.6660081,0.20916663,0.3549883,0.0,0.0,0.0,0.31406018,0.1383698,0.533009,0.0,0.6660081,0.0,0.7589341,0.9626529,0.8474973,-0.20371887,11.1,20.313135,19.444445,19.444445,2.0
resstock-amy2018-2021-release-1-230010,0.0,0.23043235,0.0,0.0,0.051638227,0.0,0.0,0.0,0.0,0.0,0.0,0.0,0.0,0.0,0.019852877,0.019852877,0.0,0.9993112,3.4989395141601562,3.4965294751509646,-0.0,0.019852877,0.0,-0.0,0.0,-0.0,0.0,0.0,0.10324943,0.9393351,7.7320657,0.12718292,0.0,0.6752373,0.52692413,0.16028228,0.27832997,0.0,0.0,0.0,0.30418473,0.1383698,0.5282164,0.0,0.52692413,0.0,0.5489921,0.76879644,0.6752373,-0.21980432,12.2,20.382019,19.444445,19.444445,2.0
resstock-amy2018-2021-release-1-230010,0.0,0.22711743,0.19264756,0.0,0.072591215,0.19481045,0.0,0.0,0.0,0.0,0.0,0.0,0.0,0.0,0.019680023,0.019680023,0.0,0.99930274,3.498939037322998,3.4964993841136334,-0.0,0.019680023,0.0,-0.0,0.0,-0.0,0.0,0.0,0.04832815,0.9279976,7.7320657,0.17878929,0.0,0.5891643,0.6725473,0.20520896,0.3516151,0.0,0.0,0.0,0.305122,0.1383698,0.522811,0.0,0.6725473,0.0,0.6724892,0.876188,0.5891643,-0.20369875,12.2,20.53388,19.444445,19.444445,2.0
resstock-amy2018-2021-release-1-230010,0.0,0.200225,0.0,0.0,0.59736764,0.0,0.0,0.0,0.0,0.0,0.0,0.0,0.0,0.0,0.019708872,0.019708872,0.0,0.99930066,3.49893856048584,3.4964916082543027,-0.0,0.019708872,0.0,-0.0,0.0,-0.0,0.61211413,0.61211413,-0.0,1.0,7.7320657,0.200225,0.0,0.5077328,1.0066948,0.30406976,0.5428017,0.0,0.0,0.0,0.3020476,0.1383698,0.5391919,0.0,1.0066948,0.0,0.73509073,0.8532052,0.5077328,-0.1181145,11.7,20.585846,19.444445,19.444445,2.0
resstock-amy2018-2021-release-1-230010,1.1240568,0.23085403,0.0,0.0,0.5932033,0.0,0.0,0.0,0.0,0.0,0.0,0.0,0.0,0.0,0.019715548,0.019715548,0.0,0.99931335,3.4989380836486816,3.49653555353143,-0.0,0.019715548,0.0,-0.0,0.0,-0.0,0.04153847,0.04153847,-0.0,1.0,7.7320657,0.23085403,0.0,0.37312385,0.9524818,0.29223838,0.52662116,0.0,0.0,0.0,0.3068178,0.1383698,0.5528937,0.0,0.9524818,0.0,0.91539824,0.9489592,0.37312385,-0.03356092,11.1,20.546333,17.777779,17.777779,2.0
resstock-amy2018-2021-release-1-230010,0.43252614,0.15482652,0.0,0.0,1.2759751,0.0,0.0,0.0,0.0,0.0,0.0,0.0,0.0,0.0,0.019670963,0.019670963,0.0,0.99931407,3.4989376068115234,3.496537579656888,-0.0,0.019670963,0.0,-0.0,0.0,-0.0,0.04153847,0.04153847,-0.0,1.0,7.7320657,0.15482652,0.0,0.61548764,1.9045317,0.6010969,1.1164415,0.0,0.0,0.0,0.315614,0.1383698,0.5862026,0.0,1.9045317,0.0,1.8669901,1.8735921,0.61548764,-0.0066020614,10.0,20.350143,17.777779,17.777779,2.0
resstock-amy2018-2021-release-1-230010,0.120735615,0.29941636,0.0,0.0,0.7539815,0.0,0.0,0.0,0.0,0.0,0.0,0.0,0.0,0.0,0.019668102,0.019668102,0.0,0.99924403,3.4989371299743652,3.4962920534837565,-0.0,0.019668102,0.0,-0.0,0.0,-0.0,0.04153847,0.04153847,-0.0,1.0,7.7320657,0.29941636,0.0,0.62622243,1.3998721,0.4619104,0.8653952,0.0,0.0,0.0,0.32996616,0.1383698,0.6181959,0.0,1.3998721,0.0,1.3623333,1.3623333,0.62622243,-0.0,10.0,20.403757,17.777779,17.777779,2.0
resstock-amy2018-2021-release-1-230010,0.0,0.35912496,0.0,0.0,0.5341062,0.0,0.0,0.0,0.0,0.0,0.0,0.0,0.0,0.0,0.01991129,0.01991129,0.0,0.9992915,3.498936653137207,3.496457585096607,-0.0,0.01991129,0.0,-0.0,0.0,-0.0,0.04153847,0.04153847,-0.0,1.0,7.7320657,0.35912496,0.0,0.604688,1.1587055,0.37630355,0.72881764,0.0,0.0,0.0,0.32476205,0.1383698,0.62899303,0.0,1.1587055,0.0,1.1206492,1.1206492,0.604688,-0.0,9.4,20.440212,17.777779,17.777779,2.0
resstock-amy2018-2021-release-1-230010,0.0,0.39026177,0.0,0.0,0.19605243,0.0,0.0,0.0,0.0,0.0,0.0,0.0,0.0,0.0,0.019745588,0.019745588,0.0,0.9993101,3.498936176300049,3.4965221770858363,-0.0,0.019745588,0.0,-0.0,0.0,-0.0,0.04153847,0.04153847,-0.0,1.0,7.7320657,0.39026177,0.0,0.53082556,0.7466236,0.2285001,0.47031802,0.0,0.0,0.0,0.30604458,0.1383698,0.62992656,0.0,0.7466236,0.0,0.70850456,0.70850456,0.53082556,-0.0,8.9,20.449059,19.907408,19.907408,2.0
resstock-amy2018-2021-release-1-230010,0.0,0.64032155,0.5779406,0.0,0.07710569,0.58442926,0.0,0.0,0.0,0.0,0.0,0.0,0.0,0.0,0.0196805,0.0196805,0.0,0.99929786,3.4989356994628906,3.4964789472496705,-0.0,0.0196805,0.0,-0.0,0.0,-0.0,0.0,0.0,0.47064465,0.9320752,7.7320657,0.1696769,0.0,0.45349494,1.1347103,0.33570406,0.7110574,0.0,0.0,0.0,0.29585,0.1383698,0.6266422,0.0,1.1347103,0.0,1.3289032,1.3289032,0.45349494,-0.0,7.8,20.643887,20.0,20.0,2.0
resstock-amy2018-2021-release-1-230010,0.0,0.6892744,0.0,0.0,0.36624417,0.0,0.0,0.0,0.0,0.0,0.0,0.0,0.0,0.0,0.0197227,0.0197227,0.0,0.99927425,3.4989352226257324,3.4963958838420695,-0.0,0.0197227,0.0,-0.0,0.0,-0.0,0.105133034,0.105133034,-0.0,0.9404127,7.7320657,0.6892744,0.0,0.40152928,0.78749615,0.22995439,0.4828046,0.0,0.0,0.0,0.292007,0.1383698,0.6130882,0.0,0.78749615,0.0,0.7193042,0.7193042,0.40152928,-0.0,7.2,20.653656,19.76389,19.76389,2.0
resstock-amy2018-2021-release-1-230010,0.0,0.5596913,0.0,0.0,0.3242241,0.0,0.0,0.0,0.0,0.0,0.0,0.0,0.0,0.0,0.01980424,0.01980424,0.0,0.99929166,3.498934745788574,3.4964563047576576,-0.0,0.01980424,0.0,-0.0,0.0,-0.0,0.14357215,0.14357215,-0.0,0.95353216,7.7320657,0.5596913,0.0,0.17528197,0.51931036,0.14720102,0.3017978,0.0,0.0,0.0,0.2834548,0.1383698,0.5811511,0.0,0.51931036,0.0,0.43331534,0.43331534,0.17528197,-0.0,7.2,20.412067,19.444445,19.444445,2.0
resstock-amy2018-2021-release-1-230010,0.0,0.5078689,0.0,0.0,0.42280287,0.0,0.0,0.0,0.0,0.0,0.0,0.0,0.0,0.0,0.019742966,0.019742966,0.0,0.99926263,3.498934268951416,3.496354263076711,-0.0,0.019742966,0.0,-0.0,0.0,-0.0,0.40921843,0.40921843,-0.0,0.999931,7.7320657,0.5078689,0.0,0.17371795,0.61626375,0.16757801,0.33042976,0.0,0.0,0.0,0.2719258,0.1383698,0.5361824,0.0,0.61626375,0.0,0.40785962,0.40785962,0.17371795,-0.0,7.2,20.193792,19.444445,19.444445,2.0
resstock-amy2018-2021-release-1-230010,0.0,0.42512512,0.0,0.0,0.08288943,0.0,0.0,0.0,0.0,0.0,0.0,0.0,0.0,0.0,0.019843817,0.019843817,0.0,0.99925953,3.498933792114258,3.4963429418504575,-0.0,0.019843817,0.0,-0.0,0.0,-0.0,0.0,0.0,0.24745262,0.96174544,7.7320657,0.1776725,0.0,0.17255284,0.27528608,0.072637655,0.13182601,0.0,0.0,0.0,0.26386243,0.1383698,0.47886917,0.0,0.27528608,0.0,0.37088615,0.37088615,0.17255284,-0.0,6.7,19.84499,18.333334,18.333334,2.0
resstock-amy2018-2021-release-1-230010,0.0,0.43739602,0.0,0.0,0.3286771,0.0,0.0,0.0,0.0,0.0,0.0,0.0,0.0,0.0,0.019854069,0.019854069,0.0,0.99924695,3.4989333152770996,3.4962984607514613,-0.0,0.019854069,0.0,-0.0,0.0,-0.0,0.25728944,0.25728944,-0.0,0.9890291,7.7320657,0.43739602,0.0,0.1715587,0.52008986,0.13293122,0.230633,0.0,0.0,0.0,0.2555928,0.1383698,0.44344836,0.0,0.52008986,0.0,0.37850422,0.37850422,0.1715587,-0.0,6.1,19.530033,18.333334,18.333334,2.0
resstock-amy2018-2021-release-1-230010,0.0,0.39206243,0.0,0.0,0.0,0.0,0.0,0.0,0.0,0.0,0.0,0.0,0.0,0.0,0.019897461,0.019897461,0.0,0.999284,3.4989328384399414,3.4964277040210163,-0.0,0.019897461,0.0,-0.0,0.0,-0.0,0.0,0.0,0.39206263,0.9316321,7.7320657,0.0,0.0,0.17625715,0.19615461,0.048732407,0.083460435,0.0,0.0,0.0,0.24843876,0.1383698,0.4254829,0.0,0.19615461,0.0,0.36908728,0.36908728,0.17625715,-0.0,4.4,19.083858,17.222221,17.222221,2.0
resstock-amy2018-2021-release-1-230010,0.0,0.37431908,0.0,0.0,0.0,0.0,0.0,0.0,0.0,0.0,0.0,0.0,0.0,0.0,0.019767761,0.019767761,0.0,0.99929017,3.498932361602783,3.496448708445172,-0.0,0.019767761,0.0,-0.0,0.0,-0.0,0.0,0.0,0.3743193,0.8768985,7.7320657,0.0,0.0,0.19809042,0.21785818,0.05396888,0.08957417,0.0,0.0,0.0,0.24772483,0.1383698,0.41115817,0.0,0.21785818,0.0,0.38219377,0.38219377,0.19809042,-0.0,4.4,18.79152,17.222221,17.222221,2.0
resstock-amy2018-2021-release-1-230010,0.0,0.5002136,0.0,0.0,5.9287114e-08,0.0,0.0,0.0,0.0,0.0,0.0,0.0,0.0,0.0,0.019745827,0.019745827,0.0,0.99923617,3.498931884765625,3.496259283298059,-0.0,0.019745827,0.0,-0.0,0.0,-0.0,0.0,0.0,0.5002135,0.8056758,7.7320657,1.1920929e-07,0.0,0.25351024,0.27325612,0.06999208,0.119026236,0.0,0.0,0.0,0.25614095,0.1383698,0.43558487,0.0,0.27325612,0.0,0.50228465,0.50228465,0.25351024,-0.0,3.9,18.726093,17.222221,17.222221,2.0
resstock-amy2018-2021-release-1-230010,0.0,0.9014462,0.0,0.0,0.2092056,0.0,0.0,0.0,0.0,0.0,0.0,0.0,0.0,0.0,0.019933462,0.019933462,0.0,0.999196,3.498931407928467,3.496118242397216,-0.0,0.019933462,0.0,-0.0,0.0,-0.0,0.0,0.0,0.47030213,0.73881,7.7320657,0.4311441,0.0,0.30414134,0.5332804,0.15181799,0.25982013,0.0,0.0,0.0,0.284687,0.1383698,0.48721114,0.0,0.5332804,0.0,0.7415533,0.7415533,0.30414134,-0.0,5.0,19.259094,18.88889,18.88889,2.0
resstock-amy2018-2021-release-1-230010,0.0,1.1580393,0.0,0.0,0.4473717,0.0,0.0,0.0,0.0,0.0,0.0,0.0,0.0,0.0,-0.19584846,0.0,-0.19584846,0.9332594,3.4989256858825684,3.2654053826378515,0.19584846,0.0,0.0,-0.0,0.0,-0.0,0.0,0.0,0.21248335,0.7066454,7.7320657,0.945556,0.0,0.40985033,0.66137356,0.20030728,0.34349254,0.0,0.0,0.0,0.30286556,0.1383698,0.5193624,0.0,0.66137356,0.0,0.95775443,0.95775443,0.40985033,-0.0,6.1,19.864323,20.0,20.0,2.0
resstock-amy2018-2021-release-1-230010,0.0,1.2077949,0.0,0.0,0.5952451,0.0,0.0,0.0,0.0,0.0,0.0,0.0,0.0,0.0,-0.12415584,0.0,-0.12415584,0.8896897,3.498922109603882,3.1129549057338295,0.12415584,0.0,0.0,-0.0,0.0,-0.0,0.10208673,0.10208673,-0.0,0.7157761,7.7320657,1.2077949,0.0,0.67009085,1.1251085,0.36717916,0.5834652,0.0,0.0,0.0,0.32635,0.1383698,0.51858574,0.0,1.1251085,0.0,1.2028733,1.218945,0.67009085,-0.016071698,7.8,20.39542,20.0,20.0,2.0
resstock-amy2018-2021-release-1-230010,0.0,0.8686864,0.0,0.0,0.59444785,0.0,0.0,0.0,0.0,0.0,0.0,0.0,0.0,0.0,0.084040664,0.084040664,0.0,0.9069848,3.498919725418091,3.1734670285806033,-0.0,0.084040664,0.0,-0.0,0.0,-0.0,0.4921588,0.4921588,-0.0,0.7738266,7.7320657,0.8686864,0.0,0.85219574,1.4967157,0.49541256,0.7734714,0.0,0.0,0.0,0.3309998,0.1383698,0.5167791,0.0,1.4967157,0.0,1.1976889,1.2316575,0.85219574,-0.033968512,9.4,20.586025,20.0,20.0,2.0
resstock-amy2018-2021-release-1-230010,0.0,0.7741368,0.0,0.0,0.5511204,0.0,0.0,0.0,0.0,0.0,0.0,0.0,0.0,0.0,0.27596563,0.27596563,0.0,0.9753325,3.4989118576049805,3.4126024442855396,-0.0,0.27596563,0.0,-0.0,0.0,-0.0,0.50688034,0.50688034,-0.0,0.8334225,7.7320657,0.7741368,0.0,0.88575613,1.6175333,0.5149005,0.8357014,0.0,0.0,0.0,0.3183245,0.1383698,0.51665175,0.0,1.6175333,0.0,1.1234971,1.218806,0.88575613,-0.09530888,10.0,20.667515,20.0,20.0,2.0
resstock-amy2018-2021-release-1-230010,0.0,0.85550654,0.0,0.0,0.9191364,0.0,0.0,0.0,0.0,0.0,0.0,0.0,0.0,0.0,0.10313773,0.10313773,0.0,0.99752504,3.4989089965820312,3.490249323948319,-0.0,0.10313773,0.0,-0.0,0.0,-0.0,1.3142152,1.3142152,-0.0,0.99405605,7.7320657,0.85550654,0.0,1.0489328,1.9123508,0.59723425,1.002607,0.0,0.0,0.0,0.31230372,0.1383698,0.52427983,0.0,1.9123508,0.0,1.2524859,1.4113421,1.0489328,-0.15885629,10.6,20.965782,20.0,20.0,2.0
resstock-amy2018-2021-release-1-230010,1.2857311,0.8047454,0.0,0.0,0.36773336,0.0,0.0,0.0,0.0,0.0,0.0,0.0,0.0,0.0,0.025868177,0.025868177,0.0,0.99905485,3.498908281326294,3.495601285182417,-0.0,0.025868177,0.0,-0.0,0.0,-0.0,0.07475058,0.07475058,-0.0,0.9982563,7.7320657,0.8047454,0.0,1.0448357,1.2414963,0.3784905,0.6570208,0.0,0.0,0.0,0.3048664,0.1383698,0.5292169,0.0,1.2414963,0.0,1.1843736,1.3813145,1.0448357,-0.19694094,11.1,21.204376,18.25,18.25,2.0
resstock-amy2018-2021-release-1-230010,0.0,0.301162,0.0,0.0,0.42822874,0.0,0.0,0.0,0.0,0.0,0.0,0.0,0.0,0.0,0.020541191,0.020541191,0.0,0.9992891,3.4989078044891357,3.4964204148421203,-0.0,0.020541191,0.0,-0.0,0.0,-0.0,0.055356134,0.055356134,-0.0,1.0,7.7320657,0.301162,0.0,0.87211484,1.129183,0.34154296,0.6174852,0.0,0.0,0.0,0.30246907,0.1383698,0.54684246,0.0,1.129183,0.0,1.0865319,1.2782335,0.87211484,-0.19170168,12.8,21.02044,19.444445,19.444445,2.0
resstock-amy2018-2021-release-1-230010,0.0,0.3056954,0.19269724,0.0,8.217659e-08,0.1948607,0.0,0.0,0.0,0.0,0.0,0.0,0.0,0.0,0.019725084,0.019725084,0.0,0.9993044,3.4989073276519775,3.496473535983938,-0.0,0.019725084,0.0,-0.0,0.0,-0.0,0.0,0.0,0.3056952,0.95405364,7.7320657,2.0861626e-07,0.0,0.78393984,0.79690385,0.24567612,0.4415227,0.0,0.0,0.0,0.30828828,0.1383698,0.55404764,0.0,0.79690385,0.0,0.897596,1.0992178,0.78393984,-0.2016218,13.3,21.14473,19.444445,19.444445,2.0
resstock-amy2018-2021-release-1-230010,0.0,0.27197376,0.0,0.0,0.51420224,0.0,0.0,0.0,0.0,0.0,0.0,0.0,0.0,0.0,0.019671202,0.019671202,0.0,0.99928343,3.4989068508148193,3.4963996494912806,-0.0,0.019671202,0.0,-0.0,0.0,-0.0,0.40563565,0.40563565,-0.0,1.0,7.7320657,0.27197376,0.0,0.7191501,1.0730472,0.33709776,0.59563047,0.0,0.0,0.0,0.31415,0.1383698,0.5550832,0.0,1.0730472,0.0,0.89850026,1.0784767,0.7191501,-0.17997643,14.4,21.36942,20.0,20.0,2.0
resstock-amy2018-2021-release-1-230010,0.0,0.31367493,0.0,0.0,0.78545815,0.0,0.0,0.0,0.0,0.0,0.0,0.0,0.0,0.0,0.019743681,0.019743681,0.0,0.999217,3.498906373977661,3.4961666385510597,-0.0,0.019743681,0.0,-0.0,0.0,-0.0,0.04153847,0.04153847,-0.0,1.0,7.7320657,0.31367493,0.0,1.9491367,2.6467922,0.84117705,1.459056,0.0,0.0,0.0,0.31781,0.1383698,0.55125445,0.0,2.6467922,0.0,2.6114628,2.7190092,1.9491367,-0.10754641,15.0,21.65007,20.0,20.0,2.0
resstock-amy2018-2021-release-1-230010,0.0,0.38862616,0.7707863,0.0,0.756539,0.77944005,0.0,0.0,0.0,0.0,0.0,0.0,0.0,0.0,0.019974709,0.019974709,0.0,0.9992763,3.498905897140503,3.4963736703751636,-0.0,0.019974709,0.0,-0.0,0.0,-0.0,0.04153847,0.04153847,-0.0,1.0,7.7320657,0.38862616,0.0,0.61548764,2.1564908,0.7118032,1.2006061,0.0,0.0,0.0,0.33007476,0.1383698,0.55674064,0.0,2.1564908,0.0,2.1201537,2.1351044,0.61548764,-0.014950753,13.3,21.666546,19.962963,19.962963,2.0
resstock-amy2018-2021-release-1-230010,0.0,0.33436632,0.0,0.0,0.8455405,0.0,0.0,0.0,0.0,0.0,0.0,0.0,0.0,0.0,-0.11164132,0.0,-0.11164132,0.95922786,3.4989025592803955,3.3562448141957617,0.11164132,0.0,0.0,-0.0,0.0,-0.0,0.04153847,0.04153847,-0.0,1.0,7.7320657,0.33436632,0.0,0.62622243,1.3601216,0.45333394,0.7631946,0.0,0.0,0.0,0.333304,0.1383698,0.56112236,0.0,1.3601216,0.0,1.4548976,1.4548976,0.62622243,-0.0,12.2,21.566996,20.0,20.0,2.0
resstock-amy2018-2021-release-1-230010,0.0,0.37182283,0.3853942,0.0,0.33696193,0.3897211,0.0,0.0,0.0,0.0,0.0,0.0,0.0,0.0,0.09852098,0.09852098,0.0,0.97996885,3.4988996982574463,3.42881269902621,-0.0,0.09852098,0.0,-0.0,0.0,-0.0,0.04153847,0.04153847,-0.0,1.0,7.7320657,0.37182283,0.0,0.604688,1.4298921,0.4643775,0.80078113,0.0,0.0,0.0,0.324764,0.1383698,0.5600291,0.0,1.4298921,0.0,1.3142773,1.3142773,0.604688,-0.0,11.7,21.556807,20.0,20.0,2.0
resstock-amy2018-2021-release-1-230010,0.0,0.38502574,3.004356,0.0,0.4103126,3.0380864,0.0,0.0,0.0,0.0,0.0,0.0,0.0,0.0,0.05229894,0.05229894,0.0,0.98846596,3.4988982677459717,3.4585418519441333,-0.0,0.05229894,0.0,-0.0,0.0,-0.0,0.04153847,0.04153847,-0.0,1.0,7.7320657,0.38502574,0.0,0.8850337,4.3857317,1.3622025,2.46592,0.0,0.0,0.0,0.3105987,0.1383698,0.5622597,0.0,4.3857317,0.0,4.316339,4.316339,0.8850337,-0.0,11.7,21.563696,20.0,20.0,2.0
resstock-amy2018-2021-release-1-230010,0.0,0.3496849,3.3839014,0.0,0.6819365,3.4218931,0.0,0.0,0.0,0.0,0.0,0.0,0.0,0.0,0.057397842,0.057397842,0.0,0.9986178,3.498896598815918,3.4940605215293203,-0.0,0.057397842,0.0,-0.0,0.0,-0.0,0.04153847,0.04153847,-0.0,1.0,7.7320657,0.3496849,0.0,1.1150043,5.276232,1.590326,3.0016375,0.0,0.0,0.0,0.3014132,0.1383698,0.56889796,0.0,5.276232,0.0,5.201466,5.201466,1.1150043,-0.0,11.1,21.464088,20.0,20.0,2.0
resstock-amy2018-2021-release-1-230010,0.0,0.36214095,0.0,0.0,0.4870483,0.0,0.0,0.0,0.0,0.0,0.0,0.0,0.0,0.0,0.022050858,0.022050858,0.0,0.9992572,3.4988958835601807,3.496296927899067,-0.0,0.022050858,0.0,-0.0,0.0,-0.0,0.04153847,0.04153847,-0.0,1.0,7.7320657,0.36214095,0.0,0.40152928,0.91062844,0.2693983,0.52301234,0.0,0.0,0.0,0.2958378,0.1383698,0.5743422,0.0,0.91062844,0.0,0.87070686,0.87070686,0.40152928,-0.0,10.0,21.29801,19.777779,19.777779,2.0
resstock-amy2018-2021-release-1-230010,0.0,0.47066277,0.0,0.0,2.6036648e-08,0.0,0.0,0.0,0.0,0.0,0.0,0.0,0.0,0.0,0.019824028,0.019824028,0.0,0.9992364,3.4988954067230225,3.4962236673202796,-0.0,0.019824028,0.0,-0.0,0.0,-0.0,0.0,0.0,0.4706627,0.9320728,7.7320657,5.9604645e-08,0.0,0.17528197,0.19510603,0.054889567,0.11289049,0.0,0.0,0.0,0.281332,0.1383698,0.57861096,0.0,0.19510603,0.0,0.38087806,0.38087806,0.17528197,-0.0,9.4,21.211676,19.444445,19.444445,2.0
resstock-amy2018-2021-release-1-230010,0.0,0.45472646,0.0,0.0,9.112827e-08,0.0,0.0,0.0,0.0,0.0,0.0,0.0,0.0,0.0,0.019896269,0.019896269,0.0,0.99922657,3.4988949298858643,3.4961887800329805,-0.0,0.019896269,0.0,-0.0,0.0,-0.0,0.0,0.0,0.45472625,0.8666233,7.7320657,2.0861626e-07,0.0,0.17371795,0.1936143,0.055008452,0.11167474,0.0,0.0,0.0,0.2841136,0.1383698,0.57678974,0.0,0.1936143,0.0,0.3723527,0.3723527,0.17371795,-0.0,9.4,21.060759,19.444445,19.444445,2.0
resstock-amy2018-2021-release-1-230010,0.0,0.25790542,0.0,0.0,0.80941045,0.0,0.0,0.0,0.0,0.0,0.0,0.0,0.0,0.0,0.019929886,0.019929886,0.0,0.9992951,3.498894453048706,3.49642813647975,-0.0,0.019929886,0.0,-0.0,0.0,-0.0,1.0984682,1.0984682,-0.0,1.0,7.7320657,0.25790542,0.0,0.17255284,1.0018932,0.27330846,0.5475977,0.0,0.0,0.0,0.272792,0.1383698,0.54656297,0.0,1.0018932,0.0,0.50212765,0.50212765,0.17255284,-0.0,9.4,20.620018,18.88889,18.88889,2.0
resstock-amy2018-2021-release-1-230010,0.0,0.27380633,0.0,0.0,0.2234388,0.0,0.0,0.0,0.0,0.0,0.0,0.0,0.0,0.0,0.019690752,0.019690752,0.0,0.9992847,3.498893976211548,3.496391163670509,-0.0,0.019690752,0.0,-0.0,0.0,-0.0,0.04153847,0.04153847,-0.0,1.0,7.7320657,0.27380633,0.0,0.1715587,0.41468823,0.11246593,0.224432,0.0,0.0,0.0,0.271206,0.1383698,0.5412066,0.0,0.41468823,0.0,0.37584707,0.37584707,0.1715587,-0.0,7.2,20.162525,18.88889,18.88889,2.0
resstock-amy2018-2021-release-1-230010,0.0,0.21520585,0.0,0.0,0.27068433,0.0,0.0,0.0,0.0,0.0,0.0,0.0,0.0,0.0,0.019726753,0.019726753,0.0,0.99921435,3.4988934993743896,3.496144597815558,-0.0,0.019726753,0.0,-0.0,0.0,-0.0,0.04153847,0.04153847,-0.0,1.0,7.7320657,0.21520585,0.0,0.17625715,0.46666825,0.12656322,0.25617933,0.0,0.0,0.0,0.271206,0.1383698,0.54895383,0.0,0.46666825,0.0,0.42829382,0.42829382,0.17625715,-0.0,8.3,19.83153,18.88889,18.88889,2.0
resstock-amy2018-2021-release-1-230010,0.0,0.16753152,0.0,0.0,0.0,0.0,0.0,0.0,0.0,0.0,0.0,0.0,0.0,0.0,0.019970894,0.019970894,0.0,0.99922043,3.4988930225372314,3.4961653934811494,-0.0,0.019970894,0.0,-0.0,0.0,-0.0,0.0,0.0,0.16753161,0.972463,7.7320657,0.0,0.0,0.23010866,0.25007957,0.06574842,0.1364181,0.0,0.0,0.0,0.26291,0.1383698,0.5454988,0.0,0.25007957,0.0,0.30734545,0.30734545,0.23010866,-0.0,7.2,19.461655,18.88889,18.88889,2.0
resstock-amy2018-2021-release-1-230010,0.8511951,0.19529817,0.0,0.0,0.0,0.0,0.0,0.0,0.0,0.0,0.0,0.0,0.0,0.0,-0.116608076,0.0,-0.116608076,0.9576366,3.498889684677124,3.3506648031182635,0.116608076,0.0,0.0,-0.0,0.0,-0.0,0.0,0.0,0.19529818,0.9413699,7.7320657,0.0,0.0,0.3186101,0.20200202,0.054784156,0.11282015,0.0,0.0,0.0,0.271206,0.1383698,0.55851,0.0,0.20200202,0.0,0.408648,0.408648,0.3186101,-0.0,7.2,19.269596,17.222221,17.222221,2.0
resstock-amy2018-2021-release-1-230010,0.0,0.13080558,0.0,0.0,7.2502516e-08,0.0,0.0,0.0,0.0,0.0,0.0,0.0,0.0,0.0,0.122882724,0.122882724,0.0,0.98481447,3.4988861083984375,3.4457536510990394,-0.0,0.122882724,0.0,-0.0,0.0,-0.0,0.0,0.0,0.13080542,0.9190321,7.7320657,1.6391277e-07,0.0,0.44679707,0.56967986,0.16017883,0.31973422,0.0,0.0,0.0,0.2811734,0.1383698,0.5612525,0.0,0.56967986,0.0,0.5046555,0.5046555,0.44679707,-0.0,8.9,19.174858,18.88889,18.88889,2.0
resstock-amy2018-2021-release-1-230010,0.0,0.16489413,1.0716802,0.0,0.0,1.0837122,0.0,0.0,0.0,0.0,0.0,0.0,0.0,0.0,0.038368974,0.038368974,0.0,0.9896449,3.498884916305542,3.462653560846462,-0.0,0.038368974,0.0,-0.0,0.0,-0.0,0.0,0.0,0.16489436,0.8922687,7.7320657,0.0,0.0,1.4841441,2.6062253,0.7408456,1.4388283,0.0,0.0,0.0,0.28426,0.1383698,0.55207366,0.0,2.6062253,0.0,2.639886,2.639886,1.4841441,-0.0,9.4,19.210766,20.0,20.0,2.0
resstock-amy2018-2021-release-1-230010,0.0,0.24621667,0.0,0.0,0.0,0.0,0.0,0.0,0.0,0.0,0.0,0.0,0.0,0.0,0.053280115,0.053280115,0.0,0.9984765,3.4988834857940674,3.493552955275959,-0.0,0.053280115,0.0,-0.0,0.0,-0.0,0.0,0.0,0.24621683,0.85480917,7.7320657,0.0,0.0,0.87094486,0.9136126,0.26084042,0.50665253,0.0,0.0,0.0,0.2855044,0.1383698,0.55455947,0.0,0.9136126,0.0,0.96165484,0.9722672,0.87094486,-0.010612346,11.7,19.565876,20.0,20.0,2.0
resstock-amy2018-2021-release-1-230010,0.0,0.1876414,0.5782243,0.0,0.0,0.58471614,0.0,0.0,0.0,0.0,0.0,0.0,0.0,0.0,0.02252984,0.02252984,0.0,0.99924445,3.49888277053833,3.4962391949892435,-0.0,0.02252984,0.0,-0.0,0.0,-0.0,0.0,0.0,0.18764146,0.8253498,7.7320657,0.0,0.0,1.0550739,1.6325583,0.487175,0.90337425,0.0,0.0,0.0,0.298412,0.1383698,0.55334884,0.0,1.6325583,0.0,1.6804332,1.7101946,1.0550739,-0.029761488,15.0,19.920635,20.0,20.0,2.0
resstock-amy2018-2021-release-1-230010,0.0,0.16818237,0.0,0.0,5.3123252e-09,0.0,0.0,0.0,0.0,0.0,0.0,0.0,0.0,0.0,0.0198555,0.0198555,0.0,0.9992948,3.498882293701172,3.4964149429549707,-0.0,0.0198555,0.0,-0.0,0.0,-0.0,0.0,0.0,0.16818236,0.79863685,7.7320657,1.4901161e-08,0.0,1.0848314,1.0053213,0.28702363,0.5613828,0.0,0.0,0.0,0.2855044,0.1383698,0.5584113,0.0,1.0053213,0.0,1.0454235,1.1447891,1.0848314,-0.09936557,16.7,20.254951,20.0,20.0,2.0
resstock-amy2018-2021-release-1-230010,0.0,0.24016112,0.0,0.0,2.052792e-08,0.0,0.0,0.0,0.0,0.0,0.0,0.0,0.0,0.0,0.019679546,0.019679546,0.0,0.99929804,3.4988818168640137,3.496425728132891,-0.0,0.019679546,0.0,-0.0,0.0,-0.0,0.0,0.0,0.24016106,0.7624725,7.7320657,5.9604645e-08,0.0,1.0489328,0.9059118,0.25667453,0.5126637,0.0,0.0,0.0,0.2833328,0.1383698,0.5659091,0.0,0.9059118,0.0,0.9689441,1.1316446,1.0489328,-0.16270056,17.8,20.650305,20.0,20.0,2.0
resstock-amy2018-2021-release-1-230010,0.0,0.33691823,0.38548303,0.0,0.0,0.38981092,0.0,0.0,0.0,0.0,0.0,0.0,0.0,0.0,0.019668102,0.019668102,0.0,0.9992981,3.4988813400268555,3.496425460180035,-0.0,0.019668102,0.0,-0.0,0.0,-0.0,0.0,0.0,0.33691826,0.71360445,7.7320657,0.0,0.0,1.0448357,1.2467229,0.3439725,0.70591474,0.0,0.0,0.0,0.27590132,0.1383698,0.56621623,0.0,1.2467229,0.0,1.3371588,1.5447506,1.0448357,-0.20759179,19.4,21.21671,20.0,20.0,2.0
resstock-amy2018-2021-release-1-230010,0.0,0.28481317,0.0,0.0,0.0,0.0,0.0,0.0,0.0,0.0,0.0,0.0,0.0,0.0,0.019667387,0.019667387,0.0,0.999298,3.4988808631896973,3.496424566578469,-0.0,0.019667387,0.0,-0.0,0.0,-0.0,0.0,0.0,0.28481334,0.6719338,7.7320657,0.0,0.0,0.87211484,0.6664189,0.1771157,0.37652358,0.0,0.0,0.0,0.2657723,0.1383698,0.56499535,0.0,0.6664189,0.0,0.7379476,0.9633109,0.87211484,-0.22536333,20.0,21.661884,20.0,20.0,2.0
resstock-amy2018-2021-release-1-230010,0.10366863,0.32408738,0.0,0.0,0.0,0.0,0.0,0.0,0.0,0.0,0.0,0.0,0.0,0.0,0.019667387,0.019667387,0.0,0.99929786,3.498880386352539,3.4964236729770164,-0.0,0.019667387,0.0,-0.0,0.0,-0.0,0.0,0.0,0.32408747,0.62524754,7.7320657,0.0,0.0,0.78393984,0.58348346,0.15824421,0.3296205,0.0,0.0,0.0,0.271206,0.1383698,0.56491834,0.0,0.58348346,0.0,0.66544807,0.88557184,0.78393984,-0.22012375,20.6,22.195904,20.0,20.0,2.0
resstock-amy2018-2021-release-1-230010,0.31692427,0.29180413,0.0,0.0,0.08872708,0.0,0.0,0.0,0.0,0.0,0.0,0.0,0.0,0.0,0.019667387,0.019667387,0.0,0.9992977,3.498879909515381,3.4964225708261836,-0.0,0.019667387,0.0,-0.0,0.0,-0.0,0.0,0.0,0.014701585,0.62002826,7.7320657,0.27710256,0.0,0.7191501,0.64365023,0.18242219,0.36725122,0.0,0.0,0.0,0.2834182,0.1383698,0.5705758,0.0,0.64365023,0.0,0.62869024,0.8125846,0.7191501,-0.18389435,20.0,22.564678,20.0,20.0,2.0
resstock-amy2018-2021-release-1-230010,0.29008067,0.27972466,0.0,0.0,0.76854897,0.0,0.0,0.0,0.0,0.0,0.0,0.0,0.0,0.0,0.019667387,0.019667387,0.0,0.99929756,3.4988794326782227,3.496421677224987,-0.0,0.019667387,0.0,-0.0,0.0,-0.0,1.9880497,1.9880497,-0.0,0.8663641,7.7320657,0.27972466,0.0,0.61996514,1.2986286,0.36978188,0.7503763,0.0,0.0,0.0,0.284748,0.1383698,0.5778221,0.0,1.2986286,0.0,0.6052109,0.71476376,0.61996514,-0.10955284,18.3,22.761314,20.0,20.0,2.0
resstock-amy2018-2021-release-1-230010,0.23553768,0.22867471,0.5782234,0.0,0.8127015,0.58471525,0.0,0.0,0.0,0.0,0.0,0.0,0.0,0.0,0.019667387,0.019667387,0.0,0.9992835,3.4988789558410645,3.4963719830555817,-0.0,0.019667387,0.0,-0.0,0.0,-0.0,1.1005217,1.1005217,-0.0,1.0,7.7320657,0.22867471,0.0,1.6788249,3.0772386,0.94783074,1.7930557,0.0,0.0,0.0,0.3080134,0.1383698,0.5826833,0.0,3.0772386,0.0,2.6652308,2.6839013,1.6788249,-0.01867056,16.7,22.690937,20.0,20.0,2.0
resstock-amy2018-2021-release-1-230010,0.0,0.22251564,0.0,0.0,1.0351923,0.0,0.0,0.0,0.0,0.0,0.0,0.0,0.0,0.0,0.019715786,0.019715786,0.0,0.9992905,3.4988784790039062,3.4963961153903256,-0.0,0.019715786,0.0,-0.0,0.0,-0.0,0.04153847,0.04153847,-0.0,1.0,7.7320657,0.22251564,0.0,0.62622243,1.6811304,0.5999114,0.97218436,0.0,0.0,0.0,0.35685,0.1383698,0.5782921,0.0,1.6811304,0.0,1.6458291,1.6458291,0.62622243,-0.0,15.0,22.56218,20.0,20.0,2.0
resstock-amy2018-2021-release-1-230010,0.0,0.22438481,0.0,0.0,1.760927e-08,0.0,0.0,0.0,0.0,0.0,0.0,0.0,0.0,0.0,0.019690752,0.019690752,0.0,0.9992967,3.498878002166748,3.496417328027036,-0.0,0.019690752,0.0,-0.0,0.0,-0.0,0.0,0.0,0.22438477,0.9648877,7.7320657,4.4703484e-08,0.0,0.604688,0.62437874,0.22280955,0.3602418,0.0,0.0,0.0,0.35685,0.1383698,0.5769604,0.0,0.62437874,0.0,0.693076,0.693076,0.604688,-0.0,13.3,22.411026,20.0,20.0,2.0
resstock-amy2018-2021-release-1-230010,0.0,0.17804065,0.0,0.0,0.0,0.0,0.0,0.0,0.0,0.0,0.0,0.0,0.0,0.0,0.019668818,0.019668818,0.0,0.9992672,3.49887752532959,3.4963136195959805,-0.0,0.019668818,0.0,-0.0,0.0,-0.0,0.0,0.0,0.1780408,0.9361335,7.7320657,0.0,0.0,0.53082556,0.5504944,0.18300514,0.31873336,0.0,0.0,0.0,0.3324378,0.1383698,0.57899475,0.0,0.5504944,0.0,0.6040923,0.6040923,0.53082556,-0.0,11.7,22.174622,20.0,20.0,2.0
resstock-amy2018-2021-release-1-230010,0.0,0.2097744,0.0,0.0,1.8150304e-08,0.0,0.0,0.0,0.0,0.0,0.0,0.0,0.0,0.0,0.01977086,0.01977086,0.0,0.9992862,3.4988770484924316,3.49637946179314,-0.0,0.01977086,0.0,-0.0,0.0,-0.0,0.0,0.0,0.20977436,0.903301,7.7320657,4.4703484e-08,0.0,1.7826666,1.8024374,0.5123609,1.0507547,0.0,0.0,0.0,0.28426,0.1383698,0.58296317,0.0,1.8024374,0.0,1.8678381,1.8678381,1.7826666,-0.0,12.2,22.08024,20.0,20.0,2.0
resstock-amy2018-2021-release-1-230010,0.0,0.27326906,0.0,0.0,0.14221355,0.0,0.0,0.0,0.0,0.0,0.0,0.0,0.0,0.0,0.01970458,0.01970458,0.0,0.99929607,3.4988765716552734,3.4964136044793577,-0.0,0.01970458,0.0,-0.0,0.0,-0.0,0.07231491,0.07231491,-0.0,0.9076687,7.7320657,0.27326906,0.0,1.7307009,1.892619,0.52869064,1.118643,0.0,0.0,0.0,0.2793434,0.1383698,0.5910556,0.0,1.892619,0.0,1.8431556,1.8431556,1.7307009,-0.0,11.7,21.985504,19.777779,19.777779,2.0
resstock-amy2018-2021-release-1-230010,0.0,0.22377154,0.0,0.0,0.4336442,0.0,0.0,0.0,0.0,0.0,0.0,0.0,0.0,0.0,0.019669533,0.019669533,0.0,0.99929655,3.4988760948181152,3.496414796371994,-0.0,0.019669533,0.0,-0.0,0.0,-0.0,0.773208,0.773208,-0.0,1.0,7.7320657,0.22377154,0.0,0.2838478,0.7371615,0.19992262,0.44122043,0.0,0.0,0.0,0.271206,0.1383698,0.5985397,0.0,0.7371615,0.0,0.39419958,0.39419958,0.2838478,-0.0,11.1,21.735737,20.0,20.0,2.0
resstock-amy2018-2021-release-1-230010,0.0,0.2404836,0.0,0.0,0.5884923,0.0,0.0,0.0,0.0,0.0,0.0,0.0,0.0,0.0,0.019667625,0.019667625,0.0,0.9992965,3.498875617980957,3.4964141113210303,-0.0,0.019667625,0.0,-0.0,0.0,-0.0,0.04153847,0.04153847,-0.0,1.0,7.7320657,0.2404836,0.0,0.23914558,0.8473055,0.2424193,0.49292624,0.0,0.0,0.0,0.28610614,0.1383698,0.5817574,0.0,0.8473055,0.0,0.80949295,0.80949295,0.23914558,-0.0,9.4,21.38257,20.0,20.0,2.0
resstock-amy2018-2021-release-1-230010,0.0,0.4136396,0.0,0.0,0.12566687,0.0,0.0,0.0,0.0,0.0,0.0,0.0,0.0,0.0,0.019667149,0.019667149,0.0,0.99929637,3.498875141143799,3.4964132177209137,-0.0,0.019667149,0.0,-0.0,0.0,-0.0,0.0,0.0,0.11698924,0.97919744,7.7320657,0.29665035,0.0,0.21490169,0.3602357,0.10033501,0.21570988,0.0,0.0,0.0,0.278526,0.1383698,0.5988021,0.0,0.3602357,0.0,0.39012748,0.39012748,0.21490169,-0.0,10.6,21.37413,19.444445,19.444445,2.0
resstock-amy2018-2021-release-1-230010,0.0,0.16945292,0.0,0.0,0.5661825,0.0,0.0,0.0,0.0,0.0,0.0,0.0,0.0,0.0,0.01966691,0.01966691,0.0,0.9992962,3.4988746643066406,3.4964121155717294,-0.0,0.01966691,0.0,-0.0,0.0,-0.0,0.20638609,0.20638609,-0.0,1.0,7.7320657,0.16945292,0.0,0.20263457,0.788484,0.21403399,0.47065637,0.0,0.0,0.0,0.27145,0.1383698,0.59691304,0.0,0.788484,0.0,0.6813879,0.6813879,0.20263457,-0.0,10.6,20.890968,19.444445,19.444445,2.0
resstock-amy2018-2021-release-1-230010,0.0,0.16772065,0.0,0.0,0.48627445,0.0,0.0,0.0,0.0,0.0,0.0,0.0,0.0,0.0,0.019667149,0.019667149,0.0,0.99929607,3.4988741874694824,3.4964112219718686,-0.0,0.019667149,0.0,-0.0,0.0,-0.0,0.04153847,0.04153847,-0.0,1.0,7.7320657,0.16772065,0.0,0.20327602,0.7092176,0.18074977,0.41983822,0.0,0.0,0.0,0.254858,0.1383698,0.5919738,0.0,0.7092176,0.0,0.67140555,0.67140555,0.20327602,-0.0,9.4,20.517525,18.88889,18.88889,2.0
resstock-amy2018-2021-release-1-230010,0.0,0.2137897,0.0,0.0,0.821087,0.0,0.0,0.0,0.0,0.0,0.0,0.0,0.0,0.0,0.019667149,0.019667149,0.0,0.99929595,3.498873710632324,3.4964103283721215,-0.0,0.019667149,0.0,-0.0,0.0,-0.0,0.04153847,0.04153847,-0.0,1.0,7.7320657,0.2137897,0.0,0.19809042,1.0388446,0.25932074,0.6069046,0.0,0.0,0.0,0.2496242,0.1383698,0.5842112,0.0,1.0388446,0.0,1.0000271,1.0000271,0.19809042,-0.0,7.2,20.165695,18.88889,18.88889,2.0
resstock-amy2018-2021-release-1-230010,0.0,0.18869308,0.0,0.0,2.6758032e-08,0.0,0.0,0.0,0.0,0.0,0.0,0.0,0.0,0.0,0.019667149,0.019667149,0.0,0.99929583,3.498873233795166,3.496409434772488,-0.0,0.019667149,0.0,-0.0,0.0,-0.0,0.0,0.0,0.18869302,0.9696434,7.7320657,5.9604645e-08,0.0,0.25351024,0.27317742,0.06811837,0.1573099,0.0,0.0,0.0,0.2493558,0.1383698,0.5758525,0.0,0.27317742,0.0,0.33821934,0.33821934,0.25351024,-0.0,8.3,19.981678,18.333334,18.333334,2.0
resstock-amy2018-2021-release-1-230010,0.0,0.084526286,0.0,0.0,1.6928709e-08,0.0,0.0,0.0,0.0,0.0,0.0,0.0,0.0,0.0,0.01966691,0.01966691,0.0,0.99929565,3.498872756958008,3.4964083326239006,-0.0,0.01966691,0.0,-0.0,0.0,-0.0,0.0,0.0,0.08452625,0.9533246,7.7320657,3.7252903e-08,0.0,0.44679707,0.466464,0.11792602,0.26386687,0.0,0.0,0.0,0.2528084,0.1383698,0.56567466,0.0,0.466464,0.0,0.48520806,0.48520806,0.44679707,-0.0,7.8,19.744703,19.444445,19.444445,2.0
resstock-amy2018-2021-release-1-230010,0.0,0.1205554,0.0,0.0,0.0,0.0,0.0,0.0,0.0,0.0,0.0,0.0,0.0,0.0,0.019667149,0.019667149,0.0,0.99929553,3.4988722801208496,3.496407439024523,-0.0,0.019667149,0.0,-0.0,0.0,-0.0,0.0,0.0,0.1205554,0.9322903,7.7320657,0.0,0.0,0.40985033,0.42951748,0.1166292,0.24065614,0.0,0.0,0.0,0.2715354,0.1383698,0.56029415,0.0,0.42951748,0.0,0.4617158,0.4617158,0.40985033,-0.0,10.0,19.699476,20.0,20.0,2.0
resstock-amy2018-2021-release-1-230010,0.0,0.08131418,0.0,0.0,0.35317072,0.0,0.0,0.0,0.0,0.0,0.0,0.0,0.0,0.0,0.019667149,0.019667149,0.0,0.9992954,3.4988718032836914,3.496406545425259,-0.0,0.019667149,0.0,-0.0,0.0,-0.0,0.5780968,0.5780968,-0.0,1.0,7.7320657,0.08131418,0.0,0.67009085,1.0371827,0.28015137,0.5780711,0.0,0.0,0.0,0.270108,0.1383698,0.5573474,0.0,1.0371827,0.0,0.77262247,0.77836853,0.67009085,-0.0057460438,10.6,19.6515,20.0,20.0,2.0
resstock-amy2018-2021-release-1-230010,0.0,0.12669604,0.0,0.0,0.9567811,0.0,0.0,0.0,0.0,0.0,0.0,0.0,0.0,0.0,0.01966691,0.01966691,0.0,0.99929523,3.498871326446533,3.4964054432771263,-0.0,0.01966691,0.0,-0.0,0.0,-0.0,0.04153847,0.04153847,-0.0,1.0,7.7320657,0.12669604,0.0,0.85219574,1.8080075,0.50825304,1.0225976,0.0,0.0,0.0,0.28111225,0.1383698,0.56559366,0.0,1.8080075,0.0,1.7712468,1.7918831,0.85219574,-0.02063633,11.7,19.700634,20.0,20.0,2.0
resstock-amy2018-2021-release-1-230010,0.0,0.08515051,0.0,0.0,1.2739068,0.0,0.0,0.0,0.0,0.0,0.0,0.0,0.0,0.0,0.019667149,0.019667149,0.0,0.9992951,3.498870849609375,3.496404549678118,-0.0,0.019667149,0.0,-0.0,0.0,-0.0,0.04153847,0.04153847,-0.0,1.0,7.7320657,0.08515051,0.0,0.88575613,2.1207645,0.56890893,1.2115489,0.0,0.0,0.0,0.26825655,0.1383698,0.57127935,0.0,2.1207645,0.0,2.085009,2.1435747,0.88575613,-0.05856562,13.9,19.793037,19.194445,19.194445,2.0
resstock-amy2018-2021-release-1-230010,0.0,0.07334823,0.0,0.0,0.6526996,0.0,0.0,0.0,0.0,0.0,0.0,0.0,0.0,0.0,0.019667149,0.019667149,0.0,0.999295,3.498870372772217,3.4964036560792238,-0.0,0.019667149,0.0,-0.0,0.0,-0.0,0.04153847,0.04153847,-0.0,1.0,7.7320657,0.07334823,0.0,0.85131556,1.4367875,0.3721681,0.81764597,0.0,0.0,0.0,0.25902793,0.1383698,0.5690793,0.0,1.4367875,0.0,1.4007578,1.4876527,0.85131556,-0.086894915,13.3,19.815168,19.444445,19.444445,2.0
resstock-amy2018-2021-release-1-230010,1.3331239,0.09120926,0.0,0.0,3.8686256e-08,0.0,0.0,0.0,0.0,0.0,0.0,0.0,0.0,0.0,0.019667149,0.019667149,0.0,0.9992949,3.4988698959350586,3.496402762480443,-0.0,0.019667149,0.0,-0.0,0.0,-0.0,0.0,0.0,0.091209166,0.98263246,7.7320657,9.685755e-08,0.0,0.8474973,0.7639787,0.19601105,0.43445218,0.0,0.0,0.0,0.2565661,0.1383698,0.5686705,0.0,0.7639787,0.0,0.7807418,0.8839276,0.8474973,-0.10318574,12.8,19.832373,17.777779,17.777779,2.0
resstock-amy2018-2021-release-1-230010,0.54983306,0.05554377,0.0,0.0,0.0,0.0,0.0,0.0,0.0,0.0,0.0,0.0,0.0,0.0,0.01966691,0.01966691,0.0,0.9992947,3.4988694190979004,3.496401660332907,-0.0,0.01966691,0.0,-0.0,0.0,-0.0,0.0,0.0,0.055543795,0.97010773,7.7320657,0.0,0.0,0.87211484,0.8075806,0.18620977,0.46526808,0.0,0.0,0.0,0.23057732,0.1383698,0.57612586,0.0,0.8075806,0.0,0.8094264,0.8936276,0.87211484,-0.084201165,13.9,19.900553,17.777779,17.777779,2.0
resstock-amy2018-2021-release-1-230010,0.0,0.045776203,0.0,0.0,5.4828167e-08,0.0,0.0,0.0,0.0,0.0,0.0,0.0,0.0,0.0,0.019667149,0.019667149,0.0,0.9992946,3.498868942260742,3.496400766734382,-0.0,0.019667149,0.0,-0.0,0.0,-0.0,0.0,0.0,0.04577606,0.95894974,7.7320657,1.4156103e-07,0.0,0.5891643,0.47274497,0.11309664,0.27161384,0.0,0.0,0.0,0.23923394,0.1383698,0.5745462,0.0,0.47274497,0.0,0.4708074,0.60689396,0.5891643,-0.13608655,13.9,20.024662,19.444445,19.444445,2.0
resstock-amy2018-2021-release-1-230010,0.0,0.11536077,0.0,0.0,0.0,0.0,0.0,0.0,0.0,0.0,0.0,0.0,0.0,0.0,0.019667149,0.019667149,0.0,0.99929446,3.498868465423584,3.496399873135971,-0.0,0.019667149,0.0,-0.0,0.0,-0.0,0.0,0.0,0.115360975,0.9385782,7.7320657,0.0,0.0,0.5077328,0.44486797,0.11967394,0.24969274,0.0,0.0,0.0,0.26901,0.1383698,0.5612738,0.0,0.44486797,0.0,0.46988142,0.5524134,0.5077328,-0.08253198,13.9,20.192034,19.444445,19.444445,2.0
resstock-amy2018-2021-release-1-230010,0.0,0.11286996,0.0,0.0,0.0,0.0,0.0,0.0,0.0,0.0,0.0,0.0,0.0,0.0,0.01966691,0.01966691,0.0,0.99929434,3.498867988586426,3.4963989795376733,-0.0,0.01966691,0.0,-0.0,0.0,-0.0,0.0,0.0,0.11286998,0.91864485,7.7320657,0.0,0.0,0.61996514,0.6147423,0.17599912,0.33434847,0.0,0.0,0.0,0.2862974,0.1383698,0.543884,0.0,0.6147423,0.0,0.63953626,0.664426,0.61996514,-0.024889762,13.3,20.239613,19.444445,19.444445,2.0
resstock-amy2018-2021-release-1-230010,0.0,0.053277086,0.0,0.0,1.4728243,0.0,0.0,0.0,0.0,0.0,0.0,0.0,0.0,0.0,0.01966691,0.01966691,0.0,0.99929416,3.4988675117492676,3.4963978773907343,-0.0,0.01966691,0.0,-0.0,0.0,-0.0,0.686229,0.686229,-0.0,1.0,7.7320657,0.053277086,0.0,0.61548764,2.0988498,0.6335172,1.1230371,0.0,0.0,0.0,0.3018402,0.1383698,0.5350726,0.0,2.0988498,0.0,1.8050934,1.8142225,0.61548764,-0.009129096,12.8,20.142889,19.444445,19.444445,2.0
resstock-amy2018-2021-release-1-230010,0.0,0.1010306,0.0,0.0,1.5669758,0.0,0.0,0.0,0.0,0.0,0.0,0.0,0.0,0.0,0.019667149,0.019667149,0.0,0.99929404,3.4988670349121094,3.4963969837926925,-0.0,0.019667149,0.0,-0.0,0.0,-0.0,0.04153847,0.04153847,-0.0,1.0,7.7320657,0.1010306,0.0,0.62622243,2.2128654,0.7356671,1.1784685,0.0,0.0,0.0,0.33245,0.1383698,0.5325532,0.0,2.2128654,0.0,2.176333,2.176333,0.62622243,-0.0,12.2,20.131992,19.444445,19.444445,2.0
resstock-amy2018-2021-release-1-230010,1.3240898,0.29323694,0.0,0.0,1.6620606,0.0,0.0,0.0,0.0,0.0,0.0,0.0,0.0,0.0,0.019667149,0.019667149,0.0,0.9992401,3.498866558074951,3.49620777072019,-0.0,0.019667149,0.0,-0.0,0.0,-0.0,0.04153847,0.04153847,-0.0,1.0,7.7320657,0.29323694,0.0,0.604688,2.2864158,0.8045266,1.1899726,0.0,0.0,0.0,0.3518724,0.1383698,0.5204533,0.0,2.2864158,0.0,2.2493806,2.2493806,0.604688,-0.0,11.1,20.297195,17.777779,17.777779,2.0
resstock-amy2018-2021-release-1-230010,0.0,2.737454,0.38555962,0.0,0.0,0.38988838,0.0,0.0,0.0,0.0,0.0,0.0,0.0,0.0,0.019854307,0.019854307,0.0,0.9992902,3.498866081237793,3.4963826836767566,-0.0,0.019854307,0.0,-0.0,0.0,-0.0,0.0,0.0,2.7374542,0.6300379,7.7320657,0.0,0.0,0.53082556,0.9405682,0.3253143,0.48227587,0.0,0.0,0.0,0.34587,0.1383698,0.5127495,0.0,0.9405682,0.0,2.0652933,2.0652933,0.53082556,-0.0,11.1,22.919363,19.814816,19.814816,2.0
resstock-amy2018-2021-release-1-230010,0.0,0.21275719,0.0,0.0,1.587154,0.0,0.0,0.0,0.0,0.0,0.0,0.0,0.0,0.0,0.019679546,0.019679546,0.0,0.9992934,3.4988656044006348,3.496393260256042,-0.0,0.019679546,0.0,-0.0,0.0,-0.0,2.9732645,2.9732645,-0.0,1.0,7.7320657,0.21275719,0.0,0.18133548,1.788169,0.54871154,0.91785055,0.0,0.0,0.0,0.30685663,0.1383698,0.5132907,0.0,1.788169,0.0,0.52531326,0.52531326,0.18133548,-0.0,11.1,22.233274,20.0,20.0,2.0
resstock-amy2018-2021-release-1-230010,0.0,0.05072062,0.0,0.0,2.636455e-08,0.0,0.0,0.0,0.0,0.0,0.0,0.0,0.0,0.0,0.019667864,0.019667864,0.0,0.9992935,3.4988651275634766,3.496393200853049,-0.0,0.019667864,0.0,-0.0,0.0,-0.0,0.0,0.0,0.05072056,0.98802733,7.7320657,5.9604645e-08,0.0,0.1787773,0.1984452,0.058225103,0.10241291,0.0,0.0,0.0,0.29340646,0.1383698,0.5160765,0.0,0.1984452,0.0,0.20121224,0.20121224,0.1787773,-0.0,8.9,21.403011,19.791666,19.791666,2.0
resstock-amy2018-2021-release-1-230010,0.0,0.026317522,0.0,0.0,1.7100573,0.0,0.0,0.0,0.0,0.0,0.0,0.0,0.0,0.0,0.01966691,0.01966691,0.0,0.9992934,3.4988646507263184,3.4963923072556042,-0.0,0.01966691,0.0,-0.0,0.0,-0.0,0.13641497,0.13641497,-0.0,1.0,7.7320657,0.026317522,0.0,0.17528197,1.9050062,0.5307797,0.9845871,0.0,0.0,0.0,0.2786236,0.1383698,0.51684195,0.0,1.9050062,0.0,1.8240991,1.8240991,0.17528197,-0.0,8.3,20.771639,19.444445,19.444445,2.0
resstock-amy2018-2021-release-1-230010,0.0,0.08621896,0.0,0.0,5.2073297e-08,0.0,0.0,0.0,0.0,0.0,0.0,0.0,0.0,0.0,0.01966691,0.01966691,0.0,0.9992932,3.49886417388916,3.496391205109717,-0.0,0.01966691,0.0,-0.0,0.0,-0.0,0.0,0.0,0.08621884,0.9832974,7.7320657,1.1920929e-07,0.0,0.17371795,0.1933849,0.052985065,0.09706666,0.0,0.0,0.0,0.2739876,0.1383698,0.50193506,0.0,0.1933849,0.0,0.21138032,0.21138032,0.17371795,-0.0,9.4,20.417126,18.88889,18.88889,2.0
resstock-amy2018-2021-release-1-230010,0.0,0.05483441,0.0,0.0,1.2907319,0.0,0.0,0.0,0.0,0.0,0.0,0.0,0.0,0.0,0.019667149,0.019667149,0.0,0.99924004,3.498863697052002,3.496204703322803,-0.0,0.019667149,0.0,-0.0,0.0,-0.0,0.17389663,0.17389663,-0.0,1.0,7.7320657,0.05483441,0.0,0.17255284,1.4829519,0.39997822,0.76887995,0.0,0.0,0.0,0.2697176,0.1383698,0.51847935,0.0,1.4829519,0.0,1.3831135,1.3831135,0.17255284,-0.0,7.2,19.861757,18.88889,18.88889,2.0
resstock-amy2018-2021-release-1-230010,0.0,0.05968628,0.0,0.0,0.89607525,0.0,0.0,0.0,0.0,0.0,0.0,0.0,0.0,0.0,-0.06222358,0.0,-0.06222358,0.97453135,3.498861789703369,3.4097505122001337,0.06222358,0.0,0.0,-0.0,0.0,-0.0,0.04153847,0.04153847,-0.0,1.0,7.7320657,0.05968628,0.0,0.1715587,1.0054104,0.27542093,0.52195334,0.0,0.0,0.0,0.2739388,0.1383698,0.51914454,0.0,1.0054104,0.0,1.0487578,1.0487578,0.1715587,-0.0,7.8,19.535526,19.444445,19.444445,2.0
resstock-amy2018-2021-release-1-230010,0.0,0.06504449,0.0,0.0,1.5003351,0.0,0.0,0.0,0.0,0.0,0.0,0.0,0.0,0.0,0.10587692,0.10587692,0.0,0.99713606,3.498858690261841,3.48883815638969,-0.0,0.10587692,0.0,-0.0,0.0,-0.0,0.04153847,0.04153847,-0.0,1.0,7.7320657,0.06504449,0.0,0.17625715,1.7824692,0.48572144,0.9248478,0.0,0.0,0.0,0.2724992,0.1383698,0.51885766,0.0,1.7824692,0.0,1.6599921,1.6599921,0.17625715,-0.0,12.78,19.53603,18.88889,18.88889,2.0
resstock-amy2018-2021-release-1-230010,0.0,0.042364303,0.0,0.0,0.0,0.0,0.0,0.0,0.0,0.0,0.0,0.0,0.0,0.0,0.027172089,0.027172089,0.0,0.99915034,3.4988579750061035,3.495885120604413,-0.0,0.027172089,0.0,-0.0,0.0,-0.0,0.0,0.0,0.042364486,0.9891407,7.7320657,0.0,0.0,0.19809042,0.22526251,0.061705388,0.11719278,0.0,0.0,0.0,0.2739266,0.1383698,0.52024984,0.0,0.22526251,0.0,0.21657753,0.21657753,0.19809042,-0.0,9.44,19.243664,18.333334,18.333334,2.0
resstock-amy2018-2021-release-1-230010,0.0,0.031671535,0.0,0.0,0.0,0.0,0.0,0.0,0.0,0.0,0.0,0.0,0.0,0.0,0.02015829,0.02015829,0.0,0.999282,3.4988574981689453,3.4963453270540867,-0.0,0.02015829,0.0,-0.0,0.0,-0.0,0.0,0.0,0.03167154,0.9797628,7.7320657,0.0,0.0,0.25351024,0.27366853,0.07658083,0.14196596,0.0,0.0,0.0,0.2798306,0.1383698,0.5187515,0.0,0.27366853,0.0,0.2677284,0.2677284,0.25351024,-0.0,8.3,19.035194,18.333334,18.333334,2.0
resstock-amy2018-2021-release-1-230010,0.0,0.05861818,0.0,0.0,9.961287e-08,0.0,0.0,0.0,0.0,0.0,0.0,0.0,0.0,0.0,0.019699335,0.019699335,0.0,0.9992066,3.498857021331787,3.496081037175003,-0.0,0.019699335,0.0,-0.0,0.0,-0.0,0.0,0.0,0.058617964,0.9668433,7.7320657,2.1606684e-07,0.0,0.30414134,0.32384077,0.09823807,0.16667253,0.0,0.0,0.0,0.303353,0.1383698,0.5146743,0.0,0.32384077,0.0,0.33116597,0.33116597,0.30414134,-0.0,7.2,18.902231,18.88889,18.88889,2.0
resstock-amy2018-2021-release-1-230010,0.0,0.059093654,0.0,0.0,0.0,0.0,0.0,0.0,0.0,0.0,0.0,0.0,0.0,0.0,0.019961596,0.019961596,0.0,0.99923664,3.498856544494629,3.496185668959299,-0.0,0.019961596,0.0,-0.0,0.0,-0.0,0.0,0.0,0.059093762,0.9539279,7.7320657,0.0,0.0,0.40985033,0.42981192,0.149734,0.22070011,0.0,0.0,0.0,0.348371,0.1383698,0.51348066,0.0,0.42981192,0.0,0.4367041,0.4367041,0.40985033,-0.0,7.8,18.86607,20.0,20.0,2.0
resstock-amy2018-2021-release-1-230010,0.0,0.069170214,0.0,0.0,3.156211e-09,0.0,0.0,0.0,0.0,0.0,0.0,0.0,0.0,0.0,0.019856453,0.019856453,0.0,0.9992308,3.4988560676574707,3.4961647547749806,-0.0,0.019856453,0.0,-0.0,0.0,-0.0,0.0,0.0,0.06917021,0.93973714,7.7320657,7.450581e-09,0.0,0.67009085,0.67304784,0.23106271,0.34804633,0.0,0.0,0.0,0.343308,0.1383698,0.51711977,0.0,0.67304784,0.0,0.6824932,0.6993927,0.67009085,-0.016899483,10.6,18.994997,20.0,20.0,2.0
resstock-amy2018-2021-release-1-230010,0.0,0.070732445,0.0,0.0,1.5067004,0.0,0.0,0.0,0.0,0.0,0.0,0.0,0.0,0.0,0.019876242,0.019876242,0.0,0.99928683,3.4988555908203125,3.496360313466539,-0.0,0.019876242,0.0,-0.0,0.0,-0.0,0.51908475,0.51908475,-0.0,1.0,7.7320657,0.070732445,0.0,0.85219574,2.3361206,0.8193943,1.2174851,0.0,0.0,0.0,0.35075,0.1383698,0.5211568,0.0,2.3361206,0.0,2.1054878,2.1481395,0.85219574,-0.042651772,12.2,19.19392,20.0,20.0,2.0
resstock-amy2018-2021-release-1-230010,0.0,0.09274387,0.0,0.0,0.0,0.0,0.0,0.0,0.0,0.0,0.0,0.0,0.0,0.0,0.019680738,0.019680738,0.0,0.9992646,3.4988551139831543,3.496282048559408,-0.0,0.019680738,0.0,-0.0,0.0,-0.0,0.0,0.0,0.09274393,0.98242795,7.7320657,0.0,0.0,0.88575613,0.8125131,0.2519243,0.42510504,0.0,0.0,0.0,0.31005567,0.1383698,0.52319777,0.0,0.8125131,0.0,0.83048785,0.9234116,0.88575613,-0.09292375,12.2,19.351578,19.694445,19.694445,2.0
resstock-amy2018-2021-release-1-230010,0.0,0.0939037,0.0,0.0,0.6709767,0.0,0.0,0.0,0.0,0.0,0.0,0.0,0.0,0.0,0.019757748,0.019757748,0.0,0.9992888,3.498854637145996,3.4963662425559505,-0.0,0.019757748,0.0,-0.0,0.0,-0.0,0.18078606,0.18078606,-0.0,1.0,7.7320657,0.0939037,0.0,0.85131556,1.3811245,0.42784294,0.7237525,0.0,0.0,0.0,0.3097787,0.1383698,0.52403134,0.0,1.3811245,0.0,1.2923409,1.4532664,0.85131556,-0.16092552,14.4,19.539684,20.0,20.0,2.0
resstock-amy2018-2021-release-1-230010,0.0,0.12487362,0.0,0.0,1.3731028,0.0,0.0,0.0,0.0,0.0,0.0,0.0,0.0,0.0,0.01967287,0.01967287,0.0,0.9992902,3.498854160308838,3.4963707712089445,-0.0,0.01967287,0.0,-0.0,0.0,-0.0,0.04153847,0.04153847,-0.0,1.0,7.7320657,0.12487362,0.0,0.8474973,2.0340095,0.60079837,1.0689033,0.0,0.0,0.0,0.2953764,0.1383698,0.52551544,0.0,2.0340095,0.0,1.9984767,2.2047403,0.8474973,-0.20626356,14.4,19.70349,20.0,20.0,2.0
resstock-amy2018-2021-release-1-230010,0.0,0.113583624,0.0,0.0,1.229913,0.0,0.0,0.0,0.0,0.0,0.0,0.0,0.0,0.0,-0.06513509,0.0,-0.06513509,0.9736744,3.498852252960205,3.406742925967876,0.06513509,0.0,0.0,-0.0,0.0,-0.0,0.04153847,0.04153847,-0.0,1.0,7.7320657,0.113583624,0.0,0.6752373,1.6179309,0.47834548,0.85498077,0.0,0.0,0.0,0.2956526,0.1383698,0.52844083,0.0,1.6179309,0.0,1.6679832,1.8900676,0.6752373,-0.22208434,16.1,19.956066,20.0,20.0,2.0
resstock-amy2018-2021-release-1-230010,0.0,0.093738064,0.0,0.0,1.2285361,0.0,0.0,0.0,0.0,0.0,0.0,0.0,0.0,0.0,-0.16477375,0.0,-0.16477375,0.917389,3.498847484588623,3.2098041097383145,0.16477375,0.0,0.0,-0.0,0.0,-0.0,0.04153847,0.04153847,-0.0,1.0,7.7320657,0.093738064,0.0,0.5891643,1.4524412,0.43287602,0.76434445,0.0,0.0,0.0,0.29803342,0.1383698,0.5262481,0.0,1.4524412,0.0,1.6029091,1.8033946,0.5891643,-0.20048545,17.8,20.299198,20.0,20.0,2.0
resstock-amy2018-2021-release-1-230010,0.0,0.074236676,0.0,0.0,0.0,0.0,0.0,0.0,0.0,0.0,0.0,0.0,0.0,0.0,0.3048129,0.3048129,0.0,0.99480075,3.4988386631011963,3.480647313729307,-0.0,0.3048129,0.0,-0.0,0.0,-0.0,0.0,0.0,0.07423689,0.9848939,7.7320657,0.0,0.0,0.5077328,0.63372695,0.19436032,0.3374565,0.0,0.0,0.0,0.3066941,0.1383698,0.5324951,0.0,0.63372695,0.0,0.3549714,0.5337902,0.5077328,-0.17881875,17.2,20.601143,20.0,20.0,2.0
resstock-amy2018-2021-release-1-230010,0.02176026,0.054269686,0.0,0.0,0.9461943,0.0,0.0,0.0,0.0,0.0,0.0,0.0,0.0,0.0,0.03528285,0.03528285,0.0,0.998995,3.49883770942688,3.4953213988173815,-0.0,0.03528285,0.0,-0.0,0.0,-0.0,0.16124521,0.16124521,-0.0,1.0,7.7320657,0.054269686,0.0,0.37312385,1.2422519,0.397619,0.6779941,0.0,0.0,0.0,0.3200792,0.1383698,0.5457783,0.0,1.2422519,0.0,1.1494844,1.2618334,0.37312385,-0.11234909,16.7,20.786125,20.0,20.0,2.0
resstock-amy2018-2021-release-1-230010,0.0,0.05755988,0.0,0.0,0.0,0.0,0.0,0.0,0.0,0.0,0.0,0.0,0.0,0.0,0.020678759,0.020678759,0.0,0.9992663,3.4988369941711426,3.496269989933893,-0.0,0.020678759,0.0,-0.0,0.0,-0.0,0.0,0.0,0.05755992,0.987116,7.7320657,0.0,0.0,0.29740393,0.29270244,0.099268585,0.16484238,0.0,0.0,0.0,0.33914506,0.1383698,0.56317395,0.0,0.29270244,0.0,0.29431728,0.31969753,0.29740393,-0.025380252,13.9,20.637959,20.0,20.0,2.0
resstock-amy2018-2021-release-1-230010,0.0,0.058865245,0.0,0.0,1.4288954,0.0,0.0,0.0,0.0,0.0,0.0,0.0,0.0,0.0,0.019733429,0.019733429,0.0,0.9992841,3.4988365173339844,3.496331660425085,-0.0,0.019733429,0.0,-0.0,0.0,-0.0,0.1436365,0.1436365,-0.0,1.0,7.7320657,0.058865245,0.0,0.24246612,1.6910949,0.61253,0.9168992,0.0,0.0,0.0,0.36220914,0.1383698,0.54219264,0.0,1.6910949,0.0,1.6147813,1.6147813,0.24246612,-0.0,13.3,20.535816,20.0,20.0,2.0
resstock-amy2018-2021-release-1-230010,0.0,0.0660186,0.0,0.0,0.0,0.0,0.0,0.0,0.0,0.0,0.0,0.0,0.0,0.0,0.01967144,0.01967144,0.0,0.9992851,3.498836040496826,3.4963347292262483,-0.0,0.01967144,0.0,-0.0,0.0,-0.0,0.0,0.0,0.066018745,0.9859889,7.7320657,0.0,0.0,0.2119578,0.23162924,0.08265689,0.12344418,0.0,0.0,0.0,0.35685,0.1383698,0.53293866,0.0,0.23162924,0.0,0.23832661,0.23832661,0.2119578,-0.0,12.8,20.456928,20.0,20.0,2.0
resstock-amy2018-2021-release-1-230010,0.0,0.04763396,0.1928133,0.0,2.8037014e-08,0.19497806,0.0,0.0,0.0,0.0,0.0,0.0,0.0,0.0,0.019667387,0.019667387,0.0,0.99928504,3.498835563659668,3.496334044183129,-0.0,0.019667387,0.0,-0.0,0.0,-0.0,0.0,0.0,0.047633894,0.9745006,7.7320657,6.7055225e-08,0.0,0.1881932,0.40283868,0.12794805,0.21370634,0.0,0.0,0.0,0.3176161,0.1383698,0.53050107,0.0,0.40283868,0.0,0.40308788,0.40308788,0.1881932,-0.0,11.1,20.288605,20.0,20.0,2.0
resstock-amy2018-2021-release-1-230010,0.0,0.039222404,0.0,0.0,0.46281415,0.0,0.0,0.0,0.0,0.0,0.0,0.0,0.0,0.0,-0.3498963,0.0,-0.3498963,0.88677806,3.4988255500793457,3.102681721757193,0.3498963,0.0,0.0,-0.0,0.0,-0.0,0.2436059,0.2436059,-0.0,1.0,7.7320657,0.039222404,0.0,0.18133548,0.29425335,0.08807797,0.15404312,0.0,0.0,0.0,0.299327,0.1383698,0.5235051,0.0,0.29425335,0.0,0.54390174,0.54390174,0.18133548,-0.0,11.7,20.172512,20.0,20.0,2.0
resstock-amy2018-2021-release-1-230010,0.0,0.1051339,0.0,0.0,0.0,0.0,0.0,0.0,0.0,0.0,0.0,0.0,0.0,0.0,-0.055565685,0.0,-0.055565685,0.8647338,3.498823881149292,3.0255513234352236,0.055565685,0.0,0.0,-0.0,0.0,-0.0,0.0,0.0,0.10513411,0.9807771,7.7320657,0.0,0.0,0.1787773,0.12321162,0.036318462,0.061343793,0.0,0.0,0.0,0.2947649,0.1383698,0.49787343,0.0,0.12321162,0.0,0.22204176,0.22204176,0.1787773,-0.0,11.7,20.114063,20.0,20.0,2.0
resstock-amy2018-2021-release-1-230010,0.0,0.3115779,0.0,0.0,0.0,0.0,0.0,0.0,0.0,0.0,0.0,0.0,0.0,0.0,0.09436693,0.09436693,0.0,0.8848762,3.498821258544922,3.0960236304065347,-0.0,0.09436693,0.0,-0.0,0.0,-0.0,0.0,0.0,0.3115779,0.93414706,7.7320657,0.0,0.0,0.17528197,0.2696489,0.07618655,0.12481557,0.0,0.0,0.0,0.2825398,0.1383698,0.46288177,0.0,0.2696489,0.0,0.2979136,0.2979136,0.17528197,-0.0,13.33,20.371407,20.0,20.0,2.0
resstock-amy2018-2021-release-1-230010,0.0,1.0679665,0.0,0.0,1.054582e-07,0.0,0.0,0.0,0.0,0.0,0.0,0.0,0.0,0.0,0.32280758,0.32280758,0.0,0.96603036,3.498811960220337,3.379958574943487,-0.0,0.32280758,0.0,-0.0,0.0,-0.0,0.0,0.0,1.0679662,0.7869765,7.7320657,2.3841858e-07,0.0,0.17371795,0.49652565,0.13809708,0.23183061,0.0,0.0,0.0,0.27812678,0.1383698,0.46690562,0.0,0.49652565,0.0,0.64610493,0.64610493,0.17371795,-0.0,8.9,21.069893,19.444445,19.444445,2.0
