bld_id,cooling demand,heating demand,dhw demand,cooling electricity consumption,heating electricity consumption,dhw electricity consumption,heating fuel consumption,dhw fuel consumption,dhw storage electricity consumption,positive dhw storage electricity consumption,negative dhw storage electricity consumption,dhw soc storage,dhw capacity,dhw stored energy (?),electrical storage electricity consumption,positive electrical storage electricity consumption,negative electrical storage electricity consumption,electrical storage soc,electrical capacity history,stored electrical energy,energy from electrical storage,energy to electrical storage,energy from cooling device,energy from dhw device,energy from dhw device to dhw storage,energy from dhw storage,energy from heating fuel device to heating storage,energy from heating device to heating storage,energy from heating storage,heating storage soc,heating storage capacity,energy from heating device,energy from heating fuel device,energy to non shiftable load,net electricity consumption,net electricity cost,net electricity emission,net fuel consumption,net fuel cost,net fuel emission,electricity price,fuel price,electricity carbon intensity,fuel carbon intensity,positive net electricity consumption,negative net electricity consumption,net electricity consumption without storage,net electricity consumption without storage and pv,non shiftable load,solar generation,outdoor_temperature,indoor_temperature,heating_sp,cooling_sp,comfort_band
resstock-amy2018-2021-release-1-457349,0.0,1.1132282,0.0,0.0,0.55877167,0.0,1.2905864,0.0,0.0,0.0,0.0,0.0,0.0,0.0,0.0,0.0,0.0,0.0,3.3,0.0,-0.0,0.0,0.0,-0.0,0.0,-0.0,0.0,0.0,-0.0,0.0,3.2498116,1.1132282,1.1132282,0.2383012,0.7970729,0.26099992,0.4194916,1.2905864,0.17857817,0.27004004,0.327448,0.1383698,0.5262901,0.20923826,0.7970729,0.0,0.7970729,0.7970729,0.2383012,-0.0,8.9,18.22259,18.231482,18.231482,2.0
resstock-amy2018-2021-release-1-457349,0.0,1.0456202,0.0,0.0,0.5331454,0.0,0.0,0.0,0.0,0.0,0.0,0.0,0.0,0.0,0.0,0.0,0.0,0.0,3.299999952316284,0.0,-0.0,0.0,0.0,-0.0,0.0,-0.0,0.0,0.0,-0.0,0.0,3.2498116,1.0456202,0.0,0.25220335,0.7853488,0.2525523,0.42702612,0.0,0.0,0.0,0.3215798,0.1383698,0.54374075,0.0,0.7853488,0.0,0.7853488,0.7853488,0.25220335,-0.0,8.3,18.23146,18.231482,18.231482,2.0
resstock-amy2018-2021-release-1-457349,0.0,1.101856,0.0,0.0,1.2168812,0.0,0.0,0.0,0.0,0.0,0.0,0.0,0.0,0.0,0.0,0.0,0.0,0.0,3.299999952316284,0.0,-0.0,0.0,0.0,-0.0,0.0,-0.0,1.2847264,1.2847264,-0.0,0.378915,3.2498116,1.101856,0.0,0.23610216,1.4529834,0.46168402,0.78105783,0.0,0.0,0.0,0.317749,0.1383698,0.53755456,0.0,1.4529834,0.0,0.7979214,0.7979214,0.23610216,-0.0,8.3,18.231482,18.231482,18.231482,2.0
resstock-amy2018-2021-release-1-457349,0.0,1.15714,0.0,0.0,0.0,0.0,0.0,0.0,0.0,0.0,0.0,0.0,0.0,0.0,0.0,0.0,0.0,0.0,3.299999952316284,0.0,-0.0,0.0,0.0,-0.0,0.0,-0.0,0.0,0.0,1.15714,0.0063446127,3.2498116,0.0,0.0,0.23985946,0.23985946,0.07617706,0.12821896,0.0,0.0,0.0,0.3175904,0.1383698,0.5345587,0.0,0.23985946,0.0,0.8467245,0.8467245,0.23985946,-0.0,7.2,18.231482,18.231482,18.231482,2.0
resstock-amy2018-2021-release-1-457349,0.0,1.184402,0.0,0.0,0.614684,0.0,0.0,0.0,0.0,0.0,0.0,0.0,0.0,0.0,0.0,0.0,0.0,0.0,3.299999952316284,0.0,-0.0,0.0,0.0,-0.0,0.0,-0.0,0.0,0.0,0.019706251,0.0,3.2498116,1.1646957,0.0,0.25818723,0.8728712,0.27713034,0.46918616,0.0,0.0,0.0,0.3174928,0.1383698,0.53752047,0.0,0.8728712,0.0,0.88327146,0.88327146,0.25818723,-0.0,6.95,18.231482,18.231482,18.231482,2.0
resstock-amy2018-2021-release-1-457349,0.0,1.2187504,0.0,0.0,0.64724725,0.0,0.0,0.0,0.0,0.0,0.0,0.0,0.0,0.0,0.0,0.0,0.0,0.0,3.299999952316284,0.0,-0.0,0.0,0.0,-0.0,0.0,-0.0,0.0,0.0,-0.0,0.0,3.2498116,1.2187504,0.0,0.292185,0.93943226,0.29826298,0.5038466,0.0,0.0,0.0,0.3174928,0.1383698,0.53633094,0.0,0.93943226,0.0,0.93943226,0.93943226,0.292185,-0.0,6.7,18.231482,18.231482,18.231482,2.0
resstock-amy2018-2021-release-1-457349,0.0,0.61007434,0.0,0.0,0.94881785,0.0,0.0,0.0,0.0,0.0,0.0,0.0,0.0,0.0,0.0,0.0,0.0,0.0,3.299999952316284,0.0,-0.0,0.0,0.0,-0.0,0.0,-0.0,1.2522256,1.2522256,-0.0,0.3693293,3.2498116,0.61007434,0.0,0.98161346,1.9304314,0.6116734,1.0468197,0.0,0.0,0.0,0.3168584,0.1383698,0.54227245,0.0,1.9304314,0.0,1.2924385,1.2924385,0.98161346,-0.0,8.33,18.231482,18.231482,18.231482,2.0
resstock-amy2018-2021-release-1-457349,0.0,1.4505374,0.0,0.0,0.92555904,0.0,0.0,0.0,0.0,0.0,0.0,0.0,0.0,0.0,0.0,0.0,0.0,0.0,3.299999952316284,0.0,-0.0,0.0,0.0,-0.0,0.0,-0.0,0.19772774,0.19772774,-0.0,0.42658642,3.2498116,1.4505374,0.0,0.77078044,1.6963395,0.5387411,0.9275148,0.0,0.0,0.0,0.3175904,0.1383698,0.54677427,0.0,1.6963395,0.0,1.5853084,1.5853084,0.77078044,-0.0,4.4,18.231482,18.231482,18.231482,2.0
resstock-amy2018-2021-release-1-457349,0.0,0.8252206,0.0,0.0,0.55618435,0.0,0.0,0.0,0.0,0.0,0.0,0.0,0.0,0.0,0.0,0.0,0.0,0.0,3.299999952316284,0.0,-0.0,0.0,0.0,-0.0,0.0,-0.0,0.28256065,0.28256065,-0.0,0.50869966,3.2498116,0.8252206,0.0,0.8328132,1.3816582,0.43652576,0.7579213,0.0,0.0,0.0,0.3159434,0.1383698,0.5485592,0.0,1.3816582,0.0,1.2397928,1.2471322,0.8328132,-0.0073393695,8.89,18.231482,18.231482,18.231482,2.0
resstock-amy2018-2021-release-1-457349,0.0,0.6155065,0.0,0.0,0.0,0.0,0.0,0.0,0.0,0.0,0.0,0.0,0.0,0.0,0.0,0.0,0.0,0.0,3.299999952316284,0.0,-0.0,0.0,0.0,-0.0,0.0,-0.0,0.0,0.0,0.6155065,0.30964002,3.2498116,0.0,0.0,0.81250614,0.78993106,0.2495735,0.44515312,0.0,0.0,0.0,0.3159434,0.1383698,0.56353414,0.0,0.78993106,0.0,1.0899104,1.1124855,0.81250614,-0.022575084,10.0,18.231482,18.231482,18.231482,2.0
resstock-amy2018-2021-release-1-457349,0.0,0.38636476,0.0,0.0,0.0,0.0,0.0,0.0,0.0,0.0,0.0,0.0,0.0,0.0,0.0,0.0,0.0,0.0,3.299999952316284,0.0,-0.0,0.0,0.0,-0.0,0.0,-0.0,0.0,0.0,0.3863648,0.18471439,3.2498116,0.0,0.0,0.84054756,0.8034078,0.24479434,0.46602267,0.0,0.0,0.0,0.304695,0.1383698,0.58005744,0.0,0.8034078,0.0,0.9886402,1.02578,0.84054756,-0.037139755,10.6,18.231482,18.231482,18.231482,2.0
resstock-amy2018-2021-release-1-457349,0.0,0.20906202,0.0,0.0,0.0,0.0,0.0,0.0,0.0,0.0,0.0,0.0,0.0,0.0,0.0,0.0,0.0,0.0,3.299999952316284,0.0,-0.0,0.0,0.0,-0.0,0.0,-0.0,0.0,0.0,0.20906204,0.117067814,3.2498116,0.0,0.0,0.8114066,0.765353,0.2250291,0.44875962,0.0,0.0,0.0,0.29402,0.1383698,0.5863433,0.0,0.765353,0.0,0.8641979,0.9102515,0.8114066,-0.046053577,11.1,18.231482,18.231482,18.231482,2.0
resstock-amy2018-2021-release-1-457349,0.0,0.08602771,0.0,0.0,0.1812017,0.0,0.0,0.0,0.0,0.0,0.0,0.0,0.0,0.0,0.0,0.0,0.0,0.0,3.299999952316284,0.0,-0.0,0.0,0.0,-0.0,0.0,-0.0,0.30940756,0.30940756,-0.0,0.20798784,3.2498116,0.08602771,0.0,0.80874884,0.9430171,0.28244305,0.53685534,0.0,0.0,0.0,0.29951,0.1383698,0.5692954,0.0,0.9430171,0.0,0.8012362,0.8481697,0.80874884,-0.046933442,12.2,18.231482,18.231482,18.231482,2.0
resstock-amy2018-2021-release-1-457349,0.0,0.091610916,0.0,0.0,0.16251707,0.0,0.0,0.0,0.0,0.0,0.0,0.0,0.0,0.0,0.0,0.0,0.0,0.0,3.299999952316284,0.0,-0.0,0.0,0.0,-0.0,0.0,-0.0,0.26930776,0.26930776,-0.0,0.28681988,3.2498116,0.091610916,0.0,0.66304404,0.78627634,0.2286773,0.4428665,0.0,0.0,0.0,0.2908358,0.1383698,0.56324536,0.0,0.78627634,0.0,0.6650105,0.7042953,0.66304404,-0.03928477,12.8,18.231482,18.231482,18.231482,2.0
resstock-amy2018-2021-release-1-457349,0.0,0.17011236,0.0,0.0,0.4611142,0.0,0.0,0.0,0.0,0.0,0.0,0.0,0.0,0.0,0.0,0.0,0.0,0.0,3.299999952316284,0.0,-0.0,0.0,0.0,-0.0,0.0,-0.0,0.85393214,0.85393214,-0.0,0.53785366,3.2498116,0.17011236,0.0,0.59019166,1.0258524,0.31567594,0.58135647,0.0,0.0,0.0,0.3077206,0.1383698,0.56670576,0.0,1.0258524,0.0,0.6413377,0.66679114,0.59019166,-0.025453443,12.8,18.353035,18.231482,18.231482,2.0
resstock-amy2018-2021-release-1-457349,0.0,0.18092063,0.0,0.0,0.33304724,0.0,0.0,0.0,0.0,0.0,0.0,0.0,0.0,0.0,0.0,0.0,0.0,0.0,3.299999952316284,0.0,-0.0,0.0,0.0,-0.0,0.0,-0.0,0.5697515,0.5697515,-0.0,0.704351,3.2498116,0.18092063,0.0,0.5210966,0.84163445,0.26754144,0.48357117,0.0,0.0,0.0,0.3178832,0.1383698,0.574562,0.0,0.84163445,0.0,0.5888555,0.6013649,0.5210966,-0.012509384,13.3,18.429499,18.231482,18.231482,2.0
resstock-amy2018-2021-release-1-457349,0.0,0.2628075,0.0,0.0,0.06055268,0.0,0.0,0.0,0.0,0.0,0.0,0.0,0.0,0.0,0.0,0.0,0.0,0.0,3.299999952316284,0.0,-0.0,0.0,0.0,-0.0,0.0,-0.0,0.0,0.0,0.13254617,0.65977687,3.2498116,0.13026132,0.0,0.68813425,0.74326986,0.24136008,0.44077387,0.0,0.0,0.0,0.3247274,0.1383698,0.59301996,0.0,0.74326986,0.0,0.8048847,0.8103017,0.68813425,-0.0054170466,11.7,18.402857,18.231482,18.231482,2.0
resstock-amy2018-2021-release-1-457349,0.0,0.18620266,0.0,0.0,0.2166655,0.0,0.0,0.0,0.0,0.0,0.0,0.0,0.0,0.0,0.0,0.0,0.0,0.0,3.299999952316284,0.0,-0.0,0.0,0.0,-0.0,0.0,-0.0,0.27988952,0.27988952,-0.0,0.74043274,3.2498116,0.18620266,0.0,0.6689744,0.8856399,0.3088662,0.5417825,0.0,0.0,0.0,0.3487492,0.1383698,0.6117413,0.0,0.8856399,0.0,0.7555317,0.7555317,0.6689744,-0.0,11.7,18.341412,20.462963,20.462963,2.0
resstock-amy2018-2021-release-1-457349,0.0,0.18656527,0.0,0.0,0.0008853377,0.0,0.0,0.0,0.0,0.0,0.0,0.0,0.0,0.0,0.0,0.0,0.0,0.0,3.299999952316284,0.0,-0.0,0.0,0.0,-0.0,0.0,-0.0,0.0,0.0,0.1847186,0.6790058,3.2498116,0.0018466711,0.0,0.7007014,0.7015868,0.25891206,0.41078445,0.0,0.0,0.0,0.3690378,0.1383698,0.5855077,0.0,0.7015868,0.0,0.7901452,0.7901452,0.7007014,-0.0,10.6,18.334076,20.064816,20.064816,2.0
resstock-amy2018-2021-release-1-457349,0.0,0.21732125,0.0,0.0,0.33295637,0.0,0.0,0.0,0.0,0.0,0.0,0.0,0.0,0.0,0.0,0.0,0.0,0.0,3.299999952316284,0.0,-0.0,0.0,0.0,-0.0,0.0,-0.0,0.47717178,0.47717178,-0.0,0.8177926,3.2498116,0.21732125,0.0,0.6379254,0.97088176,0.3741996,0.51100755,0.0,0.0,0.0,0.3854224,0.1383698,0.52633345,0.0,0.97088176,0.0,0.74211437,0.74211437,0.6379254,-0.0,10.6,18.390333,20.0,20.0,2.0
resstock-amy2018-2021-release-1-457349,0.0,0.46842486,0.36578658,0.0,0.10521828,0.38691655,0.0,0.0,0.0,0.0,0.0,0.0,0.0,0.0,0.0,0.0,0.0,0.0,3.299999952316284,0.0,-0.0,0.0,0.0,-0.0,0.0,-0.0,0.0,0.0,0.24895658,0.7355209,3.2498116,0.21946828,0.0,0.57213575,1.0642706,0.39926112,0.5582644,0.0,0.0,0.0,0.37515,0.1383698,0.52455115,0.0,1.0642706,0.0,1.1836263,1.1836263,0.57213575,-0.0,10.6,18.624325,19.87037,19.87037,2.0
resstock-amy2018-2021-release-1-457349,0.0,0.26004905,0.36578673,0.0,0.5235721,0.38691673,0.0,0.0,0.0,0.0,0.0,0.0,0.0,0.0,0.0,0.0,0.0,0.0,3.299999952316284,0.0,-0.0,0.0,0.0,-0.0,0.0,-0.0,0.7667956,0.7667956,-0.0,0.95956653,3.2498116,0.26004905,0.0,0.51125795,1.4217469,0.47829697,0.7344549,0.0,0.0,0.0,0.336415,0.1383698,0.51658624,0.0,1.4217469,0.0,1.0307697,1.0307697,0.51125795,-0.0,8.3,18.29628,19.444445,19.444445,2.0
resstock-amy2018-2021-release-1-457349,0.30654746,0.13965765,0.0,0.0,3.9568135e-08,0.0,0.0,0.0,0.0,0.0,0.0,0.0,0.0,0.0,0.0,0.0,0.0,0.0,3.299999952316284,0.0,-0.0,0.0,0.0,-0.0,0.0,-0.0,0.0,0.0,0.13965757,0.91197664,3.2498116,7.4505806e-08,0.0,0.24269928,0.24269933,0.07797614,0.122831345,0.0,0.0,0.0,0.321287,0.1383698,0.506105,0.0,0.24269933,0.0,0.3168679,0.3168679,0.24269928,-0.0,6.7,17.822968,17.777779,17.777779,2.0
resstock-amy2018-2021-release-1-457349,0.0,0.16802844,1.4631444,0.0,0.19295485,1.5476643,0.0,0.0,0.0,0.0,0.0,0.0,0.0,0.0,0.0,0.0,0.0,0.0,3.299999952316284,0.0,-0.0,0.0,0.0,-0.0,0.0,-0.0,0.21639118,0.21639118,-0.0,0.9731803,3.2498116,0.16802844,0.0,0.23940073,1.9800198,0.6275309,0.96345776,0.0,0.0,0.0,0.3169316,0.1383698,0.48658997,0.0,1.9800198,0.0,1.8714049,1.8714049,0.23940073,-0.0,8.9,17.576649,17.777779,17.777779,2.0
resstock-amy2018-2021-release-1-457349,0.0,0.20701936,0.0,0.0,0.23967604,0.0,0.0,0.0,0.0,0.0,0.0,0.0,0.0,0.0,0.0,0.0,0.0,0.0,3.299999952316284,0.0,-0.0,0.0,0.0,-0.0,0.0,-0.0,0.10040658,0.10040658,-0.0,1.0,3.2498116,0.20701936,0.0,0.2383012,0.47797725,0.15148026,0.24179807,0.0,0.0,0.0,0.3169194,0.1383698,0.5058778,0.0,0.47797725,0.0,0.42757934,0.42757934,0.2383012,-0.0,8.9,17.263266,17.777779,17.777779,2.0
resstock-amy2018-2021-release-1-457349,0.0,0.09511256,0.0,0.0,0.07416947,0.0,0.0,0.0,0.0,0.0,0.0,0.0,0.0,0.0,0.0,0.0,0.0,0.0,3.299999952316284,0.0,-0.0,0.0,0.0,-0.0,0.0,-0.0,0.009734306,0.009734306,-0.0,1.0,3.2498116,0.09511256,0.0,0.25220335,0.3263728,0.103406005,0.15795831,0.0,0.0,0.0,0.316834,0.1383698,0.48398122,0.0,0.3263728,0.0,0.32140943,0.32140943,0.25220335,-0.0,8.3,16.87517,17.777779,17.777779,2.0
resstock-amy2018-2021-release-1-457349,0.0,0.09280639,0.0,0.0,0.28235665,0.0,0.0,0.0,0.0,0.0,0.0,0.0,0.0,0.0,0.0,0.0,0.0,0.0,3.299999952316284,0.0,-0.0,0.0,0.0,-0.0,0.0,-0.0,0.009734306,0.009734306,-0.0,1.0,3.2498116,0.09280639,0.0,0.23610216,0.51845884,0.15971126,0.2606646,0.0,0.0,0.0,0.30805,0.1383698,0.50276816,0.0,0.51845884,0.0,0.51335365,0.51335365,0.23610216,-0.0,7.2,16.554798,17.777779,17.777779,2.0
resstock-amy2018-2021-release-1-457349,0.0,0.21043752,0.0,0.0,0.49273664,0.0,0.0,0.0,0.0,0.0,0.0,0.0,0.0,0.0,0.0,0.0,0.0,0.0,3.299999952316284,0.0,-0.0,0.0,0.0,-0.0,0.0,-0.0,0.009734306,0.009734306,-0.0,1.0,3.2498116,0.21043752,0.0,0.23985946,0.7325961,0.22567624,0.37694633,0.0,0.0,0.0,0.30805,0.1383698,0.514535,0.0,0.7325961,0.0,0.7274909,0.7274909,0.23985946,-0.0,7.2,16.476746,17.777779,17.777779,2.0
resstock-amy2018-2021-release-1-457349,0.0,0.30332592,0.0,0.0,0.56121206,0.0,0.0,0.0,0.0,0.0,0.0,0.0,0.0,0.0,0.0,0.0,0.0,0.0,3.299999952316284,0.0,-0.0,0.0,0.0,-0.0,0.0,-0.0,0.009734306,0.009734306,-0.0,1.0,3.2498116,0.30332592,0.0,0.25818723,0.8193993,0.258304,0.43950406,0.0,0.0,0.0,0.3152358,0.1383698,0.5363735,0.0,0.8193993,0.0,0.81422967,0.81422967,0.25818723,-0.0,6.7,16.48468,17.777779,17.777779,2.0
resstock-amy2018-2021-release-1-457349,0.0,0.25482634,0.6745274,0.0,0.8376125,0.7134921,0.0,0.0,0.0,0.0,0.0,0.0,0.0,0.0,0.0,0.0,0.0,0.0,3.299999952316284,0.0,-0.0,0.0,0.0,-0.0,0.0,-0.0,0.009734306,0.009734306,-0.0,1.0,3.2498116,0.25482634,0.0,0.292185,1.8432896,0.58107084,1.011343,0.0,0.0,0.0,0.3152358,0.1383698,0.548662,0.0,1.8432896,0.0,1.8381845,1.8381845,0.292185,-0.0,7.2,16.475647,17.907408,17.907408,2.0
resstock-amy2018-2021-release-1-457349,0.0,0.16965327,0.6745242,0.0,0.7283405,0.71348864,0.0,0.0,0.0,0.0,0.0,0.0,0.0,0.0,0.0,0.0,0.0,0.0,3.299999952316284,0.0,-0.0,0.0,0.0,-0.0,0.0,-0.0,0.009734306,0.009734306,-0.0,1.0,3.2498116,0.16965327,0.0,0.4939199,1.935749,0.6408239,1.0657481,0.0,0.0,0.0,0.331047,0.1383698,0.5505611,0.0,1.935749,0.0,1.9307857,1.9307857,0.4939199,-0.0,8.3,16.457663,19.87037,19.87037,2.0
resstock-amy2018-2021-release-1-457349,0.0,0.28497067,0.0,0.0,0.5031984,0.0,0.0,0.0,0.0,0.0,0.0,0.0,0.0,0.0,0.0,0.0,0.0,0.0,3.299999952316284,0.0,-0.0,0.0,0.0,-0.0,0.0,-0.0,0.009734306,0.009734306,-0.0,1.0,3.2498116,0.28497067,0.0,0.43743104,0.9406294,0.31583363,0.5245811,0.0,0.0,0.0,0.3357684,0.1383698,0.5576916,0.0,0.9406294,0.0,0.9357434,0.9357434,0.43743104,-0.0,8.9,16.53713,19.444445,19.444445,2.0
resstock-amy2018-2021-release-1-457349,0.26714423,0.2971745,0.0,0.0,0.68591285,0.0,0.0,0.0,0.0,0.0,0.0,0.0,0.0,0.0,0.0,0.0,0.0,0.0,3.299999952316284,0.0,-0.0,0.0,0.0,-0.0,0.0,-0.0,0.009734306,0.009734306,-0.0,1.0,3.2498116,0.2971745,0.0,0.63280356,1.3113834,0.45734388,0.74578285,0.0,0.0,0.0,0.3487492,0.1383698,0.56869936,0.0,1.3113834,0.0,1.3065618,1.3138949,0.63280356,-0.0073330505,9.4,16.743393,17.777779,17.777779,2.0
resstock-amy2018-2021-release-1-457349,0.0,0.2675473,0.0,0.0,0.0030838356,0.0,0.0,0.0,0.0,0.0,0.0,0.0,0.0,0.0,0.0,0.0,0.0,0.0,3.299999952316284,0.0,-0.0,0.0,0.0,-0.0,0.0,-0.0,0.0,0.0,0.26091334,0.9133667,3.2498116,0.006633967,0.0,0.81250614,0.79352367,0.26766965,0.45508412,0.0,0.0,0.0,0.3373178,0.1383698,0.57349783,0.0,0.79352367,0.0,0.91481066,0.93687695,0.81250614,-0.022066271,11.7,17.119213,17.777779,17.777779,2.0
resstock-amy2018-2021-release-1-457349,0.0,0.5215238,0.73226523,0.0,0.4627556,0.77456516,0.0,0.0,0.0,0.0,0.0,0.0,0.0,0.0,0.0,0.0,0.0,0.0,3.299999952316284,0.0,-0.0,0.0,0.0,-0.0,0.0,-0.0,0.30262488,0.30262488,-0.0,1.0,3.2498116,0.5215238,0.0,0.84054756,2.0465763,0.6709713,1.1871201,0.0,0.0,0.0,0.3278506,0.1383698,0.5800517,0.0,2.0465763,0.0,1.9058994,1.9371915,0.84054756,-0.031292107,11.7,17.539352,17.777779,17.777779,2.0
resstock-amy2018-2021-release-1-457349,0.0,0.18973586,0.0,0.0,2.0129407e-08,0.0,0.0,0.0,0.0,0.0,0.0,0.0,0.0,0.0,0.0,0.0,0.0,0.0,3.299999952316284,0.0,-0.0,0.0,0.0,-0.0,0.0,-0.0,0.0,0.0,0.18973581,0.9362171,3.2498116,4.4703484e-08,0.0,0.8114066,0.7822885,0.25419867,0.4654178,0.0,0.0,0.0,0.32494235,0.1383698,0.59494394,0.0,0.7822885,0.0,0.8677241,0.89684224,0.8114066,-0.02911812,12.8,17.410103,17.777779,17.777779,2.0
resstock-amy2018-2021-release-1-457349,0.0,0.38202924,0.0,0.0,0.0,0.0,0.0,0.0,0.0,0.0,0.0,0.0,0.0,0.0,0.0,0.0,0.0,0.0,3.299999952316284,0.0,-0.0,0.0,0.0,-0.0,0.0,-0.0,0.0,0.0,0.38202927,0.8108845,3.2498116,0.0,0.0,0.80874884,0.78227013,0.25255474,0.47413963,0.0,0.0,0.0,0.3228485,0.1383698,0.6061073,0.0,0.78227013,0.0,0.94872755,0.97520626,0.80874884,-0.026478706,13.9,17.581604,17.777779,17.777779,2.0
resstock-amy2018-2021-release-1-457349,0.0,0.26448724,0.0,0.0,1.3222256e-08,0.0,0.0,0.0,0.0,0.0,0.0,0.0,0.0,0.0,0.0,0.0,0.0,0.0,3.299999952316284,0.0,-0.0,0.0,0.0,-0.0,0.0,-0.0,0.0,0.0,0.2644872,0.7236467,3.2498116,2.9802322e-08,0.0,0.66304404,0.6390673,0.20624226,0.39300966,0.0,0.0,0.0,0.32272387,0.1383698,0.61497384,0.0,0.6390673,0.0,0.7564111,0.7803878,0.66304404,-0.023976726,13.3,17.471684,17.777779,17.777779,2.0
resstock-amy2018-2021-release-1-457349,0.0,0.28221157,0.0,0.0,0.15145788,0.0,0.0,0.0,0.0,0.0,0.0,0.0,0.0,0.0,0.0,0.0,0.0,0.0,3.299999952316284,0.0,-0.0,0.0,0.0,-0.0,0.0,-0.0,0.059167236,0.059167236,-0.0,0.7390198,3.2498116,0.28221157,0.0,0.59019166,0.72680926,0.23785037,0.45119312,0.0,0.0,0.0,0.3272528,0.1383698,0.62078613,0.0,0.72680926,0.0,0.70055884,0.7153991,0.59019166,-0.014840216,13.3,17.398483,17.777779,17.777779,2.0
resstock-amy2018-2021-release-1-457349,0.0,0.37279642,0.0,0.0,0.51759416,0.0,0.0,0.0,0.0,0.0,0.0,0.0,0.0,0.0,0.0,0.0,0.0,0.0,3.299999952316284,0.0,-0.0,0.0,0.0,-0.0,0.0,-0.0,0.7567459,0.7567459,-0.0,0.9600914,3.2498116,0.37279642,0.0,0.5210966,1.0296308,0.34115767,0.63860923,0.0,0.0,0.0,0.3313398,0.1383698,0.6202313,0.0,1.0296308,0.0,0.6828644,0.69192445,0.5210966,-0.009060032,12.2,17.392015,17.777779,17.777779,2.0
resstock-amy2018-2021-release-1-457349,0.0,0.27984878,0.0,0.0,0.39515805,0.0,0.0,0.0,0.0,0.0,0.0,0.0,0.0,0.0,0.0,0.0,0.0,0.0,3.299999952316284,0.0,-0.0,0.0,0.0,-0.0,0.0,-0.0,0.14465745,0.14465745,-0.0,1.0,3.2498116,0.27984878,0.0,0.40783134,0.8002154,0.27209422,0.49652115,0.0,0.0,0.0,0.3400262,0.1383698,0.62048435,0.0,0.8002154,0.0,0.73392856,0.7367025,0.40783134,-0.0027739664,12.2,17.344913,17.911112,17.911112,2.0
resstock-amy2018-2021-release-1-457349,0.0,0.19400045,0.0,0.0,0.4074831,0.0,0.0,0.0,0.0,0.0,0.0,0.0,0.0,0.0,0.0,0.0,0.0,0.0,3.299999952316284,0.0,-0.0,0.0,0.0,-0.0,0.0,-0.0,0.009734306,0.009734306,-0.0,1.0,3.2498116,0.19400045,0.0,0.6689744,1.0764575,0.43929154,0.6662353,0.0,0.0,0.0,0.40809,0.1383698,0.61891466,0.0,1.0764575,0.0,1.0719969,1.0719969,0.6689744,0.0,12.2,17.383972,18.044445,18.044445,2.0
resstock-amy2018-2021-release-1-457349,0.0,0.15661836,0.0,0.0,0.014407583,0.0,0.0,0.0,0.0,0.0,0.0,0.0,0.0,0.0,0.0,0.0,0.0,0.0,3.299999952316284,0.0,-0.0,0.0,0.0,-0.0,0.0,-0.0,0.0,0.0,0.12562467,0.95679903,3.2498116,0.030993685,0.0,0.7007014,0.715109,0.27874234,0.4338811,0.0,0.0,0.0,0.38979,0.1383698,0.6067342,0.0,0.715109,0.0,0.7735063,0.7735063,0.7007014,-0.0,11.7,17.415825,18.177778,18.177778,2.0
resstock-amy2018-2021-release-1-457349,0.0,0.14636812,0.0,0.0,0.0,0.0,0.0,0.0,0.0,0.0,0.0,0.0,0.0,0.0,0.0,0.0,0.0,0.0,3.299999952316284,0.0,-0.0,0.0,0.0,-0.0,0.0,-0.0,0.0,0.0,0.14636813,0.9070627,3.2498116,0.0,0.0,0.6379254,0.6379254,0.25099173,0.38268864,0.0,0.0,0.0,0.39345,0.1383698,0.5998956,0.0,0.6379254,0.0,0.70499617,0.70499617,0.6379254,-0.0,12.2,17.485834,18.311111,18.311111,2.0
resstock-amy2018-2021-release-1-457349,0.0,0.30589032,0.0,0.0,0.20404166,0.0,0.0,0.0,0.0,0.0,0.0,0.0,0.0,0.0,0.0,0.0,0.0,0.0,3.299999952316284,0.0,-0.0,0.0,0.0,-0.0,0.0,-0.0,0.15400968,0.15400968,-0.0,0.94988185,3.2498116,0.30589032,0.0,0.57213575,0.7761774,0.26840913,0.46060717,0.0,0.0,0.0,0.345809,0.1383698,0.5934303,0.0,0.7761774,0.0,0.70784867,0.70784867,0.57213575,-0.0,13.3,17.721474,18.444445,18.444445,2.0
resstock-amy2018-2021-release-1-457349,0.0,0.25828996,0.0,0.0,0.23559748,0.0,0.0,0.0,0.0,0.0,0.0,0.0,0.0,0.0,0.0,0.0,0.0,0.0,3.299999952316284,0.0,-0.0,0.0,0.0,-0.0,0.0,-0.0,0.179174,0.179174,-0.0,1.0,3.2498116,0.25828996,0.0,0.51125795,0.74685544,0.24746294,0.43788108,0.0,0.0,0.0,0.3313398,0.1383698,0.58629966,0.0,0.74685544,0.0,0.6621417,0.6621417,0.51125795,-0.0,11.1,17.544249,20.0,20.0,2.0
resstock-amy2018-2021-release-1-457349,0.0,0.28775042,0.36613426,0.0,0.05763076,0.3872843,0.0,0.0,0.0,0.0,0.0,0.0,0.0,0.0,0.0,0.0,0.0,0.0,3.299999952316284,0.0,-0.0,0.0,0.0,-0.0,0.0,-0.0,0.0,0.0,0.16585839,0.94388264,3.2498116,0.121892035,0.0,0.45509022,0.90000534,0.2931348,0.5204084,0.0,0.0,0.0,0.3257034,0.1383698,0.5782281,0.0,0.90000534,0.0,0.9784235,0.9784235,0.45509022,-0.0,11.1,17.404621,19.444445,19.444445,2.0
resstock-amy2018-2021-release-1-457349,0.36222294,0.26133242,0.0,0.0,0.0,0.0,0.0,0.0,0.0,0.0,0.0,0.0,0.0,0.0,0.0,0.0,0.0,0.0,3.299999952316284,0.0,-0.0,0.0,0.0,-0.0,0.0,-0.0,0.0,0.0,0.26133245,0.85727584,3.2498116,0.0,0.0,0.35929742,0.35929742,0.112873286,0.20449716,0.0,0.0,0.0,0.31415,0.1383698,0.56915843,0.0,0.35929742,0.0,0.48458636,0.48458636,0.35929742,-0.0,10.6,17.155237,17.777779,17.777779,2.0
resstock-amy2018-2021-release-1-457349,0.0,0.18825549,0.0,0.0,0.22549659,0.0,0.0,0.0,0.0,0.0,0.0,0.0,0.0,0.0,0.0,0.0,0.0,0.0,3.299999952316284,0.0,-0.0,0.0,0.0,-0.0,0.0,-0.0,0.28209388,0.28209388,-0.0,0.93801486,3.2498116,0.18825549,0.0,0.2383012,0.4637978,0.13765028,0.24789678,0.0,0.0,0.0,0.2967894,0.1383698,0.5344932,0.0,0.4637978,0.0,0.32855535,0.32855535,0.2383012,-0.0,10.6,16.839027,17.777779,17.777779,2.0
resstock-amy2018-2021-release-1-457349,0.0,0.874017,0.0,0.0,0.0,0.0,0.0,0.0,0.0,0.0,0.0,0.0,0.0,0.0,0.0,0.0,0.0,0.0,3.299999952316284,0.0,-0.0,0.0,0.0,-0.0,0.0,-0.0,0.0,0.0,0.874017,0.6547317,3.2498116,0.0,0.0,0.25220335,0.25220335,0.068119064,0.13445823,0.0,0.0,0.0,0.2700958,0.1383698,0.5331342,0.0,0.25220335,0.0,0.6712277,0.6712277,0.25220335,-0.0,10.6,17.338106,17.777779,17.777779,2.0
resstock-amy2018-2021-release-1-457349,0.0,0.6167364,0.0,0.0,0.121762976,0.0,0.0,0.0,0.0,0.0,0.0,0.0,0.0,0.0,0.0,0.0,0.0,0.0,3.299999952316284,0.0,-0.0,0.0,0.0,-0.0,0.0,-0.0,0.0,0.0,0.37090763,0.5337776,3.2498116,0.24582878,0.0,0.23610216,0.35786515,0.084044635,0.18889655,0.0,0.0,0.0,0.23485,0.1383698,0.5278428,0.0,0.35786515,0.0,0.54158175,0.54158175,0.23610216,-0.0,9.4,17.127796,17.777779,17.777779,2.0
resstock-amy2018-2021-release-1-457349,0.0,0.4228489,1.0994183,0.0,0.62181187,1.1629272,0.0,0.0,0.0,0.0,0.0,0.0,0.0,0.0,0.0,0.0,0.0,0.0,3.299999952316284,0.0,-0.0,0.0,0.0,-0.0,0.0,-0.0,0.8325346,0.8325346,-0.0,0.77779144,3.2498116,0.4228489,0.0,0.23985946,2.0245986,0.46312693,1.0673318,0.0,0.0,0.0,0.22875,0.1383698,0.5271819,0.0,2.0245986,0.0,1.6122308,1.6122308,0.23985946,-0.0,9.4,16.924171,17.777779,17.777779,2.0
resstock-amy2018-2021-release-1-457349,0.0,0.25004783,0.6539746,0.0,0.77298605,0.691752,0.0,0.0,0.0,0.0,0.0,0.0,0.0,0.0,0.0,0.0,0.0,0.0,3.299999952316284,0.0,-0.0,0.0,0.0,-0.0,0.0,-0.0,0.7609783,0.7609783,-0.0,1.0,3.2498116,0.25004783,0.0,0.25818723,1.7229252,0.39124754,0.90597206,0.0,0.0,0.0,0.2270833,0.1383698,0.52583367,0.0,1.7229252,0.0,1.3520472,1.3520472,0.25818723,-0.0,10.0,16.747496,17.777779,17.777779,2.0
resstock-amy2018-2021-release-1-457349,0.0,0.3260299,1.5209426,0.0,0.86918926,1.6088011,0.0,0.0,0.0,0.0,0.0,0.0,0.0,0.0,0.0,0.0,0.0,0.0,3.299999952316284,0.0,-0.0,0.0,0.0,-0.0,0.0,-0.0,0.009734306,0.009734306,-0.0,1.0,3.2498116,0.3260299,0.0,0.3700914,2.8480818,0.7692549,1.4784052,0.0,0.0,0.0,0.2700958,0.1383698,0.51908803,0.0,2.8480818,0.0,2.8431184,2.8431184,0.3700914,-0.0,8.3,16.69434,17.907408,17.907408,2.0
resstock-amy2018-2021-release-1-457349,0.0,0.2601738,0.0,0.0,0.5238473,0.0,0.0,0.0,0.0,0.0,0.0,0.0,0.0,0.0,0.0,0.0,0.0,0.0,3.299999952316284,0.0,-0.0,0.0,0.0,-0.0,0.0,-0.0,0.009734306,0.009734306,-0.0,1.0,3.2498116,0.2601738,0.0,0.4939199,1.0177672,0.32790178,0.5274799,0.0,0.0,0.0,0.3221776,0.1383698,0.5182717,0.0,1.0177672,0.0,1.013023,1.013023,0.4939199,-0.0,10.0,16.752384,19.87037,19.87037,2.0
resstock-amy2018-2021-release-1-457349,0.0,0.3038715,0.0,0.0,0.44253814,0.0,0.0,0.0,0.0,0.0,0.0,0.0,0.0,0.0,0.0,0.0,0.0,0.0,3.299999952316284,0.0,-0.0,0.0,0.0,-0.0,0.0,-0.0,0.009734306,0.009734306,-0.0,1.0,3.2498116,0.3038715,0.0,0.43743104,0.8799692,0.28356004,0.45721906,0.0,0.0,0.0,0.3222386,0.1383698,0.5195853,0.0,0.8799692,0.0,0.8750058,0.8750058,0.43743104,-0.0,8.3,16.655123,17.898148,17.898148,2.0
resstock-amy2018-2021-release-1-457349,0.0,0.39252174,0.0,0.0,0.012747583,0.0,0.0,0.0,0.0,0.0,0.0,0.0,0.0,0.0,0.0,0.0,0.0,0.0,3.299999952316284,0.0,-0.0,0.0,0.0,-0.0,0.0,-0.0,0.0,0.0,0.36593235,0.87965184,3.2498116,0.026589394,0.0,0.63280356,0.64522123,0.21429913,0.33651003,0.0,0.0,0.0,0.3321328,0.1383698,0.5215421,0.0,0.64522123,0.0,0.82065785,0.82098776,0.63280356,-0.00032990004,10.6,16.819267,20.0,20.0,2.0
resstock-amy2018-2021-release-1-457349,0.0,0.26544952,0.0,0.0,0.043723013,0.0,0.0,0.0,0.0,0.0,0.0,0.0,0.0,0.0,0.0,0.0,0.0,0.0,3.299999952316284,0.0,-0.0,0.0,0.0,-0.0,0.0,-0.0,0.0,0.0,0.17139229,0.8221034,3.2498116,0.09405723,0.0,0.81250614,0.8512611,0.28143355,0.45140362,0.0,0.0,0.0,0.3306078,0.1383698,0.53027636,0.0,0.8512611,0.0,0.9309337,0.93590176,0.81250614,-0.0049680755,11.7,16.817928,20.0,20.0,2.0
resstock-amy2018-2021-release-1-457349,0.29717118,0.21045133,0.0,0.0,0.0,0.0,0.0,0.0,0.0,0.0,0.0,0.0,0.0,0.0,0.0,0.0,0.0,0.0,3.299999952316284,0.0,-0.0,0.0,0.0,-0.0,0.0,-0.0,0.0,0.0,0.2104514,0.7521809,3.2498116,0.0,0.0,0.84054756,0.83029985,0.267504,0.4415596,0.0,0.0,0.0,0.3221776,0.1383698,0.5318074,0.0,0.83029985,0.0,0.92506343,0.93531114,0.84054756,-0.010247716,12.8,16.815575,18.148148,18.148148,2.0
resstock-amy2018-2021-release-1-457349,0.0,0.23683351,0.0,0.0,3.3549014e-08,0.0,0.0,0.0,0.0,0.0,0.0,0.0,0.0,0.0,0.0,0.0,0.0,0.0,3.299999952316284,0.0,-0.0,0.0,0.0,-0.0,0.0,-0.0,0.0,0.0,0.23683344,0.6739895,3.2498116,7.4505806e-08,0.0,0.8114066,0.8049793,0.2481703,0.4274151,0.0,0.0,0.0,0.308294,0.1383698,0.5309641,0.0,0.8049793,0.0,0.9116224,0.91804975,0.8114066,-0.006427369,12.8,16.746485,17.777779,17.777779,2.0
resstock-amy2018-2021-release-1-457349,0.0,0.2986096,0.0,0.0,0.0,0.0,0.0,0.0,0.0,0.0,0.0,0.0,0.0,0.0,0.0,0.0,0.0,0.0,3.299999952316284,0.0,-0.0,0.0,0.0,-0.0,0.0,-0.0,0.0,0.0,0.29860964,0.5761903,3.2498116,0.0,0.0,0.80874884,0.79913396,0.24129851,0.4186983,0.0,0.0,0.0,0.30195,0.1383698,0.5239401,0.0,0.79913396,0.0,0.9379443,0.9475592,0.80874884,-0.009614859,11.7,16.65865,17.777779,17.777779,2.0
resstock-amy2018-2021-release-1-457349,0.0,0.20591179,0.0,0.0,0.0,0.0,0.0,0.0,0.0,0.0,0.0,0.0,0.0,0.0,0.0,0.0,0.0,0.0,3.299999952316284,0.0,-0.0,0.0,0.0,-0.0,0.0,-0.0,0.0,0.0,0.2059118,0.50843114,3.2498116,0.0,0.0,0.66304404,0.6561833,0.19794242,0.33558565,0.0,0.0,0.0,0.3016572,0.1383698,0.5114206,0.0,0.6561833,0.0,0.7519025,0.75876325,0.66304404,-0.006860725,11.7,16.443354,17.777779,17.777779,2.0
resstock-amy2018-2021-release-1-457349,0.0,0.17217694,0.0,0.0,6.847946e-09,0.0,0.0,0.0,0.0,0.0,0.0,0.0,0.0,0.0,0.0,0.0,0.0,0.0,3.299999952316284,0.0,-0.0,0.0,0.0,-0.0,0.0,-0.0,0.0,0.0,0.17217693,0.4516966,3.2498116,1.4901161e-08,0.0,0.59019166,0.5829032,0.17970556,0.29083148,0.0,0.0,0.0,0.308294,0.1383698,0.49893615,0.0,0.5829032,0.0,0.6620285,0.66931695,0.59019166,-0.0072884667,12.1,16.288517,17.777779,17.777779,2.0
resstock-amy2018-2021-release-1-457349,0.0,0.15954834,0.0,0.0,2.0780657e-08,0.0,0.0,0.0,0.0,0.0,0.0,0.0,0.0,0.0,0.0,0.0,0.0,0.0,3.299999952316284,0.0,-0.0,0.0,0.0,-0.0,0.0,-0.0,0.0,0.0,0.1595483,0.39917916,3.2498116,4.4703484e-08,0.0,0.7492653,0.7425456,0.23780024,0.3614264,0.0,0.0,0.0,0.32025,0.1383698,0.4867397,0.0,0.7425456,0.0,0.8167125,0.8234322,0.7492653,-0.006719679,11.7,16.254,18.592592,18.592592,2.0
resstock-amy2018-2021-release-1-457349,0.0,0.22848773,0.6515401,0.0,0.09617508,0.68917686,0.0,0.0,0.0,0.0,0.0,0.0,0.0,0.0,0.0,0.0,0.0,0.0,3.299999952316284,0.0,-0.0,0.0,0.0,-0.0,0.0,-0.0,0.0,0.0,0.025015472,0.39000225,3.2498116,0.20347226,0.0,0.66810393,1.4507589,0.47327816,0.7032663,0.0,0.0,0.0,0.326228,0.1383698,0.48475754,0.0,1.4507589,0.0,1.462583,1.4652799,0.66810393,-0.0026969523,11.11,16.331343,20.0,20.0,2.0
resstock-amy2018-2021-release-1-457349,0.0,0.16764283,0.0,0.0,0.065968975,0.0,0.0,0.0,0.0,0.0,0.0,0.0,0.0,0.0,0.0,0.0,0.0,0.0,3.299999952316284,0.0,-0.0,0.0,0.0,-0.0,0.0,-0.0,0.0,0.0,0.02811504,0.37985662,3.2498116,0.1395278,0.0,0.6689744,0.7349434,0.24467266,0.3655827,0.0,0.0,0.0,0.3329136,0.1383698,0.49742976,0.0,0.7349434,0.0,0.74823624,0.74823624,0.6689744,0.0,11.1,16.373089,20.0,20.0,2.0
resstock-amy2018-2021-release-1-457349,0.0,0.3448866,0.627063,0.0,0.44327152,0.6632858,0.0,0.0,0.0,0.0,0.0,0.0,0.0,0.0,0.0,0.0,0.0,0.0,3.299999952316284,0.0,-0.0,0.0,0.0,-0.0,0.0,-0.0,0.59265554,0.59265554,-0.0,0.5535628,3.2498116,0.3448866,0.0,0.7007014,1.8072586,0.6008231,0.9387151,0.0,0.0,0.0,0.33245,0.1383698,0.5194138,0.0,1.8072586,0.0,1.52705,1.52705,0.7007014,-0.0,11.1,16.695526,20.0,20.0,2.0
resstock-amy2018-2021-release-1-457349,0.21113345,0.18399483,2.042763,0.0,0.0,2.160765,0.0,0.0,0.0,0.0,0.0,0.0,0.0,0.0,0.0,0.0,0.0,0.0,3.299999952316284,0.0,-0.0,0.0,0.0,-0.0,0.0,-0.0,0.0,0.0,0.18399486,0.4929047,3.2498116,0.0,0.0,0.6379254,2.7986903,0.9295368,1.4648275,0.0,0.0,0.0,0.3321328,0.1383698,0.5233975,0.0,2.7986903,0.0,2.8829541,2.8829541,0.6379254,-0.0,12.22,16.824217,20.0,20.0,2.0
resstock-amy2018-2021-release-1-457349,0.0,0.32185033,0.0,0.0,1.38537715e-08,0.0,0.0,0.0,0.0,0.0,0.0,0.0,0.0,0.0,0.0,0.0,0.0,0.0,3.299999952316284,0.0,-0.0,0.0,0.0,-0.0,0.0,-0.0,0.0,0.0,0.3218503,0.3881643,3.2498116,2.9802322e-08,0.0,0.57213575,0.57213575,0.18673047,0.29909256,0.0,0.0,0.0,0.3263744,0.1383698,0.52276504,0.0,0.57213575,0.0,0.7217496,0.7217496,0.57213575,-0.0,11.7,17.005165,19.87963,19.87963,2.0
resstock-amy2018-2021-release-1-457349,0.0,0.3014531,0.0,0.0,0.011339263,0.0,0.0,0.0,0.0,0.0,0.0,0.0,0.0,0.0,0.0,0.0,0.0,0.0,3.299999952316284,0.0,-0.0,0.0,0.0,-0.0,0.0,-0.0,0.0,0.0,0.27699032,0.29812628,3.2498116,0.02446279,0.0,0.24489833,0.2562376,0.08202571,0.13336493,0.0,0.0,0.0,0.3201158,0.1383698,0.5204737,0.0,0.2562376,0.0,0.38463122,0.38463122,0.24489833,-0.0,11.8,17.015068,19.444445,19.444445,2.0
resstock-amy2018-2021-release-1-457349,0.4116746,0.22680393,0.0,0.0,6.8282118e-09,0.0,0.0,0.0,0.0,0.0,0.0,0.0,0.0,0.0,0.0,0.0,0.0,0.0,3.299999952316284,0.0,-0.0,0.0,0.0,-0.0,0.0,-0.0,0.0,0.0,0.22680391,0.22445834,3.2498116,1.4901161e-08,0.0,0.24269928,0.24269928,0.07285964,0.1242862,0.0,0.0,0.0,0.3002054,0.1383698,0.51209956,0.0,0.24269928,0.0,0.34662843,0.34662843,0.24269928,-0.0,12.2,16.877623,17.777779,17.777779,2.0
resstock-amy2018-2021-release-1-457349,0.0,0.24603185,0.7329459,0.0,0.0,0.7752852,0.0,0.0,0.0,0.0,0.0,0.0,0.0,0.0,0.0,0.0,0.0,0.0,3.299999952316284,0.0,-0.0,0.0,0.0,-0.0,0.0,-0.0,0.0,0.0,0.24603185,0.14482905,3.2498116,0.0,0.0,0.23940073,1.0146859,0.2754241,0.5113677,0.0,0.0,0.0,0.2714378,0.1383698,0.5039665,0.0,1.0146859,0.0,1.1274259,1.1274259,0.23940073,-0.0,12.2,16.715992,17.777779,17.777779,2.0
resstock-amy2018-2021-release-1-457349,0.0,0.40287277,0.0,0.0,0.14116275,0.0,0.0,0.0,0.0,0.0,0.0,0.0,0.0,0.0,0.0,0.0,0.0,0.0,3.299999952316284,0.0,-0.0,0.0,0.0,-0.0,0.0,-0.0,0.0,0.0,0.09302321,0.114549525,3.2498116,0.30984956,0.0,0.2383012,0.37946397,0.08981153,0.1826562,0.0,0.0,0.0,0.23668,0.1383698,0.48135322,0.0,0.37946397,0.0,0.42184395,0.42184395,0.2383012,-0.0,12.4,16.696062,17.777779,17.777779,2.0
resstock-amy2018-2021-release-1-457349,0.0,0.3720884,0.0,0.0,0.013113212,0.0,0.0,0.0,0.0,0.0,0.0,0.0,0.0,0.0,0.0,0.0,0.0,0.0,3.299999952316284,0.0,-0.0,0.0,0.0,-0.0,0.0,-0.0,0.0,0.0,0.34347153,0.0039542546,3.2498116,0.028616875,0.0,0.25220335,0.26531655,0.062057115,0.13025293,0.0,0.0,0.0,0.2338984,0.1383698,0.49093407,0.0,0.26531655,0.0,0.42270672,0.42270672,0.25220335,-0.0,12.2,16.537144,17.777779,17.777779,2.0
resstock-amy2018-2021-release-1-457349,0.0,0.23613754,0.0,0.0,0.29615712,0.0,0.0,0.0,0.0,0.0,0.0,0.0,0.0,0.0,0.0,0.0,0.0,0.0,3.299999952316284,0.0,-0.0,0.0,0.0,-0.0,0.0,-0.0,0.4101642,0.4101642,-0.0,0.12491603,3.2498116,0.23613754,0.0,0.23610216,0.5322593,0.112013966,0.25870878,0.0,0.0,0.0,0.21045,0.1383698,0.4860578,0.0,0.5322593,0.0,0.34430832,0.34430832,0.23610216,-0.0,12.2,16.295202,17.777779,17.777779,2.0
resstock-amy2018-2021-release-1-457349,0.0,0.3572575,0.0,0.0,0.5349829,0.0,0.0,0.0,0.0,0.0,0.0,0.0,0.0,0.0,0.0,0.0,0.0,0.0,3.299999952316284,0.0,-0.0,0.0,0.0,-0.0,0.0,-0.0,0.7936011,0.7936011,-0.0,0.35862073,3.2498116,0.3572575,0.0,0.23985946,0.7748424,0.18563008,0.37852123,0.0,0.0,0.0,0.2395714,0.1383698,0.48851386,0.0,0.7748424,0.0,0.4059326,0.4059326,0.23985946,-0.0,11.7,16.28799,17.777779,17.777779,2.0
resstock-amy2018-2021-release-1-457349,0.0,0.48193216,0.0,0.0,0.78414816,0.0,0.0,0.0,0.0,0.0,0.0,0.0,0.0,0.0,0.0,0.0,0.0,0.0,3.299999952316284,0.0,-0.0,0.0,0.0,-0.0,0.0,-0.0,1.2049326,1.2049326,-0.0,0.71297187,3.2498116,0.48193216,0.0,0.25818723,1.0423354,0.25496566,0.51862353,0.0,0.0,0.0,0.24461,0.1383698,0.4975592,0.0,1.0423354,0.0,0.48221594,0.48221594,0.25818723,-0.0,11.7,16.462725,17.777779,17.777779,2.0
resstock-amy2018-2021-release-1-457349,0.0,0.39944556,0.6396586,0.0,0.21086976,0.676609,0.0,0.0,0.0,0.0,0.0,0.0,0.0,0.0,0.0,0.0,0.0,0.0,3.299999952316284,0.0,-0.0,0.0,0.0,-0.0,0.0,-0.0,0.054178696,0.054178696,-0.0,0.7269042,3.2498116,0.39944556,0.0,0.292185,1.1796637,0.29863185,0.60093856,0.0,0.0,0.0,0.25315,0.1383698,0.50941515,0.0,1.1796637,0.0,1.1544784,1.1544784,0.292185,-0.0,11.7,16.534103,17.898148,17.898148,2.0
resstock-amy2018-2021-release-1-457349,0.0,0.22647496,0.0,0.0,0.0127468575,0.0,0.0,0.0,0.0,0.0,0.0,0.0,0.0,0.0,0.0,0.0,0.0,0.0,3.299999952316284,0.0,-0.0,0.0,0.0,-0.0,0.0,-0.0,0.0,0.0,0.19865757,0.6610412,3.2498116,0.027817383,0.0,0.34780914,0.360556,0.1073655,0.18641095,0.0,0.0,0.0,0.2977776,0.1383698,0.5170097,0.0,0.360556,0.0,0.45158756,0.45158756,0.34780914,-0.0,12.2,16.433136,19.87963,19.87963,2.0
resstock-amy2018-2021-release-1-457349,0.0,0.3355962,0.0,0.0,0.5067565,0.0,0.0,0.0,0.0,0.0,0.0,0.0,0.0,0.0,0.0,0.0,0.0,0.0,3.299999952316284,0.0,-0.0,0.0,0.0,-0.0,0.0,-0.0,0.77029514,0.77029514,-0.0,0.88633287,3.2498116,0.3355962,0.0,0.43743104,0.9441875,0.30237606,0.49436593,0.0,0.0,0.0,0.32025,0.1383698,0.5235887,0.0,0.9441875,0.0,0.59121245,0.59121245,0.43743104,-0.0,12.2,16.519312,20.0,20.0,2.0
resstock-amy2018-2021-release-1-457349,0.0,0.33915055,0.0,0.0,0.0,0.0,0.0,0.0,0.0,0.0,0.0,0.0,0.0,0.0,0.0,0.0,0.0,0.0,3.299999952316284,0.0,-0.0,0.0,0.0,-0.0,0.0,-0.0,0.0,0.0,0.3391506,0.77490896,3.2498116,0.0,0.0,0.63280356,0.6288997,0.2226735,0.3314761,0.0,0.0,0.0,0.3540684,0.1383698,0.5270731,0.0,0.6288997,0.0,0.7766741,0.78057796,0.63280356,-0.0039038828,13.9,16.71968,19.444445,19.444445,2.0
resstock-amy2018-2021-release-1-457349,0.49238133,0.53704166,0.0,0.0,0.0,0.0,0.0,0.0,0.0,0.0,0.0,0.0,0.0,0.0,0.0,0.0,0.0,0.0,3.299999952316284,0.0,-0.0,0.0,0.0,-0.0,0.0,-0.0,0.0,0.0,0.5370417,0.600275,3.2498116,0.0,0.0,0.81250614,0.7934174,0.25527284,0.42908272,0.0,0.0,0.0,0.3217384,0.1383698,0.54080325,0.0,0.7934174,0.0,1.0316842,1.0507729,0.81250614,-0.019088766,13.3,17.205444,17.777779,17.777779,2.0
resstock-amy2018-2021-release-1-457349,0.032084398,0.29214263,0.3668017,0.0,0.0,0.38799033,0.0,0.0,0.0,0.0,0.0,0.0,0.0,0.0,0.0,0.0,0.0,0.0,3.299999952316284,0.0,-0.0,0.0,0.0,-0.0,0.0,-0.0,0.0,0.0,0.2921427,0.5047635,3.2498116,0.0,0.0,0.84054756,1.1961482,0.37406257,0.66376114,0.0,0.0,0.0,0.3127226,0.1383698,0.5549155,0.0,1.1961482,0.0,1.3257618,1.3581516,0.84054756,-0.032389775,13.3,17.362862,17.777779,17.777779,2.0
resstock-amy2018-2021-release-1-457349,0.0,0.5472939,0.0,0.0,0.0,0.0,0.0,0.0,0.0,0.0,0.0,0.0,0.0,0.0,0.0,0.0,0.0,0.0,3.299999952316284,0.0,-0.0,0.0,0.0,-0.0,0.0,-0.0,0.0,0.0,0.54729396,0.32761374,3.2498116,0.0,0.0,0.8114066,0.7766585,0.23309074,0.43067873,0.0,0.0,0.0,0.30012,0.1383698,0.5545278,0.0,0.7766585,0.0,1.0151249,1.0498731,0.8114066,-0.034748144,13.9,17.786594,17.777779,17.777779,2.0
resstock-amy2018-2021-release-1-457349,0.0,0.5897898,0.0,0.0,0.05996143,0.0,0.0,0.0,0.0,0.0,0.0,0.0,0.0,0.0,0.0,0.0,0.0,0.0,3.299999952316284,0.0,-0.0,0.0,0.0,-0.0,0.0,-0.0,0.0,0.0,0.4446766,0.18391638,3.2498116,0.1451132,0.0,0.80874884,0.8362729,0.24680938,0.44357374,0.0,0.0,0.0,0.2951302,0.1383698,0.53041744,0.0,0.8362729,0.0,1.0200152,1.0524526,0.80874884,-0.032437377,15.6,18.142267,17.777779,17.777779,2.0
resstock-amy2018-2021-release-1-457349,0.0,0.83369994,0.0,0.0,0.10844929,0.0,0.0,0.0,0.0,0.0,0.0,0.0,0.0,0.0,0.0,0.0,0.0,0.0,3.299999952316284,0.0,-0.0,0.0,0.0,-0.0,0.0,-0.0,0.0,0.0,0.57124084,0.0,3.2498116,0.2624591,0.0,0.66304404,0.7447781,0.22215986,0.37667444,0.0,0.0,0.0,0.29829,0.1383698,0.50575393,0.0,0.7447781,0.0,0.9808174,1.0075326,0.66304404,-0.026715243,15.6,18.560612,17.777779,17.777779,2.0
resstock-amy2018-2021-release-1-457349,0.0,0.78786767,0.0,0.0,0.3088555,0.0,0.0,0.0,0.0,0.0,0.0,0.0,0.0,0.0,0.0,0.0,0.0,0.0,3.299999952316284,0.0,-0.0,0.0,0.0,-0.0,0.0,-0.0,0.0,0.0,-0.0,0.0,3.2498116,0.78786767,0.0,0.59019166,0.8812284,0.2753005,0.42793792,0.0,0.0,0.0,0.3124054,0.1383698,0.48561522,0.0,0.8812284,0.0,0.8812284,0.89904714,0.59019166,-0.017818747,17.2,18.947128,19.444445,19.444445,2.0
resstock-amy2018-2021-release-1-457349,0.0,0.7257649,0.0,0.0,0.31622958,0.0,0.0,0.0,0.0,0.0,0.0,0.0,0.0,0.0,0.0,0.0,0.0,0.0,3.299999952316284,0.0,-0.0,0.0,0.0,-0.0,0.0,-0.0,0.0,0.0,-0.0,0.0,3.2498116,0.7257649,0.0,0.5210966,0.82682157,0.26626235,0.41912833,0.0,0.0,0.0,0.3220312,0.1383698,0.5069151,0.0,0.82682157,0.0,0.82682157,0.83732617,0.5210966,-0.01050458,13.9,18.943771,19.444445,19.444445,2.0
resstock-amy2018-2021-release-1-457349,0.0,0.45914906,0.0,0.0,0.19701955,0.0,0.0,0.0,0.0,0.0,0.0,0.0,0.0,0.0,0.0,0.0,0.0,0.0,3.299999952316284,0.0,-0.0,0.0,0.0,-0.0,0.0,-0.0,0.0,0.0,-0.0,0.0,3.2498116,0.45914906,0.0,0.66810393,0.8603093,0.28648213,0.43074355,0.0,0.0,0.0,0.332999,0.1383698,0.5006845,0.0,0.8603093,0.0,0.8603093,0.8651235,0.66810393,-0.0048142113,14.4,18.797459,19.0,19.0,2.0
resstock-amy2018-2021-release-1-457349,0.0,0.7356696,0.0,0.0,0.31567374,0.0,0.0,0.0,0.0,0.0,0.0,0.0,0.0,0.0,0.0,0.0,0.0,0.0,3.299999952316284,0.0,-0.0,0.0,0.0,-0.0,0.0,-0.0,0.0,0.0,-0.0,0.0,3.2498116,0.7356696,0.0,0.6689744,0.9846481,0.3414852,0.53340507,0.0,0.0,0.0,0.3468094,0.1383698,0.5417215,0.0,0.9846481,0.0,0.9846481,0.9846481,0.6689744,0.0,14.4,19.07189,20.0,20.0,2.0
resstock-amy2018-2021-release-1-457349,0.0,0.58726287,0.0,0.0,0.38284165,0.0,0.0,0.0,0.0,0.0,0.0,0.0,0.0,0.0,0.0,0.0,0.0,0.0,3.299999952316284,0.0,-0.0,0.0,0.0,-0.0,0.0,-0.0,0.32177404,0.32177404,-0.0,0.094903484,3.2498116,0.58726287,0.0,0.72073174,1.1035733,0.38707834,0.6381279,0.0,0.0,0.0,0.35075,0.1383698,0.5782379,0.0,1.1035733,0.0,0.96805793,0.96805793,0.72073174,-0.0,15.0,19.20543,20.0,20.0,2.0
resstock-amy2018-2021-release-1-457349,0.0,0.35378546,0.0,0.0,0.24751365,0.0,0.0,0.0,0.0,0.0,0.0,0.0,0.0,0.0,0.0,0.0,0.0,0.0,3.299999952316284,0.0,-0.0,0.0,0.0,-0.0,0.0,-0.0,0.24522458,0.24522458,-0.0,0.16695713,3.2498116,0.35378546,0.0,0.6379254,0.88543904,0.30689493,0.51457405,0.0,0.0,0.0,0.346602,0.1383698,0.5811513,0.0,0.88543904,0.0,0.78411114,0.78411114,0.6379254,-0.0,15.6,19.200226,20.0,20.0,2.0
resstock-amy2018-2021-release-1-457349,0.0,0.3678146,0.73360264,0.0,0.49388224,0.7759798,0.0,0.0,0.0,0.0,0.0,0.0,0.0,0.0,0.0,0.0,0.0,0.0,3.299999952316284,0.0,-0.0,0.0,0.0,-0.0,0.0,-0.0,0.8048822,0.8048822,-0.0,0.40386838,3.2498116,0.3678146,0.0,0.57213575,1.8419979,0.6123722,1.0207524,0.0,0.0,0.0,0.33245,0.1383698,0.55415505,0.0,1.8419979,0.0,1.503021,1.503021,0.57213575,-0.0,15.0,19.168655,19.88889,19.88889,2.0
resstock-amy2018-2021-release-1-457349,0.0,0.35352618,1.4672065,0.0,0.3823704,1.551961,0.0,0.0,0.0,0.0,0.0,0.0,0.0,0.0,0.0,0.0,0.0,0.0,3.299999952316284,0.0,-0.0,0.0,0.0,-0.0,0.0,-0.0,0.5240357,0.5240357,-0.0,0.55726707,3.2498116,0.35352618,0.0,0.24489833,2.1792297,0.69805783,1.1499212,0.0,0.0,0.0,0.3203232,0.1383698,0.52767324,0.0,2.1792297,0.0,1.9508975,1.9508975,0.24489833,-0.0,13.9,18.973028,20.0,20.0,2.0
resstock-amy2018-2021-release-1-457349,0.0,0.3125281,0.0,0.0,0.49213856,0.0,0.0,0.0,0.0,0.0,0.0,0.0,0.0,0.0,0.0,0.0,0.0,0.0,3.299999952316284,0.0,-0.0,0.0,0.0,-0.0,0.0,-0.0,0.8560284,0.8560284,-0.0,0.8081427,3.2498116,0.3125281,0.0,0.24269928,0.73483783,0.22635782,0.36813205,0.0,0.0,0.0,0.3080378,0.1383698,0.5009705,0.0,0.73483783,0.0,0.37432075,0.37432075,0.24269928,-0.0,15.0,18.800858,20.0,20.0,2.0
resstock-amy2018-2021-release-1-457349,0.0,0.22358216,0.0,0.0,0.19407588,0.0,0.0,0.0,0.0,0.0,0.0,0.0,0.0,0.0,0.0,0.0,0.0,0.0,3.299999952316284,0.0,-0.0,0.0,0.0,-0.0,0.0,-0.0,0.22870669,0.22870669,-0.0,0.8732768,3.2498116,0.22358216,0.0,0.23940073,0.43347663,0.1112671,0.19864614,0.0,0.0,0.0,0.25668535,0.1383698,0.45826265,0.0,0.43347663,0.0,0.33533925,0.33533925,0.23940073,-0.0,14.4,18.430256,20.0,20.0,2.0
resstock-amy2018-2021-release-1-457349,0.0,0.22237566,0.0,0.0,0.0,0.0,0.0,0.0,0.0,0.0,0.0,0.0,0.0,0.0,0.0,0.0,0.0,0.0,3.299999952316284,0.0,-0.0,0.0,0.0,-0.0,0.0,-0.0,0.0,0.0,0.22237572,0.7993792,3.2498116,0.0,0.0,0.2383012,0.2383012,0.064971775,0.10790498,0.0,0.0,0.0,0.2726456,0.1383698,0.4528092,0.0,0.2383012,0.0,0.33195493,0.33195493,0.2383012,-0.0,15.0,18.212814,20.0,20.0,2.0
resstock-amy2018-2021-release-1-457349,0.0,0.16627812,0.0,0.0,0.21313137,0.0,0.0,0.0,0.0,0.0,0.0,0.0,0.0,0.0,0.0,0.0,0.0,0.0,3.299999952316284,0.0,-0.0,0.0,0.0,-0.0,0.0,-0.0,0.33041915,0.33041915,-0.0,0.89453745,3.2498116,0.16627812,0.0,0.25220335,0.4653347,0.11098698,0.1853072,0.0,0.0,0.0,0.23851,0.1383698,0.39822346,0.0,0.4653347,0.0,0.3235528,0.3235528,0.25220335,-0.0,14.4,17.845602,19.444445,19.444445,2.0
resstock-amy2018-2021-release-1-457349,0.0,0.21038592,0.0,0.0,0.22014493,0.0,0.0,0.0,0.0,0.0,0.0,0.0,0.0,0.0,0.0,0.0,0.0,0.0,3.299999952316284,0.0,-0.0,0.0,0.0,-0.0,0.0,-0.0,0.3005536,0.3005536,-0.0,0.980614,3.2498116,0.21038592,0.0,0.23610216,0.4562471,0.09991355,0.18210295,0.0,0.0,0.0,0.21899,0.1383698,0.39913228,0.0,0.4562471,0.0,0.32674968,0.32674968,0.23610216,-0.0,14.266666,17.618237,19.444445,19.444445,2.0
resstock-amy2018-2021-release-1-457349,0.5702337,0.24356687,0.0,0.0,0.39183202,0.0,0.0,0.0,0.0,0.0,0.0,0.0,0.0,0.0,0.0,0.0,0.0,0.0,3.299999952316284,0.0,-0.0,0.0,0.0,-0.0,0.0,-0.0,0.07527483,0.07527483,-0.0,1.0,3.2498116,0.24356687,0.0,0.23985946,0.63169146,0.13293946,0.25031996,0.0,0.0,0.0,0.21045,0.1383698,0.39626932,0.0,0.63169146,0.0,0.5993912,0.5993912,0.23985946,-0.0,14.4,17.523628,17.777779,17.777779,2.0
resstock-amy2018-2021-release-1-457349,0.0,0.23542103,0.0,0.0,0.4558285,0.0,0.0,0.0,0.0,0.0,0.0,0.0,0.0,0.0,0.0,0.0,0.0,0.0,3.299999952316284,0.0,-0.0,0.0,0.0,-0.0,0.0,-0.0,0.009734306,0.009734306,-0.0,1.0,3.2498116,0.23542103,0.0,0.25818723,0.7140157,0.15671074,0.29698843,0.0,0.0,0.0,0.219478,0.1383698,0.41594103,0.0,0.7140157,0.0,0.70983875,0.70983875,0.25818723,-0.0,14.4,17.474236,17.777779,17.777779,2.0
resstock-amy2018-2021-release-1-457349,0.20699158,0.2789355,0.64229643,0.0,0.03539398,0.67939925,0.0,0.0,0.0,0.0,0.0,0.0,0.0,0.0,0.0,0.0,0.0,0.0,3.299999952316284,0.0,-0.0,0.0,0.0,-0.0,0.0,-0.0,0.0,0.0,0.19645073,0.9340614,3.2498116,0.08248477,0.0,0.292185,1.0069783,0.25786498,0.4404762,0.0,0.0,0.0,0.256078,0.1383698,0.43742374,0.0,1.0069783,0.0,1.0912747,1.0912747,0.292185,-0.0,14.4,17.517963,17.88889,17.88889,2.0
resstock-amy2018-2021-release-1-457349,0.0,0.44403964,2.1896136,0.0,0.44641125,2.3160985,0.0,0.0,0.0,0.0,0.0,0.0,0.0,0.0,0.0,0.0,0.0,0.0,3.299999952316284,0.0,-0.0,0.0,0.0,-0.0,0.0,-0.0,0.23265997,0.23265997,-0.0,1.0,3.2498116,0.44403964,0.0,0.4939199,3.2564297,1.0355616,1.5228262,0.0,0.0,0.0,0.3180052,0.1383698,0.46763676,0.0,3.2564297,0.0,3.1550553,3.1550553,0.4939199,-0.0,13.9,17.710718,19.88889,19.88889,2.0
resstock-amy2018-2021-release-1-457349,0.0,0.24499625,0.0,0.0,0.69890803,0.0,0.0,0.0,0.0,0.0,0.0,0.0,0.0,0.0,0.0,0.0,0.0,0.0,3.299999952316284,0.0,-0.0,0.0,0.0,-0.0,0.0,-0.0,0.009734306,0.009734306,-0.0,1.0,3.2498116,0.24499625,0.0,0.6363609,1.335269,0.44448033,0.67424965,0.0,0.0,0.0,0.332877,0.1383698,0.50495416,0.0,1.335269,0.0,1.331092,1.331092,0.6363609,-0.0,14.4,17.700912,20.0,20.0,2.0
resstock-amy2018-2021-release-1-457349,1.6404984,0.5321941,3.1620617,0.0,0.0,3.3447208,0.0,0.0,0.0,0.0,0.0,0.0,0.0,0.0,0.0,0.0,0.0,0.0,3.299999952316284,0.0,-0.0,0.0,0.0,-0.0,0.0,-0.0,0.0,0.0,0.5321941,0.826276,3.2498116,0.0,0.0,0.8416704,4.182255,1.5281541,2.2985976,0.0,0.0,0.0,0.36539,0.1383698,0.5496073,0.0,4.182255,0.0,4.4063888,4.4105253,0.8416704,-0.004136427,15.0,18.16167,19.444445,19.444445,2.0
resstock-amy2018-2021-release-1-457349,0.59340423,0.18262558,0.0,0.0,6.3940457e-09,0.0,0.0,0.0,0.0,0.0,0.0,0.0,0.0,0.0,0.0,0.0,0.0,0.0,3.299999952316284,0.0,-0.0,0.0,0.0,-0.0,0.0,-0.0,0.0,0.0,0.18262556,0.7652745,3.2498116,1.4901161e-08,0.0,0.81250614,0.8008753,0.30792296,0.43803412,0.0,0.0,0.0,0.384483,0.1383698,0.5469442,0.0,0.8008753,0.0,0.87923944,0.8908703,0.81250614,-0.011630842,14.4,17.911057,17.777779,17.777779,2.0
resstock-amy2018-2021-release-1-457349,0.0,0.26963332,0.0,0.0,0.0,0.0,0.0,0.0,0.0,0.0,0.0,0.0,0.0,0.0,0.0,0.0,0.0,0.0,3.299999952316284,0.0,-0.0,0.0,0.0,-0.0,0.0,-0.0,0.0,0.0,0.26963332,0.6765157,3.2498116,0.0,0.0,0.84054756,0.83274597,0.2696738,0.45347297,0.0,0.0,0.0,0.3238368,0.1383698,0.5445514,0.0,0.83274597,0.0,0.94737357,0.95517516,0.84054756,-0.0078015854,14.7,17.788942,17.777779,17.777779,2.0
resstock-amy2018-2021-release-1-457349,0.0,0.40423337,0.36712173,0.0,0.66417867,0.38832882,0.0,0.0,0.0,0.0,0.0,0.0,0.0,0.0,0.0,0.0,0.0,0.0,3.299999952316284,0.0,-0.0,0.0,0.0,-0.0,0.0,-0.0,1.1033719,1.1033719,-0.0,1.0,3.2498116,0.40423337,0.0,0.8114066,1.8511527,0.5801394,1.0191149,0.0,0.0,0.0,0.3133936,0.1383698,0.5505299,0.0,1.8511527,0.0,1.3893893,1.4021506,0.8114066,-0.012761302,15.2,17.872433,17.777779,17.777779,2.0
resstock-amy2018-2021-release-1-457349,0.0,0.8120283,0.0,0.0,0.36479986,0.0,0.0,0.0,0.0,0.0,0.0,0.0,0.0,0.0,0.0,0.0,0.0,0.0,3.299999952316284,0.0,-0.0,0.0,0.0,-0.0,0.0,-0.0,0.009734306,0.009734306,-0.0,1.0,3.2498116,0.8120283,0.0,0.80874884,1.161452,0.33653075,0.6526757,0.0,0.0,0.0,0.28975,0.1383698,0.561948,0.0,1.161452,0.0,1.1574427,1.1695393,0.80874884,-0.012096685,15.7,18.33456,17.777779,17.777779,2.0
resstock-amy2018-2021-release-1-457349,0.0,1.2674931,0.0,0.0,0.8182417,0.0,0.0,0.0,0.0,0.0,0.0,0.0,0.0,0.0,0.0,0.0,0.0,0.0,3.299999952316284,0.0,-0.0,0.0,0.0,-0.0,0.0,-0.0,0.009734306,0.009734306,-0.0,1.0,3.2498116,1.2674931,0.0,0.66304404,1.4691803,0.42587423,0.82543796,0.0,0.0,0.0,0.289872,0.1383698,0.5618357,0.0,1.4691803,0.0,1.4651065,1.477212,0.66304404,-0.012105447,15.2,18.955612,17.777779,17.777779,2.0
resstock-amy2018-2021-release-1-457349,0.0,1.1535048,0.0,0.0,0.08094872,0.0,0.0,0.0,0.0,0.0,0.0,0.0,0.0,0.0,0.0,0.0,0.0,0.0,3.299999952316284,0.0,-0.0,0.0,0.0,-0.0,0.0,-0.0,0.0,0.0,0.97145796,0.6852569,3.2498116,0.18204689,0.0,0.59019166,0.6467826,0.20280798,0.36259875,0.0,0.0,0.0,0.3135644,0.1383698,0.56061924,0.0,0.6467826,0.0,1.0787497,1.1031075,0.59019166,-0.024357788,13.225,19.190529,17.777779,17.777779,2.0
resstock-amy2018-2021-release-1-457349,0.23588713,0.6393846,0.6705649,0.0,0.097685196,0.70930064,0.0,0.0,0.0,0.0,0.0,0.0,0.0,0.0,0.0,0.0,0.0,0.0,3.299999952316284,0.0,-0.0,0.0,0.0,-0.0,0.0,-0.0,0.0,0.0,0.41920695,0.5487094,3.2498116,0.22017768,0.0,0.7492653,1.5435871,0.51194143,0.8576686,0.0,0.0,0.0,0.331657,0.1383698,0.5556334,0.0,1.5435871,0.0,1.7295747,1.7422388,0.7492653,-0.012664105,13.3,18.953106,17.777779,17.777779,2.0
resstock-amy2018-2021-release-1-457349,0.0,0.19895056,0.0,0.0,1.3380136e-08,0.0,0.0,0.0,0.0,0.0,0.0,0.0,0.0,0.0,0.0,0.0,0.0,0.0,3.299999952316284,0.0,-0.0,0.0,0.0,-0.0,0.0,-0.0,0.0,0.0,0.19895053,0.4832639,3.2498116,2.9802322e-08,0.0,0.66810393,0.66463995,0.24874775,0.3680373,0.0,0.0,0.0,0.3742594,0.1383698,0.55373937,0.0,0.66463995,0.0,0.7539613,0.7574253,0.66810393,-0.003463985,12.9,18.58495,19.824074,19.824074,2.0
resstock-amy2018-2021-release-1-457349,0.0,0.27695408,0.0,0.0,0.0,0.0,0.0,0.0,0.0,0.0,0.0,0.0,0.0,0.0,0.0,0.0,0.0,0.0,3.299999952316284,0.0,-0.0,0.0,0.0,-0.0,0.0,-0.0,0.0,0.0,0.27695414,0.39296448,3.2498116,0.0,0.0,0.6689744,0.6689744,0.2631998,0.3752442,0.0,0.0,0.0,0.3934378,0.1383698,0.5609246,0.0,0.6689744,0.0,0.7958841,0.7958841,0.6689744,0.0,12.2,18.516056,20.0,20.0,2.0
resstock-amy2018-2021-release-1-457349,0.0,0.17716035,0.0,0.0,1.38537715e-08,0.0,0.0,0.0,0.0,0.0,0.0,0.0,0.0,0.0,0.0,0.0,0.0,0.0,3.299999952316284,0.0,-0.0,0.0,0.0,-0.0,0.0,-0.0,0.0,0.0,0.17716032,0.33496156,3.2498116,2.9802322e-08,0.0,0.7007014,0.7007014,0.26713386,0.3954434,0.0,0.0,0.0,0.3812378,0.1383698,0.56435364,0.0,0.7007014,0.0,0.78305537,0.78305537,0.7007014,-0.0,11.7,18.405336,20.0,20.0,2.0
resstock-amy2018-2021-release-1-457349,0.0,0.12537727,0.0,0.0,0.053901855,0.0,0.0,0.0,0.0,0.0,0.0,0.0,0.0,0.0,0.0,0.0,0.0,0.0,3.299999952316284,0.0,-0.0,0.0,0.0,-0.0,0.0,-0.0,0.0,0.0,0.00942325,0.3309747,3.2498116,0.11595402,0.0,0.6379254,0.69182724,0.2711866,0.386378,0.0,0.0,0.0,0.391986,0.1383698,0.55848914,0.0,0.69182724,0.0,0.6962077,0.6962077,0.6379254,-0.0,11.7,18.33988,20.0,20.0,2.0
resstock-amy2018-2021-release-1-457349,0.0,0.12314375,2.2027307,0.0,0.3049202,2.3299732,0.0,0.0,0.0,0.0,0.0,0.0,0.0,0.0,0.0,0.0,0.0,0.0,3.299999952316284,0.0,-0.0,0.0,0.0,-0.0,0.0,-0.0,0.5272436,0.5272436,-0.0,0.48552877,3.2498116,0.12314375,0.0,0.57213575,3.207029,1.0662159,1.7737367,0.0,0.0,0.0,0.3324622,0.1383698,0.5530778,0.0,3.207029,0.0,2.9598422,2.9598422,0.57213575,-0.0,11.4,18.246067,19.88889,19.88889,2.0
resstock-amy2018-2021-release-1-457349,0.0,0.13660666,0.6089037,0.0,0.7337841,0.64407754,0.0,0.0,0.0,0.0,0.0,0.0,0.0,0.0,0.0,0.0,0.0,0.0,3.299999952316284,0.0,-0.0,0.0,0.0,-0.0,0.0,-0.0,1.4153845,1.4153845,-0.0,0.9015859,3.2498116,0.13660666,0.0,0.51125795,1.8891196,0.61176646,1.0282744,0.0,0.0,0.0,0.3238368,0.1383698,0.5443141,0.0,1.8891196,0.0,1.2199235,1.2199235,0.51125795,-0.0,11.1,18.084593,20.0,20.0,2.0
resstock-amy2018-2021-release-1-457349,0.0,0.2880004,0.67923063,0.0,1.4745786e-08,0.718467,0.0,0.0,0.0,0.0,0.0,0.0,0.0,0.0,0.0,0.0,0.0,0.0,3.299999952316284,0.0,-0.0,0.0,0.0,-0.0,0.0,-0.0,0.0,0.0,0.28800038,0.8065392,3.2498116,2.9802322e-08,0.0,0.24269928,0.96116626,0.30193865,0.51753575,0.0,0.0,0.0,0.3141378,0.1383698,0.5384456,0.0,0.96116626,0.0,1.103665,1.103665,0.24269928,-0.0,9.44,17.869198,20.0,20.0,2.0
resstock-amy2018-2021-release-1-457349,0.0,0.3912638,0.0,0.0,0.44914022,0.0,0.0,0.0,0.0,0.0,0.0,0.0,0.0,0.0,0.0,0.0,0.0,0.0,3.299999952316284,0.0,-0.0,0.0,0.0,-0.0,0.0,-0.0,0.5371069,0.5371069,-0.0,0.962637,3.2498116,0.3912638,0.0,0.23940073,0.68854094,0.19602706,0.3678107,0.0,0.0,0.0,0.2846992,0.1383698,0.53418857,0.0,0.68854094,0.0,0.4286918,0.4286918,0.23940073,-0.0,10.27,17.734709,19.444445,19.444445,2.0
resstock-amy2018-2021-release-1-457349,0.35461482,0.52044064,0.0,0.0,0.12664214,0.0,0.0,0.0,0.0,0.0,0.0,0.0,0.0,0.0,0.0,0.0,0.0,0.0,3.299999952316284,0.0,-0.0,0.0,0.0,-0.0,0.0,-0.0,0.0,0.0,0.25258598,0.8787843,3.2498116,0.26785466,0.0,0.2383012,0.36494333,0.10936206,0.1907506,0.0,0.0,0.0,0.2996686,0.1383698,0.5226855,0.0,0.36494333,0.0,0.4843664,0.4843664,0.2383012,-0.0,11.1,17.698048,17.777779,17.777779,2.0
resstock-amy2018-2021-release-1-457349,0.0,0.22537354,0.0,0.0,0.25082076,0.0,0.0,0.0,0.0,0.0,0.0,0.0,0.0,0.0,0.0,0.0,0.0,0.0,3.299999952316284,0.0,-0.0,0.0,0.0,-0.0,0.0,-0.0,0.30512524,0.30512524,-0.0,0.96625435,3.2498116,0.22537354,0.0,0.25220335,0.5030241,0.14929223,0.2588895,0.0,0.0,0.0,0.2967894,0.1383698,0.5146662,0.0,0.5030241,0.0,0.3587604,0.3587604,0.25220335,-0.0,11.1,17.251432,17.777779,17.777779,2.0
resstock-amy2018-2021-release-1-457349,0.0,0.20827547,0.0,0.0,2.8339057e-08,0.0,0.0,0.0,0.0,0.0,0.0,0.0,0.0,0.0,0.0,0.0,0.0,0.0,3.299999952316284,0.0,-0.0,0.0,0.0,-0.0,0.0,-0.0,0.0,0.0,0.20827541,0.89661646,3.2498116,5.9604645e-08,0.0,0.23610216,0.2361022,0.06697039,0.12430448,0.0,0.0,0.0,0.28365,0.1383698,0.5264859,0.0,0.2361022,0.0,0.33512685,0.33512685,0.23610216,-0.0,10.9,16.89842,17.777779,17.777779,2.0
resstock-amy2018-2021-release-1-457349,0.0,0.23835343,0.0,0.0,0.15298828,0.0,0.0,0.0,0.0,0.0,0.0,0.0,0.0,0.0,0.0,0.0,0.0,0.0,3.299999952316284,0.0,-0.0,0.0,0.0,-0.0,0.0,-0.0,0.06636138,0.06636138,-0.0,0.91361475,3.2498116,0.23835343,0.0,0.23985946,0.39284775,0.10663853,0.21206407,0.0,0.0,0.0,0.27145,0.1383698,0.5398124,0.0,0.39284775,0.0,0.35952964,0.35952964,0.23985946,-0.0,8.89,16.572464,17.777779,17.777779,2.0
resstock-amy2018-2021-release-1-457349,0.0,0.23827797,0.0,0.0,0.3863025,0.0,0.0,0.0,0.0,0.0,0.0,0.0,0.0,0.0,0.0,0.0,0.0,0.0,3.299999952316284,0.0,-0.0,0.0,0.0,-0.0,0.0,-0.0,0.30178612,0.30178612,-0.0,1.0,3.2498116,0.23827797,0.0,0.25818723,0.64448977,0.17659792,0.35425022,0.0,0.0,0.0,0.274012,0.1383698,0.54965997,0.0,0.64448977,0.0,0.50080556,0.50080556,0.25818723,-0.0,10.85,16.496376,17.777779,17.777779,2.0
resstock-amy2018-2021-release-1-457349,0.0,0.2540165,0.0,0.0,0.5792045,0.0,0.0,0.0,0.0,0.0,0.0,0.0,0.0,0.0,0.0,0.0,0.0,0.0,3.299999952316284,0.0,-0.0,0.0,0.0,-0.0,0.0,-0.0,0.009734306,0.009734306,-0.0,1.0,3.2498116,0.2540165,0.0,0.292185,0.8713895,0.24185416,0.48382705,0.0,0.0,0.0,0.27755,0.1383698,0.5552363,0.0,0.8713895,0.0,0.8665022,0.8665022,0.292185,-0.0,8.89,16.32082,17.777779,17.777779,2.0
resstock-amy2018-2021-release-1-457349,0.0,0.22353244,0.0,0.0,0.14055294,0.0,0.0,0.0,0.0,0.0,0.0,0.0,0.0,0.0,0.0,0.0,0.0,0.0,3.299999952316284,0.0,-0.0,0.0,0.0,-0.0,0.0,-0.0,0.009734306,0.009734306,-0.0,1.0,3.2498116,0.22353244,0.0,0.34780914,0.48836207,0.14615017,0.27146623,0.0,0.0,0.0,0.299266,0.1383698,0.55587083,0.0,0.48836207,0.0,0.48340258,0.48340258,0.34780914,-0.0,8.33,16.150166,17.777779,17.777779,2.0
resstock-amy2018-2021-release-1-457349,0.0,0.16685605,0.0,0.0,0.06878348,0.0,0.0,0.0,0.0,0.0,0.0,0.0,0.0,0.0,0.0,0.0,0.0,0.0,3.299999952316284,0.0,-0.0,0.0,0.0,-0.0,0.0,-0.0,0.0,0.0,0.0309854,0.9871816,3.2498116,0.13587065,0.0,0.43743104,0.5062145,0.15260443,0.28119513,0.0,0.0,0.0,0.301462,0.1383698,0.55548614,0.0,0.5062145,0.0,0.5219006,0.5219006,0.43743104,-0.0,8.575,15.992407,17.88889,17.88889,2.0
resstock-amy2018-2021-release-1-457349,0.0,0.1634903,0.0,0.0,4.233097e-08,0.0,0.0,0.0,0.0,0.0,0.0,0.0,0.0,0.0,0.0,0.0,0.0,0.0,3.299999952316284,0.0,-0.0,0.0,0.0,-0.0,0.0,-0.0,0.0,0.0,0.1634902,0.9318612,3.2498116,8.940697e-08,0.0,0.63280356,0.6264702,0.18865825,0.3478944,0.0,0.0,0.0,0.3011448,0.1383698,0.55532473,0.0,0.6264702,0.0,0.7038769,0.7102103,0.63280356,-0.006333417,11.05,16.333467,20.0,20.0,2.0
resstock-amy2018-2021-release-1-457349,0.0,0.11629138,0.0,0.0,1.7317214e-08,0.0,0.0,0.0,0.0,0.0,0.0,0.0,0.0,0.0,0.0,0.0,0.0,0.0,3.299999952316284,0.0,-0.0,0.0,0.0,-0.0,0.0,-0.0,0.0,0.0,0.116291344,0.8918522,3.2498116,3.7252903e-08,0.0,1.0220344,1.0005236,0.30105832,0.5534499,0.0,0.0,0.0,0.3009008,0.1383698,0.5531603,0.0,1.0005236,0.0,1.0545822,1.0760931,1.0220344,-0.021510858,11.7,16.831284,20.0,20.0,2.0
resstock-amy2018-2021-release-1-457349,0.0,0.22434373,0.0,0.0,0.62903386,0.0,0.0,0.0,0.0,0.0,0.0,0.0,0.0,0.0,0.0,0.0,0.0,0.0,3.299999952316284,0.0,-0.0,0.0,0.0,-0.0,0.0,-0.0,0.37536106,0.37536106,-0.0,1.0,3.2498116,0.22434373,0.0,1.0676583,1.6579592,0.46356475,0.9161925,0.0,0.0,0.0,0.2795996,0.1383698,0.5526025,0.0,1.6579592,0.0,1.4859562,1.5246892,1.0676583,-0.038733058,12.2,17.522127,20.0,20.0,2.0
resstock-amy2018-2021-release-1-457349,0.0,0.4301651,0.0,0.0,0.22948337,0.0,0.0,0.0,0.0,0.0,0.0,0.0,0.0,0.0,0.0,0.0,0.0,0.0,3.299999952316284,0.0,-0.0,0.0,0.0,-0.0,0.0,-0.0,0.009734306,0.009734306,-0.0,1.0,3.2498116,0.4301651,0.0,1.0217382,1.2020545,0.32277808,0.66149676,0.0,0.0,0.0,0.268522,0.1383698,0.5503051,0.0,1.2020545,0.0,1.1976713,1.2468383,1.0217382,-0.049167015,12.8,18.279062,20.0,20.0,2.0
resstock-amy2018-2021-release-1-457349,0.0,0.97791624,0.0,0.0,0.33559793,0.0,0.0,0.0,0.0,0.0,0.0,0.0,0.0,0.0,0.0,0.0,0.0,0.0,3.299999952316284,0.0,-0.0,0.0,0.0,-0.0,0.0,-0.0,0.0,0.0,0.2326188,0.9224502,3.2498116,0.74529743,0.0,1.0229869,1.3093282,0.34822893,0.7328193,0.0,0.0,0.0,0.26596,0.1383698,0.5596911,0.0,1.3093282,0.0,1.4140735,1.4633301,1.0229869,-0.04925667,12.8,19.302153,20.0,20.0,2.0
resstock-amy2018-2021-release-1-457349,0.0,1.0374665,0.0,0.0,0.03893751,0.0,0.0,0.0,0.0,0.0,0.0,0.0,0.0,0.0,0.0,0.0,0.0,0.0,3.299999952316284,0.0,-0.0,0.0,0.0,-0.0,0.0,-0.0,0.0,0.0,0.9497033,0.61491376,3.2498116,0.08776325,0.0,0.87722313,0.87614125,0.22227617,0.49675697,0.0,0.0,0.0,0.253699,0.1383698,0.56698275,0.0,0.87614125,0.0,1.2974917,1.3375111,0.87722313,-0.04001942,13.3,19.880125,20.0,20.0,2.0
resstock-amy2018-2021-release-1-457349,0.0,0.7075943,0.0,0.0,0.53881854,0.0,0.0,0.0,0.0,0.0,0.0,0.0,0.0,0.0,0.0,0.0,0.0,0.0,3.299999952316284,0.0,-0.0,0.0,0.0,-0.0,0.0,-0.0,0.4890164,0.4890164,-0.0,0.75737804,3.2498116,0.7075943,0.0,0.799016,1.3154583,0.3570651,0.75387615,0.0,0.0,0.0,0.2714378,0.1383698,0.57309014,0.0,1.3154583,0.0,1.0952605,1.1176368,0.799016,-0.022376245,12.8,19.891056,20.0,20.0,2.0
resstock-amy2018-2021-release-1-457349,0.0,0.39740267,0.0,0.0,0.1531033,0.0,0.0,0.0,0.0,0.0,0.0,0.0,0.0,0.0,0.0,0.0,0.0,0.0,3.299999952316284,0.0,-0.0,0.0,0.0,-0.0,0.0,-0.0,0.0,0.0,0.052315257,0.73840857,3.2498116,0.3450874,0.0,0.7492653,0.8939014,0.26879025,0.51561314,0.0,0.0,0.0,0.3006934,0.1383698,0.5768121,0.0,0.8939014,0.0,0.9171119,0.9255791,0.7492653,-0.008467216,13.3,19.784513,20.0,20.0,2.0
resstock-amy2018-2021-release-1-457349,0.0,0.2935467,0.0,0.0,4.096927e-08,0.0,0.0,0.0,0.0,0.0,0.0,0.0,0.0,0.0,0.0,0.0,0.0,0.0,3.299999952316284,0.0,-0.0,0.0,0.0,-0.0,0.0,-0.0,0.0,0.0,0.29354662,0.6420498,3.2498116,8.940697e-08,0.0,0.66810393,0.6630992,0.20394412,0.38301027,0.0,0.0,0.0,0.307562,0.1383698,0.57760626,0.0,0.6630992,0.0,0.79761213,0.8026169,0.66810393,-0.0050047366,12.2,19.52435,20.0,20.0,2.0
resstock-amy2018-2021-release-1-457349,0.0,0.25890952,0.0,0.0,0.16405256,0.0,0.0,0.0,0.0,0.0,0.0,0.0,0.0,0.0,0.0,0.0,0.0,0.0,3.299999952316284,0.0,-0.0,0.0,0.0,-0.0,0.0,-0.0,0.09400145,0.09400145,-0.0,0.6679311,3.2498116,0.25890952,0.0,0.6689744,0.83302695,0.28898287,0.4766161,0.0,0.0,0.0,0.346907,0.1383698,0.5721497,0.0,0.83302695,0.0,0.7893299,0.7893299,0.6689744,0.0,11.7,19.250574,20.0,20.0,2.0
resstock-amy2018-2021-release-1-457349,0.0,0.24262762,0.0,0.0,0.17386694,0.0,0.0,0.0,0.0,0.0,0.0,0.0,0.0,0.0,0.0,0.0,0.0,0.0,3.299999952316284,0.0,-0.0,0.0,0.0,-0.0,0.0,-0.0,0.11411779,0.11411779,-0.0,0.69967115,3.2498116,0.24262762,0.0,0.7007014,0.87456834,0.3192598,0.4914155,0.0,0.0,0.0,0.3650484,0.1383698,0.5618949,0.0,0.87456834,0.0,0.8189508,0.8189508,0.7007014,-0.0,10.0,19.183195,20.0,20.0,2.0
resstock-amy2018-2021-release-1-457349,0.74879885,0.4180516,0.73486084,0.0,0.15742216,0.7773107,0.0,0.0,0.0,0.0,0.0,0.0,0.0,0.0,0.0,0.0,0.0,0.0,3.299999952316284,0.0,-0.0,0.0,0.0,-0.0,0.0,-0.0,0.0,0.0,0.100230075,0.665485,3.2498116,0.31782153,0.0,0.6379254,1.5726583,0.61684376,0.8726591,0.0,0.0,0.0,0.39223,0.1383698,0.55489427,0.0,1.5726583,0.0,1.6223038,1.6223038,0.6379254,-0.0,9.4,19.27125,18.25926,18.25926,2.0
resstock-amy2018-2021-release-1-457349,0.0,0.26979077,0.0,0.0,0.052320506,0.0,0.0,0.0,0.0,0.0,0.0,0.0,0.0,0.0,0.0,0.0,0.0,0.0,3.299999952316284,0.0,-0.0,0.0,0.0,-0.0,0.0,-0.0,0.0,0.0,0.1655813,0.610417,3.2498116,0.10420947,0.0,0.57213575,0.6244562,0.2228296,0.34455675,0.0,0.0,0.0,0.3568378,0.1383698,0.55177087,0.0,0.6244562,0.0,0.70758975,0.70758975,0.57213575,-0.0,8.89,19.134075,19.824074,19.824074,2.0
resstock-amy2018-2021-release-1-457349,0.0,0.25401023,1.4697258,0.0,0.7912749,1.5546259,0.0,0.0,0.0,0.0,0.0,0.0,0.0,0.0,0.0,0.0,0.0,0.0,3.299999952316284,0.0,-0.0,0.0,0.0,-0.0,0.0,-0.0,1.309844,1.309844,-0.0,0.99498767,3.2498116,0.25401023,0.0,0.51125795,2.8571587,0.9083473,1.5617777,0.0,0.0,0.0,0.3179198,0.1383698,0.5466192,0.0,2.8571587,0.0,2.194407,2.194407,0.51125795,-0.0,8.595,18.959208,19.898148,19.898148,2.0
resstock-amy2018-2021-release-1-457349,0.7860671,0.11110222,0.0,0.0,0.3067999,0.0,0.0,0.0,0.0,0.0,0.0,0.0,0.0,0.0,0.0,0.0,0.0,0.0,3.299999952316284,0.0,-0.0,0.0,0.0,-0.0,0.0,-0.0,0.026680166,0.026680166,-0.0,1.0,3.2498116,0.11110222,0.0,0.45509022,0.7618901,0.23074056,0.41076788,0.0,0.0,0.0,0.3028528,0.1383698,0.5391432,0.0,0.7618901,0.0,0.7482863,0.7482863,0.45509022,-0.0,8.3,18.565868,17.777779,17.777779,2.0
resstock-amy2018-2021-release-1-457349,0.0,0.31851804,0.36742938,0.0,0.8314946,0.38865426,0.0,0.0,0.0,0.0,0.0,0.0,0.0,0.0,0.0,0.0,0.0,0.0,3.299999952316284,0.0,-0.0,0.0,0.0,-0.0,0.0,-0.0,0.009734306,0.009734306,-0.0,1.0,3.2498116,0.31851804,0.0,0.35929742,1.5794463,0.45610306,0.8375643,0.0,0.0,0.0,0.288774,0.1383698,0.5302898,0.0,1.5794463,0.0,1.5741348,1.5741348,0.35929742,-0.0,5.6,18.128082,17.777779,17.777779,2.0
resstock-amy2018-2021-release-1-457349,0.0,0.4052553,0.0,0.0,0.9015909,0.0,0.0,0.0,0.0,0.0,0.0,0.0,0.0,0.0,0.0,0.0,0.0,0.0,3.299999952316284,0.0,-0.0,0.0,0.0,-0.0,0.0,-0.0,0.009734306,0.009734306,-0.0,1.0,3.2498116,0.4052553,0.0,0.2383012,1.1398921,0.34649894,0.60023767,0.0,0.0,0.0,0.3039752,0.1383698,0.52657413,0.0,1.1398921,0.0,1.1348643,1.1348643,0.2383012,-0.0,7.8,17.922138,17.777779,17.777779,2.0
resstock-amy2018-2021-release-1-457349,0.0,0.08108102,0.0,0.0,0.07729959,0.0,0.0,0.0,0.0,0.0,0.0,0.0,0.0,0.0,0.0,0.0,0.0,0.0,3.299999952316284,0.0,-0.0,0.0,0.0,-0.0,0.0,-0.0,0.009734306,0.009734306,-0.0,1.0,3.2498116,0.08108102,0.0,0.25220335,0.32950294,0.09909544,0.17507064,0.0,0.0,0.0,0.3007422,0.1383698,0.5313174,0.0,0.32950294,0.0,0.32425594,0.32425594,0.25220335,-0.0,6.1,17.287354,17.777779,17.777779,2.0
resstock-amy2018-2021-release-1-457349,0.0,0.09941214,0.0,0.0,0.57428753,0.0,0.0,0.0,0.0,0.0,0.0,0.0,0.0,0.0,0.0,0.0,0.0,0.0,3.299999952316284,0.0,-0.0,0.0,0.0,-0.0,0.0,-0.0,0.009734306,0.009734306,-0.0,1.0,3.2498116,0.09941214,0.0,0.23610216,0.8103897,0.24371839,0.43105724,0.0,0.0,0.0,0.3007422,0.1383698,0.5319135,0.0,0.8103897,0.0,0.8051865,0.8051865,0.23610216,-0.0,6.44,16.863985,17.777779,17.777779,2.0
resstock-amy2018-2021-release-1-457349,0.0,0.20096895,0.0,0.0,5.5284875e-08,0.0,0.0,0.0,0.0,0.0,0.0,0.0,0.0,0.0,0.0,0.0,0.0,0.0,3.299999952316284,0.0,-0.0,0.0,0.0,-0.0,0.0,-0.0,0.0,0.0,0.20096885,0.9326109,3.2498116,1.0430813e-07,0.0,0.23985946,0.23985952,0.07185496,0.12746656,0.0,0.0,0.0,0.299571,0.1383698,0.5314217,0.0,0.23985952,0.0,0.34637603,0.34637603,0.23985946,-0.0,6.78,16.658127,17.777779,17.777779,2.0
resstock-amy2018-2021-release-1-457349,0.0,0.33524537,0.0,0.0,0.0,0.0,0.0,0.0,0.0,0.0,0.0,0.0,0.0,0.0,0.0,0.0,0.0,0.0,3.299999952316284,0.0,-0.0,0.0,0.0,-0.0,0.0,-0.0,0.0,0.0,0.3352454,0.8223078,3.2498116,0.0,0.0,0.25818723,0.25818723,0.077339105,0.13719341,0.0,0.0,0.0,0.2995466,0.1383698,0.5313718,0.0,0.25818723,0.0,0.43903947,0.43903947,0.25818723,-0.0,6.0666666,16.556866,17.777779,17.777779,2.0
resstock-amy2018-2021-release-1-457349,0.0,0.29375136,0.0,0.0,0.8191277,0.0,0.0,0.0,0.0,0.0,0.0,0.0,0.0,0.0,0.0,0.0,0.0,0.0,3.299999952316284,0.0,-0.0,0.0,0.0,-0.0,0.0,-0.0,0.61047685,0.61047685,-0.0,1.0,3.2498116,0.29375136,0.0,0.292185,1.1113126,0.33421862,0.59110826,0.0,0.0,0.0,0.3007422,0.1383698,0.53190094,0.0,1.1113126,0.0,0.78845143,0.78845143,0.292185,-0.0,6.866667,16.448397,17.777779,17.777779,2.0
resstock-amy2018-2021-release-1-457349,0.0,0.26152855,0.0,0.0,0.4275272,0.0,0.0,0.0,0.0,0.0,0.0,0.0,0.0,0.0,0.0,0.0,0.0,0.0,3.299999952316284,0.0,-0.0,0.0,0.0,-0.0,0.0,-0.0,0.009734306,0.009734306,-0.0,1.0,3.2498116,0.26152855,0.0,0.34780914,0.7753363,0.23841669,0.40815482,0.0,0.0,0.0,0.307501,0.1383698,0.5264229,0.0,0.7753363,0.0,0.77035683,0.77035683,0.34780914,-0.0,8.175,16.381842,17.777779,17.777779,2.0
resstock-amy2018-2021-release-1-457349,0.0,0.23042905,0.0,0.0,0.0,0.0,0.0,0.0,0.0,0.0,0.0,0.0,0.0,0.0,0.0,0.0,0.0,0.0,3.299999952316284,0.0,-0.0,0.0,0.0,-0.0,0.0,-0.0,0.0,0.0,0.23042908,0.92315316,3.2498116,0.0,0.0,0.43743104,0.43743104,0.1383102,0.22710776,0.0,0.0,0.0,0.3161874,0.1383698,0.5191853,0.0,0.43743104,0.0,0.55492324,0.55492324,0.43743104,-0.0,8.3,16.26899,17.87963,17.87963,2.0
resstock-amy2018-2021-release-1-457349,0.0,0.36765474,0.0,0.0,0.54342633,0.0,0.0,0.0,0.0,0.0,0.0,0.0,0.0,0.0,0.0,0.0,0.0,0.0,3.299999952316284,0.0,-0.0,0.0,0.0,-0.0,0.0,-0.0,0.26953858,0.26953858,-0.0,1.0,3.2498116,0.36765474,0.0,0.63280356,1.1705052,0.3788813,0.6120722,0.0,0.0,0.0,0.3236904,0.1383698,0.52291286,0.0,1.1705052,0.0,1.0391402,1.044865,0.63280356,-0.0057248315,10.0,16.463327,20.0,20.0,2.0
resstock-amy2018-2021-release-1-457349,0.0,0.46149665,0.0,0.0,0.365732,0.0,0.0,0.0,0.0,0.0,0.0,0.0,0.0,0.0,0.0,0.0,0.0,0.0,3.299999952316284,0.0,-0.0,0.0,0.0,-0.0,0.0,-0.0,0.009734306,0.009734306,-0.0,1.0,3.2498116,0.46149665,0.0,0.81250614,1.1639344,0.3955978,0.6215033,0.0,0.0,0.0,0.3398798,0.1383698,0.5339677,0.0,1.1639344,0.0,1.1591902,1.173494,0.81250614,-0.0143038295,10.0,16.683369,19.898148,19.898148,2.0
resstock-amy2018-2021-release-1-457349,0.0,0.29491332,0.0,0.0,0.20079124,0.0,0.0,0.0,0.0,0.0,0.0,0.0,0.0,0.0,0.0,0.0,0.0,0.0,3.299999952316284,0.0,-0.0,0.0,0.0,-0.0,0.0,-0.0,0.009734306,0.009734306,-0.0,1.0,3.2498116,0.29491332,0.0,1.047628,1.2302384,0.38856563,0.66240954,0.0,0.0,0.0,0.3158458,0.1383698,0.53844,0.0,1.2302384,0.0,1.2255716,1.2437525,1.047628,-0.018180905,10.6,16.672052,19.481482,19.481482,2.0
resstock-amy2018-2021-release-1-457349,0.0,0.29812232,0.0,0.0,0.21904773,0.0,0.0,0.0,0.0,0.0,0.0,0.0,0.0,0.0,0.0,0.0,0.0,0.0,3.299999952316284,0.0,-0.0,0.0,0.0,-0.0,0.0,-0.0,0.009734306,0.009734306,-0.0,1.0,3.2498116,0.29812232,0.0,1.0217382,1.2239434,0.37485567,0.66477937,0.0,0.0,0.0,0.3062688,0.1383698,0.54314554,0.0,1.2239434,0.0,1.2191992,1.2360417,1.0217382,-0.016842518,10.0,16.57639,20.0,20.0,2.0
resstock-amy2018-2021-release-1-457349,0.0,0.25639626,0.0,0.0,0.31493795,0.0,0.0,0.0,0.0,0.0,0.0,0.0,0.0,0.0,0.0,0.0,0.0,0.0,3.299999952316284,0.0,-0.0,0.0,0.0,-0.0,0.0,-0.0,0.009734306,0.009734306,-0.0,1.0,3.2498116,0.25639626,0.0,1.0229869,1.3220081,0.38305187,0.7180454,0.0,0.0,0.0,0.28975,0.1383698,0.5431475,0.0,1.3220081,0.0,1.317264,1.3331807,1.0229869,-0.01591675,10.0,16.445791,20.0,20.0,2.0
resstock-amy2018-2021-release-1-457349,0.0,0.26347792,0.0,0.0,0.13566206,0.0,0.0,0.0,0.0,0.0,0.0,0.0,0.0,0.0,0.0,0.0,0.0,0.0,3.299999952316284,0.0,-0.0,0.0,0.0,-0.0,0.0,-0.0,0.009734306,0.009734306,-0.0,1.0,3.2498116,0.26347792,0.0,0.87722313,0.99048114,0.28571224,0.53818595,0.0,0.0,0.0,0.28845802,0.1383698,0.5433581,0.0,0.99048114,0.0,0.9858143,1.0082183,0.87722313,-0.022404062,10.6,16.511354,19.62037,19.62037,2.0
resstock-amy2018-2021-release-1-457349,0.0,0.21784936,0.73546195,0.0,0.0,0.77794653,0.0,0.0,0.0,0.0,0.0,0.0,0.0,0.0,0.0,0.0,0.0,0.0,3.299999952316284,0.0,-0.0,0.0,0.0,-0.0,0.0,-0.0,0.0,0.0,0.21784937,0.9271917,3.2498116,0.0,0.0,0.799016,1.5552329,0.4742322,0.85448503,0.0,0.0,0.0,0.3049268,0.1383698,0.5494258,0.0,1.5552329,0.0,1.659675,1.6814047,0.799016,-0.021729676,10.6,16.572784,19.444445,19.444445,2.0
resstock-amy2018-2021-release-1-457349,0.68685406,0.1772839,0.7354625,0.0,2.8181177e-08,0.7779471,0.0,0.0,0.0,0.0,0.0,0.0,0.0,0.0,0.0,0.0,0.0,0.0,3.299999952316284,0.0,-0.0,0.0,0.0,-0.0,0.0,-0.0,0.0,0.0,0.17728384,0.86761534,3.2498116,5.9604645e-08,0.0,0.7492653,1.513367,0.47008845,0.8362789,0.0,0.0,0.0,0.3106242,0.1383698,0.5525949,0.0,1.513367,0.0,1.5971872,1.6110326,0.7492653,-0.013845406,11.1,16.651535,17.777779,17.777779,2.0
resstock-amy2018-2021-release-1-457349,0.06839866,0.35142857,0.0,0.0,0.0,0.0,0.0,0.0,0.0,0.0,0.0,0.0,0.0,0.0,0.0,0.0,0.0,0.0,3.299999952316284,0.0,-0.0,0.0,0.0,-0.0,0.0,-0.0,0.0,0.0,0.3514287,0.75230354,3.2498116,0.0,0.0,0.66810393,0.6640062,0.2157176,0.36334142,0.0,0.0,0.0,0.32487288,0.1383698,0.54719585,0.0,0.6640062,0.0,0.8324894,0.83658713,0.66810393,-0.0040977355,10.6,16.89428,17.777779,17.777779,2.0
resstock-amy2018-2021-release-1-457349,0.0,0.22196192,0.0,0.0,2.9049511e-08,0.0,0.0,0.0,0.0,0.0,0.0,0.0,0.0,0.0,0.0,0.0,0.0,0.0,3.299999952316284,0.0,-0.0,0.0,0.0,-0.0,0.0,-0.0,0.0,0.0,0.22196186,0.67888606,3.2498116,5.9604645e-08,0.0,0.6689744,0.6689744,0.2659703,0.36318797,0.0,0.0,0.0,0.3975792,0.1383698,0.54290265,0.0,0.6689744,0.0,0.77715194,0.77715194,0.6689744,0.0,10.0,16.894049,17.777779,17.777779,2.0
resstock-amy2018-2021-release-1-457349,0.0,0.1414864,0.36773223,0.0,0.0,0.3889746,0.0,0.0,0.0,0.0,0.0,0.0,0.0,0.0,0.0,0.0,0.0,0.0,3.299999952316284,0.0,-0.0,0.0,0.0,-0.0,0.0,-0.0,0.0,0.0,0.14148644,0.63151485,3.2498116,0.0,0.0,0.7007014,1.089676,0.45055705,0.5847326,0.0,0.0,0.0,0.413478,0.1383698,0.53661144,0.0,1.089676,0.0,1.1575079,1.1575079,0.7007014,-0.0,10.6,16.963253,18.74074,18.74074,2.0
resstock-amy2018-2021-release-1-457349,0.0,0.10818435,0.0,0.0,0.0,0.0,0.0,0.0,0.0,0.0,0.0,0.0,0.0,0.0,0.0,0.0,0.0,0.0,3.299999952316284,0.0,-0.0,0.0,0.0,-0.0,0.0,-0.0,0.0,0.0,0.10818438,0.59497076,3.2498116,0.0,0.0,0.6379254,0.6379254,0.26702976,0.3388133,0.0,0.0,0.0,0.4185909,0.1383698,0.53111744,0.0,0.6379254,0.0,0.6906512,0.6906512,0.6379254,-0.0,10.0,17.02508,20.0,20.0,2.0
resstock-amy2018-2021-release-1-457349,0.0,0.1017077,0.0,0.0,0.07013139,0.0,0.0,0.0,0.0,0.0,0.0,0.0,0.0,0.0,0.0,0.0,0.0,0.0,3.299999952316284,0.0,-0.0,0.0,0.0,-0.0,0.0,-0.0,0.04218991,0.04218991,-0.0,0.60570604,3.2498116,0.1017077,0.0,0.57213575,0.6422671,0.23523715,0.33895725,0.0,0.0,0.0,0.36626062,0.1383698,0.5277512,0.0,0.6422671,0.0,0.621705,0.621705,0.57213575,-0.0,10.0,17.093983,20.0,20.0,2.0
resstock-amy2018-2021-release-1-457349,0.0,0.071912654,0.0,0.0,0.52592367,0.0,0.0,0.0,0.0,0.0,0.0,0.0,0.0,0.0,0.0,0.0,0.0,0.0,3.299999952316284,0.0,-0.0,0.0,0.0,-0.0,0.0,-0.0,0.989881,0.989881,-0.0,0.8959208,3.2498116,0.071912654,0.0,0.51125795,1.0371816,0.3352415,0.54658926,0.0,0.0,0.0,0.32322353,0.1383698,0.52699476,0.0,1.0371816,0.0,0.5468775,0.5468775,0.51125795,-0.0,9.4,17.005917,19.898148,19.898148,2.0
resstock-amy2018-2021-release-1-457349,0.0,0.10306318,0.36773175,0.0,0.5385245,0.3889741,0.0,0.0,0.0,0.0,0.0,0.0,0.0,0.0,0.0,0.0,0.0,0.0,3.299999952316284,0.0,-0.0,0.0,0.0,-0.0,0.0,-0.0,0.3616058,0.3616058,-0.0,1.0,3.2498116,0.10306318,0.0,0.24269928,1.1701978,0.3583951,0.61570895,0.0,0.0,0.0,0.3062688,0.1383698,0.526158,0.0,1.1701978,0.0,0.99396205,0.99396205,0.24269928,-0.0,10.0,16.888172,19.444445,19.444445,2.0
resstock-amy2018-2021-release-1-457349,0.46401632,0.08720552,0.36773247,0.0,0.1933356,0.38897485,0.0,0.0,0.0,0.0,0.0,0.0,0.0,0.0,0.0,0.0,0.0,0.0,3.299999952316284,0.0,-0.0,0.0,0.0,-0.0,0.0,-0.0,0.009734306,0.009734306,-0.0,1.0,3.2498116,0.08720552,0.0,0.23940073,0.8217112,0.25312814,0.43025458,0.0,0.0,0.0,0.30805,0.1383698,0.523608,0.0,0.8217112,0.0,0.81696695,0.81696695,0.23940073,-0.0,10.0,16.623922,17.777779,17.777779,2.0
resstock-amy2018-2021-release-1-457349,0.0,0.08490993,0.0,0.0,0.42583415,0.0,0.0,0.0,0.0,0.0,0.0,0.0,0.0,0.0,0.0,0.0,0.0,0.0,3.299999952316284,0.0,-0.0,0.0,0.0,-0.0,0.0,-0.0,0.009734306,0.009734306,-0.0,1.0,3.2498116,0.08490993,0.0,0.2383012,0.66413534,0.19232789,0.3558686,0.0,0.0,0.0,0.2895914,0.1383698,0.5358375,0.0,0.66413534,0.0,0.6593911,0.6593911,0.2383012,-0.0,10.0,16.292953,17.777779,17.777779,2.0
resstock-amy2018-2021-release-1-457349,0.0,0.10045095,0.0,0.0,5.8099022e-08,0.0,0.0,0.0,0.0,0.0,0.0,0.0,0.0,0.0,0.0,0.0,0.0,0.0,3.299999952316284,0.0,-0.0,0.0,0.0,-0.0,0.0,-0.0,0.0,0.0,0.10045083,0.96488076,3.2498116,1.1920929e-07,0.0,0.25220335,0.2522034,0.07022367,0.13010263,0.0,0.0,0.0,0.2784406,0.1383698,0.5158639,0.0,0.2522034,0.0,0.30116013,0.30116013,0.25220335,-0.0,10.0,16.05333,17.777779,17.777779,2.0
resstock-amy2018-2021-release-1-457349,0.0,0.077956855,0.0,0.0,0.48901027,0.0,0.0,0.0,0.0,0.0,0.0,0.0,0.0,0.0,0.0,0.0,0.0,0.0,3.299999952316284,0.0,-0.0,0.0,0.0,-0.0,0.0,-0.0,0.12846577,0.12846577,-0.0,1.0,3.2498116,0.077956855,0.0,0.23610216,0.72511244,0.19683178,0.37105083,0.0,0.0,0.0,0.27145,0.1383698,0.5117149,0.0,0.72511244,0.0,0.6625021,0.6625021,0.23610216,-0.0,10.0,15.85519,17.777779,17.777779,2.0
resstock-amy2018-2021-release-1-457349,0.0,0.09527537,0.0,0.0,0.0,0.0,0.0,0.0,0.0,0.0,0.0,0.0,0.0,0.0,0.0,0.0,0.0,0.0,3.299999952316284,0.0,-0.0,0.0,0.0,-0.0,0.0,-0.0,0.0,0.0,0.09527548,0.9665422,3.2498116,0.0,0.0,0.23985946,0.23985946,0.06510986,0.123169474,0.0,0.0,0.0,0.27145,0.1383698,0.5135068,0.0,0.23985946,0.0,0.28629386,0.28629386,0.23985946,-0.0,10.0,15.749743,17.777779,17.777779,2.0
resstock-amy2018-2021-release-1-457349,0.26916784,0.07995907,1.2052782,0.0,0.20799911,1.2749021,0.0,0.0,0.0,0.0,0.0,0.0,0.0,0.0,0.0,0.0,0.0,0.0,3.299999952316284,0.0,-0.0,0.0,0.0,-0.0,0.0,-0.0,0.12284866,0.12284866,-0.0,1.0,3.2498116,0.07995907,0.0,0.30993202,1.7928332,0.49241704,0.93618363,0.0,0.0,0.0,0.2746586,0.1383698,0.5221811,0.0,1.7928332,0.0,1.7339367,1.7339367,0.30993202,-0.0,10.6,15.719128,17.777779,17.777779,2.0
resstock-amy2018-2021-release-1-457349,0.0,0.08273308,0.0,0.0,0.52868676,0.0,0.0,0.0,0.0,0.0,0.0,0.0,0.0,0.0,0.0,0.0,0.0,0.0,3.299999952316284,0.0,-0.0,0.0,0.0,-0.0,0.0,-0.0,0.009734306,0.009734306,-0.0,1.0,3.2498116,0.08273308,0.0,0.3700914,0.8987782,0.24858965,0.47762293,0.0,0.0,0.0,0.2765862,0.1383698,0.53141356,0.0,0.8987782,0.0,0.8940598,0.8940598,0.3700914,-0.0,10.2,15.691811,17.87963,17.87963,2.0
resstock-amy2018-2021-release-1-457349,0.0,0.0970129,0.0,0.0,0.0,0.0,0.0,0.0,0.0,0.0,0.0,0.0,0.0,0.0,0.0,0.0,0.0,0.0,3.299999952316284,0.0,-0.0,0.0,0.0,-0.0,0.0,-0.0,0.0,0.0,0.09701294,0.9659844,3.2498116,0.0,0.0,0.34780914,0.34780914,0.1007777,0.1884603,0.0,0.0,0.0,0.28975,0.1383698,0.5418498,0.0,0.34780914,0.0,0.3950903,0.3950903,0.34780914,-0.0,10.0,15.627665,19.898148,19.898148,2.0
resstock-amy2018-2021-release-1-457349,0.0,0.09681575,0.0,0.0,0.46210212,0.0,0.0,0.0,0.0,0.0,0.0,0.0,0.0,0.0,0.0,0.0,0.0,0.0,3.299999952316284,0.0,-0.0,0.0,0.0,-0.0,0.0,-0.0,0.12473438,0.12473438,-0.0,1.0,3.2498116,0.09681575,0.0,0.43743104,0.89953315,0.2666756,0.49042284,0.0,0.0,0.0,0.29646,0.1383698,0.54519707,0.0,0.89953315,0.0,0.8397325,0.8397325,0.43743104,-0.0,10.6,15.580647,19.444445,19.444445,2.0
resstock-amy2018-2021-release-1-457349,0.0,0.13223714,0.36802423,0.0,0.4062584,0.38928348,0.0,0.0,0.0,0.0,0.0,0.0,0.0,0.0,0.0,0.0,0.0,0.0,3.299999952316284,0.0,-0.0,0.0,0.0,-0.0,0.0,-0.0,0.009734306,0.009734306,-0.0,1.0,3.2498116,0.13223714,0.0,0.63280356,1.4279277,0.42332345,0.7872961,0.0,0.0,0.0,0.29646,0.1383698,0.5513557,0.0,1.4279277,0.0,1.4233189,1.4237366,0.63280356,-0.00041767754,11.05,15.565136,19.175926,19.175926,2.0
resstock-amy2018-2021-release-1-457349,0.0,0.15610886,0.0,0.0,0.53231204,0.0,0.0,0.0,0.0,0.0,0.0,0.0,0.0,0.0,0.0,0.0,0.0,0.0,3.299999952316284,0.0,-0.0,0.0,0.0,-0.0,0.0,-0.0,0.009734306,0.009734306,-0.0,1.0,3.2498116,0.15610886,0.0,0.81250614,1.3432448,0.3976284,0.75330293,0.0,0.0,0.0,0.2960208,0.1383698,0.56080836,0.0,1.3432448,0.0,1.3387842,1.3403575,0.81250614,-0.0015732689,12.2,15.568672,20.0,20.0,2.0
resstock-amy2018-2021-release-1-457349,0.0,0.2427578,0.0,0.0,0.6351409,0.0,0.0,0.0,0.0,0.0,0.0,0.0,0.0,0.0,0.0,0.0,0.0,0.0,3.299999952316284,0.0,-0.0,0.0,0.0,-0.0,0.0,-0.0,0.009734306,0.009734306,-0.0,1.0,3.2498116,0.2427578,0.0,0.84054756,1.4719367,0.42649367,0.83510596,0.0,0.0,0.0,0.28975,0.1383698,0.5673518,0.0,1.4719367,0.0,1.4674697,1.4712214,0.84054756,-0.0037517152,12.15,15.576246,19.583334,19.583334,2.0
resstock-amy2018-2021-release-1-457349,0.54567546,0.37156013,0.0,0.0,0.0,0.0,0.0,0.0,0.0,0.0,0.0,0.0,0.0,0.0,0.0,0.0,0.0,0.0,3.299999952316284,0.0,-0.0,0.0,0.0,-0.0,0.0,-0.0,0.0,0.0,0.37156016,0.87784517,3.2498116,0.0,0.0,0.8114066,0.80636954,0.21888903,0.46407515,0.0,0.0,0.0,0.27145,0.1383698,0.57551175,0.0,0.80636954,0.0,0.97810715,0.9831442,0.8114066,-0.0050370665,11.9,15.629232,17.777779,17.777779,2.0
resstock-amy2018-2021-release-1-457349,0.0,0.17339024,0.0,0.0,0.37513798,0.0,0.0,0.0,0.0,0.0,0.0,0.0,0.0,0.0,0.0,0.0,0.0,0.0,3.299999952316284,0.0,-0.0,0.0,0.0,-0.0,0.0,-0.0,0.42271623,0.42271623,-0.0,1.0,3.2498116,0.17339024,0.0,0.80874884,1.1781623,0.33418575,0.6881816,0.0,0.0,0.0,0.28365,0.1383698,0.5841144,0.0,1.1781623,0.0,0.9840864,0.9898108,0.80874884,-0.0057244347,12.133333,15.384075,17.777779,17.777779,2.0
resstock-amy2018-2021-release-1-457349,0.0,0.32101977,0.0,0.0,0.0,0.0,0.0,0.0,0.0,0.0,0.0,0.0,0.0,0.0,0.0,0.0,0.0,0.0,3.299999952316284,0.0,-0.0,0.0,0.0,-0.0,0.0,-0.0,0.0,0.0,0.32101986,0.8940703,3.2498116,0.0,0.0,0.66304404,0.6568328,0.18021978,0.39097428,0.0,0.0,0.0,0.27437696,0.1383698,0.5952417,0.0,0.6568328,0.0,0.8003919,0.80660313,0.66304404,-0.006211238,13.033334,15.435609,17.777779,17.777779,2.0
resstock-amy2018-2021-release-1-457349,0.0,0.17383265,0.0,0.0,0.0,0.0,0.0,0.0,0.0,0.0,0.0,0.0,0.0,0.0,0.0,0.0,0.0,0.0,3.299999952316284,0.0,-0.0,0.0,0.0,-0.0,0.0,-0.0,0.0,0.0,0.17383268,0.83569705,3.2498116,0.0,0.0,0.59019166,0.58174646,0.16856104,0.3518193,0.0,0.0,0.0,0.28975,0.1383698,0.604764,0.0,0.58174646,0.0,0.6569131,0.6653583,0.59019166,-0.008445209,14.15,15.443218,17.777779,17.777779,2.0
resstock-amy2018-2021-release-1-457349,0.0,0.17723018,0.0,0.0,1.9300543e-08,0.0,0.0,0.0,0.0,0.0,0.0,0.0,0.0,0.0,0.0,0.0,0.0,0.0,3.299999952316284,0.0,-0.0,0.0,0.0,-0.0,0.0,-0.0,0.0,0.0,0.17723013,0.7764007,3.2498116,4.4703484e-08,0.0,0.5210966,0.5116616,0.15598187,0.31153268,0.0,0.0,0.0,0.3048536,0.1383698,0.60886467,0.0,0.5116616,0.0,0.58817995,0.59761494,0.5210966,-0.009435012,14.2,15.597731,17.777779,17.777779,2.0
resstock-amy2018-2021-release-1-457349,0.0,0.24609512,0.0,0.0,5.3709996e-08,0.0,0.0,0.0,0.0,0.0,0.0,0.0,0.0,0.0,0.0,0.0,0.0,0.0,3.299999952316284,0.0,-0.0,0.0,0.0,-0.0,0.0,-0.0,0.0,0.0,0.246095,0.69516647,3.2498116,1.1920929e-07,0.0,0.40783134,0.40234214,0.122464016,0.24660534,0.0,0.0,0.0,0.3043778,0.1383698,0.61292446,0.0,0.40234214,0.0,0.5132208,0.51871,0.40783134,-0.0054892553,12.78,15.793882,19.222221,19.222221,2.0
resstock-amy2018-2021-release-1-457349,0.0,0.19807774,0.0,0.0,0.0,0.0,0.0,0.0,0.0,0.0,0.0,0.0,0.0,0.0,0.0,0.0,0.0,0.0,3.299999952316284,0.0,-0.0,0.0,0.0,-0.0,0.0,-0.0,0.0,0.0,0.19807781,0.6295807,3.2498116,0.0,0.0,0.949399,0.949399,0.2903659,0.58021426,0.0,0.0,0.0,0.3058418,0.1383698,0.61113846,0.0,0.949399,0.0,1.0349183,1.0349183,0.949399,0.0,14.2,16.150484,20.0,20.0,2.0
resstock-amy2018-2021-release-1-457349,0.0,0.35835254,0.0,0.0,0.0,0.0,0.0,0.0,0.0,0.0,0.0,0.0,0.0,0.0,0.0,0.0,0.0,0.0,3.299999952316284,0.0,-0.0,0.0,0.0,-0.0,0.0,-0.0,0.0,0.0,0.35835257,0.5127294,3.2498116,0.0,0.0,0.7007014,0.7007014,0.21744965,0.42232478,0.0,0.0,0.0,0.3103314,0.1383698,0.60271716,0.0,0.7007014,0.0,0.85565597,0.85565597,0.7007014,-0.0,14.15,16.712364,20.0,20.0,2.0
resstock-amy2018-2021-release-1-457349,0.0,0.21411602,0.0,0.0,0.011907499,0.0,0.0,0.0,0.0,0.0,0.0,0.0,0.0,0.0,0.0,0.0,0.0,0.0,3.299999952316284,0.0,-0.0,0.0,0.0,-0.0,0.0,-0.0,0.0,0.0,0.18678764,0.45129192,3.2498116,0.027328387,0.0,0.6379254,0.6498329,0.20452555,0.3906867,0.0,0.0,0.0,0.3147356,0.1383698,0.601211,0.0,0.6498329,0.0,0.7312198,0.7312198,0.6379254,-0.0,13.9,16.971651,20.0,20.0,2.0
resstock-amy2018-2021-release-1-457349,0.0,0.15836337,0.0,0.0,0.37941197,0.0,0.0,0.0,0.0,0.0,0.0,0.0,0.0,0.0,0.0,0.0,0.0,0.0,3.299999952316284,0.0,-0.0,0.0,0.0,-0.0,0.0,-0.0,0.7124087,0.7124087,-0.0,0.66011286,3.2498116,0.15836337,0.0,0.57213575,0.95154774,0.29377437,0.5725551,0.0,0.0,0.0,0.3087332,0.1383698,0.6017093,0.0,0.95154774,0.0,0.6411377,0.6411377,0.57213575,-0.0,13.9,17.113468,19.907408,19.907408,2.0
resstock-amy2018-2021-release-1-457349,0.0,0.18231711,0.36802045,0.0,0.16373736,0.38927945,0.0,0.0,0.0,0.0,0.0,0.0,0.0,0.0,0.0,0.0,0.0,0.0,3.299999952316284,0.0,-0.0,0.0,0.0,-0.0,0.0,-0.0,0.19385059,0.19385059,-0.0,0.71539164,3.2498116,0.18231711,0.0,0.24489833,0.7979151,0.23654991,0.47956136,0.0,0.0,0.0,0.29646,0.1383698,0.601018,0.0,0.7979151,0.0,0.71353626,0.71353626,0.24489833,-0.0,13.933333,17.169151,20.0,20.0,2.0
resstock-amy2018-2021-release-1-457349,0.0,0.13446048,0.0,0.0,0.0,0.0,0.0,0.0,0.0,0.0,0.0,0.0,0.0,0.0,0.0,0.0,0.0,0.0,3.299999952316284,0.0,-0.0,0.0,0.0,-0.0,0.0,-0.0,0.0,0.0,0.13446051,0.6701712,3.2498116,0.0,0.0,0.24269928,0.24269928,0.065824464,0.14384942,0.0,0.0,0.0,0.2712182,0.1383698,0.5927064,0.0,0.24269928,0.0,0.30128628,0.30128628,0.24269928,-0.0,13.9,17.036617,19.444445,19.444445,2.0
resstock-amy2018-2021-release-1-457349,0.0,0.11568393,0.3680241,0.0,0.037443627,0.38928333,0.0,0.0,0.0,0.0,0.0,0.0,0.0,0.0,0.0,0.0,0.0,0.0,3.299999952316284,0.0,-0.0,0.0,0.0,-0.0,0.0,-0.0,0.0,0.0,0.029420933,0.6588019,3.2498116,0.08626299,0.0,0.23940073,0.6661277,0.17756966,0.39994553,0.0,0.0,0.0,0.26657,0.1383698,0.6004037,0.0,0.6661277,0.0,0.6788982,0.6788982,0.23940073,-0.0,14.025,16.828718,19.444445,19.444445,2.0
resstock-amy2018-2021-release-1-457349,0.53121793,0.105335996,0.0,0.0,0.018216062,0.0,0.0,0.0,0.0,0.0,0.0,0.0,0.0,0.0,0.0,0.0,0.0,0.0,3.299999952316284,0.0,-0.0,0.0,0.0,-0.0,0.0,-0.0,0.0,0.0,0.0635291,0.6365154,3.2498116,0.0418069,0.0,0.2383012,0.25651726,0.0742226,0.14966872,0.0,0.0,0.0,0.2893474,0.1383698,0.5834645,0.0,0.25651726,0.0,0.2841981,0.2841981,0.2383012,-0.0,13.9,16.571814,17.777779,17.777779,2.0
resstock-amy2018-2021-release-1-457349,0.0,0.07461469,0.0,0.0,0.16592833,0.0,0.0,0.0,0.0,0.0,0.0,0.0,0.0,0.0,0.0,0.0,0.0,0.0,3.299999952316284,0.0,-0.0,0.0,0.0,-0.0,0.0,-0.0,0.28202674,0.28202674,-0.0,0.7178684,3.2498116,0.07461469,0.0,0.25220335,0.41813168,0.11350185,0.25929198,0.0,0.0,0.0,0.27145,0.1383698,0.6201204,0.0,0.41813168,0.0,0.28691798,0.28691798,0.25220335,-0.0,11.67,16.24565,17.777779,17.777779,2.0
resstock-amy2018-2021-release-1-457349,0.0,0.11944385,0.0,0.0,0.093047366,0.0,0.0,0.0,0.0,0.0,0.0,0.0,0.0,0.0,0.0,0.0,0.0,0.0,3.299999952316284,0.0,-0.0,0.0,0.0,-0.0,0.0,-0.0,0.08589765,0.08589765,-0.0,0.74114186,3.2498116,0.11944385,0.0,0.23610216,0.32914954,0.073686704,0.2078817,0.0,0.0,0.0,0.22387,0.1383698,0.6315722,0.0,0.32914954,0.0,0.29022634,0.29022634,0.23610216,-0.0,12.585,16.185974,17.777779,17.777779,2.0
resstock-amy2018-2021-release-1-457349,0.0,0.20818597,0.0,0.0,0.6390868,0.0,0.0,0.0,0.0,0.0,0.0,0.0,0.0,0.0,0.0,0.0,0.0,0.0,3.299999952316284,0.0,-0.0,0.0,0.0,-0.0,0.0,-0.0,0.88488334,0.88488334,-0.0,1.0,3.2498116,0.20818597,0.0,0.23985946,0.87894624,0.16888952,0.5664326,0.0,0.0,0.0,0.19215,0.1383698,0.6444451,0.0,0.87894624,0.0,0.48869804,0.48869804,0.23985946,-0.0,13.5,16.326126,17.777779,17.777779,2.0
resstock-amy2018-2021-release-1-457349,0.0,0.294951,0.0,0.0,0.38187784,0.0,0.0,0.0,0.0,0.0,0.0,0.0,0.0,0.0,0.0,0.0,0.0,0.0,3.299999952316284,0.0,-0.0,0.0,0.0,-0.0,0.0,-0.0,0.009734306,0.009734306,-0.0,1.0,3.2498116,0.294951,0.0,0.25818723,0.6400651,0.11417238,0.4203758,0.0,0.0,0.0,0.1783762,0.1383698,0.6567704,0.0,0.6400651,0.0,0.63568187,0.63568187,0.25818723,-0.0,12.8,16.504314,17.777779,17.777779,2.0
resstock-amy2018-2021-release-1-457349,0.0,0.21792229,0.0,0.0,0.6843649,0.0,0.0,0.0,0.0,0.0,0.0,0.0,0.0,0.0,0.0,0.0,0.0,0.0,3.299999952316284,0.0,-0.0,0.0,0.0,-0.0,0.0,-0.0,0.009734306,0.009734306,-0.0,1.0,3.2498116,0.21792229,0.0,0.292185,0.9765499,0.21862023,0.63727385,0.0,0.0,0.0,0.22387,0.1383698,0.6525768,0.0,0.9765499,0.0,0.9721667,0.9721667,0.292185,-0.0,12.8,16.605251,17.87037,17.87037,2.0
resstock-amy2018-2021-release-1-457349,0.88543797,0.14228731,3.827568,0.0,0.65337926,4.048671,0.0,0.0,0.0,0.0,0.0,0.0,0.0,0.0,0.0,0.0,0.0,0.0,3.299999952316284,0.0,-0.0,0.0,0.0,-0.0,0.0,-0.0,0.009734306,0.009734306,-0.0,1.0,3.2498116,0.14228731,0.0,0.4939199,5.19597,1.3505212,3.322895,0.0,0.0,0.0,0.25991705,0.1383698,0.6395139,0.0,5.19597,0.0,5.191587,5.191587,0.4939199,-0.0,12.8,16.664639,19.907408,19.907408,2.0
resstock-amy2018-2021-release-1-457349,0.0,0.15279251,0.0,0.0,0.77731484,0.0,0.0,0.0,0.0,0.0,0.0,0.0,0.0,0.0,0.0,0.0,0.0,0.0,3.299999952316284,0.0,-0.0,0.0,0.0,-0.0,0.0,-0.0,0.009734306,0.009734306,-0.0,1.0,3.2498116,0.15279251,0.0,0.73788595,1.5152009,0.4774422,0.96095526,0.0,0.0,0.0,0.3151016,0.1383698,0.6342098,0.0,1.5152009,0.0,1.5107403,1.5107403,0.73788595,-0.0,12.2,16.652197,19.444445,19.444445,2.0
resstock-amy2018-2021-release-1-457349,0.0,0.21496129,0.0,0.0,0.103508286,0.0,0.0,0.0,0.0,0.0,0.0,0.0,0.0,0.0,0.0,0.0,0.0,0.0,3.299999952316284,0.0,-0.0,0.0,0.0,-0.0,0.0,-0.0,0.009734306,0.009734306,-0.0,1.0,3.2498116,0.21496129,0.0,0.63280356,0.72884595,0.23785888,0.46786416,0.0,0.0,0.0,0.32635,0.1383698,0.6419246,0.0,0.72884595,0.0,0.72446275,0.73192865,0.63280356,-0.0074658776,12.8,16.823444,19.546297,19.546297,2.0
resstock-amy2018-2021-release-1-457349,0.0,0.2191257,0.0,0.0,1.298544e-08,0.0,0.0,0.0,0.0,0.0,0.0,0.0,0.0,0.0,0.0,0.0,0.0,0.0,3.299999952316284,0.0,-0.0,0.0,0.0,-0.0,0.0,-0.0,0.0,0.0,0.21912567,0.92678195,3.2498116,2.9802322e-08,0.0,0.81250614,0.79052246,0.25643426,0.509097,0.0,0.0,0.0,0.3243858,0.1383698,0.64400065,0.0,0.79052246,0.0,0.8859997,0.90798336,0.81250614,-0.02198366,13.9,17.117352,20.0,20.0,2.0
resstock-amy2018-2021-release-1-457349,0.4819728,0.14615294,0.0,0.0,3.24636e-08,0.0,0.0,0.0,0.0,0.0,0.0,0.0,0.0,0.0,0.0,0.0,0.0,0.0,3.299999952316284,0.0,-0.0,0.0,0.0,-0.0,0.0,-0.0,0.0,0.0,0.14615287,0.87720096,3.2498116,7.4505806e-08,0.0,0.84054756,0.8101859,0.25613046,0.5213852,0.0,0.0,0.0,0.31613788,0.1383698,0.6435377,0.0,0.8101859,0.0,0.8738675,0.9042292,0.84054756,-0.03036174,13.9,17.230923,18.342592,18.342592,2.0
resstock-amy2018-2021-release-1-457349,0.0,0.16181245,0.0,0.0,2.597088e-08,0.0,0.0,0.0,0.0,0.0,0.0,0.0,0.0,0.0,0.0,0.0,0.0,0.0,3.299999952316284,0.0,-0.0,0.0,0.0,-0.0,0.0,-0.0,0.0,0.0,0.1618124,0.82273495,3.2498116,5.9604645e-08,0.0,0.8114066,0.7825257,0.24187647,0.50604117,0.0,0.0,0.0,0.30909714,0.1383698,0.6466767,0.0,0.7825257,0.0,0.85303044,0.88191134,0.8114066,-0.028880917,13.9,17.25589,19.444445,19.444445,2.0
resstock-amy2018-2021-release-1-457349,0.61702675,0.1378431,0.0,0.0,0.0,0.0,0.0,0.0,0.0,0.0,0.0,0.0,0.0,0.0,0.0,0.0,0.0,0.0,3.299999952316284,0.0,-0.0,0.0,0.0,-0.0,0.0,-0.0,0.0,0.0,0.1378431,0.7761204,3.2498116,0.0,0.0,0.80874884,0.79307145,0.23768765,0.5131094,0.0,0.0,0.0,0.2997052,0.1383698,0.6469901,0.0,0.79307145,0.0,0.8531323,0.8688097,0.80874884,-0.0156774,13.9,17.050093,17.777779,17.777779,2.0
resstock-amy2018-2021-release-1-457349,0.14128636,0.12163404,0.0,0.0,2.577353e-08,0.0,0.0,0.0,0.0,0.0,0.0,0.0,0.0,0.0,0.0,0.0,0.0,0.0,3.299999952316284,0.0,-0.0,0.0,0.0,-0.0,0.0,-0.0,0.0,0.0,0.12163398,0.7348434,3.2498116,5.9604645e-08,0.0,0.66304404,0.63130796,0.18967848,0.40752044,0.0,0.0,0.0,0.30045316,0.1383698,0.64551765,0.0,0.63130796,0.0,0.68390346,0.71563953,0.66304404,-0.031736065,14.15,17.143787,17.777779,17.777779,2.0
resstock-amy2018-2021-release-1-457349,0.0,0.15479377,0.0,0.0,0.0,0.0,0.0,0.0,0.0,0.0,0.0,0.0,0.0,0.0,0.0,0.0,0.0,0.0,3.299999952316284,0.0,-0.0,0.0,0.0,-0.0,0.0,-0.0,0.0,0.0,0.15479377,0.68303937,3.2498116,0.0,0.0,0.59019166,0.5631723,0.17265248,0.3628433,0.0,0.0,0.0,0.30657133,0.1383698,0.6442847,0.0,0.5631723,0.0,0.63184893,0.6588683,0.59019166,-0.027019365,13.3,17.175146,17.777779,17.777779,2.0
resstock-amy2018-2021-release-1-457349,0.0,0.15200593,0.0,0.0,0.030251801,0.0,0.0,0.0,0.0,0.0,0.0,0.0,0.0,0.0,0.0,0.0,0.0,0.0,3.299999952316284,0.0,-0.0,0.0,0.0,-0.0,0.0,-0.0,0.0,0.0,0.0841238,0.6540716,3.2498116,0.06788213,0.0,0.5210966,0.5410586,0.16846766,0.3472696,0.0,0.0,0.0,0.31136674,0.1383698,0.6418336,0.0,0.5410586,0.0,0.57854855,0.58883834,0.5210966,-0.010289804,13.15,17.06087,17.777779,17.777779,2.0
resstock-amy2018-2021-release-1-457349,0.0,0.18151331,0.0,0.0,0.68239826,0.0,0.0,0.0,0.0,0.0,0.0,0.0,0.0,0.0,0.0,0.0,0.0,0.0,3.299999952316284,0.0,-0.0,0.0,0.0,-0.0,0.0,-0.0,1.179251,1.179251,-0.0,1.0,3.2498116,0.18151331,0.0,0.66810393,1.3462106,0.4217083,0.8586758,0.0,0.0,0.0,0.31325582,0.1383698,0.6378465,0.0,1.3462106,0.0,0.815209,0.8195006,0.66810393,-0.004291679,12.8,17.168125,18.972221,18.972221,2.0
resstock-amy2018-2021-release-1-457349,0.0,0.117161244,0.0,0.0,0.26241106,0.0,0.0,0.0,0.0,0.0,0.0,0.0,0.0,0.0,0.0,0.0,0.0,0.0,3.299999952316284,0.0,-0.0,0.0,0.0,-0.0,0.0,-0.0,0.009734306,0.009734306,-0.0,1.0,3.2498116,0.117161244,0.0,0.6689744,0.93138546,0.2926576,0.58859414,0.0,0.0,0.0,0.3142175,0.1383698,0.63195544,0.0,0.93138546,0.0,0.926912,0.926912,0.6689744,0.0,12.1,17.164337,20.0,20.0,2.0
resstock-amy2018-2021-release-1-457349,0.0,0.13004602,0.0,0.0,0.63106203,0.0,0.0,0.0,0.0,0.0,0.0,0.0,0.0,0.0,0.0,0.0,0.0,0.0,3.299999952316284,0.0,-0.0,0.0,0.0,-0.0,0.0,-0.0,0.009734306,0.009734306,-0.0,1.0,3.2498116,0.13004602,0.0,0.7007014,1.3317635,0.41347426,0.82040024,0.0,0.0,0.0,0.31047124,0.1383698,0.61602545,0.0,1.3317635,0.0,1.3273029,1.3273029,0.7007014,-0.0,12.2,17.266125,20.0,20.0,2.0
resstock-amy2018-2021-release-1-457349,0.0,0.26601124,0.0,0.0,0.49862456,0.0,0.0,0.0,0.0,0.0,0.0,0.0,0.0,0.0,0.0,0.0,0.0,0.0,3.299999952316284,0.0,-0.0,0.0,0.0,-0.0,0.0,-0.0,0.009734306,0.009734306,-0.0,1.0,3.2498116,0.26601124,0.0,0.6379254,1.13655,0.35161465,0.6785704,0.0,0.0,0.0,0.30937016,0.1383698,0.59704405,0.0,1.13655,0.0,1.1320249,1.1320249,0.6379254,-0.0,11.7,17.45293,20.0,20.0,2.0
resstock-amy2018-2021-release-1-457349,0.0,0.6034798,0.3683043,0.0,0.47223818,0.38957974,0.0,0.0,0.0,0.0,0.0,0.0,0.0,0.0,0.0,0.0,0.0,0.0,3.299999952316284,0.0,-0.0,0.0,0.0,-0.0,0.0,-0.0,0.009734306,0.009734306,-0.0,1.0,3.2498116,0.6034798,0.0,0.57213575,1.4339538,0.43165419,0.83104736,0.0,0.0,0.0,0.30102378,0.1383698,0.5795496,0.0,1.4339538,0.0,1.4293513,1.4293513,0.57213575,-0.0,11.1,17.830587,19.916666,19.916666,2.0
resstock-amy2018-2021-release-1-457349,0.0,1.0886743,0.0,0.0,0.3286621,0.0,0.0,0.0,0.0,0.0,0.0,0.0,0.0,0.0,0.0,0.0,0.0,0.0,3.299999952316284,0.0,-0.0,0.0,0.0,-0.0,0.0,-0.0,0.0,0.0,0.40313837,0.86770743,3.2498116,0.6855359,0.0,0.51125795,0.83992004,0.22769205,0.46877798,0.0,0.0,0.0,0.27108777,0.1383698,0.55812216,0.0,0.83992004,0.0,1.0331941,1.0331941,0.51125795,-0.0,10.6,18.367218,19.444445,19.444445,2.0
resstock-amy2018-2021-release-1-457349,0.43003953,0.54077286,0.0,0.0,0.0028764245,0.0,0.0,0.0,0.0,0.0,0.0,0.0,0.0,0.0,0.0,0.0,0.0,0.0,3.299999952316284,0.0,-0.0,0.0,0.0,-0.0,0.0,-0.0,0.0,0.0,0.53468907,0.69356227,3.2498116,0.0060837865,0.0,0.24269928,0.24557571,0.061853923,0.13141097,0.0,0.0,0.0,0.25187314,0.1383698,0.5351139,0.0,0.24557571,0.0,0.49837762,0.49837762,0.24269928,-0.0,11.1,18.02489,17.777779,17.777779,2.0
resstock-amy2018-2021-release-1-457349,0.0,0.18948175,0.0,0.0,0.39678884,0.0,0.0,0.0,0.0,0.0,0.0,0.0,0.0,0.0,0.0,0.0,0.0,0.0,3.299999952316284,0.0,-0.0,0.0,0.0,-0.0,0.0,-0.0,0.6246614,0.6246614,-0.0,0.8758076,3.2498116,0.18948175,0.0,0.23940073,0.6361896,0.13933183,0.32306165,0.0,0.0,0.0,0.21900992,0.1383698,0.5078072,0.0,0.6361896,0.0,0.33174843,0.33174843,0.23940073,-0.0,10.0,17.426796,17.777779,17.777779,2.0
resstock-amy2018-2021-release-1-457349,0.0,0.52213484,0.0,0.0,0.04336418,0.0,0.0,0.0,0.0,0.0,0.0,0.0,0.0,0.0,0.0,0.0,0.0,0.0,3.299999952316284,0.0,-0.0,0.0,0.0,-0.0,0.0,-0.0,0.0,0.0,0.43315893,0.7342339,3.2498116,0.08897591,0.0,0.2383012,0.28166538,0.06061564,0.14594632,0.0,0.0,0.0,0.21520443,0.1383698,0.518155,0.0,0.28166538,0.0,0.492774,0.492774,0.2383012,-0.0,10.0,17.347904,17.777779,17.777779,2.0
resstock-amy2018-2021-release-1-457349,0.0,0.35768867,0.36857703,0.0,2.9523147e-08,0.3898682,0.0,0.0,0.0,0.0,0.0,0.0,0.0,0.0,0.0,0.0,0.0,0.0,3.299999952316284,0.0,-0.0,0.0,0.0,-0.0,0.0,-0.0,0.0,0.0,0.3576886,0.6172953,3.2498116,5.9604645e-08,0.0,0.25220335,0.6420716,0.12982741,0.30383083,0.0,0.0,0.0,0.20220083,0.1383698,0.473204,0.0,0.6420716,0.0,0.81924057,0.81924057,0.25220335,-0.0,9.4,16.99813,17.777779,17.777779,2.0
resstock-amy2018-2021-release-1-457349,0.0,0.36743003,0.0,0.0,0.6763072,0.0,0.0,0.0,0.0,0.0,0.0,0.0,0.0,0.0,0.0,0.0,0.0,0.0,3.299999952316284,0.0,-0.0,0.0,0.0,-0.0,0.0,-0.0,0.97996134,0.97996134,-0.0,0.9045512,3.2498116,0.36743003,0.0,0.23610216,0.91240937,0.17819686,0.4289393,0.0,0.0,0.0,0.19530363,0.1383698,0.47011718,0.0,0.91240937,0.0,0.4205294,0.4205294,0.23610216,-0.0,8.9,16.788914,17.777779,17.777779,2.0
resstock-amy2018-2021-release-1-457349,0.0,0.33456135,0.0,0.0,0.040056925,0.0,0.0,0.0,0.0,0.0,0.0,0.0,0.0,0.0,0.0,0.0,0.0,0.0,3.299999952316284,0.0,-0.0,0.0,0.0,-0.0,0.0,-0.0,0.0,0.0,0.25600055,0.819769,3.2498116,0.0785608,0.0,0.23985946,0.27991638,0.05203567,0.12896422,0.0,0.0,0.0,0.1858972,0.1383698,0.4607241,0.0,0.27991638,0.0,0.41044706,0.41044706,0.23985946,-0.0,8.3,16.616386,17.777779,17.777779,2.0
resstock-amy2018-2021-release-1-457349,0.0,0.14320455,0.0,0.0,0.82631737,0.0,0.0,0.0,0.0,0.0,0.0,0.0,0.0,0.0,0.0,0.0,0.0,0.0,3.299999952316284,0.0,-0.0,0.0,0.0,-0.0,0.0,-0.0,0.6190602,0.6190602,-0.0,1.0,3.2498116,0.14320455,0.0,0.25818723,1.0845046,0.22125946,0.5206461,0.0,0.0,0.0,0.20401892,0.1383698,0.48007736,0.0,1.0845046,0.0,0.76229644,0.76229644,0.25818723,-0.0,7.5,16.32744,17.777779,17.777779,2.0
resstock-amy2018-2021-release-1-457349,0.0,0.120426625,0.622152,0.0,0.5698774,0.6580911,0.0,0.0,0.0,0.0,0.0,0.0,0.0,0.0,0.0,0.0,0.0,0.0,3.299999952316284,0.0,-0.0,0.0,0.0,-0.0,0.0,-0.0,0.009734306,0.009734306,-0.0,1.0,3.2498116,0.120426625,0.0,0.292185,1.5201535,0.3358747,0.7996286,0.0,0.0,0.0,0.22094788,0.1383698,0.5260183,0.0,1.5201535,0.0,1.5149839,1.5149839,0.292185,-0.0,6.7,16.137867,17.86111,17.86111,2.0
resstock-amy2018-2021-release-1-457349,0.0,0.15965608,1.3270819,0.0,0.83837295,1.403742,0.0,0.0,0.0,0.0,0.0,0.0,0.0,0.0,0.0,0.0,0.0,0.0,3.299999952316284,0.0,-0.0,0.0,0.0,-0.0,0.0,-0.0,0.009734306,0.009734306,-0.0,1.0,3.2498116,0.15965608,0.0,0.4939199,2.7360349,0.8306318,1.469536,0.0,0.0,0.0,0.3035896,0.1383698,0.53710425,0.0,2.7360349,0.0,2.7310715,2.7310715,0.4939199,-0.0,8.3,16.185253,19.916666,19.916666,2.0
resstock-amy2018-2021-release-1-457349,0.38584745,0.27991915,0.0,0.0,0.6850394,0.0,0.0,0.0,0.0,0.0,0.0,0.0,0.0,0.0,0.0,0.0,0.0,0.0,3.299999952316284,0.0,-0.0,0.0,0.0,-0.0,0.0,-0.0,0.009734306,0.009734306,-0.0,1.0,3.2498116,0.27991915,0.0,0.6363609,1.3214003,0.4149501,0.73212683,0.0,0.0,0.0,0.31402302,0.1383698,0.5540538,0.0,1.3214003,0.0,1.3167335,1.3167335,0.6363609,-0.0,10.6,16.481792,17.777779,17.777779,2.0
resstock-amy2018-2021-release-1-457349,0.303993,0.43380022,0.6866101,0.0,2.7707543e-08,0.72627276,0.0,0.0,0.0,0.0,0.0,0.0,0.0,0.0,0.0,0.0,0.0,0.0,3.299999952316284,0.0,-0.0,0.0,0.0,-0.0,0.0,-0.0,0.0,0.0,0.43380016,0.8578639,3.2498116,5.9604645e-08,0.0,0.8416704,1.5612216,0.5629089,0.8595373,0.0,0.0,0.0,0.3605567,0.1383698,0.55055434,0.0,1.5612216,0.0,1.7628759,1.7695974,0.8416704,-0.006721532,11.7,16.910677,17.777779,17.777779,2.0
resstock-amy2018-2021-release-1-457349,2.4648752,0.31397325,3.9000578,0.0,0.0,4.125348,0.0,0.0,0.0,0.0,0.0,0.0,0.0,0.0,0.0,0.0,0.0,0.0,3.299999952316284,0.0,-0.0,0.0,0.0,-0.0,0.0,-0.0,0.0,0.0,0.31397334,0.7546045,3.2498116,0.0,0.0,1.0220344,5.1255836,1.7857227,2.8073735,0.0,0.0,0.0,0.34839404,0.1383698,0.5477178,0.0,5.1255836,0.0,5.269457,5.2912555,1.0220344,-0.021798713,12.2,17.212906,17.777779,17.777779,2.0
resstock-amy2018-2021-release-1-457349,0.0,0.3361969,0.0,0.0,0.0,0.0,0.0,0.0,0.0,0.0,0.0,0.0,0.0,0.0,0.0,0.0,0.0,0.0,3.299999952316284,0.0,-0.0,0.0,0.0,-0.0,0.0,-0.0,0.0,0.0,0.33619696,0.644507,3.2498116,0.0,0.0,1.047628,1.019464,0.31238315,0.57486093,0.0,0.0,0.0,0.30641901,0.1383698,0.56388545,0.0,1.019464,0.0,1.1735207,1.2016847,1.047628,-0.028163979,12.2,17.444244,17.777779,17.777779,2.0
resstock-amy2018-2021-release-1-457349,0.0,0.19995824,0.0,0.0,1.36564235e-08,0.0,0.0,0.0,0.0,0.0,0.0,0.0,0.0,0.0,0.0,0.0,0.0,0.0,3.299999952316284,0.0,-0.0,0.0,0.0,-0.0,0.0,-0.0,0.0,0.0,0.1999582,0.578463,3.2498116,2.9802322e-08,0.0,0.8114066,0.7873738,0.2343291,0.4397614,0.0,0.0,0.0,0.29760846,0.1383698,0.5585167,0.0,0.7873738,0.0,0.8790013,0.90303415,0.8114066,-0.02403286,12.2,17.294952,17.777779,17.777779,2.0
resstock-amy2018-2021-release-1-457349,0.0,0.20212597,0.3685766,0.0,0.0,0.38986772,0.0,0.0,0.0,0.0,0.0,0.0,0.0,0.0,0.0,0.0,0.0,0.0,3.299999952316284,0.0,-0.0,0.0,0.0,-0.0,0.0,-0.0,0.0,0.0,0.20212597,0.5119127,3.2498116,0.0,0.0,0.80874884,1.1710184,0.33626515,0.6245578,0.0,0.0,0.0,0.28715616,0.1383698,0.5333459,0.0,1.1710184,0.0,1.2649777,1.292576,0.80874884,-0.02759828,11.7,17.178669,17.777779,17.777779,2.0
resstock-amy2018-2021-release-1-457349,0.0,0.16824262,1.1057329,0.0,0.049885932,1.1696066,0.0,0.0,0.0,0.0,0.0,0.0,0.0,0.0,0.0,0.0,0.0,0.0,3.299999952316284,0.0,-0.0,0.0,0.0,-0.0,0.0,-0.0,0.0,0.0,0.06280514,0.49028033,3.2498116,0.10543748,0.0,0.66304404,1.851913,0.5298548,0.9686888,0.0,0.0,0.0,0.28611213,0.1383698,0.5230747,0.0,1.851913,0.0,1.8816282,1.9122518,0.66304404,-0.030623619,11.075,17.079983,17.777779,17.777779,2.0
resstock-amy2018-2021-release-1-457349,0.0,0.17685701,0.0,0.0,0.3186279,0.0,0.0,0.0,0.0,0.0,0.0,0.0,0.0,0.0,0.0,0.0,0.0,0.0,3.299999952316284,0.0,-0.0,0.0,0.0,-0.0,0.0,-0.0,0.5134946,0.5134946,-0.0,0.64032197,3.2498116,0.17685701,0.0,0.59019166,0.88444024,0.25988424,0.45193386,0.0,0.0,0.0,0.29384035,0.1383698,0.51098293,0.0,0.88444024,0.0,0.64743966,0.671819,0.59019166,-0.024379324,11.95,17.047144,17.777779,17.777779,2.0
resstock-amy2018-2021-release-1-457349,0.0,0.24818084,0.0,0.0,0.0,0.0,0.0,0.0,0.0,0.0,0.0,0.0,0.0,0.0,0.0,0.0,0.0,0.0,3.299999952316284,0.0,-0.0,0.0,0.0,-0.0,0.0,-0.0,0.0,0.0,0.24818085,0.55880874,3.2498116,0.0,0.0,0.5210966,0.51002,0.15790497,0.25276828,0.0,0.0,0.0,0.30960542,0.1383698,0.4956046,0.0,0.51002,0.0,0.6201292,0.6312058,0.5210966,-0.011076593,13.3,17.283134,17.777779,17.777779,2.0
resstock-amy2018-2021-release-1-457349,0.0,0.33060595,0.0,0.0,1.3419605e-08,0.0,0.0,0.0,0.0,0.0,0.0,0.0,0.0,0.0,0.0,0.0,0.0,0.0,3.299999952316284,0.0,-0.0,0.0,0.0,-0.0,0.0,-0.0,0.0,0.0,0.33060592,0.45106828,3.2498116,2.9802322e-08,0.0,0.40783134,0.40106523,0.12876739,0.20287718,0.0,0.0,0.0,0.32106346,0.1383698,0.50584584,0.0,0.40106523,0.0,0.54993284,0.5566989,0.40783134,-0.006766101,12.8,17.321236,18.962963,18.962963,2.0
resstock-amy2018-2021-release-1-457349,0.0,0.5100395,0.0,0.0,0.0,0.0,0.0,0.0,0.0,0.0,0.0,0.0,0.0,0.0,0.0,0.0,0.0,0.0,3.299999952316284,0.0,-0.0,0.0,0.0,-0.0,0.0,-0.0,0.0,0.0,0.5100395,0.2860327,3.2498116,0.0,0.0,0.949399,0.949399,0.31659696,0.5296065,0.0,0.0,0.0,0.3334709,0.1383698,0.55783343,0.0,0.949399,0.0,1.1831162,1.1831162,0.949399,0.0,12.2,17.6013,20.0,20.0,2.0
resstock-amy2018-2021-release-1-457349,0.0,0.7570239,0.0,0.0,0.0,0.0,0.0,0.0,0.0,0.0,0.0,0.0,0.0,0.0,0.0,0.0,0.0,0.0,3.299999952316284,0.0,-0.0,0.0,0.0,-0.0,0.0,-0.0,0.0,0.0,0.7570239,0.04218029,3.2498116,0.0,0.0,0.7007014,0.7007014,0.22588234,0.42968735,0.0,0.0,0.0,0.32236603,0.1383698,0.6132246,0.0,0.7007014,0.0,1.0475951,1.0475951,0.7007014,-0.0,12.2,18.099613,18.814816,18.814816,2.0
resstock-amy2018-2021-release-1-457349,0.0,0.49907407,0.0,0.0,0.39344996,0.0,0.0,0.0,0.0,0.0,0.0,0.0,0.0,0.0,0.0,0.0,0.0,0.0,3.299999952316284,0.0,-0.0,0.0,0.0,-0.0,0.0,-0.0,0.3747015,0.3747015,-0.0,0.152573,3.2498116,0.49907407,0.0,0.6379254,1.0313754,0.32830694,0.6375278,0.0,0.0,0.0,0.31831953,0.1383698,0.6181336,0.0,1.0313754,0.0,0.8626521,0.8626521,0.6379254,-0.0,12.8,18.19347,19.546297,19.546297,2.0
resstock-amy2018-2021-release-1-457349,0.0,0.5181981,0.0,0.0,0.37526584,0.0,0.0,0.0,0.0,0.0,0.0,0.0,0.0,0.0,0.0,0.0,0.0,0.0,3.299999952316284,0.0,-0.0,0.0,0.0,-0.0,0.0,-0.0,0.30074212,0.30074212,-0.0,0.24083532,3.2498116,0.5181981,0.0,0.25085467,0.6261205,0.19455838,0.38293907,0.0,0.0,0.0,0.31073633,0.1383698,0.611606,0.0,0.6261205,0.0,0.4883104,0.4883104,0.25085467,-0.0,12.2,18.252407,19.925926,19.925926,2.0
resstock-amy2018-2021-release-1-457349,0.0,0.21471103,0.0,0.0,0.0271405,0.0,0.0,0.0,0.0,0.0,0.0,0.0,0.0,0.0,0.0,0.0,0.0,0.0,3.299999952316284,0.0,-0.0,0.0,0.0,-0.0,0.0,-0.0,0.0,0.0,0.15443727,0.19056408,3.2498116,0.06027375,0.0,0.24489833,0.27203885,0.08364588,0.16320612,0.0,0.0,0.0,0.3074777,0.1383698,0.5999368,0.0,0.27203885,0.0,0.34157997,0.34157997,0.24489833,-0.0,12.8,17.978153,20.0,20.0,2.0
resstock-amy2018-2021-release-1-457349,0.0,0.13906859,0.0,0.0,0.0,0.0,0.0,0.0,0.0,0.0,0.0,0.0,0.0,0.0,0.0,0.0,0.0,0.0,3.299999952316284,0.0,-0.0,0.0,0.0,-0.0,0.0,-0.0,0.0,0.0,0.1390686,0.14537108,3.2498116,0.0,0.0,0.24269928,0.24269928,0.07241934,0.14377175,0.0,0.0,0.0,0.29839122,0.1383698,0.5923864,0.0,0.24269928,0.0,0.30642518,0.30642518,0.24269928,-0.0,12.2,17.623096,19.444445,19.444445,2.0
resstock-amy2018-2021-release-1-457349,0.591775,0.12265769,0.7371492,0.0,0.0,0.7797312,0.0,0.0,0.0,0.0,0.0,0.0,0.0,0.0,0.0,0.0,0.0,0.0,3.299999952316284,0.0,-0.0,0.0,0.0,-0.0,0.0,-0.0,0.0,0.0,0.1226577,0.10557629,3.2498116,0.0,0.0,0.23940073,1.0191319,0.26793998,0.6125851,0.0,0.0,0.0,0.26291,0.1383698,0.60108525,0.0,1.0191319,0.0,1.0753378,1.0753378,0.23940073,-0.0,12.2,17.290817,17.777779,17.777779,2.0
resstock-amy2018-2021-release-1-457349,0.0,0.2211509,0.0,0.0,0.0,0.0,0.0,0.0,0.0,0.0,0.0,0.0,0.0,0.0,0.0,0.0,0.0,0.0,3.299999952316284,0.0,-0.0,0.0,0.0,-0.0,0.0,-0.0,0.0,0.0,0.2211509,0.034275983,3.2498116,0.0,0.0,0.2383012,0.2383012,0.058331557,0.13434988,0.0,0.0,0.0,0.2447808,0.1383698,0.5637818,0.0,0.2383012,0.0,0.33963996,0.33963996,0.2383012,-0.0,12.2,17.093338,17.777779,17.777779,2.0
resstock-amy2018-2021-release-1-457349,0.0,0.23187876,0.0,0.0,0.51847875,0.0,0.0,0.0,0.0,0.0,0.0,0.0,0.0,0.0,0.0,0.0,0.0,0.0,3.299999952316284,0.0,-0.0,0.0,0.0,-0.0,0.0,-0.0,0.899594,0.899594,-0.0,0.29950228,3.2498116,0.23187876,0.0,0.25220335,0.7706821,0.16219003,0.46230996,0.0,0.0,0.0,0.21045,0.1383698,0.59987116,0.0,0.7706821,0.0,0.35845795,0.35845795,0.25220335,-0.0,12.2,16.86767,17.777779,17.777779,2.0
resstock-amy2018-2021-release-1-457349,0.0,0.29907462,0.0,0.0,0.5833906,0.0,0.0,0.0,0.0,0.0,0.0,0.0,0.0,0.0,0.0,0.0,0.0,0.0,3.299999952316284,0.0,-0.0,0.0,0.0,-0.0,0.0,-0.0,0.9740548,0.9740548,-0.0,0.58592844,3.2498116,0.29907462,0.0,0.23610216,0.81949276,0.17246224,0.49714297,0.0,0.0,0.0,0.21045,0.1383698,0.6066472,0.0,0.81949276,0.0,0.3731482,0.3731482,0.23610216,-0.0,12.2,16.762308,17.777779,17.777779,2.0
resstock-amy2018-2021-release-1-457349,0.0,0.3421102,0.0,0.0,0.6882182,0.0,0.0,0.0,0.0,0.0,0.0,0.0,0.0,0.0,0.0,0.0,0.0,0.0,3.299999952316284,0.0,-0.0,0.0,0.0,-0.0,0.0,-0.0,1.159784,1.159784,-0.0,0.9263109,3.2498116,0.3421102,0.0,0.23985946,0.92807764,0.19531393,0.58669704,0.0,0.0,0.0,0.21045,0.1383698,0.63216376,0.0,0.92807764,0.0,0.39662576,0.39662576,0.23985946,-0.0,12.2,16.7519,17.777779,17.777779,2.0
resstock-amy2018-2021-release-1-457349,0.0,0.33696574,0.0,0.0,0.72127587,0.0,0.0,0.0,0.0,0.0,0.0,0.0,0.0,0.0,0.0,0.0,0.0,0.0,3.299999952316284,0.0,-0.0,0.0,0.0,-0.0,0.0,-0.0,0.2588628,0.2588628,-0.0,1.0,3.2498116,0.33696574,0.0,0.25818723,0.9794631,0.21210273,0.627424,0.0,0.0,0.0,0.21655,0.1383698,0.6405795,0.0,0.9794631,0.0,0.8591293,0.8591293,0.25818723,-0.0,11.7,16.745413,17.777779,17.777779,2.0
resstock-amy2018-2021-release-1-457349,1.4207202,0.2415315,3.0221338,0.0,0.6626243,3.19671,0.0,0.0,0.0,0.0,0.0,0.0,0.0,0.0,0.0,0.0,0.0,0.0,3.299999952316284,0.0,-0.0,0.0,0.0,-0.0,0.0,-0.0,0.009734306,0.009734306,-0.0,1.0,3.2498116,0.2415315,0.0,0.3700914,4.229426,1.0500396,2.6927292,0.0,0.0,0.0,0.24827,0.1383698,0.6366654,0.0,4.229426,0.0,4.2248235,4.2248235,0.3700914,-0.0,11.1,16.663116,17.851852,17.851852,2.0
resstock-amy2018-2021-release-1-457349,0.0,0.1266763,0.0,0.0,0.5672644,0.0,0.0,0.0,0.0,0.0,0.0,0.0,0.0,0.0,0.0,0.0,0.0,0.0,3.299999952316284,0.0,-0.0,0.0,0.0,-0.0,0.0,-0.0,0.009734306,0.009734306,-0.0,1.0,3.2498116,0.1266763,0.0,0.34780914,0.9150735,0.2930523,0.57879305,0.0,0.0,0.0,0.32025,0.1383698,0.6325099,0.0,0.9150735,0.0,0.91043246,0.91043246,0.34780914,-0.0,10.8,16.464916,19.925926,19.925926,2.0
resstock-amy2018-2021-release-1-457349,0.0,0.36306596,0.0,0.0,0.7243446,0.0,0.0,0.0,0.0,0.0,0.0,0.0,0.0,0.0,0.0,0.0,0.0,0.0,3.299999952316284,0.0,-0.0,0.0,0.0,-0.0,0.0,-0.0,0.009734306,0.009734306,-0.0,1.0,3.2498116,0.36306596,0.0,0.43743104,1.1617756,0.39836496,0.7386907,0.0,0.0,0.0,0.3428932,0.1383698,0.63582903,0.0,1.1617756,0.0,1.1571732,1.1571732,0.43743104,-0.0,11.1,16.629341,19.444445,19.444445,2.0
resstock-amy2018-2021-release-1-457349,0.35631576,0.4207112,0.0,0.0,0.49514335,0.0,0.0,0.0,0.0,0.0,0.0,0.0,0.0,0.0,0.0,0.0,0.0,0.0,3.299999952316284,0.0,-0.0,0.0,0.0,-0.0,0.0,-0.0,0.009734306,0.009734306,-0.0,1.0,3.2498116,0.4207112,0.0,0.63280356,1.1211364,0.4086262,0.71503675,0.0,0.0,0.0,0.364475,0.1383698,0.6377785,0.0,1.1211364,0.0,1.1166759,1.1234863,0.63280356,-0.006810427,12.2,16.903334,17.777779,17.777779,2.0
resstock-amy2018-2021-release-1-457349,0.0,0.2570398,0.0,0.0,0.0,0.0,0.0,0.0,0.0,0.0,0.0,0.0,0.0,0.0,0.0,0.0,0.0,0.0,3.299999952316284,0.0,-0.0,0.0,0.0,-0.0,0.0,-0.0,0.0,0.0,0.25703987,0.91461015,3.2498116,0.0,0.0,0.81250614,0.7911702,0.27523652,0.5064531,0.0,0.0,0.0,0.34788534,0.1383698,0.6401317,0.0,0.7911702,0.0,0.9106566,0.93199253,0.81250614,-0.021335986,11.7,16.98351,17.777779,17.777779,2.0
resstock-amy2018-2021-release-1-457349,0.0,0.18578407,0.0,0.0,4.696862e-08,0.0,0.0,0.0,0.0,0.0,0.0,0.0,0.0,0.0,0.0,0.0,0.0,0.0,3.299999952316284,0.0,-0.0,0.0,0.0,-0.0,0.0,-0.0,0.0,0.0,0.18578397,0.8523411,3.2498116,1.0430813e-07,0.0,0.84054756,0.8112045,0.2712961,0.5245315,0.0,0.0,0.0,0.33443615,0.1383698,0.64660823,0.0,0.8112045,0.0,0.8948606,0.92420375,0.84054756,-0.029343124,12.8,17.067322,17.777779,17.777779,2.0
resstock-amy2018-2021-release-1-457349,0.0,0.15860787,0.0,0.0,2.6207696e-08,0.0,0.0,0.0,0.0,0.0,0.0,0.0,0.0,0.0,0.0,0.0,0.0,0.0,3.299999952316284,0.0,-0.0,0.0,0.0,-0.0,0.0,-0.0,0.0,0.0,0.15860781,0.7989753,3.2498116,5.9604645e-08,0.0,0.8114066,0.77126247,0.2371126,0.49783888,0.0,0.0,0.0,0.30743438,0.1383698,0.6454857,0.0,0.77126247,0.0,0.8410011,0.88114524,0.8114066,-0.040144134,13.6,17.281296,17.777779,17.777779,2.0
resstock-amy2018-2021-release-1-457349,0.0,0.42539766,0.0,0.0,0.044245914,0.0,0.0,0.0,0.0,0.0,0.0,0.0,0.0,0.0,0.0,0.0,0.0,0.0,3.299999952316284,0.0,-0.0,0.0,0.0,-0.0,0.0,-0.0,0.0,0.0,0.32385078,0.692714,3.2498116,0.10154688,0.0,0.80874884,0.8031913,0.23820934,0.5145781,0.0,0.0,0.0,0.2965786,0.1383698,0.64066696,0.0,0.8031913,0.0,0.9442993,0.9941027,0.80874884,-0.04980343,13.9,17.8675,17.777779,17.777779,2.0
resstock-amy2018-2021-release-1-457349,0.02141385,0.6945912,0.0,0.0,0.74862814,0.0,0.0,0.0,0.0,0.0,0.0,0.0,0.0,0.0,0.0,0.0,0.0,0.0,3.299999952316284,0.0,-0.0,0.0,0.0,-0.0,0.0,-0.0,1.0235528,1.0235528,-0.0,0.99261004,3.2498116,0.6945912,0.0,0.66304404,1.3681941,0.40602043,0.87066233,0.0,0.0,0.0,0.29675645,0.1383698,0.6363588,0.0,1.3681941,0.0,0.92221266,0.9656907,0.66304404,-0.043478023,13.9,18.467464,17.777779,17.777779,2.0
resstock-amy2018-2021-release-1-457349,0.0,0.54721034,0.0,0.0,0.08299463,0.0,0.0,0.0,0.0,0.0,0.0,0.0,0.0,0.0,0.0,0.0,0.0,0.0,3.299999952316284,0.0,-0.0,0.0,0.0,-0.0,0.0,-0.0,0.0,0.0,0.35673293,0.87523645,3.2498116,0.1904774,0.0,0.59019166,0.64375997,0.20655683,0.4077878,0.0,0.0,0.0,0.32086,0.1383698,0.633447,0.0,0.64375997,0.0,0.7991953,0.8286216,0.59019166,-0.029426312,13.9,18.718988,19.444445,19.444445,2.0
resstock-amy2018-2021-release-1-457349,0.0,0.553252,0.0,0.0,0.32489237,0.0,0.0,0.0,0.0,0.0,0.0,0.0,0.0,0.0,0.0,0.0,0.0,0.0,3.299999952316284,0.0,-0.0,0.0,0.0,-0.0,0.0,-0.0,0.20390154,0.20390154,-0.0,0.932862,3.2498116,0.553252,0.0,0.7492653,1.0592543,0.35964003,0.66942424,0.0,0.0,0.0,0.3395219,0.1383698,0.6319769,0.0,1.0592543,0.0,0.97176075,0.9866642,0.7492653,-0.014903452,14.4,18.927559,19.444445,19.444445,2.0
resstock-amy2018-2021-release-1-457349,0.0,0.84593606,0.0,0.0,0.16155915,0.0,0.0,0.0,0.0,0.0,0.0,0.0,0.0,0.0,0.0,0.0,0.0,0.0,3.299999952316284,0.0,-0.0,0.0,0.0,-0.0,0.0,-0.0,0.0,0.0,0.47514862,0.77764434,3.2498116,0.37078744,0.0,0.66810393,0.82266325,0.2996997,0.51939595,0.0,0.0,0.0,0.3643042,0.1383698,0.63135916,0.0,0.82266325,0.0,1.0296946,1.0366944,0.66810393,-0.006999866,13.9,19.206982,18.962963,18.962963,2.0
resstock-amy2018-2021-release-1-457349,0.0,0.3106817,0.0,0.0,0.03532113,0.0,0.0,0.0,0.0,0.0,0.0,0.0,0.0,0.0,0.0,0.0,0.0,0.0,3.299999952316284,0.0,-0.0,0.0,0.0,-0.0,0.0,-0.0,0.0,0.0,0.23224036,0.70085436,3.2498116,0.07844134,0.0,0.34423387,0.37950143,0.15124552,0.24292131,0.0,0.0,0.0,0.3985374,0.1383698,0.64010644,0.0,0.37950143,0.0,0.48407632,0.48412988,0.34423387,-5.3553154e-05,12.8,18.715498,20.0,20.0,2.0
resstock-amy2018-2021-release-1-457349,0.0,0.1562427,0.0,0.0,0.26541135,0.0,0.0,0.0,0.0,0.0,0.0,0.0,0.0,0.0,0.0,0.0,0.0,0.0,3.299999952316284,0.0,-0.0,0.0,0.0,-0.0,0.0,-0.0,0.42296273,0.42296273,-0.0,0.8235901,3.2498116,0.1562427,0.0,0.327868,0.59327936,0.2101049,0.37567925,0.0,0.0,0.0,0.3541416,0.1383698,0.6332249,0.0,0.59327936,0.0,0.39946365,0.39946365,0.327868,-0.0,12.2,18.506248,20.0,20.0,2.0
resstock-amy2018-2021-release-1-457349,0.0,0.15703937,1.8441981,0.0,0.6403992,1.9507298,0.0,0.0,0.0,0.0,0.0,0.0,0.0,0.0,0.0,0.0,0.0,0.0,3.299999952316284,0.0,-0.0,0.0,0.0,-0.0,0.0,-0.0,0.606142,0.606142,-0.0,1.0,3.2498116,0.15703937,0.0,0.6379254,3.2290545,1.132315,1.9866679,0.0,0.0,0.0,0.3506646,0.1383698,0.61524755,0.0,3.2290545,0.0,2.9513,2.9513,0.6379254,-0.0,12.2,18.453728,20.0,20.0,2.0
resstock-amy2018-2021-release-1-457349,0.0,0.17554323,0.368839,0.0,0.39554995,0.3901453,0.0,0.0,0.0,0.0,0.0,0.0,0.0,0.0,0.0,0.0,0.0,0.0,3.299999952316284,0.0,-0.0,0.0,0.0,-0.0,0.0,-0.0,0.009734306,0.009734306,-0.0,1.0,3.2498116,0.17554323,0.0,0.25085467,1.0365499,0.35282087,0.60945505,0.0,0.0,0.0,0.34038,0.1383698,0.58796495,0.0,1.0365499,0.0,1.0319475,1.0319475,0.25085467,-0.0,11.1,18.308987,19.925926,19.925926,2.0
resstock-amy2018-2021-release-1-457349,0.0,0.42390066,0.0,0.0,0.6650037,0.0,0.0,0.0,0.0,0.0,0.0,0.0,0.0,0.0,0.0,0.0,0.0,0.0,3.299999952316284,0.0,-0.0,0.0,0.0,-0.0,0.0,-0.0,0.009734306,0.009734306,-0.0,1.0,3.2498116,0.42390066,0.0,0.24489833,0.90990204,0.30804732,0.49678266,0.0,0.0,0.0,0.33855,0.1383698,0.5459738,0.0,0.90990204,0.0,0.90529966,0.90529966,0.24489833,-0.0,11.1,18.378815,20.0,20.0,2.0
resstock-amy2018-2021-release-1-457349,0.8600074,0.25416318,0.0,0.0,0.15216187,0.0,0.0,0.0,0.0,0.0,0.0,0.0,0.0,0.0,0.0,0.0,0.0,0.0,3.299999952316284,0.0,-0.0,0.0,0.0,-0.0,0.0,-0.0,0.009734306,0.009734306,-0.0,1.0,3.2498116,0.25416318,0.0,0.24269928,0.39486116,0.12862208,0.19660433,0.0,0.0,0.0,0.32574,0.1383698,0.4979075,0.0,0.39486116,0.0,0.3901943,0.3901943,0.24269928,-0.0,10.6,18.06499,17.777779,17.777779,2.0
resstock-amy2018-2021-release-1-457349,0.0,0.5771829,0.36883962,0.0,0.60197115,0.39014596,0.0,0.0,0.0,0.0,0.0,0.0,0.0,0.0,0.0,0.0,0.0,0.0,3.299999952316284,0.0,-0.0,0.0,0.0,-0.0,0.0,-0.0,0.009734306,0.009734306,-0.0,1.0,3.2498116,0.5771829,0.0,0.23940073,1.2315178,0.38919508,0.57296634,0.0,0.0,0.0,0.3160288,0.1383698,0.46525216,0.0,1.2315178,0.0,1.2269154,1.2269154,0.23940073,-0.0,11.1,18.123774,17.777779,17.777779,2.0
resstock-amy2018-2021-release-1-457349,0.0,0.9273428,0.0,0.0,0.50988436,0.0,0.0,0.0,0.0,0.0,0.0,0.0,0.0,0.0,0.0,0.0,0.0,0.0,3.299999952316284,0.0,-0.0,0.0,0.0,-0.0,0.0,-0.0,0.009734306,0.009734306,-0.0,1.0,3.2498116,0.9273428,0.0,0.2383012,0.7481856,0.21288005,0.337813,0.0,0.0,0.0,0.2845284,0.1383698,0.45150962,0.0,0.7481856,0.0,0.7432983,0.7432983,0.2383012,-0.0,8.89,18.171663,17.777779,17.777779,2.0
resstock-amy2018-2021-release-1-457349,0.0,0.4083658,0.0,0.0,0.05026141,0.0,0.0,0.0,0.0,0.0,0.0,0.0,0.0,0.0,0.0,0.0,0.0,0.0,3.299999952316284,0.0,-0.0,0.0,0.0,-0.0,0.0,-0.0,0.0,0.0,0.30594763,0.8989091,3.2498116,0.102418154,0.0,0.25220335,0.30246475,0.082133085,0.1343757,0.0,0.0,0.0,0.27154598,0.1383698,0.44426897,0.0,0.30246475,0.0,0.45260766,0.45260766,0.25220335,-0.0,9.745,17.664925,17.777779,17.777779,2.0
resstock-amy2018-2021-release-1-457349,0.0,0.4113433,0.0,0.0,0.3863689,0.0,0.0,0.0,0.0,0.0,0.0,0.0,0.0,0.0,0.0,0.0,0.0,0.0,3.299999952316284,0.0,-0.0,0.0,0.0,-0.0,0.0,-0.0,0.3515031,0.3515031,-0.0,1.0,3.2498116,0.4113433,0.0,0.23610216,0.6224711,0.1545409,0.2769282,0.0,0.0,0.0,0.24827,0.1383698,0.44488522,0.0,0.6224711,0.0,0.4539522,0.4539522,0.23610216,-0.0,10.6,17.410944,17.777779,17.777779,2.0
resstock-amy2018-2021-release-1-457349,0.0,0.5310892,0.0,0.0,0.18547384,0.0,0.0,0.0,0.0,0.0,0.0,0.0,0.0,0.0,0.0,0.0,0.0,0.0,3.299999952316284,0.0,-0.0,0.0,0.0,-0.0,0.0,-0.0,0.0,0.0,0.14279062,0.95128816,3.2498116,0.38829857,0.0,0.23985946,0.42533332,0.10466348,0.1913048,0.0,0.0,0.0,0.246074,0.1383698,0.4497762,0.0,0.42533332,0.0,0.49353838,0.49353838,0.23985946,-0.0,10.733334,17.347145,17.777779,17.777779,2.0
resstock-amy2018-2021-release-1-457349,0.0,0.368137,0.0,0.0,0.68030894,0.0,0.0,0.0,0.0,0.0,0.0,0.0,0.0,0.0,0.0,0.0,0.0,0.0,3.299999952316284,0.0,-0.0,0.0,0.0,-0.0,0.0,-0.0,0.17441954,0.17441954,-0.0,1.0,3.2498116,0.368137,0.0,0.25818723,0.9384962,0.23586287,0.42585528,0.0,0.0,0.0,0.25132,0.1383698,0.45376348,0.0,0.9384962,0.0,0.8548753,0.8548753,0.25818723,-0.0,10.6,17.13692,17.777779,17.777779,2.0
resstock-amy2018-2021-release-1-457349,0.0,0.35527262,0.0,0.0,0.72531855,0.0,0.0,0.0,0.0,0.0,0.0,0.0,0.0,0.0,0.0,0.0,0.0,0.0,3.299999952316284,0.0,-0.0,0.0,0.0,-0.0,0.0,-0.0,0.009734306,0.009734306,-0.0,1.0,3.2498116,0.35527262,0.0,0.292185,1.0175035,0.27806336,0.4686913,0.0,0.0,0.0,0.27328,0.1383698,0.4606287,0.0,1.0175035,0.0,1.0127593,1.0127593,0.292185,-0.0,10.0,16.998959,17.851852,17.851852,2.0
resstock-amy2018-2021-release-1-457349,0.0,0.30391195,0.0,0.0,0.6719086,0.0,0.0,0.0,0.0,0.0,0.0,0.0,0.0,0.0,0.0,0.0,0.0,0.0,3.299999952316284,0.0,-0.0,0.0,0.0,-0.0,0.0,-0.0,0.009734306,0.009734306,-0.0,1.0,3.2498116,0.30391195,0.0,0.34780914,1.0197177,0.31424844,0.47628042,0.0,0.0,0.0,0.308172,0.1383698,0.46707085,0.0,1.0197177,0.0,1.0147582,1.0147582,0.34780914,-0.0,8.33,16.796045,19.925926,19.925926,2.0
resstock-amy2018-2021-release-1-457349,0.381143,0.46457693,0.0,0.0,0.49907595,0.0,0.0,0.0,0.0,0.0,0.0,0.0,0.0,0.0,0.0,0.0,0.0,0.0,3.299999952316284,0.0,-0.0,0.0,0.0,-0.0,0.0,-0.0,0.009734306,0.009734306,-0.0,1.0,3.2498116,0.46457693,0.0,0.43743104,0.936507,0.30220145,0.45325837,0.0,0.0,0.0,0.32269,0.1383698,0.48398823,0.0,0.936507,0.0,0.93161905,0.93161905,0.43743104,-0.0,8.885,16.992983,17.777779,17.777779,2.0
resstock-amy2018-2021-release-1-457349,0.0,0.36048102,0.0,0.0,4.4237357e-08,0.0,0.0,0.0,0.0,0.0,0.0,0.0,0.0,0.0,0.0,0.0,0.0,0.0,3.299999952316284,0.0,-0.0,0.0,0.0,-0.0,0.0,-0.0,0.0,0.0,0.36048093,0.88140196,3.2498116,8.940697e-08,0.0,0.8416704,0.83774996,0.30253848,0.4136773,0.0,0.0,0.0,0.3611322,0.1383698,0.49379566,0.0,0.83774996,0.0,1.016111,1.0200315,0.8416704,-0.0039204704,9.44,17.212055,19.722221,19.722221,2.0
resstock-amy2018-2021-release-1-457349,0.0,0.32729784,0.0,0.0,0.0,0.0,0.0,0.0,0.0,0.0,0.0,0.0,0.0,0.0,0.0,0.0,0.0,0.0,3.299999952316284,0.0,-0.0,0.0,0.0,-0.0,0.0,-0.0,0.0,0.0,0.32729784,0.77379733,3.2498116,0.0,0.0,0.81250614,0.7966884,0.27259585,0.39649892,0.0,0.0,0.0,0.3421612,0.1383698,0.49768382,0.0,0.7966884,0.0,0.9489646,0.96478236,0.81250614,-0.015817763,11.67,17.335459,20.0,20.0,2.0
resstock-amy2018-2021-release-1-457349,0.86711633,0.21023053,0.0,0.0,0.012956415,0.0,0.0,0.0,0.0,0.0,0.0,0.0,0.0,0.0,0.0,0.0,0.0,0.0,3.299999952316284,0.0,-0.0,0.0,0.0,-0.0,0.0,-0.0,0.0,0.0,0.18320554,0.7127603,3.2498116,0.027024984,0.0,0.84054756,0.8164933,0.261472,0.4040012,0.0,0.0,0.0,0.3202378,0.1383698,0.49480042,0.0,0.8164933,0.0,0.9043263,0.94133705,0.84054756,-0.03701071,10.6,17.393827,17.777779,17.777779,2.0
resstock-amy2018-2021-release-1-457349,0.0,0.29178238,0.0,0.0,0.0,0.0,0.0,0.0,0.0,0.0,0.0,0.0,0.0,0.0,0.0,0.0,0.0,0.0,3.299999952316284,0.0,-0.0,0.0,0.0,-0.0,0.0,-0.0,0.0,0.0,0.2917824,0.61704165,3.2498116,0.0,0.0,0.8114066,0.769516,0.2380821,0.3686347,0.0,0.0,0.0,0.309392,0.1383698,0.47904748,0.0,0.769516,0.0,0.91172194,0.95361257,0.8114066,-0.041890625,10.0,17.440292,17.777779,17.777779,2.0
resstock-amy2018-2021-release-1-457349,0.10438069,0.49077767,0.73818,0.0,0.3453032,0.78082156,0.0,0.0,0.0,0.0,0.0,0.0,0.0,0.0,0.0,0.0,0.0,0.0,3.299999952316284,0.0,-0.0,0.0,0.0,-0.0,0.0,-0.0,0.24783216,0.24783216,-0.0,0.6883653,3.2498116,0.49077767,0.0,0.80874884,1.8878546,0.5691625,0.90095496,0.0,0.0,0.0,0.3014864,0.1383698,0.4772375,0.0,1.8878546,0.0,1.771992,1.819011,0.80874884,-0.047019053,11.5,17.895662,17.777779,17.777779,2.0
resstock-amy2018-2021-release-1-457349,0.050518587,0.3800575,0.0,0.0,0.46420532,0.0,0.0,0.0,0.0,0.0,0.0,0.0,0.0,0.0,0.0,0.0,0.0,0.0,3.299999952316284,0.0,-0.0,0.0,0.0,-0.0,0.0,-0.0,0.6508518,0.6508518,-0.0,0.87835,3.2498116,0.3800575,0.0,0.66304404,1.0819249,0.32689843,0.5084138,0.0,0.0,0.0,0.3021452,0.1383698,0.46991596,0.0,1.0819249,0.0,0.78885466,0.83417904,0.66304404,-0.045324396,12.8,18.189735,17.777779,17.777779,2.0
resstock-amy2018-2021-release-1-457349,0.0,0.5220319,0.0,0.0,0.77920336,0.0,0.0,0.0,0.0,0.0,0.0,0.0,0.0,0.0,0.0,0.0,0.0,0.0,3.299999952316284,0.0,-0.0,0.0,0.0,-0.0,0.0,-0.0,0.42100936,0.42100936,-0.0,1.0,3.2498116,0.5220319,0.0,0.59019166,1.3391421,0.41170585,0.6237295,0.0,0.0,0.0,0.30744,0.1383698,0.465768,0.0,1.3391421,0.0,1.1523548,1.1826078,0.59019166,-0.030252915,13.3,18.576065,17.777779,17.777779,2.0
resstock-amy2018-2021-release-1-457349,0.0,0.3277135,0.0,0.0,0.51024437,0.0,0.0,0.0,0.0,0.0,0.0,0.0,0.0,0.0,0.0,0.0,0.0,0.0,3.299999952316284,0.0,-0.0,0.0,0.0,-0.0,0.0,-0.0,0.009734306,0.009734306,-0.0,1.0,3.2498116,0.3277135,0.0,0.5210966,1.0206767,0.3240077,0.471071,0.0,0.0,0.0,0.317444,0.1383698,0.46152812,0.0,1.0206767,0.0,1.0163579,1.0270221,0.5210966,-0.010664283,13.3,18.633358,17.777779,17.777779,2.0
resstock-amy2018-2021-release-1-457349,0.0,0.5119106,0.0,0.0,0.1490988,0.0,0.0,0.0,0.0,0.0,0.0,0.0,0.0,0.0,0.0,0.0,0.0,0.0,3.299999952316284,0.0,-0.0,0.0,0.0,-0.0,0.0,-0.0,0.0,0.0,0.16972043,0.94264275,3.2498116,0.3421902,0.0,0.40783134,0.55074114,0.18180384,0.25886822,0.0,0.0,0.0,0.3301076,0.1383698,0.47003612,0.0,0.55074114,0.0,0.62469155,0.63088053,0.40783134,-0.0061889943,13.9,18.745377,18.953703,18.953703,2.0
resstock-amy2018-2021-release-1-457349,0.0,0.33690757,0.0,0.0,0.0,0.0,0.0,0.0,0.0,0.0,0.0,0.0,0.0,0.0,0.0,0.0,0.0,0.0,3.299999952316284,0.0,-0.0,0.0,0.0,-0.0,0.0,-0.0,0.0,0.0,0.33690766,0.8317772,3.2498116,0.0,0.0,0.6689744,0.6688596,0.24756889,0.33241063,0.0,0.0,0.0,0.3701358,0.1383698,0.49698117,0.0,0.6688596,0.0,0.82324195,0.82335675,0.6689744,-0.00011478774,12.2,18.45543,20.0,20.0,2.0
resstock-amy2018-2021-release-1-457349,0.0,0.4482288,0.0,0.0,0.05783341,0.0,0.0,0.0,0.0,0.0,0.0,0.0,0.0,0.0,0.0,0.0,0.0,0.0,3.299999952316284,0.0,-0.0,0.0,0.0,-0.0,0.0,-0.0,0.0,0.0,0.3238172,0.72543246,3.2498116,0.12441161,0.0,0.7007014,0.75853485,0.2523137,0.39474022,0.0,0.0,0.0,0.332633,0.1383698,0.52039826,0.0,0.75853485,0.0,0.90906304,0.90906304,0.7007014,-0.0,11.7,18.640331,18.87963,18.87963,2.0
resstock-amy2018-2021-release-1-457349,0.0,0.28818873,0.0,0.0,2.8575874e-08,0.0,0.0,0.0,0.0,0.0,0.0,0.0,0.0,0.0,0.0,0.0,0.0,0.0,3.299999952316284,0.0,-0.0,0.0,0.0,-0.0,0.0,-0.0,0.0,0.0,0.28818867,0.63083106,3.2498116,5.9604645e-08,0.0,0.6379254,0.6379254,0.20880957,0.33101457,0.0,0.0,0.0,0.327326,0.1383698,0.5188923,0.0,0.6379254,0.0,0.77608985,0.77608985,0.6379254,-0.0,10.6,18.56387,20.0,20.0,2.0
resstock-amy2018-2021-release-1-457349,0.0,0.25426772,0.0,0.0,0.48751748,0.0,0.0,0.0,0.0,0.0,0.0,0.0,0.0,0.0,0.0,0.0,0.0,0.0,3.299999952316284,0.0,-0.0,0.0,0.0,-0.0,0.0,-0.0,0.74152505,0.74152505,-0.0,0.8477241,3.2498116,0.25426772,0.0,0.57213575,1.0596533,0.33353648,0.5427091,0.0,0.0,0.0,0.31476,0.1383698,0.51215726,0.0,1.0596533,0.0,0.6966195,0.6966195,0.57213575,-0.0,9.833333,18.467293,19.935184,19.935184,2.0
resstock-amy2018-2021-release-1-457349,0.0,0.28672323,0.0,0.0,2.978628e-08,0.0,0.0,0.0,0.0,0.0,0.0,0.0,0.0,0.0,0.0,0.0,0.0,0.0,3.299999952316284,0.0,-0.0,0.0,0.0,-0.0,0.0,-0.0,0.0,0.0,0.28672317,0.7532421,3.2498116,5.9604645e-08,0.0,0.24489833,0.24489836,0.07585325,0.121285304,0.0,0.0,0.0,0.3097336,0.1383698,0.4952475,0.0,0.24489836,0.0,0.38818276,0.38818276,0.24489833,-0.0,9.066667,18.299065,20.0,20.0,2.0
resstock-amy2018-2021-release-1-457349,0.0,0.25569183,0.3690916,0.0,0.019039866,0.3904125,0.0,0.0,0.0,0.0,0.0,0.0,0.0,0.0,0.0,0.0,0.0,0.0,3.299999952316284,0.0,-0.0,0.0,0.0,-0.0,0.0,-0.0,0.0,0.0,0.21835029,0.68098134,3.2498116,0.037341535,0.0,0.24269928,0.65215164,0.19890626,0.312802,0.0,0.0,0.0,0.305,0.1383698,0.4796461,0.0,0.65215164,0.0,0.7634851,0.7634851,0.24269928,-0.0,8.3,17.980331,19.444445,19.444445,2.0
resstock-amy2018-2021-release-1-457349,0.5249531,0.28697658,0.0,0.0,0.60016173,0.0,0.0,0.0,0.0,0.0,0.0,0.0,0.0,0.0,0.0,0.0,0.0,0.0,3.299999952316284,0.0,-0.0,0.0,0.0,-0.0,0.0,-0.0,0.944453,0.944453,-0.0,0.9575816,3.2498116,0.28697658,0.0,0.23940073,0.8395625,0.25094524,0.3943187,0.0,0.0,0.0,0.2989,0.1383698,0.46967167,0.0,0.8395625,0.0,0.3792645,0.3792645,0.23940073,-0.0,10.0,17.770735,17.777779,17.777779,2.0
resstock-amy2018-2021-release-1-457349,0.0,0.6995498,0.0,0.0,2.9049511e-08,0.0,0.0,0.0,0.0,0.0,0.0,0.0,0.0,0.0,0.0,0.0,0.0,0.0,3.299999952316284,0.0,-0.0,0.0,0.0,-0.0,0.0,-0.0,0.0,0.0,0.69954973,0.7302523,3.2498116,5.9604645e-08,0.0,0.2383012,0.23830123,0.07118172,0.116934106,0.0,0.0,0.0,0.2987048,0.1383698,0.4906987,0.0,0.23830123,0.0,0.57924074,0.57924074,0.2383012,-0.0,10.0,17.898827,17.777779,17.777779,2.0
resstock-amy2018-2021-release-1-457349,0.0,0.20451072,0.0,0.0,0.06982111,0.0,0.0,0.0,0.0,0.0,0.0,0.0,0.0,0.0,0.0,0.0,0.0,0.0,3.299999952316284,0.0,-0.0,0.0,0.0,-0.0,0.0,-0.0,0.0,0.0,0.06757555,0.7064616,3.2498116,0.13693517,0.0,0.25220335,0.32202446,0.09509808,0.13442402,0.0,0.0,0.0,0.2953132,0.1383698,0.4174342,0.0,0.32202446,0.0,0.35648018,0.35648018,0.25220335,-0.0,8.3,17.24555,17.777779,17.777779,2.0
resstock-amy2018-2021-release-1-457349,0.0,0.1880987,0.0,0.0,0.75435346,0.0,0.0,0.0,0.0,0.0,0.0,0.0,0.0,0.0,0.0,0.0,0.0,0.0,3.299999952316284,0.0,-0.0,0.0,0.0,-0.0,0.0,-0.0,1.0021305,1.0021305,-0.0,1.0,3.2498116,0.1880987,0.0,0.23610216,0.9904556,0.29232547,0.4150398,0.0,0.0,0.0,0.2951424,0.1383698,0.41903928,0.0,0.9904556,0.0,0.50204736,0.50204736,0.23610216,-0.0,10.0,16.891714,17.777779,17.777779,2.0
resstock-amy2018-2021-release-1-457349,0.0,0.2992726,0.0,0.0,0.23525211,0.0,0.0,0.0,0.0,0.0,0.0,0.0,0.0,0.0,0.0,0.0,0.0,0.0,3.299999952316284,0.0,-0.0,0.0,0.0,-0.0,0.0,-0.0,0.009734306,0.009734306,-0.0,1.0,3.2498116,0.2992726,0.0,0.23985946,0.47511157,0.13287579,0.20350516,0.0,0.0,0.0,0.2796728,0.1383698,0.4283313,0.0,0.47511157,0.0,0.47008374,0.47008374,0.23985946,-0.0,7.8,16.600895,17.777779,17.777779,2.0
resstock-amy2018-2021-release-1-457349,0.0,0.2873303,0.0,0.0,0.67499,0.0,0.0,0.0,0.0,0.0,0.0,0.0,0.0,0.0,0.0,0.0,0.0,0.0,3.299999952316284,0.0,-0.0,0.0,0.0,-0.0,0.0,-0.0,0.009734306,0.009734306,-0.0,1.0,3.2498116,0.2873303,0.0,0.25818723,0.93317723,0.2686804,0.42665756,0.0,0.0,0.0,0.28792,0.1383698,0.45720956,0.0,0.93317723,0.0,0.92788297,0.92788297,0.25818723,-0.0,5.733333,16.272335,17.777779,17.777779,2.0
resstock-amy2018-2021-release-1-457349,0.0,0.29996055,0.0,0.0,0.7568647,0.0,0.0,0.0,0.0,0.0,0.0,0.0,0.0,0.0,0.0,0.0,0.0,0.0,3.299999952316284,0.0,-0.0,0.0,0.0,-0.0,0.0,-0.0,0.009734306,0.009734306,-0.0,1.0,3.2498116,0.29996055,0.0,0.292185,1.0490497,0.3141881,0.51132053,0.0,0.0,0.0,0.2994978,0.1383698,0.48741305,0.0,1.0490497,0.0,1.0436803,1.0436803,0.292185,-0.0,5.15,16.046421,17.777779,17.777779,2.0
resstock-amy2018-2021-release-1-457349,0.0,0.31020206,0.0,0.0,0.79284346,0.0,0.0,0.0,0.0,0.0,0.0,0.0,0.0,0.0,0.0,0.0,0.0,0.0,3.299999952316284,0.0,-0.0,0.0,0.0,-0.0,0.0,-0.0,0.009734306,0.009734306,-0.0,1.0,3.2498116,0.31020206,0.0,0.34780914,1.1406527,0.35834995,0.5833338,0.0,0.0,0.0,0.3141622,0.1383698,0.5114035,0.0,1.1406527,0.0,1.1359085,1.1359085,0.34780914,-0.0,10.0,16.184925,17.777779,17.777779,2.0
resstock-amy2018-2021-release-1-457349,0.0,0.37947857,0.0,0.0,0.816156,0.0,0.0,0.0,0.0,0.0,0.0,0.0,0.0,0.0,0.0,0.0,0.0,0.0,3.299999952316284,0.0,-0.0,0.0,0.0,-0.0,0.0,-0.0,0.009734306,0.009734306,-0.0,1.0,3.2498116,0.37947857,0.0,0.43743104,1.253587,0.46135163,0.669194,0.0,0.0,0.0,0.3680252,0.1383698,0.5338233,0.0,1.253587,0.0,1.2488428,1.2488428,0.43743104,-0.0,10.0,16.276825,17.842592,17.842592,2.0
resstock-amy2018-2021-release-1-457349,0.0,0.3957774,0.0,0.0,0.08669887,0.0,0.0,0.0,0.0,0.0,0.0,0.0,0.0,0.0,0.0,0.0,0.0,0.0,3.299999952316284,0.0,-0.0,0.0,0.0,-0.0,0.0,-0.0,0.0,0.0,0.21240482,0.9289396,3.2498116,0.18337259,0.0,0.63280356,0.71165,0.31906828,0.38038355,0.0,0.0,0.0,0.44835,0.1383698,0.5345093,0.0,0.71165,0.0,0.8120754,0.8199278,0.63280356,-0.007852419,11.1,16.65792,20.0,20.0,2.0
resstock-amy2018-2021-release-1-457349,0.0,0.62077796,0.0,0.0,0.0,0.0,0.0,0.0,0.0,0.0,0.0,0.0,0.0,0.0,0.0,0.0,0.0,0.0,3.299999952316284,0.0,-0.0,0.0,0.0,-0.0,0.0,-0.0,0.0,0.0,0.62077796,0.7269811,3.2498116,0.0,0.0,1.0220344,0.9973711,0.3979642,0.55882543,0.0,0.0,0.0,0.3990132,0.1383698,0.56029844,0.0,0.9973711,0.0,1.2768995,1.3015628,1.0220344,-0.0246633,12.8,17.482784,20.0,20.0,2.0
resstock-amy2018-2021-release-1-457349,0.0,0.34293997,0.0,0.0,0.07469214,0.0,0.0,0.0,0.0,0.0,0.0,0.0,0.0,0.0,0.0,0.0,0.0,0.0,3.299999952316284,0.0,-0.0,0.0,0.0,-0.0,0.0,-0.0,0.0,0.0,0.17706332,0.6680504,3.2498116,0.16587666,0.0,1.047628,1.0811112,0.3676457,0.61362743,0.0,0.0,0.0,0.3400628,0.1383698,0.5675896,0.0,1.0811112,0.0,1.1608405,1.2020495,1.047628,-0.041209016,12.8,17.830528,19.222221,19.222221,2.0
resstock-amy2018-2021-release-1-457349,0.36139044,0.37592578,0.0,0.0,0.3132149,0.0,0.0,0.0,0.0,0.0,0.0,0.0,0.0,0.0,0.0,0.0,0.0,0.0,3.299999952316284,0.0,-0.0,0.0,0.0,-0.0,0.0,-0.0,0.3300453,0.3300453,-0.0,0.76347536,3.2498116,0.37592578,0.0,1.0217382,1.2842455,0.4239905,0.71687394,0.0,0.0,0.0,0.33014753,0.1383698,0.5582063,0.0,1.2842455,0.0,1.1378158,1.1885234,1.0217382,-0.05070756,13.3,18.31492,18.74074,18.74074,2.0
resstock-amy2018-2021-release-1-457349,0.0,0.8777351,0.0,0.0,0.4664753,0.0,0.0,0.0,0.0,0.0,0.0,0.0,0.0,0.0,0.0,0.0,0.0,0.0,3.299999952316284,0.0,-0.0,0.0,0.0,-0.0,0.0,-0.0,0.19285238,0.19285238,-0.0,0.8181629,3.2498116,0.8777351,0.0,1.0229869,1.4380304,0.45175725,0.79951906,0.0,0.0,0.0,0.31415,0.1383698,0.55598205,0.0,1.4380304,0.0,1.3540009,1.4054327,1.0229869,-0.051431756,13.9,19.235386,20.0,20.0,2.0
resstock-amy2018-2021-release-1-457349,0.0,0.8960948,0.0,0.0,0.19180024,0.0,0.0,0.0,0.0,0.0,0.0,0.0,0.0,0.0,0.0,0.0,0.0,0.0,3.299999952316284,0.0,-0.0,0.0,0.0,-0.0,0.0,-0.0,0.0,0.0,0.42435738,0.6795804,3.2498116,0.4717374,0.0,0.87722313,1.0269457,0.322615,0.5663344,0.0,0.0,0.0,0.31415,0.1383698,0.5514746,0.0,1.0269457,0.0,1.1994821,1.2415597,0.87722313,-0.04207768,16.1,19.882591,20.0,20.0,2.0
resstock-amy2018-2021-release-1-457349,0.0,0.5419558,0.0,0.0,0.33011562,0.0,0.0,0.0,0.0,0.0,0.0,0.0,0.0,0.0,0.0,0.0,0.0,0.0,3.299999952316284,0.0,-0.0,0.0,0.0,-0.0,0.0,-0.0,0.19073558,0.19073558,-0.0,0.7338845,3.2498116,0.5419558,0.0,0.799016,1.1017447,0.3504546,0.5908636,0.0,0.0,0.0,0.3180906,0.1383698,0.5362981,0.0,1.1017447,0.0,1.0158083,1.0431952,0.799016,-0.02738694,12.78,19.708092,20.0,20.0,2.0
resstock-amy2018-2021-release-1-457349,0.0,0.7150855,0.0,0.0,0.0684204,0.0,0.0,0.0,0.0,0.0,0.0,0.0,0.0,0.0,0.0,0.0,0.0,0.0,3.299999952316284,0.0,-0.0,0.0,0.0,-0.0,0.0,-0.0,0.0,0.0,0.55262494,0.5543655,3.2498116,0.16246057,0.0,0.7492653,0.8073871,0.2642985,0.43309754,0.0,0.0,0.0,0.3273504,0.1383698,0.5364187,0.0,0.8073871,0.0,1.0401256,1.0504242,0.7492653,-0.010298598,15.0,20.117367,20.0,20.0,2.0
resstock-amy2018-2021-release-1-457349,0.0,0.48698997,0.0,0.0,0.042273074,0.0,0.0,0.0,0.0,0.0,0.0,0.0,0.0,0.0,0.0,0.0,0.0,0.0,3.299999952316284,0.0,-0.0,0.0,0.0,-0.0,0.0,-0.0,0.0,0.0,0.38997087,0.4275796,3.2498116,0.097019106,0.0,0.66810393,0.7055251,0.24315922,0.3822864,0.0,0.0,0.0,0.34465,0.1383698,0.54184663,0.0,0.7055251,0.0,0.87544286,0.88029474,0.66810393,-0.0048518805,13.9,19.929152,20.0,20.0,2.0
resstock-amy2018-2021-release-1-457349,0.0,0.35041684,0.0,0.0,0.0,0.0,0.0,0.0,0.0,0.0,0.0,0.0,0.0,0.0,0.0,0.0,0.0,0.0,3.299999952316284,0.0,-0.0,0.0,0.0,-0.0,0.0,-0.0,0.0,0.0,0.3504169,0.3138559,3.2498116,0.0,0.0,0.6689744,0.6687401,0.24569711,0.38246876,0.0,0.0,0.0,0.367403,0.1383698,0.5719244,0.0,0.6687401,0.0,0.82931286,0.82954717,0.6689744,-0.0002343316,12.2,19.580347,20.0,20.0,2.0
resstock-amy2018-2021-release-1-457349,0.0,0.64081085,1.1079946,0.0,0.3946067,1.1719989,0.0,0.0,0.0,0.0,0.0,0.0,0.0,0.0,0.0,0.0,0.0,0.0,3.299999952316284,0.0,-0.0,0.0,0.0,-0.0,0.0,-0.0,0.1938027,0.1938027,-0.0,0.37011465,3.2498116,0.64081085,0.0,0.7007014,2.2673068,0.77431834,1.372992,0.0,0.0,0.0,0.3415146,0.1383698,0.6055608,0.0,2.2673068,0.0,2.1756766,2.1756766,0.7007014,-0.0,11.1,19.79321,20.0,20.0,2.0
resstock-amy2018-2021-release-1-457349,0.0,0.16774185,0.0,0.0,0.20035382,0.0,0.0,0.0,0.0,0.0,0.0,0.0,0.0,0.0,0.0,0.0,0.0,0.0,3.299999952316284,0.0,-0.0,0.0,0.0,-0.0,0.0,-0.0,0.24335006,0.24335006,-0.0,0.44082528,3.2498116,0.16774185,0.0,0.6379254,0.8382792,0.27868593,0.5168906,0.0,0.0,0.0,0.33245,0.1383698,0.6166091,0.0,0.8382792,0.0,0.7196777,0.7196777,0.6379254,-0.0,10.0,19.494436,20.0,20.0,2.0
resstock-amy2018-2021-release-1-457349,0.0,0.19797096,0.36933252,0.0,0.84057623,0.39066735,0.0,0.0,0.0,0.0,0.0,0.0,0.0,0.0,0.0,0.0,0.0,0.0,3.299999952316284,0.0,-0.0,0.0,0.0,-0.0,0.0,-0.0,1.5267481,1.5267481,-0.0,0.8898561,3.2498116,0.19797096,0.0,0.57213575,1.8033793,0.57363796,1.1210372,0.0,0.0,0.0,0.3180906,0.1383698,0.62163144,0.0,1.8033793,0.0,1.0592883,1.0592883,0.57213575,-0.0,10.0,19.370287,20.333334,20.333334,2.0
resstock-amy2018-2021-release-1-457349,0.0,0.1232192,0.0,0.0,0.0,0.0,0.0,0.0,0.0,0.0,0.0,0.0,0.0,0.0,0.0,0.0,0.0,0.0,3.299999952316284,0.0,-0.0,0.0,0.0,-0.0,0.0,-0.0,0.0,0.0,0.12321924,0.8477436,3.2498116,0.0,0.0,0.51125795,0.51125795,0.15749301,0.31685722,0.0,0.0,0.0,0.30805,0.1383698,0.61976,0.0,0.51125795,0.0,0.5722904,0.5722904,0.51125795,-0.0,9.4,19.071842,19.935184,19.935184,2.0
resstock-amy2018-2021-release-1-457349,0.0,0.14196068,0.0,0.0,0.6272528,0.0,0.0,0.0,0.0,0.0,0.0,0.0,0.0,0.0,0.0,0.0,0.0,0.0,3.299999952316284,0.0,-0.0,0.0,0.0,-0.0,0.0,-0.0,0.5244837,0.5244837,-0.0,1.0,3.2498116,0.14196068,0.0,0.45509022,1.0823431,0.32681352,0.6619287,0.0,0.0,0.0,0.30195,0.1383698,0.6115701,0.0,1.0823431,0.0,0.8225578,0.8225578,0.45509022,-0.0,9.4,18.75962,20.555555,20.555555,2.0
resstock-amy2018-2021-release-1-457349,0.0,0.10908677,0.0,0.0,2.9878372e-08,0.0,0.0,0.0,0.0,0.0,0.0,0.0,0.0,0.0,0.0,0.0,0.0,0.0,3.299999952316284,0.0,-0.0,0.0,0.0,-0.0,0.0,-0.0,0.0,0.0,0.10908671,0.9621083,3.2498116,5.9604645e-08,0.0,0.35929742,0.35929745,0.107074015,0.21317708,0.0,0.0,0.0,0.2980094,0.1383698,0.59331644,0.0,0.35929745,0.0,0.41398,0.41398,0.35929742,-0.0,8.95,18.316357,20.0,20.0,2.0
resstock-amy2018-2021-release-1-457349,0.756301,0.13418472,0.0,0.0,2.2438384e-08,0.0,0.0,0.0,0.0,0.0,0.0,0.0,0.0,0.0,0.0,0.0,0.0,0.0,3.299999952316284,0.0,-0.0,0.0,0.0,-0.0,0.0,-0.0,0.0,0.0,0.13418467,0.9162681,3.2498116,4.4703484e-08,0.0,0.3249724,0.32497242,0.0913062,0.18577585,0.0,0.0,0.0,0.280966,0.1383698,0.5716665,0.0,0.32497242,0.0,0.39232484,0.39232484,0.3249724,-0.0,8.9,17.876928,17.777779,17.777779,2.0
resstock-amy2018-2021-release-1-457349,0.0,0.08641331,0.0,0.0,0.0,0.0,0.0,0.0,0.0,0.0,0.0,0.0,0.0,0.0,0.0,0.0,0.0,0.0,3.299999952316284,0.0,-0.0,0.0,0.0,-0.0,0.0,-0.0,0.0,0.0,0.08641336,0.8858958,3.2498116,0.0,0.0,0.31516072,0.31516072,0.08470448,0.1774643,0.0,0.0,0.0,0.268766,0.1383698,0.56309146,0.0,0.31516072,0.0,0.35853487,0.35853487,0.31516072,-0.0,8.9,17.46988,17.777779,17.777779,2.0
resstock-amy2018-2021-release-1-457349,0.0,0.14987674,0.0,0.0,0.22862507,0.0,0.0,0.0,0.0,0.0,0.0,0.0,0.0,0.0,0.0,0.0,0.0,0.0,3.299999952316284,0.0,-0.0,0.0,0.0,-0.0,0.0,-0.0,0.3056078,0.3056078,-0.0,0.9734878,3.2498116,0.14987674,0.0,0.28747028,0.51609534,0.13442735,0.2901697,0.0,0.0,0.0,0.26047,0.1383698,0.5622405,0.0,0.51609534,0.0,0.36269915,0.36269915,0.28747028,-0.0,8.9,17.200714,17.777779,17.777779,2.0
resstock-amy2018-2021-release-1-457349,0.0,0.20853923,0.0,0.0,0.448885,0.0,0.0,0.0,0.0,0.0,0.0,0.0,0.0,0.0,0.0,0.0,0.0,0.0,3.299999952316284,0.0,-0.0,0.0,0.0,-0.0,0.0,-0.0,0.09936708,0.09936708,-0.0,1.0,3.2498116,0.20853923,0.0,0.2843379,0.7332229,0.19051741,0.4150127,0.0,0.0,0.0,0.2598356,0.1383698,0.5660116,0.0,0.7332229,0.0,0.68255717,0.68255717,0.2843379,-0.0,8.3,16.999763,17.777779,17.777779,2.0
resstock-amy2018-2021-release-1-457349,0.0,0.26185745,0.0,0.0,0.693271,0.0,0.0,0.0,0.0,0.0,0.0,0.0,0.0,0.0,0.0,0.0,0.0,0.0,3.299999952316284,0.0,-0.0,0.0,0.0,-0.0,0.0,-0.0,0.009734306,0.009734306,-0.0,1.0,3.2498116,0.26185745,0.0,0.30993202,1.003203,0.26639575,0.5650706,0.0,0.0,0.0,0.2655452,0.1383698,0.56326646,0.0,1.003203,0.0,0.9981752,0.9981752,0.30993202,-0.0,7.8,16.864729,17.777779,17.777779,2.0
resstock-amy2018-2021-release-1-457349,0.0,0.23093696,0.7391312,0.0,0.32150945,0.78182775,0.0,0.0,0.0,0.0,0.0,0.0,0.0,0.0,0.0,0.0,0.0,0.0,3.299999952316284,0.0,-0.0,0.0,0.0,-0.0,0.0,-0.0,0.009734306,0.009734306,-0.0,1.0,3.2498116,0.23093696,0.0,0.3700914,1.4734286,0.39996222,0.8288734,0.0,0.0,0.0,0.27145,0.1383698,0.5625474,0.0,1.4734286,0.0,1.4683235,1.4683235,0.3700914,-0.0,7.2,16.67899,17.777779,17.777779,2.0
resstock-amy2018-2021-release-1-457349,0.029013138,0.31776792,0.0,0.0,0.7889109,0.0,0.0,0.0,0.0,0.0,0.0,0.0,0.0,0.0,0.0,0.0,0.0,0.0,3.299999952316284,0.0,-0.0,0.0,0.0,-0.0,0.0,-0.0,0.009734306,0.009734306,-0.0,1.0,3.2498116,0.31776792,0.0,0.7943748,1.5832858,0.46437806,0.87835824,0.0,0.0,0.0,0.2933002,0.1383698,0.5547692,0.0,1.5832858,0.0,1.578258,1.578258,0.7943748,-0.0,7.8,16.662035,17.777779,17.777779,2.0
resstock-amy2018-2021-release-1-457349,0.0,0.42173222,0.0,0.0,0.67354035,0.0,0.0,0.0,0.0,0.0,0.0,0.0,0.0,0.0,0.0,0.0,0.0,0.0,3.299999952316284,0.0,-0.0,0.0,0.0,-0.0,0.0,-0.0,0.009734306,0.009734306,-0.0,1.0,3.2498116,0.42173222,0.0,0.6363609,1.3099012,0.4015654,0.7110806,0.0,0.0,0.0,0.3065616,0.1383698,0.54285055,0.0,1.3099012,0.0,1.3048347,1.3048347,0.6363609,-0.0,7.5,16.675117,17.842592,17.842592,2.0
resstock-amy2018-2021-release-1-457349,0.0,0.39248097,0.3695653,0.0,0.47721303,0.39091358,0.0,0.0,0.0,0.0,0.0,0.0,0.0,0.0,0.0,0.0,0.0,0.0,3.299999952316284,0.0,-0.0,0.0,0.0,-0.0,0.0,-0.0,0.009734306,0.009734306,-0.0,1.0,3.2498116,0.39248097,0.0,0.8416704,1.7090676,0.5268953,0.9281441,0.0,0.0,0.0,0.308294,0.1383698,0.54307044,0.0,1.7090676,0.0,1.7043234,1.7050529,0.8416704,-0.0007293877,10.0,16.763952,20.0,20.0,2.0
resstock-amy2018-2021-release-1-457349,0.0,0.6766223,0.0,0.0,0.6958224,0.0,0.0,0.0,0.0,0.0,0.0,0.0,0.0,0.0,0.0,0.0,0.0,0.0,3.299999952316284,0.0,-0.0,0.0,0.0,-0.0,0.0,-0.0,0.009734306,0.009734306,-0.0,1.0,3.2498116,0.6766223,0.0,1.0220344,1.7066382,0.52541757,0.9486586,0.0,0.0,0.0,0.307867,0.1383698,0.5558639,0.0,1.7066382,0.0,1.7021132,1.7133318,1.0220344,-0.011218667,11.7,17.298183,20.0,20.0,2.0
resstock-amy2018-2021-release-1-457349,0.0,0.29972443,0.0,0.0,0.0,0.0,0.0,0.0,0.0,0.0,0.0,0.0,0.0,0.0,0.0,0.0,0.0,0.0,3.299999952316284,0.0,-0.0,0.0,0.0,-0.0,0.0,-0.0,0.0,0.0,0.2997245,0.9009069,3.2498116,0.0,0.0,1.047628,1.0060294,0.29506862,0.5434877,0.0,0.0,0.0,0.2933002,0.1383698,0.54023045,0.0,1.0060294,0.0,1.145358,1.1869566,1.047628,-0.041598644,11.7,17.67176,20.0,20.0,2.0
resstock-amy2018-2021-release-1-457349,0.0,0.16970748,0.6410817,0.0,4.2271765e-08,0.67811435,0.0,0.0,0.0,0.0,0.0,0.0,0.0,0.0,0.0,0.0,0.0,0.0,3.299999952316284,0.0,-0.0,0.0,0.0,-0.0,0.0,-0.0,0.0,0.0,0.16970739,0.8438384,3.2498116,8.940697e-08,0.0,1.0217382,1.6546094,0.45702887,0.8525733,0.0,0.0,0.0,0.27621555,0.1383698,0.5152716,0.0,1.6546094,0.0,1.7348474,1.7800905,1.0217382,-0.045243,11.1,17.652122,20.0,20.0,2.0
resstock-amy2018-2021-release-1-457349,1.3873162,0.13161796,2.7001166,0.0,2.8181177e-08,2.8560913,0.0,0.0,0.0,0.0,0.0,0.0,0.0,0.0,0.0,0.0,0.0,0.0,3.299999952316284,0.0,-0.0,0.0,0.0,-0.0,0.0,-0.0,0.0,0.0,0.1316179,0.79916173,3.2498116,5.9604645e-08,0.0,1.0229869,3.8351564,0.9283387,1.9125375,0.0,0.0,0.0,0.2420602,0.1383698,0.49868566,0.0,3.8351564,0.0,3.8973856,3.9413075,1.0229869,-0.043921836,11.1,17.610971,20.0,20.0,2.0
resstock-amy2018-2021-release-1-457349,0.0,0.22024724,0.0,0.0,0.42699635,0.0,0.0,0.0,0.0,0.0,0.0,0.0,0.0,0.0,0.0,0.0,0.0,0.0,3.299999952316284,0.0,-0.0,0.0,0.0,-0.0,0.0,-0.0,0.68872964,0.68872964,-0.0,1.0,3.2498116,0.22024724,0.0,0.87722313,1.2578822,0.29370958,0.6177177,0.0,0.0,0.0,0.2334953,0.1383698,0.4910775,0.0,1.2578822,0.0,0.93772256,0.9840598,0.87722313,-0.04633722,11.7,17.872547,20.0,20.0,2.0
resstock-amy2018-2021-release-1-457349,0.16115734,0.4109484,0.0,0.0,0.002978824,0.0,0.0,0.0,0.0,0.0,0.0,0.0,0.0,0.0,0.0,0.0,0.0,0.0,3.299999952316284,0.0,-0.0,0.0,0.0,-0.0,0.0,-0.0,0.0,0.0,0.40454033,0.86725736,3.2498116,0.0064080656,0.0,0.799016,0.77148664,0.19610408,0.3737071,0.0,0.0,0.0,0.25418985,0.1383698,0.48439866,0.0,0.77148664,0.0,0.9595394,0.9900476,0.799016,-0.030508162,11.7,18.094036,19.24074,19.24074,2.0
resstock-amy2018-2021-release-1-457349,0.0,0.30129403,0.0,0.0,0.029239979,0.0,0.0,0.0,0.0,0.0,0.0,0.0,0.0,0.0,0.0,0.0,0.0,0.0,3.299999952316284,0.0,-0.0,0.0,0.0,-0.0,0.0,-0.0,0.0,0.0,0.23748381,0.78852683,3.2498116,0.063810214,0.0,0.7492653,0.75843376,0.21975619,0.35857728,0.0,0.0,0.0,0.28975,0.1383698,0.47278655,0.0,0.75843376,0.0,0.8672568,0.8873283,0.7492653,-0.020071533,12.2,18.219803,20.0,20.0,2.0
resstock-amy2018-2021-release-1-457349,0.0,0.21925345,0.0,0.0,2.0484634e-08,0.0,0.0,0.0,0.0,0.0,0.0,0.0,0.0,0.0,0.0,0.0,0.0,0.0,3.299999952316284,0.0,-0.0,0.0,0.0,-0.0,0.0,-0.0,0.0,0.0,0.2192534,0.7158749,3.2498116,4.4703484e-08,0.0,0.66810393,0.6589413,0.199104,0.30869538,0.0,0.0,0.0,0.3021574,0.1383698,0.46847174,0.0,0.6589413,0.0,0.7594106,0.7685732,0.66810393,-0.009162613,12.2,18.248198,19.444445,19.444445,2.0
resstock-amy2018-2021-release-1-457349,0.5018754,0.44795716,0.0,0.0,0.0,0.0,0.0,0.0,0.0,0.0,0.0,0.0,0.0,0.0,0.0,0.0,0.0,0.0,3.299999952316284,0.0,-0.0,0.0,0.0,-0.0,0.0,-0.0,0.0,0.0,0.44795716,0.5700097,3.2498116,0.0,0.0,0.6689744,0.6689744,0.20828933,0.3246231,0.0,0.0,0.0,0.3113562,0.1383698,0.48525488,0.0,0.6689744,0.0,0.8807693,0.8807693,0.6689744,0.0,11.1,18.396051,17.777779,17.777779,2.0
resstock-amy2018-2021-release-1-457349,2.2084098,0.2137208,3.427583,0.0,0.020120282,3.6255803,0.0,0.0,0.0,0.0,0.0,0.0,0.0,0.0,0.0,0.0,0.0,0.0,3.299999952316284,0.0,-0.0,0.0,0.0,-0.0,0.0,-0.0,0.0,0.0,0.17116536,0.5134231,3.2498116,0.042555436,0.0,0.7007014,4.346402,1.3399698,2.2613595,0.0,0.0,0.0,0.308294,0.1383698,0.52028304,0.0,4.346402,0.0,4.4273295,4.4273295,0.7007014,-0.0,11.1,18.313057,17.777779,17.777779,2.0
resstock-amy2018-2021-release-1-457349,0.08317854,0.18330312,0.0,0.0,0.45998442,0.0,0.0,0.0,0.0,0.0,0.0,0.0,0.0,0.0,0.0,0.0,0.0,0.0,3.299999952316284,0.0,-0.0,0.0,0.0,-0.0,0.0,-0.0,0.7761499,0.7761499,-0.0,0.74086535,3.2498116,0.18330312,0.0,0.6379254,1.0979098,0.3449084,0.5858106,0.0,0.0,0.0,0.31415,0.1383698,0.533569,0.0,1.0979098,0.0,0.7258052,0.7258052,0.6379254,-0.0,10.6,18.303051,17.777779,17.777779,2.0
resstock-amy2018-2021-release-1-457349,0.0,0.13457055,0.0,0.0,0.29552382,0.0,0.0,0.0,0.0,0.0,0.0,0.0,0.0,0.0,0.0,0.0,0.0,0.0,3.299999952316284,0.0,-0.0,0.0,0.0,-0.0,0.0,-0.0,0.49047753,0.49047753,-0.0,0.88339895,3.2498116,0.13457055,0.0,0.57213575,0.86765957,0.26738837,0.46657816,0.0,0.0,0.0,0.308172,0.1383698,0.53774333,0.0,0.86765957,0.0,0.63576096,0.63576096,0.57213575,-0.0,11.1,18.294163,17.777779,17.777779,2.0
resstock-amy2018-2021-release-1-457349,0.0,0.09585811,0.0,0.0,0.0,0.0,0.0,0.0,0.0,0.0,0.0,0.0,0.0,0.0,0.0,0.0,0.0,0.0,3.299999952316284,0.0,-0.0,0.0,0.0,-0.0,0.0,-0.0,0.0,0.0,0.09585821,0.85008883,3.2498116,0.0,0.0,0.24489833,0.24489833,0.075049534,0.13148692,0.0,0.0,0.0,0.3064518,0.1383698,0.5369041,0.0,0.24489833,0.0,0.28945854,0.28945854,0.24489833,-0.0,11.7,18.165163,19.12037,19.12037,2.0
resstock-amy2018-2021-release-1-457349,0.0,0.086608306,0.0,0.0,0.28152546,0.0,0.0,0.0,0.0,0.0,0.0,0.0,0.0,0.0,0.0,0.0,0.0,0.0,3.299999952316284,0.0,-0.0,0.0,0.0,-0.0,0.0,-0.0,0.5088325,0.5088325,-0.0,0.9977223,3.2498116,0.086608306,0.0,0.45509022,0.73661566,0.2183591,0.39292422,0.0,0.0,0.0,0.2964356,0.1383698,0.53341824,0.0,0.73661566,0.0,0.4960388,0.4960388,0.45509022,-0.0,11.1,17.922897,19.444445,19.444445,2.0
resstock-amy2018-2021-release-1-457349,0.43598363,0.09916648,0.36956525,0.0,0.0,0.39091352,0.0,0.0,0.0,0.0,0.0,0.0,0.0,0.0,0.0,0.0,0.0,0.0,3.299999952316284,0.0,-0.0,0.0,0.0,-0.0,0.0,-0.0,0.0,0.0,0.099166535,0.96302193,3.2498116,0.0,0.0,0.23940073,0.63031423,0.1848713,0.34241045,0.0,0.0,0.0,0.2933002,0.1383698,0.5432377,0.0,0.63031423,0.0,0.677857,0.677857,0.23940073,-0.0,10.6,17.588423,17.777779,17.777779,2.0
resstock-amy2018-2021-release-1-457349,0.0,0.10268934,0.0,0.0,0.0,0.0,0.0,0.0,0.0,0.0,0.0,0.0,0.0,0.0,0.0,0.0,0.0,0.0,3.299999952316284,0.0,-0.0,0.0,0.0,-0.0,0.0,-0.0,0.0,0.0,0.10268944,0.92729014,3.2498116,0.0,0.0,0.2383012,0.2383012,0.066314936,0.12840773,0.0,0.0,0.0,0.278282,0.1383698,0.5388464,0.0,0.2383012,0.0,0.28834894,0.28834894,0.2383012,-0.0,10.0,17.165396,17.777779,17.777779,2.0
resstock-amy2018-2021-release-1-457349,0.0,0.23332313,0.0,0.0,0.06730242,0.0,0.0,0.0,0.0,0.0,0.0,0.0,0.0,0.0,0.0,0.0,0.0,0.0,3.299999952316284,0.0,-0.0,0.0,0.0,-0.0,0.0,-0.0,0.0,0.0,0.09729996,0.89339113,3.2498116,0.13602316,0.0,0.25220335,0.31950575,0.085287586,0.18185416,0.0,0.0,0.0,0.266936,0.1383698,0.56917334,0.0,0.31950575,0.0,0.36764845,0.36764845,0.25220335,-0.0,9.44,16.96498,17.777779,17.777779,2.0
resstock-amy2018-2021-release-1-457349,0.0,0.18134236,0.0,0.0,0.11862829,0.0,0.0,0.0,0.0,0.0,0.0,0.0,0.0,0.0,0.0,0.0,0.0,0.0,3.299999952316284,0.0,-0.0,0.0,0.0,-0.0,0.0,-0.0,0.04485208,0.04485208,-0.0,0.9040548,3.2498116,0.18134236,0.0,0.23610216,0.35473046,0.09069152,0.20547636,0.0,0.0,0.0,0.2556632,0.1383698,0.57924646,0.0,0.35473046,0.0,0.33120766,0.33120766,0.23610216,-0.0,7.2,16.629051,17.777779,17.777779,2.0
resstock-amy2018-2021-release-1-457349,0.0,0.18747228,0.0,0.0,0.38760906,0.0,0.0,0.0,0.0,0.0,0.0,0.0,0.0,0.0,0.0,0.0,0.0,0.0,3.299999952316284,0.0,-0.0,0.0,0.0,-0.0,0.0,-0.0,0.33410627,0.33410627,-0.0,1.0,3.2498116,0.18747228,0.0,0.23985946,0.6274685,0.1550161,0.36365288,0.0,0.0,0.0,0.24705,0.1383698,0.5795556,0.0,0.6274685,0.0,0.45224565,0.45224565,0.23985946,-0.0,7.2,16.445084,17.777779,17.777779,2.0
resstock-amy2018-2021-release-1-457349,0.0,0.20338918,0.0,0.0,0.44636774,0.0,0.0,0.0,0.0,0.0,0.0,0.0,0.0,0.0,0.0,0.0,0.0,0.0,3.299999952316284,0.0,-0.0,0.0,0.0,-0.0,0.0,-0.0,0.009734306,0.009734306,-0.0,1.0,3.2498116,0.20338918,0.0,0.25818723,0.704555,0.17457604,0.4160909,0.0,0.0,0.0,0.247782,0.1383698,0.59057266,0.0,0.704555,0.0,0.69952714,0.69952714,0.25818723,-0.0,7.8,16.380379,17.777779,17.777779,2.0
resstock-amy2018-2021-release-1-457349,0.0,0.12355996,0.0,0.0,0.35732442,0.0,0.0,0.0,0.0,0.0,0.0,0.0,0.0,0.0,0.0,0.0,0.0,0.0,3.299999952316284,0.0,-0.0,0.0,0.0,-0.0,0.0,-0.0,0.009734306,0.009734306,-0.0,1.0,3.2498116,0.12355996,0.0,0.3700914,0.7274158,0.17970808,0.43468407,0.0,0.0,0.0,0.24705,0.1383698,0.59757304,0.0,0.7274158,0.0,0.72252977,0.72252977,0.3700914,-0.0,8.9,16.30933,17.833334,17.833334,2.0
resstock-amy2018-2021-release-1-457349,0.0,0.15113696,0.0,0.0,7.59787e-09,0.0,0.0,0.0,0.0,0.0,0.0,0.0,0.0,0.0,0.0,0.0,0.0,0.0,3.299999952316284,0.0,-0.0,0.0,0.0,-0.0,0.0,-0.0,0.0,0.0,0.15113695,0.9486087,3.2498116,1.4901161e-08,0.0,0.4939199,0.4939199,0.1321222,0.29363555,0.0,0.0,0.0,0.2674972,0.1383698,0.5945003,0.0,0.4939199,0.0,0.5709823,0.5709823,0.4939199,-0.0,8.3,16.239393,19.944445,19.944445,2.0
resstock-amy2018-2021-release-1-457349,0.35946628,0.13393739,0.0,0.0,0.7340173,0.0,0.0,0.0,0.0,0.0,0.0,0.0,0.0,0.0,0.0,0.0,0.0,0.0,3.299999952316284,0.0,-0.0,0.0,0.0,-0.0,0.0,-0.0,0.18347825,0.18347825,-0.0,1.0,3.2498116,0.13393739,0.0,0.43743104,1.1714483,0.31570297,0.6963126,0.0,0.0,0.0,0.269498,0.1383698,0.59440315,0.0,1.1714483,0.0,1.0820266,1.0820266,0.43743104,-0.0,10.0,16.195005,17.777779,17.777779,2.0
resstock-amy2018-2021-release-1-457349,0.0,0.14839959,0.0,0.0,5.8099022e-08,0.0,0.0,0.0,0.0,0.0,0.0,0.0,0.0,0.0,0.0,0.0,0.0,0.0,3.299999952316284,0.0,-0.0,0.0,0.0,-0.0,0.0,-0.0,0.0,0.0,0.14839947,0.94948757,3.2498116,1.1920929e-07,0.0,0.63280356,0.62746394,0.16910027,0.3790133,0.0,0.0,0.0,0.269498,0.1383698,0.60403997,0.0,0.62746394,0.0,0.6997894,0.7051291,0.63280356,-0.0053397035,10.0,16.137184,17.777779,17.777779,2.0
resstock-amy2018-2021-release-1-457349,0.0,0.19288316,0.36978704,0.0,0.32153487,0.39114812,0.0,0.0,0.0,0.0,0.0,0.0,0.0,0.0,0.0,0.0,0.0,0.0,3.299999952316284,0.0,-0.0,0.0,0.0,-0.0,0.0,-0.0,0.18050702,0.18050702,-0.0,1.0,3.2498116,0.19288316,0.0,0.81250614,1.5032235,0.40621608,0.9256009,0.0,0.0,0.0,0.27023,0.1383698,0.615744,0.0,1.5032235,0.0,1.4178795,1.4398451,0.81250614,-0.021965649,11.1,16.466343,17.777779,17.777779,2.0
resstock-amy2018-2021-release-1-457349,0.0,0.42605856,0.36978742,0.0,2.7312847e-08,0.3911485,0.0,0.0,0.0,0.0,0.0,0.0,0.0,0.0,0.0,0.0,0.0,0.0,3.299999952316284,0.0,-0.0,0.0,0.0,-0.0,0.0,-0.0,0.0,0.0,0.4260585,0.86034924,3.2498116,5.9604645e-08,0.0,0.84054756,1.1956732,0.32223153,0.7421027,0.0,0.0,0.0,0.269498,0.1383698,0.6206568,0.0,1.1956732,0.0,1.3909075,1.4269303,0.84054756,-0.036022816,12.2,17.099327,19.944445,19.944445,2.0
resstock-amy2018-2021-release-1-457349,0.0,0.20765814,0.0,0.0,0.0,0.0,0.0,0.0,0.0,0.0,0.0,0.0,0.0,0.0,0.0,0.0,0.0,0.0,3.299999952316284,0.0,-0.0,0.0,0.0,-0.0,0.0,-0.0,0.0,0.0,0.20765817,0.79121363,3.2498116,0.0,0.0,0.8114066,0.75915515,0.19804278,0.46923095,0.0,0.0,0.0,0.2608726,0.1383698,0.61809623,0.0,0.75915515,0.0,0.85266095,0.9049124,0.8114066,-0.05225145,12.8,17.507803,20.0,20.0,2.0
resstock-amy2018-2021-release-1-457349,0.0,0.2243309,0.0,0.0,0.0,0.0,0.0,0.0,0.0,0.0,0.0,0.0,0.0,0.0,0.0,0.0,0.0,0.0,3.299999952316284,0.0,-0.0,0.0,0.0,-0.0,0.0,-0.0,0.0,0.0,0.22433096,0.7169239,3.2498116,0.0,0.0,0.80874884,0.75708413,0.19714925,0.46483782,0.0,0.0,0.0,0.260406,0.1383698,0.61398435,0.0,0.75708413,0.0,0.85661197,0.9082767,0.80874884,-0.051664736,13.3,17.751137,20.0,20.0,2.0
resstock-amy2018-2021-release-1-457349,0.0,0.31638238,0.0,0.0,0.0,0.0,0.0,0.0,0.0,0.0,0.0,0.0,0.0,0.0,0.0,0.0,0.0,0.0,3.299999952316284,0.0,-0.0,0.0,0.0,-0.0,0.0,-0.0,0.0,0.0,0.31638244,0.61329573,3.2498116,0.0,0.0,0.66304404,0.6178215,0.1396064,0.36899674,0.0,0.0,0.0,0.22596559,0.1383698,0.5972546,0.0,0.6178215,0.0,0.75818944,0.80341196,0.66304404,-0.045222525,13.3,17.98985,20.0,20.0,2.0
resstock-amy2018-2021-release-1-457349,0.0,0.43383706,0.0,0.0,0.0,0.0,0.0,0.0,0.0,0.0,0.0,0.0,0.0,0.0,0.0,0.0,0.0,0.0,3.299999952316284,0.0,-0.0,0.0,0.0,-0.0,0.0,-0.0,0.0,0.0,0.4338371,0.47225803,3.2498116,0.0,0.0,0.59019166,0.5591708,0.12723726,0.31882414,0.0,0.0,0.0,0.22754633,0.1383698,0.5701731,0.0,0.5591708,0.0,0.74820185,0.7792227,0.59019166,-0.03102088,13.9,18.189968,20.0,20.0,2.0
resstock-amy2018-2021-release-1-457349,0.0,0.9001252,0.0,0.0,0.0,0.0,0.0,0.0,0.0,0.0,0.0,0.0,0.0,0.0,0.0,0.0,0.0,0.0,3.299999952316284,0.0,-0.0,0.0,0.0,-0.0,0.0,-0.0,0.0,0.0,0.9001252,0.18193041,3.2498116,0.0,0.0,0.5210966,0.5048724,0.13494752,0.2839675,0.0,0.0,0.0,0.26729035,0.1383698,0.562454,0.0,0.5048724,0.0,0.88396084,0.90018505,0.5210966,-0.016224233,15.0,19.089127,20.0,20.0,2.0
resstock-amy2018-2021-release-1-457349,0.0,0.3409384,0.0,0.0,0.0,0.0,0.0,0.0,0.0,0.0,0.0,0.0,0.0,0.0,0.0,0.0,0.0,0.0,3.299999952316284,0.0,-0.0,0.0,0.0,-0.0,0.0,-0.0,0.0,0.0,0.3409384,0.071954906,3.2498116,0.0,0.0,0.40783134,0.40052113,0.115127474,0.22804733,0.0,0.0,0.0,0.2874442,0.1383698,0.5693765,0.0,0.40052113,0.0,0.5468168,0.55412704,0.40783134,-0.007310211,14.4,18.879272,20.0,20.0,2.0
resstock-amy2018-2021-release-1-457349,0.0,0.48837298,0.0,0.0,0.117519125,0.0,0.0,0.0,0.0,0.0,0.0,0.0,0.0,0.0,0.0,0.0,0.0,0.0,3.299999952316284,0.0,-0.0,0.0,0.0,-0.0,0.0,-0.0,0.0,0.0,0.22349061,0.0,3.2498116,0.2648824,0.0,0.34423387,0.4614641,0.13534752,0.2712453,0.0,0.0,0.0,0.2933002,0.1383698,0.5877928,0.0,0.4614641,0.0,0.5606191,0.560908,0.34423387,-0.000288898,13.3,18.876076,20.0,20.0,2.0
resstock-amy2018-2021-release-1-457349,0.0,0.3936547,0.0,0.0,0.37794322,0.0,0.0,0.0,0.0,0.0,0.0,0.0,0.0,0.0,0.0,0.0,0.0,0.0,3.299999952316284,0.0,-0.0,0.0,0.0,-0.0,0.0,-0.0,0.44568336,0.44568336,-0.0,0.13144909,3.2498116,0.3936547,0.0,0.7007014,1.0786446,0.3182748,0.641663,0.0,0.0,0.0,0.2950692,0.1383698,0.594879,0.0,1.0786446,0.0,0.87795913,0.87795913,0.7007014,-0.0,12.8,18.890553,20.0,20.0,2.0
resstock-amy2018-2021-release-1-457349,0.0,0.15601377,0.0,0.0,0.12680905,0.0,0.0,0.0,0.0,0.0,0.0,0.0,0.0,0.0,0.0,0.0,0.0,0.0,3.299999952316284,0.0,-0.0,0.0,0.0,-0.0,0.0,-0.0,0.12072079,0.12072079,-0.0,0.16667688,3.2498116,0.15601377,0.0,0.6379254,0.76473445,0.22578953,0.43312502,0.0,0.0,0.0,0.2952522,0.1383698,0.5663731,0.0,0.76473445,0.0,0.70941615,0.70941615,0.6379254,-0.0,12.2,18.73827,20.0,20.0,2.0
resstock-amy2018-2021-release-1-457349,0.0,0.20664439,0.0,0.0,0.2420972,0.0,0.0,0.0,0.0,0.0,0.0,0.0,0.0,0.0,0.0,0.0,0.0,0.0,3.299999952316284,0.0,-0.0,0.0,0.0,-0.0,0.0,-0.0,0.3216827,0.3216827,-0.0,0.2610749,3.2498116,0.20664439,0.0,0.57213575,0.81423295,0.2388147,0.4444153,0.0,0.0,0.0,0.2933002,0.1383698,0.54580855,0.0,0.81423295,0.0,0.66682714,0.66682714,0.57213575,-0.0,12.2,18.701328,19.953703,19.953703,2.0
resstock-amy2018-2021-release-1-457349,0.0,0.16613284,0.0,0.0,0.04534664,0.0,0.0,0.0,0.0,0.0,0.0,0.0,0.0,0.0,0.0,0.0,0.0,0.0,3.299999952316284,0.0,-0.0,0.0,0.0,-0.0,0.0,-0.0,0.0,0.0,0.06442971,0.23964116,3.2498116,0.10170313,0.0,0.51125795,0.55660456,0.16067861,0.29921743,0.0,0.0,0.0,0.2886764,0.1383698,0.5375763,0.0,0.55660456,0.0,0.58533204,0.58533204,0.51125795,-0.0,13.133333,18.596943,20.0,20.0,2.0
resstock-amy2018-2021-release-1-457349,0.0,0.13328405,0.0,0.0,0.0,0.0,0.0,0.0,0.0,0.0,0.0,0.0,0.0,0.0,0.0,0.0,0.0,0.0,3.299999952316284,0.0,-0.0,0.0,0.0,-0.0,0.0,-0.0,0.0,0.0,0.13328406,0.19616428,3.2498116,0.0,0.0,0.24269928,0.24269928,0.06540697,0.12762918,0.0,0.0,0.0,0.269498,0.1383698,0.5258737,0.0,0.24269928,0.0,0.3018328,0.3018328,0.24269928,-0.0,13.3,18.363493,20.0,20.0,2.0
resstock-amy2018-2021-release-1-457349,0.0,0.06181187,0.0,0.0,5.032352e-09,0.0,0.0,0.0,0.0,0.0,0.0,0.0,0.0,0.0,0.0,0.0,0.0,0.0,3.299999952316284,0.0,-0.0,0.0,0.0,-0.0,0.0,-0.0,0.0,0.0,0.06181186,0.1757573,3.2498116,1.1175871e-08,0.0,0.23940073,0.23940073,0.05476292,0.12252895,0.0,0.0,0.0,0.22875,0.1383698,0.51181525,0.0,0.23940073,0.0,0.26723382,0.26723382,0.23940073,-0.0,12.8,17.977062,19.444445,19.444445,2.0
resstock-amy2018-2021-release-1-457349,0.60982466,0.08707078,0.36999735,0.0,0.04734864,0.39137056,0.0,0.0,0.0,0.0,0.0,0.0,0.0,0.0,0.0,0.0,0.0,0.0,3.299999952316284,0.0,-0.0,0.0,0.0,-0.0,0.0,-0.0,0.018081311,0.018081311,-0.0,0.18058556,3.2498116,0.08707078,0.0,0.2383012,0.67702043,0.106444344,0.3556245,0.0,0.0,0.0,0.15722471,0.1383698,0.5252788,0.0,0.67702043,0.0,0.6688787,0.6688787,0.2383012,-0.0,12.8,17.62208,17.777779,17.777779,2.0
resstock-amy2018-2021-release-1-457349,0.09111969,0.16052441,0.0,0.0,0.29987097,0.0,0.0,0.0,0.0,0.0,0.0,0.0,0.0,0.0,0.0,0.0,0.0,0.0,3.299999952316284,0.0,-0.0,0.0,0.0,-0.0,0.0,-0.0,0.5015361,0.5015361,-0.0,0.32798928,3.2498116,0.16052441,0.0,0.25220335,0.5520743,0.08686344,0.27911493,0.0,0.0,0.0,0.15734012,0.1383698,0.50557494,0.0,0.5520743,0.0,0.32491058,0.32491058,0.25220335,-0.0,12.6,17.447922,17.777779,17.777779,2.0
resstock-amy2018-2021-release-1-457349,0.0,0.17688684,0.0,0.0,0.16692208,0.0,0.0,0.0,0.0,0.0,0.0,0.0,0.0,0.0,0.0,0.0,0.0,0.0,3.299999952316284,0.0,-0.0,0.0,0.0,-0.0,0.0,-0.0,0.19381452,0.19381452,-0.0,0.38421094,3.2498116,0.17688684,0.0,0.23610216,0.40302426,0.0590937,0.20950669,0.0,0.0,0.0,0.14662567,0.1383698,0.5198364,0.0,0.40302426,0.0,0.31575206,0.31575206,0.23610216,-0.0,12.8,17.365448,17.777779,17.777779,2.0
resstock-amy2018-2021-release-1-457349,0.0,0.18148094,0.0,0.0,0.0,0.0,0.0,0.0,0.0,0.0,0.0,0.0,0.0,0.0,0.0,0.0,0.0,0.0,3.299999952316284,0.0,-0.0,0.0,0.0,-0.0,0.0,-0.0,0.0,0.0,0.181481,0.3248461,3.2498116,0.0,0.0,0.23985946,0.23985946,0.035882797,0.13089012,0.0,0.0,0.0,0.14959925,0.1383698,0.545695,0.0,0.23985946,0.0,0.3213377,0.3213377,0.23985946,-0.0,12.9,17.344791,17.777779,17.777779,2.0
resstock-amy2018-2021-release-1-457349,0.0,0.22737995,0.0,0.0,0.6200239,0.0,0.0,0.0,0.0,0.0,0.0,0.0,0.0,0.0,0.0,0.0,0.0,0.0,3.299999952316284,0.0,-0.0,0.0,0.0,-0.0,0.0,-0.0,1.1536337,1.1536337,-0.0,0.66416425,3.2498116,0.22737995,0.0,0.25818723,0.87821114,0.1405807,0.49643767,0.0,0.0,0.0,0.1600762,0.1383698,0.5652828,0.0,0.87821114,0.0,0.36027247,0.36027247,0.25818723,-0.0,12.9,17.41729,17.777779,17.777779,2.0
resstock-amy2018-2021-release-1-457349,0.0,0.1845834,0.0,0.0,0.6408801,0.0,0.0,0.0,0.0,0.0,0.0,0.0,0.0,0.0,0.0,0.0,0.0,0.0,3.299999952316284,0.0,-0.0,0.0,0.0,-0.0,0.0,-0.0,1.1451299,1.1451299,-0.0,1.0,3.2498116,0.1845834,0.0,0.292185,0.9330651,0.18470602,0.53227764,0.0,0.0,0.0,0.19795619,0.1383698,0.5704614,0.0,0.9330651,0.0,0.41742772,0.41742772,0.292185,-0.0,12.8,17.447544,17.824074,17.824074,2.0
resstock-amy2018-2021-release-1-457349,0.0,0.2878857,0.63736695,0.0,0.09487896,0.674185,0.0,0.0,0.0,0.0,0.0,0.0,0.0,0.0,0.0,0.0,0.0,0.0,3.299999952316284,0.0,-0.0,0.0,0.0,-0.0,0.0,-0.0,0.0,0.0,0.0765565,0.97255164,3.2498116,0.21132919,0.0,0.34780914,1.116873,0.3191352,0.6506644,0.0,0.0,0.0,0.2857399,0.1383698,0.5825769,0.0,1.116873,0.0,1.151244,1.151244,0.34780914,-0.0,12.9,17.627962,19.953703,19.953703,2.0
resstock-amy2018-2021-release-1-457349,0.0,0.29832545,0.0,0.0,0.111496896,0.0,0.0,0.0,0.0,0.0,0.0,0.0,0.0,0.0,0.0,0.0,0.0,0.0,3.299999952316284,0.0,-0.0,0.0,0.0,-0.0,0.0,-0.0,0.0,0.0,0.052878335,0.95278364,3.2498116,0.24544711,0.0,0.6363609,0.7478578,0.23255451,0.43932262,0.0,0.0,0.0,0.31096086,0.1383698,0.5874414,0.0,0.7478578,0.0,0.77187836,0.77187836,0.6363609,-0.0,12.5,17.741833,19.444445,19.444445,2.0
resstock-amy2018-2021-release-1-457349,0.0,0.26878163,0.0,0.0,1.298544e-08,0.0,0.0,0.0,0.0,0.0,0.0,0.0,0.0,0.0,0.0,0.0,0.0,0.0,3.299999952316284,0.0,-0.0,0.0,0.0,-0.0,0.0,-0.0,0.0,0.0,0.2687816,0.8637599,3.2498116,2.9802322e-08,0.0,0.63280356,0.62904423,0.19781278,0.37393886,0.0,0.0,0.0,0.3144656,0.1383698,0.5944556,0.0,0.62904423,0.0,0.7461575,0.74991685,0.63280356,-0.0037592957,13.9,17.80249,20.0,20.0,2.0
resstock-amy2018-2021-release-1-457349,0.0,0.29589364,0.0,0.0,3.895632e-08,0.0,0.0,0.0,0.0,0.0,0.0,0.0,0.0,0.0,0.0,0.0,0.0,0.0,3.299999952316284,0.0,-0.0,0.0,0.0,-0.0,0.0,-0.0,0.0,0.0,0.29589355,0.76628774,3.2498116,8.940697e-08,0.0,0.81250614,0.8019332,0.27301475,0.48020726,0.0,0.0,0.0,0.34044576,0.1383698,0.59881204,0.0,0.8019332,0.0,0.9308597,0.94143265,0.81250614,-0.010572993,13.9,17.849262,20.0,20.0,2.0
resstock-amy2018-2021-release-1-457349,0.57777315,0.13433369,0.0,0.0,6.157227e-09,0.0,0.0,0.0,0.0,0.0,0.0,0.0,0.0,0.0,0.0,0.0,0.0,0.0,3.299999952316284,0.0,-0.0,0.0,0.0,-0.0,0.0,-0.0,0.0,0.0,0.13433367,0.7209619,3.2498116,1.4901161e-08,0.0,0.84054756,0.81311125,0.26174724,0.47965273,0.0,0.0,0.0,0.32190827,0.1383698,0.58989805,0.0,0.81311125,0.0,0.86861855,0.89605486,0.84054756,-0.027436325,15.6,17.951834,18.37963,18.37963,2.0
resstock-amy2018-2021-release-1-457349,0.0,0.1185184,0.0,0.0,4.0791637e-08,0.0,0.0,0.0,0.0,0.0,0.0,0.0,0.0,0.0,0.0,0.0,0.0,0.0,3.299999952316284,0.0,-0.0,0.0,0.0,-0.0,0.0,-0.0,0.0,0.0,0.1185183,0.6808435,3.2498116,9.685755e-08,0.0,0.8114066,0.77604926,0.24532086,0.4285809,0.0,0.0,0.0,0.31611505,0.1383698,0.5522599,0.0,0.77604926,0.0,0.8259633,0.86132073,0.8114066,-0.035357386,15.0,17.990366,20.0,20.0,2.0
resstock-amy2018-2021-release-1-457349,0.0,0.11516161,0.0,0.0,3.729859e-08,0.0,0.0,0.0,0.0,0.0,0.0,0.0,0.0,0.0,0.0,0.0,0.0,0.0,3.299999952316284,0.0,-0.0,0.0,0.0,-0.0,0.0,-0.0,0.0,0.0,0.11516152,0.6419179,3.2498116,8.940697e-08,0.0,0.80874884,0.7785006,0.23093458,0.4000971,0.0,0.0,0.0,0.2966402,0.1383698,0.51393294,0.0,0.7785006,0.0,0.82654345,0.85679173,0.80874884,-0.030248258,15.3,17.930902,20.0,20.0,2.0
resstock-amy2018-2021-release-1-457349,0.0,0.119269505,0.0,0.0,2.1550296e-08,0.0,0.0,0.0,0.0,0.0,0.0,0.0,0.0,0.0,0.0,0.0,0.0,0.0,3.299999952316284,0.0,-0.0,0.0,0.0,-0.0,0.0,-0.0,0.0,0.0,0.11926945,0.60178524,3.2498116,5.2154064e-08,0.0,0.87722313,0.8538794,0.25841227,0.41473097,0.0,0.0,0.0,0.30263323,0.1383698,0.48570204,0.0,0.8538794,0.0,0.90316206,0.9265058,0.87722313,-0.023343753,15.6,17.905891,20.0,20.0,2.0
resstock-amy2018-2021-release-1-457349,0.0,0.121704936,0.0,0.0,0.0,0.0,0.0,0.0,0.0,0.0,0.0,0.0,0.0,0.0,0.0,0.0,0.0,0.0,3.299999952316284,0.0,-0.0,0.0,0.0,-0.0,0.0,-0.0,0.0,0.0,0.121704936,0.5609859,3.2498116,0.0,0.0,0.799016,0.7742971,0.23861995,0.36675456,0.0,0.0,0.0,0.30817622,0.1383698,0.47366127,0.0,0.7742971,0.0,0.82378024,0.8484991,0.799016,-0.024718907,16.1,18.042805,20.0,20.0,2.0
resstock-amy2018-2021-release-1-457349,0.0,0.14002804,0.0,0.0,1.9833385e-08,0.0,0.0,0.0,0.0,0.0,0.0,0.0,0.0,0.0,0.0,0.0,0.0,0.0,3.299999952316284,0.0,-0.0,0.0,0.0,-0.0,0.0,-0.0,0.0,0.0,0.140028,0.5144214,3.2498116,4.4703484e-08,0.0,0.7492653,0.7316956,0.23243462,0.3593768,0.0,0.0,0.0,0.31766573,0.1383698,0.49115616,0.0,0.7316956,0.0,0.79382116,0.8113909,0.7492653,-0.017569723,13.3,17.952377,20.0,20.0,2.0
resstock-amy2018-2021-release-1-457349,0.0,0.17449625,0.0,0.0,0.05440252,0.0,0.0,0.0,0.0,0.0,0.0,0.0,0.0,0.0,0.0,0.0,0.0,0.0,3.299999952316284,0.0,-0.0,0.0,0.0,-0.0,0.0,-0.0,0.0,0.0,0.04963937,0.4970085,3.2498116,0.124856874,0.0,0.66810393,0.717738,0.2387709,0.37025976,0.0,0.0,0.0,0.3326714,0.1383698,0.5158704,0.0,0.717738,0.0,0.73936677,0.74413526,0.66810393,-0.004768497,13.9,17.994198,19.88889,19.88889,2.0
resstock-amy2018-2021-release-1-457349,0.0,0.46093518,0.0,0.0,0.27296054,0.0,0.0,0.0,0.0,0.0,0.0,0.0,0.0,0.0,0.0,0.0,0.0,0.0,3.299999952316284,0.0,-0.0,0.0,0.0,-0.0,0.0,-0.0,0.16552474,0.16552474,-0.0,0.54440117,3.2498116,0.46093518,0.0,0.6890047,0.96196526,0.3221158,0.52847713,0.0,0.0,0.0,0.3348518,0.1383698,0.5493724,0.0,0.96196526,0.0,0.889843,0.889843,0.6890047,0.0,13.9,18.351204,20.0,20.0,2.0
resstock-amy2018-2021-release-1-457349,0.0,0.32981655,0.0,0.0,0.670876,0.0,0.0,0.0,0.0,0.0,0.0,0.0,0.0,0.0,0.0,0.0,0.0,0.0,3.299999952316284,0.0,-0.0,0.0,0.0,-0.0,0.0,-0.0,1.1629952,1.1629952,-0.0,0.88585,3.2498116,0.32981655,0.0,0.7007014,1.3715775,0.44549382,0.7787406,0.0,0.0,0.0,0.32480398,0.1383698,0.56777,0.0,1.3715775,0.0,0.84892243,0.84892243,0.7007014,-0.0,12.866667,18.354744,20.0,20.0,2.0
resstock-amy2018-2021-release-1-457349,0.0,0.15399215,0.0,0.0,0.38015127,0.0,0.0,0.0,0.0,0.0,0.0,0.0,0.0,0.0,0.0,0.0,0.0,0.0,3.299999952316284,0.0,-0.0,0.0,0.0,-0.0,0.0,-0.0,0.39565325,0.39565325,-0.0,1.0,3.2498116,0.15399215,0.0,0.6379254,1.0180767,0.32326424,0.57362235,0.0,0.0,0.0,0.31752446,0.1383698,0.5634373,0.0,1.0180767,0.0,0.8425391,0.8425391,0.6379254,-0.0,13.3,18.288147,20.0,20.0,2.0
resstock-amy2018-2021-release-1-457349,0.0,0.20112589,0.0,0.0,0.47990513,0.0,0.0,0.0,0.0,0.0,0.0,0.0,0.0,0.0,0.0,0.0,0.0,0.0,3.299999952316284,0.0,-0.0,0.0,0.0,-0.0,0.0,-0.0,0.009734306,0.009734306,-0.0,1.0,3.2498116,0.20112589,0.0,0.57213575,1.0520408,0.33074364,0.6110465,0.0,0.0,0.0,0.3143829,0.1383698,0.58082014,0.0,1.0520408,0.0,1.0477221,1.0477221,0.57213575,-0.0,13.3,18.265965,19.962963,19.962963,2.0
resstock-amy2018-2021-release-1-457349,0.0,0.18400693,0.0,0.0,0.27758712,0.0,0.0,0.0,0.0,0.0,0.0,0.0,0.0,0.0,0.0,0.0,0.0,0.0,3.299999952316284,0.0,-0.0,0.0,0.0,-0.0,0.0,-0.0,0.009734306,0.009734306,-0.0,1.0,3.2498116,0.18400693,0.0,0.24489833,0.52248544,0.16311549,0.3092991,0.0,0.0,0.0,0.31219146,0.1383698,0.5919765,0.0,0.52248544,0.0,0.5181022,0.5181022,0.24489833,-0.0,12.8,18.100409,20.0,20.0,2.0
resstock-amy2018-2021-release-1-457349,0.0,0.05348321,0.0,0.0,0.0,0.0,0.0,0.0,0.0,0.0,0.0,0.0,0.0,0.0,0.0,0.0,0.0,0.0,3.299999952316284,0.0,-0.0,0.0,0.0,-0.0,0.0,-0.0,0.0,0.0,0.053483237,0.979959,3.2498116,0.0,0.0,0.24269928,0.24269928,0.06901919,0.14469507,0.0,0.0,0.0,0.2843815,0.1383698,0.59619075,0.0,0.24269928,0.0,0.26671126,0.26671126,0.24269928,-0.0,12.9,17.777416,19.444445,19.444445,2.0
resstock-amy2018-2021-release-1-457349,0.0,0.06534191,0.0,0.0,0.102421455,0.0,0.0,0.0,0.0,0.0,0.0,0.0,0.0,0.0,0.0,0.0,0.0,0.0,3.299999952316284,0.0,-0.0,0.0,0.0,-0.0,0.0,-0.0,0.077489145,0.077489145,-0.0,1.0,3.2498116,0.06534191,0.0,0.23940073,0.34182218,0.083124526,0.20412762,0.0,0.0,0.0,0.24318062,0.1383698,0.5971749,0.0,0.34182218,0.0,0.30631405,0.30631405,0.23940073,-0.0,12.2,17.443964,19.444445,19.444445,2.0
resstock-amy2018-2021-release-1-457349,0.47913682,0.07268434,0.0,0.0,0.0,0.0,0.0,0.0,0.0,0.0,0.0,0.0,0.0,0.0,0.0,0.0,0.0,0.0,3.299999952316284,0.0,-0.0,0.0,0.0,-0.0,0.0,-0.0,0.0,0.0,0.0726844,0.97379476,3.2498116,0.0,0.0,0.2383012,0.2383012,0.059578113,0.13658501,0.0,0.0,0.0,0.2500118,0.1383698,0.57316124,0.0,0.2383012,0.0,0.2726665,0.2726665,0.2383012,-0.0,11.1,17.083519,17.777779,17.777779,2.0
resstock-amy2018-2021-release-1-457349,0.0,0.13702822,0.0,0.0,1.4524756e-08,0.0,0.0,0.0,0.0,0.0,0.0,0.0,0.0,0.0,0.0,0.0,0.0,0.0,3.299999952316284,0.0,-0.0,0.0,0.0,-0.0,0.0,-0.0,0.0,0.0,0.13702819,0.9270081,3.2498116,2.9802322e-08,0.0,0.25220335,0.25220335,0.058293015,0.14937675,0.0,0.0,0.0,0.23113498,0.1383698,0.59228694,0.0,0.25220335,0.0,0.31898677,0.31898677,0.25220335,-0.0,10.0,16.811155,17.777779,17.777779,2.0
resstock-amy2018-2021-release-1-457349,0.0,0.13578172,0.0,0.0,0.0,0.0,0.0,0.0,0.0,0.0,0.0,0.0,0.0,0.0,0.0,0.0,0.0,0.0,3.299999952316284,0.0,-0.0,0.0,0.0,-0.0,0.0,-0.0,0.0,0.0,0.13578182,0.88075584,3.2498116,0.0,0.0,0.23610216,0.23610216,0.055900335,0.1390706,0.0,0.0,0.0,0.23676333,0.1383698,0.5890272,0.0,0.23610216,0.0,0.3025299,0.3025299,0.23610216,-0.0,9.86,16.616566,17.777779,17.777779,2.0
resstock-amy2018-2021-release-1-457349,0.041308474,0.15649715,0.67909515,0.0,0.017263852,0.71832365,0.0,0.0,0.0,0.0,0.0,0.0,0.0,0.0,0.0,0.0,0.0,0.0,3.299999952316284,0.0,-0.0,0.0,0.0,-0.0,0.0,-0.0,0.0,0.0,0.12134215,0.8392721,3.2498116,0.035155,0.0,0.23985946,0.97544694,0.21740665,0.573467,0.0,0.0,0.0,0.22287901,0.1383698,0.58790183,0.0,0.97544694,0.0,1.0350354,1.0350354,0.23985946,-0.0,9.72,16.518665,17.777779,17.777779,2.0
resstock-amy2018-2021-release-1-457349,0.0,0.13293386,0.0,0.0,0.62867093,0.0,0.0,0.0,0.0,0.0,0.0,0.0,0.0,0.0,0.0,0.0,0.0,0.0,3.299999952316284,0.0,-0.0,0.0,0.0,-0.0,0.0,-0.0,0.5531242,0.5531242,-0.0,1.0,3.2498116,0.13293386,0.0,0.25818723,0.88685817,0.19784372,0.5210637,0.0,0.0,0.0,0.22308382,0.1383698,0.5875389,0.0,0.88685817,0.0,0.61420536,0.61420536,0.25818723,-0.0,9.58,16.387201,17.777779,17.777779,2.0
resstock-amy2018-2021-release-1-457349,0.0,0.10180356,0.0,0.0,0.6979053,0.0,0.0,0.0,0.0,0.0,0.0,0.0,0.0,0.0,0.0,0.0,0.0,0.0,3.299999952316284,0.0,-0.0,0.0,0.0,-0.0,0.0,-0.0,0.009734306,0.009734306,-0.0,1.0,3.2498116,0.10180356,0.0,0.292185,0.9900903,0.2539644,0.5851429,0.0,0.0,0.0,0.2565063,0.1383698,0.59099954,0.0,0.9900903,0.0,0.9852739,0.9852739,0.292185,-0.0,9.44,16.267418,17.814816,17.814816,2.0
resstock-amy2018-2021-release-1-457349,0.0,0.23197895,0.0,0.0,0.25597757,0.0,0.0,0.0,0.0,0.0,0.0,0.0,0.0,0.0,0.0,0.0,0.0,0.0,3.299999952316284,0.0,-0.0,0.0,0.0,-0.0,0.0,-0.0,0.009734306,0.009734306,-0.0,1.0,3.2498116,0.23197895,0.0,0.34780914,0.6037867,0.17557424,0.35821506,0.0,0.0,0.0,0.29078853,0.1383698,0.5932808,0.0,0.6037867,0.0,0.5991134,0.5991134,0.34780914,-0.0,10.55,16.41624,19.962963,19.962963,2.0
resstock-amy2018-2021-release-1-457349,0.4216028,0.29523847,0.0,0.0,0.58544385,0.0,0.0,0.0,0.0,0.0,0.0,0.0,0.0,0.0,0.0,0.0,0.0,0.0,3.299999952316284,0.0,-0.0,0.0,0.0,-0.0,0.0,-0.0,0.009734306,0.009734306,-0.0,1.0,3.2498116,0.29523847,0.0,0.43743104,1.0228748,0.3329001,0.60222447,0.0,0.0,0.0,0.32545537,0.1383698,0.58875674,0.0,1.0228748,0.0,1.0183498,1.0183498,0.43743104,-0.0,11.7,16.628723,17.777779,17.777779,2.0
resstock-amy2018-2021-release-1-457349,0.0,0.44372058,0.0,0.0,0.0,0.0,0.0,0.0,0.0,0.0,0.0,0.0,0.0,0.0,0.0,0.0,0.0,0.0,3.299999952316284,0.0,-0.0,0.0,0.0,-0.0,0.0,-0.0,0.0,0.0,0.44372058,0.8546791,3.2498116,0.0,0.0,0.63280356,0.62404615,0.23705664,0.3690425,0.0,0.0,0.0,0.37987038,0.1383698,0.5913705,0.0,0.62404615,0.0,0.82796144,0.83671886,0.63280356,-0.008757393,12.1,17.063972,17.777779,17.777779,2.0
resstock-amy2018-2021-release-1-457349,0.0,0.7331443,0.0,0.0,0.0,0.0,0.0,0.0,0.0,0.0,0.0,0.0,0.0,0.0,0.0,0.0,0.0,0.0,3.299999952316284,0.0,-0.0,0.0,0.0,-0.0,0.0,-0.0,0.0,0.0,0.7331444,0.6168603,3.2498116,0.0,0.0,0.81250614,0.7898942,0.28412196,0.47344583,0.0,0.0,0.0,0.3596962,0.1383698,0.59937876,0.0,0.7898942,0.0,1.1093392,1.1319512,0.81250614,-0.02261193,13.9,17.850388,17.777779,17.777779,2.0
resstock-amy2018-2021-release-1-457349,0.0,0.3088408,0.0,0.0,0.0,0.0,0.0,0.0,0.0,0.0,0.0,0.0,0.0,0.0,0.0,0.0,0.0,0.0,3.299999952316284,0.0,-0.0,0.0,0.0,-0.0,0.0,-0.0,0.0,0.0,0.30884084,0.5159405,3.2498116,0.0,0.0,0.84054756,0.80550176,0.2773658,0.48346838,0.0,0.0,0.0,0.34433916,0.1383698,0.60020775,0.0,0.80550176,0.0,0.9445689,0.9796147,0.84054756,-0.03504579,12.8,17.842941,17.777779,17.777779,2.0
resstock-amy2018-2021-release-1-457349,0.0,0.37832364,0.0,0.0,0.0,0.0,0.0,0.0,0.0,0.0,0.0,0.0,0.0,0.0,0.0,0.0,0.0,0.0,3.299999952316284,0.0,-0.0,0.0,0.0,-0.0,0.0,-0.0,0.0,0.0,0.37832364,0.39300406,3.2498116,0.0,0.0,0.8114066,0.7713387,0.25035316,0.46634844,0.0,0.0,0.0,0.32456967,0.1383698,0.6045962,0.0,0.7713387,0.0,0.93618155,0.97624946,0.8114066,-0.0400679,13.9,18.083572,17.777779,17.777779,2.0
resstock-amy2018-2021-release-1-457349,0.013923873,0.5254748,0.0,0.0,0.0,0.0,0.0,0.0,0.0,0.0,0.0,0.0,0.0,0.0,0.0,0.0,0.0,0.0,3.299999952316284,0.0,-0.0,0.0,0.0,-0.0,0.0,-0.0,0.0,0.0,0.5254748,0.22317988,3.2498116,0.0,0.0,0.80874884,0.7642281,0.2337693,0.4660271,0.0,0.0,0.0,0.30588943,0.1383698,0.60980105,0.0,0.7642281,0.0,0.9855323,1.030053,0.80874884,-0.04452071,15.0,18.517975,17.777779,17.777779,2.0
resstock-amy2018-2021-release-1-457349,0.0,0.39592147,0.0,0.0,0.0,0.0,0.0,0.0,0.0,0.0,0.0,0.0,0.0,0.0,0.0,0.0,0.0,0.0,3.299999952316284,0.0,-0.0,0.0,0.0,-0.0,0.0,-0.0,0.0,0.0,0.39592147,0.09543445,3.2498116,0.0,0.0,0.66304404,0.61676425,0.1822373,0.3779692,0.0,0.0,0.0,0.2954732,0.1383698,0.61282605,0.0,0.61676425,0.0,0.7892748,0.8355546,0.66304404,-0.046279773,13.9,18.653296,17.777779,17.777779,2.0
resstock-amy2018-2021-release-1-457349,0.0,0.23396745,0.0,0.0,0.0,0.0,0.0,0.0,0.0,0.0,0.0,0.0,0.0,0.0,0.0,0.0,0.0,0.0,3.299999952316284,0.0,-0.0,0.0,0.0,-0.0,0.0,-0.0,0.0,0.0,0.23396745,0.020048698,3.2498116,0.0,0.0,0.799016,0.7624573,0.22964074,0.46501407,0.0,0.0,0.0,0.30118504,0.1383698,0.6098887,0.0,0.7624573,0.0,0.8628521,0.8994108,0.799016,-0.036558714,14.4,18.70419,19.444445,19.444445,2.0
resstock-amy2018-2021-release-1-457349,0.0,0.2451664,0.0,0.0,0.07969106,0.0,0.0,0.0,0.0,0.0,0.0,0.0,0.0,0.0,0.0,0.0,0.0,0.0,3.299999952316284,0.0,-0.0,0.0,0.0,-0.0,0.0,-0.0,0.0,0.0,0.062270887,0.0,3.2498116,0.18289551,0.0,0.5210966,0.58065575,0.17578758,0.3510038,0.0,0.0,0.0,0.30273977,0.1383698,0.6044955,0.0,0.58065575,0.0,0.6077884,0.62792027,0.5210966,-0.020131908,13.9,18.688948,19.444445,19.444445,2.0
resstock-amy2018-2021-release-1-457349,0.0,0.15863818,0.0,0.0,0.07038226,0.0,0.0,0.0,0.0,0.0,0.0,0.0,0.0,0.0,0.0,0.0,0.0,0.0,3.299999952316284,0.0,-0.0,0.0,0.0,-0.0,0.0,-0.0,0.0,0.0,-0.0,0.0,3.2498116,0.15863818,0.0,0.40783134,0.4688505,0.14650805,0.28407657,0.0,0.0,0.0,0.31248352,0.1383698,0.6059001,0.0,0.4688505,0.0,0.4688505,0.4782136,0.40783134,-0.009363119,13.3,18.459862,19.99074,19.99074,2.0
resstock-amy2018-2021-release-1-457349,0.0,0.24011551,0.0,0.0,0.10812095,0.0,0.0,0.0,0.0,0.0,0.0,0.0,0.0,0.0,0.0,0.0,0.0,0.0,3.299999952316284,0.0,-0.0,0.0,0.0,-0.0,0.0,-0.0,0.0,0.0,-0.0,0.0,3.2498116,0.24011551,0.0,0.6689744,0.77674365,0.2481021,0.47739115,0.0,0.0,0.0,0.3194131,0.1383698,0.6146058,0.0,0.77674365,0.0,0.77674365,0.7770953,0.6689744,-0.00035165696,12.8,18.38203,20.0,20.0,2.0
resstock-amy2018-2021-release-1-457349,0.008593936,0.48329344,1.6520334,0.0,0.22466157,1.7474647,0.0,0.0,0.0,0.0,0.0,0.0,0.0,0.0,0.0,0.0,0.0,0.0,3.299999952316284,0.0,-0.0,0.0,0.0,-0.0,0.0,-0.0,0.0,0.0,-0.0,0.0,3.2498116,0.48329344,0.0,1.4562343,3.4283605,1.1546696,2.0864017,0.0,0.0,0.0,0.33679935,0.1383698,0.6085713,0.0,3.4283605,0.0,3.4283605,3.4283605,1.4562343,-0.0,11.7,18.579464,20.0,20.0,2.0
resstock-amy2018-2021-release-1-457349,0.6168342,0.20476384,1.8405725,0.0,0.095185585,1.9468948,0.0,0.0,0.0,0.0,0.0,0.0,0.0,0.0,0.0,0.0,0.0,0.0,3.299999952316284,0.0,-0.0,0.0,0.0,-0.0,0.0,-0.0,0.0,0.0,-0.0,0.0,3.2498116,0.20476384,0.0,0.6379254,2.6800058,0.8572596,1.5975354,0.0,0.0,0.0,0.3198723,0.1383698,0.596094,0.0,2.6800058,0.0,2.6800058,2.6800058,0.6379254,-0.0,11.7,18.438004,20.0,20.0,2.0
resstock-amy2018-2021-release-1-457349,0.0,0.16945234,0.0,0.0,0.07843421,0.0,0.0,0.0,0.0,0.0,0.0,0.0,0.0,0.0,0.0,0.0,0.0,0.0,3.299999952316284,0.0,-0.0,0.0,0.0,-0.0,0.0,-0.0,0.0,0.0,-0.0,0.0,3.2498116,0.16945234,0.0,0.57213575,0.65057,0.1960734,0.3790014,0.0,0.0,0.0,0.3013871,0.1383698,0.5825682,0.0,0.65057,0.0,0.65057,0.65057,0.57213575,-0.0,11.85,18.334494,19.962963,19.962963,2.0
resstock-amy2018-2021-release-1-457349,0.0,1.3811585,0.0,0.0,1.3083375,0.0,0.0,0.0,0.0,0.0,0.0,0.0,0.0,0.0,0.0,0.0,0.0,0.0,3.299999952316284,0.0,-0.0,0.0,0.0,-0.0,0.0,-0.0,1.4333454,1.4333454,-0.0,0.42274845,3.2498116,1.3811585,0.0,0.24489833,1.5532358,0.4470721,0.883395,0.0,0.0,0.0,0.28783274,0.1383698,0.56874496,0.0,1.5532358,0.0,0.8869374,0.8869374,0.24489833,-0.0,11.7,19.40176,19.444445,19.444445,2.0
resstock-amy2018-2021-release-1-457349,0.0,1.0301404,0.0,0.0,0.6853002,0.0,0.0,0.0,0.0,0.0,0.0,0.0,0.0,0.0,0.0,0.0,0.0,0.0,3.299999952316284,0.0,-0.0,0.0,0.0,-0.0,0.0,-0.0,0.41930485,0.41930485,-0.0,0.54520375,3.2498116,1.0301404,0.0,0.24269928,0.92799944,0.25980836,0.50356513,0.0,0.0,0.0,0.2799661,0.1383698,0.54263514,0.0,0.92799944,0.0,0.7297514,0.7297514,0.24269928,-0.0,11.1,19.16333,19.444445,19.444445,2.0
resstock-amy2018-2021-release-1-457349,0.5698811,0.43595177,0.37019974,0.0,0.0,0.39158466,0.0,0.0,0.0,0.0,0.0,0.0,0.0,0.0,0.0,0.0,0.0,0.0,3.299999952316284,0.0,-0.0,0.0,0.0,-0.0,0.0,-0.0,0.0,0.0,0.43595183,0.40368262,3.2498116,0.0,0.0,0.23940073,0.6309854,0.16874063,0.33190566,0.0,0.0,0.0,0.267424,0.1383698,0.52601165,0.0,0.6309854,0.0,0.83710414,0.83710414,0.23940073,-0.0,11.1,18.573017,17.777779,17.777779,2.0
resstock-amy2018-2021-release-1-457349,0.0,1.1305289,0.0,0.0,1.0746326,0.0,0.0,0.0,0.0,0.0,0.0,0.0,0.0,0.0,0.0,0.0,0.0,0.0,3.299999952316284,0.0,-0.0,0.0,0.0,-0.0,0.0,-0.0,1.1423745,1.1423745,-0.0,0.7394536,3.2498116,1.1305289,0.0,0.2383012,1.3129338,0.31638205,0.7227891,0.0,0.0,0.0,0.24097335,0.1383698,0.5505145,0.0,1.3129338,0.0,0.7728172,0.7728172,0.2383012,-0.0,11.1,18.895359,17.777779,17.777779,2.0
resstock-amy2018-2021-release-1-457349,0.0,0.18128537,0.0,0.0,4.2271765e-08,0.0,0.0,0.0,0.0,0.0,0.0,0.0,0.0,0.0,0.0,0.0,0.0,0.0,3.299999952316284,0.0,-0.0,0.0,0.0,-0.0,0.0,-0.0,0.0,0.0,0.18128528,0.6791317,3.2498116,8.940697e-08,0.0,0.25220335,0.25220338,0.05445101,0.13084754,0.0,0.0,0.0,0.2159012,0.1383698,0.5188176,0.0,0.25220338,0.0,0.33791536,0.33791536,0.25220335,-0.0,11.1,18.072273,17.777779,17.777779,2.0
resstock-amy2018-2021-release-1-457349,0.0,0.2631192,0.0,0.0,1.4110324e-08,0.0,0.0,0.0,0.0,0.0,0.0,0.0,0.0,0.0,0.0,0.0,0.0,0.0,3.299999952316284,0.0,-0.0,0.0,0.0,-0.0,0.0,-0.0,0.0,0.0,0.26311916,0.59271145,3.2498116,2.9802322e-08,0.0,0.23610216,0.23610218,0.04781224,0.12295467,0.0,0.0,0.0,0.20250656,0.1383698,0.5207689,0.0,0.23610218,0.0,0.3606796,0.3606796,0.23610216,-0.0,11.05,17.67709,17.777779,17.777779,2.0
resstock-amy2018-2021-release-1-457349,0.0,0.24895486,0.0,0.0,0.0,0.0,0.0,0.0,0.0,0.0,0.0,0.0,0.0,0.0,0.0,0.0,0.0,0.0,3.299999952316284,0.0,-0.0,0.0,0.0,-0.0,0.0,-0.0,0.0,0.0,0.24895486,0.5110865,3.2498116,0.0,0.0,0.23985946,0.23985946,0.0482129,0.12520024,0.0,0.0,0.0,0.20100479,0.1383698,0.5219733,0.0,0.23985946,0.0,0.35763168,0.35763168,0.23985946,-0.0,11.08,17.411064,17.777779,17.777779,2.0
resstock-amy2018-2021-release-1-457349,0.019889314,0.20461586,0.0,0.0,0.5196729,0.0,0.0,0.0,0.0,0.0,0.0,0.0,0.0,0.0,0.0,0.0,0.0,0.0,3.299999952316284,0.0,-0.0,0.0,0.0,-0.0,0.0,-0.0,0.8868755,0.8868755,-0.0,0.7711927,3.2498116,0.20461586,0.0,0.6103869,1.1300597,0.22969429,0.5930806,0.0,0.0,0.0,0.20325854,0.1383698,0.52482235,0.0,1.1300597,0.0,0.70780706,0.70780706,0.6103869,-0.0,10.85,17.217054,17.777779,17.777779,2.0
resstock-amy2018-2021-release-1-457349,0.0,0.1303993,0.0,0.0,4.959335e-08,0.0,0.0,0.0,0.0,0.0,0.0,0.0,0.0,0.0,0.0,0.0,0.0,0.0,3.299999952316284,0.0,-0.0,0.0,0.0,-0.0,0.0,-0.0,0.0,0.0,0.1303992,0.72711587,3.2498116,1.0430813e-07,0.0,0.3700914,0.37009147,0.08589982,0.19841251,0.0,0.0,0.0,0.2321043,0.1383698,0.5361175,0.0,0.37009147,0.0,0.43208984,0.43208984,0.3700914,-0.0,10.9,17.048103,17.814816,17.814816,2.0
resstock-amy2018-2021-release-1-457349,0.0,0.09830801,1.3102907,0.0,1.779414e-08,1.3859807,0.0,0.0,0.0,0.0,0.0,0.0,0.0,0.0,0.0,0.0,0.0,0.0,3.299999952316284,0.0,-0.0,0.0,0.0,-0.0,0.0,-0.0,0.0,0.0,0.098307975,0.69346803,3.2498116,3.7252903e-08,0.0,0.4939199,1.8799007,0.5257778,1.0135949,0.0,0.0,0.0,0.27968383,0.1383698,0.5391747,0.0,1.8799007,0.0,1.9268583,1.9268583,0.4939199,-0.0,10.733334,16.9249,19.972221,19.972221,2.0
resstock-amy2018-2021-release-1-457349,0.0,0.06236919,0.0,0.0,3.5719843e-08,0.0,0.0,0.0,0.0,0.0,0.0,0.0,0.0,0.0,0.0,0.0,0.0,0.0,3.299999952316284,0.0,-0.0,0.0,0.0,-0.0,0.0,-0.0,0.0,0.0,0.062369116,0.67145437,3.2498116,7.4505806e-08,0.0,0.6363609,0.63636094,0.19070679,0.3480676,0.0,0.0,0.0,0.29968336,0.1383698,0.5469657,0.0,0.63636094,0.0,0.66626215,0.66626215,0.6363609,-0.0,10.6,16.822437,19.444445,19.444445,2.0
resstock-amy2018-2021-release-1-457349,0.47172847,0.109391384,0.0,0.0,0.1228835,0.0,0.0,0.0,0.0,0.0,0.0,0.0,0.0,0.0,0.0,0.0,0.0,0.0,3.299999952316284,0.0,-0.0,0.0,0.0,-0.0,0.0,-0.0,0.1505136,0.1505136,-0.0,0.7139188,3.2498116,0.109391384,0.0,0.8416704,0.9633889,0.31053054,0.5370849,0.0,0.0,0.0,0.32233146,0.1383698,0.5574954,0.0,0.9633889,0.0,0.89222586,0.89339083,0.8416704,-0.0011649512,11.1,16.840017,17.777779,17.777779,2.0
resstock-amy2018-2021-release-1-457349,0.0,0.05296006,0.74078155,0.0,0.0,0.78357345,0.0,0.0,0.0,0.0,0.0,0.0,0.0,0.0,0.0,0.0,0.0,0.0,3.299999952316284,0.0,-0.0,0.0,0.0,-0.0,0.0,-0.0,0.0,0.0,0.052960146,0.6948671,3.2498116,0.0,0.0,1.0220344,1.8017457,0.5722065,1.0672766,0.0,0.0,0.0,0.3175845,0.1383698,0.592357,0.0,1.8017457,0.0,1.8263645,1.8302268,1.0220344,-0.0038622338,11.7,16.786388,17.777779,17.777779,2.0
resstock-amy2018-2021-release-1-457349,0.0,0.0720708,0.37039074,0.0,0.13943271,0.3917867,0.0,0.0,0.0,0.0,0.0,0.0,0.0,0.0,0.0,0.0,0.0,0.0,3.299999952316284,0.0,-0.0,0.0,0.0,-0.0,0.0,-0.0,0.23577124,0.23577124,-0.0,0.76241004,3.2498116,0.0720708,0.0,1.047628,1.5562288,0.45695582,0.95536643,0.0,0.0,0.0,0.29363024,0.1383698,0.61389846,0.0,1.5562288,0.0,1.4494395,1.4720582,1.047628,-0.022618677,12.6,16.897053,17.777779,17.777779,2.0
resstock-amy2018-2021-release-1-457349,0.0,0.05372523,0.0,0.0,0.0,0.0,0.0,0.0,0.0,0.0,0.0,0.0,0.0,0.0,0.0,0.0,0.0,0.0,3.299999952316284,0.0,-0.0,0.0,0.0,-0.0,0.0,-0.0,0.0,0.0,0.053725243,0.74297345,3.2498116,0.0,0.0,0.8114066,0.79422873,0.22405885,0.49757513,0.0,0.0,0.0,0.28210872,0.1383698,0.62648845,0.0,0.79422873,0.0,0.81806475,0.8352426,0.8114066,-0.017177852,13.3,16.785671,17.777779,17.777779,2.0
resstock-amy2018-2021-release-1-457349,0.0,0.0728136,0.0,0.0,3.568282e-08,0.0,0.0,0.0,0.0,0.0,0.0,0.0,0.0,0.0,0.0,0.0,0.0,0.0,3.299999952316284,0.0,-0.0,0.0,0.0,-0.0,0.0,-0.0,0.0,0.0,0.07281352,0.7174646,3.2498116,8.195639e-08,0.0,0.80874884,0.78248495,0.20669512,0.50238067,0.0,0.0,0.0,0.2641522,0.1383698,0.6420324,0.0,0.78248495,0.0,0.81418705,0.840451,0.80874884,-0.026263963,13.925,16.77588,17.777779,17.777779,2.0
resstock-amy2018-2021-release-1-457349,0.0,0.113495514,0.0,0.0,0.5504319,0.0,0.0,0.0,0.0,0.0,0.0,0.0,0.0,0.0,0.0,0.0,0.0,0.0,3.299999952316284,0.0,-0.0,0.0,0.0,-0.0,0.0,-0.0,0.9649313,0.9649313,-0.0,1.0,3.2498116,0.113495514,0.0,0.66304404,1.1840819,0.31100655,0.77360594,0.0,0.0,0.0,0.26265627,0.1383698,0.6533382,0.0,1.1840819,0.0,0.7525675,0.7819616,0.66304404,-0.029394062,13.033334,16.74681,17.777779,17.777779,2.0
resstock-amy2018-2021-release-1-457349,0.0,0.08012453,0.37038273,0.0,5.0175508e-08,0.3917782,0.0,0.0,0.0,0.0,0.0,0.0,0.0,0.0,0.0,0.0,0.0,0.0,3.299999952316284,0.0,-0.0,0.0,0.0,-0.0,0.0,-0.0,0.0,0.0,0.080124415,0.9714062,3.2498116,1.1175871e-07,0.0,0.59019166,0.9615691,0.2654848,0.63331336,0.0,0.0,0.0,0.27609542,0.1383698,0.65862495,0.0,0.9615691,0.0,0.99754196,1.0179428,0.59019166,-0.020400852,12.9,16.591644,17.777779,17.777779,2.0
resstock-amy2018-2021-release-1-457349,0.0,0.056850515,0.0,0.0,0.0,0.0,0.0,0.0,0.0,0.0,0.0,0.0,0.0,0.0,0.0,0.0,0.0,0.0,3.299999952316284,0.0,-0.0,0.0,0.0,-0.0,0.0,-0.0,0.0,0.0,0.05685052,0.9503663,3.2498116,0.0,0.0,0.5210966,0.5069029,0.14387809,0.3334577,0.0,0.0,0.0,0.2838376,0.1383698,0.6578335,0.0,0.5069029,0.0,0.5329537,0.5471474,0.5210966,-0.014193685,12.2,16.458855,17.777779,17.777779,2.0
resstock-amy2018-2021-release-1-457349,0.0,0.053154115,0.0,0.0,0.32342663,0.0,0.0,0.0,0.0,0.0,0.0,0.0,0.0,0.0,0.0,0.0,0.0,0.0,3.299999952316284,0.0,-0.0,0.0,0.0,-0.0,0.0,-0.0,0.1775363,0.1775363,-0.0,1.0,3.2498116,0.053154115,0.0,0.66810393,0.9851345,0.29833004,0.6440922,0.0,0.0,0.0,0.3028318,0.1383698,0.65381145,0.0,0.9851345,0.0,0.9037814,0.91017747,0.66810393,-0.006396041,12.2,16.473083,18.916666,18.916666,2.0
resstock-amy2018-2021-release-1-457349,0.0,0.08532229,0.0,0.0,0.58449996,0.0,0.0,0.0,0.0,0.0,0.0,0.0,0.0,0.0,0.0,0.0,0.0,0.0,3.299999952316284,0.0,-0.0,0.0,0.0,-0.0,0.0,-0.0,0.009734306,0.009734306,-0.0,1.0,3.2498116,0.08532229,0.0,0.6890047,1.2735047,0.3945199,0.8261716,0.0,0.0,0.0,0.30979067,0.1383698,0.6487385,0.0,1.2735047,0.0,1.2690442,1.2690442,0.6890047,0.0,12.2,16.412989,20.0,20.0,2.0
resstock-amy2018-2021-release-1-457349,0.0,0.11425822,0.0,0.0,0.7505953,0.0,0.0,0.0,0.0,0.0,0.0,0.0,0.0,0.0,0.0,0.0,0.0,0.0,3.299999952316284,0.0,-0.0,0.0,0.0,-0.0,0.0,-0.0,0.009734306,0.009734306,-0.0,1.0,3.2498116,0.11425822,0.0,0.327868,1.0784633,0.335323,0.68996257,0.0,0.0,0.0,0.31092668,0.1383698,0.63976455,0.0,1.0784633,0.0,1.0737965,1.0737965,0.327868,-0.0,10.6,16.356405,20.0,20.0,2.0
resstock-amy2018-2021-release-1-457349,0.0,0.10318254,0.0,0.0,0.6707143,0.0,0.0,0.0,0.0,0.0,0.0,0.0,0.0,0.0,0.0,0.0,0.0,0.0,3.299999952316284,0.0,-0.0,0.0,0.0,-0.0,0.0,-0.0,0.009734306,0.009734306,-0.0,1.0,3.2498116,0.10318254,0.0,0.6379254,1.3086398,0.40035948,0.8324518,0.0,0.0,0.0,0.3059356,0.1383698,0.6361199,0.0,1.3086398,0.0,1.303973,1.303973,0.6379254,-0.0,10.6,16.459055,20.0,20.0,2.0
resstock-amy2018-2021-release-1-457349,0.0,0.20102775,0.0,0.0,0.6791686,0.0,0.0,0.0,0.0,0.0,0.0,0.0,0.0,0.0,0.0,0.0,0.0,0.0,3.299999952316284,0.0,-0.0,0.0,0.0,-0.0,0.0,-0.0,0.009734306,0.009734306,-0.0,1.0,3.2498116,0.20102775,0.0,0.57213575,1.2513044,0.3527469,0.7928691,0.0,0.0,0.0,0.28190336,0.1383698,0.6336341,0.0,1.2513044,0.0,1.246702,1.246702,0.57213575,-0.0,11.1,16.653793,19.972221,19.972221,2.0
resstock-amy2018-2021-release-1-457349,0.0,0.34701076,0.0,0.0,0.46253923,0.0,0.0,0.0,0.0,0.0,0.0,0.0,0.0,0.0,0.0,0.0,0.0,0.0,3.299999952316284,0.0,-0.0,0.0,0.0,-0.0,0.0,-0.0,0.009734306,0.009734306,-0.0,1.0,3.2498116,0.34701076,0.0,0.24489833,0.7074376,0.1936111,0.4520165,0.0,0.0,0.0,0.2736794,0.1383698,0.638949,0.0,0.7074376,0.0,0.7028352,0.7028352,0.24489833,-0.0,11.1,16.849428,19.444445,19.444445,2.0
resstock-amy2018-2021-release-1-457349,0.46664274,0.19545995,0.0,0.0,0.7765247,0.0,0.0,0.0,0.0,0.0,0.0,0.0,0.0,0.0,0.0,0.0,0.0,0.0,3.299999952316284,0.0,-0.0,0.0,0.0,-0.0,0.0,-0.0,0.009734306,0.009734306,-0.0,1.0,3.2498116,0.19545995,0.0,0.24269928,1.019224,0.27870664,0.6560623,0.0,0.0,0.0,0.27344984,0.1383698,0.643688,0.0,1.019224,0.0,1.0146216,1.0146216,0.24269928,-0.0,11.1,16.697544,17.777779,17.777779,2.0
resstock-amy2018-2021-release-1-457349,0.0,0.16927874,0.0,0.0,0.7223102,0.0,0.0,0.0,0.0,0.0,0.0,0.0,0.0,0.0,0.0,0.0,0.0,0.0,3.299999952316284,0.0,-0.0,0.0,0.0,-0.0,0.0,-0.0,0.009734306,0.009734306,-0.0,1.0,3.2498116,0.16927874,0.0,0.23940073,0.96171093,0.2506678,0.6262015,0.0,0.0,0.0,0.26064777,0.1383698,0.65113276,0.0,0.96171093,0.0,0.95710856,0.95710856,0.23940073,-0.0,11.1,16.471233,17.777779,17.777779,2.0
resstock-amy2018-2021-release-1-457349,0.0,0.2522963,0.0,0.0,0.7186424,0.0,0.0,0.0,0.0,0.0,0.0,0.0,0.0,0.0,0.0,0.0,0.0,0.0,3.299999952316284,0.0,-0.0,0.0,0.0,-0.0,0.0,-0.0,0.009734306,0.009734306,-0.0,1.0,3.2498116,0.2522963,0.0,0.2383012,0.95694363,0.26840162,0.58969194,0.0,0.0,0.0,0.280478,0.1383698,0.6162243,0.0,0.95694363,0.0,0.95234126,0.95234126,0.2383012,-0.0,11.1,16.32959,17.777779,17.777779,2.0
resstock-amy2018-2021-release-1-457349,0.0,0.1530183,0.0,0.0,0.0,0.0,0.0,0.0,0.0,0.0,0.0,0.0,0.0,0.0,0.0,0.0,0.0,0.0,3.299999952316284,0.0,-0.0,0.0,0.0,-0.0,0.0,-0.0,0.0,0.0,0.15301837,0.9480047,3.2498116,0.0,0.0,0.25220335,0.25220335,0.06737787,0.16642196,0.0,0.0,0.0,0.26715693,0.1383698,0.6598722,0.0,0.25220335,0.0,0.32556397,0.32556397,0.25220335,-0.0,10.6,15.988731,17.777779,17.777779,2.0
resstock-amy2018-2021-release-1-457349,0.0,0.15764132,0.0,0.0,0.0,0.0,0.0,0.0,0.0,0.0,0.0,0.0,0.0,0.0,0.0,0.0,0.0,0.0,3.299999952316284,0.0,-0.0,0.0,0.0,-0.0,0.0,-0.0,0.0,0.0,0.1576414,0.8946746,3.2498116,0.0,0.0,0.23610216,0.23610216,0.060930293,0.15795986,0.0,0.0,0.0,0.2580675,0.1383698,0.66903186,0.0,0.23610216,0.0,0.31293184,0.31293184,0.23610216,-0.0,10.0,15.696646,17.777779,17.777779,2.0
resstock-amy2018-2021-release-1-457349,0.0,0.13574867,0.0,0.0,0.11378923,0.0,0.0,0.0,0.0,0.0,0.0,0.0,0.0,0.0,0.0,0.0,0.0,0.0,3.299999952316284,0.0,-0.0,0.0,0.0,-0.0,0.0,-0.0,0.090951115,0.090951115,-0.0,0.91893095,3.2498116,0.13574867,0.0,0.23985946,0.3536487,0.09008348,0.23963784,0.0,0.0,0.0,0.2547259,0.1383698,0.6776155,0.0,0.3536487,0.0,0.30799687,0.30799687,0.23985946,-0.0,8.9,15.430826,17.777779,17.777779,2.0
resstock-amy2018-2021-release-1-457349,0.0,0.15830635,0.0,0.0,0.46437123,0.0,0.0,0.0,0.0,0.0,0.0,0.0,0.0,0.0,0.0,0.0,0.0,0.0,3.299999952316284,0.0,-0.0,0.0,0.0,-0.0,0.0,-0.0,0.2838132,0.2838132,-0.0,1.0,3.2498116,0.15830635,0.0,0.25818723,0.7225585,0.18964203,0.48998457,0.0,0.0,0.0,0.26245907,0.1383698,0.6781244,0.0,0.7225585,0.0,0.57371193,0.57371193,0.25818723,-0.0,7.2,15.20899,17.777779,17.777779,2.0
resstock-amy2018-2021-release-1-457349,0.0,0.20497504,0.0,0.0,0.48700115,0.0,0.0,0.0,0.0,0.0,0.0,0.0,0.0,0.0,0.0,0.0,0.0,0.0,3.299999952316284,0.0,-0.0,0.0,0.0,-0.0,0.0,-0.0,0.009734306,0.009734306,-0.0,1.0,3.2498116,0.20497504,0.0,0.3700914,0.85709256,0.2298058,0.5774511,0.0,0.0,0.0,0.2681225,0.1383698,0.6737325,0.0,0.85709256,0.0,0.85198736,0.85198736,0.3700914,-0.0,7.2,15.147345,17.805555,17.805555,2.0
resstock-amy2018-2021-release-1-457349,0.0,0.32042402,0.0,0.0,0.61315966,0.0,0.0,0.0,0.0,0.0,0.0,0.0,0.0,0.0,0.0,0.0,0.0,0.0,3.299999952316284,0.0,-0.0,0.0,0.0,-0.0,0.0,-0.0,0.009734306,0.009734306,-0.0,1.0,3.2498116,0.32042402,0.0,0.34780914,0.9609688,0.28472918,0.6397821,0.0,0.0,0.0,0.29629388,0.1383698,0.6657678,0.0,0.9609688,0.0,0.95594096,0.95594096,0.34780914,-0.0,7.8,15.246188,19.972221,19.972221,2.0
resstock-amy2018-2021-release-1-457349,0.0,0.4430767,0.0,0.0,0.96187484,0.0,0.0,0.0,0.0,0.0,0.0,0.0,0.0,0.0,0.0,0.0,0.0,0.0,3.299999952316284,0.0,-0.0,0.0,0.0,-0.0,0.0,-0.0,0.009734306,0.009734306,-0.0,1.0,3.2498116,0.4430767,0.0,0.43743104,1.3993058,0.44682407,0.9160104,0.0,0.0,0.0,0.31931838,0.1383698,0.6546177,0.0,1.3993058,0.0,1.3941362,1.3941362,0.43743104,-0.0,6.7,15.413387,17.777779,17.777779,2.0
resstock-amy2018-2021-release-1-457349,0.0,0.4705961,0.0,0.0,0.6017414,0.0,0.0,0.0,0.0,0.0,0.0,0.0,0.0,0.0,0.0,0.0,0.0,0.0,3.299999952316284,0.0,-0.0,0.0,0.0,-0.0,0.0,-0.0,0.009734306,0.009734306,-0.0,1.0,3.2498116,0.4705961,0.0,0.63280356,1.2252518,0.41218424,0.78753203,0.0,0.0,0.0,0.33640778,0.1383698,0.64275116,0.0,1.2252518,0.0,1.2204303,1.2297235,0.63280356,-0.009293198,9.4,16.196264,19.925926,19.925926,2.0
resstock-amy2018-2021-release-1-457349,0.0,0.38257414,1.4822791,0.0,0.36915267,1.5679042,0.0,0.0,0.0,0.0,0.0,0.0,0.0,0.0,0.0,0.0,0.0,0.0,3.299999952316284,0.0,-0.0,0.0,0.0,-0.0,0.0,-0.0,0.009734306,0.009734306,-0.0,1.0,3.2498116,0.38257414,0.0,0.81250614,2.721784,0.9633878,1.7377304,0.0,0.0,0.0,0.35395452,0.1383698,0.6384527,0.0,2.721784,0.0,2.7172592,2.745038,0.81250614,-0.027778799,11.7,17.01196,20.0,20.0,2.0
resstock-amy2018-2021-release-1-457349,0.0,0.29678014,0.0,0.0,0.21535595,0.0,0.0,0.0,0.0,0.0,0.0,0.0,0.0,0.0,0.0,0.0,0.0,0.0,3.299999952316284,0.0,-0.0,0.0,0.0,-0.0,0.0,-0.0,0.009734306,0.009734306,-0.0,1.0,3.2498116,0.29678014,0.0,0.84054756,1.008803,0.33020613,0.64595777,0.0,0.0,0.0,0.3273247,0.1383698,0.640321,0.0,1.008803,0.0,1.004278,1.0513785,0.84054756,-0.04710055,11.7,17.573486,20.0,20.0,2.0
resstock-amy2018-2021-release-1-457349,0.1376976,0.23441714,0.0,0.0,4.7935625e-08,0.0,0.0,0.0,0.0,0.0,0.0,0.0,0.0,0.0,0.0,0.0,0.0,0.0,3.299999952316284,0.0,-0.0,0.0,0.0,-0.0,0.0,-0.0,0.0,0.0,0.23441704,0.9218729,3.2498116,1.0430813e-07,0.0,0.8114066,0.7555245,0.24654888,0.48022085,0.0,0.0,0.0,0.3263281,0.1383698,0.63561255,0.0,0.7555245,0.0,0.8632527,0.91913486,0.8114066,-0.055882152,12.1,17.900139,19.444445,19.444445,2.0
resstock-amy2018-2021-release-1-457349,0.0,0.15566646,0.0,0.0,0.0,0.0,0.0,0.0,0.0,0.0,0.0,0.0,0.0,0.0,0.0,0.0,0.0,0.0,3.299999952316284,0.0,-0.0,0.0,0.0,-0.0,0.0,-0.0,0.0,0.0,0.1556665,0.8692517,3.2498116,0.0,0.0,0.80874884,0.77864707,0.22785904,0.4895269,0.0,0.0,0.0,0.29263455,0.1383698,0.62868905,0.0,0.77864707,0.0,0.8487417,0.8788435,0.80874884,-0.03010178,12.8,17.545914,20.0,20.0,2.0
resstock-amy2018-2021-release-1-457349,0.0,0.1738129,0.0,0.0,4.1561314e-08,0.0,0.0,0.0,0.0,0.0,0.0,0.0,0.0,0.0,0.0,0.0,0.0,0.0,3.299999952316284,0.0,-0.0,0.0,0.0,-0.0,0.0,-0.0,0.0,0.0,0.1738128,0.8109561,3.2498116,8.940697e-08,0.0,0.66304404,0.64331216,0.18547319,0.40243778,0.0,0.0,0.0,0.28830978,0.1383698,0.62557155,0.0,0.64331216,0.0,0.72411,0.74384195,0.66304404,-0.019731915,11.7,17.181602,19.444445,19.444445,2.0
resstock-amy2018-2021-release-1-457349,0.0,0.21214755,0.0,0.0,2.7312847e-08,0.0,0.0,0.0,0.0,0.0,0.0,0.0,0.0,0.0,0.0,0.0,0.0,0.0,3.299999952316284,0.0,-0.0,0.0,0.0,-0.0,0.0,-0.0,0.0,0.0,0.21214749,0.7405211,3.2498116,5.9604645e-08,0.0,0.59019166,0.5577548,0.16734947,0.34663323,0.0,0.0,0.0,0.3000413,0.1383698,0.6214796,0.0,0.5577548,0.0,0.6549679,0.68740475,0.59019166,-0.032436863,12.2,17.58164,19.444445,19.444445,2.0
resstock-amy2018-2021-release-1-457349,0.6893361,0.2420477,0.0,0.0,0.15887024,0.0,0.0,0.0,0.0,0.0,0.0,0.0,0.0,0.0,0.0,0.0,0.0,0.0,3.299999952316284,0.0,-0.0,0.0,0.0,-0.0,0.0,-0.0,0.104653865,0.104653865,-0.0,0.7692614,3.2498116,0.2420477,0.0,0.5210966,0.6643473,0.20562363,0.40475237,0.0,0.0,0.0,0.30951226,0.1383698,0.60924816,0.0,0.6643473,0.0,0.61639136,0.6320109,0.5210966,-0.015619506,12.2,17.737608,17.777779,17.777779,2.0
resstock-amy2018-2021-release-1-457349,0.0,0.33567488,0.0,0.0,0.38416147,0.0,0.0,0.0,0.0,0.0,0.0,0.0,0.0,0.0,0.0,0.0,0.0,0.0,3.299999952316284,0.0,-0.0,0.0,0.0,-0.0,0.0,-0.0,0.49073574,0.49073574,-0.0,0.9117896,3.2498116,0.33567488,0.0,0.66810393,1.0442941,0.34428295,0.62301546,0.0,0.0,0.0,0.32968006,0.1383698,0.59659004,0.0,1.0442941,0.0,0.81617296,0.8241442,0.66810393,-0.007971235,11.7,17.806313,19.62963,19.62963,2.0
resstock-amy2018-2021-release-1-457349,0.0,0.20184898,0.0,0.0,4.286381e-08,0.0,0.0,0.0,0.0,0.0,0.0,0.0,0.0,0.0,0.0,0.0,0.0,0.0,3.299999952316284,0.0,-0.0,0.0,0.0,-0.0,0.0,-0.0,0.0,0.0,0.2018489,0.84437126,3.2498116,8.940697e-08,0.0,0.6689744,0.66830665,0.2305539,0.4047444,0.0,0.0,0.0,0.3449822,0.1383698,0.60562676,0.0,0.66830665,0.0,0.76507777,0.7657456,0.6689744,-0.0006678194,10.6,17.464874,20.0,20.0,2.0
resstock-amy2018-2021-release-1-457349,0.0,0.12067087,0.0,0.0,0.49532276,0.0,0.0,0.0,0.0,0.0,0.0,0.0,0.0,0.0,0.0,0.0,0.0,0.0,3.299999952316284,0.0,-0.0,0.0,0.0,-0.0,0.0,-0.0,0.5358848,0.5358848,-0.0,1.0,3.2498116,0.12067087,0.0,0.7007014,1.1960242,0.43424007,0.7150782,0.0,0.0,0.0,0.36306965,0.1383698,0.59787935,0.0,1.1960242,0.0,0.9348501,0.9348501,0.7007014,-0.0,10.0,17.407423,20.0,20.0,2.0
resstock-amy2018-2021-release-1-457349,0.0,0.1356384,0.0,0.0,0.28366405,0.0,0.0,0.0,0.0,0.0,0.0,0.0,0.0,0.0,0.0,0.0,0.0,0.0,3.299999952316284,0.0,-0.0,0.0,0.0,-0.0,0.0,-0.0,0.009734306,0.009734306,-0.0,1.0,3.2498116,0.1356384,0.0,0.6379254,0.92158943,0.32660705,0.5207163,0.0,0.0,0.0,0.3543954,0.1383698,0.56501985,0.0,0.92158943,0.0,0.9167679,0.9167679,0.6379254,-0.0,9.4,17.424698,19.398148,19.398148,2.0
resstock-amy2018-2021-release-1-457349,0.80640006,0.21267274,0.9205546,0.0,0.818203,0.9737312,0.0,0.0,0.0,0.0,0.0,0.0,0.0,0.0,0.0,0.0,0.0,0.0,3.299999952316284,0.0,-0.0,0.0,0.0,-0.0,0.0,-0.0,0.009734306,0.009734306,-0.0,1.0,3.2498116,0.21267274,0.0,1.3816353,3.1735694,1.0642035,1.7314565,0.0,0.0,0.0,0.3353333,0.1383698,0.54558647,0.0,3.1735694,0.0,3.1686835,3.1686835,1.3816353,-0.0,8.9,17.468523,17.777779,17.777779,2.0
resstock-amy2018-2021-release-1-457349,0.5295266,0.13553515,1.0642978,0.0,0.17245016,1.1257778,0.0,0.0,0.0,0.0,0.0,0.0,0.0,0.0,0.0,0.0,0.0,0.0,3.299999952316284,0.0,-0.0,0.0,0.0,-0.0,0.0,-0.0,0.009734306,0.009734306,-0.0,1.0,3.2498116,0.13553515,0.0,0.51125795,1.8094859,0.55167246,0.9573849,0.0,0.0,0.0,0.304878,0.1383698,0.5290922,0.0,1.8094859,0.0,1.8045225,1.8045225,0.51125795,-0.0,8.3,17.30534,17.777779,17.777779,2.0
resstock-amy2018-2021-release-1-457349,0.10523737,0.2200476,1.4268086,0.0,0.77987814,1.5092294,0.0,0.0,0.0,0.0,0.0,0.0,0.0,0.0,0.0,0.0,0.0,0.0,3.299999952316284,0.0,-0.0,0.0,0.0,-0.0,0.0,-0.0,0.009734306,0.009734306,-0.0,1.0,3.2498116,0.2200476,0.0,0.45509022,2.7441978,0.8358739,1.4182911,0.0,0.0,0.0,0.3045968,0.1383698,0.51683265,0.0,2.7441978,0.0,2.73917,2.73917,0.45509022,-0.0,7.8,17.131718,17.777779,17.777779,2.0
resstock-amy2018-2021-release-1-457349,0.0,0.16731425,0.0,0.0,0.86031514,0.0,0.0,0.0,0.0,0.0,0.0,0.0,0.0,0.0,0.0,0.0,0.0,0.0,3.299999952316284,0.0,-0.0,0.0,0.0,-0.0,0.0,-0.0,0.009734306,0.009734306,-0.0,1.0,3.2498116,0.16731425,0.0,0.23940073,1.0997158,0.3256589,0.56289756,0.0,0.0,0.0,0.29613003,0.1383698,0.5118573,0.0,1.0997158,0.0,1.0946107,1.0946107,0.23940073,-0.0,7.2,16.77559,17.777779,17.777779,2.0
resstock-amy2018-2021-release-1-457349,0.0,0.5477366,0.0,0.0,0.03585222,0.0,0.0,0.0,0.0,0.0,0.0,0.0,0.0,0.0,0.0,0.0,0.0,0.0,3.299999952316284,0.0,-0.0,0.0,0.0,-0.0,0.0,-0.0,0.0,0.0,0.47937536,0.8432327,3.2498116,0.06836122,0.0,0.2383012,0.2741534,0.07867337,0.13974768,0.0,0.0,0.0,0.2869684,0.1383698,0.5097426,0.0,0.2741534,0.0,0.52556306,0.52556306,0.2383012,-0.0,7.2,16.815237,17.777779,17.777779,2.0
resstock-amy2018-2021-release-1-457349,0.0,0.12011847,0.0,0.0,0.046852067,0.0,0.0,0.0,0.0,0.0,0.0,0.0,0.0,0.0,0.0,0.0,0.0,0.0,3.299999952316284,0.0,-0.0,0.0,0.0,-0.0,0.0,-0.0,0.0,0.0,0.031897206,0.83057165,3.2498116,0.08822127,0.0,0.25220335,0.2990554,0.08426849,0.15105145,0.0,0.0,0.0,0.2817822,0.1383698,0.5050952,0.0,0.2990554,0.0,0.3159952,0.3159952,0.25220335,-0.0,6.7,16.24774,17.777779,17.777779,2.0
resstock-amy2018-2021-release-1-457349,0.0,0.16485219,0.0,0.0,0.25973365,0.0,0.0,0.0,0.0,0.0,0.0,0.0,0.0,0.0,0.0,0.0,0.0,0.0,3.299999952316284,0.0,-0.0,0.0,0.0,-0.0,0.0,-0.0,0.3170097,0.3170097,-0.0,0.9216853,3.2498116,0.16485219,0.0,0.23610216,0.4958358,0.13776335,0.2505642,0.0,0.0,0.0,0.27784067,0.1383698,0.505337,0.0,0.4958358,0.0,0.324961,0.324961,0.23610216,-0.0,6.1,15.814821,17.777779,17.777779,2.0
resstock-amy2018-2021-release-1-457349,0.0,0.2666896,0.0,0.0,0.044283852,0.0,0.0,0.0,0.0,0.0,0.0,0.0,0.0,0.0,0.0,0.0,0.0,0.0,3.299999952316284,0.0,-0.0,0.0,0.0,-0.0,0.0,-0.0,0.0,0.0,0.18453349,0.8597974,3.2498116,0.08215611,0.0,0.23985946,0.28414333,0.07820194,0.14741373,0.0,0.0,0.0,0.27522007,0.1383698,0.5188006,0.0,0.28414333,0.0,0.38361073,0.38361073,0.23985946,-0.0,6.1,15.610809,17.777779,17.777779,2.0
resstock-amy2018-2021-release-1-457349,0.0,0.21473032,0.0,0.0,0.251101,0.0,0.0,0.0,0.0,0.0,0.0,0.0,0.0,0.0,0.0,0.0,0.0,0.0,3.299999952316284,0.0,-0.0,0.0,0.0,-0.0,0.0,-0.0,0.23885714,0.23885714,-0.0,0.927777,3.2498116,0.21473032,0.0,0.25818723,0.5092882,0.14078751,0.27548954,0.0,0.0,0.0,0.2764398,0.1383698,0.54093057,0.0,0.5092882,0.0,0.37705952,0.37705952,0.25818723,-0.0,5.0,15.32664,17.777779,17.777779,2.0
resstock-amy2018-2021-release-1-457349,0.0,0.1574187,0.0,0.0,0.0,0.0,0.0,0.0,0.0,0.0,0.0,0.0,0.0,0.0,0.0,0.0,0.0,0.0,3.299999952316284,0.0,-0.0,0.0,0.0,-0.0,0.0,-0.0,0.0,0.0,0.15741882,0.87457633,3.2498116,0.0,0.0,0.292185,0.292185,0.08239485,0.16055766,0.0,0.0,0.0,0.28199548,0.1383698,0.54950684,0.0,0.292185,0.0,0.38162363,0.38162363,0.292185,-0.0,3.9,15.0134115,17.777779,17.777779,2.0
resstock-amy2018-2021-release-1-457349,0.0,0.16103007,0.0,0.0,0.33526734,0.0,0.0,0.0,0.0,0.0,0.0,0.0,0.0,0.0,0.0,0.0,0.0,0.0,3.299999952316284,0.0,-0.0,0.0,0.0,-0.0,0.0,-0.0,0.42092678,0.42092678,-0.0,0.99621284,3.2498116,0.16103007,0.0,0.34780914,0.6830765,0.21230443,0.3777067,0.0,0.0,0.0,0.3108062,0.1383698,0.55294937,0.0,0.6830765,0.0,0.44057912,0.44057912,0.34780914,-0.0,3.3,14.769171,17.777779,17.777779,2.0
resstock-amy2018-2021-release-1-457349,0.0,0.13490856,0.0,0.0,0.5990474,0.0,0.0,0.0,0.0,0.0,0.0,0.0,0.0,0.0,0.0,0.0,0.0,0.0,3.299999952316284,0.0,-0.0,0.0,0.0,-0.0,0.0,-0.0,0.0225381,0.0225381,-0.0,1.0,3.2498116,0.13490856,0.0,0.43743104,1.0364785,0.35478508,0.580925,0.0,0.0,0.0,0.34229854,0.1383698,0.5604795,0.0,1.0364785,0.0,1.023345,1.023345,0.43743104,-0.0,2.8,14.595253,17.796297,17.796297,2.0
resstock-amy2018-2021-release-1-457349,0.0,0.15363935,0.0,0.0,0.59192353,0.0,0.0,0.0,0.0,0.0,0.0,0.0,0.0,0.0,0.0,0.0,0.0,0.0,3.299999952316284,0.0,-0.0,0.0,0.0,-0.0,0.0,-0.0,0.009734306,0.009734306,-0.0,1.0,3.2498116,0.15363935,0.0,0.8416704,1.4251285,0.5286862,0.8080121,0.0,0.0,0.0,0.37097445,0.1383698,0.56697494,0.0,1.4251285,0.0,1.4200233,1.4284889,0.8416704,-0.008465534,7.2,15.257088,20.0,20.0,2.0
resstock-amy2018-2021-release-1-457349,0.0,0.12463923,0.0,0.0,0.0,0.0,0.0,0.0,0.0,0.0,0.0,0.0,0.0,0.0,0.0,0.0,0.0,0.0,3.299999952316284,0.0,-0.0,0.0,0.0,-0.0,0.0,-0.0,0.0,0.0,0.12463928,0.9571154,3.2498116,0.0,0.0,1.0220344,0.99380255,0.3590233,0.5829629,0.0,0.0,0.0,0.3612622,0.1383698,0.5865983,0.0,0.99380255,0.0,1.0555384,1.0837703,1.0220344,-0.028231882,9.4,15.967611,20.0,20.0,2.0
resstock-amy2018-2021-release-1-457349,0.0,0.2123783,0.0,0.0,0.0,0.0,0.0,0.0,0.0,0.0,0.0,0.0,0.0,0.0,0.0,0.0,0.0,0.0,3.299999952316284,0.0,-0.0,0.0,0.0,-0.0,0.0,-0.0,0.0,0.0,0.21237831,0.8861866,3.2498116,0.0,0.0,0.84054756,0.7921586,0.26155874,0.47665676,0.0,0.0,0.0,0.33018482,0.1383698,0.60171884,0.0,0.7921586,0.0,0.89397776,0.9423667,0.84054756,-0.04838893,10.6,16.670048,20.0,20.0,2.0
resstock-amy2018-2021-release-1-457349,0.0,0.38560915,0.0,0.0,4.2271765e-08,0.0,0.0,0.0,0.0,0.0,0.0,0.0,0.0,0.0,0.0,0.0,0.0,0.0,3.299999952316284,0.0,-0.0,0.0,0.0,-0.0,0.0,-0.0,0.0,0.0,0.38560906,0.7598483,3.2498116,8.940697e-08,0.0,0.8114066,0.75163347,0.24198447,0.46307284,0.0,0.0,0.0,0.32194477,0.1383698,0.6160886,0.0,0.75163347,0.0,0.93395007,0.9937233,0.8114066,-0.05977318,11.1,17.41187,20.0,20.0,2.0
resstock-amy2018-2021-release-1-457349,0.0,0.54790384,0.0,0.0,0.0,0.0,0.0,0.0,0.0,0.0,0.0,0.0,0.0,0.0,0.0,0.0,0.0,0.0,3.299999952316284,0.0,-0.0,0.0,0.0,-0.0,0.0,-0.0,0.0,0.0,0.54790384,0.5817704,3.2498116,0.0,0.0,0.80874884,0.7477504,0.2297748,0.4619881,0.0,0.0,0.0,0.3072881,0.1383698,0.6178373,0.0,0.7477504,0.0,1.0024464,1.0634449,0.80874884,-0.060998414,11.7,18.129585,20.0,20.0,2.0
resstock-amy2018-2021-release-1-457349,0.0,0.5787883,0.7414849,0.0,0.0,0.7843174,0.0,0.0,0.0,0.0,0.0,0.0,0.0,0.0,0.0,0.0,0.0,0.0,3.299999952316284,0.0,-0.0,0.0,0.0,-0.0,0.0,-0.0,0.0,0.0,0.5787883,0.39428884,3.2498116,0.0,0.0,0.66304404,1.3968223,0.42235434,0.84468657,0.0,0.0,0.0,0.302368,0.1383698,0.6047201,0.0,1.3968223,0.0,1.6574433,1.7079823,0.66304404,-0.05053905,12.8,18.658941,20.0,20.0,2.0
resstock-amy2018-2021-release-1-457349,0.0,0.18389335,0.0,0.0,0.0,0.0,0.0,0.0,0.0,0.0,0.0,0.0,0.0,0.0,0.0,0.0,0.0,0.0,3.299999952316284,0.0,-0.0,0.0,0.0,-0.0,0.0,-0.0,0.0,0.0,0.1838934,0.3341206,3.2498116,0.0,0.0,0.59019166,0.55727094,0.17185587,0.32602647,0.0,0.0,0.0,0.30838835,0.1383698,0.5850412,0.0,0.55727094,0.0,0.6415371,0.6744578,0.59019166,-0.032920726,12.2,18.576124,20.162037,20.162037,2.0
resstock-amy2018-2021-release-1-457349,0.0,0.35881156,0.0,0.0,0.0,0.0,0.0,0.0,0.0,0.0,0.0,0.0,0.0,0.0,0.0,0.0,0.0,0.0,3.299999952316284,0.0,-0.0,0.0,0.0,-0.0,0.0,-0.0,0.0,0.0,0.35881156,0.21797024,3.2498116,0.0,0.0,0.7492653,0.73619497,0.2353448,0.42226863,0.0,0.0,0.0,0.31967726,0.1383698,0.5735826,0.0,0.73619497,0.0,0.89776325,0.9108336,0.7492653,-0.013070321,12.8,18.797783,21.11111,21.11111,2.0
resstock-amy2018-2021-release-1-457349,0.53635216,0.28201285,0.0,0.0,0.3294115,0.0,0.0,0.0,0.0,0.0,0.0,0.0,0.0,0.0,0.0,0.0,0.0,0.0,3.299999952316284,0.0,-0.0,0.0,0.0,-0.0,0.0,-0.0,0.43685976,0.43685976,-0.0,0.3461911,3.2498116,0.28201285,0.0,0.9485285,1.2700231,0.42073417,0.71632445,0.0,0.0,0.0,0.3312807,0.1383698,0.56402475,0.0,1.2700231,0.0,1.0698394,1.0777563,0.9485285,-0.0079169255,12.2,18.559341,20.212963,20.212963,2.0
resstock-amy2018-2021-release-1-457349,0.0,0.19386366,0.0,0.0,0.44072133,0.0,0.0,0.0,0.0,0.0,0.0,0.0,0.0,0.0,0.0,0.0,0.0,0.0,3.299999952316284,0.0,-0.0,0.0,0.0,-0.0,0.0,-0.0,0.7382848,0.7382848,-0.0,0.56294566,3.2498116,0.19386366,0.0,0.6689744,1.109355,0.38304678,0.6253553,0.0,0.0,0.0,0.34528783,0.1383698,0.56371075,0.0,1.109355,0.0,0.76029265,0.76063335,0.6689744,-0.00034069308,11.1,18.306904,20.0,20.0,2.0
resstock-amy2018-2021-release-1-457349,0.0,0.28670153,0.0,0.0,0.7944307,0.0,0.0,0.0,0.0,0.0,0.0,0.0,0.0,0.0,0.0,0.0,0.0,0.0,3.299999952316284,0.0,-0.0,0.0,0.0,-0.0,0.0,-0.0,1.3433349,1.3433349,-0.0,0.9575303,3.2498116,0.28670153,0.0,0.7007014,1.4951321,0.51061386,0.8517053,0.0,0.0,0.0,0.34151754,0.1383698,0.5696522,0.0,1.4951321,0.0,0.8404311,0.8404311,0.7007014,-0.0,10.0,18.41298,20.0,20.0,2.0
resstock-amy2018-2021-release-1-457349,0.4801241,0.13887282,0.0,0.0,0.6770539,0.0,0.0,0.0,0.0,0.0,0.0,0.0,0.0,0.0,0.0,0.0,0.0,0.0,3.299999952316284,0.0,-0.0,0.0,0.0,-0.0,0.0,-0.0,0.15331595,0.15331595,-0.0,1.0,3.2498116,0.13887282,0.0,0.6379254,1.3149793,0.43998584,0.7140795,0.0,0.0,0.0,0.33459526,0.1383698,0.5430348,0.0,1.3149793,0.0,1.2380242,1.2380242,0.6379254,-0.0,8.9,18.323591,18.675926,18.675926,2.0
resstock-amy2018-2021-release-1-457349,0.5837785,0.15889603,0.37074193,0.0,0.5912406,0.39215815,0.0,0.0,0.0,0.0,0.0,0.0,0.0,0.0,0.0,0.0,0.0,0.0,3.299999952316284,0.0,-0.0,0.0,0.0,-0.0,0.0,-0.0,0.009734306,0.009734306,-0.0,1.0,3.2498116,0.15889603,0.0,0.57213575,1.5555345,0.509085,0.8277623,0.0,0.0,0.0,0.32727337,0.1383698,0.53214014,0.0,1.5555345,0.0,1.5506485,1.5506485,0.57213575,-0.0,8.9,18.297338,17.777779,17.777779,2.0
resstock-amy2018-2021-release-1-457349,0.24185662,0.120559454,1.0197054,0.0,0.26397228,1.0786096,0.0,0.0,0.0,0.0,0.0,0.0,0.0,0.0,0.0,0.0,0.0,0.0,3.299999952316284,0.0,-0.0,0.0,0.0,-0.0,0.0,-0.0,0.009734306,0.009734306,-0.0,1.0,3.2498116,0.120559454,0.0,0.51125795,1.8538399,0.5733597,1.001145,0.0,0.0,0.0,0.3092822,0.1383698,0.5400386,0.0,1.8538399,0.0,1.8489538,1.8489538,0.51125795,-0.0,8.9,18.155561,18.398148,18.398148,2.0
resstock-amy2018-2021-release-1-457349,2.176405,0.10573533,3.6495895,0.0,0.67478645,3.8604112,0.0,0.0,0.0,0.0,0.0,0.0,0.0,0.0,0.0,0.0,0.0,0.0,3.299999952316284,0.0,-0.0,0.0,0.0,-0.0,0.0,-0.0,0.009734306,0.009734306,-0.0,1.0,3.2498116,0.10573533,0.0,0.45509022,4.990288,1.530196,2.6727583,0.0,0.0,0.0,0.3066348,0.1383698,0.535592,0.0,4.990288,0.0,4.9849763,4.9849763,0.45509022,-0.0,5.6,17.698772,17.777779,17.777779,2.0
resstock-amy2018-2021-release-1-457349,0.0,0.13291092,0.0,0.0,0.90806943,0.0,0.0,0.0,0.0,0.0,0.0,0.0,0.0,0.0,0.0,0.0,0.0,0.0,3.299999952316284,0.0,-0.0,0.0,0.0,-0.0,0.0,-0.0,0.009734306,0.009734306,-0.0,1.0,3.2498116,0.13291092,0.0,0.35929742,1.2673669,0.38266596,0.679145,0.0,0.0,0.0,0.3019378,0.1383698,0.53587085,0.0,1.2673669,0.0,1.2621199,1.2621199,0.35929742,-0.0,6.1,17.31828,17.777779,17.777779,2.0
resstock-amy2018-2021-release-1-457349,0.0,0.15464757,0.0,0.0,0.50898314,0.0,0.0,0.0,0.0,0.0,0.0,0.0,0.0,0.0,0.0,0.0,0.0,0.0,3.299999952316284,0.0,-0.0,0.0,0.0,-0.0,0.0,-0.0,0.009734306,0.009734306,-0.0,1.0,3.2498116,0.15464757,0.0,0.2383012,0.74728435,0.21345319,0.40331888,0.0,0.0,0.0,0.2856385,0.1383698,0.5397127,0.0,0.74728435,0.0,0.7418182,0.7418182,0.2383012,-0.0,4.4,16.827536,17.777779,17.777779,2.0
resstock-amy2018-2021-release-1-457349,0.0,0.1223877,0.0,0.0,0.30805114,0.0,0.0,0.0,0.0,0.0,0.0,0.0,0.0,0.0,0.0,0.0,0.0,0.0,3.299999952316284,0.0,-0.0,0.0,0.0,-0.0,0.0,-0.0,0.009734306,0.009734306,-0.0,1.0,3.2498116,0.1223877,0.0,0.25220335,0.56025445,0.1412064,0.29329854,0.0,0.0,0.0,0.25203976,0.1383698,0.5235095,0.0,0.56025445,0.0,0.5547883,0.5547883,0.25220335,-0.0,4.4,16.390678,17.908497,17.908497,2.0
resstock-amy2018-2021-release-1-457349,0.0,0.23876253,0.0,0.0,0.6497571,0.0,0.0,0.0,0.0,0.0,0.0,0.0,0.0,0.0,0.0,0.0,0.0,0.0,3.299999952316284,0.0,-0.0,0.0,0.0,-0.0,0.0,-0.0,0.009734306,0.009734306,-0.0,1.0,3.2498116,0.23876253,0.0,0.23610216,0.88585925,0.21048628,0.44409004,0.0,0.0,0.0,0.23760691,0.1383698,0.50130993,0.0,0.88585925,0.0,0.88032866,0.88032866,0.23610216,-0.0,3.9,16.108793,18.039215,18.039215,2.0
resstock-amy2018-2021-release-1-457349,0.0,0.39603028,0.0,0.0,0.9049141,0.0,0.0,0.0,0.0,0.0,0.0,0.0,0.0,0.0,0.0,0.0,0.0,0.0,3.299999952316284,0.0,-0.0,0.0,0.0,-0.0,0.0,-0.0,0.009734306,0.009734306,-0.0,1.0,3.2498116,0.39603028,0.0,0.23985946,1.1447735,0.2558706,0.56142896,0.0,0.0,0.0,0.22351201,0.1383698,0.49042797,0.0,1.1447735,0.0,1.1391655,1.1391655,0.23985946,-0.0,3.3,15.973242,18.169935,18.169935,2.0
resstock-amy2018-2021-release-1-457349,0.0,0.1625633,0.0,0.0,0.278401,0.0,0.0,0.0,0.0,0.0,0.0,0.0,0.0,0.0,0.0,0.0,0.0,0.0,3.299999952316284,0.0,-0.0,0.0,0.0,-0.0,0.0,-0.0,0.009734306,0.009734306,-0.0,1.0,3.2498116,0.1625633,0.0,0.25818723,0.5365882,0.11800905,0.26568452,0.0,0.0,0.0,0.21992481,0.1383698,0.49513674,0.0,0.5365882,0.0,0.5309802,0.5309802,0.25818723,-0.0,3.3,15.60489,18.300653,18.300653,2.0
resstock-amy2018-2021-release-1-457349,0.0,0.13734227,0.0,0.0,0.74873424,0.0,0.0,0.0,0.0,0.0,0.0,0.0,0.0,0.0,0.0,0.0,0.0,0.0,3.299999952316284,0.0,-0.0,0.0,0.0,-0.0,0.0,-0.0,0.009734306,0.009734306,-0.0,1.0,3.2498116,0.13734227,0.0,0.292185,1.0409193,0.21663558,0.5245964,0.0,0.0,0.0,0.20811948,0.1383698,0.50397414,0.0,1.0409193,0.0,1.0354532,1.0354532,0.292185,-0.0,4.4,15.374699,18.431372,18.431372,2.0
resstock-amy2018-2021-release-1-457349,0.0,0.08795479,0.0,0.0,0.8412016,0.0,0.0,0.0,0.0,0.0,0.0,0.0,0.0,0.0,0.0,0.0,0.0,0.0,3.299999952316284,0.0,-0.0,0.0,0.0,-0.0,0.0,-0.0,0.009734306,0.009734306,-0.0,1.0,3.2498116,0.08795479,0.0,0.34780914,1.1890107,0.2900646,0.62800664,0.0,0.0,0.0,0.24395457,0.1383698,0.5281758,0.0,1.1890107,0.0,1.1834028,1.1834028,0.34780914,-0.0,3.3,15.057457,18.562092,18.562092,2.0
resstock-amy2018-2021-release-1-457349,0.0,0.15337066,0.0,0.0,0.8910791,0.0,0.0,0.0,0.0,0.0,0.0,0.0,0.0,0.0,0.0,0.0,0.0,0.0,3.299999952316284,0.0,-0.0,0.0,0.0,-0.0,0.0,-0.0,0.009734306,0.009734306,-0.0,1.0,3.2498116,0.15337066,0.0,0.43743104,1.3285102,0.35911846,0.7540049,0.0,0.0,0.0,0.2703167,0.1383698,0.56755674,0.0,1.3285102,0.0,1.3229022,1.3229022,0.43743104,-0.0,3.3,14.92345,18.69281,18.69281,2.0
resstock-amy2018-2021-release-1-457349,0.0,0.17763278,0.0,0.0,0.7284901,0.0,0.0,0.0,0.0,0.0,0.0,0.0,0.0,0.0,0.0,0.0,0.0,0.0,3.299999952316284,0.0,-0.0,0.0,0.0,-0.0,0.0,-0.0,0.009734306,0.009734306,-0.0,1.0,3.2498116,0.17763278,0.0,0.8416704,1.5604877,0.44321603,0.91785944,0.0,0.0,0.0,0.28402403,0.1383698,0.5881875,0.0,1.5604877,0.0,1.5553826,1.5650554,0.8416704,-0.009672804,7.2,15.446614,18.82353,18.82353,2.0
resstock-amy2018-2021-release-1-457349,0.0,0.17609787,0.66286844,0.0,0.38775492,0.7011596,0.0,0.0,0.0,0.0,0.0,0.0,0.0,0.0,0.0,0.0,0.0,0.0,3.299999952316284,0.0,-0.0,0.0,0.0,-0.0,0.0,-0.0,0.009734306,0.009734306,-0.0,1.0,3.2498116,0.17609787,0.0,1.0220344,2.0826354,0.60728306,1.2558432,0.0,0.0,0.0,0.29159355,0.1383698,0.6030067,0.0,2.0826354,0.0,2.0777495,2.1060631,1.0220344,-0.028313609,8.9,15.9129715,18.954248,18.954248,2.0
resstock-amy2018-2021-release-1-457349,0.0,0.19985378,0.0,0.0,5.8099022e-08,0.0,0.0,0.0,0.0,0.0,0.0,0.0,0.0,0.0,0.0,0.0,0.0,0.0,3.299999952316284,0.0,-0.0,0.0,0.0,-0.0,0.0,-0.0,0.0,0.0,0.19985366,0.932969,3.2498116,1.1920929e-07,0.0,1.047628,1.002409,0.29224765,0.6128794,0.0,0.0,0.0,0.29154533,0.1383698,0.6114065,0.0,1.002409,0.0,1.0998117,1.1450307,1.047628,-0.04521912,10.0,16.324106,19.084967,19.084967,2.0
resstock-amy2018-2021-release-1-457349,0.0,0.22258458,0.0,0.0,0.0,0.0,0.0,0.0,0.0,0.0,0.0,0.0,0.0,0.0,0.0,0.0,0.0,0.0,3.299999952316284,0.0,-0.0,0.0,0.0,-0.0,0.0,-0.0,0.0,0.0,0.22258459,0.8588329,3.2498116,0.0,0.0,1.0217382,0.9704269,0.26452354,0.60344434,0.0,0.0,0.0,0.2725847,0.1383698,0.62183386,0.0,0.9704269,0.0,1.0738965,1.1252078,1.0217382,-0.051311247,11.7,16.722725,19.215687,19.215687,2.0
resstock-amy2018-2021-release-1-457349,0.0,0.20180912,0.0,0.0,0.0,0.0,0.0,0.0,0.0,0.0,0.0,0.0,0.0,0.0,0.0,0.0,0.0,0.0,3.299999952316284,0.0,-0.0,0.0,0.0,-0.0,0.0,-0.0,0.0,0.0,0.20180912,0.79157937,3.2498116,0.0,0.0,1.0229869,0.9728934,0.2676507,0.61396176,0.0,0.0,0.0,0.27510792,0.1383698,0.6310679,0.0,0.9728934,0.0,1.0653691,1.1154625,1.0229869,-0.05009345,12.2,17.002626,19.346405,19.346405,2.0
resstock-amy2018-2021-release-1-457349,0.0,0.31776828,0.0,0.0,4.0258815e-08,0.0,0.0,0.0,0.0,0.0,0.0,0.0,0.0,0.0,0.0,0.0,0.0,0.0,3.299999952316284,0.0,-0.0,0.0,0.0,-0.0,0.0,-0.0,0.0,0.0,0.3177682,0.6872919,3.2498116,8.940697e-08,0.0,0.87722313,0.828995,0.22723386,0.5240277,0.0,0.0,0.0,0.27410764,0.1383698,0.63212407,0.0,0.828995,0.0,0.97208196,1.0203102,0.87722313,-0.04822819,12.8,17.464676,19.477123,19.477123,2.0
resstock-amy2018-2021-release-1-457349,0.0,0.44909668,0.0,0.0,0.0,0.0,0.0,0.0,0.0,0.0,0.0,0.0,0.0,0.0,0.0,0.0,0.0,0.0,3.299999952316284,0.0,-0.0,0.0,0.0,-0.0,0.0,-0.0,0.0,0.0,0.44909668,0.5411429,3.2498116,0.0,0.0,0.799016,0.76216304,0.21292068,0.47597143,0.0,0.0,0.0,0.2793637,0.1383698,0.6245008,0.0,0.76216304,0.0,0.9643855,1.0012385,0.799016,-0.036852986,12.8,17.864624,19.607843,19.607843,2.0
resstock-amy2018-2021-release-1-457349,0.0,0.70460284,0.0,0.0,0.0,0.0,0.0,0.0,0.0,0.0,0.0,0.0,0.0,0.0,0.0,0.0,0.0,0.0,3.299999952316284,0.0,-0.0,0.0,0.0,-0.0,0.0,-0.0,0.0,0.0,0.70460284,0.31338704,3.2498116,0.0,0.0,0.7492653,0.7254941,0.20599665,0.44355282,0.0,0.0,0.0,0.2839398,0.1383698,0.61138034,0.0,0.7254941,0.0,1.0381019,1.0618732,0.7492653,-0.023771254,13.3,18.392525,19.738562,19.738562,2.0
resstock-amy2018-2021-release-1-457349,0.09827386,0.5776901,0.6628644,0.0,0.6263807,0.7011553,0.0,0.0,0.0,0.0,0.0,0.0,0.0,0.0,0.0,0.0,0.0,0.0,3.299999952316284,0.0,-0.0,0.0,0.0,-0.0,0.0,-0.0,0.81337893,0.81337893,-0.0,0.5523839,3.2498116,0.5776901,0.0,0.66810393,1.98401,0.58797294,1.1955708,0.0,0.0,0.0,0.29635584,0.1383698,0.60260326,0.0,1.98401,0.0,1.6177559,1.6293858,0.66810393,-0.01162994,12.8,18.561245,19.869282,19.869282,2.0
resstock-amy2018-2021-release-1-457349,0.0,0.56025696,0.0,0.0,2.7312847e-08,0.0,0.0,0.0,0.0,0.0,0.0,0.0,0.0,0.0,0.0,0.0,0.0,0.0,3.299999952316284,0.0,-0.0,0.0,0.0,-0.0,0.0,-0.0,0.0,0.0,0.5602569,0.3709359,3.2498116,5.9604645e-08,0.0,0.6689744,0.668634,0.21023247,0.4002024,0.0,0.0,0.0,0.31442085,0.1383698,0.5985373,0.0,0.668634,0.0,0.92536247,0.92570287,0.6689744,-0.00034042925,12.2,18.652615,20.0,20.0,2.0
resstock-amy2018-2021-release-1-457349,0.0,0.09182625,0.37090194,0.0,0.0,0.39232743,0.0,0.0,0.0,0.0,0.0,0.0,0.0,0.0,0.0,0.0,0.0,0.0,3.299999952316284,0.0,-0.0,0.0,0.0,-0.0,0.0,-0.0,0.0,0.0,0.09182627,0.34039146,3.2498116,0.0,0.0,0.7007014,1.0930288,0.35364518,0.64553034,0.0,0.0,0.0,0.32354608,0.1383698,0.5905886,0.0,1.0930288,0.0,1.1351067,1.1351067,0.7007014,-0.0,12.2,18.429573,20.0,20.0,2.0
resstock-amy2018-2021-release-1-457349,0.0,0.13283885,0.0,0.0,0.025041314,0.0,0.0,0.0,0.0,0.0,0.0,0.0,0.0,0.0,0.0,0.0,0.0,0.0,3.299999952316284,0.0,-0.0,0.0,0.0,-0.0,0.0,-0.0,0.0,0.0,0.07896981,0.3140621,3.2498116,0.05386904,0.0,0.6379254,0.6629667,0.21456693,0.37526333,0.0,0.0,0.0,0.3236466,0.1383698,0.56603646,0.0,0.6629667,0.0,0.6996763,0.6996763,0.6379254,-0.0,11.7,18.41932,20.0,20.0,2.0
resstock-amy2018-2021-release-1-457349,0.0,0.1236044,0.0,0.0,0.28881687,0.0,0.0,0.0,0.0,0.0,0.0,0.0,0.0,0.0,0.0,0.0,0.0,0.0,3.299999952316284,0.0,-0.0,0.0,0.0,-0.0,0.0,-0.0,0.49770027,0.49770027,-0.0,0.45995128,3.2498116,0.1236044,0.0,0.57213575,0.8609526,0.2650862,0.47241104,0.0,0.0,0.0,0.30789873,0.1383698,0.54870737,0.0,0.8609526,0.0,0.62959397,0.62959397,0.57213575,-0.0,11.7,18.383759,20.0,20.0,2.0
resstock-amy2018-2021-release-1-457349,0.0,0.21858357,0.0,0.0,0.3796295,0.0,0.0,0.0,0.0,0.0,0.0,0.0,0.0,0.0,0.0,0.0,0.0,0.0,3.299999952316284,0.0,-0.0,0.0,0.0,-0.0,0.0,-0.0,0.5980778,0.5980778,-0.0,0.63502675,3.2498116,0.21858357,0.0,0.51125795,0.89088744,0.2658841,0.4846096,0.0,0.0,0.0,0.2984486,0.1383698,0.5439628,0.0,0.89088744,0.0,0.6128677,0.6128677,0.51125795,-0.0,11.7,18.355637,19.981482,19.981482,2.0
resstock-amy2018-2021-release-1-457349,0.0,0.15988714,0.0,0.0,0.13892794,0.0,0.0,0.0,0.0,0.0,0.0,0.0,0.0,0.0,0.0,0.0,0.0,0.0,3.299999952316284,0.0,-0.0,0.0,0.0,-0.0,0.0,-0.0,0.1339528,0.1339528,-0.0,0.67271143,3.2498116,0.15988714,0.0,0.24269928,0.3816272,0.112904415,0.20903814,0.0,0.0,0.0,0.29585,0.1383698,0.5477548,0.0,0.3816272,0.0,0.3182941,0.3182941,0.24269928,-0.0,11.1,18.08532,19.444445,19.444445,2.0
resstock-amy2018-2021-release-1-457349,0.55369526,0.15300992,0.0,0.0,0.0,0.0,0.0,0.0,0.0,0.0,0.0,0.0,0.0,0.0,0.0,0.0,0.0,0.0,3.299999952316284,0.0,-0.0,0.0,0.0,-0.0,0.0,-0.0,0.0,0.0,0.15300992,0.6216585,3.2498116,0.0,0.0,0.23940073,0.23940073,0.06937804,0.13064155,0.0,0.0,0.0,0.2897988,0.1383698,0.5457024,0.0,0.23940073,0.0,0.3127573,0.3127573,0.23940073,-0.0,10.6,17.724655,17.777779,17.777779,2.0
resstock-amy2018-2021-release-1-457349,0.0,0.13393933,0.0,0.0,0.0,0.0,0.0,0.0,0.0,0.0,0.0,0.0,0.0,0.0,0.0,0.0,0.0,0.0,3.299999952316284,0.0,-0.0,0.0,0.0,-0.0,0.0,-0.0,0.0,0.0,0.13393936,0.57687443,3.2498116,0.0,0.0,0.2383012,0.2383012,0.070152536,0.12663384,0.0,0.0,0.0,0.294386,0.1383698,0.5314024,0.0,0.2383012,0.0,0.3035792,0.3035792,0.2383012,-0.0,10.0,17.273243,17.777779,17.777779,2.0
resstock-amy2018-2021-release-1-457349,0.0,0.36937207,0.0,0.0,0.5505246,0.0,0.0,0.0,0.0,0.0,0.0,0.0,0.0,0.0,0.0,0.0,0.0,0.0,3.299999952316284,0.0,-0.0,0.0,0.0,-0.0,0.0,-0.0,0.7602105,0.7602105,-0.0,0.7994334,3.2498116,0.36937207,0.0,0.25220335,0.80272794,0.23048486,0.44498962,0.0,0.0,0.0,0.287127,0.1383698,0.55434674,0.0,0.80272794,0.0,0.4322242,0.4322242,0.25220335,-0.0,10.0,17.206852,17.777779,17.777779,2.0
resstock-amy2018-2021-release-1-457349,0.0,0.27173406,0.0,0.0,0.026265899,0.0,0.0,0.0,0.0,0.0,0.0,0.0,0.0,0.0,0.0,0.0,0.0,0.0,3.299999952316284,0.0,-0.0,0.0,0.0,-0.0,0.0,-0.0,0.0,0.0,0.21784091,0.7272036,3.2498116,0.05389315,0.0,0.23610216,0.26236805,0.07530414,0.14737403,0.0,0.0,0.0,0.2870172,0.1383698,0.56170726,0.0,0.26236805,0.0,0.36853716,0.36853716,0.23610216,-0.0,10.0,17.020588,17.777779,17.777779,2.0
resstock-amy2018-2021-release-1-457349,0.0,0.27931303,0.0,0.0,0.33549458,0.0,0.0,0.0,0.0,0.0,0.0,0.0,0.0,0.0,0.0,0.0,0.0,0.0,3.299999952316284,0.0,-0.0,0.0,0.0,-0.0,0.0,-0.0,0.4243619,0.4243619,-0.0,0.85027635,3.2498116,0.27931303,0.0,0.23985946,0.57535404,0.15726084,0.32715324,0.0,0.0,0.0,0.2733288,0.1383698,0.56861204,0.0,0.57535404,0.0,0.37302893,0.37302893,0.23985946,-0.0,10.8,16.972128,17.777779,17.777779,2.0
resstock-amy2018-2021-release-1-457349,0.0,0.24930823,0.0,0.0,0.4207779,0.0,0.0,0.0,0.0,0.0,0.0,0.0,0.0,0.0,0.0,0.0,0.0,0.0,3.299999952316284,0.0,-0.0,0.0,0.0,-0.0,0.0,-0.0,0.51592094,0.51592094,-0.0,1.0,3.2498116,0.24930823,0.0,0.25818723,0.6789651,0.18531564,0.38801426,0.0,0.0,0.0,0.2729384,0.1383698,0.57147896,0.0,0.6789651,0.0,0.42752075,0.42752075,0.25818723,-0.0,10.0,16.872162,17.777779,17.777779,2.0
resstock-amy2018-2021-release-1-457349,0.0,0.14070836,0.0,0.0,0.19031602,0.0,0.0,0.0,0.0,0.0,0.0,0.0,0.0,0.0,0.0,0.0,0.0,0.0,3.299999952316284,0.0,-0.0,0.0,0.0,-0.0,0.0,-0.0,0.009734306,0.009734306,-0.0,1.0,3.2498116,0.14070836,0.0,0.292185,0.48250103,0.13104555,0.2759425,0.0,0.0,0.0,0.2715964,0.1383698,0.57190037,0.0,0.48250103,0.0,0.47775683,0.47775683,0.292185,-0.0,10.0,16.73587,17.796297,17.796297,2.0
resstock-amy2018-2021-release-1-457349,0.0,0.16872442,0.0,0.0,0.7352116,0.0,0.0,0.0,0.0,0.0,0.0,0.0,0.0,0.0,0.0,0.0,0.0,0.0,3.299999952316284,0.0,-0.0,0.0,0.0,-0.0,0.0,-0.0,0.009734306,0.009734306,-0.0,1.0,3.2498116,0.16872442,0.0,0.4939199,1.2291315,0.35284185,0.6972058,0.0,0.0,0.0,0.287066,0.1383698,0.5672345,0.0,1.2291315,0.0,1.2243873,1.2243873,0.4939199,-0.0,10.0,16.696728,19.981482,19.981482,2.0
resstock-amy2018-2021-release-1-457349,0.49247375,0.3489344,0.0,0.0,0.7525146,0.0,0.0,0.0,0.0,0.0,0.0,0.0,0.0,0.0,0.0,0.0,0.0,0.0,3.299999952316284,0.0,-0.0,0.0,0.0,-0.0,0.0,-0.0,0.009734306,0.009734306,-0.0,1.0,3.2498116,0.3489344,0.0,0.6363609,1.3888755,0.43347237,0.78500205,0.0,0.0,0.0,0.31210312,0.1383698,0.56520694,0.0,1.3888755,0.0,1.3841313,1.3841313,0.6363609,-0.0,10.0,16.89933,17.777779,17.777779,2.0
resstock-amy2018-2021-release-1-457349,0.0,0.51103,0.0,0.0,0.4187372,0.0,0.0,0.0,0.0,0.0,0.0,0.0,0.0,0.0,0.0,0.0,0.0,0.0,3.299999952316284,0.0,-0.0,0.0,0.0,-0.0,0.0,-0.0,0.009734306,0.009734306,-0.0,1.0,3.2498116,0.51103,0.0,0.8416704,1.253403,0.38580492,0.7130031,0.0,0.0,0.0,0.307806,0.1383698,0.56885386,0.0,1.253403,0.0,1.2486588,1.2556634,0.8416704,-0.007004654,10.0,17.296906,17.981482,17.981482,2.0
resstock-amy2018-2021-release-1-457349,0.0,0.32417706,0.0,0.0,0.0,0.0,0.0,0.0,0.0,0.0,0.0,0.0,0.0,0.0,0.0,0.0,0.0,0.0,3.299999952316284,0.0,-0.0,0.0,0.0,-0.0,0.0,-0.0,0.0,0.0,0.32417712,0.89305675,3.2498116,0.0,0.0,1.3224893,1.3006678,0.40793833,0.76307636,0.0,0.0,0.0,0.3136376,0.1383698,0.5866805,0.0,1.3006678,0.0,1.4560859,1.4779074,1.3224893,-0.021821491,10.6,17.379484,20.0,20.0,2.0
resstock-amy2018-2021-release-1-457349,0.0,0.2658273,0.37105158,0.0,1.36564235e-08,0.3924857,0.0,0.0,0.0,0.0,0.0,0.0,0.0,0.0,0.0,0.0,0.0,0.0,3.299999952316284,0.0,-0.0,0.0,0.0,-0.0,0.0,-0.0,0.0,0.0,0.26582727,0.8051529,3.2498116,2.9802322e-08,0.0,0.8806082,1.2281678,0.3856641,0.7446757,0.0,0.0,0.0,0.3140158,0.1383698,0.6063306,0.0,1.2281678,0.0,1.3499787,1.3949049,0.8806082,-0.044926114,12.2,17.808994,19.87037,19.87037,2.0
resstock-amy2018-2021-release-1-457349,0.0,0.2671848,0.0,0.0,0.03623061,0.0,0.0,0.0,0.0,0.0,0.0,0.0,0.0,0.0,0.0,0.0,0.0,0.0,3.299999952316284,0.0,-0.0,0.0,0.0,-0.0,0.0,-0.0,0.0,0.0,0.18552276,0.74328196,3.2498116,0.08166203,0.0,0.8114066,0.7891148,0.24779451,0.4850834,0.0,0.0,0.0,0.3140158,0.1383698,0.61471844,0.0,0.7891148,0.0,0.8714248,0.92994726,0.8114066,-0.05852246,13.3,18.311235,19.444445,19.444445,2.0
resstock-amy2018-2021-release-1-457349,1.0805072,0.292988,1.1131513,0.0,0.30388594,1.1774535,0.0,0.0,0.0,0.0,0.0,0.0,0.0,0.0,0.0,0.0,0.0,0.0,3.299999952316284,0.0,-0.0,0.0,0.0,-0.0,0.0,-0.0,0.39195618,0.39195618,-0.0,0.85675085,3.2498116,0.292988,0.0,0.80874884,2.2291355,0.7035464,1.3812026,0.0,0.0,0.0,0.315614,0.1383698,0.6196135,0.0,2.2291355,0.0,2.0552382,2.1161911,0.80874884,-0.06095289,13.3,18.719494,17.777779,17.777779,2.0
resstock-amy2018-2021-release-1-457349,0.75377053,0.3419913,0.37105182,0.0,0.0,0.39248595,0.0,0.0,0.0,0.0,0.0,0.0,0.0,0.0,0.0,0.0,0.0,0.0,3.299999952316284,0.0,-0.0,0.0,0.0,-0.0,0.0,-0.0,0.0,0.0,0.3419914,0.74449986,3.2498116,0.0,0.0,0.66304404,1.0047119,0.31499285,0.62039393,0.0,0.0,0.0,0.3135156,0.1383698,0.61748445,0.0,1.0047119,0.0,1.1537241,1.2045423,0.66304404,-0.050818164,13.9,19.037565,17.777779,17.777779,2.0
resstock-amy2018-2021-release-1-457349,0.5628692,0.90741754,0.0,0.0,0.60892904,0.0,0.0,0.0,0.0,0.0,0.0,0.0,0.0,0.0,0.0,0.0,0.0,0.0,3.299999952316284,0.0,-0.0,0.0,0.0,-0.0,0.0,-0.0,0.51167613,0.51167613,-0.0,0.8932753,3.2498116,0.90741754,0.0,0.799016,1.372039,0.4210162,0.8420598,0.0,0.0,0.0,0.3068544,0.1383698,0.61372876,0.0,1.372039,0.0,1.1524802,1.1883863,0.799016,-0.03590607,14.4,19.870754,17.777779,17.777779,2.0
resstock-amy2018-2021-release-1-457349,0.40820312,0.9287953,0.0,0.0,0.31257495,0.0,0.0,0.0,0.0,0.0,0.0,0.0,0.0,0.0,0.0,0.0,0.0,0.0,3.299999952316284,0.0,-0.0,0.0,0.0,-0.0,0.0,-0.0,0.0,0.0,0.21141805,0.82283807,3.2498116,0.71737725,0.0,0.7492653,1.0398847,0.33302307,0.63336486,0.0,0.0,0.0,0.32025,0.1383698,0.6090722,0.0,1.0398847,0.0,1.1320035,1.1539592,0.7492653,-0.021955594,13.9,19.963184,17.777779,17.777779,2.0
resstock-amy2018-2021-release-1-457349,0.0,1.3617922,0.3677043,0.0,0.24295688,0.38894507,0.0,0.0,0.0,0.0,0.0,0.0,0.0,0.0,0.0,0.0,0.0,0.0,3.299999952316284,0.0,-0.0,0.0,0.0,-0.0,0.0,-0.0,0.0,0.0,0.8222324,0.5565102,3.2498116,0.5395598,0.0,1.4776036,2.1004863,0.6820598,1.2425551,0.0,0.0,0.0,0.3247152,0.1383698,0.59155595,0.0,2.1004863,0.0,2.470727,2.479746,1.4776036,-0.009019191,12.8,20.324703,18.907408,18.907408,2.0
resstock-amy2018-2021-release-1-457349,0.0,0.7648956,0.0,0.0,2.9049511e-08,0.0,0.0,0.0,0.0,0.0,0.0,0.0,0.0,0.0,0.0,0.0,0.0,0.0,3.299999952316284,0.0,-0.0,0.0,0.0,-0.0,0.0,-0.0,0.0,0.0,0.76489556,0.30935416,3.2498116,5.9604645e-08,0.0,0.6689744,0.6689268,0.23521365,0.38912973,0.0,0.0,0.0,0.3516284,0.1383698,0.58172244,0.0,0.6689268,0.0,1.0417138,1.0417614,0.6689744,-4.7609992e-05,10.0,19.820778,20.0,20.0,2.0
resstock-amy2018-2021-release-1-457349,0.0,0.43148968,0.0,0.0,0.46952108,0.0,0.0,0.0,0.0,0.0,0.0,0.0,0.0,0.0,0.0,0.0,0.0,0.0,3.299999952316284,0.0,-0.0,0.0,0.0,-0.0,0.0,-0.0,0.53188765,0.53188765,-0.0,0.46534,3.2498116,0.43148968,0.0,0.7007014,1.1702225,0.44138727,0.67111856,0.0,0.0,0.0,0.37718233,0.1383698,0.5734965,0.0,1.1702225,0.0,0.9109965,0.9109965,0.7007014,-0.0,10.0,19.56599,20.0,20.0,2.0
resstock-amy2018-2021-release-1-457349,0.0,0.2406686,0.0,0.0,0.19543979,0.0,0.0,0.0,0.0,0.0,0.0,0.0,0.0,0.0,0.0,0.0,0.0,0.0,3.299999952316284,0.0,-0.0,0.0,0.0,-0.0,0.0,-0.0,0.1669871,0.1669871,-0.0,0.5132549,3.2498116,0.2406686,0.0,0.9383803,1.13382,0.4322689,0.6347707,0.0,0.0,0.0,0.38125,0.1383698,0.55985135,0.0,1.13382,0.0,1.0537624,1.0537624,0.9383803,-0.0,10.6,19.356068,20.0,20.0,2.0
resstock-amy2018-2021-release-1-457349,0.0,0.3771464,0.0,0.0,0.0,0.0,0.0,0.0,0.0,0.0,0.0,0.0,0.0,0.0,0.0,0.0,0.0,0.0,3.299999952316284,0.0,-0.0,0.0,0.0,-0.0,0.0,-0.0,0.0,0.0,0.3771464,0.3907041,3.2498116,0.0,0.0,0.87259066,0.87259066,0.30873322,0.4807933,0.0,0.0,0.0,0.3538122,0.1383698,0.55099523,0.0,0.87259066,0.0,1.0564004,1.0564004,0.87259066,-0.0,10.0,19.255417,20.0,20.0,2.0
resstock-amy2018-2021-release-1-457349,0.93045366,0.2345013,0.0,0.0,0.40649816,0.0,0.0,0.0,0.0,0.0,0.0,0.0,0.0,0.0,0.0,0.0,0.0,0.0,3.299999952316284,0.0,-0.0,0.0,0.0,-0.0,0.0,-0.0,0.5861829,0.5861829,-0.0,0.56247014,3.2498116,0.2345013,0.0,0.51125795,0.9177561,0.30959785,0.49244514,0.0,0.0,0.0,0.3373422,0.1383698,0.5365752,0.0,0.9177561,0.0,0.6274102,0.6274102,0.51125795,-0.0,9.4,18.90684,17.777779,17.777779,2.0
resstock-amy2018-2021-release-1-457349,0.16698006,0.11227955,0.0,0.0,1.8451967e-08,0.0,0.0,0.0,0.0,0.0,0.0,0.0,0.0,0.0,0.0,0.0,0.0,0.0,3.299999952316284,0.0,-0.0,0.0,0.0,-0.0,0.0,-0.0,0.0,0.0,0.11227951,0.5248096,3.2498116,3.7252903e-08,0.0,0.45509022,0.45509025,0.14623123,0.23424429,0.0,0.0,0.0,0.3213236,0.1383698,0.5147205,0.0,0.45509025,0.0,0.5107041,0.5107041,0.45509022,-0.0,9.4,18.47393,17.777779,17.777779,2.0
resstock-amy2018-2021-release-1-457349,0.0,0.11251174,0.0,0.0,2.2793609e-08,0.0,0.0,0.0,0.0,0.0,0.0,0.0,0.0,0.0,0.0,0.0,0.0,0.0,3.299999952316284,0.0,-0.0,0.0,0.0,-0.0,0.0,-0.0,0.0,0.0,0.112511694,0.48718265,3.2498116,4.4703484e-08,0.0,0.23940073,0.23940076,0.07491568,0.11634409,0.0,0.0,0.0,0.31293,0.1383698,0.48598045,0.0,0.23940076,0.0,0.29676872,0.29676872,0.23940073,-0.0,8.3,17.982187,17.777779,17.777779,2.0
resstock-amy2018-2021-release-1-457349,0.0,0.12096924,0.0,0.0,0.16008204,0.0,0.0,0.0,0.0,0.0,0.0,0.0,0.0,0.0,0.0,0.0,0.0,0.0,3.299999952316284,0.0,-0.0,0.0,0.0,-0.0,0.0,-0.0,0.1929882,0.1929882,-0.0,0.5427035,3.2498116,0.12096924,0.0,0.2383012,0.39838326,0.11533434,0.19363482,0.0,0.0,0.0,0.289506,0.1383698,0.48605162,0.0,0.39838326,0.0,0.2999816,0.2999816,0.2383012,-0.0,8.3,17.530508,17.777779,17.777779,2.0
resstock-amy2018-2021-release-1-457349,0.0,0.55867106,0.0,0.0,0.8929907,0.0,0.0,0.0,0.0,0.0,0.0,0.0,0.0,0.0,0.0,0.0,0.0,0.0,3.299999952316284,0.0,-0.0,0.0,0.0,-0.0,0.0,-0.0,1.192688,1.192688,-0.0,0.8929147,3.2498116,0.55867106,0.0,0.25220335,1.145194,0.33154052,0.48854414,0.0,0.0,0.0,0.289506,0.1383698,0.4266038,0.0,1.145194,0.0,0.53706104,0.53706104,0.25220335,-0.0,8.3,17.656132,17.777779,17.777779,2.0
resstock-amy2018-2021-release-1-457349,0.0,0.28933978,0.0,0.0,0.6785215,0.0,0.0,0.0,0.0,0.0,0.0,0.0,0.0,0.0,0.0,0.0,0.0,0.0,3.299999952316284,0.0,-0.0,0.0,0.0,-0.0,0.0,-0.0,0.37176895,0.37176895,-0.0,1.0,3.2498116,0.28933978,0.0,0.23610216,0.9146237,0.26634783,0.37844214,0.0,0.0,0.0,0.2912103,0.1383698,0.41376814,0.0,0.9146237,0.0,0.72260267,0.72260267,0.23610216,-0.0,7.8,17.337418,17.777779,17.777779,2.0
resstock-amy2018-2021-release-1-457349,0.0,0.26102567,0.0,0.0,0.4715271,0.0,0.0,0.0,0.0,0.0,0.0,0.0,0.0,0.0,0.0,0.0,0.0,0.0,3.299999952316284,0.0,-0.0,0.0,0.0,-0.0,0.0,-0.0,0.009734306,0.009734306,-0.0,1.0,3.2498116,0.26102567,0.0,0.23985946,0.71138656,0.19701138,0.2892616,0.0,0.0,0.0,0.27694,0.1383698,0.40661663,0.0,0.71138656,0.0,0.70628136,0.70628136,0.23985946,-0.0,7.2,17.111004,17.777779,17.777779,2.0
resstock-amy2018-2021-release-1-457349,0.0,0.38784736,0.0,0.0,0.7676026,0.0,0.0,0.0,0.0,0.0,0.0,0.0,0.0,0.0,0.0,0.0,0.0,0.0,3.299999952316284,0.0,-0.0,0.0,0.0,-0.0,0.0,-0.0,0.009734306,0.009734306,-0.0,1.0,3.2498116,0.38784736,0.0,0.25818723,1.0257899,0.28082845,0.41759178,0.0,0.0,0.0,0.273768,0.1383698,0.4070929,0.0,1.0257899,0.0,1.0206202,1.0206202,0.25818723,-0.0,6.7,17.087326,17.777779,17.777779,2.0
resstock-amy2018-2021-release-1-457349,0.0,0.41284096,0.6914853,0.0,0.88401663,0.7314295,0.0,0.0,0.0,0.0,0.0,0.0,0.0,0.0,0.0,0.0,0.0,0.0,3.299999952316284,0.0,-0.0,0.0,0.0,-0.0,0.0,-0.0,0.009734306,0.009734306,-0.0,1.0,3.2498116,0.41284096,0.0,0.292185,1.9076312,0.5548307,0.80787885,0.0,0.0,0.0,0.290848,0.1383698,0.42349845,0.0,1.9076312,0.0,1.9023197,1.9023197,0.292185,-0.0,5.6,17.050072,17.777779,17.777779,2.0
resstock-amy2018-2021-release-1-457349,0.0,0.24924558,0.0,0.0,0.81888086,0.0,0.0,0.0,0.0,0.0,0.0,0.0,0.0,0.0,0.0,0.0,0.0,0.0,3.299999952316284,0.0,-0.0,0.0,0.0,-0.0,0.0,-0.0,0.009734306,0.009734306,-0.0,1.0,3.2498116,0.24924558,0.0,0.34780914,1.16669,0.3734934,0.53119665,0.0,0.0,0.0,0.3201308,0.1383698,0.45530233,0.0,1.16669,0.0,1.1613785,1.1613785,0.34780914,-0.0,5.6,16.804756,20.0,20.0,2.0
resstock-amy2018-2021-release-1-457349,0.0,0.1752313,0.0,0.0,0.28241667,0.0,0.0,0.0,0.0,0.0,0.0,0.0,0.0,0.0,0.0,0.0,0.0,0.0,3.299999952316284,0.0,-0.0,0.0,0.0,-0.0,0.0,-0.0,0.009734306,0.009734306,-0.0,1.0,3.2498116,0.1752313,0.0,0.43743104,0.7198477,0.26212937,0.3524503,0.0,0.0,0.0,0.3641456,0.1383698,0.48961788,0.0,0.7198477,0.0,0.7147425,0.7147425,0.43743104,-0.0,7.2,16.641096,17.777779,17.777779,2.0
resstock-amy2018-2021-release-1-457349,0.0,0.15230611,0.0,0.0,2.214236e-08,0.0,0.0,0.0,0.0,0.0,0.0,0.0,0.0,0.0,0.0,0.0,0.0,0.0,3.299999952316284,0.0,-0.0,0.0,0.0,-0.0,0.0,-0.0,0.0,0.0,0.15230606,0.94823337,3.2498116,4.4703484e-08,0.0,0.63280356,0.62254846,0.2487865,0.29810864,0.0,0.0,0.0,0.3996259,0.1383698,0.47885212,0.0,0.62254846,0.0,0.69798815,0.70824325,0.63280356,-0.01025507,9.4,16.851082,19.50926,19.50926,2.0
resstock-amy2018-2021-release-1-457349,0.0,0.18063027,0.0,0.0,0.19206844,0.0,0.0,0.0,0.0,0.0,0.0,0.0,0.0,0.0,0.0,0.0,0.0,0.0,3.299999952316284,0.0,-0.0,0.0,0.0,-0.0,0.0,-0.0,0.1847471,0.1847471,-0.0,1.0,3.2498116,0.18063027,0.0,0.81250614,0.97456926,0.38628435,0.4682557,0.0,0.0,0.0,0.39636418,0.1383698,0.48047453,0.0,0.97456926,0.0,0.8859971,0.9160024,0.81250614,-0.030005282,10.6,17.273594,20.0,20.0,2.0
resstock-amy2018-2021-release-1-457349,0.1834559,0.16824163,0.0,0.0,0.2425583,0.0,0.0,0.0,0.0,0.0,0.0,0.0,0.0,0.0,0.0,0.0,0.0,0.0,3.299999952316284,0.0,-0.0,0.0,0.0,-0.0,0.0,-0.0,0.009734306,0.009734306,-0.0,1.0,3.2498116,0.16824163,0.0,0.84054756,1.033152,0.3823715,0.5071653,0.0,0.0,0.0,0.37010187,0.1383698,0.49089128,0.0,1.033152,0.0,1.0285496,1.0785034,0.84054756,-0.049953874,11.1,17.784775,19.00926,19.00926,2.0
resstock-amy2018-2021-release-1-457349,0.0,0.2590264,0.0,0.0,0.33042416,0.0,0.0,0.0,0.0,0.0,0.0,0.0,0.0,0.0,0.0,0.0,0.0,0.0,3.299999952316284,0.0,-0.0,0.0,0.0,-0.0,0.0,-0.0,0.009734306,0.009734306,-0.0,1.0,3.2498116,0.2590264,0.0,0.8114066,1.0814633,0.38135886,0.531763,0.0,0.0,0.0,0.35263225,0.1383698,0.49170694,0.0,1.0814633,0.0,1.0768609,1.1372284,0.8114066,-0.060367443,11.1,18.221516,20.0,20.0,2.0
resstock-amy2018-2021-release-1-457349,0.0,0.8084211,0.0,0.0,0.72878075,0.0,0.0,0.0,0.0,0.0,0.0,0.0,0.0,0.0,0.0,0.0,0.0,0.0,3.299999952316284,0.0,-0.0,0.0,0.0,-0.0,0.0,-0.0,0.009734306,0.009734306,-0.0,1.0,3.2498116,0.8084211,0.0,0.80874884,1.4737302,0.5066159,0.7222525,0.0,0.0,0.0,0.34376433,0.1383698,0.49008462,0.0,1.4737302,0.0,1.4691278,1.5329272,0.80874884,-0.06379942,11.1,19.122314,20.0,20.0,2.0
resstock-amy2018-2021-release-1-457349,0.0,0.48732626,0.0,0.0,0.6019279,0.0,0.0,0.0,0.0,0.0,0.0,0.0,0.0,0.0,0.0,0.0,0.0,0.0,3.299999952316284,0.0,-0.0,0.0,0.0,-0.0,0.0,-0.0,0.009734306,0.009734306,-0.0,1.0,3.2498116,0.48732626,0.0,0.66304404,1.2109964,0.41517243,0.59887326,0.0,0.0,0.0,0.3428354,0.1383698,0.49452934,0.0,1.2109964,0.0,1.2064713,1.2604469,0.66304404,-0.0539756,11.7,19.291634,20.0,20.0,2.0
resstock-amy2018-2021-release-1-457349,0.0,0.2729339,0.0,0.0,0.25480622,0.0,0.0,0.0,0.0,0.0,0.0,0.0,0.0,0.0,0.0,0.0,0.0,0.0,3.299999952316284,0.0,-0.0,0.0,0.0,-0.0,0.0,-0.0,0.009734306,0.009734306,-0.0,1.0,3.2498116,0.2729339,0.0,0.59019166,0.80894566,0.27902544,0.40395072,0.0,0.0,0.0,0.34492484,0.1383698,0.4993546,0.0,0.80894566,0.0,0.8044851,0.8405373,0.59019166,-0.036052253,12.2,19.282444,20.0,20.0,2.0
resstock-amy2018-2021-release-1-457349,0.0,0.18019967,0.0,0.0,0.4650159,0.0,0.0,0.0,0.0,0.0,0.0,0.0,0.0,0.0,0.0,0.0,0.0,0.0,3.299999952316284,0.0,-0.0,0.0,0.0,-0.0,0.0,-0.0,0.009734306,0.009734306,-0.0,1.0,3.2498116,0.18019967,0.0,0.5210966,0.97102576,0.34531403,0.4850549,0.0,0.0,0.0,0.3556178,0.1383698,0.49952835,0.0,0.97102576,0.0,0.96664256,0.98172927,0.5210966,-0.015086694,12.8,19.279373,19.444445,19.444445,2.0
resstock-amy2018-2021-release-1-457349,0.41040564,0.12202167,0.0,0.0,0.19134367,0.0,0.0,0.0,0.0,0.0,0.0,0.0,0.0,0.0,0.0,0.0,0.0,0.0,3.299999952316284,0.0,-0.0,0.0,0.0,-0.0,0.0,-0.0,0.009734306,0.009734306,-0.0,1.0,3.2498116,0.12202167,0.0,0.66810393,0.853818,0.30945683,0.42907763,0.0,0.0,0.0,0.36243886,0.1383698,0.50253993,0.0,0.853818,0.0,0.8494348,0.8550644,0.66810393,-0.0056295884,12.8,19.170588,18.787878,18.787878,2.0
resstock-amy2018-2021-release-1-457349,0.0,0.19306667,0.0,0.0,0.088005915,0.0,0.0,0.0,0.0,0.0,0.0,0.0,0.0,0.0,0.0,0.0,0.0,0.0,3.299999952316284,0.0,-0.0,0.0,0.0,-0.0,0.0,-0.0,0.0,0.0,0.0037477731,0.99592584,3.2498116,0.1893189,0.0,0.6689744,0.756623,0.29667917,0.3829772,0.0,0.0,0.0,0.39210963,0.1383698,0.50616646,0.0,0.756623,0.0,0.7583652,0.7587225,0.6689744,-0.0003572502,11.7,18.889532,20.0,20.0,2.0
resstock-amy2018-2021-release-1-457349,0.0,0.38846016,0.0,0.0,0.4037373,0.0,0.0,0.0,0.0,0.0,0.0,0.0,0.0,0.0,0.0,0.0,0.0,0.0,3.299999952316284,0.0,-0.0,0.0,0.0,-0.0,0.0,-0.0,0.023508446,0.023508446,-0.0,1.0,3.2498116,0.38846016,0.0,0.7007014,1.1044388,0.4319409,0.5607131,0.0,0.0,0.0,0.3910954,0.1383698,0.50769055,0.0,1.1044388,0.0,1.0936664,1.0936664,0.7007014,-0.0,12.2,19.107225,20.0,20.0,2.0
resstock-amy2018-2021-release-1-457349,0.0,0.49692154,0.0,0.0,0.06553468,0.0,0.0,0.0,0.0,0.0,0.0,0.0,0.0,0.0,0.0,0.0,0.0,0.0,3.299999952316284,0.0,-0.0,0.0,0.0,-0.0,0.0,-0.0,0.0,0.0,0.3602268,0.88148355,3.2498116,0.13669473,0.0,0.6379254,0.7034601,0.25376752,0.35979885,0.0,0.0,0.0,0.36074188,0.1383698,0.51147014,0.0,0.7034601,0.0,0.87616134,0.87616134,0.6379254,-0.0,10.6,19.174694,20.0,20.0,2.0
resstock-amy2018-2021-release-1-457349,0.0,0.7379104,0.0,0.0,1.0007542,0.0,0.0,0.0,0.0,0.0,0.0,0.0,0.0,0.0,0.0,0.0,0.0,0.0,3.299999952316284,0.0,-0.0,0.0,0.0,-0.0,0.0,-0.0,0.41041538,0.41041538,-0.0,1.0,3.2498116,0.7379104,0.0,0.57213575,1.57289,0.53250194,0.81811863,0.0,0.0,0.0,0.33855,0.1383698,0.5201372,0.0,1.57289,0.0,1.3696046,1.3696046,0.57213575,-0.0,9.4,19.33078,20.0,20.0,2.0
resstock-amy2018-2021-release-1-457349,0.0,0.5426751,0.0,0.0,0.6574211,0.0,0.0,0.0,0.0,0.0,0.0,0.0,0.0,0.0,0.0,0.0,0.0,0.0,3.299999952316284,0.0,-0.0,0.0,0.0,-0.0,0.0,-0.0,0.009734306,0.009734306,-0.0,1.0,3.2498116,0.5426751,0.0,0.51125795,1.168679,0.37784818,0.6193994,0.0,0.0,0.0,0.3233122,0.1383698,0.5299996,0.0,1.168679,0.0,1.163793,1.163793,0.51125795,-0.0,8.9,19.105225,20.0,20.0,2.0
resstock-amy2018-2021-release-1-457349,0.92725056,0.12737012,0.0,0.0,0.03048768,0.0,0.0,0.0,0.0,0.0,0.0,0.0,0.0,0.0,0.0,0.0,0.0,0.0,3.299999952316284,0.0,-0.0,0.0,0.0,-0.0,0.0,-0.0,0.0,0.0,0.068343386,0.9751884,3.2498116,0.059026733,0.0,0.45509022,0.4855779,0.15570182,0.26473212,0.0,0.0,0.0,0.3206526,0.1383698,0.5451898,0.0,0.4855779,0.0,0.5208777,0.5208777,0.45509022,-0.0,7.8,18.4825,17.777779,17.777779,2.0
resstock-amy2018-2021-release-1-457349,0.10206295,0.11768256,0.0,0.0,0.0,0.0,0.0,0.0,0.0,0.0,0.0,0.0,0.0,0.0,0.0,0.0,0.0,0.0,3.299999952316284,0.0,-0.0,0.0,0.0,-0.0,0.0,-0.0,0.0,0.0,0.11768259,0.93460834,3.2498116,0.0,0.0,0.23940073,0.23940073,0.07384086,0.13293074,0.0,0.0,0.0,0.3084404,0.1383698,0.55526453,0.0,0.23940073,0.0,0.30018452,0.30018452,0.23940073,-0.0,7.8,18.010864,17.777779,17.777779,2.0
resstock-amy2018-2021-release-1-457349,0.0,0.13863419,0.0,0.0,0.0,0.0,0.0,0.0,0.0,0.0,0.0,0.0,0.0,0.0,0.0,0.0,0.0,0.0,3.299999952316284,0.0,-0.0,0.0,0.0,-0.0,0.0,-0.0,0.0,0.0,0.13863423,0.8874186,3.2498116,0.0,0.0,0.2383012,0.2383012,0.0718155,0.1339889,0.0,0.0,0.0,0.3013644,0.1383698,0.562267,0.0,0.2383012,0.0,0.3119263,0.3119263,0.2383012,-0.0,6.7,17.544098,17.777779,17.777779,2.0
resstock-amy2018-2021-release-1-457349,0.0,0.114009395,0.0,0.0,4.1755722e-08,0.0,0.0,0.0,0.0,0.0,0.0,0.0,0.0,0.0,0.0,0.0,0.0,0.0,3.299999952316284,0.0,-0.0,0.0,0.0,-0.0,0.0,-0.0,0.0,0.0,0.11400931,0.8482698,3.2498116,8.195639e-08,0.0,0.25220335,0.25220338,0.07241132,0.14352232,0.0,0.0,0.0,0.2871148,0.1383698,0.56907374,0.0,0.25220338,0.0,0.31028965,0.31028965,0.25220335,-0.0,8.33,17.257381,17.777779,17.777779,2.0
resstock-amy2018-2021-release-1-457349,0.0,0.08733742,0.0,0.0,0.0,0.0,0.0,0.0,0.0,0.0,0.0,0.0,0.0,0.0,0.0,0.0,0.0,0.0,3.299999952316284,0.0,-0.0,0.0,0.0,-0.0,0.0,-0.0,0.0,0.0,0.08733751,0.81779605,3.2498116,0.0,0.0,0.23610216,0.23610216,0.06741972,0.1357541,0.0,0.0,0.0,0.2855532,0.1383698,0.5749803,0.0,0.23610216,0.0,0.2831789,0.2831789,0.23610216,-0.0,6.1,16.846987,17.777779,17.777779,2.0
resstock-amy2018-2021-release-1-457349,0.0,0.19542328,0.0,0.0,0.3295028,0.0,0.0,0.0,0.0,0.0,0.0,0.0,0.0,0.0,0.0,0.0,0.0,0.0,3.299999952316284,0.0,-0.0,0.0,0.0,-0.0,0.0,-0.0,0.4121434,0.4121434,-0.0,0.937005,3.2498116,0.19542328,0.0,0.23985946,0.5693623,0.16284023,0.33028153,0.0,0.0,0.0,0.2860046,0.1383698,0.5800903,0.0,0.5693623,0.0,0.3458438,0.3458438,0.23985946,-0.0,5.85,16.684427,17.777779,17.777779,2.0
resstock-amy2018-2021-release-1-457349,0.0,0.13866778,0.0,0.0,0.09696114,0.0,0.0,0.0,0.0,0.0,0.0,0.0,0.0,0.0,0.0,0.0,0.0,0.0,3.299999952316284,0.0,-0.0,0.0,0.0,-0.0,0.0,-0.0,0.03903299,0.03903299,-0.0,0.9458271,3.2498116,0.13866778,0.0,0.25818723,0.35514838,0.10165639,0.20767447,0.0,0.0,0.0,0.2862364,0.1383698,0.5847541,0.0,0.35514838,0.0,0.33385032,0.33385032,0.25818723,-0.0,5.6,16.478466,17.777779,17.777779,2.0
resstock-amy2018-2021-release-1-457349,0.0,0.2954573,0.0,0.0,0.56519693,0.0,0.0,0.0,0.0,0.0,0.0,0.0,0.0,0.0,0.0,0.0,0.0,0.0,3.299999952316284,0.0,-0.0,0.0,0.0,-0.0,0.0,-0.0,0.19288224,0.19288224,-0.0,1.0,3.2498116,0.2954573,0.0,0.3700914,0.9352883,0.27790314,0.54564834,0.0,0.0,0.0,0.297131,0.1383698,0.5834012,0.0,0.9352883,0.0,0.8341307,0.8341307,0.3700914,-0.0,7.2,16.604645,17.777779,17.777779,2.0
resstock-amy2018-2021-release-1-457349,0.6184344,0.408432,3.646168,0.0,0.52399135,3.856792,0.0,0.0,0.0,0.0,0.0,0.0,0.0,0.0,0.0,0.0,0.0,0.0,3.299999952316284,0.0,-0.0,0.0,0.0,-0.0,0.0,-0.0,0.009734306,0.009734306,-0.0,1.0,3.2498116,0.408432,0.0,0.4939199,4.8747034,1.5231215,2.8147187,0.0,0.0,0.0,0.3124542,0.1383698,0.5774133,0.0,4.8747034,0.0,4.8696756,4.8696756,0.4939199,-0.0,7.8,16.796444,20.0,20.0,2.0
resstock-amy2018-2021-release-1-457349,0.38071048,0.4299551,0.0,0.0,0.8335963,0.0,0.0,0.0,0.0,0.0,0.0,0.0,0.0,0.0,0.0,0.0,0.0,0.0,3.299999952316284,0.0,-0.0,0.0,0.0,-0.0,0.0,-0.0,0.009734306,0.009734306,-0.0,1.0,3.2498116,0.4299551,0.0,0.6363609,1.4699571,0.5066207,0.8412069,0.0,0.0,0.0,0.34465,0.1383698,0.5722663,0.0,1.4699571,0.0,1.464852,1.464852,0.6363609,-0.0,7.2,16.905935,17.777779,17.777779,2.0
resstock-amy2018-2021-release-1-457349,0.0,0.3980053,0.0,0.0,1.519574e-08,0.0,0.0,0.0,0.0,0.0,0.0,0.0,0.0,0.0,0.0,0.0,0.0,0.0,3.299999952316284,0.0,-0.0,0.0,0.0,-0.0,0.0,-0.0,0.0,0.0,0.39800528,0.8693553,3.2498116,2.9802322e-08,0.0,0.8416704,0.83613884,0.3227423,0.47946864,0.0,0.0,0.0,0.38599128,0.1383698,0.57343185,0.0,0.83613884,0.0,1.0390755,1.044607,0.8416704,-0.0055315555,8.3,17.039387,17.777779,17.777779,2.0
resstock-amy2018-2021-release-1-457349,0.0,0.45373598,0.0,0.0,0.2031357,0.0,0.0,0.0,0.0,0.0,0.0,0.0,0.0,0.0,0.0,0.0,0.0,0.0,3.299999952316284,0.0,-0.0,0.0,0.0,-0.0,0.0,-0.0,0.0,0.0,0.03693613,0.85500157,3.2498116,0.41679984,0.0,0.81250614,0.992456,0.37867466,0.5700526,0.0,0.0,0.0,0.38155308,0.1383698,0.57438576,0.0,0.992456,0.0,1.0104576,1.0336435,0.81250614,-0.023185818,10.0,17.33498,19.768518,19.768518,2.0
resstock-amy2018-2021-release-1-457349,0.0,0.3377583,0.0,0.0,4.096927e-08,0.0,0.0,0.0,0.0,0.0,0.0,0.0,0.0,0.0,0.0,0.0,0.0,0.0,3.299999952316284,0.0,-0.0,0.0,0.0,-0.0,0.0,-0.0,0.0,0.0,0.3377582,0.7441146,3.2498116,8.940697e-08,0.0,0.84054756,0.79999954,0.28611466,0.4595861,0.0,0.0,0.0,0.35764354,0.1383698,0.574483,0.0,0.79999954,0.0,0.95477164,0.9953197,0.84054756,-0.040548064,12.2,17.672388,20.0,20.0,2.0
resstock-amy2018-2021-release-1-457349,0.40565082,0.57913595,1.8565673,0.0,0.0,1.9638135,0.0,0.0,0.0,0.0,0.0,0.0,0.0,0.0,0.0,0.0,0.0,0.0,3.299999952316284,0.0,-0.0,0.0,0.0,-0.0,0.0,-0.0,0.0,0.0,0.57913595,0.55605525,3.2498116,0.0,0.0,0.8114066,2.73341,0.94900995,1.5719504,0.0,0.0,0.0,0.34718904,0.1383698,0.5750877,0.0,2.73341,0.0,2.9903524,3.0321627,0.8114066,-0.04181031,13.3,18.147835,18.61111,18.61111,2.0
resstock-amy2018-2021-release-1-457349,0.0,1.5245357,0.0,0.0,0.24782863,0.0,0.0,0.0,0.0,0.0,0.0,0.0,0.0,0.0,0.0,0.0,0.0,0.0,3.299999952316284,0.0,-0.0,0.0,0.0,-0.0,0.0,-0.0,0.0,0.0,0.9469773,0.25044584,3.2498116,0.57755834,0.0,0.80874884,1.0256456,0.3441051,0.5907167,0.0,0.0,0.0,0.33550096,0.1383698,0.5759462,0.0,1.0256456,0.0,1.4319909,1.4629227,0.80874884,-0.030931814,14.4,19.30463,19.444445,19.444445,2.0
resstock-amy2018-2021-release-1-457349,0.5905935,0.67425996,0.0,0.0,0.0,0.0,0.0,0.0,0.0,0.0,0.0,0.0,0.0,0.0,0.0,0.0,0.0,0.0,3.299999952316284,0.0,-0.0,0.0,0.0,-0.0,0.0,-0.0,0.0,0.0,0.67425996,0.03326572,3.2498116,0.0,0.0,0.66304404,0.6382932,0.20879197,0.36739066,0.0,0.0,0.0,0.3271098,0.1383698,0.5755829,0.0,0.6382932,0.0,0.9320811,0.95683193,0.66304404,-0.02475084,13.9,18.89325,17.777779,17.777779,2.0
resstock-amy2018-2021-release-1-457349,0.0,0.58873343,0.0,0.0,0.22757444,0.0,0.0,0.0,0.0,0.0,0.0,0.0,0.0,0.0,0.0,0.0,0.0,0.0,3.299999952316284,0.0,-0.0,0.0,0.0,-0.0,0.0,-0.0,0.0,0.0,0.103322715,0.0,3.2498116,0.48541072,0.0,0.59019166,0.80477273,0.27280852,0.4588265,0.0,0.0,0.0,0.33898827,0.1383698,0.5701318,0.0,0.80477273,0.0,0.85321337,0.8662067,0.59019166,-0.012993348,11.4,18.533562,17.777779,17.777779,2.0
resstock-amy2018-2021-release-1-457349,0.0,0.35663468,0.0,0.0,0.17097908,0.0,0.0,0.0,0.0,0.0,0.0,0.0,0.0,0.0,0.0,0.0,0.0,0.0,3.299999952316284,0.0,-0.0,0.0,0.0,-0.0,0.0,-0.0,0.0,0.0,-0.0,0.0,3.2498116,0.35663468,0.0,0.5210966,0.67853457,0.24045666,0.38356483,0.0,0.0,0.0,0.35437644,0.1383698,0.56528413,0.0,0.67853457,0.0,0.67853457,0.69207567,0.5210966,-0.01354109,10.6,18.195623,17.777779,17.777779,2.0
resstock-amy2018-2021-release-1-457349,0.0,1.088588,0.0,0.0,0.8086931,0.0,0.0,0.0,0.0,0.0,0.0,0.0,0.0,0.0,0.0,0.0,0.0,0.0,3.299999952316284,0.0,-0.0,0.0,0.0,-0.0,0.0,-0.0,0.5982149,0.5982149,-0.0,0.17643648,3.2498116,1.088588,0.0,0.66810393,1.4745255,0.5344235,0.83890426,0.0,0.0,0.0,0.3624376,0.1383698,0.5689317,0.0,1.4745255,0.0,1.1877271,1.1899987,0.66810393,-0.0022716867,10.6,18.83355,18.88889,18.88889,2.0
resstock-amy2018-2021-release-1-457349,0.0,1.117859,0.0,0.0,0.27772802,0.0,0.0,0.0,0.0,0.0,0.0,0.0,0.0,0.0,0.0,0.0,0.0,0.0,3.299999952316284,0.0,-0.0,0.0,0.0,-0.0,0.0,-0.0,0.0,0.0,0.54800844,0.0,3.2498116,0.56985056,0.0,0.9694293,1.2471573,0.49069405,0.7220999,0.0,0.0,0.0,0.39345,0.1383698,0.57899666,0.0,1.2471573,0.0,1.5142401,1.5142401,0.9694293,0.0,10.0,18.978104,20.0,20.0,2.0
resstock-amy2018-2021-release-1-457349,0.0,0.14917359,0.0,0.0,0.07270272,0.0,0.0,0.0,0.0,0.0,0.0,0.0,0.0,0.0,0.0,0.0,0.0,0.0,3.299999952316284,0.0,-0.0,0.0,0.0,-0.0,0.0,-0.0,0.0,0.0,-0.0,0.0,3.2498116,0.14917359,0.0,0.7007014,0.7734041,0.30429584,0.44715118,0.0,0.0,0.0,0.39345,0.1383698,0.5781598,0.0,0.7734041,0.0,0.7734041,0.7734041,0.7007014,-0.0,10.0,18.40658,20.0,20.0,2.0
resstock-amy2018-2021-release-1-457349,0.0,0.27124488,0.0,0.0,0.19642398,0.0,0.0,0.0,0.0,0.0,0.0,0.0,0.0,0.0,0.0,0.0,0.0,0.0,3.299999952316284,0.0,-0.0,0.0,0.0,-0.0,0.0,-0.0,0.13846374,0.13846374,-0.0,0.040838256,3.2498116,0.27124488,0.0,0.6379254,0.8343494,0.30790648,0.46824336,0.0,0.0,0.0,0.3690378,0.1383698,0.5612078,0.0,0.8343494,0.0,0.7679666,0.7679666,0.6379254,-0.0,10.6,18.354643,20.0,20.0,2.0
resstock-amy2018-2021-release-1-457349,0.0,0.36841166,0.0,0.0,0.15636934,0.0,0.0,0.0,0.0,0.0,0.0,0.0,0.0,0.0,0.0,0.0,0.0,0.0,3.299999952316284,0.0,-0.0,0.0,0.0,-0.0,0.0,-0.0,0.0,0.0,0.04887089,0.025031738,3.2498116,0.31954077,0.0,0.57213575,0.7285051,0.25465152,0.39763632,0.0,0.0,0.0,0.34955353,0.1383698,0.54582506,0.0,0.7285051,0.0,0.75242037,0.75242037,0.57213575,-0.0,9.85,18.239185,19.824074,19.824074,2.0
resstock-amy2018-2021-release-1-457349,0.0,0.30948612,0.37131768,0.0,0.36256763,0.39276716,0.0,0.0,0.0,0.0,0.0,0.0,0.0,0.0,0.0,0.0,0.0,0.0,3.299999952316284,0.0,-0.0,0.0,0.0,-0.0,0.0,-0.0,0.43444088,0.43444088,-0.0,0.15309313,3.2498116,0.30948612,0.0,0.51125795,1.2665927,0.4064453,0.6819448,0.0,0.0,0.0,0.3208966,0.1383698,0.5384089,0.0,1.2665927,0.0,1.0548593,1.0548593,0.51125795,-0.0,10.0,18.027637,20.0,20.0,2.0
resstock-amy2018-2021-release-1-457349,0.7759889,0.5182404,0.0,0.0,0.40336815,0.0,0.0,0.0,0.0,0.0,0.0,0.0,0.0,0.0,0.0,0.0,0.0,0.0,3.299999952316284,0.0,-0.0,0.0,0.0,-0.0,0.0,-0.0,0.29757884,0.29757884,-0.0,0.240421,3.2498116,0.5182404,0.0,0.24269928,0.64606744,0.20351382,0.35264364,0.0,0.0,0.0,0.315004,0.1383698,0.545831,0.0,0.64606744,0.0,0.49893457,0.49893457,0.24269928,-0.0,9.466666,17.94404,17.777779,17.777779,2.0
resstock-amy2018-2021-release-1-457349,0.0,0.10193816,0.37131822,0.0,0.0,0.39276773,0.0,0.0,0.0,0.0,0.0,0.0,0.0,0.0,0.0,0.0,0.0,0.0,3.299999952316284,0.0,-0.0,0.0,0.0,-0.0,0.0,-0.0,0.0,0.0,0.10193817,0.20700501,3.2498116,0.0,0.0,0.23940073,0.6321685,0.19383714,0.3505248,0.0,0.0,0.0,0.3066226,0.1383698,0.5544801,0.0,0.6321685,0.0,0.6856302,0.6856302,0.23940073,-0.0,7.2,17.237453,17.777779,17.777779,2.0
resstock-amy2018-2021-release-1-457349,0.0,0.28039724,0.0,0.0,0.5808662,0.0,0.0,0.0,0.0,0.0,0.0,0.0,0.0,0.0,0.0,0.0,0.0,0.0,3.299999952316284,0.0,-0.0,0.0,0.0,-0.0,0.0,-0.0,0.87684935,0.87684935,-0.0,0.46502715,3.2498116,0.28039724,0.0,0.2383012,0.81916744,0.23239681,0.45914903,0.0,0.0,0.0,0.2836988,0.1383698,0.56050694,0.0,0.81916744,0.0,0.3790433,0.3790433,0.2383012,-0.0,8.9,17.042591,17.777779,17.777779,2.0
resstock-amy2018-2021-release-1-457349,0.0,0.1657762,0.0,0.0,0.49889535,0.0,0.0,0.0,0.0,0.0,0.0,0.0,0.0,0.0,0.0,0.0,0.0,0.0,3.299999952316284,0.0,-0.0,0.0,0.0,-0.0,0.0,-0.0,0.8414498,0.8414498,-0.0,0.7118678,3.2498116,0.1657762,0.0,0.25220335,0.7510987,0.209732,0.4200815,0.0,0.0,0.0,0.2792336,0.1383698,0.55928934,0.0,0.7510987,0.0,0.33431497,0.33431497,0.25220335,-0.0,9.4,16.680737,17.777779,17.777779,2.0
resstock-amy2018-2021-release-1-457349,0.0,0.1845448,0.0,0.0,0.39612114,0.0,0.0,0.0,0.0,0.0,0.0,0.0,0.0,0.0,0.0,0.0,0.0,0.0,3.299999952316284,0.0,-0.0,0.0,0.0,-0.0,0.0,-0.0,0.5707593,0.5707593,-0.0,0.8781628,3.2498116,0.1845448,0.0,0.23610216,0.6322233,0.17490281,0.35440302,0.0,0.0,0.0,0.2766472,0.1383698,0.5605662,0.0,0.6322233,0.0,0.3328871,0.3328871,0.23610216,-0.0,7.2,16.290592,17.777779,17.777779,2.0
resstock-amy2018-2021-release-1-457349,0.0,0.2522222,0.0,0.0,0.40395844,0.0,0.0,0.0,0.0,0.0,0.0,0.0,0.0,0.0,0.0,0.0,0.0,0.0,3.299999952316284,0.0,-0.0,0.0,0.0,-0.0,0.0,-0.0,0.42164215,0.42164215,-0.0,1.0,3.2498116,0.2522222,0.0,0.23985946,0.6438179,0.17543986,0.35778132,0.0,0.0,0.0,0.2724992,0.1383698,0.5557182,0.0,0.6438179,0.0,0.43217963,0.43217963,0.23985946,-0.0,8.9,16.226229,17.777779,17.777779,2.0
resstock-amy2018-2021-release-1-457349,0.0,0.44061482,0.0,0.0,0.8351441,0.0,0.0,0.0,0.0,0.0,0.0,0.0,0.0,0.0,0.0,0.0,0.0,0.0,3.299999952316284,0.0,-0.0,0.0,0.0,-0.0,0.0,-0.0,0.009734306,0.009734306,-0.0,1.0,3.2498116,0.44061482,0.0,0.25818723,1.0933313,0.29738504,0.60870814,0.0,0.0,0.0,0.271999,0.1383698,0.55674624,0.0,1.0933313,0.0,1.0885098,1.0885098,0.25818723,-0.0,9.4,16.39819,17.777779,17.777779,2.0
resstock-amy2018-2021-release-1-457349,0.0,0.7510451,0.7005409,0.0,1.0994208,0.7410083,0.0,0.0,0.0,0.0,0.0,0.0,0.0,0.0,0.0,0.0,0.0,0.0,3.299999952316284,0.0,-0.0,0.0,0.0,-0.0,0.0,-0.0,0.009734306,0.009734306,-0.0,1.0,3.2498116,0.7510451,0.0,0.292185,2.1326141,0.606477,1.1888257,0.0,0.0,0.0,0.284382,0.1383698,0.55745,0.0,2.1326141,0.0,2.1276894,2.1276894,0.292185,-0.0,8.6,16.785078,17.953703,17.953703,2.0
resstock-amy2018-2021-release-1-457349,0.0,0.17068869,0.63984066,0.0,0.648877,0.6768016,0.0,0.0,0.0,0.0,0.0,0.0,0.0,0.0,0.0,0.0,0.0,0.0,3.299999952316284,0.0,-0.0,0.0,0.0,-0.0,0.0,-0.0,0.009734306,0.009734306,-0.0,1.0,3.2498116,0.17068869,0.0,0.4939199,1.8195987,0.5530907,1.0146879,0.0,0.0,0.0,0.303963,0.1383698,0.5576438,0.0,1.8195987,0.0,1.8145709,1.8145709,0.4939199,-0.0,7.8,16.414238,19.824074,19.824074,2.0
resstock-amy2018-2021-release-1-457349,0.29187492,0.32789087,0.0,0.0,0.8576452,0.0,0.0,0.0,0.0,0.0,0.0,0.0,0.0,0.0,0.0,0.0,0.0,0.0,3.299999952316284,0.0,-0.0,0.0,0.0,-0.0,0.0,-0.0,0.009734306,0.009734306,-0.0,1.0,3.2498116,0.32789087,0.0,0.43743104,1.2950763,0.43573987,0.72560114,0.0,0.0,0.0,0.33645886,0.1383698,0.56027675,0.0,1.2950763,0.0,1.2901129,1.2901129,0.43743104,-0.0,8.3,16.394444,17.787037,17.787037,2.0
resstock-amy2018-2021-release-1-457349,0.0,0.22558916,0.0,0.0,0.5121842,0.0,0.0,0.0,0.0,0.0,0.0,0.0,0.0,0.0,0.0,0.0,0.0,0.0,3.299999952316284,0.0,-0.0,0.0,0.0,-0.0,0.0,-0.0,0.009734306,0.009734306,-0.0,1.0,3.2498116,0.22558916,0.0,0.63280356,1.1356709,0.41224965,0.6457469,0.0,0.0,0.0,0.363001,0.1383698,0.5686039,0.0,1.1356709,0.0,1.1307075,1.1400244,0.63280356,-0.0093168635,8.3,16.481997,17.777779,17.777779,2.0
resstock-amy2018-2021-release-1-457349,0.0,0.11723778,0.0,0.0,0.4496839,0.0,0.0,0.0,0.0,0.0,0.0,0.0,0.0,0.0,0.0,0.0,0.0,0.0,3.299999952316284,0.0,-0.0,0.0,0.0,-0.0,0.0,-0.0,0.009734306,0.009734306,-0.0,1.0,3.2498116,0.11723778,0.0,0.81250614,1.2311745,0.44685477,0.72126925,0.0,0.0,0.0,0.36295,0.1383698,0.5858384,0.0,1.2311745,0.0,1.2264303,1.2574459,0.81250614,-0.031015666,10.0,16.856781,17.777779,17.777779,2.0
resstock-amy2018-2021-release-1-457349,0.0,0.1488974,0.37143576,0.0,0.0,0.39289206,0.0,0.0,0.0,0.0,0.0,0.0,0.0,0.0,0.0,0.0,0.0,0.0,3.299999952316284,0.0,-0.0,0.0,0.0,-0.0,0.0,-0.0,0.0,0.0,0.14889742,0.9493277,3.2498116,0.0,0.0,0.84054756,1.1931633,0.41474912,0.72459906,0.0,0.0,0.0,0.34760466,0.1383698,0.6072925,0.0,1.1931633,0.0,1.2645482,1.3048245,0.84054756,-0.040276334,10.6,17.029522,17.777779,17.777779,2.0
resstock-amy2018-2021-release-1-457349,0.0,0.2023898,0.0,0.0,0.6138074,0.0,0.0,0.0,0.0,0.0,0.0,0.0,0.0,0.0,0.0,0.0,0.0,0.0,3.299999952316284,0.0,-0.0,0.0,0.0,-0.0,0.0,-0.0,0.18104754,0.18104754,-0.0,1.0,3.2498116,0.2023898,0.0,0.8114066,1.3992286,0.46684957,0.8681346,0.0,0.0,0.0,0.33364782,0.1383698,0.62043804,0.0,1.3992286,0.0,1.3150676,1.3410531,0.8114066,-0.025985463,11.7,16.96853,17.777779,17.777779,2.0
resstock-amy2018-2021-release-1-457349,0.042754658,0.111001045,0.0,0.0,0.0,0.0,0.0,0.0,0.0,0.0,0.0,0.0,0.0,0.0,0.0,0.0,0.0,0.0,3.299999952316284,0.0,-0.0,0.0,0.0,-0.0,0.0,-0.0,0.0,0.0,0.111001045,0.96149373,3.2498116,0.0,0.0,0.80874884,0.75126255,0.24352683,0.46794713,0.0,0.0,0.0,0.32415676,0.1383698,0.62288094,0.0,0.75126255,0.0,0.8012449,0.8587312,0.80874884,-0.057486303,12.8,17.33106,17.777779,17.777779,2.0
resstock-amy2018-2021-release-1-457349,0.0,0.24785632,0.0,0.0,0.05104333,0.0,0.0,0.0,0.0,0.0,0.0,0.0,0.0,0.0,0.0,0.0,0.0,0.0,3.299999952316284,0.0,-0.0,0.0,0.0,-0.0,0.0,-0.0,0.0,0.0,0.13280714,0.9160975,3.2498116,0.11504918,0.0,0.66304404,0.67966,0.21368103,0.42797312,0.0,0.0,0.0,0.314394,0.1383698,0.6296871,0.0,0.67966,0.0,0.73858196,0.7730093,0.66304404,-0.03442736,13.3,17.4198,17.777779,17.777779,2.0
resstock-amy2018-2021-release-1-457349,0.0,0.26543176,0.0,0.0,0.19340634,0.0,0.0,0.0,0.0,0.0,0.0,0.0,0.0,0.0,0.0,0.0,0.0,0.0,3.299999952316284,0.0,-0.0,0.0,0.0,-0.0,0.0,-0.0,0.15062529,0.15062529,-0.0,0.95789254,3.2498116,0.26543176,0.0,0.59019166,0.7583213,0.24517432,0.48453543,0.0,0.0,0.0,0.32331192,0.1383698,0.638958,0.0,0.7583213,0.0,0.6883023,0.713579,0.59019166,-0.025276735,11.7,17.302502,17.777779,17.777779,2.0
resstock-amy2018-2021-release-1-457349,0.0,0.22673237,0.0,0.0,0.22587925,0.0,0.0,0.0,0.0,0.0,0.0,0.0,0.0,0.0,0.0,0.0,0.0,0.0,3.299999952316284,0.0,-0.0,0.0,0.0,-0.0,0.0,-0.0,0.15209138,0.15209138,-0.0,1.0,3.2498116,0.22673237,0.0,0.5210966,0.7282421,0.23970465,0.46734232,0.0,0.0,0.0,0.32915518,0.1383698,0.6417403,0.0,0.7282421,0.0,0.6575416,0.6762753,0.5210966,-0.018733738,11.7,17.530767,17.777779,17.777779,2.0
resstock-amy2018-2021-release-1-457349,0.0,0.3583372,0.0,0.0,0.48267478,0.0,0.0,0.0,0.0,0.0,0.0,0.0,0.0,0.0,0.0,0.0,0.0,0.0,3.299999952316284,0.0,-0.0,0.0,0.0,-0.0,0.0,-0.0,0.009734306,0.009734306,-0.0,1.0,3.2498116,0.3583372,0.0,0.40783134,0.88269335,0.29257497,0.57312125,0.0,0.0,0.0,0.33145708,0.1383698,0.6492869,0.0,0.88269335,0.0,0.878091,0.8859038,0.40783134,-0.007812789,11.1,17.658745,19.064816,19.064816,2.0
resstock-amy2018-2021-release-1-457349,0.0,0.27329648,0.0,0.0,0.37747756,0.0,0.0,0.0,0.0,0.0,0.0,0.0,0.0,0.0,0.0,0.0,0.0,0.0,3.299999952316284,0.0,-0.0,0.0,0.0,-0.0,0.0,-0.0,0.009734306,0.009734306,-0.0,1.0,3.2498116,0.27329648,0.0,0.6689744,1.0455302,0.35834238,0.67650115,0.0,0.0,0.0,0.34273747,0.1383698,0.64704126,0.0,1.0455302,0.0,1.0409278,1.0418495,0.6689744,-0.00092172145,11.1,17.396667,20.0,20.0,2.0
resstock-amy2018-2021-release-1-457349,0.0,0.16092584,0.0,0.0,0.61118114,0.0,0.0,0.0,0.0,0.0,0.0,0.0,0.0,0.0,0.0,0.0,0.0,0.0,3.299999952316284,0.0,-0.0,0.0,0.0,-0.0,0.0,-0.0,0.009734306,0.009734306,-0.0,1.0,3.2498116,0.16092584,0.0,0.7007014,1.3118825,0.4620642,0.8336159,0.0,0.0,0.0,0.35221463,0.1383698,0.63543487,0.0,1.3118825,0.0,1.3072157,1.3072157,0.7007014,-0.0,10.6,17.356544,20.0,20.0,2.0
resstock-amy2018-2021-release-1-457349,0.0,0.17382088,0.617618,0.0,0.46872395,0.6532953,0.0,0.0,0.0,0.0,0.0,0.0,0.0,0.0,0.0,0.0,0.0,0.0,3.299999952316284,0.0,-0.0,0.0,0.0,-0.0,0.0,-0.0,0.009734306,0.009734306,-0.0,1.0,3.2498116,0.17382088,0.0,0.6379254,1.7599447,0.61021835,1.1116301,0.0,0.0,0.0,0.34672588,0.1383698,0.63162786,0.0,1.7599447,0.0,1.7552779,1.7552779,0.6379254,-0.0,10.6,17.419163,20.0,20.0,2.0
resstock-amy2018-2021-release-1-457349,0.0,0.13908973,0.0,0.0,0.39325798,0.0,0.0,0.0,0.0,0.0,0.0,0.0,0.0,0.0,0.0,0.0,0.0,0.0,3.299999952316284,0.0,-0.0,0.0,0.0,-0.0,0.0,-0.0,0.009734306,0.009734306,-0.0,1.0,3.2498116,0.13908973,0.0,0.25085467,0.64411265,0.21009919,0.4021745,0.0,0.0,0.0,0.32618392,0.1383698,0.62438536,0.0,0.64411265,0.0,0.6393684,0.6393684,0.25085467,-0.0,10.0,17.35227,19.833334,19.833334,2.0
resstock-amy2018-2021-release-1-457349,0.0,0.19551447,0.0,0.0,0.75857055,0.0,0.0,0.0,0.0,0.0,0.0,0.0,0.0,0.0,0.0,0.0,0.0,0.0,3.299999952316284,0.0,-0.0,0.0,0.0,-0.0,0.0,-0.0,0.009734306,0.009734306,-0.0,1.0,3.2498116,0.19551447,0.0,0.24489833,1.0034689,0.30920428,0.61570764,0.0,0.0,0.0,0.3081354,0.1383698,0.6135792,0.0,1.0034689,0.0,0.99864733,0.99864733,0.24489833,-0.0,9.4,17.250454,19.444445,19.444445,2.0
resstock-amy2018-2021-release-1-457349,0.47373235,0.15438093,0.0,0.0,0.6593045,0.0,0.0,0.0,0.0,0.0,0.0,0.0,0.0,0.0,0.0,0.0,0.0,0.0,3.299999952316284,0.0,-0.0,0.0,0.0,-0.0,0.0,-0.0,0.009734306,0.009734306,-0.0,1.0,3.2498116,0.15438093,0.0,0.24269928,0.90200377,0.2730364,0.54655653,0.0,0.0,0.0,0.30269983,0.1383698,0.605936,0.0,0.90200377,0.0,0.89704037,0.89704037,0.24269928,-0.0,8.3,16.95254,17.777779,17.777779,2.0
resstock-amy2018-2021-release-1-457349,0.0,0.14904448,0.0,0.0,0.67594504,0.0,0.0,0.0,0.0,0.0,0.0,0.0,0.0,0.0,0.0,0.0,0.0,0.0,3.299999952316284,0.0,-0.0,0.0,0.0,-0.0,0.0,-0.0,0.009734306,0.009734306,-0.0,1.0,3.2498116,0.14904448,0.0,0.23940073,0.9153458,0.26757848,0.54763836,0.0,0.0,0.0,0.29232502,0.1383698,0.5982858,0.0,0.9153458,0.0,0.91034806,0.91034806,0.23940073,-0.0,8.033334,16.625542,17.777779,17.777779,2.0
resstock-amy2018-2021-release-1-457349,0.0,0.14359577,0.0,0.0,0.50231254,0.0,0.0,0.0,0.0,0.0,0.0,0.0,0.0,0.0,0.0,0.0,0.0,0.0,3.299999952316284,0.0,-0.0,0.0,0.0,-0.0,0.0,-0.0,0.009734306,0.009734306,-0.0,1.0,3.2498116,0.14359577,0.0,0.2383012,0.74061376,0.2052863,0.41458213,0.0,0.0,0.0,0.277184,0.1383698,0.55978185,0.0,0.74061376,0.0,0.73565036,0.73565036,0.2383012,-0.0,8.3,16.333557,17.777779,17.777779,2.0
resstock-amy2018-2021-release-1-457349,0.0,0.6315242,0.0,0.0,0.28548288,0.0,0.0,0.0,0.0,0.0,0.0,0.0,0.0,0.0,0.0,0.0,0.0,0.0,3.299999952316284,0.0,-0.0,0.0,0.0,-0.0,0.0,-0.0,0.0,0.0,0.078805156,0.9718298,3.2498116,0.55271906,0.0,0.25220335,0.5376862,0.14501755,0.28807348,0.0,0.0,0.0,0.26970664,0.1383698,0.53576505,0.0,0.5376862,0.0,0.5783896,0.5783896,0.25220335,-0.0,7.8,16.484388,17.777779,17.777779,2.0
resstock-amy2018-2021-release-1-457349,0.0,0.33633667,0.0,0.0,0.16667059,0.0,0.0,0.0,0.0,0.0,0.0,0.0,0.0,0.0,0.0,0.0,0.0,0.0,3.299999952316284,0.0,-0.0,0.0,0.0,-0.0,0.0,-0.0,0.0,0.0,0.018537536,0.9630884,3.2498116,0.31779915,0.0,0.23610216,0.40277275,0.10598635,0.2032827,0.0,0.0,0.0,0.2631418,0.1383698,0.5047082,0.0,0.40277275,0.0,0.4124948,0.4124948,0.23610216,-0.0,7.2,16.122967,17.777779,17.777779,2.0
resstock-amy2018-2021-release-1-457349,0.0,0.31058782,0.0,0.0,0.06399889,0.0,0.0,0.0,0.0,0.0,0.0,0.0,0.0,0.0,0.0,0.0,0.0,0.0,3.299999952316284,0.0,-0.0,0.0,0.0,-0.0,0.0,-0.0,0.0,0.0,0.19007951,0.8993011,3.2498116,0.12050831,0.0,0.23985946,0.30385834,0.079957835,0.1513782,0.0,0.0,0.0,0.2631418,0.1383698,0.49818677,0.0,0.30385834,0.0,0.4048047,0.4048047,0.23985946,-0.0,6.7,15.85116,17.777779,17.777779,2.0
resstock-amy2018-2021-release-1-457349,0.0,0.3217223,0.0,0.0,0.3061813,0.0,0.0,0.0,0.0,0.0,0.0,0.0,0.0,0.0,0.0,0.0,0.0,0.0,3.299999952316284,0.0,-0.0,0.0,0.0,-0.0,0.0,-0.0,0.23136202,0.23136202,-0.0,0.96495676,3.2498116,0.3217223,0.0,0.25818723,0.56436855,0.14824042,0.2865459,0.0,0.0,0.0,0.262666,0.1383698,0.50772834,0.0,0.56436855,0.0,0.43628907,0.43628907,0.25818723,-0.0,5.0,15.607653,17.777779,17.777779,2.0
resstock-amy2018-2021-release-1-457349,0.0,0.51298076,0.0,0.0,0.76967704,0.0,0.0,0.0,0.0,0.0,0.0,0.0,0.0,0.0,0.0,0.0,0.0,0.0,3.299999952316284,0.0,-0.0,0.0,0.0,-0.0,0.0,-0.0,0.12820882,0.12820882,-0.0,1.0,3.2498116,0.51298076,0.0,0.292185,1.061862,0.28822947,0.55505335,0.0,0.0,0.0,0.2714378,0.1383698,0.52271706,0.0,1.061862,0.0,0.9898682,0.9898682,0.292185,-0.0,4.4,15.598203,17.944445,17.944445,2.0
resstock-amy2018-2021-release-1-457349,0.0,0.41527036,0.69764763,0.0,0.79090333,0.7379479,0.0,0.0,0.0,0.0,0.0,0.0,0.0,0.0,0.0,0.0,0.0,0.0,3.299999952316284,0.0,-0.0,0.0,0.0,-0.0,0.0,-0.0,0.009734306,0.009734306,-0.0,1.0,3.2498116,0.41527036,0.0,0.4939199,2.0227711,0.5906633,1.0874537,0.0,0.0,0.0,0.292007,0.1383698,0.53760594,0.0,2.0227711,0.0,2.017305,2.017305,0.4939199,-0.0,4.4,15.539951,19.833334,19.833334,2.0
resstock-amy2018-2021-release-1-457349,0.30544022,0.23022795,0.0,0.0,0.52305126,0.0,0.0,0.0,0.0,0.0,0.0,0.0,0.0,0.0,0.0,0.0,0.0,0.0,3.299999952316284,0.0,-0.0,0.0,0.0,-0.0,0.0,-0.0,0.009734306,0.009734306,-0.0,1.0,3.2498116,0.23022795,0.0,0.6363609,1.1594121,0.3668178,0.63606805,0.0,0.0,0.0,0.3163826,0.1383698,0.54861253,0.0,1.1594121,0.0,1.1542168,1.1542168,0.6363609,-0.0,6.5,15.601969,17.777779,17.777779,2.0
resstock-amy2018-2021-release-1-457349,0.0,0.19609201,0.0,0.0,0.13511421,0.0,0.0,0.0,0.0,0.0,0.0,0.0,0.0,0.0,0.0,0.0,0.0,0.0,3.299999952316284,0.0,-0.0,0.0,0.0,-0.0,0.0,-0.0,0.009734306,0.009734306,-0.0,1.0,3.2498116,0.19609201,0.0,0.63280356,0.75694144,0.25067556,0.42331105,0.0,0.0,0.0,0.331169,0.1383698,0.55923885,0.0,0.75694144,0.0,0.7520167,0.76299304,0.63280356,-0.010976291,8.6,16.197674,17.777779,17.777779,2.0
resstock-amy2018-2021-release-1-457349,0.0,0.22454804,0.0,0.0,0.41705918,0.0,0.0,0.0,0.0,0.0,0.0,0.0,0.0,0.0,0.0,0.0,0.0,0.0,3.299999952316284,0.0,-0.0,0.0,0.0,-0.0,0.0,-0.0,0.009734306,0.009734306,-0.0,1.0,3.2498116,0.22454804,0.0,0.81250614,1.1978738,0.40628237,0.7012791,0.0,0.0,0.0,0.3391696,0.1383698,0.5854365,0.0,1.1978738,0.0,1.1930523,1.2247438,0.81250614,-0.03169161,9.4,16.767286,17.777779,17.777779,2.0
resstock-amy2018-2021-release-1-457349,0.11711012,0.6148684,0.0,0.0,0.7429434,0.0,0.0,0.0,0.0,0.0,0.0,0.0,0.0,0.0,0.0,0.0,0.0,0.0,3.299999952316284,0.0,-0.0,0.0,0.0,-0.0,0.0,-0.0,0.009734306,0.009734306,-0.0,1.0,3.2498116,0.6148684,0.0,0.84054756,1.5318696,0.5061129,0.8895291,0.0,0.0,0.0,0.330389,0.1383698,0.580682,0.0,1.5318696,0.0,1.5271255,1.5787468,0.84054756,-0.05162134,10.0,17.713375,17.777779,17.777779,2.0
resstock-amy2018-2021-release-1-457349,0.2741244,0.45717365,0.37154305,0.0,0.10464501,0.39300555,0.0,0.0,0.0,0.0,0.0,0.0,0.0,0.0,0.0,0.0,0.0,0.0,3.299999952316284,0.0,-0.0,0.0,0.0,-0.0,0.0,-0.0,0.0,0.0,0.23890111,0.92043334,3.2498116,0.21827254,0.0,0.8114066,1.245023,0.40956193,0.6824865,0.0,0.0,0.0,0.32895932,0.1383698,0.54817176,0.0,1.245023,0.0,1.3595579,1.4235921,0.8114066,-0.06403417,10.6,18.203888,17.777779,17.777779,2.0
resstock-amy2018-2021-release-1-457349,0.31545162,0.46250483,0.0,0.0,0.66441256,0.0,0.0,0.0,0.0,0.0,0.0,0.0,0.0,0.0,0.0,0.0,0.0,0.0,3.299999952316284,0.0,-0.0,0.0,0.0,-0.0,0.0,-0.0,0.2787336,0.2787336,-0.0,1.0,3.2498116,0.46250483,0.0,0.80874884,1.4063624,0.44168243,0.7496038,0.0,0.0,0.0,0.31406018,0.1383698,0.533009,0.0,1.4063624,0.0,1.2745767,1.3413757,0.80874884,-0.066799,11.1,18.605778,17.777779,17.777779,2.0
resstock-amy2018-2021-release-1-457349,0.34972826,0.6925019,0.0,0.0,0.8404418,0.0,0.0,0.0,0.0,0.0,0.0,0.0,0.0,0.0,0.0,0.0,0.0,0.0,3.299999952316284,0.0,-0.0,0.0,0.0,-0.0,0.0,-0.0,0.009734306,0.009734306,-0.0,1.0,3.2498116,0.6925019,0.0,0.66304404,1.4459457,0.43983462,0.7637723,0.0,0.0,0.0,0.30418473,0.1383698,0.5282164,0.0,1.4459457,0.0,1.4414852,1.4990253,0.66304404,-0.057540216,12.2,19.14307,17.777779,17.777779,2.0
resstock-amy2018-2021-release-1-457349,0.19869468,0.4120679,0.0,0.0,0.558087,0.0,0.0,0.0,0.0,0.0,0.0,0.0,0.0,0.0,0.0,0.0,0.0,0.0,3.299999952316284,0.0,-0.0,0.0,0.0,-0.0,0.0,-0.0,0.009734306,0.009734306,-0.0,1.0,3.2498116,0.4120679,0.0,0.59019166,1.1097162,0.33859882,0.5801718,0.0,0.0,0.0,0.305122,0.1383698,0.522811,0.0,1.1097162,0.0,1.1052556,1.1438181,0.59019166,-0.038562577,12.2,19.114285,17.777779,17.777779,2.0
resstock-amy2018-2021-release-1-457349,0.1366171,0.422782,0.0,0.0,0.66238093,0.0,0.0,0.0,0.0,0.0,0.0,0.0,0.0,0.0,0.0,0.0,0.0,0.0,3.299999952316284,0.0,-0.0,0.0,0.0,-0.0,0.0,-0.0,0.009734306,0.009734306,-0.0,1.0,3.2498116,0.422782,0.0,0.5210966,1.1618185,0.3509245,0.62644315,0.0,0.0,0.0,0.3020476,0.1383698,0.5391919,0.0,1.1618185,0.0,1.1572934,1.1789525,0.5210966,-0.021659028,11.7,18.922386,17.777779,17.777779,2.0
resstock-amy2018-2021-release-1-457349,0.0,0.6677851,0.0,0.0,0.29292002,0.0,0.0,0.0,0.0,0.0,0.0,0.0,0.0,0.0,0.0,0.0,0.0,0.0,3.299999952316284,0.0,-0.0,0.0,0.0,-0.0,0.0,-0.0,0.0,0.0,0.048244122,0.98164093,3.2498116,0.619541,0.0,0.40783134,0.6898366,0.21165416,0.3814063,0.0,0.0,0.0,0.3068178,0.1383698,0.5528937,0.0,0.6898366,0.0,0.71264654,0.7235613,0.40783134,-0.010914751,11.1,18.913492,19.74074,19.74074,2.0
resstock-amy2018-2021-release-1-457349,0.0,0.48328793,0.0,0.0,0.58397377,0.0,0.0,0.0,0.0,0.0,0.0,0.0,0.0,0.0,0.0,0.0,0.0,0.0,3.299999952316284,0.0,-0.0,0.0,0.0,-0.0,0.0,-0.0,0.071802884,0.071802884,-0.0,1.0,3.2498116,0.48328793,0.0,0.6689744,1.2521098,0.39518338,0.73399,0.0,0.0,0.0,0.315614,0.1383698,0.5862026,0.0,1.2521098,0.0,1.2171152,1.2179536,0.6689744,-0.0008384146,10.0,18.74413,20.0,20.0,2.0
resstock-amy2018-2021-release-1-457349,0.0,0.20129831,0.0,0.0,0.49162483,0.0,0.0,0.0,0.0,0.0,0.0,0.0,0.0,0.0,0.0,0.0,0.0,0.0,3.299999952316284,0.0,-0.0,0.0,0.0,-0.0,0.0,-0.0,0.009734306,0.009734306,-0.0,1.0,3.2498116,0.20129831,0.0,0.327868,0.8194928,0.2704049,0.5066071,0.0,0.0,0.0,0.32996616,0.1383698,0.6181959,0.0,0.8194928,0.0,0.8147486,0.8147486,0.327868,-0.0,10.0,18.529564,20.0,20.0,2.0
resstock-amy2018-2021-release-1-457349,0.0,0.16947815,0.0,0.0,0.6791254,0.0,0.0,0.0,0.0,0.0,0.0,0.0,0.0,0.0,0.0,0.0,0.0,0.0,3.299999952316284,0.0,-0.0,0.0,0.0,-0.0,0.0,-0.0,0.009734306,0.009734306,-0.0,1.0,3.2498116,0.16947815,0.0,0.6379254,1.3170508,0.42772812,0.8284158,0.0,0.0,0.0,0.32476205,0.1383698,0.62899303,0.0,1.3170508,0.0,1.3122293,1.3122293,0.6379254,-0.0,9.4,18.42786,20.0,20.0,2.0
resstock-amy2018-2021-release-1-457349,0.0,0.13090205,0.0,0.0,0.077977434,0.0,0.0,0.0,0.0,0.0,0.0,0.0,0.0,0.0,0.0,0.0,0.0,0.0,3.299999952316284,0.0,-0.0,0.0,0.0,-0.0,0.0,-0.0,0.009734306,0.009734306,-0.0,1.0,3.2498116,0.13090205,0.0,0.25085467,0.3288321,0.10063728,0.20714007,0.0,0.0,0.0,0.30604458,0.1383698,0.62992656,0.0,0.3288321,0.0,0.32394606,0.32394606,0.25085467,-0.0,8.9,18.224808,19.833334,19.833334,2.0
resstock-amy2018-2021-release-1-457349,0.75899374,0.14857715,1.4861546,0.0,0.65689784,1.5720036,0.0,0.0,0.0,0.0,0.0,0.0,0.0,0.0,0.0,0.0,0.0,0.0,3.299999952316284,0.0,-0.0,0.0,0.0,-0.0,0.0,-0.0,0.009734306,0.009734306,-0.0,1.0,3.2498116,0.14857715,0.0,0.24489833,2.4737997,0.7318737,1.5501873,0.0,0.0,0.0,0.29585,0.1383698,0.6266422,0.0,2.4737997,0.0,2.468772,2.468772,0.24489833,-0.0,7.8,17.94499,17.777779,17.777779,2.0
resstock-amy2018-2021-release-1-457349,0.0,0.119914636,0.0,0.0,0.5128175,0.0,0.0,0.0,0.0,0.0,0.0,0.0,0.0,0.0,0.0,0.0,0.0,0.0,3.299999952316284,0.0,-0.0,0.0,0.0,-0.0,0.0,-0.0,0.009734306,0.009734306,-0.0,1.0,3.2498116,0.119914636,0.0,0.24269928,0.75551677,0.22061618,0.4631984,0.0,0.0,0.0,0.292007,0.1383698,0.6130882,0.0,0.75551677,0.0,0.75041157,0.75041157,0.24269928,-0.0,7.2,17.555813,17.777779,17.777779,2.0
resstock-amy2018-2021-release-1-457349,0.0,0.3568782,0.0,0.0,0.26714334,0.0,0.0,0.0,0.0,0.0,0.0,0.0,0.0,0.0,0.0,0.0,0.0,0.0,3.299999952316284,0.0,-0.0,0.0,0.0,-0.0,0.0,-0.0,0.009734306,0.009734306,-0.0,1.0,3.2498116,0.3568782,0.0,0.23940073,0.50654405,0.14358234,0.29437864,0.0,0.0,0.0,0.2834548,0.1383698,0.5811511,0.0,0.50654405,0.0,0.50143886,0.50143886,0.23940073,-0.0,7.2,17.360971,17.777779,17.777779,2.0
resstock-amy2018-2021-release-1-457349,0.0,0.36419302,0.0,0.0,0.051951084,0.0,0.0,0.0,0.0,0.0,0.0,0.0,0.0,0.0,0.0,0.0,0.0,0.0,3.299999952316284,0.0,-0.0,0.0,0.0,-0.0,0.0,-0.0,0.0,0.0,0.2651353,0.91201127,3.2498116,0.099057734,0.0,0.2383012,0.2902523,0.07892709,0.15562817,0.0,0.0,0.0,0.2719258,0.1383698,0.5361824,0.0,0.2902523,0.0,0.42930317,0.42930317,0.2383012,-0.0,7.2,17.081001,17.777779,17.777779,2.0
resstock-amy2018-2021-release-1-457349,0.0,0.17671025,0.0,0.0,0.50802165,0.0,0.0,0.0,0.0,0.0,0.0,0.0,0.0,0.0,0.0,0.0,0.0,0.0,3.299999952316284,0.0,-0.0,0.0,0.0,-0.0,0.0,-0.0,0.30720723,0.30720723,-0.0,1.0,3.2498116,0.17671025,0.0,0.25220335,0.760225,0.20059481,0.3640483,0.0,0.0,0.0,0.26386243,0.1383698,0.47886917,0.0,0.760225,0.0,0.5970751,0.5970751,0.25220335,-0.0,6.7,16.610798,17.777779,17.777779,2.0
resstock-amy2018-2021-release-1-457349,0.0,0.2515331,0.0,0.0,0.20737083,0.0,0.0,0.0,0.0,0.0,0.0,0.0,0.0,0.0,0.0,0.0,0.0,0.0,3.299999952316284,0.0,-0.0,0.0,0.0,-0.0,0.0,-0.0,0.009734306,0.009734306,-0.0,1.0,3.2498116,0.2515331,0.0,0.23610216,0.44347298,0.1133485,0.19665737,0.0,0.0,0.0,0.2555928,0.1383698,0.44344836,0.0,0.44347298,0.0,0.43822598,0.43822598,0.23610216,-0.0,6.1,16.283585,17.777779,17.777779,2.0
resstock-amy2018-2021-release-1-457349,0.0,0.1767253,0.0,0.0,0.5492848,0.0,0.0,0.0,0.0,0.0,0.0,0.0,0.0,0.0,0.0,0.0,0.0,0.0,3.299999952316284,0.0,-0.0,0.0,0.0,-0.0,0.0,-0.0,0.009734306,0.009734306,-0.0,1.0,3.2498116,0.1767253,0.0,0.23985946,0.7891443,0.19605403,0.3357674,0.0,0.0,0.0,0.24843876,0.1383698,0.4254829,0.0,0.7891443,0.0,0.7836781,0.7836781,0.23985946,-0.0,4.4,15.852085,17.777779,17.777779,2.0
resstock-amy2018-2021-release-1-457349,0.0,0.23541857,0.0,0.0,0.5328137,0.0,0.0,0.0,0.0,0.0,0.0,0.0,0.0,0.0,0.0,0.0,0.0,0.0,3.299999952316284,0.0,-0.0,0.0,0.0,-0.0,0.0,-0.0,0.009734306,0.009734306,-0.0,1.0,3.2498116,0.23541857,0.0,0.25818723,0.79100096,0.19595058,0.32522652,0.0,0.0,0.0,0.24772483,0.1383698,0.41115817,0.0,0.79100096,0.0,0.7855348,0.7855348,0.25818723,-0.0,4.4,15.612073,17.777779,17.777779,2.0
resstock-amy2018-2021-release-1-457349,0.0,0.29186547,0.0,0.0,0.80867124,0.0,0.0,0.0,0.0,0.0,0.0,0.0,0.0,0.0,0.0,0.0,0.0,0.0,3.299999952316284,0.0,-0.0,0.0,0.0,-0.0,0.0,-0.0,0.009734306,0.009734306,-0.0,1.0,3.2498116,0.29186547,0.0,0.292185,1.1008563,0.28197438,0.47951636,0.0,0.0,0.0,0.25614095,0.1383698,0.43558487,0.0,1.1008563,0.0,1.0953257,1.0953257,0.292185,-0.0,3.9,15.451403,17.777779,17.777779,2.0
resstock-amy2018-2021-release-1-457349,0.0,0.26238167,0.0,0.0,0.75186455,0.0,0.0,0.0,0.0,0.0,0.0,0.0,0.0,0.0,0.0,0.0,0.0,0.0,3.299999952316284,0.0,-0.0,0.0,0.0,-0.0,0.0,-0.0,0.009734306,0.009734306,-0.0,1.0,3.2498116,0.26238167,0.0,0.34780914,1.0996737,0.31306285,0.5357733,0.0,0.0,0.0,0.284687,0.1383698,0.48721114,0.0,1.0996737,0.0,1.0942849,1.0942849,0.34780914,-0.0,5.0,15.337324,17.777779,17.777779,2.0
resstock-amy2018-2021-release-1-457349,0.0,0.2389758,0.0,0.0,0.2963463,0.0,0.0,0.0,0.0,0.0,0.0,0.0,0.0,0.0,0.0,0.0,0.0,0.0,3.299999952316284,0.0,-0.0,0.0,0.0,-0.0,0.0,-0.0,0.009734306,0.009734306,-0.0,1.0,3.2498116,0.2389758,0.0,0.43743104,0.73377734,0.22223589,0.38109636,0.0,0.0,0.0,0.30286556,0.1383698,0.5193624,0.0,0.73377734,0.0,0.72853035,0.72853035,0.43743104,-0.0,6.1,15.266348,17.944445,17.944445,2.0
resstock-amy2018-2021-release-1-457349,0.0,0.17116545,0.0,0.0,0.5626672,0.0,0.0,0.0,0.0,0.0,0.0,0.0,0.0,0.0,0.0,0.0,0.0,0.0,3.299999952316284,0.0,-0.0,0.0,0.0,-0.0,0.0,-0.0,0.009734306,0.009734306,-0.0,1.0,3.2498116,0.17116545,0.0,0.63280356,1.1838514,0.3863499,0.61392844,0.0,0.0,0.0,0.32635,0.1383698,0.51858574,0.0,1.1838514,0.0,1.1788236,1.190443,0.63280356,-0.011619458,7.8,15.414448,20.0,20.0,2.0
resstock-amy2018-2021-release-1-457349,0.0,0.12864411,0.0,0.0,0.08181934,0.0,0.0,0.0,0.0,0.0,0.0,0.0,0.0,0.0,0.0,0.0,0.0,0.0,3.299999952316284,0.0,-0.0,0.0,0.0,-0.0,0.0,-0.0,0.009734306,0.009734306,-0.0,1.0,3.2498116,0.12864411,0.0,0.81250614,0.86275613,0.2855721,0.44585437,0.0,0.0,0.0,0.3309998,0.1383698,0.5167791,0.0,0.86275613,0.0,0.8579346,0.88950396,0.81250614,-0.03156934,9.4,15.935511,20.0,20.0,2.0
resstock-amy2018-2021-release-1-457349,0.0,0.26385403,0.0,0.0,0.20433629,0.0,0.0,0.0,0.0,0.0,0.0,0.0,0.0,0.0,0.0,0.0,0.0,0.0,3.299999952316284,0.0,-0.0,0.0,0.0,-0.0,0.0,-0.0,0.009734306,0.009734306,-0.0,1.0,3.2498116,0.26385403,0.0,0.84054756,0.99186563,0.31573513,0.51244915,0.0,0.0,0.0,0.3183245,0.1383698,0.51665175,0.0,0.99186563,0.0,0.9871214,1.0401396,0.84054756,-0.053018197,10.0,16.704947,20.0,20.0,2.0
resstock-amy2018-2021-release-1-457349,0.0,0.41147363,0.0,0.0,0.0,0.0,0.0,0.0,0.0,0.0,0.0,0.0,0.0,0.0,0.0,0.0,0.0,0.0,3.299999952316284,0.0,-0.0,0.0,0.0,-0.0,0.0,-0.0,0.0,0.0,0.41147372,0.8650315,3.2498116,0.0,0.0,1.0217382,0.95650697,0.2987207,0.5014773,0.0,0.0,0.0,0.31230372,0.1383698,0.52427983,0.0,0.95650697,0.0,1.1537771,1.2190083,1.0217382,-0.065231204,10.6,17.447807,20.0,20.0,2.0
resstock-amy2018-2021-release-1-457349,0.0,0.79303473,0.0,0.0,0.645483,0.0,0.0,0.0,0.0,0.0,0.0,0.0,0.0,0.0,0.0,0.0,0.0,0.0,3.299999952316284,0.0,-0.0,0.0,0.0,-0.0,0.0,-0.0,0.46603656,0.46603656,-0.0,1.0,3.2498116,0.79303473,0.0,1.0229869,1.6031586,0.4887492,0.8484186,0.0,0.0,0.0,0.3048664,0.1383698,0.5292169,0.0,1.6031586,0.0,1.3828157,1.448127,1.0229869,-0.06531131,11.1,18.354961,20.0,20.0,2.0
resstock-amy2018-2021-release-1-457349,0.21562913,0.9619622,0.0,0.0,0.4412838,0.0,0.0,0.0,0.0,0.0,0.0,0.0,0.0,0.0,0.0,0.0,0.0,0.0,3.299999952316284,0.0,-0.0,0.0,0.0,-0.0,0.0,-0.0,0.009734306,0.009734306,-0.0,1.0,3.2498116,0.9619622,0.0,1.482475,1.8684168,0.5651383,1.0217296,0.0,0.0,0.0,0.30246907,0.1383698,0.54684246,0.0,1.8684168,0.0,1.8640336,1.9193757,1.482475,-0.055342026,12.8,19.066204,20.0,20.0,2.0
resstock-amy2018-2021-release-1-457349,0.0,1.2091568,0.9577486,0.0,0.6283207,1.0130738,0.0,0.0,0.0,0.0,0.0,0.0,0.0,0.0,0.0,0.0,0.0,0.0,3.299999952316284,0.0,-0.0,0.0,0.0,-0.0,0.0,-0.0,0.009734306,0.009734306,-0.0,1.0,3.2498116,1.2091568,0.0,1.1323655,2.733961,0.8428482,1.5147448,0.0,0.0,0.0,0.30828828,0.1383698,0.55404764,0.0,2.733961,0.0,2.7296424,2.7694411,1.1323655,-0.039798774,13.3,19.775272,20.0,20.0,2.0
resstock-amy2018-2021-release-1-457349,0.1532469,0.6075079,1.3857472,0.0,2.5576183e-08,1.4657961,0.0,0.0,0.0,0.0,0.0,0.0,0.0,0.0,0.0,0.0,0.0,0.0,3.299999952316284,0.0,-0.0,0.0,0.0,-0.0,0.0,-0.0,0.0,0.0,0.6075078,0.8020977,3.2498116,5.9604645e-08,0.0,1.0826147,2.5313263,0.79521614,1.4050968,0.0,0.0,0.0,0.31415,0.1383698,0.5550832,0.0,2.5313263,0.0,2.7920063,2.8090906,1.0826147,-0.0170843,14.4,19.740688,20.0,20.0,2.0
resstock-amy2018-2021-release-1-457349,0.35664666,0.46972686,0.37163818,0.0,0.0,0.3931062,0.0,0.0,0.0,0.0,0.0,0.0,0.0,0.0,0.0,0.0,0.0,0.0,3.299999952316284,0.0,-0.0,0.0,0.0,-0.0,0.0,-0.0,0.0,0.0,0.46972692,0.64899606,3.2498116,0.0,0.0,0.66810393,1.0550157,0.33529454,0.58158207,0.0,0.0,0.0,0.31781,0.1383698,0.55125445,0.0,1.0550157,0.0,1.2528416,1.2590361,0.66810393,-0.006194417,15.0,19.710987,19.333334,19.333334,2.0
resstock-amy2018-2021-release-1-457349,0.0,0.49503818,0.0,0.0,0.0,0.0,0.0,0.0,0.0,0.0,0.0,0.0,0.0,0.0,0.0,0.0,0.0,0.0,3.299999952316284,0.0,-0.0,0.0,0.0,-0.0,0.0,-0.0,0.0,0.0,0.4950382,0.48820812,3.2498116,0.0,0.0,0.6689744,0.668122,0.22053021,0.37197065,0.0,0.0,0.0,0.33007476,0.1383698,0.55674064,0.0,0.668122,0.0,0.88775325,0.88860565,0.6689744,-0.0008523785,13.3,19.496632,19.444445,19.444445,2.0
resstock-amy2018-2021-release-1-457349,0.17046349,0.9759263,0.0,0.0,0.5619272,0.0,0.0,0.0,0.0,0.0,0.0,0.0,0.0,0.0,0.0,0.0,0.0,0.0,3.299999952316284,0.0,-0.0,0.0,0.0,-0.0,0.0,-0.0,0.25036374,0.25036374,-0.0,0.5606483,3.2498116,0.9759263,0.0,0.7007014,1.2626286,0.42083913,0.7084891,0.0,0.0,0.0,0.333304,0.1383698,0.56112236,0.0,1.2626286,0.0,1.1479034,1.1479034,0.7007014,-0.0,12.2,19.983187,19.037037,19.037037,2.0
resstock-amy2018-2021-release-1-457349,0.0,0.43517333,0.0,0.0,0.0,0.0,0.0,0.0,0.0,0.0,0.0,0.0,0.0,0.0,0.0,0.0,0.0,0.0,3.299999952316284,0.0,-0.0,0.0,0.0,-0.0,0.0,-0.0,0.0,0.0,0.43517336,0.41933277,3.2498116,0.0,0.0,0.6379254,0.6379254,0.20717521,0.35725677,0.0,0.0,0.0,0.324764,0.1383698,0.5600291,0.0,0.6379254,0.0,0.84021807,0.84021807,0.6379254,-0.0,11.7,19.778992,20.0,20.0,2.0
resstock-amy2018-2021-release-1-457349,0.0,0.5764991,0.0,0.0,0.4660216,0.0,0.0,0.0,0.0,0.0,0.0,0.0,0.0,0.0,0.0,0.0,0.0,0.0,3.299999952316284,0.0,-0.0,0.0,0.0,-0.0,0.0,-0.0,0.4260096,0.4260096,-0.0,0.5437754,3.2498116,0.5764991,0.0,0.57213575,1.0381573,0.3224503,0.583714,0.0,0.0,0.0,0.3105987,0.1383698,0.5622597,0.0,1.0381573,0.0,0.8401245,0.8401245,0.57213575,-0.0,11.7,19.874638,20.0,20.0,2.0
resstock-amy2018-2021-release-1-457349,0.0,0.07346397,0.0,0.0,0.33722177,0.0,0.0,0.0,0.0,0.0,0.0,0.0,0.0,0.0,0.0,0.0,0.0,0.0,3.299999952316284,0.0,-0.0,0.0,0.0,-0.0,0.0,-0.0,0.63977754,0.63977754,-0.0,0.7309091,3.2498116,0.07346397,0.0,0.51125795,0.84847975,0.255743,0.4826984,0.0,0.0,0.0,0.3014132,0.1383698,0.56889796,0.0,0.84847975,0.0,0.5459919,0.5459919,0.51125795,-0.0,11.1,19.408443,19.842592,19.842592,2.0
resstock-amy2018-2021-release-1-457349,0.0,0.12633175,0.0,0.0,0.40070975,0.0,0.0,0.0,0.0,0.0,0.0,0.0,0.0,0.0,0.0,0.0,0.0,0.0,3.299999952316284,0.0,-0.0,0.0,0.0,-0.0,0.0,-0.0,0.69585633,0.69585633,-0.0,0.93404526,3.2498116,0.12633175,0.0,0.45509022,0.8558,0.25317797,0.49152204,0.0,0.0,0.0,0.2958378,0.1383698,0.5743422,0.0,0.8558,0.0,0.5166606,0.5166606,0.45509022,-0.0,10.0,18.983711,19.444445,19.444445,2.0
resstock-amy2018-2021-release-1-457349,0.5177793,0.0934878,0.0,0.0,0.18695909,0.0,0.0,0.0,0.0,0.0,0.0,0.0,0.0,0.0,0.0,0.0,0.0,0.0,3.299999952316284,0.0,-0.0,0.0,0.0,-0.0,0.0,-0.0,0.23271443,0.23271443,-0.0,1.0,3.2498116,0.0934878,0.0,0.23940073,0.42635983,0.119948655,0.24669647,0.0,0.0,0.0,0.281332,0.1383698,0.57861096,0.0,0.42635983,0.0,0.31109262,0.31109262,0.23940073,-0.0,9.4,18.461082,17.777779,17.777779,2.0
resstock-amy2018-2021-release-1-457349,0.0,0.07852124,0.0,0.0,0.23647627,0.0,0.0,0.0,0.0,0.0,0.0,0.0,0.0,0.0,0.0,0.0,0.0,0.0,3.299999952316284,0.0,-0.0,0.0,0.0,-0.0,0.0,-0.0,0.009734306,0.009734306,-0.0,1.0,3.2498116,0.07852124,0.0,0.2383012,0.47477746,0.13489072,0.27384678,0.0,0.0,0.0,0.2841136,0.1383698,0.57678974,0.0,0.47477746,0.0,0.4699559,0.4699559,0.2383012,-0.0,9.4,17.943138,17.777779,17.777779,2.0
resstock-amy2018-2021-release-1-457349,0.0,0.12320092,0.0,0.0,0.11402908,0.0,0.0,0.0,0.0,0.0,0.0,0.0,0.0,0.0,0.0,0.0,0.0,0.0,3.299999952316284,0.0,-0.0,0.0,0.0,-0.0,0.0,-0.0,0.009734306,0.009734306,-0.0,1.0,3.2498116,0.12320092,0.0,0.25220335,0.36623242,0.09990528,0.20016909,0.0,0.0,0.0,0.272792,0.1383698,0.54656297,0.0,0.36623242,0.0,0.36141086,0.36141086,0.25220335,-0.0,9.4,17.57214,17.777779,17.777779,2.0
resstock-amy2018-2021-release-1-457349,0.0,0.12323995,0.0,0.0,0.28494924,0.0,0.0,0.0,0.0,0.0,0.0,0.0,0.0,0.0,0.0,0.0,0.0,0.0,3.299999952316284,0.0,-0.0,0.0,0.0,-0.0,0.0,-0.0,0.009734306,0.009734306,-0.0,1.0,3.2498116,0.12323995,0.0,0.23610216,0.5210514,0.14131226,0.28199646,0.0,0.0,0.0,0.271206,0.1383698,0.5412066,0.0,0.5210514,0.0,0.5159462,0.5159462,0.23610216,-0.0,7.2,17.143862,17.777779,17.777779,2.0
resstock-amy2018-2021-release-1-457349,0.0,0.15407225,0.0,0.0,0.30465978,0.0,0.0,0.0,0.0,0.0,0.0,0.0,0.0,0.0,0.0,0.0,0.0,0.0,3.299999952316284,0.0,-0.0,0.0,0.0,-0.0,0.0,-0.0,0.009734306,0.009734306,-0.0,1.0,3.2498116,0.15407225,0.0,0.23985946,0.54451925,0.14767689,0.29891592,0.0,0.0,0.0,0.271206,0.1383698,0.54895383,0.0,0.54451925,0.0,0.53955585,0.53955585,0.23985946,-0.0,8.3,16.951738,17.777779,17.777779,2.0
resstock-amy2018-2021-release-1-457349,0.0,0.11512399,0.0,0.0,0.16040248,0.0,0.0,0.0,0.0,0.0,0.0,0.0,0.0,0.0,0.0,0.0,0.0,0.0,3.299999952316284,0.0,-0.0,0.0,0.0,-0.0,0.0,-0.0,0.009734306,0.009734306,-0.0,1.0,3.2498116,0.11512399,0.0,0.25818723,0.4185897,0.11005142,0.22834018,0.0,0.0,0.0,0.26291,0.1383698,0.5454988,0.0,0.4185897,0.0,0.41348454,0.41348454,0.25818723,-0.0,7.2,16.68039,17.777779,17.777779,2.0
resstock-amy2018-2021-release-1-457349,0.0,0.109872,0.0,0.0,0.5429875,0.0,0.0,0.0,0.0,0.0,0.0,0.0,0.0,0.0,0.0,0.0,0.0,0.0,3.299999952316284,0.0,-0.0,0.0,0.0,-0.0,0.0,-0.0,0.009734306,0.009734306,-0.0,1.0,3.2498116,0.109872,0.0,0.292185,0.83517253,0.22650379,0.4664522,0.0,0.0,0.0,0.271206,0.1383698,0.55851,0.0,0.83517253,0.0,0.83006734,0.83006734,0.292185,-0.0,7.2,16.472725,17.777779,17.777779,2.0
resstock-amy2018-2021-release-1-457349,0.0,0.10490082,0.0,0.0,0.3948648,0.0,0.0,0.0,0.0,0.0,0.0,0.0,0.0,0.0,0.0,0.0,0.0,0.0,3.299999952316284,0.0,-0.0,0.0,0.0,-0.0,0.0,-0.0,0.009734306,0.009734306,-0.0,1.0,3.2498116,0.10490082,0.0,0.34780914,0.74267393,0.20882016,0.4168276,0.0,0.0,0.0,0.2811734,0.1383698,0.5612525,0.0,0.74267393,0.0,0.7377879,0.7377879,0.34780914,-0.0,8.9,16.389894,17.777779,17.777779,2.0
resstock-amy2018-2021-release-1-457349,0.0,0.13060042,0.0,0.0,0.465233,0.0,0.0,0.0,0.0,0.0,0.0,0.0,0.0,0.0,0.0,0.0,0.0,0.0,3.299999952316284,0.0,-0.0,0.0,0.0,-0.0,0.0,-0.0,0.009734306,0.009734306,-0.0,1.0,3.2498116,0.13060042,0.0,0.43743104,0.90266407,0.2565913,0.49833706,0.0,0.0,0.0,0.28426,0.1383698,0.55207366,0.0,0.90266407,0.0,0.8978425,0.8978425,0.43743104,-0.0,9.4,16.414762,17.935184,17.935184,2.0
resstock-amy2018-2021-release-1-457349,0.0,0.14689402,0.0,0.0,0.16737913,0.0,0.0,0.0,0.0,0.0,0.0,0.0,0.0,0.0,0.0,0.0,0.0,0.0,3.299999952316284,0.0,-0.0,0.0,0.0,-0.0,0.0,-0.0,0.009734306,0.009734306,-0.0,1.0,3.2498116,0.14689402,0.0,0.63280356,0.7886226,0.22515523,0.43733814,0.0,0.0,0.0,0.2855044,0.1383698,0.55455947,0.0,0.7886226,0.0,0.78409755,0.79565763,0.63280356,-0.011560061,11.7,17.03256,20.0,20.0,2.0
resstock-amy2018-2021-release-1-457349,0.0,0.23147358,0.6516567,0.0,0.51495665,0.6893002,0.0,0.0,0.0,0.0,0.0,0.0,0.0,0.0,0.0,0.0,0.0,0.0,3.299999952316284,0.0,-0.0,0.0,0.0,-0.0,0.0,-0.0,0.009734306,0.009734306,-0.0,1.0,3.2498116,0.23147358,0.0,1.0220344,2.1920753,0.65414155,1.2129823,0.0,0.0,0.0,0.298412,0.1383698,0.55334884,0.0,2.1920753,0.0,2.1879756,2.2221918,1.0220344,-0.034216207,15.0,17.928635,20.0,20.0,2.0
resstock-amy2018-2021-release-1-457349,1.8302338,0.3559924,2.911656,0.0,4.7521155e-08,3.0798502,0.0,0.0,0.0,0.0,0.0,0.0,0.0,0.0,0.0,0.0,0.0,0.0,3.299999952316284,0.0,-0.0,0.0,0.0,-0.0,0.0,-0.0,0.0,0.0,0.3559923,0.88284296,3.2498116,1.1920929e-07,0.0,1.047628,4.071866,1.1625357,2.273776,0.0,0.0,0.0,0.2855044,0.1383698,0.5584113,0.0,4.071866,0.0,4.2137775,4.2693896,1.047628,-0.055611953,16.7,18.841072,20.0,20.0,2.0
resstock-amy2018-2021-release-1-457349,0.11386896,0.2197409,0.0,0.0,1.7169185e-08,0.0,0.0,0.0,0.0,0.0,0.0,0.0,0.0,0.0,0.0,0.0,0.0,0.0,3.299999952316284,0.0,-0.0,0.0,0.0,-0.0,0.0,-0.0,0.0,0.0,0.21974085,0.8097638,3.2498116,4.4703484e-08,0.0,0.8114066,0.7444211,0.21091892,0.4212747,0.0,0.0,0.0,0.2833328,0.1383698,0.5659091,0.0,0.7444211,0.0,0.8288166,0.895802,0.8114066,-0.06698546,17.8,19.420383,20.0,20.0,2.0
resstock-amy2018-2021-release-1-457349,0.35015053,0.30703726,0.0,0.0,1.0814608e-08,0.0,0.0,0.0,0.0,0.0,0.0,0.0,0.0,0.0,0.0,0.0,0.0,0.0,3.299999952316284,0.0,-0.0,0.0,0.0,-0.0,0.0,-0.0,0.0,0.0,0.30703723,0.7088693,3.2498116,2.9802322e-08,0.0,1.0229869,0.95443046,0.2633286,0.54041404,0.0,0.0,0.0,0.27590132,0.1383698,0.56621623,0.0,0.95443046,0.0,1.0658475,1.134404,1.0229869,-0.0685564,19.4,20.105091,20.0,20.0,2.0
resstock-amy2018-2021-release-1-457349,0.42607793,0.4203206,0.37172422,0.0,0.0,0.39319718,0.0,0.0,0.0,0.0,0.0,0.0,0.0,0.0,0.0,0.0,0.0,0.0,3.299999952316284,0.0,-0.0,0.0,0.0,-0.0,0.0,-0.0,0.0,0.0,0.42032063,0.57189643,3.2498116,0.0,0.0,0.87722313,1.2110713,0.3218692,0.68424964,0.0,0.0,0.0,0.2657723,0.1383698,0.56499535,0.0,1.2110713,0.0,1.3602564,1.4196055,0.87722313,-0.059349068,20.0,20.74095,20.0,20.0,2.0
resstock-amy2018-2021-release-1-457349,0.3442506,0.26736674,0.0,0.0,1.03409725e-08,0.0,0.0,0.0,0.0,0.0,0.0,0.0,0.0,0.0,0.0,0.0,0.0,0.0,3.299999952316284,0.0,-0.0,0.0,0.0,-0.0,0.0,-0.0,0.0,0.0,0.2673667,0.48442042,3.2498116,2.9802322e-08,0.0,0.799016,0.7579028,0.20554778,0.4281532,0.0,0.0,0.0,0.271206,0.1383698,0.56491834,0.0,0.7579028,0.0,0.85067517,0.89178836,0.799016,-0.041113175,20.6,21.137402,20.0,20.0,2.0
resstock-amy2018-2021-release-1-457349,0.5418716,0.2757573,0.35145557,0.0,2.115558e-08,0.37175772,0.0,0.0,0.0,0.0,0.0,0.0,0.0,0.0,0.0,0.0,0.0,0.0,3.299999952316284,0.0,-0.0,0.0,0.0,-0.0,0.0,-0.0,0.0,0.0,0.27575725,0.3945019,3.2498116,5.9604645e-08,0.0,1.5587649,1.9126542,0.542081,1.0913141,0.0,0.0,0.0,0.2834182,0.1383698,0.5705758,0.0,1.9126542,0.0,2.010529,2.0283976,1.5587649,-0.017868543,20.0,21.41787,20.0,20.0,2.0
resstock-amy2018-2021-release-1-457349,0.34204262,0.30211148,0.37172353,0.0,0.0,0.39319646,0.0,0.0,0.0,0.0,0.0,0.0,0.0,0.0,0.0,0.0,0.0,0.0,3.299999952316284,0.0,-0.0,0.0,0.0,-0.0,0.0,-0.0,0.0,0.0,0.30211148,0.29638088,3.2498116,0.0,0.0,0.66810393,1.0551565,0.3004537,0.6096927,0.0,0.0,0.0,0.284748,0.1383698,0.5778221,0.0,1.0551565,0.0,1.1691873,1.1753314,0.66810393,-0.0061439956,18.3,21.467367,20.0,20.0,2.0
resstock-amy2018-2021-release-1-457349,0.09672354,0.39900404,1.115167,0.0,0.0,1.1795856,0.0,0.0,0.0,0.0,0.0,0.0,0.0,0.0,0.0,0.0,0.0,0.0,3.299999952316284,0.0,-0.0,0.0,0.0,-0.0,0.0,-0.0,0.0,0.0,0.39900404,0.16743566,3.2498116,0.0,0.0,0.6689744,1.8475873,0.56908166,1.0765584,0.0,0.0,0.0,0.3080134,0.1383698,0.5826833,0.0,1.8475873,0.0,2.006645,2.0076177,0.6689744,-0.000972662,16.7,21.374554,20.0,20.0,2.0
resstock-amy2018-2021-release-1-457349,0.14751726,0.23796457,1.1151669,0.0,0.0,1.1795855,0.0,0.0,0.0,0.0,0.0,0.0,0.0,0.0,0.0,0.0,0.0,0.0,3.299999952316284,0.0,-0.0,0.0,0.0,-0.0,0.0,-0.0,0.0,0.0,0.23796457,0.09055998,3.2498116,0.0,0.0,0.7007014,1.8802869,0.6709804,1.087355,0.0,0.0,0.0,0.35685,0.1383698,0.5782921,0.0,1.8802869,0.0,1.980506,1.980506,0.7007014,-0.0,15.0,21.272163,20.0,20.0,2.0
resstock-amy2018-2021-release-1-457349,0.08393732,0.20286803,1.4868809,0.0,0.0,1.5727719,0.0,0.0,0.0,0.0,0.0,0.0,0.0,0.0,0.0,0.0,0.0,0.0,3.299999952316284,0.0,-0.0,0.0,0.0,-0.0,0.0,-0.0,0.0,0.0,0.20286803,0.02517223,3.2498116,0.0,0.0,0.6379254,2.2106972,0.78888726,1.2754847,0.0,0.0,0.0,0.35685,0.1383698,0.5769604,0.0,2.2106972,0.0,2.3007026,2.3007026,0.6379254,-0.0,13.3,21.117985,20.0,20.0,2.0
resstock-amy2018-2021-release-1-457349,0.2649376,0.12853043,0.63214475,0.0,0.023403587,0.6686611,0.0,0.0,0.0,0.0,0.0,0.0,0.0,0.0,0.0,0.0,0.0,0.0,3.299999952316284,0.0,-0.0,0.0,0.0,-0.0,0.0,-0.0,0.0,0.0,0.07818448,0.0,3.2498116,0.05034595,0.0,0.57213575,1.2642004,0.42026803,0.7319654,0.0,0.0,0.0,0.3324378,0.1383698,0.57899475,0.0,1.2642004,0.0,1.300545,1.300545,0.57213575,-0.0,11.7,20.848358,20.0,20.0,2.0
resstock-amy2018-2021-release-1-457349,2.0822253,0.0758137,3.2826533,0.0,0.3517807,3.4722786,0.0,0.0,0.0,0.0,0.0,0.0,0.0,0.0,0.0,0.0,0.0,0.0,3.299999952316284,0.0,-0.0,0.0,0.0,-0.0,0.0,-0.0,0.691875,0.691875,-0.0,0.20406042,3.2498116,0.0758137,0.0,0.51125795,4.335317,1.2323573,2.5273302,0.0,0.0,0.0,0.28426,0.1383698,0.58296317,0.0,4.335317,0.0,4.0182767,4.0182767,0.51125795,-0.0,12.2,20.608973,19.851852,19.851852,2.0
resstock-amy2018-2021-release-1-457349,0.0,0.10654454,0.0,0.0,0.5396852,0.0,0.0,0.0,0.0,0.0,0.0,0.0,0.0,0.0,0.0,0.0,0.0,0.0,3.299999952316284,0.0,-0.0,0.0,0.0,-0.0,0.0,-0.0,1.0544298,1.0544298,-0.0,0.5144662,3.2498116,0.10654454,0.0,0.45509022,0.9947754,0.27788395,0.5879676,0.0,0.0,0.0,0.2793434,0.1383698,0.5910556,0.0,0.9947754,0.0,0.50461805,0.50461805,0.45509022,-0.0,11.7,20.287758,20.0,20.0,2.0
resstock-amy2018-2021-release-1-457349,1.025882,0.07669429,0.0,0.0,0.0,0.0,0.0,0.0,0.0,0.0,0.0,0.0,0.0,0.0,0.0,0.0,0.0,0.0,3.299999952316284,0.0,-0.0,0.0,0.0,-0.0,0.0,-0.0,0.0,0.0,0.076694295,0.48836765,3.2498116,0.0,0.0,0.23940073,0.23940073,0.064926915,0.14329085,0.0,0.0,0.0,0.271206,0.1383698,0.5985397,0.0,0.23940073,0.0,0.27566192,0.27566192,0.23940073,-0.0,11.1,19.848188,17.777779,17.777779,2.0
resstock-amy2018-2021-release-1-457349,0.11889003,0.059319325,0.0,0.0,0.12120217,0.0,0.0,0.0,0.0,0.0,0.0,0.0,0.0,0.0,0.0,0.0,0.0,0.0,3.299999952316284,0.0,-0.0,0.0,0.0,-0.0,0.0,-0.0,0.18537728,0.18537728,-0.0,0.5416404,3.2498116,0.059319325,0.0,0.2383012,0.3595034,0.10285613,0.20914377,0.0,0.0,0.0,0.28610614,0.1383698,0.5817574,0.0,0.3595034,0.0,0.26768303,0.26768303,0.2383012,-0.0,9.4,19.20044,17.777779,17.777779,2.0
resstock-amy2018-2021-release-1-457349,0.05681779,0.16713369,0.0,0.0,0.35040438,0.0,0.0,0.0,0.0,0.0,0.0,0.0,0.0,0.0,0.0,0.0,0.0,0.0,3.299999952316284,0.0,-0.0,0.0,0.0,-0.0,0.0,-0.0,0.5637532,0.5637532,-0.0,0.7063577,3.2498116,0.16713369,0.0,0.25220335,0.6026077,0.16784193,0.36084276,0.0,0.0,0.0,0.278526,0.1383698,0.5988021,0.0,0.6026077,0.0,0.33233115,0.33233115,0.25220335,-0.0,10.6,18.97764,17.777779,17.777779,2.0
resstock-amy2018-2021-release-1-457349,0.0,0.12503798,0.0,0.0,0.36849567,0.0,0.0,0.0,0.0,0.0,0.0,0.0,0.0,0.0,0.0,0.0,0.0,0.0,3.299999952316284,0.0,-0.0,0.0,0.0,-0.0,0.0,-0.0,0.64358455,0.64358455,-0.0,0.89414746,3.2498116,0.12503798,0.0,0.23610216,0.6045978,0.16411808,0.36089233,0.0,0.0,0.0,0.27145,0.1383698,0.59691304,0.0,0.6045978,0.0,0.2960482,0.2960482,0.23610216,-0.0,10.6,18.762894,17.777779,17.777779,2.0
resstock-amy2018-2021-release-1-457349,0.0,0.16310048,0.0,0.0,0.39516506,0.0,0.0,0.0,0.0,0.0,0.0,0.0,0.0,0.0,0.0,0.0,0.0,0.0,3.299999952316284,0.0,-0.0,0.0,0.0,-0.0,0.0,-0.0,0.36760125,0.36760125,-0.0,1.0,3.2498116,0.16310048,0.0,0.23985946,0.63502455,0.16184108,0.37591788,0.0,0.0,0.0,0.254858,0.1383698,0.5919738,0.0,0.63502455,0.0,0.4529457,0.4529457,0.23985946,-0.0,9.4,18.557041,17.777779,17.777779,2.0
resstock-amy2018-2021-release-1-457349,0.020498684,0.12198181,0.684618,0.0,0.067388356,0.72416556,0.0,0.0,0.0,0.0,0.0,0.0,0.0,0.0,0.0,0.0,0.0,0.0,3.299999952316284,0.0,-0.0,0.0,0.0,-0.0,0.0,-0.0,0.0065108463,0.0065108463,-0.0,0.9990493,3.2498116,0.12198181,0.0,0.25818723,1.0497411,0.2620408,0.6132705,0.0,0.0,0.0,0.2496242,0.1383698,0.5842112,0.0,1.0497411,0.0,1.0463265,1.0463265,0.25818723,-0.0,7.2,18.229675,17.777779,17.777779,2.0
resstock-amy2018-2021-release-1-457349,0.0,0.113305986,0.0,0.0,3.4190414e-08,0.0,0.0,0.0,0.0,0.0,0.0,0.0,0.0,0.0,0.0,0.0,0.0,0.0,3.299999952316284,0.0,-0.0,0.0,0.0,-0.0,0.0,-0.0,0.0,0.0,0.11330592,0.9598058,3.2498116,6.7055225e-08,0.0,0.292185,0.29218504,0.072858036,0.1682555,0.0,0.0,0.0,0.2493558,0.1383698,0.5758525,0.0,0.29218504,0.0,0.34995794,0.34995794,0.292185,-0.0,8.3,17.99731,17.925926,17.925926,2.0
resstock-amy2018-2021-release-1-457349,0.0,0.10018105,0.0,0.0,5.387581e-08,0.0,0.0,0.0,0.0,0.0,0.0,0.0,0.0,0.0,0.0,0.0,0.0,0.0,3.299999952316284,0.0,-0.0,0.0,0.0,-0.0,0.0,-0.0,0.0,0.0,0.10018095,0.9248886,3.2498116,1.0430813e-07,0.0,0.34780914,0.3478092,0.087929085,0.19674686,0.0,0.0,0.0,0.2528084,0.1383698,0.56567466,0.0,0.3478092,0.0,0.3995533,0.3995533,0.34780914,-0.0,7.8,17.715277,19.851852,19.851852,2.0
resstock-amy2018-2021-release-1-457349,0.40221536,0.100180455,0.0,0.0,0.6175728,0.0,0.0,0.0,0.0,0.0,0.0,0.0,0.0,0.0,0.0,0.0,0.0,0.0,3.299999952316284,0.0,-0.0,0.0,0.0,-0.0,0.0,-0.0,0.2636715,0.2636715,-0.0,1.0,3.2498116,0.100180455,0.0,0.43743104,1.0550039,0.2864709,0.5911125,0.0,0.0,0.0,0.2715354,0.1383698,0.56029415,0.0,1.0550039,0.0,0.92649835,0.92649835,0.43743104,-0.0,10.0,17.623924,17.777779,17.777779,2.0
resstock-amy2018-2021-release-1-457349,0.0,0.2514133,0.0,0.0,0.24767888,0.0,0.0,0.0,0.0,0.0,0.0,0.0,0.0,0.0,0.0,0.0,0.0,0.0,3.299999952316284,0.0,-0.0,0.0,0.0,-0.0,0.0,-0.0,0.009734306,0.009734306,-0.0,1.0,3.2498116,0.2514133,0.0,0.63280356,0.877352,0.23697981,0.48898986,0.0,0.0,0.0,0.270108,0.1383698,0.5573474,0.0,0.877352,0.0,0.87268513,0.8758156,0.63280356,-0.0031304401,10.6,17.65335,17.777779,17.777779,2.0
resstock-amy2018-2021-release-1-457349,0.0,0.15555517,0.0,0.0,0.18644914,0.0,0.0,0.0,0.0,0.0,0.0,0.0,0.0,0.0,0.0,0.0,0.0,0.0,3.299999952316284,0.0,-0.0,0.0,0.0,-0.0,0.0,-0.0,0.009734306,0.009734306,-0.0,1.0,3.2498116,0.15555517,0.0,0.81250614,0.9873013,0.2775425,0.55841136,0.0,0.0,0.0,0.28111225,0.1383698,0.56559366,0.0,0.9873013,0.0,0.9827762,0.9944302,0.81250614,-0.01165398,11.7,17.58681,17.777779,17.777779,2.0
resstock-amy2018-2021-release-1-457349,0.0,0.17504455,0.0,0.0,6.49272e-09,0.0,0.0,0.0,0.0,0.0,0.0,0.0,0.0,0.0,0.0,0.0,0.0,0.0,3.299999952316284,0.0,-0.0,0.0,0.0,-0.0,0.0,-0.0,0.0,0.0,0.17504454,0.9409335,3.2498116,1.4901161e-08,0.0,0.84054756,0.80720556,0.21653818,0.46113986,0.0,0.0,0.0,0.26825655,0.1383698,0.57127935,0.0,0.80720556,0.0,0.8834758,0.9168178,0.84054756,-0.033342022,13.9,17.857067,17.777779,17.777779,2.0
resstock-amy2018-2021-release-1-457349,0.0,0.21143691,0.0,0.0,0.0,0.0,0.0,0.0,0.0,0.0,0.0,0.0,0.0,0.0,0.0,0.0,0.0,0.0,3.299999952316284,0.0,-0.0,0.0,0.0,-0.0,0.0,-0.0,0.0,0.0,0.21143702,0.8703534,3.2498116,0.0,0.0,0.8114066,0.7654953,0.19828466,0.43562752,0.0,0.0,0.0,0.25902793,0.1383698,0.5690793,0.0,0.7654953,0.0,0.8593026,0.9052139,0.8114066,-0.045911305,13.3,18.068714,19.62963,19.62963,2.0
resstock-amy2018-2021-release-1-457349,0.0,0.28963396,0.0,0.0,0.0,0.0,0.0,0.0,0.0,0.0,0.0,0.0,0.0,0.0,0.0,0.0,0.0,0.0,3.299999952316284,0.0,-0.0,0.0,0.0,-0.0,0.0,-0.0,0.0,0.0,0.28963408,0.7748718,3.2498116,0.0,0.0,0.80874884,0.75980544,0.19494033,0.43207896,0.0,0.0,0.0,0.2565661,0.1383698,0.5686705,0.0,0.75980544,0.0,0.890224,0.9391674,0.80874884,-0.048943415,12.8,18.276108,20.0,20.0,2.0
resstock-amy2018-2021-release-1-457349,0.0,0.39647055,0.0,0.0,0.20925376,0.0,0.0,0.0,0.0,0.0,0.0,0.0,0.0,0.0,0.0,0.0,0.0,0.0,3.299999952316284,0.0,-0.0,0.0,0.0,-0.0,0.0,-0.0,0.08377861,0.08377861,-0.0,0.79735667,3.2498116,0.39647055,0.0,0.66304404,0.8316659,0.19176328,0.47914422,0.0,0.0,0.0,0.23057732,0.1383698,0.57612586,0.0,0.8316659,0.0,0.79516196,0.83579385,0.66304404,-0.0406319,13.9,18.50824,20.0,20.0,2.0
resstock-amy2018-2021-release-1-457349,0.0,0.5748286,0.0,0.0,0.767712,0.0,0.0,0.0,0.0,0.0,0.0,0.0,0.0,0.0,0.0,0.0,0.0,0.0,3.299999952316284,0.0,-0.0,0.0,0.0,-0.0,0.0,-0.0,0.694832,0.694832,-0.0,1.0,3.2498116,0.5748286,0.0,0.59019166,1.3164583,0.31494153,0.75636613,0.0,0.0,0.0,0.23923394,0.1383698,0.5745462,0.0,1.3164583,0.0,1.0137068,1.0551522,0.59019166,-0.04144542,13.9,19.008125,20.0,20.0,2.0
resstock-amy2018-2021-release-1-457349,0.0,1.1186515,0.0,0.0,0.87316424,0.0,0.0,0.0,0.0,0.0,0.0,0.0,0.0,0.0,0.0,0.0,0.0,0.0,3.299999952316284,0.0,-0.0,0.0,0.0,-0.0,0.0,-0.0,0.009734306,0.009734306,-0.0,1.0,3.2498116,1.1186515,0.0,0.7492653,1.5956737,0.42925218,0.89560986,0.0,0.0,0.0,0.26901,0.1383698,0.5612738,0.0,1.5956737,0.0,1.5914322,1.6181881,0.7492653,-0.026755972,13.9,19.711529,20.0,20.0,2.0
resstock-amy2018-2021-release-1-457349,0.0,1.6340108,0.0,0.0,0.020255016,0.0,0.0,0.0,0.0,0.0,0.0,0.0,0.0,0.0,0.0,0.0,0.0,0.0,3.299999952316284,0.0,-0.0,0.0,0.0,-0.0,0.0,-0.0,0.0,0.0,1.588357,0.48721072,3.2498116,0.04565382,0.0,0.66810393,0.6781914,0.19416445,0.36885744,0.0,0.0,0.0,0.2862974,0.1383698,0.543884,0.0,0.6781914,0.0,1.3828902,1.3930577,0.66810393,-0.010167522,13.3,20.30642,20.0,20.0,2.0
resstock-amy2018-2021-release-1-457349,0.0,1.7376119,0.0,0.0,0.101019405,0.0,0.0,0.0,0.0,0.0,0.0,0.0,0.0,0.0,0.0,0.0,0.0,0.0,3.299999952316284,0.0,-0.0,0.0,0.0,-0.0,0.0,-0.0,0.0,0.0,1.5132675,0.0,3.2498116,0.22434437,0.0,0.6689744,0.76874036,0.23203672,0.41133192,0.0,0.0,0.0,0.3018402,0.1383698,0.5350726,0.0,0.76874036,0.0,1.4501455,1.4513988,0.6689744,-0.0012534088,12.8,20.54572,20.0,20.0,2.0
resstock-amy2018-2021-release-1-457349,0.0,1.4951253,0.0,0.0,0.6851165,0.0,0.0,0.0,0.0,0.0,0.0,0.0,0.0,0.0,0.0,0.0,0.0,0.0,3.299999952316284,0.0,-0.0,0.0,0.0,-0.0,0.0,-0.0,0.0,0.0,-0.0,0.0,3.2498116,1.4951253,0.0,0.7007014,1.385818,0.4607152,0.7380218,0.0,0.0,0.0,0.33245,0.1383698,0.5325532,0.0,1.385818,0.0,1.385818,1.385818,0.7007014,-0.0,12.2,20.600342,20.0,20.0,2.0
resstock-amy2018-2021-release-1-457349,0.0,1.2313589,0.0,0.0,0.58218855,0.0,0.0,0.0,0.0,0.0,0.0,0.0,0.0,0.0,0.0,0.0,0.0,0.0,3.299999952316284,0.0,-0.0,0.0,0.0,-0.0,0.0,-0.0,0.0,0.0,-0.0,0.0,3.2498116,1.2313589,0.0,0.6379254,1.220114,0.42932445,0.6350123,0.0,0.0,0.0,0.3518724,0.1383698,0.5204533,0.0,1.220114,0.0,1.220114,1.220114,0.6379254,-0.0,11.1,20.477571,20.0,20.0,2.0
resstock-amy2018-2021-release-1-457349,0.0,0.93500507,0.7435949,0.0,0.88680935,0.78654927,0.0,0.0,0.0,0.0,0.0,0.0,0.0,0.0,0.0,0.0,0.0,0.0,3.299999952316284,0.0,-0.0,0.0,0.0,-0.0,0.0,-0.0,0.94064265,0.94064265,-0.0,0.27743155,3.2498116,0.93500507,0.0,0.25085467,1.9242134,0.66552764,0.98663944,0.0,0.0,0.0,0.34587,0.1383698,0.5127495,0.0,1.9242134,0.0,1.479476,1.479476,0.25085467,-0.0,11.1,20.240517,19.851852,19.851852,2.0
resstock-amy2018-2021-release-1-457349,0.0,0.050762206,1.4871956,0.0,0.0,1.5731047,0.0,0.0,0.0,0.0,0.0,0.0,0.0,0.0,0.0,0.0,0.0,0.0,3.299999952316284,0.0,-0.0,0.0,0.0,-0.0,0.0,-0.0,0.0,0.0,0.050762217,0.2603386,3.2498116,0.0,0.0,0.24489833,1.818003,0.5578663,0.93316406,0.0,0.0,0.0,0.30685663,0.1383698,0.5132907,0.0,1.818003,0.0,1.8420035,1.8420035,0.24489833,-0.0,11.1,19.4646,19.444445,19.444445,2.0
resstock-amy2018-2021-release-1-457349,0.5653871,0.23141061,0.371798,0.0,7.4794615e-09,0.39327523,0.0,0.0,0.0,0.0,0.0,0.0,0.0,0.0,0.0,0.0,0.0,0.0,3.299999952316284,0.0,-0.0,0.0,0.0,-0.0,0.0,-0.0,0.0,0.0,0.2314106,0.18530025,3.2498116,1.4901161e-08,0.0,0.24269928,0.6359745,0.18659903,0.32821152,0.0,0.0,0.0,0.29340646,0.1383698,0.5160765,0.0,0.6359745,0.0,0.7521283,0.7521283,0.24269928,-0.0,8.9,18.902306,17.777779,17.777779,2.0
resstock-amy2018-2021-release-1-457349,0.0,0.34648064,0.0,0.0,0.0,0.0,0.0,0.0,0.0,0.0,0.0,0.0,0.0,0.0,0.0,0.0,0.0,0.0,3.299999952316284,0.0,-0.0,0.0,0.0,-0.0,0.0,-0.0,0.0,0.0,0.34648064,0.07353582,3.2498116,0.0,0.0,0.23940073,0.23940073,0.06670269,0.123732336,0.0,0.0,0.0,0.2786236,0.1383698,0.51684195,0.0,0.23940073,0.0,0.4160658,0.4160658,0.23940073,-0.0,8.3,18.431383,17.777779,17.777779,2.0
resstock-amy2018-2021-release-1-457349,0.0,0.37478712,0.0,0.0,0.4546188,0.0,0.0,0.0,0.0,0.0,0.0,0.0,0.0,0.0,0.0,0.0,0.0,0.0,3.299999952316284,0.0,-0.0,0.0,0.0,-0.0,0.0,-0.0,0.5430484,0.5430484,-0.0,0.23349045,3.2498116,0.37478712,0.0,0.2383012,0.69292,0.1898515,0.34780085,0.0,0.0,0.0,0.2739876,0.1383698,0.50193506,0.0,0.69292,0.0,0.42393935,0.42393935,0.2383012,-0.0,9.4,18.080181,17.777779,17.777779,2.0
resstock-amy2018-2021-release-1-457349,0.0,0.16605297,0.0,0.0,0.8659792,0.0,0.0,0.0,0.0,0.0,0.0,0.0,0.0,0.0,0.0,0.0,0.0,0.0,3.299999952316284,0.0,-0.0,0.0,0.0,-0.0,0.0,-0.0,1.485153,1.485153,-0.0,0.67084855,3.2498116,0.16605297,0.0,0.25220335,1.1181825,0.3015935,0.57975453,0.0,0.0,0.0,0.2697176,0.1383698,0.51847935,0.0,1.1181825,0.0,0.33929026,0.33929026,0.25220335,-0.0,7.2,17.496853,17.777779,17.777779,2.0
resstock-amy2018-2021-release-1-457349,0.0,0.07630241,0.0,0.0,0.687941,0.0,0.0,0.0,0.0,0.0,0.0,0.0,0.0,0.0,0.0,0.0,0.0,0.0,3.299999952316284,0.0,-0.0,0.0,0.0,-0.0,0.0,-0.0,1.1225313,1.1225313,-0.0,1.0,3.2498116,0.07630241,0.0,0.23610216,0.9240432,0.25313127,0.47971198,0.0,0.0,0.0,0.2739388,0.1383698,0.51914454,0.0,0.9240432,0.0,0.34424865,0.34424865,0.23610216,-0.0,7.8,17.121246,17.777779,17.777779,2.0
resstock-amy2018-2021-release-1-457349,0.0,0.07490493,0.0,0.0,0.26801965,0.0,0.0,0.0,0.0,0.0,0.0,0.0,0.0,0.0,0.0,0.0,0.0,0.0,3.299999952316284,0.0,-0.0,0.0,0.0,-0.0,0.0,-0.0,0.009734306,0.009734306,-0.0,1.0,3.2498116,0.07490493,0.0,0.23985946,0.50787914,0.13839667,0.263517,0.0,0.0,0.0,0.2724992,0.1383698,0.51885766,0.0,0.50787914,0.0,0.5034933,0.5034933,0.23985946,-0.0,12.78,17.168123,17.777779,17.777779,2.0
resstock-amy2018-2021-release-1-457349,0.0,0.15965147,0.68703,0.0,0.6014601,0.7267169,0.0,0.0,0.0,0.0,0.0,0.0,0.0,0.0,0.0,0.0,0.0,0.0,3.299999952316284,0.0,-0.0,0.0,0.0,-0.0,0.0,-0.0,0.009734306,0.009734306,-0.0,1.0,3.2498116,0.15965147,0.0,0.25818723,1.5863643,0.43454733,0.82530576,0.0,0.0,0.0,0.2739266,0.1383698,0.52024984,0.0,1.5863643,0.0,1.5815479,1.5815479,0.25818723,-0.0,9.44,17.04043,17.777779,17.777779,2.0
resstock-amy2018-2021-release-1-457349,0.0,0.07457758,0.0,0.0,4.5587218e-08,0.0,0.0,0.0,0.0,0.0,0.0,0.0,0.0,0.0,0.0,0.0,0.0,0.0,3.299999952316284,0.0,-0.0,0.0,0.0,-0.0,0.0,-0.0,0.0,0.0,0.07457749,0.97318697,3.2498116,8.940697e-08,0.0,0.3700914,0.37009147,0.10356292,0.1919855,0.0,0.0,0.0,0.2798306,0.1383698,0.5187515,0.0,0.37009147,0.0,0.40811735,0.40811735,0.3700914,-0.0,8.3,16.871231,17.925926,17.925926,2.0
resstock-amy2018-2021-release-1-457349,0.0,0.057793185,0.0,0.0,0.6784022,0.0,0.0,0.0,0.0,0.0,0.0,0.0,0.0,0.0,0.0,0.0,0.0,0.0,3.299999952316284,0.0,-0.0,0.0,0.0,-0.0,0.0,-0.0,0.10038394,0.10038394,-0.0,1.0,3.2498116,0.057793185,0.0,0.34780914,1.0262113,0.31130427,0.52816457,0.0,0.0,0.0,0.303353,0.1383698,0.5146743,0.0,1.0262113,0.0,0.9735646,0.9735646,0.34780914,-0.0,7.2,16.64842,19.851852,19.851852,2.0
resstock-amy2018-2021-release-1-457349,0.31029272,0.06280806,0.0,0.0,0.0,0.0,0.0,0.0,0.0,0.0,0.0,0.0,0.0,0.0,0.0,0.0,0.0,0.0,3.299999952316284,0.0,-0.0,0.0,0.0,-0.0,0.0,-0.0,0.0,0.0,0.062808104,0.97696537,3.2498116,0.0,0.0,0.43743104,0.43743104,0.15238829,0.22461239,0.0,0.0,0.0,0.348371,0.1383698,0.51348066,0.0,0.43743104,0.0,0.46987182,0.46987182,0.43743104,-0.0,7.8,16.591991,17.777779,17.777779,2.0
resstock-amy2018-2021-release-1-457349,0.0,0.06302707,0.0,0.0,1.7859922e-08,0.0,0.0,0.0,0.0,0.0,0.0,0.0,0.0,0.0,0.0,0.0,0.0,0.0,3.299999952316284,0.0,-0.0,0.0,0.0,-0.0,0.0,-0.0,0.0,0.0,0.06302703,0.95392656,3.2498116,3.7252903e-08,0.0,0.63280356,0.62003237,0.21286207,0.320631,0.0,0.0,0.0,0.343308,0.1383698,0.51711977,0.0,0.62003237,0.0,0.650249,0.6630202,0.63280356,-0.012771164,10.6,16.820902,17.777779,17.777779,2.0
resstock-amy2018-2021-release-1-457349,0.009422474,0.068125725,0.74372184,0.0,0.54047704,0.78668356,0.0,0.0,0.0,0.0,0.0,0.0,0.0,0.0,0.0,0.0,0.0,0.0,3.299999952316284,0.0,-0.0,0.0,0.0,-0.0,0.0,-0.0,0.16549961,0.16549961,-0.0,1.0,3.2498116,0.068125725,0.0,0.81250614,2.1062658,0.73877275,1.0976948,0.0,0.0,0.0,0.35075,0.1383698,0.5211568,0.0,2.1062658,0.0,2.0304284,2.0638294,0.81250614,-0.03340102,12.2,17.233421,17.777779,17.777779,2.0
resstock-amy2018-2021-release-1-457349,0.13233376,0.08750497,0.0,0.0,0.50411683,0.0,0.0,0.0,0.0,0.0,0.0,0.0,0.0,0.0,0.0,0.0,0.0,0.0,3.299999952316284,0.0,-0.0,0.0,0.0,-0.0,0.0,-0.0,0.009734306,0.009734306,-0.0,1.0,3.2498116,0.08750497,0.0,0.84054756,1.2918051,0.4005315,0.6758696,0.0,0.0,0.0,0.31005567,0.1383698,0.52319777,0.0,1.2918051,0.0,1.2873446,1.3402038,0.84054756,-0.05285915,12.2,17.665573,17.777779,17.777779,2.0
resstock-amy2018-2021-release-1-457349,0.38283554,0.17816655,0.0,0.0,0.5369948,0.0,0.0,0.0,0.0,0.0,0.0,0.0,0.0,0.0,0.0,0.0,0.0,0.0,3.299999952316284,0.0,-0.0,0.0,0.0,-0.0,0.0,-0.0,0.009734306,0.009734306,-0.0,1.0,3.2498116,0.17816655,0.0,0.8114066,1.2806929,0.39673138,0.6711232,0.0,0.0,0.0,0.3097787,0.1383698,0.52403134,0.0,1.2806929,0.0,1.276516,1.3442245,0.8114066,-0.067708455,14.4,18.341091,17.777779,17.777779,2.0
resstock-amy2018-2021-release-1-457349,0.45848334,0.43100044,0.0,0.0,0.3657772,0.0,0.0,0.0,0.0,0.0,0.0,0.0,0.0,0.0,0.0,0.0,0.0,0.0,3.299999952316284,0.0,-0.0,0.0,0.0,-0.0,0.0,-0.0,0.009734306,0.009734306,-0.0,1.0,3.2498116,0.43100044,0.0,0.80874884,1.1037676,0.3260269,0.58004695,0.0,0.0,0.0,0.2953764,0.1383698,0.52551544,0.0,1.1037676,0.0,1.0995907,1.170349,0.80874884,-0.070758305,14.4,19.043081,17.777779,17.777779,2.0
resstock-amy2018-2021-release-1-457349,0.5101111,0.6247801,0.0,0.0,0.85845834,0.0,0.0,0.0,0.0,0.0,0.0,0.0,0.0,0.0,0.0,0.0,0.0,0.0,3.299999952316284,0.0,-0.0,0.0,0.0,-0.0,0.0,-0.0,0.009734306,0.009734306,-0.0,1.0,3.2498116,0.6247801,0.0,0.66304404,1.4600567,0.43166953,0.7715536,0.0,0.0,0.0,0.2956526,0.1383698,0.52844083,0.0,1.4600567,0.0,1.4560989,1.5175446,0.66304404,-0.061445683,16.1,19.793959,17.777779,17.777779,2.0
resstock-amy2018-2021-release-1-457349,0.41511872,0.29366815,0.0,0.0,0.32130384,0.0,0.0,0.0,0.0,0.0,0.0,0.0,0.0,0.0,0.0,0.0,0.0,0.0,3.299999952316284,0.0,-0.0,0.0,0.0,-0.0,0.0,-0.0,0.009734306,0.009734306,-0.0,1.0,3.2498116,0.29366815,0.0,0.59019166,0.86997825,0.2592826,0.4578244,0.0,0.0,0.0,0.29803342,0.1383698,0.5262481,0.0,0.86997825,0.0,0.8662396,0.90775687,0.59019166,-0.041517254,17.8,20.039978,17.777779,17.777779,2.0
resstock-amy2018-2021-release-1-457349,0.37404034,0.17209852,0.0,0.0,3.504882e-08,0.0,0.0,0.0,0.0,0.0,0.0,0.0,0.0,0.0,0.0,0.0,0.0,0.0,3.299999952316284,0.0,-0.0,0.0,0.0,-0.0,0.0,-0.0,0.0,0.0,0.17209843,0.94187933,3.2498116,8.940697e-08,0.0,0.5210966,0.50033915,0.15345106,0.26642814,0.0,0.0,0.0,0.3066941,0.1383698,0.5324951,0.0,0.50033915,0.0,0.5678042,0.5885617,0.5210966,-0.020757498,17.2,20.12772,17.777779,17.777779,2.0
resstock-amy2018-2021-release-1-457349,0.0,0.39586824,0.0,0.0,0.0,0.0,0.0,0.0,0.0,0.0,0.0,0.0,0.0,0.0,0.0,0.0,0.0,0.0,3.299999952316284,0.0,-0.0,0.0,0.0,-0.0,0.0,-0.0,0.0,0.0,0.39586836,0.81208754,3.2498116,0.0,0.0,0.68813425,0.68134856,0.21808551,0.37186524,0.0,0.0,0.0,0.3200792,0.1383698,0.5457783,0.0,0.68134856,0.0,0.8391561,0.8459418,0.68813425,-0.0067856754,16.7,20.347391,19.037037,19.037037,2.0
resstock-amy2018-2021-release-1-457349,0.0,0.53278667,0.0,0.0,2.597088e-08,0.0,0.0,0.0,0.0,0.0,0.0,0.0,0.0,0.0,0.0,0.0,0.0,0.0,3.299999952316284,0.0,-0.0,0.0,0.0,-0.0,0.0,-0.0,0.0,0.0,0.5327866,0.6387128,3.2498116,5.9604645e-08,0.0,0.9694293,0.96803755,0.32830516,0.5451735,0.0,0.0,0.0,0.33914506,0.1383698,0.56317395,0.0,0.96803755,0.0,1.2001828,1.2015746,0.9694293,-0.0013917763,13.9,20.133114,20.0,20.0,2.0
resstock-amy2018-2021-release-1-457349,0.17843693,0.26446497,0.0,0.0,0.0,0.0,0.0,0.0,0.0,0.0,0.0,0.0,0.0,0.0,0.0,0.0,0.0,0.0,3.299999952316284,0.0,-0.0,0.0,0.0,-0.0,0.0,-0.0,0.0,0.0,0.26446503,0.5519765,3.2498116,0.0,0.0,1.0011563,1.0011563,0.36262798,0.5428196,0.0,0.0,0.0,0.36220914,0.1383698,0.54219264,0.0,1.0011563,0.0,1.1184903,1.1184903,1.0011563,-0.0,13.3,19.951359,20.0,20.0,2.0
resstock-amy2018-2021-release-1-457349,0.27812925,1.3187097,0.0,0.0,0.78261703,0.0,0.0,0.0,0.0,0.0,0.0,0.0,0.0,0.0,0.0,0.0,0.0,0.0,3.299999952316284,0.0,-0.0,0.0,0.0,-0.0,0.0,-0.0,0.41932985,0.41932985,-0.0,0.6740682,3.2498116,1.3187097,0.0,0.9383803,1.7209973,0.6141379,0.917186,0.0,0.0,0.0,0.35685,0.1383698,0.53293866,0.0,1.7209973,0.0,1.5321784,1.5321784,0.9383803,-0.0,12.8,20.813305,20.0,20.0,2.0
resstock-amy2018-2021-release-1-457349,0.0,1.0248084,0.3718626,0.0,0.9374616,0.39334357,0.0,0.0,0.0,0.0,0.0,0.0,0.0,0.0,0.0,0.0,0.0,0.0,3.299999952316284,0.0,-0.0,0.0,0.0,-0.0,0.0,-0.0,0.95797145,0.95797145,-0.0,0.9546754,3.2498116,1.0248084,0.0,0.57213575,1.9029409,0.6044047,1.0095122,0.0,0.0,0.0,0.3176161,0.1383698,0.53050107,0.0,1.9029409,0.0,1.4500103,1.4500103,0.57213575,-0.0,11.1,20.626312,19.86111,19.86111,2.0
resstock-amy2018-2021-release-1-457349,0.0,0.2289461,0.0,0.0,0.76887214,0.0,0.0,0.0,0.0,0.0,0.0,0.0,0.0,0.0,0.0,0.0,0.0,0.0,3.299999952316284,0.0,-0.0,0.0,0.0,-0.0,0.0,-0.0,0.1629679,0.1629679,-0.0,1.0,3.2498116,0.2289461,0.0,0.24489833,1.0137705,0.30344886,0.530714,0.0,0.0,0.0,0.299327,0.1383698,0.5235051,0.0,1.0137705,0.0,0.938014,0.938014,0.24489833,-0.0,11.7,20.060265,20.0,20.0,2.0
resstock-amy2018-2021-release-1-457349,0.0,0.07950628,0.0,0.0,6.9268857e-09,0.0,0.0,0.0,0.0,0.0,0.0,0.0,0.0,0.0,0.0,0.0,0.0,0.0,3.299999952316284,0.0,-0.0,0.0,0.0,-0.0,0.0,-0.0,0.0,0.0,0.07950626,0.9716047,3.2498116,1.4901161e-08,0.0,0.24269928,0.24269928,0.07153923,0.12083352,0.0,0.0,0.0,0.2947649,0.1383698,0.49787343,0.0,0.24269928,0.0,0.2796582,0.2796582,0.24269928,-0.0,11.7,19.521551,19.444445,19.444445,2.0
resstock-amy2018-2021-release-1-457349,0.70165503,0.13596886,0.37186196,0.0,0.6127057,0.39334288,0.0,0.0,0.0,0.0,0.0,0.0,0.0,0.0,0.0,0.0,0.0,0.0,3.299999952316284,0.0,-0.0,0.0,0.0,-0.0,0.0,-0.0,0.10573341,0.10573341,-0.0,1.0,3.2498116,0.13596886,0.0,0.23940073,1.2454493,0.351889,0.57649577,0.0,0.0,0.0,0.2825398,0.1383698,0.46288177,0.0,1.2454493,0.0,1.1985811,1.1985811,0.23940073,-0.0,13.33,19.19654,17.777779,17.777779,2.0
resstock-amy2018-2021-release-1-457349,0.0,0.11721176,0.0,0.0,0.8470825,0.0,0.0,0.0,0.0,0.0,0.0,0.0,0.0,0.0,0.0,0.0,0.0,0.0,3.299999952316284,0.0,-0.0,0.0,0.0,-0.0,0.0,-0.0,0.009734306,0.009734306,-0.0,1.0,3.2498116,0.11721176,0.0,0.2383012,1.0853837,0.30187425,0.50677174,0.0,0.0,0.0,0.27812678,0.1383698,0.46690562,0.0,1.0853837,0.0,1.0804976,1.0804976,0.2383012,-0.0,8.9,18.53519,17.777779,17.777779,2.0
