bld_id,cooling demand,heating demand,dhw demand,cooling electricity consumption,heating electricity consumption,dhw electricity consumption,heating fuel consumption,dhw fuel consumption,dhw storage electricity consumption,positive dhw storage electricity consumption,negative dhw storage electricity consumption,dhw soc storage,dhw capacity,dhw stored energy (?),electrical storage electricity consumption,positive electrical storage electricity consumption,negative electrical storage electricity consumption,electrical storage soc,electrical capacity history,stored electrical energy,energy from electrical storage,energy to electrical storage,energy from cooling device,energy from dhw device,energy from dhw device to dhw storage,energy from dhw storage,energy from heating fuel device to heating storage,energy from heating device to heating storage,energy from heating storage,heating storage soc,heating storage capacity,energy from heating device,energy from heating fuel device,energy to non shiftable load,net electricity consumption,net electricity cost,net electricity emission,net fuel consumption,net fuel cost,net fuel emission,electricity price,fuel price,electricity carbon intensity,fuel carbon intensity,positive net electricity consumption,negative net electricity consumption,net electricity consumption without storage,net electricity consumption without storage and pv,non shiftable load,solar generation,outdoor_temperature,indoor_temperature,heating_sp,cooling_sp,comfort_band
resstock-amy2018-2021-release-1-508005,0.0,3.3286107,0.0,0.0,1.4980758,0.0,3.8287559,0.0,0.0,0.0,0.0,0.0,0.0,0.0,0.0,0.0,0.0,0.0,9.899999999999999,0.0,-0.0,0.0,0.0,-0.0,0.0,-0.0,0.0,0.0,-0.0,0.0,10.402984,3.3286107,3.3286107,0.18956426,1.6876401,0.5526144,0.8881883,3.8287559,0.5297842,0.8011222,0.327448,0.1383698,0.5262901,0.20923826,1.6876401,0.0,1.6876401,1.6876401,0.18956426,-0.0,8.9,19.983559,20.0,20.0,2.0
resstock-amy2018-2021-release-1-508005,0.0,2.9672632,0.0,0.0,3.001971,0.0,2.5161932,0.0,0.0,0.0,0.0,0.0,0.0,0.0,1.2235878,1.2235878,0.0,0.121966444,9.899942398071289,1.2074607696609831,-0.0,1.2235878,0.0,-0.0,0.0,-0.0,5.791466,5.791466,-0.0,0.54460555,10.402984,2.9672632,0.0,0.18831366,4.4138727,1.4194124,2.4000025,2.5161932,0.34816515,0.5264839,0.3215798,0.1383698,0.54374075,0.20923826,4.4138727,0.0,0.5445349,0.5445349,0.18831366,-0.0,8.3,20.0,20.0,20.0,2.0
resstock-amy2018-2021-release-1-508005,0.0,2.9131746,0.0,0.0,3.001971,0.0,2.4360495,0.0,0.0,0.0,0.0,0.0,0.0,0.0,-0.47101516,0.0,-0.47101516,0.0720541,9.899920463562012,0.7133298889401516,0.47101516,0.0,0.0,-0.0,0.0,-0.0,4.881565,4.881565,-0.0,1.0,10.402984,2.9131746,0.0,0.19933882,2.7302947,0.8675484,1.4676824,2.4360495,0.33707568,0.5097148,0.317749,0.1383698,0.53755456,0.20923828,2.7302947,0.0,0.9712355,0.9712355,0.19933882,-0.0,8.3,20.0,20.0,20.0,2.0
resstock-amy2018-2021-release-1-508005,0.0,2.8710902,0.0,0.0,2.544172,0.0,0.0,0.0,0.0,0.0,0.0,0.0,0.0,0.0,0.3685879,0.3685879,0.0,0.107391395,9.899903297424316,1.0631644222558307,-0.0,0.3685879,0.0,-0.0,0.0,-0.0,0.07122822,0.07122822,-0.0,1.0,10.402984,2.8710902,0.0,0.18623988,3.099,0.9842126,1.6565975,0.0,0.0,0.0,0.3175904,0.1383698,0.5345587,0.0,3.099,0.0,2.6969876,2.6969876,0.18623988,-0.0,7.2,20.0,20.0,20.0,2.0
resstock-amy2018-2021-release-1-508005,0.0,2.869687,0.0,0.0,1.9893914,0.0,0.0,0.0,0.0,0.0,0.0,0.0,0.0,0.0,-0.6125897,0.0,-0.6125897,0.042975023,9.899874687194824,0.4254473462290065,0.6125897,0.0,0.0,-0.0,0.0,-0.0,0.07122822,0.07122822,-0.0,1.0,10.402984,2.869687,0.0,0.18498929,1.5617911,0.49585745,0.83949465,0.0,0.0,0.0,0.3174928,0.1383698,0.53752047,0.0,1.5617911,0.0,2.1407552,2.1407552,0.18498929,-0.0,6.95,20.0,20.0,20.0,2.0
resstock-amy2018-2021-release-1-508005,0.0,1.9118263,1.0740659,0.0,1.5588217,1.1727087,0.0,0.0,0.0,0.0,0.0,0.0,0.0,0.0,-0.4065176,0.0,-0.4065176,0.0,9.899855613708496,0.0,0.4065176,0.0,0.0,-0.0,0.0,-0.0,0.07122822,0.07122822,-0.0,1.0,10.402984,1.9118263,0.0,0.18524572,2.5102587,0.7969891,1.3463293,0.0,0.0,0.0,0.3174928,0.1383698,0.53633094,0.0,2.5102587,0.0,2.8829498,2.8829498,0.18524572,-0.0,6.7,20.0,20.0,20.0,2.0
resstock-amy2018-2021-release-1-508005,0.0,2.7512836,0.0,0.0,3.001971,0.0,2.4044507,0.0,0.0,0.0,0.0,0.0,0.0,0.0,0.0,0.0,0.0,0.0,9.899855613708496,0.0,-0.0,0.0,0.0,-0.0,0.0,-0.0,0.07122822,0.07122822,-0.0,1.0,10.402984,2.7512836,0.0,0.25197357,3.2539446,1.0310397,1.7645246,2.4044507,0.33270335,0.5031031,0.3168584,0.1383698,0.54227245,0.20923826,3.2539446,0.0,3.221429,3.221429,0.25197357,-0.0,8.33,20.0,20.0,20.0,2.0
resstock-amy2018-2021-release-1-508005,0.0,3.244904,0.0,0.0,3.001971,0.0,0.6442645,0.0,0.0,0.0,0.0,0.0,0.0,0.0,0.0,0.0,0.0,0.0,9.899855613708496,0.0,-0.0,0.0,0.0,-0.0,0.0,-0.0,0.07122822,0.07122822,-0.0,1.0,10.402984,3.244904,0.0,0.2761897,3.2781608,1.0411123,1.792414,0.6442645,0.08914675,0.13480479,0.3175904,0.1383698,0.54677427,0.20923826,3.2781608,0.0,3.2424843,3.2424843,0.2761897,-0.0,4.4,20.0,20.0,20.0,2.0
resstock-amy2018-2021-release-1-508005,0.0,2.6997068,0.0,0.0,1.8814875,0.0,0.0,0.0,0.0,0.0,0.0,0.0,0.0,0.0,0.0,0.0,0.0,0.0,9.899855613708496,0.0,-0.0,0.0,0.0,-0.0,0.0,-0.0,0.07122822,0.07122822,-0.0,1.0,10.402984,2.6997068,0.0,0.28178522,2.1368723,0.67513067,1.1722009,0.0,0.0,0.0,0.3159434,0.1383698,0.5485592,0.0,2.1368723,0.0,2.1048071,2.1312075,0.28178522,-0.026400212,8.89,20.0,20.0,20.0,2.0
resstock-amy2018-2021-release-1-508005,0.0,2.4951994,0.0,0.0,2.4223354,0.0,0.0,0.0,0.0,0.0,0.0,0.0,0.0,0.0,0.0,0.0,0.0,0.0,9.899855613708496,0.0,-0.0,0.0,0.0,-0.0,0.0,-0.0,0.07122822,0.07122822,-0.0,1.0,10.402984,2.4951994,0.0,0.18910523,2.5402675,0.8025807,1.4315275,0.0,0.0,0.0,0.3159434,0.1383698,0.56353414,0.0,2.5402675,0.0,2.5090952,2.5802684,0.18910523,-0.07117307,10.0,20.0,20.0,20.0,2.0
resstock-amy2018-2021-release-1-508005,0.0,2.0041041,0.19029352,0.0,2.26069,0.20777018,0.0,0.0,0.0,0.0,0.0,0.0,0.0,0.0,0.0,0.0,0.0,0.0,9.899855613708496,0.0,-0.0,0.0,0.0,-0.0,0.0,-0.0,0.07122822,0.07122822,-0.0,1.0,10.402984,2.0041041,0.0,0.18819655,2.552346,0.7776871,1.4805073,0.0,0.0,0.0,0.304695,0.1383698,0.58005744,0.0,2.552346,0.0,2.5216563,2.625967,0.18819655,-0.104310654,10.6,20.0,20.0,20.0,2.0
resstock-amy2018-2021-release-1-508005,0.0,1.0575098,0.0,0.0,2.322197,0.0,0.0,0.0,0.0,0.0,0.0,0.0,0.0,0.0,0.0,0.0,0.0,0.0,9.899855613708496,0.0,-0.0,0.0,0.0,-0.0,0.0,-0.0,0.07122822,0.07122822,-0.0,1.0,10.402984,1.0575098,0.0,1.3169072,3.5120332,1.032608,2.059257,0.0,0.0,0.0,0.29402,0.1383698,0.5863433,0.0,3.5120332,0.0,3.4817457,3.6088166,1.3169072,-0.12707096,11.1,20.0,20.0,20.0,2.0
resstock-amy2018-2021-release-1-508005,0.0,0.3209105,0.0,0.0,1.1838802,0.0,0.0,0.0,0.0,0.0,0.0,0.0,0.0,0.0,0.8871296,0.8871296,0.0,0.08730561,9.899813652038574,0.8643092981119125,-0.0,0.8871296,0.0,-0.0,0.0,-0.0,0.07122822,0.07122822,-0.0,1.0,10.402984,0.3209105,0.0,0.2807234,2.2269716,0.6670003,1.2678047,0.0,0.0,0.0,0.29951,0.1383698,0.5692954,0.0,2.2269716,0.0,1.3104393,1.4352008,0.2807234,-0.12476149,12.2,20.0,20.0,20.0,2.0
resstock-amy2018-2021-release-1-508005,0.10339402,0.0,0.0,0.0,0.9034588,0.0,0.0,0.0,0.0,0.0,0.0,0.0,0.0,0.0,1.0197198,1.0197198,0.0,0.18806976,9.899765968322754,1.8618466176325796,-0.0,1.0197198,0.0,-0.0,0.0,-0.0,0.07122822,0.07122822,-0.0,1.0,10.402984,0.0,0.0,0.28050318,2.0865698,0.6068492,1.1752508,0.0,0.0,0.0,0.2908358,0.1383698,0.56324536,0.0,2.0865698,0.0,1.0379299,1.1550422,0.28050318,-0.11711223,12.8,20.0,20.0,20.0,2.0
resstock-amy2018-2021-release-1-508005,0.21293643,0.0,0.0,0.0,1.0489221,0.0,0.0,0.0,0.0,0.0,0.0,0.0,0.0,0.0,0.85882086,0.85882086,0.0,0.2721897,9.899725914001465,2.6946034915955863,-0.0,0.85882086,0.0,-0.0,0.0,-0.0,0.07122822,0.07122822,-0.0,1.0,10.402984,0.0,0.0,0.2796783,2.0889482,0.64281243,1.183819,0.0,0.0,0.0,0.3077206,0.1383698,0.56670576,0.0,2.0889482,0.0,1.2012074,1.2996804,0.2796783,-0.098473005,12.8,20.212332,20.0,20.0,2.0
resstock-amy2018-2021-release-1-508005,0.02441859,0.3024506,0.0,0.0,1.5247445,0.0,0.0,0.0,0.0,0.0,0.0,0.0,0.0,0.0,0.0969945,0.0969945,0.0,0.28096014,9.899721145629883,2.781427064899731,-0.0,0.0969945,0.0,-0.0,0.0,-0.0,0.07122822,0.07122822,-0.0,1.0,10.402984,0.3024506,0.0,0.2863047,1.8427587,0.585782,1.0587791,0.0,0.0,0.0,0.3178832,0.1383698,0.574562,0.0,1.8427587,0.0,1.7172463,1.7825314,0.2863047,-0.06528504,13.3,20.732983,20.0,20.0,2.0
resstock-amy2018-2021-release-1-508005,0.06775268,0.43088242,0.19029346,0.0,0.0,0.20777012,0.0,0.0,0.0,0.0,0.0,0.0,0.0,0.0,1.0220215,1.0220215,0.0,0.3816521,9.899673461914062,3.7782310370926098,-0.0,1.0220215,0.0,-0.0,0.0,-0.0,0.0,0.0,0.43088272,0.9509621,10.402984,0.0,0.0,0.33592644,1.5433437,0.5011659,0.9152336,0.0,0.0,0.0,0.3247274,0.1383698,0.59301996,0.0,1.5433437,0.0,0.7016213,0.72399575,0.33592644,-0.022374434,11.7,20.832571,20.0,20.0,2.0
resstock-amy2018-2021-release-1-508005,0.0,0.35705814,0.5277829,0.0,1.8705785e-07,0.5762548,0.0,0.0,0.0,0.0,0.0,0.0,0.0,0.0,1.5061133,1.5061133,0.0,0.53028065,9.899602890014648,5.249567851912957,-0.0,1.5061133,0.0,-0.0,0.0,-0.0,0.0,0.0,0.3570577,0.909507,10.402984,4.4703484e-07,0.0,0.3433609,2.4257293,0.8459711,1.4839188,0.0,0.0,0.0,0.3487492,0.1383698,0.6117413,0.0,2.4257293,0.0,1.0690237,1.0690237,0.3433609,-0.0,11.7,20.475962,20.36111,20.36111,2.0
resstock-amy2018-2021-release-1-508005,0.0,0.34691536,0.32047683,0.0,0.0,0.3499096,0.0,0.0,0.0,0.0,0.0,0.0,0.0,0.0,0.6759879,0.6759879,0.0,0.5953755,9.899571418762207,5.893962068090502,-0.0,0.6759879,0.0,-0.0,0.0,-0.0,0.0,0.0,0.34691572,0.86932606,10.402984,0.0,0.0,0.70292854,1.728826,0.63800216,1.0122409,0.0,0.0,0.0,0.3690378,0.1383698,0.5855077,0.0,1.728826,0.0,1.2023113,1.2023113,0.70292854,-0.0,10.6,19.886543,21.074074,21.074074,2.0
resstock-amy2018-2021-release-1-508005,0.0,0.5052744,0.0,0.0,1.5408867e-07,0.0,0.0,0.0,0.0,0.0,0.0,0.0,0.0,0.0,-0.8322631,0.0,-0.8322631,0.5079423,9.899532318115234,5.028391401850513,0.8322631,0.0,0.0,-0.0,0.0,-0.0,0.0,0.0,0.50527406,0.81385356,10.402984,3.5762787e-07,0.0,0.40955812,-0.42270485,-0.16291992,0.0,0.0,0.0,0.0,0.3854224,0.1383698,0.52633345,0.0,0.0,-0.42270485,0.62726223,0.62726223,0.40955812,-0.0,10.6,19.782166,20.0,20.0,2.0
resstock-amy2018-2021-release-1-508005,0.0,0.3085367,0.0,0.0,2.5681445e-08,0.0,0.0,0.0,0.0,0.0,0.0,0.0,0.0,0.0,0.28191844,0.28191844,0.0,0.5341323,9.899518966674805,5.287652852456063,-0.0,0.28191844,0.0,-0.0,0.0,-0.0,0.0,0.0,0.30853665,0.7780846,10.402984,5.9604645e-08,0.0,0.35506824,0.63698673,0.23896557,0.33413213,0.0,0.0,0.0,0.37515,0.1383698,0.52455115,0.0,0.63698673,0.0,0.48800537,0.48800537,0.35506824,-0.0,10.6,19.285288,20.0,20.0,2.0
resstock-amy2018-2021-release-1-508005,0.0,0.08035678,0.0,0.0,0.26434106,0.0,0.0,0.0,0.0,0.0,0.0,0.0,0.0,0.0,0.7306887,0.7306887,0.0,0.60472107,9.899484634399414,5.986426933988696,-0.0,0.7306887,0.0,-0.0,0.0,-0.0,0.49827775,0.49827775,-0.0,0.819729,10.402984,0.08035678,0.0,0.44322944,1.4382591,0.48385194,0.7429849,0.0,0.0,0.0,0.336415,0.1383698,0.51658624,0.0,1.4382591,0.0,0.47993922,0.47993922,0.44322944,-0.0,8.3,18.52335,19.967592,19.967592,2.0
resstock-amy2018-2021-release-1-508005,0.0,0.2903028,0.0,0.0,1.8399214e-07,0.0,0.0,0.0,0.0,0.0,0.0,0.0,0.0,0.0,1.0559707,1.0559707,0.0,0.70840037,9.899435043334961,7.01276343452605,-0.0,1.0559707,0.0,-0.0,0.0,-0.0,0.0,0.0,0.29030243,0.78571236,10.402984,3.874302e-07,0.0,0.2958324,1.3518033,0.43431684,0.6841544,0.0,0.0,0.0,0.321287,0.1383698,0.506105,0.0,1.3518033,0.0,0.43369842,0.43369842,0.2958324,-0.0,6.7,17.863104,18.88889,18.88889,2.0
resstock-amy2018-2021-release-1-508005,0.0,0.113702744,0.5708776,0.0,0.5390351,0.62330735,0.0,0.0,0.0,0.0,0.0,0.0,0.0,0.0,0.16920316,0.16920316,0.0,0.7233845,9.89942741394043,7.161092345663519,-0.0,0.16920316,0.0,-0.0,0.0,-0.0,1.083992,1.083992,-0.0,0.8823838,10.402984,0.113702744,0.0,0.19141321,1.5229588,0.48267376,0.74105644,0.0,0.0,0.0,0.3169316,0.1383698,0.48658997,0.0,1.5229588,0.0,0.8658937,0.8658937,0.19141321,-0.0,8.9,17.249187,18.88889,18.88889,2.0
resstock-amy2018-2021-release-1-508005,0.0,0.4813056,0.0,0.0,0.9482482,0.0,0.0,0.0,0.0,0.0,0.0,0.0,0.0,0.0,0.5563621,0.5563621,0.0,0.77622694,9.899401664733887,7.684182239979975,-0.0,0.5563621,0.0,-0.0,0.0,-0.0,1.31361,1.31361,-0.0,1.0,10.402984,0.4813056,0.0,0.21726434,1.7218747,0.5456955,0.87105817,0.0,0.0,0.0,0.3169194,0.1383698,0.5058778,0.0,1.7218747,0.0,0.5743089,0.5743089,0.21726434,-0.0,8.9,17.141018,18.88889,18.88889,2.0
resstock-amy2018-2021-release-1-508005,0.0,0.30927265,0.19047226,0.0,1.300753,0.20796534,0.0,0.0,0.0,0.0,0.0,0.0,0.0,0.0,0.7189603,0.7189603,0.0,0.8452475,9.899367332458496,8.36741555958156,-0.0,0.7189603,0.0,-0.0,0.0,-0.0,0.07122822,0.07122822,-0.0,1.0,10.402984,0.30927265,0.0,0.18831366,2.4159923,0.7654685,1.1692948,0.0,0.0,0.0,0.316834,0.1383698,0.48398122,0.0,2.4159923,0.0,1.6644924,1.6644924,0.18831366,-0.0,8.3,16.621145,18.88889,18.88889,2.0
resstock-amy2018-2021-release-1-508005,0.0,0.13247126,0.0,0.0,1.8409125,0.0,0.0,0.0,0.0,0.0,0.0,0.0,0.0,0.0,0.15257809,0.15257809,0.0,0.85841745,9.899359703063965,8.497783126614706,-0.0,0.15257809,0.0,-0.0,0.0,-0.0,0.07122822,0.07122822,-0.0,1.0,10.402984,0.13247126,0.0,0.1873195,2.18081,0.6717985,1.0964419,0.0,0.0,0.0,0.30805,0.1383698,0.50276816,0.0,2.18081,0.0,1.9948075,1.9948075,0.1873195,-0.0,7.2,15.981188,18.88889,18.88889,2.0
resstock-amy2018-2021-release-1-508005,0.0,0.29234585,0.0,0.0,1.3984969e-07,0.0,0.0,0.0,0.0,0.0,0.0,0.0,0.0,0.0,0.7506152,0.7506152,0.0,0.93049747,9.899324417114258,9.211296300262461,-0.0,0.7506152,0.0,-0.0,0.0,-0.0,0.0,0.0,0.29234555,0.96457523,10.402984,2.9802322e-07,0.0,0.18623988,0.9368552,0.28859824,0.4820448,0.0,0.0,0.0,0.30805,0.1383698,0.514535,0.0,0.9368552,0.0,0.3234254,0.3234254,0.18623988,-0.0,7.2,15.644003,18.88889,18.88889,2.0
resstock-amy2018-2021-release-1-508005,0.0,0.58648795,0.0,0.0,0.8730666,0.0,0.0,0.0,0.0,0.0,0.0,0.0,0.0,0.0,0.70212173,0.70212173,0.0,0.9980013,9.899291038513184,9.87950510225329,-0.0,0.70212173,0.0,-0.0,0.0,-0.0,0.44542104,0.44542104,-0.0,1.0,10.402984,0.58648795,0.0,0.19780183,1.7729902,0.55890995,0.95098495,0.0,0.0,0.0,0.3152358,0.1383698,0.5363735,0.0,1.7729902,0.0,0.85933626,0.85933626,0.19780183,-0.0,6.7,15.688534,18.88889,18.88889,2.0
resstock-amy2018-2021-release-1-508005,0.0,0.23439625,0.48214027,0.0,0.9694362,0.5264203,0.0,0.0,0.0,0.0,0.0,0.0,0.0,0.0,0.034869194,0.034869194,0.0,0.99978095,9.89928913116455,9.897120720889745,-0.0,0.034869194,0.0,-0.0,0.0,-0.0,0.07122822,0.07122822,-0.0,1.0,10.402984,0.23439625,0.0,0.21349585,1.7442217,0.5498411,0.95698816,0.0,0.0,0.0,0.3152358,0.1383698,0.548662,0.0,1.7442217,0.0,1.6759281,1.6759281,0.21349585,-0.0,7.2,15.462622,18.921297,18.921297,2.0
resstock-amy2018-2021-release-1-508005,0.0,0.29816872,0.0,0.0,1.6077992,0.0,0.0,0.0,0.0,0.0,0.0,0.0,0.0,0.0,0.017276764,0.017276764,0.0,0.9998542,9.899288177490234,9.897844930953852,-0.0,0.017276764,0.0,-0.0,0.0,-0.0,0.07122822,0.07122822,-0.0,1.0,10.402984,0.29816872,0.0,0.31611475,1.9411907,0.64262533,1.0687441,0.0,0.0,0.0,0.331047,0.1383698,0.5505611,0.0,1.9411907,0.0,1.8913743,1.8913743,0.31611475,-0.0,8.3,15.408644,20.0,20.0,2.0
resstock-amy2018-2021-release-1-508005,0.0,0.3580702,1.0332358,0.0,1.1344509,1.1281288,0.0,0.0,0.0,0.0,0.0,0.0,0.0,0.0,0.016551018,0.016551018,0.0,0.9998527,9.899287223815918,9.897829226331112,-0.0,0.016551018,0.0,-0.0,0.0,-0.0,0.07122822,0.07122822,-0.0,1.0,10.402984,0.3580702,0.0,0.3622168,2.6413474,0.886881,1.4730572,0.0,0.0,0.0,0.3357684,0.1383698,0.5576916,0.0,2.6413474,0.0,2.5927393,2.5927393,0.3622168,-0.0,8.9,15.419955,19.935184,19.935184,2.0
resstock-amy2018-2021-release-1-508005,0.96023273,0.39796373,0.6072534,0.0,0.85323447,0.6630239,0.0,0.0,0.0,0.0,0.0,0.0,0.0,0.0,0.016565323,0.016565323,0.0,0.9998223,9.899286270141602,9.897527350642008,-0.0,0.016565323,0.0,-0.0,0.0,-0.0,0.07122822,0.07122822,-0.0,1.0,10.402984,0.39796373,0.0,0.3735249,1.881434,0.65614855,1.0699703,0.0,0.0,0.0,0.3487492,0.1383698,0.56869936,0.0,1.881434,0.0,1.8332138,1.8581285,0.3735249,-0.024914747,9.4,15.564669,17.777779,17.777779,2.0
resstock-amy2018-2021-release-1-508005,0.0,0.1520884,0.19047424,0.0,0.7954771,0.2079675,0.0,0.0,0.0,0.0,0.0,0.0,0.0,0.0,-0.41909942,0.0,-0.41909942,0.95387596,9.899266242980957,9.442672080123145,0.41909942,0.0,0.0,-0.0,0.0,-0.0,0.07122822,0.07122822,-0.0,1.0,10.402984,0.1520884,0.0,0.37640277,0.9076406,0.3061633,0.5205299,0.0,0.0,0.0,0.3373178,0.1383698,0.57349783,0.0,0.9076406,0.0,1.2969352,1.3500426,0.37640277,-0.053107396,11.7,15.530773,19.981482,19.981482,2.0
resstock-amy2018-2021-release-1-508005,0.0,0.53659093,0.7431272,0.0,2.2716546,0.81137645,0.0,0.0,0.0,0.0,0.0,0.0,0.0,0.0,-0.25569972,0.0,-0.25569972,0.92507744,9.899253845214844,9.157576388752204,0.25569972,0.0,0.0,-0.0,0.0,-0.0,0.07122822,0.07122822,-0.0,1.0,10.402984,0.53659093,0.0,0.3716734,3.156498,1.0348598,1.830932,0.0,0.0,0.0,0.3278506,0.1383698,0.5800517,0.0,3.156498,0.0,3.382393,3.4248996,0.3716734,-0.042506758,11.7,16.057922,20.0,20.0,2.0
resstock-amy2018-2021-release-1-508005,0.0,0.28683725,0.0,0.0,1.9233534,0.0,0.0,0.0,0.0,0.0,0.0,0.0,0.0,0.0,0.22685766,0.22685766,0.0,0.94526833,9.899243354797363,9.357441263537055,-0.0,0.22685766,0.0,-0.0,0.0,-0.0,0.07122822,0.07122822,-0.0,1.0,10.402984,0.28683725,0.0,0.36982262,2.4909606,0.8094186,1.4819819,0.0,0.0,0.0,0.32494235,0.1383698,0.59494394,0.0,2.4909606,0.0,2.2351828,2.264256,0.36982262,-0.02907332,12.8,16.50002,20.0,20.0,2.0
resstock-amy2018-2021-release-1-508005,0.47654027,0.14153214,0.67175096,0.0,1.6523067,0.733445,0.0,0.0,0.0,0.0,0.0,0.0,0.0,0.0,0.5560436,0.5560436,0.0,0.9983692,9.89921760559082,9.883074129003944,-0.0,0.5560436,0.0,-0.0,0.0,-0.0,0.07122822,0.07122822,-0.0,1.0,10.402984,0.14153214,0.0,0.2807234,3.1974614,1.0322956,1.9380046,0.0,0.0,0.0,0.3228485,0.1383698,0.6061073,0.0,3.1974614,0.0,2.6133823,2.6384397,0.2807234,-0.025057254,13.9,16.807467,19.092592,19.092592,2.0
resstock-amy2018-2021-release-1-508005,0.8089678,0.7443512,0.0,0.0,2.3884203,0.0,0.0,0.0,0.0,0.0,0.0,0.0,0.0,0.0,0.031158447,0.031158447,0.0,0.9997889,9.899215698242188,9.897125779270937,-0.0,0.031158447,0.0,-0.0,0.0,-0.0,0.07122822,0.07122822,-0.0,1.0,10.402984,0.7443512,0.0,0.19052678,2.5880196,0.8352157,1.5915644,0.0,0.0,0.0,0.32272387,0.1383698,0.61497384,0.0,2.5880196,0.0,2.5283432,2.550429,0.19052678,-0.02208585,13.3,17.800365,17.777779,17.777779,2.0
resstock-amy2018-2021-release-1-508005,0.0,0.34457856,0.0,0.0,1.656741,0.0,0.0,0.0,0.0,0.0,0.0,0.0,0.0,0.0,-0.15662445,0.0,-0.15662445,0.9814028,9.899208068847656,9.715110658982212,0.15662445,0.0,0.0,-0.0,0.0,-0.0,0.07122822,0.07122822,-0.0,1.0,10.402984,0.34457856,0.0,0.19078323,1.6780612,0.5491502,1.0417172,0.0,0.0,0.0,0.3272528,0.1383698,0.62078613,0.0,1.6780612,0.0,1.8061678,1.8190064,0.19078323,-0.012838623,13.3,17.85585,17.777779,17.777779,2.0
resstock-amy2018-2021-release-1-508005,0.0,0.6119062,0.0,0.0,0.57757944,0.0,0.0,0.0,0.0,0.0,0.0,0.0,0.0,0.0,0.19884872,0.19884872,0.0,0.99917644,9.899198532104492,9.89104597412836,-0.0,0.19884872,0.0,-0.0,0.0,-0.0,0.07122822,0.07122822,-0.0,1.0,10.402984,0.6119062,0.0,0.18987456,0.9583252,0.3175313,0.59438324,0.0,0.0,0.0,0.3313398,0.1383698,0.6202313,0.0,0.9583252,0.0,0.7300738,0.73805135,0.18987456,-0.0079775285,12.2,18.194916,19.175926,19.175926,2.0
resstock-amy2018-2021-release-1-508005,0.0,0.2578176,0.0,0.0,1.4579579,0.0,0.0,0.0,0.0,0.0,0.0,0.0,0.0,0.0,0.023160934,0.023160934,0.0,0.9998203,9.899197578430176,9.897418613392176,-0.0,0.023160934,0.0,-0.0,0.0,-0.0,0.07122822,0.07122822,-0.0,1.0,10.402984,0.2578176,0.0,0.2234587,1.7023387,0.5788398,1.0562745,0.0,0.0,0.0,0.3400262,0.1383698,0.62048435,0.0,1.7023387,0.0,1.6497751,1.6520139,0.2234587,-0.0022387179,12.2,17.82441,19.308222,19.308222,2.0
resstock-amy2018-2021-release-1-508005,0.0,0.08861768,0.0,0.0,9.226689e-09,0.0,0.0,0.0,0.0,0.0,0.0,0.0,0.0,0.0,0.016797066,0.016797066,0.0,0.99983,9.89919662475586,9.897513836099279,-0.0,0.016797066,0.0,-0.0,0.0,-0.0,0.0,0.0,0.08861766,0.98459417,10.402984,2.2351742e-08,0.0,1.020536,1.037333,0.4233252,0.6420206,0.0,0.0,0.0,0.40809,0.1383698,0.61891466,0.0,1.037333,0.0,1.0571169,1.0571169,1.020536,0.0,12.2,17.446445,19.440516,19.440516,2.0
resstock-amy2018-2021-release-1-508005,0.0,0.82048047,0.30862027,0.0,9.9764186e-08,0.33696413,0.0,0.0,0.0,0.0,0.0,0.0,0.0,0.0,0.016699791,0.016699791,0.0,0.9998473,9.899195671081543,9.897683993619125,-0.0,0.016699791,0.0,-0.0,0.0,-0.0,0.0,0.0,0.8204802,0.8973764,10.402984,2.3841858e-07,0.0,0.725896,1.07956,0.4208017,0.655006,0.0,0.0,0.0,0.38979,0.1383698,0.6067342,0.0,1.07956,0.0,1.4061831,1.4061831,0.725896,-0.0,11.7,18.075653,19.572811,19.572811,2.0
resstock-amy2018-2021-release-1-508005,0.0,0.3354325,0.0,0.0,1.1072026e-07,0.0,0.0,0.0,0.0,0.0,0.0,0.0,0.0,0.0,0.016527176,0.016527176,0.0,0.99984795,9.899194717407227,9.897689530508273,-0.0,0.016527176,0.0,-0.0,0.0,-0.0,0.0,0.0,0.33543223,0.8584051,10.402984,2.682209e-07,0.0,0.64880276,0.66533005,0.2617741,0.39912856,0.0,0.0,0.0,0.39345,0.1383698,0.5998956,0.0,0.66533005,0.0,0.7872676,0.7872676,0.64880276,-0.0,12.2,17.627127,19.705107,19.705107,2.0
resstock-amy2018-2021-release-1-508005,0.0,0.35390022,0.0,0.0,0.0,0.0,0.0,0.0,0.0,0.0,0.0,0.0,0.0,0.0,0.016519547,0.016519547,0.0,0.9998479,9.89919376373291,9.897687986941037,-0.0,0.016519547,0.0,-0.0,0.0,-0.0,0.0,0.0,0.3539006,0.8178801,10.402984,0.0,0.0,0.51096326,0.5274828,0.1824083,0.31302428,0.0,0.0,0.0,0.345809,0.1383698,0.5934303,0.0,0.5274828,0.0,0.6526556,0.6526556,0.51096326,-0.0,13.3,17.62236,19.837402,19.837402,2.0
resstock-amy2018-2021-release-1-508005,0.0,0.17081207,0.57141155,0.0,0.0,0.62389034,0.0,0.0,0.0,0.0,0.0,0.0,0.0,0.0,-0.06140243,0.0,-0.06140243,0.99163705,9.899190902709961,9.816404475093691,0.06140243,0.0,0.0,-0.0,0.0,-0.0,0.0,0.0,0.17081207,0.79561734,10.402984,0.0,0.0,0.32061878,0.8831067,0.2926084,0.51776516,0.0,0.0,0.0,0.3313398,0.1383698,0.58629966,0.0,0.8831067,0.0,1.0171413,1.0171413,0.32061878,-0.0,11.1,17.112955,19.969696,19.969696,2.0
resstock-amy2018-2021-release-1-508005,0.0,0.05764759,0.0,0.0,0.0,0.0,0.0,0.0,0.0,0.0,0.0,0.0,0.0,0.0,0.09767437,0.09767437,0.0,0.99952465,9.899186134338379,9.894480585490385,-0.0,0.09767437,0.0,-0.0,0.0,-0.0,0.0,0.0,0.05764794,0.7846236,10.402984,0.0,0.0,0.195165,0.29283935,0.09537877,0.16932794,0.0,0.0,0.0,0.3257034,0.1383698,0.5782281,0.0,0.29283935,0.0,0.21967787,0.21967787,0.195165,-0.0,11.1,16.547005,18.88889,18.88889,2.0
resstock-amy2018-2021-release-1-508005,0.0,0.22653069,0.0,0.0,0.0,0.0,0.0,0.0,0.0,0.0,0.0,0.0,0.0,0.0,0.01970768,0.01970768,0.0,0.9998335,9.899185180664062,9.89753720616045,-0.0,0.01970768,0.0,-0.0,0.0,-0.0,0.0,0.0,0.2265307,0.75710857,10.402984,0.0,0.0,0.23878051,0.25848818,0.081204064,0.14712073,0.0,0.0,0.0,0.31415,0.1383698,0.56915843,0.0,0.25848818,0.0,0.33638424,0.33638424,0.23878051,-0.0,10.6,16.119017,18.88889,18.88889,2.0
resstock-amy2018-2021-release-1-508005,0.0,0.1532993,0.0,0.0,0.75017107,0.0,0.0,0.0,0.0,0.0,0.0,0.0,0.0,0.0,0.01665306,0.01665306,0.0,0.99984634,9.899184226989746,9.897663110677172,-0.0,0.01665306,0.0,-0.0,0.0,-0.0,1.58779,1.58779,-0.0,0.9013467,10.402984,0.1532993,0.0,0.21726434,0.9840885,0.29206705,0.52598864,0.0,0.0,0.0,0.2967894,0.1383698,0.5344932,0.0,0.9840885,0.0,0.28331524,0.28331524,0.21726434,-0.0,10.6,15.6216545,18.88889,18.88889,2.0
resstock-amy2018-2021-release-1-508005,0.0,0.21670121,0.0,0.0,1.6440649,0.0,0.0,0.0,0.0,0.0,0.0,0.0,0.0,0.0,0.016525269,0.016525269,0.0,0.99984676,9.89918327331543,9.897666287410516,-0.0,0.016525269,0.0,-0.0,0.0,-0.0,1.1133045,1.1133045,-0.0,1.0,10.402984,0.21670121,0.0,0.20555991,1.8661501,0.5040393,0.9949085,0.0,0.0,0.0,0.2700958,0.1383698,0.5331342,0.0,1.8661501,0.0,1.369943,1.369943,0.20555991,-0.0,10.6,15.244278,18.88889,18.88889,2.0
resstock-amy2018-2021-release-1-508005,0.0,0.09113799,0.0,0.0,1.3330123,0.0,0.0,0.0,0.0,0.0,0.0,0.0,0.0,0.0,0.0165205,0.0165205,0.0,0.9998467,9.899182319641113,9.897664743845098,-0.0,0.0165205,0.0,-0.0,0.0,-0.0,0.07122822,0.07122822,-0.0,1.0,10.402984,0.09113799,0.0,0.1873195,1.5368524,0.3609298,0.8112165,0.0,0.0,0.0,0.23485,0.1383698,0.5278428,0.0,1.5368524,0.0,1.488677,1.488677,0.1873195,-0.0,9.4,14.826828,18.88889,18.88889,2.0
resstock-amy2018-2021-release-1-508005,0.0,0.21255015,0.0,0.0,0.83773273,0.0,0.0,0.0,0.0,0.0,0.0,0.0,0.0,0.0,0.016519547,0.016519547,0.0,0.99984664,9.899181365966797,9.897663200279794,-0.0,0.016519547,0.0,-0.0,0.0,-0.0,0.07122822,0.07122822,-0.0,1.0,10.402984,0.21255015,0.0,0.19658059,1.0508329,0.24037802,0.5539801,0.0,0.0,0.0,0.22875,0.1383698,0.5271819,0.0,1.0508329,0.0,1.0026585,1.0026585,0.19658059,-0.0,9.4,14.741789,18.88889,18.88889,2.0
resstock-amy2018-2021-release-1-508005,0.0,0.42435926,0.0,0.0,1.0847647,0.0,0.0,0.0,0.0,0.0,0.0,0.0,0.0,0.0,0.016519547,0.016519547,0.0,0.9998465,9.89918041229248,9.897661066677472,-0.0,0.016519547,0.0,-0.0,0.0,-0.0,0.07122822,0.07122822,-0.0,1.0,10.402984,0.42435926,0.0,0.18498929,1.2862736,0.29209125,0.676366,0.0,0.0,0.0,0.2270833,0.1383698,0.52583367,0.0,1.2862736,0.0,1.2385818,1.2385818,0.18498929,-0.0,10.0,14.939322,18.88889,18.88889,2.0
resstock-amy2018-2021-release-1-508005,0.0,0.25431457,0.0,0.0,1.0660813,0.0,0.0,0.0,0.0,0.0,0.0,0.0,0.0,0.0,0.016519547,0.016519547,0.0,0.9998464,9.899179458618164,9.897658933075377,-0.0,0.016519547,0.0,-0.0,0.0,-0.0,0.07122822,0.07122822,-0.0,1.0,10.402984,0.25431457,0.0,0.18524572,1.2678466,0.34244004,0.65812397,0.0,0.0,0.0,0.2700958,0.1383698,0.51908803,0.0,1.2678466,0.0,1.2187874,1.2187874,0.18524572,-0.0,8.3,14.77788,18.916666,18.916666,2.0
resstock-amy2018-2021-release-1-508005,0.0,0.16757332,1.061255,0.0,1.1123841,1.1587212,0.0,0.0,0.0,0.0,0.0,0.0,0.0,0.0,0.0165205,0.0165205,0.0,0.99984634,9.899178504943848,9.897657389510528,-0.0,0.0165205,0.0,-0.0,0.0,-0.0,0.07122822,0.07122822,-0.0,1.0,10.402984,0.16757332,0.0,0.1878324,2.4754581,0.79753715,1.2829598,0.0,0.0,0.0,0.3221776,0.1383698,0.5182717,0.0,2.4754581,0.0,2.4277654,2.4277654,0.1878324,-0.0,10.0,14.734861,20.0,20.0,2.0
resstock-amy2018-2021-release-1-508005,0.0,0.11710527,2.2332373,0.0,1.940105e-07,2.438339,0.0,0.0,0.0,0.0,0.0,0.0,0.0,0.0,0.016519547,0.016519547,0.0,0.9998462,9.899177551269531,9.89765525590883,-0.0,0.016519547,0.0,-0.0,0.0,-0.0,0.0,0.0,0.11710484,0.9817949,10.402984,4.246831e-07,0.0,0.2761897,2.7310486,0.8800492,1.4190128,0.0,0.0,0.0,0.3222386,0.1383698,0.5195853,0.0,2.7310486,0.0,2.7680268,2.7680268,0.2761897,-0.0,8.3,14.449559,19.944445,19.944445,2.0
resstock-amy2018-2021-release-1-508005,0.65372485,0.5137169,0.0,0.0,0.28934658,0.0,0.0,0.0,0.0,0.0,0.0,0.0,0.0,0.0,-0.48445347,0.0,-0.48445347,0.9471454,9.899154663085938,9.375938827100072,0.48445347,0.0,0.0,-0.0,0.0,-0.0,0.1578341,0.1578341,-0.0,0.99006087,10.402984,0.5137169,0.0,0.28178522,0.08657818,0.028755452,0.045154165,0.0,0.0,0.0,0.3321328,0.1383698,0.5215421,0.0,0.08657818,0.0,0.5030268,0.503127,0.28178522,-0.000100172816,10.6,14.831809,17.814816,17.814816,2.0
resstock-amy2018-2021-release-1-508005,0.0,0.18546423,0.0,0.0,0.7133276,0.0,0.0,0.0,0.0,0.0,0.0,0.0,0.0,0.0,0.5374012,0.5374012,0.0,0.9984121,9.899128913879395,9.883409816420397,-0.0,0.5374012,0.0,-0.0,0.0,-0.0,0.17621535,0.17621535,-0.0,1.0,10.402984,0.18546423,0.0,0.282754,1.5293224,0.50560594,0.8109635,0.0,0.0,0.0,0.3306078,0.1383698,0.53027636,0.0,1.5293224,0.0,0.9181854,0.9223458,0.282754,-0.0041604284,11.7,14.778564,20.0,20.0,2.0
resstock-amy2018-2021-release-1-508005,0.0,0.3926698,0.0,0.0,0.03282523,0.0,0.0,0.0,0.0,0.0,0.0,0.0,0.0,0.0,0.030646324,0.030646324,0.0,0.999782,9.899127006530762,9.89696925237996,-0.0,0.030646324,0.0,-0.0,0.0,-0.0,0.0,0.0,0.31182337,0.96266127,10.402984,0.08084643,0.0,0.27993497,0.3346129,0.10780478,0.17794962,0.0,0.0,0.0,0.3221776,0.1383698,0.5318074,0.0,0.3346129,0.0,0.430573,0.4393666,0.27993497,-0.008793618,12.8,15.130104,20.0,20.0,2.0
resstock-amy2018-2021-release-1-508005,0.0,0.26564717,0.19065015,0.0,1.7855301,0.20815957,0.0,0.0,0.0,0.0,0.0,0.0,0.0,0.0,0.017104149,0.017104149,0.0,0.99983853,9.899126052856445,9.897527651043106,-0.0,0.017104149,0.0,-0.0,0.0,-0.0,0.46563798,0.46563798,-0.0,1.0,10.402984,0.26564717,0.0,1.4076774,3.4130287,1.0522163,1.8121957,0.0,0.0,0.0,0.308294,0.1383698,0.5309641,0.0,3.4130287,0.0,3.2068665,3.2123091,1.4076774,-0.005442588,12.8,15.359329,20.0,20.0,2.0
resstock-amy2018-2021-release-1-508005,0.0,0.024232876,0.0,0.0,0.0,0.0,0.0,0.0,0.0,0.0,0.0,0.0,0.0,0.0,0.016544342,0.016544342,0.0,0.9998408,9.899125099182129,9.897549118808513,-0.0,0.016544342,0.0,-0.0,0.0,-0.0,0.0,0.0,0.024232995,0.9909208,10.402984,0.0,0.0,1.4093486,1.4176528,0.4280603,0.7427651,0.0,0.0,0.0,0.30195,0.1383698,0.5239401,0.0,1.4176528,0.0,1.4112486,1.4194887,1.4093486,-0.008240141,11.7,15.22345,19.101852,19.101852,2.0
resstock-amy2018-2021-release-1-508005,0.56108665,0.2098077,0.0,0.0,0.0,0.0,0.0,0.0,0.0,0.0,0.0,0.0,0.0,0.0,0.016521454,0.016521454,0.0,0.9998408,9.899124145507812,9.897548165286025,-0.0,0.016521454,0.0,-0.0,0.0,-0.0,0.0,0.0,0.20980783,0.96366715,10.402984,0.0,0.0,0.28050318,0.29120153,0.08784304,0.14892647,0.0,0.0,0.0,0.3016572,0.1383698,0.5114206,0.0,0.29120153,0.0,0.36247236,0.36829546,0.28050318,-0.005823119,11.7,15.5514345,17.777779,17.777779,2.0
resstock-amy2018-2021-release-1-508005,0.0,0.18489999,0.19064873,0.0,0.5659045,0.20815803,0.0,0.0,0.0,0.0,0.0,0.0,0.0,0.0,0.0165205,0.0165205,0.0,0.99984074,9.899123191833496,9.897546621729816,-0.0,0.0165205,0.0,-0.0,0.0,-0.0,0.45501187,0.45501187,-0.0,1.0,10.402984,0.18489999,0.0,0.45746845,1.2418547,0.38285634,0.6196062,0.0,0.0,0.0,0.308294,0.1383698,0.49893615,0.0,1.2418547,0.0,1.0369937,1.0431905,0.45746845,-0.0061966856,12.1,15.806412,17.777779,17.777779,2.0
resstock-amy2018-2021-release-1-508005,0.0,0.22156376,0.0,0.0,6.2352616e-09,0.0,0.0,0.0,0.0,0.0,0.0,0.0,0.0,0.0,0.016519547,0.016519547,0.0,0.9998406,9.89912223815918,9.897544488140056,-0.0,0.016519547,0.0,-0.0,0.0,-0.0,0.0,0.0,0.22156374,0.97153044,10.402984,1.4901161e-08,0.0,1.0599099,1.0707333,0.34290233,0.5211684,0.0,0.0,0.0,0.32025,0.1383698,0.4867397,0.0,1.0707333,0.0,1.1469252,1.1526214,1.0599099,-0.0056961994,11.7,15.787283,17.777779,17.777779,2.0
resstock-amy2018-2021-release-1-508005,0.0,0.17268059,0.0,0.0,0.0,0.0,0.0,0.0,0.0,0.0,0.0,0.0,0.0,0.0,0.0165205,0.0165205,0.0,0.99984056,9.899121284484863,9.897542944584131,-0.0,0.0165205,0.0,-0.0,0.0,-0.0,0.0,0.0,0.17268074,0.94805497,10.402984,0.0,0.0,0.44839418,0.4627434,0.15095985,0.22431836,0.0,0.0,0.0,0.326228,0.1383698,0.48475754,0.0,0.4627434,0.0,0.51963013,0.5218014,0.44839418,-0.0021712743,11.11,15.637979,19.25926,19.25926,2.0
resstock-amy2018-2021-release-1-508005,0.0,0.79551286,0.19065018,0.0,0.0,0.20815961,0.0,0.0,0.0,0.0,0.0,0.0,0.0,0.0,0.016519547,0.016519547,0.0,0.99984044,9.899120330810547,9.89754081099477,-0.0,0.016519547,0.0,-0.0,0.0,-0.0,0.0,0.0,0.79551303,0.8635352,10.402984,0.0,0.0,0.48809308,0.71277225,0.23729157,0.35455412,0.0,0.0,0.0,0.3329136,0.1383698,0.49742976,0.0,0.71277225,0.0,1.0345182,1.0345182,0.48809308,0.0,11.1,16.441051,21.01389,21.01389,2.0
resstock-amy2018-2021-release-1-508005,0.0,0.19854194,0.0,0.0,0.258519,0.0,0.0,0.0,0.0,0.0,0.0,0.0,0.0,0.0,0.016519547,0.016519547,0.0,0.9998404,9.89911937713623,9.897539267439129,-0.0,0.016519547,0.0,-0.0,0.0,-0.0,0.4094277,0.4094277,-0.0,0.8962522,10.402984,0.19854194,0.0,0.5518999,0.82693845,0.2749157,0.42952326,0.0,0.0,0.0,0.33245,0.1383698,0.5194138,0.0,0.82693845,0.0,0.63632333,0.63632333,0.5518999,-0.0,11.1,15.93293,21.666666,21.666666,2.0
resstock-amy2018-2021-release-1-508005,0.0,0.30496374,0.0,0.0,9.836416e-08,0.0,0.0,0.0,0.0,0.0,0.0,0.0,0.0,0.0,0.016519547,0.016519547,0.0,0.99984026,9.899118423461914,9.897537133850165,-0.0,0.016519547,0.0,-0.0,0.0,-0.0,0.0,0.0,0.3049635,0.8602824,10.402984,2.3841858e-07,0.0,0.58928746,0.6058071,0.20120841,0.31707793,0.0,0.0,0.0,0.3321328,0.1383698,0.5233975,0.0,0.6058071,0.0,0.7151061,0.7151061,0.58928746,-0.0,12.22,15.808434,21.666666,21.666666,2.0
resstock-amy2018-2021-release-1-508005,0.0,0.09455986,0.19065021,0.0,1.402934e-07,0.20815964,0.0,0.0,0.0,0.0,0.0,0.0,0.0,0.0,0.016519547,0.016519547,0.0,0.99984014,9.899117469787598,9.897535000261428,-0.0,0.016519547,0.0,-0.0,0.0,-0.0,0.0,0.0,0.09455953,0.8452285,10.402984,3.3527613e-07,0.0,0.35506824,0.57974756,0.18921477,0.30307177,0.0,0.0,0.0,0.3263744,0.1383698,0.52276504,0.0,0.57974756,0.0,0.6027956,0.6027956,0.35506824,-0.0,11.7,15.381189,21.666666,21.666666,2.0
resstock-amy2018-2021-release-1-508005,0.0,0.7787161,0.0,0.0,4.9747477e-08,0.0,0.0,0.0,0.0,0.0,0.0,0.0,0.0,0.0,0.016519547,0.016519547,0.0,0.9998401,9.899116516113281,9.897533456706242,-0.0,0.016519547,0.0,-0.0,0.0,-0.0,0.0,0.0,0.77871597,0.76304805,10.402984,1.1920929e-07,0.0,0.44322944,0.45974904,0.14717293,0.23928729,0.0,0.0,0.0,0.3201158,0.1383698,0.5204737,0.0,0.45974904,0.0,0.76819706,0.76819706,0.44322944,-0.0,11.8,16.040327,21.597221,21.597221,2.0
resstock-amy2018-2021-release-1-508005,0.0,0.120133206,0.0,0.0,2.4604502e-08,0.0,0.0,0.0,0.0,0.0,0.0,0.0,0.0,0.0,0.016519547,0.016519547,0.0,0.99983996,9.899115562438965,9.897531323117903,-0.0,0.016519547,0.0,-0.0,0.0,-0.0,0.0,0.0,0.12013315,0.7461325,10.402984,5.9604645e-08,0.0,0.2958324,0.31235197,0.09376975,0.15995531,0.0,0.0,0.0,0.3002054,0.1383698,0.51209956,0.0,0.31235197,0.0,0.3454228,0.3454228,0.2958324,-0.0,12.2,15.576124,21.11111,21.11111,2.0
resstock-amy2018-2021-release-1-508005,0.95910716,0.14210424,0.0,0.0,1.1656454,0.0,0.0,0.0,0.0,0.0,0.0,0.0,0.0,0.0,0.016519547,0.016519547,0.0,0.99983984,9.899114608764648,9.897529189529791,-0.0,0.016519547,0.0,-0.0,0.0,-0.0,2.6816833,2.6816833,-0.0,0.9933093,10.402984,0.14210424,0.0,0.23878051,1.4209454,0.3856983,0.7161089,0.0,0.0,0.0,0.2714378,0.1383698,0.5039665,0.0,1.4209454,0.0,0.2974403,0.2974403,0.23878051,-0.0,12.2,15.135458,18.88889,18.88889,2.0
resstock-amy2018-2021-release-1-508005,0.3383086,0.38971528,1.0109845,0.0,1.4594824,1.1038339,0.0,0.0,0.0,0.0,0.0,0.0,0.0,0.0,0.0165205,0.0165205,0.0,0.9998398,9.899113655090332,9.89752764597506,-0.0,0.0165205,0.0,-0.0,0.0,-0.0,0.14190173,0.14190173,-0.0,1.0,10.402984,0.38971528,0.0,0.21726434,2.797101,0.6620179,1.3463936,0.0,0.0,0.0,0.23668,0.1383698,0.48135322,0.0,2.797101,0.0,2.7223246,2.7223246,0.21726434,-0.0,12.4,15.086994,18.88889,18.88889,2.0
resstock-amy2018-2021-release-1-508005,0.0,0.2176191,0.0,0.0,0.9828722,0.0,0.0,0.0,0.0,0.0,0.0,0.0,0.0,0.0,0.016519547,0.016519547,0.0,0.9998185,9.899112701416016,9.89731605063821,-0.0,0.016519547,0.0,-0.0,0.0,-0.0,0.07122822,0.07122822,-0.0,1.0,10.402984,0.2176191,0.0,0.20555991,1.2049516,0.28183627,0.59155184,0.0,0.0,0.0,0.2338984,0.1383698,0.49093407,0.0,1.2049516,0.0,1.1590295,1.1590295,0.20555991,-0.0,12.2,14.896242,18.88889,18.88889,2.0
resstock-amy2018-2021-release-1-508005,0.0,0.07092318,0.0,0.0,0.7147715,0.0,0.0,0.0,0.0,0.0,0.0,0.0,0.0,0.0,0.016729355,0.016729355,0.0,0.9998387,9.8991117477417,9.89751511833731,-0.0,0.016729355,0.0,-0.0,0.0,-0.0,0.07122822,0.07122822,-0.0,1.0,10.402984,0.07092318,0.0,0.1873195,0.9188204,0.19336574,0.4465998,0.0,0.0,0.0,0.21045,0.1383698,0.4860578,0.0,0.9188204,0.0,0.87268835,0.87268835,0.1873195,-0.0,12.2,14.649688,18.88889,18.88889,2.0
resstock-amy2018-2021-release-1-508005,0.0,0.28438962,0.8548808,0.0,1.3558798,0.9333936,0.0,0.0,0.0,0.0,0.0,0.0,0.0,0.0,0.01652813,0.01652813,0.0,0.99983585,9.899110794067383,9.897485843233653,-0.0,0.01652813,0.0,-0.0,0.0,-0.0,0.07122822,0.07122822,-0.0,1.0,10.402984,0.28438962,0.0,0.18623988,2.4920413,0.5970219,1.2173967,0.0,0.0,0.0,0.2395714,0.1383698,0.48851386,0.0,2.4920413,0.0,2.4457083,2.4457083,0.18623988,-0.0,11.7,14.624439,18.88889,18.88889,2.0
resstock-amy2018-2021-release-1-508005,0.0,0.15243888,0.0,0.0,0.9245299,0.0,0.0,0.0,0.0,0.0,0.0,0.0,0.0,0.0,0.016555786,0.016555786,0.0,0.99983925,9.899109840393066,9.897518521592644,-0.0,0.016555786,0.0,-0.0,0.0,-0.0,0.07122822,0.07122822,-0.0,1.0,10.402984,0.15243888,0.0,0.18498929,1.126075,0.27544922,0.56028897,0.0,0.0,0.0,0.24461,0.1383698,0.4975592,0.0,1.126075,0.0,1.0797144,1.0797144,0.18498929,-0.0,11.7,14.544979,18.916666,18.916666,2.0
resstock-amy2018-2021-release-1-508005,0.0,0.1093439,0.131187,0.0,0.9286474,0.1432353,0.0,0.0,0.0,0.0,0.0,0.0,0.0,0.0,0.016521454,0.016521454,0.0,0.9998393,9.89910888671875,9.897518158104504,-0.0,0.016521454,0.0,-0.0,0.0,-0.0,0.07122822,0.07122822,-0.0,1.0,10.402984,0.1093439,0.0,0.21349585,1.3019,0.329576,0.6632076,0.0,0.0,0.0,0.25315,0.1383698,0.50941515,0.0,1.3019,0.0,1.2555737,1.2555737,0.21349585,-0.0,11.7,14.533697,20.0,20.0,2.0
resstock-amy2018-2021-release-1-508005,0.0,0.08137629,0.2480062,0.0,0.9119889,0.27078325,0.0,0.0,0.0,0.0,0.0,0.0,0.0,0.0,0.016519547,0.016519547,0.0,0.9998392,9.899107933044434,9.897516024517813,-0.0,0.016519547,0.0,-0.0,0.0,-0.0,0.07122822,0.07122822,-0.0,1.0,10.402984,0.08137629,0.0,0.57821625,1.777508,0.52930206,0.9189888,0.0,0.0,0.0,0.2977776,0.1383698,0.5170097,0.0,1.777508,0.0,1.7315859,1.7315859,0.57821625,-0.0,12.2,14.61307,20.0,20.0,2.0
resstock-amy2018-2021-release-1-508005,0.0,0.54862666,0.19082141,0.0,0.9821612,0.20834656,0.0,0.0,0.0,0.0,0.0,0.0,0.0,0.0,0.016519547,0.016519547,0.0,0.9998384,9.899106979370117,9.897507400571044,-0.0,0.016519547,0.0,-0.0,0.0,-0.0,0.07122822,0.07122822,-0.0,1.0,10.402984,0.54862666,0.0,0.2761897,1.4832171,0.4750003,0.7765958,0.0,0.0,0.0,0.32025,0.1383698,0.5235887,0.0,1.4832171,0.0,1.437295,1.437295,0.2761897,-0.0,12.2,15.221817,19.944445,19.944445,2.0
resstock-amy2018-2021-release-1-508005,1.1857497,0.14066797,0.0,0.0,0.58769023,0.0,0.0,0.0,0.0,0.0,0.0,0.0,0.0,0.0,0.016526222,0.016526222,0.0,0.9998095,9.8991060256958,9.897220281192176,-0.0,0.016526222,0.0,-0.0,0.0,-0.0,0.07122822,0.07122822,-0.0,1.0,10.402984,0.14066797,0.0,0.28178522,0.88254595,0.31248164,0.4651662,0.0,0.0,0.0,0.3540684,0.1383698,0.5270731,0.0,0.88254595,0.0,0.83798444,0.8414402,0.28178522,-0.0034557811,13.9,15.356564,17.777779,17.777779,2.0
resstock-amy2018-2021-release-1-508005,0.0,0.17188546,0.0,0.0,0.8139491,0.0,0.0,0.0,0.0,0.0,0.0,0.0,0.0,0.0,0.01681137,0.01681137,0.0,0.9998377,9.899105072021484,9.89749841313892,-0.0,0.01681137,0.0,-0.0,0.0,-0.0,0.07122822,0.07122822,-0.0,1.0,10.402984,0.17188546,0.0,0.282754,1.0808659,0.34775606,0.5845358,0.0,0.0,0.0,0.3217384,0.1383698,0.54080325,0.0,1.0808659,0.0,1.0355366,1.0681852,0.282754,-0.03264852,13.3,15.473453,17.777779,17.777779,2.0
resstock-amy2018-2021-release-1-508005,0.0,0.1000897,0.0,0.0,1.5982955,0.0,0.0,0.0,0.0,0.0,0.0,0.0,0.0,0.0,0.016531944,0.016531944,0.0,0.99983877,9.899104118347168,9.89750808020591,-0.0,0.016531944,0.0,-0.0,0.0,-0.0,0.07122822,0.07122822,-0.0,1.0,10.402984,0.1000897,0.0,0.27993497,1.8468769,0.5775601,1.0248606,0.0,0.0,0.0,0.3127226,0.1383698,0.5549155,0.0,1.8468769,0.0,1.8018271,1.8497126,0.27993497,-0.047885515,13.3,15.642649,17.777779,17.777779,2.0
resstock-amy2018-2021-release-1-508005,0.4790476,0.81207263,1.1576766,0.0,1.7246251,1.2639983,0.0,0.0,0.0,0.0,0.0,0.0,0.0,0.0,0.0165205,0.0165205,0.0,0.9998387,9.899103164672852,9.897506536652827,-0.0,0.0165205,0.0,-0.0,0.0,-0.0,0.07122822,0.07122822,-0.0,1.0,10.402984,0.81207263,0.0,0.27905232,3.24123,0.97275794,1.7973522,0.0,0.0,0.0,0.30012,0.1383698,0.5545278,0.0,3.24123,0.0,3.1966743,3.2396407,0.27905232,-0.04296627,13.9,16.89996,17.777779,17.777779,2.0
resstock-amy2018-2021-release-1-508005,0.862227,0.59289414,0.9781581,0.0,1.9785272,1.0679927,0.0,0.0,0.0,0.0,0.0,0.0,0.0,0.0,0.016519547,0.016519547,0.0,0.9998386,9.899102210998535,9.897504403067387,-0.0,0.016519547,0.0,-0.0,0.0,-0.0,0.07122822,0.07122822,-0.0,1.0,10.402984,0.59289414,0.0,0.37126195,3.4008574,1.0036957,1.8038741,0.0,0.0,0.0,0.2951302,0.1383698,0.53041744,0.0,3.4008574,0.0,3.35767,3.391114,0.37126195,-0.033443898,15.6,17.672817,17.777779,17.777779,2.0
resstock-amy2018-2021-release-1-508005,0.0,0.47306612,0.0,0.0,0.9003167,0.0,0.0,0.0,0.0,0.0,0.0,0.0,0.0,0.0,0.0165205,0.0165205,0.0,0.99983835,9.899101257324219,9.897501089417347,-0.0,0.0165205,0.0,-0.0,0.0,-0.0,0.07122822,0.07122822,-0.0,1.0,10.402984,0.47306612,0.0,0.28050318,1.1707475,0.3492223,0.59211016,0.0,0.0,0.0,0.29829,0.1383698,0.50575393,0.0,1.1707475,0.0,1.1275592,1.154152,0.28050318,-0.026592847,15.6,18.102339,17.777779,17.777779,2.0
resstock-amy2018-2021-release-1-508005,0.0,0.39703542,0.57246083,0.0,1.3047926,0.625036,0.0,0.0,0.0,0.0,0.0,0.0,0.0,0.0,0.016521454,0.016521454,0.0,0.9998384,9.899100303649902,9.897500725929547,-0.0,0.016521454,0.0,-0.0,0.0,-0.0,0.07122822,0.07122822,-0.0,1.0,10.402984,0.39703542,0.0,0.2796783,2.1787777,0.6806619,1.0580477,0.0,0.0,0.0,0.3124054,0.1383698,0.48561522,0.0,2.1787777,0.0,2.1368754,2.1841264,0.2796783,-0.047250886,17.2,18.674799,19.37037,19.37037,2.0
resstock-amy2018-2021-release-1-508005,0.0,0.6259822,0.0,0.0,0.8577705,0.0,0.0,0.0,0.0,0.0,0.0,0.0,0.0,0.0,0.016519547,0.016519547,0.0,0.99983835,9.899099349975586,9.897499182377032,-0.0,0.016519547,0.0,-0.0,0.0,-0.0,0.07122822,0.07122822,-0.0,1.0,10.402984,0.6259822,0.0,0.2863047,1.1095587,0.35731253,0.5624521,0.0,0.0,0.0,0.3220312,0.1383698,0.5069151,0.0,1.1095587,0.0,1.0650039,1.1160399,0.2863047,-0.051036,13.9,19.222033,20.0,20.0,2.0
resstock-amy2018-2021-release-1-508005,1.2577088,0.953882,0.0,0.0,1.8390137,0.0,0.0,0.0,0.0,0.0,0.0,0.0,0.0,0.0,0.016519547,0.016519547,0.0,0.99983823,9.89909839630127,9.897497048792388,-0.0,0.016519547,0.0,-0.0,0.0,-0.0,0.07122822,0.07122822,-0.0,1.0,10.402984,0.953882,0.0,1.4645516,3.305279,1.1006546,1.654902,0.0,0.0,0.0,0.332999,0.1383698,0.5006845,0.0,3.305279,0.0,3.2611263,3.275932,1.4645516,-0.0148056755,14.4,19.814678,18.462963,18.462963,2.0
resstock-amy2018-2021-release-1-508005,0.0,0.5945443,0.0,0.0,1.849897e-07,0.0,0.0,0.0,0.0,0.0,0.0,0.0,0.0,0.0,0.016519547,0.016519547,0.0,0.9998381,9.899097442626953,9.897494915207972,-0.0,0.016519547,0.0,-0.0,0.0,-0.0,0.0,0.0,0.5945438,0.93488026,10.402984,4.7683716e-07,0.0,1.471986,1.4884918,0.5162229,0.806348,0.0,0.0,0.0,0.3468094,0.1383698,0.5417215,0.0,1.4884918,0.0,1.7026263,1.7026404,1.471986,-1.4121543e-05,14.4,19.504963,20.86111,20.86111,2.0
resstock-amy2018-2021-release-1-508005,0.0,0.23095411,0.19082123,0.0,1.4199912e-07,0.20834637,0.0,0.0,0.0,0.0,0.0,0.0,0.0,0.0,0.0165205,0.0165205,0.0,0.99983805,9.899096488952637,9.897493371655912,-0.0,0.0165205,0.0,-0.0,0.0,-0.0,0.0,0.0,0.23095374,0.9059242,10.402984,3.7252903e-07,0.0,0.5518999,0.7767669,0.27245098,0.44915605,0.0,0.0,0.0,0.35075,0.1383698,0.5782379,0.0,0.7767669,0.0,0.84828043,0.84828043,0.5518999,-0.0,15.0,18.99126,21.11111,21.11111,2.0
resstock-amy2018-2021-release-1-508005,0.0,0.26085973,0.0,0.0,0.0,0.0,0.0,0.0,0.0,0.0,0.0,0.0,0.0,0.0,0.016519547,0.016519547,0.0,0.99983793,9.89909553527832,9.897491238071893,-0.0,0.016519547,0.0,-0.0,0.0,-0.0,0.0,0.0,0.2608599,0.8742234,10.402984,0.0,0.0,0.58928746,0.605807,0.20997392,0.35206553,0.0,0.0,0.0,0.346602,0.1383698,0.5811513,0.0,0.605807,0.0,0.68695354,0.68695354,0.58928746,-0.0,15.6,18.810778,21.11111,21.11111,2.0
resstock-amy2018-2021-release-1-508005,0.0,0.39365035,0.3816423,0.0,0.16286448,0.41669255,0.0,0.0,0.0,0.0,0.0,0.0,0.0,0.0,0.016519547,0.016519547,0.0,0.9998379,9.899094581604004,9.897489694520118,-0.0,0.016519547,0.0,-0.0,0.0,-0.0,0.03361854,0.03361854,-0.0,0.8715292,10.402984,0.39365035,0.0,0.51096326,1.1070399,0.36803544,0.61347175,0.0,0.0,0.0,0.33245,0.1383698,0.55415505,0.0,1.1070399,0.0,1.0777059,1.0777059,0.51096326,-0.0,15.0,18.734919,21.11111,21.11111,2.0
resstock-amy2018-2021-release-1-508005,0.0,0.23283382,0.26810187,0.0,8.211089e-08,0.29272452,0.0,0.0,0.0,0.0,0.0,0.0,0.0,0.0,0.016519547,0.016519547,0.0,0.99983776,9.899093627929688,9.897487560936497,-0.0,0.016519547,0.0,-0.0,0.0,-0.0,0.0,0.0,0.23283361,0.84281284,10.402984,2.0861626e-07,0.0,0.44322944,0.7524736,0.24103475,0.3970602,0.0,0.0,0.0,0.3203232,0.1383698,0.52767324,0.0,0.7524736,0.0,0.82759684,0.82759684,0.44322944,-0.0,13.9,18.289984,22.027779,22.027779,2.0
resstock-amy2018-2021-release-1-508005,0.0,0.2735545,0.0,0.0,5.679965e-08,0.0,0.0,0.0,0.0,0.0,0.0,0.0,0.0,0.0,0.016519547,0.016519547,0.0,0.99983764,9.899092674255371,9.897485427353104,-0.0,0.016519547,0.0,-0.0,0.0,-0.0,0.0,0.0,0.27355435,0.81028736,10.402984,1.4901161e-07,0.0,0.6220751,0.6385947,0.1967113,0.31991708,0.0,0.0,0.0,0.3080378,0.1383698,0.5009705,0.0,0.6385947,0.0,0.7263475,0.7263475,0.6220751,-0.0,15.0,18.028652,21.11111,21.11111,2.0
resstock-amy2018-2021-release-1-508005,1.3184136,0.86973035,0.0,0.0,0.1797129,0.0,0.0,0.0,0.0,0.0,0.0,0.0,0.0,0.0,0.016519547,0.016519547,0.0,0.9998376,9.899091720581055,9.897483883801783,-0.0,0.016519547,0.0,-0.0,0.0,-0.0,0.0,0.0,0.40649486,0.7649166,10.402984,0.4632355,0.0,0.23878051,0.43501297,0.11166146,0.1993502,0.0,0.0,0.0,0.25668535,0.1383698,0.45826265,0.0,0.43501297,0.0,0.5761937,0.5761937,0.23878051,-0.0,14.4,18.320396,18.88889,18.88889,2.0
resstock-amy2018-2021-release-1-508005,0.0,0.08725387,0.0,0.0,0.7457038,0.0,0.0,0.0,0.0,0.0,0.0,0.0,0.0,0.0,0.016519547,0.016519547,0.0,0.99983746,9.899090766906738,9.897481750218788,-0.0,0.016519547,0.0,-0.0,0.0,-0.0,1.8690705,1.8690705,-0.0,0.93555284,10.402984,0.08725387,0.0,0.21726434,0.9794877,0.267053,0.44352105,0.0,0.0,0.0,0.2726456,0.1383698,0.4528092,0.0,0.9794877,0.0,0.25052333,0.25052333,0.21726434,-0.0,15.0,17.66621,18.88889,18.88889,2.0
resstock-amy2018-2021-release-1-508005,0.0,0.6395397,0.0,0.0,1.133327,0.0,0.0,0.0,0.0,0.0,0.0,0.0,0.0,0.0,0.016519547,0.016519547,0.0,0.99983734,9.899089813232422,9.89747961663602,-0.0,0.016519547,0.0,-0.0,0.0,-0.0,0.75198394,0.75198394,-0.0,1.0,10.402984,0.6395397,0.0,0.20555991,1.3554065,0.323278,0.5397547,0.0,0.0,0.0,0.23851,0.1383698,0.39822346,0.0,1.3554065,0.0,1.0471537,1.0471537,0.20555991,-0.0,14.4,17.666252,18.88889,18.88889,2.0
resstock-amy2018-2021-release-1-508005,0.0,0.15395741,0.0,0.0,0.7354955,0.0,0.0,0.0,0.0,0.0,0.0,0.0,0.0,0.0,0.0165205,0.0165205,0.0,0.9998373,9.899088859558105,9.897478073085153,-0.0,0.0165205,0.0,-0.0,0.0,-0.0,0.07122822,0.07122822,-0.0,1.0,10.402984,0.15395741,0.0,0.1873195,0.9393355,0.20570509,0.37491912,0.0,0.0,0.0,0.21899,0.1383698,0.39913228,0.0,0.9393355,0.0,0.89507467,0.89507467,0.1873195,-0.0,14.266666,17.186773,18.88889,18.88889,2.0
resstock-amy2018-2021-release-1-508005,0.0,0.077579126,0.0,0.0,0.91055495,0.0,0.0,0.0,0.0,0.0,0.0,0.0,0.0,0.0,0.016519547,0.016519547,0.0,0.99983716,9.899087905883789,9.897475939502783,-0.0,0.016519547,0.0,-0.0,0.0,-0.0,0.07122822,0.07122822,-0.0,1.0,10.402984,0.077579126,0.0,0.18623988,1.1133144,0.234297,0.44117233,0.0,0.0,0.0,0.21045,0.1383698,0.39626932,0.0,1.1133144,0.0,1.0691618,1.0691618,0.18623988,-0.0,14.4,16.726017,18.88889,18.88889,2.0
resstock-amy2018-2021-release-1-508005,0.0,0.15277933,0.0,0.0,0.7936156,0.0,0.0,0.0,0.0,0.0,0.0,0.0,0.0,0.0,0.016519547,0.016519547,0.0,0.9998371,9.899086952209473,9.897474395952202,-0.0,0.016519547,0.0,-0.0,0.0,-0.0,0.07122822,0.07122822,-0.0,1.0,10.402984,0.15277933,0.0,0.18498929,0.9951244,0.21840791,0.41391307,0.0,0.0,0.0,0.219478,0.1383698,0.41594103,0.0,0.9951244,0.0,0.9509718,0.9509718,0.18498929,-0.0,14.4,16.537851,18.88889,18.88889,2.0
resstock-amy2018-2021-release-1-508005,0.0,0.23619449,0.0,0.0,0.37042296,0.0,0.0,0.0,0.0,0.0,0.0,0.0,0.0,0.0,0.016519547,0.016519547,0.0,0.999837,9.899085998535156,9.89747226237023,-0.0,0.016519547,0.0,-0.0,0.0,-0.0,0.07122822,0.07122822,-0.0,1.0,10.402984,0.23619449,0.0,0.21349585,0.60043836,0.15375906,0.262646,0.0,0.0,0.0,0.256078,0.1383698,0.43742374,0.0,0.60043836,0.0,0.55628574,0.55628574,0.21349585,-0.0,14.4,16.60083,18.912037,18.912037,2.0
resstock-amy2018-2021-release-1-508005,0.0,0.069381446,1.211634,0.0,0.078215666,1.3229113,0.0,0.0,0.0,0.0,0.0,0.0,0.0,0.0,0.016519547,0.016519547,0.0,0.99983686,9.89908504486084,9.897470128788484,-0.0,0.016519547,0.0,-0.0,0.0,-0.0,0.07122822,0.07122822,-0.0,1.0,10.402984,0.069381446,0.0,0.31611475,1.7337612,0.5513451,0.81077045,0.0,0.0,0.0,0.3180052,0.1383698,0.46763676,0.0,1.7337612,0.0,1.6892064,1.6892064,0.31611475,-0.0,13.9,16.571333,20.0,20.0,2.0
resstock-amy2018-2021-release-1-508005,0.0,0.32167318,0.5926693,0.0,0.47709495,0.6471004,0.0,0.0,0.0,0.0,0.0,0.0,0.0,0.0,0.0165205,0.0165205,0.0,0.9998368,9.899084091186523,9.897468585238357,-0.0,0.0165205,0.0,-0.0,0.0,-0.0,0.07122822,0.07122822,-0.0,1.0,10.402984,0.32167318,0.0,0.19016261,1.3308785,0.44301885,0.67203265,0.0,0.0,0.0,0.332877,0.1383698,0.50495416,0.0,1.3308785,0.0,1.2867249,1.2867249,0.19016261,-0.0,14.4,16.717815,19.953703,19.953703,2.0
resstock-amy2018-2021-release-1-508005,1.6658814,0.45675623,0.5952668,0.0,0.7990849,0.6499365,0.0,0.0,0.0,0.0,0.0,0.0,0.0,0.0,0.016519547,0.016519547,0.0,0.9998367,9.899083137512207,9.89746645165701,-0.0,0.016519547,0.0,-0.0,0.0,-0.0,0.07122822,0.07122822,-0.0,1.0,10.402984,0.45675623,0.0,0.28178522,1.7320104,0.6328593,0.9519255,0.0,0.0,0.0,0.36539,0.1383698,0.5496073,0.0,1.7320104,0.0,1.6883403,1.7036561,0.28178522,-0.015315828,15.0,17.084755,17.902779,17.902779,2.0
resstock-amy2018-2021-release-1-508005,0.0,0.19203544,0.38197532,0.0,0.67581487,0.41705617,0.0,0.0,0.0,0.0,0.0,0.0,0.0,0.0,0.016519547,0.016519547,0.0,0.99983585,9.89908218383789,9.897457237700564,-0.0,0.016519547,0.0,-0.0,0.0,-0.0,0.07122822,0.07122822,-0.0,1.0,10.402984,0.19203544,0.0,0.282754,1.3817987,0.53127813,0.7557668,0.0,0.0,0.0,0.384483,0.1383698,0.5469442,0.0,1.3817987,0.0,1.3376461,1.347992,0.282754,-0.010345844,14.4,16.933435,21.11111,21.11111,2.0
resstock-amy2018-2021-release-1-508005,0.0,0.2995807,0.0,0.0,0.1234112,0.0,0.0,0.0,0.0,0.0,0.0,0.0,0.0,0.0,0.016527176,0.016527176,0.0,0.99983644,9.899081230163574,9.897462184494998,-0.0,0.016527176,0.0,-0.0,0.0,-0.0,0.021331225,0.021331225,-0.0,0.9953079,10.402984,0.2995807,0.0,0.18819655,0.32148805,0.10410966,0.17506675,0.0,0.0,0.0,0.3238368,0.1383698,0.5445514,0.0,0.32148805,0.0,0.29675767,0.30340454,0.18819655,-0.006646875,14.7,17.02441,21.11111,21.11111,2.0
resstock-amy2018-2021-release-1-508005,0.0,1.1776148,0.19098778,0.0,0.26077583,0.2085282,0.0,0.0,0.0,0.0,0.0,0.0,0.0,0.0,0.0165205,0.0165205,0.0,0.9998364,9.899080276489258,9.897460640945496,-0.0,0.0165205,0.0,-0.0,0.0,-0.0,0.0,0.0,0.48940203,0.94055116,10.402984,0.68821275,0.0,1.3169072,1.7917254,0.5615153,0.9863984,0.0,0.0,0.0,0.3133936,0.1383698,0.5505299,0.0,1.7917254,0.0,1.9606478,1.971654,1.3169072,-0.011006207,15.2,18.403032,21.11111,21.11111,2.0
resstock-amy2018-2021-release-1-508005,0.0,0.53293294,0.9830624,0.0,6.67461e-08,1.0733474,0.0,0.0,0.0,0.0,0.0,0.0,0.0,0.0,0.016519547,0.016519547,0.0,0.9998363,9.899079322814941,9.897459097396109,-0.0,0.016519547,0.0,-0.0,0.0,-0.0,0.0,0.0,0.53293276,0.88188374,10.402984,1.7881393e-07,0.0,0.37126195,1.4507061,0.42034212,0.8152214,0.0,0.0,0.0,0.28975,0.1383698,0.561948,0.0,1.4507061,0.0,1.633115,1.6435379,0.37126195,-0.0104228575,15.7,18.638641,21.11111,21.11111,2.0
resstock-amy2018-2021-release-1-508005,0.0,0.49369234,0.2331693,0.0,0.32532987,0.25458372,0.0,0.0,0.0,0.0,0.0,0.0,0.0,0.0,0.016519547,0.016519547,0.0,0.9998362,9.899078369140625,9.897456963815785,-0.0,0.016519547,0.0,-0.0,0.0,-0.0,0.36488473,0.36488473,-0.0,0.9102891,10.402984,0.49369234,0.0,0.28050318,0.8665091,0.2511767,0.48683575,0.0,0.0,0.0,0.289872,0.1383698,0.5618357,0.0,0.8665091,0.0,0.71172833,0.7221556,0.28050318,-0.010427225,15.2,18.806784,21.11111,21.11111,2.0
resstock-amy2018-2021-release-1-508005,0.0,0.15478137,0.0,0.0,0.61142844,0.0,0.0,0.0,0.0,0.0,0.0,0.0,0.0,0.0,0.016519547,0.016519547,0.0,0.9998361,9.899077415466309,9.897454830235688,-0.0,0.016519547,0.0,-0.0,0.0,-0.0,1.0188451,1.0188451,-0.0,1.0,10.402984,0.15478137,0.0,0.36857337,0.9664054,0.3030303,0.5417855,0.0,0.0,0.0,0.3135644,0.1383698,0.56061924,0.0,0.9664054,0.0,0.54110456,0.5712205,0.36857337,-0.030115975,13.225,18.56009,21.11111,21.11111,2.0
resstock-amy2018-2021-release-1-508005,0.0,0.34242398,0.0,0.0,0.9945223,0.0,0.0,0.0,0.0,0.0,0.0,0.0,0.0,0.0,0.0165205,0.0165205,0.0,0.999836,9.899076461791992,9.897453286686755,-0.0,0.0165205,0.0,-0.0,0.0,-0.0,0.07122822,0.07122822,-0.0,1.0,10.402984,0.34242398,0.0,0.38273486,1.3827552,0.45860043,0.768305,0.0,0.0,0.0,0.331657,0.1383698,0.5556334,0.0,1.3827552,0.0,1.3377168,1.3487393,0.38273486,-0.011022465,13.3,18.586548,21.11111,21.11111,2.0
resstock-amy2018-2021-release-1-508005,0.0,0.09598254,0.0,0.0,0.08837069,0.0,0.0,0.0,0.0,0.0,0.0,0.0,0.0,0.0,0.016519547,0.016519547,0.0,0.9998134,9.899075508117676,9.897228121434694,-0.0,0.016519547,0.0,-0.0,0.0,-0.0,0.07122822,0.07122822,-0.0,1.0,10.402984,0.09598254,0.0,0.44839418,0.5504416,0.20600796,0.3048012,0.0,0.0,0.0,0.3742594,0.1383698,0.55373937,0.0,0.5504416,0.0,0.5050825,0.5079253,0.44839418,-0.0028427807,12.9,18.1764,21.087963,21.087963,2.0
resstock-amy2018-2021-release-1-508005,0.0,0.96655446,0.0,0.0,0.26655692,0.0,0.0,0.0,0.0,0.0,0.0,0.0,0.0,0.0,0.016741753,0.016741753,0.0,0.999834,9.89907455444336,9.897431318602912,-0.0,0.016741753,0.0,-0.0,0.0,-0.0,0.0,0.0,0.3208178,0.96177745,10.402984,0.6457367,0.0,0.48809308,0.77139175,0.30349466,0.4326926,0.0,0.0,0.0,0.3934378,0.1383698,0.5609246,0.0,0.77139175,0.0,0.887082,0.887082,0.48809308,0.0,12.2,18.933895,20.0,20.0,2.0
resstock-amy2018-2021-release-1-508005,0.0,0.2728829,0.0,0.0,1.1223471e-07,0.0,0.0,0.0,0.0,0.0,0.0,0.0,0.0,0.0,0.016537666,0.016537666,0.0,0.99983567,9.899073600769043,9.89744688594834,-0.0,0.016537666,0.0,-0.0,0.0,-0.0,0.0,0.0,0.27288264,0.92852116,10.402984,2.682209e-07,0.0,0.5518999,0.5684377,0.21670994,0.3207999,0.0,0.0,0.0,0.3812378,0.1383698,0.56435364,0.0,0.5684377,0.0,0.6660854,0.6660854,0.5518999,-0.0,11.7,18.275566,20.0,20.0,2.0
resstock-amy2018-2021-release-1-508005,0.0,0.112353116,0.19098775,0.0,0.0,0.20852818,0.0,0.0,0.0,0.0,0.0,0.0,0.0,0.0,0.0165205,0.0165205,0.0,0.9998356,9.899072647094727,9.897445342400033,-0.0,0.0165205,0.0,-0.0,0.0,-0.0,0.0,0.0,0.1123534,0.9112617,10.402984,0.0,0.0,0.58928746,0.8143361,0.31920838,0.4547979,0.0,0.0,0.0,0.391986,0.1383698,0.55848914,0.0,0.8143361,0.0,0.8448289,0.8448289,0.58928746,-0.0,11.7,17.709576,21.981482,21.981482,2.0
resstock-amy2018-2021-release-1-508005,0.0,0.20978501,0.19097945,0.0,0.0,0.20851912,0.0,0.0,0.0,0.0,0.0,0.0,0.0,0.0,0.0165205,0.0165205,0.0,0.99983555,9.89907169342041,9.897443798851839,-0.0,0.0165205,0.0,-0.0,0.0,-0.0,0.0,0.0,0.20978543,0.8845439,10.402984,0.0,0.0,0.6668583,0.8918979,0.29652235,0.49328896,0.0,0.0,0.0,0.3324622,0.1383698,0.5530778,0.0,0.8918979,0.0,0.963871,0.963871,0.6668583,-0.0,11.4,17.550098,22.222221,22.222221,2.0
resstock-amy2018-2021-release-1-508005,0.0,0.568693,0.16114682,0.0,0.0,0.17594664,0.0,0.0,0.0,0.0,0.0,0.0,0.0,0.0,0.016519547,0.016519547,0.0,0.99983543,9.899070739746094,9.897441665273163,-0.0,0.016519547,0.0,-0.0,0.0,-0.0,0.0,0.0,0.5686931,0.8227377,10.402984,0.0,0.0,0.7224223,0.9148885,0.29627457,0.4979867,0.0,0.0,0.0,0.3238368,0.1383698,0.5443141,0.0,0.9148885,0.0,1.1401869,1.1401869,0.7224223,-0.0,11.1,17.62231,22.152779,22.152779,2.0
resstock-amy2018-2021-release-1-508005,0.0,0.08623186,0.0,0.0,0.0,0.0,0.0,0.0,0.0,0.0,0.0,0.0,0.0,0.0,0.016519547,0.016519547,0.0,0.9998178,9.899069786071777,9.897266062716483,-0.0,0.016519547,0.0,-0.0,0.0,-0.0,0.0,0.0,0.08623215,0.8087535,10.402984,0.0,0.0,0.6946869,0.71120644,0.22341682,0.38294598,0.0,0.0,0.0,0.3141378,0.1383698,0.5384456,0.0,0.71120644,0.0,0.7329707,0.7329707,0.6946869,-0.0,9.44,16.885601,21.666666,21.666666,2.0
resstock-amy2018-2021-release-1-508005,0.0,0.14924747,0.0,0.0,9.066246e-08,0.0,0.0,0.0,0.0,0.0,0.0,0.0,0.0,0.0,-0.48464546,0.0,-0.48464546,0.9470971,9.899046897888184,9.375358834157566,0.48464546,0.0,0.0,-0.0,0.0,-0.0,0.0,0.0,0.14924726,0.7886709,10.402984,2.0861626e-07,0.0,0.5369676,0.05232224,0.014896099,0.027949942,0.0,0.0,0.0,0.2846992,0.1383698,0.53418857,0.0,0.05232224,0.0,0.60182905,0.60182905,0.5369676,-0.0,10.27,16.405537,20.555555,20.555555,2.0
resstock-amy2018-2021-release-1-508005,0.595544,0.68491095,0.0,0.0,7.60347e-08,0.0,0.0,0.0,0.0,0.0,0.0,0.0,0.0,0.0,-0.5136405,0.0,-0.5136405,0.8914776,9.899023056030273,8.82475716625413,0.5136405,0.0,0.0,-0.0,0.0,-0.0,0.0,0.0,0.6849108,0.716087,10.402984,1.7881393e-07,0.0,0.18956426,-0.32407618,-0.09711546,0.0,0.0,0.0,0.0,0.2996686,0.1383698,0.5226855,0.0,0.0,-0.32407618,0.48079997,0.48079997,0.18956426,-0.0,11.1,16.521828,18.88889,18.88889,2.0
resstock-amy2018-2021-release-1-508005,0.0,1.1242089,0.0,0.0,0.9797467,0.0,0.0,0.0,0.0,0.0,0.0,0.0,0.0,0.0,-0.46921983,0.0,-0.46921983,0.84052056,9.899001121520996,8.320313973440818,0.46921983,0.0,0.0,-0.0,0.0,-0.0,1.1799011,1.1799011,-0.0,0.82224363,10.402984,1.1242089,0.0,0.18831366,0.6988405,0.20740846,0.3596696,0.0,0.0,0.0,0.2967894,0.1383698,0.5146662,0.0,0.6988405,0.0,0.66634643,0.66634643,0.18831366,-0.0,11.1,16.965889,18.88889,18.88889,2.0
resstock-amy2018-2021-release-1-508005,0.0,0.33965918,0.0,0.0,1.1600422,0.0,0.0,0.0,0.0,0.0,0.0,0.0,0.0,0.0,-0.88508606,0.0,-0.88508606,0.7474081,9.898959159851074,7.398562178667419,0.88508606,0.0,0.0,-0.0,0.0,-0.0,1.9488703,1.9488703,-0.0,1.0,10.402984,0.33965918,0.0,0.1873195,0.46227562,0.13112448,0.2433816,0.0,0.0,0.0,0.28365,0.1383698,0.5264859,0.0,0.46227562,0.0,0.5142677,0.5142677,0.1873195,-0.0,10.9,16.462906,18.88889,18.88889,2.0
resstock-amy2018-2021-release-1-508005,0.0,0.97201675,0.0,0.0,1.3600403,0.0,0.0,0.0,0.0,0.0,0.0,0.0,0.0,0.0,-0.9405707,0.0,-0.9405707,0.6489148,9.89891529083252,6.4235527747064225,0.9405707,0.0,0.0,-0.0,0.0,-0.0,0.07122822,0.07122822,-0.0,1.0,10.402984,0.97201675,0.0,0.18623988,0.60570943,0.16441983,0.32696944,0.0,0.0,0.0,0.27145,0.1383698,0.5398124,0.0,0.60570943,0.0,1.5142151,1.5142151,0.18623988,-0.0,8.89,16.706558,18.88889,18.88889,2.0
resstock-amy2018-2021-release-1-508005,0.0,0.43639863,0.0,0.0,1.6583562e-07,0.0,0.0,0.0,0.0,0.0,0.0,0.0,0.0,0.0,0.2174924,0.2174924,0.0,0.66864294,9.898904800415039,6.618832790088504,-0.0,0.2174924,0.0,-0.0,0.0,-0.0,0.0,0.0,0.43639824,0.95042014,10.402984,3.874302e-07,0.0,0.18498929,0.40248185,0.11028486,0.22122817,0.0,0.0,0.0,0.274012,0.1383698,0.54965997,0.0,0.40248185,0.0,0.37178534,0.37178534,0.18498929,-0.0,10.85,16.517082,18.88889,18.88889,2.0
resstock-amy2018-2021-release-1-508005,0.0,0.22745463,1.0932145,0.0,0.43236607,1.193616,0.0,0.0,0.0,0.0,0.0,0.0,0.0,0.0,-0.3297722,0.0,-0.3297722,0.63252664,9.898889541625977,6.26131130312433,0.3297722,0.0,0.0,-0.0,0.0,-0.0,0.59494144,0.59494144,-0.0,1.0,10.402984,0.22745463,0.0,0.18524572,1.4814556,0.41117802,0.82255787,0.0,0.0,0.0,0.27755,0.1383698,0.5552363,0.0,1.4814556,0.0,1.543401,1.543401,0.18524572,-0.0,8.89,16.115381,18.88889,18.88889,2.0
resstock-amy2018-2021-release-1-508005,0.0,0.037023406,0.35428238,0.0,0.1909019,0.38681987,0.0,0.0,0.0,0.0,0.0,0.0,0.0,0.0,-0.4474616,0.0,-0.4474616,0.58423084,9.898868560791016,5.783224296361141,0.4474616,0.0,0.0,-0.0,0.0,-0.0,0.07122822,0.07122822,-0.0,1.0,10.402984,0.037023406,0.0,0.25197357,0.38223374,0.11438957,0.21247259,0.0,0.0,0.0,0.299266,0.1383698,0.55587083,0.0,0.38223374,0.0,0.7971799,0.7971799,0.25197357,-0.0,8.33,15.744144,18.88889,18.88889,2.0
resstock-amy2018-2021-release-1-508005,0.0,2.3106375,0.56460273,0.0,1.5387654,0.6164562,0.0,0.0,0.0,0.0,0.0,0.0,0.0,0.0,-0.31647682,0.0,-0.31647682,0.54964066,9.898853302001953,5.440812217784696,0.31647682,0.0,0.0,-0.0,0.0,-0.0,0.07122822,0.07122822,-0.0,1.0,10.402984,2.3106375,0.0,0.3622168,2.2009616,0.66350627,1.2226037,0.0,0.0,0.0,0.301462,0.1383698,0.55548614,0.0,2.2009616,0.0,2.48512,2.48512,0.3622168,-0.0,8.575,18.23877,19.467592,19.467592,2.0
resstock-amy2018-2021-release-1-508005,0.0,0.6002643,0.0,0.0,0.68033457,0.0,0.0,0.0,0.0,0.0,0.0,0.0,0.0,0.0,-0.42794126,0.0,-0.42794126,0.5034975,9.898833274841309,4.984037622147866,0.42794126,0.0,0.0,-0.0,0.0,-0.0,0.07122822,0.07122822,-0.0,1.0,10.402984,0.6002643,0.0,0.3735249,0.590445,0.17780945,0.3278887,0.0,0.0,0.0,0.3011448,0.1383698,0.55532473,0.0,0.590445,0.0,0.98805857,1.0235318,0.3735249,-0.035473216,11.05,17.695065,20.0,20.0,2.0
resstock-amy2018-2021-release-1-508005,0.0,0.083014086,0.19114922,0.0,0.48674196,0.20870447,0.0,0.0,0.0,0.0,0.0,0.0,0.0,0.0,-0.62523055,0.0,-0.62523055,0.43715742,9.8988037109375,4.327335514168226,0.62523055,0.0,0.0,-0.0,0.0,-0.0,0.07122822,0.07122822,-0.0,1.0,10.402984,0.083014086,0.0,0.47005156,0.4487955,0.13504292,0.24825586,0.0,0.0,0.0,0.3009008,0.1383698,0.5531603,0.0,0.4487955,0.0,1.0442212,1.1356931,0.47005156,-0.091471955,11.7,17.260622,20.0,20.0,2.0
resstock-amy2018-2021-release-1-508005,0.0,0.11712437,3.336063,0.0,0.4471861,3.642449,0.0,0.0,0.0,0.0,0.0,0.0,0.0,0.0,0.2494053,0.2494053,0.0,0.46030837,9.898792266845703,4.556496962763276,-0.0,0.2494053,0.0,-0.0,0.0,-0.0,0.07122822,0.07122822,-0.0,1.0,10.402984,0.11712437,0.0,0.4634118,4.65833,1.3024672,2.574205,0.0,0.0,0.0,0.2795996,0.1383698,0.5526025,0.0,4.65833,0.0,4.379522,4.523644,0.4634118,-0.14412202,12.2,17.423138,20.0,20.0,2.0
resstock-amy2018-2021-release-1-508005,0.0,1.0999078,0.24293664,0.0,2.0075045,0.2652481,0.0,0.0,0.0,0.0,0.0,0.0,0.0,0.0,0.91519916,0.91519916,0.0,0.5497453,9.898749351501465,5.441791142450029,-0.0,0.91519916,0.0,-0.0,0.0,-0.0,0.07122822,0.07122822,-0.0,1.0,10.402984,1.0999078,0.0,1.589218,4.6148295,1.2391832,2.5395644,0.0,0.0,0.0,0.268522,0.1383698,0.5503051,0.0,4.6148295,0.0,3.6707103,3.8330507,1.589218,-0.16234052,12.8,19.302132,20.0,20.0,2.0
resstock-amy2018-2021-release-1-508005,0.96572024,1.521813,0.0,0.0,2.1587074,0.0,0.0,0.0,0.0,0.0,0.0,0.0,0.0,0.0,1.1304253,1.1304253,0.0,0.661231,9.898695945739746,6.545324434286215,-0.0,1.1304253,0.0,-0.0,0.0,-0.0,0.07122822,0.07122822,-0.0,1.0,10.402984,1.521813,0.0,0.37126195,3.4942715,0.9293365,1.9557126,0.0,0.0,0.0,0.26596,0.1383698,0.5596911,0.0,3.4942715,0.0,2.3349261,2.5010493,0.37126195,-0.16612323,12.8,21.04551,19.532408,19.532408,2.0
resstock-amy2018-2021-release-1-508005,0.0,0.45555013,0.0,0.0,0.8818052,0.0,0.0,0.0,0.0,0.0,0.0,0.0,0.0,0.0,0.15740839,0.15740839,0.0,0.6751583,9.898688316345215,6.683181792253606,-0.0,0.15740839,0.0,-0.0,0.0,-0.0,0.07122822,0.07122822,-0.0,1.0,10.402984,0.45555013,0.0,0.28050318,1.1616255,0.29470325,0.6586216,0.0,0.0,0.0,0.253699,0.1383698,0.56698275,0.0,1.1616255,0.0,0.97569925,1.1337905,0.28050318,-0.15809123,13.3,21.33165,21.222221,21.222221,2.0
resstock-amy2018-2021-release-1-508005,0.0,0.19950539,0.0,0.0,0.7410708,0.0,0.0,0.0,0.0,0.0,0.0,0.0,0.0,0.0,0.5193643,0.5193643,0.0,0.72439873,9.898663520812988,7.170579304806438,-0.0,0.5193643,0.0,-0.0,0.0,-0.0,0.07122822,0.07122822,-0.0,1.0,10.402984,0.19950539,0.0,0.2796783,1.4082282,0.38224635,0.80704165,0.0,0.0,0.0,0.2714378,0.1383698,0.57309014,0.0,1.4082282,0.0,0.8599438,0.99182916,0.2796783,-0.13188532,12.8,21.610924,21.666666,21.666666,2.0
resstock-amy2018-2021-release-1-508005,0.0,0.19814561,0.0,0.0,1.2740691,0.0,0.0,0.0,0.0,0.0,0.0,0.0,0.0,0.0,0.71682197,0.71682197,0.0,0.7932868,9.898630142211914,7.85245263370507,-0.0,0.71682197,0.0,-0.0,0.0,-0.0,0.07122822,0.07122822,-0.0,1.0,10.402984,0.19814561,0.0,0.38273486,2.281596,0.68606085,1.3160521,0.0,0.0,0.0,0.3006934,0.1383698,0.5768121,0.0,2.281596,0.0,1.5362561,1.6282862,0.38273486,-0.092030145,13.3,22.03154,21.666666,21.666666,2.0
resstock-amy2018-2021-release-1-508005,0.57980764,1.0887425,0.76204574,0.0,1.1163888,0.8320325,0.0,0.0,0.0,0.0,0.0,0.0,0.0,0.0,-0.043214947,0.0,-0.043214947,0.78736055,9.898628234863281,7.793789361082418,0.043214947,0.0,0.0,-0.0,0.0,-0.0,0.07122822,0.07122822,-0.0,1.0,10.402984,1.0887425,0.0,0.44839418,2.309027,0.71016896,1.3337084,0.0,0.0,0.0,0.307562,0.1383698,0.57760626,0.0,2.309027,0.0,2.3228393,2.3674128,0.44839418,-0.044573497,12.2,23.109783,21.666666,21.666666,2.0
resstock-amy2018-2021-release-1-508005,0.0,0.25912014,0.0,0.0,6.235262e-08,0.0,0.0,0.0,0.0,0.0,0.0,0.0,0.0,0.0,0.7448332,0.7448332,0.0,0.85897076,9.898592948913574,8.502601921118526,-0.0,0.7448332,0.0,-0.0,0.0,-0.0,0.0,0.0,0.25912,0.9678401,10.402984,1.4901161e-07,0.0,0.48809308,1.2326347,0.4276096,0.7052516,0.0,0.0,0.0,0.346907,0.1383698,0.5721497,0.0,1.2326347,0.0,0.596228,0.59651965,0.48809308,-0.00029166884,11.7,22.261734,21.666666,21.666666,2.0
resstock-amy2018-2021-release-1-508005,0.0,0.36714327,0.19114922,0.0,0.0,0.20870447,0.0,0.0,0.0,0.0,0.0,0.0,0.0,0.0,0.69469035,0.69469035,0.0,0.92541796,9.898560523986816,9.160305683976787,-0.0,0.69469035,0.0,-0.0,0.0,-0.0,0.0,0.0,0.36714363,0.9252808,10.402984,0.0,0.0,0.727114,1.6305089,0.59521466,0.91617465,0.0,0.0,0.0,0.3650484,0.1383698,0.5618949,0.0,1.6305089,0.0,1.0964948,1.0964948,0.727114,-0.0,10.0,21.39532,21.666666,21.666666,2.0
resstock-amy2018-2021-release-1-508005,0.0,0.18339899,2.4954097,0.0,0.0,2.7245896,0.0,0.0,0.0,0.0,0.0,0.0,0.0,0.0,0.41763628,0.41763628,0.0,0.9642047,9.898540496826172,9.544219553311677,-0.0,0.41763628,0.0,-0.0,0.0,-0.0,0.0,0.0,0.18339923,0.90106183,10.402984,0.0,0.0,0.7690168,3.9112427,1.5341067,2.1703262,0.0,0.0,0.0,0.39223,0.1383698,0.55489427,0.0,3.9112427,0.0,3.5751116,3.5751116,0.7690168,-0.0,9.4,20.707592,21.666666,21.666666,2.0
resstock-amy2018-2021-release-1-508005,0.0,0.12294306,0.0,0.0,0.0,0.0,0.0,0.0,0.0,0.0,0.0,0.0,0.0,0.0,-0.045587238,0.0,-0.045587238,0.9577502,9.898538589477539,9.48032732590832,0.045587238,0.0,0.0,-0.0,0.0,-0.0,0.0,0.0,0.12294315,0.8829458,10.402984,0.0,0.0,0.6668583,0.6212711,0.22169301,0.34279928,0.0,0.0,0.0,0.3568378,0.1383698,0.55177087,0.0,0.6212711,0.0,0.722204,0.722204,0.6668583,-0.0,8.89,19.941742,21.666666,21.666666,2.0
resstock-amy2018-2021-release-1-508005,0.0,0.13156506,0.38229725,0.0,0.0,0.41740766,0.0,0.0,0.0,0.0,0.0,0.0,0.0,0.0,0.43196583,0.43196583,0.0,0.9984658,9.898518562316895,9.883332021963952,-0.0,0.43196583,0.0,-0.0,0.0,-0.0,0.0,0.0,0.13156535,0.86410373,10.402984,0.0,0.0,0.32061878,1.1699922,0.37196368,0.6395402,0.0,0.0,0.0,0.3179198,0.1383698,0.5466192,0.0,1.1699922,0.0,0.7976919,0.7976919,0.32061878,-0.0,8.595,19.218212,21.666666,21.666666,2.0
resstock-amy2018-2021-release-1-508005,0.0,0.09354038,0.19114904,0.0,0.0,0.20870428,0.0,0.0,0.0,0.0,0.0,0.0,0.0,0.0,0.02950573,0.02950573,0.0,0.99972516,9.898517608642578,9.89579712958971,-0.0,0.02950573,0.0,-0.0,0.0,-0.0,0.0,0.0,0.09354076,0.8491243,10.402984,0.0,0.0,0.2958324,0.5340424,0.16173625,0.28792533,0.0,0.0,0.0,0.3028528,0.1383698,0.5391432,0.0,0.5340424,0.0,0.54726946,0.54726946,0.2958324,-0.0,8.3,18.487103,21.666666,21.666666,2.0
resstock-amy2018-2021-release-1-508005,0.0,0.18529916,0.0,0.0,1.6789336,0.0,0.0,0.0,0.0,0.0,0.0,0.0,0.0,0.0,0.017056465,0.017056465,0.0,0.99977726,9.898516654968262,9.896311834052824,-0.0,0.017056465,0.0,-0.0,0.0,-0.0,1.6649294,1.6649294,-0.0,1.0,10.402984,0.18529916,0.0,0.19141321,1.8874032,0.54503304,1.0008707,0.0,0.0,0.0,0.288774,0.1383698,0.5302898,0.0,1.8874032,0.0,1.0589838,1.0589838,0.19141321,-0.0,5.6,17.697552,20.231482,20.231482,2.0
resstock-amy2018-2021-release-1-508005,0.0,0.19031736,0.0,0.0,0.06923279,0.0,0.0,0.0,0.0,0.0,0.0,0.0,0.0,0.0,0.016540527,0.016540527,0.0,0.99977934,9.898515701293945,9.896331530503858,-0.0,0.016540527,0.0,-0.0,0.0,-0.0,0.0,0.0,0.04061907,0.9893106,10.402984,0.14969829,0.0,0.18956426,0.27533758,0.08369579,0.14498565,0.0,0.0,0.0,0.3039752,0.1383698,0.52657413,0.0,0.27533758,0.0,0.27758265,0.27758265,0.18956426,-0.0,7.8,17.257504,18.88889,18.88889,2.0
resstock-amy2018-2021-release-1-508005,0.0,0.35869285,0.0,0.0,0.6353068,0.0,0.0,0.0,0.0,0.0,0.0,0.0,0.0,0.0,0.016519547,0.016519547,0.0,0.9997793,9.898514747619629,9.89632998704252,-0.0,0.016519547,0.0,-0.0,0.0,-0.0,0.18414012,0.18414012,-0.0,1.0,10.402984,0.35869285,0.0,0.18831366,0.84014,0.25266555,0.446381,0.0,0.0,0.0,0.3007422,0.1383698,0.5313174,0.0,0.84014,0.0,0.7349239,0.7349239,0.18831366,-0.0,6.1,16.72602,18.88889,18.88889,2.0
resstock-amy2018-2021-release-1-508005,0.0,0.1839708,0.0,0.0,0.9226266,0.0,0.0,0.0,0.0,0.0,0.0,0.0,0.0,0.0,0.016518593,0.016518593,0.0,0.9997792,9.898513793945312,9.896328443581297,-0.0,0.016518593,0.0,-0.0,0.0,-0.0,0.07122822,0.07122822,-0.0,1.0,10.402984,0.1839708,0.0,0.1873195,1.1264647,0.3387755,0.59918183,0.0,0.0,0.0,0.3007422,0.1383698,0.5319135,0.0,1.1264647,0.0,1.0759104,1.0759104,0.1873195,-0.0,6.44,16.217632,18.88889,18.88889,2.0
resstock-amy2018-2021-release-1-508005,0.0,0.20512763,0.0,0.0,1.6245265e-07,0.0,0.0,0.0,0.0,0.0,0.0,0.0,0.0,0.0,0.016518593,0.016518593,0.0,0.9997791,9.898512840270996,9.896326310122845,-0.0,0.016518593,0.0,-0.0,0.0,-0.0,0.0,0.0,0.20512728,0.97314554,10.402984,3.427267e-07,0.0,0.19658059,0.21309935,0.063838385,0.11324562,0.0,0.0,0.0,0.299571,0.1383698,0.5314217,0.0,0.21309935,0.0,0.2938112,0.2938112,0.19658059,-0.0,6.78,15.844324,18.88889,18.88889,2.0
resstock-amy2018-2021-release-1-508005,0.0,0.19584018,0.0,0.0,1.3079892,0.0,0.0,0.0,0.0,0.0,0.0,0.0,0.0,0.0,0.016518593,0.016518593,0.0,0.99977905,9.89851188659668,9.896324766661905,-0.0,0.016518593,0.0,-0.0,0.0,-0.0,0.35489228,0.35489228,-0.0,1.0,10.402984,0.19584018,0.0,0.18498929,1.5094972,0.45216474,0.8021042,0.0,0.0,0.0,0.2995466,0.1383698,0.5313718,0.0,1.5094972,0.0,1.3219006,1.3219006,0.18498929,-0.0,6.0666666,15.526975,18.88889,18.88889,2.0
resstock-amy2018-2021-release-1-508005,0.0,0.28871617,0.0,0.0,1.2906561,0.0,0.0,0.0,0.0,0.0,0.0,0.0,0.0,0.0,0.016518593,0.016518593,0.0,0.9997789,9.898510932922363,9.896322633203852,-0.0,0.016518593,0.0,-0.0,0.0,-0.0,0.07122822,0.07122822,-0.0,1.0,10.402984,0.28871617,0.0,0.18524572,1.4924204,0.44883382,0.79381984,0.0,0.0,0.0,0.3007422,0.1383698,0.53190094,0.0,1.4924204,0.0,1.4422094,1.4422094,0.18524572,-0.0,6.866667,15.46121,18.88889,18.88889,2.0
resstock-amy2018-2021-release-1-508005,0.0,0.2474224,1.0427139,0.0,1.08408,1.1384773,0.0,0.0,0.0,0.0,0.0,0.0,0.0,0.0,-0.25950387,0.0,-0.25950387,0.97050637,9.89849853515625,9.606555882473913,0.25950387,0.0,0.0,-0.0,0.0,-0.0,0.07122822,0.07122822,-0.0,1.0,10.402984,0.2474224,0.0,0.1878324,2.1508858,0.66139954,1.1322756,0.0,0.0,0.0,0.307501,0.1383698,0.5264229,0.0,2.1508858,0.0,2.3777494,2.3777494,0.1878324,-0.0,8.175,15.485174,18.88889,18.88889,2.0
resstock-amy2018-2021-release-1-508005,0.0,0.413138,0.0,0.0,0.8612435,0.0,0.0,0.0,0.0,0.0,0.0,0.0,0.0,0.0,0.3058405,0.3058405,0.0,0.99841046,9.898484230041504,9.882750226411417,-0.0,0.3058405,0.0,-0.0,0.0,-0.0,0.07122822,0.07122822,-0.0,1.0,10.402984,0.413138,0.0,0.3622168,1.5293008,0.48354566,0.7939905,0.0,0.0,0.0,0.3161874,0.1383698,0.5191853,0.0,1.5293008,0.0,1.1909207,1.1909207,0.3622168,-0.0,8.3,15.7085285,19.462963,19.462963,2.0
resstock-amy2018-2021-release-1-508005,0.0,0.29898334,1.377777,0.0,0.0,1.5043129,0.0,0.0,0.0,0.0,0.0,0.0,0.0,0.0,0.030017853,0.030017853,0.0,0.9997196,9.898483276367188,9.895707937161205,-0.0,0.030017853,0.0,-0.0,0.0,-0.0,0.0,0.0,0.2989834,0.9639229,10.402984,0.0,0.0,0.3735249,1.9017165,0.6155674,0.994432,0.0,0.0,0.0,0.3236904,0.1383698,0.52291286,0.0,1.9017165,0.0,2.0025454,2.0086846,0.3735249,-0.0061391722,10.0,15.872761,20.0,20.0,2.0
resstock-amy2018-2021-release-1-508005,0.0,0.25514424,0.0,0.0,1.562286,0.0,0.0,0.0,0.0,0.0,0.0,0.0,0.0,0.0,-0.4853039,0.0,-0.4853039,0.9469313,9.898460388183594,9.373161988597076,0.4853039,0.0,0.0,-0.0,0.0,-0.0,0.4523105,0.4523105,-0.0,1.0,10.402984,0.25514424,0.0,1.9249194,2.9885278,1.0157403,1.5957773,0.0,0.0,0.0,0.3398798,0.1383698,0.5339677,0.0,2.9885278,0.0,3.2758832,3.289257,1.9249194,-0.013373903,10.0,16.008812,20.0,20.0,2.0
resstock-amy2018-2021-release-1-508005,0.0,0.09767416,0.0,0.0,0.0,0.0,0.0,0.0,0.0,0.0,0.0,0.0,0.0,0.0,0.5388231,0.5388231,0.0,0.99834114,9.89843463897705,9.882014552686371,-0.0,0.5388231,0.0,-0.0,0.0,-0.0,0.0,0.0,0.0976746,0.9837042,10.402984,0.0,0.0,0.3716734,0.8939947,0.28236446,0.4813625,0.0,0.0,0.0,0.3158458,0.1383698,0.53844,0.0,0.8939947,0.0,0.39725596,0.41375777,0.3716734,-0.016501822,10.6,16.016088,20.0,20.0,2.0
resstock-amy2018-2021-release-1-508005,0.0,0.3242488,0.19130562,0.0,0.0,0.20887524,0.0,0.0,0.0,0.0,0.0,0.0,0.0,0.0,0.030653,0.030653,0.0,0.99971193,9.898432731628418,9.895581297553065,-0.0,0.030653,0.0,-0.0,0.0,-0.0,0.0,0.0,0.32424915,0.9452536,10.402984,0.0,0.0,0.27905232,0.5038905,0.15432595,0.27368587,0.0,0.0,0.0,0.3062688,0.1383698,0.54314554,0.0,0.5038905,0.0,0.61514145,0.62983143,0.27905232,-0.014690011,10.0,16.305244,20.50926,20.50926,2.0
resstock-amy2018-2021-release-1-508005,0.0,0.406313,0.0,0.0,0.8787353,0.0,0.0,0.0,0.0,0.0,0.0,0.0,0.0,0.0,0.017102242,0.017102242,0.0,0.9997685,9.898431777954102,9.896140247045423,-0.0,0.017102242,0.0,-0.0,0.0,-0.0,0.6495149,0.6495149,-0.0,1.0,10.402984,0.406313,0.0,0.2807234,1.1627823,0.33691618,0.6315623,0.0,0.0,0.0,0.28975,0.1383698,0.5431475,0.0,1.1627823,0.0,0.86142725,0.87520576,0.2807234,-0.01377851,10.0,16.720255,21.11111,21.11111,2.0
resstock-amy2018-2021-release-1-508005,0.0,1.3623607,0.19130535,0.0,0.65158,0.20887496,0.0,0.0,0.0,0.0,0.0,0.0,0.0,0.0,0.016542435,0.016542435,0.0,0.99977076,9.898430824279785,9.896161713305105,-0.0,0.016542435,0.0,-0.0,0.0,-0.0,0.07122822,0.07122822,-0.0,1.0,10.402984,1.3623607,0.0,0.37047958,1.2271887,0.35399243,0.6668029,0.0,0.0,0.0,0.28845802,0.1383698,0.5433581,0.0,1.2271887,0.0,1.1799567,1.2002449,0.37047958,-0.020288179,10.6,18.420492,21.11111,21.11111,2.0
resstock-amy2018-2021-release-1-508005,0.0,0.25489756,0.0,0.0,1.6308527,0.0,0.0,0.0,0.0,0.0,0.0,0.0,0.0,0.0,0.016519547,0.016519547,0.0,0.99977076,9.898429870605469,9.896160759849408,-0.0,0.016519547,0.0,-0.0,0.0,-0.0,0.07122822,0.07122822,-0.0,1.0,10.402984,0.25489756,0.0,0.36857337,1.9958324,0.60858285,1.0965618,0.0,0.0,0.0,0.3049268,0.1383698,0.5494258,0.0,1.9958324,0.0,1.9486233,1.9687365,0.36857337,-0.020113273,10.6,18.051271,21.11111,21.11111,2.0
resstock-amy2018-2021-release-1-508005,0.0,0.6319158,0.9928019,0.0,1.3600814,1.0839814,0.0,0.0,0.0,0.0,0.0,0.0,0.0,0.0,0.016518593,0.016518593,0.0,0.99975985,9.898428916931152,9.896051837795596,-0.0,0.016518593,0.0,-0.0,0.0,-0.0,0.07122822,0.07122822,-0.0,1.0,10.402984,0.6319158,0.0,0.38273486,2.831034,0.8793877,1.564415,0.0,0.0,0.0,0.3106242,0.1383698,0.5525949,0.0,2.831034,0.0,2.7842278,2.7965102,0.38273486,-0.012282327,11.1,18.426811,21.11111,21.11111,2.0
resstock-amy2018-2021-release-1-508005,0.0,0.1900126,0.8997455,0.0,0.0,0.98237866,0.0,0.0,0.0,0.0,0.0,0.0,0.0,0.0,0.016625404,0.016625404,0.0,0.9997701,9.898427963256836,9.896152363022907,-0.0,0.016625404,0.0,-0.0,0.0,-0.0,0.0,0.0,0.19001281,0.9746307,10.402984,0.0,0.0,0.6223903,1.6179955,0.5256429,0.8853604,0.0,0.0,0.0,0.32487288,0.1383698,0.54719585,0.0,1.6179955,0.0,1.6832396,1.6866384,0.6223903,-0.003398778,10.6,17.978037,21.11111,21.11111,2.0
resstock-amy2018-2021-release-1-508005,0.0,0.14491396,0.0,0.0,0.37470695,0.0,0.0,0.0,0.0,0.0,0.0,0.0,0.0,0.0,0.016523361,0.016523361,0.0,0.99977046,9.89842700958252,9.89615494952119,-0.0,0.016523361,0.0,-0.0,0.0,-0.0,0.33920363,0.33920363,-0.0,1.0,10.402984,0.14491396,0.0,0.7273377,1.1185681,0.44471937,0.6072736,0.0,0.0,0.0,0.3975792,0.1383698,0.54290265,0.0,1.1185681,0.0,0.9535961,0.9535961,0.7273377,0.0,10.0,17.524063,21.11111,21.11111,2.0
resstock-amy2018-2021-release-1-508005,0.0,0.18961635,0.19130553,0.0,1.9261083e-08,0.20887515,0.0,0.0,0.0,0.0,0.0,0.0,0.0,0.0,0.016518593,0.016518593,0.0,0.99975395,9.898426055908203,9.895990568234993,-0.0,0.016518593,0.0,-0.0,0.0,-0.0,0.0,0.0,0.18961631,0.9746697,10.402984,4.4703484e-08,0.0,0.5518999,0.7772937,0.32139382,0.4171047,0.0,0.0,0.0,0.413478,0.1383698,0.53661144,0.0,0.7772937,0.0,0.84247375,0.84247375,0.5518999,-0.0,10.6,17.197788,21.11111,21.11111,2.0
resstock-amy2018-2021-release-1-508005,0.0,0.37595898,0.19130532,0.0,1.3042647e-08,0.20887493,0.0,0.0,0.0,0.0,0.0,0.0,0.0,0.0,0.016679764,0.016679764,0.0,0.99976957,9.898425102233887,9.896144192728684,-0.0,0.016679764,0.0,-0.0,0.0,-0.0,0.0,0.0,0.37595895,0.9311985,10.402984,2.9802322e-08,0.0,0.58928746,0.81484216,0.34108552,0.4327769,0.0,0.0,0.0,0.4185909,0.1383698,0.53111744,0.0,0.81484216,0.0,0.96269655,0.96269655,0.58928746,-0.0,10.0,17.146534,21.11111,21.11111,2.0
resstock-amy2018-2021-release-1-508005,0.0,0.18340084,2.1657188,0.0,0.0,2.3646197,0.0,0.0,0.0,0.0,0.0,0.0,0.0,0.0,0.016525269,0.016525269,0.0,0.99977016,9.89842414855957,9.896149139194677,-0.0,0.016525269,0.0,-0.0,0.0,-0.0,0.0,0.0,0.1834011,0.90693974,10.402984,0.0,0.0,0.51096326,2.8921082,1.0592654,1.5263135,0.0,0.0,0.0,0.36626062,0.1383698,0.5277512,0.0,2.8921082,0.0,2.9558463,2.9558463,0.51096326,-0.0,10.0,16.823877,21.11111,21.11111,2.0
resstock-amy2018-2021-release-1-508005,0.0,0.23046574,0.0,0.0,0.0,0.0,0.0,0.0,0.0,0.0,0.0,0.0,0.0,0.0,0.016518593,0.016518593,0.0,0.99977005,9.898423194885254,9.896147005755552,-0.0,0.016518593,0.0,-0.0,0.0,-0.0,0.0,0.0,0.23046581,0.8782187,10.402984,0.0,0.0,0.32061878,0.33713737,0.10897073,0.17766963,0.0,0.0,0.0,0.32322353,0.1383698,0.52699476,0.0,0.33713737,0.0,0.42304105,0.42304105,0.32061878,-0.0,9.4,16.47967,21.11111,21.11111,2.0
resstock-amy2018-2021-release-1-508005,0.0,0.34927213,0.0,0.0,0.0,0.0,0.0,0.0,0.0,0.0,0.0,0.0,0.0,0.0,0.016518593,0.016518593,0.0,0.99977,9.898422241210938,9.896145462308596,-0.0,0.016518593,0.0,-0.0,0.0,-0.0,0.0,0.0,0.34927234,0.83801585,10.402984,0.0,0.0,0.2958324,0.312351,0.09566337,0.16434596,0.0,0.0,0.0,0.3062688,0.1383698,0.526158,0.0,0.312351,0.0,0.44868746,0.44868746,0.2958324,-0.0,10.0,16.27568,21.11111,21.11111,2.0
resstock-amy2018-2021-release-1-508005,0.0,0.08638053,0.0,0.0,1.956397e-08,0.0,0.0,0.0,0.0,0.0,0.0,0.0,0.0,0.0,0.016518593,0.016518593,0.0,0.99976987,9.898421287536621,9.896143328869869,-0.0,0.016518593,0.0,-0.0,0.0,-0.0,0.0,0.0,0.08638048,0.82391477,10.402984,4.4703484e-08,0.0,0.23878051,0.25529912,0.078644894,0.13367666,0.0,0.0,0.0,0.30805,0.1383698,0.523608,0.0,0.25529912,0.0,0.27658397,0.27658397,0.23878051,-0.0,10.0,15.73872,19.972221,19.972221,2.0
resstock-amy2018-2021-release-1-508005,0.0,0.24691227,0.0,0.0,0.06867402,0.0,0.0,0.0,0.0,0.0,0.0,0.0,0.0,0.0,0.016518593,0.016518593,0.0,0.9997698,9.898420333862305,9.896141785423197,-0.0,0.016518593,0.0,-0.0,0.0,-0.0,0.0,0.0,0.08999281,0.80955315,10.402984,0.15691946,0.0,0.18956426,0.27475688,0.07956723,0.14722504,0.0,0.0,0.0,0.2895914,0.1383698,0.5358375,0.0,0.27475688,0.0,0.29762262,0.29762262,0.18956426,-0.0,10.0,15.633066,18.88889,18.88889,2.0
resstock-amy2018-2021-release-1-508005,0.0,0.48485807,0.0,0.0,1.6809491,0.0,0.0,0.0,0.0,0.0,0.0,0.0,0.0,0.0,0.016518593,0.016518593,0.0,0.9997697,9.898419380187988,9.896139651984868,-0.0,0.016518593,0.0,-0.0,0.0,-0.0,2.0829203,2.0829203,-0.0,1.0,10.402984,0.48485807,0.0,0.18831366,1.8857813,0.52507806,0.97280645,0.0,0.0,0.0,0.2784406,0.1383698,0.5158639,0.0,1.8857813,0.0,0.9576963,0.9576963,0.18831366,-0.0,10.0,15.559534,18.88889,18.88889,2.0
resstock-amy2018-2021-release-1-508005,0.0,0.5351964,0.0,0.0,1.934727,0.0,0.0,0.0,0.0,0.0,0.0,0.0,0.0,0.0,0.016518593,0.016518593,0.0,0.99976957,9.898418426513672,9.896137518546766,-0.0,0.016518593,0.0,-0.0,0.0,-0.0,0.07122822,0.07122822,-0.0,1.0,10.402984,0.5351964,0.0,0.1873195,2.138565,0.58051354,1.0943356,0.0,0.0,0.0,0.27145,0.1383698,0.5117149,0.0,2.138565,0.0,2.0908742,2.0908742,0.1873195,-0.0,10.0,15.50148,18.88889,18.88889,2.0
resstock-amy2018-2021-release-1-508005,0.0,0.69367677,0.0,0.0,1.663424,0.0,0.0,0.0,0.0,0.0,0.0,0.0,0.0,0.0,0.016518593,0.016518593,0.0,0.9997695,9.898417472839355,9.896135975100549,-0.0,0.016518593,0.0,-0.0,0.0,-0.0,0.07122822,0.07122822,-0.0,1.0,10.402984,0.69367677,0.0,0.18623988,1.8661824,0.5065752,0.95829743,0.0,0.0,0.0,0.27145,0.1383698,0.5135068,0.0,1.8661824,0.0,1.8184916,1.8184916,0.18623988,-0.0,10.0,15.656044,18.88889,18.88889,2.0
resstock-amy2018-2021-release-1-508005,0.0,0.06573926,0.0,0.0,0.94194037,0.0,0.0,0.0,0.0,0.0,0.0,0.0,0.0,0.0,0.016518593,0.016518593,0.0,0.9997694,9.898416519165039,9.896133841662845,-0.0,0.016518593,0.0,-0.0,0.0,-0.0,0.07122822,0.07122822,-0.0,1.0,10.402984,0.06573926,0.0,0.18498929,1.1434482,0.3140579,0.597087,0.0,0.0,0.0,0.2746586,0.1383698,0.5221811,0.0,1.1434482,0.0,1.09624,1.09624,0.18498929,-0.0,10.6,15.228424,18.88889,18.88889,2.0
resstock-amy2018-2021-release-1-508005,0.0,0.26080692,0.0,0.0,0.97900546,0.0,0.0,0.0,0.0,0.0,0.0,0.0,0.0,0.0,0.016518593,0.016518593,0.0,0.9997693,9.898415565490723,9.896131708225369,-0.0,0.016518593,0.0,-0.0,0.0,-0.0,0.07122822,0.07122822,-0.0,1.0,10.402984,0.26080692,0.0,0.18524572,1.1807698,0.32658464,0.62747705,0.0,0.0,0.0,0.2765862,0.1383698,0.53141356,0.0,1.1807698,0.0,1.1332399,1.1332399,0.18524572,-0.0,10.2,15.047334,18.902779,18.902779,2.0
resstock-amy2018-2021-release-1-508005,0.0,0.15631227,1.040221,0.0,0.0,1.1357555,0.0,0.0,0.0,0.0,0.0,0.0,0.0,0.0,0.016518593,0.016518593,0.0,0.9997692,9.898414611816406,9.896130164779606,-0.0,0.016518593,0.0,-0.0,0.0,-0.0,0.0,0.0,0.15631238,0.9779422,10.402984,0.0,0.0,0.1878324,1.3401065,0.38829586,0.72613645,0.0,0.0,0.0,0.28975,0.1383698,0.5418498,0.0,1.3401065,0.0,1.3919963,1.3919963,0.1878324,-0.0,10.0,14.996447,20.0,20.0,2.0
resstock-amy2018-2021-release-1-508005,0.0,0.08589712,0.5794251,0.0,0.4315716,0.6326398,0.0,0.0,0.0,0.0,0.0,0.0,0.0,0.0,0.016518593,0.016518593,0.0,0.9997437,9.89841365814209,9.895876694993376,-0.0,0.016518593,0.0,-0.0,0.0,-0.0,0.30422416,0.30422416,-0.0,1.0,10.402984,0.08589712,0.0,1.3187878,2.3995178,0.71136105,1.30821,0.0,0.0,0.0,0.29646,0.1383698,0.54519707,0.0,2.3995178,0.0,2.2519202,2.2519202,1.3187878,-0.0,10.6,14.878897,19.972221,19.972221,2.0
resstock-amy2018-2021-release-1-508005,1.3274302,0.26329082,0.0,0.0,0.055772863,0.0,0.0,0.0,0.0,0.0,0.0,0.0,0.0,0.0,0.01676941,0.01676941,0.0,0.99976796,9.898412704467773,9.896115868052334,-0.0,0.01676941,0.0,-0.0,0.0,-0.0,0.0,0.0,0.13230142,0.9803016,10.402984,0.1309894,0.0,0.3735249,0.4458903,0.13218865,0.24584417,0.0,0.0,0.0,0.29646,0.1383698,0.5513557,0.0,0.4458903,0.0,0.48545238,0.48562926,0.3735249,-0.00017687472,11.05,15.111219,17.777779,17.777779,2.0
resstock-amy2018-2021-release-1-508005,0.0,0.1211021,0.0,0.0,0.1253156,0.0,0.0,0.0,0.0,0.0,0.0,0.0,0.0,0.0,0.016529083,0.016529083,0.0,0.9997677,9.898411750793457,9.896112554634044,-0.0,0.016529083,0.0,-0.0,0.0,-0.0,0.182476,0.182476,-0.0,0.99089485,10.402984,0.1211021,0.0,0.37640277,0.51705974,0.15306044,0.28997144,0.0,0.0,0.0,0.2960208,0.1383698,0.56080836,0.0,0.51705974,0.0,0.42520547,0.42639318,0.37640277,-0.0011877245,12.2,15.234561,19.86111,19.86111,2.0
resstock-amy2018-2021-release-1-508005,0.0,0.12643285,0.0,0.0,0.75923383,0.0,0.0,0.0,0.0,0.0,0.0,0.0,0.0,0.0,0.016530037,0.016530037,0.0,0.9997688,9.89841079711914,9.896122221023916,-0.0,0.016530037,0.0,-0.0,0.0,-0.0,0.1674064,0.1674064,-0.0,1.0,10.402984,0.12643285,0.0,0.3716734,1.1443413,0.33157292,0.6492441,0.0,0.0,0.0,0.28975,0.1383698,0.5673518,0.0,1.1443413,0.0,1.0586122,1.0617082,0.3716734,-0.0030959847,12.15,15.346254,20.0,20.0,2.0
resstock-amy2018-2021-release-1-508005,0.0,0.19394289,0.0,0.0,0.4662385,0.0,0.0,0.0,0.0,0.0,0.0,0.0,0.0,0.0,0.016518593,0.016518593,0.0,0.99976873,9.898409843444824,9.896120677578892,-0.0,0.016518593,0.0,-0.0,0.0,-0.0,0.07122822,0.07122822,-0.0,1.0,10.402984,0.19394289,0.0,0.36982262,0.8483559,0.23028621,0.48823878,0.0,0.0,0.0,0.27145,0.1383698,0.57551175,0.0,0.8483559,0.0,0.80219334,0.80641717,0.36982262,-0.0042238384,11.9,15.594194,20.0,20.0,2.0
resstock-amy2018-2021-release-1-508005,0.0,0.13788758,0.0,0.0,0.0,0.0,0.0,0.0,0.0,0.0,0.0,0.0,0.0,0.0,-0.2827124,0.0,-0.2827124,0.9680554,9.898396492004395,9.582196443419377,0.2827124,0.0,0.0,-0.0,0.0,-0.0,0.0,0.0,0.13788784,0.9797527,10.402984,0.0,0.0,0.2807234,-0.006816156,-0.0019334027,0.0,0.0,0.0,0.0,0.28365,0.1383698,0.5841144,0.0,0.0,-0.006816156,0.33291948,0.33774662,0.2807234,-0.004827149,12.133333,15.651251,19.398148,19.398148,2.0
resstock-amy2018-2021-release-1-508005,1.2391107,0.19756539,0.0,0.0,0.0,0.0,0.0,0.0,0.0,0.0,0.0,0.0,0.0,0.0,-0.025297428,0.0,-0.025297428,0.96377885,9.898395538330078,9.539864302594196,0.025297428,0.0,0.0,-0.0,0.0,-0.0,0.0,0.0,0.19756585,0.95377684,10.402984,0.0,0.0,0.28050318,0.24995226,0.06858114,0.14878201,0.0,0.0,0.0,0.27437696,0.1383698,0.5952417,0.0,0.24995226,0.0,0.3549447,0.3601982,0.28050318,-0.0052535012,13.033334,15.900438,17.601852,17.601852,2.0
resstock-amy2018-2021-release-1-508005,0.0,0.7402355,0.0,0.0,0.0,0.0,0.0,0.0,0.0,0.0,0.0,0.0,0.0,0.0,0.37223434,0.37223434,0.0,0.9980634,9.898378372192383,9.879209028977698,-0.0,0.37223434,0.0,-0.0,0.0,-0.0,0.0,0.0,0.7402357,0.87465054,10.402984,0.0,0.0,0.2796783,0.6446353,0.18678309,0.38985223,0.0,0.0,0.0,0.28975,0.1383698,0.604764,0.0,0.6446353,0.0,0.5616663,0.5689436,0.2796783,-0.0072773253,14.15,16.991476,19.444445,19.444445,2.0
resstock-amy2018-2021-release-1-508005,0.0,0.21127073,0.38291425,0.0,2.3258329e-08,0.4180813,0.0,0.0,0.0,0.0,0.0,0.0,0.0,0.0,0.03334236,0.03334236,0.0,0.9996952,9.89837646484375,9.895359260008263,-0.0,0.03334236,0.0,-0.0,0.0,-0.0,0.0,0.0,0.21127068,0.84803194,10.402984,5.9604645e-08,0.0,1.51136,1.9514056,0.59489304,1.188142,0.0,0.0,0.0,0.3048536,0.1383698,0.60886467,0.0,1.9514056,0.0,2.0005033,2.0118814,1.51136,-0.011378001,14.2,17.035223,18.88889,18.88889,2.0
resstock-amy2018-2021-release-1-508005,0.7514693,0.06487264,0.0,0.0,1.8160586e-08,0.0,0.0,0.0,0.0,0.0,0.0,0.0,0.0,0.0,0.01721096,0.01721096,0.0,0.99976236,9.898375511169434,9.896023224403677,-0.0,0.01721096,0.0,-0.0,0.0,-0.0,0.0,0.0,0.06487259,0.8359772,10.402984,4.4703484e-08,0.0,0.5608619,0.5719182,0.1740792,0.35054263,0.0,0.0,0.0,0.3043778,0.1383698,0.61292446,0.0,0.5719182,0.0,0.5810614,0.5872161,0.5608619,-0.0061546294,12.78,16.913563,17.777779,17.777779,2.0
resstock-amy2018-2021-release-1-508005,0.0,0.3624672,0.19145712,0.0,1.3954997e-07,0.20904066,0.0,0.0,0.0,0.0,0.0,0.0,0.0,0.0,0.016547203,0.016547203,0.0,0.99976504,9.898374557495117,9.896048820465467,-0.0,0.016547203,0.0,-0.0,0.0,-0.0,0.0,0.0,0.36246684,0.7947607,10.402984,3.5762787e-07,0.0,0.63282526,0.8584132,0.26253864,0.5246093,0.0,0.0,0.0,0.3058418,0.1383698,0.61113846,0.0,0.8584132,0.0,0.9833042,0.9833042,0.63282526,0.0,14.2,17.23108,19.12037,19.12037,2.0
resstock-amy2018-2021-release-1-508005,0.0,0.50915706,0.19145693,0.0,4.6583967e-08,0.20904045,0.0,0.0,0.0,0.0,0.0,0.0,0.0,0.0,0.016519547,0.016519547,0.0,0.99976504,9.8983736038208,9.896047867015227,-0.0,0.016519547,0.0,-0.0,0.0,-0.0,0.0,0.0,0.50915694,0.73940605,10.402984,1.1920929e-07,0.0,0.5518999,0.77746,0.24127024,0.46858847,0.0,0.0,0.0,0.3103314,0.1383698,0.60271716,0.0,0.77746,0.0,0.95990604,0.95990604,0.5518999,-0.0,14.15,17.315142,20.0,20.0,2.0
resstock-amy2018-2021-release-1-508005,0.0,0.117264524,0.0,0.0,5.8650635e-08,0.0,0.0,0.0,0.0,0.0,0.0,0.0,0.0,0.0,0.016518593,0.016518593,0.0,0.999765,9.898372650146484,9.896046323576002,-0.0,0.016518593,0.0,-0.0,0.0,-0.0,0.0,0.0,0.117264375,0.7229307,10.402984,1.4901161e-07,0.0,0.58928746,0.6058061,0.19066875,0.3642173,0.0,0.0,0.0,0.3147356,0.1383698,0.601211,0.0,0.6058061,0.0,0.6354425,0.6354425,0.58928746,-0.0,13.9,16.971956,20.819445,20.819445,2.0
resstock-amy2018-2021-release-1-508005,0.0,0.22090378,0.0,0.0,3.5190382e-08,0.0,0.0,0.0,0.0,0.0,0.0,0.0,0.0,0.0,0.016518593,0.016518593,0.0,0.9997588,9.898371696472168,9.895984011277221,-0.0,0.016518593,0.0,-0.0,0.0,-0.0,0.0,0.0,0.2209037,0.6963818,10.402984,8.940697e-08,0.0,0.51096326,0.5274819,0.16285117,0.31739077,0.0,0.0,0.0,0.3087332,0.1383698,0.6017093,0.0,0.5274819,0.0,0.5979105,0.5979105,0.51096326,-0.0,13.9,16.863459,21.11111,21.11111,2.0
resstock-amy2018-2021-release-1-508005,0.0,0.13736452,0.23577021,0.0,2.3437817e-08,0.2574235,0.0,0.0,0.0,0.0,0.0,0.0,0.0,0.0,0.016578674,0.016578674,0.0,0.9997637,9.898370742797852,9.896032026909324,-0.0,0.016578674,0.0,-0.0,0.0,-0.0,0.0,0.0,0.13736446,0.67821956,10.402984,5.9604645e-08,0.0,0.44322944,0.71723163,0.2126305,0.43106914,0.0,0.0,0.0,0.29646,0.1383698,0.601018,0.0,0.71723163,0.0,0.7546676,0.7546676,0.44322944,-0.0,13.933333,16.648182,21.083334,21.083334,2.0
resstock-amy2018-2021-release-1-508005,1.248915,0.42839956,0.0,0.0,0.0,0.0,0.0,0.0,0.0,0.0,0.0,0.0,0.0,0.0,0.016529083,0.016529083,0.0,0.9997646,9.898369789123535,9.896039923292562,-0.0,0.016529083,0.0,-0.0,0.0,-0.0,0.0,0.0,0.4283997,0.63158095,10.402984,0.0,0.0,0.3964998,0.4130289,0.112020954,0.24480486,0.0,0.0,0.0,0.2712182,0.1383698,0.5927064,0.0,0.4130289,0.0,0.565117,0.565117,0.3964998,-0.0,13.9,16.643768,18.88889,18.88889,2.0
resstock-amy2018-2021-release-1-508005,0.3817976,0.17637858,0.7117348,0.0,5.84403e-08,0.7771009,0.0,0.0,0.0,0.0,0.0,0.0,0.0,0.0,0.016518593,0.016518593,0.0,0.99976456,9.898368835449219,9.896038379853962,-0.0,0.016518593,0.0,-0.0,0.0,-0.0,0.0,0.0,0.17637843,0.6100191,10.402984,1.4901161e-07,0.0,0.28614783,1.0797675,0.2878336,0.6482964,0.0,0.0,0.0,0.26657,0.1383698,0.6004037,0.0,1.0797675,0.0,1.1324221,1.1324221,0.28614783,-0.0,14.025,16.47077,18.88889,18.88889,2.0
resstock-amy2018-2021-release-1-508005,0.0,0.19487844,0.0,0.0,0.0,0.0,0.0,0.0,0.0,0.0,0.0,0.0,0.0,0.0,0.016518593,0.016518593,0.0,0.9997645,9.898367881774902,9.896036836415476,-0.0,0.016518593,0.0,-0.0,0.0,-0.0,0.0,0.0,0.19487853,0.5867838,10.402984,0.0,0.0,0.18956426,0.20608285,0.05962954,0.12024203,0.0,0.0,0.0,0.2893474,0.1383698,0.5834645,0.0,0.20608285,0.0,0.26626801,0.26626801,0.18956426,-0.0,13.9,16.231632,18.88889,18.88889,2.0
resstock-amy2018-2021-release-1-508005,0.0,0.11372273,0.0,0.0,1.0716509,0.0,0.0,0.0,0.0,0.0,0.0,0.0,0.0,0.0,0.016518593,0.016518593,0.0,0.9997644,9.898366928100586,9.896034702988459,-0.0,0.016518593,0.0,-0.0,0.0,-0.0,2.4452598,2.4452598,-0.0,0.81279564,10.402984,0.11372273,0.0,0.18831366,1.276483,0.34650135,0.79157317,0.0,0.0,0.0,0.27145,0.1383698,0.6201204,0.0,1.276483,0.0,0.23593831,0.23593831,0.18831366,-0.0,11.67,15.780497,18.88889,18.88889,2.0
resstock-amy2018-2021-release-1-508005,0.0,0.4770579,0.0,0.0,1.9343032,0.0,0.0,0.0,0.0,0.0,0.0,0.0,0.0,0.0,0.016518593,0.016518593,0.0,0.9997643,9.89836597442627,9.896033159550257,-0.0,0.016518593,0.0,-0.0,0.0,-0.0,2.04867,2.04867,-0.0,1.0,10.402984,0.4770579,0.0,0.1873195,2.1381412,0.47866565,1.3503904,0.0,0.0,0.0,0.22387,0.1383698,0.6315722,0.0,2.1381412,0.0,1.2848485,1.2848485,0.1873195,-0.0,12.585,15.837378,18.88889,18.88889,2.0
resstock-amy2018-2021-release-1-508005,0.0,0.14369956,0.0,0.0,1.0273243,0.0,0.0,0.0,0.0,0.0,0.0,0.0,0.0,0.0,0.016518593,0.016518593,0.0,0.9997642,9.898365020751953,9.896031026123637,-0.0,0.016518593,0.0,-0.0,0.0,-0.0,0.07122822,0.07122822,-0.0,1.0,10.402984,0.14369956,0.0,0.18623988,1.2300828,0.2363604,0.79272085,0.0,0.0,0.0,0.19215,0.1383698,0.6444451,0.0,1.2300828,0.0,1.1852071,1.1852071,0.18623988,-0.0,13.5,15.655062,18.88889,18.88889,2.0
resstock-amy2018-2021-release-1-508005,0.0,0.35561234,0.77721614,0.0,0.80444276,0.84859616,0.0,0.0,0.0,0.0,0.0,0.0,0.0,0.0,0.016518593,0.016518593,0.0,0.9997641,9.898364067077637,9.896028892697245,-0.0,0.016518593,0.0,-0.0,0.0,-0.0,0.07122822,0.07122822,-0.0,1.0,10.402984,0.35561234,0.0,0.18498929,1.8545468,0.330807,1.2180115,0.0,0.0,0.0,0.1783762,0.1383698,0.6567704,0.0,1.8545468,0.0,1.8091081,1.8091081,0.18498929,-0.0,12.8,15.681892,18.88889,18.88889,2.0
resstock-amy2018-2021-release-1-508005,0.0,2.6734056,0.0,0.0,2.0455985,0.0,0.0,0.0,0.0,0.0,0.0,0.0,0.0,0.0,0.016518593,0.016518593,0.0,0.999764,9.89836311340332,9.896027349259498,-0.0,0.016518593,0.0,-0.0,0.0,-0.0,0.07122822,0.07122822,-0.0,1.0,10.402984,2.6734056,0.0,0.24174596,2.303863,0.5157658,1.5034475,0.0,0.0,0.0,0.22387,0.1383698,0.6525768,0.0,2.303863,0.0,2.2584243,2.2584243,0.24174596,-0.0,12.8,18.729218,18.902779,18.902779,2.0
resstock-amy2018-2021-release-1-508005,0.0,0.16834532,0.0,0.0,0.78230274,0.0,0.0,0.0,0.0,0.0,0.0,0.0,0.0,0.0,0.016518593,0.016518593,0.0,0.9997602,9.898362159729004,9.89598863655516,-0.0,0.016518593,0.0,-0.0,0.0,-0.0,0.07122822,0.07122822,-0.0,1.0,10.402984,0.16834532,0.0,0.31611475,1.1149361,0.2897909,0.71301717,0.0,0.0,0.0,0.25991705,0.1383698,0.6395139,0.0,1.1149361,0.0,1.0694975,1.0694975,0.31611475,-0.0,12.8,17.690735,20.0,20.0,2.0
resstock-amy2018-2021-release-1-508005,0.0,0.15022853,0.0,0.0,1.483929,0.0,0.0,0.0,0.0,0.0,0.0,0.0,0.0,0.0,0.016554832,0.016554832,0.0,0.99976367,9.898361206054688,9.89602190243113,-0.0,0.016554832,0.0,-0.0,0.0,-0.0,0.07122822,0.07122822,-0.0,1.0,10.402984,0.15022853,0.0,0.19016261,1.6906465,0.5327254,1.0722246,0.0,0.0,0.0,0.3151016,0.1383698,0.6342098,0.0,1.6906465,0.0,1.6446891,1.6446891,0.19016261,-0.0,12.2,16.868107,19.972221,19.972221,2.0
resstock-amy2018-2021-release-1-508005,1.3127103,0.40902278,0.0,0.0,0.35986122,0.0,0.0,0.0,0.0,0.0,0.0,0.0,0.0,0.0,0.016519547,0.016519547,0.0,0.9997637,9.898360252380371,9.896021538970444,-0.0,0.016519547,0.0,-0.0,0.0,-0.0,0.07122822,0.07122822,-0.0,1.0,10.402984,0.40902278,0.0,0.19004552,0.553224,0.18054466,0.3551281,0.0,0.0,0.0,0.32635,0.1383698,0.6419246,0.0,0.553224,0.0,0.5077844,0.5209867,0.19004552,-0.013202255,12.8,16.9125,17.777779,17.777779,2.0
resstock-amy2018-2021-release-1-508005,0.090959646,0.21877441,0.0,0.0,1.1166784,0.0,0.0,0.0,0.0,0.0,0.0,0.0,0.0,0.0,0.016518593,0.016518593,0.0,0.9997392,9.898359298706055,9.895778100375423,-0.0,0.016518593,0.0,-0.0,0.0,-0.0,0.07122822,0.07122822,-0.0,1.0,10.402984,0.21877441,0.0,0.18910523,1.2893267,0.41823927,0.8303272,0.0,0.0,0.0,0.3243858,0.1383698,0.64400065,0.0,1.2893267,0.0,1.2447728,1.2777483,0.18910523,-0.032975513,13.9,16.804157,17.777779,17.777779,2.0
resstock-amy2018-2021-release-1-508005,0.0,0.661994,0.1916037,0.0,1.1715808,0.20920071,0.0,0.0,0.0,0.0,0.0,0.0,0.0,0.0,0.016758919,0.016758919,0.0,0.99976254,9.898358345031738,9.896007832309806,-0.0,0.016758919,0.0,-0.0,0.0,-0.0,0.07122822,0.07122822,-0.0,1.0,10.402984,0.661994,0.0,0.27993497,1.6382673,0.51791835,1.0542867,0.0,0.0,0.0,0.31613788,0.1383698,0.6435377,0.0,1.6382673,0.0,1.5934731,1.6326813,0.27993497,-0.039208196,13.9,17.374828,17.777779,17.777779,2.0
resstock-amy2018-2021-release-1-508005,0.0,0.38042855,0.17724635,0.0,1.8511065,0.19352476,0.0,0.0,0.0,0.0,0.0,0.0,0.0,0.0,0.01652813,0.01652813,0.0,0.99976337,9.898357391357422,9.89601513869502,-0.0,0.01652813,0.0,-0.0,0.0,-0.0,0.07122822,0.07122822,-0.0,1.0,10.402984,0.38042855,0.0,0.3907295,2.4177766,0.7473278,1.5635198,0.0,0.0,0.0,0.30909714,0.1383698,0.6466767,0.0,2.4177766,0.0,2.3732133,2.4073257,0.3907295,-0.034112476,13.9,17.531494,17.777779,17.777779,2.0
resstock-amy2018-2021-release-1-508005,0.039223455,0.2545648,0.0,0.0,1.7445629,0.0,0.0,0.0,0.0,0.0,0.0,0.0,0.0,0.0,0.016518593,0.016518593,0.0,0.9997633,9.898356437683105,9.896013595258353,-0.0,0.016518593,0.0,-0.0,0.0,-0.0,0.07122822,0.07122822,-0.0,1.0,10.402984,0.2545648,0.0,0.57891047,2.3264253,0.6972418,1.5051742,0.0,0.0,0.0,0.2997052,0.1383698,0.6469901,0.0,2.3264253,0.0,2.2818716,2.2954383,0.57891047,-0.01356675,13.9,17.677254,17.777779,17.777779,2.0
resstock-amy2018-2021-release-1-508005,0.17954122,1.32877,0.20835176,0.0,0.8600255,0.22748691,0.0,0.0,0.0,0.0,0.0,0.0,0.0,0.0,0.016518593,0.016518593,0.0,0.9997444,9.898355484008789,9.895825615625654,-0.0,0.016518593,0.0,-0.0,0.0,-0.0,0.07122822,0.07122822,-0.0,1.0,10.402984,1.32877,0.0,0.37047958,1.4327042,0.4304605,0.92483586,0.0,0.0,0.0,0.30045316,0.1383698,0.64551765,0.0,1.4327042,0.0,1.3883514,1.4301578,0.37047958,-0.041806336,14.15,19.541216,17.777779,17.777779,2.0
resstock-amy2018-2021-release-1-508005,0.11264833,1.4750587,0.42887154,0.0,0.9652262,0.46825936,0.0,0.0,0.0,0.0,0.0,0.0,0.0,0.0,0.016703606,0.016703606,0.0,0.99976236,9.898354530334473,9.89600224855468,-0.0,0.016703606,0.0,-0.0,0.0,-0.0,0.07122822,0.07122822,-0.0,1.0,10.402984,1.4750587,0.0,0.36857337,1.7805539,0.5458668,1.1471837,0.0,0.0,0.0,0.30657133,0.1383698,0.6442847,0.0,1.7805539,0.0,1.7353325,1.7735411,0.36857337,-0.038208596,13.3,20.422235,17.777779,17.777779,2.0
resstock-amy2018-2021-release-1-508005,0.0,0.26322255,0.18481568,0.0,1.3016406,0.20178926,0.0,0.0,0.0,0.0,0.0,0.0,0.0,0.0,0.016526222,0.016526222,0.0,0.999763,9.898353576660156,9.896007784973335,-0.0,0.016526222,0.0,-0.0,0.0,-0.0,0.07122822,0.07122822,-0.0,1.0,10.402984,0.26322255,0.0,0.2863047,1.7963848,0.55933446,1.1529801,0.0,0.0,0.0,0.31136674,0.1383698,0.6418336,0.0,1.7963848,0.0,1.7512201,1.7610961,0.2863047,-0.009875968,13.15,19.65543,17.777779,17.777779,2.0
resstock-amy2018-2021-release-1-508005,0.0,0.3366034,0.9473014,0.0,0.15723073,1.0343021,0.0,0.0,0.0,0.0,0.0,0.0,0.0,0.0,-0.1714244,0.0,-0.1714244,0.9798041,9.898345947265625,9.698439928552034,0.1714244,0.0,0.0,-0.0,0.0,-0.0,0.050645694,0.050645694,-0.0,0.9980645,10.402984,0.3366034,0.0,0.33592644,1.3451264,0.42136866,0.8579842,0.0,0.0,0.0,0.31325582,0.1383698,0.6378465,0.0,1.3451264,0.0,1.4959877,1.5068961,0.33592644,-0.010908503,12.8,19.372353,19.37037,19.37037,2.0
resstock-amy2018-2021-release-1-508005,0.0,0.26346642,0.46312466,0.0,0.31287488,0.5056583,0.0,0.0,0.0,0.0,0.0,0.0,0.0,0.0,0.21378803,0.21378803,0.0,0.998999,9.898335456848145,9.88842721905337,-0.0,0.21378803,0.0,-0.0,0.0,-0.0,0.091673285,0.091673285,-0.0,1.0,10.402984,0.26346642,0.0,0.3433609,1.3756821,0.4322634,0.8693698,0.0,0.0,0.0,0.3142175,0.1383698,0.63195544,0.0,1.3756821,0.0,1.1239483,1.1239483,0.3433609,0.0,12.1,18.803268,20.0,20.0,2.0
resstock-amy2018-2021-release-1-508005,0.0,0.14499114,0.36233413,0.0,0.0,0.3956111,0.0,0.0,0.0,0.0,0.0,0.0,0.0,0.0,0.024051666,0.024051666,0.0,0.9997294,9.898334503173828,9.895655963501667,-0.0,0.024051666,0.0,-0.0,0.0,-0.0,0.0,0.0,0.14499122,0.9790547,10.402984,0.0,0.0,0.37668586,0.79634863,0.24724334,0.49057102,0.0,0.0,0.0,0.31047124,0.1383698,0.61602545,0.0,0.79634863,0.0,0.8321486,0.8321486,0.37668586,-0.0,12.2,18.183056,20.0,20.0,2.0
resstock-amy2018-2021-release-1-508005,0.0,0.09827252,0.38320506,0.0,0.0,0.41839883,0.0,0.0,0.0,0.0,0.0,0.0,0.0,0.0,0.016831398,0.016831398,0.0,0.9997597,9.898333549499512,9.895954723306204,-0.0,0.016831398,0.0,-0.0,0.0,-0.0,0.0,0.0,0.09827261,0.9628404,10.402984,0.0,0.0,0.40955812,0.8447883,0.2613523,0.5043758,0.0,0.0,0.0,0.30937016,0.1383698,0.59704405,0.0,0.8447883,0.0,0.8690782,0.8690782,0.40955812,-0.0,11.7,17.732552,20.546297,20.546297,2.0
resstock-amy2018-2021-release-1-508005,0.0,0.19481915,0.0,0.0,0.0,0.0,0.0,0.0,0.0,0.0,0.0,0.0,0.0,0.0,0.016531944,0.016531944,0.0,0.99976087,9.898332595825195,9.895965569593045,-0.0,0.016531944,0.0,-0.0,0.0,-0.0,0.0,0.0,0.19481929,0.9372477,10.402984,0.0,0.0,0.51096326,0.5274952,0.1587886,0.30570963,0.0,0.0,0.0,0.30102378,0.1383698,0.5795496,0.0,0.5274952,0.0,0.5938037,0.5938037,0.51096326,-0.0,11.1,17.693819,21.666666,21.666666,2.0
resstock-amy2018-2021-release-1-508005,0.0,0.19580258,0.57480896,0.0,0.0,0.6275998,0.0,0.0,0.0,0.0,0.0,0.0,0.0,0.0,0.016518593,0.016518593,0.0,0.9997608,9.898331642150879,9.895964026160243,-0.0,0.016518593,0.0,-0.0,0.0,-0.0,0.0,0.0,0.1958026,0.9117299,10.402984,0.0,0.0,0.44322944,1.0873477,0.29476666,0.60687286,0.0,0.0,0.0,0.27108777,0.1383698,0.55812216,0.0,1.0873477,0.0,1.1551933,1.1551933,0.44322944,-0.0,10.6,17.32496,21.643518,21.643518,2.0
resstock-amy2018-2021-release-1-508005,0.0,0.026081737,0.0,0.0,0.0,0.0,0.0,0.0,0.0,0.0,0.0,0.0,0.0,0.0,0.016518593,0.016518593,0.0,0.99976075,9.898330688476562,9.895962482727555,-0.0,0.016518593,0.0,-0.0,0.0,-0.0,0.0,0.0,0.026082072,0.90306014,10.402984,0.0,0.0,0.195165,0.21168359,0.05331741,0.11327482,0.0,0.0,0.0,0.25187314,0.1383698,0.5351139,0.0,0.21168359,0.0,0.20625553,0.20625553,0.195165,-0.0,11.1,16.810604,21.11111,21.11111,2.0
resstock-amy2018-2021-release-1-508005,0.0,0.77780354,0.0,0.0,0.5201902,0.0,0.0,0.0,0.0,0.0,0.0,0.0,0.0,0.0,0.016518593,0.016518593,0.0,0.9997606,9.898329734802246,9.895960349308552,-0.0,0.016518593,0.0,-0.0,0.0,-0.0,0.4108257,0.4108257,-0.0,0.9356438,10.402984,0.77780354,0.0,0.19141321,0.728122,0.15946594,0.36974558,0.0,0.0,0.0,0.21900992,0.1383698,0.5078072,0.0,0.728122,0.0,0.5318102,0.5318102,0.19141321,-0.0,10.0,17.038586,20.555555,20.555555,2.0
resstock-amy2018-2021-release-1-508005,0.5567585,0.491395,0.0,0.0,1.2339331,0.0,0.0,0.0,0.0,0.0,0.0,0.0,0.0,0.0,0.016518593,0.016518593,0.0,0.99976057,9.89832878112793,9.895958805876148,-0.0,0.016518593,0.0,-0.0,0.0,-0.0,0.75102365,0.75102365,-0.0,1.0,10.402984,0.491395,0.0,0.18956426,1.4400159,0.3098978,0.7461514,0.0,0.0,0.0,0.21520443,0.1383698,0.518155,0.0,1.4400159,0.0,1.0948204,1.0948204,0.18956426,-0.0,10.0,16.642136,18.88889,18.88889,2.0
resstock-amy2018-2021-release-1-508005,0.0,0.05723447,0.0,0.0,1.1076832,0.0,0.0,0.0,0.0,0.0,0.0,0.0,0.0,0.0,0.016518593,0.016518593,0.0,0.99976045,9.898327827453613,9.895956672457544,-0.0,0.016518593,0.0,-0.0,0.0,-0.0,0.07122822,0.07122822,-0.0,1.0,10.402984,0.05723447,0.0,0.18831366,1.3125155,0.26539174,0.62108755,0.0,0.0,0.0,0.20220083,0.1383698,0.473204,0.0,1.3125155,0.0,1.2643421,1.2643421,0.18831366,-0.0,9.4,15.931316,18.88889,18.88889,2.0
resstock-amy2018-2021-release-1-508005,0.0,0.39698106,0.0,0.0,1.2170756,0.0,0.0,0.0,0.0,0.0,0.0,0.0,0.0,0.0,0.016518593,0.016518593,0.0,0.9997603,9.898326873779297,9.895954539039167,-0.0,0.016518593,0.0,-0.0,0.0,-0.0,0.07122822,0.07122822,-0.0,1.0,10.402984,0.39698106,0.0,0.1873195,1.4209137,0.2775096,0.6679959,0.0,0.0,0.0,0.19530363,0.1383698,0.47011718,0.0,1.4209137,0.0,1.372338,1.372338,0.1873195,-0.0,8.9,15.705511,18.88889,18.88889,2.0
resstock-amy2018-2021-release-1-508005,0.0,0.30239913,0.0,0.0,1.3481525,0.0,0.0,0.0,0.0,0.0,0.0,0.0,0.0,0.0,0.016518593,0.016518593,0.0,0.99976027,9.89832592010498,9.895952995607217,-0.0,0.016518593,0.0,-0.0,0.0,-0.0,0.07122822,0.07122822,-0.0,1.0,10.402984,0.30239913,0.0,0.18623988,1.550911,0.28831,0.71454203,0.0,0.0,0.0,0.1858972,0.1383698,0.4607241,0.0,1.550911,0.0,1.5018528,1.5018528,0.18623988,-0.0,8.3,15.448756,18.88889,18.88889,2.0
resstock-amy2018-2021-release-1-508005,0.0,0.11802252,0.0,0.0,1.2704327,0.0,0.0,0.0,0.0,0.0,0.0,0.0,0.0,0.0,0.016518593,0.016518593,0.0,0.99976015,9.898324966430664,9.895950862189238,-0.0,0.016518593,0.0,-0.0,0.0,-0.0,0.07122822,0.07122822,-0.0,1.0,10.402984,0.11802252,0.0,0.18498929,1.4719406,0.30030373,0.70664537,0.0,0.0,0.0,0.20401892,0.1383698,0.48007736,0.0,1.4719406,0.0,1.422239,1.422239,0.18498929,-0.0,7.5,15.131547,18.88889,18.88889,2.0
resstock-amy2018-2021-release-1-508005,0.0,0.6135499,0.0,0.0,0.7113678,0.0,0.0,0.0,0.0,0.0,0.0,0.0,0.0,0.0,0.016518593,0.016518593,0.0,0.99976003,9.898324012756348,9.895948728771486,-0.0,0.016518593,0.0,-0.0,0.0,-0.0,0.07122822,0.07122822,-0.0,1.0,10.402984,0.6135499,0.0,1.3138709,2.0417573,0.45112196,1.0740018,0.0,0.0,0.0,0.22094788,0.1383698,0.5260183,0.0,2.0417573,0.0,1.9914122,1.9914122,1.3138709,-0.0,6.7,15.369549,18.898148,18.898148,2.0
resstock-amy2018-2021-release-1-508005,0.0,0.16135636,0.82651395,0.0,0.8458744,0.9024215,0.0,0.0,0.0,0.0,0.0,0.0,0.0,0.0,0.016518593,0.016518593,0.0,0.99976,9.898323059082031,9.895947185339992,-0.0,0.016518593,0.0,-0.0,0.0,-0.0,0.07122822,0.07122822,-0.0,1.0,10.402984,0.16135636,0.0,0.25197357,2.016788,0.6122759,1.0832254,0.0,0.0,0.0,0.3035896,0.1383698,0.53710425,0.0,2.016788,0.0,1.9677298,1.9677298,0.25197357,-0.0,8.3,15.194038,20.0,20.0,2.0
resstock-amy2018-2021-release-1-508005,0.0,0.35466024,0.43661624,0.0,0.5804097,0.47671533,0.0,0.0,0.0,0.0,0.0,0.0,0.0,0.0,0.016518593,0.016518593,0.0,0.99975985,9.898322105407715,9.895945051922638,-0.0,0.016518593,0.0,-0.0,0.0,-0.0,0.07122822,0.07122822,-0.0,1.0,10.402984,0.35466024,0.0,0.2761897,1.3498334,0.42387876,0.7478803,0.0,0.0,0.0,0.31402302,0.1383698,0.5540538,0.0,1.3498334,0.0,1.3026252,1.3026252,0.2761897,-0.0,10.6,15.302078,19.981482,19.981482,2.0
resstock-amy2018-2021-release-1-508005,1.3721378,0.28049552,0.24037081,0.0,1.2670757,0.2624466,0.0,0.0,0.0,0.0,0.0,0.0,0.0,0.0,-0.24705173,0.0,-0.24705173,0.97179914,9.898310661315918,9.619169740688221,0.24705173,0.0,0.0,-0.0,0.0,-0.0,0.07122822,0.07122822,-0.0,1.0,10.402984,0.28049552,0.0,0.3735249,1.6479051,0.59416324,0.9072613,0.0,0.0,0.0,0.3605567,0.1383698,0.55055434,0.0,1.6479051,0.0,1.865152,1.8732424,0.3735249,-0.008090397,11.7,15.390993,17.777779,17.777779,2.0
resstock-amy2018-2021-release-1-508005,0.0,0.36762923,0.7669774,0.0,1.3656675,0.83741707,0.0,0.0,0.0,0.0,0.0,0.0,0.0,0.0,0.14536974,0.14536974,0.0,0.98407584,9.898303985595703,9.740681851643103,-0.0,0.14536974,0.0,-0.0,0.0,-0.0,0.07122822,0.07122822,-0.0,1.0,10.402984,0.36762923,0.0,1.5050279,3.8156123,1.3293365,2.0898788,0.0,0.0,0.0,0.34839404,0.1383698,0.5477178,0.0,3.8156123,0.0,3.6408398,3.6787097,1.5050279,-0.037869956,12.2,15.686501,19.833334,19.833334,2.0
resstock-amy2018-2021-release-1-508005,0.0,0.2404855,0.38348907,0.0,0.0,0.41870895,0.0,0.0,0.0,0.0,0.0,0.0,0.0,0.0,0.1715231,0.1715231,0.0,0.9991746,9.898296356201172,9.890126251701076,-0.0,0.1715231,0.0,-0.0,0.0,-0.0,0.0,0.0,0.24048553,0.96967113,10.402984,0.0,0.0,1.5002985,2.0536776,0.6292859,1.1580389,0.0,0.0,0.0,0.30641901,0.1383698,0.56388545,0.0,2.0536776,0.0,1.9814258,2.0182788,1.5002985,-0.03685298,12.2,15.843996,20.0,20.0,2.0
resstock-amy2018-2021-release-1-508005,0.0,0.7359853,0.7168586,0.0,1.8570423,0.78269535,0.0,0.0,0.0,0.0,0.0,0.0,0.0,0.0,0.022276878,0.022276878,0.0,0.9997329,9.898295402526855,9.895651682514028,-0.0,0.022276878,0.0,-0.0,0.0,-0.0,0.39159238,0.39159238,-0.0,1.0,10.402984,0.7359853,0.0,0.27905232,2.918182,0.8684756,1.6298532,0.0,0.0,0.0,0.29760846,0.1383698,0.5585167,0.0,2.918182,0.0,2.7342577,2.7571425,0.27905232,-0.022884892,12.2,16.718578,20.0,20.0,2.0
resstock-amy2018-2021-release-1-508005,0.0,0.23001352,0.0,0.0,0.76392984,0.0,0.0,0.0,0.0,0.0,0.0,0.0,0.0,0.0,0.016757965,0.016757965,0.0,0.99975604,9.898294448852539,9.895879643012336,-0.0,0.016757965,0.0,-0.0,0.0,-0.0,0.07122822,0.07122822,-0.0,1.0,10.402984,0.23001352,0.0,0.2807234,1.034819,0.29715466,0.5519165,0.0,0.0,0.0,0.28715616,0.1383698,0.5333459,0.0,1.034819,0.0,0.9882562,1.0148484,0.2807234,-0.026592188,11.7,16.742792,20.0,20.0,2.0
resstock-amy2018-2021-release-1-508005,0.0,0.9948527,0.0,0.0,0.9324845,0.0,0.0,0.0,0.0,0.0,0.0,0.0,0.0,0.0,0.01652813,0.01652813,0.0,0.99975693,9.898293495178223,9.895887539334694,-0.0,0.01652813,0.0,-0.0,0.0,-0.0,0.07122822,0.07122822,-0.0,1.0,10.402984,0.9948527,0.0,0.28050318,1.191349,0.3408594,0.62316453,0.0,0.0,0.0,0.28611213,0.1383698,0.5230747,0.0,1.191349,0.0,1.1445134,1.1826801,0.28050318,-0.038166814,11.075,17.942762,20.0,20.0,2.0
resstock-amy2018-2021-release-1-508005,0.0,0.4600743,0.43200842,0.0,1.771342,0.47168434,0.0,0.0,0.0,0.0,0.0,0.0,0.0,0.0,0.016518593,0.016518593,0.0,0.9997569,9.898292541503906,9.895885995907975,-0.0,0.016518593,0.0,-0.0,0.0,-0.0,0.07122822,0.07122822,-0.0,1.0,10.402984,0.4600743,0.0,0.607123,2.835484,0.8331796,1.4488839,0.0,0.0,0.0,0.29384035,0.1383698,0.51098293,0.0,2.835484,0.0,2.7893617,2.820546,0.607123,-0.03118412,11.95,18.034544,20.0,20.0,2.0
resstock-amy2018-2021-release-1-508005,1.1959192,0.32722807,0.0,0.0,0.49087018,0.0,0.0,0.0,0.0,0.0,0.0,0.0,0.0,0.0,0.016518593,0.016518593,0.0,0.9997568,9.89829158782959,9.895884452481368,-0.0,0.016518593,0.0,-0.0,0.0,-0.0,0.07122822,0.07122822,-0.0,1.0,10.402984,0.32722807,0.0,0.44533783,0.9001779,0.27869996,0.4461323,0.0,0.0,0.0,0.30960542,0.1383698,0.4956046,0.0,0.9001779,0.0,0.8551414,0.9076901,0.44533783,-0.052548725,13.3,18.324858,18.398148,18.398148,2.0
resstock-amy2018-2021-release-1-508005,0.9029098,1.0037745,0.0,0.0,1.2041361,0.0,0.0,0.0,0.0,0.0,0.0,0.0,0.0,0.0,0.01651764,0.01651764,0.0,0.9997567,9.898290634155273,9.895882319070779,-0.0,0.01651764,0.0,-0.0,0.0,-0.0,0.07122822,0.07122822,-0.0,1.0,10.402984,1.0037745,0.0,0.33592644,1.5435842,0.49558848,0.78081566,0.0,0.0,0.0,0.32106346,0.1383698,0.50584584,0.0,1.5435842,0.0,1.4981465,1.5111425,0.33592644,-0.012995988,12.8,19.112576,17.796297,17.796297,2.0
resstock-amy2018-2021-release-1-508005,0.0,0.38646513,0.19174513,0.0,1.3338841,0.20935512,0.0,0.0,0.0,0.0,0.0,0.0,0.0,0.0,0.016518593,0.016518593,0.0,0.9997566,9.898289680480957,9.895880185660417,-0.0,0.016518593,0.0,-0.0,0.0,-0.0,0.07122822,0.07122822,-0.0,1.0,10.402984,0.38646513,0.0,0.3433609,1.9031187,0.63463473,1.0616232,0.0,0.0,0.0,0.3334709,0.1383698,0.55783343,0.0,1.9031187,0.0,1.8571975,1.8571975,0.3433609,0.0,12.2,18.579426,20.0,20.0,2.0
resstock-amy2018-2021-release-1-508005,0.0,0.09813864,0.19174506,0.0,0.9728089,0.20935504,0.0,0.0,0.0,0.0,0.0,0.0,0.0,0.0,0.016518593,0.016518593,0.0,0.9997565,9.89828872680664,9.895878642234265,-0.0,0.016518593,0.0,-0.0,0.0,-0.0,0.07122822,0.07122822,-0.0,1.0,10.402984,0.09813864,0.0,0.37668586,1.5753683,0.5078452,0.9660546,0.0,0.0,0.0,0.32236603,0.1383698,0.6132246,0.0,1.5753683,0.0,1.5294471,1.5294471,0.37668586,-0.0,12.2,17.825111,20.0,20.0,2.0
resstock-amy2018-2021-release-1-508005,0.0,0.3360545,0.0,0.0,0.58507013,0.0,0.0,0.0,0.0,0.0,0.0,0.0,0.0,0.0,0.016518593,0.016518593,0.0,0.9997564,9.898287773132324,9.895876508824301,-0.0,0.016518593,0.0,-0.0,0.0,-0.0,0.07122822,0.07122822,-0.0,1.0,10.402984,0.3360545,0.0,0.58928746,1.1908762,0.37907916,0.73612064,0.0,0.0,0.0,0.31831953,0.1383698,0.6181336,0.0,1.1908762,0.0,1.1454376,1.1454376,0.58928746,-0.0,12.8,17.865284,20.0,20.0,2.0
resstock-amy2018-2021-release-1-508005,0.0,0.10630925,0.0,0.0,1.3840032e-07,0.0,0.0,0.0,0.0,0.0,0.0,0.0,0.0,0.0,0.016518593,0.016518593,0.0,0.9997563,9.898286819458008,9.895874375414564,-0.0,0.016518593,0.0,-0.0,0.0,-0.0,0.0,0.0,0.106308915,0.98285574,10.402984,3.3527613e-07,0.0,0.51096326,0.527482,0.16390781,0.32261115,0.0,0.0,0.0,0.31073633,0.1383698,0.611606,0.0,0.527482,0.0,0.5548472,0.5548472,0.51096326,-0.0,12.2,17.437521,20.953703,20.953703,2.0
resstock-amy2018-2021-release-1-508005,0.0,0.32976377,0.0,0.0,2.4200652e-08,0.0,0.0,0.0,0.0,0.0,0.0,0.0,0.0,0.0,0.01651764,0.01651764,0.0,0.9997562,9.898285865783691,9.895872831988868,-0.0,0.01651764,0.0,-0.0,0.0,-0.0,0.0,0.0,0.3297637,0.943869,10.402984,5.9604645e-08,0.0,0.19800809,0.21452576,0.06596189,0.1287019,0.0,0.0,0.0,0.3074777,0.1383698,0.5999368,0.0,0.21452576,0.0,0.33189863,0.33189863,0.19800809,-0.0,12.8,17.1791,21.101852,21.101852,2.0
resstock-amy2018-2021-release-1-508005,1.0659775,0.06658721,0.0,0.0,0.0,0.0,0.0,0.0,0.0,0.0,0.0,0.0,0.0,0.0,0.01651764,0.01651764,0.0,0.9997561,9.898284912109375,9.895870698579529,-0.0,0.01651764,0.0,-0.0,0.0,-0.0,0.0,0.0,0.06658733,0.93100387,10.402984,0.0,0.0,0.195165,0.21168263,0.06316424,0.12539792,0.0,0.0,0.0,0.29839122,0.1383698,0.5923864,0.0,0.21168263,0.0,0.22265191,0.22265191,0.195165,-0.0,12.2,16.944454,18.88889,18.88889,2.0
resstock-amy2018-2021-release-1-508005,0.0,0.13353594,0.0,0.0,0.44276297,0.0,0.0,0.0,0.0,0.0,0.0,0.0,0.0,0.0,0.01651764,0.01651764,0.0,0.99975604,9.898283958435059,9.895869155154116,-0.0,0.01651764,0.0,-0.0,0.0,-0.0,0.8000355,0.8000355,-0.0,1.0,10.402984,0.13353594,0.0,0.19141321,0.65069383,0.17107393,0.39112246,0.0,0.0,0.0,0.26291,0.1383698,0.60108525,0.0,0.65069383,0.0,0.3039255,0.3039255,0.19141321,-0.0,12.2,16.547659,18.88889,18.88889,2.0
resstock-amy2018-2021-release-1-508005,0.0,0.07611343,0.0,0.0,0.55376446,0.0,0.0,0.0,0.0,0.0,0.0,0.0,0.0,0.0,0.01651764,0.01651764,0.0,0.9997559,9.898283004760742,9.895867021745175,-0.0,0.01651764,0.0,-0.0,0.0,-0.0,0.07122822,0.07122822,-0.0,1.0,10.402984,0.07611343,0.0,0.18956426,0.7598463,0.18599579,0.42838752,0.0,0.0,0.0,0.2447808,0.1383698,0.5637818,0.0,0.7598463,0.0,0.713926,0.713926,0.18956426,-0.0,12.2,16.026873,18.88889,18.88889,2.0
resstock-amy2018-2021-release-1-508005,0.0,0.4136736,0.0,0.0,0.97934794,0.0,0.0,0.0,0.0,0.0,0.0,0.0,0.0,0.0,0.01651764,0.01651764,0.0,0.9997558,9.898282051086426,9.895864888336462,-0.0,0.01651764,0.0,-0.0,0.0,-0.0,0.07122822,0.07122822,-0.0,1.0,10.402984,0.4136736,0.0,0.18831366,1.1841793,0.24921052,0.710355,0.0,0.0,0.0,0.21045,0.1383698,0.59987116,0.0,1.1841793,0.0,1.138259,1.138259,0.18831366,-0.0,12.2,15.9510145,18.88889,18.88889,2.0
resstock-amy2018-2021-release-1-508005,0.0,0.3415857,0.0,0.0,1.4522206,0.0,0.0,0.0,0.0,0.0,0.0,0.0,0.0,0.0,0.01651764,0.01651764,0.0,0.9997542,9.89828109741211,9.895848005339758,-0.0,0.01651764,0.0,-0.0,0.0,-0.0,0.07122822,0.07122822,-0.0,1.0,10.402984,0.3415857,0.0,0.1873195,1.6560577,0.34851733,1.0046427,0.0,0.0,0.0,0.21045,0.1383698,0.6066472,0.0,1.6560577,0.0,1.6101375,1.6101375,0.1873195,-0.0,12.2,15.846146,18.88889,18.88889,2.0
resstock-amy2018-2021-release-1-508005,0.0,0.16526213,0.0,0.0,1.0649747,0.0,0.0,0.0,0.0,0.0,0.0,0.0,0.0,0.0,0.016532898,0.016532898,0.0,0.9997193,9.898280143737793,9.895501911568829,-0.0,0.016532898,0.0,-0.0,0.0,-0.0,0.07122822,0.07122822,-0.0,1.0,10.402984,0.16526213,0.0,0.18623988,1.2677474,0.26679742,0.80142397,0.0,0.0,0.0,0.21045,0.1383698,0.63216376,0.0,1.2677474,0.0,1.2218119,1.2218119,0.18623988,-0.0,12.2,15.626442,18.88889,18.88889,2.0
resstock-amy2018-2021-release-1-508005,0.0,0.1493062,0.0,0.0,0.88015676,0.0,0.0,0.0,0.0,0.0,0.0,0.0,0.0,0.0,0.016877174,0.016877174,0.0,0.999754,9.898279190063477,9.895844328509725,-0.0,0.016877174,0.0,-0.0,0.0,-0.0,0.07122822,0.07122822,-0.0,1.0,10.402984,0.1493062,0.0,0.18498929,1.0820233,0.23431213,0.69312197,0.0,0.0,0.0,0.21655,0.1383698,0.6405795,0.0,1.0820233,0.0,1.0353413,1.0353413,0.18498929,-0.0,11.7,15.467821,18.898148,18.898148,2.0
resstock-amy2018-2021-release-1-508005,0.0,0.061900698,0.59747463,0.0,1.2090857,0.6523471,0.0,0.0,0.0,0.0,0.0,0.0,0.0,0.0,0.016532898,0.016532898,0.0,0.9997554,9.89827823638916,9.895856944687239,-0.0,0.016532898,0.0,-0.0,0.0,-0.0,0.07122822,0.07122822,-0.0,1.0,10.402984,0.061900698,0.0,0.18524572,2.0632114,0.5122335,1.3135754,0.0,0.0,0.0,0.24827,0.1383698,0.6366654,0.0,2.0632114,0.0,2.016391,2.016391,0.18524572,-0.0,11.1,15.341179,20.0,20.0,2.0
resstock-amy2018-2021-release-1-508005,0.0,0.69448864,0.0,0.0,1.6916959,0.0,0.0,0.0,0.0,0.0,0.0,0.0,0.0,0.0,0.01651764,0.01651764,0.0,0.9997553,9.898277282714844,9.895855401262907,-0.0,0.01651764,0.0,-0.0,0.0,-0.0,0.07122822,0.07122822,-0.0,1.0,10.402984,0.69448864,0.0,0.31611475,2.0243282,0.6482911,1.2804077,0.0,0.0,0.0,0.32025,0.1383698,0.6325099,0.0,2.0243282,0.0,1.9772818,1.9772818,0.31611475,-0.0,10.8,15.989204,20.0,20.0,2.0
resstock-amy2018-2021-release-1-508005,0.0,0.18820664,0.0,0.0,0.63788384,0.0,0.0,0.0,0.0,0.0,0.0,0.0,0.0,0.0,-0.48506385,0.0,-0.48506385,0.9469918,9.89825439453125,9.373565758425684,0.48506385,0.0,0.0,-0.0,0.0,-0.0,0.07122822,0.07122822,-0.0,1.0,10.402984,0.18820664,0.0,0.3622168,0.51503676,0.17660262,0.32747534,0.0,0.0,0.0,0.3428932,0.1383698,0.63582903,0.0,0.51503676,0.0,0.96981317,0.96981317,0.3622168,-0.0,11.1,15.905895,19.981482,19.981482,2.0
resstock-amy2018-2021-release-1-508005,1.191736,0.25806773,0.0,0.0,1.0462011,0.0,0.0,0.0,0.0,0.0,0.0,0.0,0.0,0.0,0.5380192,0.5380192,0.0,0.9978221,9.898228645324707,9.876671351404696,-0.0,0.5380192,0.0,-0.0,0.0,-0.0,0.07122822,0.07122822,-0.0,1.0,10.402984,0.25806773,0.0,0.28178522,1.8570802,0.6768593,1.1844059,0.0,0.0,0.0,0.364475,0.1383698,0.6377785,0.0,1.8570802,0.0,1.2896583,1.2985836,0.28178522,-0.008925289,12.2,15.764227,17.796297,17.796297,2.0
resstock-amy2018-2021-release-1-508005,0.0,0.35111094,0.0,0.0,1.530393,0.0,0.0,0.0,0.0,0.0,0.0,0.0,0.0,0.0,-0.49804166,0.0,-0.49804166,0.9437254,9.898204803466797,9.341187357944136,0.49804166,0.0,0.0,-0.0,0.0,-0.0,0.07122822,0.07122822,-0.0,1.0,10.402984,0.35111094,0.0,0.282754,1.2850941,0.4470654,0.8226295,0.0,0.0,0.0,0.34788534,0.1383698,0.6401317,0.0,1.2850941,0.0,1.753331,1.7833422,0.282754,-0.030011293,11.7,15.817415,20.0,20.0,2.0
resstock-amy2018-2021-release-1-508005,0.0,0.6111273,0.19188142,0.0,1.534902,0.20950392,0.0,0.0,0.0,0.0,0.0,0.0,0.0,0.0,-0.57083756,0.0,-0.57083756,0.88224494,9.898178100585938,8.732617589719666,0.57083756,0.0,0.0,-0.0,0.0,-0.0,0.07122822,0.07122822,-0.0,1.0,10.402984,0.6111273,0.0,0.27993497,1.421711,0.47547153,0.91929,0.0,0.0,0.0,0.33443615,0.1383698,0.64660823,0.0,1.421711,0.0,1.9636285,1.9954209,0.27993497,-0.03179244,12.8,16.412968,20.0,20.0,2.0
resstock-amy2018-2021-release-1-508005,1.746789,0.25797492,0.0,0.0,2.1461923,0.0,0.0,0.0,0.0,0.0,0.0,0.0,0.0,0.0,-0.03317596,0.0,-0.03317596,0.8772569,9.898176193237305,8.683243068658157,0.03317596,0.0,0.0,-0.0,0.0,-0.0,0.07122822,0.07122822,-0.0,1.0,10.402984,0.25797492,0.0,0.27905232,2.3299363,0.7163025,1.5039406,0.0,0.0,0.0,0.30743438,0.1383698,0.6454857,0.0,2.3299363,0.0,2.3348358,2.3969681,0.27905232,-0.0621324,13.6,16.749668,17.88889,17.88889,2.0
resstock-amy2018-2021-release-1-508005,0.79331684,0.40512195,0.19188143,0.0,1.9789417,0.20950393,0.0,0.0,0.0,0.0,0.0,0.0,0.0,0.0,1.0938034,1.0938034,0.0,0.98441714,9.898124694824219,9.7438836082315,-0.0,1.0938034,0.0,-0.0,0.0,-0.0,0.07122822,0.07122822,-0.0,1.0,10.402984,0.40512195,0.0,0.19018486,3.383708,1.0035354,2.16783,0.0,0.0,0.0,0.2965786,0.1383698,0.64066696,0.0,3.383708,0.0,2.2618694,2.3505952,0.19018486,-0.08872574,13.9,17.435192,17.777779,17.777779,2.0
resstock-amy2018-2021-release-1-508005,0.8362218,0.7936002,0.1918814,0.0,2.3334303,0.2095039,0.0,0.0,0.0,0.0,0.0,0.0,0.0,0.0,0.16797066,0.16797066,0.0,0.99916846,9.898117065429688,9.889886341620695,-0.0,0.16797066,0.0,-0.0,0.0,-0.0,0.07122822,0.07122822,-0.0,1.0,10.402984,0.7936002,0.0,0.19052678,2.812258,0.8345557,1.7896051,0.0,0.0,0.0,0.29675645,0.1383698,0.6363588,0.0,2.812258,0.0,2.6162522,2.7054257,0.19052678,-0.08917356,13.9,18.62574,17.777779,17.777779,2.0
resstock-amy2018-2021-release-1-508005,1.2512435,0.18991864,0.0,0.0,1.4648942,0.0,0.0,0.0,0.0,0.0,0.0,0.0,0.0,0.0,0.022158623,0.022158623,0.0,0.9997153,9.898116111755371,9.89529839738907,-0.0,0.022158623,0.0,-0.0,0.0,-0.0,0.07122822,0.07122822,-0.0,1.0,10.402984,0.18991864,0.0,0.2796783,1.6649098,0.534203,1.0546322,0.0,0.0,0.0,0.32086,0.1383698,0.633447,0.0,1.6649098,0.0,1.6147159,1.7165371,0.2796783,-0.10182113,13.9,19.05859,17.777779,17.777779,2.0
resstock-amy2018-2021-release-1-508005,1.667505,0.27326724,0.4755389,0.0,1.7535057,0.51921266,0.0,0.0,0.0,0.0,0.0,0.0,0.0,0.0,0.016752243,0.016752243,0.0,0.9997278,9.898115158081055,9.895420748476567,-0.0,0.016752243,0.0,-0.0,0.0,-0.0,0.07122822,0.07122822,-0.0,1.0,10.402984,0.27326724,0.0,0.38273486,2.6027756,0.88369936,1.644894,0.0,0.0,0.0,0.3395219,0.1383698,0.6319769,0.0,2.6027756,0.0,2.5583901,2.62782,0.38273486,-0.06942995,14.4,19.584644,17.777779,17.777779,2.0
resstock-amy2018-2021-release-1-508005,1.2677826,0.2726176,0.0,0.0,1.3367361,0.0,0.0,0.0,0.0,0.0,0.0,0.0,0.0,0.0,0.016628265,0.016628265,0.0,0.9997384,9.898114204406738,9.89552481035929,-0.0,0.016628265,0.0,-0.0,0.0,-0.0,0.07122822,0.07122822,-0.0,1.0,10.402984,0.2726176,0.0,0.8998442,2.2240238,0.81022125,1.4041578,0.0,0.0,0.0,0.3643042,0.1383698,0.63135916,0.0,2.2240238,0.0,2.1793604,2.2085452,0.8998442,-0.029184708,13.9,19.714792,17.796297,17.796297,2.0
resstock-amy2018-2021-release-1-508005,0.0,0.88632673,0.0,0.0,0.013239063,0.0,0.0,0.0,0.0,0.0,0.0,0.0,0.0,0.0,0.016522408,0.016522408,0.0,0.99973637,9.898113250732422,9.895503797834635,-0.0,0.016522408,0.0,-0.0,0.0,-0.0,0.0,0.0,0.8537198,0.9094128,10.402984,0.03260696,0.0,0.63282526,0.6623509,0.2639716,0.42397508,0.0,0.0,0.0,0.3985374,0.1383698,0.64010644,0.0,0.6623509,0.0,0.9924554,0.9926913,0.63282526,-0.0002358369,12.8,20.258581,20.412037,20.412037,2.0
resstock-amy2018-2021-release-1-508005,0.0,0.1666287,0.0,0.0,0.06669042,0.0,0.0,0.0,0.0,0.0,0.0,0.0,0.0,0.0,0.016541481,0.016541481,0.0,0.9997386,9.898112297058105,9.895524673430032,-0.0,0.016541481,0.0,-0.0,0.0,-0.0,0.0,0.0,0.0050705033,0.9028233,10.402984,0.1615582,0.0,0.727114,0.81034595,0.2869772,0.51313126,0.0,0.0,0.0,0.3541416,0.1383698,0.6332249,0.0,0.81034595,0.0,0.79589754,0.79589754,0.727114,-0.0,12.2,19.41187,21.11111,21.11111,2.0
resstock-amy2018-2021-release-1-508005,0.0,0.8812435,0.1918814,0.0,1.2302252e-07,0.2095039,0.0,0.0,0.0,0.0,0.0,0.0,0.0,0.0,0.016518593,0.016518593,0.0,0.9997386,9.898111343383789,9.89552372000503,-0.0,0.016518593,0.0,-0.0,0.0,-0.0,0.0,0.0,0.8812432,0.8101825,10.402984,2.9802322e-07,0.0,0.58928746,0.81531006,0.28590035,0.5016175,0.0,0.0,0.0,0.3506646,0.1383698,0.61524755,0.0,0.81531006,0.0,1.1625643,1.1625643,0.58928746,-0.0,12.2,19.848202,21.11111,21.11111,2.0
resstock-amy2018-2021-release-1-508005,0.0,0.1628142,0.0,0.0,8.237093e-08,0.0,0.0,0.0,0.0,0.0,0.0,0.0,0.0,0.0,0.01651764,0.01651764,0.0,0.9997385,9.898110389709473,9.895522176606676,-0.0,0.01651764,0.0,-0.0,0.0,-0.0,0.0,0.0,0.162814,0.78875726,10.402984,1.937151e-07,0.0,0.35506824,0.37158597,0.12648043,0.21847953,0.0,0.0,0.0,0.34038,0.1383698,0.58796495,0.0,0.37158597,0.0,0.4242996,0.4242996,0.35506824,-0.0,11.1,19.004616,21.11111,21.11111,2.0
resstock-amy2018-2021-release-1-508005,0.0,0.19651172,0.0,0.0,3.801735e-08,0.0,0.0,0.0,0.0,0.0,0.0,0.0,0.0,0.0,0.016516685,0.016516685,0.0,0.9997206,9.898109436035156,9.89534364121937,-0.0,0.016516685,0.0,-0.0,0.0,-0.0,0.0,0.0,0.19651163,0.7641643,10.402984,8.940697e-08,0.0,0.19800809,0.21452482,0.07262738,0.11712493,0.0,0.0,0.0,0.33855,0.1383698,0.5459738,0.0,0.21452482,0.0,0.2815682,0.2815682,0.19800809,-0.0,11.1,18.391296,21.101852,21.101852,2.0
resstock-amy2018-2021-release-1-508005,1.1328435,0.43833578,0.0,0.0,0.0,0.0,0.0,0.0,0.0,0.0,0.0,0.0,0.0,0.0,-0.30585173,0.0,-0.30585173,0.96557933,9.89809513092041,9.55739607390825,0.30585173,0.0,0.0,-0.0,0.0,-0.0,0.0,0.0,0.43833593,0.7159737,10.402984,0.0,0.0,0.195165,-0.110686734,-0.0360551,0.0,0.0,0.0,0.0,0.32574,0.1383698,0.4979075,0.0,0.0,-0.110686734,0.38402778,0.38402778,0.195165,-0.0,10.6,18.067757,18.88889,18.88889,2.0
resstock-amy2018-2021-release-1-508005,0.0,0.17218268,0.0,0.0,0.34366056,0.0,0.0,0.0,0.0,0.0,0.0,0.0,0.0,0.0,0.35413742,0.35413742,0.0,0.99863803,9.898078918457031,9.884598070187167,-0.0,0.35413742,0.0,-0.0,0.0,-0.0,0.63601774,0.63601774,-0.0,0.77098656,10.402984,0.17218268,0.0,0.23878051,0.9365785,0.2959858,0.43574518,0.0,0.0,0.0,0.3160288,0.1383698,0.46525216,0.0,0.9365785,0.0,0.31199563,0.31199563,0.23878051,-0.0,11.1,17.543903,18.88889,18.88889,2.0
resstock-amy2018-2021-release-1-508005,0.0,0.04704867,0.0,0.0,0.89763415,0.0,0.0,0.0,0.0,0.0,0.0,0.0,0.0,0.0,0.027362823,0.027362823,0.0,0.9996897,9.898077964782715,9.895006573564729,-0.0,0.027362823,0.0,-0.0,0.0,-0.0,1.9469259,1.9469259,-0.0,0.9489033,10.402984,0.04704867,0.0,0.21726434,1.1422613,0.32500577,0.51574194,0.0,0.0,0.0,0.2845284,0.1383698,0.45150962,0.0,1.1422613,0.0,0.23844433,0.23844433,0.21726434,-0.0,8.89,16.65131,18.88889,18.88889,2.0
resstock-amy2018-2021-release-1-508005,0.0,0.21790531,0.0,0.0,0.8332702,0.0,0.0,0.0,0.0,0.0,0.0,0.0,0.0,0.0,0.01696682,0.01696682,0.0,0.9997332,9.898077011108398,9.89543629928221,-0.0,0.01696682,0.0,-0.0,0.0,-0.0,0.61096346,0.61096346,-0.0,1.0,10.402984,0.21790531,0.0,0.20555991,1.0557969,0.2866974,0.4690578,0.0,0.0,0.0,0.27154598,0.1383698,0.44426897,0.0,1.0557969,0.0,0.7696895,0.7696895,0.20555991,-0.0,9.745,16.271465,18.88889,18.88889,2.0
resstock-amy2018-2021-release-1-508005,0.0,0.4043076,0.0,0.0,1.0165234,0.0,0.0,0.0,0.0,0.0,0.0,0.0,0.0,0.0,-0.3498444,0.0,-0.3498444,0.96099085,9.89806079864502,9.51194582220404,0.3498444,0.0,0.0,-0.0,0.0,-0.0,0.07122822,0.07122822,-0.0,1.0,10.402984,0.4043076,0.0,0.19933882,0.86601776,0.21500623,0.3852785,0.0,0.0,0.0,0.24827,0.1383698,0.44488522,0.0,0.86601776,0.0,1.1851726,1.1851726,0.19933882,-0.0,10.6,16.14769,18.88889,18.88889,2.0
resstock-amy2018-2021-release-1-508005,0.0,0.08343981,0.0,0.0,1.2350922,0.0,0.0,0.0,0.0,0.0,0.0,0.0,0.0,0.0,-0.0051813973,0.0,-0.0051813973,0.95889544,9.89806079864502,9.491205412866975,0.0051813973,0.0,0.0,-0.0,0.0,-0.0,0.07122822,0.07122822,-0.0,1.0,10.402984,0.08343981,0.0,0.19658059,1.4264914,0.35102245,0.64160186,0.0,0.0,0.0,0.246074,0.1383698,0.4497762,0.0,1.4264914,0.0,1.4010904,1.4010904,0.19658059,-0.0,10.733334,15.8125925,18.88889,18.88889,2.0
resstock-amy2018-2021-release-1-508005,0.0,0.29493994,0.38400418,0.0,0.9055209,0.41927135,0.0,0.0,0.0,0.0,0.0,0.0,0.0,0.0,-0.02843698,0.0,-0.02843698,0.9542953,9.898059844970703,9.445671767413387,0.02843698,0.0,0.0,-0.0,0.0,-0.0,0.07122822,0.07122822,-0.0,1.0,10.402984,0.29493994,0.0,0.18498929,1.4813446,0.37229154,0.67218006,0.0,0.0,0.0,0.25132,0.1383698,0.45376348,0.0,1.4813446,0.0,1.479092,1.479092,0.18498929,-0.0,10.6,15.736568,18.88889,18.88889,2.0
resstock-amy2018-2021-release-1-508005,0.0,0.71302736,0.19201237,0.0,1.6789697,0.2096469,0.0,0.0,0.0,0.0,0.0,0.0,0.0,0.0,0.035257783,0.035257783,0.0,0.956106,9.89805793762207,9.463592652775901,-0.0,0.035257783,0.0,-0.0,0.0,-0.0,0.07122822,0.07122822,-0.0,1.0,10.402984,0.71302736,0.0,0.24174596,2.1656203,0.5918207,0.99754685,0.0,0.0,0.0,0.27328,0.1383698,0.4606287,0.0,2.1656203,0.0,2.0991902,2.0991902,0.24174596,-0.0,10.0,16.091879,18.893518,18.893518,2.0
resstock-amy2018-2021-release-1-508005,0.0,0.49447483,0.49009603,0.0,1.5060337,0.5351067,0.0,0.0,0.0,0.0,0.0,0.0,0.0,0.0,0.39123997,0.39123997,0.0,0.9922506,9.898039817810059,9.821336159060422,-0.0,0.39123997,0.0,-0.0,0.0,-0.0,0.07122822,0.07122822,-0.0,1.0,10.402984,0.49447483,0.0,0.31611475,2.748495,0.8470092,1.283742,0.0,0.0,0.0,0.308172,0.1383698,0.46707085,0.0,2.748495,0.0,2.3247397,2.3247397,0.31611475,-0.0,8.33,16.127743,20.0,20.0,2.0
resstock-amy2018-2021-release-1-508005,0.0,0.2951455,1.0351105,0.0,1.4517287,1.1301756,0.0,0.0,0.0,0.0,0.0,0.0,0.0,0.0,-0.36582646,0.0,-0.36582646,0.95185345,9.898022651672363,9.42146704988312,0.36582646,0.0,0.0,-0.0,0.0,-0.0,0.07122822,0.07122822,-0.0,1.0,10.402984,0.2951455,0.0,0.19016261,2.4062405,0.77646977,1.164592,0.0,0.0,0.0,0.32269,0.1383698,0.48398823,0.0,2.4062405,0.0,2.7399979,2.7399979,0.19016261,-0.0,8.885,15.946368,19.99074,19.99074,2.0
resstock-amy2018-2021-release-1-508005,0.929112,0.16424043,0.19201255,0.0,1.2623976,0.20964709,0.0,0.0,0.0,0.0,0.0,0.0,0.0,0.0,0.020993784,0.020993784,0.0,0.952317,9.898021697998047,9.426054323784228,-0.0,0.020993784,0.0,-0.0,0.0,-0.0,0.07122822,0.07122822,-0.0,1.0,10.402984,0.16424043,0.0,0.19004552,1.6552992,0.59778184,0.81737953,0.0,0.0,0.0,0.3611322,0.1383698,0.49379566,0.0,1.6552992,0.0,1.6026827,1.6304675,0.19004552,-0.027784808,9.44,15.581007,17.777779,17.777779,2.0
resstock-amy2018-2021-release-1-508005,0.0,0.15541263,0.0,0.0,0.9678225,0.0,0.0,0.0,0.0,0.0,0.0,0.0,0.0,0.0,-0.8035126,0.0,-0.8035126,0.86720085,9.89798355102539,8.583539762992586,0.8035126,0.0,0.0,-0.0,0.0,-0.0,0.07122822,0.07122822,-0.0,1.0,10.402984,0.15541263,0.0,0.18910523,0.32796288,0.112216175,0.16322182,0.0,0.0,0.0,0.3421612,0.1383698,0.49768382,0.0,0.32796288,0.0,1.1016464,1.1270987,0.18910523,-0.02545226,11.67,15.237126,18.99074,18.99074,2.0
resstock-amy2018-2021-release-1-508005,0.0,0.09601194,0.0,0.0,0.93817866,0.0,0.0,0.0,0.0,0.0,0.0,0.0,0.0,0.0,-1.1410693,0.0,-1.1410693,0.7487389,9.897930145263672,7.410965180038602,1.1410693,0.0,0.0,-0.0,0.0,-0.0,0.07122822,0.07122822,-0.0,1.0,10.402984,0.09601194,0.0,0.27993497,0.014226101,0.0045557353,0.007039081,0.0,0.0,0.0,0.3202378,0.1383698,0.49480042,0.0,0.014226101,0.0,1.1246058,1.1874241,0.27993497,-0.06281827,10.6,15.360706,20.0,20.0,2.0
resstock-amy2018-2021-release-1-508005,0.0,0.31192237,0.0,0.0,1.2832029,0.0,0.0,0.0,0.0,0.0,0.0,0.0,0.0,0.0,0.67971104,0.67971104,0.0,0.8138581,9.897897720336914,8.055484151813857,-0.0,0.67971104,0.0,-0.0,0.0,-0.0,0.07122822,0.07122822,-0.0,1.0,10.402984,0.31192237,0.0,0.27905232,2.1844738,0.67585874,1.0464666,0.0,0.0,0.0,0.309392,0.1383698,0.47904748,0.0,2.1844738,0.0,1.4735905,1.531083,0.27905232,-0.057492524,10.0,15.908846,20.0,20.0,2.0
resstock-amy2018-2021-release-1-508005,0.0,0.14614376,0.0,0.0,2.449911,0.0,0.0,0.0,0.0,0.0,0.0,0.0,0.0,0.0,1.0394865,1.0394865,0.0,0.9155003,9.897849082946777,9.061483638917139,-0.0,1.0394865,0.0,-0.0,0.0,-0.0,0.07122822,0.07122822,-0.0,1.0,10.402984,0.14614376,0.0,0.2807234,3.6803508,1.1095757,1.7564014,0.0,0.0,0.0,0.3014864,0.1383698,0.4772375,0.0,3.6803508,0.0,2.6108985,2.7006688,0.2807234,-0.089770414,11.5,16.638699,20.0,20.0,2.0
resstock-amy2018-2021-release-1-508005,0.61466706,0.4038743,0.0,0.0,1.4065434,0.0,0.0,0.0,0.0,0.0,0.0,0.0,0.0,0.0,0.5571505,0.5571505,0.0,0.968114,9.897822380065918,9.582220598173421,-0.0,0.5571505,0.0,-0.0,0.0,-0.0,0.07122822,0.07122822,-0.0,1.0,10.402984,0.4038743,0.0,0.19052678,2.049526,0.61925447,0.96310496,0.0,0.0,0.0,0.3021452,0.1383698,0.46991596,0.0,2.049526,0.0,1.4634554,1.56815,0.19052678,-0.10469456,12.8,17.585182,19.231482,19.231482,2.0
resstock-amy2018-2021-release-1-508005,2.0973454,0.21613792,0.5760344,0.0,1.3358104,0.6289378,0.0,0.0,0.0,0.0,0.0,0.0,0.0,0.0,0.32881165,0.32881165,0.0,0.9986712,9.897807121276855,9.884654658319846,-0.0,0.32881165,0.0,-0.0,0.0,-0.0,0.07122822,0.07122822,-0.0,1.0,10.402984,0.21613792,0.0,0.8679583,3.0553706,0.93934315,1.4230939,0.0,0.0,0.0,0.30744,0.1383698,0.465768,0.0,3.0553706,0.0,2.698041,2.8041885,0.8679583,-0.106147505,13.3,18.188034,17.777779,17.777779,2.0
resstock-amy2018-2021-release-1-508005,1.8434956,1.0410554,0.0,0.0,2.615108,0.0,0.0,0.0,0.0,0.0,0.0,0.0,0.0,0.0,0.026762962,0.026762962,0.0,0.9996648,9.897806167602539,9.89448825944146,-0.0,0.026762962,0.0,-0.0,0.0,-0.0,0.07122822,0.07122822,-0.0,1.0,10.402984,1.0410554,0.0,0.2863047,2.8347287,0.8998676,1.308307,0.0,0.0,0.0,0.317444,0.1383698,0.46152812,0.0,2.8347287,0.0,2.7794478,2.8728948,0.2863047,-0.09344685,13.3,19.892464,17.777779,17.777779,2.0
resstock-amy2018-2021-release-1-508005,0.0,1.2712479,0.0,0.0,0.85938084,0.0,0.0,0.0,0.0,0.0,0.0,0.0,0.0,0.0,0.016942024,0.016942024,0.0,0.9996751,9.897805213928223,9.894589368330173,-0.0,0.016942024,0.0,-0.0,0.0,-0.0,0.07122822,0.07122822,-0.0,1.0,10.402984,1.2712479,0.0,0.33592644,1.1746793,0.38777056,0.55214167,0.0,0.0,0.0,0.3301076,0.1383698,0.47003612,0.0,1.1746793,0.0,1.129702,1.167272,0.33592644,-0.03757,13.9,20.885283,18.88889,18.88889,2.0
resstock-amy2018-2021-release-1-508005,0.0,0.7272125,0.0,0.0,1.0337461,0.0,0.0,0.0,0.0,0.0,0.0,0.0,0.0,0.0,0.016839027,0.016839027,0.0,0.9997062,9.897804260253906,9.894896371531559,-0.0,0.016839027,0.0,-0.0,0.0,-0.0,0.07122822,0.07122822,-0.0,1.0,10.402984,0.7272125,0.0,0.3433609,1.3935462,0.51580137,0.6925662,0.0,0.0,0.0,0.3701358,0.1383698,0.49698117,0.0,1.3935462,0.0,1.3473046,1.3477044,0.3433609,-0.00039986847,12.2,20.38099,20.449074,20.449074,2.0
resstock-amy2018-2021-release-1-508005,0.0,0.20452738,0.5760362,0.0,0.5207294,0.62893975,0.0,0.0,0.0,0.0,0.0,0.0,0.0,0.0,0.01653099,0.01653099,0.0,0.99970746,9.89780330657959,9.894907807193476,-0.0,0.01653099,0.0,-0.0,0.0,-0.0,0.07122822,0.07122822,-0.0,1.0,10.402984,0.20452738,0.0,0.37668586,1.542886,0.51321477,0.8029152,0.0,0.0,0.0,0.332633,0.1383698,0.52039826,0.0,1.542886,0.0,1.4965502,1.4965502,0.37668586,-0.0,11.7,19.302055,21.24537,21.24537,2.0
resstock-amy2018-2021-release-1-508005,0.0,0.35088992,0.0,0.0,0.0,0.0,0.0,0.0,0.0,0.0,0.0,0.0,0.0,0.0,0.01651764,0.01651764,0.0,0.9997074,9.897802352905273,9.894906263843154,-0.0,0.01651764,0.0,-0.0,0.0,-0.0,0.0,0.0,0.35089004,0.9588224,10.402984,0.0,0.0,0.40955812,0.42607576,0.13946567,0.22108743,0.0,0.0,0.0,0.327326,0.1383698,0.5188923,0.0,0.42607576,0.0,0.5607437,0.5607437,0.40955812,-0.0,10.6,18.808407,22.222221,22.222221,2.0
resstock-amy2018-2021-release-1-508005,0.0,0.3430581,0.5760332,0.0,2.6197476e-08,0.6289364,0.0,0.0,0.0,0.0,0.0,0.0,0.0,0.0,0.016516685,0.016516685,0.0,0.9997073,9.897801399230957,9.89490413053801,-0.0,0.016516685,0.0,-0.0,0.0,-0.0,0.0,0.0,0.34305805,0.9186903,10.402984,5.9604645e-08,0.0,1.6395885,2.2850416,0.7192397,1.1703006,0.0,0.0,0.0,0.31476,0.1383698,0.51215726,0.0,2.2850416,0.0,2.419306,2.419306,1.6395885,-0.0,9.833333,18.381697,22.222221,22.222221,2.0
resstock-amy2018-2021-release-1-508005,0.0,0.44658226,0.19201247,0.0,5.3427023e-08,0.20964701,0.0,0.0,0.0,0.0,0.0,0.0,0.0,0.0,0.01651764,0.01651764,0.0,0.9997072,9.89780044555664,9.894902587187971,-0.0,0.01651764,0.0,-0.0,0.0,-0.0,0.0,0.0,0.44658214,0.8686544,10.402984,1.1920929e-07,0.0,1.5718546,1.7980193,0.556907,0.8904646,0.0,0.0,0.0,0.3097336,0.1383698,0.4952475,0.0,1.7980193,0.0,1.9816501,1.9816501,1.5718546,-0.0,9.066667,17.94658,22.222221,22.222221,2.0
resstock-amy2018-2021-release-1-508005,0.0,2.0795112,0.0,0.0,1.0891818e-07,0.0,0.0,0.0,0.0,0.0,0.0,0.0,0.0,0.0,0.016516685,0.016516685,0.0,0.9997071,9.897799491882324,9.894900453883224,-0.0,0.016516685,0.0,-0.0,0.0,-0.0,0.0,0.0,2.079511,0.65849686,10.402984,2.3841858e-07,0.0,0.3964998,0.41301662,0.12597007,0.1981018,0.0,0.0,0.0,0.305,0.1383698,0.4796461,0.0,0.41301662,0.0,1.3464953,1.3464953,0.3964998,-0.0,8.3,19.733131,21.666666,21.666666,2.0
resstock-amy2018-2021-release-1-508005,0.0,0.7340072,0.28765607,0.0,1.04341176e-07,0.31407458,0.0,0.0,0.0,0.0,0.0,0.0,0.0,0.0,-0.39368978,0.0,-0.39368978,0.95639837,9.897781372070312,9.466221949898681,0.39368978,0.0,0.0,-0.0,0.0,-0.0,0.0,0.0,0.73400694,0.58196044,10.402984,2.3841858e-07,0.0,0.36540928,0.2857942,0.08542389,0.13422944,0.0,0.0,0.0,0.2989,0.1383698,0.46967167,0.0,0.2857942,0.0,1.0007138,1.0007138,0.36540928,-0.0,10.0,18.67883,20.555555,20.555555,2.0
resstock-amy2018-2021-release-1-508005,0.7643146,0.10698664,0.0,0.0,0.81260127,0.0,0.0,0.0,0.0,0.0,0.0,0.0,0.0,0.0,-0.30098826,0.0,-0.30098826,0.9228363,9.897767066955566,9.134018775061122,0.30098826,0.0,0.0,-0.0,0.0,-0.0,1.7497995,1.7497995,-0.0,0.74260634,10.402984,0.10698664,0.0,0.42880887,0.9404219,0.28090852,0.46146378,0.0,0.0,0.0,0.2987048,0.1383698,0.4906987,0.0,0.9404219,0.0,0.47563028,0.47563028,0.42880887,-0.0,10.0,17.556225,18.88889,18.88889,2.0
resstock-amy2018-2021-release-1-508005,0.0,0.14230685,0.0,0.0,0.1268535,0.0,0.0,0.0,0.0,0.0,0.0,0.0,0.0,0.0,-0.8085321,0.0,-0.8085321,0.83726263,9.89772891998291,8.2869985511511,0.8085321,0.0,0.0,-0.0,0.0,-0.0,0.13537154,0.13537154,-0.0,0.75036216,10.402984,0.14230685,0.0,0.18831366,-0.49336496,-0.14569719,0.0,0.0,0.0,0.0,0.2953132,0.1383698,0.4174342,0.0,0.0,-0.49336496,0.2533246,0.2533246,0.18831366,-0.0,8.3,16.753323,18.88889,18.88889,2.0
resstock-amy2018-2021-release-1-508005,0.0,0.13446061,0.0,0.0,0.9476086,0.0,0.0,0.0,0.0,0.0,0.0,0.0,0.0,0.0,-0.9111874,0.0,-0.9111874,0.7415509,9.897686004638672,7.3396381863040006,0.9111874,0.0,0.0,-0.0,0.0,-0.0,2.0308158,2.0308158,-0.0,0.93630576,10.402984,0.13446061,0.0,0.1873195,0.2237407,0.06603537,0.09375614,0.0,0.0,0.0,0.2951424,0.1383698,0.41903928,0.0,0.2237407,0.0,0.24616468,0.24616468,0.1873195,-0.0,10.0,16.297596,18.88889,18.88889,2.0
resstock-amy2018-2021-release-1-508005,0.0,0.22667077,0.2423439,0.0,6.2023695e-08,0.2646009,0.0,0.0,0.0,0.0,0.0,0.0,0.0,0.0,-1.0089805,0.0,-1.0089805,0.6362834,9.897638320922852,6.2977029397907245,1.0089805,0.0,0.0,-0.0,0.0,-0.0,0.0,0.0,0.22667064,0.90776104,10.402984,1.3411045e-07,0.0,0.19658059,-0.547799,-0.15320449,0.0,0.0,0.0,0.0,0.2796728,0.1383698,0.4283313,0.0,0.0,-0.547799,0.5660126,0.5660126,0.19658059,-0.0,7.8,15.84576,18.88889,18.88889,2.0
resstock-amy2018-2021-release-1-508005,0.0,0.4882768,0.0,0.0,0.0,0.0,0.0,0.0,0.0,0.0,0.0,0.0,0.0,0.0,-1.1990752,0.0,-1.1990752,0.51251876,9.897582054138184,5.072696516444125,1.1990752,0.0,0.0,-0.0,0.0,-0.0,0.0,0.0,0.4882769,0.8537012,10.402984,0.0,0.0,0.18498929,-1.0140859,-0.29197562,0.0,0.0,0.0,0.0,0.28792,0.1383698,0.45720956,0.0,0.0,-1.0140859,0.42220402,0.42220402,0.18498929,-0.0,5.733333,15.736304,18.88889,18.88889,2.0
resstock-amy2018-2021-release-1-508005,0.0,0.48551384,0.68781304,0.0,1.4674883e-07,0.7509822,0.0,0.0,0.0,0.0,0.0,0.0,0.0,0.0,-1.1156559,0.0,-1.1156559,0.39711294,9.897529602050781,3.930437037254478,1.1156559,0.0,0.0,-0.0,0.0,-0.0,0.0,0.0,0.48551354,0.800275,10.402984,2.9802322e-07,0.0,0.18524572,-0.1794278,-0.053738233,0.0,0.0,0.0,0.0,0.2994978,0.1383698,0.48741305,0.0,0.0,-0.1794278,1.1752985,1.1752985,0.18524572,-0.0,5.15,15.715272,18.88889,18.88889,2.0
resstock-amy2018-2021-release-1-508005,0.0,0.39927483,0.0,0.0,0.0,0.0,0.0,0.0,0.0,0.0,0.0,0.0,0.0,0.0,-1.0993565,0.0,-1.0993565,0.2834908,9.897478103637695,2.8058440530638222,1.0993565,0.0,0.0,-0.0,0.0,-0.0,0.0,0.0,0.39927486,0.7556808,10.402984,0.0,0.0,0.25197357,-0.84738296,-0.26621568,0.0,0.0,0.0,0.0,0.3141622,0.1383698,0.5114035,0.0,0.0,-0.84738296,0.42671162,0.42671162,0.25197357,-0.0,10.0,15.903998,18.88889,18.88889,2.0
resstock-amy2018-2021-release-1-508005,0.0,0.39145288,0.0,0.0,0.13927895,0.0,0.0,0.0,0.0,0.0,0.0,0.0,0.0,0.0,-0.3708295,0.0,-0.3708295,0.24370524,9.8974609375,2.4120631215919275,0.3708295,0.0,0.0,-0.0,0.0,-0.0,0.0,0.0,0.073201835,0.7434262,10.402984,0.31825104,0.0,0.2761897,0.04463917,0.01642834,0.02382943,0.0,0.0,0.0,0.3680252,0.1383698,0.5338233,0.0,0.04463917,0.0,0.4475046,0.4475046,0.2761897,-0.0,10.0,15.9843855,19.444445,19.444445,2.0
resstock-amy2018-2021-release-1-508005,0.0,0.3214278,0.0,0.0,0.27355826,0.0,0.0,0.0,0.0,0.0,0.0,0.0,0.0,0.0,-0.67190367,0.0,-0.67190367,0.17302692,9.897429466247559,1.7125217301764906,0.67190367,0.0,0.0,-0.0,0.0,-0.0,0.32191032,0.32191032,-0.0,0.7687178,10.402984,0.3214278,0.0,1.4104104,0.98100483,0.43983352,0.5243562,0.0,0.0,0.0,0.44835,0.1383698,0.5345093,0.0,0.98100483,0.0,1.5160267,1.5470868,1.4104104,-0.031060098,11.1,16.204994,20.0,20.0,2.0
resstock-amy2018-2021-release-1-508005,0.0,0.1559747,0.28525546,0.0,1.8150489e-08,0.3114535,0.0,0.0,0.0,0.0,0.0,0.0,0.0,0.0,-1.0172975,0.0,-1.0172975,0.06784578,9.897381782531738,0.6714955541059595,1.0172975,0.0,0.0,-0.0,0.0,-0.0,0.0,0.0,0.15597466,0.74824244,10.402984,4.4703484e-08,0.0,0.5503989,-0.22702518,-0.090586044,0.0,0.0,0.0,0.0,0.3990132,0.1383698,0.56029844,0.0,0.0,-0.22702518,0.8536011,0.92518115,0.5503989,-0.071580045,12.8,16.235527,20.0,20.0,2.0
resstock-amy2018-2021-release-1-508005,0.0,0.056600437,0.17589082,0.0,0.14159538,0.19204473,0.0,0.0,0.0,0.0,0.0,0.0,0.0,0.0,0.31572962,0.31572962,0.0,0.09802755,9.897366523742676,0.9702145886474156,-0.0,0.31572962,0.0,-0.0,0.0,-0.0,0.2921401,0.2921401,-0.0,0.77070236,10.402984,0.056600437,0.0,0.610918,1.1558646,0.39306656,0.6560567,0.0,0.0,0.0,0.3400628,0.1383698,0.5675896,0.0,1.1558646,0.0,0.72152036,0.8259436,0.610918,-0.104423195,12.8,16.45556,20.0,20.0,2.0
resstock-amy2018-2021-release-1-508005,0.0,0.75203025,0.6241074,0.0,0.33254638,0.6814258,0.0,0.0,0.0,0.0,0.0,0.0,0.0,0.0,0.50673115,0.50673115,0.0,0.14693664,9.897342681884766,1.4542822800239605,-0.0,0.50673115,0.0,-0.0,0.0,-0.0,0.07856073,0.07856073,-0.0,0.7729277,10.402984,0.75203025,0.0,0.36982262,1.7481973,0.57716304,0.9758548,0.0,0.0,0.0,0.33014753,0.1383698,0.5582063,0.0,1.7481973,0.0,1.2100126,1.3523412,0.36982262,-0.14232868,13.3,17.994827,20.0,20.0,2.0
resstock-amy2018-2021-release-1-508005,0.7442996,0.78095895,0.9972007,0.0,1.6964266,1.0887842,0.0,0.0,0.0,0.0,0.0,0.0,0.0,0.0,1.1566933,1.1566933,0.0,0.26179957,9.89728832244873,2.5911058655658508,-0.0,1.1566933,0.0,-0.0,0.0,-0.0,2.4697955,2.4697955,-0.0,1.0,10.402984,0.78095895,0.0,0.4618005,4.2491746,1.3348782,2.362465,0.0,0.0,0.0,0.31415,0.1383698,0.55598205,0.0,4.2491746,0.0,2.1203754,2.2749054,0.4618005,-0.15452996,13.9,19.46981,20.0,20.0,2.0
resstock-amy2018-2021-release-1-508005,0.7926971,0.51320326,0.0,0.0,1.3124404,0.0,0.0,0.0,0.0,0.0,0.0,0.0,0.0,0.0,1.2078714,1.2078714,0.0,0.38177347,9.897231101989746,3.7785002793330023,-0.0,1.2078714,0.0,-0.0,0.0,-0.0,0.07122822,0.07122822,-0.0,1.0,10.402984,0.51320326,0.0,0.37047958,2.7464952,0.8628115,1.5146223,0.0,0.0,0.0,0.31415,0.1383698,0.5514746,0.0,2.7464952,0.0,1.5123581,1.6566544,0.37047958,-0.14429624,16.1,20.494198,20.0,20.0,2.0
resstock-amy2018-2021-release-1-508005,1.0619258,0.12331298,0.14940473,0.0,0.6107591,0.16312616,0.0,0.0,0.0,0.0,0.0,0.0,0.0,0.0,1.2665056,1.2665056,0.0,0.50742936,9.897171020507812,5.022115170042525,-0.0,1.2665056,0.0,-0.0,0.0,-0.0,0.07122822,0.07122822,-0.0,1.0,10.402984,0.12331298,0.0,0.36857337,2.2829785,0.72619396,1.224357,0.0,0.0,0.0,0.3180906,0.1383698,0.5362981,0.0,2.2829785,0.0,0.9875368,1.1135228,0.36857337,-0.12598597,12.78,20.806927,20.0,20.0,2.0
resstock-amy2018-2021-release-1-508005,1.3116171,2.9189188,0.2396994,0.0,1.892906,0.26171353,0.0,0.0,0.0,0.0,0.0,0.0,0.0,0.0,0.47713274,0.47713274,0.0,0.55275255,9.897148132324219,5.470673911582253,-0.0,0.47713274,0.0,-0.0,0.0,-0.0,0.07122822,0.07122822,-0.0,1.0,10.402984,2.9189188,0.0,0.89174026,3.4249742,1.1211667,1.8372201,0.0,0.0,0.0,0.3273504,0.1383698,0.5364187,0.0,3.4249742,0.0,2.920691,3.0192094,0.89174026,-0.09851843,15.0,24.227016,20.0,20.0,2.0
resstock-amy2018-2021-release-1-508005,1.2640741,0.72518194,0.6182339,0.0,0.35666865,0.6750129,0.0,0.0,0.0,0.0,0.0,0.0,0.0,0.0,0.93973225,0.93973225,0.0,0.64455277,9.897104263305664,6.379205940940324,-0.0,0.93973225,0.0,-0.0,0.0,-0.0,0.07122822,0.07122822,-0.0,1.0,10.402984,0.72518194,0.0,0.6341135,2.5585604,0.8818078,1.3863473,0.0,0.0,0.0,0.34465,0.1383698,0.54184663,0.0,2.5585604,0.0,1.5907929,1.6377598,0.6341135,-0.04696693,13.9,23.670002,20.0,20.0,2.0
resstock-amy2018-2021-release-1-508005,0.2691585,0.79003525,0.57641405,0.0,1.7223152e-07,0.6293523,0.0,0.0,0.0,0.0,0.0,0.0,0.0,0.0,0.6713405,0.6713405,0.0,0.70899874,9.897072792053223,7.017012136476808,-0.0,0.6713405,0.0,-0.0,0.0,-0.0,0.0,0.0,0.79003483,0.9156707,10.402984,4.172325e-07,0.0,0.3433609,1.6431403,0.6036947,0.93975204,0.0,0.0,0.0,0.367403,0.1383698,0.5719244,0.0,1.6431403,0.0,1.2979223,1.2988358,0.3433609,-0.0009134585,12.2,23.101486,20.0,20.0,2.0
resstock-amy2018-2021-release-1-508005,0.0,0.17965867,0.19213851,0.0,0.0,0.20978463,0.0,0.0,0.0,0.0,0.0,0.0,0.0,0.0,0.34605578,0.34605578,0.0,0.7411144,9.897056579589844,7.334850930770699,-0.0,0.34605578,0.0,-0.0,0.0,-0.0,0.0,0.0,0.17965908,0.8918836,10.402984,0.0,0.0,0.2014718,0.7573122,0.25863317,0.45859855,0.0,0.0,0.0,0.3415146,0.1383698,0.6055608,0.0,0.7573122,0.0,0.48765048,0.48765048,0.2014718,-0.0,11.1,21.616722,20.0,20.0,2.0
resstock-amy2018-2021-release-1-508005,0.0,0.15464862,0.0,0.0,0.0,0.0,0.0,0.0,0.0,0.0,0.0,0.0,0.0,0.0,0.20315921,0.20315921,0.0,0.7593129,9.89704704284668,7.514955765915488,-0.0,0.20315921,0.0,-0.0,0.0,-0.0,0.0,0.0,0.15464896,0.8707135,10.402984,0.0,0.0,0.22982877,0.432988,0.14394686,0.26698434,0.0,0.0,0.0,0.33245,0.1383698,0.6166091,0.0,0.432988,0.0,0.29750913,0.29750913,0.22982877,-0.0,10.0,20.658413,19.88889,19.88889,2.0
resstock-amy2018-2021-release-1-508005,0.0,0.82579,1.344943,0.0,1.8259706e-07,1.4684634,0.0,0.0,0.0,0.0,0.0,0.0,0.0,0.0,0.19165638,0.19165638,0.0,0.7763746,9.897038459777832,7.683809062370301,-0.0,0.19165638,0.0,-0.0,0.0,-0.0,0.0,0.0,0.8257896,0.7837367,10.402984,4.172325e-07,0.0,0.19917321,1.8592932,0.5914237,1.1557951,0.0,0.0,0.0,0.3180906,0.1383698,0.62163144,0.0,1.8592932,0.0,2.0290341,2.0290341,0.19917321,-0.0,10.0,20.532457,19.444445,19.444445,2.0
resstock-amy2018-2021-release-1-508005,0.0,0.5030681,1.8888129,0.0,0.0,2.0622826,0.0,0.0,0.0,0.0,0.0,0.0,0.0,0.0,-0.5189369,0.0,-0.5189369,0.7204839,9.897013664245605,7.130638994425112,0.5189369,0.0,0.0,-0.0,0.0,-0.0,0.0,0.0,0.50306815,0.72905415,10.402984,0.0,0.0,0.32061878,1.8639644,0.57419425,1.1552106,0.0,0.0,0.0,0.30805,0.1383698,0.61976,0.0,1.8639644,0.0,2.606472,2.606472,0.32061878,-0.0,9.4,19.815273,19.444445,19.444445,2.0
resstock-amy2018-2021-release-1-508005,0.0,0.19094072,0.0,0.0,5.297829e-08,0.0,0.0,0.0,0.0,0.0,0.0,0.0,0.0,0.0,0.923614,0.923614,0.0,0.8103658,9.89696979522705,8.020165806979662,-0.0,0.923614,0.0,-0.0,0.0,-0.0,0.0,0.0,0.1909406,0.7054086,10.402984,1.1920929e-07,0.0,0.2958324,1.2194464,0.36821187,0.745777,0.0,0.0,0.0,0.30195,0.1383698,0.6115701,0.0,1.2194464,0.0,0.38068908,0.38068908,0.2958324,-0.0,9.4,19.030216,19.925926,19.925926,2.0
resstock-amy2018-2021-release-1-508005,0.0,0.22810432,0.0,0.0,0.21153122,0.0,0.0,0.0,0.0,0.0,0.0,0.0,0.0,0.0,0.522778,0.522778,0.0,0.8597292,9.896944999694824,8.508692318033468,-0.0,0.522778,0.0,-0.0,0.0,-0.0,0.24249218,0.24249218,-0.0,0.72348666,10.402984,0.22810432,0.0,0.23878051,0.9730897,0.28998986,0.5773501,0.0,0.0,0.0,0.2980094,0.1383698,0.59331644,0.0,0.9730897,0.0,0.34131253,0.34131253,0.23878051,-0.0,8.95,18.261467,19.444445,19.444445,2.0
resstock-amy2018-2021-release-1-508005,0.0,0.1795015,0.0,0.0,0.9092729,0.0,0.0,0.0,0.0,0.0,0.0,0.0,0.0,0.0,0.37850976,0.37850976,0.0,0.89477944,9.896926879882812,8.855566728325357,-0.0,0.37850976,0.0,-0.0,0.0,-0.0,1.8408332,1.8408332,-0.0,0.8917451,10.402984,0.1795015,0.0,0.21726434,1.505047,0.42286706,0.8603849,0.0,0.0,0.0,0.280966,0.1383698,0.5716665,0.0,1.505047,0.0,0.29805112,0.29805112,0.21726434,-0.0,8.9,17.609718,18.88889,18.88889,2.0
resstock-amy2018-2021-release-1-508005,0.0,0.15114844,0.0,0.0,0.78307706,0.0,0.0,0.0,0.0,0.0,0.0,0.0,0.0,0.0,0.5428853,0.5428853,0.0,0.94600695,9.89690113067627,9.362537289862246,-0.0,0.5428853,0.0,-0.0,0.0,-0.0,1.2147266,1.2147266,-0.0,1.0,10.402984,0.15114844,0.0,0.18831366,1.514276,0.40698588,0.8526759,0.0,0.0,0.0,0.268766,0.1383698,0.56309146,0.0,1.514276,0.0,0.42469049,0.42469049,0.18831366,-0.0,8.9,16.961061,18.88889,18.88889,2.0
resstock-amy2018-2021-release-1-508005,0.0,0.20268098,0.0,0.0,1.2494,0.0,0.0,0.0,0.0,0.0,0.0,0.0,0.0,0.0,0.23740102,0.23740102,0.0,0.96718323,9.896889686584473,9.572105756860879,-0.0,0.23740102,0.0,-0.0,0.0,-0.0,0.07122822,0.07122822,-0.0,1.0,10.402984,0.20268098,0.0,0.1873195,1.6741205,0.4360582,0.9412584,0.0,0.0,0.0,0.26047,0.1383698,0.5622405,0.0,1.6741205,0.0,1.4046625,1.4046625,0.1873195,-0.0,8.9,16.48103,18.88889,18.88889,2.0
resstock-amy2018-2021-release-1-508005,0.0,0.39951572,0.0,0.0,1.0802958,0.0,0.0,0.0,0.0,0.0,0.0,0.0,0.0,0.0,0.33707905,0.33707905,0.0,0.99855775,9.896873474121094,9.882599672826927,-0.0,0.33707905,0.0,-0.0,0.0,-0.0,0.07122822,0.07122822,-0.0,1.0,10.402984,0.39951572,0.0,0.18623988,1.6036147,0.4166762,0.90766454,0.0,0.0,0.0,0.2598356,0.1383698,0.5660116,0.0,1.6036147,0.0,1.233996,1.233996,0.18623988,-0.0,8.3,16.246565,18.88889,18.88889,2.0
resstock-amy2018-2021-release-1-508005,0.0,0.30920357,0.0,0.0,1.4604807,0.0,0.0,0.0,0.0,0.0,0.0,0.0,0.0,0.0,0.02695179,0.02695179,0.0,0.9995698,9.896872520446777,9.892614625343526,-0.0,0.02695179,0.0,-0.0,0.0,-0.0,0.07122822,0.07122822,-0.0,1.0,10.402984,0.30920357,0.0,0.18498929,1.6724218,0.44410357,0.9420191,0.0,0.0,0.0,0.2655452,0.1383698,0.56326646,0.0,1.6724218,0.0,1.6125282,1.6125282,0.18498929,-0.0,7.8,16.014214,18.88889,18.88889,2.0
resstock-amy2018-2021-release-1-508005,0.0,0.727316,0.0,0.0,0.85836655,0.0,0.0,0.0,0.0,0.0,0.0,0.0,0.0,0.0,0.016946793,0.016946793,0.0,0.9996116,9.896871566772461,9.893027781538422,-0.0,0.016946793,0.0,-0.0,0.0,-0.0,0.07122822,0.07122822,-0.0,1.0,10.402984,0.727316,0.0,0.18524572,1.060559,0.28788877,0.5966147,0.0,0.0,0.0,0.27145,0.1383698,0.5625474,0.0,1.060559,0.0,1.0101879,1.0101879,0.18524572,-0.0,7.2,16.266975,18.88889,18.88889,2.0
resstock-amy2018-2021-release-1-508005,0.0,0.17051846,0.0,0.0,1.1633013,0.0,0.0,0.0,0.0,0.0,0.0,0.0,0.0,0.0,0.016532898,0.016532898,0.0,0.99960274,9.896870613098145,9.892938933215362,-0.0,0.016532898,0.0,-0.0,0.0,-0.0,0.07122822,0.07122822,-0.0,1.0,10.402984,0.17051846,0.0,0.1878324,1.3676666,0.4011369,0.75873935,0.0,0.0,0.0,0.2933002,0.1383698,0.5547692,0.0,1.3676666,0.0,1.3181919,1.3181919,0.1878324,-0.0,7.8,15.911539,18.88889,18.88889,2.0
resstock-amy2018-2021-release-1-508005,0.0,1.0104141,0.0,0.0,1.4010118,0.0,0.0,0.0,0.0,0.0,0.0,0.0,0.0,0.0,0.016619682,0.016619682,0.0,0.99958557,9.896869659423828,9.89276808889258,-0.0,0.016619682,0.0,-0.0,0.0,-0.0,0.07122822,0.07122822,-0.0,1.0,10.402984,1.0104141,0.0,0.64161265,2.0592442,0.6312852,1.1178619,0.0,0.0,0.0,0.3065616,0.1383698,0.54285055,0.0,2.0592442,0.0,2.0094414,2.0094414,0.64161265,-0.0,7.5,16.672129,19.444445,19.444445,2.0
resstock-amy2018-2021-release-1-508005,0.0,0.29429585,0.0,0.0,0.28755262,0.0,0.0,0.0,0.0,0.0,0.0,0.0,0.0,0.0,-0.4862036,0.0,-0.4862036,0.94670486,9.896846771240234,9.369392981563578,0.4862036,0.0,0.0,-0.0,0.0,-0.0,0.07122822,0.07122822,-0.0,1.0,10.402984,0.29429585,0.0,0.28178522,0.08223148,0.02535147,0.044657484,0.0,0.0,0.0,0.308294,0.1383698,0.54307044,0.0,0.08223148,0.0,0.53726286,0.5381656,0.28178522,-0.0009027594,10.0,16.516098,20.0,20.0,2.0
resstock-amy2018-2021-release-1-508005,0.0,0.22760081,0.0,0.0,0.68363255,0.0,0.0,0.0,0.0,0.0,0.0,0.0,0.0,0.0,-0.22783853,0.0,-0.22783853,0.92085624,9.896836280822754,9.113563419836055,0.22783853,0.0,0.0,-0.0,0.0,-0.0,0.07122822,0.07122822,-0.0,1.0,10.402984,0.22760081,0.0,0.37640277,0.81447005,0.25074846,0.4527345,0.0,0.0,0.0,0.307867,0.1383698,0.5558639,0.0,0.81447005,0.0,1.0125037,1.0302305,0.37640277,-0.01772677,11.7,16.389381,20.0,20.0,2.0
resstock-amy2018-2021-release-1-508005,0.0,0.39487764,0.0,0.0,2.2621574,0.0,0.0,0.0,0.0,0.0,0.0,0.0,0.0,0.0,-0.7521992,0.0,-0.7521992,0.84096074,9.896800994873047,8.322821098604436,0.7521992,0.0,0.0,-0.0,0.0,-0.0,0.07122822,0.07122822,-0.0,1.0,10.402984,0.39487764,0.0,0.3716734,1.776273,0.52098125,0.95959675,0.0,0.0,0.0,0.2933002,0.1383698,0.54023045,0.0,1.776273,0.0,2.4986672,2.6040258,0.3716734,-0.105358586,11.7,16.858849,20.0,20.0,2.0
resstock-amy2018-2021-release-1-508005,0.0,0.4755466,0.0,0.0,2.3890364,0.0,0.0,0.0,0.0,0.0,0.0,0.0,0.0,0.0,0.6305253,0.6305253,0.0,0.90100616,9.896771430969238,8.917052044857599,-0.0,0.6305253,0.0,-0.0,0.0,-0.0,0.07122822,0.07122822,-0.0,1.0,10.402984,0.4755466,0.0,0.36982262,3.316078,0.9159523,1.7086807,0.0,0.0,0.0,0.27621555,0.1383698,0.5152716,0.0,3.316078,0.0,2.6552653,2.728572,0.36982262,-0.07330647,11.1,17.335438,20.0,20.0,2.0
resstock-amy2018-2021-release-1-508005,0.18632554,0.33210963,1.4669657,0.0,1.1043723,1.6016927,0.0,0.0,0.0,0.0,0.0,0.0,0.0,0.0,0.991066,0.991066,0.0,0.998043,9.896724700927734,9.87735681759682,-0.0,0.991066,0.0,-0.0,0.0,-0.0,0.07122822,0.07122822,-0.0,1.0,10.402984,0.33210963,0.0,0.2807234,3.9181843,0.94843644,1.9539423,0.0,0.0,0.0,0.2420602,0.1383698,0.49868566,0.0,3.9181843,0.0,2.896831,2.956501,0.2807234,-0.0596699,11.1,17.792688,20.0,20.0,2.0
resstock-amy2018-2021-release-1-508005,0.0,0.7495008,0.40183797,0.0,1.1709907,0.43874303,0.0,0.0,0.0,0.0,0.0,0.0,0.0,0.0,0.031889915,0.031889915,0.0,0.9995343,9.896722793579102,9.892113977957592,-0.0,0.031889915,0.0,-0.0,0.0,-0.0,0.07122822,0.07122822,-0.0,1.0,10.402984,0.7495008,0.0,0.60674584,2.163245,0.5051075,1.062321,0.0,0.0,0.0,0.2334953,0.1383698,0.4910775,0.0,2.163245,0.0,2.10155,2.1866746,0.60674584,-0.08512461,11.7,18.927853,20.0,20.0,2.0
resstock-amy2018-2021-release-1-508005,0.0,0.19368929,0.15996917,0.0,1.1913517,0.17466083,0.0,0.0,0.0,0.0,0.0,0.0,0.0,0.0,0.017148018,0.017148018,0.0,0.99959564,9.896721839904785,9.892720022144204,-0.0,0.017148018,0.0,-0.0,0.0,-0.0,0.07122822,0.07122822,-0.0,1.0,10.402984,0.19368929,0.0,0.2796783,1.6101998,0.40929645,0.77997863,0.0,0.0,0.0,0.25418985,0.1383698,0.48439866,0.0,1.6101998,0.0,1.563247,1.615886,0.2796783,-0.05263898,11.7,19.001997,20.0,20.0,2.0
resstock-amy2018-2021-release-1-508005,0.0,0.5049026,0.25095075,0.0,0.90840137,0.27399823,0.0,0.0,0.0,0.0,0.0,0.0,0.0,0.0,0.016541481,0.016541481,0.0,0.9995981,9.896720886230469,9.89274325436736,-0.0,0.016541481,0.0,-0.0,0.0,-0.0,0.07122822,0.07122822,-0.0,1.0,10.402984,0.5049026,0.0,0.2863047,1.4465107,0.41912648,0.68389076,0.0,0.0,0.0,0.28975,0.1383698,0.47278655,0.0,1.4465107,0.0,1.4005666,1.4393017,0.2863047,-0.038735107,12.2,19.512272,20.0,20.0,2.0
resstock-amy2018-2021-release-1-508005,0.0,0.18719131,0.192259,0.0,1.5199819,0.20991617,0.0,0.0,0.0,0.0,0.0,0.0,0.0,0.0,0.016515732,0.016515732,0.0,0.99959815,9.896719932556152,9.892742890966815,-0.0,0.016515732,0.0,-0.0,0.0,-0.0,0.07122822,0.07122822,-0.0,1.0,10.402984,0.18719131,0.0,0.33592644,2.0672605,0.6246381,0.9684531,0.0,0.0,0.0,0.3021574,0.1383698,0.46847174,0.0,2.0672605,0.0,2.021342,2.0364218,0.33592644,-0.015079749,12.2,19.293915,20.0,20.0,2.0
resstock-amy2018-2021-release-1-508005,0.0,0.60859334,0.5767745,0.0,0.0,0.6297458,0.0,0.0,0.0,0.0,0.0,0.0,0.0,0.0,0.016514778,0.016514778,0.0,0.999598,9.896718978881836,9.892740757894899,-0.0,0.016514778,0.0,-0.0,0.0,-0.0,0.0,0.0,0.6085938,0.93349963,10.402984,0.0,0.0,0.3433609,0.98962146,0.30812475,0.48021865,0.0,0.0,0.0,0.3113562,0.1383698,0.48525488,0.0,0.98962146,0.0,1.231891,1.231891,0.3433609,0.0,11.1,19.331573,20.0,20.0,2.0
resstock-amy2018-2021-release-1-508005,0.0,0.81008804,0.18511482,0.0,0.0,0.20211586,0.0,0.0,0.0,0.0,0.0,0.0,0.0,0.0,0.016514778,0.016514778,0.0,0.99958247,9.89671802520752,9.892585843219365,-0.0,0.016514778,0.0,-0.0,0.0,-0.0,0.0,0.0,0.8100883,0.8476453,10.402984,0.0,0.0,0.5518999,0.7705306,0.23754996,0.400894,0.0,0.0,0.0,0.308294,0.1383698,0.52028304,0.0,0.7705306,0.0,1.098479,1.098479,0.5518999,-0.0,11.1,19.442095,20.0,20.0,2.0
resstock-amy2018-2021-release-1-508005,0.0,0.49807358,0.16447389,0.0,0.0,0.17957927,0.0,0.0,0.0,0.0,0.0,0.0,0.0,0.0,0.016667366,0.016667366,0.0,0.9995832,9.896717071533203,9.892591968626903,-0.0,0.016667366,0.0,-0.0,0.0,-0.0,0.0,0.0,0.49807364,0.7930255,10.402984,0.0,0.0,1.4422219,1.6384685,0.5147249,0.874236,0.0,0.0,0.0,0.31415,0.1383698,0.533569,0.0,1.6384685,0.0,1.8364027,1.8364027,1.4422219,-0.0,10.6,19.128204,20.50926,20.50926,2.0
resstock-amy2018-2021-release-1-508005,0.0,0.084879965,0.18498467,0.0,0.0,0.20197377,0.0,0.0,0.0,0.0,0.0,0.0,0.0,0.0,0.016659737,0.016659737,0.0,0.99959713,9.896716117858887,9.892729049668276,-0.0,0.016659737,0.0,-0.0,0.0,-0.0,0.0,0.0,0.08488032,0.77937317,10.402984,0.0,0.0,0.51096326,0.72959673,0.22484128,0.39233577,0.0,0.0,0.0,0.308172,0.1383698,0.53774333,0.0,0.72959673,0.0,0.7490295,0.7490295,0.51096326,-0.0,11.1,18.49923,21.11111,21.11111,2.0
resstock-amy2018-2021-release-1-508005,0.0,0.52434206,0.0,0.0,0.0,0.0,0.0,0.0,0.0,0.0,0.0,0.0,0.0,0.0,0.0165205,0.0165205,0.0,0.9995976,9.89671516418457,9.892732815499699,-0.0,0.0165205,0.0,-0.0,0.0,-0.0,0.0,0.0,0.5243423,0.7226294,10.402984,0.0,0.0,0.44322944,0.45974994,0.1408912,0.24684162,0.0,0.0,0.0,0.3064518,0.1383698,0.5369041,0.0,0.45974994,0.0,0.6626359,0.6626359,0.44322944,-0.0,11.7,18.463562,21.11111,21.11111,2.0
resstock-amy2018-2021-release-1-508005,0.0,0.11787125,0.19225918,0.0,0.26295352,0.20991637,0.0,0.0,0.0,0.0,0.0,0.0,0.0,0.0,0.016514778,0.016514778,0.0,0.99959755,9.896714210510254,9.892731272318997,-0.0,0.016514778,0.0,-0.0,0.0,-0.0,0.50052726,0.50052726,-0.0,0.7648568,10.402984,0.11787125,0.0,0.2958324,0.78521705,0.23276629,0.41884908,0.0,0.0,0.0,0.2964356,0.1383698,0.53341824,0.0,0.78521705,0.0,0.55586964,0.55586964,0.2958324,-0.0,11.1,17.713448,21.11111,21.11111,2.0
resstock-amy2018-2021-release-1-508005,0.0,0.18060657,0.0,0.0,0.8821909,0.0,0.0,0.0,0.0,0.0,0.0,0.0,0.0,0.0,-0.082224645,0.0,-0.082224645,0.9891538,9.896710395812988,9.789368719219226,0.082224645,0.0,0.0,-0.0,0.0,-0.0,1.8668897,1.8668897,-0.0,0.93528837,10.402984,0.18060657,0.0,0.19141321,0.99137944,0.2907718,0.53855467,0.0,0.0,0.0,0.2933002,0.1383698,0.5432377,0.0,0.99137944,0.0,0.26923013,0.26923013,0.19141321,-0.0,10.6,17.136297,19.824074,19.824074,2.0
resstock-amy2018-2021-release-1-508005,0.0,0.3934402,0.0,0.0,0.54861057,0.0,0.0,0.0,0.0,0.0,0.0,0.0,0.0,0.0,-0.22493339,0.0,-0.22493339,0.9635442,9.896699905395508,9.535907693324248,0.22493339,0.0,0.0,-0.0,0.0,-0.0,0.7547779,0.7547779,-0.0,1.0,10.402984,0.3934402,0.0,0.18956426,0.5132414,0.14282584,0.27655828,0.0,0.0,0.0,0.278282,0.1383698,0.5388464,0.0,0.5132414,0.0,0.40785483,0.40785483,0.18956426,-0.0,10.0,17.03453,18.88889,18.88889,2.0
resstock-amy2018-2021-release-1-508005,0.0,0.29465136,0.0,0.0,1.2199076,0.0,0.0,0.0,0.0,0.0,0.0,0.0,0.0,0.0,0.37285805,0.37285805,0.0,0.99801755,9.896682739257812,9.877063055759209,-0.0,0.37285805,0.0,-0.0,0.0,-0.0,0.07122822,0.07122822,-0.0,1.0,10.402984,0.29465136,0.0,0.20555991,1.7983255,0.48003784,1.023559,0.0,0.0,0.0,0.266936,0.1383698,0.56917334,0.0,1.7983255,0.0,1.3938448,1.3938448,0.20555991,-0.0,9.44,16.691353,18.88889,18.88889,2.0
resstock-amy2018-2021-release-1-508005,0.0,0.75617135,0.0,0.0,1.0340314,0.0,0.0,0.0,0.0,0.0,0.0,0.0,0.0,0.0,0.032100677,0.032100677,0.0,0.9995292,9.89668083190918,9.892021305448338,-0.0,0.032100677,0.0,-0.0,0.0,-0.0,0.07122822,0.07122822,-0.0,1.0,10.402984,0.75617135,0.0,0.1873195,1.2534516,0.32046142,0.7260574,0.0,0.0,0.0,0.2556632,0.1383698,0.57924646,0.0,1.2534516,0.0,1.1879265,1.1879265,0.1873195,-0.0,7.2,16.600742,18.88889,18.88889,2.0
resstock-amy2018-2021-release-1-508005,0.0,0.20973599,0.0,0.0,2.0815382,0.0,0.0,0.0,0.0,0.0,0.0,0.0,0.0,0.0,0.017157555,0.017157555,0.0,0.99958146,9.896679878234863,9.892537684076729,-0.0,0.017157555,0.0,-0.0,0.0,-0.0,0.07122822,0.07122822,-0.0,1.0,10.402984,0.20973599,0.0,0.18623988,2.2849357,0.56449336,1.3242472,0.0,0.0,0.0,0.24705,0.1383698,0.5795556,0.0,2.2849357,0.0,2.2343538,2.2343538,0.18623988,-0.0,7.2,16.016048,18.88889,18.88889,2.0
resstock-amy2018-2021-release-1-508005,0.0,0.35061112,0.0,0.0,0.85191244,0.0,0.0,0.0,0.0,0.0,0.0,0.0,0.0,0.0,0.01663971,0.01663971,0.0,0.99959344,9.896678924560547,9.89265529829595,-0.0,0.01663971,0.0,-0.0,0.0,-0.0,0.07122822,0.07122822,-0.0,1.0,10.402984,0.35061112,0.0,0.18498929,1.0535414,0.26104861,0.62219274,0.0,0.0,0.0,0.247782,0.1383698,0.59057266,0.0,1.0535414,0.0,1.0039599,1.0039599,0.18498929,-0.0,7.8,15.597617,18.88889,18.88889,2.0
resstock-amy2018-2021-release-1-508005,0.0,0.10479277,0.0,0.0,0.42998245,0.0,0.0,0.0,0.0,0.0,0.0,0.0,0.0,0.0,0.016519547,0.016519547,0.0,0.9995859,9.89667797088623,9.892580019124523,-0.0,0.016519547,0.0,-0.0,0.0,-0.0,0.07122822,0.07122822,-0.0,1.0,10.402984,0.10479277,0.0,0.18524572,0.6317477,0.15607327,0.3775154,0.0,0.0,0.0,0.24705,0.1383698,0.59757304,0.0,0.6317477,0.0,0.5831712,0.5831712,0.18524572,-0.0,8.9,15.256532,18.976852,18.976852,2.0
resstock-amy2018-2021-release-1-508005,0.0,0.3904713,1.0048529,0.0,0.71750987,1.0971391,0.0,0.0,0.0,0.0,0.0,0.0,0.0,0.0,-0.29247582,0.0,-0.29247582,0.96684784,9.8966646194458,9.568568780541398,0.29247582,0.0,0.0,-0.0,0.0,-0.0,0.07122822,0.07122822,-0.0,1.0,10.402984,0.3904713,0.0,0.1878324,1.7100055,0.45742172,1.0165988,0.0,0.0,0.0,0.2674972,0.1383698,0.5945003,0.0,1.7100055,0.0,1.9699417,1.9699417,0.1878324,-0.0,8.3,15.292181,20.0,20.0,2.0
resstock-amy2018-2021-release-1-508005,0.0,0.853617,0.22819363,0.0,2.0112092,0.24915107,0.0,0.0,0.0,0.0,0.0,0.0,0.0,0.0,0.34016895,0.34016895,0.0,0.9985136,9.896648406982422,9.881937824608485,-0.0,0.34016895,0.0,-0.0,0.0,-0.0,0.07122822,0.07122822,-0.0,1.0,10.402984,0.853617,0.0,0.2761897,2.876719,0.77527,1.7099308,0.0,0.0,0.0,0.269498,0.1383698,0.59440315,0.0,2.876719,0.0,2.5053778,2.5053778,0.2761897,-0.0,10.0,16.089321,19.824074,19.824074,2.0
resstock-amy2018-2021-release-1-508005,0.0,0.4863234,0.0,0.0,1.29127,0.0,0.0,0.0,0.0,0.0,0.0,0.0,0.0,0.0,-0.35318977,0.0,-0.35318977,0.95942414,9.896632194519043,9.495067813013861,0.35318977,0.0,0.0,-0.0,0.0,-0.0,0.07122822,0.07122822,-0.0,1.0,10.402984,0.4863234,0.0,0.28178522,1.2147602,0.32737544,0.7337637,0.0,0.0,0.0,0.269498,0.1383698,0.60403997,0.0,1.2147602,0.0,1.5367777,1.5418831,0.28178522,-0.005105369,10.0,15.990431,18.518518,18.518518,2.0
resstock-amy2018-2021-release-1-508005,0.0,0.2488609,2.3389425,0.0,0.7944896,2.5537524,0.0,0.0,0.0,0.0,0.0,0.0,0.0,0.0,0.41351318,0.41351318,0.0,0.998028,9.896613121032715,9.877096805267968,-0.0,0.41351318,0.0,-0.0,0.0,-0.0,0.07122822,0.07122822,-0.0,1.0,10.402984,0.2488609,0.0,0.282754,3.9952643,1.0796403,2.46006,0.0,0.0,0.0,0.27023,0.1383698,0.615744,0.0,3.9952643,0.0,3.5514636,3.6007085,0.282754,-0.04924489,11.1,15.889328,20.078703,20.078703,2.0
resstock-amy2018-2021-release-1-508005,0.0,1.3081924,2.9613488,0.0,1.2945744,3.2333207,0.0,0.0,0.0,0.0,0.0,0.0,0.0,0.0,-0.49665946,0.0,-0.49665946,0.9440732,9.896589279174805,9.343104712111199,0.49665946,0.0,0.0,-0.0,0.0,-0.0,0.07122822,0.07122822,-0.0,1.0,10.402984,1.3081924,0.0,0.27993497,4.236368,1.1416928,2.6293306,0.0,0.0,0.0,0.269498,0.1383698,0.6206568,0.0,4.236368,0.0,4.703625,4.7784276,0.27993497,-0.074802235,12.2,17.426872,21.11111,21.11111,2.0
resstock-amy2018-2021-release-1-508005,0.0,0.34046704,0.0,0.0,1.4173653,0.0,0.0,0.0,0.0,0.0,0.0,0.0,0.0,0.0,0.5652027,0.5652027,0.0,0.99812275,9.896562576293945,9.87798427114842,-0.0,0.5652027,0.0,-0.0,0.0,-0.0,0.07122822,0.07122822,-0.0,1.0,10.402984,0.34046704,0.0,0.27905232,2.1363783,0.55732256,1.3204874,0.0,0.0,0.0,0.2608726,0.1383698,0.61809623,0.0,2.1363783,0.0,1.5422555,1.6674975,0.27905232,-0.125242,12.8,17.546219,21.11111,21.11111,2.0
resstock-amy2018-2021-release-1-508005,0.0,0.08510783,0.0,0.0,1.3818538,0.0,0.0,0.0,0.0,0.0,0.0,0.0,0.0,0.0,0.030940056,0.030940056,0.0,0.99952185,9.896560668945312,9.891828643698318,-0.0,0.030940056,0.0,-0.0,0.0,-0.0,0.07122822,0.07122822,-0.0,1.0,10.402984,0.08510783,0.0,0.2807234,1.6032232,0.41748893,0.98435396,0.0,0.0,0.0,0.260406,0.1383698,0.61398435,0.0,1.6032232,0.0,1.5437653,1.6340593,0.2807234,-0.09029397,13.3,17.75262,21.11111,21.11111,2.0
resstock-amy2018-2021-release-1-508005,0.13414165,1.0120906,0.0,0.0,1.9948002,0.0,0.0,0.0,0.0,0.0,0.0,0.0,0.0,0.0,0.01710987,0.01710987,0.0,0.9995794,9.896559715270996,9.892397515454832,-0.0,0.01710987,0.0,-0.0,0.0,-0.0,0.07122822,0.07122822,-0.0,1.0,10.402984,1.0120906,0.0,0.28050318,2.2142832,0.5003518,1.3224908,0.0,0.0,0.0,0.22596559,0.1383698,0.5972546,0.0,2.2142832,0.0,2.1686554,2.2467854,0.28050318,-0.07812999,13.3,19.431576,20.648148,20.648148,2.0
resstock-amy2018-2021-release-1-508005,0.30128908,0.452108,0.0,0.0,1.7307391,0.0,0.0,0.0,0.0,0.0,0.0,0.0,0.0,0.0,0.016539574,0.016539574,0.0,0.99958175,9.89655876159668,9.892419567535512,-0.0,0.016539574,0.0,-0.0,0.0,-0.0,0.07122822,0.07122822,-0.0,1.0,10.402984,0.452108,0.0,0.2796783,1.9861844,0.45194897,1.1324688,0.0,0.0,0.0,0.22754633,0.1383698,0.5701731,0.0,1.9861844,0.0,1.9416095,1.9823822,0.2796783,-0.040772732,13.9,19.64191,20.0,20.0,2.0
resstock-amy2018-2021-release-1-508005,0.36050314,0.11597045,0.0,0.0,1.1694896,0.0,0.0,0.0,0.0,0.0,0.0,0.0,0.0,0.0,0.016515732,0.016515732,0.0,0.99958175,9.896557807922363,9.892418614260066,-0.0,0.016515732,0.0,-0.0,0.0,-0.0,0.07122822,0.07122822,-0.0,1.0,10.402984,0.11597045,0.0,0.38273486,1.4968768,0.40010074,0.84192437,0.0,0.0,0.0,0.26729035,0.1383698,0.562454,0.0,1.4968768,0.0,1.4532106,1.525074,0.38273486,-0.071863405,15.0,19.95454,20.0,20.0,2.0
resstock-amy2018-2021-release-1-508005,0.5702895,0.55706483,0.0,0.0,0.0,0.0,0.0,0.0,0.0,0.0,0.0,0.0,0.0,0.0,0.016514778,0.016514778,0.0,0.99958163,9.896556854248047,9.892416481223108,-0.0,0.016514778,0.0,-0.0,0.0,-0.0,0.0,0.0,0.557065,0.93856305,10.402984,0.0,0.0,0.8998442,0.88439995,0.25421563,0.50355655,0.0,0.0,0.0,0.2874442,0.1383698,0.5693765,0.0,0.88439995,0.0,1.0839994,1.1159585,0.8998442,-0.03195904,14.4,20.548141,20.0,20.0,2.0
resstock-amy2018-2021-release-1-508005,0.0,0.18872371,0.38474843,0.0,0.2620359,0.42008394,0.0,0.0,0.0,0.0,0.0,0.0,0.0,0.0,0.016514778,0.016514778,0.0,0.9995816,9.89655590057373,9.892414938067077,-0.0,0.016514778,0.0,-0.0,0.0,-0.0,0.465755,0.465755,-0.0,0.9760742,10.402984,0.18872371,0.0,0.48809308,1.1859266,0.3478325,0.6970791,0.0,0.0,0.0,0.2933002,0.1383698,0.5877928,0.0,1.1859266,0.0,0.9829359,0.98373705,0.48809308,-0.00080115645,13.3,20.05088,21.037037,21.037037,2.0
resstock-amy2018-2021-release-1-508005,0.0,3.212421,0.3422915,0.0,1.7390276,0.37372777,0.0,0.0,0.0,0.0,0.0,0.0,0.0,0.0,0.016514778,0.016514778,0.0,0.99958146,9.896554946899414,9.892412805030517,-0.0,0.016514778,0.0,-0.0,0.0,-0.0,0.32395658,0.32395658,-0.0,1.0,10.402984,3.212421,0.0,0.5518999,2.68117,0.79113066,1.5949717,0.0,0.0,0.0,0.2950692,0.1383698,0.594879,0.0,2.68117,0.0,2.5331225,2.5331225,0.5518999,-0.0,12.8,23.173893,21.023148,21.023148,2.0
resstock-amy2018-2021-release-1-508005,0.49969035,0.30112648,0.0,0.0,0.46981093,0.0,0.0,0.0,0.0,0.0,0.0,0.0,0.0,0.0,0.016514778,0.016514778,0.0,0.9995814,9.896553993225098,9.89241126187477,-0.0,0.016514778,0.0,-0.0,0.0,-0.0,0.07122822,0.07122822,-0.0,1.0,10.402984,0.30112648,0.0,1.7179126,2.2042382,0.6508062,1.2484212,0.0,0.0,0.0,0.2952522,0.1383698,0.5663731,0.0,2.2042382,0.0,2.1583207,2.1583207,1.7179126,-0.0,12.2,21.85815,20.0,20.0,2.0
resstock-amy2018-2021-release-1-508005,0.0,0.22729312,0.23944286,0.0,9.226688e-08,0.26143342,0.0,0.0,0.0,0.0,0.0,0.0,0.0,0.0,0.016513824,0.016513824,0.0,0.9995813,9.896553039550781,9.892409128838608,-0.0,0.016513824,0.0,-0.0,0.0,-0.0,0.0,0.0,0.2272929,0.9709675,10.402984,2.2351742e-07,0.0,1.6395885,1.9175358,0.56241363,1.0466074,0.0,0.0,0.0,0.2933002,0.1383698,0.54580855,0.0,1.9175358,0.0,1.9948473,1.9948473,1.6395885,-0.0,12.2,20.960352,20.0,20.0,2.0
resstock-amy2018-2021-release-1-508005,0.2456801,0.3545238,1.16305,0.0,0.0,1.2698653,0.0,0.0,0.0,0.0,0.0,0.0,0.0,0.0,0.016514778,0.016514778,0.0,0.99958116,9.896552085876465,9.892406995802673,-0.0,0.016514778,0.0,-0.0,0.0,-0.0,0.0,0.0,0.35452384,0.9296273,10.402984,0.0,0.0,0.7694721,2.0558522,0.593476,1.1051774,0.0,0.0,0.0,0.2886764,0.1383698,0.5375763,0.0,2.0558522,0.0,2.1819465,2.1819465,0.7694721,-0.0,13.133333,20.360481,19.916666,19.916666,2.0
resstock-amy2018-2021-release-1-508005,0.36618924,0.35109568,0.0,0.0,1.5511671e-07,0.0,0.0,0.0,0.0,0.0,0.0,0.0,0.0,0.0,0.016514778,0.016514778,0.0,0.99956405,9.896551132202148,9.892236746848766,-0.0,0.016514778,0.0,-0.0,0.0,-0.0,0.0,0.0,0.3510953,0.88890094,10.402984,3.874302e-07,0.0,0.2958324,0.31234732,0.08417697,0.16425525,0.0,0.0,0.0,0.269498,0.1383698,0.5258737,0.0,0.31234732,0.0,0.43640172,0.43640172,0.2958324,-0.0,13.3,19.74673,18.88889,18.88889,2.0
resstock-amy2018-2021-release-1-508005,0.45648792,1.119884,0.92296517,0.0,0.5260572,1.0077308,0.0,0.0,0.0,0.0,0.0,0.0,0.0,0.0,0.016682625,0.016682625,0.0,0.99958026,9.896550178527832,9.89239624104755,-0.0,0.016682625,0.0,-0.0,0.0,-0.0,0.17576106,0.17576106,-0.0,0.89947486,10.402984,1.119884,0.0,0.23878051,1.7892511,0.4092912,0.915766,0.0,0.0,0.0,0.22875,0.1383698,0.51181525,0.0,1.7892511,0.0,1.7012061,1.7012061,0.23878051,-0.0,12.8,20.103073,18.88889,18.88889,2.0
resstock-amy2018-2021-release-1-508005,0.0,0.19769353,0.0,0.0,1.4670088,0.0,0.0,0.0,0.0,0.0,0.0,0.0,0.0,0.0,0.016521454,0.016521454,0.0,0.999555,9.896549224853516,9.89214517852588,-0.0,0.016521454,0.0,-0.0,0.0,-0.0,1.133076,1.133076,-0.0,1.0,10.402984,0.19769353,0.0,0.18956426,1.6730945,0.2630518,0.8788411,0.0,0.0,0.0,0.15722471,0.1383698,0.5252788,0.0,1.6730945,0.0,1.196522,1.196522,0.18956426,-0.0,12.8,19.162794,18.88889,18.88889,2.0
resstock-amy2018-2021-release-1-508005,0.0,0.45092925,0.0,0.0,1.4049855,0.0,0.0,0.0,0.0,0.0,0.0,0.0,0.0,0.0,0.016770363,0.016770363,0.0,0.9995797,9.8965482711792,9.892389025577302,-0.0,0.016770363,0.0,-0.0,0.0,-0.0,0.07122822,0.07122822,-0.0,1.0,10.402984,0.45092925,0.0,0.18831366,1.6100695,0.25332853,0.8140108,0.0,0.0,0.0,0.15734012,0.1383698,0.50557494,0.0,1.6100695,0.0,1.5642183,1.5642183,0.18831366,-0.0,12.6,18.655704,18.88889,18.88889,2.0
resstock-amy2018-2021-release-1-508005,0.0,0.4741397,0.0,0.0,2.0370579,0.0,0.0,0.0,0.0,0.0,0.0,0.0,0.0,0.0,-0.02951433,0.0,-0.02951433,0.9947984,9.896547317504883,9.845069653314113,0.02951433,0.0,0.0,-0.0,0.0,-0.0,0.07122822,0.07122822,-0.0,1.0,10.402984,0.4741397,0.0,0.1873195,2.194863,0.32182327,1.1409698,0.0,0.0,0.0,0.14662567,0.1383698,0.5198364,0.0,2.194863,0.0,2.1954575,2.1954575,0.1873195,-0.0,12.8,18.307846,18.88889,18.88889,2.0
resstock-amy2018-2021-release-1-508005,0.0,1.046246,0.0,0.0,1.9094604,0.0,0.0,0.0,0.0,0.0,0.0,0.0,0.0,0.0,0.024314197,0.024314197,0.0,0.9955077,9.896546363830566,9.852088278153587,-0.0,0.024314197,0.0,-0.0,0.0,-0.0,0.07122822,0.07122822,-0.0,1.0,10.402984,1.046246,0.0,0.18623988,2.1200144,0.3171526,1.1568813,0.0,0.0,0.0,0.14959925,0.1383698,0.545695,0.0,2.1200144,0.0,2.0668607,2.0668607,0.18623988,-0.0,12.9,18.71867,18.88889,18.88889,2.0
resstock-amy2018-2021-release-1-508005,0.0,0.29781342,0.0,0.0,1.74317,0.0,0.0,0.0,0.0,0.0,0.0,0.0,0.0,0.0,0.05677128,0.05677128,0.0,0.9992959,9.896543502807617,9.889575250840267,-0.0,0.05677128,0.0,-0.0,0.0,-0.0,0.07122822,0.07122822,-0.0,1.0,10.402984,0.29781342,0.0,0.18498929,1.9849306,0.31774014,1.1220472,0.0,0.0,0.0,0.1600762,0.1383698,0.5652828,0.0,1.9849306,0.0,1.8993198,1.8993198,0.18498929,-0.0,12.9,18.221668,18.88889,18.88889,2.0
resstock-amy2018-2021-release-1-508005,0.0,0.21648186,0.6319713,0.0,0.9490481,0.6900119,0.0,0.0,0.0,0.0,0.0,0.0,0.0,0.0,0.019325256,0.019325256,0.0,0.99956834,9.8965425491333,9.89227063887472,-0.0,0.019325256,0.0,-0.0,0.0,-0.0,0.07122822,0.07122822,-0.0,1.0,10.402984,0.21648186,0.0,0.18524572,1.843631,0.36495817,1.0517204,0.0,0.0,0.0,0.19795619,0.1383698,0.5704614,0.0,1.843631,0.0,1.7953857,1.7953857,0.18524572,-0.0,12.8,17.762466,18.972221,18.972221,2.0
resstock-amy2018-2021-release-1-508005,0.0,0.2630806,0.0,0.0,1.5677391,0.0,0.0,0.0,0.0,0.0,0.0,0.0,0.0,0.0,-0.48631904,0.0,-0.48631904,0.9466758,9.896519660949707,9.368795443933323,0.48631904,0.0,0.0,-0.0,0.0,-0.0,0.07122822,0.07122822,-0.0,1.0,10.402984,0.2630806,0.0,0.31611475,1.3975348,0.39933148,0.8141715,0.0,0.0,0.0,0.2857399,0.1383698,0.5825769,0.0,1.3975348,0.0,1.8550143,1.8550143,0.31611475,-0.0,12.9,17.480661,20.0,20.0,2.0
resstock-amy2018-2021-release-1-508005,0.0,0.2731602,0.1831826,0.0,0.6571816,0.2000062,0.0,0.0,0.0,0.0,0.0,0.0,0.0,0.0,0.5394087,0.5394087,0.0,0.99814725,9.896493911743164,9.878158174946748,-0.0,0.5394087,0.0,-0.0,0.0,-0.0,0.07122822,0.07122822,-0.0,1.0,10.402984,0.2731602,0.0,0.19016261,1.5867591,0.49341998,0.93212795,0.0,0.0,0.0,0.31096086,0.1383698,0.5874414,0.0,1.5867591,0.0,1.0181891,1.0181891,0.19016261,-0.0,12.5,17.11068,19.833334,19.833334,2.0
resstock-amy2018-2021-release-1-508005,1.4204761,1.7126738,0.1779995,0.0,1.6628942,0.19434707,0.0,0.0,0.0,0.0,0.0,0.0,0.0,0.0,-0.29492334,0.0,-0.29492334,0.9651546,9.896479606628418,9.551632699587856,0.29492334,0.0,0.0,-0.0,0.0,-0.0,0.07122822,0.07122822,-0.0,1.0,10.402984,1.7126738,0.0,0.88722074,2.4464343,0.7693195,1.4542966,0.0,0.0,0.0,0.3144656,0.1383698,0.5944556,0.0,2.4464343,0.0,2.7133224,2.716427,0.88722074,-0.0031046956,13.9,19.218382,17.777779,17.777779,2.0
resstock-amy2018-2021-release-1-508005,0.24668592,0.19243227,0.20865269,0.0,0.825009,0.22781548,0.0,0.0,0.0,0.0,0.0,0.0,0.0,0.0,-0.6478968,0.0,-0.6478968,0.89576596,9.896449089050293,8.864902220987062,0.6478968,0.0,0.0,-0.0,0.0,-0.0,0.07122822,0.07122822,-0.0,1.0,10.402984,0.19243227,0.0,0.5809411,0.97650945,0.3324485,0.58474565,0.0,0.0,0.0,0.34044576,0.1383698,0.59881204,0.0,0.97650945,0.0,1.5963709,1.6057302,0.5809411,-0.009359232,13.9,18.344269,17.777779,17.777779,2.0
resstock-amy2018-2021-release-1-508005,0.16303171,0.42495793,0.39421317,0.0,0.61200774,0.43041795,0.0,0.0,0.0,0.0,0.0,0.0,0.0,0.0,0.3854049,0.3854049,0.0,0.93143463,9.896430969238281,9.217878531489987,-0.0,0.3854049,0.0,-0.0,0.0,-0.0,0.07122822,0.07122822,-0.0,1.0,10.402984,0.42495793,0.0,0.578122,1.9767671,0.63633764,1.1660911,0.0,0.0,0.0,0.32190827,0.1383698,0.58989805,0.0,1.9767671,0.0,1.5646943,1.5938798,0.578122,-0.029185554,15.6,18.327253,17.777779,17.777779,2.0
resstock-amy2018-2021-release-1-508005,0.0,0.18106373,0.47438586,0.0,1.2853731,0.51795375,0.0,0.0,0.0,0.0,0.0,0.0,0.0,0.0,0.68996525,0.68996525,0.0,0.9973302,9.896398544311523,9.869977028155517,-0.0,0.68996525,0.0,-0.0,0.0,-0.0,0.07122822,0.07122822,-0.0,1.0,10.402984,0.18106373,0.0,0.27905232,2.7293396,0.86278534,1.5073049,0.0,0.0,0.0,0.31611505,0.1383698,0.5522599,0.0,2.7293396,0.0,2.0122237,2.0552285,0.27905232,-0.043004837,15.0,18.127602,17.777779,17.777779,2.0
resstock-amy2018-2021-release-1-508005,0.053108208,0.4488525,0.21004252,0.0,1.6402009,0.22933295,0.0,0.0,0.0,0.0,0.0,0.0,0.0,0.0,0.038609505,0.038609505,0.0,0.9994187,9.89639663696289,9.890643623089773,-0.0,0.038609505,0.0,-0.0,0.0,-0.0,0.07122822,0.07122822,-0.0,1.0,10.402984,0.4488525,0.0,0.2807234,2.1587884,0.6403834,1.1094725,0.0,0.0,0.0,0.2966402,0.1383698,0.51393294,0.0,2.1587884,0.0,2.0932698,2.123348,0.2807234,-0.030078247,15.3,18.611156,17.777779,17.777779,2.0
resstock-amy2018-2021-release-1-508005,0.08264504,0.20878528,0.0,0.0,1.1295284,0.0,0.0,0.0,0.0,0.0,0.0,0.0,0.0,0.0,0.017965317,0.017965317,0.0,0.9995593,9.896395683288574,9.892034176010952,-0.0,0.017965317,0.0,-0.0,0.0,-0.0,0.07122822,0.07122822,-0.0,1.0,10.402984,0.20878528,0.0,0.28050318,1.405383,0.4253156,0.6825974,0.0,0.0,0.0,0.30263323,0.1383698,0.48570204,0.0,1.405383,0.0,1.3607498,1.3833637,0.28050318,-0.022613907,15.6,18.70232,17.777779,17.777779,2.0
resstock-amy2018-2021-release-1-508005,0.20415008,0.5298631,0.0,0.0,1.380034,0.0,0.0,0.0,0.0,0.0,0.0,0.0,0.0,0.0,0.016573906,0.016573906,0.0,0.99956506,9.896394729614258,9.8920904402529,-0.0,0.016573906,0.0,-0.0,0.0,-0.0,0.07122822,0.07122822,-0.0,1.0,10.402984,0.5298631,0.0,0.2796783,1.6457723,0.5071879,0.77953863,0.0,0.0,0.0,0.30817622,0.1383698,0.47366127,0.0,1.6457723,0.0,1.6029327,1.6334466,0.2796783,-0.030513862,16.1,19.364565,17.777779,17.777779,2.0
resstock-amy2018-2021-release-1-508005,0.0,0.3250261,0.0,0.0,0.4069394,0.0,0.0,0.0,0.0,0.0,0.0,0.0,0.0,0.0,0.016515732,0.016515732,0.0,0.9995652,9.896393775939941,9.892090666735442,-0.0,0.016515732,0.0,-0.0,0.0,-0.0,0.07122822,0.07122822,-0.0,1.0,10.402984,0.3250261,0.0,0.2863047,0.6890217,0.21887858,0.33841726,0.0,0.0,0.0,0.31766573,0.1383698,0.49115616,0.0,0.6890217,0.0,0.6439881,0.6647262,0.2863047,-0.020738142,13.3,19.239536,17.777779,17.777779,2.0
resstock-amy2018-2021-release-1-508005,0.0063234344,0.9603195,0.0,0.0,0.4275114,0.0,0.0,0.0,0.0,0.0,0.0,0.0,0.0,0.0,0.016513824,0.016513824,0.0,0.9995651,9.896392822265625,9.89208912360482,-0.0,0.016513824,0.0,-0.0,0.0,-0.0,0.07122822,0.07122822,-0.0,1.0,10.402984,0.9603195,0.0,0.33592644,0.77592915,0.25812945,0.40027887,0.0,0.0,0.0,0.3326714,0.1383698,0.5158704,0.0,0.77592915,0.0,0.73138005,0.7354026,0.33592644,-0.004022543,13.9,19.981533,17.777779,17.777779,2.0
resstock-amy2018-2021-release-1-508005,0.0,0.057262953,0.38496593,0.0,0.26823184,0.42032143,0.0,0.0,0.0,0.0,0.0,0.0,0.0,0.0,0.01651287,0.01651287,0.0,0.999565,9.896391868591309,9.892086990603389,-0.0,0.01651287,0.0,-0.0,0.0,-0.0,0.07122822,0.07122822,-0.0,1.0,10.402984,0.057262953,0.0,0.48809308,1.1931592,0.3995315,0.6554887,0.0,0.0,0.0,0.3348518,0.1383698,0.5493724,0.0,1.1931592,0.0,1.1486111,1.1486111,0.48809308,0.0,13.9,19.333662,18.935184,18.935184,2.0
resstock-amy2018-2021-release-1-508005,0.0,0.13472766,0.38496882,0.0,0.0,0.4203246,0.0,0.0,0.0,0.0,0.0,0.0,0.0,0.0,0.016513824,0.016513824,0.0,0.99955773,9.896390914916992,9.89201407309838,-0.0,0.016513824,0.0,-0.0,0.0,-0.0,0.0,0.0,0.13472798,0.9800632,10.402984,0.0,0.0,0.5518999,0.9887383,0.32114613,0.561376,0.0,0.0,0.0,0.32480398,0.1383698,0.56777,0.0,0.9887383,0.0,1.0268252,1.0268252,0.5518999,-0.0,12.866667,18.73374,20.675926,20.675926,2.0
resstock-amy2018-2021-release-1-508005,0.0,0.39386162,0.0,0.0,0.0,0.0,0.0,0.0,0.0,0.0,0.0,0.0,0.0,0.0,0.016584396,0.016584396,0.0,0.99956095,9.896389961242676,9.892044972869485,-0.0,0.016584396,0.0,-0.0,0.0,-0.0,0.0,0.0,0.39386198,0.93479663,10.402984,0.0,0.0,0.58928746,0.60587186,0.19237913,0.3413708,0.0,0.0,0.0,0.31752446,0.1383698,0.5634373,0.0,0.60587186,0.0,0.7469793,0.7469793,0.58928746,-0.0,13.3,18.732754,21.11111,21.11111,2.0
resstock-amy2018-2021-release-1-508005,0.0,0.09032321,0.0,0.0,5.667726e-08,0.0,0.0,0.0,0.0,0.0,0.0,0.0,0.0,0.0,0.016551971,0.016551971,0.0,0.9995646,9.89638900756836,9.89208000172971,-0.0,0.016551971,0.0,-0.0,0.0,-0.0,0.0,0.0,0.09032307,0.9196599,10.402984,1.4156103e-07,0.0,0.35506824,0.37162027,0.116831064,0.21584454,0.0,0.0,0.0,0.3143829,0.1383698,0.58082014,0.0,0.37162027,0.0,0.39123124,0.39123124,0.35506824,-0.0,13.3,18.28622,21.11111,21.11111,2.0
resstock-amy2018-2021-release-1-508005,0.0,0.38295197,0.0,0.0,0.0,0.0,0.0,0.0,0.0,0.0,0.0,0.0,0.0,0.0,0.016514778,0.016514778,0.0,0.99955773,9.896388053894043,9.892011213340766,-0.0,0.016514778,0.0,-0.0,0.0,-0.0,0.0,0.0,0.38295224,0.87587,10.402984,0.0,0.0,0.32061878,0.33713356,0.10525022,0.19957516,0.0,0.0,0.0,0.31219146,0.1383698,0.5919765,0.0,0.33713356,0.0,0.4761049,0.4761049,0.32061878,-0.0,12.8,18.148552,21.38426,21.38426,2.0
resstock-amy2018-2021-release-1-508005,0.0,0.1975289,0.0,0.0,1.5083339e-07,0.0,0.0,0.0,0.0,0.0,0.0,0.0,0.0,0.0,0.016581535,0.016581535,0.0,0.99956423,9.896387100219727,9.892074555987733,-0.0,0.016581535,0.0,-0.0,0.0,-0.0,0.0,0.0,0.19752853,0.85059357,10.402984,3.7252903e-07,0.0,0.195165,0.21174668,0.06021684,0.12624142,0.0,0.0,0.0,0.2843815,0.1383698,0.59619075,0.0,0.21174668,0.0,0.27514252,0.27514252,0.195165,-0.0,12.9,17.877705,20.555555,20.555555,2.0
resstock-amy2018-2021-release-1-508005,0.701927,0.40475255,0.0,0.0,0.5801449,0.0,0.0,0.0,0.0,0.0,0.0,0.0,0.0,0.0,0.016516685,0.016516685,0.0,0.9995644,9.89638614654541,9.892075372340742,-0.0,0.016516685,0.0,-0.0,0.0,-0.0,1.0006539,1.0006539,-0.0,0.93899363,10.402984,0.40475255,0.0,0.19141321,0.7880748,0.19164452,0.47061846,0.0,0.0,0.0,0.24318062,0.1383698,0.5971749,0.0,0.7880748,0.0,0.35849315,0.35849315,0.19141321,-0.0,12.2,17.61871,18.88889,18.88889,2.0
resstock-amy2018-2021-release-1-508005,0.0,0.110039085,0.0,0.0,1.3050611,0.0,0.0,0.0,0.0,0.0,0.0,0.0,0.0,0.0,0.016513824,0.016513824,0.0,0.99956435,9.896385192871094,9.892073829211313,-0.0,0.016513824,0.0,-0.0,0.0,-0.0,0.71563965,0.71563965,-0.0,1.0,10.402984,0.110039085,0.0,0.18956426,1.5111392,0.3778026,0.8661264,0.0,0.0,0.0,0.2500118,0.1383698,0.57316124,0.0,1.5111392,0.0,1.1903232,1.1903232,0.18956426,-0.0,11.1,16.983711,18.88889,18.88889,2.0
resstock-amy2018-2021-release-1-508005,0.0,0.49181712,0.0,0.0,1.4921724,0.0,0.0,0.0,0.0,0.0,0.0,0.0,0.0,0.0,0.01651287,0.01651287,0.0,0.99956423,9.896384239196777,9.89207169621153,-0.0,0.01651287,0.0,-0.0,0.0,-0.0,0.07122822,0.07122822,-0.0,1.0,10.402984,0.49181712,0.0,0.18831366,1.6969988,0.3922358,1.0051103,0.0,0.0,0.0,0.23113498,0.1383698,0.59228694,0.0,1.6969988,0.0,1.6493137,1.6493137,0.18831366,-0.0,10.0,16.745028,18.88889,18.88889,2.0
resstock-amy2018-2021-release-1-508005,0.0,0.15842222,0.0,0.0,1.8452498,0.0,0.0,0.0,0.0,0.0,0.0,0.0,0.0,0.0,0.016513824,0.016513824,0.0,0.9995642,9.896383285522461,9.892070153082386,-0.0,0.016513824,0.0,-0.0,0.0,-0.0,0.07122822,0.07122822,-0.0,1.0,10.402984,0.15842222,0.0,0.1873195,2.049083,0.4851477,1.2069657,0.0,0.0,0.0,0.23676333,0.1383698,0.5890272,0.0,2.049083,0.0,2.0012844,2.0012844,0.1873195,-0.0,9.86,16.274454,18.88889,18.88889,2.0
resstock-amy2018-2021-release-1-508005,0.0,0.31873304,0.0,0.0,1.9210552,0.0,0.0,0.0,0.0,0.0,0.0,0.0,0.0,0.0,0.01651287,0.01651287,0.0,0.99956405,9.896382331848145,9.892068020083002,-0.0,0.01651287,0.0,-0.0,0.0,-0.0,0.07122822,0.07122822,-0.0,1.0,10.402984,0.31873304,0.0,0.18623988,2.123808,0.4733522,1.2485906,0.0,0.0,0.0,0.22287901,0.1383698,0.58790183,0.0,2.123808,0.0,2.0758977,2.0758977,0.18623988,-0.0,9.72,15.872173,18.88889,18.88889,2.0
resstock-amy2018-2021-release-1-508005,0.0,0.3531748,1.0597306,0.0,1.4170729,1.1570569,0.0,0.0,0.0,0.0,0.0,0.0,0.0,0.0,0.016513824,0.016513824,0.0,0.99956393,9.896381378173828,9.892065887083845,-0.0,0.016513824,0.0,-0.0,0.0,-0.0,0.07122822,0.07122822,-0.0,1.0,10.402984,0.3531748,0.0,0.18498929,2.7756329,0.6191988,1.6307923,0.0,0.0,0.0,0.22308382,0.1383698,0.5875389,0.0,2.7756329,0.0,2.727609,2.727609,0.18498929,-0.0,9.58,15.865945,18.88889,18.88889,2.0
resstock-amy2018-2021-release-1-508005,0.0,0.46995062,0.0,0.0,1.9740167,0.0,0.0,0.0,0.0,0.0,0.0,0.0,0.0,0.0,0.016513824,0.016513824,0.0,0.9995639,9.896380424499512,9.892064343955155,-0.0,0.016513824,0.0,-0.0,0.0,-0.0,0.07122822,0.07122822,-0.0,1.0,10.402984,0.46995062,0.0,0.24174596,2.2322764,0.572593,1.3192743,0.0,0.0,0.0,0.2565063,0.1383698,0.59099954,0.0,2.2322764,0.0,2.18414,2.18414,0.24174596,-0.0,9.44,16.011017,18.972221,18.972221,2.0
resstock-amy2018-2021-release-1-508005,0.0,0.22679426,1.0402517,0.0,0.0,1.135789,0.0,0.0,0.0,0.0,0.0,0.0,0.0,0.0,0.01651287,0.01651287,0.0,0.99956375,9.896379470825195,9.892062210956396,-0.0,0.01651287,0.0,-0.0,0.0,-0.0,0.0,0.0,0.22679472,0.9710164,10.402984,0.0,0.0,0.1878324,1.3401343,0.38969567,0.7950759,0.0,0.0,0.0,0.29078853,0.1383698,0.5932808,0.0,1.3401343,0.0,1.421467,1.421467,0.1878324,-0.0,10.55,15.759071,20.0,20.0,2.0
resstock-amy2018-2021-release-1-508005,0.0,0.53507406,0.78732955,0.0,1.4081984,0.8596384,0.0,0.0,0.0,0.0,0.0,0.0,0.0,0.0,-0.023006862,0.0,-0.023006862,0.9954837,9.896378517150879,9.851683467827854,0.023006862,0.0,0.0,-0.0,0.0,-0.0,0.37738165,0.37738165,-0.0,1.0,10.402984,0.53507406,0.0,0.19016261,2.4349926,0.7924814,1.4336183,0.0,0.0,0.0,0.32545537,0.1383698,0.58875674,0.0,2.4349926,0.0,2.3000875,2.3000875,0.19016261,-0.0,11.7,16.018084,19.833334,19.833334,2.0
resstock-amy2018-2021-release-1-508005,1.2761455,0.24939609,0.0,0.0,0.82292557,0.0,0.0,0.0,0.0,0.0,0.0,0.0,0.0,0.0,-0.16034052,0.0,-0.16034052,0.97670937,9.896370887756348,9.665878133944716,0.16034052,0.0,0.0,-0.0,0.0,-0.0,0.07122822,0.07122822,-0.0,1.0,10.402984,0.24939609,0.0,1.4104104,2.0525522,0.7797038,1.2138189,0.0,0.0,0.0,0.37987038,0.1383698,0.5913705,0.0,2.0525522,0.0,2.1834097,2.203853,1.4104104,-0.02044331,12.1,15.976532,17.777779,17.777779,2.0
resstock-amy2018-2021-release-1-508005,0.027796537,0.16491126,0.0,0.0,5.8650635e-09,0.0,0.0,0.0,0.0,0.0,0.0,0.0,0.0,0.0,-0.45890114,0.0,-0.45890114,0.9266814,9.89634895324707,9.17076249640536,0.45890114,0.0,0.0,-0.0,0.0,-0.0,0.0,0.0,0.16491124,0.9770973,10.402984,1.4901161e-08,0.0,0.282754,-0.21384658,-0.0769198,0.0,0.0,0.0,0.0,0.3596962,0.1383698,0.59937876,0.0,0.0,-0.21384658,0.3099633,0.34766272,0.282754,-0.037699442,13.9,15.905077,17.777779,17.777779,2.0
resstock-amy2018-2021-release-1-508005,0.0,0.5641104,0.0,0.0,1.3827406,0.0,0.0,0.0,0.0,0.0,0.0,0.0,0.0,0.0,0.11347899,0.11347899,0.0,0.9359792,9.896343231201172,9.262771296647543,-0.0,0.11347899,0.0,-0.0,0.0,-0.0,0.3131501,0.3131501,-0.0,1.0,10.402984,0.5641104,0.0,0.27993497,1.7285197,0.595197,1.0374709,0.0,0.0,0.0,0.34433916,0.1383698,0.60020775,0.0,1.7285197,0.0,1.4878956,1.5355306,0.27993497,-0.0476349,12.8,16.463917,17.777779,17.777779,2.0
resstock-amy2018-2021-release-1-508005,0.0,1.436189,0.0,0.0,2.2721357,0.0,0.0,0.0,0.0,0.0,0.0,0.0,0.0,0.0,0.6449585,0.6449585,0.0,0.9980244,9.896312713623047,9.876761598295388,-0.0,0.6449585,0.0,-0.0,0.0,-0.0,0.07122822,0.07122822,-0.0,1.0,10.402984,1.436189,0.0,0.27905232,3.1449656,1.0207604,1.9014343,0.0,0.0,0.0,0.32456967,0.1383698,0.6045962,0.0,3.1449656,0.0,2.471972,2.5231528,0.27905232,-0.051180843,13.9,18.308674,17.777779,17.777779,2.0
resstock-amy2018-2021-release-1-508005,0.1962886,0.7020663,0.0,0.0,1.5428658,0.0,0.0,0.0,0.0,0.0,0.0,0.0,0.0,0.0,0.031661987,0.031661987,0.0,0.99949366,9.896310806274414,9.891299893838209,-0.0,0.031661987,0.0,-0.0,0.0,-0.0,0.07122822,0.07122822,-0.0,1.0,10.402984,0.7020663,0.0,0.2807234,1.7947876,0.5490066,1.0944633,0.0,0.0,0.0,0.30588943,0.1383698,0.60980105,0.0,1.7947876,0.0,1.7359751,1.7964386,0.2807234,-0.060463477,15.0,18.681221,17.777779,17.777779,2.0
resstock-amy2018-2021-release-1-508005,0.6112406,0.42363793,0.0,0.0,0.98149186,0.0,0.0,0.0,0.0,0.0,0.0,0.0,0.0,0.0,0.017137527,0.017137527,0.0,0.9995541,9.896309852600098,9.891897064804596,-0.0,0.017137527,0.0,-0.0,0.0,-0.0,0.07122822,0.07122822,-0.0,1.0,10.402984,0.42363793,0.0,1.4091283,2.328199,0.68792033,1.4267809,0.0,0.0,0.0,0.2954732,0.1383698,0.61282605,0.0,2.328199,0.0,2.2830262,2.362585,1.4091283,-0.079558805,13.9,19.024635,17.777779,17.777779,2.0
resstock-amy2018-2021-release-1-508005,0.62518144,0.38294348,0.0,0.0,1.0739188,0.0,0.0,0.0,0.0,0.0,0.0,0.0,0.0,0.0,0.016539574,0.016539574,0.0,0.99955654,9.896308898925781,9.891920296060562,-0.0,0.016539574,0.0,-0.0,0.0,-0.0,0.07122822,0.07122822,-0.0,1.0,10.402984,0.38294348,0.0,0.2796783,1.3005004,0.39169127,0.79316044,0.0,0.0,0.0,0.30118504,0.1383698,0.6098887,0.0,1.3005004,0.0,1.2563277,1.3259641,0.2796783,-0.069636315,14.4,19.421108,17.777779,17.777779,2.0
resstock-amy2018-2021-release-1-508005,0.82396287,0.60001725,0.0,0.0,1.3303621,0.0,0.0,0.0,0.0,0.0,0.0,0.0,0.0,0.0,0.016513824,0.016513824,0.0,0.99955654,9.896307945251465,9.89191934280916,-0.0,0.016513824,0.0,-0.0,0.0,-0.0,0.07122822,0.07122822,-0.0,1.0,10.402984,0.60001725,0.0,1.4149299,2.7022455,0.81807715,1.6334953,0.0,0.0,0.0,0.30273977,0.1383698,0.6044955,0.0,2.7022455,0.0,2.6576965,2.7172568,1.4149299,-0.059560288,13.9,19.998096,17.777779,17.777779,2.0
resstock-amy2018-2021-release-1-508005,0.58551973,0.42169988,0.0,0.0,0.29020596,0.0,0.0,0.0,0.0,0.0,0.0,0.0,0.0,0.0,0.01651287,0.01651287,0.0,0.9995564,9.896306991577148,9.891917209826033,-0.0,0.01651287,0.0,-0.0,0.0,-0.0,0.07122822,0.07122822,-0.0,1.0,10.402984,0.42169988,0.0,0.44839418,0.7279283,0.22746558,0.4410518,0.0,0.0,0.0,0.31248352,0.1383698,0.6059001,0.0,0.7279283,0.0,0.6828975,0.71008223,0.44839418,-0.027184749,13.3,20.02216,17.944445,17.944445,2.0
resstock-amy2018-2021-release-1-508005,0.0,1.0794475,0.6048848,0.0,0.20609786,0.66043776,0.0,0.0,0.0,0.0,0.0,0.0,0.0,0.0,0.016513824,0.016513824,0.0,0.99955636,9.896306037902832,9.89191566670894,-0.0,0.016513824,0.0,-0.0,0.0,-0.0,0.0,0.0,0.5718418,0.937111,10.402984,0.50760573,0.0,0.48809308,1.3706168,0.43779296,0.842389,0.0,0.0,0.0,0.3194131,0.1383698,0.6146058,0.0,1.3706168,0.0,1.5862819,1.5868076,0.48809308,-0.0005257042,12.8,20.613523,20.439816,20.439816,2.0
resstock-amy2018-2021-release-1-508005,0.0,0.9894953,0.3528722,0.0,0.0,0.3852802,0.0,0.0,0.0,0.0,0.0,0.0,0.0,0.0,0.01651287,0.01651287,0.0,0.99955624,9.896305084228516,9.89191353372621,-0.0,0.01651287,0.0,-0.0,0.0,-0.0,0.0,0.0,0.98949546,0.8336033,10.402984,0.0,0.0,0.5518999,0.953693,0.32120317,0.58039016,0.0,0.0,0.0,0.33679935,0.1383698,0.6085713,0.0,0.953693,0.0,1.3512259,1.3512259,0.5518999,-0.0,11.7,20.339817,21.11111,21.11111,2.0
resstock-amy2018-2021-release-1-508005,0.0,0.38007337,1.1555148,0.0,7.482314e-08,1.261638,0.0,0.0,0.0,0.0,0.0,0.0,0.0,0.0,0.016513824,0.016513824,0.0,0.9995562,9.8963041305542,9.891911990609401,-0.0,0.016513824,0.0,-0.0,0.0,-0.0,0.0,0.0,0.3800732,0.7906727,10.402984,1.7881393e-07,0.0,0.58928746,1.8674394,0.59734213,1.1131694,0.0,0.0,0.0,0.3198723,0.1383698,0.596094,0.0,1.8674394,0.0,2.009964,2.009964,0.58928746,-0.0,11.7,19.687653,21.11111,21.11111,2.0
resstock-amy2018-2021-release-1-508005,0.0,0.8461753,0.0,0.0,7.452025e-08,0.0,0.0,0.0,0.0,0.0,0.0,0.0,0.0,0.0,0.01651287,0.01651287,0.0,0.99955606,9.896303176879883,9.89190985762707,-0.0,0.01651287,0.0,-0.0,0.0,-0.0,0.0,0.0,0.84617513,0.7022289,10.402984,1.7881393e-07,0.0,0.51096326,0.5274762,0.15897451,0.30729088,0.0,0.0,0.0,0.3013871,0.1383698,0.5825682,0.0,0.5274762,0.0,0.86360466,0.86360466,0.51096326,-0.0,11.85,19.768593,21.11111,21.11111,2.0
resstock-amy2018-2021-release-1-508005,0.0,0.14012997,0.0,0.0,0.0,0.0,0.0,0.0,0.0,0.0,0.0,0.0,0.0,0.0,0.01651287,0.01651287,0.0,0.99955595,9.896302223205566,9.891907724644966,-0.0,0.01651287,0.0,-0.0,0.0,-0.0,0.0,0.0,0.14013015,0.68375576,10.402984,0.0,0.0,0.57351947,0.59003234,0.16983062,0.3355779,0.0,0.0,0.0,0.28783274,0.1383698,0.56874496,0.0,0.59003234,0.0,0.6321557,0.6321557,0.57351947,-0.0,11.7,18.852575,20.953703,20.953703,2.0
resstock-amy2018-2021-release-1-508005,0.0,0.55103517,1.2249087,0.0,7.60347e-08,1.3374051,0.0,0.0,0.0,0.0,0.0,0.0,0.0,0.0,0.016513824,0.016513824,0.0,0.9995559,9.89630126953125,9.891906181528611,-0.0,0.016513824,0.0,-0.0,0.0,-0.0,0.0,0.0,0.551035,0.6250295,10.402984,1.7881393e-07,0.0,0.3964998,1.7504188,0.4900579,0.94983876,0.0,0.0,0.0,0.2799661,0.1383698,0.54263514,0.0,1.7504188,0.0,1.9682143,1.9682143,0.3964998,-0.0,11.1,18.70382,20.555555,20.555555,2.0
resstock-amy2018-2021-release-1-508005,0.6680486,0.23703583,0.0,0.0,0.31013817,0.0,0.0,0.0,0.0,0.0,0.0,0.0,0.0,0.0,0.01651287,0.01651287,0.0,0.99955577,9.896300315856934,9.891904048546905,-0.0,0.01651287,0.0,-0.0,0.0,-0.0,0.49232858,0.49232858,-0.0,0.6671396,10.402984,0.23703583,0.0,0.48960027,0.8162513,0.21828517,0.42935768,0.0,0.0,0.0,0.267424,0.1383698,0.52601165,0.0,0.8162513,0.0,0.590392,0.590392,0.48960027,-0.0,11.1,18.014856,18.88889,18.88889,2.0
resstock-amy2018-2021-release-1-508005,0.0,0.08365888,0.0,0.0,1.284873,0.0,0.0,0.0,0.0,0.0,0.0,0.0,0.0,0.0,0.016513824,0.016513824,0.0,0.99955565,9.896299362182617,9.891901915565427,-0.0,0.016513824,0.0,-0.0,0.0,-0.0,2.93803,2.93803,-0.0,0.93895125,10.402984,0.08365888,0.0,0.18956426,1.4909511,0.35927948,0.82079023,0.0,0.0,0.0,0.24097335,0.1383698,0.5505145,0.0,1.4909511,0.0,0.22513723,0.22513723,0.18956426,-0.0,11.1,17.216518,18.88889,18.88889,2.0
resstock-amy2018-2021-release-1-508005,0.0,0.7084171,0.0,0.0,1.8344368,0.0,0.0,0.0,0.0,0.0,0.0,0.0,0.0,0.0,0.016513824,0.016513824,0.0,0.99955195,9.8962984085083,9.891864390663102,-0.0,0.016513824,0.0,-0.0,0.0,-0.0,0.7160871,0.7160871,-0.0,1.0,10.402984,0.7084171,0.0,0.18831366,2.0392642,0.44027957,1.0580062,0.0,0.0,0.0,0.2159012,0.1383698,0.5188176,0.0,2.0392642,0.0,1.718258,1.718258,0.18831366,-0.0,11.1,17.340267,18.88889,18.88889,2.0
resstock-amy2018-2021-release-1-508005,0.0,0.16838261,0.0,0.0,1.1199651,0.0,0.0,0.0,0.0,0.0,0.0,0.0,0.0,0.0,0.01654911,0.01654911,0.0,0.9995449,9.896297454833984,9.89179383331134,-0.0,0.01654911,0.0,-0.0,0.0,-0.0,0.07122822,0.07122822,-0.0,1.0,10.402984,0.16838261,0.0,0.1873195,1.3238337,0.268085,0.6894114,0.0,0.0,0.0,0.20250656,0.1383698,0.5207689,0.0,1.3238337,0.0,1.2769569,1.2769569,0.1873195,-0.0,11.05,16.795498,18.88889,18.88889,2.0
resstock-amy2018-2021-release-1-508005,0.0,0.16560149,0.0,0.0,2.1900208,0.0,0.0,0.0,0.0,0.0,0.0,0.0,0.0,0.0,0.016617775,0.016617775,0.0,0.99955493,9.896296501159668,9.89189197743093,-0.0,0.016617775,0.0,-0.0,0.0,-0.0,0.07122822,0.07122822,-0.0,1.0,10.402984,0.16560149,0.0,0.18623988,2.3928785,0.48098004,1.2490188,0.0,0.0,0.0,0.20100479,0.1383698,0.5219733,0.0,2.3928785,0.0,2.3459573,2.3459573,0.18623988,-0.0,11.08,16.404879,18.88889,18.88889,2.0
resstock-amy2018-2021-release-1-508005,0.0,0.3234622,0.0,0.0,1.3874809,0.0,0.0,0.0,0.0,0.0,0.0,0.0,0.0,0.0,0.01651764,0.01651764,0.0,0.9995517,9.896295547485352,9.891859171461306,-0.0,0.01651764,0.0,-0.0,0.0,-0.0,0.07122822,0.07122822,-0.0,1.0,10.402984,0.3234622,0.0,0.19780183,1.6018003,0.3255796,0.84066063,0.0,0.0,0.0,0.20325854,0.1383698,0.52482235,0.0,1.6018003,0.0,1.5547942,1.5547942,0.19780183,-0.0,10.85,16.297338,18.967592,18.967592,2.0
resstock-amy2018-2021-release-1-508005,0.0,0.16188693,0.0,0.0,0.62239975,0.0,0.0,0.0,0.0,0.0,0.0,0.0,0.0,0.0,0.01654911,0.01654911,0.0,0.99955505,9.896294593811035,9.891891250661445,-0.0,0.01654911,0.0,-0.0,0.0,-0.0,0.07122822,0.07122822,-0.0,1.0,10.402984,0.16188693,0.0,0.18524572,0.82419455,0.1912991,0.44186512,0.0,0.0,0.0,0.2321043,0.1383698,0.5361175,0.0,0.82419455,0.0,0.7771971,0.7771971,0.18524572,-0.0,10.9,16.08369,20.0,20.0,2.0
resstock-amy2018-2021-release-1-508005,0.0,0.06486571,0.4142783,0.0,1.1355065,0.45232585,0.0,0.0,0.0,0.0,0.0,0.0,0.0,0.0,0.016514778,0.016514778,0.0,0.9995551,9.896293640136719,9.891890887276531,-0.0,0.016514778,0.0,-0.0,0.0,-0.0,0.07122822,0.07122822,-0.0,1.0,10.402984,0.06486571,0.0,0.1878324,1.7921795,0.5012436,0.9662978,0.0,0.0,0.0,0.27968383,0.1383698,0.5391747,0.0,1.7921795,0.0,1.7450824,1.7450824,0.1878324,-0.0,10.733334,15.891163,20.0,20.0,2.0
resstock-amy2018-2021-release-1-508005,0.0,0.5908027,0.0,0.0,0.9025408,0.0,0.0,0.0,0.0,0.0,0.0,0.0,0.0,0.0,0.01651287,0.01651287,0.0,0.999555,9.896292686462402,9.891888754296474,-0.0,0.01651287,0.0,-0.0,0.0,-0.0,0.07122822,0.07122822,-0.0,1.0,10.402984,0.5908027,0.0,0.3622168,1.2812705,0.38397545,0.700811,0.0,0.0,0.0,0.29968336,0.1383698,0.5469657,0.0,1.2812705,0.0,1.234068,1.234068,0.3622168,-0.0,10.6,16.372677,19.842592,19.842592,2.0
resstock-amy2018-2021-release-1-508005,1.931834,0.18398693,1.0671159,0.0,1.5232397,1.1651205,0.0,0.0,0.0,0.0,0.0,0.0,0.0,0.0,-0.4864088,0.0,-0.4864088,0.9466532,9.896269798278809,9.368335346673291,0.4864088,0.0,0.0,-0.0,0.0,-0.0,0.07122822,0.07122822,-0.0,1.0,10.402984,0.18398693,0.0,0.28178522,2.4829063,0.80031884,1.3842089,0.0,0.0,0.0,0.32233146,0.1383698,0.5574954,0.0,2.4829063,0.0,2.9390278,2.9398582,0.28178522,-0.0008303626,11.1,16.167982,17.777779,17.777779,2.0
resstock-amy2018-2021-release-1-508005,0.0,0.0713425,0.2426671,0.0,0.8679557,0.2649538,0.0,0.0,0.0,0.0,0.0,0.0,0.0,0.0,0.51014227,0.51014227,0.0,0.9945444,9.896245956420898,9.842255866981077,-0.0,0.51014227,0.0,-0.0,0.0,-0.0,0.07122822,0.07122822,-0.0,1.0,10.402984,0.0713425,0.0,0.282754,1.9226141,0.6105925,1.1388739,0.0,0.0,0.0,0.3175845,0.1383698,0.592357,0.0,1.9226141,0.0,1.3826671,1.3858587,0.282754,-0.0031916024,11.7,15.842321,19.472221,19.472221,2.0
resstock-amy2018-2021-release-1-508005,0.0,0.53463125,0.0,0.0,1.2302682,0.0,0.0,0.0,0.0,0.0,0.0,0.0,0.0,0.0,0.065992355,0.065992355,0.0,0.99932325,9.89624309539795,9.88954580163329,-0.0,0.065992355,0.0,-0.0,0.0,-0.0,0.07122822,0.07122822,-0.0,1.0,10.402984,0.53463125,0.0,0.27993497,1.5542908,0.45638677,0.9541767,0.0,0.0,0.0,0.29363024,0.1383698,0.61389846,0.0,1.5542908,0.0,1.4592175,1.4811224,0.27993497,-0.02190485,12.6,16.33157,20.0,20.0,2.0
resstock-amy2018-2021-release-1-508005,0.0,0.4758483,0.72038376,0.0,0.88866043,0.78654426,0.0,0.0,0.0,0.0,0.0,0.0,0.0,0.0,0.018754005,0.018754005,0.0,0.99954045,9.896242141723633,9.89169430572315,-0.0,0.018754005,0.0,-0.0,0.0,-0.0,0.07122822,0.07122822,-0.0,1.0,10.402984,0.4758483,0.0,0.27905232,1.9579124,0.5523442,1.2266095,0.0,0.0,0.0,0.28210872,0.1383698,0.62648845,0.0,1.9579124,0.0,1.9106406,1.925739,0.27905232,-0.015098501,13.3,16.806587,20.0,20.0,2.0
resstock-amy2018-2021-release-1-508005,0.0,0.43693462,0.35050282,0.0,1.4232502,0.3826932,0.0,0.0,0.0,0.0,0.0,0.0,0.0,0.0,0.016607285,0.016607285,0.0,0.9995494,9.896241188049316,9.89178183177819,-0.0,0.016607285,0.0,-0.0,0.0,-0.0,0.07122822,0.07122822,-0.0,1.0,10.402984,0.43693462,0.0,0.2807234,2.078504,0.54904145,1.3344669,0.0,0.0,0.0,0.2641522,0.1383698,0.6420324,0.0,2.078504,0.0,2.0338817,2.0586517,0.2807234,-0.024769979,13.925,17.262936,19.731482,19.731482,2.0
resstock-amy2018-2021-release-1-508005,0.0,0.1892521,0.0,0.0,2.0624318,0.0,0.0,0.0,0.0,0.0,0.0,0.0,0.0,0.0,0.01651764,0.01651764,0.0,0.9995497,9.896240234375,9.891783827843028,-0.0,0.01651764,0.0,-0.0,0.0,-0.0,0.07122822,0.07122822,-0.0,1.0,10.402984,0.1892521,0.0,0.28050318,2.3303049,0.6120692,1.5224771,0.0,0.0,0.0,0.26265627,0.1383698,0.6533382,0.0,2.3303049,0.0,2.285055,2.3142028,0.28050318,-0.029147856,13.033334,17.35671,19.444445,19.444445,2.0
resstock-amy2018-2021-release-1-508005,1.1569413,0.28017274,0.0,0.0,1.7340627,0.0,0.0,0.0,0.0,0.0,0.0,0.0,0.0,0.0,0.016513824,0.016513824,0.0,0.9995496,9.896239280700684,9.891782284736337,-0.0,0.016513824,0.0,-0.0,0.0,-0.0,0.07122822,0.07122822,-0.0,1.0,10.402984,0.28017274,0.0,0.2796783,2.0114834,0.5553614,1.3248131,0.0,0.0,0.0,0.27609542,0.1383698,0.65862495,0.0,2.0114834,0.0,1.96613,1.9849014,0.2796783,-0.018771363,12.9,17.588375,17.777779,17.777779,2.0
resstock-amy2018-2021-release-1-508005,0.0,0.12168895,0.0,0.0,0.99737406,0.0,0.0,0.0,0.0,0.0,0.0,0.0,0.0,0.0,0.01651287,0.01651287,0.0,0.9995495,9.896238327026367,9.891780151767989,-0.0,0.01651287,0.0,-0.0,0.0,-0.0,0.07122822,0.07122822,-0.0,1.0,10.402984,0.12168895,0.0,0.2863047,1.275655,0.36207885,0.8391686,0.0,0.0,0.0,0.2838376,0.1383698,0.6578335,0.0,1.275655,0.0,1.2297395,1.2542762,0.2863047,-0.024536664,12.2,17.54889,17.777779,17.777779,2.0
resstock-amy2018-2021-release-1-508005,0.0,0.2156196,0.0,0.0,1.4868172,0.0,0.0,0.0,0.0,0.0,0.0,0.0,0.0,0.0,0.016513824,0.016513824,0.0,0.9995494,9.89623737335205,9.891778018799869,-0.0,0.016513824,0.0,-0.0,0.0,-0.0,0.07122822,0.07122822,-0.0,1.0,10.402984,0.2156196,0.0,0.2234587,1.7019535,0.51540565,1.1127567,0.0,0.0,0.0,0.3028318,0.1383698,0.65381145,0.0,1.7019535,0.0,1.6560371,1.6808733,0.2234587,-0.024836184,12.2,17.593094,17.935184,17.935184,2.0
resstock-amy2018-2021-release-1-508005,0.0,0.2003864,0.19268897,0.0,1.5298901,0.21038564,0.0,0.0,0.0,0.0,0.0,0.0,0.0,0.0,0.016513824,0.016513824,0.0,0.9995493,9.896236419677734,9.891776475693632,-0.0,0.016513824,0.0,-0.0,0.0,-0.0,0.07122822,0.07122822,-0.0,1.0,10.402984,0.2003864,0.0,0.19862871,1.9554182,0.60577035,1.268555,0.0,0.0,0.0,0.30979067,0.1383698,0.6487385,0.0,1.9554182,0.0,1.9095018,1.9095018,0.19862871,0.0,12.2,17.192963,20.472221,20.472221,2.0
resstock-amy2018-2021-release-1-508005,0.0,0.16578837,1.8556346,0.0,7.062397e-08,2.0260572,0.0,0.0,0.0,0.0,0.0,0.0,0.0,0.0,0.01651287,0.01651287,0.0,0.9995492,9.896235466003418,9.89177434272591,-0.0,0.01651287,0.0,-0.0,0.0,-0.0,0.0,0.0,0.1657882,0.97701114,10.402984,1.6391277e-07,0.0,1.0785917,3.121162,0.9704525,1.9968088,0.0,0.0,0.0,0.31092668,0.1383698,0.63976455,0.0,3.121162,0.0,3.1760812,3.1760812,1.0785917,-0.0,10.6,17.095753,21.11111,21.11111,2.0
resstock-amy2018-2021-release-1-508005,0.0,0.23807302,1.1567928,0.0,1.9261083e-08,1.2630333,0.0,0.0,0.0,0.0,0.0,0.0,0.0,0.0,0.016513824,0.016513824,0.0,0.99954915,9.896234512329102,9.891772799619957,-0.0,0.016513824,0.0,-0.0,0.0,-0.0,0.0,0.0,0.23807298,0.94707334,10.402984,4.4703484e-08,0.0,0.58928746,1.8688345,0.571743,1.1888028,0.0,0.0,0.0,0.3059356,0.1383698,0.6361199,0.0,1.8688345,0.0,1.9548975,1.9548975,0.58928746,-0.0,10.6,16.966774,21.11111,21.11111,2.0
resstock-amy2018-2021-release-1-508005,0.0,0.38478237,0.0,0.0,0.23942687,0.0,0.0,0.0,0.0,0.0,0.0,0.0,0.0,0.0,0.01651287,0.01651287,0.0,0.99954903,9.896233558654785,9.891770666652633,-0.0,0.01651287,0.0,-0.0,0.0,-0.0,0.17828794,0.17828794,-0.0,0.9574953,10.402984,0.38478237,0.0,0.51096326,0.766903,0.21619253,0.48593587,0.0,0.0,0.0,0.28190336,0.1383698,0.6336341,0.0,0.766903,0.0,0.6745791,0.6745791,0.51096326,-0.0,11.1,17.03514,21.11111,21.11111,2.0
resstock-amy2018-2021-release-1-508005,0.0,0.11358437,0.0,0.0,1.8058242e-07,0.0,0.0,0.0,0.0,0.0,0.0,0.0,0.0,0.0,0.01651287,0.01651287,0.0,0.99954504,9.896232604980469,9.891730192692648,-0.0,0.01651287,0.0,-0.0,0.0,-0.0,0.0,0.0,0.113583945,0.9399209,10.402984,4.246831e-07,0.0,0.32061878,0.33713183,0.09226604,0.21541004,0.0,0.0,0.0,0.2736794,0.1383698,0.638949,0.0,0.33713183,0.0,0.36891678,0.36891678,0.32061878,-0.0,11.1,16.608562,20.962963,20.962963,2.0
resstock-amy2018-2021-release-1-508005,0.0,0.13844776,0.0,0.0,6.969848e-08,0.0,0.0,0.0,0.0,0.0,0.0,0.0,0.0,0.0,0.016551971,0.016551971,0.0,0.9995456,9.896231651306152,9.891734548204568,-0.0,0.016551971,0.0,-0.0,0.0,-0.0,0.0,0.0,0.1384476,0.92002106,10.402984,1.6391277e-07,0.0,0.2958324,0.31238443,0.08542147,0.20107812,0.0,0.0,0.0,0.27344984,0.1383698,0.643688,0.0,0.31238443,0.0,0.3547027,0.3547027,0.2958324,-0.0,11.1,16.236877,20.555555,20.555555,2.0
resstock-amy2018-2021-release-1-508005,0.9011669,0.18370526,0.46203035,0.0,1.2672451e-08,0.5044635,0.0,0.0,0.0,0.0,0.0,0.0,0.0,0.0,-0.4864717,0.0,-0.4864717,0.94663733,9.896208763122559,9.368120664785977,0.4864717,0.0,0.0,-0.0,0.0,-0.0,0.0,0.0,0.18370523,0.8958073,10.402984,2.9802322e-08,0.0,0.28614783,0.3041396,0.07927331,0.19803527,0.0,0.0,0.0,0.26064777,0.1383698,0.65113276,0.0,0.3041396,0.0,0.8687259,0.8687259,0.28614783,-0.0,11.1,16.009384,18.88889,18.88889,2.0
resstock-amy2018-2021-release-1-508005,0.0,0.5388555,0.0,0.0,0.9130401,0.0,0.0,0.0,0.0,0.0,0.0,0.0,0.0,0.0,-0.26978922,0.0,-0.26978922,0.91636735,9.896196365356445,9.06855125828099,0.26978922,0.0,0.0,-0.0,0.0,-0.0,1.1718165,1.1718165,-0.0,1.0,10.402984,0.5388555,0.0,0.21726434,0.86051524,0.2413556,0.5302704,0.0,0.0,0.0,0.280478,0.1383698,0.6162243,0.0,0.86051524,0.0,0.63202834,0.63202834,0.21726434,-0.0,11.1,15.885941,18.88889,18.88889,2.0
resstock-amy2018-2021-release-1-508005,0.0,0.34011585,0.0,0.0,0.6187327,0.0,0.0,0.0,0.0,0.0,0.0,0.0,0.0,0.0,0.08716868,0.08716868,0.0,0.92317164,9.89619255065918,9.135884301230135,-0.0,0.08716868,0.0,-0.0,0.0,-0.0,0.07122822,0.07122822,-0.0,1.0,10.402984,0.34011585,0.0,0.18831366,0.89421505,0.23889574,0.5900676,0.0,0.0,0.0,0.26715693,0.1383698,0.6598722,0.0,0.89421505,0.0,0.77635676,0.77635676,0.18831366,-0.0,10.6,15.597355,18.88889,18.88889,2.0
resstock-amy2018-2021-release-1-508005,0.0,0.13479805,0.0,0.0,0.20896997,0.0,0.0,0.0,0.0,0.0,0.0,0.0,0.0,0.0,0.28815475,0.28815475,0.0,0.9493037,9.89617919921875,9.394479397258692,-0.0,0.28815475,0.0,-0.0,0.0,-0.0,0.07122822,0.07122822,-0.0,1.0,10.402984,0.13479805,0.0,0.1873195,0.6844442,0.17663279,0.45791498,0.0,0.0,0.0,0.2580675,0.1383698,0.66903186,0.0,0.6844442,0.0,0.36511722,0.36511722,0.1873195,-0.0,10.0,15.194977,18.88889,18.88889,2.0
resstock-amy2018-2021-release-1-508005,0.0,0.58068925,0.0,0.0,1.3008846,0.0,0.0,0.0,0.0,0.0,0.0,0.0,0.0,0.0,-0.50283384,0.0,-0.50283384,0.89479166,9.89615535736084,8.85499730648138,0.50283384,0.0,0.0,-0.0,0.0,-0.0,0.07122822,0.07122822,-0.0,1.0,10.402984,0.58068925,0.0,0.18623988,0.9842906,0.25072432,0.6669706,0.0,0.0,0.0,0.2547259,0.1383698,0.6776155,0.0,0.9842906,0.0,1.4550674,1.4550674,0.18623988,-0.0,8.9,15.214977,18.88889,18.88889,2.0
resstock-amy2018-2021-release-1-508005,0.0,0.37524185,0.0,0.0,0.5865157,0.0,0.0,0.0,0.0,0.0,0.0,0.0,0.0,0.0,-0.09590121,0.0,-0.09590121,0.8830511,9.896150588989258,8.738806637573703,0.09590121,0.0,0.0,-0.0,0.0,-0.0,0.07122822,0.07122822,-0.0,1.0,10.402984,0.37524185,0.0,0.19780183,0.68841636,0.18068112,0.46683195,0.0,0.0,0.0,0.26245907,0.1383698,0.6781244,0.0,0.68841636,0.0,0.7508932,0.7508932,0.19780183,-0.0,7.2,15.080383,18.88889,18.88889,2.0
resstock-amy2018-2021-release-1-508005,0.0,0.22570142,0.0,0.0,4.8947392e-08,0.0,0.0,0.0,0.0,0.0,0.0,0.0,0.0,0.0,-0.09393859,0.0,-0.09393859,0.87153935,9.896145820617676,8.624880538800653,0.09393859,0.0,0.0,-0.0,0.0,-0.0,0.0,0.0,0.22570132,0.9711239,10.402984,1.0430813e-07,0.0,0.26999608,0.17605755,0.04720499,0.118615694,0.0,0.0,0.0,0.2681225,0.1383698,0.6737325,0.0,0.17605755,0.0,0.3759082,0.3759082,0.26999608,-0.0,7.2,14.942284,18.962963,18.962963,2.0
resstock-amy2018-2021-release-1-508005,0.0,0.5616757,0.6594917,0.0,5.5132173e-08,0.7200598,0.0,0.0,0.0,0.0,0.0,0.0,0.0,0.0,-0.39185455,0.0,-0.39185455,0.82862633,9.896127700805664,8.2001920241172,0.39185455,0.0,0.0,-0.0,0.0,-0.0,0.0,0.0,0.5616756,0.9094273,10.402984,1.1920929e-07,0.0,0.31611475,0.6443201,0.19090809,0.42896754,0.0,0.0,0.0,0.29629388,0.1383698,0.6657678,0.0,0.6443201,0.0,1.2959397,1.2959397,0.31611475,-0.0,7.8,15.096609,20.0,20.0,2.0
resstock-amy2018-2021-release-1-508005,0.0,0.07220212,3.5902221,0.0,0.8768273,3.9199502,0.0,0.0,0.0,0.0,0.0,0.0,0.0,0.0,-0.16141668,0.0,-0.16141668,0.81000435,9.896120071411133,8.015900340831877,0.16141668,0.0,0.0,-0.0,0.0,-0.0,1.0279484,1.0279484,-0.0,1.0,10.402984,0.07220212,0.0,0.3622168,4.9975777,1.5958184,3.271503,0.0,0.0,0.0,0.31931838,0.1383698,0.6546177,0.0,4.9975777,0.0,4.6708174,4.6708174,0.3622168,-0.0,6.7,14.720371,19.851852,19.851852,2.0
resstock-amy2018-2021-release-1-508005,0.9327518,0.15332168,0.0,0.0,0.49960658,0.0,0.0,0.0,0.0,0.0,0.0,0.0,0.0,0.0,-0.13781251,0.0,-0.13781251,0.7939243,9.896113395690918,7.856764623901029,0.13781251,0.0,0.0,-0.0,0.0,-0.0,0.07122822,0.07122822,-0.0,1.0,10.402984,0.15332168,0.0,0.41207522,0.726401,0.24436694,0.46689507,0.0,0.0,0.0,0.33640778,0.1383698,0.64275116,0.0,0.726401,0.0,0.83255863,0.88002694,0.41207522,-0.047468323,9.4,14.738848,17.777779,17.777779,2.0
resstock-amy2018-2021-release-1-508005,0.0,0.11438628,0.63152593,0.0,1.094578,0.68952566,0.0,0.0,0.0,0.0,0.0,0.0,0.0,0.0,-0.5063198,0.0,-0.5063198,0.739302,9.896089553833008,7.316198596871459,0.5063198,0.0,0.0,-0.0,0.0,-0.0,0.07122822,0.07122822,-0.0,1.0,10.402984,0.11438628,0.0,0.282754,1.4533427,0.51441723,0.92789054,0.0,0.0,0.0,0.35395452,0.1383698,0.6384527,0.0,1.4533427,0.0,1.9298577,2.0370529,0.282754,-0.10719519,11.7,14.838259,17.777779,17.777779,2.0
resstock-amy2018-2021-release-1-508005,0.0,0.2753634,0.09467687,0.0,1.4254215,0.103372045,0.0,0.0,0.0,0.0,0.0,0.0,0.0,0.0,-0.1549073,0.0,-0.1549073,0.7215149,9.896081924438477,7.140170368685062,0.1549073,0.0,0.0,-0.0,0.0,-0.0,0.07122822,0.07122822,-0.0,1.0,10.402984,0.2753634,0.0,0.27993497,1.5095948,0.49412766,0.9666253,0.0,0.0,0.0,0.3273247,0.1383698,0.640321,0.0,1.5095948,0.0,1.6346973,1.7789237,0.27993497,-0.14422646,11.7,15.405098,17.777779,17.777779,2.0
resstock-amy2018-2021-release-1-508005,0.24817476,0.6594429,0.34325,0.0,1.2037828,0.37477428,0.0,0.0,0.0,0.0,0.0,0.0,0.0,0.0,0.8883641,0.8883641,0.0,0.8077933,9.896039962768555,7.993954968711137,-0.0,0.8883641,0.0,-0.0,0.0,-0.0,0.07122822,0.07122822,-0.0,1.0,10.402984,0.6594429,0.0,0.27905232,2.5955544,0.8470023,1.6497669,0.0,0.0,0.0,0.3263281,0.1383698,0.63561255,0.0,2.5955544,0.0,1.6777072,1.8281262,0.27905232,-0.15041904,12.1,16.726822,17.777779,17.777779,2.0
resstock-amy2018-2021-release-1-508005,0.41406706,0.68276453,0.6379014,0.0,2.4338806,0.69648665,0.0,0.0,0.0,0.0,0.0,0.0,0.0,0.0,0.91496956,0.91496956,0.0,0.8966515,9.895997047424316,8.873260660139977,-0.0,0.91496956,0.0,-0.0,0.0,-0.0,0.07122822,0.07122822,-0.0,1.0,10.402984,0.68276453,0.0,1.4093486,5.4066563,1.5821744,3.3991055,0.0,0.0,0.0,0.29263455,0.1383698,0.62868905,0.0,5.4066563,0.0,4.4627666,4.5107956,1.4093486,-0.048028883,12.8,17.629538,17.777779,17.777779,2.0
resstock-amy2018-2021-release-1-508005,0.041860063,0.32817867,0.0,0.0,0.0,0.0,0.0,0.0,0.0,0.0,0.0,0.0,0.0,0.0,1.0333347,1.0333347,0.0,0.99812657,9.89594841003418,9.877409007878555,-0.0,1.0333347,0.0,-0.0,0.0,-0.0,0.0,0.0,0.32817867,0.96105415,10.402984,0.0,0.0,0.28050318,1.2928078,0.37272915,0.8087438,0.0,0.0,0.0,0.28830978,0.1383698,0.62557155,0.0,1.2928078,0.0,0.39679658,0.4178266,0.28050318,-0.02103001,11.7,17.809864,17.777779,17.777779,2.0
resstock-amy2018-2021-release-1-508005,0.7745502,0.52538687,0.0,0.0,1.2133918,0.0,0.0,0.0,0.0,0.0,0.0,0.0,0.0,0.0,0.030287743,0.030287743,0.0,0.99946254,9.895947456359863,9.890628829108834,-0.0,0.030287743,0.0,-0.0,0.0,-0.0,0.48261446,0.48261446,-0.0,1.0,10.402984,0.52538687,0.0,0.2796783,1.4119377,0.4236396,0.87749046,0.0,0.0,0.0,0.3000413,0.1383698,0.6214796,0.0,1.4119377,0.0,1.1824291,1.2938492,0.2796783,-0.1114201,12.2,18.68747,17.777779,17.777779,2.0
resstock-amy2018-2021-release-1-508005,0.7649729,0.5408579,0.0,0.0,2.4280236,0.0,0.0,0.0,0.0,0.0,0.0,0.0,0.0,0.0,-0.38365352,0.0,-0.38365352,0.95719784,9.895929336547852,9.472362235039213,0.38365352,0.0,0.0,-0.0,0.0,-0.0,0.07122822,0.07122822,-0.0,1.0,10.402984,0.5408579,0.0,0.38273486,2.3401022,0.7242903,1.4257029,0.0,0.0,0.0,0.30951226,0.1383698,0.60924816,0.0,2.3401022,0.0,2.694353,2.7813559,0.38273486,-0.08700277,12.2,19.288277,17.796297,17.796297,2.0
resstock-amy2018-2021-release-1-508005,0.0,0.18154192,0.0,0.0,1.8008256,0.0,0.0,0.0,0.0,0.0,0.0,0.0,0.0,0.0,0.4348154,0.4348154,0.0,0.9980812,9.895909309387207,9.87692111060096,-0.0,0.4348154,0.0,-0.0,0.0,-0.0,0.07122822,0.07122822,-0.0,1.0,10.402984,0.18154192,0.0,0.44839418,2.6421208,0.87105453,1.576263,0.0,0.0,0.0,0.32968006,0.1383698,0.59659004,0.0,2.6421208,0.0,2.1775007,2.2194152,0.44839418,-0.0419145,11.7,19.121124,20.0,20.0,2.0
resstock-amy2018-2021-release-1-508005,0.0,0.5054558,0.0,0.0,0.012685619,0.0,0.0,0.0,0.0,0.0,0.0,0.0,0.0,0.0,0.030697823,0.030697823,0.0,0.99940413,9.895907402038574,9.890010751110424,-0.0,0.030697823,0.0,-0.0,0.0,-0.0,0.0,0.0,0.47601345,0.9465274,10.402984,0.02944234,0.0,0.9395431,0.9813443,0.3385463,0.59432834,0.0,0.0,0.0,0.3449822,0.1383698,0.60562676,0.0,0.9813443,0.0,1.1557431,1.1573254,0.9395431,-0.0015822916,10.6,18.932095,20.0,20.0,2.0
resstock-amy2018-2021-release-1-508005,0.0,0.73424697,0.0,0.0,0.0,0.0,0.0,0.0,0.0,0.0,0.0,0.0,0.0,0.0,-0.40053868,0.0,-0.40053868,0.9553844,9.895888328552246,9.454377072631246,0.40053868,0.0,0.0,-0.0,0.0,-0.0,0.0,0.0,0.73424715,0.8680381,10.402984,0.0,0.0,0.5518999,0.15136123,0.054954667,0.09049575,0.0,0.0,0.0,0.36306965,0.1383698,0.59787935,0.0,0.15136123,0.0,0.8732348,0.8732348,0.5518999,-0.0,10.0,18.824783,20.671297,20.671297,2.0
resstock-amy2018-2021-release-1-508005,0.0,0.6657405,0.0,0.0,0.0,0.0,0.0,0.0,0.0,0.0,0.0,0.0,0.0,0.0,0.3832229,0.3832229,0.0,0.9907439,9.895870208740234,9.804272802087326,-0.0,0.3832229,0.0,-0.0,0.0,-0.0,0.0,0.0,0.6657408,0.7968063,10.402984,0.0,0.0,0.58928746,0.97251034,0.3446532,0.54948765,0.0,0.0,0.0,0.3543954,0.1383698,0.56501985,0.0,0.97251034,0.0,0.88515204,0.88515204,0.58928746,-0.0,9.4,18.67297,21.578703,21.578703,2.0
resstock-amy2018-2021-release-1-508005,0.0,0.26717803,0.0,0.0,0.0,0.0,0.0,0.0,0.0,0.0,0.0,0.0,0.0,0.0,0.10318184,0.10318184,0.0,0.9991699,9.895865440368652,9.887650745034932,-0.0,0.10318184,0.0,-0.0,0.0,-0.0,0.0,0.0,0.2671782,0.76521546,10.402984,0.0,0.0,0.51096326,0.6141451,0.2059433,0.33506927,0.0,0.0,0.0,0.3353333,0.1383698,0.54558647,0.0,0.6141451,0.0,0.6312096,0.6312096,0.51096326,-0.0,8.9,18.008736,22.222221,22.222221,2.0
resstock-amy2018-2021-release-1-508005,0.0,0.83150154,0.385565,0.0,2.7229545e-08,0.42097554,0.0,0.0,0.0,0.0,0.0,0.0,0.0,0.0,0.019892693,0.019892693,0.0,0.9994808,9.895864486694336,9.890726394918943,-0.0,0.019892693,0.0,-0.0,0.0,-0.0,0.0,0.0,0.8315015,0.6783841,10.402984,5.9604645e-08,0.0,0.32061878,0.761487,0.23216063,0.40289682,0.0,0.0,0.0,0.304878,0.1383698,0.5290922,0.0,0.761487,0.0,1.1214541,1.1214541,0.32061878,-0.0,8.3,18.070744,22.0,22.0,2.0
resstock-amy2018-2021-release-1-508005,0.0,0.39746776,0.0,0.0,0.0,0.0,0.0,0.0,0.0,0.0,0.0,0.0,0.0,0.0,0.016819,0.016819,0.0,0.99947417,9.89586353302002,9.89065996956299,-0.0,0.016819,0.0,-0.0,0.0,-0.0,0.0,0.0,0.39746776,0.63478386,10.402984,0.0,0.0,0.2958324,0.3126514,0.09523262,0.16158845,0.0,0.0,0.0,0.3045968,0.1383698,0.51683265,0.0,0.3126514,0.0,0.47965413,0.47965413,0.2958324,-0.0,7.8,17.341074,21.11111,21.11111,2.0
resstock-amy2018-2021-release-1-508005,0.87278855,0.4427474,0.0,0.0,0.3280744,0.0,0.0,0.0,0.0,0.0,0.0,0.0,0.0,0.0,-0.48695183,0.0,-0.48695183,0.9465165,9.895840644836426,9.366576588512999,0.48695183,0.0,0.0,-0.0,0.0,-0.0,0.25638756,0.25638756,-0.0,0.6546417,10.402984,0.4427474,0.0,0.23878051,0.079903066,0.023661697,0.040898964,0.0,0.0,0.0,0.29613003,0.1383698,0.5118573,0.0,0.079903066,0.0,0.44654307,0.44654307,0.23878051,-0.0,7.2,16.782534,18.88889,18.88889,2.0
resstock-amy2018-2021-release-1-508005,0.0,0.6100652,0.0,0.0,0.47090605,0.0,0.0,0.0,0.0,0.0,0.0,0.0,0.0,0.0,-0.84245086,0.0,-0.84245086,0.85750055,9.895800590515137,8.48565448004183,0.84245086,0.0,0.0,-0.0,0.0,-0.0,0.39344758,0.39344758,-0.0,0.6872551,10.402984,0.6100652,0.0,0.21726434,-0.15428048,-0.044273626,0.0,0.0,0.0,0.0,0.2869684,0.1383698,0.5097426,0.0,0.0,-0.15428048,0.50354207,0.50354207,0.21726434,-0.0,7.2,16.397434,18.88889,18.88889,2.0
resstock-amy2018-2021-release-1-508005,0.0,1.6161101,0.0,0.0,1.3976622,0.0,0.0,0.0,0.0,0.0,0.0,0.0,0.0,0.0,-0.9797057,0.0,-0.9797057,0.75494605,9.89575481414795,7.47076103867488,0.9797057,0.0,0.0,-0.0,0.0,-0.0,1.3269317,1.3269317,-0.0,0.807431,10.402984,1.6161101,0.0,0.20555991,0.62351644,0.17569584,0.31493515,0.0,0.0,0.0,0.2817822,0.1383698,0.5050952,0.0,0.62351644,0.0,0.973057,0.973057,0.20555991,-0.0,6.7,17.174976,18.88889,18.88889,2.0
resstock-amy2018-2021-release-1-508005,0.0,0.45140964,0.0,0.0,0.4009294,0.0,0.0,0.0,0.0,0.0,0.0,0.0,0.0,0.0,-1.2643356,0.0,-1.2643356,0.6243449,9.895695686340332,6.178326988739457,1.2643356,0.0,0.0,-0.0,0.0,-0.0,0.38094774,0.38094774,-0.0,0.83784556,10.402984,0.45140964,0.0,0.19933882,-0.6640674,-0.18450493,0.0,0.0,0.0,0.0,0.27784067,0.1383698,0.505337,0.0,0.0,-0.6640674,0.41677356,0.41677356,0.19933882,-0.0,6.1,16.326855,18.88889,18.88889,2.0
resstock-amy2018-2021-release-1-508005,0.0,1.5231231,0.0,0.0,1.2955086,0.0,0.0,0.0,0.0,0.0,0.0,0.0,0.0,0.0,-1.2401977,0.0,-1.2401977,0.49641055,9.895637512207031,4.912298847042166,1.2401977,0.0,0.0,-0.0,0.0,-0.0,1.166442,1.166442,-0.0,0.9419211,10.402984,1.5231231,0.0,0.18623988,0.2415508,0.06647963,0.12531671,0.0,0.0,0.0,0.27522007,0.1383698,0.5188006,0.0,0.2415508,0.0,0.91989726,0.91989726,0.18623988,-0.0,6.1,17.013117,18.88889,18.88889,2.0
resstock-amy2018-2021-release-1-508005,0.0,1.3740261,0.0,0.0,0.26412475,0.0,0.0,0.0,0.0,0.0,0.0,0.0,0.0,0.0,-1.0710679,0.0,-1.0710679,0.38541022,9.895586967468262,3.813860344529729,1.0710679,0.0,0.0,-0.0,0.0,-0.0,0.0,0.0,0.83947015,0.8531231,10.402984,0.5345559,0.0,0.18498929,-0.6219539,-0.1719328,0.0,0.0,0.0,0.0,0.2764398,0.1383698,0.54093057,0.0,0.0,-0.6219539,0.86389726,0.86389726,0.18498929,-0.0,5.0,17.02092,18.88889,18.88889,2.0
resstock-amy2018-2021-release-1-508005,0.0,1.2344611,0.0,0.0,0.21112904,0.0,0.0,0.0,0.0,0.0,0.0,0.0,0.0,0.0,-0.9213603,0.0,-0.9213603,0.2894072,9.895543098449707,2.8638413578711948,0.9213603,0.0,0.0,-0.0,0.0,-0.0,0.0,0.0,0.81764084,0.76706487,10.402984,0.41682023,0.0,0.18524572,-0.52498555,-0.14804354,0.0,0.0,0.0,0.0,0.28199548,0.1383698,0.54950684,0.0,0.0,-0.52498555,0.81052876,0.81052876,0.18524572,-0.0,3.9,16.978107,18.88889,18.88889,2.0
resstock-amy2018-2021-release-1-508005,0.0,0.60038304,0.0,0.0,0.23561193,0.0,0.0,0.0,0.0,0.0,0.0,0.0,0.0,0.0,-0.727069,0.0,-0.727069,0.21306115,9.895508766174316,2.1083485160368696,0.727069,0.0,0.0,-0.0,0.0,-0.0,0.0,0.0,0.14136769,0.74803585,10.402984,0.45901537,0.0,0.1878324,-0.3036247,-0.09436844,0.0,0.0,0.0,0.0,0.3108062,0.1383698,0.55294937,0.0,0.0,-0.3036247,0.49600816,0.49600816,0.1878324,-0.0,3.3,16.32507,18.88889,18.88889,2.0
resstock-amy2018-2021-release-1-508005,0.0,0.53971994,0.0,0.0,1.8729686,0.0,0.0,0.0,0.0,0.0,0.0,0.0,0.0,0.0,-0.44146138,0.0,-0.44146138,0.16605633,9.895487785339355,1.6432084343974225,0.44146138,0.0,0.0,-0.0,0.0,-0.0,2.7327287,2.7327287,-0.0,1.0,10.402984,0.53971994,0.0,0.2761897,1.7076969,0.58454216,0.9571291,0.0,0.0,0.0,0.34229854,0.1383698,0.5604795,0.0,1.7076969,0.0,0.7310229,0.7310229,0.2761897,-0.0,2.8,15.897127,19.518518,19.518518,2.0
resstock-amy2018-2021-release-1-508005,0.0,0.58452946,0.24285588,0.0,0.923857,0.2651599,0.0,0.0,0.0,0.0,0.0,0.0,0.0,0.0,-0.81429,0.0,-0.81429,0.08111358,9.8954496383667,0.8026553150932614,0.81429,0.0,0.0,-0.0,0.0,-0.0,0.07122822,0.07122822,-0.0,1.0,10.402984,0.58452946,0.0,0.3735249,0.6935861,0.25730273,0.39324594,0.0,0.0,0.0,0.37097445,0.1383698,0.56697494,0.0,0.6935861,0.0,1.4744518,1.5291175,0.3735249,-0.054665662,7.2,16.09533,20.0,20.0,2.0
resstock-amy2018-2021-release-1-508005,0.0,2.0251546,1.0092976,0.0,1.9270082,1.1019921,0.0,0.0,0.0,0.0,0.0,0.0,0.0,0.0,-0.7800193,0.0,-0.7800193,0.0011741732,9.89541244506836,0.01161892811013887,0.7800193,0.0,0.0,-0.0,0.0,-0.0,0.07122822,0.07122822,-0.0,1.0,10.402984,2.0251546,0.0,0.47005156,2.605033,0.94109994,1.5281079,0.0,0.0,0.0,0.3612622,0.1383698,0.5865983,0.0,2.605033,0.0,3.3533974,3.467397,0.47005156,-0.1139997,9.4,17.976412,20.0,20.0,2.0
resstock-amy2018-2021-release-1-508005,0.0,0.9523747,0.11704751,0.0,2.4020467,0.12779723,0.0,0.0,0.0,0.0,0.0,0.0,0.0,0.0,-0.010860392,0.0,-0.010860392,0.0,9.895411491394043,0.0,0.010860392,0.0,0.0,-0.0,0.0,-0.0,0.07122822,0.07122822,-0.0,1.0,10.402984,0.9523747,0.0,0.3716734,2.7394295,0.904518,1.6483663,0.0,0.0,0.0,0.33018482,0.1383698,0.60171884,0.0,2.7394295,0.0,2.7196002,2.8708274,0.3716734,-0.1512273,10.6,18.06147,20.0,20.0,2.0
resstock-amy2018-2021-release-1-508005,0.0,0.8465045,0.1928716,0.0,1.612705,0.21058504,0.0,0.0,0.0,0.0,0.0,0.0,0.0,0.0,1.0328912,1.0328912,0.0,0.102262124,9.895362854003906,1.0119208273493996,-0.0,1.0328912,0.0,-0.0,0.0,-0.0,0.07122822,0.07122822,-0.0,1.0,10.402984,0.8465045,0.0,0.27905232,2.963011,0.9539259,1.8254774,0.0,0.0,0.0,0.32194477,0.1383698,0.6160886,0.0,2.963011,0.0,1.8998325,2.0720549,0.27905232,-0.1722223,11.1,18.881943,20.0,20.0,2.0
resstock-amy2018-2021-release-1-508005,0.68332696,0.2276018,1.1059552,0.0,2.118154,1.2075268,0.0,0.0,0.0,0.0,0.0,0.0,0.0,0.0,0.3699386,0.3699386,0.0,0.13768339,9.895345687866211,1.3624247550733344,-0.0,0.3699386,0.0,-0.0,0.0,-0.0,0.07122822,0.07122822,-0.0,1.0,10.402984,0.2276018,0.0,0.2807234,3.7986016,1.167265,2.3469179,0.0,0.0,0.0,0.3072881,0.1383698,0.6178373,0.0,3.7986016,0.0,3.398858,3.5765991,0.2807234,-0.17774114,11.7,19.318283,20.277779,20.277779,2.0
resstock-amy2018-2021-release-1-508005,0.70694,0.51454747,2.8996375,0.0,1.1396598,3.165942,0.0,0.0,0.0,0.0,0.0,0.0,0.0,0.0,1.0725785,1.0725785,0.0,0.243827,9.895295143127441,2.4127401314396053,-0.0,1.0725785,0.0,-0.0,0.0,-0.0,0.07122822,0.07122822,-0.0,1.0,10.402984,0.51454747,0.0,0.28050318,5.4942083,1.6612728,3.3224583,0.0,0.0,0.0,0.302368,0.1383698,0.6047201,0.0,5.4942083,0.0,4.3927097,4.5571847,0.28050318,-0.16447516,12.8,20.365595,21.11111,21.11111,2.0
resstock-amy2018-2021-release-1-508005,0.34456298,0.3792011,0.0,0.0,2.019736,0.0,0.0,0.0,0.0,0.0,0.0,0.0,0.0,0.0,0.560612,0.560612,0.0,0.2978582,9.895268440246582,2.94738692942596,-0.0,0.560612,0.0,-0.0,0.0,-0.0,0.07122822,0.07122822,-0.0,1.0,10.402984,0.3792011,0.0,0.2796783,2.715404,0.83739895,1.5886233,0.0,0.0,0.0,0.30838835,0.1383698,0.5850412,0.0,2.715404,0.0,2.1253893,2.2700117,0.2796783,-0.14462239,12.2,21.111622,21.11111,21.11111,2.0
resstock-amy2018-2021-release-1-508005,0.20421468,1.959507,0.0,0.0,1.35898,0.0,0.0,0.0,0.0,0.0,0.0,0.0,0.0,0.0,0.16220474,0.16220474,0.0,0.31282648,9.89526081085205,3.095499652093139,-0.0,0.16220474,0.0,-0.0,0.0,-0.0,0.07122822,0.07122822,-0.0,1.0,10.402984,1.959507,0.0,0.2863047,1.6992495,0.54321146,0.9746599,0.0,0.0,0.0,0.31967726,0.1383698,0.5735826,0.0,1.6992495,0.0,1.5081247,1.6163646,0.2863047,-0.10823988,12.8,23.510246,21.11111,21.11111,2.0
resstock-amy2018-2021-release-1-508005,1.27938,0.4533252,1.0395545,0.0,0.55152,1.1350278,0.0,0.0,0.0,0.0,0.0,0.0,0.0,0.0,0.5591427,0.5591427,0.0,0.36660138,9.895234107971191,3.627606456899599,-0.0,0.5591427,0.0,-0.0,0.0,-0.0,0.07122822,0.07122822,-0.0,1.0,10.402984,0.4533252,0.0,0.44839418,2.6557896,0.8798119,1.4979311,0.0,0.0,0.0,0.3312807,0.1383698,0.56402475,0.0,2.6557896,0.0,2.0672443,2.1055393,0.44839418,-0.03829506,12.2,23.002934,21.11111,21.11111,2.0
resstock-amy2018-2021-release-1-508005,0.0,0.47158775,0.0,0.0,5.0689803e-08,0.0,0.0,0.0,0.0,0.0,0.0,0.0,0.0,0.0,0.09120443,0.09120443,0.0,0.3746689,9.89522933959961,3.7074346542965486,-0.0,0.09120443,0.0,-0.0,0.0,-0.0,0.0,0.0,0.47158763,0.9469623,10.402984,1.1920929e-07,0.0,0.48809308,0.57729053,0.1993314,0.32542488,0.0,0.0,0.0,0.34528783,0.1383698,0.56371075,0.0,0.57729053,0.0,0.68661314,0.68862015,0.48809308,-0.0020070293,11.1,22.286095,21.11111,21.11111,2.0
resstock-amy2018-2021-release-1-508005,0.0,0.38792557,0.38574305,0.0,0.0,0.42116994,0.0,0.0,0.0,0.0,0.0,0.0,0.0,0.0,0.64397603,0.64397603,0.0,0.43680483,9.895198822021484,4.322270649441407,-0.0,0.64397603,0.0,-0.0,0.0,-0.0,0.0,0.0,0.3879257,0.90250075,10.402984,0.0,0.0,1.0785917,2.1437378,0.73212403,1.221185,0.0,0.0,0.0,0.34151754,0.1383698,0.5696522,0.0,2.1437378,0.0,1.669533,1.669533,1.0785917,-0.0,10.0,21.265959,21.11111,21.11111,2.0
resstock-amy2018-2021-release-1-508005,0.0,0.41553175,0.0,0.0,0.0,0.0,0.0,0.0,0.0,0.0,0.0,0.0,0.0,0.0,0.64665174,0.64665174,0.0,0.49910924,9.89516830444336,4.938769916133538,-0.0,0.64665174,0.0,-0.0,0.0,-0.0,0.0,0.0,0.4155322,0.8556243,10.402984,0.0,0.0,0.58928746,1.2359393,0.4135394,0.671158,0.0,0.0,0.0,0.33459526,0.1383698,0.5430348,0.0,1.2359393,0.0,0.7763021,0.7763021,0.58928746,-0.0,8.9,20.679504,21.11111,21.11111,2.0
resstock-amy2018-2021-release-1-508005,0.0,0.28765732,0.0,0.0,0.0,0.0,0.0,0.0,0.0,0.0,0.0,0.0,0.0,0.0,1.1738462,1.1738462,0.0,0.61519724,9.895112991333008,6.087446214682245,-0.0,1.1738462,0.0,-0.0,0.0,-0.0,0.0,0.0,0.28765756,0.82162726,10.402984,0.0,0.0,0.6668583,1.8407046,0.6024136,0.97951275,0.0,0.0,0.0,0.32727337,0.1383698,0.53214014,0.0,1.8407046,0.0,0.79632163,0.79632163,0.6668583,-0.0,8.9,19.978317,21.11111,21.11111,2.0
resstock-amy2018-2021-release-1-508005,0.0,1.0526934,0.0,0.0,0.0,0.0,0.0,0.0,0.0,0.0,0.0,0.0,0.0,0.0,0.08385225,0.08385225,0.0,0.62216693,9.895109176635742,6.15640971456321,-0.0,0.08385225,0.0,-0.0,0.0,-0.0,0.0,0.0,1.0526935,0.712683,10.402984,0.0,0.0,0.5658401,0.64969236,0.20093828,0.35085893,0.0,0.0,0.0,0.3092822,0.1383698,0.5400386,0.0,0.64969236,0.0,1.0396158,1.0396158,0.5658401,-0.0,8.9,20.192764,21.11111,21.11111,2.0
resstock-amy2018-2021-release-1-508005,0.0,0.39158455,0.0,0.0,0.0,0.0,0.0,0.0,0.0,0.0,0.0,0.0,0.0,0.0,-0.35590416,0.0,-0.35590416,0.5833958,9.895092010498047,5.772754913055678,0.35590416,0.0,0.0,-0.0,0.0,-0.0,0.0,0.0,0.3915847,0.66943115,10.402984,0.0,0.0,0.49716723,0.14126307,0.043316174,0.07565937,0.0,0.0,0.0,0.3066348,0.1383698,0.535592,0.0,0.14126307,0.0,0.68799657,0.68799657,0.49716723,-0.0,5.6,18.998604,21.99074,21.99074,2.0
resstock-amy2018-2021-release-1-508005,0.0,0.26248193,0.0,0.0,5.7420667e-08,0.0,0.0,0.0,0.0,0.0,0.0,0.0,0.0,0.0,-0.13373369,0.0,-0.13373369,0.5681125,9.895085334777832,5.621521593647799,0.13373369,0.0,0.0,-0.0,0.0,-0.0,0.0,0.0,0.2624818,0.639155,10.402984,1.1920929e-07,0.0,0.23878051,0.10504688,0.031717625,0.05629156,0.0,0.0,0.0,0.3019378,0.1383698,0.53587085,0.0,0.10504688,0.0,0.36521268,0.36521268,0.23878051,-0.0,6.1,18.056221,20.347221,20.347221,2.0
resstock-amy2018-2021-release-1-508005,0.0,0.09276725,0.0,0.0,0.18922156,0.0,0.0,0.0,0.0,0.0,0.0,0.0,0.0,0.0,0.056695018,0.056695018,0.0,0.5725744,9.895082473754883,5.665670683366898,-0.0,0.056695018,0.0,-0.0,0.0,-0.0,0.2850133,0.2850133,-0.0,0.6616754,10.402984,0.09276725,0.0,0.18956426,0.43548083,0.124390095,0.23503456,0.0,0.0,0.0,0.2856385,0.1383698,0.5397127,0.0,0.43548083,0.0,0.23602928,0.23602928,0.18956426,-0.0,4.4,17.107132,18.88889,18.88889,2.0
resstock-amy2018-2021-release-1-508005,0.0,0.14435504,0.0,0.0,1.4944493,0.0,0.0,0.0,0.0,0.0,0.0,0.0,0.0,0.0,-0.47153962,0.0,-0.47153962,0.5218877,9.895060539245605,5.164110580439512,0.47153962,0.0,0.0,-0.0,0.0,-0.0,2.8393116,2.8393116,-0.0,0.92424065,10.402984,0.14435504,0.0,0.18831366,1.2112232,0.30527642,0.6340869,0.0,0.0,0.0,0.25203976,0.1383698,0.5235095,0.0,1.2112232,0.0,0.2606176,0.2606176,0.18831366,-0.0,4.4,16.35321,18.88889,18.88889,2.0
resstock-amy2018-2021-release-1-508005,0.0,0.82549024,0.0,0.0,1.4572247,0.0,0.0,0.0,0.0,0.0,0.0,0.0,0.0,0.0,-0.6077123,0.0,-0.6077123,0.45730725,9.895031929016113,4.525069833269555,0.6077123,0.0,0.0,-0.0,0.0,-0.0,0.8714753,0.8714753,-0.0,1.0,10.402984,0.82549024,0.0,0.1873195,1.0368319,0.24635841,0.5197741,0.0,0.0,0.0,0.23760691,0.1383698,0.50130993,0.0,1.0368319,0.0,1.2031219,1.2031219,0.1873195,-0.0,3.9,16.303436,18.88889,18.88889,2.0
resstock-amy2018-2021-release-1-508005,0.0,0.388492,0.0,0.0,0.7688041,0.0,0.0,0.0,0.0,0.0,0.0,0.0,0.0,0.0,-0.14810391,0.0,-0.14810391,0.44069475,9.895025253295898,4.36068567386576,0.14810391,0.0,0.0,-0.0,0.0,-0.0,0.07122822,0.07122822,-0.0,1.0,10.402984,0.388492,0.0,0.18623988,0.8069401,0.1803608,0.395746,0.0,0.0,0.0,0.22351201,0.1383698,0.49042797,0.0,0.8069401,0.0,0.91848266,0.91848266,0.18623988,-0.0,3.3,15.787674,18.88889,18.88889,2.0
resstock-amy2018-2021-release-1-508005,0.0,0.46149874,0.0,0.0,0.7861586,0.0,0.0,0.0,0.0,0.0,0.0,0.0,0.0,0.0,-0.45508027,0.0,-0.45508027,0.39191812,9.895004272460938,3.878031499248209,0.45508027,0.0,0.0,-0.0,0.0,-0.0,0.07122822,0.07122822,-0.0,1.0,10.402984,0.46149874,0.0,0.18498929,0.5160676,0.11349607,0.25552404,0.0,0.0,0.0,0.21992481,0.1383698,0.49513674,0.0,0.5160676,0.0,0.9345865,0.9345865,0.18498929,-0.0,3.3,15.492395,18.88889,18.88889,2.0
resstock-amy2018-2021-release-1-508005,0.0,0.29636493,0.0,0.0,0.33745342,0.0,0.0,0.0,0.0,0.0,0.0,0.0,0.0,0.0,0.3623088,0.3623088,0.0,0.42612958,9.894987106323242,4.216546695211491,-0.0,0.3623088,0.0,-0.0,0.0,-0.0,0.07122822,0.07122822,-0.0,1.0,10.402984,0.29636493,0.0,0.21349585,0.9132581,0.1900668,0.46025845,0.0,0.0,0.0,0.20811948,0.1383698,0.50397414,0.0,0.9132581,0.0,0.51527274,0.51527274,0.21349585,-0.0,4.4,15.198291,18.88889,18.88889,2.0
resstock-amy2018-2021-release-1-508005,0.0,0.32103506,0.0,0.0,0.8996957,0.0,0.0,0.0,0.0,0.0,0.0,0.0,0.0,0.0,0.8540304,0.8540304,0.0,0.50938153,9.894947052001953,5.040303295028025,-0.0,0.8540304,0.0,-0.0,0.0,-0.0,0.07122822,0.07122822,-0.0,1.0,10.402984,0.32103506,0.0,0.1878324,1.9415585,0.47365206,1.0254842,0.0,0.0,0.0,0.24395457,0.1383698,0.5281758,0.0,1.9415585,0.0,1.0509667,1.0509667,0.1878324,-0.0,3.3,14.861975,18.88889,18.88889,2.0
resstock-amy2018-2021-release-1-508005,0.0,0.2186539,0.0,0.0,1.1332631,0.0,0.0,0.0,0.0,0.0,0.0,0.0,0.0,0.0,0.68523645,0.68523645,0.0,0.57543796,9.894914627075195,5.693909517150928,-0.0,0.68523645,0.0,-0.0,0.0,-0.0,0.07122822,0.07122822,-0.0,1.0,10.402984,0.2186539,0.0,0.19016261,2.0086622,0.54297495,1.1400298,0.0,0.0,0.0,0.2703167,0.1383698,0.56755674,0.0,2.0086622,0.0,1.2868644,1.2868644,0.19016261,-0.0,3.3,14.498615,19.51389,19.51389,2.0
resstock-amy2018-2021-release-1-508005,0.0,0.0604011,0.0,0.0,0.34917796,0.0,0.0,0.0,0.0,0.0,0.0,0.0,0.0,0.0,0.073191166,0.073191166,0.0,0.58145636,9.89491081237793,5.753458855164922,-0.0,0.073191166,0.0,-0.0,0.0,-0.0,0.07122822,0.07122822,-0.0,1.0,10.402984,0.0604011,0.0,0.19004552,0.56590515,0.16073066,0.33285835,0.0,0.0,0.0,0.28402403,0.1383698,0.5881875,0.0,0.56590515,0.0,0.4592896,0.5057991,0.19004552,-0.046509508,7.2,14.396868,20.0,20.0,2.0
resstock-amy2018-2021-release-1-508005,0.0,0.4211151,0.0,0.0,0.9161669,0.0,0.0,0.0,0.0,0.0,0.0,0.0,0.0,0.0,-0.062303487,0.0,-0.062303487,0.57381743,9.89490795135498,5.677870669797869,0.062303487,0.0,0.0,-0.0,0.0,-0.0,0.07122822,0.07122822,-0.0,1.0,10.402984,0.4211151,0.0,0.18910523,0.961046,0.2802348,0.5795172,0.0,0.0,0.0,0.29159355,0.1383698,0.6030067,0.0,0.961046,0.0,0.9912925,1.0732151,0.18910523,-0.081922665,8.9,14.672504,20.0,20.0,2.0
resstock-amy2018-2021-release-1-508005,0.0,0.7070275,0.0,0.0,1.2230136,0.0,0.0,0.0,0.0,0.0,0.0,0.0,0.0,0.0,1.3662349,1.3662349,0.0,0.70911103,9.894843101501465,7.016542431583446,-0.0,1.3662349,0.0,-0.0,0.0,-0.0,0.07122822,0.07122822,-0.0,1.0,10.402984,0.7070275,0.0,0.27993497,2.7765203,0.8094815,1.6975826,0.0,0.0,0.0,0.29154533,0.1383698,0.6114065,0.0,2.7765203,0.0,1.3791131,1.4717764,0.27993497,-0.09266331,10.0,15.570238,20.0,20.0,2.0
resstock-amy2018-2021-release-1-508005,0.0,0.59996194,0.0,0.0,1.3409317,0.0,0.0,0.0,0.0,0.0,0.0,0.0,0.0,0.0,-0.16480687,0.0,-0.16480687,0.69031966,9.894835472106934,6.830599432399481,0.16480687,0.0,0.0,-0.0,0.0,-0.0,0.07122822,0.07122822,-0.0,1.0,10.402984,0.59996194,0.0,0.27905232,1.3716629,0.3738943,0.8529464,0.0,0.0,0.0,0.2725847,0.1383698,0.62183386,0.0,1.3716629,0.0,1.5066649,1.5901792,0.27905232,-0.08351427,11.7,16.548332,20.0,20.0,2.0
resstock-amy2018-2021-release-1-508005,0.0,0.14045814,0.0,0.0,0.88493115,0.0,0.0,0.0,0.0,0.0,0.0,0.0,0.0,0.0,0.79484034,0.79484034,0.0,0.76714,9.894798278808594,7.590695267191677,-0.0,0.79484034,0.0,-0.0,0.0,-0.0,0.07122822,0.07122822,-0.0,1.0,10.402984,0.14045814,0.0,0.2807234,1.8850515,0.5185926,1.1895955,0.0,0.0,0.0,0.27510792,0.1383698,0.6310679,0.0,1.8850515,0.0,1.0608084,1.1362518,0.2807234,-0.07544334,12.2,17.06217,20.0,20.0,2.0
resstock-amy2018-2021-release-1-508005,0.07361191,0.15003033,0.19409297,0.0,2.0305262,0.21191859,0.0,0.0,0.0,0.0,0.0,0.0,0.0,0.0,1.4452394,1.4452394,0.0,0.9095044,9.894730567932129,8.99930112296397,-0.0,1.4452394,0.0,-0.0,0.0,-0.0,0.07122822,0.07122822,-0.0,1.0,10.402984,0.15003033,0.0,0.559696,4.156124,1.1392254,2.627186,0.0,0.0,0.0,0.27410764,0.1383698,0.63212407,0.0,4.156124,0.0,2.6819646,2.7732203,0.559696,-0.09125559,12.8,17.753109,20.0,20.0,2.0
resstock-amy2018-2021-release-1-508005,0.027220894,0.53163546,0.43430388,0.0,0.4035105,0.4741906,0.0,0.0,0.0,0.0,0.0,0.0,0.0,0.0,0.9050274,0.9050274,0.0,0.9978661,9.89468765258789,9.873573320350033,-0.0,0.9050274,0.0,-0.0,0.0,-0.0,0.07122822,0.07122822,-0.0,1.0,10.402984,0.53163546,0.0,0.57786536,2.2946815,0.6410507,1.4330305,0.0,0.0,0.0,0.2793637,0.1383698,0.6245008,0.0,2.2946815,0.0,1.3607341,1.4266465,0.57786536,-0.06591231,12.8,18.62733,20.0,20.0,2.0
resstock-amy2018-2021-release-1-508005,0.0,1.0098108,0.8067544,0.0,1.6033314,0.8808472,0.0,0.0,0.0,0.0,0.0,0.0,0.0,0.0,0.031601906,0.031601906,0.0,0.9993299,9.894685745239258,9.888055559566737,-0.0,0.031601906,0.0,-0.0,0.0,-0.0,0.07122822,0.07122822,-0.0,1.0,10.402984,1.0098108,0.0,0.5844918,3.0662508,0.8706307,1.8746455,0.0,0.0,0.0,0.2839398,0.1383698,0.61138034,0.0,3.0662508,0.0,3.006131,3.0401525,0.5844918,-0.03402168,13.3,19.681002,20.0,20.0,2.0
resstock-amy2018-2021-release-1-508005,0.4034551,0.8212581,0.7718158,0.0,0.0,0.84269977,0.0,0.0,0.0,0.0,0.0,0.0,0.0,0.0,0.017130852,0.017130852,0.0,0.99939007,9.894684791564941,9.88864968362617,-0.0,0.017130852,0.0,-0.0,0.0,-0.0,0.0,0.0,0.8212583,0.9126026,10.402984,0.0,0.0,0.33592644,1.1824561,0.35042778,0.7125519,0.0,0.0,0.0,0.29635584,0.1383698,0.60260326,0.0,1.1824561,0.0,1.4987723,1.5120732,0.33592644,-0.013300949,12.8,19.85967,19.48611,19.48611,2.0
resstock-amy2018-2021-release-1-508005,0.0,1.2244502,0.77181387,0.0,0.0,0.84269774,0.0,0.0,0.0,0.0,0.0,0.0,0.0,0.0,0.016535759,0.016535759,0.0,0.9993925,9.894683837890625,9.88867291106726,-0.0,0.016535759,0.0,-0.0,0.0,-0.0,0.0,0.0,1.2244506,0.7861716,10.402984,0.0,0.0,0.3433609,1.2023623,0.37804776,0.71965873,0.0,0.0,0.0,0.31442085,0.1383698,0.5985373,0.0,1.2023623,0.0,1.6912737,1.6915058,0.3433609,-0.00023205462,12.2,20.29765,20.0,20.0,2.0
resstock-amy2018-2021-release-1-508005,0.0,0.17271475,0.19295469,0.0,0.0,0.21067576,0.0,0.0,0.0,0.0,0.0,0.0,0.0,0.0,0.01651001,0.01651001,0.0,0.9993925,9.894682884216309,9.888671957972292,-0.0,0.01651001,0.0,-0.0,0.0,-0.0,0.0,0.0,0.17271478,0.7639343,10.402984,0.0,0.0,0.5518999,0.7790857,0.25207013,0.46011916,0.0,0.0,0.0,0.32354608,0.1383698,0.5905886,0.0,0.7790857,0.0,0.8338715,0.8338715,0.5518999,-0.0,12.2,19.35229,20.0,20.0,2.0
resstock-amy2018-2021-release-1-508005,0.0,0.65231323,0.0,0.0,7.482314e-08,0.0,0.0,0.0,0.0,0.0,0.0,0.0,0.0,0.0,0.016509056,0.016509056,0.0,0.9993924,9.894681930541992,9.88866982533932,-0.0,0.016509056,0.0,-0.0,0.0,-0.0,0.0,0.0,0.65231305,0.69471914,10.402984,1.7881393e-07,0.0,0.58928746,0.6057966,0.19606401,0.34290296,0.0,0.0,0.0,0.3236466,0.1383698,0.56603646,0.0,0.6057966,0.0,0.8622422,0.8622422,0.58928746,-0.0,11.7,19.359081,20.0,20.0,2.0
resstock-amy2018-2021-release-1-508005,0.0,0.16200137,0.6373151,0.0,0.0,0.6958465,0.0,0.0,0.0,0.0,0.0,0.0,0.0,0.0,0.01651001,0.01651001,0.0,0.99938697,9.894680976867676,9.88861520327049,-0.0,0.01651001,0.0,-0.0,0.0,-0.0,0.0,0.0,0.16200142,0.6741471,10.402984,0.0,0.0,1.1364094,1.8487659,0.56923264,1.0144315,0.0,0.0,0.0,0.30789873,0.1383698,0.54870737,0.0,1.8487659,0.0,1.900044,1.900044,1.1364094,-0.0,11.7,18.702553,20.0,20.0,2.0
resstock-amy2018-2021-release-1-508005,0.0,0.34165987,0.0,0.0,0.0,0.0,0.0,0.0,0.0,0.0,0.0,0.0,0.0,0.0,0.016562462,0.016562462,0.0,0.999392,9.89468002319336,9.888663790767396,-0.0,0.016562462,0.0,-0.0,0.0,-0.0,0.0,0.0,0.34166005,0.6360591,10.402984,0.0,0.0,0.7694721,0.7860346,0.23459092,0.42757356,0.0,0.0,0.0,0.2984486,0.1383698,0.5439628,0.0,0.7860346,0.0,0.91243684,0.91243684,0.7694721,-0.0,11.7,18.327097,19.88889,19.88889,2.0
resstock-amy2018-2021-release-1-508005,0.0,0.99188566,0.0,0.0,0.0,0.0,0.0,0.0,0.0,0.0,0.0,0.0,0.0,0.0,0.016511917,0.016511917,0.0,0.99938726,9.894679069519043,9.888616245935282,-0.0,0.016511917,0.0,-0.0,0.0,-0.0,0.0,0.0,0.99188566,0.534333,10.402984,0.0,0.0,0.3964998,0.41301173,0.12218952,0.22622916,0.0,0.0,0.0,0.29585,0.1383698,0.5477548,0.0,0.41301173,0.0,0.81826633,0.81826633,0.3964998,-0.0,11.1,18.63731,18.88889,18.88889,2.0
resstock-amy2018-2021-release-1-508005,0.0,0.44910884,0.0,0.0,0.0,0.0,0.0,0.0,0.0,0.0,0.0,0.0,0.0,0.0,0.016557693,0.016557693,0.0,0.99936944,9.894678115844727,9.888438951981811,-0.0,0.016557693,0.0,-0.0,0.0,-0.0,0.0,0.0,0.44910902,0.48662314,10.402984,0.0,0.0,0.23878051,0.2553382,0.0739967,0.13933866,0.0,0.0,0.0,0.2897988,0.1383698,0.5457024,0.0,0.2553382,0.0,0.432285,0.432285,0.23878051,-0.0,10.6,18.07994,18.88889,18.88889,2.0
resstock-amy2018-2021-release-1-508005,0.0,0.13602659,0.0,0.0,1.5012519,0.0,0.0,0.0,0.0,0.0,0.0,0.0,0.0,0.0,-0.44923538,0.0,-0.44923538,0.950304,9.894657135009766,9.402931974676676,0.44923538,0.0,0.0,-0.0,0.0,-0.0,3.2943196,3.2943196,-0.0,0.793148,10.402984,0.13602659,0.0,0.21726434,1.2692809,0.37365854,0.6744989,0.0,0.0,0.0,0.294386,0.1383698,0.5314024,0.0,1.2692809,0.0,0.27679485,0.27679485,0.21726434,-0.0,10.0,17.372261,18.88889,18.88889,2.0
resstock-amy2018-2021-release-1-508005,0.0,0.25670913,0.0,0.0,1.0749112,0.0,0.0,0.0,0.0,0.0,0.0,0.0,0.0,0.0,-0.49868608,0.0,-0.49868608,0.89621687,9.894633293151855,8.86773727339687,0.49868608,0.0,0.0,-0.0,0.0,-0.0,2.1994529,2.1994529,-0.0,0.9946629,10.402984,0.25670913,0.0,0.18831366,0.76453876,0.21951972,0.42381957,0.0,0.0,0.0,0.287127,0.1383698,0.55434674,0.0,0.76453876,0.0,0.3006593,0.3006593,0.18831366,-0.0,10.0,16.863796,18.88889,18.88889,2.0
resstock-amy2018-2021-release-1-508005,0.0,0.34463492,0.0,0.0,2.0224504,0.0,0.0,0.0,0.0,0.0,0.0,0.0,0.0,0.0,-0.9726542,0.0,-0.9726542,0.7942996,9.894587516784668,7.859266931568072,0.9726542,0.0,0.0,-0.0,0.0,-0.0,0.12760423,0.12760423,-0.0,1.0,10.402984,0.34463492,0.0,0.1873195,1.2371157,0.35507348,0.6948969,0.0,0.0,0.0,0.2870172,0.1383698,0.56170726,0.0,1.2371157,0.0,2.1539254,2.1539254,0.1873195,-0.0,10.0,16.506788,18.88889,18.88889,2.0
resstock-amy2018-2021-release-1-508005,0.0,0.37801966,0.0,0.0,0.7748273,0.0,0.0,0.0,0.0,0.0,0.0,0.0,0.0,0.0,-1.0536551,0.0,-1.0536551,0.68453777,9.894537925720215,6.773184910665009,1.0536551,0.0,0.0,-0.0,0.0,-0.0,0.07122822,0.07122822,-0.0,1.0,10.402984,0.37801966,0.0,0.18623988,-0.09258795,-0.025306953,0.0,0.0,0.0,0.0,0.2733288,0.1383698,0.56861204,0.0,0.0,-0.09258795,0.9305384,0.9305384,0.18623988,-0.0,10.8,16.342064,18.88889,18.88889,2.0
resstock-amy2018-2021-release-1-508005,0.0,0.17597976,0.22202368,0.0,0.49146572,0.24241447,0.0,0.0,0.0,0.0,0.0,0.0,0.0,0.0,-0.06299713,0.0,-0.06299713,0.67665964,9.894535064697266,6.695232570961025,0.06299713,0.0,0.0,-0.0,0.0,-0.0,0.07122822,0.07122822,-0.0,1.0,10.402984,0.17597976,0.0,0.19780183,0.8686849,0.23709746,0.49643514,0.0,0.0,0.0,0.2729384,0.1383698,0.57147896,0.0,0.8686849,0.0,0.9005098,0.9005098,0.19780183,-0.0,10.0,16.020784,18.88889,18.88889,2.0
resstock-amy2018-2021-release-1-508005,0.0,0.42520103,0.0,0.0,0.34662685,0.0,0.0,0.0,0.0,0.0,0.0,0.0,0.0,0.0,-0.24828736,0.0,-0.24828736,0.6490851,9.894523620605469,6.422387897916906,0.24828736,0.0,0.0,-0.0,0.0,-0.0,0.07122822,0.07122822,-0.0,1.0,10.402984,0.42520103,0.0,0.21349585,0.31183535,0.08469336,0.17833875,0.0,0.0,0.0,0.2715964,0.1383698,0.57190037,0.0,0.31183535,0.0,0.5289505,0.5289505,0.21349585,-0.0,10.0,16.118977,18.953703,18.953703,2.0
resstock-amy2018-2021-release-1-508005,0.0,0.61380744,0.0,0.0,1.5651176e-07,0.0,0.0,0.0,0.0,0.0,0.0,0.0,0.0,0.0,-0.1050502,0.0,-0.1050502,0.63675874,9.894518852233887,6.300421403923622,0.1050502,0.0,0.0,-0.0,0.0,-0.0,0.0,0.0,0.6138071,0.9329874,10.402984,3.5762787e-07,0.0,0.25197357,0.14692351,0.042176746,0.083340086,0.0,0.0,0.0,0.287066,0.1383698,0.5672345,0.0,0.14692351,0.0,0.52059937,0.52059937,0.25197357,-0.0,10.0,16.375805,20.0,20.0,2.0
resstock-amy2018-2021-release-1-508005,0.0,0.70497364,0.6092363,0.0,0.9739251,0.6651889,0.0,0.0,0.0,0.0,0.0,0.0,0.0,0.0,-0.3577284,0.0,-0.3577284,0.59777397,9.894501686096191,5.91467554589093,0.3577284,0.0,0.0,-0.0,0.0,-0.0,0.7790835,0.7790835,-0.0,1.0,10.402984,0.70497364,0.0,0.2761897,1.5575753,0.48612413,0.8803524,0.0,0.0,0.0,0.31210312,0.1383698,0.56520694,0.0,1.5575753,0.0,1.5743468,1.5743468,0.2761897,-0.0,10.0,16.754404,19.87037,19.87037,2.0
resstock-amy2018-2021-release-1-508005,0.0,0.85354125,1.6837105,0.0,1.5429006,1.8383434,0.0,0.0,0.0,0.0,0.0,0.0,0.0,0.0,0.1129724,0.1129724,0.0,0.60754895,9.894495964050293,6.011390654542765,-0.0,0.1129724,0.0,-0.0,0.0,-0.0,0.07122822,0.07122822,-0.0,1.0,10.402984,0.85354125,0.0,0.3735249,3.8455443,1.1836816,2.1875527,0.0,0.0,0.0,0.307806,0.1383698,0.56885386,0.0,3.8455443,0.0,3.7013998,3.7235968,0.3735249,-0.022197107,10.0,17.196297,20.0,20.0,2.0
resstock-amy2018-2021-release-1-508005,1.4542354,0.24660128,0.7721238,0.0,0.14371976,0.8430361,0.0,0.0,0.0,0.0,0.0,0.0,0.0,0.0,-0.6214408,0.0,-0.6214408,0.5414294,9.894466400146484,5.357155010744918,0.6214408,0.0,0.0,-0.0,0.0,-0.0,0.07122822,0.07122822,-0.0,1.0,10.402984,0.24660128,0.0,0.37640277,0.7134386,0.22376117,0.41856048,0.0,0.0,0.0,0.3136376,0.1383698,0.5866805,0.0,0.7134386,0.0,1.3041898,1.332469,0.37640277,-0.028279245,10.6,16.69975,17.777779,17.777779,2.0
resstock-amy2018-2021-release-1-508005,0.29712388,1.0201895,0.3925772,0.0,1.0857161,0.42863172,0.0,0.0,0.0,0.0,0.0,0.0,0.0,0.0,1.1379188,1.1379188,0.0,0.65370756,9.894412994384766,6.468052614553244,-0.0,1.1379188,0.0,-0.0,0.0,-0.0,0.07122822,0.07122822,-0.0,1.0,10.402984,1.0201895,0.0,0.3716734,2.9197545,0.9168491,1.7703364,0.0,0.0,0.0,0.3140158,0.1383698,0.6063306,0.0,2.9197545,0.0,1.7524331,1.8566188,0.3716734,-0.10418565,12.2,17.963501,17.777779,17.777779,2.0
resstock-amy2018-2021-release-1-508005,0.7175963,0.8174924,0.17651226,0.0,1.2804915,0.19272324,0.0,0.0,0.0,0.0,0.0,0.0,0.0,0.0,0.53211856,0.53211856,0.0,0.70424944,9.894388198852539,6.968117364249906,-0.0,0.53211856,0.0,-0.0,0.0,-0.0,0.07122822,0.07122822,-0.0,1.0,10.402984,0.8174924,0.0,0.69606525,2.5490186,0.80043215,1.5669287,0.0,0.0,0.0,0.3140158,0.1383698,0.61471844,0.0,2.5490186,0.0,1.9883821,2.140762,0.69606525,-0.15237997,13.3,18.75396,17.777779,17.777779,2.0
resstock-amy2018-2021-release-1-508005,1.3312043,0.29798177,0.20402332,0.0,1.7960896,0.22276095,0.0,0.0,0.0,0.0,0.0,0.0,0.0,0.0,0.12575233,0.12575233,0.0,0.71507573,9.89438247680664,7.075232785141452,-0.0,0.12575233,0.0,-0.0,0.0,-0.0,0.07122822,0.07122822,-0.0,1.0,10.402984,0.29798177,0.0,0.37126195,2.3509212,0.74198365,1.4566625,0.0,0.0,0.0,0.315614,0.1383698,0.6196135,0.0,2.3509212,0.0,2.196651,2.361595,0.37126195,-0.164944,13.3,19.283426,17.777779,17.777779,2.0
resstock-amy2018-2021-release-1-508005,0.0,0.21347472,0.14214589,0.0,1.6472279,0.15520065,0.0,0.0,0.0,0.0,0.0,0.0,0.0,0.0,1.0230175,1.0230175,0.0,0.81517655,9.894333839416504,8.06562888986224,-0.0,1.0230175,0.0,-0.0,0.0,-0.0,0.07122822,0.07122822,-0.0,1.0,10.402984,0.21347472,0.0,0.28050318,2.9612072,0.92838466,1.8284993,0.0,0.0,0.0,0.3135156,0.1383698,0.61748445,0.0,2.9612072,0.0,1.9101543,2.0548964,0.28050318,-0.14474207,13.9,19.988049,20.162037,20.162037,2.0
resstock-amy2018-2021-release-1-508005,1.3800056,0.5099131,0.20246589,0.0,1.5993023,0.22106048,0.0,0.0,0.0,0.0,0.0,0.0,0.0,0.0,0.40079716,0.40079716,0.0,0.8524845,9.894314765930176,8.434750216014038,-0.0,0.40079716,0.0,-0.0,0.0,-0.0,0.07122822,0.07122822,-0.0,1.0,10.402984,0.5099131,0.0,0.2796783,2.3713055,0.7276455,1.4553384,0.0,0.0,0.0,0.3068544,0.1383698,0.61372876,0.0,2.3713055,0.0,1.9428751,2.072408,0.2796783,-0.12953275,14.4,21.061451,19.444445,19.444445,2.0
resstock-amy2018-2021-release-1-508005,0.49130756,1.7147148,0.5981698,0.0,1.3501315,0.6531061,0.0,0.0,0.0,0.0,0.0,0.0,0.0,0.0,0.9580355,0.9580355,0.0,0.94568217,9.894269943237305,9.356834650766132,-0.0,0.9580355,0.0,-0.0,0.0,-0.0,0.07122822,0.07122822,-0.0,1.0,10.402984,1.7147148,0.0,0.5844918,3.502295,1.12161,2.1331506,0.0,0.0,0.0,0.32025,0.1383698,0.6090722,0.0,3.502295,0.0,2.5162241,2.559694,0.5844918,-0.043469835,13.9,22.929455,19.444445,19.444445,2.0
resstock-amy2018-2021-release-1-508005,0.0,0.23693141,0.4724467,0.0,0.90663266,0.5158365,0.0,0.0,0.0,0.0,0.0,0.0,0.0,0.0,0.54697895,0.54697895,0.0,0.99791384,9.894244194030762,9.873603192163046,-0.0,0.54697895,0.0,-0.0,0.0,-0.0,0.07122822,0.07122822,-0.0,1.0,10.402984,0.23693141,0.0,0.6341135,2.5939186,0.8422848,1.5344479,0.0,0.0,0.0,0.3247152,0.1383698,0.59155595,0.0,2.5939186,0.0,2.0180197,2.0276628,0.6341135,-0.009642967,12.8,22.045105,20.694445,20.694445,2.0
resstock-amy2018-2021-release-1-508005,0.0,0.29349983,1.8300347,0.0,0.26805866,1.9981062,0.0,0.0,0.0,0.0,0.0,0.0,0.0,0.0,0.024537249,0.024537249,0.0,0.9986393,9.894243240356445,9.880780000750178,-0.0,0.024537249,0.0,-0.0,0.0,-0.0,0.07122822,0.07122822,-0.0,1.0,10.402984,0.29349983,0.0,0.48809308,2.7785087,0.97700256,1.6163208,0.0,0.0,0.0,0.3516284,0.1383698,0.58172244,0.0,2.7785087,0.0,2.7227993,2.7230859,0.48809308,-0.00028647677,10.0,21.221508,21.666666,21.666666,2.0
resstock-amy2018-2021-release-1-508005,0.0,0.6359493,0.22714165,0.0,0.0,0.24800247,0.0,0.0,0.0,0.0,0.0,0.0,0.0,0.0,0.023514748,0.023514748,0.0,0.9993186,9.894242286682129,9.88750034702889,-0.0,0.023514748,0.0,-0.0,0.0,-0.0,0.0,0.0,0.6359494,0.9308116,10.402984,0.0,0.0,0.727114,0.99863124,0.37666607,0.5727115,0.0,0.0,0.0,0.37718233,0.1383698,0.5734965,0.0,0.99863124,0.0,1.2534325,1.2534325,0.727114,-0.0,10.0,20.838896,21.569445,21.569445,2.0
resstock-amy2018-2021-release-1-508005,0.49778312,0.1396012,0.2404978,0.0,0.0,0.26258525,0.0,0.0,0.0,0.0,0.0,0.0,0.0,0.0,0.016799927,0.016799927,0.0,0.9993467,9.894241333007812,9.887777162834936,-0.0,0.016799927,0.0,-0.0,0.0,-0.0,0.0,0.0,0.13960165,0.91085935,10.402984,0.0,0.0,0.58928746,0.8686726,0.33118144,0.48632753,0.0,0.0,0.0,0.38125,0.1383698,0.55985135,0.0,0.8686726,0.0,0.9120219,0.9120219,0.58928746,-0.0,10.6,20.058796,20.0,20.0,2.0
resstock-amy2018-2021-release-1-508005,0.0,0.20817706,0.0,0.0,0.0,0.0,0.0,0.0,0.0,0.0,0.0,0.0,0.0,0.0,0.016521454,0.016521454,0.0,0.99934775,9.894240379333496,9.887786825151977,-0.0,0.016521454,0.0,-0.0,0.0,-0.0,0.0,0.0,0.20817706,0.88430226,10.402984,0.0,0.0,0.35506824,0.3715897,0.13147296,0.20474415,0.0,0.0,0.0,0.3538122,0.1383698,0.55099523,0.0,0.3715897,0.0,0.44617456,0.44617456,0.35506824,-0.0,10.0,19.456715,20.0,20.0,2.0
resstock-amy2018-2021-release-1-508005,0.0,0.121645436,0.0,0.0,0.35437182,0.0,0.0,0.0,0.0,0.0,0.0,0.0,0.0,0.0,0.01651001,0.01651001,0.0,0.99934775,9.89423942565918,9.887785872099698,-0.0,0.01651001,0.0,-0.0,0.0,-0.0,0.67574584,0.67574584,-0.0,0.9419235,10.402984,0.121645436,0.0,0.32061878,0.6915006,0.23327234,0.37104207,0.0,0.0,0.0,0.3373422,0.1383698,0.5365752,0.0,0.6915006,0.0,0.3746796,0.3746796,0.32061878,-0.0,9.4,18.748035,19.935184,19.935184,2.0
resstock-amy2018-2021-release-1-508005,0.0,0.3159192,0.0,0.0,1.0595658e-07,0.0,0.0,0.0,0.0,0.0,0.0,0.0,0.0,0.0,0.016509056,0.016509056,0.0,0.9993476,9.894238471984863,9.88778373956228,-0.0,0.016509056,0.0,-0.0,0.0,-0.0,0.0,0.0,0.31591895,0.9045713,10.402984,2.3841858e-07,0.0,0.2958324,0.31234157,0.10036272,0.16076861,0.0,0.0,0.0,0.3213236,0.1383698,0.5147205,0.0,0.31234157,0.0,0.43623137,0.43623137,0.2958324,-0.0,9.4,18.406113,18.88889,18.88889,2.0
resstock-amy2018-2021-release-1-508005,0.0,0.68298256,0.0,0.0,8.168863e-08,0.0,0.0,0.0,0.0,0.0,0.0,0.0,0.0,0.0,-0.48780105,0.0,-0.48780105,0.9463028,9.89421558380127,9.36292362944539,0.48780105,0.0,0.0,-0.0,0.0,-0.0,0.0,0.0,0.6829824,0.8314004,10.402984,1.7881393e-07,0.0,0.19141321,-0.29638776,-0.09274862,0.0,0.0,0.0,0.0,0.31293,0.1383698,0.48598045,0.0,0.0,-0.29638776,0.50342417,0.50342417,0.19141321,-0.0,8.3,18.216724,18.88889,18.88889,2.0
resstock-amy2018-2021-release-1-508005,0.0,0.45665273,0.19310434,0.0,0.21736668,0.21083915,0.0,0.0,0.0,0.0,0.0,0.0,0.0,0.0,-0.087690316,0.0,-0.087690316,0.9353587,9.894211769104004,9.254637088906463,0.087690316,0.0,0.0,-0.0,0.0,-0.0,0.01915628,0.01915628,-0.0,0.8276331,10.402984,0.45665273,0.0,0.18956426,0.5300797,0.15346125,0.2576461,0.0,0.0,0.0,0.289506,0.1383698,0.48605162,0.0,0.5300797,0.0,0.60901874,0.60901874,0.18956426,-0.0,8.3,17.689983,18.88889,18.88889,2.0
resstock-amy2018-2021-release-1-508005,0.0,1.000822,0.0,0.0,0.6976118,0.0,0.0,0.0,0.0,0.0,0.0,0.0,0.0,0.0,-0.9173522,0.0,-0.9173522,0.838876,9.894168853759766,8.299980880289695,0.9173522,0.0,0.0,-0.0,0.0,-0.0,0.5262294,0.5262294,-0.0,0.87157404,10.402984,1.000822,0.0,0.18831366,-0.031426728,-0.009098226,0.0,0.0,0.0,0.0,0.289506,0.1383698,0.4266038,0.0,0.0,-0.031426728,0.645525,0.645525,0.18831366,-0.0,8.3,17.846123,18.88889,18.88889,2.0
resstock-amy2018-2021-release-1-508005,0.0,0.87958074,0.0,0.0,1.00905,0.0,0.0,0.0,0.0,0.0,0.0,0.0,0.0,0.0,-1.0403329,0.0,-1.0403329,0.7303564,9.894120216369629,7.226233975344428,1.0403329,0.0,0.0,-0.0,0.0,-0.0,1.3022332,1.3022332,-0.0,0.98819286,10.402984,0.87958074,0.0,0.1873195,0.15603662,0.045439467,0.064562984,0.0,0.0,0.0,0.2912103,0.1383698,0.41376814,0.0,0.15603662,0.0,0.5941099,0.5941099,0.1873195,-0.0,7.8,17.573414,18.88889,18.88889,2.0
resstock-amy2018-2021-release-1-508005,0.0,0.48675618,0.0,0.0,0.36074468,0.0,0.0,0.0,0.0,0.0,0.0,0.0,0.0,0.0,-1.2937425,0.0,-1.2937425,0.59680045,9.894059181213379,5.904778937147626,1.2937425,0.0,0.0,-0.0,0.0,-0.0,0.19594681,0.19594681,-0.0,1.0,10.402984,0.48675618,0.0,0.18623988,-0.746758,-0.20680715,0.0,0.0,0.0,0.0,0.27694,0.1383698,0.40661663,0.0,0.0,-0.746758,0.45503497,0.45503497,0.18623988,-0.0,7.2,16.985392,18.88889,18.88889,2.0
resstock-amy2018-2021-release-1-508005,0.0,0.22938782,0.0,0.0,0.0,0.0,0.0,0.0,0.0,0.0,0.0,0.0,0.0,0.0,-1.2500254,0.0,-1.2500254,0.46790928,9.894000053405762,4.6294944065360255,1.2500254,0.0,0.0,-0.0,0.0,-0.0,0.0,0.0,0.22938828,0.9707616,10.402984,0.0,0.0,0.18498929,-1.065036,-0.2915728,0.0,0.0,0.0,0.0,0.273768,0.1383698,0.4070929,0.0,0.0,-1.065036,0.29392672,0.29392672,0.18498929,-0.0,6.7,16.381088,18.88889,18.88889,2.0
resstock-amy2018-2021-release-1-508005,0.0,0.44065216,0.0,0.0,0.0,0.0,0.0,0.0,0.0,0.0,0.0,0.0,0.0,0.0,-1.279076,0.0,-1.279076,0.33626598,9.893939971923828,3.3269954325667186,1.279076,0.0,0.0,-0.0,0.0,-0.0,0.0,0.0,0.4406524,0.9209595,10.402984,0.0,0.0,0.18524572,-1.0938302,-0.31813833,0.0,0.0,0.0,0.0,0.290848,0.1383698,0.42349845,0.0,0.0,-1.0938302,0.39998698,0.39998698,0.18524572,-0.0,5.6,16.156013,18.953703,18.953703,2.0
resstock-amy2018-2021-release-1-508005,0.0,0.4047618,0.60259426,0.0,1.5975783e-07,0.6579369,0.0,0.0,0.0,0.0,0.0,0.0,0.0,0.0,-1.3641723,0.0,-1.3641723,0.19613221,9.893876075744629,1.9405078086693095,1.3641723,0.0,0.0,-0.0,0.0,-0.0,0.0,0.0,0.40476146,0.87501776,10.402984,3.2782555e-07,0.0,1.3805987,0.6743633,0.21588446,0.3070392,0.0,0.0,0.0,0.3201308,0.1383698,0.45530233,0.0,0.6743633,0.0,2.2357864,2.2357864,1.3805987,-0.0,5.6,16.056128,20.0,20.0,2.0
resstock-amy2018-2021-release-1-508005,0.0,0.8138105,0.0,0.0,0.0,0.0,0.0,0.0,0.0,0.0,0.0,0.0,0.0,0.0,0.041701816,0.041701816,0.0,0.1997656,9.893874168395996,1.9764556384717196,-0.0,0.041701816,0.0,-0.0,0.0,-0.0,0.0,0.0,0.8138107,0.78918934,10.402984,0.0,0.0,0.8781231,0.9198249,0.3349502,0.4503627,0.0,0.0,0.0,0.3641456,0.1383698,0.48961788,0.0,0.9198249,0.0,1.26001,1.26001,0.8781231,-0.0,7.2,16.439968,19.87037,19.87037,2.0
resstock-amy2018-2021-release-1-508005,0.9010411,0.2541271,0.0,0.0,7.946743e-08,0.0,0.0,0.0,0.0,0.0,0.0,0.0,0.0,0.0,-0.6252949,0.0,-0.6252949,0.1339044,9.893844604492188,1.324829300600868,0.6252949,0.0,0.0,-0.0,0.0,-0.0,0.0,0.0,0.2541269,0.75893205,10.402984,1.7881393e-07,0.0,0.28178522,-0.378014,-0.15106419,0.0,0.0,0.0,0.0,0.3996259,0.1383698,0.47885212,0.0,0.0,-0.378014,0.3602185,0.39472288,0.28178522,-0.034504395,9.4,16.20232,17.777779,17.777779,2.0
resstock-amy2018-2021-release-1-508005,0.0,0.5583635,0.51947445,0.0,0.76698786,0.5671833,0.0,0.0,0.0,0.0,0.0,0.0,0.0,0.0,-0.1809357,0.0,-0.1809357,0.1143197,9.89383602142334,1.1310603363588,0.1809357,0.0,0.0,-0.0,0.0,-0.0,1.2217559,1.2217559,-0.0,0.86873764,10.402984,0.5583635,0.0,0.37640277,1.4488333,0.57426566,0.69612753,0.0,0.0,0.0,0.39636418,0.1383698,0.48047453,0.0,1.4488333,0.0,1.1033595,1.1841644,0.37640277,-0.080804944,10.6,16.48272,19.37037,19.37037,2.0
resstock-amy2018-2021-release-1-508005,0.0,1.0284792,0.0,0.0,5.0689803e-08,0.0,0.0,0.0,0.0,0.0,0.0,0.0,0.0,0.0,0.33685794,0.33685794,0.0,0.14648752,9.893819808959961,1.4493211186823203,-0.0,0.33685794,0.0,-0.0,0.0,-0.0,0.0,0.0,1.0284791,0.7618573,10.402984,1.1920929e-07,0.0,0.3716734,0.5666565,0.20972061,0.2781667,0.0,0.0,0.0,0.37010187,0.1383698,0.49089128,0.0,0.5666565,0.0,0.6671252,0.80900013,0.3716734,-0.14187491,11.1,17.634583,20.0,20.0,2.0
resstock-amy2018-2021-release-1-508005,0.0,0.6158424,0.8879686,0.0,1.5364537,0.96952015,0.0,0.0,0.0,0.0,0.0,0.0,0.0,0.0,0.8947621,0.8947621,0.0,0.23433799,9.893777847290039,2.3184879698727627,-0.0,0.8947621,0.0,-0.0,0.0,-0.0,2.586733,2.586733,-0.0,1.0,10.402984,0.6158424,0.0,0.36982262,3.613838,1.2743558,1.7769492,0.0,0.0,0.0,0.35263225,0.1383698,0.49170694,0.0,3.613838,0.0,1.6191533,1.7758739,0.36982262,-0.15672068,11.1,18.22978,20.0,20.0,2.0
resstock-amy2018-2021-release-1-508005,0.13988343,0.34152693,0.0,0.0,0.7006852,0.0,0.0,0.0,0.0,0.0,0.0,0.0,0.0,0.0,1.3408948,1.3408948,0.0,0.36768553,9.893714904785156,3.6377757748894055,-0.0,1.3408948,0.0,-0.0,0.0,-0.0,0.07122822,0.07122822,-0.0,1.0,10.402984,0.34152693,0.0,0.2807234,2.1449807,0.73736787,1.0512221,0.0,0.0,0.0,0.34376433,0.1383698,0.49008462,0.0,2.1449807,0.0,0.77379847,0.9511212,0.2807234,-0.17732272,11.1,18.89637,20.0,20.0,2.0
resstock-amy2018-2021-release-1-508005,0.92256725,0.17842941,0.19310455,0.0,0.0,0.21083939,0.0,0.0,0.0,0.0,0.0,0.0,0.0,0.0,1.2362419,1.2362419,0.0,0.49033192,9.893656730651855,4.851175680785758,-0.0,1.2362419,0.0,-0.0,0.0,-0.0,0.0,0.0,0.17842948,0.9757689,10.402984,0.0,0.0,0.28050318,1.5599619,0.5348102,0.77144694,0.0,0.0,0.0,0.3428354,0.1383698,0.49452934,0.0,1.5599619,0.0,0.3983823,0.56600493,0.28050318,-0.16762263,11.7,19.600159,19.444445,19.444445,2.0
resstock-amy2018-2021-release-1-508005,1.3525387,0.46005416,0.0,0.0,0.55386,0.0,0.0,0.0,0.0,0.0,0.0,0.0,0.0,0.0,0.7054244,0.7054244,0.0,0.55844736,9.893623352050781,5.525067851605854,-0.0,0.7054244,0.0,-0.0,0.0,-0.0,0.32718146,0.32718146,-0.0,1.0,10.402984,0.46005416,0.0,0.2796783,1.4021335,0.48363066,0.7001618,0.0,0.0,0.0,0.34492484,0.1383698,0.4993546,0.0,1.4021335,0.0,0.56165016,0.6984794,0.2796783,-0.13682927,12.2,20.58976,19.444445,19.444445,2.0
resstock-amy2018-2021-release-1-508005,1.2563341,0.22663167,0.0,0.0,0.57248026,0.0,0.0,0.0,0.0,0.0,0.0,0.0,0.0,0.0,0.871315,0.871315,0.0,0.6432479,9.893582344055176,6.364026089969286,-0.0,0.871315,0.0,-0.0,0.0,-0.0,0.07122822,0.07122822,-0.0,1.0,10.402984,0.22663167,0.0,0.2863047,1.6218356,0.5767536,0.8101528,0.0,0.0,0.0,0.3556178,0.1383698,0.49952835,0.0,1.6218356,0.0,0.72160053,0.8298649,0.2863047,-0.10826437,12.8,21.095999,19.444445,19.444445,2.0
resstock-amy2018-2021-release-1-508005,4.6894913,0.1521703,1.1023484,0.0,6.0501634e-08,1.2035887,0.0,0.0,0.0,0.0,0.0,0.0,0.0,0.0,1.0784736,1.0784736,0.0,0.7491938,9.893531799316406,7.4121725612212686,-0.0,1.0784736,0.0,-0.0,0.0,-0.0,0.0,0.0,0.15217015,0.97834927,10.402984,1.4901161e-07,0.0,0.33592644,2.5626125,0.92879033,1.2878151,0.0,0.0,0.0,0.36243886,0.1383698,0.50253993,0.0,2.5626125,0.0,1.545923,1.6012992,0.33592644,-0.055376217,12.8,21.282692,17.777779,17.777779,2.0
resstock-amy2018-2021-release-1-508005,0.0,0.2015595,1.0386842,0.0,0.111772895,1.1340777,0.0,0.0,0.0,0.0,0.0,0.0,0.0,0.0,1.4965663,1.4965663,0.0,0.8963514,9.893461227416992,8.86801779273162,-0.0,1.4965663,0.0,-0.0,0.0,-0.0,0.065557376,0.065557376,-0.0,0.97796106,10.402984,0.2015595,0.0,0.48809308,3.2275329,1.2655467,1.6336689,0.0,0.0,0.0,0.39210963,0.1383698,0.50616646,0.0,3.2275329,0.0,1.7035346,1.7065114,0.48809308,-0.0029767912,11.7,20.88521,19.958334,19.958334,2.0
resstock-amy2018-2021-release-1-508005,0.0,0.6703849,0.19310457,0.0,0.87375826,0.2108394,0.0,0.0,0.0,0.0,0.0,0.0,0.0,0.0,0.07531813,0.07531813,0.0,0.90205926,9.893457412719727,8.924484843180721,-0.0,0.07531813,0.0,-0.0,0.0,-0.0,0.30402625,0.30402625,-0.0,1.0,10.402984,0.6703849,0.0,0.37668586,1.5366017,0.6009579,0.78011817,0.0,0.0,0.0,0.3910954,0.1383698,0.50769055,0.0,1.5366017,0.0,1.335783,1.335783,0.37668586,-0.0,12.2,20.894985,20.0,20.0,2.0
resstock-amy2018-2021-release-1-508005,0.0,0.19028202,0.0,0.0,0.0,0.0,0.0,0.0,0.0,0.0,0.0,0.0,0.0,0.0,0.3959816,0.3959816,0.0,0.9387555,9.893438339233398,9.287519775937653,-0.0,0.3959816,0.0,-0.0,0.0,-0.0,0.0,0.0,0.19028242,0.97460425,10.402984,0.0,0.0,0.40955812,0.8055397,0.29059193,0.4120095,0.0,0.0,0.0,0.36074188,0.1383698,0.51147014,0.0,0.8055397,0.0,0.4915438,0.4915438,0.40955812,-0.0,10.6,20.242771,20.532408,20.532408,2.0
resstock-amy2018-2021-release-1-508005,0.0,0.32675663,0.0,0.0,0.070126966,0.0,0.0,0.0,0.0,0.0,0.0,0.0,0.0,0.0,0.6146116,0.6146116,0.0,0.99775994,9.893409729003906,9.87124788019446,-0.0,0.6146116,0.0,-0.0,0.0,-0.0,0.0,0.0,0.16896018,0.9514737,10.402984,0.15779644,0.0,0.35506824,1.0398068,0.3520266,0.54084224,0.0,0.0,0.0,0.33855,0.1383698,0.5201372,0.0,1.0398068,0.0,0.5002835,0.5002835,0.35506824,-0.0,9.4,19.697393,21.11111,21.11111,2.0
resstock-amy2018-2021-release-1-508005,0.0,0.5533931,1.0021281,0.0,5.365138e-08,1.0941641,0.0,0.0,0.0,0.0,0.0,0.0,0.0,0.0,-0.49845886,0.0,-0.49845886,0.94362044,9.893385887145996,9.335601177003127,0.49845886,0.0,0.0,-0.0,0.0,-0.0,0.0,0.0,0.553393,0.8907226,10.402984,1.1920929e-07,0.0,0.32061878,0.91632414,0.29625878,0.48565143,0.0,0.0,0.0,0.3233122,0.1383698,0.5299996,0.0,0.91632414,0.0,1.6638433,1.6638433,0.32061878,-0.0,8.9,19.292747,20.99074,20.99074,2.0
resstock-amy2018-2021-release-1-508005,0.97990423,0.17715886,0.0,0.0,0.58924186,0.0,0.0,0.0,0.0,0.0,0.0,0.0,0.0,0.0,0.39990097,0.39990097,0.0,0.9806351,9.893366813659668,9.701782819585617,-0.0,0.39990097,0.0,-0.0,0.0,-0.0,1.0969267,1.0969267,-0.0,0.98790693,10.402984,0.17715886,0.0,0.195165,1.1843078,0.37975138,0.64567256,0.0,0.0,0.0,0.3206526,0.1383698,0.5451898,0.0,1.1843078,0.0,0.27709782,0.27709782,0.195165,-0.0,7.8,18.34221,18.88889,18.88889,2.0
resstock-amy2018-2021-release-1-508005,0.0,0.32942167,0.0,0.0,1.1589786,0.0,0.0,0.0,0.0,0.0,0.0,0.0,0.0,0.0,0.2005949,0.2005949,0.0,0.99858415,9.893357276916504,9.879349779560812,-0.0,0.2005949,0.0,-0.0,0.0,-0.0,0.19896698,0.19896698,-0.0,1.0,10.402984,0.32942167,0.0,0.23878051,1.598354,0.49299693,0.8875093,0.0,0.0,0.0,0.3084404,0.1383698,0.55526453,0.0,1.598354,0.0,1.3057404,1.3057404,0.23878051,-0.0,7.8,17.820995,18.88889,18.88889,2.0
resstock-amy2018-2021-release-1-508005,0.0,0.22141764,0.0,0.0,1.3205429,0.0,0.0,0.0,0.0,0.0,0.0,0.0,0.0,0.0,0.023174286,0.023174286,0.0,0.9992306,9.893356323242188,9.88574460486052,-0.0,0.023174286,0.0,-0.0,0.0,-0.0,0.07122822,0.07122822,-0.0,1.0,10.402984,0.22141764,0.0,0.18956426,1.5332814,0.46207643,0.8621136,0.0,0.0,0.0,0.3013644,0.1383698,0.562267,0.0,1.5332814,0.0,1.4762806,1.4762806,0.18956426,-0.0,6.7,17.037514,18.88889,18.88889,2.0
resstock-amy2018-2021-release-1-508005,0.0,0.17547806,0.0,0.0,1.5150925,0.0,0.0,0.0,0.0,0.0,0.0,0.0,0.0,0.0,0.016783714,0.016783714,0.0,0.9992541,9.893355369567871,9.88597598975332,-0.0,0.016783714,0.0,-0.0,0.0,-0.0,0.07122822,0.07122822,-0.0,1.0,10.402984,0.17547806,0.0,0.18831366,1.7201898,0.49389195,0.97891486,0.0,0.0,0.0,0.2871148,0.1383698,0.56907374,0.0,1.7201898,0.0,1.6708906,1.6708906,0.18831366,-0.0,8.33,16.514631,18.88889,18.88889,2.0
resstock-amy2018-2021-release-1-508005,0.0,0.22032571,0.0,0.0,1.5129396,0.0,0.0,0.0,0.0,0.0,0.0,0.0,0.0,0.0,0.016550064,0.016550064,0.0,0.99924034,9.893354415893555,9.885838818429079,-0.0,0.016550064,0.0,-0.0,0.0,-0.0,0.07122822,0.07122822,-0.0,1.0,10.402984,0.22032571,0.0,0.1873195,1.7168092,0.49024034,0.9871315,0.0,0.0,0.0,0.2855532,0.1383698,0.5749803,0.0,1.7168092,0.0,1.66595,1.66595,0.1873195,-0.0,6.1,15.947851,18.88889,18.88889,2.0
resstock-amy2018-2021-release-1-508005,0.0,0.24347594,0.0,0.0,1.6941214,0.0,0.0,0.0,0.0,0.0,0.0,0.0,0.0,0.0,0.016685486,0.016685486,0.0,0.9992374,9.893353462219238,9.885808970678113,-0.0,0.016685486,0.0,-0.0,0.0,-0.0,0.07122822,0.07122822,-0.0,1.0,10.402984,0.24347594,0.0,0.18623988,1.8970467,0.5425641,1.1004584,0.0,0.0,0.0,0.2860046,0.1383698,0.5800903,0.0,1.8970467,0.0,1.845851,1.845851,0.18623988,-0.0,5.85,15.598059,18.88889,18.88889,2.0
resstock-amy2018-2021-release-1-508005,0.0,0.43074948,0.0,0.0,0.88079405,0.0,0.0,0.0,0.0,0.0,0.0,0.0,0.0,0.0,0.016713142,0.016713142,0.0,0.9992573,9.893352508544922,9.886004974111529,-0.0,0.016713142,0.0,-0.0,0.0,-0.0,0.07122822,0.07122822,-0.0,1.0,10.402984,0.43074948,0.0,0.19780183,1.095309,0.3135173,0.6404865,0.0,0.0,0.0,0.2862364,0.1383698,0.5847541,0.0,1.095309,0.0,1.0438845,1.0438845,0.19780183,-0.0,5.6,15.404198,18.88889,18.88889,2.0
resstock-amy2018-2021-release-1-508005,0.0,1.8177252,1.0664188,0.0,1.2381209,1.1643593,0.0,0.0,0.0,0.0,0.0,0.0,0.0,0.0,0.016515732,0.016515732,0.0,0.99925804,9.893351554870605,9.886011097421942,-0.0,0.016515732,0.0,-0.0,0.0,-0.0,0.07122822,0.07122822,-0.0,1.0,10.402984,1.8177252,0.0,0.21349585,2.6324918,0.7821949,1.5357989,0.0,0.0,0.0,0.297131,0.1383698,0.5834012,0.0,2.6324918,0.0,2.5825517,2.5825517,0.21349585,-0.0,7.2,16.989124,18.949074,18.949074,2.0
resstock-amy2018-2021-release-1-508005,0.0,0.29425406,0.0,0.0,1.3731468,0.0,0.0,0.0,0.0,0.0,0.0,0.0,0.0,0.0,0.016507149,0.016507149,0.0,0.999258,9.893350601196289,9.886009554765565,-0.0,0.016507149,0.0,-0.0,0.0,-0.0,0.07122822,0.07122822,-0.0,1.0,10.402984,0.29425406,0.0,0.31611475,1.7057687,0.5329746,0.98493356,0.0,0.0,0.0,0.3124542,0.1383698,0.5774133,0.0,1.7057687,0.0,1.6563197,1.6563197,0.31611475,-0.0,7.8,16.3214,20.0,20.0,2.0
resstock-amy2018-2021-release-1-508005,0.0,0.33637583,0.0,0.0,1.3387339,0.0,0.0,0.0,0.0,0.0,0.0,0.0,0.0,0.0,0.016507149,0.016507149,0.0,0.9992579,9.893349647521973,9.8860080121093,-0.0,0.016507149,0.0,-0.0,0.0,-0.0,0.07122822,0.07122822,-0.0,1.0,10.402984,0.33637583,0.0,0.2761897,1.6314307,0.5622726,0.9336128,0.0,0.0,0.0,0.34465,0.1383698,0.5722663,0.0,1.6314307,0.0,1.5814992,1.5814992,0.2761897,-0.0,7.2,15.821018,20.527779,20.527779,2.0
resstock-amy2018-2021-release-1-508005,0.0,0.6869161,0.0,0.0,1.642595,0.0,0.0,0.0,0.0,0.0,0.0,0.0,0.0,0.0,-0.19206546,0.0,-0.19206546,0.97711,9.893341064453125,9.666882767141942,0.19206546,0.0,0.0,-0.0,0.0,-0.0,0.07122822,0.07122822,-0.0,1.0,10.402984,0.6869161,0.0,0.28178522,1.7274318,0.6667736,0.9905644,0.0,0.0,0.0,0.38599128,0.1383698,0.57343185,0.0,1.7274318,0.0,1.8869576,1.8918407,0.28178522,-0.004883061,8.3,16.01879,20.0,20.0,2.0
resstock-amy2018-2021-release-1-508005,0.0,0.6069612,0.0,0.0,0.93373865,0.0,0.0,0.0,0.0,0.0,0.0,0.0,0.0,0.0,0.2354126,0.2354126,0.0,0.998475,9.893329620361328,9.878242442707005,-0.0,0.2354126,0.0,-0.0,0.0,-0.0,0.07122822,0.07122822,-0.0,1.0,10.402984,0.6069612,0.0,0.282754,1.4198915,0.54176396,0.81556547,0.0,0.0,0.0,0.38155308,0.1383698,0.57438576,0.0,1.4198915,0.0,1.1533067,1.1853205,0.282754,-0.032013826,10.0,16.177797,20.0,20.0,2.0
resstock-amy2018-2021-release-1-508005,0.0,0.24025749,0.747603,0.0,1.044062,0.8162633,0.0,0.0,0.0,0.0,0.0,0.0,0.0,0.0,-0.42019725,0.0,-0.42019725,0.952417,9.893309593200684,9.422556401410816,0.42019725,0.0,0.0,-0.0,0.0,-0.0,0.07122822,0.07122822,-0.0,1.0,10.402984,0.24025749,0.0,0.27993497,1.6566947,0.5925062,0.9517429,0.0,0.0,0.0,0.35764354,0.1383698,0.574483,0.0,1.6566947,0.0,2.0474892,2.1108577,0.27993497,-0.06336846,12.2,16.119919,20.0,20.0,2.0
resstock-amy2018-2021-release-1-508005,0.0,0.8671744,0.0,0.0,1.5281043,0.0,0.0,0.0,0.0,0.0,0.0,0.0,0.0,0.0,0.47945023,0.47945023,0.0,0.9979144,9.89328670501709,9.87265300779967,-0.0,0.47945023,0.0,-0.0,0.0,-0.0,0.07122822,0.07122822,-0.0,1.0,10.402984,0.8671744,0.0,0.36982262,2.3244333,0.80701774,1.3367531,0.0,0.0,0.0,0.34718904,0.1383698,0.5750877,0.0,2.3244333,0.0,1.8164651,1.869409,0.36982262,-0.052943826,13.3,17.277168,20.0,20.0,2.0
resstock-amy2018-2021-release-1-508005,0.0,0.47639546,0.0,0.0,1.5532343,0.0,0.0,0.0,0.0,0.0,0.0,0.0,0.0,0.0,0.029724121,0.029724121,0.0,0.9991963,9.893285751342773,9.885334428246551,-0.0,0.029724121,0.0,-0.0,0.0,-0.0,0.07122822,0.07122822,-0.0,1.0,10.402984,0.47639546,0.0,0.2807234,1.8344598,0.615463,1.0565501,0.0,0.0,0.0,0.33550096,0.1383698,0.5759462,0.0,1.8344598,0.0,1.7771026,1.8063246,0.2807234,-0.029222017,14.4,17.667408,20.0,20.0,2.0
resstock-amy2018-2021-release-1-508005,0.0,0.27315173,0.0,0.0,1.3817263,0.0,0.0,0.0,0.0,0.0,0.0,0.0,0.0,0.0,0.017051697,0.017051697,0.0,0.99924904,9.893284797668457,9.885855347206245,-0.0,0.017051697,0.0,-0.0,0.0,-0.0,0.07122822,0.07122822,-0.0,1.0,10.402984,0.27315173,0.0,0.28050318,1.6568383,0.54196805,0.95364785,0.0,0.0,0.0,0.3271098,0.1383698,0.5755829,0.0,1.6568383,0.0,1.6117513,1.6341941,0.28050318,-0.022442866,13.9,17.837734,20.0,20.0,2.0
resstock-amy2018-2021-release-1-508005,0.0,0.37346587,0.0,0.0,0.7139867,0.0,0.0,0.0,0.0,0.0,0.0,0.0,0.0,0.0,0.016530037,0.016530037,0.0,0.9992512,9.89328384399414,9.88587562293219,-0.0,0.016530037,0.0,-0.0,0.0,-0.0,0.07122822,0.07122822,-0.0,1.0,10.402984,0.37346587,0.0,0.36857337,1.0878849,0.36878023,0.62023777,0.0,0.0,0.0,0.33898827,0.1383698,0.5701318,0.0,1.0878849,0.0,1.0413088,1.052514,0.36857337,-0.011205172,11.4,18.03476,20.0,20.0,2.0
resstock-amy2018-2021-release-1-508005,0.0,0.26756215,0.0,0.0,1.1904143,0.0,0.0,0.0,0.0,0.0,0.0,0.0,0.0,0.0,0.016507149,0.016507149,0.0,0.9992512,9.893282890319824,9.885874669971997,-0.0,0.016507149,0.0,-0.0,0.0,-0.0,0.07122822,0.07122822,-0.0,1.0,10.402984,0.26756215,0.0,0.2863047,1.4770163,0.5234198,0.8349339,0.0,0.0,0.0,0.35437644,0.1383698,0.56528413,0.0,1.4770163,0.0,1.4298196,1.4460294,0.2863047,-0.016209798,10.6,17.787296,20.208334,20.208334,2.0
resstock-amy2018-2021-release-1-508005,0.0,0.34051585,0.0,0.0,1.5393244,0.0,0.0,0.0,0.0,0.0,0.0,0.0,0.0,0.0,0.016506195,0.016506195,0.0,0.99925107,9.893281936645508,9.885872537640694,-0.0,0.016506195,0.0,-0.0,0.0,-0.0,0.07122822,0.07122822,-0.0,1.0,10.402984,0.34051585,0.0,0.33592644,1.8899583,0.68499196,1.0752572,0.0,0.0,0.0,0.3624376,0.1383698,0.5689317,0.0,1.8899583,0.0,1.8427625,1.8445612,0.33592644,-0.0017987393,10.6,17.5924,21.050926,21.050926,2.0
resstock-amy2018-2021-release-1-508005,0.0,0.33240438,0.5728757,0.0,1.9563971e-07,0.62548894,0.0,0.0,0.0,0.0,0.0,0.0,0.0,0.0,0.016507149,0.016507149,0.0,0.99925095,9.893280982971191,9.885870405309618,-0.0,0.016507149,0.0,-0.0,0.0,-0.0,0.0,0.0,0.33240393,0.96063894,10.402984,4.4703484e-07,0.0,0.62255377,1.2644964,0.49751613,0.7321392,0.0,0.0,0.0,0.39345,0.1383698,0.57899666,0.0,1.2644964,0.0,1.3934621,1.3935156,0.62255377,-5.356699e-05,10.0,17.288467,20.0,20.0,2.0
resstock-amy2018-2021-release-1-508005,0.0,0.045249313,0.43510628,0.0,3.586728e-08,0.4750667,0.0,0.0,0.0,0.0,0.0,0.0,0.0,0.0,0.016507149,0.016507149,0.0,0.9992509,9.893280029296875,9.88586886266421,-0.0,0.016507149,0.0,-0.0,0.0,-0.0,0.0,0.0,0.04524923,0.94975823,10.402984,8.195639e-08,0.0,0.6549938,1.1465677,0.45111704,0.6628994,0.0,0.0,0.0,0.39345,0.1383698,0.5781598,0.0,1.1465677,0.0,1.1498634,1.1498634,0.6549938,-0.0,10.0,16.6003,20.0,20.0,2.0
resstock-amy2018-2021-release-1-508005,0.0,1.2015114,0.3863425,0.0,0.0,0.42182443,0.0,0.0,0.0,0.0,0.0,0.0,0.0,0.0,0.016506195,0.016506195,0.0,0.99923235,9.893279075622559,9.885684517549578,-0.0,0.016506195,0.0,-0.0,0.0,-0.0,0.0,0.0,1.2015115,0.82533246,10.402984,0.0,0.0,0.7077452,1.1460758,0.42294532,0.6431867,0.0,0.0,0.0,0.3690378,0.1383698,0.5612078,0.0,1.1460758,0.0,1.6472566,1.6472566,0.7077452,-0.0,10.6,17.950207,19.800926,19.800926,2.0
resstock-amy2018-2021-release-1-508005,0.0,0.10106987,0.46032447,0.0,1.4075114e-07,0.50260097,0.0,0.0,0.0,0.0,0.0,0.0,0.0,0.0,0.0166893,0.0166893,0.0,0.99923694,9.893278121948242,9.885728970377613,-0.0,0.0166893,0.0,-0.0,0.0,-0.0,0.0,0.0,0.10106955,0.809873,10.402984,3.2037497e-07,0.0,0.35506824,0.87435865,0.30563515,0.47724688,0.0,0.0,0.0,0.34955353,0.1383698,0.54582506,0.0,0.87435865,0.0,0.9020725,0.9020725,0.35506824,-0.0,9.85,17.179989,20.74074,20.74074,2.0
resstock-amy2018-2021-release-1-508005,0.0,0.21110827,0.0,0.0,0.0,0.0,0.0,0.0,0.0,0.0,0.0,0.0,0.0,0.0,0.01664257,0.01664257,0.0,0.99925,9.893277168273926,9.885857158505416,-0.0,0.01664257,0.0,-0.0,0.0,-0.0,0.0,0.0,0.21110834,0.7837043,10.402984,0.0,0.0,0.32061878,0.33726135,0.108226016,0.1815845,0.0,0.0,0.0,0.3208966,0.1383698,0.5384089,0.0,0.33726135,0.0,0.41300794,0.41300794,0.32061878,-0.0,10.0,16.623714,20.958334,20.958334,2.0
resstock-amy2018-2021-release-1-508005,0.0,0.44922996,0.0,0.0,0.23763692,0.0,0.0,0.0,0.0,0.0,0.0,0.0,0.0,0.0,-0.101298876,0.0,-0.101298876,0.9867651,9.893272399902344,9.762335796950083,0.101298876,0.0,0.0,-0.0,0.0,-0.0,0.08639726,0.08639726,-0.0,0.7865794,10.402984,0.44922996,0.0,0.195165,0.33150303,0.10442478,0.18094464,0.0,0.0,0.0,0.315004,0.1383698,0.545831,0.0,0.33150303,0.0,0.39447078,0.39447078,0.195165,-0.0,9.466666,16.41632,20.555555,20.555555,2.0
resstock-amy2018-2021-release-1-508005,1.0112288,0.3960815,0.0,0.0,0.98337567,0.0,0.0,0.0,0.0,0.0,0.0,0.0,0.0,0.0,0.1399107,0.1399107,0.0,0.9987765,9.893265724182129,9.881161268620474,-0.0,0.1399107,0.0,-0.0,0.0,-0.0,1.6995169,1.6995169,-0.0,0.9411264,10.402984,0.3960815,0.0,0.19141321,1.3146995,0.40311658,0.7289747,0.0,0.0,0.0,0.3066226,0.1383698,0.5544801,0.0,1.3146995,0.0,0.3772775,0.3772775,0.19141321,-0.0,7.2,15.819399,18.333334,18.333334,2.0
resstock-amy2018-2021-release-1-508005,0.0,0.3399789,0.0,0.0,1.35358,0.0,0.0,0.0,0.0,0.0,0.0,0.0,0.0,0.0,0.021181107,0.021181107,0.0,0.9992297,9.893264770507812,9.885644277296706,-0.0,0.021181107,0.0,-0.0,0.0,-0.0,0.69311124,0.69311124,-0.0,1.0,10.402984,0.3399789,0.0,0.18956426,1.5643253,0.4437972,0.8768152,0.0,0.0,0.0,0.2836988,0.1383698,0.56050694,0.0,1.5643253,0.0,1.2312024,1.2312024,0.18956426,-0.0,8.9,15.300767,18.333334,18.333334,2.0
resstock-amy2018-2021-release-1-508005,0.0,0.26459005,0.0,0.0,1.3902353,0.0,0.0,0.0,0.0,0.0,0.0,0.0,0.0,0.0,-0.48859254,0.0,-0.48859254,0.9461035,9.893241882324219,9.36003090220811,0.48859254,0.0,0.0,-0.0,0.0,-0.0,0.07122822,0.07122822,-0.0,1.0,10.402984,0.26459005,0.0,0.20555991,1.1072026,0.3091682,0.61924666,0.0,0.0,0.0,0.2792336,0.1383698,0.55928934,0.0,1.1072026,0.0,1.5641403,1.5641403,0.20555991,-0.0,9.4,15.026558,18.333334,18.333334,2.0
resstock-amy2018-2021-release-1-508005,0.0,0.2973065,0.0,0.0,1.717238,0.0,0.0,0.0,0.0,0.0,0.0,0.0,0.0,0.0,0.35357007,0.35357007,0.0,0.97857463,9.89322566986084,9.68125968498964,-0.0,0.35357007,0.0,-0.0,0.0,-0.0,0.07122822,0.07122822,-0.0,1.0,10.402984,0.2973065,0.0,0.1873195,2.2581275,0.62470466,1.2658299,0.0,0.0,0.0,0.2766472,0.1383698,0.5605662,0.0,2.2581275,0.0,1.871133,1.871133,0.1873195,-0.0,7.2,14.650026,18.333334,18.333334,2.0
resstock-amy2018-2021-release-1-508005,0.0,0.68173486,0.0,0.0,1.9612304,0.0,0.0,0.0,0.0,0.0,0.0,0.0,0.0,0.0,0.22082043,0.22082043,0.0,0.99850726,9.89321517944336,9.878447194042565,-0.0,0.22082043,0.0,-0.0,0.0,-0.0,0.07122822,0.07122822,-0.0,1.0,10.402984,0.68173486,0.0,0.18623988,2.3682907,0.6453573,1.3161021,0.0,0.0,0.0,0.2724992,0.1383698,0.5557182,0.0,2.3682907,0.0,2.1154132,2.1154132,0.18623988,-0.0,8.9,14.992893,18.333334,18.333334,2.0
resstock-amy2018-2021-release-1-508005,0.0,0.84449935,0.0,0.0,0.5995389,0.0,0.0,0.0,0.0,0.0,0.0,0.0,0.0,0.0,0.023792267,0.023792267,0.0,0.99921334,9.893214225769043,9.88543160907318,-0.0,0.023792267,0.0,-0.0,0.0,-0.0,0.07122822,0.07122822,-0.0,1.0,10.402984,0.84449935,0.0,0.18498929,0.80832046,0.21986236,0.45002937,0.0,0.0,0.0,0.271999,0.1383698,0.55674624,0.0,0.80832046,0.0,0.75287336,0.75287336,0.18498929,-0.0,9.4,15.438485,18.421297,18.421297,2.0
resstock-amy2018-2021-release-1-508005,0.0,0.48179352,3.040738,0.0,0.68788207,3.3200014,0.0,0.0,0.0,0.0,0.0,0.0,0.0,0.0,0.01681137,0.01681137,0.0,0.99922323,9.893213272094727,9.885528543271903,-0.0,0.01681137,0.0,-0.0,0.0,-0.0,0.07122822,0.07122822,-0.0,1.0,10.402984,0.48179352,0.0,0.91892105,4.943616,1.4058753,2.7558186,0.0,0.0,0.0,0.284382,0.1383698,0.55745,0.0,4.943616,0.0,4.8945065,4.8945065,0.91892105,-0.0,8.6,15.406212,20.0,20.0,2.0
resstock-amy2018-2021-release-1-508005,0.0,0.10737855,0.0,0.0,0.27975821,0.0,0.0,0.0,0.0,0.0,0.0,0.0,0.0,0.0,0.016714096,0.016714096,0.0,0.99924314,9.89321231842041,9.88572454392795,-0.0,0.016714096,0.0,-0.0,0.0,-0.0,0.07122822,0.07122822,-0.0,1.0,10.402984,0.10737855,0.0,0.31611475,0.6125871,0.18620381,0.34160537,0.0,0.0,0.0,0.303963,0.1383698,0.5576438,0.0,0.6125871,0.0,0.56293124,0.56293124,0.31611475,-0.0,7.8,15.0385895,20.0,20.0,2.0
resstock-amy2018-2021-release-1-508005,0.0,0.64146024,0.0,0.0,1.2719903,0.0,0.0,0.0,0.0,0.0,0.0,0.0,0.0,0.0,0.016515732,0.016515732,0.0,0.9992439,9.893211364746094,9.885731256832969,-0.0,0.016515732,0.0,-0.0,0.0,-0.0,0.07122822,0.07122822,-0.0,1.0,10.402984,0.64146024,0.0,0.2761897,1.5646957,0.52645576,0.8766626,0.0,0.0,0.0,0.33645886,0.1383698,0.56027675,0.0,1.5646957,0.0,1.5156404,1.5156404,0.2761897,-0.0,8.3,15.286356,19.847221,19.847221,2.0
resstock-amy2018-2021-release-1-508005,0.0,0.5286556,0.7510665,0.0,1.2933233,0.8200449,0.0,0.0,0.0,0.0,0.0,0.0,0.0,0.0,-0.48849717,0.0,-0.48849717,0.9461275,9.8931884765625,9.360217426183226,0.48849717,0.0,0.0,-0.0,0.0,-0.0,0.07122822,0.07122822,-0.0,1.0,10.402984,0.5286556,0.0,0.28178522,1.8746053,0.6804836,1.0659078,0.0,0.0,0.0,0.363001,0.1383698,0.5686039,0.0,1.8746053,0.0,2.3305628,2.362614,0.28178522,-0.032050982,8.3,15.4197445,18.88889,18.88889,2.0
resstock-amy2018-2021-release-1-508005,0.0,0.7223085,0.38646397,0.0,1.5541717,0.42195705,0.0,0.0,0.0,0.0,0.0,0.0,0.0,0.0,-0.4226063,0.0,-0.4226063,0.8999034,9.893168449401855,8.902896088948523,0.4226063,0.0,0.0,-0.0,0.0,-0.0,0.07122822,0.07122822,-0.0,1.0,10.402984,0.7223085,0.0,0.282754,1.7475497,0.6342732,1.0237817,0.0,0.0,0.0,0.36295,0.1383698,0.5858384,0.0,1.7475497,0.0,2.1389837,2.2277105,0.282754,-0.08872687,10.0,15.903294,18.26389,18.26389,2.0
resstock-amy2018-2021-release-1-508005,0.0,0.44295684,0.19323231,0.0,2.154806,0.21097888,0.0,0.0,0.0,0.0,0.0,0.0,0.0,0.0,-0.22889951,0.0,-0.22889951,0.8740175,9.893157958984375,8.646792959225422,0.22889951,0.0,0.0,-0.0,0.0,-0.0,0.07122822,0.07122822,-0.0,1.0,10.402984,0.44295684,0.0,0.27993497,2.338733,0.8129545,1.4202949,0.0,0.0,0.0,0.34760466,0.1383698,0.6072925,0.0,2.338733,0.0,2.536943,2.6150303,0.27993497,-0.07808737,10.6,15.955169,20.0,20.0,2.0
resstock-amy2018-2021-release-1-508005,2.189039,0.31434894,0.19323231,0.0,1.1672152,0.21097888,0.0,0.0,0.0,0.0,0.0,0.0,0.0,0.0,-0.13175513,0.0,-0.13175513,0.8584807,9.89315128326416,8.493079358824843,0.13175513,0.0,0.0,-0.0,0.0,-0.0,0.07122822,0.07122822,-0.0,1.0,10.402984,0.31434894,0.0,0.27905232,1.4882799,0.49656135,0.9233855,0.0,0.0,0.0,0.33364782,0.1383698,0.62043804,0.0,1.4882799,0.0,1.5902302,1.6274416,0.27905232,-0.03721144,11.7,16.197895,17.407408,17.407408,2.0
resstock-amy2018-2021-release-1-508005,1.4454882,0.22532573,0.0,0.0,1.2618049,0.0,0.0,0.0,0.0,0.0,0.0,0.0,0.0,0.0,0.7087307,0.7087307,0.0,0.9263403,9.893117904663086,9.164393629302253,-0.0,0.7087307,0.0,-0.0,0.0,-0.0,0.07122822,0.07122822,-0.0,1.0,10.402984,0.22532573,0.0,0.37126195,2.2281566,0.72227204,1.3878763,0.0,0.0,0.0,0.32415676,0.1383698,0.62288094,0.0,2.2281566,0.0,1.4905058,1.6041468,0.37126195,-0.113641076,12.8,17.005898,17.222221,17.222221,2.0
resstock-amy2018-2021-release-1-508005,1.0328332,0.27649012,0.38646385,0.0,2.4386883,0.42195693,0.0,0.0,0.0,0.0,0.0,0.0,0.0,0.0,0.73700523,0.73700523,0.0,0.99766326,9.893083572387695,9.869966003395803,-0.0,0.73700523,0.0,-0.0,0.0,-0.0,0.07122822,0.07122822,-0.0,1.0,10.402984,0.27649012,0.0,0.37047958,3.9029446,1.2270623,2.4576337,0.0,0.0,0.0,0.314394,0.1383698,0.6296871,0.0,3.9029446,0.0,3.1374214,3.202607,0.37047958,-0.06518554,13.3,17.555874,17.222221,17.222221,2.0
resstock-amy2018-2021-release-1-508005,1.1747068,0.096097454,0.50549394,0.0,1.6504638,0.5519188,0.0,0.0,0.0,0.0,0.0,0.0,0.0,0.0,0.03200245,0.03200245,0.0,0.9990972,9.893081665039062,9.8841504684151,-0.0,0.03200245,0.0,-0.0,0.0,-0.0,0.07122822,0.07122822,-0.0,1.0,10.402984,0.096097454,0.0,0.2796783,2.472681,0.7994473,1.5799392,0.0,0.0,0.0,0.32331192,0.1383698,0.638958,0.0,2.472681,0.0,2.4108737,2.452256,0.2796783,-0.041382376,11.7,17.631018,17.222221,17.222221,2.0
resstock-amy2018-2021-release-1-508005,1.9012761,0.44358373,1.0580584,0.0,1.8879257,1.1552311,0.0,0.0,0.0,0.0,0.0,0.0,0.0,0.0,0.017827988,0.017827988,0.0,0.9992252,9.893080711364746,9.88541554473835,-0.0,0.017827988,0.0,-0.0,0.0,-0.0,0.07122822,0.07122822,-0.0,1.0,10.402984,0.44358373,0.0,0.2863047,3.2567139,1.0719643,2.0899646,0.0,0.0,0.0,0.32915518,0.1383698,0.6417403,0.0,3.2567139,0.0,3.209081,3.2996569,0.2863047,-0.090575844,11.7,18.554506,17.222221,17.222221,2.0
resstock-amy2018-2021-release-1-508005,1.4102131,0.32683405,0.9296544,0.0,2.3926225,1.0150344,0.0,0.0,0.0,0.0,0.0,0.0,0.0,0.0,-0.11126085,0.0,-0.11126085,0.9856755,9.893074989318848,9.751361772608277,0.11126085,0.0,0.0,-0.0,0.0,-0.0,0.07122822,0.07122822,-0.0,1.0,10.402984,0.32683405,0.0,1.6894871,4.9310665,1.6344368,3.201677,0.0,0.0,0.0,0.33145708,0.1383698,0.6492869,0.0,4.9310665,0.0,5.01204,5.0668564,1.6894871,-0.05481642,11.1,18.894852,17.717592,17.717592,2.0
resstock-amy2018-2021-release-1-508005,0.0,0.2974369,0.38646433,0.0,1.2381959,0.42195743,0.0,0.0,0.0,0.0,0.0,0.0,0.0,0.0,-0.07286883,0.0,-0.07286883,0.9762569,9.893071174621582,9.65817906553076,0.07286883,0.0,0.0,-0.0,0.0,-0.0,0.07122822,0.07122822,-0.0,1.0,10.402984,0.2974369,0.0,0.63282526,2.2167687,0.7597697,1.4343408,0.0,0.0,0.0,0.34273747,0.1383698,0.64704126,0.0,2.2167687,0.0,2.25935,2.262691,0.63282526,-0.0033409295,11.1,18.62595,20.0,20.0,2.0
resstock-amy2018-2021-release-1-508005,0.0,0.22281167,0.38646376,0.0,0.87393695,0.42195684,0.0,0.0,0.0,0.0,0.0,0.0,0.0,0.0,-0.1353166,0.0,-0.1353166,0.96017694,9.893064498901367,9.499092444598318,0.1353166,0.0,0.0,-0.0,0.0,-0.0,0.07122822,0.07122822,-0.0,1.0,10.402984,0.22281167,0.0,0.5518999,1.712477,0.6031594,1.0881675,0.0,0.0,0.0,0.35221463,0.1383698,0.63543487,0.0,1.712477,0.0,1.817104,1.817104,0.5518999,-0.0,10.6,18.116165,20.0,20.0,2.0
resstock-amy2018-2021-release-1-508005,0.0,0.21148902,0.0,0.0,0.5945419,0.0,0.0,0.0,0.0,0.0,0.0,0.0,0.0,0.0,0.14546032,0.14546032,0.0,0.9724809,9.893057823181152,9.620809707724106,-0.0,0.14546032,0.0,-0.0,0.0,-0.0,0.07122822,0.07122822,-0.0,1.0,10.402984,0.21148902,0.0,0.58928746,1.3292897,0.46089914,0.8396164,0.0,0.0,0.0,0.34672588,0.1383698,0.63162786,0.0,1.3292897,0.0,1.1531397,1.1531397,0.58928746,-0.0,10.6,17.84492,20.0,20.0,2.0
resstock-amy2018-2021-release-1-508005,0.0,0.5549481,0.0,0.0,0.106398314,0.0,0.0,0.0,0.0,0.0,0.0,0.0,0.0,0.0,0.2808838,0.2808838,0.0,0.9980303,9.893044471740723,9.873558190607241,-0.0,0.2808838,0.0,-0.0,0.0,-0.0,0.0,0.0,0.31182897,0.9626607,10.402984,0.24311912,0.0,0.35506824,0.74235034,0.24214274,0.4635127,0.0,0.0,0.0,0.32618392,0.1383698,0.62438536,0.0,0.74235034,0.0,0.59793496,0.59793496,0.35506824,-0.0,10.0,17.903076,19.944445,19.944445,2.0
resstock-amy2018-2021-release-1-508005,0.0,0.33704957,0.5796895,0.0,0.0,0.63292855,0.0,0.0,0.0,0.0,0.0,0.0,0.0,0.0,0.028335571,0.028335571,0.0,0.9991259,9.893043518066406,9.884395987797234,-0.0,0.028335571,0.0,-0.0,0.0,-0.0,0.0,0.0,0.33704993,0.9230932,10.402984,0.0,0.0,0.32061878,0.9818829,0.30255288,0.60246295,0.0,0.0,0.0,0.3081354,0.1383698,0.6135792,0.0,0.9818829,0.0,1.103337,1.103337,0.32061878,-0.0,9.4,17.45258,19.916666,19.916666,2.0
resstock-amy2018-2021-release-1-508005,0.5197686,0.42240253,0.0,0.0,9.5303406e-08,0.0,0.0,0.0,0.0,0.0,0.0,0.0,0.0,0.0,0.017505646,0.017505646,0.0,0.9991906,9.89304256439209,9.885035417975075,-0.0,0.017505646,0.0,-0.0,0.0,-0.0,0.0,0.0,0.42240232,0.8754037,10.402984,2.0861626e-07,0.0,0.2958324,0.31333813,0.0948474,0.18986285,0.0,0.0,0.0,0.30269983,0.1383698,0.605936,0.0,0.31333813,0.0,0.48880106,0.48880106,0.2958324,-0.0,8.3,17.040365,18.333334,18.333334,2.0
resstock-amy2018-2021-release-1-508005,0.13677205,0.22625428,0.76129097,0.0,0.38768232,0.8312084,0.0,0.0,0.0,0.0,0.0,0.0,0.0,0.0,-0.48885465,0.0,-0.48885465,0.94603753,9.893019676208496,9.359167907615983,0.48885465,0.0,0.0,-0.0,0.0,-0.0,0.6168137,0.6168137,-0.0,0.9275428,10.402984,0.22625428,0.0,0.19141321,0.9214493,0.2693627,0.55129004,0.0,0.0,0.0,0.29232502,0.1383698,0.5982858,0.0,0.9214493,0.0,1.1266639,1.1266639,0.19141321,-0.0,8.033334,16.43334,18.333334,18.333334,2.0
resstock-amy2018-2021-release-1-508005,0.0,0.63681185,0.0,0.0,0.88715684,0.0,0.0,0.0,0.0,0.0,0.0,0.0,0.0,0.0,-0.84566575,0.0,-0.84566575,0.8567002,9.892979621887207,8.475317442207825,0.84566575,0.0,0.0,-0.0,0.0,-0.0,0.8365942,0.8365942,-0.0,1.0,10.402984,0.63681185,0.0,0.18956426,0.23105532,0.06404484,0.12934057,0.0,0.0,0.0,0.277184,0.1383698,0.55978185,0.0,0.23105532,0.0,0.6945348,0.6945348,0.18956426,-0.0,8.3,16.30154,18.333334,18.333334,2.0
resstock-amy2018-2021-release-1-508005,0.0,0.67232037,0.0,0.0,1.0267726,0.0,0.0,0.0,0.0,0.0,0.0,0.0,0.0,0.0,-1.2449309,0.0,-1.2449309,0.7279125,9.89292049407959,7.201180346683884,1.2449309,0.0,0.0,-0.0,0.0,-0.0,0.07122822,0.07122822,-0.0,1.0,10.402984,0.67232037,0.0,0.18831366,-0.029844642,-0.008049298,0.0,0.0,0.0,0.0,0.26970664,0.1383698,0.53576505,0.0,0.0,-0.029844642,1.1821444,1.1821444,0.18831366,-0.0,7.8,16.13775,18.333334,18.333334,2.0
resstock-amy2018-2021-release-1-508005,0.0,0.1814869,0.0,0.0,9.09023e-08,0.0,0.0,0.0,0.0,0.0,0.0,0.0,0.0,0.0,-1.3335241,0.0,-1.3335241,0.5903112,9.892857551574707,5.839864901857197,1.3335241,0.0,0.0,-0.0,0.0,-0.0,0.0,0.0,0.18148671,0.9754685,10.402984,1.937151e-07,0.0,0.1873195,-1.1462045,-0.3016143,0.0,0.0,0.0,0.0,0.2631418,0.1383698,0.5047082,0.0,0.0,-1.1462045,0.2724837,0.2724837,0.1873195,-0.0,7.2,15.582542,18.333334,18.333334,2.0
resstock-amy2018-2021-release-1-508005,0.0,0.4918441,0.0,0.0,0.0,0.0,0.0,0.0,0.0,0.0,0.0,0.0,0.0,0.0,-1.3252605,0.0,-1.3252605,0.45377094,9.892794609069824,4.489062664817482,1.3252605,0.0,0.0,-0.0,0.0,-0.0,0.0,0.0,0.49184445,0.92060465,10.402984,0.0,0.0,0.18623988,-1.1390207,-0.29972395,0.0,0.0,0.0,0.0,0.2631418,0.1383698,0.49818677,0.0,0.0,-1.1390207,0.41981876,0.41981876,0.18623988,-0.0,6.7,15.385961,18.333334,18.333334,2.0
resstock-amy2018-2021-release-1-508005,0.0,0.3195107,0.9293871,0.0,0.0,1.0147426,0.0,0.0,0.0,0.0,0.0,0.0,0.0,0.0,-0.5499625,0.0,-0.5499625,0.39521432,9.892768859863281,3.9097639102419635,0.5499625,0.0,0.0,-0.0,0.0,-0.0,0.0,0.0,0.31951076,0.8830423,10.402984,0.0,0.0,0.18498929,0.64976937,0.17067231,0.3299063,0.0,0.0,0.0,0.262666,0.1383698,0.50772834,0.0,0.64976937,0.0,1.3576026,1.3576026,0.18498929,-0.0,5.0,15.049871,18.333334,18.333334,2.0
resstock-amy2018-2021-release-1-508005,0.0,0.5206664,0.0,0.0,0.88763666,0.0,0.0,0.0,0.0,0.0,0.0,0.0,0.0,0.0,-0.5768148,0.0,-0.5768148,0.3339979,9.892741203308105,3.3041548391284437,0.5768148,0.0,0.0,-0.0,0.0,-0.0,1.2514988,1.2514988,-0.0,0.9948134,10.402984,0.5206664,0.0,0.21349585,0.52431774,0.14231965,0.27406982,0.0,0.0,0.0,0.2714378,0.1383698,0.52271706,0.0,0.52431774,0.0,0.47428584,0.47428584,0.21349585,-0.0,4.4,15.015666,18.416666,18.416666,2.0
resstock-amy2018-2021-release-1-508005,0.0,0.46852958,0.0,0.0,0.7471048,0.0,0.0,0.0,0.0,0.0,0.0,0.0,0.0,0.0,-0.50253683,0.0,-0.50253683,0.2804997,9.892717361450195,2.7749042197378913,0.50253683,0.0,0.0,-0.0,0.0,-0.0,0.1260142,0.1260142,-0.0,1.0,10.402984,0.46852958,0.0,0.31611475,0.5606827,0.16372328,0.30142635,0.0,0.0,0.0,0.292007,0.1383698,0.53760594,0.0,0.5606827,0.0,1.0001019,1.0001019,0.31611475,-0.0,4.4,14.941866,20.0,20.0,2.0
resstock-amy2018-2021-release-1-508005,0.0,0.4604779,1.101352,0.0,0.0,1.2025008,0.0,0.0,0.0,0.0,0.0,0.0,0.0,0.0,-0.25887412,0.0,-0.25887412,0.25244302,9.892704963684082,2.497344273230226,0.25887412,0.0,0.0,-0.0,0.0,-0.0,0.0,0.0,0.46047822,0.94805396,10.402984,0.0,0.0,0.2761897,1.2198164,0.3859287,0.6692066,0.0,0.0,0.0,0.3163826,0.1383698,0.54861253,0.0,1.2198164,0.0,1.6984135,1.6984135,0.2761897,-0.0,6.5,14.9432535,19.86111,19.86111,2.0
resstock-amy2018-2021-release-1-508005,0.0,0.7685907,0.0,0.0,1.2238827,0.0,0.0,0.0,0.0,0.0,0.0,0.0,0.0,0.0,0.003977917,0.003977917,0.0,0.25241533,9.892704963684082,2.4970703802639775,-0.0,0.003977917,0.0,-0.0,0.0,-0.0,0.6199353,0.6199353,-0.0,1.0,10.402984,0.7685907,0.0,0.28178522,1.4526986,0.48108876,0.81240547,0.0,0.0,0.0,0.331169,0.1383698,0.55923885,0.0,1.4526986,0.0,1.1676121,1.2245593,0.28178522,-0.056947213,8.6,15.463015,18.88889,18.88889,2.0
resstock-amy2018-2021-release-1-508005,1.0270171,0.12958749,0.0,0.0,1.138918,0.0,0.0,0.0,0.0,0.0,0.0,0.0,0.0,0.0,-1.014268,0.0,-1.014268,0.14740673,9.892657279968262,1.4582442317204993,1.014268,0.0,0.0,-0.0,0.0,-0.0,0.07122822,0.07122822,-0.0,1.0,10.402984,0.12958749,0.0,0.282754,0.3101163,0.105182014,0.18155341,0.0,0.0,0.0,0.3391696,0.1383698,0.5854365,0.0,0.3101163,0.0,1.2927295,1.3900173,0.282754,-0.09728778,9.4,15.193127,17.222221,17.222221,2.0
resstock-amy2018-2021-release-1-508005,0.19082573,0.39544123,0.0,0.0,1.8414519,0.0,0.0,0.0,0.0,0.0,0.0,0.0,0.0,0.0,0.23599204,0.23599204,0.0,0.1697232,9.892645835876465,1.6790114861439207,-0.0,0.23599204,0.0,-0.0,0.0,-0.0,0.07122822,0.07122822,-0.0,1.0,10.402984,0.39544123,0.0,0.27993497,2.2166598,0.73236,1.2871743,0.0,0.0,0.0,0.330389,0.1383698,0.580682,0.0,2.2166598,0.0,1.9494956,2.0902145,0.27993497,-0.14071901,10.0,15.814377,17.222221,17.222221,2.0
resstock-amy2018-2021-release-1-508005,0.60234636,0.6048653,0.1932879,0.0,2.2057574,0.21103957,0.0,0.0,0.0,0.0,0.0,0.0,0.0,0.0,0.4824264,0.4824264,0.0,0.21610986,9.892622947692871,2.1378933302163574,-0.0,0.4824264,0.0,-0.0,0.0,-0.0,0.07122822,0.07122822,-0.0,1.0,10.402984,0.6048653,0.0,0.27905232,3.0126996,0.9910556,1.6514769,0.0,0.0,0.0,0.32895932,0.1383698,0.54817176,0.0,3.0126996,0.0,2.4995837,2.6651597,0.27905232,-0.1655759,10.6,17.025013,17.222221,17.222221,2.0
resstock-amy2018-2021-release-1-508005,1.4388793,0.060612123,0.9664323,0.0,2.22366,1.05519,0.0,0.0,0.0,0.0,0.0,0.0,0.0,0.0,1.185404,1.185404,0.0,0.33385617,9.892566680908203,3.302694378141723,-0.0,1.185404,0.0,-0.0,0.0,-0.0,0.07122822,0.07122822,-0.0,1.0,10.402984,0.060612123,0.0,0.2807234,4.5678153,1.4345689,2.4346867,0.0,0.0,0.0,0.31406018,0.1383698,0.533009,0.0,4.5678153,0.0,3.352124,3.5292861,0.2807234,-0.17716223,11.1,17.706423,17.222221,17.222221,2.0
resstock-amy2018-2021-release-1-508005,1.9220905,0.20708701,0.0,0.0,2.064788,0.0,0.0,0.0,0.0,0.0,0.0,0.0,0.0,0.0,1.1078551,1.1078551,0.0,0.44334245,9.8925142288208,4.385771467966379,-0.0,1.1078551,0.0,-0.0,0.0,-0.0,0.07122822,0.07122822,-0.0,1.0,10.402984,0.20708701,0.0,0.19052678,3.1943994,0.9716875,1.6873342,0.0,0.0,0.0,0.30418473,0.1383698,0.5282164,0.0,3.1943994,0.0,2.0571418,2.2259123,0.19052678,-0.16877055,12.2,18.660297,17.222221,17.222221,2.0
resstock-amy2018-2021-release-1-508005,2.2212803,0.10817936,0.0,0.0,1.3762962,0.0,0.0,0.0,0.0,0.0,0.0,0.0,0.0,0.0,0.3475956,0.3475956,0.0,0.47603306,9.892498016357422,4.709156119011027,-0.0,0.3475956,0.0,-0.0,0.0,-0.0,0.07122822,0.07122822,-0.0,1.0,10.402984,0.10817936,0.0,0.19078323,1.7745453,0.54145277,0.9277518,0.0,0.0,0.0,0.305122,0.1383698,0.522811,0.0,1.7745453,0.0,1.397547,1.5376767,0.19078323,-0.14012966,12.2,19.302105,17.222221,17.222221,2.0
resstock-amy2018-2021-release-1-508005,1.84809,0.20191473,0.0,0.0,1.5400944,0.0,0.0,0.0,0.0,0.0,0.0,0.0,0.0,0.0,-0.22385088,0.0,-0.22385088,0.45135787,9.892487525939941,4.465052111510914,0.22385088,0.0,0.0,-0.0,0.0,-0.0,0.07122822,0.07122822,-0.0,1.0,10.402984,0.20191473,0.0,1.4149299,2.6606567,0.803645,1.4346045,0.0,0.0,0.0,0.3020476,0.1383698,0.5391919,0.0,2.6606567,0.0,2.8547027,2.9252193,1.4149299,-0.070516594,11.7,19.527405,17.222221,17.222221,2.0
resstock-amy2018-2021-release-1-508005,0.0,0.64615035,0.0,0.0,1.267245e-07,0.0,0.0,0.0,0.0,0.0,0.0,0.0,0.0,0.0,0.78801674,0.78801674,0.0,0.52786916,9.892450332641602,5.221919496338501,-0.0,0.78801674,0.0,-0.0,0.0,-0.0,0.0,0.0,0.64615005,0.9298093,10.402984,2.9802322e-07,0.0,0.33592644,1.107077,0.33967093,0.6120959,0.0,0.0,0.0,0.3068178,0.1383698,0.5528937,0.0,1.107077,0.0,0.59381413,0.6106805,0.33592644,-0.01686636,11.1,19.764427,20.0,20.0,2.0
resstock-amy2018-2021-release-1-508005,0.0,0.57233024,0.0,0.0,0.65639985,0.0,0.0,0.0,0.0,0.0,0.0,0.0,0.0,0.0,0.9071518,0.9071518,0.0,0.61637557,9.892407417297363,6.097438216278647,-0.0,0.9071518,0.0,-0.0,0.0,-0.0,0.81265426,0.81265426,-0.0,1.0,10.402984,0.57233024,0.0,0.48809308,2.0496264,0.6468908,1.2014964,0.0,0.0,0.0,0.315614,0.1383698,0.5862026,0.0,2.0496264,0.0,0.78682566,0.78884417,0.48809308,-0.0020185155,10.0,19.488688,20.0,20.0,2.0
resstock-amy2018-2021-release-1-508005,0.0,1.2018387,0.20657222,0.0,0.0,0.22554393,0.0,0.0,0.0,0.0,0.0,0.0,0.0,0.0,0.7529634,0.7529634,0.0,0.6890795,9.892372131347656,6.8166310704637,-0.0,0.7529634,0.0,-0.0,0.0,-0.0,0.0,0.0,1.201839,0.8752055,10.402984,0.0,0.0,0.5518999,1.5304073,0.5049826,0.94609153,0.0,0.0,0.0,0.32996616,0.1383698,0.6181959,0.0,1.5304073,0.0,1.3034151,1.3034151,0.5518999,-0.0,10.0,19.881187,20.097221,20.097221,2.0
resstock-amy2018-2021-release-1-508005,0.0,0.043346226,0.112368144,0.0,8.277858e-08,0.1226881,0.0,0.0,0.0,0.0,0.0,0.0,0.0,0.0,1.0251586,1.0251586,0.0,0.7894427,9.89232349395752,7.809422746692178,-0.0,1.0251586,0.0,-0.0,0.0,-0.0,0.0,0.0,0.04334604,0.86508405,10.402984,1.8626451e-07,0.0,1.0952594,2.2431061,0.72847575,1.4108981,0.0,0.0,0.0,0.32476205,0.1383698,0.62899303,0.0,2.2431061,0.0,1.2372111,1.2372111,1.0952594,-0.0,9.4,18.912714,21.11111,21.11111,2.0
resstock-amy2018-2021-release-1-508005,0.0,0.07822785,0.0,0.0,1.3077523e-07,0.0,0.0,0.0,0.0,0.0,0.0,0.0,0.0,0.0,0.0016671404,0.0016671404,0.0,0.7883385,9.89232349395752,7.798499290437633,-0.0,0.0016671404,0.0,-0.0,0.0,-0.0,0.0,0.0,0.07822756,0.8516028,10.402984,2.9057264e-07,0.0,0.51096326,0.5126305,0.1568878,0.32291958,0.0,0.0,0.0,0.30604458,0.1383698,0.62992656,0.0,0.5126305,0.0,0.54617053,0.54617053,0.51096326,-0.0,8.9,18.085157,21.11111,21.11111,2.0
resstock-amy2018-2021-release-1-508005,0.0,0.21570069,0.38657513,0.0,1.9985411e-07,0.42207843,0.0,0.0,0.0,0.0,0.0,0.0,0.0,0.0,0.80334437,0.80334437,0.0,0.8658638,9.892285346984863,8.565371781707654,-0.0,0.80334437,0.0,-0.0,0.0,-0.0,0.0,0.0,0.21570025,0.82470334,10.402984,4.3213367e-07,0.0,0.44322944,1.6686525,0.49367088,1.0456481,0.0,0.0,0.0,0.29585,0.1383698,0.6266422,0.0,1.6686525,0.0,0.9650657,0.9650657,0.44322944,-0.0,7.8,17.495964,20.981482,20.981482,2.0
resstock-amy2018-2021-release-1-508005,0.0,0.17167482,0.0,0.0,0.0,0.0,0.0,0.0,0.0,0.0,0.0,0.0,0.0,0.0,0.7588187,0.7588187,0.0,0.9387603,9.89224910736084,9.286450547881486,-0.0,0.7588187,0.0,-0.0,0.0,-0.0,0.0,0.0,0.17167503,0.80231017,10.402984,0.0,0.0,0.195165,0.95398366,0.2785699,0.5848761,0.0,0.0,0.0,0.292007,0.1383698,0.6130882,0.0,0.95398366,0.0,0.27572483,0.27572483,0.195165,-0.0,7.2,16.835945,20.555555,20.555555,2.0
resstock-amy2018-2021-release-1-508005,1.0284507,0.538722,0.0,0.0,0.8666239,0.0,0.0,0.0,0.0,0.0,0.0,0.0,0.0,0.0,-0.4257032,0.0,-0.4257032,0.892227,9.892229080200195,8.826113816558632,0.4257032,0.0,0.0,-0.0,0.0,-0.0,1.3080757,1.3080757,-0.0,0.9199423,10.402984,0.538722,0.0,0.19141321,0.6323339,0.17923808,0.36748153,0.0,0.0,0.0,0.2834548,0.1383698,0.5811511,0.0,0.6323339,0.0,0.44421253,0.44421253,0.19141321,-0.0,7.2,16.671879,18.333334,18.333334,2.0
resstock-amy2018-2021-release-1-508005,0.0,1.8355073,0.0,0.0,1.7519019,0.0,0.0,0.0,0.0,0.0,0.0,0.0,0.0,0.0,-1.174216,0.0,-1.174216,0.77048564,9.892173767089844,7.621777831694999,1.174216,0.0,0.0,-0.0,0.0,-0.0,0.91687906,0.91687906,-0.0,1.0,10.402984,1.8355073,0.0,0.18956426,0.76725006,0.20863509,0.41138598,0.0,0.0,0.0,0.2719258,0.1383698,0.5361824,0.0,0.76725006,0.0,1.5112135,1.5112135,0.18956426,-0.0,7.2,18.023132,18.333334,18.333334,2.0
resstock-amy2018-2021-release-1-508005,0.0,0.32955533,0.0,0.0,0.41144615,0.0,0.0,0.0,0.0,0.0,0.0,0.0,0.0,0.0,-1.2934524,0.0,-1.2934524,0.6368951,9.892112731933594,6.300238326881754,1.2934524,0.0,0.0,-0.0,0.0,-0.0,0.07122822,0.07122822,-0.0,1.0,10.402984,0.32955533,0.0,0.18831366,-0.69369256,-0.18303941,0.0,0.0,0.0,0.0,0.26386243,0.1383698,0.47886917,0.0,0.0,-0.69369256,0.5659332,0.5659332,0.18831366,-0.0,6.7,16.87117,18.333334,18.333334,2.0
resstock-amy2018-2021-release-1-508005,0.0,0.24214612,0.0,0.0,0.11032399,0.0,0.0,0.0,0.0,0.0,0.0,0.0,0.0,0.0,-1.0225933,0.0,-1.0225933,0.5304494,9.892064094543457,5.247239368860846,1.0225933,0.0,0.0,-0.0,0.0,-0.0,0.0,0.0,0.013105876,0.99201417,10.402984,0.22904025,0.0,0.1873195,-0.7249498,-0.18529195,0.0,0.0,0.0,0.0,0.2555928,0.1383698,0.44344836,0.0,0.0,-0.7249498,0.30395633,0.30395633,0.1873195,-0.0,6.1,16.142628,18.333334,18.333334,2.0
resstock-amy2018-2021-release-1-508005,0.0,0.8416146,0.0,0.0,1.0425446,0.0,0.0,0.0,0.0,0.0,0.0,0.0,0.0,0.0,-0.97643685,0.0,-0.97643685,0.42874163,9.89201831817627,4.241120096225075,0.97643685,0.0,0.0,-0.0,0.0,-0.0,0.15558311,0.15558311,-0.0,1.0,10.402984,0.8416146,0.0,0.18623988,0.2523476,0.062692925,0.10736959,0.0,0.0,0.0,0.24843876,0.1383698,0.4254829,0.0,0.2523476,0.0,1.1508565,1.1508565,0.18623988,-0.0,4.4,15.9604,18.333334,18.333334,2.0
resstock-amy2018-2021-release-1-508005,0.0,0.64923805,0.0,0.0,0.2479763,0.0,0.0,0.0,0.0,0.0,0.0,0.0,0.0,0.0,-1.3090637,0.0,-1.3090637,0.29410812,9.891956329345703,2.9093047047384744,1.3090637,0.0,0.0,-0.0,0.0,-0.0,0.0,0.0,0.15415357,0.97815436,10.402984,0.49508446,0.0,0.18498929,-0.8760981,-0.21703126,0.0,0.0,0.0,0.0,0.24772483,0.1383698,0.41115817,0.0,0.0,-0.8760981,0.51017755,0.51017755,0.18498929,-0.0,4.4,15.7967415,18.333334,18.333334,2.0
resstock-amy2018-2021-release-1-508005,0.0,1.3546393,0.0,0.0,0.46816862,0.0,0.0,0.0,0.0,0.0,0.0,0.0,0.0,0.0,-1.0433449,0.0,-1.0433449,0.18616202,9.89190673828125,1.8414973869021196,1.0433449,0.0,0.0,-0.0,0.0,-0.0,0.0,0.0,0.43036026,0.92931414,10.402984,0.92427903,0.0,0.18524572,-0.3899305,-0.099877164,0.0,0.0,0.0,0.0,0.25614095,0.1383698,0.43558487,0.0,0.0,-0.3899305,0.8714018,0.8714018,0.18524572,-0.0,3.9,16.37602,18.333334,18.333334,2.0
resstock-amy2018-2021-release-1-508005,0.0,0.27433583,0.0,0.0,0.24091005,0.0,0.0,0.0,0.0,0.0,0.0,0.0,0.0,0.0,-1.1118429,0.0,-1.1118429,0.07165174,9.891854286193848,0.7087685898538183,1.1118429,0.0,0.0,-0.0,0.0,-0.0,0.21323621,0.21323621,-0.0,0.94314146,10.402984,0.27433583,0.0,0.1878324,-0.6831004,-0.19446981,0.0,0.0,0.0,0.0,0.284687,0.1383698,0.48721114,0.0,0.0,-0.6831004,0.3233822,0.3233822,0.1878324,-0.0,5.0,15.794336,21.11111,21.11111,2.0
resstock-amy2018-2021-release-1-508005,0.0,0.59467596,0.0,0.0,1.3788809,0.0,0.0,0.0,0.0,0.0,0.0,0.0,0.0,0.0,-0.5891267,0.0,-0.5891267,0.009691642,9.891826629638672,0.09586803911660624,0.5891267,0.0,0.0,-0.0,0.0,-0.0,0.6718259,0.6718259,-0.0,1.0,10.402984,0.59467596,0.0,0.2761897,1.0659438,0.32283768,0.55361116,0.0,0.0,0.0,0.30286556,0.1383698,0.5193624,0.0,1.0659438,0.0,1.3314658,1.3314658,0.2761897,-0.0,6.1,15.803791,19.24074,19.24074,2.0
resstock-amy2018-2021-release-1-508005,0.0,0.6102057,2.454939,0.0,0.0,2.680402,0.0,0.0,0.0,0.0,0.0,0.0,0.0,0.0,-0.09232034,0.0,-0.09232034,0.00011332774,9.89182186126709,0.0011210178171034008,0.09232034,0.0,0.0,-0.0,0.0,-0.0,0.0,0.0,0.61020595,0.93334126,10.402984,0.0,0.0,0.28178522,2.8423095,0.9275877,1.4739811,0.0,0.0,0.0,0.32635,0.1383698,0.51858574,0.0,2.8423095,0.0,3.2168393,3.2443967,0.28178522,-0.027557341,7.8,15.894448,20.0,20.0,2.0
resstock-amy2018-2021-release-1-508005,0.0,0.6597963,1.0688683,0.0,1.1327395,1.1670338,0.0,0.0,0.0,0.0,0.0,0.0,0.0,0.0,-0.0010851745,0.0,-0.0010851745,0.0,9.89182186126709,0.0,0.0010851745,0.0,0.0,-0.0,0.0,-0.0,0.7753458,0.7753458,-0.0,1.0,10.402984,0.6597963,0.0,0.37640277,2.5870304,0.85630655,1.3369234,0.0,0.0,0.0,0.3309998,0.1383698,0.5167791,0.0,2.5870304,0.0,2.243541,2.3316014,0.37640277,-0.08806038,9.4,16.259632,20.0,20.0,2.0
resstock-amy2018-2021-release-1-508005,0.0,1.2649151,0.0,0.0,1.4144998,0.0,0.0,0.0,0.0,0.0,0.0,0.0,0.0,0.0,0.16620907,0.16620907,0.0,0.015828753,9.891814231872559,0.15657508311236334,-0.0,0.16620907,0.0,-0.0,0.0,-0.0,0.07122822,0.07122822,-0.0,1.0,10.402984,1.2649151,0.0,0.27993497,1.7127577,0.54521275,0.88489926,0.0,0.0,0.0,0.3183245,0.1383698,0.51665175,0.0,1.7127577,0.0,1.5153764,1.6632626,0.27993497,-0.14788613,10.0,17.421429,20.0,20.0,2.0
resstock-amy2018-2021-release-1-508005,0.0,2.4844942,0.0,0.0,2.7916856,0.0,0.0,0.0,0.0,0.0,0.0,0.0,0.0,0.0,0.54519635,0.54519635,0.0,0.06869099,9.891788482666016,0.6794767723498865,-0.0,0.54519635,0.0,-0.0,0.0,-0.0,0.07122822,0.07122822,-0.0,1.0,10.402984,2.4844942,0.0,0.27905232,3.4480271,1.0768317,1.807731,0.0,0.0,0.0,0.31230372,0.1383698,0.52427983,0.0,3.4480271,0.0,2.8721411,3.0400481,0.27905232,-0.16790695,10.6,20.005423,20.0,20.0,2.0
resstock-amy2018-2021-release-1-508005,0.0,0.8362701,0.0,0.0,1.3162323,0.0,0.0,0.0,0.0,0.0,0.0,0.0,0.0,0.0,1.0451497,1.0451497,0.0,0.17210887,9.891738891601562,1.702456039814706,-0.0,1.0451497,0.0,-0.0,0.0,-0.0,0.07122822,0.07122822,-0.0,1.0,10.402984,0.8362701,0.0,0.19018486,2.3807037,0.7257966,1.2599086,0.0,0.0,0.0,0.3048664,0.1383698,0.5292169,0.0,2.3807037,0.0,1.3052666,1.4761299,0.19018486,-0.17086326,11.1,20.00895,20.0,20.0,2.0
resstock-amy2018-2021-release-1-508005,0.2742048,0.26339722,0.0,0.0,1.3906001,0.0,0.0,0.0,0.0,0.0,0.0,0.0,0.0,0.0,0.7533958,0.7533958,0.0,0.24556653,9.891703605651855,2.4290713501681154,-0.0,0.7533958,0.0,-0.0,0.0,-0.0,0.07122822,0.07122822,-0.0,1.0,10.402984,0.26339722,0.0,0.19052678,2.1900718,0.662429,1.1976242,0.0,0.0,0.0,0.30246907,0.1383698,0.54684246,0.0,2.1900718,0.0,1.407756,1.552207,0.19052678,-0.144451,12.8,20.18375,20.0,20.0,2.0
resstock-amy2018-2021-release-1-508005,0.7805341,0.28545403,0.38666412,0.0,1.271911,0.4221756,0.0,0.0,0.0,0.0,0.0,0.0,0.0,0.0,0.8342948,0.8342948,0.0,0.32710022,9.891664505004883,3.2355656094649703,-0.0,0.8342948,0.0,-0.0,0.0,-0.0,0.07122822,0.07122822,-0.0,1.0,10.402984,0.28545403,0.0,0.19078323,2.5811884,0.79575014,1.4301014,0.0,0.0,0.0,0.30828828,0.1383698,0.55404764,0.0,2.5811884,0.0,1.7183757,1.8563519,0.19078323,-0.13797618,13.3,20.673607,20.0,20.0,2.0
resstock-amy2018-2021-release-1-508005,0.9340703,0.6372909,0.1933378,0.0,0.47907537,0.21109405,0.0,0.0,0.0,0.0,0.0,0.0,0.0,0.0,0.9766908,0.9766908,0.0,0.42305285,9.891618728637695,4.1846774684009915,-0.0,0.9766908,0.0,-0.0,0.0,-0.0,0.07122822,0.07122822,-0.0,1.0,10.402984,0.6372909,0.0,0.18987456,1.7469658,0.5488093,0.96971136,0.0,0.0,0.0,0.31415,0.1383698,0.5550832,0.0,1.7469658,0.0,0.7426418,0.8524109,0.18987456,-0.10976909,14.4,21.564274,19.935184,19.935184,2.0
resstock-amy2018-2021-release-1-508005,1.5848525,0.71478254,0.0,0.0,1.1841848,0.0,0.0,0.0,0.0,0.0,0.0,0.0,0.0,0.0,0.18702878,0.18702878,0.0,0.4402066,9.891610145568848,4.354351945227393,-0.0,0.18702878,0.0,-0.0,0.0,-0.0,0.07122822,0.07122822,-0.0,1.0,10.402984,0.71478254,0.0,0.2234587,1.5399575,0.4894139,0.8489084,0.0,0.0,0.0,0.31781,0.1383698,0.55125445,0.0,1.5399575,0.0,1.3257782,1.380493,0.2234587,-0.054714765,15.0,22.126534,19.444445,19.444445,2.0
resstock-amy2018-2021-release-1-508005,0.57801694,0.5244086,0.27572766,0.0,0.03203778,0.30105066,0.0,0.0,0.0,0.0,0.0,0.0,0.0,0.0,0.7847022,0.7847022,0.0,0.5164002,9.891572952270508,5.108010429013802,-0.0,0.7847022,0.0,-0.0,0.0,-0.0,0.0,0.0,0.4443888,0.94963497,10.402984,0.08001977,0.0,0.517357,1.630617,0.53822553,0.9078308,0.0,0.0,0.0,0.33007476,0.1383698,0.55674064,0.0,1.630617,0.0,1.0238363,1.0283668,0.517357,-0.0045305076,13.3,21.721361,19.444445,19.444445,2.0
resstock-amy2018-2021-release-1-508005,0.0,1.0451916,0.16064017,0.0,0.7544129,0.17539345,0.0,0.0,0.0,0.0,0.0,0.0,0.0,0.0,0.053842247,0.053842247,0.0,0.5206739,9.891570091247559,5.150282090076757,-0.0,0.053842247,0.0,-0.0,0.0,-0.0,0.6032347,0.6032347,-0.0,1.0,10.402984,1.0451916,0.0,0.6159305,1.5995792,0.53314614,0.89755964,0.0,0.0,0.0,0.333304,0.1383698,0.56112236,0.0,1.5995792,0.0,1.2967247,1.2967247,0.6159305,-0.0,12.2,21.651588,19.444445,19.444445,2.0
resstock-amy2018-2021-release-1-508005,0.0,0.290982,0.17449552,0.0,1.7458733e-07,0.19052128,0.0,0.0,0.0,0.0,0.0,0.0,0.0,0.0,0.9995602,0.9995602,0.0,0.61866885,9.891523361206055,6.11957742453194,-0.0,0.9995602,0.0,-0.0,0.0,-0.0,0.0,0.0,0.2909816,0.9647092,10.402984,4.172325e-07,0.0,0.58928746,1.7793691,0.5778751,0.99649847,0.0,0.0,0.0,0.324764,0.1383698,0.5600291,0.0,1.7793691,0.0,0.90156764,0.90156764,0.58928746,-0.0,11.7,20.896791,19.444445,19.444445,2.0
resstock-amy2018-2021-release-1-508005,0.0,0.3020998,0.0,0.0,0.0032020563,0.0,0.0,0.0,0.0,0.0,0.0,0.0,0.0,0.0,0.29633158,0.29633158,0.0,0.64608234,9.891509056091309,6.3907293336192765,-0.0,0.29633158,0.0,-0.0,0.0,-0.0,0.0,0.0,0.29444745,0.9293142,10.402984,0.0076523423,0.0,0.51096326,0.8104969,0.2517393,0.45570973,0.0,0.0,0.0,0.3105987,0.1383698,0.5622597,0.0,0.8104969,0.0,0.63737434,0.63737434,0.51096326,-0.0,11.7,20.236904,19.87037,19.87037,2.0
resstock-amy2018-2021-release-1-508005,0.0,0.83589643,0.19333781,0.0,0.70431244,0.21109407,0.0,0.0,0.0,0.0,0.0,0.0,0.0,0.0,-0.35641694,0.0,-0.35641694,0.60721946,9.891491889953613,6.006306340533001,0.35641694,0.0,0.0,-0.0,0.0,-0.0,0.81788254,0.81788254,-0.0,1.0,10.402984,0.83589643,0.0,0.5658401,1.1248296,0.33903852,0.6399133,0.0,0.0,0.0,0.3014132,0.1383698,0.56889796,0.0,1.1248296,0.0,1.1334691,1.1334691,0.5658401,-0.0,11.1,20.226904,20.0,20.0,2.0
resstock-amy2018-2021-release-1-508005,0.0,0.2911848,0.38667393,0.0,0.0,0.4221863,0.0,0.0,0.0,0.0,0.0,0.0,0.0,0.0,-0.440519,0.0,-0.440519,0.5596822,9.891470909118652,5.536080104873861,0.440519,0.0,0.0,-0.0,0.0,-0.0,0.0,0.0,0.291185,0.96468925,10.402984,0.0,0.0,0.49716723,0.4788345,0.14165734,0.27501485,0.0,0.0,0.0,0.2958378,0.1383698,0.5743422,0.0,0.4788345,0.0,1.0467873,1.0467873,0.49716723,-0.0,10.0,19.238071,20.0,20.0,2.0
resstock-amy2018-2021-release-1-508005,0.0,0.23922396,0.0,0.0,1.5687573,0.0,0.0,0.0,0.0,0.0,0.0,0.0,0.0,0.0,-0.4439348,0.0,-0.4439348,0.5118675,9.891449928283691,5.063111975581705,0.4439348,0.0,0.0,-0.0,0.0,-0.0,0.4442161,0.4442161,-0.0,1.0,10.402984,0.23922396,0.0,0.23878051,1.363603,0.38362515,0.7889956,0.0,0.0,0.0,0.281332,0.1383698,0.57861096,0.0,1.363603,0.0,1.6101218,1.6101218,0.23878051,-0.0,9.4,18.413603,19.087963,19.087963,2.0
resstock-amy2018-2021-release-1-508005,0.0,0.24077484,0.0,0.0,0.8352138,0.0,0.0,0.0,0.0,0.0,0.0,0.0,0.0,0.0,-1.0760448,0.0,-1.0760448,0.40035284,9.891399383544922,3.9600497918004294,1.0760448,0.0,0.0,-0.0,0.0,-0.0,0.07122822,0.07122822,-0.0,1.0,10.402984,0.24077484,0.0,0.18956426,-0.05126679,-0.014565592,0.0,0.0,0.0,0.0,0.2841136,0.1383698,0.57678974,0.0,0.0,-0.05126679,0.9931232,0.9931232,0.18956426,-0.0,9.4,17.809813,18.333334,18.333334,2.0
resstock-amy2018-2021-release-1-508005,0.0,0.4307623,0.0,0.0,1.1414275,0.0,0.0,0.0,0.0,0.0,0.0,0.0,0.0,0.0,-0.75886524,0.0,-0.75886524,0.3206164,9.891363143920898,3.1713331857317257,0.75886524,0.0,0.0,-0.0,0.0,-0.0,0.07122822,0.07122822,-0.0,1.0,10.402984,0.4307623,0.0,0.18831366,0.570876,0.15573041,0.31201968,0.0,0.0,0.0,0.272792,0.1383698,0.54656297,0.0,0.570876,0.0,1.2980864,1.2980864,0.18831366,-0.0,9.4,17.401592,18.333334,18.333334,2.0
resstock-amy2018-2021-release-1-508005,0.0,0.5704753,0.0,0.0,1.0934576,0.0,0.0,0.0,0.0,0.0,0.0,0.0,0.0,0.0,-0.9692603,0.0,-0.9692603,0.21995576,9.891317367553711,2.175652201882457,0.9692603,0.0,0.0,-0.0,0.0,-0.0,0.07122822,0.07122822,-0.0,1.0,10.402984,0.5704753,0.0,0.1873195,0.31151682,0.084485225,0.16859496,0.0,0.0,0.0,0.271206,0.1383698,0.5412066,0.0,0.31151682,0.0,1.2473527,1.2473527,0.1873195,-0.0,7.2,17.01107,18.333334,18.333334,2.0
resstock-amy2018-2021-release-1-508005,0.0,0.8254784,0.0,0.0,0.9018631,0.0,0.0,0.0,0.0,0.0,0.0,0.0,0.0,0.0,-1.2355659,0.0,-1.2355659,0.093139455,9.89125919342041,0.9212664877931473,1.2355659,0.0,0.0,-0.0,0.0,-0.0,0.07122822,0.07122822,-0.0,1.0,10.402984,0.8254784,0.0,0.18623988,-0.14746296,-0.03999284,0.0,0.0,0.0,0.0,0.271206,0.1383698,0.54895383,0.0,0.0,-0.14746296,1.0555633,1.0555633,0.18623988,-0.0,8.3,17.111397,18.333334,18.333334,2.0
resstock-amy2018-2021-release-1-508005,0.0,0.46589723,0.0,0.0,0.24157414,0.0,0.0,0.0,0.0,0.0,0.0,0.0,0.0,0.0,-0.90646267,0.0,-0.90646267,0.0,9.891216278076172,0.0,0.90646267,0.0,0.0,-0.0,0.0,-0.0,0.048903596,0.048903596,-0.0,0.99790066,10.402984,0.46589723,0.0,0.18498929,-0.47989923,-0.1261703,0.0,0.0,0.0,0.0,0.26291,0.1383698,0.5454988,0.0,0.0,-0.47989923,0.40361506,0.40361506,0.18498929,-0.0,7.2,16.706646,18.333334,18.333334,2.0
resstock-amy2018-2021-release-1-508005,0.0,0.25037122,0.0,0.0,1.3984969e-07,0.0,0.0,0.0,0.0,0.0,0.0,0.0,0.0,0.0,0.0,0.0,0.0,0.0,9.891216278076172,0.0,-0.0,0.0,0.0,-0.0,0.0,-0.0,0.0,0.0,0.25037092,0.9666145,10.402984,2.9802322e-07,0.0,0.18524572,0.18524586,0.050239787,0.10346167,0.0,0.0,0.0,0.271206,0.1383698,0.55851,0.0,0.18524586,0.0,0.30273435,0.30273435,0.18524572,-0.0,7.2,16.27595,18.333334,18.333334,2.0
resstock-amy2018-2021-release-1-508005,0.0,0.48972455,0.0,0.0,0.37612486,0.0,0.0,0.0,0.0,0.0,0.0,0.0,0.0,0.0,0.0,0.0,0.0,0.0,9.891216278076172,0.0,-0.0,0.0,0.0,-0.0,0.0,-0.0,0.34599656,0.34599656,-0.0,0.99267614,10.402984,0.48972455,0.0,0.1878324,0.5639573,0.15856978,0.31652242,0.0,0.0,0.0,0.2811734,0.1383698,0.5612525,0.0,0.5639573,0.0,0.40823793,0.40823793,0.1878324,-0.0,8.9,16.378702,18.333334,18.333334,2.0
resstock-amy2018-2021-release-1-508005,0.0,0.218122,0.0,0.0,0.055022784,0.0,0.0,0.0,0.0,0.0,0.0,0.0,0.0,0.0,0.0,0.0,0.0,0.0,9.891216278076172,0.0,-0.0,0.0,0.0,-0.0,0.0,-0.0,0.0,0.0,0.094312295,0.97675973,10.402984,0.12380971,0.0,0.2761897,0.3312125,0.09415046,0.18285368,0.0,0.0,0.0,0.28426,0.1383698,0.55207366,0.0,0.3312125,0.0,0.3731262,0.3731262,0.2761897,-0.0,9.4,16.215591,19.24074,19.24074,2.0
resstock-amy2018-2021-release-1-508005,0.0,0.50358295,0.0,0.0,0.54132295,0.0,0.0,0.0,0.0,0.0,0.0,0.0,0.0,0.0,0.0,0.0,0.0,0.0,9.891216278076172,0.0,-0.0,0.0,0.0,-0.0,0.0,-0.0,0.3167152,0.3167152,-0.0,1.0,10.402984,0.50358295,0.0,0.9589603,1.4408365,0.41136518,0.7990295,0.0,0.0,0.0,0.2855044,0.1383698,0.55455947,0.0,1.4408365,0.0,1.3083098,1.3677565,0.9589603,-0.0594467,11.7,16.749866,20.0,20.0,2.0
resstock-amy2018-2021-release-1-508005,0.0,0.45446128,0.0,0.0,0.0,0.0,0.0,0.0,0.0,0.0,0.0,0.0,0.0,0.0,0.0,0.0,0.0,0.0,9.891216278076172,0.0,-0.0,0.0,0.0,-0.0,0.0,-0.0,0.0,0.0,0.45446172,0.9486452,10.402984,0.0,0.0,0.282754,0.16672024,0.04975132,0.09225445,0.0,0.0,0.0,0.298412,0.1383698,0.55334884,0.0,0.16672024,0.0,0.33995014,0.4559839,0.282754,-0.11603376,15.0,17.084782,20.0,20.0,2.0
resstock-amy2018-2021-release-1-508005,0.0,0.67098475,0.0,0.0,0.5582615,0.0,0.0,0.0,0.0,0.0,0.0,0.0,0.0,0.0,0.0,0.0,0.0,0.0,9.891216278076172,0.0,-0.0,0.0,0.0,-0.0,0.0,-0.0,0.6136902,0.6136902,-0.0,1.0,10.402984,0.67098475,0.0,0.27993497,0.68329525,0.1950838,0.3815598,0.0,0.0,0.0,0.2855044,0.1383698,0.5584113,0.0,0.68329525,0.0,0.46115246,0.6160537,0.27993497,-0.15490127,16.7,18.126472,20.0,20.0,2.0
resstock-amy2018-2021-release-1-508005,0.108502254,0.24807101,0.0,0.0,1.4090875,0.0,0.0,0.0,0.0,0.0,0.0,0.0,0.0,0.0,0.8836803,0.8836803,0.0,0.08695373,9.89117431640625,0.860074494868968,-0.0,0.8836803,0.0,-0.0,0.0,-0.0,0.07122822,0.07122822,-0.0,1.0,10.402984,0.24807101,0.0,1.4984478,3.6185384,1.0252506,2.0477638,0.0,0.0,0.0,0.2833328,0.1383698,0.5659091,0.0,3.6185384,0.0,2.7099597,2.882637,1.4984478,-0.17267732,17.8,19.05737,20.0,20.0,2.0
resstock-amy2018-2021-release-1-508005,0.8243102,0.82346857,0.0,0.0,0.17539895,0.0,0.0,0.0,0.0,0.0,0.0,0.0,0.0,0.0,1.2062728,1.2062728,0.0,0.20704696,9.891117095947266,2.047925684413599,-0.0,1.2062728,0.0,-0.0,0.0,-0.0,0.0,0.0,0.2943439,0.96437883,10.402984,0.5291247,0.0,0.2807234,1.4809554,0.40859753,0.838541,0.0,0.0,0.0,0.27590132,0.1383698,0.56621623,0.0,1.4809554,0.0,0.37225425,0.55369407,0.2807234,-0.18143983,19.4,20.866869,20.0,20.0,2.0
resstock-amy2018-2021-release-1-508005,1.2401274,0.81078887,0.19338223,0.0,0.87995815,0.21114257,0.0,0.0,0.0,0.0,0.0,0.0,0.0,0.0,0.9502526,0.9502526,0.0,0.30047792,9.891072273254395,2.972048842650736,-0.0,0.9502526,0.0,-0.0,0.0,-0.0,0.4474946,0.4474946,-0.0,1.0,10.402984,0.81078887,0.0,0.28050318,2.1487148,0.5710689,1.2140138,0.0,0.0,0.0,0.2657723,0.1383698,0.56499535,0.0,2.1487148,0.0,1.0531547,1.2262965,0.28050318,-0.17314185,20.0,22.245169,20.0,20.0,2.0
resstock-amy2018-2021-release-1-508005,1.7994871,0.32070613,0.0,0.0,0.14287601,0.0,0.0,0.0,0.0,0.0,0.0,0.0,0.0,0.0,1.1537027,1.1537027,0.0,0.41478395,9.89101791381836,4.102635525514415,-0.0,1.1537027,0.0,-0.0,0.0,-0.0,0.07122822,0.07122822,-0.0,1.0,10.402984,0.32070613,0.0,0.2796783,1.4250782,0.38648972,0.80505276,0.0,0.0,0.0,0.271206,0.1383698,0.56491834,0.0,1.4250782,0.0,0.24872923,0.39990813,0.2796783,-0.1511789,20.6,23.001638,20.0,20.0,2.0
resstock-amy2018-2021-release-1-508005,2.066711,1.2807246,0.0,0.0,0.8158821,0.0,0.0,0.0,0.0,0.0,0.0,0.0,0.0,0.0,0.7403124,0.7403124,0.0,0.4865336,9.890982627868652,4.812295504293417,-0.0,0.7403124,0.0,-0.0,0.0,-0.0,0.07122822,0.07122822,-0.0,1.0,10.402984,1.2807246,0.0,0.38273486,1.8270553,0.5178208,1.0424736,0.0,0.0,0.0,0.2834182,0.1383698,0.5705758,0.0,1.8270553,0.0,1.0636141,1.1754881,0.38273486,-0.11187393,20.0,24.570312,20.0,20.0,2.0
resstock-amy2018-2021-release-1-508005,1.9750347,0.44431514,0.5801401,0.0,0.4872542,0.6334205,0.0,0.0,0.0,0.0,0.0,0.0,0.0,0.0,1.236187,1.236187,0.0,0.60898453,9.890924453735352,6.02341997944734,-0.0,1.236187,0.0,-0.0,0.0,-0.0,0.07122822,0.07122822,-0.0,1.0,10.402984,0.44431514,0.0,0.5608619,2.8622277,0.8150136,1.6538584,0.0,0.0,0.0,0.284748,0.1383698,0.5778221,0.0,2.8622277,0.0,1.6015445,1.6570406,0.5608619,-0.055496063,18.3,24.627857,20.0,20.0,2.0
resstock-amy2018-2021-release-1-508005,1.8858911,0.19617607,0.8537319,0.0,0.5227586,0.9321391,0.0,0.0,0.0,0.0,0.0,0.0,0.0,0.0,0.43489614,0.43489614,0.0,0.649976,9.89090347290039,6.428850024964959,-0.0,0.43489614,0.0,-0.0,0.0,-0.0,0.07122822,0.07122822,-0.0,1.0,10.402984,0.19617607,0.0,0.48809308,2.3722706,0.73069113,1.3822825,0.0,0.0,0.0,0.3080134,0.1383698,0.5826833,0.0,2.3722706,0.0,1.9115913,1.9172076,0.48809308,-0.0056163594,16.7,24.135466,19.560184,19.560184,2.0
resstock-amy2018-2021-release-1-508005,0.64029974,0.4331233,0.0,0.0,0.0,0.0,0.0,0.0,0.0,0.0,0.0,0.0,0.0,0.0,0.86222935,0.86222935,0.0,0.7337048,9.890862464904785,7.2569733197954065,-0.0,0.86222935,0.0,-0.0,0.0,-0.0,0.0,0.0,0.43312362,0.9507419,10.402984,0.0,0.0,0.5518999,1.4141293,0.504632,0.8177797,0.0,0.0,0.0,0.35685,0.1383698,0.5782921,0.0,1.4141293,0.0,0.71699625,0.71699625,0.5518999,-0.0,15.0,23.497627,19.444445,19.444445,2.0
resstock-amy2018-2021-release-1-508005,1.1759535,0.18645346,2.033072,0.0,0.0,2.2197905,0.0,0.0,0.0,0.0,0.0,0.0,0.0,0.0,0.34903717,0.34903717,0.0,0.7660722,9.890846252441406,7.57710248347712,-0.0,0.34903717,0.0,-0.0,0.0,-0.0,0.0,0.0,0.18645366,0.92605233,10.402984,0.0,0.0,0.58928746,3.1581151,1.1269734,1.8221073,0.0,0.0,0.0,0.35685,0.1383698,0.5769604,0.0,3.1581151,0.0,2.883729,2.883729,0.58928746,-0.0,13.3,22.69,19.717592,19.717592,2.0
resstock-amy2018-2021-release-1-508005,0.0,0.9489286,0.0,0.0,0.0,0.0,0.0,0.0,0.0,0.0,0.0,0.0,0.0,0.0,1.2311474,1.2311474,0.0,0.8875716,9.890788078308105,8.778782335419919,-0.0,1.2311474,0.0,-0.0,0.0,-0.0,0.0,0.0,0.94892865,0.8266049,10.402984,0.0,0.0,0.51096326,1.7421107,0.57914346,1.008673,0.0,0.0,0.0,0.3324378,0.1383698,0.57899475,0.0,1.7421107,0.0,0.9080343,0.9080343,0.51096326,-0.0,11.7,22.63132,20.0,20.0,2.0
resstock-amy2018-2021-release-1-508005,0.0,0.35395265,0.0,0.0,0.0,0.0,0.0,0.0,0.0,0.0,0.0,0.0,0.0,0.0,0.50740504,0.50740504,0.0,0.9352857,9.890764236450195,9.25069022826051,-0.0,0.50740504,0.0,-0.0,0.0,-0.0,0.0,0.0,0.35395285,0.7862878,10.402984,0.0,0.0,0.32061878,0.8280238,0.23537405,0.48270738,0.0,0.0,0.0,0.28426,0.1383698,0.58296317,0.0,0.8280238,0.0,0.46672875,0.46672875,0.32061878,-0.0,12.2,21.642883,20.0,20.0,2.0
resstock-amy2018-2021-release-1-508005,0.0,0.1332014,1.6630887,0.0,6.858788e-08,1.8158277,0.0,0.0,0.0,0.0,0.0,0.0,0.0,0.0,0.6462345,0.6462345,0.0,0.9971166,9.89073371887207,9.86221502759156,-0.0,0.6462345,0.0,-0.0,0.0,-0.0,0.0,0.0,0.13320124,0.7679325,10.402984,1.6391277e-07,0.0,0.3964998,2.858562,0.7985204,1.689569,0.0,0.0,0.0,0.2793434,0.1383698,0.5910556,0.0,2.858562,0.0,2.2680645,2.2680645,0.3964998,-0.0,11.7,20.730877,20.0,20.0,2.0
resstock-amy2018-2021-release-1-508005,0.0,0.4489377,0.0,0.0,0.0,0.0,0.0,0.0,0.0,0.0,0.0,0.0,0.0,0.0,0.035056114,0.035056114,0.0,0.99891675,9.890731811523438,9.880017628673158,-0.0,0.035056114,0.0,-0.0,0.0,-0.0,0.0,0.0,0.4489378,0.7186748,10.402984,0.0,0.0,0.23878051,0.2738366,0.07426613,0.16390209,0.0,0.0,0.0,0.271206,0.1383698,0.5985397,0.0,0.2738366,0.0,0.4296764,0.4296764,0.23878051,-0.0,11.1,20.188456,19.097221,19.097221,2.0
resstock-amy2018-2021-release-1-508005,0.9233057,0.13738869,1.0242665,0.0,0.25669235,1.1183357,0.0,0.0,0.0,0.0,0.0,0.0,0.0,0.0,0.017261505,0.017261505,0.0,0.99899036,9.890730857849121,9.880744749903613,-0.0,0.017261505,0.0,-0.0,0.0,-0.0,0.4402084,0.4402084,-0.0,0.7552564,10.402984,0.13738869,0.0,0.18956426,1.5818539,0.4525781,0.92025524,0.0,0.0,0.0,0.28610614,0.1383698,0.5817574,0.0,1.5818539,0.0,1.3689575,1.3689575,0.18956426,-0.0,9.4,19.307384,18.333334,18.333334,2.0
resstock-amy2018-2021-release-1-508005,0.0,0.655329,0.0,0.0,0.24389082,0.0,0.0,0.0,0.0,0.0,0.0,0.0,0.0,0.0,-0.06511053,0.0,-0.06511053,0.9903828,9.890727996826172,9.79560679422093,0.06511053,0.0,0.0,-0.0,0.0,-0.0,0.0,0.0,0.089277245,0.74142504,10.402984,0.5660517,0.0,0.18831366,0.36709395,0.10224521,0.21981663,0.0,0.0,0.0,0.278526,0.1383698,0.5988021,0.0,0.36709395,0.0,0.47067076,0.47067076,0.18831366,-0.0,10.6,19.125584,18.333334,18.333334,2.0
resstock-amy2018-2021-release-1-508005,0.0,0.07041891,0.0,0.0,6.420361e-09,0.0,0.0,0.0,0.0,0.0,0.0,0.0,0.0,0.0,0.095894724,0.095894724,0.0,0.99790055,9.89072322845459,9.869958106024512,-0.0,0.095894724,0.0,-0.0,0.0,-0.0,0.0,0.0,0.070418894,0.7295394,10.402984,1.4901161e-08,0.0,0.1873195,0.2832142,0.0768785,0.16905425,0.0,0.0,0.0,0.27145,0.1383698,0.59691304,0.0,0.2832142,0.0,0.2176604,0.2176604,0.1873195,-0.0,10.6,18.317394,18.333334,18.333334,2.0
resstock-amy2018-2021-release-1-508005,0.0,0.06447615,0.0,0.0,0.514243,0.0,0.0,0.0,0.0,0.0,0.0,0.0,0.0,0.0,-0.13422582,0.0,-0.13422582,0.98190236,9.890716552734375,9.711717934282206,0.13422582,0.0,0.0,-0.0,0.0,-0.0,1.0926493,1.0926493,-0.0,0.82740116,10.402984,0.06447615,0.0,0.18623988,0.5662571,0.14431515,0.33520937,0.0,0.0,0.0,0.254858,0.1383698,0.5919738,0.0,0.5662571,0.0,0.21489415,0.21489415,0.18623988,-0.0,9.4,17.600424,18.333334,18.333334,2.0
resstock-amy2018-2021-release-1-508005,0.0,0.11365254,0.0,0.0,0.7185527,0.0,0.0,0.0,0.0,0.0,0.0,0.0,0.0,0.0,0.18541908,0.18541908,0.0,0.998246,9.890707969665527,9.873359807525674,-0.0,0.18541908,0.0,-0.0,0.0,-0.0,1.4176018,1.4176018,-0.0,0.9551647,10.402984,0.11365254,0.0,0.6364393,1.5404111,0.38452387,0.89992535,0.0,0.0,0.0,0.2496242,0.1383698,0.5842112,0.0,1.5404111,0.0,0.6897715,0.6897715,0.6364393,-0.0,7.2,17.038218,18.333334,18.333334,2.0
resstock-amy2018-2021-release-1-508005,0.0,0.6235755,0.0,0.0,0.25298437,0.0,0.0,0.0,0.0,0.0,0.0,0.0,0.0,0.0,0.023866653,0.023866653,0.0,0.9989603,9.890707015991211,9.880423807950024,-0.0,0.023866653,0.0,-0.0,0.0,-0.0,0.0,0.0,0.069800355,0.9419082,10.402984,0.55377513,0.0,0.21349585,0.49034688,0.12227084,0.28236747,0.0,0.0,0.0,0.2493558,0.1383698,0.5758525,0.0,0.49034688,0.0,0.49836755,0.49836755,0.21349585,-0.0,8.3,17.278522,18.402779,18.402779,2.0
resstock-amy2018-2021-release-1-508005,0.0,0.4755642,2.4037194,0.0,1.6130337,2.6244783,0.0,0.0,0.0,0.0,0.0,0.0,0.0,0.0,0.016805649,0.016805649,0.0,0.99898976,9.890706062316895,9.88071408408581,-0.0,0.016805649,0.0,-0.0,0.0,-0.0,0.68485314,0.68485314,-0.0,1.0,10.402984,0.4755642,0.0,0.25197357,4.5062914,1.1392282,2.549095,0.0,0.0,0.0,0.2528084,0.1383698,0.56567466,0.0,4.5062914,0.0,4.1727533,4.1727533,0.25197357,-0.0,7.8,17.215302,20.0,20.0,2.0
resstock-amy2018-2021-release-1-508005,0.0,0.28602386,0.48038098,0.0,0.63150454,0.5244995,0.0,0.0,0.0,0.0,0.0,0.0,0.0,0.0,-0.4902032,0.0,-0.4902032,0.9456981,9.8906831741333,9.353600111869184,0.4902032,0.0,0.0,-0.0,0.0,-0.0,0.07122822,0.07122822,-0.0,1.0,10.402984,0.28602386,0.0,0.3622168,1.0280176,0.27914318,0.5759923,0.0,0.0,0.0,0.2715354,0.1383698,0.56029415,0.0,1.0280176,0.0,1.4870486,1.4870486,0.3622168,-0.0,10.0,17.11383,19.88426,19.88426,2.0
resstock-amy2018-2021-release-1-508005,0.0,0.20749734,0.77742153,0.0,0.3734706,0.8488204,0.0,0.0,0.0,0.0,0.0,0.0,0.0,0.0,-0.4126615,0.0,-0.4126615,0.90050584,9.890664100646973,8.906600791809353,0.4126615,0.0,0.0,-0.0,0.0,-0.0,0.07122822,0.07122822,-0.0,1.0,10.402984,0.20749734,0.0,0.28178522,1.0888633,0.2941107,0.6068751,0.0,0.0,0.0,0.270108,0.1383698,0.5573474,0.0,1.0888633,0.0,1.4708351,1.4733865,0.28178522,-0.0025514534,10.6,16.765184,18.88889,18.88889,2.0
resstock-amy2018-2021-release-1-508005,1.1795461,0.22255845,0.13808483,0.0,0.5086103,0.15076663,0.0,0.0,0.0,0.0,0.0,0.0,0.0,0.0,0.039513484,0.039513484,0.0,0.902806,9.89066219329834,8.929349014032425,-0.0,0.039513484,0.0,-0.0,0.0,-0.0,0.07122822,0.07122822,-0.0,1.0,10.402984,0.22255845,0.0,0.7026454,1.3914999,0.39116767,0.7870235,0.0,0.0,0.0,0.28111225,0.1383698,0.56559366,0.0,1.3914999,0.0,1.3221816,1.3322176,0.7026454,-0.010035976,11.7,16.799736,17.222221,17.222221,2.0
resstock-amy2018-2021-release-1-508005,0.9212876,0.5061071,0.64733416,0.0,0.48751503,0.70678574,0.0,0.0,0.0,0.0,0.0,0.0,0.0,0.0,0.96716785,0.96716785,0.0,0.9971835,9.890616416931152,9.862759512808964,-0.0,0.96716785,0.0,-0.0,0.0,-0.0,0.07122822,0.07122822,-0.0,1.0,10.402984,0.5061071,0.0,0.27993497,2.4018455,0.6443108,1.3721247,0.0,0.0,0.0,0.26825655,0.1383698,0.57127935,0.0,2.4018455,0.0,1.4066423,1.4462005,0.27993497,-0.03955814,13.9,17.288383,17.222221,17.222221,2.0
resstock-amy2018-2021-release-1-508005,0.28321534,0.14989826,0.38684168,0.0,1.9416113,0.42236945,0.0,0.0,0.0,0.0,0.0,0.0,0.0,0.0,0.034277916,0.034277916,0.0,0.9989081,9.89061450958252,9.879814972448287,-0.0,0.034277916,0.0,-0.0,0.0,-0.0,0.07122822,0.07122822,-0.0,1.0,10.402984,0.14989826,0.0,0.18828204,2.5281718,0.6548671,1.4387301,0.0,0.0,0.0,0.25902793,0.1383698,0.5690793,0.0,2.5281718,0.0,2.465376,2.5237448,0.18828204,-0.058368925,13.3,17.328983,17.222221,17.222221,2.0
resstock-amy2018-2021-release-1-508005,0.41732264,0.46634293,0.0,0.0,2.7468996,0.0,0.0,0.0,0.0,0.0,0.0,0.0,0.0,0.0,0.01722908,0.01722908,0.0,0.9989786,9.890613555908203,9.880511429673788,-0.0,0.01722908,0.0,-0.0,0.0,-0.0,0.07122822,0.07122822,-0.0,1.0,10.402984,0.46634293,0.0,0.19018486,2.8847523,0.74012965,1.6404736,0.0,0.0,0.0,0.2565661,0.1383698,0.5686705,0.0,2.8847523,0.0,2.838603,2.9081643,0.19018486,-0.06956118,12.8,18.064802,17.222221,17.222221,2.0
resstock-amy2018-2021-release-1-508005,0.6862797,0.9579514,0.30353704,0.0,1.4229645,0.33141407,0.0,0.0,0.0,0.0,0.0,0.0,0.0,0.0,0.016531944,0.016531944,0.0,0.9989815,9.890612602233887,9.880538774243178,-0.0,0.016531944,0.0,-0.0,0.0,-0.0,0.07122822,0.07122822,-0.0,1.0,10.402984,0.9579514,0.0,0.48215672,2.2036152,0.50810367,1.2695597,0.0,0.0,0.0,0.23057732,0.1383698,0.57612586,0.0,2.2036152,0.0,2.159048,2.2085,0.48215672,-0.049451895,13.9,19.5601,17.222221,17.222221,2.0
resstock-amy2018-2021-release-1-508005,0.5927964,1.2629403,1.52066,0.0,1.8175907,1.6603184,0.0,0.0,0.0,0.0,0.0,0.0,0.0,0.0,0.01650238,0.01650238,0.0,0.9989815,9.89061164855957,9.880537821540202,-0.0,0.01650238,0.0,-0.0,0.0,-0.0,0.07122822,0.07122822,-0.0,1.0,10.402984,1.2629403,0.0,0.57786536,3.9853504,0.95343107,2.289768,0.0,0.0,0.0,0.23923394,0.1383698,0.5745462,0.0,3.9853504,0.0,3.9408128,4.027739,0.57786536,-0.0869264,13.9,20.857563,18.333334,18.333334,2.0
resstock-amy2018-2021-release-1-508005,0.115331806,0.8017396,0.18623693,0.0,0.3181289,0.20334104,0.0,0.0,0.0,0.0,0.0,0.0,0.0,0.0,0.016501427,0.016501427,0.0,0.9989814,9.890610694885254,9.880536279310888,-0.0,0.016501427,0.0,-0.0,0.0,-0.0,0.0065189847,0.0065189847,-0.0,0.993915,10.402984,0.8017396,0.0,0.2863047,0.7780732,0.20930947,0.43671212,0.0,0.0,0.0,0.26901,0.1383698,0.5612738,0.0,0.7780732,0.0,0.7590059,0.8052088,0.2863047,-0.046202887,13.9,21.097618,18.333334,18.333334,2.0
resstock-amy2018-2021-release-1-508005,1.2134053,0.29759026,0.19342074,0.0,1.626613,0.2111846,0.0,0.0,0.0,0.0,0.0,0.0,0.0,0.0,0.016501427,0.016501427,0.0,0.9989813,9.890609741210938,9.880534147555409,-0.0,0.016501427,0.0,-0.0,0.0,-0.0,0.13550363,0.13550363,-0.0,1.0,10.402984,0.29759026,0.0,0.33592644,2.1779926,0.62355363,1.1845753,0.0,0.0,0.0,0.2862974,0.1383698,0.543884,0.0,2.1779926,0.0,2.107239,2.1194718,0.33592644,-0.012232833,13.3,20.632202,17.222221,17.222221,2.0
resstock-amy2018-2021-release-1-508005,0.5243551,0.87128866,0.0,0.0,0.96027637,0.0,0.0,0.0,0.0,0.0,0.0,0.0,0.0,0.0,-0.07644313,0.0,-0.07644313,0.98915815,9.890605926513672,9.783373495602063,0.07644313,0.0,0.0,-0.0,0.0,-0.0,0.07122822,0.07122822,-0.0,1.0,10.402984,0.87128866,0.0,1.6167183,2.4976487,0.75389075,1.3364234,0.0,0.0,0.0,0.3018402,0.1383698,0.5350726,0.0,2.4976487,0.0,2.5451717,2.5480745,1.6167183,-0.0029027693,12.8,20.929367,17.76389,17.76389,2.0
resstock-amy2018-2021-release-1-508005,0.0,1.1259551,0.0,0.0,0.25429466,0.0,0.0,0.0,0.0,0.0,0.0,0.0,0.0,0.0,0.113591194,0.113591194,0.0,0.9986019,9.890600204467773,9.87677228937173,-0.0,0.113591194,0.0,-0.0,0.0,-0.0,0.0,0.0,0.5099238,0.9431953,10.402984,0.6160313,0.0,0.5518999,0.91978574,0.30578277,0.48983485,0.0,0.0,0.0,0.33245,0.1383698,0.5325532,0.0,0.91978574,0.0,1.0166886,1.0166886,0.5518999,-0.0,12.2,20.915478,20.0,20.0,2.0
resstock-amy2018-2021-release-1-508005,0.0,0.18219909,0.193421,0.0,0.0,0.2111849,0.0,0.0,0.0,0.0,0.0,0.0,0.0,0.0,0.020240784,0.020240784,0.0,0.99896455,9.890599250793457,9.880358011115504,-0.0,0.020240784,0.0,-0.0,0.0,-0.0,0.0,0.0,0.18219948,0.9189742,10.402984,0.0,0.0,1.0407375,1.2721632,0.4476391,0.6621015,0.0,0.0,0.0,0.3518724,0.1383698,0.5204533,0.0,1.2721632,0.0,1.3293967,1.3293967,1.0407375,-0.0,11.1,20.049389,20.0,20.0,2.0
resstock-amy2018-2021-release-1-508005,0.0,0.33660313,0.0,0.0,2.5344901e-08,0.0,0.0,0.0,0.0,0.0,0.0,0.0,0.0,0.0,0.016655922,0.016655922,0.0,0.9989795,9.89059829711914,9.880505029353799,-0.0,0.016655922,0.0,-0.0,0.0,-0.0,0.0,0.0,0.33660308,0.8797433,10.402984,5.9604645e-08,0.0,0.51096326,0.5276192,0.18248764,0.27053648,0.0,0.0,0.0,0.34587,0.1383698,0.5127495,0.0,0.5276192,0.0,0.65409255,0.65409255,0.51096326,-0.0,11.1,19.649008,20.0,20.0,2.0
resstock-amy2018-2021-release-1-508005,0.0,0.41857046,0.0,0.0,0.0,0.0,0.0,0.0,0.0,0.0,0.0,0.0,0.0,0.0,-0.2738207,0.0,-0.2738207,0.9682019,9.890584945678711,9.576082896044227,0.2738207,0.0,0.0,-0.0,0.0,-0.0,0.0,0.0,0.41857076,0.8327206,10.402984,0.0,0.0,0.32061878,0.04679808,0.014360301,0.02402102,0.0,0.0,0.0,0.30685663,0.1383698,0.5132907,0.0,0.04679808,0.0,0.49860212,0.49860212,0.32061878,-0.0,11.1,19.246588,19.935184,19.935184,2.0
resstock-amy2018-2021-release-1-508005,0.5917362,0.21063218,0.0,0.0,1.2305651,0.0,0.0,0.0,0.0,0.0,0.0,0.0,0.0,0.0,0.3207054,0.3207054,0.0,0.99743915,9.890569686889648,9.865241382358818,-0.0,0.3207054,0.0,-0.0,0.0,-0.0,1.8382026,1.8382026,-0.0,1.0,10.402984,0.21063218,0.0,0.195165,1.7464355,0.51241547,0.90129435,0.0,0.0,0.0,0.29340646,0.1383698,0.5160765,0.0,1.7464355,0.0,0.5984279,0.5984279,0.195165,-0.0,8.9,18.459208,18.333334,18.333334,2.0
resstock-amy2018-2021-release-1-508005,0.0,0.24969521,0.0,0.0,0.7855572,0.0,0.0,0.0,0.0,0.0,0.0,0.0,0.0,0.0,-0.3181506,0.0,-0.3181506,0.9620133,9.890554428100586,9.514844946078824,0.3181506,0.0,0.0,-0.0,0.0,-0.0,0.07122822,0.07122822,-0.0,1.0,10.402984,0.24969521,0.0,0.19141321,0.6588198,0.18356276,0.34050572,0.0,0.0,0.0,0.2786236,0.1383698,0.51684195,0.0,0.6588198,0.0,0.9444308,0.9444308,0.19141321,-0.0,8.3,17.797787,18.333334,18.333334,2.0
resstock-amy2018-2021-release-1-508005,0.0,0.26065317,0.0,0.0,2.0021572,0.0,0.0,0.0,0.0,0.0,0.0,0.0,0.0,0.0,-0.0063201156,0.0,-0.0063201156,0.95979327,9.890554428100586,9.49288757304214,0.0063201156,0.0,0.0,-0.0,0.0,-0.0,0.07122822,0.07122822,-0.0,1.0,10.402984,0.26065317,0.0,0.18956426,2.1854014,0.5987729,1.0969297,0.0,0.0,0.0,0.2739876,0.1383698,0.50193506,0.0,2.1854014,0.0,2.1600668,2.1600668,0.18956426,-0.0,9.4,17.362354,18.333334,18.333334,2.0
resstock-amy2018-2021-release-1-508005,0.0,0.49172124,0.0,0.0,1.2318547,0.0,0.0,0.0,0.0,0.0,0.0,0.0,0.0,0.0,-0.7533249,0.0,-0.7533249,0.87972206,9.890519142150879,8.70090786206714,0.7533249,0.0,0.0,-0.0,0.0,-0.0,0.07122822,0.07122822,-0.0,1.0,10.402984,0.49172124,0.0,0.18831366,0.6668435,0.17985943,0.34574458,0.0,0.0,0.0,0.2697176,0.1383698,0.51847935,0.0,0.6668435,0.0,1.386744,1.386744,0.18831366,-0.0,7.2,16.946838,18.333334,18.333334,2.0
resstock-amy2018-2021-release-1-508005,0.0,0.46063453,0.0,0.0,1.3095622,0.0,0.0,0.0,0.0,0.0,0.0,0.0,0.0,0.0,-1.0153013,0.0,-1.0153013,0.7736087,9.890471458435059,7.651354614438333,1.0153013,0.0,0.0,-0.0,0.0,-0.0,0.07122822,0.07122822,-0.0,1.0,10.402984,0.46063453,0.0,0.1873195,0.48158038,0.13192356,0.25000983,0.0,0.0,0.0,0.2739388,0.1383698,0.51914454,0.0,0.48158038,0.0,1.4639399,1.4639399,0.1873195,-0.0,7.8,16.631235,18.333334,18.333334,2.0
resstock-amy2018-2021-release-1-508005,0.0,0.33527452,0.0,0.0,0.52738935,0.0,0.0,0.0,0.0,0.0,0.0,0.0,0.0,0.0,-1.1891208,0.0,-1.1891208,0.6506031,9.89041519165039,6.434734937856092,1.1891208,0.0,0.0,-0.0,0.0,-0.0,0.07122822,0.07122822,-0.0,1.0,10.402984,0.33527452,0.0,0.18623988,-0.47549152,-0.12957107,0.0,0.0,0.0,0.0,0.2724992,0.1383698,0.51885766,0.0,0.0,-0.47549152,0.6846931,0.6846931,0.18623988,-0.0,12.78,16.544172,18.333334,18.333334,2.0
resstock-amy2018-2021-release-1-508005,0.0,0.9297196,0.0,0.0,1.7234076,0.0,0.0,0.0,0.0,0.0,0.0,0.0,0.0,0.0,-1.2627016,0.0,-1.2627016,0.5203351,9.890356063842773,5.146299196295558,1.2627016,0.0,0.0,-0.0,0.0,-0.0,0.07122822,0.07122822,-0.0,1.0,10.402984,0.9297196,0.0,0.18498929,0.6456953,0.17687312,0.3359229,0.0,0.0,0.0,0.2739266,0.1383698,0.52024984,0.0,0.6456953,0.0,1.8767743,1.8767743,0.18498929,-0.0,9.44,16.928118,18.333334,18.333334,2.0
resstock-amy2018-2021-release-1-508005,0.0,0.75562733,0.0,0.0,0.80400604,0.0,0.0,0.0,0.0,0.0,0.0,0.0,0.0,0.0,-1.3722839,0.0,-1.3722839,0.37902743,9.890291213989258,3.748691623630407,1.3722839,0.0,0.0,-0.0,0.0,-0.0,0.07122822,0.07122822,-0.0,1.0,10.402984,0.75562733,0.0,0.21349585,-0.3547821,-0.09927889,0.0,0.0,0.0,0.0,0.2798306,0.1383698,0.5187515,0.0,0.0,-0.3547821,0.9849622,0.9849622,0.21349585,-0.0,8.3,17.012035,18.393518,18.393518,2.0
resstock-amy2018-2021-release-1-508005,0.0,0.91210485,0.885104,0.0,0.44866297,0.96639246,0.0,0.0,0.0,0.0,0.0,0.0,0.0,0.0,-1.3083693,0.0,-1.3083693,0.24454404,9.890229225158691,2.4185966521622646,1.3083693,0.0,0.0,-0.0,0.0,-0.0,0.04400778,0.04400778,-0.0,0.9974403,10.402984,0.91210485,0.0,0.31611475,0.4228009,0.12825793,0.21760476,0.0,0.0,0.0,0.303353,0.1383698,0.5146743,0.0,0.4228009,0.0,1.7105192,1.7105192,0.31611475,-0.0,7.2,17.23581,20.0,20.0,2.0
resstock-amy2018-2021-release-1-508005,0.0,0.48051405,0.0,0.0,0.15338188,0.0,0.0,0.0,0.0,0.0,0.0,0.0,0.0,0.0,-0.62506825,0.0,-0.62506825,0.17863443,9.890199661254883,1.7667302279165256,0.62506825,0.0,0.0,-0.0,0.0,-0.0,0.0,0.0,0.14886476,0.9761315,10.402984,0.3316493,0.0,0.19016261,-0.28152376,-0.09807471,0.0,0.0,0.0,0.0,0.348371,0.1383698,0.51348066,0.0,0.0,-0.28152376,0.41239178,0.41239178,0.19016261,-0.0,7.8,16.666805,19.893518,19.893518,2.0
resstock-amy2018-2021-release-1-508005,0.0,1.0566387,0.037480764,0.0,0.6933859,0.040923018,0.0,0.0,0.0,0.0,0.0,0.0,0.0,0.0,-0.63613766,0.0,-0.63613766,0.11170109,9.890170097351074,1.1047428159035988,0.63613766,0.0,0.0,-0.0,0.0,-0.0,0.32335117,0.32335117,-0.0,1.0,10.402984,1.0566387,0.0,0.39346236,0.46137068,0.15839225,0.2385839,0.0,0.0,0.0,0.343308,0.1383698,0.51711977,0.0,0.46137068,0.0,0.95818824,0.9884512,0.39346236,-0.03026295,10.6,17.305923,18.88889,18.88889,2.0
resstock-amy2018-2021-release-1-508005,1.2726284,0.2751374,0.4125463,0.0,1.2413126,0.4504348,0.0,0.0,0.0,0.0,0.0,0.0,0.0,0.0,-1.06616,0.0,-1.06616,0.0023944578,9.890119552612305,0.023681474037741346,1.06616,0.0,0.0,-0.0,0.0,-0.0,0.07122822,0.07122822,-0.0,1.0,10.402984,0.2751374,0.0,0.5809411,1.1348009,0.3980314,0.5914092,0.0,0.0,0.0,0.35075,0.1383698,0.5211568,0.0,1.1348009,0.0,2.1715584,2.243286,0.5809411,-0.07172759,12.2,16.934517,17.222221,17.222221,2.0
resstock-amy2018-2021-release-1-508005,0.3349219,3.274333,0.58445156,0.0,2.8107266,0.6381279,0.0,0.0,0.0,0.0,0.0,0.0,0.0,0.0,-0.022950543,0.0,-0.022950543,0.0,9.890118598937988,0.0,0.022950543,0.0,0.0,-0.0,0.0,-0.0,0.07122822,0.07122822,-0.0,1.0,10.402984,3.274333,0.0,0.27993497,3.5886188,1.1126716,1.8775573,0.0,0.0,0.0,0.31005567,0.1383698,0.52319777,0.0,3.5886188,0.0,3.5821667,3.6993868,0.27993497,-0.117220104,12.2,20.837034,17.222221,17.222221,2.0
resstock-amy2018-2021-release-1-508005,0.7289282,0.24981941,0.116232485,0.0,1.2412779,0.12690735,0.0,0.0,0.0,0.0,0.0,0.0,0.0,0.0,0.8502256,0.8502256,0.0,0.08354582,9.8900785446167,0.8262747112416235,-0.0,0.8502256,0.0,-0.0,0.0,-0.0,0.07122822,0.07122822,-0.0,1.0,10.402984,0.24981941,0.0,0.27905232,2.3287165,0.72138673,1.2203205,0.0,0.0,0.0,0.3097787,0.1383698,0.52403134,0.0,2.3287165,0.0,1.4508579,1.6196046,0.27905232,-0.16874672,14.4,19.937668,17.222221,17.222221,2.0
resstock-amy2018-2021-release-1-508005,1.5232495,0.40093184,0.1934542,0.0,1.2636586,0.21122116,0.0,0.0,0.0,0.0,0.0,0.0,0.0,0.0,0.8950182,0.8950182,0.0,0.17152302,9.890036582946777,1.6963689393680426,-0.0,0.8950182,0.0,-0.0,0.0,-0.0,0.07122822,0.07122822,-0.0,1.0,10.402984,0.40093184,0.0,0.19018486,2.383567,0.70404947,1.2526013,0.0,0.0,0.0,0.2953764,0.1383698,0.52551544,0.0,2.383567,0.0,1.4609158,1.6374315,0.19018486,-0.17651571,14.4,20.376553,17.222221,17.222221,2.0
resstock-amy2018-2021-release-1-508005,1.9399741,0.30522662,0.0,0.0,0.64668745,0.0,0.0,0.0,0.0,0.0,0.0,0.0,0.0,0.0,1.4330261,1.4330261,0.0,0.31370223,9.889968872070312,3.102505247125009,-0.0,1.4330261,0.0,-0.0,0.0,-0.0,0.07122822,0.07122822,-0.0,1.0,10.402984,0.30522662,0.0,0.19052678,2.1020072,0.6214639,1.1107864,0.0,0.0,0.0,0.2956526,0.1383698,0.52844083,0.0,2.1020072,0.0,0.64271533,0.8109485,0.19052678,-0.16823319,16.1,21.157673,17.393518,17.393518,2.0
resstock-amy2018-2021-release-1-508005,0.76380396,0.09545568,0.0,0.0,0.39495212,0.0,0.0,0.0,0.0,0.0,0.0,0.0,0.0,0.0,1.4860406,1.4860406,0.0,0.46058068,9.889899253845215,4.55509649176102,-0.0,1.4860406,0.0,-0.0,0.0,-0.0,0.07122822,0.07122822,-0.0,1.0,10.402984,0.09545568,0.0,1.4083035,3.1530828,0.939724,1.6593039,0.0,0.0,0.0,0.29803342,0.1383698,0.5262481,0.0,3.1530828,0.0,1.642144,1.7783571,1.4083035,-0.1362132,17.8,21.835732,19.060184,19.060184,2.0
resstock-amy2018-2021-release-1-508005,0.7966966,0.2614682,0.5803625,0.0,0.5850394,0.63366336,0.0,0.0,0.0,0.0,0.0,0.0,0.0,0.0,1.0931827,1.0931827,0.0,0.5683425,9.889847755432129,5.620820866038514,-0.0,1.0931827,0.0,-0.0,0.0,-0.0,0.07122822,0.07122822,-0.0,1.0,10.402984,0.2614682,0.0,0.2863047,2.4905236,0.7638289,1.3261915,0.0,0.0,0.0,0.3066941,0.1383698,0.5324951,0.0,2.4905236,0.0,1.3719599,1.4796264,0.2863047,-0.10766655,17.2,22.596642,19.444445,19.444445,2.0
resstock-amy2018-2021-release-1-508005,2.9250233,0.4845418,0.0,0.0,1.4024148e-07,0.0,0.0,0.0,0.0,0.0,0.0,0.0,0.0,0.0,1.1419216,1.1419216,0.0,0.6809941,9.88979434967041,6.73489153724546,-0.0,1.1419216,0.0,-0.0,0.0,-0.0,0.0,0.0,0.48454142,0.94568944,10.402984,3.874302e-07,0.0,0.5608619,1.6463033,0.52694744,0.8985166,0.0,0.0,0.0,0.3200792,0.1383698,0.5457783,0.0,1.6463033,0.0,0.67977536,0.73625565,0.5608619,-0.056480285,16.7,23.404324,18.125,18.125,2.0
resstock-amy2018-2021-release-1-508005,0.0,0.46432263,0.0,0.0,0.5799385,0.0,0.0,0.0,0.0,0.0,0.0,0.0,0.0,0.0,1.1904737,1.1904737,0.0,0.79852676,9.889738082885742,7.897220547303732,-0.0,1.1904737,0.0,-0.0,0.0,-0.0,0.6449115,0.6449115,-0.0,1.0,10.402984,0.46432263,0.0,0.63282526,2.3955483,0.81243837,1.3491104,0.0,0.0,0.0,0.33914506,0.1383698,0.56317395,0.0,2.3955483,0.0,0.9512389,0.9589279,0.63282526,-0.007689067,13.9,23.173748,20.0,20.0,2.0
resstock-amy2018-2021-release-1-508005,0.0,0.35363203,0.0,0.0,3.5796162e-08,0.0,0.0,0.0,0.0,0.0,0.0,0.0,0.0,0.0,1.1766449,1.1766449,0.0,0.9144282,9.88968276977539,9.04340456150726,-0.0,1.1766449,0.0,-0.0,0.0,-0.0,0.0,0.0,0.35363194,0.958553,10.402984,8.940697e-08,0.0,0.727114,1.903759,0.6895589,1.0322042,0.0,0.0,0.0,0.36220914,0.1383698,0.54219264,0.0,1.903759,0.0,0.86869884,0.86869884,0.727114,-0.0,13.3,22.463959,20.0,20.0,2.0
resstock-amy2018-2021-release-1-508005,0.0,0.6333941,0.19345419,0.0,2.4200652e-08,0.21122114,0.0,0.0,0.0,0.0,0.0,0.0,0.0,0.0,0.85131264,0.85131264,0.0,0.9973375,9.889642715454102,9.863311740728818,-0.0,0.85131264,0.0,-0.0,0.0,-0.0,0.0,0.0,0.63339406,0.8898933,10.402984,5.9604645e-08,0.0,0.58928746,1.6518213,0.5894524,0.8803194,0.0,0.0,0.0,0.35685,0.1383698,0.53293866,0.0,1.6518213,0.0,1.0576789,1.0576789,0.58928746,-0.0,12.8,22.264301,20.0,20.0,2.0
resstock-amy2018-2021-release-1-508005,0.0,0.15779993,0.19345419,0.0,1.9008675e-07,0.21122114,0.0,0.0,0.0,0.0,0.0,0.0,0.0,0.0,0.031781197,0.031781197,0.0,0.99882007,9.889640808105469,9.877971689138576,-0.0,0.031781197,0.0,-0.0,0.0,-0.0,0.0,0.0,0.15779948,0.8684269,10.402984,4.4703484e-07,0.0,0.51096326,0.7539658,0.23947167,0.39997965,0.0,0.0,0.0,0.3176161,0.1383698,0.53050107,0.0,0.7539658,0.0,0.78928363,0.78928363,0.51096326,-0.0,11.1,21.23222,20.0,20.0,2.0
resstock-amy2018-2021-release-1-508005,0.0,0.15898758,0.0,0.0,0.0,0.0,0.0,0.0,0.0,0.0,0.0,0.0,0.0,0.0,0.017126083,0.017126083,0.0,0.99888074,9.889639854431152,9.87857081549248,-0.0,0.017126083,0.0,-0.0,0.0,-0.0,0.0,0.0,0.15898804,0.8469875,10.402984,0.0,0.0,0.44322944,0.46035552,0.13779683,0.24099846,0.0,0.0,0.0,0.299327,0.1383698,0.5235051,0.0,0.46035552,0.0,0.5097566,0.5097566,0.44322944,-0.0,11.7,20.445864,19.935184,19.935184,2.0
resstock-amy2018-2021-release-1-508005,0.8551654,0.36997837,0.0,0.0,1.9952837e-07,0.0,0.0,0.0,0.0,0.0,0.0,0.0,0.0,0.0,0.016525269,0.016525269,0.0,0.9988832,9.889638900756836,9.878594031090529,-0.0,0.016525269,0.0,-0.0,0.0,-0.0,0.0,0.0,0.3699779,0.80495924,10.402984,4.7683716e-07,0.0,0.3964998,0.4130253,0.12174536,0.20563431,0.0,0.0,0.0,0.2947649,0.1383698,0.49787343,0.0,0.4130253,0.0,0.55131406,0.55131406,0.3964998,-0.0,11.7,19.929173,18.333334,18.333334,2.0
resstock-amy2018-2021-release-1-508005,0.15261059,0.10388988,0.19345382,0.0,2.6824402e-08,0.21122073,0.0,0.0,0.0,0.0,0.0,0.0,0.0,0.0,-0.11894171,0.0,-0.11894171,0.98451376,9.889633178710938,9.736479941966536,0.11894171,0.0,0.0,-0.0,0.0,-0.0,0.0,0.0,0.103889816,0.78935903,10.402984,6.7055225e-08,0.0,1.3674057,1.4596847,0.41241905,0.67566144,0.0,0.0,0.0,0.2825398,0.1383698,0.46288177,0.0,1.4596847,0.0,1.620186,1.620186,1.3674057,-0.0,13.33,19.25166,18.333334,18.333334,2.0
resstock-amy2018-2021-release-1-508005,0.0,0.36062747,0.0,0.0,0.0,0.0,0.0,0.0,0.0,0.0,0.0,0.0,0.0,0.0,0.15852451,0.15852451,0.0,0.9983464,9.889625549316406,9.873271949194987,-0.0,0.15852451,0.0,-0.0,0.0,-0.0,0.0,0.0,0.36062756,0.7486355,10.402984,0.0,0.0,0.21726434,0.37578887,0.104516946,0.17545794,0.0,0.0,0.0,0.27812678,0.1383698,0.46690562,0.0,0.37578887,0.0,0.37956852,0.37956852,0.21726434,-0.0,8.9,18.64633,18.333334,18.333334,2.0
