bld_id,cooling demand,heating demand,dhw demand,cooling electricity consumption,heating electricity consumption,dhw electricity consumption,heating fuel consumption,dhw fuel consumption,dhw storage electricity consumption,positive dhw storage electricity consumption,negative dhw storage electricity consumption,dhw soc storage,dhw capacity,dhw stored energy (?),electrical storage electricity consumption,positive electrical storage electricity consumption,negative electrical storage electricity consumption,electrical storage soc,electrical capacity history,stored electrical energy,energy from electrical storage,energy to electrical storage,energy from cooling device,energy from dhw device,energy from dhw device to dhw storage,energy from dhw storage,energy from heating fuel device to heating storage,energy from heating device to heating storage,energy from heating storage,heating storage soc,heating storage capacity,energy from heating device,energy from heating fuel device,energy to non shiftable load,net electricity consumption,net electricity cost,net electricity emission,net fuel consumption,net fuel cost,net fuel emission,electricity price,fuel price,electricity carbon intensity,fuel carbon intensity,positive net electricity consumption,negative net electricity consumption,net electricity consumption without storage,net electricity consumption without storage and pv,non shiftable load,solar generation,outdoor_temperature,indoor_temperature,heating_sp,cooling_sp,comfort_band
resstock-amy2018-2021-release-1-529678,0.0,4.819499,0.0,0.0,2.1898973,0.0,5.368035,0.0,0.0,0.0,0.0,0.0,0.0,0.0,0.0,0.0,0.0,0.0,13.5,0.0,-0.0,0.0,0.0,-0.0,0.0,-0.0,0.0,0.0,-0.0,0.0,9.258355,4.819499,4.819499,0.31236687,2.5022643,0.81936145,1.316917,5.368035,0.7427739,1.1231983,0.327448,0.1383698,0.5262901,0.20923826,2.5022643,0.0,2.5022643,2.5022643,0.31236687,-0.0,8.9,22.743954,22.777779,22.777779,2.0
resstock-amy2018-2021-release-1-529678,0.0,4.9217563,0.0,0.0,2.2701874,0.0,0.0,0.0,0.0,0.0,0.0,0.0,0.0,0.0,1.2285,1.2285,0.0,0.08496835,13.499971389770508,1.1470703052098514,-0.0,1.2285,0.0,-0.0,0.0,-0.0,0.0,0.0,-0.0,0.0,9.258355,4.9217563,0.0,0.31071812,3.8094053,1.2250278,2.0713289,0.0,0.0,0.0,0.3215798,0.1383698,0.54374075,0.0,3.8094053,0.0,2.5809054,2.5809054,0.31071812,-0.0,8.3,22.247316,22.222221,22.222221,2.0
resstock-amy2018-2021-release-1-529678,0.0,3.7819061,0.0,0.0,1.744425,0.0,0.0,0.0,0.0,0.0,0.0,0.0,0.0,0.0,1.2285,1.2285,0.0,0.16957061,13.499942779541016,2.289193531108765,-0.0,1.2285,0.0,-0.0,0.0,-0.0,0.0,0.0,-0.0,0.0,9.258355,3.7819061,0.0,0.30906937,3.2819943,1.0428504,1.764251,0.0,0.0,0.0,0.317749,0.1383698,0.53755456,0.0,3.2819943,0.0,2.0534945,2.0534945,0.30906937,-0.0,8.3,21.68871,21.666666,21.666666,2.0
resstock-amy2018-2021-release-1-529678,0.0,3.947222,0.0,0.0,1.8704135,0.0,0.0,0.0,0.0,0.0,0.0,0.0,0.0,0.0,1.2285,1.2285,0.0,0.25380835,13.499914169311523,3.426390931962544,-0.0,1.2285,0.0,-0.0,0.0,-0.0,0.0,0.0,-0.0,0.0,9.258355,3.947222,0.0,0.3074206,3.406334,1.0818189,1.8208855,0.0,0.0,0.0,0.3175904,0.1383698,0.5345587,0.0,3.406334,0.0,2.177834,2.177834,0.3074206,-0.0,7.2,21.667597,21.666666,21.666666,2.0
resstock-amy2018-2021-release-1-529678,0.0,2.446957,0.0,0.0,1.1665118,0.0,0.0,0.0,0.0,0.0,0.0,0.0,0.0,0.0,1.2285,1.2285,0.0,0.33768317,13.499885559082031,4.558684164185024,-0.0,1.2285,0.0,-0.0,0.0,-0.0,0.0,0.0,-0.0,0.0,9.258355,2.446957,0.0,0.30577186,2.7007837,0.8574794,1.4517266,0.0,0.0,0.0,0.3174928,0.1383698,0.53752047,0.0,2.7007837,0.0,1.4722837,1.4722837,0.30577186,-0.0,6.95,20.360767,20.356482,20.356482,2.0
resstock-amy2018-2021-release-1-529678,0.0,3.0125763,2.1134224,0.0,1.4447805,2.2421727,0.0,0.0,0.0,0.0,0.0,0.0,0.0,0.0,1.2285,1.2285,0.0,0.4211966,13.499856948852539,5.686093978770771,-0.0,1.2285,0.0,-0.0,0.0,-0.0,0.0,0.0,-0.0,0.0,9.258355,3.0125763,0.0,0.3744078,5.2898607,1.6794927,2.837116,0.0,0.0,0.0,0.3174928,0.1383698,0.53633094,0.0,5.2898607,0.0,4.061361,4.061361,0.3744078,-0.0,6.7,21.644213,21.666666,21.666666,2.0
resstock-amy2018-2021-release-1-529678,0.0,6.69402,0.0,0.0,3.0853536,0.0,0.0,0.0,0.0,0.0,0.0,0.0,0.0,0.0,1.2285,1.2285,0.0,0.50435024,13.499828338623047,6.808641730028057,-0.0,1.2285,0.0,-0.0,0.0,-0.0,0.0,0.0,-0.0,0.0,9.258355,6.69402,0.0,0.43513617,4.7489896,1.5047573,2.575246,0.0,0.0,0.0,0.3168584,0.1383698,0.54227245,0.0,4.7489896,0.0,3.5204897,3.5204897,0.43513617,-0.0,8.33,23.185257,23.222221,23.222221,2.0
resstock-amy2018-2021-release-1-529678,0.0,7.4369583,0.0,0.0,3.7625709,0.0,6.38614e-08,0.0,0.0,0.0,0.0,0.0,0.0,0.0,1.2285,1.2285,0.0,0.58714557,13.499799728393555,7.9263475651082445,-0.0,1.2285,0.0,-0.0,0.0,-0.0,0.0,0.0,-0.0,0.0,9.258355,7.4369583,5.7335683e-08,0.4846597,5.4757304,1.7390393,2.9939885,6.38614e-08,8.836489e-09,1.3362249e-08,0.3175904,0.1383698,0.54677427,0.013362249,5.4757304,0.0,4.2472305,4.2472305,0.4846597,-0.0,4.4,23.256048,23.25926,23.25926,2.0
resstock-amy2018-2021-release-1-529678,0.0,5.2715716,1.3109986,0.0,2.395915,1.3908651,0.0,0.0,0.0,0.0,0.0,0.0,0.0,0.0,1.2285,1.2285,0.0,0.66958416,13.499771118164062,9.039232837965756,-0.0,1.2285,0.0,-0.0,0.0,-0.0,0.0,0.0,-0.0,0.0,9.258355,5.2715716,0.0,0.4953599,5.4955864,1.7362942,3.0146544,0.0,0.0,0.0,0.3159434,0.1383698,0.5485592,0.0,5.4955864,0.0,4.2670865,4.28214,0.4953599,-0.015053437,8.89,23.496967,23.5,23.5,2.0
resstock-amy2018-2021-release-1-529678,0.0,4.573806,0.98652065,0.0,2.0206277,1.0466198,0.0,0.0,0.0,0.0,0.0,0.0,0.0,0.0,-1.08,0.0,-1.08,0.58066946,13.49974536895752,7.838889889720406,1.08,0.0,0.0,-0.0,0.0,-0.0,0.0,0.0,-0.0,0.0,9.258355,4.573806,0.0,0.40506995,2.3535964,0.7436032,1.326332,0.0,0.0,0.0,0.3159434,0.1383698,0.56353414,0.0,2.3535964,0.0,3.4335966,3.4723177,0.40506995,-0.038721036,10.0,23.499983,23.5,23.5,2.0
resstock-amy2018-2021-release-1-529678,0.0,4.364784,0.0,0.0,1.898287,0.0,0.0,0.0,0.0,0.0,0.0,0.0,0.0,0.0,-1.08,0.0,-1.08,0.49213788,13.499719619750977,6.643723382557425,1.08,0.0,0.0,-0.0,0.0,-0.0,0.0,0.0,-0.0,0.0,9.258355,4.364784,0.0,0.40244177,1.1253954,0.34290236,0.652794,0.0,0.0,0.0,0.304695,0.1383698,0.58005744,0.0,1.1253954,0.0,2.2053955,2.3007288,0.40244177,-0.09533332,10.6,23.698225,23.699074,23.699074,2.0
resstock-amy2018-2021-release-1-529678,0.0,4.20212,0.0,0.0,1.803476,0.0,0.0,0.0,0.0,0.0,0.0,0.0,0.0,0.0,-1.08,0.0,-1.08,0.40398774,13.499693870544434,5.453710756837751,1.08,0.0,0.0,-0.0,0.0,-0.0,0.0,0.0,-0.0,0.0,9.258355,4.20212,0.0,0.31236687,0.8800689,0.25875786,0.5160225,0.0,0.0,0.0,0.29402,0.1383698,0.5863433,0.0,0.8800689,0.0,1.960069,2.1158428,0.31236687,-0.1557739,11.1,23.999079,24.0,24.0,2.0
resstock-amy2018-2021-release-1-529678,0.0,3.0251338,0.0,0.0,1.2602171,0.0,0.0,0.0,0.0,0.0,0.0,0.0,0.0,0.0,-1.08,0.0,-1.08,0.3162174,13.49966812133789,4.2688298554156745,1.08,0.0,0.0,-0.0,0.0,-0.0,0.0,0.0,-0.0,0.0,9.258355,3.0251338,0.0,0.34566772,0.33833274,0.10133404,0.19261128,0.0,0.0,0.0,0.29951,0.1383698,0.5692954,0.0,0.33833274,0.0,1.4183328,1.6058848,0.34566772,-0.187552,12.2,23.999996,24.0,24.0,2.0
resstock-amy2018-2021-release-1-529678,0.0,2.3661575,0.0,0.0,0.9694371,0.0,0.0,0.0,0.0,0.0,0.0,0.0,0.0,0.0,-1.08,0.0,-1.08,0.22882523,13.499642372131348,3.089058722474661,1.08,0.0,0.0,-0.0,0.0,-0.0,0.0,0.0,-0.0,0.0,9.258355,2.3661575,0.0,0.31566438,0.0063050985,0.0018337483,0.0035513174,0.0,0.0,0.0,0.2908358,0.1383698,0.56324536,0.0,0.0063050985,0.0,1.0863051,1.2851015,0.31566438,-0.19879639,12.8,24.0,24.0,24.0,2.0
resstock-amy2018-2021-release-1-529678,0.0,1.909868,0.3746739,0.0,0.782491,0.39749917,0.0,0.0,0.0,0.0,0.0,0.0,0.0,0.0,-1.08,0.0,-1.08,0.14180957,13.499616622924805,1.914374798885575,1.08,0.0,0.0,-0.0,0.0,-0.0,0.0,0.0,-0.0,0.0,9.258355,1.909868,0.0,0.31566438,0.23062448,0.070967905,0.13069622,0.0,0.0,0.0,0.3077206,0.1383698,0.56670576,0.0,0.23062448,0.0,1.3106245,1.4956545,0.31566438,-0.18503003,12.8,24.038408,24.0,24.0,2.0
resstock-amy2018-2021-release-1-529678,0.0,0.0,0.0,0.0,0.0,0.0,0.0,0.0,0.0,0.0,0.0,0.0,0.0,0.0,-1.08,0.0,-1.08,0.055168826,13.499590873718262,0.7447565817789688,1.08,0.0,0.0,-0.0,0.0,-0.0,0.0,0.0,-0.0,0.0,9.258355,0.0,0.0,0.4137019,-0.80281717,-0.25520208,0.0,0.0,0.0,0.0,0.3178832,0.1383698,0.574562,0.0,0.0,-0.80281717,0.27718288,0.4137019,0.4137019,-0.13651901,13.3,23.06813,24.0,24.0,2.0
resstock-amy2018-2021-release-1-529678,0.0,0.0,0.0,0.0,0.0,0.0,0.0,0.0,0.0,0.0,0.0,0.0,0.0,0.0,-0.68959427,0.0,-0.68959427,0.0,13.499574661254883,0.0,0.68959427,0.0,0.0,-0.0,0.0,-0.0,0.0,0.0,-0.0,0.0,9.258355,0.0,0.0,0.43217692,-0.31355995,-0.101821505,0.0,0.0,0.0,0.0,0.3247274,0.1383698,0.59301996,0.0,0.0,-0.31355995,0.37603432,0.43217695,0.43217692,-0.056142613,11.7,22.543507,24.0,24.0,2.0
resstock-amy2018-2021-release-1-529678,0.0,1.2989615,0.0,0.0,0.54856396,0.0,0.0,0.0,0.0,0.0,0.0,0.0,0.0,0.0,0.0,0.0,0.0,0.0,13.499574661254883,0.0,-0.0,0.0,0.0,-0.0,0.0,-0.0,0.0,0.0,-0.0,0.0,9.258355,1.2989615,0.0,0.4659324,1.0144963,0.35380477,0.6206093,0.0,0.0,0.0,0.3487492,0.1383698,0.6117413,0.0,1.0144963,0.0,1.0144963,1.0144963,0.4659324,-0.0,11.7,23.129566,23.925926,23.925926,2.0
resstock-amy2018-2021-release-1-529678,0.0,0.0,0.37467554,0.0,0.0,0.3975009,0.0,0.0,0.0,0.0,0.0,0.0,0.0,0.0,0.0,0.0,0.0,0.0,13.499574661254883,0.0,-0.0,0.0,0.0,-0.0,0.0,-0.0,0.0,0.0,-0.0,0.0,9.258355,0.0,0.0,0.8380943,1.2355952,0.45598134,0.7234505,0.0,0.0,0.0,0.3690378,0.1383698,0.5855077,0.0,1.2355952,0.0,1.2355952,1.2355952,0.8380943,-0.0,10.6,21.984715,23.185184,23.185184,2.0
resstock-amy2018-2021-release-1-529678,0.0,1.0396111,0.5314899,0.0,0.452137,0.56386846,0.0,0.0,0.0,0.0,0.0,0.0,0.0,0.0,0.0,0.0,0.0,0.0,13.499574661254883,0.0,-0.0,0.0,0.0,-0.0,0.0,-0.0,0.0,0.0,-0.0,0.0,9.258355,1.0396111,0.0,1.9072245,2.9232302,1.1266785,1.5385938,0.0,0.0,0.0,0.3854224,0.1383698,0.52633345,0.0,2.9232302,0.0,2.9232302,2.9232302,1.9072245,-0.0,10.6,22.401634,23.13889,23.13889,2.0
resstock-amy2018-2021-release-1-529678,1.7011797,0.0,0.6022876,0.0,0.0,0.63897914,0.0,0.0,0.0,0.0,0.0,0.0,0.0,0.0,0.0,0.0,0.0,0.0,13.499574661254883,0.0,-0.0,0.0,0.0,-0.0,0.0,-0.0,0.0,0.0,-0.0,0.0,9.258355,0.0,0.0,0.7335594,1.3725386,0.51490784,0.7199667,0.0,0.0,0.0,0.37515,0.1383698,0.52455115,0.0,1.3725386,0.0,1.3725386,1.3725386,0.7335594,-0.0,10.6,21.296486,19.656565,19.656565,2.0
resstock-amy2018-2021-release-1-529678,0.0,0.0,0.0,0.0,0.0,0.0,0.0,0.0,0.0,0.0,0.0,0.0,0.0,0.0,0.0,0.0,0.0,0.0,13.499574661254883,0.0,-0.0,0.0,0.0,-0.0,0.0,-0.0,0.0,0.0,-0.0,0.0,9.258355,0.0,0.0,0.66407716,0.66407716,0.22340551,0.34305313,0.0,0.0,0.0,0.336415,0.1383698,0.51658624,0.0,0.66407716,0.0,0.66407716,0.66407716,0.66407716,-0.0,8.3,20.464035,19.656565,19.656565,2.0
resstock-amy2018-2021-release-1-529678,0.0,0.0,0.0,0.0,0.0,0.0,0.0,0.0,0.0,0.0,0.0,0.0,0.0,0.0,1.2285,1.2285,0.0,0.08496835,13.49954605102539,1.1470341648781357,-0.0,1.2285,0.0,-0.0,0.0,-0.0,0.0,0.0,-0.0,0.0,9.258355,0.0,0.0,0.40939903,1.637899,0.5262357,0.8289489,0.0,0.0,0.0,0.321287,0.1383698,0.506105,0.0,1.637899,0.0,0.40939903,0.40939903,0.40939903,-0.0,6.7,19.73158,19.656565,19.656565,2.0
resstock-amy2018-2021-release-1-529678,0.0,0.0,0.0,0.0,0.0,0.0,0.0,0.0,0.0,0.0,0.0,0.0,0.0,0.0,1.2285,1.2285,0.0,0.16957061,13.499517440795898,2.28912140615833,-0.0,1.2285,0.0,-0.0,0.0,-0.0,0.0,0.0,-0.0,0.0,9.258355,0.0,0.0,0.31401563,1.5425156,0.48887196,0.7505726,0.0,0.0,0.0,0.3169316,0.1383698,0.48658997,0.0,1.5425156,0.0,0.31401563,0.31401563,0.31401563,-0.0,8.9,19.39143,19.656565,19.656565,2.0
resstock-amy2018-2021-release-1-529678,0.0,0.0,0.37503126,0.0,0.0,0.3978783,0.0,0.0,0.0,0.0,0.0,0.0,0.0,0.0,1.2285,1.2285,0.0,0.25380835,13.499488830566406,3.4262829774377224,-0.0,1.2285,0.0,-0.0,0.0,-0.0,0.0,0.0,-0.0,0.0,9.258355,0.0,0.0,0.31236687,1.9387451,0.6144259,0.9807681,0.0,0.0,0.0,0.3169194,0.1383698,0.5058778,0.0,1.9387451,0.0,0.71024513,0.71024513,0.31236687,-0.0,8.9,18.779724,22.777779,22.777779,2.0
resstock-amy2018-2021-release-1-529678,0.0,2.9777153,0.0,0.0,1.3734876,0.0,0.0,0.0,0.0,0.0,0.0,0.0,0.0,0.0,1.2285,1.2285,0.0,0.33768317,13.499460220336914,4.5585405344488095,-0.0,1.2285,0.0,-0.0,0.0,-0.0,0.0,0.0,-0.0,0.0,9.258355,2.9777153,0.0,0.31071812,2.912706,0.9228443,1.4096949,0.0,0.0,0.0,0.316834,0.1383698,0.48398122,0.0,2.912706,0.0,1.6842059,1.6842059,0.31071812,-0.0,8.3,21.204235,22.222221,22.222221,2.0
resstock-amy2018-2021-release-1-529678,0.0,0.76116186,0.0,0.0,0.36068085,0.0,0.0,0.0,0.0,0.0,0.0,0.0,0.0,0.0,1.2285,1.2285,0.0,0.4211966,13.499431610107422,5.685914827533338,-0.0,1.2285,0.0,-0.0,0.0,-0.0,0.0,0.0,-0.0,0.0,9.258355,0.76116186,0.0,0.30906937,1.8982502,0.584756,0.9543798,0.0,0.0,0.0,0.30805,0.1383698,0.50276816,0.0,1.8982502,0.0,0.6697502,0.6697502,0.30906937,-0.0,7.2,19.564142,21.666666,21.666666,2.0
resstock-amy2018-2021-release-1-529678,0.0,1.5696732,0.0,0.0,0.7437985,0.0,0.0,0.0,0.0,0.0,0.0,0.0,0.0,0.0,1.2285,1.2285,0.0,0.50435024,13.49940299987793,6.80842721032775,-0.0,1.2285,0.0,-0.0,0.0,-0.0,0.0,0.0,-0.0,0.0,9.258355,1.5696732,0.0,0.3074206,2.279719,0.70226747,1.1729953,0.0,0.0,0.0,0.30805,0.1383698,0.514535,0.0,2.279719,0.0,1.0512191,1.0512191,0.3074206,-0.0,7.2,19.710758,21.666666,21.666666,2.0
resstock-amy2018-2021-release-1-529678,0.0,1.4620392,0.0,0.0,0.7011692,0.0,0.0,0.0,0.0,0.0,0.0,0.0,0.0,0.0,1.2285,1.2285,0.0,0.58714557,13.499374389648438,7.926097829349601,-0.0,1.2285,0.0,-0.0,0.0,-0.0,0.0,0.0,-0.0,0.0,9.258355,1.4620392,0.0,0.30577186,2.2354412,0.7046911,1.1990315,0.0,0.0,0.0,0.3152358,0.1383698,0.5363735,0.0,2.2354412,0.0,1.0069412,1.0069412,0.30577186,-0.0,6.7,19.225424,20.356482,20.356482,2.0
resstock-amy2018-2021-release-1-529678,0.0,0.84900063,0.0,0.0,0.40230376,0.0,0.0,0.0,0.0,0.0,0.0,0.0,0.0,0.0,1.2285,1.2285,0.0,0.66958416,13.499345779418945,9.038948037881482,-0.0,1.2285,0.0,-0.0,0.0,-0.0,0.0,0.0,-0.0,0.0,9.258355,0.84900063,0.0,0.30577186,1.9365757,0.610478,1.0625255,0.0,0.0,0.0,0.3152358,0.1383698,0.548662,0.0,1.9365757,0.0,0.70807564,0.70807564,0.30577186,-0.0,7.2,18.668165,21.666666,21.666666,2.0
resstock-amy2018-2021-release-1-529678,0.0,2.238466,0.0,0.0,1.0325048,0.0,0.0,0.0,0.0,0.0,0.0,0.0,0.0,0.0,1.2285,1.2285,0.0,0.75166756,13.499317169189453,10.14699878671422,-0.0,1.2285,0.0,-0.0,0.0,-0.0,0.0,0.0,-0.0,0.0,9.258355,2.238466,0.0,0.30906937,2.570074,0.8508153,1.4149828,0.0,0.0,0.0,0.331047,0.1383698,0.5505611,0.0,2.570074,0.0,1.3415741,1.3415741,0.30906937,-0.0,8.3,19.561253,23.222221,23.222221,2.0
resstock-amy2018-2021-release-1-529678,0.0,2.7313733,0.0,0.0,1.2410889,0.0,0.0,0.0,0.0,0.0,0.0,0.0,0.0,0.0,1.2285,1.2285,0.0,0.8333973,13.499288558959961,11.250271026461292,-0.0,1.2285,0.0,-0.0,0.0,-0.0,0.0,0.0,-0.0,0.0,9.258355,2.7313733,0.0,0.4846597,2.9542484,0.9919433,1.6475594,0.0,0.0,0.0,0.3357684,0.1383698,0.5576916,0.0,2.9542484,0.0,1.7257484,1.7257484,0.4846597,-0.0,8.9,19.854078,23.25926,23.25926,2.0
resstock-amy2018-2021-release-1-529678,0.0,2.541056,1.4083706,0.0,1.1400585,1.494169,0.0,0.0,0.0,0.0,0.0,0.0,0.0,0.0,1.2285,1.2285,0.0,0.914775,13.499259948730469,12.348785707558818,-0.0,1.2285,0.0,-0.0,0.0,-0.0,0.0,0.0,-0.0,0.0,9.258355,2.541056,0.0,0.4953599,4.343049,1.5146348,2.4698892,0.0,0.0,0.0,0.3487492,0.1383698,0.56869936,0.0,4.343049,0.0,3.1145492,3.1295874,0.4953599,-0.015038366,9.4,20.018682,23.5,23.5,2.0
resstock-amy2018-2021-release-1-529678,0.0,3.110592,0.0,0.0,1.3136328,0.0,0.0,0.0,0.0,0.0,0.0,0.0,0.0,0.0,-1.08,0.0,-1.08,0.8248039,13.499234199523926,11.134220863559051,1.08,0.0,0.0,-0.0,0.0,-0.0,0.0,0.0,-0.0,0.0,9.258355,3.110592,0.0,1.0579846,1.2503766,0.42177427,0.7170883,0.0,0.0,0.0,0.3373178,0.1383698,0.57349783,0.0,1.2503766,0.0,2.3303766,2.3716173,1.0579846,-0.041240714,11.7,20.728092,23.5,23.5,2.0
resstock-amy2018-2021-release-1-529678,0.0,2.4785426,2.5470734,0.0,1.0467124,2.702242,0.0,0.0,0.0,0.0,0.0,0.0,0.0,0.0,-1.08,0.0,-1.08,0.73522043,13.499208450317383,9.924893872300345,1.08,0.0,0.0,-0.0,0.0,-0.0,0.0,0.0,-0.0,0.0,9.258355,2.4785426,0.0,0.40244177,2.9988039,0.98315966,1.7394613,0.0,0.0,0.0,0.3278506,0.1383698,0.5800517,0.0,2.9988039,0.0,4.078804,4.1513963,0.40244177,-0.07259219,11.7,20.779364,23.699074,23.699074,2.0
resstock-amy2018-2021-release-1-529678,0.0,2.6905022,2.2974603,0.0,1.1023242,2.4374223,0.0,0.0,0.0,0.0,0.0,0.0,0.0,0.0,-1.08,0.0,-1.08,0.64602304,13.49918270111084,8.720782979258502,1.08,0.0,0.0,-0.0,0.0,-0.0,0.0,0.0,-0.0,0.0,9.258355,2.6905022,0.0,0.8410414,3.2333436,1.0506502,1.9236581,0.0,0.0,0.0,0.32494235,0.1383698,0.59494394,0.0,3.2333436,0.0,4.3133435,4.3807874,0.8410414,-0.06744408,12.8,21.302828,24.0,24.0,2.0
resstock-amy2018-2021-release-1-529678,0.0,2.5650182,3.0117643,0.0,1.0185927,3.195242,0.0,0.0,0.0,0.0,0.0,0.0,0.0,0.0,-1.08,0.0,-1.08,0.55720985,13.499156951904297,7.521863211625259,1.08,0.0,0.0,-0.0,0.0,-0.0,0.0,0.0,-0.0,0.0,9.258355,2.5650182,0.0,0.43947816,3.512037,1.1338559,2.1286712,0.0,0.0,0.0,0.3228485,0.1383698,0.6061073,0.0,3.512037,0.0,4.592037,4.6533127,0.43947816,-0.061275717,13.9,21.575138,24.0,24.0,2.0
resstock-amy2018-2021-release-1-529678,0.0,2.2677586,0.0,0.0,0.916134,0.0,0.0,0.0,0.0,0.0,0.0,0.0,0.0,0.0,-1.08,0.0,-1.08,0.46877936,13.499131202697754,6.328114022142728,1.08,0.0,0.0,-0.0,0.0,-0.0,0.0,0.0,-0.0,0.0,9.258355,2.2677586,0.0,0.40940768,0.19017263,0.061373245,0.11695119,0.0,0.0,0.0,0.32272387,0.1383698,0.61497384,0.0,0.19017263,0.0,1.2701727,1.3255417,0.40940768,-0.05536906,13.3,21.636677,24.0,24.0,2.0
resstock-amy2018-2021-release-1-529678,0.0,2.2104433,0.0,0.0,0.8929796,0.0,0.0,0.0,0.0,0.0,0.0,0.0,0.0,0.0,-1.08,0.0,-1.08,0.38072985,13.499105453491211,5.139512449881408,1.08,0.0,0.0,-0.0,0.0,-0.0,0.0,0.0,-0.0,0.0,9.258355,2.2104433,0.0,0.4068044,0.18643466,0.061011266,0.11573605,0.0,0.0,0.0,0.3272528,0.1383698,0.62078613,0.0,0.18643466,0.0,1.2664347,1.2997841,0.4068044,-0.033349365,13.3,21.742851,24.0,24.0,2.0
resstock-amy2018-2021-release-1-529678,0.0,2.0476887,0.0,0.0,0.8530308,0.0,0.0,0.0,0.0,0.0,0.0,0.0,0.0,0.0,-1.08,0.0,-1.08,0.2930597,13.499079704284668,3.9560363386946165,1.08,0.0,0.0,-0.0,0.0,-0.0,0.0,0.0,-0.0,0.0,9.258355,2.0476887,0.0,0.4137019,0.1659136,0.054973777,0.102904804,0.0,0.0,0.0,0.3313398,0.1383698,0.6202313,0.0,0.1659136,0.0,1.2459136,1.2667327,0.4137019,-0.020819055,12.2,21.635513,24.0,24.0,2.0
resstock-amy2018-2021-release-1-529678,0.0,2.1446364,1.1250789,0.0,0.8934175,1.1936191,0.0,0.0,0.0,0.0,0.0,0.0,0.0,0.0,-1.08,0.0,-1.08,0.2057673,13.499053955078125,2.7776639349076504,1.08,0.0,0.0,-0.0,0.0,-0.0,0.0,0.0,-0.0,0.0,9.258355,2.1446364,0.0,0.43217692,1.4329671,0.48724633,0.88913363,0.0,0.0,0.0,0.3400262,0.1383698,0.62048435,0.0,1.4329671,0.0,2.512967,2.5192137,0.43217692,-0.00624648,12.2,21.73335,24.0,24.0,2.0
resstock-amy2018-2021-release-1-529678,0.0,2.0562696,0.375031,0.0,0.85660547,0.39787802,0.0,0.0,0.0,0.0,0.0,0.0,0.0,0.0,-1.08,0.0,-1.08,0.118851,13.499028205871582,1.604372982133576,1.08,0.0,0.0,-0.0,0.0,-0.0,0.0,0.0,-0.0,0.0,9.258355,2.0562696,0.0,0.4659324,0.6404159,0.26134732,0.39636278,0.0,0.0,0.0,0.40809,0.1383698,0.61891466,0.0,0.6404159,0.0,1.720416,1.720416,0.4659324,0.0,12.2,21.778494,23.925926,23.925926,2.0
resstock-amy2018-2021-release-1-529678,0.0,1.9221661,0.11744841,0.0,0.8117492,0.124603406,0.0,0.0,0.0,0.0,0.0,0.0,0.0,0.0,-1.08,0.0,-1.08,0.032309175,13.499002456665039,0.4361416264566742,1.08,0.0,0.0,-0.0,0.0,-0.0,0.0,0.0,-0.0,0.0,9.258355,1.9221661,0.0,0.51860327,0.3749559,0.14615406,0.22749858,0.0,0.0,0.0,0.38979,0.1383698,0.6067342,0.0,0.3749559,0.0,1.4549559,1.4549559,0.51860327,-0.0,11.7,21.669556,23.185184,23.185184,2.0
resstock-amy2018-2021-release-1-529678,0.0,1.3779479,2.6252196,0.0,0.5740287,2.7851489,0.0,0.0,0.0,0.0,0.0,0.0,0.0,0.0,-0.40385523,0.0,-0.40385523,0.0,13.498992919921875,0.0,0.40385523,0.0,0.0,-0.0,0.0,-0.0,0.0,0.0,-0.0,0.0,9.258355,1.3779479,0.0,1.0510225,4.006345,1.5762963,2.4033885,0.0,0.0,0.0,0.39345,0.1383698,0.5998956,0.0,4.006345,0.0,4.4102,4.4102,1.0510225,-0.0,12.2,21.447123,23.13889,23.13889,2.0
resstock-amy2018-2021-release-1-529678,2.1818807,1.5849755,1.8751305,0.0,0.6403018,1.9893641,0.0,0.0,0.0,0.0,0.0,0.0,0.0,0.0,0.0,0.0,0.0,0.0,13.498992919921875,0.0,-0.0,0.0,0.0,-0.0,0.0,-0.0,0.0,0.0,-0.0,0.0,9.258355,1.5849755,0.0,1.0338814,3.6635475,1.2668878,2.17406,0.0,0.0,0.0,0.345809,0.1383698,0.5934303,0.0,3.6635475,0.0,3.6635475,3.6635475,1.0338814,-0.0,13.3,21.6325,19.656565,19.656565,2.0
resstock-amy2018-2021-release-1-529678,0.0,0.0,0.0,0.0,0.0,0.0,0.0,0.0,0.0,0.0,0.0,0.0,0.0,0.0,0.0,0.0,0.0,0.0,13.498992919921875,0.0,-0.0,0.0,0.0,-0.0,0.0,-0.0,0.0,0.0,-0.0,0.0,9.258355,0.0,0.0,0.43619865,0.43619865,0.14452998,0.25574312,0.0,0.0,0.0,0.3313398,0.1383698,0.58629966,0.0,0.43619865,0.0,0.43619865,0.43619865,0.43619865,-0.0,11.1,20.3196,19.656565,19.656565,2.0
resstock-amy2018-2021-release-1-529678,0.0,0.0,0.0,0.0,0.0,0.0,0.0,0.0,0.0,0.0,0.0,0.0,0.0,0.0,1.2285,1.2285,0.0,0.08496835,13.498964309692383,1.1469847352764617,-0.0,1.2285,0.0,-0.0,0.0,-0.0,0.0,0.0,-0.0,0.0,9.258355,0.0,0.0,0.40939903,1.637899,0.5334693,0.9470793,0.0,0.0,0.0,0.3257034,0.1383698,0.5782281,0.0,1.637899,0.0,0.40939903,0.40939903,0.40939903,-0.0,11.1,19.82806,19.656565,19.656565,2.0
resstock-amy2018-2021-release-1-529678,0.0,0.0,0.0,0.0,0.0,0.0,0.0,0.0,0.0,0.0,0.0,0.0,0.0,0.0,1.2285,1.2285,0.0,0.16957061,13.49893569946289,2.289022759925672,-0.0,1.2285,0.0,-0.0,0.0,-0.0,0.0,0.0,-0.0,0.0,9.258355,0.0,0.0,0.31401563,1.5425156,0.4845813,0.87793577,0.0,0.0,0.0,0.31415,0.1383698,0.56915843,0.0,1.5425156,0.0,0.31401563,0.31401563,0.31401563,-0.0,10.6,19.323235,19.656565,19.656565,2.0
resstock-amy2018-2021-release-1-529678,0.0,0.0,0.0,0.0,0.0,0.0,0.0,0.0,0.0,0.0,0.0,0.0,0.0,0.0,1.2285,1.2285,0.0,0.25380835,13.498907089233398,3.426135326630231,-0.0,1.2285,0.0,-0.0,0.0,-0.0,0.0,0.0,-0.0,0.0,9.258355,0.0,0.0,0.31236687,1.5408669,0.45731297,0.8235829,0.0,0.0,0.0,0.2967894,0.1383698,0.5344932,0.0,1.5408669,0.0,0.31236684,0.31236684,0.31236687,-0.0,10.6,18.808128,19.656565,19.656565,2.0
resstock-amy2018-2021-release-1-529678,0.0,0.0,0.0,0.0,0.0,0.0,0.0,0.0,0.0,0.0,0.0,0.0,0.0,0.0,1.2285,1.2285,0.0,0.33768317,13.498878479003906,4.558344090190758,-0.0,1.2285,0.0,-0.0,0.0,-0.0,0.0,0.0,-0.0,0.0,9.258355,0.0,0.0,0.31071812,1.5392182,0.41573635,0.82060987,0.0,0.0,0.0,0.2700958,0.1383698,0.5331342,0.0,1.5392182,0.0,0.31071818,0.31071818,0.31071812,-0.0,10.6,18.325964,19.656565,19.656565,2.0
resstock-amy2018-2021-release-1-529678,0.0,0.99101967,0.0,0.0,0.44462633,0.0,0.0,0.0,0.0,0.0,0.0,0.0,0.0,0.0,1.2285,1.2285,0.0,0.4211966,13.498849868774414,5.685669800056132,-0.0,1.2285,0.0,-0.0,0.0,-0.0,0.0,0.0,-0.0,0.0,9.258355,0.99101967,0.0,0.30906937,1.9821957,0.46551868,1.0462878,0.0,0.0,0.0,0.23485,0.1383698,0.5278428,0.0,1.9821957,0.0,0.7536957,0.7536957,0.30906937,-0.0,9.4,18.588451,19.656565,19.656565,2.0
resstock-amy2018-2021-release-1-529678,0.0,0.79651135,0.0,0.0,0.35735914,0.0,0.0,0.0,0.0,0.0,0.0,0.0,0.0,0.0,1.2285,1.2285,0.0,0.50435024,13.498821258544922,6.808133808943921,-0.0,1.2285,0.0,-0.0,0.0,-0.0,0.0,0.0,-0.0,0.0,9.258355,0.79651135,0.0,0.3074206,1.8932798,0.43308777,0.9981029,0.0,0.0,0.0,0.22875,0.1383698,0.5271819,0.0,1.8932798,0.0,0.6647798,0.6647798,0.3074206,-0.0,9.4,18.182896,19.656565,19.656565,2.0
resstock-amy2018-2021-release-1-529678,0.0,1.0993603,0.0,0.0,0.48567823,0.0,0.0,0.0,0.0,0.0,0.0,0.0,0.0,0.0,1.2285,1.2285,0.0,0.58714557,13.49879264831543,7.9257562625048195,-0.0,1.2285,0.0,-0.0,0.0,-0.0,0.0,0.0,-0.0,0.0,9.258355,1.0993603,0.0,0.30577186,2.0199502,0.45869693,1.0621578,0.0,0.0,0.0,0.2270833,0.1383698,0.52583367,0.0,2.0199502,0.0,0.79145014,0.79145014,0.30577186,-0.0,10.0,18.306324,19.656565,19.656565,2.0
resstock-amy2018-2021-release-1-529678,0.0,1.0085284,0.0,0.0,0.46518928,0.0,0.0,0.0,0.0,0.0,0.0,0.0,0.0,0.0,1.2285,1.2285,0.0,0.66958416,13.498764038085938,9.038558513102544,-0.0,1.2285,0.0,-0.0,0.0,-0.0,0.0,0.0,-0.0,0.0,9.258355,1.0085284,0.0,0.30577186,1.9994612,0.54004604,1.0378964,0.0,0.0,0.0,0.2700958,0.1383698,0.51908803,0.0,1.9994612,0.0,0.77096117,0.77096117,0.30577186,-0.0,8.3,17.9504,19.656565,19.656565,2.0
resstock-amy2018-2021-release-1-529678,0.0,1.2746226,1.6526675,0.0,0.563106,1.7533486,0.0,0.0,0.0,0.0,0.0,0.0,0.0,0.0,1.2285,1.2285,0.0,0.75166756,13.498735427856445,10.146561510626384,-0.0,1.2285,0.0,-0.0,0.0,-0.0,0.0,0.0,-0.0,0.0,9.258355,1.2746226,0.0,0.43513617,3.9800909,1.2822961,2.0627685,0.0,0.0,0.0,0.3221776,0.1383698,0.5182717,0.0,3.9800909,0.0,2.7515907,2.7515907,0.43513617,-0.0,10.0,18.286228,19.656565,19.656565,2.0
resstock-amy2018-2021-release-1-529678,0.0,1.0257697,0.0,0.0,0.47314194,0.0,0.0,0.0,0.0,0.0,0.0,0.0,0.0,0.0,1.2285,1.2285,0.0,0.8333973,13.498706817626953,11.249786204788279,-0.0,1.2285,0.0,-0.0,0.0,-0.0,0.0,0.0,-0.0,0.0,9.258355,1.0257697,0.0,0.3985133,2.1001554,0.67675114,1.0912099,0.0,0.0,0.0,0.3222386,0.1383698,0.5195853,0.0,2.1001554,0.0,0.87165534,0.87165534,0.3985133,-0.0,8.3,17.910637,19.656565,19.656565,2.0
resstock-amy2018-2021-release-1-529678,0.0,1.3064928,1.9056177,0.0,0.5682065,2.0217085,0.0,0.0,0.0,0.0,0.0,0.0,0.0,0.0,1.2285,1.2285,0.0,0.914775,13.498678207397461,12.348253545122816,-0.0,1.2285,0.0,-0.0,0.0,-0.0,0.0,0.0,-0.0,0.0,9.258355,1.3064928,0.0,0.4953599,4.3130183,1.4324948,2.2494204,0.0,0.0,0.0,0.3321328,0.1383698,0.5215421,0.0,4.3130183,0.0,3.0845184,3.0852752,0.4953599,-0.00075666397,10.6,18.353123,19.656565,19.656565,2.0
resstock-amy2018-2021-release-1-529678,0.0,1.1702121,0.37537697,0.0,0.49419186,0.39824507,0.0,0.0,0.0,0.0,0.0,0.0,0.0,0.0,-1.08,0.0,-1.08,0.8248039,13.498652458190918,11.133741041045312,1.08,0.0,0.0,-0.0,0.0,-0.0,0.0,0.0,-0.0,0.0,9.258355,1.1702121,0.0,0.40506995,0.20633279,0.06821523,0.1094134,0.0,0.0,0.0,0.3306078,0.1383698,0.53027636,0.0,0.20633279,0.0,1.2863328,1.2975069,0.40506995,-0.0111740725,11.7,18.364021,19.656565,19.656565,2.0
resstock-amy2018-2021-release-1-529678,0.0,1.196192,0.2459094,0.0,0.4900912,0.26089028,0.0,0.0,0.0,0.0,0.0,0.0,0.0,0.0,-1.08,0.0,-1.08,0.73522043,13.498626708984375,9.924466164186015,1.08,0.0,0.0,-0.0,0.0,-0.0,0.0,0.0,-0.0,0.0,9.258355,1.196192,0.0,0.40244177,0.05039549,0.016236298,0.026800696,0.0,0.0,0.0,0.3221776,0.1383698,0.5318074,0.0,0.05039549,0.0,1.1303955,1.1534232,0.40244177,-0.023027686,12.8,18.562267,19.656565,19.656565,2.0
resstock-amy2018-2021-release-1-529678,0.0,1.0141326,0.0,0.0,0.41549975,0.0,0.0,0.0,0.0,0.0,0.0,0.0,0.0,0.0,-1.08,0.0,-1.08,0.64602304,13.498600959777832,8.720407160956938,1.08,0.0,0.0,-0.0,0.0,-0.0,0.0,0.0,-0.0,0.0,9.258355,1.0141326,0.0,0.59299695,-0.08595304,-0.026498808,0.0,0.0,0.0,0.0,0.308294,0.1383698,0.5309641,0.0,0.0,-0.08595304,0.994047,1.0084968,0.59299695,-0.01444976,12.8,18.567078,19.656565,19.656565,2.0
resstock-amy2018-2021-release-1-529678,0.0,0.9795889,0.37537497,0.0,0.41368982,0.39824295,0.0,0.0,0.0,0.0,0.0,0.0,0.0,0.0,-1.08,0.0,-1.08,0.55720985,13.498575210571289,7.521539059624729,1.08,0.0,0.0,-0.0,0.0,-0.0,0.0,0.0,-0.0,0.0,9.258355,0.9795889,0.0,0.43947816,0.1498049,0.045233592,0.0784888,0.0,0.0,0.0,0.30195,0.1383698,0.5239401,0.0,0.1498049,0.0,1.229805,1.251411,0.43947816,-0.021606015,11.7,18.567665,19.656565,19.656565,2.0
resstock-amy2018-2021-release-1-529678,0.0,0.9790655,0.0,0.0,0.41346878,0.0,0.0,0.0,0.0,0.0,0.0,0.0,0.0,0.0,-1.08,0.0,-1.08,0.46877936,13.498549461364746,6.327841313815696,1.08,0.0,0.0,-0.0,0.0,-0.0,0.0,0.0,-0.0,0.0,9.258355,0.9790655,0.0,0.40940768,-0.2725462,-0.082215525,0.0,0.0,0.0,0.0,0.3016572,0.1383698,0.5114206,0.0,0.0,-0.2725462,0.8074539,0.82287645,0.40940768,-0.0154226115,11.7,18.645554,19.656565,19.656565,2.0
resstock-amy2018-2021-release-1-529678,0.0,0.9196485,0.0,0.0,0.3841627,0.0,0.0,0.0,0.0,0.0,0.0,0.0,0.0,0.0,-1.08,0.0,-1.08,0.38072985,13.498523712158203,5.139290963588564,1.08,0.0,0.0,-0.0,0.0,-0.0,0.0,0.0,-0.0,0.0,9.258355,0.9196485,0.0,0.4068044,-0.3054166,-0.094158106,0.0,0.0,0.0,0.0,0.308294,0.1383698,0.49893615,0.0,0.0,-0.3054166,0.77458346,0.79096717,0.4068044,-0.01638369,12.1,18.73313,19.656565,19.656565,2.0
resstock-amy2018-2021-release-1-529678,0.0,0.0,0.0,0.0,0.0,0.0,0.0,0.0,0.0,0.0,0.0,0.0,0.0,0.0,-1.08,0.0,-1.08,0.2930597,13.49849796295166,3.955865853750197,1.08,0.0,0.0,-0.0,0.0,-0.0,0.0,0.0,-0.0,0.0,9.258355,0.0,0.0,0.4137019,-0.68140537,-0.21822007,0.0,0.0,0.0,0.0,0.32025,0.1383698,0.4867397,0.0,0.0,-0.68140537,0.39859468,0.4137019,0.4137019,-0.015107222,11.7,18.163921,19.656565,19.656565,2.0
resstock-amy2018-2021-release-1-529678,0.0,1.310234,0.0,0.0,0.56217927,0.0,0.0,0.0,0.0,0.0,0.0,0.0,0.0,0.0,-1.08,0.0,-1.08,0.2057673,13.498472213745117,2.7775442315621035,1.08,0.0,0.0,-0.0,0.0,-0.0,0.0,0.0,-0.0,0.0,9.258355,1.310234,0.0,0.43217692,-0.09171741,-0.029920785,0.0,0.0,0.0,0.0,0.326228,0.1383698,0.48475754,0.0,0.0,-0.09171741,0.9882826,0.99435616,0.43217692,-0.0060735196,11.11,18.974766,19.656565,19.656565,2.0
resstock-amy2018-2021-release-1-529678,0.0,0.0,0.0,0.0,0.0,0.0,0.0,0.0,0.0,0.0,0.0,0.0,0.0,0.0,-1.08,0.0,-1.08,0.118851,13.498446464538574,1.6043038415952324,1.08,0.0,0.0,-0.0,0.0,-0.0,0.0,0.0,-0.0,0.0,9.258355,0.0,0.0,0.59181774,-0.4881823,-0.16252254,0.0,0.0,0.0,0.0,0.3329136,0.1383698,0.49742976,0.0,0.0,-0.4881823,0.59181774,0.59181774,0.59181774,0.0,11.1,18.450592,19.656565,19.656565,2.0
resstock-amy2018-2021-release-1-529678,0.0,1.0583134,0.5777725,0.0,0.45420948,0.6129706,0.0,0.0,0.0,0.0,0.0,0.0,0.0,0.0,-1.08,0.0,-1.08,0.032309175,13.498420715332031,0.4361228308744103,1.08,0.0,0.0,-0.0,0.0,-0.0,0.0,0.0,-0.0,0.0,9.258355,1.0583134,0.0,1.8805628,1.8677429,0.62093115,0.9701315,0.0,0.0,0.0,0.33245,0.1383698,0.5194138,0.0,1.8677429,0.0,2.947743,2.947743,1.8805628,-0.0,11.1,19.170212,19.656565,19.656565,2.0
resstock-amy2018-2021-release-1-529678,0.0,0.0,0.0,0.0,0.0,0.0,0.0,0.0,0.0,0.0,0.0,0.0,0.0,0.0,-0.40385523,0.0,-0.40385523,0.0,13.498411178588867,0.0,0.40385523,0.0,0.0,-0.0,0.0,-0.0,0.0,0.0,-0.0,0.0,9.258355,0.0,0.0,0.7931303,0.38927504,0.129291,0.20374559,0.0,0.0,0.0,0.3321328,0.1383698,0.5233975,0.0,0.38927504,0.0,0.7931303,0.7931303,0.7931303,-0.0,12.22,18.739708,19.656565,19.656565,2.0
resstock-amy2018-2021-release-1-529678,0.0,0.0,0.37536708,0.0,0.0,0.39823458,0.0,0.0,0.0,0.0,0.0,0.0,0.0,0.0,0.0,0.0,0.0,0.0,13.498411178588867,0.0,-0.0,0.0,0.0,-0.0,0.0,-0.0,0.0,0.0,-0.0,0.0,9.258355,0.0,0.0,0.7335594,1.131794,0.36938858,0.59166235,0.0,0.0,0.0,0.3263744,0.1383698,0.52276504,0.0,1.131794,0.0,1.131794,1.131794,0.7335594,-0.0,11.7,18.427994,19.656565,19.656565,2.0
resstock-amy2018-2021-release-1-529678,0.0,1.0986708,1.820906,0.0,0.46272078,1.9318362,0.0,0.0,0.0,0.0,0.0,0.0,0.0,0.0,0.0,0.0,0.0,0.0,13.498411178588867,0.0,-0.0,0.0,0.0,-0.0,0.0,-0.0,0.0,0.0,-0.0,0.0,9.258355,1.0986708,0.0,0.5501379,2.944695,0.9426434,1.5326364,0.0,0.0,0.0,0.3201158,0.1383698,0.5204737,0.0,2.944695,0.0,2.944695,2.944695,0.5501379,-0.0,11.8,19.025848,19.98611,19.98611,2.0
resstock-amy2018-2021-release-1-529678,0.28621513,0.0,3.2477016,0.0,0.0,3.4455528,0.0,0.0,0.0,0.0,0.0,0.0,0.0,0.0,1.2285,1.2285,0.0,0.08496835,13.498382568359375,1.1469353056747877,-0.0,1.2285,0.0,-0.0,0.0,-0.0,0.0,0.0,-0.0,0.0,9.258355,0.0,0.0,0.40939903,5.0834517,1.5260797,2.6032333,0.0,0.0,0.0,0.3002054,0.1383698,0.51209956,0.0,5.0834517,0.0,3.8549519,3.8549519,0.40939903,-0.0,12.2,18.349873,18.88889,18.88889,2.0
resstock-amy2018-2021-release-1-529678,0.0,0.0,0.0,0.0,0.0,0.0,0.0,0.0,0.0,0.0,0.0,0.0,0.0,0.0,1.2285,1.2285,0.0,0.16957061,13.498353958129883,2.288924113693014,-0.0,1.2285,0.0,-0.0,0.0,-0.0,0.0,0.0,-0.0,0.0,9.258355,0.0,0.0,0.41828248,1.6467825,0.446999,0.8299232,0.0,0.0,0.0,0.2714378,0.1383698,0.5039665,0.0,1.6467825,0.0,0.4182825,0.4182825,0.41828248,-0.0,12.2,17.947775,18.88889,18.88889,2.0
resstock-amy2018-2021-release-1-529678,0.0,0.0,0.0,0.0,0.0,0.0,0.0,0.0,0.0,0.0,0.0,0.0,0.0,0.0,1.2285,1.2285,0.0,0.25380835,13.49832534790039,3.425987675822739,-0.0,1.2285,0.0,-0.0,0.0,-0.0,0.0,0.0,-0.0,0.0,9.258355,0.0,0.0,0.31236687,1.5408669,0.36469236,0.74170125,0.0,0.0,0.0,0.23668,0.1383698,0.48135322,0.0,1.5408669,0.0,0.31236684,0.31236684,0.31236687,-0.0,12.4,17.648697,18.88889,18.88889,2.0
resstock-amy2018-2021-release-1-529678,0.0,0.9236843,0.0,0.0,0.3847905,0.0,0.0,0.0,0.0,0.0,0.0,0.0,0.0,0.0,1.2285,1.2285,0.0,0.33768317,13.498296737670898,4.558147645932706,-0.0,1.2285,0.0,-0.0,0.0,-0.0,0.0,0.0,-0.0,0.0,9.258355,0.9236843,0.0,0.31071812,1.9240086,0.45002255,0.94456136,0.0,0.0,0.0,0.2338984,0.1383698,0.49093407,0.0,1.9240086,0.0,0.6955086,0.6955086,0.31071812,-0.0,12.2,18.070232,18.88889,18.88889,2.0
resstock-amy2018-2021-release-1-529678,0.0,0.0,0.0,0.0,0.0,0.0,0.0,0.0,0.0,0.0,0.0,0.0,0.0,0.0,1.2285,1.2285,0.0,0.4211966,13.498268127441406,5.685424772578926,-0.0,1.2285,0.0,-0.0,0.0,-0.0,0.0,0.0,-0.0,0.0,9.258355,0.0,0.0,0.30906937,1.5375694,0.32358146,0.7473476,0.0,0.0,0.0,0.21045,0.1383698,0.4860578,0.0,1.5375694,0.0,0.3090694,0.3090694,0.30906937,-0.0,12.2,17.37083,18.88889,18.88889,2.0
resstock-amy2018-2021-release-1-529678,0.0,1.1306367,0.0,0.0,0.47747874,0.0,0.0,0.0,0.0,0.0,0.0,0.0,0.0,0.0,1.2285,1.2285,0.0,0.50435024,13.498239517211914,6.807840407560093,-0.0,1.2285,0.0,-0.0,0.0,-0.0,0.0,0.0,-0.0,0.0,9.258355,1.1306367,0.0,0.3074206,2.0133994,0.4823529,0.9835735,0.0,0.0,0.0,0.2395714,0.1383698,0.48851386,0.0,2.0133994,0.0,0.78489935,0.78489935,0.3074206,-0.0,11.7,17.92699,18.88889,18.88889,2.0
resstock-amy2018-2021-release-1-529678,0.0,0.0,0.0,0.0,0.0,0.0,0.0,0.0,0.0,0.0,0.0,0.0,0.0,0.0,1.2285,1.2285,0.0,0.58714557,13.498210906982422,7.925414695660038,-0.0,1.2285,0.0,-0.0,0.0,-0.0,0.0,0.0,-0.0,0.0,9.258355,0.0,0.0,0.30577186,1.5342718,0.37529823,0.7633911,0.0,0.0,0.0,0.24461,0.1383698,0.4975592,0.0,1.5342718,0.0,0.30577183,0.30577183,0.30577186,-0.0,11.7,17.293118,18.88889,18.88889,2.0
resstock-amy2018-2021-release-1-529678,0.0,1.1885165,0.0,0.0,0.50192195,0.0,0.0,0.0,0.0,0.0,0.0,0.0,0.0,0.0,1.2285,1.2285,0.0,0.66958416,13.49818229675293,9.038168988323605,-0.0,1.2285,0.0,-0.0,0.0,-0.0,0.0,0.0,-0.0,0.0,9.258355,1.1885165,0.0,0.30577186,2.0361938,0.51546246,1.037268,0.0,0.0,0.0,0.25315,0.1383698,0.50941515,0.0,2.0361938,0.0,0.80769384,0.80769384,0.30577186,-0.0,11.7,18.005535,18.88889,18.88889,2.0
resstock-amy2018-2021-release-1-529678,0.0,0.0,0.0,0.0,0.0,0.0,0.0,0.0,0.0,0.0,0.0,0.0,0.0,0.0,1.2285,1.2285,0.0,0.75166756,13.498153686523438,10.146124234538547,-0.0,1.2285,0.0,-0.0,0.0,-0.0,0.0,0.0,-0.0,0.0,9.258355,0.0,0.0,0.30906937,1.5375694,0.4578537,0.79493827,0.0,0.0,0.0,0.2977776,0.1383698,0.5170097,0.0,1.5375694,0.0,0.3090694,0.3090694,0.30906937,-0.0,12.2,17.542963,18.88889,18.88889,2.0
resstock-amy2018-2021-release-1-529678,0.0,1.0024339,0.0,0.0,0.4175962,0.0,0.0,0.0,0.0,0.0,0.0,0.0,0.0,0.0,1.2285,1.2285,0.0,0.8333973,13.498125076293945,11.249301383115267,-0.0,1.2285,0.0,-0.0,0.0,-0.0,0.0,0.0,-0.0,0.0,9.258355,1.0024339,0.0,0.31236687,1.9584631,0.6271978,1.0254291,0.0,0.0,0.0,0.32025,0.1383698,0.5235887,0.0,1.9584631,0.0,0.72996306,0.72996306,0.31236687,-0.0,12.2,18.096107,18.88889,18.88889,2.0
resstock-amy2018-2021-release-1-529678,0.0,0.0,0.2568052,0.0,0.0,0.27244988,0.0,0.0,0.0,0.0,0.0,0.0,0.0,0.0,1.2285,1.2285,0.0,0.914775,13.498096466064453,12.347721382686814,-0.0,1.2285,0.0,-0.0,0.0,-0.0,0.0,0.0,-0.0,0.0,9.258355,0.0,0.0,0.4953599,1.9875475,0.7037278,1.0475827,0.0,0.0,0.0,0.3540684,0.1383698,0.5270731,0.0,1.9875475,0.0,0.7590475,0.7678098,0.4953599,-0.0087622795,13.9,17.832607,18.88889,18.88889,2.0
resstock-amy2018-2021-release-1-529678,0.0,0.9847738,9.160921,0.0,0.39783105,9.7190075,0.0,0.0,0.0,0.0,0.0,0.0,0.0,0.0,-1.08,0.0,-1.08,0.8248039,13.49807071685791,11.133261218531572,1.08,0.0,0.0,-0.0,0.0,-0.0,0.0,0.0,-0.0,0.0,9.258355,0.9847738,0.0,0.49612424,9.494341,3.054694,5.1345706,0.0,0.0,0.0,0.3217384,0.1383698,0.54080325,0.0,9.494341,0.0,10.574341,10.612963,0.49612424,-0.03862169,13.3,18.467371,18.88889,18.88889,2.0
resstock-amy2018-2021-release-1-529678,0.093705036,0.0,3.8080893,0.0,0.0,4.040079,0.0,0.0,0.0,0.0,0.0,0.0,0.0,0.0,-1.08,0.0,-1.08,0.73522043,13.498044967651367,9.924038456071685,1.08,0.0,0.0,-0.0,0.0,-0.0,0.0,0.0,-0.0,0.0,9.258355,0.0,0.0,0.49251667,3.3769891,1.0560608,1.8739436,0.0,0.0,0.0,0.3127226,0.1383698,0.5549155,0.0,3.3769891,0.0,4.4569893,4.5325956,0.49251667,-0.07560658,13.3,18.187939,18.88889,18.88889,2.0
resstock-amy2018-2021-release-1-529678,0.0,0.0,0.0,0.0,0.0,0.0,0.0,0.0,0.0,0.0,0.0,0.0,0.0,0.0,-1.08,0.0,-1.08,0.64602304,13.498019218444824,8.720031342655375,1.08,0.0,0.0,-0.0,0.0,-0.0,0.0,0.0,-0.0,0.0,9.258355,0.0,0.0,0.495971,-0.66889924,-0.20075004,0.0,0.0,0.0,0.0,0.30012,0.1383698,0.5545278,0.0,0.0,-0.66889924,0.4111008,0.49597096,0.495971,-0.08487017,13.9,18.327206,18.88889,18.88889,2.0
resstock-amy2018-2021-release-1-529678,0.0,0.0,0.0,0.0,0.0,0.0,0.0,0.0,0.0,0.0,0.0,0.0,0.0,0.0,-1.08,0.0,-1.08,0.55720985,13.497993469238281,7.5212149076241985,1.08,0.0,0.0,-0.0,0.0,-0.0,0.0,0.0,-0.0,0.0,9.258355,0.0,0.0,0.43947816,-0.7180945,-0.21193138,0.0,0.0,0.0,0.0,0.2951302,0.1383698,0.53041744,0.0,0.0,-0.7180945,0.36190552,0.43947813,0.43947816,-0.07757262,15.6,18.459688,20.555555,20.555555,2.0
resstock-amy2018-2021-release-1-529678,0.0,2.0903003,0.0,0.0,0.7893734,0.0,0.0,0.0,0.0,0.0,0.0,0.0,0.0,0.0,-1.08,0.0,-1.08,0.46877936,13.497967720031738,6.327568605488665,1.08,0.0,0.0,-0.0,0.0,-0.0,0.0,0.0,-0.0,0.0,9.258355,2.0903003,0.0,0.40940768,0.05451139,0.016260203,0.02756935,0.0,0.0,0.0,0.29829,0.1383698,0.50575393,0.0,0.05451139,0.0,1.1345115,1.198781,0.40940768,-0.06426958,15.6,20.44046,21.666666,21.666666,2.0
resstock-amy2018-2021-release-1-529678,0.0,1.2875234,0.0,0.0,0.46261862,0.0,0.0,0.0,0.0,0.0,0.0,0.0,0.0,0.0,-1.08,0.0,-1.08,0.38072985,13.497941970825195,5.13906947729572,1.08,0.0,0.0,-0.0,0.0,-0.0,0.0,0.0,-0.0,0.0,9.258355,1.2875234,0.0,0.4068044,-0.30298415,-0.09465389,0.0,0.0,0.0,0.0,0.3124054,0.1383698,0.48561522,0.0,0.0,-0.30298415,0.7770159,0.8694231,0.4068044,-0.092407145,17.2,20.48394,21.666666,21.666666,2.0
resstock-amy2018-2021-release-1-529678,0.0,1.124889,0.0,0.0,0.44670397,0.0,0.0,0.0,0.0,0.0,0.0,0.0,0.0,0.0,-1.08,0.0,-1.08,0.2930597,13.497916221618652,3.9556953688057774,1.08,0.0,0.0,-0.0,0.0,-0.0,0.0,0.0,-0.0,0.0,9.258355,1.124889,0.0,0.4137019,-0.32645622,-0.105129085,0.0,0.0,0.0,0.0,0.3220312,0.1383698,0.5069151,0.0,0.0,-0.32645622,0.75354385,0.8604059,0.4137019,-0.10686204,13.9,20.689236,21.666666,21.666666,2.0
resstock-amy2018-2021-release-1-529678,0.0,0.0,0.0,0.0,0.0,0.0,0.0,0.0,0.0,0.0,0.0,0.0,0.0,0.0,-1.08,0.0,-1.08,0.2057673,13.49789047241211,2.7774245282165566,1.08,0.0,0.0,-0.0,0.0,-0.0,0.0,0.0,-0.0,0.0,9.258355,0.0,0.0,0.62092316,-0.49659923,-0.16536704,0.0,0.0,0.0,0.0,0.332999,0.1383698,0.5006845,0.0,0.0,-0.49659923,0.58340085,0.62092316,0.62092316,-0.037522342,14.4,20.394188,21.666666,21.666666,2.0
resstock-amy2018-2021-release-1-529678,0.0,1.2245265,0.24814853,0.0,0.47925764,0.26326582,0.0,0.0,0.0,0.0,0.0,0.0,0.0,0.0,-1.08,0.0,-1.08,0.118851,13.497864723205566,1.604234701056889,1.08,0.0,0.0,-0.0,0.0,-0.0,0.0,0.0,-0.0,0.0,9.258355,1.2245265,0.0,0.7654642,0.426578,0.14794125,0.23108648,0.0,0.0,0.0,0.3468094,0.1383698,0.5417215,0.0,0.426578,0.0,1.506578,1.5079876,0.7654642,-0.0014097007,14.4,21.052998,21.666666,21.666666,2.0
resstock-amy2018-2021-release-1-529678,0.0,0.0,1.0886719,0.0,0.0,1.1549941,0.0,0.0,0.0,0.0,0.0,0.0,0.0,0.0,-1.08,0.0,-1.08,0.032309175,13.497838973999023,0.43610403529214636,1.08,0.0,0.0,-0.0,0.0,-0.0,0.0,0.0,-0.0,0.0,9.258355,0.0,0.0,0.91767246,0.99266654,0.3481778,0.57399744,0.0,0.0,0.0,0.35075,0.1383698,0.5782379,0.0,0.99266654,0.0,2.0726666,2.0726666,0.91767246,-0.0,15.0,20.606022,21.666666,21.666666,2.0
resstock-amy2018-2021-release-1-529678,0.0,1.0578271,0.37571314,0.0,0.399474,0.3986017,0.0,0.0,0.0,0.0,0.0,0.0,0.0,0.0,-0.40385523,0.0,-0.40385523,0.0,13.49782943725586,0.0,0.40385523,0.0,0.0,-0.0,0.0,-0.0,0.0,0.0,-0.0,0.0,9.258355,1.0578271,0.0,0.7931303,1.1873507,0.41153812,0.69003046,0.0,0.0,0.0,0.346602,0.1383698,0.5811513,0.0,1.1873507,0.0,1.591206,1.591206,0.7931303,-0.0,15.6,21.276463,21.11111,21.11111,2.0
resstock-amy2018-2021-release-1-529678,0.0,0.0,1.0110902,0.0,0.0,1.0726861,0.0,0.0,0.0,0.0,0.0,0.0,0.0,0.0,0.0,0.0,0.0,0.0,13.49782943725586,0.0,-0.0,0.0,0.0,-0.0,0.0,-0.0,0.0,0.0,-0.0,0.0,9.258355,0.0,0.0,0.597009,1.6696951,0.5550901,0.92527,0.0,0.0,0.0,0.33245,0.1383698,0.55415505,0.0,1.6696951,0.0,1.6696951,1.6696951,0.597009,-0.0,15.0,20.624617,21.666666,21.666666,2.0
resstock-amy2018-2021-release-1-529678,0.0,0.9883186,0.0,0.0,0.39247057,0.0,0.0,0.0,0.0,0.0,0.0,0.0,0.0,0.0,0.0,0.0,0.0,0.0,13.49782943725586,0.0,-0.0,0.0,0.0,-0.0,0.0,-0.0,0.0,0.0,-0.0,0.0,9.258355,0.9883186,0.0,0.43619865,0.8286692,0.26544195,0.43726656,0.0,0.0,0.0,0.3203232,0.1383698,0.52767324,0.0,0.8286692,0.0,0.8286692,0.8286692,0.43619865,-0.0,13.9,21.019423,21.666666,21.666666,2.0
resstock-amy2018-2021-release-1-529678,0.0,0.0,0.0,0.0,0.0,0.0,0.0,0.0,0.0,0.0,0.0,0.0,0.0,0.0,1.2285,1.2285,0.0,0.08496835,13.497800827026367,1.1468858760731138,-0.0,1.2285,0.0,-0.0,0.0,-0.0,0.0,0.0,-0.0,0.0,9.258355,0.0,0.0,0.40939903,1.637899,0.5045348,0.82053906,0.0,0.0,0.0,0.3080378,0.1383698,0.5009705,0.0,1.637899,0.0,0.40939903,0.40939903,0.40939903,-0.0,15.0,20.438957,21.11111,21.11111,2.0
resstock-amy2018-2021-release-1-529678,0.0,0.0,0.0,0.0,0.0,0.0,0.0,0.0,0.0,0.0,0.0,0.0,0.0,0.0,1.2285,1.2285,0.0,0.16957061,13.497772216796875,2.288825467460356,-0.0,1.2285,0.0,-0.0,0.0,-0.0,0.0,0.0,-0.0,0.0,9.258355,0.0,0.0,0.31401563,1.5425156,0.39594117,0.7068773,0.0,0.0,0.0,0.25668535,0.1383698,0.45826265,0.0,1.5425156,0.0,0.31401563,0.31401563,0.31401563,-0.0,14.4,20.079552,21.11111,21.11111,2.0
resstock-amy2018-2021-release-1-529678,0.0,0.7682959,0.0,0.0,0.29541683,0.0,0.0,0.0,0.0,0.0,0.0,0.0,0.0,0.0,1.2285,1.2285,0.0,0.25380835,13.497743606567383,3.4258400250152476,-0.0,1.2285,0.0,-0.0,0.0,-0.0,0.0,0.0,-0.0,0.0,9.258355,0.7682959,0.0,0.31236687,1.8362837,0.50065464,0.83148617,0.0,0.0,0.0,0.2726456,0.1383698,0.4528092,0.0,1.8362837,0.0,0.6077837,0.6077837,0.31236687,-0.0,15.0,20.432652,21.11111,21.11111,2.0
resstock-amy2018-2021-release-1-529678,0.62184966,0.0,0.0,0.0,0.0,0.0,0.0,0.0,0.0,0.0,0.0,0.0,0.0,0.0,1.2285,1.2285,0.0,0.33768317,13.49771499633789,4.557951201674655,-0.0,1.2285,0.0,-0.0,0.0,-0.0,0.0,0.0,-0.0,0.0,9.258355,0.0,0.0,0.31071812,1.5392182,0.36711892,0.61295277,0.0,0.0,0.0,0.23851,0.1383698,0.39822346,0.0,1.5392182,0.0,0.31071818,0.31071818,0.31071812,-0.0,14.4,19.725517,18.88889,18.88889,2.0
resstock-amy2018-2021-release-1-529678,0.0,0.0,0.0,0.0,0.0,0.0,0.0,0.0,0.0,0.0,0.0,0.0,0.0,0.0,1.2285,1.2285,0.0,0.4211966,13.497686386108398,5.6851797451017205,-0.0,1.2285,0.0,-0.0,0.0,-0.0,0.0,0.0,-0.0,0.0,9.258355,0.0,0.0,0.30906937,1.5375694,0.33671233,0.6136936,0.0,0.0,0.0,0.21899,0.1383698,0.39913228,0.0,1.5375694,0.0,0.3090694,0.3090694,0.30906937,-0.0,14.266666,19.409666,18.88889,18.88889,2.0
resstock-amy2018-2021-release-1-529678,0.0,0.0,0.62105626,0.0,0.0,0.6588912,0.0,0.0,0.0,0.0,0.0,0.0,0.0,0.0,1.2285,1.2285,0.0,0.50435024,13.497657775878906,6.807547006176264,-0.0,1.2285,0.0,-0.0,0.0,-0.0,0.0,0.0,-0.0,0.0,9.258355,0.0,0.0,0.3276093,2.2150006,0.46614686,0.8777368,0.0,0.0,0.0,0.21045,0.1383698,0.39626932,0.0,2.2150006,0.0,0.9865006,0.9865006,0.3276093,-0.0,14.4,19.194763,18.88889,18.88889,2.0
resstock-amy2018-2021-release-1-529678,0.0,0.0,0.0,0.0,0.0,0.0,0.0,0.0,0.0,0.0,0.0,0.0,0.0,0.0,1.2285,1.2285,0.0,0.58714557,13.497629165649414,7.9250731288152565,-0.0,1.2285,0.0,-0.0,0.0,-0.0,0.0,0.0,-0.0,0.0,9.258355,0.0,0.0,0.30577186,1.5342718,0.3367389,0.6381666,0.0,0.0,0.0,0.219478,0.1383698,0.41594103,0.0,1.5342718,0.0,0.30577183,0.30577183,0.30577186,-0.0,14.4,19.029152,18.88889,18.88889,2.0
resstock-amy2018-2021-release-1-529678,0.0,0.0,0.0,0.0,0.0,0.0,0.0,0.0,0.0,0.0,0.0,0.0,0.0,0.0,1.2285,1.2285,0.0,0.66958416,13.497600555419922,9.037779463544666,-0.0,1.2285,0.0,-0.0,0.0,-0.0,0.0,0.0,-0.0,0.0,9.258355,0.0,0.0,0.30577186,1.5342718,0.39289328,0.6711269,0.0,0.0,0.0,0.256078,0.1383698,0.43742374,0.0,1.5342718,0.0,0.30577183,0.30577183,0.30577186,-0.0,14.4,18.929535,18.88889,18.88889,2.0
resstock-amy2018-2021-release-1-529678,0.0,0.0,0.49695602,0.0,0.0,0.52723074,0.0,0.0,0.0,0.0,0.0,0.0,0.0,0.0,1.2285,1.2285,0.0,0.75166756,13.49757194519043,10.14568695845071,-0.0,1.2285,0.0,-0.0,0.0,-0.0,0.0,0.0,-0.0,0.0,9.258355,0.0,0.0,0.43513617,2.190867,0.69670707,1.0245299,0.0,0.0,0.0,0.3180052,0.1383698,0.46763676,0.0,2.190867,0.0,0.96236694,0.96236694,0.43513617,-0.0,13.9,18.847069,18.88889,18.88889,2.0
resstock-amy2018-2021-release-1-529678,0.0,0.0,4.50347,0.0,0.0,4.777823,0.0,0.0,0.0,0.0,0.0,0.0,0.0,0.0,1.2285,1.2285,0.0,0.8333973,13.497543334960938,11.248816561442254,-0.0,1.2285,0.0,-0.0,0.0,-0.0,0.0,0.0,-0.0,0.0,9.258355,0.0,0.0,0.4846597,6.4909825,2.160699,3.2776487,0.0,0.0,0.0,0.332877,0.1383698,0.50495416,0.0,6.4909825,0.0,5.2624826,5.2624826,0.4846597,-0.0,14.4,18.80843,20.555555,20.555555,2.0
resstock-amy2018-2021-release-1-529678,0.0,1.3012437,0.0,0.0,0.50034016,0.0,0.0,0.0,0.0,0.0,0.0,0.0,0.0,0.0,1.2285,1.2285,0.0,0.914775,13.497514724731445,12.347189220250812,-0.0,1.2285,0.0,-0.0,0.0,-0.0,0.0,0.0,-0.0,0.0,9.258355,1.3012437,0.0,0.4953599,2.2157748,0.80962193,1.217806,0.0,0.0,0.0,0.36539,0.1383698,0.5496073,0.0,2.2157748,0.0,0.98727477,0.9957,0.4953599,-0.008425226,15.0,19.835844,21.11111,21.11111,2.0
resstock-amy2018-2021-release-1-529678,0.0,1.2288898,0.6119995,0.0,0.48096538,0.64928275,0.0,0.0,0.0,0.0,0.0,0.0,0.0,0.0,-1.08,0.0,-1.08,0.8248039,13.497488975524902,11.132781396017833,1.08,0.0,0.0,-0.0,0.0,-0.0,0.0,0.0,-0.0,0.0,9.258355,1.2288898,0.0,0.40506995,0.42929295,0.16505584,0.23479928,0.0,0.0,0.0,0.384483,0.1383698,0.5469442,0.0,0.42929295,0.0,1.509293,1.535318,0.40506995,-0.026025089,14.4,19.895657,21.11111,21.11111,2.0
resstock-amy2018-2021-release-1-529678,0.0,1.1829436,0.3760403,0.0,0.45891774,0.39894882,0.0,0.0,0.0,0.0,0.0,0.0,0.0,0.0,-1.08,0.0,-1.08,0.73522043,13.49746322631836,9.923610747957355,1.08,0.0,0.0,-0.0,0.0,-0.0,0.0,0.0,-0.0,0.0,9.258355,1.1829436,0.0,0.40244177,0.16277245,0.05271171,0.08863796,0.0,0.0,0.0,0.3238368,0.1383698,0.5445514,0.0,0.16277245,0.0,1.2427725,1.2603083,0.40244177,-0.017535802,14.7,20.062275,20.555555,20.555555,2.0
resstock-amy2018-2021-release-1-529678,0.0,0.0,0.0,0.0,0.0,0.0,0.0,0.0,0.0,0.0,0.0,0.0,0.0,0.0,-1.08,0.0,-1.08,0.64602304,13.497437477111816,8.719655524353811,1.08,0.0,0.0,-0.0,0.0,-0.0,0.0,0.0,-0.0,0.0,9.258355,0.0,0.0,0.40416893,-0.7044996,-0.22078566,0.0,0.0,0.0,0.0,0.3133936,0.1383698,0.5505299,0.0,0.0,-0.7044996,0.37550044,0.40416896,0.40416893,-0.028668521,15.2,19.55151,20.555555,20.555555,2.0
resstock-amy2018-2021-release-1-529678,0.0,1.0044254,0.0,0.0,0.37815702,0.0,0.0,0.0,0.0,0.0,0.0,0.0,0.0,0.0,-1.08,0.0,-1.08,0.55720985,13.497411727905273,7.520890755623668,1.08,0.0,0.0,-0.0,0.0,-0.0,0.0,0.0,-0.0,0.0,9.258355,1.0044254,0.0,0.43947816,-0.2895412,-0.08389457,0.0,0.0,0.0,0.0,0.28975,0.1383698,0.561948,0.0,0.0,-0.2895412,0.7904588,0.8176352,0.43947816,-0.027176356,15.7,20.180262,21.11111,21.11111,2.0
resstock-amy2018-2021-release-1-529678,0.0,0.0,0.0,0.0,0.0,0.0,0.0,0.0,0.0,0.0,0.0,0.0,0.0,0.0,-1.08,0.0,-1.08,0.46877936,13.49738597869873,6.327295897161633,1.08,0.0,0.0,-0.0,0.0,-0.0,0.0,0.0,-0.0,0.0,9.258355,0.0,0.0,0.40940768,-0.69778955,-0.20226964,0.0,0.0,0.0,0.0,0.289872,0.1383698,0.5618357,0.0,0.0,-0.69778955,0.3822105,0.40940768,0.40940768,-0.027197186,15.2,19.698193,21.11111,21.11111,2.0
resstock-amy2018-2021-release-1-529678,0.0,1.314471,0.0,0.0,0.53215206,0.0,0.0,0.0,0.0,0.0,0.0,0.0,0.0,0.0,-1.08,0.0,-1.08,0.38072985,13.497360229492188,5.138847991002876,1.08,0.0,0.0,-0.0,0.0,-0.0,0.0,0.0,-0.0,0.0,9.258355,1.314471,0.0,0.59563243,-0.021355689,-0.0066963835,0.0,0.0,0.0,0.0,0.3135644,0.1383698,0.56061924,0.0,0.0,-0.021355689,1.0586443,1.1277845,0.59563243,-0.069140136,13.225,20.46434,21.11111,21.11111,2.0
resstock-amy2018-2021-release-1-529678,0.0,0.0,0.0,0.0,0.0,0.0,0.0,0.0,0.0,0.0,0.0,0.0,0.0,0.0,-1.08,0.0,-1.08,0.2930597,13.497334480285645,3.955524883861358,1.08,0.0,0.0,-0.0,0.0,-0.0,0.0,0.0,-0.0,0.0,9.258355,0.0,0.0,0.4137019,-0.6949633,-0.23048943,0.0,0.0,0.0,0.0,0.331657,0.1383698,0.5556334,0.0,0.0,-0.6949633,0.38503677,0.4137019,0.4137019,-0.028665112,13.3,19.846241,20.555555,20.555555,2.0
resstock-amy2018-2021-release-1-529678,0.0,0.0,0.0,0.0,0.0,0.0,0.0,0.0,0.0,0.0,0.0,0.0,0.0,0.0,-1.08,0.0,-1.08,0.2057673,13.497308731079102,2.7773048248710097,1.08,0.0,0.0,-0.0,0.0,-0.0,0.0,0.0,-0.0,0.0,9.258355,0.0,0.0,0.43217692,-0.6556193,-0.2453717,0.0,0.0,0.0,0.0,0.3742594,0.1383698,0.55373937,0.0,0.0,-0.6556193,0.42438072,0.43217695,0.43217692,-0.00779624,12.9,19.669739,20.555555,20.555555,2.0
resstock-amy2018-2021-release-1-529678,0.0,0.0,0.0,0.0,0.0,0.0,0.0,0.0,0.0,0.0,0.0,0.0,0.0,0.0,-1.08,0.0,-1.08,0.118851,13.497282981872559,1.6041655605185454,1.08,0.0,0.0,-0.0,0.0,-0.0,0.0,0.0,-0.0,0.0,9.258355,0.0,0.0,0.60630786,-0.47369218,-0.1863684,0.0,0.0,0.0,0.0,0.3934378,0.1383698,0.5609246,0.0,0.0,-0.47369218,0.60630786,0.60630786,0.60630786,0.0,12.2,19.55925,20.555555,20.555555,2.0
resstock-amy2018-2021-release-1-529678,0.0,0.0,0.6383907,0.0,0.0,0.6772817,0.0,0.0,0.0,0.0,0.0,0.0,0.0,0.0,-1.08,0.0,-1.08,0.032309175,13.497257232666016,0.43608523970988244,1.08,0.0,0.0,-0.0,0.0,-0.0,0.0,0.0,-0.0,0.0,9.258355,0.0,0.0,0.8380943,0.43537593,0.16598177,0.24570599,0.0,0.0,0.0,0.3812378,0.1383698,0.56435364,0.0,0.43537593,0.0,1.515376,1.515376,0.8380943,-0.0,11.7,19.482536,20.555555,20.555555,2.0
resstock-amy2018-2021-release-1-529678,0.0,0.9569632,0.73191094,0.0,0.40413475,0.7764992,0.0,0.0,0.0,0.0,0.0,0.0,0.0,0.0,-0.40385523,0.0,-0.40385523,0.0,13.497247695922852,0.0,0.40385523,0.0,0.0,-0.0,0.0,-0.0,0.0,0.0,-0.0,0.0,9.258355,0.9569632,0.0,0.7931303,1.5699091,0.61538243,0.8767772,0.0,0.0,0.0,0.391986,0.1383698,0.55848914,0.0,1.5699091,0.0,1.9737643,1.9737643,0.7931303,-0.0,11.7,20.07317,20.0,20.0,2.0
resstock-amy2018-2021-release-1-529678,0.0,0.0,0.0,0.0,0.0,0.0,0.0,0.0,0.0,0.0,0.0,0.0,0.0,0.0,0.0,0.0,0.0,0.0,13.497247695922852,0.0,-0.0,0.0,0.0,-0.0,0.0,-0.0,0.0,0.0,-0.0,0.0,9.258355,0.0,0.0,0.597009,0.597009,0.19848292,0.33019245,0.0,0.0,0.0,0.3324622,0.1383698,0.5530778,0.0,0.597009,0.0,0.597009,0.597009,0.597009,-0.0,11.4,19.401384,19.444445,19.444445,2.0
resstock-amy2018-2021-release-1-529678,0.0,0.0,0.39177704,0.0,0.0,0.41564423,0.0,0.0,0.0,0.0,0.0,0.0,0.0,0.0,0.0,0.0,0.0,0.0,13.497247695922852,0.0,-0.0,0.0,0.0,-0.0,0.0,-0.0,0.0,0.0,-0.0,0.0,9.258355,0.0,0.0,0.32225943,0.73790365,0.23896036,0.40165135,0.0,0.0,0.0,0.3238368,0.1383698,0.5443141,0.0,0.73790365,0.0,0.73790365,0.73790365,0.32225943,-0.0,11.1,19.07175,19.444445,19.444445,2.0
resstock-amy2018-2021-release-1-529678,0.0,0.0,0.0,0.0,0.0,0.0,0.0,0.0,0.0,0.0,0.0,0.0,0.0,0.0,1.2285,1.2285,0.0,0.08496835,13.49721908569336,1.1468364464714398,-0.0,1.2285,0.0,-0.0,0.0,-0.0,0.0,0.0,-0.0,0.0,9.258355,0.0,0.0,0.3189619,1.5474619,0.48611626,0.833224,0.0,0.0,0.0,0.3141378,0.1383698,0.5384456,0.0,1.5474619,0.0,0.31896186,0.31896186,0.3189619,-0.0,9.44,18.578115,18.88889,18.88889,2.0
resstock-amy2018-2021-release-1-529678,0.0,0.0,0.0,0.0,0.0,0.0,0.0,0.0,0.0,0.0,0.0,0.0,0.0,0.0,1.2285,1.2285,0.0,0.16957061,13.497190475463867,2.288726821227698,-0.0,1.2285,0.0,-0.0,0.0,-0.0,0.0,0.0,-0.0,0.0,9.258355,0.0,0.0,0.31401563,1.5425156,0.43915296,0.8239942,0.0,0.0,0.0,0.2846992,0.1383698,0.53418857,0.0,1.5425156,0.0,0.31401563,0.31401563,0.31401563,-0.0,10.27,18.279476,18.88889,18.88889,2.0
resstock-amy2018-2021-release-1-529678,0.0,0.0,0.0,0.0,0.0,0.0,0.0,0.0,0.0,0.0,0.0,0.0,0.0,0.0,1.2285,1.2285,0.0,0.25380835,13.497161865234375,3.425692374207756,-0.0,1.2285,0.0,-0.0,0.0,-0.0,0.0,0.0,-0.0,0.0,9.258355,0.0,0.0,0.31236687,1.5408669,0.46174943,0.8053888,0.0,0.0,0.0,0.2996686,0.1383698,0.5226855,0.0,1.5408669,0.0,0.31236684,0.31236684,0.31236687,-0.0,11.1,17.972961,18.333334,18.333334,2.0
resstock-amy2018-2021-release-1-529678,0.0,0.0,0.0,0.0,0.0,0.0,0.0,0.0,0.0,0.0,0.0,0.0,0.0,0.0,1.2285,1.2285,0.0,0.33768317,13.497133255004883,4.557754757416603,-0.0,1.2285,0.0,-0.0,0.0,-0.0,0.0,0.0,-0.0,0.0,9.258355,0.0,0.0,0.31071812,1.5392182,0.45682365,0.7921836,0.0,0.0,0.0,0.2967894,0.1383698,0.5146662,0.0,1.5392182,0.0,0.31071818,0.31071818,0.31071812,-0.0,11.1,17.606419,18.333334,18.333334,2.0
resstock-amy2018-2021-release-1-529678,0.0,0.0,0.0,0.0,0.0,0.0,0.0,0.0,0.0,0.0,0.0,0.0,0.0,0.0,1.2285,1.2285,0.0,0.4211966,13.49710464477539,5.684934717624515,-0.0,1.2285,0.0,-0.0,0.0,-0.0,0.0,0.0,-0.0,0.0,9.258355,0.0,0.0,0.30906937,1.5375694,0.43613157,0.8095086,0.0,0.0,0.0,0.28365,0.1383698,0.5264859,0.0,1.5375694,0.0,0.3090694,0.3090694,0.30906937,-0.0,10.9,17.246914,17.777779,17.777779,2.0
resstock-amy2018-2021-release-1-529678,0.0,0.0,0.0,0.0,0.0,0.0,0.0,0.0,0.0,0.0,0.0,0.0,0.0,0.0,1.2285,1.2285,0.0,0.50435024,13.497076034545898,6.807253604792436,-0.0,1.2285,0.0,-0.0,0.0,-0.0,0.0,0.0,-0.0,0.0,9.258355,0.0,0.0,0.3074206,1.5359206,0.41692567,0.82910895,0.0,0.0,0.0,0.27145,0.1383698,0.5398124,0.0,1.5359206,0.0,0.3074206,0.3074206,0.3074206,-0.0,8.89,16.705486,17.777779,17.777779,2.0
resstock-amy2018-2021-release-1-529678,0.0,0.79863375,0.0,0.0,0.34504658,0.0,0.0,0.0,0.0,0.0,0.0,0.0,0.0,0.0,1.2285,1.2285,0.0,0.58714557,13.497047424316406,7.924731561970475,-0.0,1.2285,0.0,-0.0,0.0,-0.0,0.0,0.0,-0.0,0.0,9.258355,0.79863375,0.0,0.30577186,1.8793185,0.5149558,1.0329862,0.0,0.0,0.0,0.274012,0.1383698,0.54965997,0.0,1.8793185,0.0,0.65081847,0.65081847,0.30577186,-0.0,10.85,17.26463,17.777779,17.777779,2.0
resstock-amy2018-2021-release-1-529678,0.0,0.0,0.0,0.0,0.0,0.0,0.0,0.0,0.0,0.0,0.0,0.0,0.0,0.0,1.2285,1.2285,0.0,0.66958416,13.497018814086914,9.037389938765727,-0.0,1.2285,0.0,-0.0,0.0,-0.0,0.0,0.0,-0.0,0.0,9.258355,0.0,0.0,0.30577186,1.5342718,0.42583716,0.8518834,0.0,0.0,0.0,0.27755,0.1383698,0.5552363,0.0,1.5342718,0.0,0.30577183,0.30577183,0.30577186,-0.0,8.89,16.554096,17.222221,17.222221,2.0
resstock-amy2018-2021-release-1-529678,0.0,0.0,0.0,0.0,0.0,0.0,0.0,0.0,0.0,0.0,0.0,0.0,0.0,0.0,1.2285,1.2285,0.0,0.75166756,13.496990203857422,10.145249682362874,-0.0,1.2285,0.0,-0.0,0.0,-0.0,0.0,0.0,-0.0,0.0,9.258355,0.0,0.0,0.30906937,1.5375694,0.46014225,0.85468996,0.0,0.0,0.0,0.299266,0.1383698,0.55587083,0.0,1.5375694,0.0,0.3090694,0.3090694,0.30906937,-0.0,8.33,16.228302,17.222221,17.222221,2.0
resstock-amy2018-2021-release-1-529678,0.0,0.0,0.0,0.0,0.0,0.0,0.0,0.0,0.0,0.0,0.0,0.0,0.0,0.0,1.2285,1.2285,0.0,0.8333973,13.49696159362793,11.248331739769242,-0.0,1.2285,0.0,-0.0,0.0,-0.0,0.0,0.0,-0.0,0.0,9.258355,0.0,0.0,0.3985133,1.6270133,0.4904827,0.9037834,0.0,0.0,0.0,0.301462,0.1383698,0.55548614,0.0,1.6270133,0.0,0.39851332,0.39851332,0.3985133,-0.0,8.575,16.172901,17.222221,17.222221,2.0
resstock-amy2018-2021-release-1-529678,0.0,0.78152436,0.0,0.0,0.33586416,0.0,0.0,0.0,0.0,0.0,0.0,0.0,0.0,0.0,1.2285,1.2285,0.0,0.914775,13.496932983398438,12.34665705781481,-0.0,1.2285,0.0,-0.0,0.0,-0.0,0.0,0.0,-0.0,0.0,9.258355,0.78152436,0.0,0.40468776,1.9568169,0.58928525,1.0866688,0.0,0.0,0.0,0.3011448,0.1383698,0.55532473,0.0,1.9568169,0.0,0.7283169,0.74055195,0.40468776,-0.012235037,11.05,16.957355,17.222221,17.222221,2.0
resstock-amy2018-2021-release-1-529678,0.0,0.0,0.0,0.0,0.0,0.0,0.0,0.0,0.0,0.0,0.0,0.0,0.0,0.0,-1.08,0.0,-1.08,0.8248039,13.496907234191895,11.132301573504094,1.08,0.0,0.0,-0.0,0.0,-0.0,0.0,0.0,-0.0,0.0,9.258355,0.0,0.0,0.49612424,-0.6131185,-0.18448785,0.0,0.0,0.0,0.0,0.3009008,0.1383698,0.5531603,0.0,0.0,-0.6131185,0.4668815,0.49612427,0.49612424,-0.02924276,11.7,17.040684,17.222221,17.222221,2.0
resstock-amy2018-2021-release-1-529678,0.67678344,0.0,2.0912151,0.0,0.0,2.2186127,0.0,0.0,0.0,0.0,0.0,0.0,0.0,0.0,-1.08,0.0,-1.08,0.73522043,13.496881484985352,9.923183039843025,1.08,0.0,0.0,-0.0,0.0,-0.0,0.0,0.0,-0.0,0.0,9.258355,0.0,0.0,0.49251667,1.5279322,0.42720923,0.8443392,0.0,0.0,0.0,0.2795996,0.1383698,0.5526025,0.0,1.5279322,0.0,2.607932,2.7111292,0.49251667,-0.10319707,12.2,17.602604,17.222221,17.222221,2.0
resstock-amy2018-2021-release-1-529678,0.0,0.0,0.3763605,0.0,0.0,0.3992885,0.0,0.0,0.0,0.0,0.0,0.0,0.0,0.0,-1.08,0.0,-1.08,0.64602304,13.496855735778809,8.719279706052248,1.08,0.0,0.0,-0.0,0.0,-0.0,0.0,0.0,-0.0,0.0,9.258355,0.0,0.0,0.40416893,-0.4591438,-0.1232902,0.0,0.0,0.0,0.0,0.268522,0.1383698,0.5503051,0.0,0.0,-0.4591438,0.6208563,0.8034575,0.40416893,-0.18260118,12.8,18.168716,17.777779,17.777779,2.0
resstock-amy2018-2021-release-1-529678,0.0,0.0,0.0,0.0,0.0,0.0,0.0,0.0,0.0,0.0,0.0,0.0,0.0,0.0,-1.08,0.0,-1.08,0.55720985,13.496829986572266,7.520566603623138,1.08,0.0,0.0,-0.0,0.0,-0.0,0.0,0.0,-0.0,0.0,9.258355,0.0,0.0,0.43947816,-0.87577,-0.23291978,0.0,0.0,0.0,0.0,0.26596,0.1383698,0.5596911,0.0,0.0,-0.87577,0.20423007,0.43947816,0.43947816,-0.23524809,12.8,18.76202,18.333334,18.333334,2.0
resstock-amy2018-2021-release-1-529678,0.0,0.0,0.0,0.0,0.0,0.0,0.0,0.0,0.0,0.0,0.0,0.0,0.0,0.0,-1.08,0.0,-1.08,0.46877936,13.496804237365723,6.327023188834602,1.08,0.0,0.0,-0.0,0.0,-0.0,0.0,0.0,-0.0,0.0,9.258355,0.0,0.0,0.40940768,-0.92872936,-0.23561771,0.0,0.0,0.0,0.0,0.253699,0.1383698,0.56698275,0.0,0.0,-0.92872936,0.15127069,0.40940768,0.40940768,-0.258137,13.3,19.312033,19.444445,19.444445,2.0
resstock-amy2018-2021-release-1-529678,0.0,0.0,1.1290671,0.0,0.0,1.1978502,0.0,0.0,0.0,0.0,0.0,0.0,0.0,0.0,-1.08,0.0,-1.08,0.38072985,13.49677848815918,5.138626504710032,1.08,0.0,0.0,-0.0,0.0,-0.0,0.0,0.0,-0.0,0.0,9.258355,0.0,0.0,0.49794447,0.37476677,0.10172586,0.21477513,0.0,0.0,0.0,0.2714378,0.1383698,0.57309014,0.0,0.37476677,0.0,1.4547668,1.6957946,0.49794447,-0.24102789,12.8,19.773193,20.555555,20.555555,2.0
resstock-amy2018-2021-release-1-529678,0.0,0.0,0.3763588,0.0,0.0,0.39928672,0.0,0.0,0.0,0.0,0.0,0.0,0.0,0.0,-1.08,0.0,-1.08,0.2930597,13.496752738952637,3.9553543989169384,1.08,0.0,0.0,-0.0,0.0,-0.0,0.0,0.0,-0.0,0.0,9.258355,0.0,0.0,0.51338816,-0.3580484,-0.10766279,0.0,0.0,0.0,0.0,0.3006934,0.1383698,0.5768121,0.0,0.0,-0.3580484,0.7219516,0.91267484,0.51338816,-0.19072326,13.3,20.255493,21.11111,21.11111,2.0
resstock-amy2018-2021-release-1-529678,0.0,0.0,0.0,0.0,0.0,0.0,0.0,0.0,0.0,0.0,0.0,0.0,0.0,0.0,-1.08,0.0,-1.08,0.2057673,13.496726989746094,2.777185121525463,1.08,0.0,0.0,-0.0,0.0,-0.0,0.0,0.0,-0.0,0.0,9.258355,0.0,0.0,0.5453919,-0.6465528,-0.19885507,0.0,0.0,0.0,0.0,0.307562,0.1383698,0.57760626,0.0,0.0,-0.6465528,0.43344724,0.5453919,0.5453919,-0.11194466,12.2,20.392189,21.11111,21.11111,2.0
resstock-amy2018-2021-release-1-529678,0.0,0.0,1.1290714,0.0,0.0,1.1978548,0.0,0.0,0.0,0.0,0.0,0.0,0.0,0.0,-1.08,0.0,-1.08,0.118851,13.49670124053955,1.604096419980202,1.08,0.0,0.0,-0.0,0.0,-0.0,0.0,0.0,-0.0,0.0,9.258355,0.0,0.0,0.60630786,0.7214394,0.25027236,0.41277134,0.0,0.0,0.0,0.346907,0.1383698,0.5721497,0.0,0.7214394,0.0,1.8014395,1.8041626,0.60630786,-0.0027231455,11.7,20.270058,21.11111,21.11111,2.0
resstock-amy2018-2021-release-1-529678,0.0,0.0,0.0,0.0,0.0,0.0,0.0,0.0,0.0,0.0,0.0,0.0,0.0,0.0,-1.08,0.0,-1.08,0.032309175,13.496675491333008,0.4360664441276185,1.08,0.0,0.0,-0.0,0.0,-0.0,0.0,0.0,-0.0,0.0,9.258355,0.0,0.0,0.6783488,-0.40165126,-0.14662215,0.0,0.0,0.0,0.0,0.3650484,0.1383698,0.5618949,0.0,0.0,-0.40165126,0.6783488,0.6783488,0.6783488,-0.0,10.0,19.875694,20.555555,20.555555,2.0
resstock-amy2018-2021-release-1-529678,0.0,0.0,0.0,0.0,0.0,0.0,0.0,0.0,0.0,0.0,0.0,0.0,0.0,0.0,-0.40385523,0.0,-0.40385523,0.0,13.496665954589844,0.0,0.40385523,0.0,0.0,-0.0,0.0,-0.0,0.0,0.0,-0.0,0.0,9.258355,0.0,0.0,0.7931303,0.38927504,0.15268536,0.21600649,0.0,0.0,0.0,0.39223,0.1383698,0.55489427,0.0,0.38927504,0.0,0.7931303,0.7931303,0.7931303,-0.0,9.4,19.538057,20.0,20.0,2.0
resstock-amy2018-2021-release-1-529678,0.0,0.0,2.7828202,0.0,0.0,2.9523506,0.0,0.0,0.0,0.0,0.0,0.0,0.0,0.0,0.0,0.0,0.0,0.0,13.496665954589844,0.0,-0.0,0.0,0.0,-0.0,0.0,-0.0,0.0,0.0,-0.0,0.0,9.258355,0.0,0.0,0.597009,3.5493596,1.2665457,1.9584332,0.0,0.0,0.0,0.3568378,0.1383698,0.55177087,0.0,3.5493596,0.0,3.5493596,3.5493596,0.597009,-0.0,8.89,19.1012,19.444445,19.444445,2.0
resstock-amy2018-2021-release-1-529678,0.0,0.0,1.1290448,0.0,0.0,1.1978265,0.0,0.0,0.0,0.0,0.0,0.0,0.0,0.0,0.0,0.0,0.0,0.0,13.496665954589844,0.0,-0.0,0.0,0.0,-0.0,0.0,-0.0,0.0,0.0,-0.0,0.0,9.258355,0.0,0.0,0.5501379,1.7479644,0.55571246,0.95547086,0.0,0.0,0.0,0.3179198,0.1383698,0.5466192,0.0,1.7479644,0.0,1.7479644,1.7479644,0.5501379,-0.0,8.595,18.646883,18.88889,18.88889,2.0
resstock-amy2018-2021-release-1-529678,0.0,0.0,0.25744468,0.0,0.0,0.2731283,0.0,0.0,0.0,0.0,0.0,0.0,0.0,0.0,1.2285,1.2285,0.0,0.08496835,13.496637344360352,1.1467870168697658,-0.0,1.2285,0.0,-0.0,0.0,-0.0,0.0,0.0,-0.0,0.0,9.258355,0.0,0.0,0.40939903,1.9110273,0.57875997,1.0303174,0.0,0.0,0.0,0.3028528,0.1383698,0.5391432,0.0,1.9110273,0.0,0.6825273,0.6825273,0.40939903,-0.0,8.3,18.148119,18.333334,18.333334,2.0
resstock-amy2018-2021-release-1-529678,0.0,0.0,0.25732088,0.0,0.0,0.27299696,0.0,0.0,0.0,0.0,0.0,0.0,0.0,0.0,1.2285,1.2285,0.0,0.16957061,13.49660873413086,2.28862817499504,-0.0,1.2285,0.0,-0.0,0.0,-0.0,0.0,0.0,-0.0,0.0,9.258355,0.0,0.0,0.31401563,1.8155127,0.52427286,0.9627479,0.0,0.0,0.0,0.288774,0.1383698,0.5302898,0.0,1.8155127,0.0,0.58701265,0.58701265,0.31401563,-0.0,5.6,17.30574,17.777779,17.777779,2.0
resstock-amy2018-2021-release-1-529678,0.0,0.0,0.37666628,0.0,0.0,0.3996129,0.0,0.0,0.0,0.0,0.0,0.0,0.0,0.0,1.2285,1.2285,0.0,0.25380835,13.496580123901367,3.4255447234002645,-0.0,1.2285,0.0,-0.0,0.0,-0.0,0.0,0.0,-0.0,0.0,9.258355,0.0,0.0,0.31236687,1.9404798,0.5898577,1.0218065,0.0,0.0,0.0,0.3039752,0.1383698,0.52657413,0.0,1.9404798,0.0,0.71197975,0.71197975,0.31236687,-0.0,7.8,17.032452,17.222221,17.222221,2.0
resstock-amy2018-2021-release-1-529678,0.0,0.0,0.0,0.0,0.0,0.0,0.0,0.0,0.0,0.0,0.0,0.0,0.0,0.0,1.2285,1.2285,0.0,0.33768317,13.496551513671875,4.557558313158552,-0.0,1.2285,0.0,-0.0,0.0,-0.0,0.0,0.0,-0.0,0.0,9.258355,0.0,0.0,0.31071812,1.5392182,0.46290788,0.8178134,0.0,0.0,0.0,0.3007422,0.1383698,0.5313174,0.0,1.5392182,0.0,0.31071818,0.31071818,0.31071812,-0.0,6.1,16.313807,17.222221,17.222221,2.0
resstock-amy2018-2021-release-1-529678,0.0,0.0,0.0,0.0,0.0,0.0,0.0,0.0,0.0,0.0,0.0,0.0,0.0,0.0,1.2285,1.2285,0.0,0.4211966,13.496522903442383,5.684689690147309,-0.0,1.2285,0.0,-0.0,0.0,-0.0,0.0,0.0,-0.0,0.0,9.258355,0.0,0.0,0.30906937,1.5375694,0.46241203,0.8178539,0.0,0.0,0.0,0.3007422,0.1383698,0.5319135,0.0,1.5375694,0.0,0.3090694,0.3090694,0.30906937,-0.0,6.44,15.853346,17.222221,17.222221,2.0
resstock-amy2018-2021-release-1-529678,0.0,1.0195262,0.0,0.0,0.4880132,0.0,0.0,0.0,0.0,0.0,0.0,0.0,0.0,0.0,1.2285,1.2285,0.0,0.50435024,13.49649429321289,6.806960203408607,-0.0,1.2285,0.0,-0.0,0.0,-0.0,0.0,0.0,-0.0,0.0,9.258355,1.0195262,0.0,0.3074206,2.023934,0.6063119,1.0755625,0.0,0.0,0.0,0.299571,0.1383698,0.5314217,0.0,2.023934,0.0,0.7954339,0.7954339,0.3074206,-0.0,6.78,16.258099,17.222221,17.222221,2.0
resstock-amy2018-2021-release-1-529678,0.0,0.0,0.0,0.0,0.0,0.0,0.0,0.0,0.0,0.0,0.0,0.0,0.0,0.0,1.2285,1.2285,0.0,0.58714557,13.496465682983398,7.9243899951256935,-0.0,1.2285,0.0,-0.0,0.0,-0.0,0.0,0.0,-0.0,0.0,9.258355,0.0,0.0,0.36871454,1.5972146,0.4784402,0.84871477,0.0,0.0,0.0,0.2995466,0.1383698,0.5313718,0.0,1.5972146,0.0,0.36871457,0.36871457,0.36871454,-0.0,6.0666666,15.452532,17.222221,17.222221,2.0
resstock-amy2018-2021-release-1-529678,0.0,1.318049,0.0,0.0,0.6295976,0.0,0.0,0.0,0.0,0.0,0.0,0.0,0.0,0.0,1.2285,1.2285,0.0,0.66958416,13.496437072753906,9.037000413986789,-0.0,1.2285,0.0,-0.0,0.0,-0.0,0.0,0.0,-0.0,0.0,9.258355,1.318049,0.0,0.34008983,2.1981874,0.6610877,1.169218,0.0,0.0,0.0,0.3007422,0.1383698,0.53190094,0.0,2.1981874,0.0,0.96968734,0.96968734,0.34008983,-0.0,6.866667,16.062109,17.222221,17.222221,2.0
resstock-amy2018-2021-release-1-529678,0.0,0.86535805,0.2690961,0.0,0.40039024,0.28548953,0.0,0.0,0.0,0.0,0.0,0.0,0.0,0.0,1.2285,1.2285,0.0,0.75166756,13.496408462524414,10.144812406275037,-0.0,1.2285,0.0,-0.0,0.0,-0.0,0.0,0.0,-0.0,0.0,9.258355,0.86535805,0.0,0.37210277,2.2864826,0.7030957,1.2036568,0.0,0.0,0.0,0.307501,0.1383698,0.5264229,0.0,2.2864826,0.0,1.0579826,1.0579826,0.37210277,-0.0,8.175,15.931692,17.222221,17.222221,2.0
resstock-amy2018-2021-release-1-529678,0.0,0.96335447,0.13211861,0.0,0.44435257,0.14016733,0.0,0.0,0.0,0.0,0.0,0.0,0.0,0.0,1.2285,1.2285,0.0,0.8333973,13.496379852294922,11.24784691809623,-0.0,1.2285,0.0,-0.0,0.0,-0.0,0.0,0.0,-0.0,0.0,9.258355,0.96335447,0.0,0.3985133,2.211533,0.6992589,1.1481955,0.0,0.0,0.0,0.3161874,0.1383698,0.5191853,0.0,2.211533,0.0,0.98303306,0.98303306,0.3985133,-0.0,8.3,16.028938,17.222221,17.222221,2.0
resstock-amy2018-2021-release-1-529678,0.0,0.8918867,0.6177912,0.0,0.39402,0.6554272,0.0,0.0,0.0,0.0,0.0,0.0,0.0,0.0,1.2285,1.2285,0.0,0.914775,13.49635124206543,12.346124895378807,-0.0,1.2285,0.0,-0.0,0.0,-0.0,0.0,0.0,-0.0,0.0,9.258355,0.8918867,0.0,0.4953599,2.7606697,0.8936023,1.4435897,0.0,0.0,0.0,0.3236904,0.1383698,0.52291286,0.0,2.7606697,0.0,1.5321697,1.5448071,0.4953599,-0.012637431,10.0,16.288918,17.222221,17.222221,2.0
resstock-amy2018-2021-release-1-529678,0.0,0.0,0.21593434,0.0,0.0,0.22908913,0.0,0.0,0.0,0.0,0.0,0.0,0.0,0.0,-1.08,0.0,-1.08,0.8248039,13.496325492858887,11.131821750990355,1.08,0.0,0.0,-0.0,0.0,-0.0,0.0,0.0,-0.0,0.0,9.258355,0.0,0.0,0.40506995,-0.47763544,-0.16233864,0.0,0.0,0.0,0.0,0.3398798,0.1383698,0.5339677,0.0,0.0,-0.47763544,0.6023646,0.6341591,0.40506995,-0.031794466,10.0,15.888624,17.222221,17.222221,2.0
resstock-amy2018-2021-release-1-529678,0.0,1.1548998,0.2359933,0.0,0.5022772,0.2503701,0.0,0.0,0.0,0.0,0.0,0.0,0.0,0.0,-1.08,0.0,-1.08,0.73522043,13.496299743652344,9.922755331728695,1.08,0.0,0.0,-0.0,0.0,-0.0,0.0,0.0,-0.0,0.0,9.258355,1.1548998,0.0,0.49251667,0.12423447,0.039238933,0.0668928,0.0,0.0,0.0,0.3158458,0.1383698,0.53844,0.0,0.12423447,0.0,1.2042345,1.2451639,0.49251667,-0.040929463,10.6,16.831142,17.222221,17.222221,2.0
resstock-amy2018-2021-release-1-529678,0.0,0.0,0.19807611,0.0,0.0,0.21014298,0.0,0.0,0.0,0.0,0.0,0.0,0.0,0.0,-1.08,0.0,-1.08,0.64602304,13.4962739944458,8.718903887750685,1.08,0.0,0.0,-0.0,0.0,-0.0,0.0,0.0,-0.0,0.0,9.258355,0.0,0.0,0.495971,-0.4117635,-0.12611032,0.0,0.0,0.0,0.0,0.3062688,0.1383698,0.54314554,0.0,0.0,-0.4117635,0.66823655,0.70611393,0.495971,-0.037877355,10.0,16.482544,17.222221,17.222221,2.0
resstock-amy2018-2021-release-1-529678,0.0,0.0,0.13972153,0.0,0.0,0.14823341,0.0,0.0,0.0,0.0,0.0,0.0,0.0,0.0,-1.08,0.0,-1.08,0.55720985,13.496248245239258,7.520242451622607,1.08,0.0,0.0,-0.0,0.0,-0.0,0.0,0.0,-0.0,0.0,9.258355,0.0,0.0,0.5332886,-0.4342296,-0.12581803,0.0,0.0,0.0,0.0,0.28975,0.1383698,0.5431475,0.0,0.0,-0.4342296,0.64577043,0.681522,0.5332886,-0.035751577,10.0,16.449192,17.222221,17.222221,2.0
resstock-amy2018-2021-release-1-529678,0.0,0.0,0.0,0.0,0.0,0.0,0.0,0.0,0.0,0.0,0.0,0.0,0.0,0.0,-1.08,0.0,-1.08,0.46877936,13.496222496032715,6.32675048050757,1.08,0.0,0.0,-0.0,0.0,-0.0,0.0,0.0,-0.0,0.0,9.258355,0.0,0.0,0.503151,-0.6281605,-0.18119793,0.0,0.0,0.0,0.0,0.28845802,0.1383698,0.5433581,0.0,0.0,-0.6281605,0.45183957,0.503151,0.503151,-0.05131146,10.6,16.566765,17.222221,17.222221,2.0
resstock-amy2018-2021-release-1-529678,0.0,0.0,2.0048425,0.0,0.0,2.1269782,0.0,0.0,0.0,0.0,0.0,0.0,0.0,0.0,-1.08,0.0,-1.08,0.38072985,13.496196746826172,5.138405018417188,1.08,0.0,0.0,-0.0,0.0,-0.0,0.0,0.0,-0.0,0.0,9.258355,0.0,0.0,0.5890845,1.5852777,0.48339367,0.8709924,0.0,0.0,0.0,0.3049268,0.1383698,0.5494258,0.0,1.5852777,0.0,2.6652777,2.7160625,0.5890845,-0.050784916,10.6,16.757038,17.222221,17.222221,2.0
resstock-amy2018-2021-release-1-529678,0.0,0.0,0.0,0.0,0.0,0.0,0.0,0.0,0.0,0.0,0.0,0.0,0.0,0.0,-1.08,0.0,-1.08,0.2930597,13.496170997619629,3.955183913972519,1.08,0.0,0.0,-0.0,0.0,-0.0,0.0,0.0,-0.0,0.0,9.258355,0.0,0.0,0.51338816,-0.5983777,-0.1858706,0.0,0.0,0.0,0.0,0.3106242,0.1383698,0.5525949,0.0,0.0,-0.5983777,0.48162234,0.51338816,0.51338816,-0.03176584,11.1,16.809673,17.222221,17.222221,2.0
resstock-amy2018-2021-release-1-529678,0.0,0.0,1.13,0.0,0.0,1.19884,0.0,0.0,0.0,0.0,0.0,0.0,0.0,0.0,-1.08,0.0,-1.08,0.2057673,13.496145248413086,2.777065418179916,1.08,0.0,0.0,-0.0,0.0,-0.0,0.0,0.0,-0.0,0.0,9.258355,0.0,0.0,0.5453919,0.65501267,0.21279585,0.35842022,0.0,0.0,0.0,0.32487288,0.1383698,0.54719585,0.0,0.65501267,0.0,1.7350128,1.7442319,0.5453919,-0.009219208,10.6,16.874615,17.222221,17.222221,2.0
resstock-amy2018-2021-release-1-529678,0.0,0.0,0.0,0.0,0.0,0.0,0.0,0.0,0.0,0.0,0.0,0.0,0.0,0.0,-1.08,0.0,-1.08,0.118851,13.496119499206543,1.6040272794418584,1.08,0.0,0.0,-0.0,0.0,-0.0,0.0,0.0,-0.0,0.0,9.258355,0.0,0.0,0.74668336,-0.33331668,-0.13251978,0.0,0.0,0.0,0.0,0.3975792,0.1383698,0.54290265,0.0,0.0,-0.33331668,0.74668336,0.74668336,0.74668336,0.0,10.0,16.843094,17.222221,17.222221,2.0
resstock-amy2018-2021-release-1-529678,0.0,0.0,0.7533374,0.0,0.0,0.79923093,0.0,0.0,0.0,0.0,0.0,0.0,0.0,0.0,-1.08,0.0,-1.08,0.032309175,13.49609375,0.4360476485453546,1.08,0.0,0.0,-0.0,0.0,-0.0,0.0,0.0,-0.0,0.0,9.258355,0.0,0.0,0.6783488,0.39757967,0.16439044,0.2133458,0.0,0.0,0.0,0.413478,0.1383698,0.53661144,0.0,0.39757967,0.0,1.4775797,1.4775797,0.6783488,-0.0,10.6,16.863789,17.222221,17.222221,2.0
resstock-amy2018-2021-release-1-529678,0.0,0.0,0.2766839,0.0,0.0,0.29353958,0.0,0.0,0.0,0.0,0.0,0.0,0.0,0.0,-0.40385523,0.0,-0.40385523,0.0,13.496084213256836,0.0,0.40385523,0.0,0.0,-0.0,0.0,-0.0,0.0,0.0,-0.0,0.0,9.258355,0.0,0.0,1.7513667,1.641051,0.68692905,0.87159085,0.0,0.0,0.0,0.4185909,0.1383698,0.53111744,0.0,1.641051,0.0,2.0449064,2.0449064,1.7513667,-0.0,10.0,16.696705,17.222221,17.222221,2.0
resstock-amy2018-2021-release-1-529678,0.0,0.0,0.0,0.0,0.0,0.0,0.0,0.0,0.0,0.0,0.0,0.0,0.0,0.0,0.0,0.0,0.0,0.0,13.496084213256836,0.0,-0.0,0.0,0.0,-0.0,0.0,-0.0,0.0,0.0,-0.0,0.0,9.258355,0.0,0.0,0.597009,0.597009,0.21866089,0.3150722,0.0,0.0,0.0,0.36626062,0.1383698,0.5277512,0.0,0.597009,0.0,0.597009,0.597009,0.597009,-0.0,10.0,16.501553,17.222221,17.222221,2.0
resstock-amy2018-2021-release-1-529678,0.0,0.0,0.0,0.0,0.0,0.0,0.0,0.0,0.0,0.0,0.0,0.0,0.0,0.0,0.0,0.0,0.0,0.0,13.496084213256836,0.0,-0.0,0.0,0.0,-0.0,0.0,-0.0,0.0,0.0,-0.0,0.0,9.258355,0.0,0.0,0.66407716,0.66407716,0.21464537,0.34996518,0.0,0.0,0.0,0.32322353,0.1383698,0.52699476,0.0,0.66407716,0.0,0.66407716,0.66407716,0.66407716,-0.0,9.4,16.196686,17.222221,17.222221,2.0
resstock-amy2018-2021-release-1-529678,0.0,0.7638098,0.0,0.0,0.33743784,0.0,0.0,0.0,0.0,0.0,0.0,0.0,0.0,0.0,1.2285,1.2285,0.0,0.08496835,13.496055603027344,1.1467375872680918,-0.0,1.2285,0.0,-0.0,0.0,-0.0,0.0,0.0,-0.0,0.0,9.258355,0.7638098,0.0,0.40939903,1.9753369,0.6049841,1.0393393,0.0,0.0,0.0,0.3062688,0.1383698,0.526158,0.0,1.9753369,0.0,0.7468369,0.7468369,0.40939903,-0.0,10.0,16.562904,17.222221,17.222221,2.0
resstock-amy2018-2021-release-1-529678,0.0,0.0,0.0,0.0,0.0,0.0,0.0,0.0,0.0,0.0,0.0,0.0,0.0,0.0,1.2285,1.2285,0.0,0.16957061,13.496026992797852,2.288529528762382,-0.0,1.2285,0.0,-0.0,0.0,-0.0,0.0,0.0,-0.0,0.0,9.258355,0.0,0.0,0.31401563,1.5425156,0.47517195,0.8076736,0.0,0.0,0.0,0.30805,0.1383698,0.523608,0.0,1.5425156,0.0,0.31401563,0.31401563,0.31401563,-0.0,10.0,16.003864,17.222221,17.222221,2.0
resstock-amy2018-2021-release-1-529678,0.0,0.9074215,0.3769661,0.0,0.40088302,0.39993098,0.0,0.0,0.0,0.0,0.0,0.0,0.0,0.0,1.2285,1.2285,0.0,0.25380835,13.49599838256836,3.425397072592773,-0.0,1.2285,0.0,-0.0,0.0,-0.0,0.0,0.0,-0.0,0.0,9.258355,0.9074215,0.0,0.31236687,2.341681,0.6781307,1.2547604,0.0,0.0,0.0,0.2895914,0.1383698,0.5358375,0.0,2.341681,0.0,1.113181,1.113181,0.31236687,-0.0,10.0,16.297804,18.88889,18.88889,2.0
resstock-amy2018-2021-release-1-529678,0.0,1.9307238,0.0,0.0,0.8529601,0.0,0.0,0.0,0.0,0.0,0.0,0.0,0.0,0.0,1.2285,1.2285,0.0,0.33768317,13.495969772338867,4.5573618689005,-0.0,1.2285,0.0,-0.0,0.0,-0.0,0.0,0.0,-0.0,0.0,9.258355,1.9307238,0.0,0.31071812,2.392178,0.66607946,1.2340382,0.0,0.0,0.0,0.2784406,0.1383698,0.5158639,0.0,2.392178,0.0,1.163678,1.163678,0.31071812,-0.0,10.0,17.017784,18.88889,18.88889,2.0
resstock-amy2018-2021-release-1-529678,0.0,1.3964169,0.0,0.0,0.61691266,0.0,0.0,0.0,0.0,0.0,0.0,0.0,0.0,0.0,1.2285,1.2285,0.0,0.4211966,13.495941162109375,5.684444662670103,-0.0,1.2285,0.0,-0.0,0.0,-0.0,0.0,0.0,-0.0,0.0,9.258355,1.3964169,0.0,0.30906937,2.154482,0.58483416,1.1024804,0.0,0.0,0.0,0.27145,0.1383698,0.5117149,0.0,2.154482,0.0,0.9259819,0.9259819,0.30906937,-0.0,10.0,16.839502,18.88889,18.88889,2.0
resstock-amy2018-2021-release-1-529678,0.0,1.5305917,0.0,0.0,0.67618877,0.0,0.0,0.0,0.0,0.0,0.0,0.0,0.0,0.0,1.2285,1.2285,0.0,0.50435024,13.495912551879883,6.806666802024779,-0.0,1.2285,0.0,-0.0,0.0,-0.0,0.0,0.0,-0.0,0.0,9.258355,1.5305917,0.0,0.3074206,2.2121093,0.6004771,1.1359333,0.0,0.0,0.0,0.27145,0.1383698,0.5135068,0.0,2.2121093,0.0,0.9836093,0.9836093,0.3074206,-0.0,10.0,16.957253,18.88889,18.88889,2.0
resstock-amy2018-2021-release-1-529678,0.0,1.4444174,0.0,0.0,0.6281912,0.0,0.0,0.0,0.0,0.0,0.0,0.0,0.0,0.0,1.2285,1.2285,0.0,0.58714557,13.49588394165039,7.924048428280912,-0.0,1.2285,0.0,-0.0,0.0,-0.0,0.0,0.0,-0.0,0.0,9.258355,1.4444174,0.0,0.30577186,2.1624632,0.59393907,1.1291974,0.0,0.0,0.0,0.2746586,0.1383698,0.5221811,0.0,2.1624632,0.0,0.9339632,0.9339632,0.30577186,-0.0,10.6,17.06157,18.88889,18.88889,2.0
resstock-amy2018-2021-release-1-529678,0.0,1.3670526,0.0,0.0,0.60080814,0.0,0.0,0.0,0.0,0.0,0.0,0.0,0.0,0.0,1.2285,1.2285,0.0,0.66958416,13.495855331420898,9.03661088920785,-0.0,1.2285,0.0,-0.0,0.0,-0.0,0.0,0.0,-0.0,0.0,9.258355,1.3670526,0.0,0.30577186,2.1350799,0.5905336,1.1346104,0.0,0.0,0.0,0.2765862,0.1383698,0.53141356,0.0,2.1350799,0.0,0.90657985,0.90657985,0.30577186,-0.0,10.2,17.116241,18.88889,18.88889,2.0
resstock-amy2018-2021-release-1-529678,0.0,1.3263739,0.25757557,0.0,0.58596885,0.27326715,0.0,0.0,0.0,0.0,0.0,0.0,0.0,0.0,1.2285,1.2285,0.0,0.75166756,13.495826721191406,10.1443751301872,-0.0,1.2285,0.0,-0.0,0.0,-0.0,0.0,0.0,-0.0,0.0,9.258355,1.3263739,0.0,0.43504545,2.5227814,0.7309759,1.3669685,0.0,0.0,0.0,0.28975,0.1383698,0.5418498,0.0,2.5227814,0.0,1.2942814,1.2942814,0.43504545,-0.0,10.0,17.231455,19.48611,19.48611,2.0
resstock-amy2018-2021-release-1-529678,0.0,1.6850104,0.73638827,0.0,0.7328275,0.7812493,0.0,0.0,0.0,0.0,0.0,0.0,0.0,0.0,1.2285,1.2285,0.0,0.8333973,13.495798110961914,11.247362096423217,-0.0,1.2285,0.0,-0.0,0.0,-0.0,0.0,0.0,-0.0,0.0,9.258355,1.6850104,0.0,0.3985133,3.1410902,0.9312076,1.7125131,0.0,0.0,0.0,0.29646,0.1383698,0.54519707,0.0,3.1410902,0.0,1.9125901,1.9125901,0.3985133,-0.0,10.6,17.622938,20.0,20.0,2.0
resstock-amy2018-2021-release-1-529678,0.0,1.7760862,0.0,0.0,0.76328224,0.0,0.0,0.0,0.0,0.0,0.0,0.0,0.0,0.0,1.2285,1.2285,0.0,0.914775,13.495769500732422,12.345592732942805,-0.0,1.2285,0.0,-0.0,0.0,-0.0,0.0,0.0,-0.0,0.0,9.258355,1.7760862,0.0,0.439901,2.4307292,0.72061396,1.3401964,0.0,0.0,0.0,0.29646,0.1383698,0.5513557,0.0,2.4307292,0.0,1.2022291,1.203183,0.439901,-0.0009538677,11.05,17.82732,20.0,20.0,2.0
resstock-amy2018-2021-release-1-529678,0.0,1.9713963,0.0,0.0,0.82124877,0.0,0.0,0.0,0.0,0.0,0.0,0.0,0.0,0.0,-1.08,0.0,-1.08,0.8248039,13.495743751525879,11.131341928476616,1.08,0.0,0.0,-0.0,0.0,-0.0,0.0,0.0,-0.0,0.0,9.258355,1.9713963,0.0,0.59389794,0.33159703,0.09815962,0.1859624,0.0,0.0,0.0,0.2960208,0.1383698,0.56080836,0.0,0.33159703,0.0,1.411597,1.4151467,0.59389794,-0.0035496387,12.2,18.382538,20.0,20.0,2.0
resstock-amy2018-2021-release-1-529678,0.0,1.4679056,0.0,0.0,0.6123442,0.0,0.0,0.0,0.0,0.0,0.0,0.0,0.0,0.0,-1.08,0.0,-1.08,0.73522043,13.495718002319336,9.922327623614365,1.08,0.0,0.0,-0.0,0.0,-0.0,0.0,0.0,-0.0,0.0,9.258355,1.4679056,0.0,0.40244177,-0.073655985,-0.021341823,0.0,0.0,0.0,0.0,0.28975,0.1383698,0.5673518,0.0,0.0,-0.073655985,1.0063441,1.014786,0.40244177,-0.008441948,12.15,18.43584,20.0,20.0,2.0
resstock-amy2018-2021-release-1-529678,0.0,1.4101481,0.37695673,0.0,0.5922886,0.39992106,0.0,0.0,0.0,0.0,0.0,0.0,0.0,0.0,-1.08,0.0,-1.08,0.64602304,13.495692253112793,8.718528069449121,1.08,0.0,0.0,-0.0,0.0,-0.0,0.0,0.0,-0.0,0.0,9.258355,1.4101481,0.0,0.40416893,0.3050508,0.08280604,0.17556031,0.0,0.0,0.0,0.27145,0.1383698,0.57551175,0.0,0.3050508,0.0,1.3850508,1.3963785,0.40416893,-0.01132779,11.9,18.625069,20.0,20.0,2.0
resstock-amy2018-2021-release-1-529678,0.0,1.248581,0.0,0.0,0.5210902,0.0,0.0,0.0,0.0,0.0,0.0,0.0,0.0,0.0,-1.08,0.0,-1.08,0.55720985,13.49566650390625,7.519918299622077,1.08,0.0,0.0,-0.0,0.0,-0.0,0.0,0.0,-0.0,0.0,9.258355,1.248581,0.0,0.43947816,-0.13230264,-0.037527647,0.0,0.0,0.0,0.0,0.28365,0.1383698,0.5841144,0.0,0.0,-0.13230264,0.9476974,0.96056837,0.43947816,-0.012870974,12.133333,18.740507,19.444445,19.444445,2.0
resstock-amy2018-2021-release-1-529678,0.0,0.0,0.11864384,0.0,0.0,0.12587166,0.0,0.0,0.0,0.0,0.0,0.0,0.0,0.0,-1.08,0.0,-1.08,0.46877936,13.495640754699707,6.326477772180539,1.08,0.0,0.0,-0.0,0.0,-0.0,0.0,0.0,-0.0,0.0,9.258355,0.0,0.0,0.40940768,-0.55868495,-0.15329027,0.0,0.0,0.0,0.0,0.27437696,0.1383698,0.5952417,0.0,0.0,-0.55868495,0.5213151,0.53527933,0.40940768,-0.01396425,13.033334,18.251171,19.444445,19.444445,2.0
resstock-amy2018-2021-release-1-529678,0.0,1.1399658,0.79691446,0.0,0.44942662,0.84546274,0.0,0.0,0.0,0.0,0.0,0.0,0.0,0.0,-1.08,0.0,-1.08,0.38072985,13.495615005493164,5.138183532124344,1.08,0.0,0.0,-0.0,0.0,-0.0,0.0,0.0,-0.0,0.0,9.258355,1.1399658,0.0,0.9116945,1.1074915,0.32089567,0.66977096,0.0,0.0,0.0,0.28975,0.1383698,0.604764,0.0,1.1074915,0.0,2.1874914,2.2065837,0.9116945,-0.019092437,14.15,19.189812,18.88889,18.88889,2.0
resstock-amy2018-2021-release-1-529678,0.0,0.0,0.0,0.0,0.0,0.0,0.0,0.0,0.0,0.0,0.0,0.0,0.0,0.0,-1.08,0.0,-1.08,0.2930597,13.495589256286621,3.9550134290280994,1.08,0.0,0.0,-0.0,0.0,-0.0,0.0,0.0,-0.0,0.0,9.258355,0.0,0.0,1.0499469,-0.057795,-0.017619014,0.0,0.0,0.0,0.0,0.3048536,0.1383698,0.60886467,0.0,0.0,-0.057795,1.022205,1.0499469,1.0499469,-0.02774186,14.2,18.98841,18.88889,18.88889,2.0
resstock-amy2018-2021-release-1-529678,0.0,0.0,0.0,0.0,0.0,0.0,0.0,0.0,0.0,0.0,0.0,0.0,0.0,0.0,-1.08,0.0,-1.08,0.2057673,13.495563507080078,2.776945714834369,1.08,0.0,0.0,-0.0,0.0,-0.0,0.0,0.0,-0.0,0.0,9.258355,0.0,0.0,0.5453919,-0.5507442,-0.1676343,0.0,0.0,0.0,0.0,0.3043778,0.1383698,0.61292446,0.0,0.0,-0.5507442,0.52925587,0.5453919,0.5453919,-0.016136054,12.78,18.84098,18.88889,18.88889,2.0
resstock-amy2018-2021-release-1-529678,0.0,0.0,0.753928,0.0,0.0,0.79985756,0.0,0.0,0.0,0.0,0.0,0.0,0.0,0.0,-1.08,0.0,-1.08,0.118851,13.495537757873535,1.603958138903515,1.08,0.0,0.0,-0.0,0.0,-0.0,0.0,0.0,-0.0,0.0,9.258355,0.0,0.0,0.4659324,0.18578988,0.05682231,0.11354335,0.0,0.0,0.0,0.3058418,0.1383698,0.61113846,0.0,0.18578988,0.0,1.26579,1.26579,0.4659324,0.0,14.2,18.853636,20.555555,20.555555,2.0
resstock-amy2018-2021-release-1-529678,0.0,1.6258886,0.22865213,0.0,0.6409996,0.2425817,0.0,0.0,0.0,0.0,0.0,0.0,0.0,0.0,-1.08,0.0,-1.08,0.032309175,13.495512008666992,0.4360288529630907,1.08,0.0,0.0,-0.0,0.0,-0.0,0.0,0.0,-0.0,0.0,9.258355,1.6258886,0.0,0.51860327,0.32218453,0.099983975,0.19418615,0.0,0.0,0.0,0.3103314,0.1383698,0.60271716,0.0,0.32218453,0.0,1.4021846,1.4021846,0.51860327,-0.0,14.15,20.082256,20.555555,20.555555,2.0
resstock-amy2018-2021-release-1-529678,0.0,0.0,0.0,0.0,0.0,0.0,0.0,0.0,0.0,0.0,0.0,0.0,0.0,0.0,-0.40385523,0.0,-0.40385523,0.0,13.495502471923828,0.0,0.40385523,0.0,0.0,-0.0,0.0,-0.0,0.0,0.0,-0.0,0.0,9.258355,0.0,0.0,0.6372725,0.23341724,0.073464714,0.14033301,0.0,0.0,0.0,0.3147356,0.1383698,0.601211,0.0,0.23341724,0.0,0.6372725,0.6372725,0.6372725,-0.0,13.9,19.374758,20.555555,20.555555,2.0
resstock-amy2018-2021-release-1-529678,0.0,1.1199125,0.0,0.0,0.44472775,0.0,0.0,0.0,0.0,0.0,0.0,0.0,0.0,0.0,0.0,0.0,0.0,0.0,13.495502471923828,0.0,-0.0,0.0,0.0,-0.0,0.0,-0.0,0.0,0.0,-0.0,0.0,9.258355,1.1199125,0.0,0.597009,1.0417367,0.3216187,0.6268227,0.0,0.0,0.0,0.3087332,0.1383698,0.6017093,0.0,1.0417367,0.0,1.0417367,1.0417367,0.597009,-0.0,13.9,20.07088,20.328703,20.328703,2.0
resstock-amy2018-2021-release-1-529678,0.0,0.0,0.0,0.0,0.0,0.0,0.0,0.0,0.0,0.0,0.0,0.0,0.0,0.0,0.0,0.0,0.0,0.0,13.495502471923828,0.0,-0.0,0.0,0.0,-0.0,0.0,-0.0,0.0,0.0,-0.0,0.0,9.258355,0.0,0.0,0.43619865,0.43619865,0.12931545,0.26216325,0.0,0.0,0.0,0.29646,0.1383698,0.601018,0.0,0.43619865,0.0,0.43619865,0.43619865,0.43619865,-0.0,13.933333,19.409584,19.407408,19.407408,2.0
resstock-amy2018-2021-release-1-529678,0.0,0.0,0.37696552,0.0,0.0,0.3999304,0.0,0.0,0.0,0.0,0.0,0.0,0.0,0.0,1.2285,1.2285,0.0,0.08496835,13.495473861694336,1.1466881576664179,-0.0,1.2285,0.0,-0.0,0.0,-0.0,0.0,0.0,-0.0,0.0,9.258355,0.0,0.0,0.40939903,2.0378294,0.55269647,1.2078345,0.0,0.0,0.0,0.2712182,0.1383698,0.5927064,0.0,2.0378294,0.0,0.8093294,0.8093294,0.40939903,-0.0,13.9,19.170834,20.555555,20.555555,2.0
resstock-amy2018-2021-release-1-529678,0.0,1.0313284,0.37696603,0.0,0.40807348,0.39993092,0.0,0.0,0.0,0.0,0.0,0.0,0.0,0.0,1.2285,1.2285,0.0,0.16957061,13.495445251464844,2.288430882529724,-0.0,1.2285,0.0,-0.0,0.0,-0.0,0.0,0.0,-0.0,0.0,9.258355,1.0313284,0.0,0.31401563,2.3505201,0.62657815,1.4112611,0.0,0.0,0.0,0.26657,0.1383698,0.6004037,0.0,2.3505201,0.0,1.1220201,1.1220201,0.31401563,-0.0,14.025,19.757467,18.88889,18.88889,2.0
resstock-amy2018-2021-release-1-529678,0.0,0.0,0.0,0.0,0.0,0.0,0.0,0.0,0.0,0.0,0.0,0.0,0.0,0.0,1.2285,1.2285,0.0,0.25380835,13.495416641235352,3.4252494217852814,-0.0,1.2285,0.0,-0.0,0.0,-0.0,0.0,0.0,-0.0,0.0,9.258355,0.0,0.0,0.31236687,1.5408669,0.44584584,0.8990411,0.0,0.0,0.0,0.2893474,0.1383698,0.5834645,0.0,1.5408669,0.0,0.31236684,0.31236684,0.31236687,-0.0,13.9,19.017551,18.88889,18.88889,2.0
resstock-amy2018-2021-release-1-529678,0.0,0.0,0.0,0.0,0.0,0.0,0.0,0.0,0.0,0.0,0.0,0.0,0.0,0.0,1.2285,1.2285,0.0,0.33768317,13.49538803100586,4.557165424642449,-0.0,1.2285,0.0,-0.0,0.0,-0.0,0.0,0.0,-0.0,0.0,9.258355,0.0,0.0,0.31071812,1.5392182,0.4178208,0.9545006,0.0,0.0,0.0,0.27145,0.1383698,0.6201204,0.0,1.5392182,0.0,0.31071818,0.31071818,0.31071812,-0.0,11.67,18.378242,18.88889,18.88889,2.0
resstock-amy2018-2021-release-1-529678,0.0,0.0,0.0,0.0,0.0,0.0,0.0,0.0,0.0,0.0,0.0,0.0,0.0,0.0,1.2285,1.2285,0.0,0.4211966,13.495359420776367,5.684199635192897,-0.0,1.2285,0.0,-0.0,0.0,-0.0,0.0,0.0,-0.0,0.0,9.258355,0.0,0.0,0.30906937,1.5375694,0.34421566,0.9710861,0.0,0.0,0.0,0.22387,0.1383698,0.6315722,0.0,1.5375694,0.0,0.3090694,0.3090694,0.30906937,-0.0,12.585,18.134552,18.88889,18.88889,2.0
resstock-amy2018-2021-release-1-529678,0.0,0.0,0.0,0.0,0.0,0.0,0.0,0.0,0.0,0.0,0.0,0.0,0.0,0.0,1.2285,1.2285,0.0,0.50435024,13.495330810546875,6.80637340064095,-0.0,1.2285,0.0,-0.0,0.0,-0.0,0.0,0.0,-0.0,0.0,9.258355,0.0,0.0,0.3074206,1.5359206,0.29512715,0.98981655,0.0,0.0,0.0,0.19215,0.1383698,0.6444451,0.0,1.5359206,0.0,0.3074206,0.3074206,0.3074206,-0.0,13.5,17.946365,18.88889,18.88889,2.0
resstock-amy2018-2021-release-1-529678,0.0,0.0,0.0,0.0,0.0,0.0,0.0,0.0,0.0,0.0,0.0,0.0,0.0,0.0,1.2285,1.2285,0.0,0.58714557,13.495302200317383,7.923706861436131,-0.0,1.2285,0.0,-0.0,0.0,-0.0,0.0,0.0,-0.0,0.0,9.258355,0.0,0.0,0.30577186,1.5342718,0.2736776,1.0076643,0.0,0.0,0.0,0.1783762,0.1383698,0.6567704,0.0,1.5342718,0.0,0.30577183,0.30577183,0.30577186,-0.0,12.8,17.672567,18.88889,18.88889,2.0
resstock-amy2018-2021-release-1-529678,0.0,0.9059057,0.0,0.0,0.37115815,0.0,0.0,0.0,0.0,0.0,0.0,0.0,0.0,0.0,1.2285,1.2285,0.0,0.66958416,13.49527359008789,9.036221364428911,-0.0,1.2285,0.0,-0.0,0.0,-0.0,0.0,0.0,-0.0,0.0,9.258355,0.9059057,0.0,0.30577186,1.9054301,0.42656863,1.2434394,0.0,0.0,0.0,0.22387,0.1383698,0.6525768,0.0,1.9054301,0.0,0.67693007,0.67693007,0.30577186,-0.0,12.8,18.263096,18.88889,18.88889,2.0
resstock-amy2018-2021-release-1-529678,0.0,0.0,11.41299,0.0,0.0,12.108273,0.0,0.0,0.0,0.0,0.0,0.0,0.0,0.0,1.2285,1.2285,0.0,0.75166756,13.495244979858398,10.143937854099363,-0.0,1.2285,0.0,-0.0,0.0,-0.0,0.0,0.0,-0.0,0.0,9.258355,0.0,0.0,0.37210277,13.708876,3.5631704,8.767016,0.0,0.0,0.0,0.25991705,0.1383698,0.6395139,0.0,13.708876,0.0,12.480375,12.480375,0.37210277,-0.0,12.8,17.707514,19.481482,19.481482,2.0
resstock-amy2018-2021-release-1-529678,0.0,1.3212354,0.0,0.0,0.55040324,0.0,0.0,0.0,0.0,0.0,0.0,0.0,0.0,0.0,1.2285,1.2285,0.0,0.8333973,13.495216369628906,11.246877274750204,-0.0,1.2285,0.0,-0.0,0.0,-0.0,0.0,0.0,-0.0,0.0,9.258355,1.3212354,0.0,0.31236687,2.09127,0.6589625,1.326304,0.0,0.0,0.0,0.3151016,0.1383698,0.6342098,0.0,2.09127,0.0,0.86276996,0.86276996,0.31236687,-0.0,12.2,18.478455,20.0,20.0,2.0
resstock-amy2018-2021-release-1-529678,0.0,1.1345534,0.0,0.0,0.46483728,0.0,0.0,0.0,0.0,0.0,0.0,0.0,0.0,0.0,1.2285,1.2285,0.0,0.914775,13.495187759399414,12.345060570506803,-0.0,1.2285,0.0,-0.0,0.0,-0.0,0.0,0.0,-0.0,0.0,9.258355,1.1345534,0.0,0.40468776,2.082276,0.6795508,1.3366643,0.0,0.0,0.0,0.32635,0.1383698,0.6419246,0.0,2.082276,0.0,0.8537761,0.8695251,0.40468776,-0.015748952,12.8,18.55103,20.0,20.0,2.0
resstock-amy2018-2021-release-1-529678,0.0,1.3773806,0.2945314,0.0,0.5469707,0.31247437,0.0,0.0,0.0,0.0,0.0,0.0,0.0,0.0,-1.08,0.0,-1.08,0.8248039,13.495162010192871,11.130862105962876,1.08,0.0,0.0,-0.0,0.0,-0.0,0.0,0.0,-0.0,0.0,9.258355,1.3773806,0.0,0.40506995,0.13930857,0.04518972,0.08971481,0.0,0.0,0.0,0.3243858,0.1383698,0.64400065,0.0,0.13930857,0.0,1.2193086,1.264515,0.40506995,-0.045206424,13.9,18.95221,20.0,20.0,2.0
resstock-amy2018-2021-release-1-529678,0.48940197,0.9982591,0.21351697,0.0,0.39641804,0.22652449,0.0,0.0,0.0,0.0,0.0,0.0,0.0,0.0,-1.08,0.0,-1.08,0.73522043,13.495136260986328,9.921899915500035,1.08,0.0,0.0,-0.0,0.0,-0.0,0.0,0.0,-0.0,0.0,9.258355,0.9982591,0.0,0.40244177,-0.1242833,-0.03929066,0.0,0.0,0.0,0.0,0.31613788,0.1383698,0.6435377,0.0,0.0,-0.1242833,0.9557167,1.0253843,0.40244177,-0.06966758,13.9,18.972801,18.0,18.0,2.0
resstock-amy2018-2021-release-1-529678,0.0,0.0,0.37725475,0.0,0.0,0.40023723,0.0,0.0,0.0,0.0,0.0,0.0,0.0,0.0,-1.08,0.0,-1.08,0.64602304,13.495110511779785,8.718152251147558,1.08,0.0,0.0,-0.0,0.0,-0.0,0.0,0.0,-0.0,0.0,9.258355,0.0,0.0,0.31236687,-0.43695232,-0.13506071,0.0,0.0,0.0,0.0,0.30909714,0.1383698,0.6466767,0.0,0.0,-0.43695232,0.6430477,0.71260405,0.31236687,-0.06955636,13.9,18.475945,20.0,20.0,2.0
resstock-amy2018-2021-release-1-529678,0.0,1.4454712,0.3772522,0.0,0.57401013,0.40023452,0.0,0.0,0.0,0.0,0.0,0.0,0.0,0.0,-1.08,0.0,-1.08,0.55720985,13.495084762573242,7.519594147621547,1.08,0.0,0.0,-0.0,0.0,-0.0,0.0,0.0,-0.0,0.0,9.258355,1.4454712,0.0,0.34566772,0.20469758,0.06134893,0.13243732,0.0,0.0,0.0,0.2997052,0.1383698,0.6469901,0.0,0.20469758,0.0,1.2846977,1.3199124,0.34566772,-0.035214756,13.9,19.530731,20.0,20.0,2.0
resstock-amy2018-2021-release-1-529678,0.0,0.0,0.26214132,0.0,0.0,0.27811104,0.0,0.0,0.0,0.0,0.0,0.0,0.0,0.0,-1.08,0.0,-1.08,0.46877936,13.4950590133667,6.326205063853507,1.08,0.0,0.0,-0.0,0.0,-0.0,0.0,0.0,-0.0,0.0,9.258355,0.0,0.0,0.40940768,-0.48175132,-0.14474371,0.0,0.0,0.0,0.0,0.30045316,0.1383698,0.64551765,0.0,0.0,-0.48175132,0.5982487,0.6875187,0.40940768,-0.08927,14.15,18.999289,20.0,20.0,2.0
resstock-amy2018-2021-release-1-529678,0.0,0.9329652,0.0,0.0,0.3769013,0.0,0.0,0.0,0.0,0.0,0.0,0.0,0.0,0.0,-1.08,0.0,-1.08,0.38072985,13.495033264160156,5.1379620458315,1.08,0.0,0.0,-0.0,0.0,-0.0,0.0,0.0,-0.0,0.0,9.258355,0.9329652,0.0,0.31566438,-0.47216117,-0.14475109,0.0,0.0,0.0,0.0,0.30657133,0.1383698,0.6442847,0.0,0.0,-0.47216117,0.60783887,0.6925657,0.31566438,-0.084726796,13.3,19.72438,20.0,20.0,2.0
resstock-amy2018-2021-release-1-529678,0.0,0.0,0.0,0.0,0.0,0.0,0.0,0.0,0.0,0.0,0.0,0.0,0.0,0.0,-1.08,0.0,-1.08,0.2930597,13.495007514953613,3.95484294408368,1.08,0.0,0.0,-0.0,0.0,-0.0,0.0,0.0,-0.0,0.0,9.258355,0.0,0.0,0.6392735,-0.46597904,-0.14509037,0.0,0.0,0.0,0.0,0.31136674,0.1383698,0.6418336,0.0,0.0,-0.46597904,0.614021,0.6392735,0.6392735,-0.025252508,13.15,19.357323,20.0,20.0,2.0
resstock-amy2018-2021-release-1-529678,0.0,0.0,0.0,0.0,0.0,0.0,0.0,0.0,0.0,0.0,0.0,0.0,0.0,0.0,-1.08,0.0,-1.08,0.2057673,13.49498176574707,2.776826011488822,1.08,0.0,0.0,-0.0,0.0,-0.0,0.0,0.0,-0.0,0.0,9.258355,0.0,0.0,0.5453919,-0.56237364,-0.17616682,0.0,0.0,0.0,0.0,0.31325582,0.1383698,0.6378465,0.0,0.0,-0.56237364,0.5176264,0.5453919,0.5453919,-0.027765539,12.8,19.312048,20.0,20.0,2.0
resstock-amy2018-2021-release-1-529678,0.0,0.0,0.0,0.0,0.0,0.0,0.0,0.0,0.0,0.0,0.0,0.0,0.0,0.0,-1.08,0.0,-1.08,0.118851,13.494956016540527,1.6038889983651714,1.08,0.0,0.0,-0.0,0.0,-0.0,0.0,0.0,-0.0,0.0,9.258355,0.0,0.0,0.60630786,-0.47369218,-0.14884238,0.0,0.0,0.0,0.0,0.3142175,0.1383698,0.63195544,0.0,0.0,-0.47369218,0.60630786,0.60630786,0.60630786,0.0,12.1,19.182854,20.0,20.0,2.0
resstock-amy2018-2021-release-1-529678,0.773199,0.0,0.0,0.0,0.0,0.0,0.0,0.0,0.0,0.0,0.0,0.0,0.0,0.0,-1.08,0.0,-1.08,0.032309175,13.494930267333984,0.43601005738082677,1.08,0.0,0.0,-0.0,0.0,-0.0,0.0,0.0,-0.0,0.0,9.258355,0.0,0.0,0.74129146,-0.33870858,-0.105159275,0.0,0.0,0.0,0.0,0.31047124,0.1383698,0.61602545,0.0,0.0,-0.33870858,0.74129146,0.74129146,0.74129146,-0.0,12.2,19.089378,18.0,18.0,2.0
resstock-amy2018-2021-release-1-529678,0.11037867,0.0,0.7545048,0.0,0.0,0.80046946,0.0,0.0,0.0,0.0,0.0,0.0,0.0,0.0,-0.40385523,0.0,-0.40385523,0.0,13.49492073059082,0.0,0.40385523,0.0,0.0,-0.0,0.0,-0.0,0.0,0.0,-0.0,0.0,9.258355,0.0,0.0,0.7931303,1.1897445,0.36807144,0.71032983,0.0,0.0,0.0,0.30937016,0.1383698,0.59704405,0.0,1.1897445,0.0,1.5935997,1.5935997,0.7931303,-0.0,11.7,18.931889,18.0,18.0,2.0
resstock-amy2018-2021-release-1-529678,0.0,0.0,0.0,0.0,0.0,0.0,0.0,0.0,0.0,0.0,0.0,0.0,0.0,0.0,0.0,0.0,0.0,0.0,13.49492073059082,0.0,-0.0,0.0,0.0,-0.0,0.0,-0.0,0.0,0.0,-0.0,0.0,9.258355,0.0,0.0,0.7335594,0.7335594,0.22081883,0.4251341,0.0,0.0,0.0,0.30102378,0.1383698,0.5795496,0.0,0.7335594,0.0,0.7335594,0.7335594,0.7335594,-0.0,11.1,18.656837,18.0,18.0,2.0
resstock-amy2018-2021-release-1-529678,0.0,0.0,1.2915267,0.0,0.0,1.370207,0.0,0.0,0.0,0.0,0.0,0.0,0.0,0.0,0.0,0.0,0.0,0.0,13.49492073059082,0.0,-0.0,0.0,0.0,-0.0,0.0,-0.0,0.0,0.0,-0.0,0.0,9.258355,0.0,0.0,0.66407716,2.034284,0.55146956,1.1353791,0.0,0.0,0.0,0.27108777,0.1383698,0.55812216,0.0,2.034284,0.0,2.034284,2.034284,0.66407716,-0.0,10.6,18.331322,18.467592,18.467592,2.0
resstock-amy2018-2021-release-1-529678,0.0,0.0,1.5090218,0.0,0.0,1.6009519,0.0,0.0,0.0,0.0,0.0,0.0,0.0,0.0,1.2285,1.2285,0.0,0.08496835,13.494892120361328,1.1466387280647439,-0.0,1.2285,0.0,-0.0,0.0,-0.0,0.0,0.0,-0.0,0.0,9.258355,0.0,0.0,0.49983615,3.329288,0.8385582,1.7815481,0.0,0.0,0.0,0.25187314,0.1383698,0.5351139,0.0,3.329288,0.0,2.100788,2.100788,0.49983615,-0.0,11.1,18.063297,18.157408,18.157408,2.0
resstock-amy2018-2021-release-1-529678,0.0,0.0,0.37725136,0.0,0.0,0.40023363,0.0,0.0,0.0,0.0,0.0,0.0,0.0,0.0,1.2285,1.2285,0.0,0.16957061,13.494863510131836,2.288332236297066,-0.0,1.2285,0.0,-0.0,0.0,-0.0,0.0,0.0,-0.0,0.0,9.258355,0.0,0.0,0.41828248,2.0470161,0.44831684,1.0394895,0.0,0.0,0.0,0.21900992,0.1383698,0.5078072,0.0,2.0470161,0.0,0.81851614,0.81851614,0.41828248,-0.0,10.0,17.57843,17.666666,17.666666,2.0
resstock-amy2018-2021-release-1-529678,0.0,0.0,0.0,0.0,0.0,0.0,0.0,0.0,0.0,0.0,0.0,0.0,0.0,0.0,1.2285,1.2285,0.0,0.25380835,13.494834899902344,3.42510177097779,-0.0,1.2285,0.0,-0.0,0.0,-0.0,0.0,0.0,-0.0,0.0,9.258355,0.0,0.0,0.35101247,1.5795125,0.33991808,0.8184323,0.0,0.0,0.0,0.21520443,0.1383698,0.518155,0.0,1.5795125,0.0,0.35101247,0.35101247,0.35101247,-0.0,10.0,17.159973,17.666666,17.666666,2.0
resstock-amy2018-2021-release-1-529678,0.0,0.0,0.0,0.0,0.0,0.0,0.0,0.0,0.0,0.0,0.0,0.0,0.0,0.0,1.2285,1.2285,0.0,0.33768317,13.494806289672852,4.556968980384397,-0.0,1.2285,0.0,-0.0,0.0,-0.0,0.0,0.0,-0.0,0.0,9.258355,0.0,0.0,0.31071812,1.5392182,0.3112312,0.72836417,0.0,0.0,0.0,0.20220083,0.1383698,0.473204,0.0,1.5392182,0.0,0.31071818,0.31071818,0.31071812,-0.0,9.4,16.67761,17.666666,17.666666,2.0
resstock-amy2018-2021-release-1-529678,0.0,0.0,0.0,0.0,0.0,0.0,0.0,0.0,0.0,0.0,0.0,0.0,0.0,0.0,1.2285,1.2285,0.0,0.4211966,13.49477767944336,5.683954607715691,-0.0,1.2285,0.0,-0.0,0.0,-0.0,0.0,0.0,-0.0,0.0,9.258355,0.0,0.0,0.30906937,1.5375694,0.30029288,0.7228378,0.0,0.0,0.0,0.19530363,0.1383698,0.47011718,0.0,1.5375694,0.0,0.3090694,0.3090694,0.30906937,-0.0,8.9,16.21133,17.666666,17.666666,2.0
resstock-amy2018-2021-release-1-529678,0.0,1.083921,0.0,0.0,0.49996454,0.0,0.0,0.0,0.0,0.0,0.0,0.0,0.0,0.0,1.2285,1.2285,0.0,0.50435024,13.494749069213867,6.806079999257122,-0.0,1.2285,0.0,-0.0,0.0,-0.0,0.0,0.0,-0.0,0.0,9.258355,1.083921,0.0,0.3074206,2.035885,0.37846535,0.9379813,0.0,0.0,0.0,0.1858972,0.1383698,0.4607241,0.0,2.035885,0.0,0.8073851,0.8073851,0.3074206,-0.0,8.3,16.662619,17.666666,17.666666,2.0
resstock-amy2018-2021-release-1-529678,0.0,0.7488884,0.0,0.0,0.3522915,0.0,0.0,0.0,0.0,0.0,0.0,0.0,0.0,0.0,1.2285,1.2285,0.0,0.58714557,13.494720458984375,7.923365294591349,-0.0,1.2285,0.0,-0.0,0.0,-0.0,0.0,0.0,-0.0,0.0,9.258355,0.7488884,0.0,0.40485135,1.9856429,0.40510872,0.9532622,0.0,0.0,0.0,0.20401892,0.1383698,0.48007736,0.0,1.9856429,0.0,0.7571429,0.7571429,0.40485135,-0.0,7.5,16.283104,17.666666,17.666666,2.0
resstock-amy2018-2021-release-1-529678,0.0,1.0322946,0.0,0.0,0.49507096,0.0,0.0,0.0,0.0,0.0,0.0,0.0,0.0,0.0,1.2285,1.2285,0.0,0.66958416,13.494691848754883,9.035831839649973,-0.0,1.2285,0.0,-0.0,0.0,-0.0,0.0,0.0,-0.0,0.0,9.258355,1.0322946,0.0,0.30577186,2.029343,0.448379,1.0674715,0.0,0.0,0.0,0.22094788,0.1383698,0.5260183,0.0,2.029343,0.0,0.8008429,0.8008429,0.30577186,-0.0,6.7,16.167,17.666666,17.666666,2.0
resstock-amy2018-2021-release-1-529678,0.0,1.1197973,1.7560219,0.0,0.5165127,1.8629993,0.0,0.0,0.0,0.0,0.0,0.0,0.0,0.0,1.2285,1.2285,0.0,0.75166756,13.49466323852539,10.143500578011526,-0.0,1.2285,0.0,-0.0,0.0,-0.0,0.0,0.0,-0.0,0.0,9.258355,1.1197973,0.0,0.37210277,3.980115,1.2083216,2.1377366,0.0,0.0,0.0,0.3035896,0.1383698,0.53710425,0.0,3.980115,0.0,2.751615,2.751615,0.37210277,-0.0,8.3,16.354813,18.898148,18.898148,2.0
resstock-amy2018-2021-release-1-529678,0.0,1.8982284,0.37753338,0.0,0.82555807,0.40053284,0.0,0.0,0.0,0.0,0.0,0.0,0.0,0.0,1.2285,1.2285,0.0,0.8333973,13.494634628295898,11.246392453077192,-0.0,1.2285,0.0,-0.0,0.0,-0.0,0.0,0.0,-0.0,0.0,9.258355,1.8982284,0.0,0.3985133,2.853104,0.89594036,1.5807731,0.0,0.0,0.0,0.31402302,0.1383698,0.5540538,0.0,2.853104,0.0,1.6246041,1.6246041,0.3985133,-0.0,10.6,17.213673,20.0,20.0,2.0
resstock-amy2018-2021-release-1-529678,0.0,2.0805988,0.37753233,0.0,0.8786569,0.40053174,0.0,0.0,0.0,0.0,0.0,0.0,0.0,0.0,1.2285,1.2285,0.0,0.914775,13.494606018066406,12.3445284080708,-0.0,1.2285,0.0,-0.0,0.0,-0.0,0.0,0.0,-0.0,0.0,9.258355,2.0805988,0.0,0.31401563,2.8070526,1.0121017,1.545435,0.0,0.0,0.0,0.3605567,0.1383698,0.55055434,0.0,2.8070526,0.0,1.5785526,1.5932043,0.31401563,-0.01465166,11.7,17.697353,19.449074,19.449074,2.0
resstock-amy2018-2021-release-1-529678,0.0,1.5911858,0.0,0.0,0.6628598,0.0,0.0,0.0,0.0,0.0,0.0,0.0,0.0,0.0,-1.08,0.0,-1.08,0.8248039,13.494580268859863,11.130382283449137,1.08,0.0,0.0,-0.0,0.0,-0.0,0.0,0.0,-0.0,0.0,9.258355,1.5911858,0.0,0.31401563,-0.14632457,-0.05097861,0.0,0.0,0.0,0.0,0.34839404,0.1383698,0.5477178,0.0,0.0,-0.14632457,0.93367547,0.9768754,0.31401563,-0.043199953,12.2,17.850903,18.0,18.0,2.0
resstock-amy2018-2021-release-1-529678,0.0,0.0,0.0,0.0,0.0,0.0,0.0,0.0,0.0,0.0,0.0,0.0,0.0,0.0,-1.08,0.0,-1.08,0.73522043,13.49455451965332,9.921472207385705,1.08,0.0,0.0,-0.0,0.0,-0.0,0.0,0.0,-0.0,0.0,9.258355,0.0,0.0,0.31236687,-0.832271,-0.25502366,0.0,0.0,0.0,0.0,0.30641901,0.1383698,0.56388545,0.0,0.0,-0.832271,0.24772906,0.31236684,0.31236687,-0.06463778,12.2,17.385784,18.0,18.0,2.0
resstock-amy2018-2021-release-1-529678,0.0,0.0,0.0,0.0,0.0,0.0,0.0,0.0,0.0,0.0,0.0,0.0,0.0,0.0,-1.08,0.0,-1.08,0.64602304,13.494528770446777,8.717776432845994,1.08,0.0,0.0,-0.0,0.0,-0.0,0.0,0.0,-0.0,0.0,9.258355,0.0,0.0,0.59299695,-0.54203427,-0.16131398,0.0,0.0,0.0,0.0,0.29760846,0.1383698,0.5585167,0.0,0.0,-0.54203427,0.5379658,0.59299695,0.59299695,-0.05503116,12.2,17.332806,19.444445,19.444445,2.0
resstock-amy2018-2021-release-1-529678,0.0,1.883248,0.28754508,0.0,0.7953137,0.30506244,0.0,0.0,0.0,0.0,0.0,0.0,0.0,0.0,-1.08,0.0,-1.08,0.55720985,13.494503021240234,7.519269995621016,1.08,0.0,0.0,-0.0,0.0,-0.0,0.0,0.0,-0.0,0.0,9.258355,1.883248,0.0,0.78746253,0.7435471,0.21351413,0.39656776,0.0,0.0,0.0,0.28715616,0.1383698,0.5333459,0.0,0.7435471,0.0,1.8235471,1.8878387,0.78746253,-0.06429159,11.7,18.8604,20.0,20.0,2.0
resstock-amy2018-2021-release-1-529678,0.0,1.0012512,0.3506413,0.0,0.43000618,0.3720025,0.0,0.0,0.0,0.0,0.0,0.0,0.0,0.0,-1.08,0.0,-1.08,0.46877936,13.494477272033691,6.325932355526476,1.08,0.0,0.0,-0.0,0.0,-0.0,0.0,0.0,-0.0,0.0,9.258355,1.0012512,0.0,0.691979,0.33074844,0.09463114,0.17300613,0.0,0.0,0.0,0.28611213,0.1383698,0.5230747,0.0,0.33074844,0.0,1.4107485,1.4939877,0.691979,-0.08323923,11.075,18.68477,20.0,20.0,2.0
resstock-amy2018-2021-release-1-529678,0.0,1.1839011,0.0,0.0,0.49658254,0.0,0.0,0.0,0.0,0.0,0.0,0.0,0.0,0.0,-1.08,0.0,-1.08,0.38072985,13.494451522827148,5.137740559538656,1.08,0.0,0.0,-0.0,0.0,-0.0,0.0,0.0,-0.0,0.0,9.258355,1.1839011,0.0,0.4068044,-0.24757913,-0.072748736,0.0,0.0,0.0,0.0,0.29384035,0.1383698,0.51098293,0.0,0.0,-0.24757913,0.83242095,0.903387,0.4068044,-0.07096604,11.95,19.069263,20.0,20.0,2.0
resstock-amy2018-2021-release-1-529678,0.86834776,0.0,0.0,0.0,0.0,0.0,0.0,0.0,0.0,0.0,0.0,0.0,0.0,0.0,-1.08,0.0,-1.08,0.2930597,13.494425773620605,3.9546724591392604,1.08,0.0,0.0,-0.0,0.0,-0.0,0.0,0.0,-0.0,0.0,9.258355,0.0,0.0,0.51338816,-0.67748713,-0.20975369,0.0,0.0,0.0,0.0,0.30960542,0.1383698,0.4956046,0.0,0.0,-0.67748713,0.4025129,0.51338816,0.51338816,-0.11087525,13.3,18.966858,18.0,18.0,2.0
resstock-amy2018-2021-release-1-529678,0.0,0.0,1.1326015,0.0,0.0,1.2016,0.0,0.0,0.0,0.0,0.0,0.0,0.0,0.0,-1.08,0.0,-1.08,0.2057673,13.494400024414062,2.7767063081432752,1.08,0.0,0.0,-0.0,0.0,-0.0,0.0,0.0,-0.0,0.0,9.258355,0.0,0.0,0.3189619,0.40731812,0.13077496,0.20604017,0.0,0.0,0.0,0.32106346,0.1383698,0.50584584,0.0,0.40731812,0.0,1.4873182,1.5205618,0.3189619,-0.033243626,12.8,18.930069,18.0,18.0,2.0
resstock-amy2018-2021-release-1-529678,0.0,0.0,1.5101317,0.0,0.0,1.6021295,0.0,0.0,0.0,0.0,0.0,0.0,0.0,0.0,-1.08,0.0,-1.08,0.118851,13.49437427520752,1.603819857826828,1.08,0.0,0.0,-0.0,0.0,-0.0,0.0,0.0,-0.0,0.0,9.258355,0.0,0.0,0.32555693,0.8469994,0.28244966,0.4724846,0.0,0.0,0.0,0.3334709,0.1383698,0.55783343,0.0,0.8469994,0.0,1.9269994,1.9276865,0.32555693,-0.00068694877,12.2,18.854443,18.0,18.0,2.0
resstock-amy2018-2021-release-1-529678,0.0,0.0,0.3775329,0.0,0.0,0.40053234,0.0,0.0,0.0,0.0,0.0,0.0,0.0,0.0,-1.08,0.0,-1.08,0.032309175,13.494348526000977,0.43599126179856285,1.08,0.0,0.0,-0.0,0.0,-0.0,0.0,0.0,-0.0,0.0,9.258355,0.0,0.0,0.35885778,-0.32060996,-0.10335376,0.0,0.0,0.0,0.0,0.32236603,0.1383698,0.6132246,0.0,0.0,-0.32060996,0.7593901,0.7593901,0.35885778,-0.0,12.2,18.679813,18.0,18.0,2.0
resstock-amy2018-2021-release-1-529678,0.20757762,0.0,3.477566,0.0,0.0,3.6894205,0.0,0.0,0.0,0.0,0.0,0.0,0.0,0.0,-0.40385523,0.0,-0.40385523,0.0,13.494338989257812,0.0,0.40385523,0.0,0.0,-0.0,0.0,-0.0,0.0,0.0,-0.0,0.0,9.258355,0.0,0.0,0.4814147,3.76698,1.1991032,2.328497,0.0,0.0,0.0,0.31831953,0.1383698,0.6181336,0.0,3.76698,0.0,4.170835,4.170835,0.4814147,-0.0,12.8,18.587746,18.0,18.0,2.0
resstock-amy2018-2021-release-1-529678,0.0,0.0,0.24061711,0.0,0.0,0.25527558,0.0,0.0,0.0,0.0,0.0,0.0,0.0,0.0,0.0,0.0,0.0,0.0,13.494338989257812,0.0,-0.0,0.0,0.0,-0.0,0.0,-0.0,0.0,0.0,-0.0,0.0,9.258355,0.0,0.0,0.7335594,0.988835,0.30726695,0.6047774,0.0,0.0,0.0,0.31073633,0.1383698,0.611606,0.0,0.988835,0.0,0.988835,0.988835,0.7335594,-0.0,12.2,18.396198,19.291666,19.291666,2.0
resstock-amy2018-2021-release-1-529678,0.0,0.0,2.5963202,0.0,0.0,2.754489,0.0,0.0,0.0,0.0,0.0,0.0,0.0,0.0,0.0,0.0,0.0,0.0,13.494338989257812,0.0,-0.0,0.0,0.0,-0.0,0.0,-0.0,0.0,0.0,-0.0,0.0,9.258355,0.0,0.0,0.66407716,3.4185662,1.0511329,2.0509236,0.0,0.0,0.0,0.3074777,0.1383698,0.5999368,0.0,3.4185662,0.0,3.4185662,3.4185662,0.66407716,-0.0,12.8,18.264645,20.555555,20.555555,2.0
resstock-amy2018-2021-release-1-529678,0.0,1.7062498,0.24493495,0.0,0.71079344,0.25985646,0.0,0.0,0.0,0.0,0.0,0.0,0.0,0.0,1.2285,1.2285,0.0,0.08496835,13.49431037902832,1.14658929846307,-0.0,1.2285,0.0,-0.0,0.0,-0.0,0.0,0.0,-0.0,0.0,9.258355,1.7062498,0.0,0.40939903,2.6085489,0.7783681,1.5452689,0.0,0.0,0.0,0.29839122,0.1383698,0.5923864,0.0,2.6085489,0.0,1.3800489,1.3800489,0.40939903,-0.0,12.2,19.46494,20.0,20.0,2.0
resstock-amy2018-2021-release-1-529678,0.0,0.0,0.0,0.0,0.0,0.0,0.0,0.0,0.0,0.0,0.0,0.0,0.0,0.0,1.2285,1.2285,0.0,0.16957061,13.494281768798828,2.288233590064408,-0.0,1.2285,0.0,-0.0,0.0,-0.0,0.0,0.0,-0.0,0.0,9.258355,0.0,0.0,0.31401563,1.5425156,0.4055428,0.9271834,0.0,0.0,0.0,0.26291,0.1383698,0.60108525,0.0,1.5425156,0.0,0.31401563,0.31401563,0.31401563,-0.0,12.2,18.510326,20.0,20.0,2.0
resstock-amy2018-2021-release-1-529678,0.0,1.1094956,0.0,0.0,0.4621962,0.0,0.0,0.0,0.0,0.0,0.0,0.0,0.0,0.0,1.2285,1.2285,0.0,0.25380835,13.494253158569336,3.424954120170298,-0.0,1.2285,0.0,-0.0,0.0,-0.0,0.0,0.0,-0.0,0.0,9.258355,1.1094956,0.0,0.31236687,2.0030632,0.4903114,1.1292906,0.0,0.0,0.0,0.2447808,0.1383698,0.5637818,0.0,2.0030632,0.0,0.7745632,0.7745632,0.31236687,-0.0,12.2,18.958128,20.0,20.0,2.0
resstock-amy2018-2021-release-1-529678,0.0,0.7770854,0.0,0.0,0.32372,0.0,0.0,0.0,0.0,0.0,0.0,0.0,0.0,0.0,1.2285,1.2285,0.0,0.33768317,13.494224548339844,4.556772536126346,-0.0,1.2285,0.0,-0.0,0.0,-0.0,0.0,0.0,-0.0,0.0,9.258355,0.7770854,0.0,0.31071812,1.8629382,0.39205533,1.1175228,0.0,0.0,0.0,0.21045,0.1383698,0.59987116,0.0,1.8629382,0.0,0.63443816,0.63443816,0.31071812,-0.0,12.2,18.635294,19.444445,19.444445,2.0
resstock-amy2018-2021-release-1-529678,0.0,0.0,0.0,0.0,0.0,0.0,0.0,0.0,0.0,0.0,0.0,0.0,0.0,0.0,1.2285,1.2285,0.0,0.4211966,13.494195938110352,5.683709580238485,-0.0,1.2285,0.0,-0.0,0.0,-0.0,0.0,0.0,-0.0,0.0,9.258355,0.0,0.0,0.30906937,1.5375694,0.32358146,0.93276215,0.0,0.0,0.0,0.21045,0.1383698,0.6066472,0.0,1.5375694,0.0,0.3090694,0.3090694,0.30906937,-0.0,12.2,17.922253,19.444445,19.444445,2.0
resstock-amy2018-2021-release-1-529678,0.0,1.133715,0.0,0.0,0.47228557,0.0,0.0,0.0,0.0,0.0,0.0,0.0,0.0,0.0,1.2285,1.2285,0.0,0.50435024,13.49416732788086,6.805786597873293,-0.0,1.2285,0.0,-0.0,0.0,-0.0,0.0,0.0,-0.0,0.0,9.258355,1.133715,0.0,0.3074206,2.0082061,0.42262697,1.2695152,0.0,0.0,0.0,0.21045,0.1383698,0.63216376,0.0,2.0082061,0.0,0.7797061,0.7797061,0.3074206,-0.0,12.2,18.51708,19.444445,19.444445,2.0
resstock-amy2018-2021-release-1-529678,0.0,0.0,0.0,0.0,0.0,0.0,0.0,0.0,0.0,0.0,0.0,0.0,0.0,0.0,1.2285,1.2285,0.0,0.58714557,13.494138717651367,7.923023727746568,-0.0,1.2285,0.0,-0.0,0.0,-0.0,0.0,0.0,-0.0,0.0,9.258355,0.0,0.0,0.32932013,1.5578201,0.33734593,0.99790764,0.0,0.0,0.0,0.21655,0.1383698,0.6405795,0.0,1.5578201,0.0,0.32932007,0.32932007,0.32932013,-0.0,11.7,17.776993,18.88889,18.88889,2.0
resstock-amy2018-2021-release-1-529678,0.0,0.8281306,0.0,0.0,0.3554191,0.0,0.0,0.0,0.0,0.0,0.0,0.0,0.0,0.0,1.2285,1.2285,0.0,0.66958416,13.494110107421875,9.035442314871034,-0.0,1.2285,0.0,-0.0,0.0,-0.0,0.0,0.0,-0.0,0.0,9.258355,0.8281306,0.0,0.30577186,1.889691,0.46915358,1.2031009,0.0,0.0,0.0,0.24827,0.1383698,0.6366654,0.0,1.889691,0.0,0.661191,0.661191,0.30577186,-0.0,11.1,17.994484,18.88889,18.88889,2.0
resstock-amy2018-2021-release-1-529678,0.0,0.0,0.0,0.0,0.0,0.0,0.0,0.0,0.0,0.0,0.0,0.0,0.0,0.0,1.2285,1.2285,0.0,0.75166756,13.494081497192383,10.14306330192369,-0.0,1.2285,0.0,-0.0,0.0,-0.0,0.0,0.0,-0.0,0.0,9.258355,0.0,0.0,0.37210277,1.6006027,0.51259303,1.012397,0.0,0.0,0.0,0.32025,0.1383698,0.6325099,0.0,1.6006027,0.0,0.37210274,0.37210274,0.37210277,-0.0,10.8,17.47338,18.583334,18.583334,2.0
resstock-amy2018-2021-release-1-529678,0.0,0.82668453,0.6364818,0.0,0.35479847,0.6752565,0.0,0.0,0.0,0.0,0.0,0.0,0.0,0.0,1.2285,1.2285,0.0,0.8333973,13.49405288696289,11.24590763140418,-0.0,1.2285,0.0,-0.0,0.0,-0.0,0.0,0.0,-0.0,0.0,9.258355,0.82668453,0.0,0.3985133,2.6570683,0.9110907,1.6894411,0.0,0.0,0.0,0.3428932,0.1383698,0.63582903,0.0,2.6570683,0.0,1.4285682,1.4285682,0.3985133,-0.0,11.1,17.83475,19.851852,19.851852,2.0
resstock-amy2018-2021-release-1-529678,0.0,1.5031463,0.37780216,0.0,0.6261841,0.400818,0.0,0.0,0.0,0.0,0.0,0.0,0.0,0.0,1.2285,1.2285,0.0,0.914775,13.494024276733398,12.343996245634798,-0.0,1.2285,0.0,-0.0,0.0,-0.0,0.0,0.0,-0.0,0.0,9.258355,1.5031463,0.0,0.40468776,2.6454005,0.9641824,1.6871797,0.0,0.0,0.0,0.364475,0.1383698,0.6377785,0.0,2.6454005,0.0,1.4169005,1.4316897,0.40468776,-0.014789184,12.2,18.4281,20.555555,20.555555,2.0
resstock-amy2018-2021-release-1-529678,0.0,1.900139,0.3778012,0.0,0.80244696,0.40081698,0.0,0.0,0.0,0.0,0.0,0.0,0.0,0.0,-1.08,0.0,-1.08,0.8248039,13.493998527526855,11.129902460935398,1.08,0.0,0.0,-0.0,0.0,-0.0,0.0,0.0,-0.0,0.0,9.258355,1.900139,0.0,0.40506995,0.4840913,0.16840827,0.3098822,0.0,0.0,0.0,0.34788534,0.1383698,0.6401317,0.0,0.4840913,0.0,1.5640913,1.6083338,0.40506995,-0.04424254,11.7,18.832108,19.25,19.25,2.0
resstock-amy2018-2021-release-1-529678,0.0,0.0,1.8514305,0.0,0.0,1.9642203,0.0,0.0,0.0,0.0,0.0,0.0,0.0,0.0,-1.08,0.0,-1.08,0.73522043,13.493972778320312,9.921044499271375,1.08,0.0,0.0,-0.0,0.0,-0.0,0.0,0.0,-0.0,0.0,9.258355,0.0,0.0,0.4851918,1.3028238,0.43571135,0.8424166,0.0,0.0,0.0,0.33443615,0.1383698,0.64660823,0.0,1.3028238,0.0,2.382824,2.4494123,0.4851918,-0.066588335,12.8,18.146505,20.0,20.0,2.0
resstock-amy2018-2021-release-1-529678,0.0,1.7428421,0.49610436,0.0,0.69808793,0.5263272,0.0,0.0,0.0,0.0,0.0,0.0,0.0,0.0,-1.08,0.0,-1.08,0.64602304,13.49394702911377,8.717400614544431,1.08,0.0,0.0,-0.0,0.0,-0.0,0.0,0.0,-0.0,0.0,9.258355,1.7428421,0.0,0.8410414,0.8810349,0.27086043,0.5686954,0.0,0.0,0.0,0.30743438,0.1383698,0.6454857,0.0,0.8810349,0.0,1.961035,2.0654564,0.8410414,-0.1044215,13.6,19.653503,20.0,20.0,2.0
resstock-amy2018-2021-release-1-529678,0.0,0.0,3.2932794,0.0,0.0,3.4939072,0.0,0.0,0.0,0.0,0.0,0.0,0.0,0.0,-1.08,0.0,-1.08,0.55720985,13.493921279907227,7.518945843620486,1.08,0.0,0.0,-0.0,0.0,-0.0,0.0,0.0,-0.0,0.0,9.258355,0.0,0.0,0.7598513,3.0198655,0.89562744,1.934728,0.0,0.0,0.0,0.2965786,0.1383698,0.64066696,0.0,3.0198655,0.0,4.0998654,4.2537584,0.7598513,-0.15389305,13.9,19.095385,20.0,20.0,2.0
resstock-amy2018-2021-release-1-529678,0.0,0.0,2.3419566,0.0,0.0,2.4846294,0.0,0.0,0.0,0.0,0.0,0.0,0.0,0.0,-1.08,0.0,-1.08,0.46877936,13.493895530700684,6.325659647199444,1.08,0.0,0.0,-0.0,0.0,-0.0,0.0,0.0,-0.0,0.0,9.258355,0.0,0.0,0.40940768,1.6505857,0.48982194,1.0503647,0.0,0.0,0.0,0.29675645,0.1383698,0.6363588,0.0,1.6505857,0.0,2.7305856,2.894037,0.40940768,-0.1634514,13.9,19.32125,20.0,20.0,2.0
resstock-amy2018-2021-release-1-529678,0.0,0.0,0.37780157,0.0,0.0,0.40081736,0.0,0.0,0.0,0.0,0.0,0.0,0.0,0.0,-1.08,0.0,-1.08,0.38072985,13.49386978149414,5.137519073245812,1.08,0.0,0.0,-0.0,0.0,-0.0,0.0,0.0,-0.0,0.0,9.258355,0.0,0.0,0.59563243,-0.27666977,-0.08877226,0.0,0.0,0.0,0.0,0.32086,0.1383698,0.633447,0.0,0.0,-0.27666977,0.8033303,0.9964498,0.59563243,-0.19311954,13.9,19.66085,20.0,20.0,2.0
resstock-amy2018-2021-release-1-529678,0.0,0.0,0.37780133,0.0,0.0,0.40081713,0.0,0.0,0.0,0.0,0.0,0.0,0.0,0.0,-1.08,0.0,-1.08,0.2930597,13.493844032287598,3.954501974194841,1.08,0.0,0.0,-0.0,0.0,-0.0,0.0,0.0,-0.0,0.0,9.258355,0.0,0.0,0.8019025,-0.024450094,-0.008301343,0.0,0.0,0.0,0.0,0.3395219,0.1383698,0.6319769,0.0,0.0,-0.024450094,1.05555,1.2027196,0.8019025,-0.14716963,14.4,20.129936,21.666666,21.666666,2.0
resstock-amy2018-2021-release-1-529678,0.0,1.457492,0.0,0.0,0.5787837,0.0,0.0,0.0,0.0,0.0,0.0,0.0,0.0,0.0,-1.08,0.0,-1.08,0.2057673,13.493818283081055,2.7765866047977283,1.08,0.0,0.0,-0.0,0.0,-0.0,0.0,0.0,-0.0,0.0,9.258355,1.457492,0.0,0.73421997,0.15939888,0.058069684,0.10063794,0.0,0.0,0.0,0.3643042,0.1383698,0.63135916,0.0,0.15939888,0.0,1.239399,1.3130037,0.73421997,-0.073604725,13.9,21.4445,22.222221,22.222221,2.0
resstock-amy2018-2021-release-1-529678,0.0,0.0,0.0,0.0,0.0,0.0,0.0,0.0,0.0,0.0,0.0,0.0,0.0,0.0,-1.08,0.0,-1.08,0.118851,13.493792533874512,1.6037507172884844,1.08,0.0,0.0,-0.0,0.0,-0.0,0.0,0.0,-0.0,0.0,9.258355,0.0,0.0,0.60630786,-0.4757664,-0.1896107,0.0,0.0,0.0,0.0,0.3985374,0.1383698,0.64010644,0.0,0.0,-0.4757664,0.6042336,0.6063078,0.60630786,-0.0020742107,12.8,20.649477,21.666666,21.666666,2.0
resstock-amy2018-2021-release-1-529678,0.43239927,0.9196438,0.7556006,0.0,0.3831073,0.801632,0.0,0.0,0.0,0.0,0.0,0.0,0.0,0.0,-1.08,0.0,-1.08,0.032309175,13.493766784667969,0.4359724662162989,1.08,0.0,0.0,-0.0,0.0,-0.0,0.0,0.0,-0.0,0.0,9.258355,0.9196438,0.0,0.8380943,0.9428336,0.3338966,0.5970257,0.0,0.0,0.0,0.3541416,0.1383698,0.6332249,0.0,0.9428336,0.0,2.0228336,2.0228336,0.8380943,-0.0,12.2,21.080963,20.0,20.0,2.0
resstock-amy2018-2021-release-1-529678,0.0,0.0,0.24682617,0.0,0.0,0.2618629,0.0,0.0,0.0,0.0,0.0,0.0,0.0,0.0,-0.40385523,0.0,-0.40385523,0.0,13.493757247924805,0.0,0.40385523,0.0,0.0,-0.0,0.0,-0.0,0.0,0.0,-0.0,0.0,9.258355,0.0,0.0,1.9072245,1.7652322,0.6190044,1.0860548,0.0,0.0,0.0,0.3506646,0.1383698,0.61524755,0.0,1.7652322,0.0,2.1690874,2.1690874,1.9072245,-0.0,12.2,20.47749,20.0,20.0,2.0
resstock-amy2018-2021-release-1-529678,0.0,0.0,0.0,0.0,0.0,0.0,0.0,0.0,0.0,0.0,0.0,0.0,0.0,0.0,0.0,0.0,0.0,0.0,13.493757247924805,0.0,-0.0,0.0,0.0,-0.0,0.0,-0.0,0.0,0.0,-0.0,0.0,9.258355,0.0,0.0,0.7335594,0.7335594,0.24968897,0.43130723,0.0,0.0,0.0,0.34038,0.1383698,0.58796495,0.0,0.7335594,0.0,0.7335594,0.7335594,0.7335594,-0.0,11.1,20.03534,19.541666,19.541666,2.0
resstock-amy2018-2021-release-1-529678,0.0,0.0,2.4824305,0.0,0.0,2.633661,0.0,0.0,0.0,0.0,0.0,0.0,0.0,0.0,0.0,0.0,0.0,0.0,13.493757247924805,0.0,-0.0,0.0,0.0,-0.0,0.0,-0.0,0.0,0.0,-0.0,0.0,9.258355,0.0,0.0,0.66407716,3.297738,1.1164492,1.8004785,0.0,0.0,0.0,0.33855,0.1383698,0.5459738,0.0,3.297738,0.0,3.297738,3.297738,0.66407716,-0.0,11.1,19.735558,21.11111,21.11111,2.0
resstock-amy2018-2021-release-1-529678,0.0,1.0244997,0.0,0.0,0.4455649,0.0,0.0,0.0,0.0,0.0,0.0,0.0,0.0,0.0,1.2285,1.2285,0.0,0.08496835,13.493728637695312,1.146539868861396,-0.0,1.2285,0.0,-0.0,0.0,-0.0,0.0,0.0,-0.0,0.0,9.258355,1.0244997,0.0,0.49983615,2.173901,0.70812654,1.0824016,0.0,0.0,0.0,0.32574,0.1383698,0.4979075,0.0,2.173901,0.0,0.9454011,0.9454011,0.49983615,-0.0,10.6,20.157324,21.11111,21.11111,2.0
resstock-amy2018-2021-release-1-529678,0.0,0.0,0.0,0.0,0.0,0.0,0.0,0.0,0.0,0.0,0.0,0.0,0.0,0.0,1.2285,1.2285,0.0,0.16957061,13.49370002746582,2.28813494383175,-0.0,1.2285,0.0,-0.0,0.0,-0.0,0.0,0.0,-0.0,0.0,9.258355,0.0,0.0,0.36614907,1.5946491,0.50395507,0.7419139,0.0,0.0,0.0,0.3160288,0.1383698,0.46525216,0.0,1.5946491,0.0,0.36614907,0.36614907,0.36614907,-0.0,11.1,19.318916,20.555555,20.555555,2.0
resstock-amy2018-2021-release-1-529678,0.0,0.92103773,0.0,0.0,0.41860914,0.0,0.0,0.0,0.0,0.0,0.0,0.0,0.0,0.0,1.2285,1.2285,0.0,0.25380835,13.493671417236328,3.4248064693628066,-0.0,1.2285,0.0,-0.0,0.0,-0.0,0.0,0.0,-0.0,0.0,9.258355,0.92103773,0.0,0.35101247,1.9981216,0.56852233,0.90217113,0.0,0.0,0.0,0.2845284,0.1383698,0.45150962,0.0,1.9981216,0.0,0.7696216,0.7696216,0.35101247,-0.0,8.89,19.299252,20.555555,20.555555,2.0
resstock-amy2018-2021-release-1-529678,0.0,0.93660396,0.5301346,0.0,0.4165111,0.5624306,0.0,0.0,0.0,0.0,0.0,0.0,0.0,0.0,1.2285,1.2285,0.0,0.33768317,13.493642807006836,4.556576091868294,-0.0,1.2285,0.0,-0.0,0.0,-0.0,0.0,0.0,-0.0,0.0,9.258355,0.93660396,0.0,0.33911064,2.5465524,0.6915061,1.1313542,0.0,0.0,0.0,0.27154598,0.1383698,0.44426897,0.0,2.5465524,0.0,1.3180524,1.3180524,0.33911064,-0.0,9.745,19.110794,20.0,20.0,2.0
resstock-amy2018-2021-release-1-529678,0.0,0.0,0.0,0.0,0.0,0.0,0.0,0.0,0.0,0.0,0.0,0.0,0.0,0.0,1.2285,1.2285,0.0,0.4211966,13.493614196777344,5.683464552761279,-0.0,1.2285,0.0,-0.0,0.0,-0.0,0.0,0.0,-0.0,0.0,9.258355,0.0,0.0,0.33242482,1.5609248,0.3875308,0.6944324,0.0,0.0,0.0,0.24827,0.1383698,0.44488522,0.0,1.5609248,0.0,0.33242476,0.33242476,0.33242482,-0.0,10.6,18.283558,20.0,20.0,2.0
resstock-amy2018-2021-release-1-529678,0.0,1.2783908,0.24872999,0.0,0.55403215,0.2638827,0.0,0.0,0.0,0.0,0.0,0.0,0.0,0.0,1.2285,1.2285,0.0,0.50435024,13.493585586547852,6.805493196489465,-0.0,1.2285,0.0,-0.0,0.0,-0.0,0.0,0.0,-0.0,0.0,9.258355,1.2783908,0.0,0.3276093,2.3740242,0.58418566,1.0677795,0.0,0.0,0.0,0.246074,0.1383698,0.4497762,0.0,2.3740242,0.0,1.1455241,1.1455241,0.3276093,-0.0,10.733334,18.968744,19.444445,19.444445,2.0
resstock-amy2018-2021-release-1-529678,0.0,0.0,0.0,0.0,0.0,0.0,0.0,0.0,0.0,0.0,0.0,0.0,0.0,0.0,1.2285,1.2285,0.0,0.58714557,13.49355697631836,7.922682160901786,-0.0,1.2285,0.0,-0.0,0.0,-0.0,0.0,0.0,-0.0,0.0,9.258355,0.0,0.0,0.30577186,1.5342718,0.3855932,0.69619656,0.0,0.0,0.0,0.25132,0.1383698,0.45376348,0.0,1.5342718,0.0,0.30577183,0.30577183,0.30577186,-0.0,10.6,18.11913,19.444445,19.444445,2.0
resstock-amy2018-2021-release-1-529678,0.0,0.9870832,0.0,0.0,0.43607613,0.0,0.0,0.0,0.0,0.0,0.0,0.0,0.0,0.0,1.2285,1.2285,0.0,0.66958416,13.493528366088867,9.035052790092095,-0.0,1.2285,0.0,-0.0,0.0,-0.0,0.0,0.0,-0.0,0.0,9.258355,0.9870832,0.0,0.34008983,2.0046659,0.54783505,0.9234066,0.0,0.0,0.0,0.27328,0.1383698,0.4606287,0.0,2.0046659,0.0,0.77616584,0.77616584,0.34008983,-0.0,10.0,18.509521,18.88889,18.88889,2.0
resstock-amy2018-2021-release-1-529678,0.0,0.0,0.23210752,0.0,0.0,0.24624759,0.0,0.0,0.0,0.0,0.0,0.0,0.0,0.0,1.2285,1.2285,0.0,0.75166756,13.493499755859375,10.142626025835852,-0.0,1.2285,0.0,-0.0,0.0,-0.0,0.0,0.0,-0.0,0.0,9.258355,0.0,0.0,0.43513617,1.9098837,0.5885727,0.89205104,0.0,0.0,0.0,0.308172,0.1383698,0.46707085,0.0,1.9098837,0.0,0.6813837,0.6813837,0.43513617,-0.0,8.33,17.784435,18.310184,18.310184,2.0
resstock-amy2018-2021-release-1-529678,0.0,0.0,0.0,0.0,0.0,0.0,0.0,0.0,0.0,0.0,0.0,0.0,0.0,0.0,1.2285,1.2285,0.0,0.8333973,13.493471145629883,11.245422809731167,-0.0,1.2285,0.0,-0.0,0.0,-0.0,0.0,0.0,-0.0,0.0,9.258355,0.0,0.0,0.57080615,1.7993062,0.58061814,0.870843,0.0,0.0,0.0,0.32269,0.1383698,0.48398823,0.0,1.7993062,0.0,0.57080615,0.57080615,0.57080615,-0.0,8.885,17.635447,19.38426,19.38426,2.0
resstock-amy2018-2021-release-1-529678,0.0,1.3025008,0.0,0.0,0.58377725,0.0,0.0,0.0,0.0,0.0,0.0,0.0,0.0,0.0,1.2285,1.2285,0.0,0.914775,13.49344253540039,12.343464083198796,-0.0,1.2285,0.0,-0.0,0.0,-0.0,0.0,0.0,-0.0,0.0,9.258355,1.3025008,0.0,0.58603203,2.3918161,0.86376184,1.1810684,0.0,0.0,0.0,0.3611322,0.1383698,0.49379566,0.0,2.3918161,0.0,1.1633161,1.1698092,0.58603203,-0.0064931484,9.44,18.621792,20.0,20.0,2.0
resstock-amy2018-2021-release-1-529678,0.0,1.2297012,0.37805966,0.0,0.5197372,0.4010912,0.0,0.0,0.0,0.0,0.0,0.0,0.0,0.0,-1.08,0.0,-1.08,0.8248039,13.493416786193848,11.129422638421659,1.08,0.0,0.0,-0.0,0.0,-0.0,0.0,0.0,-0.0,0.0,9.258355,1.2297012,0.0,0.49612424,0.3051532,0.10441159,0.1518698,0.0,0.0,0.0,0.3421612,0.1383698,0.49768382,0.0,0.3051532,0.0,1.3851533,1.4169526,0.49612424,-0.031799365,11.67,18.925716,18.148148,18.148148,2.0
resstock-amy2018-2021-release-1-529678,0.0,0.0,0.3780594,0.0,0.0,0.4010909,0.0,0.0,0.0,0.0,0.0,0.0,0.0,0.0,-1.08,0.0,-1.08,0.73522043,13.493391036987305,9.920616791157045,1.08,0.0,0.0,-0.0,0.0,-0.0,0.0,0.0,-0.0,0.0,9.258355,0.0,0.0,0.49251667,-0.27264568,-0.08731145,0.0,0.0,0.0,0.0,0.3202378,0.1383698,0.49480042,0.0,0.0,-0.27264568,0.80735433,0.8936075,0.49251667,-0.08625318,10.6,18.448029,19.5,19.5,2.0
resstock-amy2018-2021-release-1-529678,0.0,0.89683825,0.37806004,0.0,0.3962075,0.40109158,0.0,0.0,0.0,0.0,0.0,0.0,0.0,0.0,-1.08,0.0,-1.08,0.64602304,13.493365287780762,8.717024796242868,1.08,0.0,0.0,-0.0,0.0,-0.0,0.0,0.0,-0.0,0.0,9.258355,0.89683825,0.0,0.55891365,0.17112097,0.05294346,0.08197507,0.0,0.0,0.0,0.309392,0.1383698,0.47904748,0.0,0.17112097,0.0,1.251121,1.3562127,0.55891365,-0.10509173,10.0,19.032574,19.5,19.5,2.0
resstock-amy2018-2021-release-1-529678,0.0,0.0,0.37806025,0.0,0.0,0.4010918,0.0,0.0,0.0,0.0,0.0,0.0,0.0,0.0,-1.08,0.0,-1.08,0.55720985,13.493339538574219,7.5186216916199555,1.08,0.0,0.0,-0.0,0.0,-0.0,0.0,0.0,-0.0,0.0,9.258355,0.0,0.0,0.5332886,-0.29621744,-0.08930553,0.0,0.0,0.0,0.0,0.3014864,0.1383698,0.4772375,0.0,0.0,-0.29621744,0.7837826,0.9343804,0.5332886,-0.15059783,11.5,18.860561,19.5,19.5,2.0
resstock-amy2018-2021-release-1-529678,0.0,0.0,1.5122063,0.0,0.0,1.6043304,0.0,0.0,0.0,0.0,0.0,0.0,0.0,0.0,-1.08,0.0,-1.08,0.46877936,13.493313789367676,6.325386938872413,1.08,0.0,0.0,-0.0,0.0,-0.0,0.0,0.0,-0.0,0.0,9.258355,0.0,0.0,0.40940768,0.74710894,0.22573538,0.35107842,0.0,0.0,0.0,0.3021452,0.1383698,0.46991596,0.0,0.74710894,0.0,1.827109,2.0137382,0.40940768,-0.1866291,12.8,19.099632,21.666666,21.666666,2.0
resstock-amy2018-2021-release-1-529678,0.0,2.3932507,0.0,0.0,0.9668306,0.0,0.0,0.0,0.0,0.0,0.0,0.0,0.0,0.0,-1.08,0.0,-1.08,0.38072985,13.493288040161133,5.137297586952968,1.08,0.0,0.0,-0.0,0.0,-0.0,0.0,0.0,-0.0,0.0,9.258355,2.3932507,0.0,0.4068044,0.09285572,0.028547565,0.043249223,0.0,0.0,0.0,0.30744,0.1383698,0.465768,0.0,0.09285572,0.0,1.1728557,1.373635,0.4068044,-0.20077929,13.3,21.777782,22.222221,22.222221,2.0
resstock-amy2018-2021-release-1-529678,0.0,0.0,0.37806043,0.0,0.0,0.401092,0.0,0.0,0.0,0.0,0.0,0.0,0.0,0.0,-1.08,0.0,-1.08,0.2930597,13.49326229095459,3.9543314892504213,1.08,0.0,0.0,-0.0,0.0,-0.0,0.0,0.0,-0.0,0.0,9.258355,0.0,0.0,0.4137019,-0.46021312,-0.1460919,0.0,0.0,0.0,0.0,0.317444,0.1383698,0.46152812,0.0,0.0,-0.46021312,0.6197869,0.8147938,0.4137019,-0.19500694,13.3,20.888565,22.777779,22.777779,2.0
resstock-amy2018-2021-release-1-529678,0.0,1.7918006,0.0,0.0,0.7115408,0.0,0.0,0.0,0.0,0.0,0.0,0.0,0.0,0.0,-1.08,0.0,-1.08,0.2057673,13.493236541748047,2.7764669014521814,1.08,0.0,0.0,-0.0,0.0,-0.0,0.0,0.0,-0.0,0.0,9.258355,1.7918006,0.0,0.43217692,-0.031033747,-0.010244476,0.0,0.0,0.0,0.0,0.3301076,0.1383698,0.47003612,0.0,0.0,-0.031033747,1.0489663,1.1437178,0.43217692,-0.09475147,13.9,22.304543,22.777779,22.777779,2.0
resstock-amy2018-2021-release-1-529678,0.0,0.0,0.37806,0.0,0.0,0.40109155,0.0,0.0,0.0,0.0,0.0,0.0,0.0,0.0,-1.08,0.0,-1.08,0.118851,13.493210792541504,1.603681576750141,1.08,0.0,0.0,-0.0,0.0,-0.0,0.0,0.0,-0.0,0.0,9.258355,0.0,0.0,0.60630786,-0.07537991,-0.027900804,0.0,0.0,0.0,0.0,0.3701358,0.1383698,0.49698117,0.0,0.0,-0.07537991,1.0046201,1.0073993,0.60630786,-0.002779274,12.2,21.299927,22.777779,22.777779,2.0
resstock-amy2018-2021-release-1-529678,0.0,1.3180101,0.0,0.0,0.5566083,0.0,0.0,0.0,0.0,0.0,0.0,0.0,0.0,0.0,-1.08,0.0,-1.08,0.032309175,13.493185043334961,0.435953670634035,1.08,0.0,0.0,-0.0,0.0,-0.0,0.0,0.0,-0.0,0.0,9.258355,1.3180101,0.0,0.8380943,0.31470263,0.10468048,0.1637707,0.0,0.0,0.0,0.332633,0.1383698,0.52039826,0.0,0.31470263,0.0,1.3947027,1.3947027,0.8380943,-0.0,11.7,22.00562,22.222221,22.222221,2.0
resstock-amy2018-2021-release-1-529678,0.0,0.0,0.75611645,0.0,0.0,0.80217934,0.0,0.0,0.0,0.0,0.0,0.0,0.0,0.0,-0.40385523,0.0,-0.40385523,0.0,13.493175506591797,0.0,0.40385523,0.0,0.0,-0.0,0.0,-0.0,0.0,0.0,-0.0,0.0,9.258355,0.0,0.0,0.7931303,1.1914544,0.389994,0.6182365,0.0,0.0,0.0,0.327326,0.1383698,0.5188923,0.0,1.1914544,0.0,1.5953096,1.5953096,0.7931303,-0.0,10.6,20.870459,22.222221,22.222221,2.0
resstock-amy2018-2021-release-1-529678,0.0,1.1474612,0.0,0.0,0.509119,0.0,0.0,0.0,0.0,0.0,0.0,0.0,0.0,0.0,0.0,0.0,0.0,0.0,13.493175506591797,0.0,-0.0,0.0,0.0,-0.0,0.0,-0.0,0.0,0.0,-0.0,0.0,9.258355,1.1474612,0.0,0.597009,1.106128,0.34816486,0.56651145,0.0,0.0,0.0,0.31476,0.1383698,0.51215726,0.0,1.106128,0.0,1.106128,1.106128,0.597009,-0.0,9.833333,21.151,21.666666,21.666666,2.0
resstock-amy2018-2021-release-1-529678,0.0,0.0,0.0,0.0,0.0,0.0,0.0,0.0,0.0,0.0,0.0,0.0,0.0,0.0,0.0,0.0,0.0,0.0,13.493175506591797,0.0,-0.0,0.0,0.0,-0.0,0.0,-0.0,0.0,0.0,-0.0,0.0,9.258355,0.0,0.0,0.5501379,0.5501379,0.17039618,0.2724544,0.0,0.0,0.0,0.3097336,0.1383698,0.4952475,0.0,0.5501379,0.0,0.5501379,0.5501379,0.5501379,-0.0,9.066667,20.026413,21.666666,21.666666,2.0
resstock-amy2018-2021-release-1-529678,0.0,1.2216458,0.0,0.0,0.56349087,0.0,0.0,0.0,0.0,0.0,0.0,0.0,0.0,0.0,1.2285,1.2285,0.0,0.08496835,13.493146896362305,1.146490439259722,-0.0,1.2285,0.0,-0.0,0.0,-0.0,0.0,0.0,-0.0,0.0,9.258355,1.2216458,0.0,0.49983615,2.2918272,0.69900733,1.0992659,0.0,0.0,0.0,0.305,0.1383698,0.4796461,0.0,2.2918272,0.0,1.0633272,1.0633272,0.49983615,-0.0,8.3,20.33387,21.666666,21.666666,2.0
resstock-amy2018-2021-release-1-529678,0.0,0.9938751,1.5128543,0.0,0.4390767,1.6050179,0.0,0.0,0.0,0.0,0.0,0.0,0.0,0.0,1.2285,1.2285,0.0,0.16957061,13.493118286132812,2.288036297599092,-0.0,1.2285,0.0,-0.0,0.0,-0.0,0.0,0.0,-0.0,0.0,9.258355,0.9938751,0.0,0.36614907,3.6387436,1.0876205,1.7090148,0.0,0.0,0.0,0.2989,0.1383698,0.46967167,0.0,3.6387436,0.0,2.4102435,2.4102435,0.36614907,-0.0,10.0,19.962072,21.11111,21.11111,2.0
resstock-amy2018-2021-release-1-529678,0.0,0.8580056,0.0,0.0,0.3790519,0.0,0.0,0.0,0.0,0.0,0.0,0.0,0.0,0.0,1.2285,1.2285,0.0,0.25380835,13.49308967590332,3.424658818555315,-0.0,1.2285,0.0,-0.0,0.0,-0.0,0.0,0.0,-0.0,0.0,9.258355,0.8580056,0.0,0.31236687,1.9199188,0.57348895,0.94210166,0.0,0.0,0.0,0.2987048,0.1383698,0.4906987,0.0,1.9199188,0.0,0.69141877,0.69141877,0.31236687,-0.0,10.0,19.593174,20.555555,20.555555,2.0
resstock-amy2018-2021-release-1-529678,0.0,0.0,0.0,0.0,0.0,0.0,0.0,0.0,0.0,0.0,0.0,0.0,0.0,0.0,1.2285,1.2285,0.0,0.33768317,13.493061065673828,4.5563796476102425,-0.0,1.2285,0.0,-0.0,0.0,-0.0,0.0,0.0,-0.0,0.0,9.258355,0.0,0.0,0.31071812,1.5392182,0.45455146,0.6425223,0.0,0.0,0.0,0.2953132,0.1383698,0.4174342,0.0,1.5392182,0.0,0.31071818,0.31071818,0.31071812,-0.0,8.3,18.442898,20.0,20.0,2.0
resstock-amy2018-2021-release-1-529678,0.0,1.1597159,0.0,0.0,0.5123423,0.0,0.0,0.0,0.0,0.0,0.0,0.0,0.0,0.0,1.2285,1.2285,0.0,0.4211966,13.493032455444336,5.683219525284073,-0.0,1.2285,0.0,-0.0,0.0,-0.0,0.0,0.0,-0.0,0.0,9.258355,1.1597159,0.0,0.30906937,2.0499115,0.6050158,0.8589934,0.0,0.0,0.0,0.2951424,0.1383698,0.41903928,0.0,2.0499115,0.0,0.8214115,0.8214115,0.30906937,-0.0,10.0,19.054094,20.0,20.0,2.0
resstock-amy2018-2021-release-1-529678,0.0,0.0,0.0,0.0,0.0,0.0,0.0,0.0,0.0,0.0,0.0,0.0,0.0,0.0,1.2285,1.2285,0.0,0.50435024,13.493003845214844,6.805199795105636,-0.0,1.2285,0.0,-0.0,0.0,-0.0,0.0,0.0,-0.0,0.0,9.258355,0.0,0.0,0.3074206,1.5359206,0.42955524,0.65788287,0.0,0.0,0.0,0.2796728,0.1383698,0.4283313,0.0,1.5359206,0.0,0.3074206,0.3074206,0.3074206,-0.0,7.8,17.932125,19.444445,19.444445,2.0
resstock-amy2018-2021-release-1-529678,0.0,1.1263621,0.0,0.0,0.5526562,0.0,0.0,0.0,0.0,0.0,0.0,0.0,0.0,0.0,1.2285,1.2285,0.0,0.58714557,13.492975234985352,7.922340594057005,-0.0,1.2285,0.0,-0.0,0.0,-0.0,0.0,0.0,-0.0,0.0,9.258355,1.1263621,0.0,0.30577186,2.086928,0.6008683,0.9541634,0.0,0.0,0.0,0.28792,0.1383698,0.45720956,0.0,2.086928,0.0,0.8584279,0.8584279,0.30577186,-0.0,5.733333,18.02639,18.88889,18.88889,2.0
resstock-amy2018-2021-release-1-529678,0.0,0.0,0.0,0.0,0.0,0.0,0.0,0.0,0.0,0.0,0.0,0.0,0.0,0.0,1.2285,1.2285,0.0,0.66958416,13.49294662475586,9.034663265313156,-0.0,1.2285,0.0,-0.0,0.0,-0.0,0.0,0.0,-0.0,0.0,9.258355,0.0,0.0,0.30577186,1.5342718,0.45951107,0.74782413,0.0,0.0,0.0,0.2994978,0.1383698,0.48741305,0.0,1.5342718,0.0,0.30577183,0.30577183,0.30577186,-0.0,5.15,17.099506,17.222221,17.222221,2.0
resstock-amy2018-2021-release-1-529678,0.0,0.0,0.0,0.0,0.0,0.0,0.0,0.0,0.0,0.0,0.0,0.0,0.0,0.0,1.2285,1.2285,0.0,0.75166756,13.492918014526367,10.142188749748016,-0.0,1.2285,0.0,-0.0,0.0,-0.0,0.0,0.0,-0.0,0.0,9.258355,0.0,0.0,0.30906937,1.5375694,0.48304617,0.78631836,0.0,0.0,0.0,0.3141622,0.1383698,0.5114035,0.0,1.5375694,0.0,0.3090694,0.3090694,0.30906937,-0.0,10.0,17.207891,18.300926,18.300926,2.0
resstock-amy2018-2021-release-1-529678,0.0,0.81408244,0.0,0.0,0.35964742,0.0,0.0,0.0,0.0,0.0,0.0,0.0,0.0,0.0,1.2285,1.2285,0.0,0.8333973,13.492889404296875,11.244937988058155,-0.0,1.2285,0.0,-0.0,0.0,-0.0,0.0,0.0,-0.0,0.0,9.258355,0.81408244,0.0,0.46145597,2.0496035,0.7543058,1.0941261,0.0,0.0,0.0,0.3680252,0.1383698,0.5338233,0.0,2.0496035,0.0,0.82110345,0.82110345,0.46145597,-0.0,10.0,17.717537,19.5,19.5,2.0
resstock-amy2018-2021-release-1-529678,0.0,1.3283758,1.512563,0.0,0.5701155,1.6047088,0.0,0.0,0.0,0.0,0.0,0.0,0.0,0.0,1.2285,1.2285,0.0,0.914775,13.492860794067383,12.342931920762794,-0.0,1.2285,0.0,-0.0,0.0,-0.0,0.0,0.0,-0.0,0.0,9.258355,1.3283758,0.0,0.4953599,3.88384,1.7413198,2.0759487,0.0,0.0,0.0,0.44835,0.1383698,0.5345093,0.0,3.88384,0.0,2.6553402,2.6701841,0.4953599,-0.014843946,11.1,18.284676,19.444445,19.444445,2.0
resstock-amy2018-2021-release-1-529678,0.0,1.0687808,0.0,0.0,0.4378896,0.0,0.0,0.0,0.0,0.0,0.0,0.0,0.0,0.0,-1.08,0.0,-1.08,0.8248039,13.49283504486084,11.12894281590792,1.08,0.0,0.0,-0.0,0.0,-0.0,0.0,0.0,-0.0,0.0,9.258355,1.0687808,0.0,0.5871785,-0.0945614,-0.037731245,0.0,0.0,0.0,0.0,0.3990132,0.1383698,0.56029844,0.0,0.0,-0.0945614,0.98543864,1.0250682,0.5871785,-0.039629515,12.8,18.663063,20.0,20.0,2.0
resstock-amy2018-2021-release-1-529678,0.0,1.232711,2.1005201,0.0,0.50505334,2.2284846,0.0,0.0,0.0,0.0,0.0,0.0,0.0,0.0,-1.08,0.0,-1.08,0.73522043,13.492809295654297,9.920189083042715,1.08,0.0,0.0,-0.0,0.0,-0.0,0.0,0.0,-0.0,0.0,9.258355,1.232711,0.0,0.49251667,2.0466492,0.69598925,1.1616567,0.0,0.0,0.0,0.3400628,0.1383698,0.5675896,0.0,2.0466492,0.0,3.1266494,3.226055,0.49251667,-0.099405415,12.8,19.256306,20.555555,20.555555,2.0
resstock-amy2018-2021-release-1-529678,0.0,1.2162964,0.0,0.0,0.49136207,0.0,0.0,0.0,0.0,0.0,0.0,0.0,0.0,0.0,-1.08,0.0,-1.08,0.64602304,13.492783546447754,8.716648977941304,1.08,0.0,0.0,-0.0,0.0,-0.0,0.0,0.0,-0.0,0.0,9.258355,1.2162964,0.0,0.495971,-0.26093602,-0.08614738,0.0,0.0,0.0,0.0,0.33014753,0.1383698,0.5582063,0.0,0.0,-0.26093602,0.819064,0.98733306,0.495971,-0.16826905,13.3,19.941032,20.555555,20.555555,2.0
resstock-amy2018-2021-release-1-529678,0.0,0.0,1.5340253,0.0,0.0,1.6274786,0.0,0.0,0.0,0.0,0.0,0.0,0.0,0.0,-1.08,0.0,-1.08,0.55720985,13.492757797241211,7.518297539619425,1.08,0.0,0.0,-0.0,0.0,-0.0,0.0,0.0,-0.0,0.0,9.258355,0.0,0.0,0.70984906,1.0352461,0.32522258,0.5755783,0.0,0.0,0.0,0.31415,0.1383698,0.55598205,0.0,1.0352461,0.0,2.1152463,2.3373277,0.70984906,-0.22208144,13.9,20.072872,21.11111,21.11111,2.0
resstock-amy2018-2021-release-1-529678,0.8269664,1.0514272,3.8528588,0.0,0.3910353,4.0875764,0.0,0.0,0.0,0.0,0.0,0.0,0.0,0.0,-1.08,0.0,-1.08,0.46877936,13.492732048034668,6.325114230545381,1.08,0.0,0.0,-0.0,0.0,-0.0,0.0,0.0,-0.0,0.0,9.258355,1.0514272,0.0,1.0337667,4.193599,1.3174192,2.3126633,0.0,0.0,0.0,0.31415,0.1383698,0.5514746,0.0,4.193599,0.0,5.273599,5.512378,1.0337667,-0.23877923,16.1,21.593245,21.666666,21.666666,2.0
resstock-amy2018-2021-release-1-529678,0.0,0.0,0.0,0.0,0.0,0.0,0.0,0.0,0.0,0.0,0.0,0.0,0.0,0.0,-1.08,0.0,-1.08,0.38072985,13.492706298828125,5.137076100660124,1.08,0.0,0.0,-0.0,0.0,-0.0,0.0,0.0,-0.0,0.0,9.258355,0.0,0.0,0.5890845,-0.7253456,-0.23072562,0.0,0.0,0.0,0.0,0.3180906,0.1383698,0.5362981,0.0,0.0,-0.7253456,0.35465443,0.5890845,0.5890845,-0.23443007,12.78,21.372192,22.777779,22.777779,2.0
resstock-amy2018-2021-release-1-529678,0.0,1.3767959,0.6336022,0.0,0.5293907,0.67220145,0.0,0.0,0.0,0.0,0.0,0.0,0.0,0.0,-1.08,0.0,-1.08,0.2930597,13.492680549621582,3.954161004306002,1.08,0.0,0.0,-0.0,0.0,-0.0,0.0,0.0,-0.0,0.0,9.258355,1.3767959,0.0,0.6130744,0.52910835,0.17320383,0.2838236,0.0,0.0,0.0,0.3273504,0.1383698,0.5364187,0.0,0.52910835,0.0,1.6091084,1.8146666,0.6130744,-0.20555818,15.0,22.941858,23.333334,23.333334,2.0
resstock-amy2018-2021-release-1-529678,0.0,0.0,1.06417,0.0,0.0,1.1289996,0.0,0.0,0.0,0.0,0.0,0.0,0.0,0.0,-1.08,0.0,-1.08,0.2057673,13.492654800415039,2.7763471981066346,1.08,0.0,0.0,-0.0,0.0,-0.0,0.0,0.0,-0.0,0.0,9.258355,0.0,0.0,0.65860695,0.5884901,0.20282312,0.3188714,0.0,0.0,0.0,0.34465,0.1383698,0.54184663,0.0,0.5884901,0.0,1.6684902,1.7876065,0.65860695,-0.119116366,13.9,22.475574,23.333334,23.333334,2.0
resstock-amy2018-2021-release-1-529678,0.0,0.0,0.61736465,0.0,0.0,0.6549747,0.0,0.0,0.0,0.0,0.0,0.0,0.0,0.0,-1.08,0.0,-1.08,0.118851,13.492629051208496,1.6036124362117974,1.08,0.0,0.0,-0.0,0.0,-0.0,0.0,0.0,-0.0,0.0,9.258355,0.0,0.0,0.74668336,0.31648287,0.116276756,0.18100427,0.0,0.0,0.0,0.367403,0.1383698,0.5719244,0.0,0.31648287,0.0,1.396483,1.401658,0.74668336,-0.005175158,12.2,22.053751,23.333334,23.333334,2.0
resstock-amy2018-2021-release-1-529678,0.0,1.1229109,0.37830818,0.0,0.4819336,0.40135485,0.0,0.0,0.0,0.0,0.0,0.0,0.0,0.0,-1.08,0.0,-1.08,0.032309175,13.492603302001953,0.4359348750517711,1.08,0.0,0.0,-0.0,0.0,-0.0,0.0,0.0,-0.0,0.0,9.258355,1.1229109,0.0,0.8380943,0.64138263,0.21904153,0.38839617,0.0,0.0,0.0,0.3415146,0.1383698,0.6055608,0.0,0.64138263,0.0,1.7213826,1.7213826,0.8380943,-0.0,11.1,22.515951,22.777779,22.777779,2.0
resstock-amy2018-2021-release-1-529678,0.0,0.0,0.16058092,0.0,0.0,0.17036356,0.0,0.0,0.0,0.0,0.0,0.0,0.0,0.0,-0.40385523,0.0,-0.40385523,0.0,13.492593765258789,0.0,0.40385523,0.0,0.0,-0.0,0.0,-0.0,0.0,0.0,-0.0,0.0,9.258355,0.0,0.0,0.9522866,0.71879494,0.23896338,0.4432155,0.0,0.0,0.0,0.33245,0.1383698,0.6166091,0.0,0.71879494,0.0,1.1226501,1.1226501,0.9522866,-0.0,10.0,21.407888,22.777779,22.777779,2.0
resstock-amy2018-2021-release-1-529678,0.0,1.1678739,0.5464856,0.0,0.5159463,0.5797777,0.0,0.0,0.0,0.0,0.0,0.0,0.0,0.0,0.0,0.0,0.0,0.0,13.492593765258789,0.0,-0.0,0.0,0.0,-0.0,0.0,-0.0,0.0,0.0,-0.0,0.0,9.258355,1.1678739,0.0,0.7335594,1.8292835,0.5818778,1.1371402,0.0,0.0,0.0,0.3180906,0.1383698,0.62163144,0.0,1.8292835,0.0,1.8292835,1.8292835,0.7335594,-0.0,10.0,21.90142,21.666666,21.666666,2.0
resstock-amy2018-2021-release-1-529678,0.0,0.0,1.5132315,0.0,0.0,1.6054181,0.0,0.0,0.0,0.0,0.0,0.0,0.0,0.0,0.0,0.0,0.0,0.0,13.492593765258789,0.0,-0.0,0.0,0.0,-0.0,0.0,-0.0,0.0,0.0,-0.0,0.0,9.258355,0.0,0.0,0.5501379,2.155556,0.66401905,1.3359274,0.0,0.0,0.0,0.30805,0.1383698,0.61976,0.0,2.155556,0.0,2.155556,2.155556,0.5501379,-0.0,9.4,20.676048,21.666666,21.666666,2.0
resstock-amy2018-2021-release-1-529678,0.0,0.0,0.0,0.0,0.0,0.0,0.0,0.0,0.0,0.0,0.0,0.0,0.0,0.0,1.2285,1.2285,0.0,0.08496835,13.492565155029297,1.146441009658048,-0.0,1.2285,0.0,-0.0,0.0,-0.0,0.0,0.0,-0.0,0.0,9.258355,0.0,0.0,0.40939903,1.637899,0.49456364,1.0016901,0.0,0.0,0.0,0.30195,0.1383698,0.6115701,0.0,1.637899,0.0,0.40939903,0.40939903,0.40939903,-0.0,9.4,20.119059,21.11111,21.11111,2.0
resstock-amy2018-2021-release-1-529678,0.0,0.0,1.5132337,0.0,0.0,1.6054204,0.0,0.0,0.0,0.0,0.0,0.0,0.0,0.0,1.2285,1.2285,0.0,0.16957061,13.492536544799805,2.287937651366434,-0.0,1.2285,0.0,-0.0,0.0,-0.0,0.0,0.0,-0.0,0.0,9.258355,0.0,0.0,0.36614907,3.2000694,0.9536508,1.8986537,0.0,0.0,0.0,0.2980094,0.1383698,0.59331644,0.0,3.2000694,0.0,1.9715694,1.9715694,0.36614907,-0.0,8.95,19.525307,20.555555,20.555555,2.0
resstock-amy2018-2021-release-1-529678,0.0,0.76732,0.0,0.0,0.34865695,0.0,0.0,0.0,0.0,0.0,0.0,0.0,0.0,0.0,1.2285,1.2285,0.0,0.25380835,13.492507934570312,3.4245111677478235,-0.0,1.2285,0.0,-0.0,0.0,-0.0,0.0,0.0,-0.0,0.0,9.258355,0.76732,0.0,0.35101247,1.9281695,0.5417501,1.1022699,0.0,0.0,0.0,0.280966,0.1383698,0.5716665,0.0,1.9281695,0.0,0.6996695,0.6996695,0.35101247,-0.0,8.9,19.649773,20.0,20.0,2.0
resstock-amy2018-2021-release-1-529678,0.0,0.0,0.0,0.0,0.0,0.0,0.0,0.0,0.0,0.0,0.0,0.0,0.0,0.0,1.2285,1.2285,0.0,0.33768317,13.49247932434082,4.556183203352191,-0.0,1.2285,0.0,-0.0,0.0,-0.0,0.0,0.0,-0.0,0.0,9.258355,0.0,0.0,0.31071812,1.5392182,0.4136895,0.8667206,0.0,0.0,0.0,0.268766,0.1383698,0.56309146,0.0,1.5392182,0.0,0.31071818,0.31071818,0.31071812,-0.0,8.9,18.66502,20.0,20.0,2.0
resstock-amy2018-2021-release-1-529678,0.0,0.9942811,0.0,0.0,0.4517842,0.0,0.0,0.0,0.0,0.0,0.0,0.0,0.0,0.0,1.2285,1.2285,0.0,0.4211966,13.492450714111328,5.6829744978068675,-0.0,1.2285,0.0,-0.0,0.0,-0.0,0.0,0.0,-0.0,0.0,9.258355,0.9942811,0.0,0.30906937,1.9893535,0.5181669,1.1184951,0.0,0.0,0.0,0.26047,0.1383698,0.5622405,0.0,1.9893535,0.0,0.7608535,0.7608535,0.30906937,-0.0,8.9,19.001724,19.444445,19.444445,2.0
resstock-amy2018-2021-release-1-529678,0.0,0.0,0.0,0.0,0.0,0.0,0.0,0.0,0.0,0.0,0.0,0.0,0.0,0.0,1.2285,1.2285,0.0,0.50435024,13.492422103881836,6.804906393721808,-0.0,1.2285,0.0,-0.0,0.0,-0.0,0.0,0.0,-0.0,0.0,9.258355,0.0,0.0,0.3074206,1.5359206,0.39908686,0.8693489,0.0,0.0,0.0,0.2598356,0.1383698,0.5660116,0.0,1.5359206,0.0,0.3074206,0.3074206,0.3074206,-0.0,8.3,18.008163,18.88889,18.88889,2.0
resstock-amy2018-2021-release-1-529678,0.0,0.0,0.0,0.0,0.0,0.0,0.0,0.0,0.0,0.0,0.0,0.0,0.0,0.0,1.2285,1.2285,0.0,0.58714557,13.492393493652344,7.921999027212223,-0.0,1.2285,0.0,-0.0,0.0,-0.0,0.0,0.0,-0.0,0.0,9.258355,0.0,0.0,0.30577186,1.5342718,0.40741852,0.8642039,0.0,0.0,0.0,0.2655452,0.1383698,0.56326646,0.0,1.5342718,0.0,0.30577183,0.30577183,0.30577186,-0.0,7.8,17.454317,18.88889,18.88889,2.0
resstock-amy2018-2021-release-1-529678,0.0,1.0684565,0.0,0.0,0.5062942,0.0,0.0,0.0,0.0,0.0,0.0,0.0,0.0,0.0,1.2285,1.2285,0.0,0.66958416,13.492364883422852,9.034273740534218,-0.0,1.2285,0.0,-0.0,0.0,-0.0,0.0,0.0,-0.0,0.0,9.258355,1.0684565,0.0,0.30577186,2.040566,0.5539117,1.147915,0.0,0.0,0.0,0.27145,0.1383698,0.5625474,0.0,2.040566,0.0,0.81206596,0.81206596,0.30577186,-0.0,7.2,17.906258,17.222221,17.222221,2.0
resstock-amy2018-2021-release-1-529678,0.0,0.0,0.0,0.0,0.0,0.0,0.0,0.0,0.0,0.0,0.0,0.0,0.0,0.0,1.2285,1.2285,0.0,0.75166756,13.49233627319336,10.141751473660179,-0.0,1.2285,0.0,-0.0,0.0,-0.0,0.0,0.0,-0.0,0.0,9.258355,0.0,0.0,0.30906937,1.5375694,0.45096943,0.8529962,0.0,0.0,0.0,0.2933002,0.1383698,0.5547692,0.0,1.5375694,0.0,0.3090694,0.3090694,0.30906937,-0.0,7.8,17.186247,18.291666,18.291666,2.0
resstock-amy2018-2021-release-1-529678,0.0,0.8233063,0.0,0.0,0.38729912,0.0,0.0,0.0,0.0,0.0,0.0,0.0,0.0,0.0,1.2285,1.2285,0.0,0.8333973,13.492307662963867,11.244453166385142,-0.0,1.2285,0.0,-0.0,0.0,-0.0,0.0,0.0,-0.0,0.0,9.258355,0.8233063,0.0,0.3985133,2.0143123,0.6175108,1.0934706,0.0,0.0,0.0,0.3065616,0.1383698,0.54285055,0.0,2.0143123,0.0,0.78581226,0.78581226,0.3985133,-0.0,7.5,17.54943,19.5,19.5,2.0
resstock-amy2018-2021-release-1-529678,0.0,1.4535888,0.0,0.0,0.6421702,0.0,0.0,0.0,0.0,0.0,0.0,0.0,0.0,0.0,1.2285,1.2285,0.0,0.914775,13.492279052734375,12.342399758326792,-0.0,1.2285,0.0,-0.0,0.0,-0.0,0.0,0.0,-0.0,0.0,9.258355,1.4535888,0.0,0.31401563,2.1830618,0.67302483,1.1855563,0.0,0.0,0.0,0.308294,0.1383698,0.54307044,0.0,2.1830618,0.0,0.9545618,0.9561858,0.31401563,-0.0016239821,10.0,18.15221,19.5,19.5,2.0
resstock-amy2018-2021-release-1-529678,0.0,1.2047378,3.9702184,0.0,0.5087724,4.2120852,0.0,0.0,0.0,0.0,0.0,0.0,0.0,0.0,-1.08,0.0,-1.08,0.8248039,13.492253303527832,11.12846299339418,1.08,0.0,0.0,-0.0,0.0,-0.0,0.0,0.0,-0.0,0.0,9.258355,1.2047378,0.0,0.31401563,3.9322934,1.2106234,2.18582,0.0,0.0,0.0,0.307867,0.1383698,0.5558639,0.0,3.9322934,0.0,5.0122933,5.034873,0.31401563,-0.022579765,11.7,18.322916,19.462963,19.462963,2.0
resstock-amy2018-2021-release-1-529678,0.0,1.0206652,0.0,0.0,0.4310367,0.0,0.0,0.0,0.0,0.0,0.0,0.0,0.0,0.0,-1.08,0.0,-1.08,0.73522043,13.492227554321289,9.919761374928385,1.08,0.0,0.0,-0.0,0.0,-0.0,0.0,0.0,-0.0,0.0,9.258355,1.0206652,0.0,0.5283271,-0.22060928,-0.064704746,0.0,0.0,0.0,0.0,0.2933002,0.1383698,0.54023045,0.0,0.0,-0.22060928,0.85939074,0.9593638,0.5283271,-0.09997306,11.7,18.529606,19.5,19.5,2.0
resstock-amy2018-2021-release-1-529678,0.0,0.0,0.37854573,0.0,0.0,0.40160686,0.0,0.0,0.0,0.0,0.0,0.0,0.0,0.0,-1.08,0.0,-1.08,0.64602304,13.492201805114746,8.71627315963974,1.08,0.0,0.0,-0.0,0.0,-0.0,0.0,0.0,-0.0,0.0,9.258355,0.0,0.0,0.5011949,-0.29642802,-0.08187803,0.0,0.0,0.0,0.0,0.27621555,0.1383698,0.5152716,0.0,0.0,-0.29642802,0.783572,0.90280175,0.5011949,-0.11922975,11.1,18.366348,19.5,19.5,2.0
resstock-amy2018-2021-release-1-529678,0.0,0.9948475,0.0,0.0,0.42697105,0.0,0.0,0.0,0.0,0.0,0.0,0.0,0.0,0.0,-1.08,0.0,-1.08,0.55720985,13.492176055908203,7.517973387618895,1.08,0.0,0.0,-0.0,0.0,-0.0,0.0,0.0,-0.0,0.0,9.258355,0.9948475,0.0,0.5344958,-0.23643938,-0.057232562,0.0,0.0,0.0,0.0,0.2420602,0.1383698,0.49868566,0.0,0.0,-0.23643938,0.8435607,0.9614668,0.5344958,-0.11790612,11.1,19.092888,19.5,19.5,2.0
resstock-amy2018-2021-release-1-529678,0.0,0.0,0.0,0.0,0.0,0.0,0.0,0.0,0.0,0.0,0.0,0.0,0.0,0.0,-1.08,0.0,-1.08,0.46877936,13.49215030670166,6.32484152221835,1.08,0.0,0.0,-0.0,0.0,-0.0,0.0,0.0,-0.0,0.0,9.258355,0.0,0.0,0.503151,-0.73828095,-0.17238513,0.0,0.0,0.0,0.0,0.2334953,0.1383698,0.4910775,0.0,0.0,-0.73828095,0.3417191,0.503151,0.503151,-0.1614319,11.7,19.007042,19.5,19.5,2.0
resstock-amy2018-2021-release-1-529678,0.0,0.0,0.0,0.0,0.0,0.0,0.0,0.0,0.0,0.0,0.0,0.0,0.0,0.0,-1.08,0.0,-1.08,0.38072985,13.492124557495117,5.13685461436728,1.08,0.0,0.0,-0.0,0.0,-0.0,0.0,0.0,-0.0,0.0,9.258355,0.0,0.0,0.4068044,-0.7840608,-0.19930029,0.0,0.0,0.0,0.0,0.25418985,0.1383698,0.48439866,0.0,0.0,-0.7840608,0.29593927,0.40680444,0.4068044,-0.11086516,11.7,19.074982,21.11111,21.11111,2.0
resstock-amy2018-2021-release-1-529678,0.0,1.8408706,0.0,0.0,0.7668741,0.0,0.0,0.0,0.0,0.0,0.0,0.0,0.0,0.0,-1.08,0.0,-1.08,0.2930597,13.492098808288574,3.9539905193615823,1.08,0.0,0.0,-0.0,0.0,-0.0,0.0,0.0,-0.0,0.0,9.258355,1.8408706,0.0,0.4137019,0.012730405,0.0036886348,0.006018764,0.0,0.0,0.0,0.28975,0.1383698,0.47278655,0.0,0.012730405,0.0,1.0927304,1.180576,0.4137019,-0.08784552,12.2,20.731277,21.666666,21.666666,2.0
resstock-amy2018-2021-release-1-529678,0.0,0.0,0.0,0.0,0.0,0.0,0.0,0.0,0.0,0.0,0.0,0.0,0.0,0.0,-1.08,0.0,-1.08,0.2057673,13.492073059082031,2.7762274947610877,1.08,0.0,0.0,-0.0,0.0,-0.0,0.0,0.0,-0.0,0.0,9.258355,0.0,0.0,0.65860695,-0.45995563,-0.138979,0.0,0.0,0.0,0.0,0.3021574,0.1383698,0.46847174,0.0,0.0,-0.45995563,0.6200444,0.65860695,0.65860695,-0.038562544,12.2,20.024235,21.11111,21.11111,2.0
resstock-amy2018-2021-release-1-529678,0.0,0.95379895,0.3785454,0.0,0.40935373,0.40160653,0.0,0.0,0.0,0.0,0.0,0.0,0.0,0.0,-1.08,0.0,-1.08,0.118851,13.492047309875488,1.6035432956734539,1.08,0.0,0.0,-0.0,0.0,-0.0,0.0,0.0,-0.0,0.0,9.258355,0.95379895,0.0,0.74668336,0.47733882,0.1486224,0.231631,0.0,0.0,0.0,0.3113562,0.1383698,0.48525488,0.0,0.47733882,0.0,1.5573388,1.5576435,0.74668336,-0.00030475453,11.1,20.390198,21.11111,21.11111,2.0
resstock-amy2018-2021-release-1-529678,0.0,0.0,0.0,0.0,0.0,0.0,0.0,0.0,0.0,0.0,0.0,0.0,0.0,0.0,-1.08,0.0,-1.08,0.032309175,13.492021560668945,0.43591607946950717,1.08,0.0,0.0,-0.0,0.0,-0.0,0.0,0.0,-0.0,0.0,9.258355,0.0,0.0,0.6783488,-0.40165126,-0.123826675,0.0,0.0,0.0,0.0,0.308294,0.1383698,0.52028304,0.0,0.0,-0.40165126,0.6783488,0.6783488,0.6783488,-0.0,11.1,19.771326,20.555555,20.555555,2.0
resstock-amy2018-2021-release-1-529678,0.0,0.0,0.0,0.0,0.0,0.0,0.0,0.0,0.0,0.0,0.0,0.0,0.0,0.0,-0.40385523,0.0,-0.40385523,0.0,13.492012023925781,0.0,0.40385523,0.0,0.0,-0.0,0.0,-0.0,0.0,0.0,-0.0,0.0,9.258355,0.0,0.0,0.7931303,0.38927504,0.12229076,0.20770508,0.0,0.0,0.0,0.31415,0.1383698,0.533569,0.0,0.38927504,0.0,0.7931303,0.7931303,0.7931303,-0.0,10.6,19.476074,20.555555,20.555555,2.0
resstock-amy2018-2021-release-1-529678,0.0,0.9473096,0.19431609,0.0,0.40656862,0.20615388,0.0,0.0,0.0,0.0,0.0,0.0,0.0,0.0,0.0,0.0,0.0,0.0,13.492012023925781,0.0,-0.0,0.0,0.0,-0.0,0.0,-0.0,0.0,0.0,-0.0,0.0,9.258355,0.9473096,0.0,0.7335594,1.3462819,0.41488636,0.7239541,0.0,0.0,0.0,0.308172,0.1383698,0.53774333,0.0,1.3462819,0.0,1.3462819,1.3462819,0.7335594,-0.0,11.1,19.997213,20.0,20.0,2.0
resstock-amy2018-2021-release-1-529678,0.0,0.0,0.0,0.0,0.0,0.0,0.0,0.0,0.0,0.0,0.0,0.0,0.0,0.0,0.0,0.0,0.0,0.0,13.492012023925781,0.0,-0.0,0.0,0.0,-0.0,0.0,-0.0,0.0,0.0,-0.0,0.0,9.258355,0.0,0.0,0.5501379,0.5501379,0.16859074,0.2953713,0.0,0.0,0.0,0.3064518,0.1383698,0.5369041,0.0,0.5501379,0.0,0.5501379,0.5501379,0.5501379,-0.0,11.7,19.266136,20.0,20.0,2.0
resstock-amy2018-2021-release-1-529678,0.0,0.0,0.378546,0.0,0.0,0.40160716,0.0,0.0,0.0,0.0,0.0,0.0,0.0,0.0,1.2285,1.2285,0.0,0.08496835,13.491983413696289,1.146391580056374,-0.0,1.2285,0.0,-0.0,0.0,-0.0,0.0,0.0,-0.0,0.0,9.258355,0.0,0.0,0.40939903,2.0395062,0.60458225,1.0879098,0.0,0.0,0.0,0.2964356,0.1383698,0.53341824,0.0,2.0395062,0.0,0.8110062,0.8110062,0.40939903,-0.0,11.1,18.813965,19.444445,19.444445,2.0
resstock-amy2018-2021-release-1-529678,0.0,0.0,0.0,0.0,0.0,0.0,0.0,0.0,0.0,0.0,0.0,0.0,0.0,0.0,1.2285,1.2285,0.0,0.16957061,13.491954803466797,2.287839005133776,-0.0,1.2285,0.0,-0.0,0.0,-0.0,0.0,0.0,-0.0,0.0,9.258355,0.0,0.0,0.36614907,1.5946491,0.4677109,0.86627346,0.0,0.0,0.0,0.2933002,0.1383698,0.5432377,0.0,1.5946491,0.0,0.36614907,0.36614907,0.36614907,-0.0,10.6,18.361115,18.88889,18.88889,2.0
resstock-amy2018-2021-release-1-529678,0.0,0.0,0.0,0.0,0.0,0.0,0.0,0.0,0.0,0.0,0.0,0.0,0.0,0.0,1.2285,1.2285,0.0,0.25380835,13.491926193237305,3.424363516940332,-0.0,1.2285,0.0,-0.0,0.0,-0.0,0.0,0.0,-0.0,0.0,9.258355,0.0,0.0,0.35101247,1.5795125,0.43954986,0.8511146,0.0,0.0,0.0,0.278282,0.1383698,0.5388464,0.0,1.5795125,0.0,0.35101247,0.35101247,0.35101247,-0.0,10.0,17.875046,18.88889,18.88889,2.0
resstock-amy2018-2021-release-1-529678,0.0,0.7551016,0.0,0.0,0.33843446,0.0,0.0,0.0,0.0,0.0,0.0,0.0,0.0,0.0,1.2285,1.2285,0.0,0.33768317,13.491897583007812,4.555986759094139,-0.0,1.2285,0.0,-0.0,0.0,-0.0,0.0,0.0,-0.0,0.0,9.258355,0.7551016,0.0,0.33911064,1.9060451,0.50879204,1.08487,0.0,0.0,0.0,0.266936,0.1383698,0.56917334,0.0,1.9060451,0.0,0.6775451,0.6775451,0.33911064,-0.0,9.44,18.005676,18.333334,18.333334,2.0
resstock-amy2018-2021-release-1-529678,0.0,0.0,0.0,0.0,0.0,0.0,0.0,0.0,0.0,0.0,0.0,0.0,0.0,0.0,1.2285,1.2285,0.0,0.4211966,13.49186897277832,5.682729470329662,-0.0,1.2285,0.0,-0.0,0.0,-0.0,0.0,0.0,-0.0,0.0,9.258355,0.0,0.0,0.33242482,1.5609248,0.399071,0.90416014,0.0,0.0,0.0,0.2556632,0.1383698,0.57924646,0.0,1.5609248,0.0,0.33242476,0.33242476,0.33242482,-0.0,7.2,16.993382,18.333334,18.333334,2.0
resstock-amy2018-2021-release-1-529678,0.0,0.9979846,0.0,0.0,0.47290066,0.0,0.0,0.0,0.0,0.0,0.0,0.0,0.0,0.0,1.2285,1.2285,0.0,0.50435024,13.491840362548828,6.8046129923379794,-0.0,1.2285,0.0,-0.0,0.0,-0.0,0.0,0.0,-0.0,0.0,9.258355,0.9979846,0.0,0.3074206,2.0088212,0.4962793,1.1642236,0.0,0.0,0.0,0.24705,0.1383698,0.5795556,0.0,2.0088212,0.0,0.78032124,0.78032124,0.3074206,-0.0,7.2,17.27454,17.777779,17.777779,2.0
resstock-amy2018-2021-release-1-529678,0.0,0.0,0.0,0.0,0.0,0.0,0.0,0.0,0.0,0.0,0.0,0.0,0.0,0.0,1.2285,1.2285,0.0,0.58714557,13.491811752319336,7.921657460367442,-0.0,1.2285,0.0,-0.0,0.0,-0.0,0.0,0.0,-0.0,0.0,9.258355,0.0,0.0,0.30577186,1.5342718,0.38016495,0.906099,0.0,0.0,0.0,0.247782,0.1383698,0.59057266,0.0,1.5342718,0.0,0.30577183,0.30577183,0.30577186,-0.0,7.8,16.574947,17.777779,17.777779,2.0
resstock-amy2018-2021-release-1-529678,0.0,0.895858,0.0,0.0,0.4070624,0.0,0.0,0.0,0.0,0.0,0.0,0.0,0.0,0.0,1.2285,1.2285,0.0,0.66958416,13.491783142089844,9.033884215755279,-0.0,1.2285,0.0,-0.0,0.0,-0.0,0.0,0.0,-0.0,0.0,9.258355,0.895858,0.0,0.30577186,1.9413342,0.47960663,1.160089,0.0,0.0,0.0,0.24705,0.1383698,0.59757304,0.0,1.9413342,0.0,0.71283424,0.71283424,0.30577186,-0.0,8.9,17.023144,17.222221,17.222221,2.0
resstock-amy2018-2021-release-1-529678,0.0,0.0,0.0,0.0,0.0,0.0,0.0,0.0,0.0,0.0,0.0,0.0,0.0,0.0,1.2285,1.2285,0.0,0.75166756,13.491754531860352,10.141314197572342,-0.0,1.2285,0.0,-0.0,0.0,-0.0,0.0,0.0,-0.0,0.0,9.258355,0.0,0.0,0.4978974,1.7263974,0.46180648,1.0263438,0.0,0.0,0.0,0.2674972,0.1383698,0.5945003,0.0,1.7263974,0.0,0.4978974,0.4978974,0.4978974,-0.0,8.3,16.39694,17.222221,17.222221,2.0
resstock-amy2018-2021-release-1-529678,0.0,0.0,0.0,0.0,0.0,0.0,0.0,0.0,0.0,0.0,0.0,0.0,0.0,0.0,1.2285,1.2285,0.0,0.8333973,13.49172592163086,11.24396834471213,-0.0,1.2285,0.0,-0.0,0.0,-0.0,0.0,0.0,-0.0,0.0,9.258355,0.0,0.0,0.5873413,1.8158413,0.48936558,1.0793418,0.0,0.0,0.0,0.269498,0.1383698,0.59440315,0.0,1.8158413,0.0,0.5873413,0.5873413,0.5873413,-0.0,10.0,16.213448,17.222221,17.222221,2.0
resstock-amy2018-2021-release-1-529678,0.0,0.7513257,0.0,0.0,0.33192262,0.0,0.0,0.0,0.0,0.0,0.0,0.0,0.0,0.0,1.2285,1.2285,0.0,0.914775,13.491697311401367,12.34186759589079,-0.0,1.2285,0.0,-0.0,0.0,-0.0,0.0,0.0,-0.0,0.0,9.258355,0.7513257,0.0,0.5305731,2.0791543,0.5603279,1.2558923,0.0,0.0,0.0,0.269498,0.1383698,0.60403997,0.0,2.0791543,0.0,0.85065424,0.86249584,0.5305731,-0.0118415775,10.0,16.67576,17.222221,17.222221,2.0
resstock-amy2018-2021-release-1-529678,0.0,0.0,0.0,0.0,0.0,0.0,0.0,0.0,0.0,0.0,0.0,0.0,0.0,0.0,-1.08,0.0,-1.08,0.8248039,13.491671562194824,11.12798317088044,1.08,0.0,0.0,-0.0,0.0,-0.0,0.0,0.0,-0.0,0.0,9.258355,0.0,0.0,0.40506995,-0.7140658,-0.19296199,0.0,0.0,0.0,0.0,0.27023,0.1383698,0.615744,0.0,0.0,-0.7140658,0.36593425,0.40506995,0.40506995,-0.039135702,11.1,16.406042,17.222221,17.222221,2.0
resstock-amy2018-2021-release-1-529678,0.0,0.0,0.0,0.0,0.0,0.0,0.0,0.0,0.0,0.0,0.0,0.0,0.0,0.0,-1.08,0.0,-1.08,0.73522043,13.491645812988281,9.919333666814055,1.08,0.0,0.0,-0.0,0.0,-0.0,0.0,0.0,-0.0,0.0,9.258355,0.0,0.0,0.40244177,-0.76224464,-0.2054234,0.0,0.0,0.0,0.0,0.269498,0.1383698,0.6206568,0.0,0.0,-0.76224464,0.3177554,0.40244174,0.40244177,-0.084686324,12.2,16.621256,17.222221,17.222221,2.0
resstock-amy2018-2021-release-1-529678,0.0,0.0,0.3787732,0.0,0.0,0.4018482,0.0,0.0,0.0,0.0,0.0,0.0,0.0,0.0,-1.08,0.0,-1.08,0.64602304,13.491620063781738,8.715897341338177,1.08,0.0,0.0,-0.0,0.0,-0.0,0.0,0.0,-0.0,0.0,9.258355,0.0,0.0,0.40416893,-0.43455786,-0.11336424,0.0,0.0,0.0,0.0,0.2608726,0.1383698,0.61809623,0.0,0.0,-0.43455786,0.6454422,0.80601716,0.40416893,-0.16057499,12.8,17.049606,17.777779,17.777779,2.0
resstock-amy2018-2021-release-1-529678,0.0,0.0,0.0,0.0,0.0,0.0,0.0,0.0,0.0,0.0,0.0,0.0,0.0,0.0,-1.08,0.0,-1.08,0.55720985,13.491594314575195,7.517649235618364,1.08,0.0,0.0,-0.0,0.0,-0.0,0.0,0.0,-0.0,0.0,9.258355,0.0,0.0,0.43947816,-0.79811484,-0.20783389,0.0,0.0,0.0,0.0,0.260406,0.1383698,0.61398435,0.0,0.0,-0.79811484,0.2818852,0.43947816,0.43947816,-0.15759297,13.3,17.559391,17.777779,17.777779,2.0
resstock-amy2018-2021-release-1-529678,0.0,0.0,0.0,0.0,0.0,0.0,0.0,0.0,0.0,0.0,0.0,0.0,0.0,0.0,-1.08,0.0,-1.08,0.46877936,13.491568565368652,6.324568813891318,1.08,0.0,0.0,-0.0,0.0,-0.0,0.0,0.0,-0.0,0.0,9.258355,0.0,0.0,0.40940768,-0.82140416,-0.18560907,0.0,0.0,0.0,0.0,0.22596559,0.1383698,0.5972546,0.0,0.0,-0.82140416,0.25859588,0.40940768,0.40940768,-0.15081179,13.3,18.013012,18.88889,18.88889,2.0
resstock-amy2018-2021-release-1-529678,0.0,0.0,0.0,0.0,0.0,0.0,0.0,0.0,0.0,0.0,0.0,0.0,0.0,0.0,-1.08,0.0,-1.08,0.38072985,13.49154281616211,5.136633128074436,1.08,0.0,0.0,-0.0,0.0,-0.0,0.0,0.0,-0.0,0.0,9.258355,0.0,0.0,0.4068044,-0.7651012,-0.17409597,0.0,0.0,0.0,0.0,0.22754633,0.1383698,0.5701731,0.0,0.0,-0.7651012,0.31489885,0.40680444,0.4068044,-0.091905594,13.9,18.332619,19.444445,19.444445,2.0
resstock-amy2018-2021-release-1-529678,0.0,1.0890526,1.1363151,0.0,0.41875073,1.2055398,0.0,0.0,0.0,0.0,0.0,0.0,0.0,0.0,-1.08,0.0,-1.08,0.2930597,13.491517066955566,3.953820034417163,1.08,0.0,0.0,-0.0,0.0,-0.0,0.0,0.0,-0.0,0.0,9.258355,1.0890526,0.0,0.4137019,0.8042326,0.21496361,0.45234382,0.0,0.0,0.0,0.26729035,0.1383698,0.562454,0.0,0.8042326,0.0,1.8842326,2.0379925,0.4137019,-0.15375985,15.0,19.772755,19.444445,19.444445,2.0
resstock-amy2018-2021-release-1-529678,0.0,0.0,0.0,0.0,0.0,0.0,0.0,0.0,0.0,0.0,0.0,0.0,0.0,0.0,-1.08,0.0,-1.08,0.2057673,13.491491317749023,2.7761077914155408,1.08,0.0,0.0,-0.0,0.0,-0.0,0.0,0.0,-0.0,0.0,9.258355,0.0,0.0,0.43217692,-0.7289352,-0.2095282,0.0,0.0,0.0,0.0,0.2874442,0.1383698,0.5693765,0.0,0.0,-0.7289352,0.35106486,0.43217698,0.43217692,-0.08111211,14.4,19.533697,20.0,20.0,2.0
resstock-amy2018-2021-release-1-529678,0.0,0.0,1.2352573,0.0,0.0,1.3105096,0.0,0.0,0.0,0.0,0.0,0.0,0.0,0.0,-1.08,0.0,-1.08,0.118851,13.49146556854248,1.6034741551351104,1.08,0.0,0.0,-0.0,0.0,-0.0,0.0,0.0,-0.0,0.0,9.258355,0.0,0.0,0.60630786,0.8323866,0.24413916,0.48927087,0.0,0.0,0.0,0.2933002,0.1383698,0.5877928,0.0,0.8323866,0.0,1.9123867,1.9168174,0.60630786,-0.004430787,13.3,19.471403,20.0,20.0,2.0
resstock-amy2018-2021-release-1-529678,0.0,0.0,0.0,0.0,0.0,0.0,0.0,0.0,0.0,0.0,0.0,0.0,0.0,0.0,-1.08,0.0,-1.08,0.032309175,13.491439819335938,0.43589728388724325,1.08,0.0,0.0,-0.0,0.0,-0.0,0.0,0.0,-0.0,0.0,9.258355,0.0,0.0,0.6783488,-0.40165126,-0.11851491,0.0,0.0,0.0,0.0,0.2950692,0.1383698,0.594879,0.0,0.0,-0.40165126,0.6783488,0.6783488,0.6783488,-0.0,12.8,19.42302,20.0,20.0,2.0
resstock-amy2018-2021-release-1-529678,0.0,0.0,0.7575416,0.0,0.0,0.80369127,0.0,0.0,0.0,0.0,0.0,0.0,0.0,0.0,-0.40385523,0.0,-0.40385523,0.0,13.491430282592773,0.0,0.40385523,0.0,0.0,-0.0,0.0,-0.0,0.0,0.0,-0.0,0.0,9.258355,0.0,0.0,0.7931303,1.1929663,0.35222593,0.67566407,0.0,0.0,0.0,0.2952522,0.1383698,0.5663731,0.0,1.1929663,0.0,1.5968215,1.5968215,0.7931303,-0.0,12.2,19.273983,20.0,20.0,2.0
resstock-amy2018-2021-release-1-529678,0.0,0.0,0.37877178,0.0,0.0,0.40184668,0.0,0.0,0.0,0.0,0.0,0.0,0.0,0.0,0.0,0.0,0.0,0.0,13.491430282592773,0.0,-0.0,0.0,0.0,-0.0,0.0,-0.0,0.0,0.0,-0.0,0.0,9.258355,0.0,0.0,0.7335594,1.1354061,0.33301485,0.6197144,0.0,0.0,0.0,0.2933002,0.1383698,0.54580855,0.0,1.1354061,0.0,1.1354061,1.1354061,0.7335594,-0.0,12.2,19.061714,20.0,20.0,2.0
resstock-amy2018-2021-release-1-529678,0.0,0.0,0.37877315,0.0,0.0,0.40184814,0.0,0.0,0.0,0.0,0.0,0.0,0.0,0.0,0.0,0.0,0.0,0.0,13.491430282592773,0.0,-0.0,0.0,0.0,-0.0,0.0,-0.0,0.0,0.0,-0.0,0.0,9.258355,0.0,0.0,0.66407716,1.0659254,0.30770752,0.5730162,0.0,0.0,0.0,0.2886764,0.1383698,0.5375763,0.0,1.0659254,0.0,1.0659254,1.0659254,0.66407716,-0.0,13.133333,18.931118,19.444445,19.444445,2.0
resstock-amy2018-2021-release-1-529678,0.0,0.0,0.0,0.0,0.0,0.0,0.0,0.0,0.0,0.0,0.0,0.0,0.0,0.0,1.2285,1.2285,0.0,0.08496835,13.491401672363281,1.1463421504547,-0.0,1.2285,0.0,-0.0,0.0,-0.0,0.0,0.0,-0.0,0.0,9.258355,0.0,0.0,0.68866414,1.9171641,0.5166719,1.0081862,0.0,0.0,0.0,0.269498,0.1383698,0.5258737,0.0,1.9171641,0.0,0.6886641,0.6886641,0.68866414,-0.0,13.3,18.708614,19.444445,19.444445,2.0
resstock-amy2018-2021-release-1-529678,0.0,0.0,0.0,0.0,0.0,0.0,0.0,0.0,0.0,0.0,0.0,0.0,0.0,0.0,1.2285,1.2285,0.0,0.16957061,13.491373062133789,2.287740358901118,-0.0,1.2285,0.0,-0.0,0.0,-0.0,0.0,0.0,-0.0,0.0,9.258355,0.0,0.0,0.55497706,1.7834771,0.4079704,0.91281074,0.0,0.0,0.0,0.22875,0.1383698,0.51181525,0.0,1.7834771,0.0,0.55497706,0.55497706,0.55497706,-0.0,12.8,18.37697,19.444445,19.444445,2.0
resstock-amy2018-2021-release-1-529678,0.0,0.7950454,0.0,0.0,0.32573763,0.0,0.0,0.0,0.0,0.0,0.0,0.0,0.0,0.0,1.2285,1.2285,0.0,0.25380835,13.491344451904297,3.4242158661328403,-0.0,1.2285,0.0,-0.0,0.0,-0.0,0.0,0.0,-0.0,0.0,9.258355,0.7950454,0.0,0.31236687,1.8666046,0.29347637,0.9804878,0.0,0.0,0.0,0.15722471,0.1383698,0.5252788,0.0,1.8666046,0.0,0.63810456,0.63810456,0.31236687,-0.0,12.8,18.753483,19.444445,19.444445,2.0
resstock-amy2018-2021-release-1-529678,0.0,0.0,0.0,0.0,0.0,0.0,0.0,0.0,0.0,0.0,0.0,0.0,0.0,0.0,1.2285,1.2285,0.0,0.33768317,13.491315841674805,4.555790314836088,-0.0,1.2285,0.0,-0.0,0.0,-0.0,0.0,0.0,-0.0,0.0,9.258355,0.0,0.0,0.31071812,1.5392182,0.24218078,0.77819014,0.0,0.0,0.0,0.15734012,0.1383698,0.50557494,0.0,1.5392182,0.0,0.31071818,0.31071818,0.31071812,-0.0,12.6,18.08183,19.444445,19.444445,2.0
resstock-amy2018-2021-release-1-529678,0.0,1.014864,0.0,0.0,0.41579938,0.0,0.0,0.0,0.0,0.0,0.0,0.0,0.0,0.0,1.2285,1.2285,0.0,0.4211966,13.491287231445312,5.682484442852456,-0.0,1.2285,0.0,-0.0,0.0,-0.0,0.0,0.0,-0.0,0.0,9.258355,1.014864,0.0,0.30906937,1.9533688,0.286414,1.0154322,0.0,0.0,0.0,0.14662567,0.1383698,0.5198364,0.0,1.9533688,0.0,0.7248688,0.7248688,0.30906937,-0.0,12.8,18.597412,19.444445,19.444445,2.0
resstock-amy2018-2021-release-1-529678,0.0,0.0,0.2583179,0.0,0.0,0.2740547,0.0,0.0,0.0,0.0,0.0,0.0,0.0,0.0,1.2285,1.2285,0.0,0.50435024,13.49125862121582,6.804319590954151,-0.0,1.2285,0.0,-0.0,0.0,-0.0,0.0,0.0,-0.0,0.0,9.258355,0.0,0.0,0.3276093,1.830164,0.27379116,0.99871135,0.0,0.0,0.0,0.14959925,0.1383698,0.545695,0.0,1.830164,0.0,0.60166395,0.60166395,0.3276093,-0.0,12.9,17.928581,18.88889,18.88889,2.0
resstock-amy2018-2021-release-1-529678,0.0,0.0,0.0,0.0,0.0,0.0,0.0,0.0,0.0,0.0,0.0,0.0,0.0,0.0,1.2285,1.2285,0.0,0.58714557,13.491230010986328,7.92131589352266,-0.0,1.2285,0.0,-0.0,0.0,-0.0,0.0,0.0,-0.0,0.0,9.258355,0.0,0.0,0.32932013,1.5578201,0.24936992,0.8806089,0.0,0.0,0.0,0.1600762,0.1383698,0.5652828,0.0,1.5578201,0.0,0.32932007,0.32932007,0.32932013,-0.0,12.9,17.65546,18.88889,18.88889,2.0
resstock-amy2018-2021-release-1-529678,0.0,0.9186468,0.0,0.0,0.3763783,0.0,0.0,0.0,0.0,0.0,0.0,0.0,0.0,0.0,1.2285,1.2285,0.0,0.66958416,13.491201400756836,9.03349469097634,-0.0,1.2285,0.0,-0.0,0.0,-0.0,0.0,0.0,-0.0,0.0,9.258355,0.9186468,0.0,0.52891785,2.1337962,0.42239818,1.2172483,0.0,0.0,0.0,0.19795619,0.1383698,0.5704614,0.0,2.1337962,0.0,0.9052962,0.9052962,0.52891785,-0.0,12.8,18.246235,18.88889,18.88889,2.0
resstock-amy2018-2021-release-1-529678,0.0,0.0,0.2583701,0.0,0.0,0.2741101,0.0,0.0,0.0,0.0,0.0,0.0,0.0,0.0,1.2285,1.2285,0.0,0.75166756,13.491172790527344,10.140876921484505,-0.0,1.2285,0.0,-0.0,0.0,-0.0,0.0,0.0,-0.0,0.0,9.258355,0.0,0.0,0.6239642,2.1265743,0.6076471,1.238893,0.0,0.0,0.0,0.2857399,0.1383698,0.5825769,0.0,2.1265743,0.0,0.89807427,0.89807427,0.6239642,-0.0,12.9,17.789465,18.277779,18.277779,2.0
resstock-amy2018-2021-release-1-529678,0.0,0.0,0.0,0.0,0.0,0.0,0.0,0.0,0.0,0.0,0.0,0.0,0.0,0.0,1.2285,1.2285,0.0,0.8333973,13.491144180297852,11.243483523039117,-0.0,1.2285,0.0,-0.0,0.0,-0.0,0.0,0.0,-0.0,0.0,9.258355,0.0,0.0,0.5243986,1.7528987,0.54508287,1.0297252,0.0,0.0,0.0,0.31096086,0.1383698,0.5874414,0.0,1.7528987,0.0,0.5243987,0.5243987,0.5243986,-0.0,12.5,17.516539,19.439816,19.439816,2.0
resstock-amy2018-2021-release-1-529678,0.0,1.4324396,1.9423316,0.0,0.56883514,2.060659,0.0,0.0,0.0,0.0,0.0,0.0,0.0,0.0,1.2285,1.2285,0.0,0.914775,13.49111557006836,12.341335433454788,-0.0,1.2285,0.0,-0.0,0.0,-0.0,0.0,0.0,-0.0,0.0,9.258355,1.4324396,0.0,0.40468776,4.254224,1.337807,2.528947,0.0,0.0,0.0,0.3144656,0.1383698,0.5944556,0.0,4.254224,0.0,3.025724,3.034182,0.40468776,-0.008458134,13.9,18.632492,20.0,20.0,2.0
resstock-amy2018-2021-release-1-529678,0.0,1.298818,0.0,0.0,0.51577276,0.0,0.0,0.0,0.0,0.0,0.0,0.0,0.0,0.0,-1.08,0.0,-1.08,0.8248039,13.491089820861816,11.127503348366702,1.08,0.0,0.0,-0.0,0.0,-0.0,0.0,0.0,-0.0,0.0,9.258355,1.298818,0.0,0.40506995,-0.18282601,-0.06224234,0.0,0.0,0.0,0.0,0.34044576,0.1383698,0.59881204,0.0,0.0,-0.18282601,0.897174,0.9208427,0.40506995,-0.023668682,13.9,18.760317,19.5,19.5,2.0
resstock-amy2018-2021-release-1-529678,0.0,0.0,0.0,0.0,0.0,0.0,0.0,0.0,0.0,0.0,0.0,0.0,0.0,0.0,-1.08,0.0,-1.08,0.73522043,13.491064071655273,9.918905958699725,1.08,0.0,0.0,-0.0,0.0,-0.0,0.0,0.0,-0.0,0.0,9.258355,0.0,0.0,0.40244177,-0.73961216,-0.23808727,0.0,0.0,0.0,0.0,0.32190827,0.1383698,0.58989805,0.0,0.0,-0.73961216,0.34038788,0.40244177,0.40244177,-0.062053885,15.6,18.289057,19.5,19.5,2.0
resstock-amy2018-2021-release-1-529678,0.0,1.1861396,0.0,0.0,0.45608157,0.0,0.0,0.0,0.0,0.0,0.0,0.0,0.0,0.0,-1.08,0.0,-1.08,0.64602304,13.49103832244873,8.715521523036614,1.08,0.0,0.0,-0.0,0.0,-0.0,0.0,0.0,-0.0,0.0,9.258355,1.1861396,0.0,0.40416893,-0.30521452,-0.0964829,0.0,0.0,0.0,0.0,0.31611505,0.1383698,0.5522599,0.0,0.0,-0.30521452,0.7747855,0.8602505,0.40416893,-0.08546496,15.0,19.175365,19.5,19.5,2.0
resstock-amy2018-2021-release-1-529678,0.0,0.0,1.0144702,0.0,0.0,1.0762721,0.0,0.0,0.0,0.0,0.0,0.0,0.0,0.0,-1.08,0.0,-1.08,0.55720985,13.491012573242188,7.517325083617834,1.08,0.0,0.0,-0.0,0.0,-0.0,0.0,0.0,-0.0,0.0,9.258355,0.0,0.0,0.43947816,0.36448276,0.10812023,0.1873197,0.0,0.0,0.0,0.2966402,0.1383698,0.51393294,0.0,0.36448276,0.0,1.4444828,1.5157503,0.43947816,-0.07126751,15.3,18.777775,20.555555,20.555555,2.0
resstock-amy2018-2021-release-1-529678,0.0,1.7730585,1.2537841,0.0,0.6695714,1.330165,0.0,0.0,0.0,0.0,0.0,0.0,0.0,0.0,-1.08,0.0,-1.08,0.46877936,13.490986824035645,6.324296105564287,1.08,0.0,0.0,-0.0,0.0,-0.0,0.0,0.0,-0.0,0.0,9.258355,1.7730585,0.0,0.40940768,1.2737411,0.38547638,0.61865866,0.0,0.0,0.0,0.30263323,0.1383698,0.48570204,0.0,1.2737411,0.0,2.3537412,2.4091442,0.40940768,-0.055402927,15.6,20.31251,20.555555,20.555555,2.0
resstock-amy2018-2021-release-1-529678,0.0,0.0,0.37898928,0.0,0.0,0.40207744,0.0,0.0,0.0,0.0,0.0,0.0,0.0,0.0,-1.08,0.0,-1.08,0.38072985,13.490961074829102,5.136411641781592,1.08,0.0,0.0,-0.0,0.0,-0.0,0.0,0.0,-0.0,0.0,9.258355,0.0,0.0,0.53268975,-0.2153318,-0.06636014,0.0,0.0,0.0,0.0,0.30817622,0.1383698,0.47366127,0.0,0.0,-0.2153318,0.86466825,0.9347672,0.53268975,-0.07009893,16.1,19.690641,20.555555,20.555555,2.0
resstock-amy2018-2021-release-1-529678,0.0,0.0,0.0,0.0,0.0,0.0,0.0,0.0,0.0,0.0,0.0,0.0,0.0,0.0,-1.08,0.0,-1.08,0.2930597,13.490935325622559,3.9536495494727433,1.08,0.0,0.0,-0.0,0.0,-0.0,0.0,0.0,-0.0,0.0,9.258355,0.0,0.0,0.4137019,-0.7167798,-0.22769639,0.0,0.0,0.0,0.0,0.31766573,0.1383698,0.49115616,0.0,0.0,-0.7167798,0.3632202,0.41370192,0.4137019,-0.050481707,13.3,19.522335,19.5,19.5,2.0
resstock-amy2018-2021-release-1-529678,0.0,0.0,0.0,0.0,0.0,0.0,0.0,0.0,0.0,0.0,0.0,0.0,0.0,0.0,-1.08,0.0,-1.08,0.2057673,13.490909576416016,2.775988088069994,1.08,0.0,0.0,-0.0,0.0,-0.0,0.0,0.0,-0.0,0.0,9.258355,0.0,0.0,0.43217692,-0.6586436,-0.21911189,0.0,0.0,0.0,0.0,0.3326714,0.1383698,0.5158704,0.0,0.0,-0.6586436,0.42135644,0.43217695,0.43217692,-0.010820501,13.9,19.452927,19.5,19.5,2.0
resstock-amy2018-2021-release-1-529678,0.0,0.0,0.3789891,0.0,0.0,0.40207726,0.0,0.0,0.0,0.0,0.0,0.0,0.0,0.0,-1.08,0.0,-1.08,0.118851,13.490883827209473,1.6034050145967669,1.08,0.0,0.0,-0.0,0.0,-0.0,0.0,0.0,-0.0,0.0,9.258355,0.0,0.0,0.60630786,-0.07161492,-0.023980385,0.0,0.0,0.0,0.0,0.3348518,0.1383698,0.5493724,0.0,0.0,-0.07161492,1.0083852,1.0083852,0.60630786,0.0,13.9,19.462986,19.5,19.5,2.0
resstock-amy2018-2021-release-1-529678,0.0,0.0,0.0,0.0,0.0,0.0,0.0,0.0,0.0,0.0,0.0,0.0,0.0,0.0,-1.08,0.0,-1.08,0.032309175,13.49085807800293,0.43587848830497933,1.08,0.0,0.0,-0.0,0.0,-0.0,0.0,0.0,-0.0,0.0,9.258355,0.0,0.0,0.6783488,-0.40165126,-0.13045792,0.0,0.0,0.0,0.0,0.32480398,0.1383698,0.56777,0.0,0.0,-0.40165126,0.6783488,0.6783488,0.6783488,-0.0,12.866667,19.274755,19.5,19.5,2.0
resstock-amy2018-2021-release-1-529678,0.0,0.0,0.37898925,0.0,0.0,0.4020774,0.0,0.0,0.0,0.0,0.0,0.0,0.0,0.0,-0.40385523,0.0,-0.40385523,0.0,13.490848541259766,0.0,0.40385523,0.0,0.0,-0.0,0.0,-0.0,0.0,0.0,-0.0,0.0,9.258355,0.0,0.0,0.6372725,0.63549465,0.2017851,0.35806137,0.0,0.0,0.0,0.31752446,0.1383698,0.5634373,0.0,0.63549465,0.0,1.0393499,1.0393499,0.6372725,-0.0,13.3,19.264246,19.5,19.5,2.0
resstock-amy2018-2021-release-1-529678,0.0,0.0,0.0,0.0,0.0,0.0,0.0,0.0,0.0,0.0,0.0,0.0,0.0,0.0,0.0,0.0,0.0,0.0,13.490848541259766,0.0,-0.0,0.0,0.0,-0.0,0.0,-0.0,0.0,0.0,-0.0,0.0,9.258355,0.0,0.0,0.597009,0.597009,0.18768942,0.34675485,0.0,0.0,0.0,0.3143829,0.1383698,0.58082014,0.0,0.597009,0.0,0.597009,0.597009,0.597009,-0.0,13.3,19.127708,19.5,19.5,2.0
resstock-amy2018-2021-release-1-529678,0.0,0.0,0.37898853,0.0,0.0,0.40207663,0.0,0.0,0.0,0.0,0.0,0.0,0.0,0.0,0.0,0.0,0.0,0.0,13.490848541259766,0.0,-0.0,0.0,0.0,-0.0,0.0,-0.0,0.0,0.0,-0.0,0.0,9.258355,0.0,0.0,0.5501379,0.9522145,0.29727322,0.56368864,0.0,0.0,0.0,0.31219146,0.1383698,0.5919765,0.0,0.9522145,0.0,0.9522145,0.9522145,0.5501379,-0.0,12.8,18.882755,20.555555,20.555555,2.0
resstock-amy2018-2021-release-1-529678,0.0,1.2458866,0.0,0.0,0.50902444,0.0,0.0,0.0,0.0,0.0,0.0,0.0,0.0,0.0,1.2285,1.2285,0.0,0.08496835,13.490819931030273,1.146292720853026,-0.0,1.2285,0.0,-0.0,0.0,-0.0,0.0,0.0,-0.0,0.0,9.258355,1.2458866,0.0,0.40939903,2.1469235,0.61054534,1.279976,0.0,0.0,0.0,0.2843815,0.1383698,0.59619075,0.0,2.1469235,0.0,0.91842353,0.91842353,0.40939903,-0.0,12.9,19.725515,20.555555,20.555555,2.0
resstock-amy2018-2021-release-1-529678,0.0,0.0,0.0,0.0,0.0,0.0,0.0,0.0,0.0,0.0,0.0,0.0,0.0,0.0,1.2285,1.2285,0.0,0.16957061,13.490791320800781,2.28764171266846,-0.0,1.2285,0.0,-0.0,0.0,-0.0,0.0,0.0,-0.0,0.0,9.258355,0.0,0.0,0.31401563,1.5425156,0.3751099,0.9211516,0.0,0.0,0.0,0.24318062,0.1383698,0.5971749,0.0,1.5425156,0.0,0.31401563,0.31401563,0.31401563,-0.0,12.2,18.839323,20.555555,20.555555,2.0
resstock-amy2018-2021-release-1-529678,0.0,1.2782344,0.0,0.0,0.5485957,0.0,0.0,0.0,0.0,0.0,0.0,0.0,0.0,0.0,1.2285,1.2285,0.0,0.25380835,13.490762710571289,3.4240682153253488,-0.0,1.2285,0.0,-0.0,0.0,-0.0,0.0,0.0,-0.0,0.0,9.258355,1.2782344,0.0,0.31236687,2.0894628,0.52239037,1.197599,0.0,0.0,0.0,0.2500118,0.1383698,0.57316124,0.0,2.0894628,0.0,0.86096275,0.86096275,0.31236687,-0.0,11.1,19.32306,20.0,20.0,2.0
resstock-amy2018-2021-release-1-529678,0.0,0.0,0.0,0.0,0.0,0.0,0.0,0.0,0.0,0.0,0.0,0.0,0.0,0.0,1.2285,1.2285,0.0,0.33768317,13.490734100341797,4.555593870578036,-0.0,1.2285,0.0,-0.0,0.0,-0.0,0.0,0.0,-0.0,0.0,9.258355,0.0,0.0,0.31071812,1.5392182,0.35576716,0.9116588,0.0,0.0,0.0,0.23113498,0.1383698,0.59228694,0.0,1.5392182,0.0,0.31071818,0.31071818,0.31071812,-0.0,10.0,18.310478,20.0,20.0,2.0
resstock-amy2018-2021-release-1-529678,0.0,1.2583407,0.0,0.0,0.5579309,0.0,0.0,0.0,0.0,0.0,0.0,0.0,0.0,0.0,1.2285,1.2285,0.0,0.4211966,13.490705490112305,5.68223941537525,-0.0,1.2285,0.0,-0.0,0.0,-0.0,0.0,0.0,-0.0,0.0,9.258355,1.2583407,0.0,0.30906937,2.0955002,0.49613762,1.2343067,0.0,0.0,0.0,0.23676333,0.1383698,0.5890272,0.0,2.0955002,0.0,0.8670002,0.8670002,0.30906937,-0.0,9.86,18.773617,19.444445,19.444445,2.0
resstock-amy2018-2021-release-1-529678,0.0,0.0,0.0,0.0,0.0,0.0,0.0,0.0,0.0,0.0,0.0,0.0,0.0,0.0,1.2285,1.2285,0.0,0.50435024,13.490676879882812,6.8040261895703225,-0.0,1.2285,0.0,-0.0,0.0,-0.0,0.0,0.0,-0.0,0.0,9.258355,0.0,0.0,0.3074206,1.5359206,0.34232447,0.90297055,0.0,0.0,0.0,0.22287901,0.1383698,0.58790183,0.0,1.5359206,0.0,0.3074206,0.3074206,0.3074206,-0.0,9.72,17.872046,19.444445,19.444445,2.0
resstock-amy2018-2021-release-1-529678,0.0,1.1711088,0.0,0.0,0.52300966,0.0,0.0,0.0,0.0,0.0,0.0,0.0,0.0,0.0,1.2285,1.2285,0.0,0.58714557,13.49064826965332,7.920974326677879,-0.0,1.2285,0.0,-0.0,0.0,-0.0,0.0,0.0,-0.0,0.0,9.258355,1.1711088,0.0,0.30577186,2.0572815,0.45894623,1.2087328,0.0,0.0,0.0,0.22308382,0.1383698,0.5875389,0.0,2.0572815,0.0,0.8287815,0.8287815,0.30577186,-0.0,9.58,18.33939,19.444445,19.444445,2.0
resstock-amy2018-2021-release-1-529678,0.0,0.82420486,0.0,0.0,0.36940634,0.0,0.0,0.0,0.0,0.0,0.0,0.0,0.0,0.0,1.2285,1.2285,0.0,0.66958416,13.490619659423828,9.033105166197402,-0.0,1.2285,0.0,-0.0,0.0,-0.0,0.0,0.0,-0.0,0.0,9.258355,0.82420486,0.0,0.30577186,1.9036782,0.48830545,1.125073,0.0,0.0,0.0,0.2565063,0.1383698,0.59099954,0.0,1.9036782,0.0,0.6751782,0.6751782,0.30577186,-0.0,9.44,18.04557,18.88889,18.88889,2.0
resstock-amy2018-2021-release-1-529678,0.0,0.0,0.0,0.0,0.0,0.0,0.0,0.0,0.0,0.0,0.0,0.0,0.0,0.0,1.2285,1.2285,0.0,0.75166756,13.490591049194336,10.140439645396668,-0.0,1.2285,0.0,-0.0,0.0,-0.0,0.0,0.0,-0.0,0.0,9.258355,0.0,0.0,0.30906937,1.5375694,0.44710755,0.9122104,0.0,0.0,0.0,0.29078853,0.1383698,0.5932808,0.0,1.5375694,0.0,0.3090694,0.3090694,0.30906937,-0.0,10.55,17.485134,18.277779,18.277779,2.0
resstock-amy2018-2021-release-1-529678,0.0,0.0,0.0,0.0,0.0,0.0,0.0,0.0,0.0,0.0,0.0,0.0,0.0,0.0,1.2285,1.2285,0.0,0.8333973,13.490562438964844,11.242998701366105,-0.0,1.2285,0.0,-0.0,0.0,-0.0,0.0,0.0,-0.0,0.0,9.258355,0.0,0.0,0.3985133,1.6270133,0.5295202,0.95791507,0.0,0.0,0.0,0.32545537,0.1383698,0.58875674,0.0,1.6270133,0.0,0.39851332,0.39851332,0.3985133,-0.0,11.7,17.44859,19.439816,19.439816,2.0
resstock-amy2018-2021-release-1-529678,0.0,1.4830475,0.0,0.0,0.61951005,0.0,0.0,0.0,0.0,0.0,0.0,0.0,0.0,0.0,1.2285,1.2285,0.0,0.914775,13.490533828735352,12.340803271018785,-0.0,1.2285,0.0,-0.0,0.0,-0.0,0.0,0.0,-0.0,0.0,9.258355,1.4830475,0.0,0.31401563,2.1447597,0.8147307,1.2683476,0.0,0.0,0.0,0.37987038,0.1383698,0.5913705,0.0,2.1447597,0.0,0.91625965,0.9335256,0.31401563,-0.017265974,12.1,18.408676,20.0,20.0,2.0
resstock-amy2018-2021-release-1-529678,0.0,1.5111576,0.0,0.0,0.60009485,0.0,0.0,0.0,0.0,0.0,0.0,0.0,0.0,0.0,-1.08,0.0,-1.08,0.8248039,13.490508079528809,11.127023525852962,1.08,0.0,0.0,-0.0,0.0,-0.0,0.0,0.0,-0.0,0.0,9.258355,1.5111576,0.0,0.31401563,-0.21003325,-0.075548165,0.0,0.0,0.0,0.0,0.3596962,0.1383698,0.59937876,0.0,0.0,-0.21003325,0.8699668,0.9141105,0.31401563,-0.044143688,13.9,18.766214,19.5,19.5,2.0
resstock-amy2018-2021-release-1-529678,0.0,0.0,0.0,0.0,0.0,0.0,0.0,0.0,0.0,0.0,0.0,0.0,0.0,0.0,-1.08,0.0,-1.08,0.73522043,13.490482330322266,9.918478250585395,1.08,0.0,0.0,-0.0,0.0,-0.0,0.0,0.0,-0.0,0.0,9.258355,0.0,0.0,0.40244177,-0.7575169,-0.26084274,0.0,0.0,0.0,0.0,0.34433916,0.1383698,0.60020775,0.0,0.0,-0.7575169,0.32248312,0.4024417,0.40244177,-0.079958595,12.8,18.19894,19.5,19.5,2.0
resstock-amy2018-2021-release-1-529678,0.0,1.2339735,0.0,0.0,0.49002242,0.0,0.0,0.0,0.0,0.0,0.0,0.0,0.0,0.0,-1.08,0.0,-1.08,0.64602304,13.490456581115723,8.71514570473505,1.08,0.0,0.0,-0.0,0.0,-0.0,0.0,0.0,-0.0,0.0,9.258355,1.2339735,0.0,0.40416893,-0.28388137,-0.09213928,0.0,0.0,0.0,0.0,0.32456967,0.1383698,0.6045962,0.0,0.0,-0.28388137,0.7961187,0.8941914,0.40416893,-0.0980727,13.9,19.244858,20.0,20.0,2.0
resstock-amy2018-2021-release-1-529678,0.0,0.0,0.0,0.0,0.0,0.0,0.0,0.0,0.0,0.0,0.0,0.0,0.0,0.0,-1.08,0.0,-1.08,0.55720985,13.49043083190918,7.517000931617304,1.08,0.0,0.0,-0.0,0.0,-0.0,0.0,0.0,-0.0,0.0,9.258355,0.0,0.0,0.43947816,-0.7598841,-0.23244052,0.0,0.0,0.0,0.0,0.30588943,0.1383698,0.60980105,0.0,0.0,-0.7598841,0.32011592,0.43947813,0.43947816,-0.11936221,15.0,18.878498,20.555555,20.555555,2.0
resstock-amy2018-2021-release-1-529678,0.0,1.5905838,0.0,0.0,0.6316357,0.0,0.0,0.0,0.0,0.0,0.0,0.0,0.0,0.0,-1.08,0.0,-1.08,0.46877936,13.490405082702637,6.324023397237255,1.08,0.0,0.0,-0.0,0.0,-0.0,0.0,0.0,-0.0,0.0,9.258355,1.5905838,0.0,0.31566438,-0.286299,-0.084593676,0.0,0.0,0.0,0.0,0.2954732,0.1383698,0.61282605,0.0,0.0,-0.286299,0.79370105,0.9473001,0.31566438,-0.15359904,13.9,20.417519,21.11111,21.11111,2.0
resstock-amy2018-2021-release-1-529678,0.0,0.0,0.37919533,0.0,0.0,0.40229604,0.0,0.0,0.0,0.0,0.0,0.0,0.0,0.0,-1.08,0.0,-1.08,0.38072985,13.490379333496094,5.136190155488748,1.08,0.0,0.0,-0.0,0.0,-0.0,0.0,0.0,-0.0,0.0,9.258355,0.0,0.0,0.31566438,-0.5061592,-0.15244758,0.0,0.0,0.0,0.0,0.30118504,0.1383698,0.6098887,0.0,0.0,-0.5061592,0.57384086,0.7179605,0.31566438,-0.14411965,14.4,19.914558,21.666666,21.666666,2.0
resstock-amy2018-2021-release-1-529678,0.0,1.6617643,0.3791964,0.0,0.65990216,0.40229717,0.0,0.0,0.0,0.0,0.0,0.0,0.0,0.0,-1.08,0.0,-1.08,0.2930597,13.49035358428955,3.9534790645283238,1.08,0.0,0.0,-0.0,0.0,-0.0,0.0,0.0,-0.0,0.0,9.258355,1.6617643,0.0,0.47664458,0.32804883,0.09931342,0.19830404,0.0,0.0,0.0,0.30273977,0.1383698,0.6044955,0.0,0.32804883,0.0,1.4080489,1.5388439,0.47664458,-0.13079503,13.9,21.47548,22.222221,22.222221,2.0
resstock-amy2018-2021-release-1-529678,0.0,0.0,0.0,0.0,0.0,0.0,0.0,0.0,0.0,0.0,0.0,0.0,0.0,0.0,-1.08,0.0,-1.08,0.2057673,13.490327835083008,2.775868384724447,1.08,0.0,0.0,-0.0,0.0,-0.0,0.0,0.0,-0.0,0.0,9.258355,0.0,0.0,0.5453919,-0.60413784,-0.18878312,0.0,0.0,0.0,0.0,0.31248352,0.1383698,0.6059001,0.0,0.0,-0.60413784,0.4758622,0.5453919,0.5453919,-0.06952973,13.3,20.764198,21.666666,21.666666,2.0
resstock-amy2018-2021-release-1-529678,0.0,0.0,0.0,0.0,0.0,0.0,0.0,0.0,0.0,0.0,0.0,0.0,0.0,0.0,-1.08,0.0,-1.08,0.118851,13.490302085876465,1.6033358740584234,1.08,0.0,0.0,-0.0,0.0,-0.0,0.0,0.0,-0.0,0.0,9.258355,0.0,0.0,0.60630786,-0.4765343,-0.1522113,0.0,0.0,0.0,0.0,0.3194131,0.1383698,0.6146058,0.0,0.0,-0.4765343,0.60346574,0.60630786,0.60630786,-0.0028421227,12.8,20.457188,21.666666,21.666666,2.0
resstock-amy2018-2021-release-1-529678,0.0,1.0786632,0.30229086,0.0,0.45552987,0.32070652,0.0,0.0,0.0,0.0,0.0,0.0,0.0,0.0,-1.08,0.0,-1.08,0.032309175,13.490276336669922,0.4358596927227154,1.08,0.0,0.0,-0.0,0.0,-0.0,0.0,0.0,-0.0,0.0,9.258355,1.0786632,0.0,0.6783488,0.37458518,0.12616004,0.2279618,0.0,0.0,0.0,0.33679935,0.1383698,0.6085713,0.0,0.37458518,0.0,1.4545852,1.4545852,0.6783488,-0.0,11.7,21.00996,21.11111,21.11111,2.0
resstock-amy2018-2021-release-1-529678,0.0,0.0,1.1433777,0.0,0.0,1.2130326,0.0,0.0,0.0,0.0,0.0,0.0,0.0,0.0,-0.40385523,0.0,-0.40385523,0.0,13.490266799926758,0.0,0.40385523,0.0,0.0,-0.0,0.0,-0.0,0.0,0.0,-0.0,0.0,9.258355,0.0,0.0,1.2068803,2.0160577,0.644881,1.2017599,0.0,0.0,0.0,0.3198723,0.1383698,0.596094,0.0,2.0160577,0.0,2.419913,2.419913,1.2068803,-0.0,11.7,20.23893,21.11111,21.11111,2.0
resstock-amy2018-2021-release-1-529678,0.40557453,0.0,0.93707055,0.0,0.0,0.9941572,0.0,0.0,0.0,0.0,0.0,0.0,0.0,0.0,0.0,0.0,0.0,0.0,13.490266799926758,0.0,-0.0,0.0,0.0,-0.0,0.0,-0.0,0.0,0.0,-0.0,0.0,9.258355,0.0,0.0,1.1704319,2.164589,0.65237916,1.2610208,0.0,0.0,0.0,0.3013871,0.1383698,0.5825682,0.0,2.164589,0.0,2.164589,2.164589,1.1704319,-0.0,11.85,19.902939,19.5,19.5,2.0
resstock-amy2018-2021-release-1-529678,0.0,0.0,0.7583905,0.0,0.0,0.8045919,0.0,0.0,0.0,0.0,0.0,0.0,0.0,0.0,0.0,0.0,0.0,0.0,13.490266799926758,0.0,-0.0,0.0,0.0,-0.0,0.0,-0.0,0.0,0.0,-0.0,0.0,9.258355,0.0,0.0,0.66407716,1.468669,0.42273104,0.8352981,0.0,0.0,0.0,0.28783274,0.1383698,0.56874496,0.0,1.468669,0.0,1.468669,1.468669,0.66407716,-0.0,11.7,19.56541,21.11111,21.11111,2.0
resstock-amy2018-2021-release-1-529678,0.0,1.1512237,0.0,0.0,0.49408495,0.0,0.0,0.0,0.0,0.0,0.0,0.0,0.0,0.0,1.2285,1.2285,0.0,0.08496835,13.490238189697266,1.146243291251352,-0.0,1.2285,0.0,-0.0,0.0,-0.0,0.0,0.0,-0.0,0.0,9.258355,1.1512237,0.0,0.40939903,2.131984,0.59688324,1.1568894,0.0,0.0,0.0,0.2799661,0.1383698,0.54263514,0.0,2.131984,0.0,0.903484,0.903484,0.40939903,-0.0,11.1,20.100893,21.11111,21.11111,2.0
resstock-amy2018-2021-release-1-529678,0.0,0.7535512,0.0,0.0,0.32341093,0.0,0.0,0.0,0.0,0.0,0.0,0.0,0.0,0.0,1.2285,1.2285,0.0,0.16957061,13.490209579467773,2.287543066435802,-0.0,1.2285,0.0,-0.0,0.0,-0.0,0.0,0.0,-0.0,0.0,9.258355,0.7535512,0.0,0.31401563,1.8659265,0.49899352,0.9814991,0.0,0.0,0.0,0.267424,0.1383698,0.52601165,0.0,1.8659265,0.0,0.6374265,0.6374265,0.31401563,-0.0,11.1,19.612461,21.11111,21.11111,2.0
resstock-amy2018-2021-release-1-529678,0.0,1.1180825,0.0,0.0,0.47986135,0.0,0.0,0.0,0.0,0.0,0.0,0.0,0.0,0.0,1.2285,1.2285,0.0,0.25380835,13.490180969238281,3.423920564517857,-0.0,1.2285,0.0,-0.0,0.0,-0.0,0.0,0.0,-0.0,0.0,9.258355,1.1180825,0.0,0.31236687,2.020728,0.48694164,1.1124401,0.0,0.0,0.0,0.24097335,0.1383698,0.5505145,0.0,2.020728,0.0,0.7922281,0.7922281,0.31236687,-0.0,11.1,19.61138,20.555555,20.555555,2.0
resstock-amy2018-2021-release-1-529678,0.0,0.0,0.0,0.0,0.0,0.0,0.0,0.0,0.0,0.0,0.0,0.0,0.0,0.0,1.2285,1.2285,0.0,0.33768317,13.490152359008789,4.555397426319985,-0.0,1.2285,0.0,-0.0,0.0,-0.0,0.0,0.0,-0.0,0.0,9.258355,0.0,0.0,0.31071812,1.5392182,0.33231905,0.7985735,0.0,0.0,0.0,0.2159012,0.1383698,0.5188176,0.0,1.5392182,0.0,0.31071818,0.31071818,0.31071812,-0.0,11.1,18.621115,20.555555,20.555555,2.0
resstock-amy2018-2021-release-1-529678,0.0,1.440754,0.0,0.0,0.6191715,0.0,0.0,0.0,0.0,0.0,0.0,0.0,0.0,0.0,1.2285,1.2285,0.0,0.4211966,13.490123748779297,5.681994387898044,-0.0,1.2285,0.0,-0.0,0.0,-0.0,0.0,0.0,-0.0,0.0,9.258355,1.440754,0.0,0.30906937,2.156741,0.43675417,1.1231636,0.0,0.0,0.0,0.20250656,0.1383698,0.5207689,0.0,2.156741,0.0,0.9282409,0.9282409,0.30906937,-0.0,11.05,19.363789,20.0,20.0,2.0
resstock-amy2018-2021-release-1-529678,0.0,0.0,0.0,0.0,0.0,0.0,0.0,0.0,0.0,0.0,0.0,0.0,0.0,0.0,1.2285,1.2285,0.0,0.50435024,13.490095138549805,6.803732788186494,-0.0,1.2285,0.0,-0.0,0.0,-0.0,0.0,0.0,-0.0,0.0,9.258355,0.0,0.0,0.3074206,1.5359206,0.3087274,0.8017096,0.0,0.0,0.0,0.20100479,0.1383698,0.5219733,0.0,1.5359206,0.0,0.3074206,0.3074206,0.3074206,-0.0,11.08,18.41332,20.0,20.0,2.0
resstock-amy2018-2021-release-1-529678,0.0,1.1817447,0.0,0.0,0.51056814,0.0,0.0,0.0,0.0,0.0,0.0,0.0,0.0,0.0,1.2285,1.2285,0.0,0.58714557,13.490066528320312,7.920632759833097,-0.0,1.2285,0.0,-0.0,0.0,-0.0,0.0,0.0,-0.0,0.0,9.258355,1.1817447,0.0,0.30577186,2.0448399,0.41563118,1.0731777,0.0,0.0,0.0,0.20325854,0.1383698,0.52482235,0.0,2.0448399,0.0,0.81633985,0.81633985,0.30577186,-0.0,10.85,18.936956,19.444445,19.444445,2.0
resstock-amy2018-2021-release-1-529678,0.0,0.0,0.0,0.0,0.0,0.0,0.0,0.0,0.0,0.0,0.0,0.0,0.0,0.0,1.2285,1.2285,0.0,0.66958416,13.49003791809082,9.032715641418463,-0.0,1.2285,0.0,-0.0,0.0,-0.0,0.0,0.0,-0.0,0.0,9.258355,0.0,0.0,0.30577186,1.5342718,0.35611108,0.82255,0.0,0.0,0.0,0.2321043,0.1383698,0.5361175,0.0,1.5342718,0.0,0.30577183,0.30577183,0.30577186,-0.0,10.9,18.17123,19.444445,19.444445,2.0
resstock-amy2018-2021-release-1-529678,0.0,0.94827867,0.24447477,0.0,0.41096735,0.25936824,0.0,0.0,0.0,0.0,0.0,0.0,0.0,0.0,1.2285,1.2285,0.0,0.75166756,13.490009307861328,10.140002369308831,-0.0,1.2285,0.0,-0.0,0.0,-0.0,0.0,0.0,-0.0,0.0,9.258355,0.94827867,0.0,0.37210277,2.2709382,0.63514465,1.2244323,0.0,0.0,0.0,0.27968383,0.1383698,0.5391747,0.0,2.2709382,0.0,1.0424381,1.0424381,0.37210277,-0.0,10.733334,18.574142,18.268518,18.268518,2.0
resstock-amy2018-2021-release-1-529678,0.0,0.0,0.25288072,0.0,0.0,0.2682863,0.0,0.0,0.0,0.0,0.0,0.0,0.0,0.0,1.2285,1.2285,0.0,0.8333973,13.489980697631836,11.242513879693092,-0.0,1.2285,0.0,-0.0,0.0,-0.0,0.0,0.0,-0.0,0.0,9.258355,0.0,0.0,0.3985133,1.8952997,0.56798977,1.0366639,0.0,0.0,0.0,0.29968336,0.1383698,0.5469657,0.0,1.8952997,0.0,0.66679966,0.66679966,0.3985133,-0.0,10.6,17.93575,19.458334,19.458334,2.0
resstock-amy2018-2021-release-1-529678,0.0,1.1340078,1.4360466,0.0,0.4866962,1.5235311,0.0,0.0,0.0,0.0,0.0,0.0,0.0,0.0,1.2285,1.2285,0.0,0.914775,13.489952087402344,12.340271108582783,-0.0,1.2285,0.0,-0.0,0.0,-0.0,0.0,0.0,-0.0,0.0,9.258355,1.1340078,0.0,0.40468776,3.6407824,1.1735387,2.0297194,0.0,0.0,0.0,0.32233146,0.1383698,0.5574954,0.0,3.6407824,0.0,2.4122825,2.414915,0.40468776,-0.002632525,11.1,18.583878,20.555555,20.555555,2.0
resstock-amy2018-2021-release-1-529678,0.0,1.7597811,0.0,0.0,0.7431725,0.0,0.0,0.0,0.0,0.0,0.0,0.0,0.0,0.0,-1.08,0.0,-1.08,0.8248039,13.4899263381958,11.126543703339223,1.08,0.0,0.0,-0.0,0.0,-0.0,0.0,0.0,-0.0,0.0,9.258355,1.7597811,0.0,0.31401563,-0.031502537,-0.010004718,0.0,0.0,0.0,0.0,0.3175845,0.1383698,0.592357,0.0,0.0,-0.031502537,1.0484976,1.0571882,0.31401563,-0.008690648,11.7,18.99091,18.898148,18.898148,2.0
resstock-amy2018-2021-release-1-529678,0.0,0.0,0.37939087,0.0,0.0,0.4025035,0.0,0.0,0.0,0.0,0.0,0.0,0.0,0.0,-1.08,0.0,-1.08,0.73522043,13.489900588989258,9.918050542471065,1.08,0.0,0.0,-0.0,0.0,-0.0,0.0,0.0,-0.0,0.0,9.258355,0.0,0.0,0.31236687,-0.416089,-0.12217631,0.0,0.0,0.0,0.0,0.29363024,0.1383698,0.61389846,0.0,0.0,-0.416089,0.66391104,0.71487033,0.31236687,-0.050959263,12.6,18.122993,19.5,19.5,2.0
resstock-amy2018-2021-release-1-529678,0.0,1.2837859,0.75878435,0.0,0.51862663,0.8050098,0.0,0.0,0.0,0.0,0.0,0.0,0.0,0.0,-1.08,0.0,-1.08,0.64602304,13.489874839782715,8.714769886433487,1.08,0.0,0.0,-0.0,0.0,-0.0,0.0,0.0,-0.0,0.0,9.258355,1.2837859,0.0,0.31236687,0.5173105,0.1459378,0.32408905,0.0,0.0,0.0,0.28210872,0.1383698,0.62648845,0.0,0.5173105,0.0,1.5973105,1.6360034,0.31236687,-0.038692806,13.3,19.06829,19.444445,19.444445,2.0
resstock-amy2018-2021-release-1-529678,0.0,0.0,0.3793912,0.0,0.0,0.40250385,0.0,0.0,0.0,0.0,0.0,0.0,0.0,0.0,-1.08,0.0,-1.08,0.55720985,13.489849090576172,7.516676779616773,1.08,0.0,0.0,-0.0,0.0,-0.0,0.0,0.0,-0.0,0.0,9.258355,0.0,0.0,0.34566772,-0.39249802,-0.10367922,0.0,0.0,0.0,0.0,0.2641522,0.1383698,0.6420324,0.0,0.0,-0.39249802,0.687502,0.74817157,0.34566772,-0.06066957,13.925,18.40419,20.0,20.0,2.0
resstock-amy2018-2021-release-1-529678,0.0,1.4766116,0.0,0.0,0.6010352,0.0,0.0,0.0,0.0,0.0,0.0,0.0,0.0,0.0,-1.08,0.0,-1.08,0.46877936,13.489823341369629,6.3237506889102235,1.08,0.0,0.0,-0.0,0.0,-0.0,0.0,0.0,-0.0,0.0,9.258355,1.4766116,0.0,0.5044924,-0.044949427,-0.011806249,0.0,0.0,0.0,0.0,0.26265627,0.1383698,0.6533382,0.0,0.0,-0.044949427,1.0350506,1.1055276,0.5044924,-0.07047702,13.033334,19.559881,20.0,20.0,2.0
resstock-amy2018-2021-release-1-529678,0.0,0.0,0.0,0.0,0.0,0.0,0.0,0.0,0.0,0.0,0.0,0.0,0.0,0.0,-1.08,0.0,-1.08,0.38072985,13.489797592163086,5.135968669195904,1.08,0.0,0.0,-0.0,0.0,-0.0,0.0,0.0,-0.0,0.0,9.258355,0.0,0.0,0.4068044,-0.72075015,-0.19899581,0.0,0.0,0.0,0.0,0.27609542,0.1383698,0.65862495,0.0,0.0,-0.72075015,0.3592499,0.40680444,0.4068044,-0.04755455,12.9,18.872955,20.0,20.0,2.0
resstock-amy2018-2021-release-1-529678,0.0,1.0189646,0.0,0.0,0.4244826,0.0,0.0,0.0,0.0,0.0,0.0,0.0,0.0,0.0,-1.08,0.0,-1.08,0.2930597,13.489771842956543,3.9533085795839042,1.08,0.0,0.0,-0.0,0.0,-0.0,0.0,0.0,-0.0,0.0,9.258355,1.0189646,0.0,0.6130744,-0.099010915,-0.028103018,0.0,0.0,0.0,0.0,0.2838376,0.1383698,0.6578335,0.0,0.0,-0.099010915,0.9809891,1.037557,0.6130744,-0.05656788,12.2,19.745419,20.0,20.0,2.0
resstock-amy2018-2021-release-1-529678,0.0,0.0,0.3842672,0.0,0.0,0.4076769,0.0,0.0,0.0,0.0,0.0,0.0,0.0,0.0,-1.08,0.0,-1.08,0.2057673,13.48974609375,2.7757486813789,1.08,0.0,0.0,-0.0,0.0,-0.0,0.0,0.0,-0.0,0.0,9.258355,0.0,0.0,1.6594862,0.923856,0.27977297,0.6040276,0.0,0.0,0.0,0.3028318,0.1383698,0.65381145,0.0,0.923856,0.0,2.0038562,2.0671632,1.6594862,-0.06330698,12.2,19.455395,19.5,19.5,2.0
resstock-amy2018-2021-release-1-529678,0.009684072,0.0,3.2697418,0.0,0.0,3.4689355,0.0,0.0,0.0,0.0,0.0,0.0,0.0,0.0,-1.08,0.0,-1.08,0.118851,13.489720344543457,1.6032667335200799,1.08,0.0,0.0,-0.0,0.0,-0.0,0.0,0.0,-0.0,0.0,9.258355,0.0,0.0,0.60630786,2.9952433,0.9278984,1.9431297,0.0,0.0,0.0,0.30979067,0.1383698,0.6487385,0.0,2.9952433,0.0,4.0752435,4.0752435,0.60630786,0.0,12.2,19.357933,19.5,19.5,2.0
resstock-amy2018-2021-release-1-529678,0.0,0.0,0.37939098,0.0,0.0,0.4025036,0.0,0.0,0.0,0.0,0.0,0.0,0.0,0.0,-1.08,0.0,-1.08,0.032309175,13.489694595336914,0.4358408971404515,1.08,0.0,0.0,-0.0,0.0,-0.0,0.0,0.0,-0.0,0.0,9.258355,0.0,0.0,0.6783488,0.0008523464,0.00026501724,0.000545301,0.0,0.0,0.0,0.31092668,0.1383698,0.63976455,0.0,0.0008523464,0.0,1.0808524,1.0808524,0.6783488,-0.0,10.6,19.178064,19.5,19.5,2.0
resstock-amy2018-2021-release-1-529678,0.0,0.0,3.430965,0.0,0.0,3.6399806,0.0,0.0,0.0,0.0,0.0,0.0,0.0,0.0,-0.40385523,0.0,-0.40385523,0.0,13.48968505859375,0.0,0.40385523,0.0,0.0,-0.0,0.0,-0.0,0.0,0.0,-0.0,0.0,9.258355,0.0,0.0,0.7931303,4.0292554,1.2326926,2.5630896,0.0,0.0,0.0,0.3059356,0.1383698,0.6361199,0.0,4.0292554,0.0,4.4331107,4.4331107,0.7931303,-0.0,10.6,18.989231,19.5,19.5,2.0
resstock-amy2018-2021-release-1-529678,0.0,0.0,1.5175687,0.0,0.0,1.6100196,0.0,0.0,0.0,0.0,0.0,0.0,0.0,0.0,0.0,0.0,0.0,0.0,13.48968505859375,0.0,-0.0,0.0,0.0,-0.0,0.0,-0.0,0.0,0.0,-0.0,0.0,9.258355,0.0,0.0,0.679759,2.2897787,0.6454963,1.4508818,0.0,0.0,0.0,0.28190336,0.1383698,0.6336341,0.0,2.2897787,0.0,2.2897787,2.2897787,0.679759,-0.0,11.1,18.712719,19.5,19.5,2.0
resstock-amy2018-2021-release-1-529678,0.0,0.0,0.0,0.0,0.0,0.0,0.0,0.0,0.0,0.0,0.0,0.0,0.0,0.0,0.0,0.0,0.0,0.0,13.48968505859375,0.0,-0.0,0.0,0.0,-0.0,0.0,-0.0,0.0,0.0,-0.0,0.0,9.258355,0.0,0.0,1.1009495,1.1009495,0.3013072,0.70345056,0.0,0.0,0.0,0.2736794,0.1383698,0.638949,0.0,1.1009495,0.0,1.1009495,1.1009495,1.1009495,-0.0,11.1,18.47718,20.0,20.0,2.0
resstock-amy2018-2021-release-1-529678,0.0,1.1341823,0.0,0.0,0.4867711,0.0,0.0,0.0,0.0,0.0,0.0,0.0,0.0,0.0,1.2285,1.2285,0.0,0.08496835,13.489656448364258,1.146193861649678,-0.0,1.2285,0.0,-0.0,0.0,-0.0,0.0,0.0,-0.0,0.0,9.258355,1.1341823,0.0,0.49983615,2.2151072,0.6057207,1.425838,0.0,0.0,0.0,0.27344984,0.1383698,0.643688,0.0,2.2151072,0.0,0.9866072,0.9866072,0.49983615,-0.0,11.1,19.160177,20.0,20.0,2.0
resstock-amy2018-2021-release-1-529678,0.0,0.0,0.0,0.0,0.0,0.0,0.0,0.0,0.0,0.0,0.0,0.0,0.0,0.0,1.2285,1.2285,0.0,0.16957061,13.489627838134766,2.287444420203144,-0.0,1.2285,0.0,-0.0,0.0,-0.0,0.0,0.0,-0.0,0.0,9.258355,0.0,0.0,0.36614907,1.5946491,0.41564173,1.0383283,0.0,0.0,0.0,0.26064777,0.1383698,0.65113276,0.0,1.5946491,0.0,0.36614907,0.36614907,0.36614907,-0.0,11.1,18.351164,20.0,20.0,2.0
resstock-amy2018-2021-release-1-529678,0.0,1.2280384,0.0,0.0,0.5270525,0.0,0.0,0.0,0.0,0.0,0.0,0.0,0.0,0.0,1.2285,1.2285,0.0,0.25380835,13.489599227905273,3.4237729137103656,-0.0,1.2285,0.0,-0.0,0.0,-0.0,0.0,0.0,-0.0,0.0,9.258355,1.2280384,0.0,0.35101247,2.106565,0.59084517,1.2981166,0.0,0.0,0.0,0.280478,0.1383698,0.6162243,0.0,2.106565,0.0,0.878065,0.878065,0.35101247,-0.0,11.1,18.93058,19.444445,19.444445,2.0
resstock-amy2018-2021-release-1-529678,0.0,0.0,0.0,0.0,0.0,0.0,0.0,0.0,0.0,0.0,0.0,0.0,0.0,0.0,1.2285,1.2285,0.0,0.33768317,13.489570617675781,4.555200982061933,-0.0,1.2285,0.0,-0.0,0.0,-0.0,0.0,0.0,-0.0,0.0,9.258355,0.0,0.0,0.31071812,1.5392182,0.4112128,1.0156872,0.0,0.0,0.0,0.26715693,0.1383698,0.6598722,0.0,1.5392182,0.0,0.31071818,0.31071818,0.31071812,-0.0,10.6,18.032337,18.88889,18.88889,2.0
resstock-amy2018-2021-release-1-529678,0.0,0.0,0.0,0.0,0.0,0.0,0.0,0.0,0.0,0.0,0.0,0.0,0.0,0.0,1.2285,1.2285,0.0,0.4211966,13.489542007446289,5.681749360420838,-0.0,1.2285,0.0,-0.0,0.0,-0.0,0.0,0.0,-0.0,0.0,9.258355,0.0,0.0,0.30906937,1.5375694,0.39679667,1.028683,0.0,0.0,0.0,0.2580675,0.1383698,0.66903186,0.0,1.5375694,0.0,0.3090694,0.3090694,0.30906937,-0.0,10.0,17.468773,17.222221,17.222221,2.0
resstock-amy2018-2021-release-1-529678,0.0,0.0,0.0,0.0,0.0,0.0,0.0,0.0,0.0,0.0,0.0,0.0,0.0,0.0,1.2285,1.2285,0.0,0.50435024,13.489513397216797,6.8034393868026655,-0.0,1.2285,0.0,-0.0,0.0,-0.0,0.0,0.0,-0.0,0.0,9.258355,0.0,0.0,0.3074206,1.5359206,0.39123878,1.0407636,0.0,0.0,0.0,0.2547259,0.1383698,0.6776155,0.0,1.5359206,0.0,0.3074206,0.3074206,0.3074206,-0.0,8.9,17.045181,17.222221,17.222221,2.0
resstock-amy2018-2021-release-1-529678,0.0,0.0,0.0,0.0,0.0,0.0,0.0,0.0,0.0,0.0,0.0,0.0,0.0,0.0,1.2285,1.2285,0.0,0.58714557,13.489484786987305,7.920291192988316,-0.0,1.2285,0.0,-0.0,0.0,-0.0,0.0,0.0,-0.0,0.0,9.258355,0.0,0.0,0.30577186,1.5342718,0.40268356,1.0404272,0.0,0.0,0.0,0.26245907,0.1383698,0.6781244,0.0,1.5342718,0.0,0.30577183,0.30577183,0.30577186,-0.0,7.2,16.524097,17.222221,17.222221,2.0
resstock-amy2018-2021-release-1-529678,0.0,0.0,0.0,0.0,0.0,0.0,0.0,0.0,0.0,0.0,0.0,0.0,0.0,0.0,1.2285,1.2285,0.0,0.66958416,13.489456176757812,9.032326116639524,-0.0,1.2285,0.0,-0.0,0.0,-0.0,0.0,0.0,-0.0,0.0,9.258355,0.0,0.0,0.30577186,1.5342718,0.41137278,1.0336888,0.0,0.0,0.0,0.2681225,0.1383698,0.6737325,0.0,1.5342718,0.0,0.30577183,0.30577183,0.30577186,-0.0,7.2,16.234169,17.222221,17.222221,2.0
resstock-amy2018-2021-release-1-529678,0.0,0.0,2.0177438,0.0,0.0,2.1406655,0.0,0.0,0.0,0.0,0.0,0.0,0.0,0.0,1.2285,1.2285,0.0,0.75166756,13.48942756652832,10.139565093220995,-0.0,1.2285,0.0,-0.0,0.0,-0.0,0.0,0.0,-0.0,0.0,9.258355,0.0,0.0,0.37210277,3.7412682,1.1085149,2.4908159,0.0,0.0,0.0,0.29629388,0.1383698,0.6657678,0.0,3.7412682,0.0,2.5127683,2.5127683,0.37210277,-0.0,7.8,16.098843,18.25926,18.25926,2.0
resstock-amy2018-2021-release-1-529678,0.0,1.6090597,0.0,0.0,0.7716777,0.0,0.0,0.0,0.0,0.0,0.0,0.0,0.0,0.0,1.2285,1.2285,0.0,0.8333973,13.489398956298828,11.24202905802008,-0.0,1.2285,0.0,-0.0,0.0,-0.0,0.0,0.0,-0.0,0.0,9.258355,1.6090597,0.0,0.31236687,2.3125446,0.738438,1.5138327,0.0,0.0,0.0,0.31931838,0.1383698,0.6546177,0.0,2.3125446,0.0,1.0840446,1.0840446,0.31236687,-0.0,6.7,17.042194,19.476852,19.476852,2.0
resstock-amy2018-2021-release-1-529678,0.0,1.814919,1.4885621,0.0,0.81427324,1.5792458,0.0,0.0,0.0,0.0,0.0,0.0,0.0,0.0,1.2285,1.2285,0.0,0.914775,13.489370346069336,12.339738946146781,-0.0,1.2285,0.0,-0.0,0.0,-0.0,0.0,0.0,-0.0,0.0,9.258355,1.814919,0.0,0.3769583,3.983285,1.340008,2.560261,0.0,0.0,0.0,0.33640778,0.1383698,0.64275116,0.0,3.983285,0.0,2.754785,2.7704775,0.3769583,-0.015692502,9.4,17.511974,19.444445,19.444445,2.0
resstock-amy2018-2021-release-1-529678,0.0,1.7275518,0.19719623,0.0,0.72956175,0.20920949,0.0,0.0,0.0,0.0,0.0,0.0,0.0,0.0,-1.08,0.0,-1.08,0.8248039,13.489344596862793,11.126063880825484,1.08,0.0,0.0,-0.0,0.0,-0.0,0.0,0.0,-0.0,0.0,9.258355,1.7275518,0.0,1.0690306,0.89596075,0.31712937,0.5720286,0.0,0.0,0.0,0.35395452,0.1383698,0.6384527,0.0,0.89596075,0.0,1.9759607,2.0078018,1.0690306,-0.03184107,11.7,18.309837,18.88889,18.88889,2.0
resstock-amy2018-2021-release-1-529678,0.0,0.0,0.19161141,0.0,0.0,0.20328444,0.0,0.0,0.0,0.0,0.0,0.0,0.0,0.0,-1.08,0.0,-1.08,0.73522043,13.48931884765625,9.917622834356735,1.08,0.0,0.0,-0.0,0.0,-0.0,0.0,0.0,-0.0,0.0,9.258355,0.0,0.0,0.8393142,-0.1503613,-0.049216967,0.0,0.0,0.0,0.0,0.3273247,0.1383698,0.640321,0.0,0.0,-0.1503613,0.92963874,1.0425986,0.8393142,-0.11295991,11.7,18.10793,19.444445,19.444445,2.0
resstock-amy2018-2021-release-1-529678,0.0,1.2050343,0.0,0.0,0.50337625,0.0,0.0,0.0,0.0,0.0,0.0,0.0,0.0,0.0,-1.08,0.0,-1.08,0.64602304,13.489293098449707,8.714394068131924,1.08,0.0,0.0,-0.0,0.0,-0.0,0.0,0.0,-0.0,0.0,9.258355,1.2050343,0.0,0.40416893,-0.3530993,-0.11522622,0.0,0.0,0.0,0.0,0.3263281,0.1383698,0.63561255,0.0,0.0,-0.3530993,0.72690076,0.9075452,0.40416893,-0.18064447,12.1,19.403273,19.083334,19.083334,2.0
resstock-amy2018-2021-release-1-529678,0.0,0.0,0.0,0.0,0.0,0.0,0.0,0.0,0.0,0.0,0.0,0.0,0.0,0.0,-1.08,0.0,-1.08,0.55720985,13.489267349243164,7.516352627616243,1.08,0.0,0.0,-0.0,0.0,-0.0,0.0,0.0,-0.0,0.0,9.258355,0.0,0.0,0.43947816,-0.72776717,-0.21296981,0.0,0.0,0.0,0.0,0.29263455,0.1383698,0.62868905,0.0,0.0,-0.72776717,0.35223287,0.4394782,0.43947816,-0.08724531,12.8,19.181875,19.5,19.5,2.0
resstock-amy2018-2021-release-1-529678,0.0,0.0,1.5182705,0.0,0.0,1.610764,0.0,0.0,0.0,0.0,0.0,0.0,0.0,0.0,-1.08,0.0,-1.08,0.46877936,13.489241600036621,6.323477980583192,1.08,0.0,0.0,-0.0,0.0,-0.0,0.0,0.0,-0.0,0.0,9.258355,0.0,0.0,0.40940768,0.89107543,0.25690576,0.55743146,0.0,0.0,0.0,0.28830978,0.1383698,0.62557155,0.0,0.89107543,0.0,1.9710755,2.0201719,0.40940768,-0.04909623,11.7,19.03213,19.5,19.5,2.0
resstock-amy2018-2021-release-1-529678,0.0,0.0,0.0,0.0,0.0,0.0,0.0,0.0,0.0,0.0,0.0,0.0,0.0,0.0,-1.08,0.0,-1.08,0.38072985,13.489215850830078,5.13574718290306,1.08,0.0,0.0,-0.0,0.0,-0.0,0.0,0.0,-0.0,0.0,9.258355,0.0,0.0,0.4068044,-0.88441074,-0.26535973,0.0,0.0,0.0,0.0,0.3000413,0.1383698,0.6214796,0.0,0.0,-0.88441074,0.1955893,0.40680444,0.4068044,-0.21121514,12.2,19.216805,19.5,19.5,2.0
resstock-amy2018-2021-release-1-529678,0.0,0.0,0.0,0.0,0.0,0.0,0.0,0.0,0.0,0.0,0.0,0.0,0.0,0.0,-1.08,0.0,-1.08,0.2930597,13.489190101623535,3.9531380946394847,1.08,0.0,0.0,-0.0,0.0,-0.0,0.0,0.0,-0.0,0.0,9.258355,0.0,0.0,0.4137019,-0.8518207,-0.26364896,0.0,0.0,0.0,0.0,0.30951226,0.1383698,0.60924816,0.0,0.0,-0.8518207,0.22817934,0.4137019,0.4137019,-0.18552256,12.2,19.369673,20.555555,20.555555,2.0
resstock-amy2018-2021-release-1-529678,0.0,1.0576196,0.7591464,0.0,0.44664294,0.8053939,0.0,0.0,0.0,0.0,0.0,0.0,0.0,0.0,-1.08,0.0,-1.08,0.2057673,13.489164352416992,2.775628978033353,1.08,0.0,0.0,-0.0,0.0,-0.0,0.0,0.0,-0.0,0.0,9.258355,1.0576196,0.0,0.43217692,0.49660033,0.16371922,0.29626682,0.0,0.0,0.0,0.32968006,0.1383698,0.59659004,0.0,0.49660033,0.0,1.5766003,1.6842136,0.43217692,-0.10761334,11.7,20.358727,20.555555,20.555555,2.0
resstock-amy2018-2021-release-1-529678,0.0,0.0,1.3828796,0.0,0.0,1.467125,0.0,0.0,0.0,0.0,0.0,0.0,0.0,0.0,-1.08,0.0,-1.08,0.118851,13.48913860321045,1.6031975929817364,1.08,0.0,0.0,-0.0,0.0,-0.0,0.0,0.0,-0.0,0.0,9.258355,0.0,0.0,0.60630786,0.98587567,0.34010956,0.59707266,0.0,0.0,0.0,0.3449822,0.1383698,0.60562676,0.0,0.98587567,0.0,2.0658758,2.073433,0.60630786,-0.007557224,10.6,19.764786,19.5,19.5,2.0
resstock-amy2018-2021-release-1-529678,0.0,0.0,0.37957668,0.0,0.0,0.40270063,0.0,0.0,0.0,0.0,0.0,0.0,0.0,0.0,-1.08,0.0,-1.08,0.032309175,13.489112854003906,0.43582210155818757,1.08,0.0,0.0,-0.0,0.0,-0.0,0.0,0.0,-0.0,0.0,9.258355,0.0,0.0,0.80423415,0.12693474,0.04608615,0.07589166,0.0,0.0,0.0,0.36306965,0.1383698,0.59787935,0.0,0.12693474,0.0,1.2069348,1.2069348,0.80423415,-0.0,10.0,19.406715,19.5,19.5,2.0
resstock-amy2018-2021-release-1-529678,0.0,0.0,0.0,0.0,0.0,0.0,0.0,0.0,0.0,0.0,0.0,0.0,0.0,0.0,-0.40385523,0.0,-0.40385523,0.0,13.489103317260742,0.0,0.40385523,0.0,0.0,-0.0,0.0,-0.0,0.0,0.0,-0.0,0.0,9.258355,0.0,0.0,0.98195827,0.57810307,0.20487706,0.3266397,0.0,0.0,0.0,0.3543954,0.1383698,0.56501985,0.0,0.57810307,0.0,0.98195827,0.98195827,0.98195827,-0.0,9.4,19.162449,19.5,19.5,2.0
resstock-amy2018-2021-release-1-529678,0.0,0.0,0.0,0.0,0.0,0.0,0.0,0.0,0.0,0.0,0.0,0.0,0.0,0.0,0.0,0.0,0.0,0.0,13.489103317260742,0.0,-0.0,0.0,0.0,-0.0,0.0,-0.0,0.0,0.0,-0.0,0.0,9.258355,0.0,0.0,0.7103058,0.7103058,0.23818918,0.38753325,0.0,0.0,0.0,0.3353333,0.1383698,0.54558647,0.0,0.7103058,0.0,0.7103058,0.7103058,0.7103058,-0.0,8.9,18.787727,19.5,19.5,2.0
resstock-amy2018-2021-release-1-529678,0.0,0.0,0.0,0.0,0.0,0.0,0.0,0.0,0.0,0.0,0.0,0.0,0.0,0.0,0.0,0.0,0.0,0.0,13.489103317260742,0.0,-0.0,0.0,0.0,-0.0,0.0,-0.0,0.0,0.0,-0.0,0.0,9.258355,0.0,0.0,1.0891134,1.0891134,0.3320467,0.5762414,0.0,0.0,0.0,0.304878,0.1383698,0.5290922,0.0,1.0891134,0.0,1.0891134,1.0891134,1.0891134,-0.0,8.3,18.335205,18.23611,18.23611,2.0
resstock-amy2018-2021-release-1-529678,0.0,0.0,0.0,0.0,0.0,0.0,0.0,0.0,0.0,0.0,0.0,0.0,0.0,0.0,1.2285,1.2285,0.0,0.08496835,13.48907470703125,1.146144432048004,-0.0,1.2285,0.0,-0.0,0.0,-0.0,0.0,0.0,-0.0,0.0,9.258355,0.0,0.0,0.84627146,2.0747714,0.63196874,1.0723096,0.0,0.0,0.0,0.3045968,0.1383698,0.51683265,0.0,2.0747714,0.0,0.8462714,0.8462714,0.84627146,-0.0,7.8,17.853218,19.444445,19.444445,2.0
resstock-amy2018-2021-release-1-529678,0.0,1.1851314,0.19040287,0.0,0.56158125,0.20200227,0.0,0.0,0.0,0.0,0.0,0.0,0.0,0.0,1.2285,1.2285,0.0,0.16957061,13.489046096801758,2.287345773970486,-0.0,1.2285,0.0,-0.0,0.0,-0.0,0.0,0.0,-0.0,0.0,9.258355,1.1851314,0.0,0.41828248,2.410366,0.7137818,1.2337633,0.0,0.0,0.0,0.29613003,0.1383698,0.5118573,0.0,2.410366,0.0,1.181866,1.181866,0.41828248,-0.0,7.2,18.357544,19.444445,19.444445,2.0
resstock-amy2018-2021-release-1-529678,0.0,0.8106979,0.16123173,0.0,0.38415378,0.17105402,0.0,0.0,0.0,0.0,0.0,0.0,0.0,0.0,1.2285,1.2285,0.0,0.25380835,13.489017486572266,3.423625262902874,-0.0,1.2285,0.0,-0.0,0.0,-0.0,0.0,0.0,-0.0,0.0,9.258355,0.8106979,0.0,0.35101247,2.1347203,0.6125973,1.0881579,0.0,0.0,0.0,0.2869684,0.1383698,0.5097426,0.0,2.1347203,0.0,0.9062203,0.9062203,0.35101247,-0.0,7.2,17.795109,17.222221,17.222221,2.0
resstock-amy2018-2021-release-1-529678,0.0,0.0,0.26271477,0.0,0.0,0.27871946,0.0,0.0,0.0,0.0,0.0,0.0,0.0,0.0,1.2285,1.2285,0.0,0.33768317,13.488988876342773,4.555004537803882,-0.0,1.2285,0.0,-0.0,0.0,-0.0,0.0,0.0,-0.0,0.0,9.258355,0.0,0.0,0.33911064,1.84633,0.52026296,0.9325724,0.0,0.0,0.0,0.2817822,0.1383698,0.5050952,0.0,1.84633,0.0,0.61783004,0.61783004,0.33911064,-0.0,6.7,16.812712,17.222221,17.222221,2.0
resstock-amy2018-2021-release-1-529678,0.0,0.0,0.0,0.0,0.0,0.0,0.0,0.0,0.0,0.0,0.0,0.0,0.0,0.0,1.2285,1.2285,0.0,0.4211966,13.488960266113281,5.681504332943632,-0.0,1.2285,0.0,-0.0,0.0,-0.0,0.0,0.0,-0.0,0.0,9.258355,0.0,0.0,0.30906937,1.5375694,0.42719933,0.7769907,0.0,0.0,0.0,0.27784067,0.1383698,0.505337,0.0,1.5375694,0.0,0.3090694,0.3090694,0.30906937,-0.0,6.1,16.257282,17.222221,17.222221,2.0
resstock-amy2018-2021-release-1-529678,0.0,0.0,1.519007,0.0,0.0,1.6115454,0.0,0.0,0.0,0.0,0.0,0.0,0.0,0.0,1.2285,1.2285,0.0,0.50435024,13.488931655883789,6.803145985418837,-0.0,1.2285,0.0,-0.0,0.0,-0.0,0.0,0.0,-0.0,0.0,9.258355,0.0,0.0,0.3074206,3.1474662,0.86624587,1.6329074,0.0,0.0,0.0,0.27522007,0.1383698,0.5188006,0.0,3.1474662,0.0,1.9189662,1.9189662,0.3074206,-0.0,6.1,15.77858,17.222221,17.222221,2.0
resstock-amy2018-2021-release-1-529678,0.0,1.0752114,0.0,0.0,0.53659064,0.0,0.0,0.0,0.0,0.0,0.0,0.0,0.0,0.0,1.2285,1.2285,0.0,0.58714557,13.488903045654297,7.919949626143534,-0.0,1.2285,0.0,-0.0,0.0,-0.0,0.0,0.0,-0.0,0.0,9.258355,1.0752114,0.0,0.30577186,2.0708625,0.5724688,1.1201929,0.0,0.0,0.0,0.2764398,0.1383698,0.54093057,0.0,2.0708625,0.0,0.8423625,0.8423625,0.30577186,-0.0,5.0,16.056513,17.222221,17.222221,2.0
resstock-amy2018-2021-release-1-529678,0.0,0.8692834,0.0,0.0,0.44477412,0.0,0.0,0.0,0.0,0.0,0.0,0.0,0.0,0.0,1.2285,1.2285,0.0,0.66958416,13.488874435424805,9.031936591860585,-0.0,1.2285,0.0,-0.0,0.0,-0.0,0.0,0.0,-0.0,0.0,9.258355,0.8692834,0.0,0.34008983,2.0133638,0.5677595,1.1063572,0.0,0.0,0.0,0.28199548,0.1383698,0.54950684,0.0,2.0133638,0.0,0.7848638,0.7848638,0.34008983,-0.0,3.9,15.621691,18.88889,18.88889,2.0
resstock-amy2018-2021-release-1-529678,0.0,2.4353216,0.0,0.0,1.2627846,0.0,0.0,0.0,0.0,0.0,0.0,0.0,0.0,0.0,1.2285,1.2285,0.0,0.75166756,13.488845825195312,10.139127817133158,-0.0,1.2285,0.0,-0.0,0.0,-0.0,0.0,0.0,-0.0,0.0,9.258355,2.4353216,0.0,0.43513617,2.9264207,0.9095497,1.6181625,0.0,0.0,0.0,0.3108062,0.1383698,0.55294937,0.0,2.9264207,0.0,1.6979207,1.6979207,0.43513617,-0.0,3.3,16.6264,18.25926,18.25926,2.0
resstock-amy2018-2021-release-1-529678,0.0,1.2205122,0.0,0.0,0.6398611,0.0,0.0,0.0,0.0,0.0,0.0,0.0,0.0,0.0,1.2285,1.2285,0.0,0.8333973,13.48881721496582,11.241544236347067,-0.0,1.2285,0.0,-0.0,0.0,-0.0,0.0,0.0,-0.0,0.0,9.258355,1.2205122,0.0,0.6734877,2.5418487,0.87007105,1.4246541,0.0,0.0,0.0,0.34229854,0.1383698,0.5604795,0.0,2.5418487,0.0,1.3133487,1.3133487,0.6734877,-0.0,2.8,16.077072,19.5,19.5,2.0
resstock-amy2018-2021-release-1-529678,0.0,2.5542598,0.46220735,0.0,1.2103504,0.49036518,0.0,0.0,0.0,0.0,0.0,0.0,0.0,0.0,1.2285,1.2285,0.0,0.914775,13.488788604736328,12.339206783710779,-0.0,1.2285,0.0,-0.0,0.0,-0.0,0.0,0.0,-0.0,0.0,9.258355,2.5542598,0.0,1.6094542,4.5262957,1.6791401,2.566296,0.0,0.0,0.0,0.37097445,0.1383698,0.56697494,0.0,4.5262957,0.0,3.2977958,3.3101697,1.6094542,-0.0123738395,7.2,17.531067,19.5,19.5,2.0
resstock-amy2018-2021-release-1-529678,0.0,1.6595981,1.2556404,0.0,0.74458766,1.3321344,0.0,0.0,0.0,0.0,0.0,0.0,0.0,0.0,-1.08,0.0,-1.08,0.8248039,13.488762855529785,11.125584058311745,1.08,0.0,0.0,-0.0,0.0,-0.0,0.0,0.0,-0.0,0.0,9.258355,1.6595981,0.0,0.49612424,1.4632322,0.52861047,0.8583295,0.0,0.0,0.0,0.3612622,0.1383698,0.5865983,0.0,1.4632322,0.0,2.5432322,2.5728464,0.49612424,-0.029614132,9.4,17.833172,19.5,19.5,2.0
resstock-amy2018-2021-release-1-529678,0.0,1.4506884,0.0,0.0,0.6309185,0.0,0.0,0.0,0.0,0.0,0.0,0.0,0.0,0.0,-1.08,0.0,-1.08,0.73522043,13.488737106323242,9.917195126242405,1.08,0.0,0.0,-0.0,0.0,-0.0,0.0,0.0,-0.0,0.0,9.258355,1.4506884,0.0,0.40244177,-0.16224664,-0.053571377,0.0,0.0,0.0,0.0,0.33018482,0.1383698,0.60171884,0.0,0.0,-0.16224664,0.9177534,1.0333602,0.40244177,-0.11560685,10.6,18.512966,19.5,19.5,2.0
resstock-amy2018-2021-release-1-529678,0.0,0.0,0.0,0.0,0.0,0.0,0.0,0.0,0.0,0.0,0.0,0.0,0.0,0.0,-1.08,0.0,-1.08,0.64602304,13.4887113571167,8.71401824983036,1.08,0.0,0.0,-0.0,0.0,-0.0,0.0,0.0,-0.0,0.0,9.258355,0.0,0.0,0.40416893,-0.8757076,-0.2819295,0.0,0.0,0.0,0.0,0.32194477,0.1383698,0.6160886,0.0,0.0,-0.8757076,0.20429242,0.404169,0.40416893,-0.19987658,11.1,18.5021,19.5,19.5,2.0
resstock-amy2018-2021-release-1-529678,0.0,0.0,0.0,0.0,0.0,0.0,0.0,0.0,0.0,0.0,0.0,0.0,0.0,0.0,-1.08,0.0,-1.08,0.55720985,13.488685607910156,7.5160284756157125,1.08,0.0,0.0,-0.0,0.0,-0.0,0.0,0.0,-0.0,0.0,9.258355,0.0,0.0,0.34566772,-0.9920997,-0.30486044,0.0,0.0,0.0,0.0,0.3072881,0.1383698,0.6178373,0.0,0.0,-0.9920997,0.08790034,0.34566772,0.34566772,-0.25776738,11.7,18.832005,19.5,19.5,2.0
resstock-amy2018-2021-release-1-529678,0.0,0.0,0.24278013,0.0,0.0,0.2575704,0.0,0.0,0.0,0.0,0.0,0.0,0.0,0.0,-1.08,0.0,-1.08,0.46877936,13.488659858703613,6.3232052722561605,1.08,0.0,0.0,-0.0,0.0,-0.0,0.0,0.0,-0.0,0.0,9.258355,0.0,0.0,0.40940768,-0.687264,-0.20780663,0.0,0.0,0.0,0.0,0.302368,0.1383698,0.6047201,0.0,0.0,-0.687264,0.39273602,0.66697806,0.40940768,-0.27424204,12.8,19.435654,20.555555,20.555555,2.0
resstock-amy2018-2021-release-1-529678,0.0,1.0125067,1.4952177,0.0,0.42179236,1.5863068,0.0,0.0,0.0,0.0,0.0,0.0,0.0,0.0,-1.08,0.0,-1.08,0.38072985,13.48863410949707,5.135525696610216,1.08,0.0,0.0,-0.0,0.0,-0.0,0.0,0.0,-0.0,0.0,9.258355,1.0125067,0.0,0.4068044,1.0637383,0.3280445,0.6223308,0.0,0.0,0.0,0.30838835,0.1383698,0.5850412,0.0,1.0637383,0.0,2.1437383,2.4149034,0.4068044,-0.27116513,12.2,20.732525,21.666666,21.666666,2.0
resstock-amy2018-2021-release-1-529678,0.0,0.0,0.0,0.0,0.0,0.0,0.0,0.0,0.0,0.0,0.0,0.0,0.0,0.0,-1.08,0.0,-1.08,0.2930597,13.488608360290527,3.952967609695065,1.08,0.0,0.0,-0.0,0.0,-0.0,0.0,0.0,-0.0,0.0,9.258355,0.0,0.0,0.51338816,-0.7967648,-0.25470757,0.0,0.0,0.0,0.0,0.31967726,0.1383698,0.5735826,0.0,0.0,-0.7967648,0.28323525,0.51338816,0.51338816,-0.23015289,12.8,20.588417,22.222221,22.222221,2.0
resstock-amy2018-2021-release-1-529678,0.0,1.4771277,0.0,0.0,0.6153452,0.0,0.0,0.0,0.0,0.0,0.0,0.0,0.0,0.0,-1.08,0.0,-1.08,0.2057673,13.488582611083984,2.7755092746878063,1.08,0.0,0.0,-0.0,0.0,-0.0,0.0,0.0,-0.0,0.0,9.258355,1.4771277,0.0,0.5453919,-0.017693087,-0.0058613787,0.0,0.0,0.0,0.0,0.3312807,0.1383698,0.56402475,0.0,0.0,-0.017693087,1.062307,1.160737,0.5453919,-0.09843008,12.2,21.75909,21.666666,21.666666,2.0
resstock-amy2018-2021-release-1-529678,0.0,0.0,0.0,0.0,0.0,0.0,0.0,0.0,0.0,0.0,0.0,0.0,0.0,0.0,-1.08,0.0,-1.08,0.118851,13.488556861877441,1.6031284524433929,1.08,0.0,0.0,-0.0,0.0,-0.0,0.0,0.0,-0.0,0.0,9.258355,0.0,0.0,0.9355114,-0.15400997,-0.053177767,0.0,0.0,0.0,0.0,0.34528783,0.1383698,0.56371075,0.0,0.0,-0.15400997,0.9259901,0.93551147,0.9355114,-0.009521342,11.1,20.882523,21.11111,21.11111,2.0
resstock-amy2018-2021-release-1-529678,0.0,0.0,0.37975162,0.0,0.0,0.4028862,0.0,0.0,0.0,0.0,0.0,0.0,0.0,0.0,-1.08,0.0,-1.08,0.032309175,13.488531112670898,0.43580330597592365,1.08,0.0,0.0,-0.0,0.0,-0.0,0.0,0.0,-0.0,0.0,9.258355,0.0,0.0,1.0269223,0.3498085,0.119465746,0.19926919,0.0,0.0,0.0,0.34151754,0.1383698,0.5696522,0.0,0.3498085,0.0,1.4298086,1.4298086,1.0269223,-0.0,10.0,20.379478,20.555555,20.555555,2.0
resstock-amy2018-2021-release-1-529678,0.0,0.0,0.3797512,0.0,0.0,0.40288576,0.0,0.0,0.0,0.0,0.0,0.0,0.0,0.0,-0.40385523,0.0,-0.40385523,0.0,13.488521575927734,0.0,0.40385523,0.0,0.0,-0.0,0.0,-0.0,0.0,0.0,-0.0,0.0,9.258355,0.0,0.0,0.7931303,0.7921608,0.26505324,0.4301709,0.0,0.0,0.0,0.33459526,0.1383698,0.5430348,0.0,0.7921608,0.0,1.1960161,1.1960161,0.7931303,-0.0,8.9,19.951916,20.0,20.0,2.0
resstock-amy2018-2021-release-1-529678,0.0,0.0,0.24935097,0.0,0.0,0.2645415,0.0,0.0,0.0,0.0,0.0,0.0,0.0,0.0,0.0,0.0,0.0,0.0,13.488521575927734,0.0,-0.0,0.0,0.0,-0.0,0.0,-0.0,0.0,0.0,-0.0,0.0,9.258355,0.0,0.0,1.1704319,1.4349734,0.46962857,0.7636069,0.0,0.0,0.0,0.32727337,0.1383698,0.53214014,0.0,1.4349734,0.0,1.4349734,1.4349734,1.1704319,-0.0,8.9,19.562405,20.0,20.0,2.0
resstock-amy2018-2021-release-1-529678,0.0,0.0,0.491554,0.0,0.0,0.52149963,0.0,0.0,0.0,0.0,0.0,0.0,0.0,0.0,0.0,0.0,0.0,0.0,13.488521575927734,0.0,-0.0,0.0,0.0,-0.0,0.0,-0.0,0.0,0.0,-0.0,0.0,9.258355,0.0,0.0,0.66407716,1.1855768,0.36667782,0.64025724,0.0,0.0,0.0,0.3092822,0.1383698,0.5400386,0.0,1.1855768,0.0,1.1855768,1.1855768,0.66407716,-0.0,8.9,19.105923,19.444445,19.444445,2.0
resstock-amy2018-2021-release-1-529678,0.0,0.0,0.37975085,0.0,0.0,0.4028854,0.0,0.0,0.0,0.0,0.0,0.0,0.0,0.0,1.2285,1.2285,0.0,0.08496835,13.488492965698242,1.1460950024463301,-0.0,1.2285,0.0,-0.0,0.0,-0.0,0.0,0.0,-0.0,0.0,9.258355,0.0,0.0,0.40939903,2.0407844,0.6257755,1.0930278,0.0,0.0,0.0,0.3066348,0.1383698,0.535592,0.0,2.0407844,0.0,0.81228435,0.81228435,0.40939903,-0.0,5.6,18.183897,18.88889,18.88889,2.0
resstock-amy2018-2021-release-1-529678,0.0,0.0,0.0,0.0,0.0,0.0,0.0,0.0,0.0,0.0,0.0,0.0,0.0,0.0,1.2285,1.2285,0.0,0.16957061,13.48846435546875,2.287247127737828,-0.0,1.2285,0.0,-0.0,0.0,-0.0,0.0,0.0,-0.0,0.0,9.258355,0.0,0.0,0.36614907,1.5946491,0.48148483,0.854526,0.0,0.0,0.0,0.3019378,0.1383698,0.53587085,0.0,1.5946491,0.0,0.36614907,0.36614907,0.36614907,-0.0,6.1,17.700912,18.333334,18.333334,2.0
resstock-amy2018-2021-release-1-529678,0.0,0.0,0.0,0.0,0.0,0.0,0.0,0.0,0.0,0.0,0.0,0.0,0.0,0.0,1.2285,1.2285,0.0,0.25380835,13.488435745239258,3.4234776120953825,-0.0,1.2285,0.0,-0.0,0.0,-0.0,0.0,0.0,-0.0,0.0,9.258355,0.0,0.0,0.31236687,1.5408669,0.44013092,0.83162546,0.0,0.0,0.0,0.2856385,0.1383698,0.5397127,0.0,1.5408669,0.0,0.31236684,0.31236684,0.31236687,-0.0,4.4,16.89667,18.333334,18.333334,2.0
resstock-amy2018-2021-release-1-529678,0.0,1.070015,0.0,0.0,0.5413513,0.0,0.0,0.0,0.0,0.0,0.0,0.0,0.0,0.0,1.2285,1.2285,0.0,0.33768317,13.488407135009766,4.55480809354583,-0.0,1.2285,0.0,-0.0,0.0,-0.0,0.0,0.0,-0.0,0.0,9.258355,1.070015,0.0,0.31071812,2.0805695,0.5243862,1.0891979,0.0,0.0,0.0,0.25203976,0.1383698,0.5235095,0.0,2.0805695,0.0,0.8520695,0.8520695,0.31071812,-0.0,4.4,17.194593,17.777779,17.777779,2.0
resstock-amy2018-2021-release-1-529678,0.0,0.0,0.0,0.0,0.0,0.0,0.0,0.0,0.0,0.0,0.0,0.0,0.0,0.0,1.2285,1.2285,0.0,0.4211966,13.488378524780273,5.681259305466426,-0.0,1.2285,0.0,-0.0,0.0,-0.0,0.0,0.0,-0.0,0.0,9.258355,0.0,0.0,0.30906937,1.5375694,0.36533713,0.7707988,0.0,0.0,0.0,0.23760691,0.1383698,0.50130993,0.0,1.5375694,0.0,0.3090694,0.3090694,0.30906937,-0.0,3.9,16.096127,17.222221,17.222221,2.0
resstock-amy2018-2021-release-1-529678,0.0,0.83870536,0.0,0.0,0.43489295,0.0,0.0,0.0,0.0,0.0,0.0,0.0,0.0,0.0,1.2285,1.2285,0.0,0.50435024,13.488349914550781,6.8028525840350085,-0.0,1.2285,0.0,-0.0,0.0,-0.0,0.0,0.0,-0.0,0.0,9.258355,0.83870536,0.0,0.3074206,1.9708135,0.4405005,0.96654207,0.0,0.0,0.0,0.22351201,0.1383698,0.49042797,0.0,1.9708135,0.0,0.7423135,0.7423135,0.3074206,-0.0,3.3,16.035908,17.222221,17.222221,2.0
resstock-amy2018-2021-release-1-529678,0.0,0.8843937,0.0,0.0,0.45858368,0.0,0.0,0.0,0.0,0.0,0.0,0.0,0.0,0.0,1.2285,1.2285,0.0,0.58714557,13.488321304321289,7.919608059298753,-0.0,1.2285,0.0,-0.0,0.0,-0.0,0.0,0.0,-0.0,0.0,9.258355,0.8843937,0.0,0.30577186,1.9928555,0.43827838,0.986736,0.0,0.0,0.0,0.21992481,0.1383698,0.49513674,0.0,1.9928555,0.0,0.76435554,0.76435554,0.30577186,-0.0,3.3,15.754471,17.222221,17.222221,2.0
resstock-amy2018-2021-release-1-529678,0.0,1.094888,0.0,0.0,0.5539353,0.0,0.0,0.0,0.0,0.0,0.0,0.0,0.0,0.0,1.2285,1.2285,0.0,0.66958416,13.488292694091797,9.031547067081647,-0.0,1.2285,0.0,-0.0,0.0,-0.0,0.0,0.0,-0.0,0.0,9.258355,1.094888,0.0,0.30577186,2.0882072,0.4345966,1.0524025,0.0,0.0,0.0,0.20811948,0.1383698,0.50397414,0.0,2.0882072,0.0,0.85970724,0.85970724,0.30577186,-0.0,4.4,15.778046,17.222221,17.222221,2.0
resstock-amy2018-2021-release-1-529678,0.0,1.0784218,0.0,0.0,0.5591929,0.0,0.0,0.0,0.0,0.0,0.0,0.0,0.0,0.0,1.2285,1.2285,0.0,0.75166756,13.488264083862305,10.138690541045321,-0.0,1.2285,0.0,-0.0,0.0,-0.0,0.0,0.0,-0.0,0.0,9.258355,1.0784218,0.0,0.30906937,2.0967622,0.5115147,1.107459,0.0,0.0,0.0,0.24395457,0.1383698,0.5281758,0.0,2.0967622,0.0,0.8682622,0.8682622,0.30906937,-0.0,3.3,15.550905,17.222221,17.222221,2.0
resstock-amy2018-2021-release-1-529678,0.0,1.2486684,0.0,0.0,0.64747065,0.0,0.0,0.0,0.0,0.0,0.0,0.0,0.0,0.0,1.2285,1.2285,0.0,0.8333973,13.488235473632812,11.241059414674055,-0.0,1.2285,0.0,-0.0,0.0,-0.0,0.0,0.0,-0.0,0.0,9.258355,1.2486684,0.0,0.31236687,2.1883376,0.59154415,1.2420057,0.0,0.0,0.0,0.2703167,0.1383698,0.56755674,0.0,2.1883376,0.0,0.95983756,0.95983756,0.31236687,-0.0,3.3,15.611061,17.222221,17.222221,2.0
resstock-amy2018-2021-release-1-529678,0.0,1.2051085,0.0,0.0,0.5710475,0.0,0.0,0.0,0.0,0.0,0.0,0.0,0.0,0.0,1.2285,1.2285,0.0,0.914775,13.48820686340332,12.338674621274777,-0.0,1.2285,0.0,-0.0,0.0,-0.0,0.0,0.0,-0.0,0.0,9.258355,1.2051085,0.0,0.40468776,2.188435,0.62156814,1.2872102,0.0,0.0,0.0,0.28402403,0.1383698,0.5881875,0.0,2.188435,0.0,0.95993507,0.9757354,0.40468776,-0.015800355,7.2,16.07782,17.222221,17.222221,2.0
resstock-amy2018-2021-release-1-529678,0.0,0.9556272,4.0112696,0.0,0.43422052,4.2556376,0.0,0.0,0.0,0.0,0.0,0.0,0.0,0.0,-1.08,0.0,-1.08,0.8248039,13.488181114196777,11.125104235798005,1.08,0.0,0.0,-0.0,0.0,-0.0,0.0,0.0,-0.0,0.0,9.258355,0.9556272,0.0,0.49612424,4.0647116,1.1852437,2.4510484,0.0,0.0,0.0,0.29159355,0.1383698,0.6030067,0.0,4.0647116,0.0,5.1447115,5.185982,0.49612424,-0.041270718,8.9,16.575687,17.222221,17.222221,2.0
resstock-amy2018-2021-release-1-529678,0.0,0.0,2.6796112,0.0,0.0,2.842854,0.0,0.0,0.0,0.0,0.0,0.0,0.0,0.0,-1.08,0.0,-1.08,0.73522043,13.488155364990234,9.916767418128074,1.08,0.0,0.0,-0.0,0.0,-0.0,0.0,0.0,-0.0,0.0,9.258355,0.0,0.0,0.58259153,2.2411492,0.6533966,1.3702532,0.0,0.0,0.0,0.29154533,0.1383698,0.6114065,0.0,2.2411492,0.0,3.3211493,3.4254456,0.58259153,-0.10429628,10.0,16.77375,17.222221,17.222221,2.0
resstock-amy2018-2021-release-1-529678,0.0,0.0,0.2608763,0.0,0.0,0.27676898,0.0,0.0,0.0,0.0,0.0,0.0,0.0,0.0,-1.08,0.0,-1.08,0.64602304,13.488129615783691,8.713642431528797,1.08,0.0,0.0,-0.0,0.0,-0.0,0.0,0.0,-0.0,0.0,9.258355,0.0,0.0,0.495971,-0.44184202,-0.12043938,0.0,0.0,0.0,0.0,0.2725847,0.1383698,0.62183386,0.0,0.0,-0.44184202,0.638158,0.77273995,0.495971,-0.13458191,11.7,17.130573,17.222221,17.222221,2.0
resstock-amy2018-2021-release-1-529678,0.0,0.0,1.5196364,0.0,0.0,1.6122131,0.0,0.0,0.0,0.0,0.0,0.0,0.0,0.0,-1.08,0.0,-1.08,0.55720985,13.488103866577148,7.515704323615182,1.08,0.0,0.0,-0.0,0.0,-0.0,0.0,0.0,-0.0,0.0,9.258355,0.0,0.0,0.5332886,0.92501783,0.25447974,0.58374906,0.0,0.0,0.0,0.27510792,0.1383698,0.6310679,0.0,0.92501783,0.0,2.0050178,2.1455016,0.5332886,-0.14048389,12.2,17.485294,17.222221,17.222221,2.0
resstock-amy2018-2021-release-1-529678,0.0,0.0,0.26337507,0.0,0.0,0.27941996,0.0,0.0,0.0,0.0,0.0,0.0,0.0,0.0,-1.08,0.0,-1.08,0.46877936,13.488078117370605,6.322932563929129,1.08,0.0,0.0,-0.0,0.0,-0.0,0.0,0.0,-0.0,0.0,9.258355,0.0,0.0,0.503151,-0.46814632,-0.12832248,0.0,0.0,0.0,0.0,0.27410764,0.1383698,0.63212407,0.0,0.0,-0.46814632,0.6118537,0.78257096,0.503151,-0.17071724,12.8,17.905956,17.777779,17.777779,2.0
resstock-amy2018-2021-release-1-529678,0.0,0.0,0.0,0.0,0.0,0.0,0.0,0.0,0.0,0.0,0.0,0.0,0.0,0.0,-1.08,0.0,-1.08,0.38072985,13.488052368164062,5.135304210317372,1.08,0.0,0.0,-0.0,0.0,-0.0,0.0,0.0,-0.0,0.0,9.258355,0.0,0.0,0.4068044,-0.8113754,-0.22666882,0.0,0.0,0.0,0.0,0.2793637,0.1383698,0.6245008,0.0,0.0,-0.8113754,0.26862466,0.40680444,0.4068044,-0.13817976,12.8,18.17126,18.333334,18.333334,2.0
resstock-amy2018-2021-release-1-529678,0.0,0.0,0.0,0.0,0.0,0.0,0.0,0.0,0.0,0.0,0.0,0.0,0.0,0.0,-1.08,0.0,-1.08,0.2930597,13.48802661895752,3.9527971247506457,1.08,0.0,0.0,-0.0,0.0,-0.0,0.0,0.0,-0.0,0.0,9.258355,0.0,0.0,0.53958726,-0.6210635,-0.17634465,0.0,0.0,0.0,0.0,0.2839398,0.1383698,0.61138034,0.0,0.0,-0.6210635,0.45893657,0.53958726,0.53958726,-0.080650665,13.3,18.395191,18.88889,18.88889,2.0
resstock-amy2018-2021-release-1-529678,0.0,0.0,0.0,0.0,0.0,0.0,0.0,0.0,0.0,0.0,0.0,0.0,0.0,0.0,-1.08,0.0,-1.08,0.2057673,13.488000869750977,2.7753895713422594,1.08,0.0,0.0,-0.0,0.0,-0.0,0.0,0.0,-0.0,0.0,9.258355,0.0,0.0,0.65860695,-0.4558447,-0.13509224,0.0,0.0,0.0,0.0,0.29635584,0.1383698,0.60260326,0.0,0.0,-0.4558447,0.62415534,0.65860695,0.65860695,-0.03445162,12.8,18.550198,18.88889,18.88889,2.0
resstock-amy2018-2021-release-1-529678,0.0,0.0,0.37991512,0.0,0.0,0.40305966,0.0,0.0,0.0,0.0,0.0,0.0,0.0,0.0,-1.08,0.0,-1.08,0.118851,13.487975120544434,1.6030593119050494,1.08,0.0,0.0,-0.0,0.0,-0.0,0.0,0.0,-0.0,0.0,9.258355,0.0,0.0,0.74668336,0.06837168,0.021497482,0.040923003,0.0,0.0,0.0,0.31442085,0.1383698,0.5985373,0.0,0.06837168,0.0,1.1483717,1.149743,0.74668336,-0.0013712798,12.2,18.486507,18.88889,18.88889,2.0
resstock-amy2018-2021-release-1-529678,0.0,0.0,0.0,0.0,0.0,0.0,0.0,0.0,0.0,0.0,0.0,0.0,0.0,0.0,-1.08,0.0,-1.08,0.032309175,13.48794937133789,0.43578451039365973,1.08,0.0,0.0,-0.0,0.0,-0.0,0.0,0.0,-0.0,0.0,9.258355,0.0,0.0,0.8380943,-0.24190575,-0.078267656,0.0,0.0,0.0,0.0,0.32354608,0.1383698,0.5905886,0.0,0.0,-0.24190575,0.8380943,0.8380943,0.8380943,-0.0,12.2,18.446533,18.88889,18.88889,2.0
resstock-amy2018-2021-release-1-529678,0.0,0.0,0.0,0.0,0.0,0.0,0.0,0.0,0.0,0.0,0.0,0.0,0.0,0.0,-0.40385523,0.0,-0.40385523,0.0,13.487939834594727,0.0,0.40385523,0.0,0.0,-0.0,0.0,-0.0,0.0,0.0,-0.0,0.0,9.258355,0.0,0.0,0.7931303,0.38927504,0.12598754,0.22034387,0.0,0.0,0.0,0.3236466,0.1383698,0.56603646,0.0,0.38927504,0.0,0.7931303,0.7931303,0.7931303,-0.0,11.7,18.293339,18.333334,18.333334,2.0
resstock-amy2018-2021-release-1-529678,0.0,0.0,1.5196614,0.0,0.0,1.6122397,0.0,0.0,0.0,0.0,0.0,0.0,0.0,0.0,0.0,0.0,0.0,0.0,13.487939834594727,0.0,-0.0,0.0,0.0,-0.0,0.0,-0.0,0.0,0.0,-0.0,0.0,9.258355,0.0,0.0,0.7335594,2.3457992,0.7222686,1.2871573,0.0,0.0,0.0,0.30789873,0.1383698,0.54870737,0.0,2.3457992,0.0,2.3457992,2.3457992,0.7335594,-0.0,11.7,18.114481,18.333334,18.333334,2.0
resstock-amy2018-2021-release-1-529678,0.0,0.0,0.0,0.0,0.0,0.0,0.0,0.0,0.0,0.0,0.0,0.0,0.0,0.0,0.0,0.0,0.0,0.0,13.487939834594727,0.0,-0.0,0.0,0.0,-0.0,0.0,-0.0,0.0,0.0,-0.0,0.0,9.258355,0.0,0.0,0.66407716,0.66407716,0.1981929,0.36123326,0.0,0.0,0.0,0.2984486,0.1383698,0.5439628,0.0,0.66407716,0.0,0.66407716,0.66407716,0.66407716,-0.0,11.7,17.887562,18.333334,18.333334,2.0
resstock-amy2018-2021-release-1-529678,0.0,0.0,0.3799155,0.0,0.0,0.40306008,0.0,0.0,0.0,0.0,0.0,0.0,0.0,0.0,1.2285,1.2285,0.0,0.08496835,13.487911224365234,1.1460455728446561,-0.0,1.2285,0.0,-0.0,0.0,-0.0,0.0,0.0,-0.0,0.0,9.258355,0.0,0.0,0.49983615,2.1313963,0.63057363,1.1674826,0.0,0.0,0.0,0.29585,0.1383698,0.5477548,0.0,2.1313963,0.0,0.9028963,0.9028963,0.49983615,-0.0,11.1,17.5401,18.333334,18.333334,2.0
resstock-amy2018-2021-release-1-529678,0.0,0.0,0.0,0.0,0.0,0.0,0.0,0.0,0.0,0.0,0.0,0.0,0.0,0.0,1.2285,1.2285,0.0,0.16957061,13.487882614135742,2.28714848150517,-0.0,1.2285,0.0,-0.0,0.0,-0.0,0.0,0.0,-0.0,0.0,9.258355,0.0,0.0,0.36614907,1.5946491,0.4621274,0.87020385,0.0,0.0,0.0,0.2897988,0.1383698,0.5457024,0.0,1.5946491,0.0,0.36614907,0.36614907,0.36614907,-0.0,10.6,17.142422,17.777779,17.777779,2.0
resstock-amy2018-2021-release-1-529678,0.0,0.0,0.0,0.0,0.0,0.0,0.0,0.0,0.0,0.0,0.0,0.0,0.0,0.0,1.2285,1.2285,0.0,0.25380835,13.48785400390625,3.423329961287891,-0.0,1.2285,0.0,-0.0,0.0,-0.0,0.0,0.0,-0.0,0.0,9.258355,0.0,0.0,0.35101247,1.5795125,0.46498635,0.8393567,0.0,0.0,0.0,0.294386,0.1383698,0.5314024,0.0,1.5795125,0.0,0.35101247,0.35101247,0.35101247,-0.0,10.0,16.731344,17.222221,17.222221,2.0
resstock-amy2018-2021-release-1-529678,0.0,0.0,0.0,0.0,0.0,0.0,0.0,0.0,0.0,0.0,0.0,0.0,0.0,0.0,1.2285,1.2285,0.0,0.33768317,13.487825393676758,4.554611649287779,-0.0,1.2285,0.0,-0.0,0.0,-0.0,0.0,0.0,-0.0,0.0,9.258355,0.0,0.0,0.31071812,1.5392182,0.4419511,0.8532606,0.0,0.0,0.0,0.287127,0.1383698,0.55434674,0.0,1.5392182,0.0,0.31071818,0.31071818,0.31071812,-0.0,10.0,16.362486,17.222221,17.222221,2.0
resstock-amy2018-2021-release-1-529678,0.0,0.0,0.0,0.0,0.0,0.0,0.0,0.0,0.0,0.0,0.0,0.0,0.0,0.0,1.2285,1.2285,0.0,0.4211966,13.487796783447266,5.68101427798922,-0.0,1.2285,0.0,-0.0,0.0,-0.0,0.0,0.0,-0.0,0.0,9.258355,0.0,0.0,0.30906937,1.5375694,0.44130886,0.8636639,0.0,0.0,0.0,0.2870172,0.1383698,0.56170726,0.0,1.5375694,0.0,0.3090694,0.3090694,0.30906937,-0.0,10.0,16.025372,17.222221,17.222221,2.0
resstock-amy2018-2021-release-1-529678,0.0,0.8914031,0.0,0.0,0.38563776,0.0,0.0,0.0,0.0,0.0,0.0,0.0,0.0,0.0,1.2285,1.2285,0.0,0.50435024,13.487768173217773,6.80255918265118,-0.0,1.2285,0.0,-0.0,0.0,-0.0,0.0,0.0,-0.0,0.0,9.258355,0.8914031,0.0,0.3074206,1.9215584,0.5252173,1.0926212,0.0,0.0,0.0,0.2733288,0.1383698,0.56861204,0.0,1.9215584,0.0,0.6930584,0.6930584,0.3074206,-0.0,10.8,16.51897,17.222221,17.222221,2.0
resstock-amy2018-2021-release-1-529678,0.0,0.0,0.0,0.0,0.0,0.0,0.0,0.0,0.0,0.0,0.0,0.0,0.0,0.0,1.2285,1.2285,0.0,0.58714557,13.487739562988281,7.919266492453971,-0.0,1.2285,0.0,-0.0,0.0,-0.0,0.0,0.0,-0.0,0.0,9.258355,0.0,0.0,0.30577186,1.5342718,0.4187617,0.87680405,0.0,0.0,0.0,0.2729384,0.1383698,0.57147896,0.0,1.5342718,0.0,0.30577183,0.30577183,0.30577186,-0.0,10.0,15.876307,17.222221,17.222221,2.0
resstock-amy2018-2021-release-1-529678,0.0,1.0024253,0.0,0.0,0.44285402,0.0,0.0,0.0,0.0,0.0,0.0,0.0,0.0,0.0,1.2285,1.2285,0.0,0.66958416,13.487710952758789,9.031157542302708,-0.0,1.2285,0.0,-0.0,0.0,-0.0,0.0,0.0,-0.0,0.0,9.258355,1.0024253,0.0,0.30577186,1.9771259,0.5369803,1.1307191,0.0,0.0,0.0,0.2715964,0.1383698,0.57190037,0.0,1.9771259,0.0,0.7486259,0.7486259,0.30577186,-0.0,10.0,16.304098,17.222221,17.222221,2.0
resstock-amy2018-2021-release-1-529678,0.0,0.0,2.1318424,0.0,0.0,2.261715,0.0,0.0,0.0,0.0,0.0,0.0,0.0,0.0,1.2285,1.2285,0.0,0.75166756,13.487682342529297,10.138253264957484,-0.0,1.2285,0.0,-0.0,0.0,-0.0,0.0,0.0,-0.0,0.0,9.258355,0.0,0.0,0.37210277,3.8623176,1.1087401,2.1908398,0.0,0.0,0.0,0.287066,0.1383698,0.5672345,0.0,3.8623176,0.0,2.6338177,2.6338177,0.37210277,-0.0,10.0,15.871546,18.444445,18.444445,2.0
resstock-amy2018-2021-release-1-529678,0.0,1.916272,0.0,0.0,0.84657556,0.0,0.0,0.0,0.0,0.0,0.0,0.0,0.0,0.0,1.2285,1.2285,0.0,0.8333973,13.487653732299805,11.240574593001043,-0.0,1.2285,0.0,-0.0,0.0,-0.0,0.0,0.0,-0.0,0.0,9.258355,1.916272,0.0,0.5243986,2.5994742,0.81130403,1.4692409,0.0,0.0,0.0,0.31210312,0.1383698,0.56520694,0.0,2.5994742,0.0,1.3709742,1.3709742,0.5243986,-0.0,10.0,17.22593,19.143518,19.143518,2.0
resstock-amy2018-2021-release-1-529678,0.0,1.4301176,2.5048196,0.0,0.631801,2.6574142,0.0,0.0,0.0,0.0,0.0,0.0,0.0,0.0,1.2285,1.2285,0.0,0.914775,13.487625122070312,12.338142458838774,-0.0,1.2285,0.0,-0.0,0.0,-0.0,0.0,0.0,-0.0,0.0,9.258355,1.4301176,0.0,0.40468776,4.9099054,1.5112983,2.7930186,0.0,0.0,0.0,0.307806,0.1383698,0.56885386,0.0,4.9099054,0.0,3.6814055,3.6939032,0.40468776,-0.012497776,10.0,17.264816,19.444445,19.444445,2.0
resstock-amy2018-2021-release-1-529678,0.0,1.8914506,0.0,0.0,0.8226103,0.0,0.0,0.0,0.0,0.0,0.0,0.0,0.0,0.0,-1.08,0.0,-1.08,0.8248039,13.48759937286377,11.124624413284266,1.08,0.0,0.0,-0.0,0.0,-0.0,0.0,0.0,-0.0,0.0,9.258355,1.8914506,0.0,0.40506995,0.10262723,0.03218776,0.060209394,0.0,0.0,0.0,0.3136376,0.1383698,0.5866805,0.0,0.10262723,0.0,1.1826273,1.2276802,0.40506995,-0.045052934,10.6,17.95952,19.444445,19.444445,2.0
resstock-amy2018-2021-release-1-529678,0.0,1.3485494,0.38006812,0.0,0.56178176,0.403222,0.0,0.0,0.0,0.0,0.0,0.0,0.0,0.0,-1.08,0.0,-1.08,0.73522043,13.487573623657227,9.916339710013744,1.08,0.0,0.0,-0.0,0.0,-0.0,0.0,0.0,-0.0,0.0,9.258355,1.3485494,0.0,0.40244177,0.18363369,0.05766388,0.11134272,0.0,0.0,0.0,0.3140158,0.1383698,0.6063306,0.0,0.18363369,0.0,1.2636337,1.3674455,0.40244177,-0.10381178,12.2,18.178112,20.0,20.0,2.0
resstock-amy2018-2021-release-1-529678,0.0,1.7061449,0.38006842,0.0,0.68925214,0.40322232,0.0,0.0,0.0,0.0,0.0,0.0,0.0,0.0,-1.08,0.0,-1.08,0.64602304,13.487547874450684,8.713266613227233,1.08,0.0,0.0,-0.0,0.0,-0.0,0.0,0.0,-0.0,0.0,9.258355,1.7061449,0.0,0.40416893,0.23136061,0.07265089,0.14222163,0.0,0.0,0.0,0.3140158,0.1383698,0.61471844,0.0,0.23136061,0.0,1.3113606,1.4966433,0.40416893,-0.18528277,13.3,19.271729,20.0,20.0,2.0
resstock-amy2018-2021-release-1-529678,0.0,0.0,0.0,0.0,0.0,0.0,0.0,0.0,0.0,0.0,0.0,0.0,0.0,0.0,-1.08,0.0,-1.08,0.55720985,13.48752212524414,7.515380171614652,1.08,0.0,0.0,-0.0,0.0,-0.0,0.0,0.0,-0.0,0.0,9.258355,0.0,0.0,0.34566772,-0.98015976,-0.30935216,0.0,0.0,0.0,0.0,0.315614,0.1383698,0.6196135,0.0,0.0,-0.98015976,0.09984028,0.3456677,0.34566772,-0.2458274,13.3,19.138393,20.555555,20.555555,2.0
resstock-amy2018-2021-release-1-529678,0.0,1.3440893,0.76013374,0.0,0.5337504,0.80644137,0.0,0.0,0.0,0.0,0.0,0.0,0.0,0.0,-1.08,0.0,-1.08,0.46877936,13.487496376037598,6.322659855602097,1.08,0.0,0.0,-0.0,0.0,-0.0,0.0,0.0,-0.0,0.0,9.258355,1.3440893,0.0,0.31566438,0.32863915,0.1030335,0.20292957,0.0,0.0,0.0,0.3135156,0.1383698,0.61748445,0.0,0.32863915,0.0,1.4086392,1.6558563,0.31566438,-0.24721701,13.9,20.695587,21.11111,21.11111,2.0
resstock-amy2018-2021-release-1-529678,0.0,0.0,0.0,0.0,0.0,0.0,0.0,0.0,0.0,0.0,0.0,0.0,0.0,0.0,-1.08,0.0,-1.08,0.38072985,13.487470626831055,5.135082724024528,1.08,0.0,0.0,-0.0,0.0,-0.0,0.0,0.0,-0.0,0.0,9.258355,0.0,0.0,0.31566438,-1.0099161,-0.30989718,0.0,0.0,0.0,0.0,0.3068544,0.1383698,0.61372876,0.0,0.0,-1.0099161,0.070083976,0.3156644,0.31566438,-0.24558045,14.4,20.599289,21.11111,21.11111,2.0
resstock-amy2018-2021-release-1-529678,0.0,0.0,0.0,0.0,0.0,0.0,0.0,0.0,0.0,0.0,0.0,0.0,0.0,0.0,-1.08,0.0,-1.08,0.2930597,13.487444877624512,3.952626639806226,1.08,0.0,0.0,-0.0,0.0,-0.0,0.0,0.0,-0.0,0.0,9.258355,0.0,0.0,0.31401563,-0.8651642,-0.27706885,0.0,0.0,0.0,0.0,0.32025,0.1383698,0.6090722,0.0,0.0,-0.8651642,0.21483582,0.31401563,0.31401563,-0.09917979,13.9,20.644056,21.11111,21.11111,2.0
resstock-amy2018-2021-release-1-529678,0.73459905,0.0,0.0,0.0,0.0,0.0,0.0,0.0,0.0,0.0,0.0,0.0,0.0,0.0,-1.08,0.0,-1.08,0.2057673,13.487419128417969,2.7752698679967125,1.08,0.0,0.0,-0.0,0.0,-0.0,0.0,0.0,-0.0,0.0,9.258355,0.0,0.0,0.43217692,-0.6729533,-0.21851817,0.0,0.0,0.0,0.0,0.3247152,0.1383698,0.59155595,0.0,0.0,-0.6729533,0.40704674,0.43217698,0.43217692,-0.02513023,12.8,20.591818,19.5,19.5,2.0
resstock-amy2018-2021-release-1-529678,0.0,0.0,0.0,0.0,0.0,0.0,0.0,0.0,0.0,0.0,0.0,0.0,0.0,0.0,-1.08,0.0,-1.08,0.118851,13.487393379211426,1.6029901713667059,1.08,0.0,0.0,-0.0,0.0,-0.0,0.0,0.0,-0.0,0.0,9.258355,0.0,0.0,0.4659324,-0.61608475,-0.21663289,0.0,0.0,0.0,0.0,0.3516284,0.1383698,0.58172244,0.0,0.0,-0.61608475,0.4639153,0.46593234,0.4659324,-0.0020170552,10.0,20.021801,19.5,19.5,2.0
resstock-amy2018-2021-release-1-529678,0.0,0.0,0.0,0.0,0.0,0.0,0.0,0.0,0.0,0.0,0.0,0.0,0.0,0.0,-1.08,0.0,-1.08,0.032309175,13.487367630004883,0.4357657148113958,1.08,0.0,0.0,-0.0,0.0,-0.0,0.0,0.0,-0.0,0.0,9.258355,0.0,0.0,0.6783488,-0.40165126,-0.15149575,0.0,0.0,0.0,0.0,0.37718233,0.1383698,0.5734965,0.0,0.0,-0.40165126,0.6783488,0.6783488,0.6783488,-0.0,10.0,19.830223,19.5,19.5,2.0
resstock-amy2018-2021-release-1-529678,0.0,0.0,0.0,0.0,0.0,0.0,0.0,0.0,0.0,0.0,0.0,0.0,0.0,0.0,-0.40385523,0.0,-0.40385523,0.0,13.487358093261719,0.0,0.40385523,0.0,0.0,-0.0,0.0,-0.0,0.0,0.0,-0.0,0.0,9.258355,0.0,0.0,0.6372725,0.23341724,0.08899032,0.13067895,0.0,0.0,0.0,0.38125,0.1383698,0.55985135,0.0,0.23341724,0.0,0.6372725,0.6372725,0.6372725,-0.0,10.6,19.622076,19.5,19.5,2.0
resstock-amy2018-2021-release-1-529678,0.0,0.0,0.76013684,0.0,0.0,0.80644464,0.0,0.0,0.0,0.0,0.0,0.0,0.0,0.0,0.0,0.0,0.0,0.0,13.487358093261719,0.0,-0.0,0.0,0.0,-0.0,0.0,-0.0,0.0,0.0,-0.0,0.0,9.258355,0.0,0.0,0.597009,1.4034536,0.496559,0.77329624,0.0,0.0,0.0,0.3538122,0.1383698,0.55099523,0.0,1.4034536,0.0,1.4034536,1.4034536,0.597009,-0.0,10.0,19.222353,19.5,19.5,2.0
resstock-amy2018-2021-release-1-529678,0.0,0.0,0.38006708,0.0,0.0,0.4032209,0.0,0.0,0.0,0.0,0.0,0.0,0.0,0.0,0.0,0.0,0.0,0.0,13.487358093261719,0.0,-0.0,0.0,0.0,-0.0,0.0,-0.0,0.0,0.0,-0.0,0.0,9.258355,0.0,0.0,0.5501379,0.95335877,0.32160816,0.5115487,0.0,0.0,0.0,0.3373422,0.1383698,0.5365752,0.0,0.95335877,0.0,0.95335877,0.95335877,0.5501379,-0.0,9.4,18.774055,18.050926,18.050926,2.0
resstock-amy2018-2021-release-1-529678,0.0,0.0,0.0,0.0,0.0,0.0,0.0,0.0,0.0,0.0,0.0,0.0,0.0,0.0,1.2285,1.2285,0.0,0.08496835,13.487329483032227,1.1459961432429822,-0.0,1.2285,0.0,-0.0,0.0,-0.0,0.0,0.0,-0.0,0.0,9.258355,0.0,0.0,0.49983615,1.7283361,0.5553552,0.88961,0.0,0.0,0.0,0.3213236,0.1383698,0.5147205,0.0,1.7283361,0.0,0.4998361,0.4998361,0.49983615,-0.0,9.4,18.357244,19.444445,19.444445,2.0
resstock-amy2018-2021-release-1-529678,0.0,0.80973697,0.0,0.0,0.37349567,0.0,0.0,0.0,0.0,0.0,0.0,0.0,0.0,0.0,1.2285,1.2285,0.0,0.16957061,13.487300872802734,2.287049835272512,-0.0,1.2285,0.0,-0.0,0.0,-0.0,0.0,0.0,-0.0,0.0,9.258355,0.80973697,0.0,0.31401563,1.9160113,0.5995774,0.93114406,0.0,0.0,0.0,0.31293,0.1383698,0.48598045,0.0,1.9160113,0.0,0.6875113,0.6875113,0.31401563,-0.0,8.3,18.46352,18.88889,18.88889,2.0
resstock-amy2018-2021-release-1-529678,0.0,0.0,0.0,0.0,0.0,0.0,0.0,0.0,0.0,0.0,0.0,0.0,0.0,0.0,1.2285,1.2285,0.0,0.25380835,13.487272262573242,3.4231823104803993,-0.0,1.2285,0.0,-0.0,0.0,-0.0,0.0,0.0,-0.0,0.0,9.258355,0.0,0.0,0.31236687,1.5408669,0.4460902,0.7489408,0.0,0.0,0.0,0.289506,0.1383698,0.48605162,0.0,1.5408669,0.0,0.31236684,0.31236684,0.31236687,-0.0,8.3,17.600689,17.222221,17.222221,2.0
resstock-amy2018-2021-release-1-529678,0.0,0.0,0.0,0.0,0.0,0.0,0.0,0.0,0.0,0.0,0.0,0.0,0.0,0.0,1.2285,1.2285,0.0,0.33768317,13.48724365234375,4.554415205029727,-0.0,1.2285,0.0,-0.0,0.0,-0.0,0.0,0.0,-0.0,0.0,9.258355,0.0,0.0,0.31071812,1.5392182,0.44561288,0.6566363,0.0,0.0,0.0,0.289506,0.1383698,0.4266038,0.0,1.5392182,0.0,0.31071818,0.31071818,0.31071812,-0.0,8.3,17.017174,17.222221,17.222221,2.0
resstock-amy2018-2021-release-1-529678,0.0,0.0,0.0,0.0,0.0,0.0,0.0,0.0,0.0,0.0,0.0,0.0,0.0,0.0,1.2285,1.2285,0.0,0.4211966,13.487215042114258,5.680769250512014,-0.0,1.2285,0.0,-0.0,0.0,-0.0,0.0,0.0,-0.0,0.0,9.258355,0.0,0.0,0.30906937,1.5375694,0.44775605,0.6361972,0.0,0.0,0.0,0.2912103,0.1383698,0.41376814,0.0,1.5375694,0.0,0.3090694,0.3090694,0.30906937,-0.0,7.8,16.528004,17.222221,17.222221,2.0
resstock-amy2018-2021-release-1-529678,0.0,0.0,0.0,0.0,0.0,0.0,0.0,0.0,0.0,0.0,0.0,0.0,0.0,0.0,1.2285,1.2285,0.0,0.50435024,13.487186431884766,6.8022657812673515,-0.0,1.2285,0.0,-0.0,0.0,-0.0,0.0,0.0,-0.0,0.0,9.258355,0.0,0.0,0.3074206,1.5359206,0.42535785,0.62453085,0.0,0.0,0.0,0.27694,0.1383698,0.40661663,0.0,1.5359206,0.0,0.3074206,0.3074206,0.3074206,-0.0,7.2,16.025906,17.222221,17.222221,2.0
resstock-amy2018-2021-release-1-529678,0.0,0.89100534,0.0,0.0,0.42731103,0.0,0.0,0.0,0.0,0.0,0.0,0.0,0.0,0.0,1.2285,1.2285,0.0,0.58714557,13.487157821655273,7.91892492560919,-0.0,1.2285,0.0,-0.0,0.0,-0.0,0.0,0.0,-0.0,0.0,9.258355,0.89100534,0.0,0.30577186,1.9615829,0.53701866,0.7985465,0.0,0.0,0.0,0.273768,0.1383698,0.4070929,0.0,1.9615829,0.0,0.7330829,0.7330829,0.30577186,-0.0,6.7,16.29999,17.222221,17.222221,2.0
resstock-amy2018-2021-release-1-529678,0.0,0.0,0.0,0.0,0.0,0.0,0.0,0.0,0.0,0.0,0.0,0.0,0.0,0.0,1.2285,1.2285,0.0,0.66958416,13.487129211425781,9.03076801752377,-0.0,1.2285,0.0,-0.0,0.0,-0.0,0.0,0.0,-0.0,0.0,9.258355,0.0,0.0,0.30577186,1.5342718,0.4462399,0.64976174,0.0,0.0,0.0,0.290848,0.1383698,0.42349845,0.0,1.5342718,0.0,0.30577183,0.30577183,0.30577186,-0.0,5.6,15.598797,17.222221,17.222221,2.0
resstock-amy2018-2021-release-1-529678,0.0,1.2091122,0.0,0.0,0.59510463,0.0,0.0,0.0,0.0,0.0,0.0,0.0,0.0,0.0,1.2285,1.2285,0.0,0.75166756,13.487100601196289,10.137815988869647,-0.0,1.2285,0.0,-0.0,0.0,-0.0,0.0,0.0,-0.0,0.0,9.258355,1.2091122,0.0,0.37210277,2.1957073,0.7029135,0.9997107,0.0,0.0,0.0,0.3201308,0.1383698,0.45530233,0.0,2.1957073,0.0,0.9672073,0.9672073,0.37210277,-0.0,5.6,16.154615,18.444445,18.444445,2.0
resstock-amy2018-2021-release-1-529678,0.0,1.7066522,0.0,0.0,0.80870676,0.0,0.0,0.0,0.0,0.0,0.0,0.0,0.0,0.0,1.2285,1.2285,0.0,0.8333973,13.487071990966797,11.24008977132803,-0.0,1.2285,0.0,-0.0,0.0,-0.0,0.0,0.0,-0.0,0.0,9.258355,1.7066522,0.0,0.7492393,2.786446,1.0146722,1.3642938,0.0,0.0,0.0,0.3641456,0.1383698,0.48961788,0.0,2.786446,0.0,1.5579461,1.5579461,0.7492393,-0.0,7.2,16.684185,19.143518,19.143518,2.0
resstock-amy2018-2021-release-1-529678,0.0,1.8346013,0.0,0.0,0.8231038,0.0,0.0,0.0,0.0,0.0,0.0,0.0,0.0,0.0,1.2285,1.2285,0.0,0.914775,13.487043380737305,12.337610296402772,-0.0,1.2285,0.0,-0.0,0.0,-0.0,0.0,0.0,-0.0,0.0,9.258355,1.8346013,0.0,0.5761391,2.6103768,1.0431741,1.2499845,0.0,0.0,0.0,0.3996259,0.1383698,0.47885212,0.0,2.6103768,0.0,1.3818768,1.3992428,0.5761391,-0.017365986,9.4,17.261795,20.0,20.0,2.0
resstock-amy2018-2021-release-1-529678,0.0,2.3768082,0.0,0.0,1.033697,0.0,0.0,0.0,0.0,0.0,0.0,0.0,0.0,0.0,-1.08,0.0,-1.08,0.8248039,13.487017631530762,11.124144590770527,1.08,0.0,0.0,-0.0,0.0,-0.0,0.0,0.0,-0.0,0.0,9.258355,2.3768082,0.0,0.31401563,0.22301179,0.08839389,0.107151486,0.0,0.0,0.0,0.39636418,0.1383698,0.48047453,0.0,0.22301179,0.0,1.3030119,1.3477126,0.31401563,-0.044700798,10.6,18.258938,19.444445,19.444445,2.0
resstock-amy2018-2021-release-1-529678,0.0,1.048081,0.0,0.0,0.44981796,0.0,0.0,0.0,0.0,0.0,0.0,0.0,0.0,0.0,-1.08,0.0,-1.08,0.73522043,13.486991882324219,9.915912001899414,1.08,0.0,0.0,-0.0,0.0,-0.0,0.0,0.0,-0.0,0.0,9.258355,1.048081,0.0,0.40244177,-0.34403932,-0.1273296,0.0,0.0,0.0,0.0,0.37010187,0.1383698,0.49089128,0.0,0.0,-0.34403932,0.7359607,0.85225976,0.40244177,-0.11629904,11.1,18.393297,19.444445,19.444445,2.0
resstock-amy2018-2021-release-1-529678,0.0,0.9302904,0.0,0.0,0.39926428,0.0,0.0,0.0,0.0,0.0,0.0,0.0,0.0,0.0,-1.08,0.0,-1.08,0.64602304,13.486966133117676,8.71289079492567,1.08,0.0,0.0,-0.0,0.0,-0.0,0.0,0.0,-0.0,0.0,9.258355,0.9302904,0.0,0.31236687,-0.55873245,-0.19702709,0.0,0.0,0.0,0.0,0.35263225,0.1383698,0.49170694,0.0,0.0,-0.55873245,0.5212676,0.7116312,0.31236687,-0.1903636,11.1,18.934998,18.88889,18.88889,2.0
resstock-amy2018-2021-release-1-529678,0.0,0.0,0.0,0.0,0.0,0.0,0.0,0.0,0.0,0.0,0.0,0.0,0.0,0.0,-1.08,0.0,-1.08,0.55720985,13.486940383911133,7.515056019614121,1.08,0.0,0.0,-0.0,0.0,-0.0,0.0,0.0,-0.0,0.0,9.258355,0.0,0.0,0.43947816,-0.9012358,-0.30981272,0.0,0.0,0.0,0.0,0.34376433,0.1383698,0.49008462,0.0,0.0,-0.9012358,0.17876422,0.43947816,0.43947816,-0.26071393,11.1,19.041786,19.5,19.5,2.0
resstock-amy2018-2021-release-1-529678,0.0,0.0,0.0,0.0,0.0,0.0,0.0,0.0,0.0,0.0,0.0,0.0,0.0,0.0,-1.08,0.0,-1.08,0.46877936,13.48691463470459,6.322387147275066,1.08,0.0,0.0,-0.0,0.0,-0.0,0.0,0.0,-0.0,0.0,9.258355,0.0,0.0,0.40940768,-0.9515904,-0.32623887,0.0,0.0,0.0,0.0,0.3428354,0.1383698,0.49452934,0.0,0.0,-0.9515904,0.12840962,0.40940765,0.40940768,-0.28099802,11.7,19.378561,20.0,20.0,2.0
resstock-amy2018-2021-release-1-529678,0.0,0.0,0.0,0.0,0.0,0.0,0.0,0.0,0.0,0.0,0.0,0.0,0.0,0.0,-1.08,0.0,-1.08,0.38072985,13.486888885498047,5.134861237731684,1.08,0.0,0.0,-0.0,0.0,-0.0,0.0,0.0,-0.0,0.0,9.258355,0.0,0.0,0.4068044,-0.9324999,-0.32164237,0.0,0.0,0.0,0.0,0.34492484,0.1383698,0.4993546,0.0,0.0,-0.9324999,0.14750016,0.4068044,0.4068044,-0.25930426,12.2,19.799877,21.666666,21.666666,2.0
resstock-amy2018-2021-release-1-529678,0.0,1.7160817,0.0,0.0,0.70309496,0.0,0.0,0.0,0.0,0.0,0.0,0.0,0.0,0.0,-1.08,0.0,-1.08,0.2930597,13.486863136291504,3.9524561548618067,1.08,0.0,0.0,-0.0,0.0,-0.0,0.0,0.0,-0.0,0.0,9.258355,1.7160817,0.0,0.4137019,-0.19522226,-0.06942451,0.0,0.0,0.0,0.0,0.3556178,0.1383698,0.49952835,0.0,0.0,-0.19522226,0.8847778,1.1167969,0.4137019,-0.23201907,12.8,21.836468,22.222221,22.222221,2.0
resstock-amy2018-2021-release-1-529678,0.0,0.0,0.26757997,0.0,0.0,0.28388104,0.0,0.0,0.0,0.0,0.0,0.0,0.0,0.0,-1.08,0.0,-1.08,0.2057673,13.486837387084961,2.7751501646511656,1.08,0.0,0.0,-0.0,0.0,-0.0,0.0,0.0,-0.0,0.0,9.258355,0.0,0.0,0.5453919,-0.39478764,-0.14308637,0.0,0.0,0.0,0.0,0.36243886,0.1383698,0.50253993,0.0,0.0,-0.39478764,0.6852124,0.8292729,0.5453919,-0.14406057,12.8,21.192896,22.777779,22.777779,2.0
resstock-amy2018-2021-release-1-529678,0.0,1.4134645,2.3010435,0.0,0.59691966,2.4412239,0.0,0.0,0.0,0.0,0.0,0.0,0.0,0.0,-1.08,0.0,-1.08,0.118851,13.486811637878418,1.6029210308283623,1.08,0.0,0.0,-0.0,0.0,-0.0,0.0,0.0,-0.0,0.0,9.258355,1.4134645,0.0,0.60630786,2.550486,1.0000702,1.2909706,0.0,0.0,0.0,0.39210963,0.1383698,0.50616646,0.0,2.550486,0.0,3.630486,3.6444511,0.60630786,-0.013965233,11.7,21.784481,22.222221,22.222221,2.0
resstock-amy2018-2021-release-1-529678,0.0,0.0,0.76041734,0.0,0.0,0.80674225,0.0,0.0,0.0,0.0,0.0,0.0,0.0,0.0,-1.08,0.0,-1.08,0.032309175,13.486785888671875,0.4357469192291319,1.08,0.0,0.0,-0.0,0.0,-0.0,0.0,0.0,-0.0,0.0,9.258355,0.0,0.0,0.6783488,0.405091,0.15842922,0.20566086,0.0,0.0,0.0,0.3910954,0.1383698,0.50769055,0.0,0.405091,0.0,1.485091,1.485091,0.6783488,-0.0,12.2,21.01597,22.222221,22.222221,2.0
resstock-amy2018-2021-release-1-529678,0.0,1.0446177,0.250571,0.0,0.4543144,0.26583588,0.0,0.0,0.0,0.0,0.0,0.0,0.0,0.0,-0.40385523,0.0,-0.40385523,0.0,13.486776351928711,0.0,0.40385523,0.0,0.0,-0.0,0.0,-0.0,0.0,0.0,-0.0,0.0,9.258355,1.0446177,0.0,0.7964288,1.1127238,0.40140608,0.569125,0.0,0.0,0.0,0.36074188,0.1383698,0.51147014,0.0,1.1127238,0.0,1.516579,1.516579,0.7964288,-0.0,10.6,21.252256,21.666666,21.666666,2.0
resstock-amy2018-2021-release-1-529678,0.0,0.0,0.0,0.0,0.0,0.0,0.0,0.0,0.0,0.0,0.0,0.0,0.0,0.0,0.0,0.0,0.0,0.0,13.486776351928711,0.0,-0.0,0.0,0.0,-0.0,0.0,-0.0,0.0,0.0,-0.0,0.0,9.258355,0.0,0.0,0.4604586,0.4604586,0.15588826,0.23950164,0.0,0.0,0.0,0.33855,0.1383698,0.5201372,0.0,0.4604586,0.0,0.4604586,0.4604586,0.4604586,-0.0,9.4,20.172731,21.11111,21.11111,2.0
resstock-amy2018-2021-release-1-529678,0.0,0.0,1.5207983,0.0,0.0,1.6134459,0.0,0.0,0.0,0.0,0.0,0.0,0.0,0.0,0.0,0.0,0.0,0.0,13.486776351928711,0.0,-0.0,0.0,0.0,-0.0,0.0,-0.0,0.0,0.0,-0.0,0.0,9.258355,0.0,0.0,0.43619865,2.0496445,0.662675,1.0863107,0.0,0.0,0.0,0.3233122,0.1383698,0.5299996,0.0,2.0496445,0.0,2.0496445,2.0496445,0.43619865,-0.0,8.9,19.57304,21.11111,21.11111,2.0
resstock-amy2018-2021-release-1-529678,0.0,1.1455414,0.0,0.0,0.53494817,0.0,0.0,0.0,0.0,0.0,0.0,0.0,0.0,0.0,1.2285,1.2285,0.0,0.08496835,13.486747741699219,1.1459467136413082,-0.0,1.2285,0.0,-0.0,0.0,-0.0,0.0,0.0,-0.0,0.0,9.258355,1.1455414,0.0,0.40939903,2.1728473,0.6967291,1.1846142,0.0,0.0,0.0,0.3206526,0.1383698,0.5451898,0.0,2.1728473,0.0,0.94434726,0.94434726,0.40939903,-0.0,7.8,19.91058,20.555555,20.555555,2.0
resstock-amy2018-2021-release-1-529678,0.0,0.0,0.0,0.0,0.0,0.0,0.0,0.0,0.0,0.0,0.0,0.0,0.0,0.0,1.2285,1.2285,0.0,0.16957061,13.486719131469727,2.286951189039854,-0.0,1.2285,0.0,-0.0,0.0,-0.0,0.0,0.0,-0.0,0.0,9.258355,0.0,0.0,0.31401563,1.5425156,0.4757741,0.8565042,0.0,0.0,0.0,0.3084404,0.1383698,0.55526453,0.0,1.5425156,0.0,0.31401563,0.31401563,0.31401563,-0.0,7.8,18.776075,20.0,20.0,2.0
resstock-amy2018-2021-release-1-529678,0.0,0.9115681,0.0,0.0,0.43717256,0.0,0.0,0.0,0.0,0.0,0.0,0.0,0.0,0.0,1.2285,1.2285,0.0,0.25380835,13.486690521240234,3.4230346596729078,-0.0,1.2285,0.0,-0.0,0.0,-0.0,0.0,0.0,-0.0,0.0,9.258355,0.9115681,0.0,0.31236687,1.9780395,0.5961107,1.1121863,0.0,0.0,0.0,0.3013644,0.1383698,0.562267,0.0,1.9780395,0.0,0.7495395,0.7495395,0.31236687,-0.0,6.7,18.693642,19.444445,19.444445,2.0
resstock-amy2018-2021-release-1-529678,0.0,0.0,0.0,0.0,0.0,0.0,0.0,0.0,0.0,0.0,0.0,0.0,0.0,0.0,1.2285,1.2285,0.0,0.33768317,13.486661911010742,4.5542187607716755,-0.0,1.2285,0.0,-0.0,0.0,-0.0,0.0,0.0,-0.0,0.0,9.258355,0.0,0.0,0.31071812,1.5392182,0.44193232,0.87592864,0.0,0.0,0.0,0.2871148,0.1383698,0.56907374,0.0,1.5392182,0.0,0.31071818,0.31071818,0.31071812,-0.0,8.33,17.88898,18.88889,18.88889,2.0
resstock-amy2018-2021-release-1-529678,0.0,0.0,0.0,0.0,0.0,0.0,0.0,0.0,0.0,0.0,0.0,0.0,0.0,0.0,1.2285,1.2285,0.0,0.4211966,13.48663330078125,5.6805242230348085,-0.0,1.2285,0.0,-0.0,0.0,-0.0,0.0,0.0,-0.0,0.0,9.258355,0.0,0.0,0.30906937,1.5375694,0.43905786,0.8840721,0.0,0.0,0.0,0.2855532,0.1383698,0.5749803,0.0,1.5375694,0.0,0.3090694,0.3090694,0.30906937,-0.0,6.1,16.94401,17.222221,17.222221,2.0
resstock-amy2018-2021-release-1-529678,0.0,0.0,0.0,0.0,0.0,0.0,0.0,0.0,0.0,0.0,0.0,0.0,0.0,0.0,1.2285,1.2285,0.0,0.50435024,13.486604690551758,6.801972379883523,-0.0,1.2285,0.0,-0.0,0.0,-0.0,0.0,0.0,-0.0,0.0,9.258355,0.0,0.0,0.3074206,1.5359206,0.43928036,0.8909726,0.0,0.0,0.0,0.2860046,0.1383698,0.5800903,0.0,1.5359206,0.0,0.3074206,0.3074206,0.3074206,-0.0,5.85,16.456562,17.222221,17.222221,2.0
resstock-amy2018-2021-release-1-529678,0.0,0.0,0.0,0.0,0.0,0.0,0.0,0.0,0.0,0.0,0.0,0.0,0.0,0.0,1.2285,1.2285,0.0,0.58714557,13.486576080322266,7.918583358764408,-0.0,1.2285,0.0,-0.0,0.0,-0.0,0.0,0.0,-0.0,0.0,9.258355,0.0,0.0,0.30577186,1.5342718,0.43916446,0.89717174,0.0,0.0,0.0,0.2862364,0.1383698,0.5847541,0.0,1.5342718,0.0,0.30577183,0.30577183,0.30577186,-0.0,5.6,15.978949,17.222221,17.222221,2.0
resstock-amy2018-2021-release-1-529678,0.0,0.9259784,0.0,0.0,0.43878013,0.0,0.0,0.0,0.0,0.0,0.0,0.0,0.0,0.0,1.2285,1.2285,0.0,0.66958416,13.486547470092773,9.03037849274483,-0.0,1.2285,0.0,-0.0,0.0,-0.0,0.0,0.0,-0.0,0.0,9.258355,0.9259784,0.0,0.30577186,1.973052,0.58625495,1.151081,0.0,0.0,0.0,0.297131,0.1383698,0.5834012,0.0,1.973052,0.0,0.744552,0.744552,0.30577186,-0.0,7.2,16.551441,18.88889,18.88889,2.0
resstock-amy2018-2021-release-1-529678,0.0,1.7418356,0.0,0.0,0.81340736,0.0,0.0,0.0,0.0,0.0,0.0,0.0,0.0,0.0,1.2285,1.2285,0.0,0.75166756,13.486518859863281,10.13737871278181,-0.0,1.2285,0.0,-0.0,0.0,-0.0,0.0,0.0,-0.0,0.0,9.258355,1.7418356,0.0,0.37201205,2.4139194,0.75423926,1.3938292,0.0,0.0,0.0,0.3124542,0.1383698,0.5774133,0.0,2.4139194,0.0,1.1854194,1.1854194,0.37201205,-0.0,7.8,17.172293,18.435184,18.435184,2.0
resstock-amy2018-2021-release-1-529678,0.0,0.94325477,0.27017367,0.0,0.44696662,0.28663275,0.0,0.0,0.0,0.0,0.0,0.0,0.0,0.0,1.2285,1.2285,0.0,0.8333973,13.486490249633789,11.239604949655018,-0.0,1.2285,0.0,-0.0,0.0,-0.0,0.0,0.0,-0.0,0.0,9.258355,0.94325477,0.0,0.4846597,2.446759,0.8432755,1.4001976,0.0,0.0,0.0,0.34465,0.1383698,0.5722663,0.0,2.446759,0.0,1.218259,1.218259,0.4846597,-0.0,7.2,16.741882,19.162037,19.162037,2.0
resstock-amy2018-2021-release-1-529678,0.0,1.8061135,0.0,0.0,0.8330798,0.0,0.0,0.0,0.0,0.0,0.0,0.0,0.0,0.0,1.2285,1.2285,0.0,0.914775,13.486461639404297,12.33707813396677,-0.0,1.2285,0.0,-0.0,0.0,-0.0,0.0,0.0,-0.0,0.0,9.258355,1.8061135,0.0,0.40468776,2.4539292,0.94719523,1.4071611,0.0,0.0,0.0,0.38599128,0.1383698,0.57343185,0.0,2.4539292,0.0,1.2254292,1.2377675,0.40468776,-0.012338338,8.3,17.411337,20.0,20.0,2.0
resstock-amy2018-2021-release-1-529678,0.0,2.2131019,0.0,0.0,0.97770983,0.0,0.0,0.0,0.0,0.0,0.0,0.0,0.0,0.0,-1.08,0.0,-1.08,0.8248039,13.486435890197754,11.123664768256788,1.08,0.0,0.0,-0.0,0.0,-0.0,0.0,0.0,-0.0,0.0,9.258355,2.2131019,0.0,0.31401563,0.16487278,0.06290772,0.094700575,0.0,0.0,0.0,0.38155308,0.1383698,0.57438576,0.0,0.16487278,0.0,1.2448728,1.2917254,0.31401563,-0.04685257,10.0,17.963186,19.5,19.5,2.0
resstock-amy2018-2021-release-1-529678,0.0,1.3970822,0.0,0.0,0.58199966,0.0,0.0,0.0,0.0,0.0,0.0,0.0,0.0,0.0,-1.08,0.0,-1.08,0.73522043,13.486410140991211,9.915484293785084,1.08,0.0,0.0,-0.0,0.0,-0.0,0.0,0.0,-0.0,0.0,9.258355,1.3970822,0.0,0.40244177,-0.18742089,-0.06702987,0.0,0.0,0.0,0.0,0.35764354,0.1383698,0.574483,0.0,0.0,-0.18742089,0.89257914,0.9844414,0.40244177,-0.09186225,12.2,18.088581,19.5,19.5,2.0
resstock-amy2018-2021-release-1-529678,0.0,1.3238677,0.22244392,0.0,0.53481895,0.23599528,0.0,0.0,0.0,0.0,0.0,0.0,0.0,0.0,-1.08,0.0,-1.08,0.64602304,13.486384391784668,8.712514976624107,1.08,0.0,0.0,-0.0,0.0,-0.0,0.0,0.0,-0.0,0.0,9.258355,1.3238677,0.0,0.40416893,-0.0067266375,-0.0023354148,0.0,0.0,0.0,0.0,0.34718904,0.1383698,0.5750877,0.0,0.0,-0.0067266375,1.0732734,1.1749831,0.40416893,-0.101709716,13.3,18.605034,19.5,19.5,2.0
resstock-amy2018-2021-release-1-529678,0.0,0.0,0.0,0.0,0.0,0.0,0.0,0.0,0.0,0.0,0.0,0.0,0.0,0.0,-1.08,0.0,-1.08,0.55720985,13.486358642578125,7.514731867613591,1.08,0.0,0.0,-0.0,0.0,-0.0,0.0,0.0,-0.0,0.0,9.258355,0.0,0.0,0.34566772,-0.80571187,-0.2703171,0.0,0.0,0.0,0.0,0.33550096,0.1383698,0.5759462,0.0,0.0,-0.80571187,0.27428818,0.3456677,0.34566772,-0.07137952,14.4,18.143482,19.5,19.5,2.0
resstock-amy2018-2021-release-1-529678,0.0,1.286572,0.0,0.0,0.5109098,0.0,0.0,0.0,0.0,0.0,0.0,0.0,0.0,0.0,-1.08,0.0,-1.08,0.46877936,13.486332893371582,6.322114438948034,1.08,0.0,0.0,-0.0,0.0,-0.0,0.0,0.0,-0.0,0.0,9.258355,1.286572,0.0,0.31566438,-0.31011054,-0.1014402,0.0,0.0,0.0,0.0,0.3271098,0.1383698,0.5755829,0.0,0.0,-0.31011054,0.7698895,0.82657415,0.31566438,-0.056684695,13.9,19.155796,19.5,19.5,2.0
resstock-amy2018-2021-release-1-529678,0.0,0.0,0.3803408,0.0,0.0,0.40351132,0.0,0.0,0.0,0.0,0.0,0.0,0.0,0.0,-1.08,0.0,-1.08,0.38072985,13.486307144165039,5.13463975143884,1.08,0.0,0.0,-0.0,0.0,-0.0,0.0,0.0,-0.0,0.0,9.258355,0.0,0.0,0.31566438,-0.3900154,-0.13221064,0.0,0.0,0.0,0.0,0.33898827,0.1383698,0.5701318,0.0,0.0,-0.3900154,0.6899847,0.71917576,0.31566438,-0.029191062,11.4,18.271925,19.5,19.5,2.0
resstock-amy2018-2021-release-1-529678,0.0,1.0635172,0.76068264,0.0,0.462534,0.8070237,0.0,0.0,0.0,0.0,0.0,0.0,0.0,0.0,-1.08,0.0,-1.08,0.2930597,13.486281394958496,3.952285669917387,1.08,0.0,0.0,-0.0,0.0,-0.0,0.0,0.0,-0.0,0.0,9.258355,1.0635172,0.0,0.4137019,0.5635786,0.19971898,0.31858206,0.0,0.0,0.0,0.35437644,0.1383698,0.56528413,0.0,0.5635786,0.0,1.6435786,1.6832596,0.4137019,-0.039680984,10.6,18.973843,19.5,19.5,2.0
resstock-amy2018-2021-release-1-529678,0.0,0.0,0.0,0.0,0.0,0.0,0.0,0.0,0.0,0.0,0.0,0.0,0.0,0.0,-1.08,0.0,-1.08,0.2057673,13.486255645751953,2.7750304613056187,1.08,0.0,0.0,-0.0,0.0,-0.0,0.0,0.0,-0.0,0.0,9.258355,0.0,0.0,0.50770813,-0.57741034,-0.20927522,0.0,0.0,0.0,0.0,0.3624376,0.1383698,0.5689317,0.0,0.0,-0.57741034,0.5025897,0.50770813,0.50770813,-0.0051184557,10.6,18.397919,19.5,19.5,2.0
resstock-amy2018-2021-release-1-529678,0.0,0.9395585,0.0,0.0,0.41508058,0.0,0.0,0.0,0.0,0.0,0.0,0.0,0.0,0.0,-1.08,0.0,-1.08,0.118851,13.48622989654541,1.6028518902900188,1.08,0.0,0.0,-0.0,0.0,-0.0,0.0,0.0,-0.0,0.0,9.258355,0.9395585,0.0,0.4659324,-0.20024806,-0.078787595,0.0,0.0,0.0,0.0,0.39345,0.1383698,0.57899666,0.0,0.0,-0.20024806,0.879752,0.881013,0.4659324,-0.0012609917,10.0,18.818935,19.5,19.5,2.0
resstock-amy2018-2021-release-1-529678,0.0,0.0,0.0,0.0,0.0,0.0,0.0,0.0,0.0,0.0,0.0,0.0,0.0,0.0,-1.08,0.0,-1.08,0.032309175,13.486204147338867,0.43572812364686797,1.08,0.0,0.0,-0.0,0.0,-0.0,0.0,0.0,-0.0,0.0,9.258355,0.0,0.0,0.6783488,-0.40165126,-0.15802969,0.0,0.0,0.0,0.0,0.39345,0.1383698,0.5781598,0.0,0.0,-0.40165126,0.6783488,0.6783488,0.6783488,-0.0,10.0,18.301323,19.5,19.5,2.0
resstock-amy2018-2021-release-1-529678,0.0,1.0380584,0.76068336,0.0,0.45146173,0.8070244,0.0,0.0,0.0,0.0,0.0,0.0,0.0,0.0,-0.40385523,0.0,-0.40385523,0.0,13.486194610595703,0.0,0.40385523,0.0,0.0,-0.0,0.0,-0.0,0.0,0.0,-0.0,0.0,9.258355,1.0380584,0.0,0.76315784,1.6177888,0.5970252,0.90791565,0.0,0.0,0.0,0.3690378,0.1383698,0.5612078,0.0,1.6177888,0.0,2.021644,2.021644,0.76315784,-0.0,10.6,18.911425,19.5,19.5,2.0
resstock-amy2018-2021-release-1-529678,0.0,0.0,1.5213667,0.0,0.0,1.6140488,0.0,0.0,0.0,0.0,0.0,0.0,0.0,0.0,0.0,0.0,0.0,0.0,13.486194610595703,0.0,-0.0,0.0,0.0,-0.0,0.0,-0.0,0.0,0.0,-0.0,0.0,9.258355,0.0,0.0,0.597009,2.211058,0.77288306,1.2068508,0.0,0.0,0.0,0.34955353,0.1383698,0.54582506,0.0,2.211058,0.0,2.211058,2.211058,0.597009,-0.0,9.85,18.121552,19.5,19.5,2.0
resstock-amy2018-2021-release-1-529678,0.0,1.1751702,0.0,0.0,0.5191697,0.0,0.0,0.0,0.0,0.0,0.0,0.0,0.0,0.0,0.0,0.0,0.0,0.0,13.486194610595703,0.0,-0.0,0.0,0.0,-0.0,0.0,-0.0,0.0,0.0,-0.0,0.0,9.258355,1.1751702,0.0,0.66407716,1.1832469,0.3796999,0.6370706,0.0,0.0,0.0,0.3208966,0.1383698,0.5384089,0.0,1.1832469,0.0,1.1832469,1.1832469,0.66407716,-0.0,10.0,18.783699,18.069445,18.069445,2.0
resstock-amy2018-2021-release-1-529678,0.0,0.0,0.0,0.0,0.0,0.0,0.0,0.0,0.0,0.0,0.0,0.0,0.0,0.0,1.2285,1.2285,0.0,0.08496835,13.486166000366211,1.1458972840396342,-0.0,1.2285,0.0,-0.0,0.0,-0.0,0.0,0.0,-0.0,0.0,9.258355,0.0,0.0,0.49983615,1.7283361,0.54443276,0.94337946,0.0,0.0,0.0,0.315004,0.1383698,0.545831,0.0,1.7283361,0.0,0.4998361,0.4998361,0.49983615,-0.0,9.466666,17.937881,20.0,20.0,2.0
resstock-amy2018-2021-release-1-529678,0.0,1.5358474,0.9756677,0.0,0.72777,1.0351057,0.0,0.0,0.0,0.0,0.0,0.0,0.0,0.0,1.2285,1.2285,0.0,0.16957061,13.486137390136719,2.286852542807196,-0.0,1.2285,0.0,-0.0,0.0,-0.0,0.0,0.0,-0.0,0.0,9.258355,1.5358474,0.0,0.57743883,3.5688145,1.0942792,1.9788365,0.0,0.0,0.0,0.3066226,0.1383698,0.5544801,0.0,3.5688145,0.0,2.3403144,2.3403144,0.57743883,-0.0,7.2,18.395369,19.444445,19.444445,2.0
resstock-amy2018-2021-release-1-529678,0.0,0.78287685,0.5469033,0.0,0.35572574,0.5802208,0.0,0.0,0.0,0.0,0.0,0.0,0.0,0.0,1.2285,1.2285,0.0,0.25380835,13.486108779907227,3.422887008865416,-0.0,1.2285,0.0,-0.0,0.0,-0.0,0.0,0.0,-0.0,0.0,9.258355,0.78287685,0.0,0.35101247,2.515459,0.7136327,1.4099323,0.0,0.0,0.0,0.2836988,0.1383698,0.56050694,0.0,2.515459,0.0,1.286959,1.286959,0.35101247,-0.0,8.9,17.932554,18.88889,18.88889,2.0
resstock-amy2018-2021-release-1-529678,0.0,0.0,0.42835063,0.0,0.0,0.4544459,0.0,0.0,0.0,0.0,0.0,0.0,0.0,0.0,1.2285,1.2285,0.0,0.33768317,13.486080169677734,4.554022316513624,-0.0,1.2285,0.0,-0.0,0.0,-0.0,0.0,0.0,-0.0,0.0,9.258355,0.0,0.0,0.33911064,2.0220566,0.56462616,1.1309147,0.0,0.0,0.0,0.2792336,0.1383698,0.55928934,0.0,2.0220566,0.0,0.7935566,0.7935566,0.33911064,-0.0,9.4,17.055748,17.222221,17.222221,2.0
resstock-amy2018-2021-release-1-529678,0.0,0.0,0.0,0.0,0.0,0.0,0.0,0.0,0.0,0.0,0.0,0.0,0.0,0.0,1.2285,1.2285,0.0,0.4211966,13.486051559448242,5.680279195557603,-0.0,1.2285,0.0,-0.0,0.0,-0.0,0.0,0.0,-0.0,0.0,9.258355,0.0,0.0,0.33242482,1.5609248,0.4318255,0.87500167,0.0,0.0,0.0,0.2766472,0.1383698,0.5605662,0.0,1.5609248,0.0,0.33242476,0.33242476,0.33242482,-0.0,7.2,16.353569,17.222221,17.222221,2.0
resstock-amy2018-2021-release-1-529678,0.0,0.0,0.0,0.0,0.0,0.0,0.0,0.0,0.0,0.0,0.0,0.0,0.0,0.0,1.2285,1.2285,0.0,0.50435024,13.48602294921875,6.8016789784996945,-0.0,1.2285,0.0,-0.0,0.0,-0.0,0.0,0.0,-0.0,0.0,9.258355,0.0,0.0,0.3276093,1.5561093,0.42403856,0.86475825,0.0,0.0,0.0,0.2724992,0.1383698,0.5557182,0.0,1.5561093,0.0,0.3276093,0.3276093,0.3276093,-0.0,8.9,16.132208,17.222221,17.222221,2.0
resstock-amy2018-2021-release-1-529678,0.0,0.81183237,0.38046208,0.0,0.364233,0.40363997,0.0,0.0,0.0,0.0,0.0,0.0,0.0,0.0,1.2285,1.2285,0.0,0.58714557,13.485994338989258,7.918241791919627,-0.0,1.2285,0.0,-0.0,0.0,-0.0,0.0,0.0,-0.0,0.0,9.258355,0.81183237,0.0,0.30577186,2.3021448,0.62618107,1.2817105,0.0,0.0,0.0,0.271999,0.1383698,0.55674624,0.0,2.3021448,0.0,1.0736448,1.0736448,0.30577186,-0.0,9.4,16.503065,17.222221,17.222221,2.0
resstock-amy2018-2021-release-1-529678,0.0,0.0,0.3804611,0.0,0.0,0.40363893,0.0,0.0,0.0,0.0,0.0,0.0,0.0,0.0,1.2285,1.2285,0.0,0.66958416,13.485965728759766,9.029988967965892,-0.0,1.2285,0.0,-0.0,0.0,-0.0,0.0,0.0,-0.0,0.0,9.258355,0.0,0.0,0.34008983,1.9722288,0.56086636,1.0994189,0.0,0.0,0.0,0.284382,0.1383698,0.55745,0.0,1.9722288,0.0,0.74372876,0.74372876,0.34008983,-0.0,8.6,15.925359,17.222221,17.222221,2.0
resstock-amy2018-2021-release-1-529678,0.0,0.96589166,0.38046062,0.0,0.45105484,0.40363842,0.0,0.0,0.0,0.0,0.0,0.0,0.0,0.0,1.2285,1.2285,0.0,0.75166756,13.485937118530273,10.136941436693974,-0.0,1.2285,0.0,-0.0,0.0,-0.0,0.0,0.0,-0.0,0.0,9.258355,0.96589166,0.0,0.30906937,2.3922627,0.7271594,1.3340304,0.0,0.0,0.0,0.303963,0.1383698,0.5576438,0.0,2.3922627,0.0,1.1637627,1.1637627,0.30906937,-0.0,7.8,16.211067,18.425926,18.425926,2.0
resstock-amy2018-2021-release-1-529678,0.0,1.6505722,0.0,0.0,0.76133555,0.0,0.0,0.0,0.0,0.0,0.0,0.0,0.0,0.0,1.2285,1.2285,0.0,0.8333973,13.485908508300781,11.239120127982005,-0.0,1.2285,0.0,-0.0,0.0,-0.0,0.0,0.0,-0.0,0.0,9.258355,1.6505722,0.0,0.3985133,2.3883488,0.8035811,1.3381363,0.0,0.0,0.0,0.33645886,0.1383698,0.56027675,0.0,2.3883488,0.0,1.1598488,1.1598488,0.3985133,-0.0,8.3,16.804646,19.180555,19.180555,2.0
resstock-amy2018-2021-release-1-529678,0.0,1.7721692,0.0,0.0,0.81742287,0.0,0.0,0.0,0.0,0.0,0.0,0.0,0.0,0.0,1.2285,1.2285,0.0,0.914775,13.485879898071289,12.336545971530768,-0.0,1.2285,0.0,-0.0,0.0,-0.0,0.0,0.0,-0.0,0.0,9.258355,1.7721692,0.0,0.31401563,2.345046,0.85125405,1.3334023,0.0,0.0,0.0,0.363001,0.1383698,0.5686039,0.0,2.345046,0.0,1.116546,1.1314387,0.31401563,-0.014892653,8.3,17.058504,19.444445,19.444445,2.0
resstock-amy2018-2021-release-1-529678,0.0,2.0391028,0.0,0.0,0.90084004,0.0,0.0,0.0,0.0,0.0,0.0,0.0,0.0,0.0,-1.08,0.0,-1.08,0.8248039,13.485854148864746,11.123184945743049,1.08,0.0,0.0,-0.0,0.0,-0.0,0.0,0.0,-0.0,0.0,9.258355,2.0391028,0.0,0.31401563,0.09216304,0.033450577,0.053992648,0.0,0.0,0.0,0.36295,0.1383698,0.5858384,0.0,0.09216304,0.0,1.1721631,1.2148557,0.31401563,-0.042692587,10.0,17.816944,19.444445,19.444445,2.0
resstock-amy2018-2021-release-1-529678,0.0,1.4165788,0.0,0.0,0.6160839,0.0,0.0,0.0,0.0,0.0,0.0,0.0,0.0,0.0,-1.08,0.0,-1.08,0.73522043,13.485828399658203,9.915056585670754,1.08,0.0,0.0,-0.0,0.0,-0.0,0.0,0.0,-0.0,0.0,9.258355,1.4165788,0.0,0.31236687,-0.24302024,-0.084474966,0.0,0.0,0.0,0.0,0.34760466,0.1383698,0.6072925,0.0,0.0,-0.24302024,0.8369798,0.9284508,0.31236687,-0.09147102,10.6,18.146875,18.88889,18.88889,2.0
resstock-amy2018-2021-release-1-529678,0.0,0.0,0.0,0.0,0.0,0.0,0.0,0.0,0.0,0.0,0.0,0.0,0.0,0.0,-1.08,0.0,-1.08,0.64602304,13.48580265045166,8.712139158322543,1.08,0.0,0.0,-0.0,0.0,-0.0,0.0,0.0,-0.0,0.0,9.258355,0.0,0.0,0.40416893,-0.7410765,-0.24725857,0.0,0.0,0.0,0.0,0.33364782,0.1383698,0.62043804,0.0,0.0,-0.7410765,0.3389235,0.40416893,0.40416893,-0.06524543,11.7,17.864908,19.5,19.5,2.0
resstock-amy2018-2021-release-1-529678,0.0,1.5030897,3.0102806,0.0,0.61583006,3.193668,0.0,0.0,0.0,0.0,0.0,0.0,0.0,0.0,-1.08,0.0,-1.08,0.55720985,13.485776901245117,7.514407715613061,1.08,0.0,0.0,-0.0,0.0,-0.0,0.0,0.0,-0.0,0.0,9.258355,1.5030897,0.0,0.43947816,2.9819915,0.9666327,1.8574257,0.0,0.0,0.0,0.32415676,0.1383698,0.62288094,0.0,2.9819915,0.0,4.0619917,4.248976,0.43947816,-0.18698452,12.8,19.31303,19.5,19.5,2.0
resstock-amy2018-2021-release-1-529678,0.0,0.0,0.0,0.0,0.0,0.0,0.0,0.0,0.0,0.0,0.0,0.0,0.0,0.0,-1.08,0.0,-1.08,0.46877936,13.485751152038574,6.321841730621003,1.08,0.0,0.0,-0.0,0.0,-0.0,0.0,0.0,-0.0,0.0,9.258355,0.0,0.0,0.31566438,-0.8857749,-0.27848232,0.0,0.0,0.0,0.0,0.314394,0.1383698,0.6296871,0.0,0.0,-0.8857749,0.19422513,0.3156644,0.31566438,-0.12143928,13.3,18.839785,19.5,19.5,2.0
resstock-amy2018-2021-release-1-529678,0.0,0.0,0.0,0.0,0.0,0.0,0.0,0.0,0.0,0.0,0.0,0.0,0.0,0.0,-1.08,0.0,-1.08,0.38072985,13.485725402832031,5.134418265145996,1.08,0.0,0.0,-0.0,0.0,-0.0,0.0,0.0,-0.0,0.0,9.258355,0.0,0.0,0.31566438,-0.852768,-0.27571008,0.0,0.0,0.0,0.0,0.32331192,0.1383698,0.638958,0.0,0.0,-0.852768,0.22723204,0.3156644,0.31566438,-0.088432364,11.7,18.619917,21.666666,21.666666,2.0
resstock-amy2018-2021-release-1-529678,0.0,2.717218,0.0,0.0,1.1475073,0.0,0.0,0.0,0.0,0.0,0.0,0.0,0.0,0.0,-1.08,0.0,-1.08,0.2930597,13.485699653625488,3.9521151849729677,1.08,0.0,0.0,-0.0,0.0,-0.0,0.0,0.0,-0.0,0.0,9.258355,2.717218,0.0,0.31401563,0.18553796,0.06107078,0.11906719,0.0,0.0,0.0,0.32915518,0.1383698,0.6417403,0.0,0.18553796,0.0,1.265538,1.4615229,0.31401563,-0.19598493,11.7,21.319923,21.11111,21.11111,2.0
resstock-amy2018-2021-release-1-529678,0.0,0.0,3.958994,0.0,0.0,4.200177,0.0,0.0,0.0,0.0,0.0,0.0,0.0,0.0,-1.08,0.0,-1.08,0.2057673,13.485673904418945,2.774910757960072,1.08,0.0,0.0,-0.0,0.0,-0.0,0.0,0.0,-0.0,0.0,9.258355,0.0,0.0,0.5453919,3.5225246,1.1675657,2.2871292,0.0,0.0,0.0,0.33145708,0.1383698,0.6492869,0.0,3.5225246,0.0,4.6025248,4.745569,0.5453919,-0.14304443,11.1,20.226736,19.5,19.5,2.0
resstock-amy2018-2021-release-1-529678,0.0,0.0,0.87246066,0.0,0.0,0.92561126,0.0,0.0,0.0,0.0,0.0,0.0,0.0,0.0,-1.08,0.0,-1.08,0.118851,13.485648155212402,1.6027827497516753,1.08,0.0,0.0,-0.0,0.0,-0.0,0.0,0.0,-0.0,0.0,9.258355,0.0,0.0,1.1835558,1.014688,0.34777158,0.656545,0.0,0.0,0.0,0.34273747,0.1383698,0.64704126,0.0,1.014688,0.0,2.094688,2.1091669,1.1835558,-0.014479009,11.1,20.056255,19.5,19.5,2.0
resstock-amy2018-2021-release-1-529678,0.28766435,0.0,2.0857203,0.0,0.0,2.212783,0.0,0.0,0.0,0.0,0.0,0.0,0.0,0.0,-1.08,0.0,-1.08,0.032309175,13.48562240600586,0.43570932806460405,1.08,0.0,0.0,-0.0,0.0,-0.0,0.0,0.0,-0.0,0.0,9.258355,0.0,0.0,1.1002177,2.2330008,0.78649557,1.4189265,0.0,0.0,0.0,0.35221463,0.1383698,0.63543487,0.0,2.2330008,0.0,3.3130007,3.3130007,1.1002177,-0.0,10.6,19.945774,19.5,19.5,2.0
resstock-amy2018-2021-release-1-529678,0.0,0.0,2.2441983,0.0,0.0,2.3809156,0.0,0.0,0.0,0.0,0.0,0.0,0.0,0.0,-0.40385523,0.0,-0.40385523,0.0,13.485612869262695,0.0,0.40385523,0.0,0.0,-0.0,0.0,-0.0,0.0,0.0,-0.0,0.0,9.258355,0.0,0.0,0.7931303,2.7701907,0.96049684,1.7497296,0.0,0.0,0.0,0.34672588,0.1383698,0.63162786,0.0,2.7701907,0.0,3.174046,3.174046,0.7931303,-0.0,10.6,19.690914,19.5,19.5,2.0
resstock-amy2018-2021-release-1-529678,0.0,0.0,0.0,0.0,0.0,0.0,0.0,0.0,0.0,0.0,0.0,0.0,0.0,0.0,0.0,0.0,0.0,0.0,13.485612869262695,0.0,-0.0,0.0,0.0,-0.0,0.0,-0.0,0.0,0.0,-0.0,0.0,9.258355,0.0,0.0,0.597009,0.597009,0.19473474,0.3727637,0.0,0.0,0.0,0.32618392,0.1383698,0.62438536,0.0,0.597009,0.0,0.597009,0.597009,0.597009,-0.0,10.0,19.140768,19.5,19.5,2.0
resstock-amy2018-2021-release-1-529678,0.0,0.0,1.5218483,0.0,0.0,1.6145599,0.0,0.0,0.0,0.0,0.0,0.0,0.0,0.0,0.0,0.0,0.0,0.0,13.485612869262695,0.0,-0.0,0.0,0.0,-0.0,0.0,-0.0,0.0,0.0,-0.0,0.0,9.258355,0.0,0.0,0.43619865,2.0507586,0.6319113,1.2583028,0.0,0.0,0.0,0.3081354,0.1383698,0.6135792,0.0,2.0507586,0.0,2.0507586,2.0507586,0.43619865,-0.0,9.4,18.664942,20.0,20.0,2.0
resstock-amy2018-2021-release-1-529678,0.0,0.99433935,0.38046056,0.0,0.4586445,0.40363833,0.0,0.0,0.0,0.0,0.0,0.0,0.0,0.0,1.2285,1.2285,0.0,0.08496835,13.485584259033203,1.1458478544379602,-0.0,1.2285,0.0,-0.0,0.0,-0.0,0.0,0.0,-0.0,0.0,9.258355,0.99433935,0.0,0.3189619,2.4097447,0.7294293,1.4601511,0.0,0.0,0.0,0.30269983,0.1383698,0.605936,0.0,2.4097447,0.0,1.1812447,1.1812447,0.3189619,-0.0,8.3,18.921642,19.444445,19.444445,2.0
resstock-amy2018-2021-release-1-529678,0.0,0.0,1.1656224,0.0,0.0,1.2366325,0.0,0.0,0.0,0.0,0.0,0.0,0.0,0.0,1.2285,1.2285,0.0,0.16957061,13.485555648803711,2.286753896574538,-0.0,1.2285,0.0,-0.0,0.0,-0.0,0.0,0.0,-0.0,0.0,9.258355,0.0,0.0,0.36614907,2.8312817,0.8276545,1.6939156,0.0,0.0,0.0,0.29232502,0.1383698,0.5982858,0.0,2.8312817,0.0,1.6027817,1.6027817,0.36614907,-0.0,8.033334,17.984253,18.88889,18.88889,2.0
resstock-amy2018-2021-release-1-529678,0.0,0.0,0.0,0.0,0.0,0.0,0.0,0.0,0.0,0.0,0.0,0.0,0.0,0.0,1.2285,1.2285,0.0,0.25380835,13.485527038574219,3.4227393580579246,-0.0,1.2285,0.0,-0.0,0.0,-0.0,0.0,0.0,-0.0,0.0,9.258355,0.0,0.0,0.35101247,1.5795125,0.4378156,0.8841824,0.0,0.0,0.0,0.277184,0.1383698,0.55978185,0.0,1.5795125,0.0,0.35101247,0.35101247,0.35101247,-0.0,8.3,17.38883,17.222221,17.222221,2.0
resstock-amy2018-2021-release-1-529678,0.0,0.0,0.0,0.0,0.0,0.0,0.0,0.0,0.0,0.0,0.0,0.0,0.0,0.0,1.2285,1.2285,0.0,0.33768317,13.485498428344727,4.5538258722555724,-0.0,1.2285,0.0,-0.0,0.0,-0.0,0.0,0.0,-0.0,0.0,9.258355,0.0,0.0,0.31071812,1.5392182,0.41513735,0.8246593,0.0,0.0,0.0,0.26970664,0.1383698,0.53576505,0.0,1.5392182,0.0,0.31071818,0.31071818,0.31071812,-0.0,7.8,16.895346,17.222221,17.222221,2.0
resstock-amy2018-2021-release-1-529678,0.0,0.0,0.0,0.0,0.0,0.0,0.0,0.0,0.0,0.0,0.0,0.0,0.0,0.0,1.2285,1.2285,0.0,0.4211966,13.485469818115234,5.680034168080397,-0.0,1.2285,0.0,-0.0,0.0,-0.0,0.0,0.0,-0.0,0.0,9.258355,0.0,0.0,0.30906937,1.5375694,0.4045988,0.77602386,0.0,0.0,0.0,0.2631418,0.1383698,0.5047082,0.0,1.5375694,0.0,0.3090694,0.3090694,0.30906937,-0.0,7.2,16.360422,17.222221,17.222221,2.0
resstock-amy2018-2021-release-1-529678,0.0,0.0,0.0,0.0,0.0,0.0,0.0,0.0,0.0,0.0,0.0,0.0,0.0,0.0,1.2285,1.2285,0.0,0.50435024,13.485441207885742,6.801385577115866,-0.0,1.2285,0.0,-0.0,0.0,-0.0,0.0,0.0,-0.0,0.0,9.258355,0.0,0.0,0.3074206,1.5359206,0.40416494,0.76517534,0.0,0.0,0.0,0.2631418,0.1383698,0.49818677,0.0,1.5359206,0.0,0.3074206,0.3074206,0.3074206,-0.0,6.7,15.886229,17.222221,17.222221,2.0
resstock-amy2018-2021-release-1-529678,0.0,0.9950356,0.0,0.0,0.4965784,0.0,0.0,0.0,0.0,0.0,0.0,0.0,0.0,0.0,1.2285,1.2285,0.0,0.58714557,13.48541259765625,7.917900225074845,-0.0,1.2285,0.0,-0.0,0.0,-0.0,0.0,0.0,-0.0,0.0,9.258355,0.9950356,0.0,0.30577186,2.0308504,0.53343534,1.0311203,0.0,0.0,0.0,0.262666,0.1383698,0.50772834,0.0,2.0308504,0.0,0.8023504,0.8023504,0.30577186,-0.0,5.0,16.101412,17.222221,17.222221,2.0
resstock-amy2018-2021-release-1-529678,0.0,0.835763,0.0,0.0,0.4228365,0.0,0.0,0.0,0.0,0.0,0.0,0.0,0.0,0.0,1.2285,1.2285,0.0,0.66958416,13.485383987426758,9.029599443186953,-0.0,1.2285,0.0,-0.0,0.0,-0.0,0.0,0.0,-0.0,0.0,9.258355,0.835763,0.0,0.30577186,1.9571084,0.5312332,1.023014,0.0,0.0,0.0,0.2714378,0.1383698,0.52271706,0.0,1.9571084,0.0,0.72860837,0.72860837,0.30577186,-0.0,4.4,15.779593,17.222221,17.222221,2.0
resstock-amy2018-2021-release-1-529678,0.0,1.0762843,0.22377945,0.0,0.5445231,0.23741217,0.0,0.0,0.0,0.0,0.0,0.0,0.0,0.0,1.2285,1.2285,0.0,0.75166756,13.485355377197266,10.136504160606137,-0.0,1.2285,0.0,-0.0,0.0,-0.0,0.0,0.0,-0.0,0.0,9.258355,1.0762843,0.0,0.37210277,2.382538,0.6957178,1.2808666,0.0,0.0,0.0,0.292007,0.1383698,0.53760594,0.0,2.382538,0.0,1.1540381,1.1540381,0.37210277,-0.0,4.4,15.8017845,18.425926,18.425926,2.0
resstock-amy2018-2021-release-1-529678,0.0,1.9573386,1.663153,0.0,0.94319046,1.7644728,0.0,0.0,0.0,0.0,0.0,0.0,0.0,0.0,1.2285,1.2285,0.0,0.8333973,13.485326766967773,11.238635306308993,-0.0,1.2285,0.0,-0.0,0.0,-0.0,0.0,0.0,-0.0,0.0,9.258355,1.9573386,0.0,0.4846597,4.420823,1.3986714,2.425319,0.0,0.0,0.0,0.3163826,0.1383698,0.54861253,0.0,4.420823,0.0,3.1923232,3.1923232,0.4846597,-0.0,6.5,16.685244,19.180555,19.180555,2.0
resstock-amy2018-2021-release-1-529678,0.0,1.8633397,3.8610647,0.0,0.85307246,4.096282,0.0,0.0,0.0,0.0,0.0,0.0,0.0,0.0,1.2285,1.2285,0.0,0.914775,13.485298156738281,12.336013809094766,-0.0,1.2285,0.0,-0.0,0.0,-0.0,0.0,0.0,-0.0,0.0,9.258355,1.8633397,0.0,0.90910995,7.072773,2.3422832,3.9553695,0.0,0.0,0.0,0.331169,0.1383698,0.55923885,0.0,7.072773,0.0,5.844273,5.8584647,0.90910995,-0.014191467,8.6,17.045177,20.0,20.0,2.0
resstock-amy2018-2021-release-1-529678,0.0,2.4863968,0.56575376,0.0,1.1155354,0.60021967,0.0,0.0,0.0,0.0,0.0,0.0,0.0,0.0,-1.08,0.0,-1.08,0.8248039,13.485272407531738,11.12270512322931,1.08,0.0,0.0,-0.0,0.0,-0.0,0.0,0.0,-0.0,0.0,9.258355,2.4863968,0.0,0.84194237,1.4393344,0.48817846,0.8426389,0.0,0.0,0.0,0.3391696,0.1383698,0.5854365,0.0,1.4393344,0.0,2.5193343,2.5576973,0.84194237,-0.038363002,9.4,18.066498,19.444445,19.444445,2.0
resstock-amy2018-2021-release-1-529678,0.0,1.1820856,1.3155285,0.0,0.52222484,1.395671,0.0,0.0,0.0,0.0,0.0,0.0,0.0,0.0,-1.08,0.0,-1.08,0.73522043,13.485246658325195,9.914628877556424,1.08,0.0,0.0,-0.0,0.0,-0.0,0.0,0.0,-0.0,0.0,9.258355,1.1820856,0.0,0.49251667,1.2124419,0.40057746,0.70404315,0.0,0.0,0.0,0.330389,0.1383698,0.580682,0.0,1.2124419,0.0,2.2924418,2.4104125,0.49251667,-0.11797059,10.0,18.227837,19.444445,19.444445,2.0
resstock-amy2018-2021-release-1-529678,0.0,1.0611856,2.5478444,0.0,0.46151996,2.70306,0.0,0.0,0.0,0.0,0.0,0.0,0.0,0.0,-1.08,0.0,-1.08,0.64602304,13.485220909118652,8.71176334002098,1.08,0.0,0.0,-0.0,0.0,-0.0,0.0,0.0,-0.0,0.0,9.258355,1.0611856,0.0,0.40416893,2.287211,0.7523993,1.2537844,0.0,0.0,0.0,0.32895932,0.1383698,0.54817176,0.0,2.287211,0.0,3.3672109,3.5687487,0.40416893,-0.2015379,10.6,18.81282,19.444445,19.444445,2.0
resstock-amy2018-2021-release-1-529678,0.0,0.0,1.7576712,0.0,0.0,1.8647492,0.0,0.0,0.0,0.0,0.0,0.0,0.0,0.0,-1.08,0.0,-1.08,0.55720985,13.48519515991211,7.51408356361253,1.08,0.0,0.0,-0.0,0.0,-0.0,0.0,0.0,-0.0,0.0,9.258355,0.0,0.0,0.43947816,0.95990014,0.3014664,0.5116354,0.0,0.0,0.0,0.31406018,0.1383698,0.533009,0.0,0.95990014,0.0,2.0399003,2.3042274,0.43947816,-0.26432717,11.1,18.74353,20.0,20.0,2.0
resstock-amy2018-2021-release-1-529678,0.0,1.1359783,2.8936515,0.0,0.47322842,3.0699337,0.0,0.0,0.0,0.0,0.0,0.0,0.0,0.0,-1.08,0.0,-1.08,0.46877936,13.485169410705566,6.321569022293971,1.08,0.0,0.0,-0.0,0.0,-0.0,0.0,0.0,-0.0,0.0,9.258355,1.1359783,0.0,0.40940768,2.5858512,0.78657645,1.3658891,0.0,0.0,0.0,0.30418473,0.1383698,0.5282164,0.0,2.5858512,0.0,3.665851,3.9525697,0.40940768,-0.28671858,12.2,20.081371,20.555555,20.555555,2.0
resstock-amy2018-2021-release-1-529678,0.0,0.0,0.0,0.0,0.0,0.0,0.0,0.0,0.0,0.0,0.0,0.0,0.0,0.0,-1.08,0.0,-1.08,0.38072985,13.485143661499023,5.134196778853152,1.08,0.0,0.0,-0.0,0.0,-0.0,0.0,0.0,-0.0,0.0,9.258355,0.0,0.0,0.4068044,-0.94038546,-0.2869323,0.0,0.0,0.0,0.0,0.305122,0.1383698,0.522811,0.0,0.0,-0.94038546,0.13961458,0.40680444,0.4068044,-0.26718986,12.2,19.860392,21.11111,21.11111,2.0
resstock-amy2018-2021-release-1-529678,0.0,1.1154435,0.7611356,0.0,0.4710625,0.80750424,0.0,0.0,0.0,0.0,0.0,0.0,0.0,0.0,-1.08,0.0,-1.08,0.2930597,13.48511791229248,3.951944700028548,1.08,0.0,0.0,-0.0,0.0,-0.0,0.0,0.0,-0.0,0.0,9.258355,1.1154435,0.0,0.31401563,0.3572898,0.10791853,0.19264776,0.0,0.0,0.0,0.3020476,0.1383698,0.5391919,0.0,0.3572898,0.0,1.4372898,1.5925825,0.31401563,-0.15529257,11.7,20.694485,21.11111,21.11111,2.0
resstock-amy2018-2021-release-1-529678,0.38532603,0.0,0.0,0.0,0.0,0.0,0.0,0.0,0.0,0.0,0.0,0.0,0.0,0.0,-1.08,0.0,-1.08,0.2057673,13.485092163085938,2.774791054614525,1.08,0.0,0.0,-0.0,0.0,-0.0,0.0,0.0,-0.0,0.0,9.258355,0.0,0.0,0.3189619,-0.8047687,-0.24691735,0.0,0.0,0.0,0.0,0.3068178,0.1383698,0.5528937,0.0,0.0,-0.8047687,0.27523136,0.31896186,0.3189619,-0.0437305,11.1,19.99657,19.5,19.5,2.0
resstock-amy2018-2021-release-1-529678,0.0,0.0,0.0,0.0,0.0,0.0,0.0,0.0,0.0,0.0,0.0,0.0,0.0,0.0,-1.08,0.0,-1.08,0.118851,13.485066413879395,1.6027136092133318,1.08,0.0,0.0,-0.0,0.0,-0.0,0.0,0.0,-0.0,0.0,9.258355,0.0,0.0,0.60630786,-0.4823758,-0.15224457,0.0,0.0,0.0,0.0,0.315614,0.1383698,0.5862026,0.0,0.0,-0.4823758,0.59762424,0.60630786,0.60630786,-0.008683616,10.0,19.507158,19.5,19.5,2.0
resstock-amy2018-2021-release-1-529678,0.0,0.0,0.27033788,0.0,0.0,0.28680694,0.0,0.0,0.0,0.0,0.0,0.0,0.0,0.0,-1.08,0.0,-1.08,0.032309175,13.485040664672852,0.43569053248234013,1.08,0.0,0.0,-0.0,0.0,-0.0,0.0,0.0,-0.0,0.0,9.258355,0.0,0.0,0.6783488,-0.11484432,-0.03789474,0.0,0.0,0.0,0.0,0.32996616,0.1383698,0.6181959,0.0,0.0,-0.11484432,0.9651557,0.9651557,0.6783488,-0.0,10.0,19.328503,19.5,19.5,2.0
resstock-amy2018-2021-release-1-529678,0.0,0.0,1.1902376,0.0,0.0,1.2627473,0.0,0.0,0.0,0.0,0.0,0.0,0.0,0.0,-0.40385523,0.0,-0.40385523,0.0,13.485031127929688,0.0,0.40385523,0.0,0.0,-0.0,0.0,-0.0,0.0,0.0,-0.0,0.0,9.258355,0.0,0.0,0.6372725,1.4961646,0.48589745,0.9410771,0.0,0.0,0.0,0.32476205,0.1383698,0.62899303,0.0,1.4961646,0.0,1.9000198,1.9000198,0.6372725,-0.0,9.4,18.948515,19.5,19.5,2.0
resstock-amy2018-2021-release-1-529678,0.0,0.0,0.0,0.0,0.0,0.0,0.0,0.0,0.0,0.0,0.0,0.0,0.0,0.0,0.0,0.0,0.0,0.0,13.485031127929688,0.0,-0.0,0.0,0.0,-0.0,0.0,-0.0,0.0,0.0,-0.0,0.0,9.258355,0.0,0.0,0.597009,0.597009,0.18271136,0.37607184,0.0,0.0,0.0,0.30604458,0.1383698,0.62992656,0.0,0.597009,0.0,0.597009,0.597009,0.597009,-0.0,8.9,18.510773,19.5,19.5,2.0
resstock-amy2018-2021-release-1-529678,0.0,0.0,0.0,0.0,0.0,0.0,0.0,0.0,0.0,0.0,0.0,0.0,0.0,0.0,0.0,0.0,0.0,0.0,13.485031127929688,0.0,-0.0,0.0,0.0,-0.0,0.0,-0.0,0.0,0.0,-0.0,0.0,9.258355,0.0,0.0,0.5501379,0.5501379,0.16275829,0.34473962,0.0,0.0,0.0,0.29585,0.1383698,0.6266422,0.0,0.5501379,0.0,0.5501379,0.5501379,0.5501379,-0.0,7.8,18.02548,20.0,20.0,2.0
resstock-amy2018-2021-release-1-529678,0.0,1.4706047,0.0,0.0,0.69685435,0.0,0.0,0.0,0.0,0.0,0.0,0.0,0.0,0.0,1.2285,1.2285,0.0,0.08496835,13.485002517700195,1.1457984248362862,-0.0,1.2285,0.0,-0.0,0.0,-0.0,0.0,0.0,-0.0,0.0,9.258355,1.4706047,0.0,0.40939903,2.3347535,0.68176436,1.4314098,0.0,0.0,0.0,0.292007,0.1383698,0.6130882,0.0,2.3347535,0.0,1.1062535,1.1062535,0.40939903,-0.0,7.2,18.835976,19.444445,19.444445,2.0
resstock-amy2018-2021-release-1-529678,0.0,0.0,0.0,0.0,0.0,0.0,0.0,0.0,0.0,0.0,0.0,0.0,0.0,0.0,1.2285,1.2285,0.0,0.16957061,13.484973907470703,2.28665525034188,-0.0,1.2285,0.0,-0.0,0.0,-0.0,0.0,0.0,-0.0,0.0,9.258355,0.0,0.0,0.31401563,1.5425156,0.43723348,0.8964347,0.0,0.0,0.0,0.2834548,0.1383698,0.5811511,0.0,1.5425156,0.0,0.31401563,0.31401563,0.31401563,-0.0,7.2,17.736217,18.88889,18.88889,2.0
resstock-amy2018-2021-release-1-529678,0.0,0.85849965,0.0,0.0,0.40680492,0.0,0.0,0.0,0.0,0.0,0.0,0.0,0.0,0.0,1.2285,1.2285,0.0,0.25380835,13.484945297241211,3.422591707250433,-0.0,1.2285,0.0,-0.0,0.0,-0.0,0.0,0.0,-0.0,0.0,9.258355,0.85849965,0.0,0.31236687,1.9476718,0.5296222,1.0443074,0.0,0.0,0.0,0.2719258,0.1383698,0.5361824,0.0,1.9476718,0.0,0.71917176,0.71917176,0.31236687,-0.0,7.2,17.772495,17.222221,17.222221,2.0
resstock-amy2018-2021-release-1-529678,0.0,0.0,0.0,0.0,0.0,0.0,0.0,0.0,0.0,0.0,0.0,0.0,0.0,0.0,1.2285,1.2285,0.0,0.33768317,13.484916687011719,4.553629427997521,-0.0,1.2285,0.0,-0.0,0.0,-0.0,0.0,0.0,-0.0,0.0,9.258355,0.0,0.0,0.31071812,1.5392182,0.40614185,0.73708415,0.0,0.0,0.0,0.26386243,0.1383698,0.47886917,0.0,1.5392182,0.0,0.31071818,0.31071818,0.31071812,-0.0,6.7,16.87361,17.222221,17.222221,2.0
resstock-amy2018-2021-release-1-529678,0.0,0.0,0.0,0.0,0.0,0.0,0.0,0.0,0.0,0.0,0.0,0.0,0.0,0.0,1.2285,1.2285,0.0,0.4211966,13.484888076782227,5.679789140603191,-0.0,1.2285,0.0,-0.0,0.0,-0.0,0.0,0.0,-0.0,0.0,9.258355,0.0,0.0,0.30906937,1.5375694,0.39299166,0.6818326,0.0,0.0,0.0,0.2555928,0.1383698,0.44344836,0.0,1.5375694,0.0,0.3090694,0.3090694,0.30906937,-0.0,6.1,16.223743,17.222221,17.222221,2.0
resstock-amy2018-2021-release-1-529678,0.0,0.0,0.0,0.0,0.0,0.0,0.0,0.0,0.0,0.0,0.0,0.0,0.0,0.0,1.2285,1.2285,0.0,0.50435024,13.484859466552734,6.8010921757320375,-0.0,1.2285,0.0,-0.0,0.0,-0.0,0.0,0.0,-0.0,0.0,9.258355,0.0,0.0,0.3074206,1.5359206,0.3815822,0.65350795,0.0,0.0,0.0,0.24843876,0.1383698,0.4254829,0.0,1.5359206,0.0,0.3074206,0.3074206,0.3074206,-0.0,4.4,15.603975,17.222221,17.222221,2.0
resstock-amy2018-2021-release-1-529678,0.0,1.2052553,0.0,0.0,0.6097733,0.0,0.0,0.0,0.0,0.0,0.0,0.0,0.0,0.0,1.2285,1.2285,0.0,0.58714557,13.484830856323242,7.917558658230064,-0.0,1.2285,0.0,-0.0,0.0,-0.0,0.0,0.0,-0.0,0.0,9.258355,1.2052553,0.0,0.30577186,2.144045,0.53113323,0.88154167,0.0,0.0,0.0,0.24772483,0.1383698,0.41115817,0.0,2.144045,0.0,0.9155451,0.9155451,0.30577186,-0.0,4.4,16.071651,17.222221,17.222221,2.0
resstock-amy2018-2021-release-1-529678,0.0,0.8581382,0.0,0.0,0.43907163,0.0,0.0,0.0,0.0,0.0,0.0,0.0,0.0,0.0,1.2285,1.2285,0.0,0.66958416,13.48480224609375,9.029209918408014,-0.0,1.2285,0.0,-0.0,0.0,-0.0,0.0,0.0,-0.0,0.0,9.258355,0.8581382,0.0,0.30577186,1.9733435,0.50545406,0.8595586,0.0,0.0,0.0,0.25614095,0.1383698,0.43558487,0.0,1.9733435,0.0,0.7448435,0.7448435,0.30577186,-0.0,3.9,15.6280365,17.222221,17.222221,2.0
resstock-amy2018-2021-release-1-529678,0.0,1.1893948,0.0,0.0,0.5935745,0.0,0.0,0.0,0.0,0.0,0.0,0.0,0.0,0.0,1.2285,1.2285,0.0,0.75166756,13.484773635864258,10.1360668845183,-0.0,1.2285,0.0,-0.0,0.0,-0.0,0.0,0.0,-0.0,0.0,9.258355,1.1893948,0.0,0.30906937,2.131144,0.606709,1.0383171,0.0,0.0,0.0,0.284687,0.1383698,0.48721114,0.0,2.131144,0.0,0.90264404,0.90264404,0.30906937,-0.0,5.0,15.79917,18.416666,18.416666,2.0
resstock-amy2018-2021-release-1-529678,0.0,1.9527345,0.0,0.0,0.9499191,0.0,0.0,0.0,0.0,0.0,0.0,0.0,0.0,0.0,1.2285,1.2285,0.0,0.8333973,13.484745025634766,11.23815048463598,-0.0,1.2285,0.0,-0.0,0.0,-0.0,0.0,0.0,-0.0,0.0,9.258355,1.9527345,0.0,0.31236687,2.490786,0.7543733,1.2936206,0.0,0.0,0.0,0.30286556,0.1383698,0.5193624,0.0,2.490786,0.0,1.2622861,1.2622861,0.31236687,-0.0,6.1,16.501354,19.5,19.5,2.0
resstock-amy2018-2021-release-1-529678,0.0,2.2385585,0.0,0.0,1.0453684,0.0,0.0,0.0,0.0,0.0,0.0,0.0,0.0,0.0,1.2285,1.2285,0.0,0.914775,13.484716415405273,12.335481646658764,-0.0,1.2285,0.0,-0.0,0.0,-0.0,0.0,0.0,-0.0,0.0,9.258355,2.2385585,0.0,0.4953599,2.7488582,0.8970899,1.4255186,0.0,0.0,0.0,0.32635,0.1383698,0.51858574,0.0,2.7488582,0.0,1.5203582,1.5407286,0.4953599,-0.020370353,7.8,17.159157,19.25463,19.25463,2.0
resstock-amy2018-2021-release-1-529678,0.0,1.7657179,0.0,0.0,0.7921989,0.0,0.0,0.0,0.0,0.0,0.0,0.0,0.0,0.0,-1.08,0.0,-1.08,0.8248039,13.48469066619873,11.12222530071557,1.08,0.0,0.0,-0.0,0.0,-0.0,0.0,0.0,-0.0,0.0,9.258355,1.7657179,0.0,0.49612424,0.16661954,0.055151034,0.0861055,0.0,0.0,0.0,0.3309998,0.1383698,0.5167791,0.0,0.16661954,0.0,1.2466196,1.2883232,0.49612424,-0.041703586,9.4,17.470139,18.944445,18.944445,2.0
resstock-amy2018-2021-release-1-529678,0.0,1.2641529,0.0,0.0,0.5584807,0.0,0.0,0.0,0.0,0.0,0.0,0.0,0.0,0.0,-1.08,0.0,-1.08,0.73522043,13.484664916992188,9.914201169442094,1.08,0.0,0.0,-0.0,0.0,-0.0,0.0,0.0,-0.0,0.0,9.258355,1.2641529,0.0,0.57526666,-0.06683577,-0.021275463,0.0,0.0,0.0,0.0,0.3183245,0.1383698,0.51665175,0.0,0.0,-0.06683577,1.0131643,1.1337473,0.57526666,-0.120583065,10.0,17.950165,18.944445,18.944445,2.0
resstock-amy2018-2021-release-1-529678,0.0,0.0,0.0,0.0,0.0,0.0,0.0,0.0,0.0,0.0,0.0,0.0,0.0,0.0,-1.08,0.0,-1.08,0.64602304,13.484639167785645,8.711387521719416,1.08,0.0,0.0,-0.0,0.0,-0.0,0.0,0.0,-0.0,0.0,9.258355,0.0,0.0,0.54979306,-0.7347325,-0.2294597,0.0,0.0,0.0,0.0,0.31230372,0.1383698,0.52427983,0.0,0.0,-0.7347325,0.34526753,0.54979306,0.54979306,-0.20452555,10.6,17.910572,18.944445,18.944445,2.0
resstock-amy2018-2021-release-1-529678,0.0,0.9072853,0.761338,0.0,0.3893909,0.807719,0.0,0.0,0.0,0.0,0.0,0.0,0.0,0.0,-1.08,0.0,-1.08,0.55720985,13.484613418579102,7.513759411612,1.08,0.0,0.0,-0.0,0.0,-0.0,0.0,0.0,-0.0,0.0,9.258355,0.9072853,0.0,0.43947816,0.30114126,0.09180786,0.15936904,0.0,0.0,0.0,0.3048664,0.1383698,0.5292169,0.0,0.30114126,0.0,1.3811413,1.6365881,0.43947816,-0.25544676,11.1,19.013824,18.944445,18.944445,2.0
resstock-amy2018-2021-release-1-529678,0.0,0.0,0.0,0.0,0.0,0.0,0.0,0.0,0.0,0.0,0.0,0.0,0.0,0.0,-1.08,0.0,-1.08,0.46877936,13.484587669372559,6.32129631396694,1.08,0.0,0.0,-0.0,0.0,-0.0,0.0,0.0,-0.0,0.0,9.258355,0.0,0.0,0.503151,-0.82669866,-0.25005078,0.0,0.0,0.0,0.0,0.30246907,0.1383698,0.54684246,0.0,0.0,-0.82669866,0.25330138,0.503151,0.503151,-0.24984962,12.8,19.253696,18.944445,18.944445,2.0
resstock-amy2018-2021-release-1-529678,0.0,0.0,0.0,0.0,0.0,0.0,0.0,0.0,0.0,0.0,0.0,0.0,0.0,0.0,-1.08,0.0,-1.08,0.38072985,13.484561920166016,5.133975292560308,1.08,0.0,0.0,-0.0,0.0,-0.0,0.0,0.0,-0.0,0.0,9.258355,0.0,0.0,0.49794447,-0.84642524,-0.26094297,0.0,0.0,0.0,0.0,0.30828828,0.1383698,0.55404764,0.0,0.0,-0.84642524,0.23357481,0.49794447,0.49794447,-0.26436967,13.3,19.694126,21.666666,21.666666,2.0
resstock-amy2018-2021-release-1-529678,0.0,1.8982075,0.0,0.0,0.7429243,0.0,0.0,0.0,0.0,0.0,0.0,0.0,0.0,0.0,-1.08,0.0,-1.08,0.2930597,13.484536170959473,3.9517742150841286,1.08,0.0,0.0,-0.0,0.0,-0.0,0.0,0.0,-0.0,0.0,9.258355,1.8982075,0.0,0.4137019,-0.16111451,-0.050614126,0.0,0.0,0.0,0.0,0.31415,0.1383698,0.5550832,0.0,0.0,-0.16111451,0.9188855,1.1566262,0.4137019,-0.2377407,14.4,21.870028,22.222221,22.222221,2.0
resstock-amy2018-2021-release-1-529678,0.0,0.0,0.2153818,0.0,0.0,0.22850293,0.0,0.0,0.0,0.0,0.0,0.0,0.0,0.0,-1.08,0.0,-1.08,0.2057673,13.48451042175293,2.774671351268978,1.08,0.0,0.0,-0.0,0.0,-0.0,0.0,0.0,-0.0,0.0,9.258355,0.0,0.0,0.70454824,-0.29112774,-0.09252331,0.0,0.0,0.0,0.0,0.31781,0.1383698,0.55125445,0.0,0.0,-0.29112774,0.7888723,0.9330512,0.70454824,-0.1441789,15.0,21.298424,22.222221,22.222221,2.0
resstock-amy2018-2021-release-1-529678,0.0,0.0,2.3028755,0.0,0.0,2.4431674,0.0,0.0,0.0,0.0,0.0,0.0,0.0,0.0,-1.08,0.0,-1.08,0.118851,13.484484672546387,1.6026444686749883,1.08,0.0,0.0,-0.0,0.0,-0.0,0.0,0.0,-0.0,0.0,9.258355,0.0,0.0,0.685886,2.0287426,0.6696367,1.1294835,0.0,0.0,0.0,0.33007476,0.1383698,0.55674064,0.0,2.0287426,0.0,3.1087427,3.1290536,0.685886,-0.020310953,13.3,21.056538,21.666666,21.666666,2.0
resstock-amy2018-2021-release-1-529678,0.0,0.0,0.38066965,0.0,0.0,0.40386018,0.0,0.0,0.0,0.0,0.0,0.0,0.0,0.0,-1.08,0.0,-1.08,0.032309175,13.484458923339844,0.4356717369000762,1.08,0.0,0.0,-0.0,0.0,-0.0,0.0,0.0,-0.0,0.0,9.258355,0.0,0.0,0.51860327,-0.1575366,-0.052507576,0.0,0.0,0.0,0.0,0.333304,0.1383698,0.56112236,0.0,0.0,-0.1575366,0.9224634,0.9224634,0.51860327,-0.0,12.2,20.74034,21.666666,21.666666,2.0
resstock-amy2018-2021-release-1-529678,0.59366,0.0,0.0,0.0,0.0,0.0,0.0,0.0,0.0,0.0,0.0,0.0,0.0,0.0,-0.40385523,0.0,-0.40385523,0.0,13.48444938659668,0.0,0.40385523,0.0,0.0,-0.0,0.0,-0.0,0.0,0.0,-0.0,0.0,9.258355,0.0,0.0,0.7931303,0.38927504,0.12642252,0.21800534,0.0,0.0,0.0,0.324764,0.1383698,0.5600291,0.0,0.38927504,0.0,0.7931303,0.7931303,0.7931303,-0.0,11.7,20.493351,19.5,19.5,2.0
resstock-amy2018-2021-release-1-529678,0.0,0.0,1.1420013,0.0,0.0,1.2115724,0.0,0.0,0.0,0.0,0.0,0.0,0.0,0.0,0.0,0.0,0.0,0.0,13.48444938659668,0.0,-0.0,0.0,0.0,-0.0,0.0,-0.0,0.0,0.0,-0.0,0.0,9.258355,0.0,0.0,0.7335594,1.9451318,0.6041554,1.0936692,0.0,0.0,0.0,0.3105987,0.1383698,0.5622597,0.0,1.9451318,0.0,1.9451318,1.9451318,0.7335594,-0.0,11.7,20.147501,19.5,19.5,2.0
resstock-amy2018-2021-release-1-529678,0.0,0.0,0.2766121,0.0,0.0,0.2934634,0.0,0.0,0.0,0.0,0.0,0.0,0.0,0.0,0.0,0.0,0.0,0.0,13.48444938659668,0.0,-0.0,0.0,0.0,-0.0,0.0,-0.0,0.0,0.0,-0.0,0.0,9.258355,0.0,0.0,1.7781714,2.0716348,0.6244181,1.1785488,0.0,0.0,0.0,0.3014132,0.1383698,0.56889796,0.0,2.0716348,0.0,2.0716348,2.0716348,1.7781714,-0.0,11.1,19.719954,20.555555,20.555555,2.0
resstock-amy2018-2021-release-1-529678,0.0,0.0,0.38066837,0.0,0.0,0.4038588,0.0,0.0,0.0,0.0,0.0,0.0,0.0,0.0,1.2285,1.2285,0.0,0.08496835,13.484420776367188,1.1457489952346123,-0.0,1.2285,0.0,-0.0,0.0,-0.0,0.0,0.0,-0.0,0.0,9.258355,0.0,0.0,0.49983615,2.132195,0.63078386,1.2246095,0.0,0.0,0.0,0.2958378,0.1383698,0.5743422,0.0,2.132195,0.0,0.903695,0.903695,0.49983615,-0.0,10.0,19.187122,20.555555,20.555555,2.0
resstock-amy2018-2021-release-1-529678,0.0,1.0191966,0.3827256,0.0,0.4572681,0.40604138,0.0,0.0,0.0,0.0,0.0,0.0,0.0,0.0,1.2285,1.2285,0.0,0.16957061,13.484392166137695,2.2865566041092222,-0.0,1.2285,0.0,-0.0,0.0,-0.0,0.0,0.0,-0.0,0.0,9.258355,1.0191966,0.0,1.0190637,3.1108732,0.8751882,1.7999853,0.0,0.0,0.0,0.281332,0.1383698,0.57861096,0.0,3.1108732,0.0,1.8823732,1.8823732,1.0190637,-0.0,9.4,19.545605,20.0,20.0,2.0
resstock-amy2018-2021-release-1-529678,0.0,0.0,0.0,0.0,0.0,0.0,0.0,0.0,0.0,0.0,0.0,0.0,0.0,0.0,1.2285,1.2285,0.0,0.25380835,13.484363555908203,3.4224440564429415,-0.0,1.2285,0.0,-0.0,0.0,-0.0,0.0,0.0,-0.0,0.0,9.258355,0.0,0.0,0.31236687,1.5408669,0.4377812,0.8887562,0.0,0.0,0.0,0.2841136,0.1383698,0.57678974,0.0,1.5408669,0.0,0.31236684,0.31236684,0.31236687,-0.0,9.4,18.545387,19.444445,19.444445,2.0
resstock-amy2018-2021-release-1-529678,0.0,0.0,0.0,0.0,0.0,0.0,0.0,0.0,0.0,0.0,0.0,0.0,0.0,0.0,1.2285,1.2285,0.0,0.33768317,13.484334945678711,4.553432983739469,-0.0,1.2285,0.0,-0.0,0.0,-0.0,0.0,0.0,-0.0,0.0,9.258355,0.0,0.0,0.31071812,1.5392182,0.41988644,0.8412797,0.0,0.0,0.0,0.272792,0.1383698,0.54656297,0.0,1.5392182,0.0,0.31071818,0.31071818,0.31071812,-0.0,9.4,18.032833,18.88889,18.88889,2.0
resstock-amy2018-2021-release-1-529678,0.0,0.0,0.0,0.0,0.0,0.0,0.0,0.0,0.0,0.0,0.0,0.0,0.0,0.0,1.2285,1.2285,0.0,0.4211966,13.484306335449219,5.679544113125985,-0.0,1.2285,0.0,-0.0,0.0,-0.0,0.0,0.0,-0.0,0.0,9.258355,0.0,0.0,0.30906937,1.5375694,0.41699803,0.8321427,0.0,0.0,0.0,0.271206,0.1383698,0.5412066,0.0,1.5375694,0.0,0.3090694,0.3090694,0.30906937,-0.0,7.2,17.332163,18.88889,18.88889,2.0
resstock-amy2018-2021-release-1-529678,0.0,1.159436,0.0,0.0,0.53479624,0.0,0.0,0.0,0.0,0.0,0.0,0.0,0.0,0.0,1.2285,1.2285,0.0,0.50435024,13.484277725219727,6.800798774348209,-0.0,1.2285,0.0,-0.0,0.0,-0.0,0.0,0.0,-0.0,0.0,9.258355,1.159436,0.0,0.3074206,2.0707169,0.5615908,1.1367279,0.0,0.0,0.0,0.271206,0.1383698,0.54895383,0.0,2.0707169,0.0,0.84221685,0.84221685,0.3074206,-0.0,8.3,17.970663,17.222221,17.222221,2.0
resstock-amy2018-2021-release-1-529678,0.0,0.0,0.0,0.0,0.0,0.0,0.0,0.0,0.0,0.0,0.0,0.0,0.0,0.0,1.2285,1.2285,0.0,0.58714557,13.484249114990234,7.917217091385282,-0.0,1.2285,0.0,-0.0,0.0,-0.0,0.0,0.0,-0.0,0.0,9.258355,0.0,0.0,0.30577186,1.5342718,0.40337542,0.83694345,0.0,0.0,0.0,0.26291,0.1383698,0.5454988,0.0,1.5342718,0.0,0.30577183,0.30577183,0.30577186,-0.0,7.2,17.006084,17.222221,17.222221,2.0
resstock-amy2018-2021-release-1-529678,0.0,0.0,0.0,0.0,0.0,0.0,0.0,0.0,0.0,0.0,0.0,0.0,0.0,0.0,1.2285,1.2285,0.0,0.66958416,13.484220504760742,9.028820393629076,-0.0,1.2285,0.0,-0.0,0.0,-0.0,0.0,0.0,-0.0,0.0,9.258355,0.0,0.0,0.49459988,1.7231,0.46731502,0.96236855,0.0,0.0,0.0,0.271206,0.1383698,0.55851,0.0,1.7231,0.0,0.49459994,0.49459994,0.49459988,-0.0,7.2,16.538227,17.222221,17.222221,2.0
resstock-amy2018-2021-release-1-529678,0.0,0.0,0.0,0.0,0.0,0.0,0.0,0.0,0.0,0.0,0.0,0.0,0.0,0.0,1.2285,1.2285,0.0,0.75166756,13.48419189453125,10.135629608430463,-0.0,1.2285,0.0,-0.0,0.0,-0.0,0.0,0.0,-0.0,0.0,9.258355,0.0,0.0,0.5609308,1.7894309,0.5031404,1.0043225,0.0,0.0,0.0,0.2811734,0.1383698,0.5612525,0.0,1.7894309,0.0,0.56093085,0.56093085,0.5609308,-0.0,8.9,16.51466,18.402779,18.402779,2.0
resstock-amy2018-2021-release-1-529678,0.0,1.4062539,2.0315266,0.0,0.63092345,2.1552877,0.0,0.0,0.0,0.0,0.0,0.0,0.0,0.0,1.2285,1.2285,0.0,0.8333973,13.484163284301758,11.237665662962968,-0.0,1.2285,0.0,-0.0,0.0,-0.0,0.0,0.0,-0.0,0.0,9.258355,1.4062539,0.0,0.4846597,4.499371,1.2789912,2.4839842,0.0,0.0,0.0,0.28426,0.1383698,0.55207366,0.0,4.499371,0.0,3.2708712,3.2708712,0.4846597,-0.0,9.4,17.59644,19.5,19.5,2.0
resstock-amy2018-2021-release-1-529678,0.0,1.4191599,0.0,0.0,0.5993249,0.0,0.0,0.0,0.0,0.0,0.0,0.0,0.0,0.0,1.2285,1.2285,0.0,0.914775,13.484134674072266,12.334949484222761,-0.0,1.2285,0.0,-0.0,0.0,-0.0,0.0,0.0,-0.0,0.0,9.258355,1.4191599,0.0,0.4953599,2.3097892,0.659455,1.2809155,0.0,0.0,0.0,0.2855044,0.1383698,0.55455947,0.0,2.3097892,0.0,1.0812892,1.094685,0.4953599,-0.013395797,11.7,17.970863,19.25,19.25,2.0
resstock-amy2018-2021-release-1-529678,0.0,1.2566466,0.0,0.0,0.48319218,0.0,0.0,0.0,0.0,0.0,0.0,0.0,0.0,0.0,-1.08,0.0,-1.08,0.8248039,13.484108924865723,11.12174547820183,1.08,0.0,0.0,-0.0,0.0,-0.0,0.0,0.0,-0.0,0.0,9.258355,1.2566466,0.0,0.49612424,-0.13628002,-0.04066759,0.0,0.0,0.0,0.0,0.298412,0.1383698,0.55334884,0.0,0.0,-0.13628002,0.94372004,0.9793164,0.49612424,-0.035596382,15.0,18.761503,18.777779,18.777779,2.0
resstock-amy2018-2021-release-1-529678,0.0,0.0,0.3807572,0.0,0.0,0.40395308,0.0,0.0,0.0,0.0,0.0,0.0,0.0,0.0,-1.08,0.0,-1.08,0.73522043,13.48408317565918,9.913773461327764,1.08,0.0,0.0,-0.0,0.0,-0.0,0.0,0.0,-0.0,0.0,9.258355,0.0,0.0,0.49251667,-0.30923182,-0.08828705,0.0,0.0,0.0,0.0,0.2855044,0.1383698,0.5584113,0.0,0.0,-0.30923182,0.7707682,0.8964697,0.49251667,-0.12570149,16.7,19.026695,18.777779,18.777779,2.0
resstock-amy2018-2021-release-1-529678,0.07880788,0.0,1.1422671,0.0,0.0,1.2118545,0.0,0.0,0.0,0.0,0.0,0.0,0.0,0.0,-1.08,0.0,-1.08,0.64602304,13.484057426452637,8.711011703417853,1.08,0.0,0.0,-0.0,0.0,-0.0,0.0,0.0,-0.0,0.0,9.258355,0.0,0.0,0.40416893,0.3265795,0.09253068,0.18481432,0.0,0.0,0.0,0.2833328,0.1383698,0.5659091,0.0,0.3265795,0.0,1.4065795,1.6160234,0.40416893,-0.20944388,17.8,19.738623,18.777779,18.777779,2.0
resstock-amy2018-2021-release-1-529678,0.7446201,0.0,0.15875861,0.0,0.0,0.16843024,0.0,0.0,0.0,0.0,0.0,0.0,0.0,0.0,-1.08,0.0,-1.08,0.55720985,13.484031677246094,7.5134352596114695,1.08,0.0,0.0,-0.0,0.0,-0.0,0.0,0.0,-0.0,0.0,9.258355,0.0,0.0,0.5986345,-0.5821769,-0.16062339,0.0,0.0,0.0,0.0,0.27590132,0.1383698,0.56621623,0.0,0.0,-0.5821769,0.49782312,0.7670647,0.5986345,-0.2692416,19.4,20.720009,18.777779,18.777779,2.0
resstock-amy2018-2021-release-1-529678,0.0,0.0,0.0,0.0,0.0,0.0,0.0,0.0,0.0,0.0,0.0,0.0,0.0,0.0,-1.08,0.0,-1.08,0.46877936,13.48400592803955,6.321023605639908,1.08,0.0,0.0,-0.0,0.0,-0.0,0.0,0.0,-0.0,0.0,9.258355,0.0,0.0,0.40940768,-0.9645463,-0.2563497,0.0,0.0,0.0,0.0,0.2657723,0.1383698,0.56499535,0.0,0.0,-0.9645463,0.11545372,0.40940768,0.40940768,-0.29395396,20.0,21.689346,21.11111,21.11111,2.0
resstock-amy2018-2021-release-1-529678,0.0,0.0,0.0,0.0,0.0,0.0,0.0,0.0,0.0,0.0,0.0,0.0,0.0,0.0,-1.08,0.0,-1.08,0.38072985,13.483980178833008,5.133753806267464,1.08,0.0,0.0,-0.0,0.0,-0.0,0.0,0.0,-0.0,0.0,9.258355,0.0,0.0,0.68677247,-0.68197346,-0.18495528,0.0,0.0,0.0,0.0,0.271206,0.1383698,0.56491834,0.0,0.0,-0.68197346,0.3980266,0.68677247,0.68677247,-0.2887459,20.6,22.683418,22.222221,22.222221,2.0
resstock-amy2018-2021-release-1-529678,0.0,0.0,0.253101,0.0,0.0,0.26852,0.0,0.0,0.0,0.0,0.0,0.0,0.0,0.0,-1.08,0.0,-1.08,0.2930597,13.483954429626465,3.951603730139709,1.08,0.0,0.0,-0.0,0.0,-0.0,0.0,0.0,-0.0,0.0,9.258355,0.0,0.0,0.6015079,-0.45287555,-0.12835318,0.0,0.0,0.0,0.0,0.2834182,0.1383698,0.5705758,0.0,0.0,-0.45287555,0.6271245,0.8700279,0.6015079,-0.24290343,20.0,23.392033,23.333334,23.333334,2.0
resstock-amy2018-2021-release-1-529678,0.0,0.0,3.7318475,0.0,0.0,3.959193,0.0,0.0,0.0,0.0,0.0,0.0,0.0,0.0,-1.08,0.0,-1.08,0.2057673,13.483928680419922,2.774551647923431,1.08,0.0,0.0,-0.0,0.0,-0.0,0.0,0.0,-0.0,0.0,9.258355,0.0,0.0,0.43217692,3.1645646,0.9011034,1.8285553,0.0,0.0,0.0,0.284748,0.1383698,0.5778221,0.0,3.1645646,0.0,4.2445645,4.39137,0.43217692,-0.1468053,18.3,23.707752,23.88889,23.88889,2.0
resstock-amy2018-2021-release-1-529678,0.0,0.0,0.0,0.0,0.0,0.0,0.0,0.0,0.0,0.0,0.0,0.0,0.0,0.0,-1.08,0.0,-1.08,0.118851,13.483902931213379,1.6025753281366448,1.08,0.0,0.0,-0.0,0.0,-0.0,0.0,0.0,-0.0,0.0,9.258355,0.0,0.0,0.4659324,-0.639524,-0.19698197,0.0,0.0,0.0,0.0,0.3080134,0.1383698,0.5826833,0.0,0.0,-0.639524,0.44047606,0.46593237,0.4659324,-0.025456304,16.7,23.591454,23.88889,23.88889,2.0
resstock-amy2018-2021-release-1-529678,0.0,0.0,0.17656846,0.0,0.0,0.18732508,0.0,0.0,0.0,0.0,0.0,0.0,0.0,0.0,-1.08,0.0,-1.08,0.032309175,13.483877182006836,0.4356529413178123,1.08,0.0,0.0,-0.0,0.0,-0.0,0.0,0.0,-0.0,0.0,9.258355,0.0,0.0,0.6777596,-0.21491538,-0.07669255,0.0,0.0,0.0,0.0,0.35685,0.1383698,0.5782921,0.0,0.0,-0.21491538,0.86508465,0.86508465,0.6777596,-0.0,15.0,23.293722,23.333334,23.333334,2.0
resstock-amy2018-2021-release-1-529678,0.0,0.0,0.6651008,0.0,0.0,0.705619,0.0,0.0,0.0,0.0,0.0,0.0,0.0,0.0,-0.40385523,0.0,-0.40385523,0.0,13.483867645263672,0.0,0.40385523,0.0,0.0,-0.0,0.0,-0.0,0.0,0.0,-0.0,0.0,9.258355,0.0,0.0,0.70021516,1.0019789,0.35755616,0.5781021,0.0,0.0,0.0,0.35685,0.1383698,0.5769604,0.0,1.0019789,0.0,1.4058341,1.4058341,0.70021516,-0.0,13.3,22.8013,23.333334,23.333334,2.0
resstock-amy2018-2021-release-1-529678,0.0,0.0,0.23306721,0.0,0.0,0.24726574,0.0,0.0,0.0,0.0,0.0,0.0,0.0,0.0,0.0,0.0,0.0,0.0,13.483867645263672,0.0,-0.0,0.0,0.0,-0.0,0.0,-0.0,0.0,0.0,-0.0,0.0,9.258355,0.0,0.0,0.597009,0.84427476,0.28066885,0.48883066,0.0,0.0,0.0,0.3324378,0.1383698,0.57899475,0.0,0.84427476,0.0,0.84427476,0.84427476,0.597009,-0.0,11.7,22.148071,22.777779,22.777779,2.0
resstock-amy2018-2021-release-1-529678,0.0,0.0,0.0,0.0,0.0,0.0,0.0,0.0,0.0,0.0,0.0,0.0,0.0,0.0,0.0,0.0,0.0,0.0,13.483867645263672,0.0,-0.0,0.0,0.0,-0.0,0.0,-0.0,0.0,0.0,-0.0,0.0,9.258355,0.0,0.0,0.43619865,0.43619865,0.12399383,0.25428775,0.0,0.0,0.0,0.28426,0.1383698,0.58296317,0.0,0.43619865,0.0,0.43619865,0.43619865,0.43619865,-0.0,12.2,21.706875,22.777779,22.777779,2.0
resstock-amy2018-2021-release-1-529678,0.0,0.79759955,0.0,0.0,0.33683395,0.0,0.0,0.0,0.0,0.0,0.0,0.0,0.0,0.0,1.2285,1.2285,0.0,0.08496835,13.48383903503418,1.1456995656329383,-0.0,1.2285,0.0,-0.0,0.0,-0.0,0.0,0.0,-0.0,0.0,9.258355,0.79759955,0.0,0.40939903,1.974733,0.55162865,1.167177,0.0,0.0,0.0,0.2793434,0.1383698,0.5910556,0.0,1.974733,0.0,0.746233,0.746233,0.40939903,-0.0,11.7,21.880728,22.222221,22.222221,2.0
resstock-amy2018-2021-release-1-529678,0.0,0.0,0.0,0.0,0.0,0.0,0.0,0.0,0.0,0.0,0.0,0.0,0.0,0.0,1.2285,1.2285,0.0,0.16957061,13.483810424804688,2.2864579578765643,-0.0,1.2285,0.0,-0.0,0.0,-0.0,0.0,0.0,-0.0,0.0,9.258355,0.0,0.0,0.31401563,1.5425156,0.4183395,0.9232569,0.0,0.0,0.0,0.271206,0.1383698,0.5985397,0.0,1.5425156,0.0,0.31401563,0.31401563,0.31401563,-0.0,11.1,20.784859,21.666666,21.666666,2.0
resstock-amy2018-2021-release-1-529678,0.0,0.0,0.0,0.0,0.0,0.0,0.0,0.0,0.0,0.0,0.0,0.0,0.0,0.0,1.2285,1.2285,0.0,0.25380835,13.483781814575195,3.42229640563545,-0.0,1.2285,0.0,-0.0,0.0,-0.0,0.0,0.0,-0.0,0.0,9.258355,0.0,0.0,0.31236687,1.5408669,0.44085148,0.89641076,0.0,0.0,0.0,0.28610614,0.1383698,0.5817574,0.0,1.5408669,0.0,0.31236684,0.31236684,0.31236687,-0.0,9.4,20.021368,21.11111,21.11111,2.0
resstock-amy2018-2021-release-1-529678,0.0,0.8116306,0.0,0.0,0.35298607,0.0,0.0,0.0,0.0,0.0,0.0,0.0,0.0,0.0,1.2285,1.2285,0.0,0.33768317,13.483753204345703,4.553236539481418,-0.0,1.2285,0.0,-0.0,0.0,-0.0,0.0,0.0,-0.0,0.0,9.258355,0.8116306,0.0,0.31071812,1.8922042,0.5270281,1.1330558,0.0,0.0,0.0,0.278526,0.1383698,0.5988021,0.0,1.8922042,0.0,0.66370416,0.66370416,0.31071812,-0.0,10.6,20.291336,21.11111,21.11111,2.0
resstock-amy2018-2021-release-1-529678,0.0,0.0,0.0,0.0,0.0,0.0,0.0,0.0,0.0,0.0,0.0,0.0,0.0,0.0,1.2285,1.2285,0.0,0.4211966,13.483724594116211,5.679299085648779,-0.0,1.2285,0.0,-0.0,0.0,-0.0,0.0,0.0,-0.0,0.0,9.258355,0.0,0.0,0.30906937,1.5375694,0.41737324,0.91779524,0.0,0.0,0.0,0.27145,0.1383698,0.59691304,0.0,1.5375694,0.0,0.3090694,0.3090694,0.30906937,-0.0,10.6,19.35567,20.555555,20.555555,2.0
resstock-amy2018-2021-release-1-529678,0.0,0.8936632,0.0,0.0,0.40094686,0.0,0.0,0.0,0.0,0.0,0.0,0.0,0.0,0.0,1.2285,1.2285,0.0,0.50435024,13.483695983886719,6.8005053729643805,-0.0,1.2285,0.0,-0.0,0.0,-0.0,0.0,0.0,-0.0,0.0,9.258355,0.8936632,0.0,0.3074206,1.9368675,0.49362615,1.1465747,0.0,0.0,0.0,0.254858,0.1383698,0.5919738,0.0,1.9368675,0.0,0.70836747,0.70836747,0.3074206,-0.0,9.4,19.488167,20.0,20.0,2.0
resstock-amy2018-2021-release-1-529678,0.0,0.0,0.0,0.0,0.0,0.0,0.0,0.0,0.0,0.0,0.0,0.0,0.0,0.0,1.2285,1.2285,0.0,0.58714557,13.483667373657227,7.916875524540501,-0.0,1.2285,0.0,-0.0,0.0,-0.0,0.0,0.0,-0.0,0.0,9.258355,0.0,0.0,0.30577186,1.5342718,0.38299137,0.89633876,0.0,0.0,0.0,0.2496242,0.1383698,0.5842112,0.0,1.5342718,0.0,0.30577183,0.30577183,0.30577186,-0.0,7.2,18.361113,20.0,20.0,2.0
resstock-amy2018-2021-release-1-529678,0.0,1.2206286,0.0,0.0,0.5630217,0.0,0.0,0.0,0.0,0.0,0.0,0.0,0.0,0.0,1.2285,1.2285,0.0,0.66958416,13.483638763427734,9.028430868850137,-0.0,1.2285,0.0,-0.0,0.0,-0.0,0.0,0.0,-0.0,0.0,9.258355,1.2206286,0.0,0.30577186,2.0972936,0.5229723,1.2077318,0.0,0.0,0.0,0.2493558,0.1383698,0.5758525,0.0,2.0972936,0.0,0.8687936,0.8687936,0.30577186,-0.0,8.3,19.01652,19.444445,19.444445,2.0
resstock-amy2018-2021-release-1-529678,0.0,0.0,1.6038221,0.0,0.0,1.7015275,0.0,0.0,0.0,0.0,0.0,0.0,0.0,0.0,1.2285,1.2285,0.0,0.75166756,13.483610153198242,10.135192332342626,-0.0,1.2285,0.0,-0.0,0.0,-0.0,0.0,0.0,-0.0,0.0,9.258355,0.0,0.0,0.43513617,3.3651638,0.8507416,1.9035879,0.0,0.0,0.0,0.2528084,0.1383698,0.56567466,0.0,3.3651638,0.0,2.136664,2.136664,0.43513617,-0.0,7.8,18.224924,18.402779,18.402779,2.0
resstock-amy2018-2021-release-1-529678,0.0,0.0,0.0,0.0,0.0,0.0,0.0,0.0,0.0,0.0,0.0,0.0,0.0,0.0,1.2285,1.2285,0.0,0.8333973,13.48358154296875,11.237180841289955,-0.0,1.2285,0.0,-0.0,0.0,-0.0,0.0,0.0,-0.0,0.0,9.258355,0.0,0.0,0.4846597,1.7131597,0.4651835,0.9598734,0.0,0.0,0.0,0.2715354,0.1383698,0.56029415,0.0,1.7131597,0.0,0.48465967,0.48465967,0.4846597,-0.0,10.0,18.038073,19.217592,19.217592,2.0
resstock-amy2018-2021-release-1-529678,0.0,0.8784957,0.0,0.0,0.38206634,0.0,0.0,0.0,0.0,0.0,0.0,0.0,0.0,0.0,1.2285,1.2285,0.0,0.914775,13.483552932739258,12.33441732178676,-0.0,1.2285,0.0,-0.0,0.0,-0.0,0.0,0.0,-0.0,0.0,9.258355,0.8784957,0.0,0.40468776,2.008207,0.54243284,1.119269,0.0,0.0,0.0,0.270108,0.1383698,0.5573474,0.0,2.008207,0.0,0.7797071,0.7867539,0.40468776,-0.007046842,10.6,18.51411,20.0,20.0,2.0
resstock-amy2018-2021-release-1-529678,0.0,1.326229,0.0,0.0,0.5600793,0.0,0.0,0.0,0.0,0.0,0.0,0.0,0.0,0.0,-1.08,0.0,-1.08,0.8248039,13.483527183532715,11.121265655688092,1.08,0.0,0.0,-0.0,0.0,-0.0,0.0,0.0,-0.0,0.0,9.258355,1.326229,0.0,0.31401563,-0.23208603,-0.06524223,0.0,0.0,0.0,0.0,0.28111225,0.1383698,0.56559366,0.0,0.0,-0.23208603,0.847914,0.87409484,0.31401563,-0.026180891,11.7,18.808592,19.5,19.5,2.0
resstock-amy2018-2021-release-1-529678,0.0,0.0,0.3808333,0.0,0.0,0.40403378,0.0,0.0,0.0,0.0,0.0,0.0,0.0,0.0,-1.08,0.0,-1.08,0.73522043,13.483501434326172,9.913345753213434,1.08,0.0,0.0,-0.0,0.0,-0.0,0.0,0.0,-0.0,0.0,9.258355,0.0,0.0,0.31236687,-0.43840563,-0.11760518,0.0,0.0,0.0,0.0,0.26825655,0.1383698,0.57127935,0.0,0.0,-0.43840563,0.6415944,0.7164006,0.31236687,-0.074806206,13.9,18.184345,19.439816,19.439816,2.0
resstock-amy2018-2021-release-1-529678,0.0,1.1704774,0.0,0.0,0.472852,0.0,0.0,0.0,0.0,0.0,0.0,0.0,0.0,0.0,-1.08,0.0,-1.08,0.64602304,13.483475685119629,8.71063588511629,1.08,0.0,0.0,-0.0,0.0,-0.0,0.0,0.0,-0.0,0.0,9.258355,1.1704774,0.0,0.31236687,-0.4062587,-0.10523235,0.0,0.0,0.0,0.0,0.25902793,0.1383698,0.5690793,0.0,0.0,-0.4062587,0.67374134,0.78521883,0.31236687,-0.111477494,13.3,19.047869,20.0,20.0,2.0
resstock-amy2018-2021-release-1-529678,0.0,0.0,0.3808334,0.0,0.0,0.4040339,0.0,0.0,0.0,0.0,0.0,0.0,0.0,0.0,-1.08,0.0,-1.08,0.55720985,13.483449935913086,7.513111107610939,1.08,0.0,0.0,-0.0,0.0,-0.0,0.0,0.0,-0.0,0.0,9.258355,0.0,0.0,0.43947816,-0.36946404,-0.09479195,0.0,0.0,0.0,0.0,0.2565661,0.1383698,0.5686705,0.0,0.0,-0.36946404,0.710536,0.84351206,0.43947816,-0.13297607,12.8,18.652382,20.555555,20.555555,2.0
resstock-amy2018-2021-release-1-529678,0.0,1.8050408,0.0,0.0,0.7167986,0.0,0.0,0.0,0.0,0.0,0.0,0.0,0.0,0.0,-1.08,0.0,-1.08,0.46877936,13.483424186706543,6.320750897312877,1.08,0.0,0.0,-0.0,0.0,-0.0,0.0,0.0,-0.0,0.0,9.258355,1.8050408,0.0,0.40940768,-0.06224987,-0.014353408,0.0,0.0,0.0,0.0,0.23057732,0.1383698,0.57612586,0.0,0.0,-0.06224987,1.0177501,1.1262063,0.40940768,-0.108456105,13.9,20.486582,20.555555,20.555555,2.0
resstock-amy2018-2021-release-1-529678,0.0,0.0,0.26683426,0.0,0.0,0.2830899,0.0,0.0,0.0,0.0,0.0,0.0,0.0,0.0,-1.08,0.0,-1.08,0.38072985,13.4833984375,5.13353231997462,1.08,0.0,0.0,-0.0,0.0,-0.0,0.0,0.0,-0.0,0.0,9.258355,0.0,0.0,0.4068044,-0.5675132,-0.13576843,0.0,0.0,0.0,0.0,0.23923394,0.1383698,0.5745462,0.0,0.0,-0.5675132,0.5124868,0.6898944,0.4068044,-0.17740758,13.9,19.881725,21.11111,21.11111,2.0
resstock-amy2018-2021-release-1-529678,0.0,1.165995,0.38083243,0.0,0.46302754,0.4040329,0.0,0.0,0.0,0.0,0.0,0.0,0.0,0.0,-1.08,0.0,-1.08,0.2930597,13.483372688293457,3.9514332451952896,1.08,0.0,0.0,-0.0,0.0,-0.0,0.0,0.0,-0.0,0.0,9.258355,1.165995,0.0,0.4137019,0.093310416,0.025101436,0.052372694,0.0,0.0,0.0,0.26901,0.1383698,0.5612738,0.0,0.093310416,0.0,1.1733105,1.2807623,0.4137019,-0.10745184,13.9,20.912378,21.666666,21.666666,2.0
resstock-amy2018-2021-release-1-529678,0.0,0.0,1.9041675,0.0,0.0,2.02017,0.0,0.0,0.0,0.0,0.0,0.0,0.0,0.0,-1.08,0.0,-1.08,0.2057673,13.483346939086914,2.7744319445778842,1.08,0.0,0.0,-0.0,0.0,-0.0,0.0,0.0,-0.0,0.0,9.258355,0.0,0.0,0.43217692,1.3402593,0.38371277,0.72894555,0.0,0.0,0.0,0.2862974,0.1383698,0.543884,0.0,1.3402593,0.0,2.4202595,2.452347,0.43217692,-0.03208753,13.3,20.335829,21.666666,21.666666,2.0
resstock-amy2018-2021-release-1-529678,0.6765898,1.2233979,3.5362966,0.0,0.5012377,3.751729,0.0,0.0,0.0,0.0,0.0,0.0,0.0,0.0,-1.08,0.0,-1.08,0.118851,13.483321189880371,1.6025061875983013,1.08,0.0,0.0,-0.0,0.0,-0.0,0.0,0.0,-0.0,0.0,9.258355,1.2233979,0.0,0.60630786,3.7671795,1.1370862,2.0157146,0.0,0.0,0.0,0.3018402,0.1383698,0.5350726,0.0,3.7671795,0.0,4.8471794,4.8592744,0.60630786,-0.012095039,12.8,21.033703,19.5,19.5,2.0
resstock-amy2018-2021-release-1-529678,0.13244247,0.0,0.0,0.0,0.0,0.0,0.0,0.0,0.0,0.0,0.0,0.0,0.0,0.0,-1.08,0.0,-1.08,0.032309175,13.483295440673828,0.4356341457355484,1.08,0.0,0.0,-0.0,0.0,-0.0,0.0,0.0,-0.0,0.0,9.258355,0.0,0.0,1.3312634,0.25126338,0.08353251,0.13381112,0.0,0.0,0.0,0.33245,0.1383698,0.5325532,0.0,0.25126338,0.0,1.3312634,1.3312634,1.3312634,-0.0,12.2,20.268732,19.5,19.5,2.0
resstock-amy2018-2021-release-1-529678,0.0,0.0,0.0,0.0,0.0,0.0,0.0,0.0,0.0,0.0,0.0,0.0,0.0,0.0,-0.40385523,0.0,-0.40385523,0.0,13.483285903930664,0.0,0.40385523,0.0,0.0,-0.0,0.0,-0.0,0.0,0.0,-0.0,0.0,9.258355,0.0,0.0,1.074145,0.67028975,0.23585647,0.3488545,0.0,0.0,0.0,0.3518724,0.1383698,0.5204533,0.0,0.67028975,0.0,1.074145,1.074145,1.074145,-0.0,11.1,19.853685,19.5,19.5,2.0
resstock-amy2018-2021-release-1-529678,0.0,0.0,0.0,0.0,0.0,0.0,0.0,0.0,0.0,0.0,0.0,0.0,0.0,0.0,0.0,0.0,0.0,0.0,13.483285903930664,0.0,-0.0,0.0,0.0,-0.0,0.0,-0.0,0.0,0.0,-0.0,0.0,9.258355,0.0,0.0,0.597009,0.597009,0.20648749,0.30611607,0.0,0.0,0.0,0.34587,0.1383698,0.5127495,0.0,0.597009,0.0,0.597009,0.597009,0.597009,-0.0,11.1,19.53891,19.5,19.5,2.0
resstock-amy2018-2021-release-1-529678,0.0,0.0,2.0731008,0.0,0.0,2.1993947,0.0,0.0,0.0,0.0,0.0,0.0,0.0,0.0,0.0,0.0,0.0,0.0,13.483285903930664,0.0,-0.0,0.0,0.0,-0.0,0.0,-0.0,0.0,0.0,-0.0,0.0,9.258355,0.0,0.0,0.66407716,2.863472,0.87867534,1.4697936,0.0,0.0,0.0,0.30685663,0.1383698,0.5132907,0.0,2.863472,0.0,2.863472,2.863472,0.66407716,-0.0,11.1,19.242449,20.555555,20.555555,2.0
resstock-amy2018-2021-release-1-529678,0.0,0.97799,0.0,0.0,0.44438177,0.0,0.0,0.0,0.0,0.0,0.0,0.0,0.0,0.0,1.2285,1.2285,0.0,0.08496835,13.483257293701172,1.1456501360312643,-0.0,1.2285,0.0,-0.0,0.0,-0.0,0.0,0.0,-0.0,0.0,9.258355,0.97799,0.0,0.49983615,2.172718,0.6374895,1.1212888,0.0,0.0,0.0,0.29340646,0.1383698,0.5160765,0.0,2.172718,0.0,0.94421804,0.94421804,0.49983615,-0.0,8.9,19.411196,20.555555,20.555555,2.0
resstock-amy2018-2021-release-1-529678,0.0,0.85328585,1.9387567,0.0,0.39358282,2.0568664,0.0,0.0,0.0,0.0,0.0,0.0,0.0,0.0,1.2285,1.2285,0.0,0.16957061,13.48322868347168,2.2863593116439063,-0.0,1.2285,0.0,-0.0,0.0,-0.0,0.0,0.0,-0.0,0.0,9.258355,0.85328585,0.0,0.36614907,4.0450983,1.1270599,2.0906765,0.0,0.0,0.0,0.2786236,0.1383698,0.51684195,0.0,4.0450983,0.0,2.8165984,2.8165984,0.36614907,-0.0,8.3,18.948557,20.0,20.0,2.0
resstock-amy2018-2021-release-1-529678,0.0,0.7849339,0.0,0.0,0.35216486,0.0,0.0,0.0,0.0,0.0,0.0,0.0,0.0,0.0,1.2285,1.2285,0.0,0.25380835,13.483200073242188,3.4221487548279583,-0.0,1.2285,0.0,-0.0,0.0,-0.0,0.0,0.0,-0.0,0.0,9.258355,0.7849339,0.0,0.35101247,1.9316773,0.5292556,0.9695766,0.0,0.0,0.0,0.2739876,0.1383698,0.50193506,0.0,1.9316773,0.0,0.70317733,0.70317733,0.35101247,-0.0,9.4,18.727133,19.444445,19.444445,2.0
resstock-amy2018-2021-release-1-529678,0.0,0.0,0.2683155,0.0,0.0,0.28466135,0.0,0.0,0.0,0.0,0.0,0.0,0.0,0.0,1.2285,1.2285,0.0,0.33768317,13.483171463012695,4.553040095223366,-0.0,1.2285,0.0,-0.0,0.0,-0.0,0.0,0.0,-0.0,0.0,9.258355,0.0,0.0,0.33911064,1.852272,0.49959037,0.9603648,0.0,0.0,0.0,0.2697176,0.1383698,0.51847935,0.0,1.852272,0.0,0.623772,0.623772,0.33911064,-0.0,7.2,17.579338,19.444445,19.444445,2.0
resstock-amy2018-2021-release-1-529678,0.0,1.3891149,0.38089877,0.0,0.6486928,0.40410325,0.0,0.0,0.0,0.0,0.0,0.0,0.0,0.0,1.2285,1.2285,0.0,0.4211966,13.483142852783203,5.679054058171573,-0.0,1.2285,0.0,-0.0,0.0,-0.0,0.0,0.0,-0.0,0.0,9.258355,1.3891149,0.0,0.33242482,2.613721,0.7159996,1.3568989,0.0,0.0,0.0,0.2739388,0.1383698,0.51914454,0.0,2.613721,0.0,1.3852209,1.3852209,0.33242482,-0.0,7.8,18.217966,18.88889,18.88889,2.0
resstock-amy2018-2021-release-1-529678,0.37069792,0.0,0.0,0.0,0.0,0.0,0.0,0.0,0.0,0.0,0.0,0.0,0.0,0.0,1.2285,1.2285,0.0,0.50435024,13.483114242553711,6.800211971580552,-0.0,1.2285,0.0,-0.0,0.0,-0.0,0.0,0.0,-0.0,0.0,9.258355,0.0,0.0,0.3074206,1.5359206,0.41853714,0.7969242,0.0,0.0,0.0,0.2724992,0.1383698,0.51885766,0.0,1.5359206,0.0,0.3074206,0.3074206,0.3074206,-0.0,12.78,17.718388,17.222221,17.222221,2.0
resstock-amy2018-2021-release-1-529678,0.0,0.0,0.0,0.0,0.0,0.0,0.0,0.0,0.0,0.0,0.0,0.0,0.0,0.0,1.2285,1.2285,0.0,0.58714557,13.483085632324219,7.916533957695719,-0.0,1.2285,0.0,-0.0,0.0,-0.0,0.0,0.0,-0.0,0.0,9.258355,0.0,0.0,0.30577186,1.5342718,0.42027783,0.79820466,0.0,0.0,0.0,0.2739266,0.1383698,0.52024984,0.0,1.5342718,0.0,0.30577183,0.30577183,0.30577186,-0.0,9.44,17.038647,17.222221,17.222221,2.0
resstock-amy2018-2021-release-1-529678,0.0,0.0,0.0,0.0,0.0,0.0,0.0,0.0,0.0,0.0,0.0,0.0,0.0,0.0,1.2285,1.2285,0.0,0.66958416,13.483057022094727,9.028041344071198,-0.0,1.2285,0.0,-0.0,0.0,-0.0,0.0,0.0,-0.0,0.0,9.258355,0.0,0.0,0.30577186,1.5342718,0.42933622,0.7959058,0.0,0.0,0.0,0.2798306,0.1383698,0.5187515,0.0,1.5342718,0.0,0.30577183,0.30577183,0.30577186,-0.0,8.3,16.70164,17.222221,17.222221,2.0
resstock-amy2018-2021-release-1-529678,0.0,0.0,0.38089803,0.0,0.0,0.40410247,0.0,0.0,0.0,0.0,0.0,0.0,0.0,0.0,1.2285,1.2285,0.0,0.75166756,13.483028411865234,10.13475505625479,-0.0,1.2285,0.0,-0.0,0.0,-0.0,0.0,0.0,-0.0,0.0,9.258355,0.0,0.0,0.30906937,1.9416718,0.589012,0.9993286,0.0,0.0,0.0,0.303353,0.1383698,0.5146743,0.0,1.9416718,0.0,0.71317184,0.71317184,0.30906937,-0.0,7.2,16.38581,18.393518,18.393518,2.0
resstock-amy2018-2021-release-1-529678,0.0,1.4953227,1.8860898,0.0,0.69829005,2.000991,0.0,0.0,0.0,0.0,0.0,0.0,0.0,0.0,1.2285,1.2285,0.0,0.8333973,13.482999801635742,11.236696019616943,-0.0,1.2285,0.0,-0.0,0.0,-0.0,0.0,0.0,-0.0,0.0,9.258355,1.4953227,0.0,0.4846597,4.4124413,1.5371666,2.2657032,0.0,0.0,0.0,0.348371,0.1383698,0.51348066,0.0,4.4124413,0.0,3.1839414,3.1839414,0.4846597,-0.0,7.8,17.393562,19.23611,19.23611,2.0
resstock-amy2018-2021-release-1-529678,0.0,1.3738074,0.29266402,0.0,0.59748226,0.3104932,0.0,0.0,0.0,0.0,0.0,0.0,0.0,0.0,1.2285,1.2285,0.0,0.914775,13.48297119140625,12.333885159350757,-0.0,1.2285,0.0,-0.0,0.0,-0.0,0.0,0.0,-0.0,0.0,9.258355,1.3738074,0.0,0.40468776,2.5197258,0.86504203,1.303,0.0,0.0,0.0,0.343308,0.1383698,0.51711977,0.0,2.5197258,0.0,1.2912258,1.3126632,0.40468776,-0.021437444,10.6,17.677786,20.0,20.0,2.0
resstock-amy2018-2021-release-1-529678,0.0,2.1029985,1.5204798,0.0,0.8760719,1.6131079,0.0,0.0,0.0,0.0,0.0,0.0,0.0,0.0,-1.08,0.0,-1.08,0.8248039,13.482945442199707,11.120785833174352,1.08,0.0,0.0,-0.0,0.0,-0.0,0.0,0.0,-0.0,0.0,9.258355,2.1029985,0.0,0.40506995,1.7610055,0.6176727,0.91775995,0.0,0.0,0.0,0.35075,0.1383698,0.5211568,0.0,1.7610055,0.0,2.8410056,2.8942497,0.40506995,-0.053244155,12.2,18.699608,18.578703,18.578703,2.0
resstock-amy2018-2021-release-1-529678,0.0,0.0,0.7923578,0.0,0.0,0.8406285,0.0,0.0,0.0,0.0,0.0,0.0,0.0,0.0,-1.08,0.0,-1.08,0.73522043,13.482919692993164,9.912918045099104,1.08,0.0,0.0,-0.0,0.0,-0.0,0.0,0.0,-0.0,0.0,9.258355,0.0,0.0,0.81619185,0.4588005,0.1422537,0.2400434,0.0,0.0,0.0,0.31005567,0.1383698,0.52319777,0.0,0.4588005,0.0,1.5388005,1.6568203,0.81619185,-0.11801981,12.2,18.256699,19.5,19.5,2.0
resstock-amy2018-2021-release-1-529678,0.0,1.1964494,1.8637,0.0,0.46826878,1.9772372,0.0,0.0,0.0,0.0,0.0,0.0,0.0,0.0,-1.08,0.0,-1.08,0.64602304,13.482893943786621,8.710260066814726,1.08,0.0,0.0,-0.0,0.0,-0.0,0.0,0.0,-0.0,0.0,9.258355,1.1964494,0.0,0.8410414,1.9994214,0.61937815,1.0477594,0.0,0.0,0.0,0.3097787,0.1383698,0.52403134,0.0,1.9994214,0.0,3.0794215,3.2865474,0.8410414,-0.20712598,14.4,19.812313,19.5,19.5,2.0
resstock-amy2018-2021-release-1-529678,0.0,0.0,0.6852029,0.0,0.0,0.7269457,0.0,0.0,0.0,0.0,0.0,0.0,0.0,0.0,-1.08,0.0,-1.08,0.55720985,13.482868194580078,7.512786955610409,1.08,0.0,0.0,-0.0,0.0,-0.0,0.0,0.0,-0.0,0.0,9.258355,0.0,0.0,0.43947816,-0.180974,-0.05345545,0.0,0.0,0.0,0.0,0.2953764,0.1383698,0.52551544,0.0,0.0,-0.180974,0.89902604,1.1664238,0.43947816,-0.26739782,14.4,19.867683,20.555555,20.555555,2.0
resstock-amy2018-2021-release-1-529678,0.0,0.0,0.0,0.0,0.0,0.0,0.0,0.0,0.0,0.0,0.0,0.0,0.0,0.0,-1.08,0.0,-1.08,0.46877936,13.482842445373535,6.320478188985845,1.08,0.0,0.0,-0.0,0.0,-0.0,0.0,0.0,-0.0,0.0,9.258355,0.0,0.0,0.40940768,-0.9601042,-0.28385732,0.0,0.0,0.0,0.0,0.2956526,0.1383698,0.52844083,0.0,0.0,-0.9601042,0.119895816,0.4094077,0.40940768,-0.2895119,16.1,20.503996,21.666666,21.666666,2.0
resstock-amy2018-2021-release-1-529678,0.0,1.2424958,0.0,0.0,0.43790036,0.0,0.0,0.0,0.0,0.0,0.0,0.0,0.0,0.0,-1.08,0.0,-1.08,0.38072985,13.482816696166992,5.133310833681776,1.08,0.0,0.0,-0.0,0.0,-0.0,0.0,0.0,-0.0,0.0,9.258355,1.2424958,0.0,0.4068044,-0.49807748,-0.14844373,0.0,0.0,0.0,0.0,0.29803342,0.1383698,0.5262481,0.0,0.0,-0.49807748,0.58192253,0.84470475,0.4068044,-0.2627822,17.8,22.54897,22.777779,22.777779,2.0
resstock-amy2018-2021-release-1-529678,0.0,0.0,1.9044906,0.0,0.0,2.0205128,0.0,0.0,0.0,0.0,0.0,0.0,0.0,0.0,-1.08,0.0,-1.08,0.2930597,13.48279094696045,3.95126276025087,1.08,0.0,0.0,-0.0,0.0,-0.0,0.0,0.0,-0.0,0.0,9.258355,0.0,0.0,0.31401563,1.0186179,0.31240407,0.542409,0.0,0.0,0.0,0.3066941,0.1383698,0.5324951,0.0,1.0186179,0.0,2.098618,2.3345284,0.31401563,-0.23591052,17.2,22.233955,22.777779,22.777779,2.0
resstock-amy2018-2021-release-1-529678,0.0,0.0,0.0,0.0,0.0,0.0,0.0,0.0,0.0,0.0,0.0,0.0,0.0,0.0,-1.08,0.0,-1.08,0.2057673,13.482765197753906,2.7743122412323373,1.08,0.0,0.0,-0.0,0.0,-0.0,0.0,0.0,-0.0,0.0,9.258355,0.0,0.0,0.43217692,-0.7981525,-0.25547203,0.0,0.0,0.0,0.0,0.3200792,0.1383698,0.5457783,0.0,0.0,-0.7981525,0.28184754,0.43217695,0.43217692,-0.15032941,16.7,22.487833,23.333334,23.333334,2.0
resstock-amy2018-2021-release-1-529678,0.0,0.0,1.6797786,0.0,0.0,1.7821113,0.0,0.0,0.0,0.0,0.0,0.0,0.0,0.0,-1.08,0.0,-1.08,0.118851,13.482739448547363,1.6024370470599578,1.08,0.0,0.0,-0.0,0.0,-0.0,0.0,0.0,-0.0,0.0,9.258355,0.0,0.0,0.60630786,1.2737813,0.43199664,0.71736044,0.0,0.0,0.0,0.33914506,0.1383698,0.56317395,0.0,1.2737813,0.0,2.3537812,2.388419,0.60630786,-0.034637775,13.9,22.184593,23.333334,23.333334,2.0
resstock-amy2018-2021-release-1-529678,0.0,1.0709733,0.0,0.0,0.4326541,0.0,0.0,0.0,0.0,0.0,0.0,0.0,0.0,0.0,-1.08,0.0,-1.08,0.032309175,13.48271369934082,0.43561535015328445,1.08,0.0,0.0,-0.0,0.0,-0.0,0.0,0.0,-0.0,0.0,9.258355,1.0709733,0.0,0.8380943,0.19074833,0.06909079,0.103422344,0.0,0.0,0.0,0.36220914,0.1383698,0.54219264,0.0,0.19074833,0.0,1.2707484,1.2707484,0.8380943,-0.0,13.3,22.929234,22.777779,22.777779,2.0
resstock-amy2018-2021-release-1-529678,0.0,0.0,0.0,0.0,0.0,0.0,0.0,0.0,0.0,0.0,0.0,0.0,0.0,0.0,-0.40385523,0.0,-0.40385523,0.0,13.482704162597656,0.0,0.40385523,0.0,0.0,-0.0,0.0,-0.0,0.0,0.0,-0.0,0.0,9.258355,0.0,0.0,0.7931303,0.38927504,0.1389128,0.20745972,0.0,0.0,0.0,0.35685,0.1383698,0.53293866,0.0,0.38927504,0.0,0.7931303,0.7931303,0.7931303,-0.0,12.8,21.874645,22.222221,22.222221,2.0
resstock-amy2018-2021-release-1-529678,0.0,0.0,0.38089868,0.0,0.0,0.40410316,0.0,0.0,0.0,0.0,0.0,0.0,0.0,0.0,0.0,0.0,0.0,0.0,13.482704162597656,0.0,-0.0,0.0,0.0,-0.0,0.0,-0.0,0.0,0.0,-0.0,0.0,9.258355,0.0,0.0,0.7335594,1.1376626,0.36134,0.60353124,0.0,0.0,0.0,0.3176161,0.1383698,0.53050107,0.0,1.1376626,0.0,1.1376626,1.1376626,0.7335594,-0.0,11.1,21.236916,22.222221,22.222221,2.0
resstock-amy2018-2021-release-1-529678,0.0,0.0,0.0,0.0,0.0,0.0,0.0,0.0,0.0,0.0,0.0,0.0,0.0,0.0,0.0,0.0,0.0,0.0,13.482704162597656,0.0,-0.0,0.0,0.0,-0.0,0.0,-0.0,0.0,0.0,-0.0,0.0,9.258355,0.0,0.0,0.66407716,0.66407716,0.19877622,0.3476478,0.0,0.0,0.0,0.299327,0.1383698,0.5235051,0.0,0.66407716,0.0,0.66407716,0.66407716,0.66407716,-0.0,11.7,20.889143,22.222221,22.222221,2.0
resstock-amy2018-2021-release-1-529678,0.0,0.99286497,0.0,0.0,0.41929644,0.0,0.0,0.0,0.0,0.0,0.0,0.0,0.0,0.0,1.2285,1.2285,0.0,0.08496835,13.482675552368164,1.1456007064295903,-0.0,1.2285,0.0,-0.0,0.0,-0.0,0.0,0.0,-0.0,0.0,9.258355,0.99286497,0.0,0.40939903,2.0571954,0.60638905,1.024223,0.0,0.0,0.0,0.2947649,0.1383698,0.49787343,0.0,2.0571954,0.0,0.8286954,0.8286954,0.40939903,-0.0,11.7,21.29798,21.666666,21.666666,2.0
resstock-amy2018-2021-release-1-529678,0.0,0.0,0.0,0.0,0.0,0.0,0.0,0.0,0.0,0.0,0.0,0.0,0.0,0.0,1.2285,1.2285,0.0,0.16957061,13.482646942138672,2.2862606654112483,-0.0,1.2285,0.0,-0.0,0.0,-0.0,0.0,0.0,-0.0,0.0,9.258355,0.0,0.0,0.31401563,1.5425156,0.43582207,0.7140024,0.0,0.0,0.0,0.2825398,0.1383698,0.46288177,0.0,1.5425156,0.0,0.31401563,0.31401563,0.31401563,-0.0,13.33,20.452158,21.11111,21.11111,2.0
resstock-amy2018-2021-release-1-529678,0.0,0.0,0.0,0.0,0.0,0.0,0.0,0.0,0.0,0.0,0.0,0.0,0.0,0.0,1.2285,1.2285,0.0,0.25380835,13.48261833190918,3.4220011040204668,-0.0,1.2285,0.0,-0.0,0.0,-0.0,0.0,0.0,-0.0,0.0,9.258355,0.0,0.0,0.31236687,1.5408669,0.42855632,0.7194394,0.0,0.0,0.0,0.27812678,0.1383698,0.46690562,0.0,1.5408669,0.0,0.31236684,0.31236684,0.31236687,-0.0,8.9,19.369028,21.11111,21.11111,2.0
