bld_id,cooling demand,heating demand,dhw demand,cooling electricity consumption,heating electricity consumption,dhw electricity consumption,heating fuel consumption,dhw fuel consumption,dhw storage electricity consumption,positive dhw storage electricity consumption,negative dhw storage electricity consumption,dhw soc storage,dhw capacity,dhw stored energy (?),electrical storage electricity consumption,positive electrical storage electricity consumption,negative electrical storage electricity consumption,electrical storage soc,electrical capacity history,stored electrical energy,energy from electrical storage,energy to electrical storage,energy from cooling device,energy from dhw device,energy from dhw device to dhw storage,energy from dhw storage,energy from heating fuel device to heating storage,energy from heating device to heating storage,energy from heating storage,heating storage soc,heating storage capacity,energy from heating device,energy from heating fuel device,energy to non shiftable load,net electricity consumption,net electricity cost,net electricity emission,net fuel consumption,net fuel cost,net fuel emission,electricity price,fuel price,electricity carbon intensity,fuel carbon intensity,positive net electricity consumption,negative net electricity consumption,net electricity consumption without storage,net electricity consumption without storage and pv,non shiftable load,solar generation,outdoor_temperature,indoor_temperature,heating_sp,cooling_sp,comfort_band
resstock-amy2018-2021-release-1-515536,0.5179084,0.0,0.0,0.02589542,0.0,0.0,0.0,0.0,0.0,0.0,0.0,0.0,0.0,0.0,0.0,0.0,0.0,0.0,6.6,0.0,-0.0,0.0,0.5179084,-0.0,0.0,-0.0,0.0,0.0,-0.0,0.0,9.515837,0.0,0.0,0.36628777,0.39218318,0.12841961,0.20640214,0.0,0.0,0.0,0.327448,0.1383698,0.5262901,0.0,0.39218318,0.0,0.39218318,0.39218318,0.36628777,-0.0,8.9,17.263021,17.222221,17.222221,2.0
resstock-amy2018-2021-release-1-515536,0.0784016,0.0,0.0,0.0,0.0,0.0,0.0,0.0,0.0,0.0,0.0,0.0,0.0,0.0,0.6006,0.6006,0.0,0.08514873,6.599984645843506,0.5619803065471238,-0.0,0.6006,0.0,-0.0,0.0,-0.0,0.0,0.0,-0.0,0.0,9.515837,0.0,0.0,0.39111772,0.9917177,0.31891638,0.5392373,0.0,0.0,0.0,0.3215798,0.1383698,0.54374075,0.0,0.9917177,0.0,0.3911177,0.3911177,0.39111772,-0.0,8.3,17.222553,17.222221,17.222221,2.0
resstock-amy2018-2021-release-1-515536,0.0,0.420589,0.0,0.0,0.23873289,0.0,0.0,0.0,0.0,0.0,0.0,0.0,0.0,0.0,0.6006,0.6006,0.0,0.17016138,6.599969387054443,1.12305990786043,-0.0,0.6006,0.0,-0.0,0.0,-0.0,0.0,0.0,-0.0,0.0,9.515837,0.420589,0.0,0.32408357,1.1634164,0.36967438,0.62539977,0.0,0.0,0.0,0.317749,0.1383698,0.53755456,0.0,1.1634164,0.0,0.5628164,0.5628164,0.32408357,-0.0,8.3,17.222221,17.222221,17.222221,2.0
resstock-amy2018-2021-release-1-515536,0.0,0.87133926,0.0,0.0,0.5093241,0.0,0.0,0.0,0.0,0.0,0.0,0.0,0.0,0.0,0.6006,0.6006,0.0,0.25503817,6.599954128265381,1.6832402362002625,-0.0,0.6006,0.0,-0.0,0.0,-0.0,0.0,0.0,-0.0,0.0,9.515837,0.87133926,0.0,0.33162355,1.4415476,0.45782167,0.77059186,0.0,0.0,0.0,0.3175904,0.1383698,0.5345587,0.0,1.4415476,0.0,0.8409476,0.8409476,0.33162355,-0.0,7.2,17.222221,17.222221,17.222221,2.0
resstock-amy2018-2021-release-1-515536,0.0,0.5501786,0.9890721,0.0,0.32371098,1.0235728,0.0,0.0,0.0,0.0,0.0,0.0,0.0,0.0,0.6006,0.6006,0.0,0.3397793,6.599938869476318,2.242522527120272,-0.0,0.6006,0.0,-0.0,0.0,-0.0,0.0,0.0,-0.0,0.0,9.515837,0.5501786,0.0,0.38727137,2.335155,0.74139494,1.2551936,0.0,0.0,0.0,0.3174928,0.1383698,0.53752047,0.0,2.335155,0.0,1.734555,1.734555,0.38727137,-0.0,6.95,17.222221,17.222221,17.222221,2.0
resstock-amy2018-2021-release-1-515536,0.0,1.6105301,0.0,0.0,0.9537859,0.0,0.0,0.0,0.0,0.0,0.0,0.0,0.0,0.0,0.6006,0.6006,0.0,0.42438498,6.599923610687256,2.8009084587221054,-0.0,0.6006,0.0,-0.0,0.0,-0.0,0.0,0.0,-0.0,0.0,9.515837,1.6105301,0.0,0.47115648,2.0255423,0.64309514,1.0863609,0.0,0.0,0.0,0.3174928,0.1383698,0.53633094,0.0,2.0255423,0.0,1.4249423,1.4249423,0.47115648,-0.0,6.7,17.222221,17.222221,17.222221,2.0
resstock-amy2018-2021-release-1-515536,0.0,1.719433,0.0,0.0,0.97518384,0.0,0.0,0.0,0.0,0.0,0.0,0.0,0.0,0.0,0.6006,0.6006,0.0,0.50885546,6.599908351898193,3.3583994140530535,-0.0,0.6006,0.0,-0.0,0.0,-0.0,0.0,0.0,-0.0,0.0,9.515837,1.719433,0.0,0.47556007,2.051344,0.64998555,1.1123873,0.0,0.0,0.0,0.3168584,0.1383698,0.54227245,0.0,2.051344,0.0,1.4507439,1.4507439,0.47556007,-0.0,8.33,17.222221,17.222221,17.222221,2.0
resstock-amy2018-2021-release-1-515536,0.0,2.2381036,0.0,0.0,1.4046011,0.0,0.0,0.0,0.0,0.0,0.0,0.0,0.0,0.0,0.6006,0.6006,0.0,0.5931909,6.599893093109131,3.914996579455533,-0.0,0.6006,0.0,-0.0,0.0,-0.0,0.0,0.0,-0.0,0.0,9.515837,2.2381036,0.0,0.45217428,2.4573755,0.78043884,1.3436297,0.0,0.0,0.0,0.3175904,0.1383698,0.54677427,0.0,2.4573755,0.0,1.8567755,1.8567755,0.45217428,-0.0,4.4,17.222221,17.222221,17.222221,2.0
resstock-amy2018-2021-release-1-515536,0.0,1.8500032,0.0,0.0,1.0333068,0.0,0.0,0.0,0.0,0.0,0.0,0.0,0.0,0.0,0.6006,0.6006,0.0,0.6773916,6.599877834320068,4.470701731336106,-0.0,0.6006,0.0,-0.0,0.0,-0.0,0.0,0.0,-0.0,0.0,9.515837,1.8500032,0.0,0.40526554,2.0142558,0.6363908,1.1049385,0.0,0.0,0.0,0.3159434,0.1383698,0.5485592,0.0,2.0142558,0.0,1.4136558,1.4385725,0.40526554,-0.024916718,8.89,17.222221,17.222221,17.222221,2.0
resstock-amy2018-2021-release-1-515536,0.0,1.3184175,0.38576666,0.0,0.71389,0.3992229,0.0,0.0,0.0,0.0,0.0,0.0,0.0,0.0,-0.528,0.0,-0.528,0.59046674,6.599864482879639,3.897000450779501,0.528,0.0,0.0,-0.0,0.0,-0.0,0.0,0.0,-0.0,0.0,9.515837,1.3184175,0.0,0.4976451,1.0050707,0.31754544,0.56639165,0.0,0.0,0.0,0.3159434,0.1383698,0.56353414,0.0,1.0050707,0.0,1.5330707,1.610758,0.4976451,-0.07768728,10.0,17.222221,17.222221,17.222221,2.0
resstock-amy2018-2021-release-1-515536,0.0,0.28055826,1.0665494,0.0,0.14932679,1.1037526,0.0,0.0,0.0,0.0,0.0,0.0,0.0,0.0,-0.528,0.0,-0.528,0.5036808,6.599851131439209,3.324218464301282,0.528,0.0,0.0,-0.0,0.0,-0.0,0.0,0.0,-0.0,0.0,9.515837,0.28055826,0.0,0.42868608,1.0313648,0.31425172,0.5982508,0.0,0.0,0.0,0.304695,0.1383698,0.58005744,0.0,1.0313648,0.0,1.5593648,1.6817654,0.42868608,-0.12240067,10.6,17.222221,17.222221,17.222221,2.0
resstock-amy2018-2021-release-1-515536,0.0,0.3357613,0.19288345,0.0,0.17612706,0.19961157,0.0,0.0,0.0,0.0,0.0,0.0,0.0,0.0,-0.528,0.0,-0.528,0.4170336,6.599837779998779,2.752354192812419,0.528,0.0,0.0,-0.0,0.0,-0.0,0.0,0.0,-0.0,0.0,9.515837,0.3357613,0.0,0.37205753,0.06519689,0.019169189,0.038227756,0.0,0.0,0.0,0.29402,0.1383698,0.5863433,0.0,0.06519689,0.0,0.59319687,0.7477961,0.37205753,-0.15459926,11.1,17.222221,17.222221,17.222221,2.0
resstock-amy2018-2021-release-1-515536,0.3004059,0.0,0.3972446,0.0,0.0,0.41110122,0.0,0.0,0.0,0.0,0.0,0.0,0.0,0.0,-0.528,0.0,-0.528,0.3305249,6.59982442855835,2.18140625392671,0.528,0.0,0.0,-0.0,0.0,-0.0,0.0,0.0,-0.0,0.0,9.515837,0.0,0.0,2.6920938,2.4185758,0.72438765,1.3768841,0.0,0.0,0.0,0.29951,0.1383698,0.5692954,0.0,2.4185758,0.0,2.9465756,3.103195,2.6920938,-0.15661922,12.2,17.222221,17.222221,17.222221,2.0
resstock-amy2018-2021-release-1-515536,0.5181655,0.0,0.19288337,0.0,0.0,0.1996115,0.0,0.0,0.0,0.0,0.0,0.0,0.0,0.0,-0.528,0.0,-0.528,0.24415441,6.59981107711792,1.611372970234548,0.528,0.0,0.0,-0.0,0.0,-0.0,0.0,0.0,-0.0,0.0,9.515837,0.0,0.0,0.374492,-0.10399674,-0.030245975,0.0,0.0,0.0,0.0,0.2908358,0.1383698,0.56324536,0.0,0.0,-0.10399674,0.42400324,0.5741035,0.374492,-0.15010022,12.8,17.222221,17.222221,17.222221,2.0
resstock-amy2018-2021-release-1-515536,0.89058083,0.0,0.0,0.0,0.0,0.0,0.0,0.0,0.0,0.0,0.0,0.0,0.0,0.0,-0.528,0.0,-0.528,0.15792198,6.59979772567749,1.0422531560631043,0.528,0.0,0.0,-0.0,0.0,-0.0,0.0,0.0,-0.0,0.0,9.515837,0.0,0.0,0.45781758,-0.19869252,-0.06114178,0.0,0.0,0.0,0.0,0.3077206,0.1383698,0.56670576,0.0,0.0,-0.19869252,0.3293075,0.4578176,0.45781758,-0.1285101,12.8,17.721638,17.222221,17.222221,2.0
resstock-amy2018-2021-release-1-515536,1.0648127,0.0,0.19288345,0.0,0.0,0.19961157,0.0,0.0,0.0,0.0,0.0,0.0,0.0,0.0,-0.528,0.0,-0.528,0.071827374,6.5997843742370605,0.4740451831990704,0.528,0.0,0.0,-0.0,0.0,-0.0,0.0,0.0,-0.0,0.0,9.515837,0.0,0.0,0.45682323,0.041522488,0.013199301,0.023857245,0.0,0.0,0.0,0.3178832,0.1383698,0.574562,0.0,0.041522488,0.0,0.5695225,0.65643483,0.45682323,-0.08691232,13.3,17.95644,17.222221,17.222221,2.0
resstock-amy2018-2021-release-1-515536,0.8562785,0.0,0.0,0.0,0.0,0.0,0.0,0.0,0.0,0.0,0.0,0.0,0.0,0.0,-0.4410911,0.0,-0.4410911,0.0,6.599773406982422,0.0,0.4410911,0.0,0.0,-0.0,0.0,-0.0,0.0,0.0,-0.0,0.0,9.515837,0.0,0.0,0.69214076,0.2204879,0.071598455,0.13075373,0.0,0.0,0.0,0.3247274,0.1383698,0.59301996,0.0,0.2204879,0.0,0.661579,0.6921408,0.69214076,-0.030561775,11.7,17.934895,17.222221,17.222221,2.0
resstock-amy2018-2021-release-1-515536,0.4251954,0.0,0.0,0.0,0.0,0.0,0.0,0.0,0.0,0.0,0.0,0.0,0.0,0.0,0.0,0.0,0.0,0.0,6.599773406982422,0.0,-0.0,0.0,0.0,-0.0,0.0,-0.0,0.0,0.0,-0.0,0.0,9.515837,0.0,0.0,0.8754759,0.8754759,0.3053215,0.5355648,0.0,0.0,0.0,0.3487492,0.1383698,0.6117413,0.0,0.8754759,0.0,0.8754759,0.8754759,0.8754759,-0.0,11.7,17.782757,17.222221,17.222221,2.0
resstock-amy2018-2021-release-1-515536,0.44298348,0.0,0.57864857,0.0,0.0,0.5988329,0.0,0.0,0.0,0.0,0.0,0.0,0.0,0.0,0.0,0.0,0.0,0.0,6.599773406982422,0.0,-0.0,0.0,0.0,-0.0,0.0,-0.0,0.0,0.0,-0.0,0.0,9.515837,0.0,0.0,0.9186642,1.5174971,0.5600138,0.8885062,0.0,0.0,0.0,0.3690378,0.1383698,0.5855077,0.0,1.5174971,0.0,1.5174971,1.5174971,0.9186642,-0.0,10.6,17.694193,17.222221,17.222221,2.0
resstock-amy2018-2021-release-1-515536,0.0,0.0,0.1691457,0.0,0.0,0.17504582,0.0,0.0,0.0,0.0,0.0,0.0,0.0,0.0,0.0,0.0,0.0,0.0,6.599773406982422,0.0,-0.0,0.0,0.0,-0.0,0.0,-0.0,0.0,0.0,-0.0,0.0,9.515837,0.0,0.0,2.3397303,2.514776,0.96925104,1.3236108,0.0,0.0,0.0,0.3854224,0.1383698,0.52633345,0.0,2.514776,0.0,2.514776,2.514776,2.3397303,-0.0,10.6,17.596064,19.444445,19.444445,2.0
resstock-amy2018-2021-release-1-515536,0.0,1.1644928,0.0,0.0,0.61979985,0.0,0.0,0.0,0.0,0.0,0.0,0.0,0.0,0.0,0.0,0.0,0.0,0.0,6.599773406982422,0.0,-0.0,0.0,0.0,-0.0,0.0,-0.0,0.0,0.0,-0.0,0.0,9.515837,1.1644928,0.0,0.6965788,1.3163786,0.4938394,0.6905079,0.0,0.0,0.0,0.37515,0.1383698,0.52455115,0.0,1.3163786,0.0,1.3163786,1.3163786,0.6965788,-0.0,10.6,18.327127,21.11111,21.11111,2.0
resstock-amy2018-2021-release-1-515536,0.0,1.6554564,0.0,0.0,0.93966293,0.0,0.0,0.0,0.0,0.0,0.0,0.0,0.0,0.0,0.0,0.0,0.0,0.0,6.599773406982422,0.0,-0.0,0.0,0.0,-0.0,0.0,-0.0,0.0,0.0,-0.0,0.0,9.515837,1.6554564,0.0,0.57241136,1.5120742,0.50868446,0.7811167,0.0,0.0,0.0,0.336415,0.1383698,0.51658624,0.0,1.5120742,0.0,1.5120742,1.5120742,0.57241136,-0.0,8.3,18.409582,21.11111,21.11111,2.0
resstock-amy2018-2021-release-1-515536,0.0,1.8147635,0.19288333,0.0,1.0747367,0.19961146,0.0,0.0,0.0,0.0,0.0,0.0,0.0,0.0,0.6006,0.6006,0.0,0.08514873,6.599758148193359,0.5619610205600054,-0.0,0.6006,0.0,-0.0,0.0,-0.0,0.0,0.0,-0.0,0.0,9.515837,1.8147635,0.0,0.4214056,2.2963538,0.7377886,1.1621962,0.0,0.0,0.0,0.321287,0.1383698,0.506105,0.0,2.2963538,0.0,1.6957538,1.6957538,0.4214056,-0.0,6.7,18.349487,20.0,20.0,2.0
resstock-amy2018-2021-release-1-515536,0.0,1.1381934,0.3857661,0.0,0.63555527,0.3992223,0.0,0.0,0.0,0.0,0.0,0.0,0.0,0.0,0.6006,0.6006,0.0,0.17016138,6.599742889404297,1.1230213667074054,-0.0,0.6006,0.0,-0.0,0.0,-0.0,0.0,0.0,-0.0,0.0,9.515837,1.1381934,0.0,0.4004935,2.035871,0.6452319,0.99063444,0.0,0.0,0.0,0.3169316,0.1383698,0.48658997,0.0,2.035871,0.0,1.435271,1.435271,0.4004935,-0.0,8.9,17.761715,18.333334,18.333334,2.0
resstock-amy2018-2021-release-1-515536,0.0,0.0,0.0,0.0,0.0,0.0,0.0,0.0,0.0,0.0,0.0,0.0,0.0,0.0,0.6006,0.6006,0.0,0.25503817,6.599727630615234,1.6831824706536054,-0.0,0.6006,0.0,-0.0,0.0,-0.0,0.0,0.0,-0.0,0.0,9.515837,0.0,0.0,0.36628777,0.9668878,0.30642548,0.48912704,0.0,0.0,0.0,0.3169194,0.1383698,0.5058778,0.0,0.9668878,0.0,0.36628777,0.36628777,0.36628777,-0.0,8.9,16.735165,19.444445,19.444445,2.0
resstock-amy2018-2021-release-1-515536,0.0,1.7895877,0.0,0.0,1.015798,0.0,0.0,0.0,0.0,0.0,0.0,0.0,0.0,0.0,0.6006,0.6006,0.0,0.3397793,6.599712371826172,2.2424455679100674,-0.0,0.6006,0.0,-0.0,0.0,-0.0,0.0,0.0,-0.0,0.0,9.515837,1.7895877,0.0,0.37762377,1.9940218,0.6317739,0.9650691,0.0,0.0,0.0,0.316834,0.1383698,0.48398122,0.0,1.9940218,0.0,1.3934218,1.3934218,0.37762377,-0.0,8.3,17.967323,21.11111,21.11111,2.0
resstock-amy2018-2021-release-1-515536,0.9975542,2.0943162,0.0,0.0,1.224191,0.0,0.0,0.0,0.0,0.0,0.0,0.0,0.0,0.0,0.6006,0.6006,0.0,0.42438498,6.599697113037109,2.800812336521062,-0.0,0.6006,0.0,-0.0,0.0,-0.0,0.0,0.0,-0.0,0.0,9.515837,2.0943162,0.0,0.32408357,2.1488745,0.66196084,1.0803857,0.0,0.0,0.0,0.30805,0.1383698,0.50276816,0.0,2.1488745,0.0,1.5482745,1.5482745,0.32408357,-0.0,7.2,17.727968,17.777779,17.777779,2.0
resstock-amy2018-2021-release-1-515536,0.0,0.0,0.68142587,0.0,0.0,0.70519525,0.0,0.0,0.0,0.0,0.0,0.0,0.0,0.0,0.6006,0.6006,0.0,0.50885546,6.599681854248047,3.3582841594866295,-0.0,0.6006,0.0,-0.0,0.0,-0.0,0.0,0.0,-0.0,0.0,9.515837,0.0,0.0,0.33162355,1.6374187,0.50440687,0.84250927,0.0,0.0,0.0,0.30805,0.1383698,0.514535,0.0,1.6374187,0.0,1.0368187,1.0368187,0.33162355,-0.0,7.2,16.663391,17.777779,17.777779,2.0
resstock-amy2018-2021-release-1-515536,0.0,0.7360976,0.0,0.0,0.43593067,0.0,0.0,0.0,0.0,0.0,0.0,0.0,0.0,0.0,0.6006,0.6006,0.0,0.5931909,6.599666595458984,3.9148622231086847,-0.0,0.6006,0.0,-0.0,0.0,-0.0,0.0,0.0,-0.0,0.0,9.515837,0.7360976,0.0,0.3979397,1.4344704,0.45219642,0.7694119,0.0,0.0,0.0,0.3152358,0.1383698,0.5363735,0.0,1.4344704,0.0,0.8338704,0.8338704,0.3979397,-0.0,6.7,16.509888,17.777779,17.777779,2.0
resstock-amy2018-2021-release-1-515536,0.0,0.84478086,0.0,0.0,0.4937999,0.0,0.0,0.0,0.0,0.0,0.0,0.0,0.0,0.0,0.6006,0.6006,0.0,0.6773916,6.599651336669922,4.47054830373304,-0.0,0.6006,0.0,-0.0,0.0,-0.0,0.0,0.0,-0.0,0.0,9.515837,0.84478086,0.0,0.47115648,1.5655564,0.49351943,0.85896134,0.0,0.0,0.0,0.3152358,0.1383698,0.548662,0.0,1.5655564,0.0,0.9649564,0.9649564,0.47115648,-0.0,7.2,16.331928,17.777779,17.777779,2.0
resstock-amy2018-2021-release-1-515536,0.0,0.97062224,0.0,0.0,0.55094033,0.0,0.0,0.0,0.0,0.0,0.0,0.0,0.0,0.0,0.6006,0.6006,0.0,0.7614577,6.599636077880859,5.025343587635689,-0.0,0.6006,0.0,-0.0,0.0,-0.0,0.0,0.0,-0.0,0.0,9.515837,0.97062224,0.0,0.5518237,1.703364,0.56389356,0.9378059,0.0,0.0,0.0,0.331047,0.1383698,0.5505611,0.0,1.703364,0.0,1.102764,1.102764,0.5518237,-0.0,8.3,16.298813,18.88889,18.88889,2.0
resstock-amy2018-2021-release-1-515536,0.0,1.7358854,0.8614271,0.0,0.9693002,0.8914753,0.0,0.0,0.0,0.0,0.0,0.0,0.0,0.0,0.6006,0.6006,0.0,0.8453894,6.599620819091797,5.579249654449768,-0.0,0.6006,0.0,-0.0,0.0,-0.0,0.0,0.0,-0.0,0.0,9.515837,1.7358854,0.0,0.50359637,2.964972,0.9955439,1.6535399,0.0,0.0,0.0,0.3357684,0.1383698,0.5576916,0.0,2.964972,0.0,2.364372,2.364372,0.50359637,-0.0,8.9,16.710926,17.222221,17.222221,2.0
resstock-amy2018-2021-release-1-515536,0.0,0.0,0.0,0.0,0.0,0.0,0.0,0.0,0.0,0.0,0.0,0.0,0.0,0.0,0.6006,0.6006,0.0,0.92918706,6.599605560302734,6.132268083793861,-0.0,0.6006,0.0,-0.0,0.0,-0.0,0.0,0.0,-0.0,0.0,9.515837,0.0,0.0,0.45936897,1.0362022,0.36137468,0.5892875,0.0,0.0,0.0,0.3487492,0.1383698,0.56869936,0.0,1.0362022,0.0,0.4356022,0.45936897,0.45936897,-0.02376678,9.4,15.861086,17.222221,17.222221,2.0
resstock-amy2018-2021-release-1-515536,0.0,0.8856708,0.5791991,0.0,0.45641646,0.5994026,0.0,0.0,0.0,0.0,0.0,0.0,0.0,0.0,-0.528,0.0,-0.528,0.8418599,6.599592208862305,5.5559318859258155,0.528,0.0,0.0,-0.0,0.0,-0.0,0.0,0.0,-0.0,0.0,9.515837,0.8856708,0.0,0.4431241,0.9104452,0.3071094,0.52213836,0.0,0.0,0.0,0.3373178,0.1383698,0.57349783,0.0,0.9104452,0.0,1.4384452,1.4989432,0.4431241,-0.06049798,11.7,16.332764,17.222221,17.222221,2.0
resstock-amy2018-2021-release-1-515536,0.0,0.0,0.9754168,0.0,0.0,1.0094411,0.0,0.0,0.0,0.0,0.0,0.0,0.0,0.0,-0.528,0.0,-0.528,0.7546721,6.599578857421875,4.980518101974667,0.528,0.0,0.0,-0.0,0.0,-0.0,0.0,0.0,-0.0,0.0,9.515837,0.0,0.0,0.48234865,0.9074986,0.29752398,0.5263961,0.0,0.0,0.0,0.3278506,0.1383698,0.5800517,0.0,0.9074986,0.0,1.4354986,1.4917898,0.48234865,-0.05629117,11.7,16.034943,17.222221,17.222221,2.0
resstock-amy2018-2021-release-1-515536,0.0,0.7987621,0.0,0.0,0.39811876,0.0,0.0,0.0,0.0,0.0,0.0,0.0,0.0,0.0,-0.528,0.0,-0.528,0.66762376,6.599565505981445,4.406026726356231,0.528,0.0,0.0,-0.0,0.0,-0.0,0.0,0.0,-0.0,0.0,9.515837,0.7987621,0.0,0.5626313,0.39057565,0.12691458,0.23237062,0.0,0.0,0.0,0.32494235,0.1383698,0.59494394,0.0,0.39057565,0.0,0.91857564,0.9607501,0.5626313,-0.04217445,12.8,16.485626,17.222221,17.222221,2.0
resstock-amy2018-2021-release-1-515536,0.07010235,0.0,1.0054222,0.0,0.0,1.0404932,0.0,0.0,0.0,0.0,0.0,0.0,0.0,0.0,-0.528,0.0,-0.528,0.5807146,6.599552154541016,3.8324561800304764,0.528,0.0,0.0,-0.0,0.0,-0.0,0.0,0.0,-0.0,0.0,9.515837,0.0,0.0,0.5651552,1.0406263,0.33596462,0.63073117,0.0,0.0,0.0,0.3228485,0.1383698,0.6061073,0.0,1.0406263,0.0,1.5686263,1.6056484,0.5651552,-0.037022132,13.9,16.137777,17.222221,17.222221,2.0
resstock-amy2018-2021-release-1-515536,0.0,0.7410089,0.19306625,0.0,0.3636362,0.19980076,0.0,0.0,0.0,0.0,0.0,0.0,0.0,0.0,-0.528,0.0,-0.528,0.49394426,6.599538803100586,3.259804293925356,0.528,0.0,0.0,-0.0,0.0,-0.0,0.0,0.0,-0.0,0.0,9.515837,0.7410089,0.0,0.374492,0.37697256,0.12165804,0.23182826,0.0,0.0,0.0,0.32272387,0.1383698,0.61497384,0.0,0.37697256,0.0,0.90497255,0.9379289,0.374492,-0.03295639,13.3,16.635464,17.222221,17.222221,2.0
resstock-amy2018-2021-release-1-515536,0.0,0.0,0.57914805,0.0,0.0,0.5993498,0.0,0.0,0.0,0.0,0.0,0.0,0.0,0.0,-0.528,0.0,-0.528,0.40731257,6.599525451660156,2.6880696857110706,0.528,0.0,0.0,-0.0,0.0,-0.0,0.0,0.0,-0.0,0.0,9.515837,0.0,0.0,0.40463504,0.45640182,0.14935878,0.28332794,0.0,0.0,0.0,0.3272528,0.1383698,0.62078613,0.0,0.45640182,0.0,0.9844018,1.0039848,0.40463504,-0.019583024,13.3,16.23945,17.222221,17.222221,2.0
resstock-amy2018-2021-release-1-515536,0.0,0.0,0.0,0.0,0.0,0.0,0.0,0.0,0.0,0.0,0.0,0.0,0.0,0.0,-0.528,0.0,-0.528,0.32081938,6.599512100219727,2.117251366430537,0.528,0.0,0.0,-0.0,0.0,-0.0,0.0,0.0,-0.0,0.0,9.515837,0.0,0.0,0.5147195,-0.025592025,-0.008479657,0.0,0.0,0.0,0.0,0.3313398,0.1383698,0.6202313,0.0,0.0,-0.025592025,0.50240797,0.5147195,0.5147195,-0.012311514,12.2,16.116562,17.222221,17.222221,2.0
resstock-amy2018-2021-release-1-515536,0.0,0.7303324,0.0,0.0,0.37075016,0.0,0.0,0.0,0.0,0.0,0.0,0.0,0.0,0.0,-0.528,0.0,-0.528,0.23446439,6.599498748779297,1.547347462072878,0.528,0.0,0.0,-0.0,0.0,-0.0,0.0,0.0,-0.0,0.0,9.515837,0.7303324,0.0,0.75903153,0.5979879,0.20333154,0.37104213,0.0,0.0,0.0,0.3400262,0.1383698,0.62048435,0.0,0.5979879,0.0,1.1259879,1.1297817,0.75903153,-0.0037938398,12.2,16.473684,17.222221,17.222221,2.0
resstock-amy2018-2021-release-1-515536,0.0,0.0,0.19306658,0.0,0.0,0.1998011,0.0,0.0,0.0,0.0,0.0,0.0,0.0,0.0,-0.528,0.0,-0.528,0.14824745,6.599485397338867,0.9783568853623024,0.528,0.0,0.0,-0.0,0.0,-0.0,0.0,0.0,-0.0,0.0,9.515837,0.0,0.0,1.0660496,0.73785067,0.30110946,0.4566666,0.0,0.0,0.0,0.40809,0.1383698,0.61891466,0.0,0.73785067,0.0,1.2658507,1.2658507,1.0660496,0.0,12.2,16.134659,17.222221,17.222221,2.0
resstock-amy2018-2021-release-1-515536,0.0,0.7076609,0.12547864,0.0,0.3646819,0.12985557,0.0,0.0,0.0,0.0,0.0,0.0,0.0,0.0,-0.528,0.0,-0.528,0.06216829,6.5994720458984375,0.4102778852381448,0.528,0.0,0.0,-0.0,0.0,-0.0,0.0,0.0,-0.0,0.0,9.515837,0.7076609,0.0,0.88635784,0.8528953,0.33245006,0.5174808,0.0,0.0,0.0,0.38979,0.1383698,0.6067342,0.0,0.8528953,0.0,1.3808954,1.3808954,0.88635784,-0.0,11.7,16.615421,17.222221,17.222221,2.0
resstock-amy2018-2021-release-1-515536,0.0,0.0,0.3855519,0.0,0.0,0.39900067,0.0,0.0,0.0,0.0,0.0,0.0,0.0,0.0,-0.38177478,0.0,-0.38177478,0.0,6.599462509155273,0.0,0.38177478,0.0,0.0,-0.0,0.0,-0.0,0.0,0.0,-0.0,0.0,9.515837,0.0,0.0,1.0819646,1.0991905,0.4324765,0.6593995,0.0,0.0,0.0,0.39345,0.1383698,0.5998956,0.0,1.0991905,0.0,1.4809653,1.4809653,1.0819646,-0.0,12.2,16.27293,17.222221,17.222221,2.0
resstock-amy2018-2021-release-1-515536,0.0,0.0,0.3861307,0.0,0.0,0.39959964,0.0,0.0,0.0,0.0,0.0,0.0,0.0,0.0,0.0,0.0,0.0,0.0,6.599462509155273,0.0,-0.0,0.0,0.0,-0.0,0.0,-0.0,0.0,0.0,-0.0,0.0,9.515837,0.0,0.0,2.790671,3.1902707,1.1032244,1.8932033,0.0,0.0,0.0,0.345809,0.1383698,0.5934303,0.0,3.1902707,0.0,3.1902707,3.1902707,2.790671,-0.0,13.3,16.28371,17.222221,17.222221,2.0
resstock-amy2018-2021-release-1-515536,0.0,0.0,0.0,0.0,0.0,0.0,0.0,0.0,0.0,0.0,0.0,0.0,0.0,0.0,0.0,0.0,0.0,0.0,6.599462509155273,0.0,-0.0,0.0,0.0,-0.0,0.0,-0.0,0.0,0.0,-0.0,0.0,9.515837,0.0,0.0,0.7864259,0.7864259,0.2605742,0.46108124,0.0,0.0,0.0,0.3313398,0.1383698,0.58629966,0.0,0.7864259,0.0,0.7864259,0.7864259,0.7864259,-0.0,11.1,16.083345,17.222221,17.222221,2.0
resstock-amy2018-2021-release-1-515536,0.0,0.7522732,0.0,0.0,0.39461267,0.0,0.0,0.0,0.0,0.0,0.0,0.0,0.0,0.0,0.6006,0.6006,0.0,0.08514873,6.599447250366211,0.5619345480050555,-0.0,0.6006,0.0,-0.0,0.0,-0.0,0.0,0.0,-0.0,0.0,9.515837,0.7522732,0.0,0.47916222,1.4743749,0.48020893,0.852525,0.0,0.0,0.0,0.3257034,0.1383698,0.5782281,0.0,1.4743749,0.0,0.8737749,0.8737749,0.47916222,-0.0,11.1,16.403633,17.222221,17.222221,2.0
resstock-amy2018-2021-release-1-515536,0.0,0.0,0.0,0.0,0.0,0.0,0.0,0.0,0.0,0.0,0.0,0.0,0.0,0.0,0.6006,0.6006,0.0,0.17016138,6.599431991577148,1.1229684639036748,-0.0,0.6006,0.0,-0.0,0.0,-0.0,0.0,0.0,-0.0,0.0,9.515837,0.0,0.0,0.4004935,1.0010935,0.31449354,0.5697808,0.0,0.0,0.0,0.31415,0.1383698,0.56915843,0.0,1.0010935,0.0,0.4004935,0.4004935,0.4004935,-0.0,10.6,15.676864,18.88889,18.88889,2.0
resstock-amy2018-2021-release-1-515536,0.0,2.1216717,0.0,0.0,1.1292571,0.0,0.0,0.0,0.0,0.0,0.0,0.0,0.0,0.0,0.6006,0.6006,0.0,0.25503817,6.599416732788086,1.6831031798400886,-0.0,0.6006,0.0,-0.0,0.0,-0.0,0.0,0.0,-0.0,0.0,9.515837,2.1216717,0.0,0.36628777,2.096145,0.6221136,1.1203753,0.0,0.0,0.0,0.2967894,0.1383698,0.5344932,0.0,2.096145,0.0,1.4955449,1.4955449,0.36628777,-0.0,10.6,17.266932,19.444445,19.444445,2.0
resstock-amy2018-2021-release-1-515536,0.0,1.4593413,0.19324495,0.0,0.77673256,0.1999857,0.0,0.0,0.0,0.0,0.0,0.0,0.0,0.0,0.6006,0.6006,0.0,0.3397793,6.599401473999023,2.24233993126785,-0.0,0.6006,0.0,-0.0,0.0,-0.0,0.0,0.0,-0.0,0.0,9.515837,1.4593413,0.0,0.37762377,1.9549421,0.52802163,1.0422466,0.0,0.0,0.0,0.2700958,0.1383698,0.5331342,0.0,1.9549421,0.0,1.3543421,1.3543421,0.37762377,-0.0,10.6,16.645195,17.777779,17.777779,2.0
resstock-amy2018-2021-release-1-515536,0.0,0.7833644,0.0,0.0,0.4313996,0.0,0.0,0.0,0.0,0.0,0.0,0.0,0.0,0.0,0.6006,0.6006,0.0,0.42438498,6.599386215209961,2.8006803961524724,-0.0,0.6006,0.0,-0.0,0.0,-0.0,0.0,0.0,-0.0,0.0,9.515837,0.7833644,0.0,0.32408357,1.3560832,0.31847614,0.71579874,0.0,0.0,0.0,0.23485,0.1383698,0.5278428,0.0,1.3560832,0.0,0.75548315,0.75548315,0.32408357,-0.0,9.4,16.322733,17.777779,17.777779,2.0
resstock-amy2018-2021-release-1-515536,0.0,1.0037707,0.0,0.0,0.5527776,0.0,0.0,0.0,0.0,0.0,0.0,0.0,0.0,0.0,0.6006,0.6006,0.0,0.50885546,6.599370956420898,3.358125957429138,-0.0,0.6006,0.0,-0.0,0.0,-0.0,0.0,0.0,-0.0,0.0,9.515837,1.0037707,0.0,0.33162355,1.4850011,0.339694,0.7828657,0.0,0.0,0.0,0.22875,0.1383698,0.5271819,0.0,1.4850011,0.0,0.8844011,0.8844011,0.33162355,-0.0,9.4,16.32408,17.777779,17.777779,2.0
resstock-amy2018-2021-release-1-515536,0.0,1.0123973,0.0,0.0,0.54818773,0.0,0.0,0.0,0.0,0.0,0.0,0.0,0.0,0.0,0.6006,0.6006,0.0,0.5931909,6.599355697631836,3.914677801344169,-0.0,0.6006,0.0,-0.0,0.0,-0.0,0.0,0.0,-0.0,0.0,9.515837,1.0123973,0.0,0.38727137,1.5360591,0.34881338,0.8077116,0.0,0.0,0.0,0.2270833,0.1383698,0.52583367,0.0,1.5360591,0.0,0.93545914,0.93545914,0.38727137,-0.0,10.0,16.295433,17.777779,17.777779,2.0
resstock-amy2018-2021-release-1-515536,0.0,1.0348542,0.0,0.0,0.5873994,0.0,0.0,0.0,0.0,0.0,0.0,0.0,0.0,0.0,0.6006,0.6006,0.0,0.6773916,6.599340438842773,4.470337704159988,-0.0,0.6006,0.0,-0.0,0.0,-0.0,0.0,0.0,-0.0,0.0,9.515837,1.0348542,0.0,0.4525082,1.6405077,0.44309422,0.8515679,0.0,0.0,0.0,0.2700958,0.1383698,0.51908803,0.0,1.6405077,0.0,1.0399077,1.0399077,0.4525082,-0.0,8.3,16.119577,17.777779,17.777779,2.0
resstock-amy2018-2021-release-1-515536,0.0,1.1498637,0.0,0.0,0.6226224,0.0,0.0,0.0,0.0,0.0,0.0,0.0,0.0,0.0,0.6006,0.6006,0.0,0.7614577,6.599325180053711,5.025106852096997,-0.0,0.6006,0.0,-0.0,0.0,-0.0,0.0,0.0,-0.0,0.0,9.515837,1.1498637,0.0,0.6661338,1.8893561,0.6087082,0.97919977,0.0,0.0,0.0,0.3221776,0.1383698,0.5182717,0.0,1.8893561,0.0,1.2887561,1.2887561,0.6661338,-0.0,10.0,16.064873,17.222221,17.222221,2.0
resstock-amy2018-2021-release-1-515536,0.0,0.8223061,0.0,0.0,0.46675378,0.0,0.0,0.0,0.0,0.0,0.0,0.0,0.0,0.0,0.6006,0.6006,0.0,0.8453894,6.599309921264648,5.578986824714207,-0.0,0.6006,0.0,-0.0,0.0,-0.0,0.0,0.0,-0.0,0.0,9.515837,0.8223061,0.0,0.5271989,1.5945528,0.51382643,0.8285062,0.0,0.0,0.0,0.3222386,0.1383698,0.5195853,0.0,1.5945528,0.0,0.99395275,0.99395275,0.5271989,-0.0,8.3,15.627561,17.222221,17.222221,2.0
resstock-amy2018-2021-release-1-515536,0.0,1.1083082,0.0,0.0,0.58989567,0.0,0.0,0.0,0.0,0.0,0.0,0.0,0.0,0.0,0.6006,0.6006,0.0,0.92918706,6.599294662475586,6.131979201556078,-0.0,0.6006,0.0,-0.0,0.0,-0.0,0.0,0.0,-0.0,0.0,9.515837,1.1083082,0.0,0.51018864,1.7000866,0.56465447,0.88666666,0.0,0.0,0.0,0.3321328,0.1383698,0.5215421,0.0,1.7000866,0.0,1.0994866,1.1000843,0.51018864,-0.0005977531,10.6,15.832691,17.222221,17.222221,2.0
resstock-amy2018-2021-release-1-515536,0.0,0.95961916,0.0,0.0,0.4945246,0.0,0.0,0.0,0.0,0.0,0.0,0.0,0.0,0.0,-0.528,0.0,-0.528,0.8418599,6.599281311035156,5.555670153519259,0.528,0.0,0.0,-0.0,0.0,-0.0,0.0,0.0,-0.0,0.0,9.515837,0.95961916,0.0,0.4431241,0.4029856,0.13323018,0.21369374,0.0,0.0,0.0,0.3306078,0.1383698,0.53027636,0.0,0.4029856,0.0,0.93098557,0.93764865,0.4431241,-0.00666306,11.7,15.814991,17.222221,17.222221,2.0
resstock-amy2018-2021-release-1-515536,0.0,1.0039753,0.19324496,0.0,0.5004011,0.19998571,0.0,0.0,0.0,0.0,0.0,0.0,0.0,0.0,-0.528,0.0,-0.528,0.7546721,6.599267959594727,4.980283476055433,0.528,0.0,0.0,-0.0,0.0,-0.0,0.0,0.0,-0.0,0.0,9.515837,1.0039753,0.0,0.42868608,0.5875057,0.18928117,0.3124399,0.0,0.0,0.0,0.3221776,0.1383698,0.5318074,0.0,0.5875057,0.0,1.1155057,1.1290729,0.42868608,-0.0135672055,12.8,15.981081,18.88889,18.88889,2.0
resstock-amy2018-2021-release-1-515536,0.0,2.0035193,0.0,0.0,0.9985935,0.0,0.0,0.0,0.0,0.0,0.0,0.0,0.0,0.0,-0.528,0.0,-0.528,0.66762376,6.599254608154297,4.405819163580418,0.528,0.0,0.0,-0.0,0.0,-0.0,0.0,0.0,-0.0,0.0,9.515837,2.0035193,0.0,0.37205753,0.8340796,0.25714174,0.44286633,0.0,0.0,0.0,0.308294,0.1383698,0.5309641,0.0,0.8340796,0.0,1.3620796,1.370651,0.37205753,-0.008571366,12.8,16.689579,17.222221,17.222221,2.0
resstock-amy2018-2021-release-1-515536,0.0,0.0,0.7729749,0.0,0.0,0.7999377,0.0,0.0,0.0,0.0,0.0,0.0,0.0,0.0,-0.528,0.0,-0.528,0.5807146,6.599241256713867,3.832275637128305,0.528,0.0,0.0,-0.0,0.0,-0.0,0.0,0.0,-0.0,0.0,9.515837,0.0,0.0,0.5143356,0.7735337,0.2335685,0.40528533,0.0,0.0,0.0,0.30195,0.1383698,0.5239401,0.0,0.7735337,0.0,1.3015337,1.3142734,0.5143356,-0.012739621,11.7,15.747757,17.222221,17.222221,2.0
resstock-amy2018-2021-release-1-515536,0.0,0.9594122,0.0,0.0,0.49441797,0.0,0.0,0.0,0.0,0.0,0.0,0.0,0.0,0.0,-0.528,0.0,-0.528,0.49394426,6.5992279052734375,3.2596507277289675,0.528,0.0,0.0,-0.0,0.0,-0.0,0.0,0.0,-0.0,0.0,9.515837,0.9594122,0.0,0.374492,0.3317719,0.100081384,0.169675,0.0,0.0,0.0,0.3016572,0.1383698,0.5114206,0.0,0.3317719,0.0,0.8597719,0.86890996,0.374492,-0.009138063,11.7,16.216602,17.222221,17.222221,2.0
resstock-amy2018-2021-release-1-515536,0.0,0.67185956,0.0,0.0,0.3420998,0.0,0.0,0.0,0.0,0.0,0.0,0.0,0.0,0.0,-0.528,0.0,-0.528,0.40731257,6.599214553833008,2.687943053117465,0.528,0.0,0.0,-0.0,0.0,-0.0,0.0,0.0,-0.0,0.0,9.515837,0.67185956,0.0,0.45781758,0.26221994,0.08084083,0.130831,0.0,0.0,0.0,0.308294,0.1383698,0.49893615,0.0,0.26221994,0.0,0.7902199,0.79991734,0.45781758,-0.009697417,12.1,15.989649,17.222221,17.222221,2.0
resstock-amy2018-2021-release-1-515536,0.0,0.8179946,0.0,0.0,0.42154062,0.0,0.0,0.0,0.0,0.0,0.0,0.0,0.0,0.0,-0.528,0.0,-0.528,0.32081938,6.599201202392578,2.117151624383041,0.528,0.0,0.0,-0.0,0.0,-0.0,0.0,0.0,-0.0,0.0,9.515837,0.8179946,0.0,0.6934958,0.57808286,0.18513104,0.28137589,0.0,0.0,0.0,0.32025,0.1383698,0.4867397,0.0,0.57808286,0.0,1.1060829,1.1150365,0.6934958,-0.008953618,11.7,16.089972,17.222221,17.222221,2.0
resstock-amy2018-2021-release-1-515536,0.0,0.74749726,0.16940905,0.0,0.39199248,0.17531836,0.0,0.0,0.0,0.0,0.0,0.0,0.0,0.0,-0.528,0.0,-0.528,0.23446439,6.599187850952148,1.547274567602841,0.528,0.0,0.0,-0.0,0.0,-0.0,0.0,0.0,-0.0,0.0,9.515837,0.74749726,0.0,0.69214076,0.7277585,0.23741521,0.35278642,0.0,0.0,0.0,0.326228,0.1383698,0.48475754,0.0,0.7277585,0.0,1.2557585,1.2594516,0.69214076,-0.0036931292,11.11,15.769713,17.222221,17.222221,2.0
resstock-amy2018-2021-release-1-515536,0.0,0.9591664,0.38649,0.0,0.5031406,0.3999715,0.0,0.0,0.0,0.0,0.0,0.0,0.0,0.0,-0.528,0.0,-0.528,0.14824745,6.599174499511719,0.9783107955520336,0.528,0.0,0.0,-0.0,0.0,-0.0,0.0,0.0,-0.0,0.0,9.515837,0.9591664,0.0,0.9604451,1.3355572,0.44462517,0.6643459,0.0,0.0,0.0,0.3329136,0.1383698,0.49742976,0.0,1.3355572,0.0,1.8635572,1.8635572,0.9604451,0.0,11.1,16.091297,17.222221,17.222221,2.0
resstock-amy2018-2021-release-1-515536,0.0,0.76279,0.0,0.0,0.40012938,0.0,0.0,0.0,0.0,0.0,0.0,0.0,0.0,0.0,-0.528,0.0,-0.528,0.06216829,6.599161148071289,0.41025855725218463,0.528,0.0,0.0,-0.0,0.0,-0.0,0.0,0.0,-0.0,0.0,9.515837,0.76279,0.0,1.177296,1.0494255,0.3488815,0.5450861,0.0,0.0,0.0,0.33245,0.1383698,0.5194138,0.0,1.0494255,0.0,1.5774255,1.5774255,1.177296,-0.0,11.1,16.084595,17.222221,17.222221,2.0
resstock-amy2018-2021-release-1-515536,0.0,0.8005143,0.19324483,0.0,0.4061315,0.19998556,0.0,0.0,0.0,0.0,0.0,0.0,0.0,0.0,-0.38177478,0.0,-0.38177478,0.0,6.599151611328125,0.0,0.38177478,0.0,0.0,-0.0,0.0,-0.0,0.0,0.0,-0.0,0.0,9.515837,0.8005143,0.0,0.9669832,1.1913254,0.39567822,0.62353677,0.0,0.0,0.0,0.3321328,0.1383698,0.5233975,0.0,1.1913254,0.0,1.5731002,1.5731002,0.9669832,-0.0,12.22,16.238766,17.222221,17.222221,2.0
resstock-amy2018-2021-release-1-515536,0.0,0.0,0.32452187,0.0,0.0,0.3358418,0.0,0.0,0.0,0.0,0.0,0.0,0.0,0.0,0.0,0.0,0.0,0.0,6.599151611328125,0.0,-0.0,0.0,0.0,-0.0,0.0,-0.0,0.0,0.0,-0.0,0.0,9.515837,0.0,0.0,4.0780845,4.413926,1.4405925,2.3074462,0.0,0.0,0.0,0.3263744,0.1383698,0.52276504,0.0,4.413926,0.0,4.413926,4.413926,4.0780845,-0.0,11.7,15.8040085,17.222221,17.222221,2.0
resstock-amy2018-2021-release-1-515536,0.0,0.92557204,0.1233207,0.0,0.47555572,0.12762235,0.0,0.0,0.0,0.0,0.0,0.0,0.0,0.0,0.0,0.0,0.0,0.0,6.599151611328125,0.0,-0.0,0.0,0.0,-0.0,0.0,-0.0,0.0,0.0,-0.0,0.0,9.515837,0.92557204,0.0,0.7150877,1.3182658,0.42199773,0.6861227,0.0,0.0,0.0,0.3201158,0.1383698,0.5204737,0.0,1.3182658,0.0,1.3182658,1.3182658,0.7150877,-0.0,11.8,16.37164,18.88889,18.88889,2.0
resstock-amy2018-2021-release-1-515536,0.0,1.6720197,0.0,0.0,0.84879375,0.0,0.0,0.0,0.0,0.0,0.0,0.0,0.0,0.0,0.6006,0.6006,0.0,0.08514873,6.5991363525390625,0.5619080754501056,-0.0,0.6006,0.0,-0.0,0.0,-0.0,0.0,0.0,-0.0,0.0,9.515837,1.6720197,0.0,0.5369188,1.9863126,0.5963018,1.0171899,0.0,0.0,0.0,0.3002054,0.1383698,0.51209956,0.0,1.9863126,0.0,1.3857126,1.3857126,0.5369188,-0.0,12.2,16.805136,20.555555,20.555555,2.0
resstock-amy2018-2021-release-1-515536,1.1364106,2.50304,0.0,0.0,1.2706578,0.0,0.0,0.0,0.0,0.0,0.0,0.0,0.0,0.0,0.6006,0.6006,0.0,0.17016138,6.59912109375,1.1229155610999442,-0.0,0.6006,0.0,-0.0,0.0,-0.0,0.0,0.0,-0.0,0.0,9.515837,2.50304,0.0,0.43045434,2.301712,0.62477165,1.1599858,0.0,0.0,0.0,0.2714378,0.1383698,0.5039665,0.0,2.301712,0.0,1.701112,1.701112,0.43045434,-0.0,12.2,17.494291,17.222221,17.222221,2.0
resstock-amy2018-2021-release-1-515536,0.0,0.0,0.0,0.0,0.0,0.0,0.0,0.0,0.0,0.0,0.0,0.0,0.0,0.0,0.6006,0.6006,0.0,0.25503817,6.5991058349609375,1.6830238890265719,-0.0,0.6006,0.0,-0.0,0.0,-0.0,0.0,0.0,-0.0,0.0,9.515837,0.0,0.0,0.36628777,0.9668878,0.228843,0.46541455,0.0,0.0,0.0,0.23668,0.1383698,0.48135322,0.0,0.9668878,0.0,0.36628777,0.36628777,0.36628777,-0.0,12.4,16.204649,17.777779,17.777779,2.0
resstock-amy2018-2021-release-1-515536,0.0,1.0391152,0.0,0.0,0.5275024,0.0,0.0,0.0,0.0,0.0,0.0,0.0,0.0,0.0,0.6006,0.6006,0.0,0.3397793,6.599090576171875,2.242234294625632,-0.0,0.6006,0.0,-0.0,0.0,-0.0,0.0,0.0,-0.0,0.0,9.515837,1.0391152,0.0,0.39111772,1.5192201,0.35534316,0.7458369,0.0,0.0,0.0,0.2338984,0.1383698,0.49093407,0.0,1.5192201,0.0,0.9186201,0.9186201,0.39111772,-0.0,12.2,16.750246,18.333334,18.333334,2.0
resstock-amy2018-2021-release-1-515536,0.0,1.0559813,0.0,0.0,0.53606445,0.0,0.0,0.0,0.0,0.0,0.0,0.0,0.0,0.0,0.6006,0.6006,0.0,0.42438498,6.5990753173828125,2.8005484557838827,-0.0,0.6006,0.0,-0.0,0.0,-0.0,0.0,0.0,-0.0,0.0,9.515837,1.0559813,0.0,0.32408357,1.460748,0.3074144,0.7100079,0.0,0.0,0.0,0.21045,0.1383698,0.4860578,0.0,1.460748,0.0,0.86014795,0.86014795,0.32408357,-0.0,12.2,16.63604,18.333334,18.333334,2.0
resstock-amy2018-2021-release-1-515536,0.0,1.1417725,0.0,0.0,0.58839446,0.0,0.0,0.0,0.0,0.0,0.0,0.0,0.0,0.0,0.6006,0.6006,0.0,0.50885546,6.59906005859375,3.3579677553716465,-0.0,0.6006,0.0,-0.0,0.0,-0.0,0.0,0.0,-0.0,0.0,9.515837,1.1417725,0.0,0.33162355,1.520618,0.3642966,0.742843,0.0,0.0,0.0,0.2395714,0.1383698,0.48851386,0.0,1.520618,0.0,0.92001796,0.92001796,0.33162355,-0.0,11.7,16.746391,18.333334,18.333334,2.0
resstock-amy2018-2021-release-1-515536,0.0,1.0799812,2.8938081,0.0,0.5565513,2.9947495,0.0,0.0,0.0,0.0,0.0,0.0,0.0,0.0,0.6006,0.6006,0.0,0.5931909,6.5990447998046875,3.9144933795796533,-0.0,0.6006,0.0,-0.0,0.0,-0.0,0.0,0.0,-0.0,0.0,9.515837,1.0799812,0.0,0.3979397,4.5498405,1.1129365,2.263815,0.0,0.0,0.0,0.24461,0.1383698,0.4975592,0.0,4.5498405,0.0,3.9492404,3.9492404,0.3979397,-0.0,11.7,16.71181,18.333334,18.333334,2.0
resstock-amy2018-2021-release-1-515536,0.0,1.1132027,0.0,0.0,0.57367146,0.0,0.0,0.0,0.0,0.0,0.0,0.0,0.0,0.0,0.6006,0.6006,0.0,0.6773916,6.599029541015625,4.470127104586936,-0.0,0.6006,0.0,-0.0,0.0,-0.0,0.0,0.0,-0.0,0.0,9.515837,1.1132027,0.0,0.4525082,1.6267797,0.41181925,0.8287062,0.0,0.0,0.0,0.25315,0.1383698,0.50941515,0.0,1.6267797,0.0,1.0261797,1.0261797,0.4525082,-0.0,11.7,16.670177,18.333334,18.333334,2.0
resstock-amy2018-2021-release-1-515536,0.0,1.1513069,0.0,0.0,0.5844561,0.0,0.0,0.0,0.0,0.0,0.0,0.0,0.0,0.0,0.6006,0.6006,0.0,0.7614577,6.5990142822265625,5.024870116558304,-0.0,0.6006,0.0,-0.0,0.0,-0.0,0.0,0.0,-0.0,0.0,9.515837,1.1513069,0.0,0.52637976,1.7114358,0.5096272,0.88482887,0.0,0.0,0.0,0.2977776,0.1383698,0.5170097,0.0,1.7114358,0.0,1.1108358,1.1108358,0.52637976,-0.0,12.2,16.704573,18.333334,18.333334,2.0
resstock-amy2018-2021-release-1-515536,0.0,1.13061,0.0,0.0,0.5739494,0.0,0.0,0.0,0.0,0.0,0.0,0.0,0.0,0.0,0.6006,0.6006,0.0,0.8453894,6.5989990234375,5.578723994978645,-0.0,0.6006,0.0,-0.0,0.0,-0.0,0.0,0.0,-0.0,0.0,9.515837,1.13061,0.0,0.4007522,1.5753016,0.5044904,0.82481015,0.0,0.0,0.0,0.32025,0.1383698,0.5235887,0.0,1.5753016,0.0,0.97470164,0.97470164,0.4007522,-0.0,12.2,16.635265,19.444445,19.444445,2.0
resstock-amy2018-2021-release-1-515536,0.8137322,1.9026034,1.0997663,0.0,0.91611326,1.1381282,0.0,0.0,0.0,0.0,0.0,0.0,0.0,0.0,0.6006,0.6006,0.0,0.92918706,6.5989837646484375,6.131690319318295,-0.0,0.6006,0.0,-0.0,0.0,-0.0,0.0,0.0,-0.0,0.0,9.515837,1.9026034,0.0,0.40526554,3.0546646,1.0815603,1.6100315,0.0,0.0,0.0,0.3540684,0.1383698,0.5270731,0.0,3.0546646,0.0,2.4540646,2.4595072,0.40526554,-0.0054425206,13.9,17.294998,17.222221,17.222221,2.0
resstock-amy2018-2021-release-1-515536,0.0,0.0,0.6010948,0.0,0.0,0.6220621,0.0,0.0,0.0,0.0,0.0,0.0,0.0,0.0,-0.528,0.0,-0.528,0.8418599,6.598970413208008,5.555408421112702,0.528,0.0,0.0,-0.0,0.0,-0.0,0.0,0.0,-0.0,0.0,9.515837,0.0,0.0,0.4431241,0.49738386,0.16002749,0.26898682,0.0,0.0,0.0,0.3217384,0.1383698,0.54080325,0.0,0.49738386,0.0,1.0253838,1.0651861,0.4431241,-0.03980232,13.3,16.400803,18.88889,18.88889,2.0
resstock-amy2018-2021-release-1-515536,0.0,1.7001286,0.0,0.0,0.8343062,0.0,0.0,0.0,0.0,0.0,0.0,0.0,0.0,0.0,-0.528,0.0,-0.528,0.7546721,6.598957061767578,4.9800488501362,0.528,0.0,0.0,-0.0,0.0,-0.0,0.0,0.0,-0.0,0.0,9.515837,1.7001286,0.0,0.42868608,0.6727161,0.21037352,0.37330058,0.0,0.0,0.0,0.3127226,0.1383698,0.5549155,0.0,0.6727161,0.0,1.200716,1.2629921,0.42868608,-0.062276162,13.3,17.802767,18.88889,18.88889,2.0
resstock-amy2018-2021-release-1-515536,0.0,0.7735317,1.2497329,0.0,0.37245947,1.2933259,0.0,0.0,0.0,0.0,0.0,0.0,0.0,0.0,-0.528,0.0,-0.528,0.66762376,6.598943710327148,4.405611600804605,0.528,0.0,0.0,-0.0,0.0,-0.0,0.0,0.0,-0.0,0.0,9.515837,0.7735317,0.0,0.42586178,1.5047662,0.45161045,0.83443475,0.0,0.0,0.0,0.30012,0.1383698,0.5545278,0.0,1.5047662,0.0,2.0327663,2.0916474,0.42586178,-0.05888097,13.9,17.218225,18.333334,18.333334,2.0
resstock-amy2018-2021-release-1-515536,0.0,0.8472006,0.0,0.0,0.385785,0.0,0.0,0.0,0.0,0.0,0.0,0.0,0.0,0.0,-0.528,0.0,-0.528,0.5807146,6.598930358886719,3.8320950942261334,0.528,0.0,0.0,-0.0,0.0,-0.0,0.0,0.0,-0.0,0.0,9.515837,0.8472006,0.0,0.42878723,0.2382304,0.07030898,0.12636156,0.0,0.0,0.0,0.2951302,0.1383698,0.53041744,0.0,0.2382304,0.0,0.7662304,0.8145722,0.42878723,-0.048341814,15.6,17.608124,18.333334,18.333334,2.0
resstock-amy2018-2021-release-1-515536,0.0,0.0,0.0,0.0,0.0,0.0,0.0,0.0,0.0,0.0,0.0,0.0,0.0,0.0,-0.528,0.0,-0.528,0.49394426,6.598917007446289,3.259497161532579,0.528,0.0,0.0,-0.0,0.0,-0.0,0.0,0.0,-0.0,0.0,9.515837,0.0,0.0,0.4286083,-0.13842948,-0.04129213,0.0,0.0,0.0,0.0,0.29829,0.1383698,0.50575393,0.0,0.0,-0.13842948,0.38957053,0.4286083,0.4286083,-0.03903778,15.6,17.19767,18.88889,18.88889,2.0
resstock-amy2018-2021-release-1-515536,0.0,1.3165067,0.0,0.0,0.56710035,0.0,0.0,0.0,0.0,0.0,0.0,0.0,0.0,0.0,-0.528,0.0,-0.528,0.40731257,6.598903656005859,2.687816420523859,0.528,0.0,0.0,-0.0,0.0,-0.0,0.0,0.0,-0.0,0.0,9.515837,1.3165067,0.0,0.45781758,0.4341336,0.13562568,0.21082188,0.0,0.0,0.0,0.3124054,0.1383698,0.48561522,0.0,0.4341336,0.0,0.9621336,1.024918,0.45781758,-0.062784374,17.2,18.727348,18.88889,18.88889,2.0
resstock-amy2018-2021-release-1-515536,0.0,0.0,0.0,0.0,0.0,0.0,0.0,0.0,0.0,0.0,0.0,0.0,0.0,0.0,-0.528,0.0,-0.528,0.32081938,6.59889030456543,2.117051882335545,0.528,0.0,0.0,-0.0,0.0,-0.0,0.0,0.0,-0.0,0.0,9.515837,0.0,0.0,0.630512,0.034493007,0.011107825,0.017485026,0.0,0.0,0.0,0.3220312,0.1383698,0.5069151,0.0,0.034493007,0.0,0.562493,0.630512,0.630512,-0.068018995,13.9,18.038513,19.444445,19.444445,2.0
resstock-amy2018-2021-release-1-515536,0.0,0.9949786,0.0,0.0,0.47143748,0.0,0.0,0.0,0.0,0.0,0.0,0.0,0.0,0.0,-0.528,0.0,-0.528,0.23446439,6.598876953125,1.547201673132804,0.528,0.0,0.0,-0.0,0.0,-0.0,0.0,0.0,-0.0,0.0,9.515837,0.9949786,0.0,0.8928131,0.81562674,0.27160287,0.40837166,0.0,0.0,0.0,0.332999,0.1383698,0.5006845,0.0,0.81562674,0.0,1.3436267,1.3642505,0.8928131,-0.020623833,14.4,18.953154,19.444445,19.444445,2.0
resstock-amy2018-2021-release-1-515536,0.0,0.0,0.38683483,0.0,0.0,0.40032834,0.0,0.0,0.0,0.0,0.0,0.0,0.0,0.0,-0.528,0.0,-0.528,0.14824745,6.59886360168457,0.9782647057417648,0.528,0.0,0.0,-0.0,0.0,-0.0,0.0,0.0,-0.0,0.0,9.515837,0.0,0.0,0.9604451,0.832312,0.2886536,0.45088133,0.0,0.0,0.0,0.3468094,0.1383698,0.5417215,0.0,0.832312,0.0,1.360312,1.3607734,0.9604451,-0.00046141606,14.4,18.18052,19.444445,19.444445,2.0
resstock-amy2018-2021-release-1-515536,0.0,0.91224414,0.0,0.0,0.42382002,0.0,0.0,0.0,0.0,0.0,0.0,0.0,0.0,0.0,-0.528,0.0,-0.528,0.06216829,6.598850250244141,0.41023922926622447,0.528,0.0,0.0,-0.0,0.0,-0.0,0.0,0.0,-0.0,0.0,9.515837,0.91224414,0.0,0.9867223,0.88254225,0.3095517,0.51031935,0.0,0.0,0.0,0.35075,0.1383698,0.5782379,0.0,0.88254225,0.0,1.4105422,1.4105422,0.9867223,-0.0,15.0,19.158752,19.444445,19.444445,2.0
resstock-amy2018-2021-release-1-515536,0.0,0.0,0.94670355,0.0,0.0,0.9797263,0.0,0.0,0.0,0.0,0.0,0.0,0.0,0.0,-0.38177478,0.0,-0.38177478,0.0,6.598840713500977,0.0,0.38177478,0.0,0.0,-0.0,0.0,-0.0,0.0,0.0,-0.0,0.0,9.515837,0.0,0.0,0.94929373,1.5472453,0.5362783,0.89918363,0.0,0.0,0.0,0.346602,0.1383698,0.5811513,0.0,1.5472453,0.0,1.92902,1.92902,0.94929373,-0.0,15.6,18.481915,19.444445,19.444445,2.0
resstock-amy2018-2021-release-1-515536,0.0,0.0,0.0,0.0,0.0,0.0,0.0,0.0,0.0,0.0,0.0,0.0,0.0,0.0,0.0,0.0,0.0,0.0,6.598840713500977,0.0,-0.0,0.0,0.0,-0.0,0.0,-0.0,0.0,0.0,-0.0,0.0,9.515837,0.0,0.0,0.873099,0.873099,0.29026178,0.48383224,0.0,0.0,0.0,0.33245,0.1383698,0.55415505,0.0,0.873099,0.0,0.873099,0.873099,0.873099,-0.0,15.0,18.403694,20.555555,20.555555,2.0
resstock-amy2018-2021-release-1-515536,0.0,1.4985571,0.0,0.0,0.7215629,0.0,0.0,0.0,0.0,0.0,0.0,0.0,0.0,0.0,0.0,0.0,0.0,0.0,6.598840713500977,0.0,-0.0,0.0,0.0,-0.0,0.0,-0.0,0.0,0.0,-0.0,0.0,9.515837,1.4985571,0.0,0.7150877,1.4366506,0.46019253,0.7580821,0.0,0.0,0.0,0.3203232,0.1383698,0.52767324,0.0,1.4366506,0.0,1.4366506,1.4366506,0.7150877,-0.0,13.9,19.376732,20.555555,20.555555,2.0
resstock-amy2018-2021-release-1-515536,0.49224064,0.7927333,0.19341847,0.0,0.3682964,0.20016527,0.0,0.0,0.0,0.0,0.0,0.0,0.0,0.0,0.6006,0.6006,0.0,0.08514873,6.598825454711914,0.5618816028951557,-0.0,0.6006,0.0,-0.0,0.0,-0.0,0.0,0.0,-0.0,0.0,9.515837,0.7927333,0.0,0.47916222,1.6482239,0.5077152,0.8257115,0.0,0.0,0.0,0.3080378,0.1383698,0.5009705,0.0,1.6482239,0.0,1.0476239,1.0476239,0.47916222,-0.0,15.0,18.764399,18.88889,18.88889,2.0
resstock-amy2018-2021-release-1-515536,0.0,0.0,0.0,0.0,0.0,0.0,0.0,0.0,0.0,0.0,0.0,0.0,0.0,0.0,0.6006,0.6006,0.0,0.17016138,6.598810195922852,1.1228626582962136,-0.0,0.6006,0.0,-0.0,0.0,-0.0,0.0,0.0,-0.0,0.0,9.515837,0.0,0.0,0.4004935,1.0010935,0.25696602,0.45876378,0.0,0.0,0.0,0.25668535,0.1383698,0.45826265,0.0,1.0010935,0.0,0.4004935,0.4004935,0.4004935,-0.0,14.4,17.969955,19.444445,19.444445,2.0
resstock-amy2018-2021-release-1-515536,0.0,0.9739592,0.0,0.0,0.45249224,0.0,0.0,0.0,0.0,0.0,0.0,0.0,0.0,0.0,0.6006,0.6006,0.0,0.25503817,6.598794937133789,1.682944598213055,-0.0,0.6006,0.0,-0.0,0.0,-0.0,0.0,0.0,-0.0,0.0,9.515837,0.9739592,0.0,0.36628777,1.41938,0.3869877,0.6427083,0.0,0.0,0.0,0.2726456,0.1383698,0.4528092,0.0,1.41938,0.0,0.81877995,0.81877995,0.36628777,-0.0,15.0,18.706696,19.444445,19.444445,2.0
resstock-amy2018-2021-release-1-515536,0.0,0.0,0.0,0.0,0.0,0.0,0.0,0.0,0.0,0.0,0.0,0.0,0.0,0.0,0.6006,0.6006,0.0,0.3397793,6.598779678344727,2.2421286579834145,-0.0,0.6006,0.0,-0.0,0.0,-0.0,0.0,0.0,-0.0,0.0,9.515837,0.0,0.0,0.37762377,0.9782238,0.23331615,0.38955167,0.0,0.0,0.0,0.23851,0.1383698,0.39822346,0.0,0.9782238,0.0,0.3776238,0.3776238,0.37762377,-0.0,14.4,17.836056,19.444445,19.444445,2.0
resstock-amy2018-2021-release-1-515536,0.0,1.0624052,0.0,0.0,0.5055635,0.0,0.0,0.0,0.0,0.0,0.0,0.0,0.0,0.0,0.6006,0.6006,0.0,0.42438498,6.598764419555664,2.800416515415293,-0.0,0.6006,0.0,-0.0,0.0,-0.0,0.0,0.0,-0.0,0.0,9.515837,1.0624052,0.0,0.32408357,1.4302471,0.3132098,0.57085776,0.0,0.0,0.0,0.21899,0.1383698,0.39913228,0.0,1.4302471,0.0,0.82964706,0.82964706,0.32408357,-0.0,14.266666,18.66352,19.444445,19.444445,2.0
resstock-amy2018-2021-release-1-515536,0.0,0.0,0.0,0.0,0.0,0.0,0.0,0.0,0.0,0.0,0.0,0.0,0.0,0.0,0.6006,0.6006,0.0,0.50885546,6.598749160766602,3.357809553314155,-0.0,0.6006,0.0,-0.0,0.0,-0.0,0.0,0.0,-0.0,0.0,9.515837,0.0,0.0,0.33162355,0.93222356,0.19618644,0.3694116,0.0,0.0,0.0,0.21045,0.1383698,0.39626932,0.0,0.93222356,0.0,0.33162355,0.33162355,0.33162355,-0.0,14.4,17.823406,19.444445,19.444445,2.0
resstock-amy2018-2021-release-1-515536,0.0,1.0707607,0.0,0.0,0.5073443,0.0,0.0,0.0,0.0,0.0,0.0,0.0,0.0,0.0,0.6006,0.6006,0.0,0.5931909,6.598733901977539,3.9143089578151375,-0.0,0.6006,0.0,-0.0,0.0,-0.0,0.0,0.0,-0.0,0.0,9.515837,1.0707607,0.0,0.38727137,1.4952157,0.32816693,0.62192154,0.0,0.0,0.0,0.219478,0.1383698,0.41594103,0.0,1.4952157,0.0,0.89461565,0.89461565,0.38727137,-0.0,14.4,18.526508,19.444445,19.444445,2.0
resstock-amy2018-2021-release-1-515536,0.0,0.0,0.0,0.0,0.0,0.0,0.0,0.0,0.0,0.0,0.0,0.0,0.0,0.0,0.6006,0.6006,0.0,0.6773916,6.598718643188477,4.4699165050138845,-0.0,0.6006,0.0,-0.0,0.0,-0.0,0.0,0.0,-0.0,0.0,9.515837,0.0,0.0,0.4525082,1.0531082,0.26967785,0.46065453,0.0,0.0,0.0,0.256078,0.1383698,0.43742374,0.0,1.0531082,0.0,0.4525082,0.4525082,0.4525082,-0.0,14.4,17.774738,19.444445,19.444445,2.0
resstock-amy2018-2021-release-1-515536,0.0,1.1029079,0.12615705,0.0,0.5310558,0.13055764,0.0,0.0,0.0,0.0,0.0,0.0,0.0,0.0,0.6006,0.6006,0.0,0.7614577,6.598703384399414,5.024633381019612,-0.0,0.6006,0.0,-0.0,0.0,-0.0,0.0,0.0,-0.0,0.0,9.515837,1.1029079,0.0,0.7423974,2.0046108,0.6374767,0.9374297,0.0,0.0,0.0,0.3180052,0.1383698,0.46763676,0.0,2.0046108,0.0,1.4040108,1.4040108,0.7423974,-0.0,13.9,18.40633,19.444445,19.444445,2.0
resstock-amy2018-2021-release-1-515536,0.0,0.69663614,0.0,0.0,0.33007783,0.0,0.0,0.0,0.0,0.0,0.0,0.0,0.0,0.0,0.6006,0.6006,0.0,0.8453894,6.598688125610352,5.578461165243084,-0.0,0.6006,0.0,-0.0,0.0,-0.0,0.0,0.0,-0.0,0.0,9.515837,0.69663614,0.0,0.5550184,1.4856963,0.49455416,0.75020856,0.0,0.0,0.0,0.332877,0.1383698,0.50495416,0.0,1.4856963,0.0,0.8850963,0.8850963,0.5550184,-0.0,14.4,18.084314,19.444445,19.444445,2.0
resstock-amy2018-2021-release-1-515536,0.0,0.9161297,0.0,0.0,0.4256252,0.0,0.0,0.0,0.0,0.0,0.0,0.0,0.0,0.0,0.6006,0.6006,0.0,0.92918706,6.598672866821289,6.1314014370805126,-0.0,0.6006,0.0,-0.0,0.0,-0.0,0.0,0.0,-0.0,0.0,9.515837,0.9161297,0.0,0.45936897,1.4712824,0.5375919,0.8086275,0.0,0.0,0.0,0.36539,0.1383698,0.5496073,0.0,1.4712824,0.0,0.87068236,0.88499415,0.45936897,-0.014311789,15.0,18.22932,21.11111,21.11111,2.0
resstock-amy2018-2021-release-1-515536,0.0,2.0679486,0.0,0.0,0.97982854,0.0,0.0,0.0,0.0,0.0,0.0,0.0,0.0,0.0,-0.528,0.0,-0.528,0.8418599,6.598659515380859,5.555146688706145,0.528,0.0,0.0,-0.0,0.0,-0.0,0.0,0.0,-0.0,0.0,9.515837,2.0679486,0.0,0.4431241,0.8792708,0.33806467,0.48091206,0.0,0.0,0.0,0.384483,0.1383698,0.5469442,0.0,0.8792708,0.0,1.4072708,1.4229527,0.4431241,-0.01568184,14.4,19.099564,20.0,20.0,2.0
resstock-amy2018-2021-release-1-515536,0.0,0.0,0.0,0.0,0.0,0.0,0.0,0.0,0.0,0.0,0.0,0.0,0.0,0.0,-0.528,0.0,-0.528,0.7546721,6.59864616394043,4.979814224216966,0.528,0.0,0.0,-0.0,0.0,-0.0,0.0,0.0,-0.0,0.0,9.515837,0.0,0.0,0.44637555,-0.09199287,-0.029790677,0.0,0.0,0.0,0.0,0.3238368,0.1383698,0.5445514,0.0,0.0,-0.09199287,0.43600714,0.44637555,0.44637555,-0.010368418,14.7,17.96877,21.11111,21.11111,2.0
resstock-amy2018-2021-release-1-515536,0.0,2.2831125,0.14351004,0.0,1.0536911,0.14851594,0.0,0.0,0.0,0.0,0.0,0.0,0.0,0.0,-0.528,0.0,-0.528,0.66762376,6.5986328125,4.4054040380287915,0.528,0.0,0.0,-0.0,0.0,-0.0,0.0,0.0,-0.0,0.0,9.515837,2.2831125,0.0,3.7191074,4.37646,1.3715545,2.409372,0.0,0.0,0.0,0.3133936,0.1383698,0.5505299,0.0,4.37646,0.0,4.90446,4.9213142,3.7191074,-0.016854202,15.2,20.07008,19.444445,19.444445,2.0
resstock-amy2018-2021-release-1-515536,0.0,0.0,0.09712237,0.0,0.0,0.10051018,0.0,0.0,0.0,0.0,0.0,0.0,0.0,0.0,-0.528,0.0,-0.528,0.5807146,6.59861946105957,3.831914551323962,0.528,0.0,0.0,-0.0,0.0,-0.0,0.0,0.0,-0.0,0.0,9.515837,0.0,0.0,0.4796069,0.036131993,0.010469246,0.020304302,0.0,0.0,0.0,0.28975,0.1383698,0.561948,0.0,0.036131993,0.0,0.564132,0.58011705,0.4796069,-0.015985087,15.7,18.469036,19.444445,19.444445,2.0
resstock-amy2018-2021-release-1-515536,0.0,0.0,0.082000315,0.0,0.0,0.08486064,0.0,0.0,0.0,0.0,0.0,0.0,0.0,0.0,-0.528,0.0,-0.528,0.49394426,6.598606109619141,3.2593435953361904,0.528,0.0,0.0,-0.0,0.0,-0.0,0.0,0.0,-0.0,0.0,9.515837,0.0,0.0,0.4827246,0.023588702,0.006837704,0.013252975,0.0,0.0,0.0,0.289872,0.1383698,0.5618357,0.0,0.023588702,0.0,0.5515887,0.56758523,0.4827246,-0.015996546,15.2,18.436039,20.0,20.0,2.0
resstock-amy2018-2021-release-1-515536,0.0,1.0661609,0.2972397,0.0,0.524428,0.30760798,0.0,0.0,0.0,0.0,0.0,0.0,0.0,0.0,-0.528,0.0,-0.528,0.40731257,6.598592758178711,2.6876897879302533,0.528,0.0,0.0,-0.0,0.0,-0.0,0.0,0.0,-0.0,0.0,9.515837,1.0661609,0.0,0.51100016,0.7720704,0.24209379,0.43283752,0.0,0.0,0.0,0.3135644,0.1383698,0.56061924,0.0,0.7720704,0.0,1.3000704,1.3430362,0.51100016,-0.042965777,13.225,19.074257,20.0,20.0,2.0
resstock-amy2018-2021-release-1-515536,0.0,0.0,0.38717407,0.0,0.0,0.4006794,0.0,0.0,0.0,0.0,0.0,0.0,0.0,0.0,-0.528,0.0,-0.528,0.32081938,6.598579406738281,2.116952140288049,0.528,0.0,0.0,-0.0,0.0,-0.0,0.0,0.0,-0.0,0.0,9.515837,0.0,0.0,0.630512,0.48632693,0.16129373,0.2702195,0.0,0.0,0.0,0.331657,0.1383698,0.5556334,0.0,0.48632693,0.0,1.0143269,1.0311915,0.630512,-0.016864484,13.3,18.269405,20.0,20.0,2.0
resstock-amy2018-2021-release-1-515536,0.0,1.1678901,0.4966501,0.0,0.5803036,0.5139742,0.0,0.0,0.0,0.0,0.0,0.0,0.0,0.0,-0.528,0.0,-0.528,0.23446439,6.598566055297852,1.547128778662767,0.528,0.0,0.0,-0.0,0.0,-0.0,0.0,0.0,-0.0,0.0,9.515837,1.1678901,0.0,0.95970386,1.5212855,0.5693554,0.84239566,0.0,0.0,0.0,0.3742594,0.1383698,0.55373937,0.0,1.5212855,0.0,2.0492854,2.0539815,0.95970386,-0.0046961717,12.9,19.094845,20.0,20.0,2.0
resstock-amy2018-2021-release-1-515536,0.0,0.0,0.56954277,0.0,0.0,0.5894095,0.0,0.0,0.0,0.0,0.0,0.0,0.0,0.0,-0.528,0.0,-0.528,0.14824745,6.598552703857422,0.9782186159314961,0.528,0.0,0.0,-0.0,0.0,-0.0,0.0,0.0,-0.0,0.0,9.515837,0.0,0.0,1.0454143,1.1068238,0.43546632,0.62084466,0.0,0.0,0.0,0.3934378,0.1383698,0.5609246,0.0,1.1068238,0.0,1.6348238,1.6348238,1.0454143,0.0,12.2,18.175564,20.0,20.0,2.0
resstock-amy2018-2021-release-1-515536,0.0,1.1871337,0.9603991,0.0,0.61177063,0.9938996,0.0,0.0,0.0,0.0,0.0,0.0,0.0,0.0,-0.528,0.0,-0.528,0.06216829,6.598539352416992,0.4102199012802643,0.528,0.0,0.0,-0.0,0.0,-0.0,0.0,0.0,-0.0,0.0,9.515837,1.1871337,0.0,0.88635784,1.964028,0.7487617,1.1084063,0.0,0.0,0.0,0.3812378,0.1383698,0.56435364,0.0,1.964028,0.0,2.492028,2.492028,0.88635784,-0.0,11.7,18.945286,19.444445,19.444445,2.0
resstock-amy2018-2021-release-1-515536,0.5876003,0.0,0.0,0.0,0.0,0.0,0.0,0.0,0.0,0.0,0.0,0.0,0.0,0.0,-0.38177478,0.0,-0.38177478,0.0,6.598529815673828,0.0,0.38177478,0.0,0.0,-0.0,0.0,-0.0,0.0,0.0,-0.0,0.0,9.515837,0.0,0.0,1.0890478,0.707273,0.2772411,0.3950043,0.0,0.0,0.0,0.391986,0.1383698,0.55848914,0.0,0.707273,0.0,1.0890478,1.0890478,1.0890478,-0.0,11.7,18.004133,18.333334,18.333334,2.0
resstock-amy2018-2021-release-1-515536,0.0,0.0,0.0,0.0,0.0,0.0,0.0,0.0,0.0,0.0,0.0,0.0,0.0,0.0,0.0,0.0,0.0,0.0,6.598529815673828,0.0,-0.0,0.0,0.0,-0.0,0.0,-0.0,0.0,0.0,-0.0,0.0,9.515837,0.0,0.0,0.873099,0.873099,0.2902724,0.4828917,0.0,0.0,0.0,0.3324622,0.1383698,0.5530778,0.0,0.873099,0.0,0.873099,0.873099,0.873099,-0.0,11.4,17.834373,18.88889,18.88889,2.0
resstock-amy2018-2021-release-1-515536,0.0,0.6740896,0.0,0.0,0.35360065,0.0,0.0,0.0,0.0,0.0,0.0,0.0,0.0,0.0,0.0,0.0,0.0,0.0,6.598529815673828,0.0,-0.0,0.0,0.0,-0.0,0.0,-0.0,0.0,0.0,-0.0,0.0,9.515837,0.6740896,0.0,0.64374954,0.9973502,0.3229787,0.5428718,0.0,0.0,0.0,0.3238368,0.1383698,0.5443141,0.0,0.9973502,0.0,0.9973502,0.9973502,0.64374954,-0.0,11.1,17.990139,18.88889,18.88889,2.0
resstock-amy2018-2021-release-1-515536,0.0,0.0,0.0,0.0,0.0,0.0,0.0,0.0,0.0,0.0,0.0,0.0,0.0,0.0,0.6006,0.6006,0.0,0.08514873,6.598514556884766,0.5618551303402057,-0.0,0.6006,0.0,-0.0,0.0,-0.0,0.0,0.0,-0.0,0.0,9.515837,0.0,0.0,0.47916222,1.0797622,0.33919412,0.5813932,0.0,0.0,0.0,0.3141378,0.1383698,0.5384456,0.0,1.0797622,0.0,0.47916222,0.47916222,0.47916222,-0.0,9.44,17.164522,19.444445,19.444445,2.0
resstock-amy2018-2021-release-1-515536,0.0,1.5059801,0.0,0.0,0.809198,0.0,0.0,0.0,0.0,0.0,0.0,0.0,0.0,0.0,0.6006,0.6006,0.0,0.17016138,6.598499298095703,1.122809755492483,-0.0,0.6006,0.0,-0.0,0.0,-0.0,0.0,0.0,-0.0,0.0,9.515837,1.5059801,0.0,0.4004935,1.8102915,0.51538855,0.967037,0.0,0.0,0.0,0.2846992,0.1383698,0.53418857,0.0,1.8102915,0.0,1.2096915,1.2096915,0.4004935,-0.0,10.27,18.116121,19.444445,19.444445,2.0
resstock-amy2018-2021-release-1-515536,0.0,0.8923214,0.0,0.0,0.4680764,0.0,0.0,0.0,0.0,0.0,0.0,0.0,0.0,0.0,0.6006,0.6006,0.0,0.25503817,6.598484039306641,1.6828653073995383,-0.0,0.6006,0.0,-0.0,0.0,-0.0,0.0,0.0,-0.0,0.0,9.515837,0.8923214,0.0,0.36628777,1.4349642,0.43001372,0.750035,0.0,0.0,0.0,0.2996686,0.1383698,0.5226855,0.0,1.4349642,0.0,0.8343642,0.8343642,0.36628777,-0.0,11.1,17.361559,20.0,20.0,2.0
resstock-amy2018-2021-release-1-515536,0.0,1.7663939,0.0,0.0,0.92658013,0.0,0.0,0.0,0.0,0.0,0.0,0.0,0.0,0.0,0.6006,0.6006,0.0,0.3397793,6.598468780517578,2.242023021341197,-0.0,0.6006,0.0,-0.0,0.0,-0.0,0.0,0.0,-0.0,0.0,9.515837,1.7663939,0.0,0.37762377,1.9048039,0.5653256,0.98033816,0.0,0.0,0.0,0.2967894,0.1383698,0.5146662,0.0,1.9048039,0.0,1.3042039,1.3042039,0.37762377,-0.0,11.1,18.20327,20.555555,20.555555,2.0
resstock-amy2018-2021-release-1-515536,0.0,1.594632,0.0,0.0,0.84138495,0.0,0.0,0.0,0.0,0.0,0.0,0.0,0.0,0.0,0.6006,0.6006,0.0,0.42438498,6.598453521728516,2.800284575046703,-0.0,0.6006,0.0,-0.0,0.0,-0.0,0.0,0.0,-0.0,0.0,9.515837,1.594632,0.0,0.33455327,1.7765383,0.5039151,0.9353224,0.0,0.0,0.0,0.28365,0.1383698,0.5264859,0.0,1.7765383,0.0,1.1759382,1.1759382,0.33455327,-0.0,10.9,17.955624,19.444445,19.444445,2.0
resstock-amy2018-2021-release-1-515536,0.0,1.0390891,0.0,0.0,0.5803762,0.0,0.0,0.0,0.0,0.0,0.0,0.0,0.0,0.0,0.6006,0.6006,0.0,0.50885546,6.598438262939453,3.3576513512566635,-0.0,0.6006,0.0,-0.0,0.0,-0.0,0.0,0.0,-0.0,0.0,9.515837,1.0390891,0.0,0.40059853,1.5815747,0.42931846,0.8537536,0.0,0.0,0.0,0.27145,0.1383698,0.5398124,0.0,1.5815747,0.0,0.9809747,0.9809747,0.40059853,-0.0,8.89,17.574722,19.444445,19.444445,2.0
resstock-amy2018-2021-release-1-515536,0.0,1.2881986,0.0,0.0,0.68069,0.0,0.0,0.0,0.0,0.0,0.0,0.0,0.0,0.0,0.6006,0.6006,0.0,0.5931909,6.598423004150391,3.914124536050622,-0.0,0.6006,0.0,-0.0,0.0,-0.0,0.0,0.0,-0.0,0.0,9.515837,1.2881986,0.0,0.40860802,1.689898,0.46305233,0.9288693,0.0,0.0,0.0,0.274012,0.1383698,0.54965997,0.0,1.689898,0.0,1.089298,1.089298,0.40860802,-0.0,10.85,17.70222,19.444445,19.444445,2.0
resstock-amy2018-2021-release-1-515536,0.0,1.2048144,0.0,0.0,0.67294097,0.0,0.0,0.0,0.0,0.0,0.0,0.0,0.0,0.0,0.6006,0.6006,0.0,0.6773916,6.598407745361328,4.469705905440833,-0.0,0.6006,0.0,-0.0,0.0,-0.0,0.0,0.0,-0.0,0.0,9.515837,1.2048144,0.0,0.47115648,1.7446975,0.4842408,0.9687193,0.0,0.0,0.0,0.27755,0.1383698,0.5552363,0.0,1.7446975,0.0,1.1440974,1.1440974,0.47115648,-0.0,8.89,17.49799,19.444445,19.444445,2.0
resstock-amy2018-2021-release-1-515536,0.0,1.3383818,0.1937503,0.0,0.759069,0.20050868,0.0,0.0,0.0,0.0,0.0,0.0,0.0,0.0,0.6006,0.6006,0.0,0.7614577,6.598392486572266,5.02439664548092,-0.0,0.6006,0.0,-0.0,0.0,-0.0,0.0,0.0,-0.0,0.0,9.515837,1.3383818,0.0,0.43742827,1.997606,0.5978156,1.1104109,0.0,0.0,0.0,0.299266,0.1383698,0.55587083,0.0,1.997606,0.0,1.397006,1.397006,0.43742827,-0.0,8.33,17.479305,19.444445,19.444445,2.0
resstock-amy2018-2021-release-1-515536,0.0,1.3506013,0.0,0.0,0.76091117,0.0,0.0,0.0,0.0,0.0,0.0,0.0,0.0,0.0,0.6006,0.6006,0.0,0.8453894,6.598377227783203,5.578198335507523,-0.0,0.6006,0.0,-0.0,0.0,-0.0,0.0,0.0,-0.0,0.0,9.515837,1.3506013,0.0,0.4007522,1.7622633,0.5312554,0.97891283,0.0,0.0,0.0,0.301462,0.1383698,0.55548614,0.0,1.7622633,0.0,1.1616633,1.1616633,0.4007522,-0.0,8.575,17.413973,19.444445,19.444445,2.0
resstock-amy2018-2021-release-1-515536,0.0,1.3933288,0.9186574,0.0,0.7319563,0.9507019,0.0,0.0,0.0,0.0,0.0,0.0,0.0,0.0,0.6006,0.6006,0.0,0.92918706,6.598361968994141,6.13111255484273,-0.0,0.6006,0.0,-0.0,0.0,-0.0,0.0,0.0,-0.0,0.0,9.515837,1.3933288,0.0,0.45936897,2.7120316,0.8167142,1.5060582,0.0,0.0,0.0,0.3011448,0.1383698,0.55532473,0.0,2.7120316,0.0,2.1114316,2.1420271,0.45936897,-0.030595653,11.05,17.663101,19.444445,19.444445,2.0
resstock-amy2018-2021-release-1-515536,0.0,1.2120421,0.0,0.0,0.6246068,0.0,0.0,0.0,0.0,0.0,0.0,0.0,0.0,0.0,-0.528,0.0,-0.528,0.8418599,6.598348617553711,5.554884956299588,0.528,0.0,0.0,-0.0,0.0,-0.0,0.0,0.0,-0.0,0.0,9.515837,1.2120421,0.0,0.5985414,0.5979646,0.17992802,0.33077028,0.0,0.0,0.0,0.3009008,0.1383698,0.5531603,0.0,0.5979646,0.0,1.1259646,1.2231482,0.5985414,-0.09718355,11.7,17.841553,19.444445,19.444445,2.0
resstock-amy2018-2021-release-1-515536,0.0,1.1136914,0.11633226,0.0,0.5653608,0.12039015,0.0,0.0,0.0,0.0,0.0,0.0,0.0,0.0,-0.528,0.0,-0.528,0.7546721,6.598335266113281,4.9795795982977324,0.528,0.0,0.0,-0.0,0.0,-0.0,0.0,0.0,-0.0,0.0,9.515837,1.1136914,0.0,0.48234865,0.47500655,0.13281165,0.26248983,0.0,0.0,0.0,0.2795996,0.1383698,0.5526025,0.0,0.47500655,0.0,1.0030066,1.1680996,0.48234865,-0.16509305,12.2,18.248665,20.0,20.0,2.0
resstock-amy2018-2021-release-1-515536,0.6814856,1.2331855,0.0,0.0,0.614644,0.0,0.0,0.0,0.0,0.0,0.0,0.0,0.0,0.0,-0.528,0.0,-0.528,0.66762376,6.598321914672852,4.405196475252978,0.528,0.0,0.0,-0.0,0.0,-0.0,0.0,0.0,-0.0,0.0,9.515837,1.2331855,0.0,0.47966602,0.37106746,0.09963977,0.20420033,0.0,0.0,0.0,0.268522,0.1383698,0.5503051,0.0,0.37106746,0.0,0.89906746,1.09431,0.47966602,-0.19524257,12.8,18.947025,18.88889,18.88889,2.0
resstock-amy2018-2021-release-1-515536,1.0712994,0.0,0.0,0.0,0.0,0.0,0.0,0.0,0.0,0.0,0.0,0.0,0.0,0.0,-0.528,0.0,-0.528,0.5807146,6.598308563232422,3.8317340084217903,0.528,0.0,0.0,-0.0,0.0,-0.0,0.0,0.0,-0.0,0.0,9.515837,0.0,0.0,0.48299298,-0.2513947,-0.06686094,0.0,0.0,0.0,0.0,0.26596,0.1383698,0.5596911,0.0,0.0,-0.2513947,0.2766053,0.482993,0.48299298,-0.20638768,12.8,18.681541,18.333334,18.333334,2.0
resstock-amy2018-2021-release-1-515536,0.9454945,0.0,0.0,0.0,0.0,0.0,0.0,0.0,0.0,0.0,0.0,0.0,0.0,0.0,-0.528,0.0,-0.528,0.49394426,6.598295211791992,3.259190029139802,0.528,0.0,0.0,-0.0,0.0,-0.0,0.0,0.0,-0.0,0.0,9.515837,0.0,0.0,0.4827246,-0.24607617,-0.06242928,0.0,0.0,0.0,0.0,0.253699,0.1383698,0.56698275,0.0,0.0,-0.24607617,0.28192383,0.4827246,0.4827246,-0.20080078,13.3,19.1368,18.88889,18.88889,2.0
resstock-amy2018-2021-release-1-515536,1.2301077,0.0,0.06938153,0.0,0.0,0.071801685,0.0,0.0,0.0,0.0,0.0,0.0,0.0,0.0,-0.528,0.0,-0.528,0.40731257,6.5982818603515625,2.6875631553366475,0.528,0.0,0.0,-0.0,0.0,-0.0,0.0,0.0,-0.0,0.0,9.515837,0.0,0.0,0.643671,0.016893022,0.0045854044,0.009681224,0.0,0.0,0.0,0.2714378,0.1383698,0.57309014,0.0,0.016893022,0.0,0.544893,0.7154727,0.643671,-0.17057964,12.8,19.37216,18.88889,18.88889,2.0
resstock-amy2018-2021-release-1-515536,0.8152042,0.0,0.38723353,0.0,0.0,0.40074095,0.0,0.0,0.0,0.0,0.0,0.0,0.0,0.0,-0.528,0.0,-0.528,0.32081938,6.598268508911133,2.116852398240553,0.528,0.0,0.0,-0.0,0.0,-0.0,0.0,0.0,-0.0,0.0,9.515837,0.0,0.0,1.9088935,1.6596975,0.4990601,0.9573336,0.0,0.0,0.0,0.3006934,0.1383698,0.5768121,0.0,1.6596975,0.0,2.1876974,2.3096344,1.9088935,-0.12193693,13.3,19.620367,19.444445,19.444445,2.0
resstock-amy2018-2021-release-1-515536,1.2058083,0.0,0.014949686,0.0,0.0,0.015471159,0.0,0.0,0.0,0.0,0.0,0.0,0.0,0.0,-0.528,0.0,-0.528,0.23446439,6.598255157470703,1.54705588419273,0.528,0.0,0.0,-0.0,0.0,-0.0,0.0,0.0,-0.0,0.0,9.515837,0.0,0.0,0.8928131,0.3202052,0.09848295,0.18495254,0.0,0.0,0.0,0.307562,0.1383698,0.57760626,0.0,0.3202052,0.0,0.8482052,0.90828425,0.8928131,-0.060079027,12.2,19.576212,18.88889,18.88889,2.0
resstock-amy2018-2021-release-1-515536,0.60929173,0.0,0.652551,0.0,0.0,0.6753132,0.0,0.0,0.0,0.0,0.0,0.0,0.0,0.0,-0.528,0.0,-0.528,0.14824745,6.598241806030273,0.9781725261212273,0.528,0.0,0.0,-0.0,0.0,-0.0,0.0,0.0,-0.0,0.0,9.515837,0.0,0.0,1.0454143,1.1918488,0.41346067,0.6819159,0.0,0.0,0.0,0.346907,0.1383698,0.5721497,0.0,1.1918488,0.0,1.7198488,1.7207276,1.0454143,-0.0008787577,11.7,19.271358,18.88889,18.88889,2.0
resstock-amy2018-2021-release-1-515536,0.41406727,0.0,0.35461238,0.0,0.0,0.36698192,0.0,0.0,0.0,0.0,0.0,0.0,0.0,0.0,-0.528,0.0,-0.528,0.06216829,6.598228454589844,0.41020057329430415,0.528,0.0,0.0,-0.0,0.0,-0.0,0.0,0.0,-0.0,0.0,9.515837,0.0,0.0,0.9867223,0.8257042,0.301422,0.46395898,0.0,0.0,0.0,0.3650484,0.1383698,0.5618949,0.0,0.8257042,0.0,1.3537042,1.3537042,0.9867223,-0.0,10.0,19.045998,18.88889,18.88889,2.0
resstock-amy2018-2021-release-1-515536,0.0066725076,0.0,0.0,0.0,0.0,0.0,0.0,0.0,0.0,0.0,0.0,0.0,0.0,0.0,-0.38177478,0.0,-0.38177478,0.0,6.59821891784668,0.0,0.38177478,0.0,0.0,-0.0,0.0,-0.0,0.0,0.0,-0.0,0.0,9.515837,0.0,0.0,1.104711,0.7229363,0.2835573,0.4011532,0.0,0.0,0.0,0.39223,0.1383698,0.55489427,0.0,0.7229363,0.0,1.104711,1.104711,1.104711,-0.0,9.4,18.675747,18.88889,18.88889,2.0
resstock-amy2018-2021-release-1-515536,0.16853406,0.0,0.15348014,0.0,0.0,0.15883382,0.0,0.0,0.0,0.0,0.0,0.0,0.0,0.0,0.0,0.0,0.0,0.0,6.59821891784668,0.0,-0.0,0.0,0.0,-0.0,0.0,-0.0,0.0,0.0,-0.0,0.0,9.515837,0.0,0.0,0.873099,1.0319328,0.36823264,0.5693905,0.0,0.0,0.0,0.3568378,0.1383698,0.55177087,0.0,1.0319328,0.0,1.0319328,1.0319328,0.873099,-0.0,8.89,18.25624,18.333334,18.333334,2.0
resstock-amy2018-2021-release-1-515536,0.6817466,0.0,0.6959088,0.0,0.0,0.7201834,0.0,0.0,0.0,0.0,0.0,0.0,0.0,0.0,0.0,0.0,0.0,0.0,6.59821891784668,0.0,-0.0,0.0,0.0,-0.0,0.0,-0.0,0.0,0.0,-0.0,0.0,9.515837,0.0,0.0,0.7864259,1.5066092,0.47898087,0.82354146,0.0,0.0,0.0,0.3179198,0.1383698,0.5466192,0.0,1.5066092,0.0,1.5066092,1.5066092,0.7864259,-0.0,8.595,17.842436,17.222221,17.222221,2.0
resstock-amy2018-2021-release-1-515536,0.0,0.0,0.12555495,0.0,0.0,0.12993453,0.0,0.0,0.0,0.0,0.0,0.0,0.0,0.0,0.6006,0.6006,0.0,0.08514873,6.598203659057617,0.5618286577852558,-0.0,0.6006,0.0,-0.0,0.0,-0.0,0.0,0.0,-0.0,0.0,9.515837,0.0,0.0,0.5946754,1.32521,0.40134355,0.71447796,0.0,0.0,0.0,0.3028528,0.1383698,0.5391432,0.0,1.32521,0.0,0.72461,0.72461,0.5946754,-0.0,8.3,17.366165,18.333334,18.333334,2.0
resstock-amy2018-2021-release-1-515536,0.0,0.0,0.3129212,0.0,0.0,0.32383648,0.0,0.0,0.0,0.0,0.0,0.0,0.0,0.0,0.6006,0.6006,0.0,0.17016138,6.598188400268555,1.1227568526887524,-0.0,0.6006,0.0,-0.0,0.0,-0.0,0.0,0.0,-0.0,0.0,9.515837,0.0,0.0,0.43045434,1.3548908,0.39125726,0.7184848,0.0,0.0,0.0,0.288774,0.1383698,0.5302898,0.0,1.3548908,0.0,0.7542908,0.7542908,0.43045434,-0.0,5.6,16.515818,17.222221,17.222221,2.0
resstock-amy2018-2021-release-1-515536,0.0,0.0,0.0,0.0,0.0,0.0,0.0,0.0,0.0,0.0,0.0,0.0,0.0,0.0,0.6006,0.6006,0.0,0.25503817,6.598173141479492,1.6827860165860216,-0.0,0.6006,0.0,-0.0,0.0,-0.0,0.0,0.0,-0.0,0.0,9.515837,0.0,0.0,0.38596234,0.9865624,0.2998905,0.5194982,0.0,0.0,0.0,0.3039752,0.1383698,0.52657413,0.0,0.9865624,0.0,0.38596237,0.38596237,0.38596234,-0.0,7.8,16.10327,17.222221,17.222221,2.0
resstock-amy2018-2021-release-1-515536,0.0,0.7391125,0.0,0.0,0.44453534,0.0,0.0,0.0,0.0,0.0,0.0,0.0,0.0,0.0,0.6006,0.6006,0.0,0.3397793,6.59815788269043,2.2419173846989793,-0.0,0.6006,0.0,-0.0,0.0,-0.0,0.0,0.0,-0.0,0.0,9.515837,0.7391125,0.0,0.37762377,1.422759,0.4278837,0.7559367,0.0,0.0,0.0,0.3007422,0.1383698,0.5313174,0.0,1.422759,0.0,0.82215905,0.82215905,0.37762377,-0.0,6.1,16.24958,17.222221,17.222221,2.0
resstock-amy2018-2021-release-1-515536,0.0,0.0,0.0,0.0,0.0,0.0,0.0,0.0,0.0,0.0,0.0,0.0,0.0,0.0,0.6006,0.6006,0.0,0.42438498,6.598142623901367,2.8001526346781134,-0.0,0.6006,0.0,-0.0,0.0,-0.0,0.0,0.0,-0.0,0.0,9.515837,0.0,0.0,0.32408357,0.9246836,0.27809137,0.4918517,0.0,0.0,0.0,0.3007422,0.1383698,0.5319135,0.0,0.9246836,0.0,0.32408357,0.32408357,0.32408357,-0.0,6.44,15.537713,17.222221,17.222221,2.0
resstock-amy2018-2021-release-1-515536,0.0,1.1126852,0.0,0.0,0.65758413,0.0,0.0,0.0,0.0,0.0,0.0,0.0,0.0,0.0,0.6006,0.6006,0.0,0.50885546,6.598127365112305,3.357493149199172,-0.0,0.6006,0.0,-0.0,0.0,-0.0,0.0,0.0,-0.0,0.0,9.515837,1.1126852,0.0,0.33162355,1.5898077,0.4762603,0.84485835,0.0,0.0,0.0,0.299571,0.1383698,0.5314217,0.0,1.5898077,0.0,0.98920774,0.98920774,0.33162355,-0.0,6.78,16.094273,17.222221,17.222221,2.0
resstock-amy2018-2021-release-1-515536,0.0,0.75607204,0.0,0.0,0.4551231,0.0,0.0,0.0,0.0,0.0,0.0,0.0,0.0,0.0,0.6006,0.6006,0.0,0.5931909,6.598112106323242,3.913940114286106,-0.0,0.6006,0.0,-0.0,0.0,-0.0,0.0,0.0,-0.0,0.0,9.515837,0.75607204,0.0,0.38727137,1.4429945,0.4322441,0.76676655,0.0,0.0,0.0,0.2995466,0.1383698,0.5313718,0.0,1.4429945,0.0,0.8423945,0.8423945,0.38727137,-0.0,6.0666666,15.67293,17.222221,17.222221,2.0
resstock-amy2018-2021-release-1-515536,0.0,1.0417627,0.0,0.0,0.6142814,0.0,0.0,0.0,0.0,0.0,0.0,0.0,0.0,0.0,0.6006,0.6006,0.0,0.6773916,6.59809684753418,4.469495305867781,-0.0,0.6006,0.0,-0.0,0.0,-0.0,0.0,0.0,-0.0,0.0,9.515837,1.0417627,0.0,0.4525082,1.6673896,0.5014544,0.8868861,0.0,0.0,0.0,0.3007422,0.1383698,0.53190094,0.0,1.6673896,0.0,1.0667896,1.0667896,0.4525082,-0.0,6.866667,15.808624,17.222221,17.222221,2.0
resstock-amy2018-2021-release-1-515536,0.0,0.9622634,0.0,0.0,0.54804534,0.0,0.0,0.0,0.0,0.0,0.0,0.0,0.0,0.0,0.6006,0.6006,0.0,0.7614577,6.598081588745117,5.024159909942227,-0.0,0.6006,0.0,-0.0,0.0,-0.0,0.0,0.0,-0.0,0.0,9.515837,0.9622634,0.0,0.43742827,1.5860736,0.4877192,0.8349455,0.0,0.0,0.0,0.307501,0.1383698,0.5264229,0.0,1.5860736,0.0,0.98547363,0.98547363,0.43742827,-0.0,8.175,15.770341,17.222221,17.222221,2.0
resstock-amy2018-2021-release-1-515536,0.0,0.996796,0.0,0.0,0.565797,0.0,0.0,0.0,0.0,0.0,0.0,0.0,0.0,0.0,0.6006,0.6006,0.0,0.8453894,6.598066329956055,5.577935505771961,-0.0,0.6006,0.0,-0.0,0.0,-0.0,0.0,0.0,-0.0,0.0,9.515837,0.996796,0.0,0.3493301,1.515727,0.4792538,0.7869432,0.0,0.0,0.0,0.3161874,0.1383698,0.5191853,0.0,1.515727,0.0,0.91512704,0.91512704,0.3493301,-0.0,8.3,15.808786,17.222221,17.222221,2.0
resstock-amy2018-2021-release-1-515536,0.0,0.9808965,1.5517476,0.0,0.53113085,1.6058754,0.0,0.0,0.0,0.0,0.0,0.0,0.0,0.0,0.6006,0.6006,0.0,0.92918706,6.598051071166992,6.130823672604947,-0.0,0.6006,0.0,-0.0,0.0,-0.0,0.0,0.0,-0.0,0.0,9.515837,0.9808965,0.0,0.40526554,3.1341743,1.0145022,1.6389,0.0,0.0,0.0,0.3236904,0.1383698,0.52291286,0.0,3.1341743,0.0,2.5335743,2.5422716,0.40526554,-0.008697213,10.0,15.919754,17.222221,17.222221,2.0
resstock-amy2018-2021-release-1-515536,0.0,0.8595613,0.0,0.0,0.46543092,0.0,0.0,0.0,0.0,0.0,0.0,0.0,0.0,0.0,-0.528,0.0,-0.528,0.8418599,6.5980377197265625,5.5546232238930315,0.528,0.0,0.0,-0.0,0.0,-0.0,0.0,0.0,-0.0,0.0,9.515837,0.8595613,0.0,0.4976451,0.41528457,0.14114684,0.22174853,0.0,0.0,0.0,0.3398798,0.1383698,0.5339677,0.0,0.41528457,0.0,0.9432846,0.963076,0.4976451,-0.01979142,10.0,15.997857,17.222221,17.222221,2.0
resstock-amy2018-2021-release-1-515536,0.0,0.8260976,2.1845207,0.0,0.43968943,2.260721,0.0,0.0,0.0,0.0,0.0,0.0,0.0,0.0,-0.528,0.0,-0.528,0.7546721,6.598024368286133,4.979344972378499,0.528,0.0,0.0,-0.0,0.0,-0.0,0.0,0.0,-0.0,0.0,9.515837,0.8260976,0.0,0.48234865,2.630094,0.83070415,1.4161478,0.0,0.0,0.0,0.3158458,0.1383698,0.53844,0.0,2.630094,0.0,3.158094,3.182759,0.48234865,-0.024665045,10.6,16.138674,17.222221,17.222221,2.0
resstock-amy2018-2021-release-1-515536,0.0,0.72568136,0.0,0.0,0.39293826,0.0,0.0,0.0,0.0,0.0,0.0,0.0,0.0,0.0,-0.528,0.0,-0.528,0.66762376,6.598011016845703,4.404988912477165,0.528,0.0,0.0,-0.0,0.0,-0.0,0.0,0.0,-0.0,0.0,9.515837,0.72568136,0.0,0.37205753,0.21470603,0.06575776,0.11661662,0.0,0.0,0.0,0.3062688,0.1383698,0.54314554,0.0,0.21470603,0.0,0.74270606,0.7649959,0.37205753,-0.022289785,10.0,16.033163,17.222221,17.222221,2.0
resstock-amy2018-2021-release-1-515536,0.0,0.7903743,0.0,0.0,0.42796785,0.0,0.0,0.0,0.0,0.0,0.0,0.0,0.0,0.0,-0.528,0.0,-0.528,0.5807146,6.597997665405273,3.831553465519619,0.528,0.0,0.0,-0.0,0.0,-0.0,0.0,0.0,-0.0,0.0,9.515837,0.7903743,0.0,0.42878723,0.3077745,0.08917767,0.16716696,0.0,0.0,0.0,0.28975,0.1383698,0.5431475,0.0,0.3077745,0.0,0.83577454,0.8567551,0.42878723,-0.020980554,10.0,16.048624,17.222221,17.222221,2.0
resstock-amy2018-2021-release-1-515536,0.0,0.7944308,0.19390815,0.0,0.42283478,0.20067203,0.0,0.0,0.0,0.0,0.0,0.0,0.0,0.0,-0.528,0.0,-0.528,0.49394426,6.597984313964844,3.2590364629434134,0.528,0.0,0.0,-0.0,0.0,-0.0,0.0,0.0,-0.0,0.0,9.515837,0.7944308,0.0,0.4286083,0.493705,0.14241317,0.2682586,0.0,0.0,0.0,0.28845802,0.1383698,0.5433581,0.0,0.493705,0.0,1.021705,1.0521151,0.4286083,-0.030410094,10.6,16.141842,17.222221,17.222221,2.0
resstock-amy2018-2021-release-1-515536,0.0,0.7362843,0.0,0.0,0.3918864,0.0,0.0,0.0,0.0,0.0,0.0,0.0,0.0,0.0,-0.528,0.0,-0.528,0.40731257,6.597970962524414,2.6874365227430417,0.528,0.0,0.0,-0.0,0.0,-0.0,0.0,0.0,-0.0,0.0,9.515837,0.7362843,0.0,0.40463504,0.2384208,0.072700895,0.13099453,0.0,0.0,0.0,0.3049268,0.1383698,0.5494258,0.0,0.2384208,0.0,0.7664208,0.7965214,0.40463504,-0.030100634,10.6,16.163692,17.222221,17.222221,2.0
resstock-amy2018-2021-release-1-515536,0.0,0.73324656,0.19390833,0.0,0.38463205,0.20067222,0.0,0.0,0.0,0.0,0.0,0.0,0.0,0.0,-0.528,0.0,-0.528,0.32081938,6.597957611083984,2.116752656193057,0.528,0.0,0.0,-0.0,0.0,-0.0,0.0,0.0,-0.0,0.0,9.515837,0.73324656,0.0,0.5147195,0.5533249,0.1718761,0.3057645,0.0,0.0,0.0,0.3106242,0.1383698,0.5525949,0.0,0.5533249,0.0,1.0813248,1.1000237,0.5147195,-0.018698886,11.1,16.171701,17.222221,17.222221,2.0
resstock-amy2018-2021-release-1-515536,0.0,0.71765894,0.0,0.0,0.38197306,0.0,0.0,0.0,0.0,0.0,0.0,0.0,0.0,0.0,-0.528,0.0,-0.528,0.23446439,6.597944259643555,1.546982989722693,0.528,0.0,0.0,-0.0,0.0,-0.0,0.0,0.0,-0.0,0.0,9.515837,0.71765894,0.0,1.0482304,0.8966785,0.29130653,0.49065876,0.0,0.0,0.0,0.32487288,0.1383698,0.54719585,0.0,0.8966785,0.0,1.4246786,1.4302034,1.0482304,-0.005524922,10.6,16.164412,17.222221,17.222221,2.0
resstock-amy2018-2021-release-1-515536,0.0,0.70990044,0.18886542,0.0,0.38439327,0.1954534,0.0,0.0,0.0,0.0,0.0,0.0,0.0,0.0,-0.528,0.0,-0.528,0.14824745,6.597930908203125,0.9781264363109585,0.528,0.0,0.0,-0.0,0.0,-0.0,0.0,0.0,-0.0,0.0,9.515837,0.70990044,0.0,1.0454143,1.0972611,0.43624818,0.5957059,0.0,0.0,0.0,0.3975792,0.1383698,0.54290265,0.0,1.0972611,0.0,1.6252611,1.6252611,1.0454143,0.0,10.0,16.130714,17.222221,17.222221,2.0
resstock-amy2018-2021-release-1-515536,0.0,0.7432254,0.5817242,0.0,0.3955808,0.60201585,0.0,0.0,0.0,0.0,0.0,0.0,0.0,0.0,-0.528,0.0,-0.528,0.06216829,6.597917556762695,0.410181245308344,0.528,0.0,0.0,-0.0,0.0,-0.0,0.0,0.0,-0.0,0.0,9.515837,0.7432254,0.0,0.9867223,1.456319,0.60215586,0.7814774,0.0,0.0,0.0,0.413478,0.1383698,0.53661144,0.0,1.456319,0.0,1.984319,1.984319,0.9867223,-0.0,10.6,16.164234,17.222221,17.222221,2.0
resstock-amy2018-2021-release-1-515536,0.0,0.7100092,0.19390897,0.0,0.3844522,0.20067288,0.0,0.0,0.0,0.0,0.0,0.0,0.0,0.0,-0.38177478,0.0,-0.38177478,0.0,6.597908020019531,0.0,0.38177478,0.0,0.0,-0.0,0.0,-0.0,0.0,0.0,-0.0,0.0,9.515837,0.7100092,0.0,0.94929373,1.152644,0.4824863,0.61218935,0.0,0.0,0.0,0.4185909,0.1383698,0.53111744,0.0,1.152644,0.0,1.5344188,1.5344188,0.94929373,-0.0,10.0,16.145096,17.222221,17.222221,2.0
resstock-amy2018-2021-release-1-515536,0.0,0.72174376,0.3878177,0.0,0.39080614,0.40134552,0.0,0.0,0.0,0.0,0.0,0.0,0.0,0.0,0.0,0.0,0.0,0.0,6.597908020019531,0.0,-0.0,0.0,0.0,-0.0,0.0,-0.0,0.0,0.0,-0.0,0.0,9.515837,0.72174376,0.0,0.6965788,1.4887304,0.54526335,0.7856793,0.0,0.0,0.0,0.36626062,0.1383698,0.5277512,0.0,1.4887304,0.0,1.4887304,1.4887304,0.6965788,-0.0,10.0,16.137087,17.222221,17.222221,2.0
resstock-amy2018-2021-release-1-515536,0.0,0.71448034,0.0,0.0,0.3934651,0.0,0.0,0.0,0.0,0.0,0.0,0.0,0.0,0.0,0.0,0.0,0.0,0.0,6.597908020019531,0.0,-0.0,0.0,0.0,-0.0,0.0,-0.0,0.0,0.0,-0.0,0.0,9.515837,0.71448034,0.0,0.64374954,1.0372146,0.33525217,0.54660666,0.0,0.0,0.0,0.32322353,0.1383698,0.52699476,0.0,1.0372146,0.0,1.0372146,1.0372146,0.64374954,-0.0,9.4,16.061523,17.222221,17.222221,2.0
resstock-amy2018-2021-release-1-515536,0.0,0.8244965,0.0,0.0,0.44644418,0.0,0.0,0.0,0.0,0.0,0.0,0.0,0.0,0.0,0.6006,0.6006,0.0,0.08514873,6.597892761230469,0.5618021852303059,-0.0,0.6006,0.0,-0.0,0.0,-0.0,0.0,0.0,-0.0,0.0,9.515837,0.8244965,0.0,0.5369188,1.583963,0.48511848,0.8334148,0.0,0.0,0.0,0.3062688,0.1383698,0.526158,0.0,1.583963,0.0,0.98336303,0.98336303,0.5369188,-0.0,10.0,16.033588,17.222221,17.222221,2.0
resstock-amy2018-2021-release-1-515536,0.0,0.84276605,0.0,0.0,0.45633668,0.0,0.0,0.0,0.0,0.0,0.0,0.0,0.0,0.0,0.6006,0.6006,0.0,0.17016138,6.597877502441406,1.1227039498850218,-0.0,0.6006,0.0,-0.0,0.0,-0.0,0.0,0.0,-0.0,0.0,9.515837,0.84276605,0.0,0.43045434,1.487391,0.4581908,0.77880985,0.0,0.0,0.0,0.30805,0.1383698,0.523608,0.0,1.487391,0.0,0.886791,0.886791,0.43045434,-0.0,10.0,15.944275,17.222221,17.222221,2.0
resstock-amy2018-2021-release-1-515536,0.0,0.9011771,0.0,0.0,0.4879648,0.0,0.0,0.0,0.0,0.0,0.0,0.0,0.0,0.0,0.6006,0.6006,0.0,0.25503817,6.597862243652344,1.6827067257725048,-0.0,0.6006,0.0,-0.0,0.0,-0.0,0.0,0.0,-0.0,0.0,9.515837,0.9011771,0.0,0.38596234,1.4745271,0.4270104,0.7901069,0.0,0.0,0.0,0.2895914,0.1383698,0.5358375,0.0,1.4745271,0.0,0.8739271,0.8739271,0.38596234,-0.0,10.0,15.942209,18.88889,18.88889,2.0
resstock-amy2018-2021-release-1-515536,0.0,1.9925289,0.0,0.0,1.0789044,0.0,0.0,0.0,0.0,0.0,0.0,0.0,0.0,0.0,0.6006,0.6006,0.0,0.3397793,6.597846984863281,2.2418117480567616,-0.0,0.6006,0.0,-0.0,0.0,-0.0,0.0,0.0,-0.0,0.0,9.515837,1.9925289,0.0,0.39111772,2.070622,0.57654524,1.0681591,0.0,0.0,0.0,0.2784406,0.1383698,0.5158639,0.0,2.070622,0.0,1.470022,1.470022,0.39111772,-0.0,10.0,16.755226,17.777779,17.777779,2.0
resstock-amy2018-2021-release-1-515536,0.0,0.73414934,1.3936003,0.0,0.39752346,1.4422117,0.0,0.0,0.0,0.0,0.0,0.0,0.0,0.0,0.6006,0.6006,0.0,0.42438498,6.597831726074219,2.8000206943095236,-0.0,0.6006,0.0,-0.0,0.0,-0.0,0.0,0.0,-0.0,0.0,9.515837,0.73414934,0.0,0.32408357,2.7644186,0.75040144,1.4145942,0.0,0.0,0.0,0.27145,0.1383698,0.5117149,0.0,2.7644186,0.0,2.1638186,2.1638186,0.32408357,-0.0,10.0,16.088999,17.777779,17.777779,2.0
resstock-amy2018-2021-release-1-515536,0.0,1.1698622,0.24616309,0.0,0.63345104,0.25474972,0.0,0.0,0.0,0.0,0.0,0.0,0.0,0.0,0.6006,0.6006,0.0,0.50885546,6.597816467285156,3.3573349471416805,-0.0,0.6006,0.0,-0.0,0.0,-0.0,0.0,0.0,-0.0,0.0,9.515837,1.1698622,0.0,0.3407012,1.8295019,0.4966183,0.9394617,0.0,0.0,0.0,0.27145,0.1383698,0.5135068,0.0,1.8295019,0.0,1.2289019,1.2289019,0.3407012,-0.0,10.0,16.34689,17.777779,17.777779,2.0
resstock-amy2018-2021-release-1-515536,0.0,1.0012016,0.0,0.0,0.5328883,0.0,0.0,0.0,0.0,0.0,0.0,0.0,0.0,0.0,0.6006,0.6006,0.0,0.5931909,6.597801208496094,3.9137556925215904,-0.0,0.6006,0.0,-0.0,0.0,-0.0,0.0,0.0,-0.0,0.0,9.515837,1.0012016,0.0,0.38727137,1.5207597,0.4176897,0.79411197,0.0,0.0,0.0,0.2746586,0.1383698,0.5221811,0.0,1.5207597,0.0,0.9201597,0.9201597,0.38727137,-0.0,10.6,16.262524,17.777779,17.777779,2.0
resstock-amy2018-2021-release-1-515536,0.0,1.0563768,0.0,0.0,0.56875277,0.0,0.0,0.0,0.0,0.0,0.0,0.0,0.0,0.0,0.6006,0.6006,0.0,0.6773916,6.597785949707031,4.469284706294729,-0.0,0.6006,0.0,-0.0,0.0,-0.0,0.0,0.0,-0.0,0.0,9.515837,1.0563768,0.0,0.4525082,1.621861,0.44858438,0.86187893,0.0,0.0,0.0,0.2765862,0.1383698,0.53141356,0.0,1.621861,0.0,1.021261,1.021261,0.4525082,-0.0,10.2,16.31686,17.777779,17.777779,2.0
resstock-amy2018-2021-release-1-515536,0.0,1.0208409,0.0,0.0,0.55275977,0.0,0.0,0.0,0.0,0.0,0.0,0.0,0.0,0.0,0.6006,0.6006,0.0,0.7614577,6.597770690917969,5.023923174403535,-0.0,0.6006,0.0,-0.0,0.0,-0.0,0.0,0.0,-0.0,0.0,9.515837,1.0208409,0.0,0.43742827,1.590788,0.46093085,0.86196816,0.0,0.0,0.0,0.28975,0.1383698,0.5418498,0.0,1.590788,0.0,0.990188,0.990188,0.43742827,-0.0,10.0,16.227432,17.777779,17.777779,2.0
resstock-amy2018-2021-release-1-515536,0.0,1.0793267,0.19406153,0.0,0.5744703,0.20083076,0.0,0.0,0.0,0.0,0.0,0.0,0.0,0.0,0.6006,0.6006,0.0,0.8453894,6.597755432128906,5.5776726760364,-0.0,0.6006,0.0,-0.0,0.0,-0.0,0.0,0.0,-0.0,0.0,9.515837,1.0793267,0.0,0.5532112,1.9291122,0.5719046,1.0517464,0.0,0.0,0.0,0.29646,0.1383698,0.54519707,0.0,1.9291122,0.0,1.3285122,1.3285122,0.5532112,-0.0,10.6,16.186394,17.777779,17.777779,2.0
resstock-amy2018-2021-release-1-515536,0.0,1.1061658,0.87234473,0.0,0.5811012,0.90277374,0.0,0.0,0.0,0.0,0.0,0.0,0.0,0.0,0.6006,0.6006,0.0,0.92918706,6.597740173339844,6.1305347903671645,-0.0,0.6006,0.0,-0.0,0.0,-0.0,0.0,0.0,-0.0,0.0,9.515837,1.1061658,0.0,0.4560852,2.5398476,0.75296324,1.4003595,0.0,0.0,0.0,0.29646,0.1383698,0.5513557,0.0,2.5398476,0.0,1.9392476,1.9399601,0.4560852,-0.00071253907,11.05,16.199785,17.222221,17.222221,2.0
resstock-amy2018-2021-release-1-515536,0.0,0.73407334,0.0,0.0,0.37264922,0.0,0.0,0.0,0.0,0.0,0.0,0.0,0.0,0.0,-0.528,0.0,-0.528,0.8418599,6.597726821899414,5.554361491486475,0.528,0.0,0.0,-0.0,0.0,-0.0,0.0,0.0,-0.0,0.0,9.515837,0.73407334,0.0,0.3886031,0.23102859,0.06838927,0.12956277,0.0,0.0,0.0,0.2960208,0.1383698,0.56080836,0.0,0.23102859,0.0,0.75902855,0.7612522,0.3886031,-0.002223697,12.2,15.983401,17.222221,17.222221,2.0
resstock-amy2018-2021-release-1-515536,0.0,0.87426424,0.0,0.0,0.4444888,0.0,0.0,0.0,0.0,0.0,0.0,0.0,0.0,0.0,-0.528,0.0,-0.528,0.7546721,6.597713470458984,4.979110346459265,0.528,0.0,0.0,-0.0,0.0,-0.0,0.0,0.0,-0.0,0.0,9.515837,0.87426424,0.0,0.3750235,0.28643987,0.08299595,0.16251218,0.0,0.0,0.0,0.28975,0.1383698,0.5673518,0.0,0.28643987,0.0,0.8144399,0.8195123,0.3750235,-0.0050724344,12.15,16.023024,17.222221,17.222221,2.0
resstock-amy2018-2021-release-1-515536,0.0,0.84202373,0.0,0.0,0.43133417,0.0,0.0,0.0,0.0,0.0,0.0,0.0,0.0,0.0,-0.528,0.0,-0.528,0.66762376,6.597700119018555,4.404781349701352,0.528,0.0,0.0,-0.0,0.0,-0.0,0.0,0.0,-0.0,0.0,9.515837,0.84202373,0.0,0.42586178,0.3224427,0.08752708,0.18556957,0.0,0.0,0.0,0.27145,0.1383698,0.57551175,0.0,0.3224427,0.0,0.8504427,0.857196,0.42586178,-0.0067532784,11.9,16.067749,17.222221,17.222221,2.0
resstock-amy2018-2021-release-1-515536,0.0,0.8187716,1.7420868,0.0,0.4164853,1.802854,0.0,0.0,0.0,0.0,0.0,0.0,0.0,0.0,-0.528,0.0,-0.528,0.5807146,6.597686767578125,3.8313729226174473,0.528,0.0,0.0,-0.0,0.0,-0.0,0.0,0.0,-0.0,0.0,9.515837,0.8187716,0.0,0.48299298,2.16668,0.61457884,1.265589,0.0,0.0,0.0,0.28365,0.1383698,0.5841144,0.0,2.16668,0.0,2.6946802,2.7023323,0.48299298,-0.0076521444,12.133333,16.200714,17.222221,17.222221,2.0
resstock-amy2018-2021-release-1-515536,0.0,0.7524594,0.7844656,0.0,0.37234083,0.8118292,0.0,0.0,0.0,0.0,0.0,0.0,0.0,0.0,-0.528,0.0,-0.528,0.49394426,6.597673416137695,3.258882896747025,0.528,0.0,0.0,-0.0,0.0,-0.0,0.0,0.0,-0.0,0.0,9.515837,0.7524594,0.0,0.5612792,1.2091604,0.33176577,0.7197428,0.0,0.0,0.0,0.27437696,0.1383698,0.5952417,0.0,1.2091604,0.0,1.7371604,1.7454492,0.5612792,-0.008288734,13.033334,16.2997,17.222221,17.222221,2.0
resstock-amy2018-2021-release-1-515536,0.0,0.0,0.69171095,0.0,0.0,0.7158391,0.0,0.0,0.0,0.0,0.0,0.0,0.0,0.0,-0.528,0.0,-0.528,0.40731257,6.597660064697266,2.687309890149436,0.528,0.0,0.0,-0.0,0.0,-0.0,0.0,0.0,-0.0,0.0,9.515837,0.0,0.0,3.6537712,3.830317,1.1098344,2.3164377,0.0,0.0,0.0,0.28975,0.1383698,0.604764,0.0,3.830317,0.0,4.358317,4.3696103,3.6537712,-0.011293227,14.15,16.04326,17.222221,17.222221,2.0
resstock-amy2018-2021-release-1-515536,0.0,0.8289708,0.17401455,0.0,0.39532956,0.18008451,0.0,0.0,0.0,0.0,0.0,0.0,0.0,0.0,-0.528,0.0,-0.528,0.32081938,6.597646713256836,2.1166529141455612,0.528,0.0,0.0,-0.0,0.0,-0.0,0.0,0.0,-0.0,0.0,9.515837,0.8289708,0.0,0.6234354,0.6541007,0.19940495,0.3982588,0.0,0.0,0.0,0.3048536,0.1383698,0.60886467,0.0,0.6541007,0.0,1.1821008,1.1988496,0.6234354,-0.016748762,14.2,16.60125,17.222221,17.222221,2.0
resstock-amy2018-2021-release-1-515536,0.0,0.0,0.0,0.0,0.0,0.0,0.0,0.0,0.0,0.0,0.0,0.0,0.0,0.0,-0.528,0.0,-0.528,0.23446439,6.597633361816406,1.546910095252656,0.528,0.0,0.0,-0.0,0.0,-0.0,0.0,0.0,-0.0,0.0,9.515837,0.0,0.0,0.95970386,0.4223472,0.1285531,0.2588669,0.0,0.0,0.0,0.3043778,0.1383698,0.61292446,0.0,0.4223472,0.0,0.9503472,0.95970386,0.95970386,-0.009356664,12.78,16.19562,17.222221,17.222221,2.0
resstock-amy2018-2021-release-1-515536,0.0,0.7218416,0.19406289,0.0,0.3442405,0.20083216,0.0,0.0,0.0,0.0,0.0,0.0,0.0,0.0,-0.528,0.0,-0.528,0.14824745,6.597620010375977,0.9780803465006898,0.528,0.0,0.0,-0.0,0.0,-0.0,0.0,0.0,-0.0,0.0,9.515837,0.7218416,0.0,1.0454143,1.062487,0.32495293,0.6493267,0.0,0.0,0.0,0.3058418,0.1383698,0.61113846,0.0,1.062487,0.0,1.590487,1.590487,1.0454143,0.0,14.2,16.603632,17.222221,17.222221,2.0
resstock-amy2018-2021-release-1-515536,0.0,0.0,0.58218896,0.0,0.0,0.6024968,0.0,0.0,0.0,0.0,0.0,0.0,0.0,0.0,-0.528,0.0,-0.528,0.06216829,6.597606658935547,0.41016191732238383,0.528,0.0,0.0,-0.0,0.0,-0.0,0.0,0.0,-0.0,0.0,9.515837,0.0,0.0,0.9867223,1.0612191,0.3293296,0.63961494,0.0,0.0,0.0,0.3103314,0.1383698,0.60271716,0.0,1.0612191,0.0,1.5892191,1.5892191,0.9867223,-0.0,14.15,16.244148,17.222221,17.222221,2.0
resstock-amy2018-2021-release-1-515536,0.0,0.0,0.9220953,0.0,0.0,0.9542597,0.0,0.0,0.0,0.0,0.0,0.0,0.0,0.0,-0.38177478,0.0,-0.38177478,0.0,6.597597122192383,0.0,0.38177478,0.0,0.0,-0.0,0.0,-0.0,0.0,0.0,-0.0,0.0,9.515837,0.0,0.0,0.94929373,1.5217786,0.4789579,0.91491,0.0,0.0,0.0,0.3147356,0.1383698,0.601211,0.0,1.5217786,0.0,1.9035534,1.9035534,0.94929373,-0.0,13.9,16.221035,17.222221,17.222221,2.0
resstock-amy2018-2021-release-1-515536,0.0,0.6972266,0.46070772,0.0,0.33571818,0.47677806,0.0,0.0,0.0,0.0,0.0,0.0,0.0,0.0,0.0,0.0,0.0,0.0,6.597597122192383,0.0,-0.0,0.0,0.0,-0.0,0.0,-0.0,0.0,0.0,-0.0,0.0,9.515837,0.6972266,0.0,0.873099,1.6855953,0.5203992,1.0142384,0.0,0.0,0.0,0.3087332,0.1383698,0.6017093,0.0,1.6855953,0.0,1.6855953,1.6855953,0.873099,-0.0,13.9,16.64935,17.222221,17.222221,2.0
resstock-amy2018-2021-release-1-515536,0.0,0.0,0.69988734,0.0,0.0,0.7243007,0.0,0.0,0.0,0.0,0.0,0.0,0.0,0.0,0.0,0.0,0.0,0.0,6.597597122192383,0.0,-0.0,0.0,0.0,-0.0,0.0,-0.0,0.0,0.0,-0.0,0.0,9.515837,0.0,0.0,0.7659074,1.4902081,0.44178712,0.8956419,0.0,0.0,0.0,0.29646,0.1383698,0.601018,0.0,1.4902081,0.0,1.4902081,1.4902081,0.7659074,-0.0,13.933333,16.240137,17.222221,17.222221,2.0
resstock-amy2018-2021-release-1-515536,0.0,0.0,0.25568965,0.0,0.0,0.2646086,0.0,0.0,0.0,0.0,0.0,0.0,0.0,0.0,0.6006,0.6006,0.0,0.08514873,6.59758186340332,0.561775712675356,-0.0,0.6006,0.0,-0.0,0.0,-0.0,0.0,0.0,-0.0,0.0,9.515837,0.0,0.0,0.47916222,1.3443708,0.36461785,0.7968172,0.0,0.0,0.0,0.2712182,0.1383698,0.5927064,0.0,1.3443708,0.0,0.74377084,0.74377084,0.47916222,-0.0,13.9,16.150167,17.222221,17.222221,2.0
resstock-amy2018-2021-release-1-515536,0.0,0.7081346,0.16517688,0.0,0.33960932,0.17093857,0.0,0.0,0.0,0.0,0.0,0.0,0.0,0.0,0.6006,0.6006,0.0,0.17016138,6.597566604614258,1.1226510470812912,-0.0,0.6006,0.0,-0.0,0.0,-0.0,0.0,0.0,-0.0,0.0,9.515837,0.7081346,0.0,0.43045434,1.5416023,0.4109449,0.9255837,0.0,0.0,0.0,0.26657,0.1383698,0.6004037,0.0,1.5416023,0.0,0.94100225,0.94100225,0.43045434,-0.0,14.025,16.542473,17.222221,17.222221,2.0
resstock-amy2018-2021-release-1-515536,0.0,0.0,0.0,0.0,0.0,0.0,0.0,0.0,0.0,0.0,0.0,0.0,0.0,0.0,0.6006,0.6006,0.0,0.25503817,6.597551345825195,1.682627434958988,-0.0,0.6006,0.0,-0.0,0.0,-0.0,0.0,0.0,-0.0,0.0,9.515837,0.0,0.0,0.36628777,0.9668878,0.27976647,0.5641447,0.0,0.0,0.0,0.2893474,0.1383698,0.5834645,0.0,0.9668878,0.0,0.36628777,0.36628777,0.36628777,-0.0,13.9,16.054073,18.88889,18.88889,2.0
resstock-amy2018-2021-release-1-515536,0.0,1.8725096,0.7768415,0.0,0.96583205,0.8039392,0.0,0.0,0.0,0.0,0.0,0.0,0.0,0.0,0.6006,0.6006,0.0,0.3397793,6.597536087036133,2.241706111414544,-0.0,0.6006,0.0,-0.0,0.0,-0.0,0.0,0.0,-0.0,0.0,9.515837,1.8725096,0.0,0.37762377,2.747995,0.74594325,1.7040877,0.0,0.0,0.0,0.27145,0.1383698,0.6201204,0.0,2.747995,0.0,2.147395,2.147395,0.37762377,-0.0,11.67,17.424341,18.88889,18.88889,2.0
resstock-amy2018-2021-release-1-515536,0.0,0.9859323,0.0,0.0,0.4946676,0.0,0.0,0.0,0.0,0.0,0.0,0.0,0.0,0.0,0.6006,0.6006,0.0,0.42438498,6.59752082824707,2.799888753940934,-0.0,0.6006,0.0,-0.0,0.0,-0.0,0.0,0.0,-0.0,0.0,9.515837,0.9859323,0.0,0.32408357,1.4193511,0.31775013,0.8964227,0.0,0.0,0.0,0.22387,0.1383698,0.6315722,0.0,1.4193511,0.0,0.8187511,0.8187511,0.32408357,-0.0,12.585,16.866856,18.88889,18.88889,2.0
resstock-amy2018-2021-release-1-515536,0.0,1.3637521,0.0,0.0,0.66504174,0.0,0.0,0.0,0.0,0.0,0.0,0.0,0.0,0.0,0.6006,0.6006,0.0,0.50885546,6.597505569458008,3.357176745084189,-0.0,0.6006,0.0,-0.0,0.0,-0.0,0.0,0.0,-0.0,0.0,9.515837,1.3637521,0.0,0.33162355,1.5972652,0.3069145,1.0293498,0.0,0.0,0.0,0.19215,0.1383698,0.6444451,0.0,1.5972652,0.0,0.99666524,0.99666524,0.33162355,-0.0,13.5,17.30327,18.88889,18.88889,2.0
resstock-amy2018-2021-release-1-515536,0.0,1.0887067,0.0,0.0,0.5426329,0.0,0.0,0.0,0.0,0.0,0.0,0.0,0.0,0.0,0.6006,0.6006,0.0,0.5931909,6.597490310668945,3.9135712707570747,-0.0,0.6006,0.0,-0.0,0.0,-0.0,0.0,0.0,-0.0,0.0,9.515837,1.0887067,0.0,0.38727137,1.5305042,0.27300552,1.0051899,0.0,0.0,0.0,0.1783762,0.1383698,0.6567704,0.0,1.5305042,0.0,0.9299042,0.9299042,0.38727137,-0.0,12.8,17.168598,18.88889,18.88889,2.0
resstock-amy2018-2021-release-1-515536,0.0,1.1880332,1.2028191,0.0,0.5921392,1.2447757,0.0,0.0,0.0,0.0,0.0,0.0,0.0,0.0,0.6006,0.6006,0.0,0.6773916,6.597475051879883,4.469074106721678,-0.0,0.6006,0.0,-0.0,0.0,-0.0,0.0,0.0,-0.0,0.0,9.515837,1.1880332,0.0,0.4525082,2.8900232,0.64698946,1.8859621,0.0,0.0,0.0,0.22387,0.1383698,0.6525768,0.0,2.8900232,0.0,2.2894232,2.2894232,0.4525082,-0.0,12.8,17.310692,18.88889,18.88889,2.0
resstock-amy2018-2021-release-1-515536,0.0,1.0975412,0.0,0.0,0.5470362,0.0,0.0,0.0,0.0,0.0,0.0,0.0,0.0,0.0,0.6006,0.6006,0.0,0.7614577,6.59745979309082,5.023686438864843,-0.0,0.6006,0.0,-0.0,0.0,-0.0,0.0,0.0,-0.0,0.0,9.515837,1.0975412,0.0,0.43742827,1.5850644,0.41198528,1.0136707,0.0,0.0,0.0,0.25991705,0.1383698,0.6395139,0.0,1.5850644,0.0,0.9844644,0.9844644,0.43742827,-0.0,12.8,17.155344,19.444445,19.444445,2.0
resstock-amy2018-2021-release-1-515536,0.0,1.562472,0.0,0.0,0.7931823,0.0,0.0,0.0,0.0,0.0,0.0,0.0,0.0,0.0,0.6006,0.6006,0.0,0.8453894,6.597444534301758,5.577409846300839,-0.0,0.6006,0.0,-0.0,0.0,-0.0,0.0,0.0,-0.0,0.0,9.515837,1.562472,0.0,0.45217428,1.8459566,0.58166385,1.1707238,0.0,0.0,0.0,0.3151016,0.1383698,0.6342098,0.0,1.8459566,0.0,1.2453566,1.2453566,0.45217428,-0.0,12.2,17.427021,19.444445,19.444445,2.0
resstock-amy2018-2021-release-1-515536,0.0,1.3847952,0.0,0.0,0.6902092,0.0,0.0,0.0,0.0,0.0,0.0,0.0,0.0,0.0,0.6006,0.6006,0.0,0.92918706,6.597429275512695,6.130245908129382,-0.0,0.6006,0.0,-0.0,0.0,-0.0,0.0,0.0,-0.0,0.0,9.515837,1.3847952,0.0,0.45936897,1.7350101,0.5662206,1.1137457,0.0,0.0,0.0,0.32635,0.1383698,0.6419246,0.0,1.7350101,0.0,1.1344101,1.1495782,0.45936897,-0.015168117,12.8,17.415445,18.88889,18.88889,2.0
resstock-amy2018-2021-release-1-515536,0.0,1.0848981,0.0,0.0,0.522384,0.0,0.0,0.0,0.0,0.0,0.0,0.0,0.0,0.0,-0.528,0.0,-0.528,0.8418599,6.597415924072266,5.554099759079918,0.528,0.0,0.0,-0.0,0.0,-0.0,0.0,0.0,-0.0,0.0,9.515837,1.0848981,0.0,0.4431241,0.39594343,0.12843843,0.25498784,0.0,0.0,0.0,0.3243858,0.1383698,0.64400065,0.0,0.39594343,0.0,0.9239434,0.9655081,0.4431241,-0.041564677,13.9,17.455044,18.88889,18.88889,2.0
resstock-amy2018-2021-release-1-515536,0.0,1.0575949,0.0,0.0,0.50923735,0.0,0.0,0.0,0.0,0.0,0.0,0.0,0.0,0.0,-0.528,0.0,-0.528,0.7546721,6.597402572631836,4.978875720540032,0.528,0.0,0.0,-0.0,0.0,-0.0,0.0,0.0,-0.0,0.0,9.515837,1.0575949,0.0,0.42868608,0.3574389,0.112999976,0.2300254,0.0,0.0,0.0,0.31613788,0.1383698,0.6435377,0.0,0.3574389,0.0,0.8854389,0.9379235,0.42868608,-0.052484553,13.9,17.589474,19.444445,19.444445,2.0
resstock-amy2018-2021-release-1-515536,0.0,1.347963,0.0,0.0,0.6490511,0.0,0.0,0.0,0.0,0.0,0.0,0.0,0.0,0.0,-0.528,0.0,-0.528,0.66762376,6.597389221191406,4.404573786925539,0.528,0.0,0.0,-0.0,0.0,-0.0,0.0,0.0,-0.0,0.0,9.515837,1.347963,0.0,0.42586178,0.4996058,0.15442672,0.32308343,0.0,0.0,0.0,0.30909714,0.1383698,0.6466767,0.0,0.4996058,0.0,1.0276058,1.0749128,0.42586178,-0.047306992,13.9,17.94352,18.333334,18.333334,2.0
resstock-amy2018-2021-release-1-515536,0.72836006,0.0,0.0,0.0,0.0,0.0,0.0,0.0,0.0,0.0,0.0,0.0,0.0,0.0,-0.528,0.0,-0.528,0.5807146,6.597375869750977,3.831192379715276,0.528,0.0,0.0,-0.0,0.0,-0.0,0.0,0.0,-0.0,0.0,9.515837,0.0,0.0,0.42878723,-0.119880326,-0.03592876,0.0,0.0,0.0,0.0,0.2997052,0.1383698,0.6469901,0.0,0.0,-0.119880326,0.40811968,0.42878723,0.42878723,-0.020667559,13.9,17.211575,17.222221,17.222221,2.0
resstock-amy2018-2021-release-1-515536,0.5566041,0.0,0.0,0.0,0.0,0.0,0.0,0.0,0.0,0.0,0.0,0.0,0.0,0.0,-0.528,0.0,-0.528,0.49394426,6.597362518310547,3.2587293305506364,0.528,0.0,0.0,-0.0,0.0,-0.0,0.0,0.0,-0.0,0.0,9.515837,0.0,0.0,0.4827246,-0.10353495,-0.031107403,0.0,0.0,0.0,0.0,0.30045316,0.1383698,0.64551765,0.0,0.0,-0.10353495,0.42446506,0.4827246,0.4827246,-0.058259558,14.15,17.2687,17.222221,17.222221,2.0
resstock-amy2018-2021-release-1-515536,0.38688335,0.0,0.38842246,0.0,0.0,0.40197137,0.0,0.0,0.0,0.0,0.0,0.0,0.0,0.0,-0.528,0.0,-0.528,0.40731257,6.597349166870117,2.68718325755583,0.528,0.0,0.0,-0.0,0.0,-0.0,0.0,0.0,-0.0,0.0,9.515837,0.0,0.0,0.51100016,0.3313106,0.10157033,0.21345836,0.0,0.0,0.0,0.30657133,0.1383698,0.6442847,0.0,0.3313106,0.0,0.8593106,0.91297156,0.51100016,-0.053660925,13.3,17.247032,17.222221,17.222221,2.0
resstock-amy2018-2021-release-1-515536,0.29727298,0.0,0.3884143,0.0,0.0,0.4019629,0.0,0.0,0.0,0.0,0.0,0.0,0.0,0.0,-0.528,0.0,-0.528,0.32081938,6.5973358154296875,2.1165531720980653,0.528,0.0,0.0,-0.0,0.0,-0.0,0.0,0.0,-0.0,0.0,9.515837,0.0,0.0,0.6884082,0.5473732,0.1704338,0.3513225,0.0,0.0,0.0,0.31136674,0.1383698,0.6418336,0.0,0.5473732,0.0,1.0753732,1.0903711,0.6884082,-0.014997916,13.15,17.248253,17.222221,17.222221,2.0
resstock-amy2018-2021-release-1-515536,0.114252195,0.0,0.0,0.0,0.0,0.0,0.0,0.0,0.0,0.0,0.0,0.0,0.0,0.0,-0.528,0.0,-0.528,0.23446439,6.597322463989258,1.546837200782619,0.528,0.0,0.0,-0.0,0.0,-0.0,0.0,0.0,-0.0,0.0,9.515837,0.0,0.0,0.8928131,0.3493799,0.10944528,0.22285075,0.0,0.0,0.0,0.31325582,0.1383698,0.6378465,0.0,0.3493799,0.0,0.8773799,0.8928131,0.8928131,-0.015433191,12.8,17.119694,17.222221,17.222221,2.0
resstock-amy2018-2021-release-1-515536,0.0,0.0,0.3379025,0.0,0.0,0.34968916,0.0,0.0,0.0,0.0,0.0,0.0,0.0,0.0,-0.528,0.0,-0.528,0.14824745,6.597309112548828,0.978034256690421,0.528,0.0,0.0,-0.0,0.0,-0.0,0.0,0.0,-0.0,0.0,9.515837,0.0,0.0,1.1158624,0.9375515,0.2945951,0.5924908,0.0,0.0,0.0,0.3142175,0.1383698,0.63195544,0.0,0.9375515,0.0,1.4655515,1.4655515,1.1158624,0.0,12.1,16.910318,17.222221,17.222221,2.0
resstock-amy2018-2021-release-1-515536,0.07990925,0.0,0.19421108,0.0,0.0,0.20098552,0.0,0.0,0.0,0.0,0.0,0.0,0.0,0.0,-0.528,0.0,-0.528,0.06216829,6.597295761108398,0.41014258933642367,0.528,0.0,0.0,-0.0,0.0,-0.0,0.0,0.0,-0.0,0.0,9.515837,0.0,0.0,1.026112,0.6990975,0.21704967,0.43066186,0.0,0.0,0.0,0.31047124,0.1383698,0.61602545,0.0,0.6990975,0.0,1.2270975,1.2270975,1.026112,-0.0,12.2,16.862955,17.222221,17.222221,2.0
resstock-amy2018-2021-release-1-515536,0.0,0.0,0.0,0.0,0.0,0.0,0.0,0.0,0.0,0.0,0.0,0.0,0.0,0.0,-0.38177478,0.0,-0.38177478,0.0,6.597286224365234,0.0,0.38177478,0.0,0.0,-0.0,0.0,-0.0,0.0,0.0,-0.0,0.0,9.515837,0.0,0.0,0.94929373,0.56751895,0.17557342,0.3388338,0.0,0.0,0.0,0.30937016,0.1383698,0.59704405,0.0,0.56751895,0.0,0.94929373,0.94929373,0.94929373,-0.0,11.7,16.812714,17.222221,17.222221,2.0
resstock-amy2018-2021-release-1-515536,0.0,0.0,0.48069456,0.0,0.0,0.4974621,0.0,0.0,0.0,0.0,0.0,0.0,0.0,0.0,0.0,0.0,0.0,0.0,6.597286224365234,0.0,-0.0,0.0,0.0,-0.0,0.0,-0.0,0.0,0.0,-0.0,0.0,9.515837,0.0,0.0,0.873099,1.3705611,0.4125715,0.7943082,0.0,0.0,0.0,0.30102378,0.1383698,0.5795496,0.0,1.3705611,0.0,1.3705611,1.3705611,0.873099,-0.0,11.1,16.669943,17.222221,17.222221,2.0
resstock-amy2018-2021-release-1-515536,0.0,0.0,0.0,0.0,0.0,0.0,0.0,0.0,0.0,0.0,0.0,0.0,0.0,0.0,0.0,0.0,0.0,0.0,6.597286224365234,0.0,-0.0,0.0,0.0,-0.0,0.0,-0.0,0.0,0.0,-0.0,0.0,9.515837,0.0,0.0,0.7150877,0.7150877,0.19385153,0.3991063,0.0,0.0,0.0,0.27108777,0.1383698,0.55812216,0.0,0.7150877,0.0,0.7150877,0.7150877,0.7150877,-0.0,10.6,16.460783,17.222221,17.222221,2.0
resstock-amy2018-2021-release-1-515536,0.0,0.0,0.0,0.0,0.0,0.0,0.0,0.0,0.0,0.0,0.0,0.0,0.0,0.0,0.6006,0.6006,0.0,0.08514873,6.597270965576172,0.5617492401204061,-0.0,0.6006,0.0,-0.0,0.0,-0.0,0.0,0.0,-0.0,0.0,9.515837,0.0,0.0,0.47916222,1.0797622,0.2719631,0.57779574,0.0,0.0,0.0,0.25187314,0.1383698,0.5351139,0.0,1.0797622,0.0,0.47916222,0.47916222,0.47916222,-0.0,11.1,16.176184,17.222221,17.222221,2.0
resstock-amy2018-2021-release-1-515536,0.0,0.6909498,0.38842127,0.0,0.37413198,0.40197012,0.0,0.0,0.0,0.0,0.0,0.0,0.0,0.0,0.6006,0.6006,0.0,0.17016138,6.597255706787109,1.1225981442775606,-0.0,0.6006,0.0,-0.0,0.0,-0.0,0.0,0.0,-0.0,0.0,9.515837,0.6909498,0.0,0.4004935,1.7771957,0.3892235,0.90247273,0.0,0.0,0.0,0.21900992,0.1383698,0.5078072,0.0,1.7771957,0.0,1.1765957,1.1765957,0.4004935,-0.0,10.0,16.322805,17.222221,17.222221,2.0
resstock-amy2018-2021-release-1-515536,0.0,0.0,0.0,0.0,0.0,0.0,0.0,0.0,0.0,0.0,0.0,0.0,0.0,0.0,0.6006,0.6006,0.0,0.25503817,6.597240447998047,1.6825481441454713,-0.0,0.6006,0.0,-0.0,0.0,-0.0,0.0,0.0,-0.0,0.0,9.515837,0.0,0.0,0.36628777,0.9668878,0.20807853,0.5009977,0.0,0.0,0.0,0.21520443,0.1383698,0.518155,0.0,0.9668878,0.0,0.36628777,0.36628777,0.36628777,-0.0,10.0,15.626639,17.777779,17.777779,2.0
resstock-amy2018-2021-release-1-515536,0.0,1.4209137,0.0,0.0,0.7824987,0.0,0.0,0.0,0.0,0.0,0.0,0.0,0.0,0.0,0.6006,0.6006,0.0,0.3397793,6.597225189208984,2.2416004747723264,-0.0,0.6006,0.0,-0.0,0.0,-0.0,0.0,0.0,-0.0,0.0,9.515837,1.4209137,0.0,0.37762377,1.7607225,0.35601956,0.8331809,0.0,0.0,0.0,0.20220083,0.1383698,0.473204,0.0,1.7607225,0.0,1.1601225,1.1601225,0.37762377,-0.0,9.4,16.55374,17.777779,17.777779,2.0
resstock-amy2018-2021-release-1-515536,0.0,0.82259536,0.0,0.0,0.45932862,0.0,0.0,0.0,0.0,0.0,0.0,0.0,0.0,0.0,0.6006,0.6006,0.0,0.42438498,6.597209930419922,2.799756813572344,-0.0,0.6006,0.0,-0.0,0.0,-0.0,0.0,0.0,-0.0,0.0,9.515837,0.82259536,0.0,0.32408357,1.3840122,0.27030262,0.65064794,0.0,0.0,0.0,0.19530363,0.1383698,0.47011718,0.0,1.3840122,0.0,0.7834122,0.7834122,0.32408357,-0.0,8.9,15.986225,18.333334,18.333334,2.0
resstock-amy2018-2021-release-1-515536,0.0,1.572433,0.0,0.0,0.89253753,0.0,0.0,0.0,0.0,0.0,0.0,0.0,0.0,0.0,0.6006,0.6006,0.0,0.50885546,6.597194671630859,3.3570185430266974,-0.0,0.6006,0.0,-0.0,0.0,-0.0,0.0,0.0,-0.0,0.0,9.515837,1.572433,0.0,0.33162355,1.8247612,0.339218,0.8407114,0.0,0.0,0.0,0.1858972,0.1383698,0.4607241,0.0,1.8247612,0.0,1.2241611,1.2241611,0.33162355,-0.0,8.3,16.452509,17.777779,17.777779,2.0
resstock-amy2018-2021-release-1-515536,0.0,0.91281754,0.5867486,0.0,0.5293585,0.60721546,0.0,0.0,0.0,0.0,0.0,0.0,0.0,0.0,0.6006,0.6006,0.0,0.5931909,6.597179412841797,3.913386848992559,-0.0,0.6006,0.0,-0.0,0.0,-0.0,0.0,0.0,-0.0,0.0,9.515837,0.91281754,0.0,0.38727137,2.1244454,0.43342707,1.0198982,0.0,0.0,0.0,0.20401892,0.1383698,0.48007736,0.0,2.1244454,0.0,1.5238454,1.5238454,0.38727137,-0.0,7.5,15.981287,17.777779,17.777779,2.0
resstock-amy2018-2021-release-1-515536,0.0,1.2327456,0.5090864,0.0,0.73005486,0.52684426,0.0,0.0,0.0,0.0,0.0,0.0,0.0,0.0,0.6006,0.6006,0.0,0.6773916,6.597164154052734,4.468863507148626,-0.0,0.6006,0.0,-0.0,0.0,-0.0,0.0,0.0,-0.0,0.0,9.515837,1.2327456,0.0,0.62657374,2.484073,0.54885066,1.3066679,0.0,0.0,0.0,0.22094788,0.1383698,0.5260183,0.0,2.484073,0.0,1.8834729,1.8834729,0.62657374,-0.0,6.7,15.954626,17.777779,17.777779,2.0
resstock-amy2018-2021-release-1-515536,0.0,1.2577419,0.15125202,0.0,0.713914,0.15652797,0.0,0.0,0.0,0.0,0.0,0.0,0.0,0.0,0.6006,0.6006,0.0,0.7614577,6.597148895263672,5.0234497033261505,-0.0,0.6006,0.0,-0.0,0.0,-0.0,0.0,0.0,-0.0,0.0,9.515837,1.2577419,0.0,0.51369184,1.9847338,0.60254455,1.0660089,0.0,0.0,0.0,0.3035896,0.1383698,0.53710425,0.0,1.9847338,0.0,1.3841338,1.3841338,0.51369184,-0.0,8.3,15.921879,18.88889,18.88889,2.0
resstock-amy2018-2021-release-1-515536,0.0,2.005825,0.0,0.0,1.0675979,0.0,0.0,0.0,0.0,0.0,0.0,0.0,0.0,0.0,0.6006,0.6006,0.0,0.8453894,6.597133636474609,5.577147016565277,-0.0,0.6006,0.0,-0.0,0.0,-0.0,0.0,0.0,-0.0,0.0,9.515837,2.005825,0.0,0.4007522,2.0689502,0.64969796,1.1463096,0.0,0.0,0.0,0.31402302,0.1383698,0.5540538,0.0,2.0689502,0.0,1.4683502,1.4683502,0.4007522,-0.0,10.6,16.416267,17.222221,17.222221,2.0
resstock-amy2018-2021-release-1-515536,0.0,0.0,0.0,0.0,0.0,0.0,0.0,0.0,0.0,0.0,0.0,0.0,0.0,0.0,0.6006,0.6006,0.0,0.92918706,6.597118377685547,6.129957025891599,-0.0,0.6006,0.0,-0.0,0.0,-0.0,0.0,0.0,-0.0,0.0,9.515837,0.0,0.0,0.40526554,0.99503535,0.35876665,0.54782104,0.0,0.0,0.0,0.3605567,0.1383698,0.55055434,0.0,0.99503535,0.0,0.39443535,0.40526557,0.40526554,-0.0108302105,11.7,15.441342,17.222221,17.222221,2.0
resstock-amy2018-2021-release-1-515536,0.0,1.176342,0.0,0.0,0.59716505,0.0,0.0,0.0,0.0,0.0,0.0,0.0,0.0,0.0,-0.528,0.0,-0.528,0.8418599,6.597105026245117,5.553838026673361,0.528,0.0,0.0,-0.0,0.0,-0.0,0.0,0.0,-0.0,0.0,9.515837,1.176342,0.0,0.3886031,0.41192597,0.14351255,0.2256192,0.0,0.0,0.0,0.34839404,0.1383698,0.5477178,0.0,0.41192597,0.0,0.93992597,0.98576814,0.3886031,-0.045842182,12.2,16.048328,17.222221,17.222221,2.0
resstock-amy2018-2021-release-1-515536,0.0,0.7870503,0.0,0.0,0.39954278,0.0,0.0,0.0,0.0,0.0,0.0,0.0,0.0,0.0,-0.528,0.0,-0.528,0.7546721,6.5970916748046875,4.978641094620798,0.528,0.0,0.0,-0.0,0.0,-0.0,0.0,0.0,-0.0,0.0,9.515837,0.7870503,0.0,0.3750235,0.19731714,0.060461722,0.111264266,0.0,0.0,0.0,0.30641901,0.1383698,0.56388545,0.0,0.19731714,0.0,0.7253171,0.7745663,0.3750235,-0.049249154,12.2,15.865291,17.222221,17.222221,2.0
resstock-amy2018-2021-release-1-515536,0.0,0.9156314,0.0,0.0,0.46481642,0.0,0.0,0.0,0.0,0.0,0.0,0.0,0.0,0.0,-0.528,0.0,-0.528,0.66762376,6.597078323364258,4.404366224149726,0.528,0.0,0.0,-0.0,0.0,-0.0,0.0,0.0,-0.0,0.0,9.515837,0.9156314,0.0,0.37205753,0.27517453,0.08189427,0.15368956,0.0,0.0,0.0,0.29760846,0.1383698,0.5585167,0.0,0.27517453,0.0,0.8031745,0.8368739,0.37205753,-0.033699416,12.2,16.169664,17.222221,17.222221,2.0
resstock-amy2018-2021-release-1-515536,0.0,0.71266115,0.38870725,0.0,0.36725867,0.4022661,0.0,0.0,0.0,0.0,0.0,0.0,0.0,0.0,-0.528,0.0,-0.528,0.5807146,6.597064971923828,3.8310118368131043,0.528,0.0,0.0,-0.0,0.0,-0.0,0.0,0.0,-0.0,0.0,9.515837,0.71266115,0.0,0.32037568,0.5227827,0.15012027,0.278824,0.0,0.0,0.0,0.28715616,0.1383698,0.5333459,0.0,0.5227827,0.0,1.0507827,1.0899005,0.32037568,-0.039117765,11.7,16.090954,17.222221,17.222221,2.0
resstock-amy2018-2021-release-1-515536,0.0,0.756549,0.0,0.0,0.39714643,0.0,0.0,0.0,0.0,0.0,0.0,0.0,0.0,0.0,-0.528,0.0,-0.528,0.49394426,6.597051620483398,3.258575764354248,0.528,0.0,0.0,-0.0,0.0,-0.0,0.0,0.0,-0.0,0.0,9.515837,0.756549,0.0,0.374492,0.19001761,0.054366343,0.099393405,0.0,0.0,0.0,0.28611213,0.1383698,0.5230747,0.0,0.19001761,0.0,0.7180176,0.7716384,0.374492,-0.053620785,11.075,16.178493,17.222221,17.222221,2.0
resstock-amy2018-2021-release-1-515536,0.0,0.7264041,0.0,0.0,0.3715484,0.0,0.0,0.0,0.0,0.0,0.0,0.0,0.0,0.0,-0.528,0.0,-0.528,0.40731257,6.597038269042969,2.6870566249622243,0.528,0.0,0.0,-0.0,0.0,-0.0,0.0,0.0,-0.0,0.0,9.515837,0.7264041,0.0,0.45781758,0.2570401,0.075528756,0.13134311,0.0,0.0,0.0,0.29384035,0.1383698,0.51098293,0.0,0.2570401,0.0,0.78504014,0.829366,0.45781758,-0.04432587,11.95,16.392933,17.222221,17.222221,2.0
resstock-amy2018-2021-release-1-515536,0.0,0.0,0.0,0.0,0.0,0.0,0.0,0.0,0.0,0.0,0.0,0.0,0.0,0.0,-0.528,0.0,-0.528,0.32081938,6.597024917602539,2.1164534300505693,0.528,0.0,0.0,-0.0,0.0,-0.0,0.0,0.0,-0.0,0.0,9.515837,0.0,0.0,0.5147195,-0.08353316,-0.02586232,0.0,0.0,0.0,0.0,0.30960542,0.1383698,0.4956046,0.0,0.0,-0.08353316,0.44446683,0.5147195,0.5147195,-0.07025265,13.3,16.19749,17.222221,17.222221,2.0
resstock-amy2018-2021-release-1-515536,0.0,0.6894051,0.0715338,0.0,0.3436131,0.07402903,0.0,0.0,0.0,0.0,0.0,0.0,0.0,0.0,-0.528,0.0,-0.528,0.23446439,6.597011566162109,1.546764306312582,0.528,0.0,0.0,-0.0,0.0,-0.0,0.0,0.0,-0.0,0.0,9.515837,0.6894051,0.0,1.025484,0.8965125,0.28783742,0.45349714,0.0,0.0,0.0,0.32106346,0.1383698,0.50584584,0.0,0.8965125,0.0,1.4245125,1.443126,1.025484,-0.01861351,12.8,16.829487,17.222221,17.222221,2.0
resstock-amy2018-2021-release-1-515536,0.0,0.0,0.0,0.0,0.0,0.0,0.0,0.0,0.0,0.0,0.0,0.0,0.0,0.0,-0.528,0.0,-0.528,0.14824745,6.59699821472168,0.9779881668801522,0.528,0.0,0.0,-0.0,0.0,-0.0,0.0,0.0,-0.0,0.0,9.515837,0.0,0.0,2.9988973,2.4706545,0.8238914,1.3782136,0.0,0.0,0.0,0.3334709,0.1383698,0.55783343,0.0,2.4706545,0.0,2.9986544,2.998897,2.9988973,-0.00024261052,12.2,16.41909,17.222221,17.222221,2.0
resstock-amy2018-2021-release-1-515536,0.0,0.0,0.19575065,0.0,0.0,0.2025788,0.0,0.0,0.0,0.0,0.0,0.0,0.0,0.0,-0.528,0.0,-0.528,0.06216829,6.59698486328125,0.4101232613504635,0.528,0.0,0.0,-0.0,0.0,-0.0,0.0,0.0,-0.0,0.0,9.515837,0.0,0.0,0.88635784,0.5609366,0.18082692,0.34398016,0.0,0.0,0.0,0.32236603,0.1383698,0.6132246,0.0,0.5609366,0.0,1.0889366,1.0889366,0.88635784,-0.0,12.2,16.402555,17.222221,17.222221,2.0
resstock-amy2018-2021-release-1-515536,0.625222,0.0,1.5143409,0.0,0.0,1.567164,0.0,0.0,0.0,0.0,0.0,0.0,0.0,0.0,-0.38177478,0.0,-0.38177478,0.0,6.596975326538086,0.0,0.38177478,0.0,0.0,-0.0,0.0,-0.0,0.0,0.0,-0.0,0.0,9.515837,0.0,0.0,0.94929373,2.134683,0.67951125,1.3195193,0.0,0.0,0.0,0.31831953,0.1383698,0.6181336,0.0,2.134683,0.0,2.5164576,2.5164576,0.94929373,-0.0,12.8,16.440094,17.222221,17.222221,2.0
resstock-amy2018-2021-release-1-515536,0.0,0.0,0.4683231,0.0,0.0,0.4846591,0.0,0.0,0.0,0.0,0.0,0.0,0.0,0.0,0.0,0.0,0.0,0.0,6.596975326538086,0.0,-0.0,0.0,0.0,-0.0,0.0,-0.0,0.0,0.0,-0.0,0.0,9.515837,0.0,0.0,0.7848389,1.269498,0.39447916,0.7764326,0.0,0.0,0.0,0.31073633,0.1383698,0.611606,0.0,1.269498,0.0,1.269498,1.269498,0.7848389,-0.0,12.2,16.365454,17.222221,17.222221,2.0
resstock-amy2018-2021-release-1-515536,0.0,0.0,0.38870507,0.0,0.0,0.40226382,0.0,0.0,0.0,0.0,0.0,0.0,0.0,0.0,0.0,0.0,0.0,0.0,6.596975326538086,0.0,-0.0,0.0,0.0,-0.0,0.0,-0.0,0.0,0.0,-0.0,0.0,9.515837,0.0,0.0,0.79620856,1.1984724,0.36850354,0.7190077,0.0,0.0,0.0,0.3074777,0.1383698,0.5999368,0.0,1.1984724,0.0,1.1984724,1.1984724,0.79620856,-0.0,12.8,16.271828,17.222221,17.222221,2.0
resstock-amy2018-2021-release-1-515536,0.0,0.0,0.77741617,0.0,0.0,0.8045339,0.0,0.0,0.0,0.0,0.0,0.0,0.0,0.0,0.6006,0.6006,0.0,0.08514873,6.596960067749023,0.5617227675654561,-0.0,0.6006,0.0,-0.0,0.0,-0.0,0.0,0.0,-0.0,0.0,9.515837,0.0,0.0,0.5369188,1.9420528,0.5794915,1.1504457,0.0,0.0,0.0,0.29839122,0.1383698,0.5923864,0.0,1.9420528,0.0,1.3414528,1.3414528,0.5369188,-0.0,12.2,16.065422,17.222221,17.222221,2.0
resstock-amy2018-2021-release-1-515536,0.0,0.7641123,0.0,0.0,0.3878984,0.0,0.0,0.0,0.0,0.0,0.0,0.0,0.0,0.0,0.6006,0.6006,0.0,0.17016138,6.596944808959961,1.12254524147383,-0.0,0.6006,0.0,-0.0,0.0,-0.0,0.0,0.0,-0.0,0.0,9.515837,0.7641123,0.0,0.46041518,1.4489136,0.38093388,0.8709206,0.0,0.0,0.0,0.26291,0.1383698,0.60108525,0.0,1.4489136,0.0,0.84831357,0.84831357,0.46041518,-0.0,12.2,16.375584,17.222221,17.222221,2.0
resstock-amy2018-2021-release-1-515536,0.0,0.0,0.0,0.0,0.0,0.0,0.0,0.0,0.0,0.0,0.0,0.0,0.0,0.0,0.6006,0.6006,0.0,0.25503817,6.596929550170898,1.6824688533319545,-0.0,0.6006,0.0,-0.0,0.0,-0.0,0.0,0.0,-0.0,0.0,9.515837,0.0,0.0,0.38596234,0.9865624,0.24149153,0.5562059,0.0,0.0,0.0,0.2447808,0.1383698,0.5637818,0.0,0.9865624,0.0,0.38596237,0.38596237,0.38596234,-0.0,12.2,15.732926,17.777779,17.777779,2.0
resstock-amy2018-2021-release-1-515536,0.0,1.3507068,0.0,0.0,0.6856806,0.0,0.0,0.0,0.0,0.0,0.0,0.0,0.0,0.0,0.6006,0.6006,0.0,0.3397793,6.596914291381836,2.2414948381301087,-0.0,0.6006,0.0,-0.0,0.0,-0.0,0.0,0.0,-0.0,0.0,9.515837,1.3507068,0.0,0.37762377,1.6639044,0.35016868,0.9981283,0.0,0.0,0.0,0.21045,0.1383698,0.59987116,0.0,1.6639044,0.0,1.0633044,1.0633044,0.37762377,-0.0,12.2,16.783592,20.0,20.0,2.0
resstock-amy2018-2021-release-1-515536,0.0,2.1379397,0.0,0.0,1.0853161,0.0,0.0,0.0,0.0,0.0,0.0,0.0,0.0,0.0,0.6006,0.6006,0.0,0.42438498,6.596899032592773,2.7996248732037543,-0.0,0.6006,0.0,-0.0,0.0,-0.0,0.0,0.0,-0.0,0.0,9.515837,2.1379397,0.0,0.32408357,2.0099998,0.42300445,1.2193607,0.0,0.0,0.0,0.21045,0.1383698,0.6066472,0.0,2.0099998,0.0,1.4093997,1.4093997,0.32408357,-0.0,12.2,17.26419,18.88889,18.88889,2.0
resstock-amy2018-2021-release-1-515536,0.0,1.1075872,0.0,0.0,0.562262,0.0,0.0,0.0,0.0,0.0,0.0,0.0,0.0,0.0,0.6006,0.6006,0.0,0.50885546,6.596883773803711,3.356860340969206,-0.0,0.6006,0.0,-0.0,0.0,-0.0,0.0,0.0,-0.0,0.0,9.515837,1.1075872,0.0,0.33162355,1.4944856,0.3145145,0.94475967,0.0,0.0,0.0,0.21045,0.1383698,0.63216376,0.0,1.4944856,0.0,0.8938856,0.8938856,0.33162355,-0.0,12.2,16.842781,18.333334,18.333334,2.0
resstock-amy2018-2021-release-1-515536,0.0,1.0296041,0.0,0.0,0.53059024,0.0,0.0,0.0,0.0,0.0,0.0,0.0,0.0,0.0,0.6006,0.6006,0.0,0.5931909,6.596868515014648,3.9132024272280432,-0.0,0.6006,0.0,-0.0,0.0,-0.0,0.0,0.0,-0.0,0.0,9.515837,1.0296041,0.0,0.38727137,1.5184616,0.32882285,0.9726954,0.0,0.0,0.0,0.21655,0.1383698,0.6405795,0.0,1.5184616,0.0,0.9178616,0.9178616,0.38727137,-0.0,11.7,16.810312,18.333334,18.333334,2.0
resstock-amy2018-2021-release-1-515536,0.0,1.0607992,0.6381698,0.0,0.55645317,0.6604304,0.0,0.0,0.0,0.0,0.0,0.0,0.0,0.0,0.6006,0.6006,0.0,0.6773916,6.596853256225586,4.468652907575574,-0.0,0.6006,0.0,-0.0,0.0,-0.0,0.0,0.0,-0.0,0.0,9.515837,1.0607992,0.0,0.47115648,2.28864,0.56820065,1.4570979,0.0,0.0,0.0,0.24827,0.1383698,0.6366654,0.0,2.28864,0.0,1.68804,1.68804,0.47115648,-0.0,11.1,16.793688,18.333334,18.333334,2.0
resstock-amy2018-2021-release-1-515536,0.0,1.0723288,0.0,0.0,0.5674479,0.0,0.0,0.0,0.0,0.0,0.0,0.0,0.0,0.0,0.6006,0.6006,0.0,0.7614577,6.596837997436523,5.023212967787458,-0.0,0.6006,0.0,-0.0,0.0,-0.0,0.0,0.0,-0.0,0.0,9.515837,1.0723288,0.0,0.47556007,1.643608,0.52636546,1.0395983,0.0,0.0,0.0,0.32025,0.1383698,0.6325099,0.0,1.643608,0.0,1.043008,1.043008,0.47556007,-0.0,10.8,16.696636,18.333334,18.333334,2.0
resstock-amy2018-2021-release-1-515536,0.0,1.1358005,0.0,0.0,0.59579587,0.0,0.0,0.0,0.0,0.0,0.0,0.0,0.0,0.0,0.6006,0.6006,0.0,0.8453894,6.596822738647461,5.576884186829716,-0.0,0.6006,0.0,-0.0,0.0,-0.0,0.0,0.0,-0.0,0.0,9.515837,1.1358005,0.0,0.3493301,1.545726,0.5300189,0.9828174,0.0,0.0,0.0,0.3428932,0.1383698,0.63582903,0.0,1.545726,0.0,0.94512594,0.94512594,0.3493301,-0.0,11.1,16.60896,18.333334,18.333334,2.0
resstock-amy2018-2021-release-1-515536,0.0,1.1931412,0.0,0.0,0.6056931,0.0,0.0,0.0,0.0,0.0,0.0,0.0,0.0,0.0,0.6006,0.6006,0.0,0.92918706,6.596807479858398,6.1296681436538165,-0.0,0.6006,0.0,-0.0,0.0,-0.0,0.0,0.0,-0.0,0.0,9.515837,1.1931412,0.0,0.3511621,1.5459695,0.56346726,0.9859861,0.0,0.0,0.0,0.364475,0.1383698,0.6377785,0.0,1.5459695,0.0,0.9453695,0.9568552,0.3511621,-0.011485681,12.2,16.678139,17.222221,17.222221,2.0
resstock-amy2018-2021-release-1-515536,0.0,0.0,0.38898474,0.0,0.0,0.40255326,0.0,0.0,0.0,0.0,0.0,0.0,0.0,0.0,-0.528,0.0,-0.528,0.8418599,6.596794128417969,5.553576294266804,0.528,0.0,0.0,-0.0,0.0,-0.0,0.0,0.0,-0.0,0.0,9.515837,0.0,0.0,0.3886031,0.22468263,0.078163795,0.14382647,0.0,0.0,0.0,0.34788534,0.1383698,0.6401317,0.0,0.22468263,0.0,0.7526826,0.79115635,0.3886031,-0.038473718,11.7,16.059273,17.222221,17.222221,2.0
resstock-amy2018-2021-release-1-515536,0.0,0.7823935,0.0,0.0,0.38996035,0.0,0.0,0.0,0.0,0.0,0.0,0.0,0.0,0.0,-0.528,0.0,-0.528,0.7546721,6.596780776977539,4.978406468701564,0.528,0.0,0.0,-0.0,0.0,-0.0,0.0,0.0,-0.0,0.0,9.515837,0.7823935,0.0,0.3750235,0.19224022,0.06429208,0.12430411,0.0,0.0,0.0,0.33443615,0.1383698,0.64660823,0.0,0.19224022,0.0,0.72024024,0.7649839,0.3750235,-0.044743676,12.8,16.559355,18.333334,18.333334,2.0
resstock-amy2018-2021-release-1-515536,0.0,1.231619,0.0,0.0,0.5987124,0.0,0.0,0.0,0.0,0.0,0.0,0.0,0.0,0.0,-0.528,0.0,-0.528,0.66762376,6.596767425537109,4.404158661373913,0.528,0.0,0.0,-0.0,0.0,-0.0,0.0,0.0,-0.0,0.0,9.515837,1.231619,0.0,0.42586178,0.41543466,0.1277189,0.26815712,0.0,0.0,0.0,0.30743438,0.1383698,0.6454857,0.0,0.41543466,0.0,0.94343466,1.0245742,0.42586178,-0.081139505,13.6,17.077707,18.333334,18.333334,2.0
resstock-amy2018-2021-release-1-515536,0.6481642,0.89466923,0.0,0.0,0.43078783,0.0,0.0,0.0,0.0,0.0,0.0,0.0,0.0,0.0,-0.528,0.0,-0.528,0.5807146,6.59675407409668,3.830831293910933,0.528,0.0,0.0,-0.0,0.0,-0.0,0.0,0.0,-0.0,0.0,9.515837,0.89466923,0.0,0.42878723,0.2155927,0.063940175,0.13812312,0.0,0.0,0.0,0.2965786,0.1383698,0.64066696,0.0,0.2155927,0.0,0.7435927,0.85957503,0.42878723,-0.11598234,13.9,17.279713,17.222221,17.222221,2.0
resstock-amy2018-2021-release-1-515536,0.0,0.0,0.0,0.0,0.0,0.0,0.0,0.0,0.0,0.0,0.0,0.0,0.0,0.0,-0.528,0.0,-0.528,0.49394426,6.59674072265625,3.2584221981578594,0.528,0.0,0.0,-0.0,0.0,-0.0,0.0,0.0,-0.0,0.0,9.515837,0.0,0.0,0.4286083,-0.21662161,-0.064283855,0.0,0.0,0.0,0.0,0.29675645,0.1383698,0.6363588,0.0,0.0,-0.21662161,0.3113784,0.4286083,0.4286083,-0.11722991,13.9,17.070427,18.333334,18.333334,2.0
resstock-amy2018-2021-release-1-515536,0.0,0.87948906,0.0,0.0,0.42347848,0.0,0.0,0.0,0.0,0.0,0.0,0.0,0.0,0.0,-0.528,0.0,-0.528,0.40731257,6.59672737121582,2.6869299923686185,0.528,0.0,0.0,-0.0,0.0,-0.0,0.0,0.0,-0.0,0.0,9.515837,0.87948906,0.0,0.51100016,0.27298397,0.08758964,0.17292087,0.0,0.0,0.0,0.32086,0.1383698,0.633447,0.0,0.27298397,0.0,0.80098397,0.93447864,0.51100016,-0.13349469,13.9,18.268139,18.88889,18.88889,2.0
resstock-amy2018-2021-release-1-515536,0.0,0.0,0.0,0.0,0.0,0.0,0.0,0.0,0.0,0.0,0.0,0.0,0.0,0.0,-0.528,0.0,-0.528,0.32081938,6.596714019775391,2.1163536880030733,0.528,0.0,0.0,-0.0,0.0,-0.0,0.0,0.0,-0.0,0.0,9.515837,0.0,0.0,0.630512,0.009527631,0.0032348395,0.0060212426,0.0,0.0,0.0,0.3395219,0.1383698,0.6319769,0.0,0.009527631,0.0,0.5375276,0.630512,0.630512,-0.09298437,14.4,18.074308,19.444445,19.444445,2.0
resstock-amy2018-2021-release-1-515536,0.2141671,0.9541635,1.090127,0.0,0.4594346,1.1281526,0.0,0.0,0.0,0.0,0.0,0.0,0.0,0.0,-0.528,0.0,-0.528,0.23446439,6.596700668334961,1.546691411842545,0.528,0.0,0.0,-0.0,0.0,-0.0,0.0,0.0,-0.0,0.0,9.515837,0.9541635,0.0,0.8928131,1.9122548,0.69664246,1.2073196,0.0,0.0,0.0,0.3643042,0.1383698,0.63135916,0.0,1.9122548,0.0,2.4402547,2.4804,0.8928131,-0.04014551,13.9,19.155626,19.444445,19.444445,2.0
resstock-amy2018-2021-release-1-515536,0.0,0.0,0.38898566,0.0,0.0,0.4025542,0.0,0.0,0.0,0.0,0.0,0.0,0.0,0.0,-0.528,0.0,-0.528,0.14824745,6.596687316894531,0.9779420770698835,0.528,0.0,0.0,-0.0,0.0,-0.0,0.0,0.0,-0.0,0.0,9.515837,0.0,0.0,1.0454143,0.91916794,0.3663228,0.5883653,0.0,0.0,0.0,0.3985374,0.1383698,0.64010644,0.0,0.91916794,0.0,1.4471679,1.4479685,1.0454143,-0.00080058136,12.8,18.377808,19.444445,19.444445,2.0
resstock-amy2018-2021-release-1-515536,0.36352992,0.7045565,0.6802009,0.0,0.35766515,0.7039276,0.0,0.0,0.0,0.0,0.0,0.0,0.0,0.0,-0.528,0.0,-0.528,0.06216829,6.596673965454102,0.41010393336450335,0.528,0.0,0.0,-0.0,0.0,-0.0,0.0,0.0,-0.0,0.0,9.515837,0.7045565,0.0,0.88635784,1.4199505,0.5028635,0.899148,0.0,0.0,0.0,0.3541416,0.1383698,0.6332249,0.0,1.4199505,0.0,1.9479505,1.9479505,0.88635784,-0.0,12.2,18.894861,18.88889,18.88889,2.0
resstock-amy2018-2021-release-1-515536,0.0,0.0,0.5834753,0.0,0.0,0.603828,0.0,0.0,0.0,0.0,0.0,0.0,0.0,0.0,-0.38177478,0.0,-0.38177478,0.0,6.5966644287109375,0.0,0.38177478,0.0,0.0,-0.0,0.0,-0.0,0.0,0.0,-0.0,0.0,9.515837,0.0,0.0,0.84828514,1.0703384,0.37532976,0.6585231,0.0,0.0,0.0,0.3506646,0.1383698,0.61524755,0.0,1.0703384,0.0,1.4521132,1.4521132,0.84828514,-0.0,12.2,18.159473,18.88889,18.88889,2.0
resstock-amy2018-2021-release-1-515536,0.0,0.0,0.3889846,0.0,0.0,0.4025531,0.0,0.0,0.0,0.0,0.0,0.0,0.0,0.0,0.0,0.0,0.0,0.0,6.5966644287109375,0.0,-0.0,0.0,0.0,-0.0,0.0,-0.0,0.0,0.0,-0.0,0.0,9.515837,0.0,0.0,0.60831875,1.0108719,0.3440806,0.59435725,0.0,0.0,0.0,0.34038,0.1383698,0.58796495,0.0,1.0108719,0.0,1.0108719,1.0108719,0.60831875,-0.0,11.1,17.80266,18.88889,18.88889,2.0
resstock-amy2018-2021-release-1-515536,0.0,0.6943621,0.19449271,0.0,0.3642348,0.20127699,0.0,0.0,0.0,0.0,0.0,0.0,0.0,0.0,0.0,0.0,0.0,0.0,6.5966644287109375,0.0,-0.0,0.0,0.0,-0.0,0.0,-0.0,0.0,0.0,-0.0,0.0,9.515837,0.6943621,0.0,0.7150877,1.2805996,0.433547,0.6991738,0.0,0.0,0.0,0.33855,0.1383698,0.5459738,0.0,1.2805996,0.0,1.2805996,1.2805996,0.7150877,-0.0,11.1,18.115685,19.444445,19.444445,2.0
resstock-amy2018-2021-release-1-515536,0.0,0.8848033,0.0,0.0,0.47093543,0.0,0.0,0.0,0.0,0.0,0.0,0.0,0.0,0.0,0.6006,0.6006,0.0,0.08514873,6.596649169921875,0.5616962950105062,-0.0,0.6006,0.0,-0.0,0.0,-0.0,0.0,0.0,-0.0,0.0,9.515837,0.8848033,0.0,0.4214056,1.492941,0.48631063,0.7433465,0.0,0.0,0.0,0.32574,0.1383698,0.4979075,0.0,1.492941,0.0,0.892341,0.892341,0.4214056,-0.0,10.6,17.993301,19.444445,19.444445,2.0
resstock-amy2018-2021-release-1-515536,0.0,0.97433233,0.0,0.0,0.51109606,0.0,0.0,0.0,0.0,0.0,0.0,0.0,0.0,0.0,0.6006,0.6006,0.0,0.17016138,6.5966339111328125,1.1224923386700993,-0.0,0.6006,0.0,-0.0,0.0,-0.0,0.0,0.0,-0.0,0.0,9.515837,0.97433233,0.0,0.4004935,1.5121896,0.47789547,0.7035495,0.0,0.0,0.0,0.3160288,0.1383698,0.46525216,0.0,1.5121896,0.0,0.9115896,0.9115896,0.4004935,-0.0,11.1,17.770538,19.444445,19.444445,2.0
resstock-amy2018-2021-release-1-515536,0.0,1.1309667,0.0,0.0,0.6316938,0.0,0.0,0.0,0.0,0.0,0.0,0.0,0.0,0.0,0.6006,0.6006,0.0,0.25503817,6.59661865234375,1.6823895625184377,-0.0,0.6006,0.0,-0.0,0.0,-0.0,0.0,0.0,-0.0,0.0,9.515837,1.1309667,0.0,0.36628777,1.5985816,0.45484185,0.72177494,0.0,0.0,0.0,0.2845284,0.1383698,0.45150962,0.0,1.5985816,0.0,0.99798155,0.99798155,0.36628777,-0.0,8.89,17.57698,19.444445,19.444445,2.0
resstock-amy2018-2021-release-1-515536,0.0,1.2697667,0.0,0.0,0.6925257,0.0,0.0,0.0,0.0,0.0,0.0,0.0,0.0,0.0,0.6006,0.6006,0.0,0.3397793,6.5966033935546875,2.241389201487891,-0.0,0.6006,0.0,-0.0,0.0,-0.0,0.0,0.0,-0.0,0.0,9.515837,1.2697667,0.0,0.37762377,1.6707494,0.45368528,0.7422621,0.0,0.0,0.0,0.27154598,0.1383698,0.44426897,0.0,1.6707494,0.0,1.0701494,1.0701494,0.37762377,-0.0,9.745,17.60833,18.88889,18.88889,2.0
resstock-amy2018-2021-release-1-515536,0.0,0.894306,0.0,0.0,0.47599325,0.0,0.0,0.0,0.0,0.0,0.0,0.0,0.0,0.0,0.6006,0.6006,0.0,0.42438498,6.596588134765625,2.7994929328351645,-0.0,0.6006,0.0,-0.0,0.0,-0.0,0.0,0.0,-0.0,0.0,9.515837,0.894306,0.0,0.32408357,1.4006768,0.34774604,0.62314045,0.0,0.0,0.0,0.24827,0.1383698,0.44488522,0.0,1.4006768,0.0,0.80007684,0.80007684,0.32408357,-0.0,10.6,17.300554,18.88889,18.88889,2.0
resstock-amy2018-2021-release-1-515536,0.0,1.1041712,0.5746086,0.0,0.58542997,0.59465206,0.0,0.0,0.0,0.0,0.0,0.0,0.0,0.0,0.6006,0.6006,0.0,0.50885546,6.5965728759765625,3.3567021389117144,-0.0,0.6006,0.0,-0.0,0.0,-0.0,0.0,0.0,-0.0,0.0,9.515837,1.1041712,0.0,0.33162355,2.1123056,0.5197835,0.95006484,0.0,0.0,0.0,0.246074,0.1383698,0.4497762,0.0,2.1123056,0.0,1.5117056,1.5117056,0.33162355,-0.0,10.733334,17.377007,18.88889,18.88889,2.0
resstock-amy2018-2021-release-1-515536,0.0,1.0541716,0.0,0.0,0.56108147,0.0,0.0,0.0,0.0,0.0,0.0,0.0,0.0,0.0,0.6006,0.6006,0.0,0.5931909,6.5965576171875,3.9130180054635275,-0.0,0.6006,0.0,-0.0,0.0,-0.0,0.0,0.0,-0.0,0.0,9.515837,1.0541716,0.0,0.3979397,1.5596212,0.39196402,0.7076992,0.0,0.0,0.0,0.25132,0.1383698,0.45376348,0.0,1.5596212,0.0,0.9590212,0.9590212,0.3979397,-0.0,10.6,17.246468,18.88889,18.88889,2.0
resstock-amy2018-2021-release-1-515536,0.0,1.139544,0.8035887,0.0,0.6170345,0.8316194,0.0,0.0,0.0,0.0,0.0,0.0,0.0,0.0,0.6006,0.6006,0.0,0.6773916,6.5965423583984375,4.468442308002523,-0.0,0.6006,0.0,-0.0,0.0,-0.0,0.0,0.0,-0.0,0.0,9.515837,1.139544,0.0,0.47115648,2.5204105,0.6887778,1.1609734,0.0,0.0,0.0,0.27328,0.1383698,0.4606287,0.0,2.5204105,0.0,1.9198105,1.9198105,0.47115648,-0.0,10.0,17.143543,18.88889,18.88889,2.0
resstock-amy2018-2021-release-1-515536,0.0,1.2068565,0.0,0.0,0.6844739,0.0,0.0,0.0,0.0,0.0,0.0,0.0,0.0,0.0,0.6006,0.6006,0.0,0.7614577,6.596527099609375,5.022976232248766,-0.0,0.6006,0.0,-0.0,0.0,-0.0,0.0,0.0,-0.0,0.0,9.515837,1.2068565,0.0,0.47556007,1.760634,0.54257804,0.8223408,0.0,0.0,0.0,0.308172,0.1383698,0.46707085,0.0,1.760634,0.0,1.160034,1.160034,0.47556007,-0.0,8.33,16.995316,18.333334,18.333334,2.0
resstock-amy2018-2021-release-1-515536,0.0,0.9404642,0.0,0.0,0.52536225,0.0,0.0,0.0,0.0,0.0,0.0,0.0,0.0,0.0,0.6006,0.6006,0.0,0.8453894,6.5965118408203125,5.5766213570941545,-0.0,0.6006,0.0,-0.0,0.0,-0.0,0.0,0.0,-0.0,0.0,9.515837,0.9404642,0.0,0.4007522,1.5267144,0.4926555,0.7389118,0.0,0.0,0.0,0.32269,0.1383698,0.48398823,0.0,1.5267144,0.0,0.92611444,0.92611444,0.4007522,-0.0,8.885,16.67808,18.333334,18.333334,2.0
resstock-amy2018-2021-release-1-515536,0.0,1.1479365,0.0,0.0,0.63146377,0.0,0.0,0.0,0.0,0.0,0.0,0.0,0.0,0.0,0.6006,0.6006,0.0,0.92918706,6.59649658203125,6.129379261416034,-0.0,0.6006,0.0,-0.0,0.0,-0.0,0.0,0.0,-0.0,0.0,9.515837,1.1479365,0.0,0.3511621,1.5601283,0.5634126,0.7703846,0.0,0.0,0.0,0.3611322,0.1383698,0.49379566,0.0,1.5601283,0.0,0.9595283,0.9826258,0.3511621,-0.023097457,9.44,16.667301,17.222221,17.222221,2.0
resstock-amy2018-2021-release-1-515536,0.0,0.0,0.7784996,0.0,0.0,0.8056551,0.0,0.0,0.0,0.0,0.0,0.0,0.0,0.0,-0.528,0.0,-0.528,0.8418599,6.59648323059082,5.5533145618602475,0.528,0.0,0.0,-0.0,0.0,-0.0,0.0,0.0,-0.0,0.0,9.515837,0.0,0.0,0.3340821,0.5802673,0.19854496,0.28878966,0.0,0.0,0.0,0.3421612,0.1383698,0.49768382,0.0,0.5802673,0.0,1.1082673,1.1397372,0.3340821,-0.03146993,11.67,15.993454,17.222221,17.222221,2.0
resstock-amy2018-2021-release-1-515536,0.0,0.77413195,1.2707978,0.0,0.41203076,1.3151256,0.0,0.0,0.0,0.0,0.0,0.0,0.0,0.0,-0.528,0.0,-0.528,0.7546721,6.596469879150391,4.978171842782331,0.528,0.0,0.0,-0.0,0.0,-0.0,0.0,0.0,-0.0,0.0,9.515837,0.77413195,0.0,0.3750235,1.495185,0.47881475,0.73981816,0.0,0.0,0.0,0.3202378,0.1383698,0.49480042,0.0,1.495185,0.0,2.023185,2.10218,0.3750235,-0.07899487,10.6,16.564983,17.222221,17.222221,2.0
resstock-amy2018-2021-release-1-515536,0.0,0.0,0.0,0.0,0.0,0.0,0.0,0.0,0.0,0.0,0.0,0.0,0.0,0.0,-0.528,0.0,-0.528,0.66762376,6.596456527709961,4.4039510985981,0.528,0.0,0.0,-0.0,0.0,-0.0,0.0,0.0,-0.0,0.0,9.515837,0.0,0.0,0.37205753,-0.23296905,-0.07207876,0.0,0.0,0.0,0.0,0.309392,0.1383698,0.47904748,0.0,0.0,-0.23296905,0.29503095,0.37205753,0.37205753,-0.077026576,10.0,16.049147,18.333334,18.333334,2.0
resstock-amy2018-2021-release-1-515536,0.0,1.4774698,0.0,0.0,0.7659346,0.0,0.0,0.0,0.0,0.0,0.0,0.0,0.0,0.0,-0.528,0.0,-0.528,0.5807146,6.596443176269531,3.8306507510087613,0.528,0.0,0.0,-0.0,0.0,-0.0,0.0,0.0,-0.0,0.0,9.515837,1.4774698,0.0,0.37458146,0.49648312,0.14968291,0.23694035,0.0,0.0,0.0,0.3014864,0.1383698,0.4772375,0.0,0.49648312,0.0,1.0244831,1.140516,0.37458146,-0.11603292,11.5,17.385326,18.333334,18.333334,2.0
resstock-amy2018-2021-release-1-515536,0.0,0.0,0.0,0.0,0.0,0.0,0.0,0.0,0.0,0.0,0.0,0.0,0.0,0.0,-0.528,0.0,-0.528,0.49394426,6.596429824829102,3.258268631961471,0.528,0.0,0.0,-0.0,0.0,-0.0,0.0,0.0,-0.0,0.0,9.515837,0.0,0.0,0.39218146,-0.2723416,-0.082286716,0.0,0.0,0.0,0.0,0.3021452,0.1383698,0.46991596,0.0,0.0,-0.2723416,0.2556584,0.39218146,0.39218146,-0.13652308,12.8,16.987377,18.333334,18.333334,2.0
resstock-amy2018-2021-release-1-515536,0.0,0.91970253,0.20620836,0.0,0.45132676,0.21340129,0.0,0.0,0.0,0.0,0.0,0.0,0.0,0.0,-0.528,0.0,-0.528,0.40731257,6.596416473388672,2.6868033597750127,0.528,0.0,0.0,-0.0,0.0,-0.0,0.0,0.0,-0.0,0.0,9.515837,0.91970253,0.0,3.8042457,3.8019254,1.168864,1.7708153,0.0,0.0,0.0,0.30744,0.1383698,0.465768,0.0,3.8019254,0.0,4.3299255,4.4689736,3.8042457,-0.13904823,13.3,18.164436,18.88889,18.88889,2.0
resstock-amy2018-2021-release-1-515536,0.0,0.0,0.05453208,0.0,0.0,0.056434263,0.0,0.0,0.0,0.0,0.0,0.0,0.0,0.0,-0.528,0.0,-0.528,0.32081938,6.596403121948242,2.1162539459555774,0.528,0.0,0.0,-0.0,0.0,-0.0,0.0,0.0,-0.0,0.0,9.515837,0.0,0.0,0.630512,0.034872267,0.011069992,0.016094532,0.0,0.0,0.0,0.317444,0.1383698,0.46152812,0.0,0.034872267,0.0,0.5628723,0.6869463,0.630512,-0.124074,13.3,18.072918,18.88889,18.88889,2.0
resstock-amy2018-2021-release-1-515536,0.0,0.0,0.0961306,0.0,0.0,0.09948382,0.0,0.0,0.0,0.0,0.0,0.0,0.0,0.0,-0.528,0.0,-0.528,0.23446439,6.5963897705078125,1.546618517372508,0.528,0.0,0.0,-0.0,0.0,-0.0,0.0,0.0,-0.0,0.0,9.515837,0.0,0.0,0.9436328,0.46385768,0.15312295,0.21802986,0.0,0.0,0.0,0.3301076,0.1383698,0.47003612,0.0,0.46385768,0.0,0.99185765,1.0431166,0.9436328,-0.051258937,13.9,18.208559,18.88889,18.88889,2.0
resstock-amy2018-2021-release-1-515536,0.0,0.0,0.15355062,0.0,0.0,0.15890676,0.0,0.0,0.0,0.0,0.0,0.0,0.0,0.0,-0.528,0.0,-0.528,0.14824745,6.596376419067383,0.9778959872596147,0.528,0.0,0.0,-0.0,0.0,-0.0,0.0,0.0,-0.0,0.0,9.515837,0.0,0.0,1.3221326,0.9519888,0.35236517,0.4731205,0.0,0.0,0.0,0.3701358,0.1383698,0.49698117,0.0,0.9519888,0.0,1.4799888,1.4810393,1.3221326,-0.0010505053,12.2,17.985643,18.88889,18.88889,2.0
resstock-amy2018-2021-release-1-515536,1.587798,0.0,0.61659545,0.0,0.0,0.6381034,0.0,0.0,0.0,0.0,0.0,0.0,0.0,0.0,-0.528,0.0,-0.528,0.06216829,6.596363067626953,0.4100846053785432,0.528,0.0,0.0,-0.0,0.0,-0.0,0.0,0.0,-0.0,0.0,9.515837,0.0,0.0,3.6217568,3.7318602,1.2413398,1.9420536,0.0,0.0,0.0,0.332633,0.1383698,0.52039826,0.0,3.7318602,0.0,4.25986,4.25986,3.6217568,-0.0,11.7,17.93912,17.222221,17.222221,2.0
resstock-amy2018-2021-release-1-515536,0.0,0.0,0.100388795,0.0,0.0,0.103890546,0.0,0.0,0.0,0.0,0.0,0.0,0.0,0.0,-0.38177478,0.0,-0.38177478,0.0,6.596353530883789,0.0,0.38177478,0.0,0.0,-0.0,0.0,-0.0,0.0,0.0,-0.0,0.0,9.515837,0.0,0.0,4.404276,4.1263914,1.3506752,2.1411526,0.0,0.0,0.0,0.327326,0.1383698,0.5188923,0.0,4.1263914,0.0,4.5081663,4.5081663,4.404276,-0.0,10.6,17.730902,18.333334,18.333334,2.0
resstock-amy2018-2021-release-1-515536,0.66008437,0.0,0.14611395,0.0,0.0,0.15121068,0.0,0.0,0.0,0.0,0.0,0.0,0.0,0.0,0.0,0.0,0.0,0.0,6.596353530883789,0.0,-0.0,0.0,0.0,-0.0,0.0,-0.0,0.0,0.0,-0.0,0.0,9.515837,0.0,0.0,4.115018,4.2662287,1.3428382,2.18498,0.0,0.0,0.0,0.31476,0.1383698,0.51215726,0.0,4.2662287,0.0,4.2662287,4.2662287,4.115018,-0.0,9.833333,17.458126,17.222221,17.222221,2.0
resstock-amy2018-2021-release-1-515536,0.11619076,0.0,0.77849334,0.0,0.0,0.8056486,0.0,0.0,0.0,0.0,0.0,0.0,0.0,0.0,0.0,0.0,0.0,0.0,6.596353530883789,0.0,-0.0,0.0,0.0,-0.0,0.0,-0.0,0.0,0.0,-0.0,0.0,9.515837,0.0,0.0,0.9741165,1.7797651,0.5512531,0.88142425,0.0,0.0,0.0,0.3097336,0.1383698,0.4952475,0.0,1.7797651,0.0,1.7797651,1.7797651,0.9741165,-0.0,9.066667,17.11354,17.222221,17.222221,2.0
resstock-amy2018-2021-release-1-515536,0.0,0.0,0.19462572,0.0,0.0,0.20141463,0.0,0.0,0.0,0.0,0.0,0.0,0.0,0.0,0.6006,0.6006,0.0,0.08514873,6.596338272094727,0.5616698224555563,-0.0,0.6006,0.0,-0.0,0.0,-0.0,0.0,0.0,-0.0,0.0,9.515837,0.0,0.0,0.738191,1.5402056,0.4697627,0.7387536,0.0,0.0,0.0,0.305,0.1383698,0.4796461,0.0,1.5402056,0.0,0.9396056,0.9396056,0.738191,-0.0,8.3,16.69479,18.333334,18.333334,2.0
resstock-amy2018-2021-release-1-515536,0.0,1.0823239,0.0,0.0,0.5860512,0.0,0.0,0.0,0.0,0.0,0.0,0.0,0.0,0.0,0.6006,0.6006,0.0,0.17016138,6.596323013305664,1.1224394358663687,-0.0,0.6006,0.0,-0.0,0.0,-0.0,0.0,0.0,-0.0,0.0,9.515837,1.0823239,0.0,0.6894831,1.8761344,0.5607766,0.8811672,0.0,0.0,0.0,0.2989,0.1383698,0.46967167,0.0,1.8761344,0.0,1.2755344,1.2755344,0.6894831,-0.0,10.0,17.218956,17.222221,17.222221,2.0
resstock-amy2018-2021-release-1-515536,0.0,0.0,0.0,0.0,0.0,0.0,0.0,0.0,0.0,0.0,0.0,0.0,0.0,0.0,0.6006,0.6006,0.0,0.25503817,6.596307754516602,1.682310271704921,-0.0,0.6006,0.0,-0.0,0.0,-0.0,0.0,0.0,-0.0,0.0,9.515837,0.0,0.0,0.62531656,1.2259166,0.36618719,0.6015557,0.0,0.0,0.0,0.2987048,0.1383698,0.4906987,0.0,1.2259166,0.0,0.6253166,0.6253166,0.62531656,-0.0,10.0,16.188477,17.777779,17.777779,2.0
resstock-amy2018-2021-release-1-515536,0.0,1.0497977,0.0,0.0,0.5958816,0.0,0.0,0.0,0.0,0.0,0.0,0.0,0.0,0.0,0.6006,0.6006,0.0,0.3397793,6.596292495727539,2.2412835648456735,-0.0,0.6006,0.0,-0.0,0.0,-0.0,0.0,0.0,-0.0,0.0,9.515837,1.0497977,0.0,0.6366525,1.8331342,0.54134876,0.7652129,0.0,0.0,0.0,0.2953132,0.1383698,0.4174342,0.0,1.8331342,0.0,1.2325342,1.2325342,0.6366525,-0.0,8.3,16.794819,17.777779,17.777779,2.0
resstock-amy2018-2021-release-1-515536,0.0,0.0,0.0,0.0,0.0,0.0,0.0,0.0,0.0,0.0,0.0,0.0,0.0,0.0,0.6006,0.6006,0.0,0.42438498,6.596277236938477,2.7993609924665748,-0.0,0.6006,0.0,-0.0,0.0,-0.0,0.0,0.0,-0.0,0.0,9.515837,0.0,0.0,0.58311236,1.1837124,0.3493637,0.496022,0.0,0.0,0.0,0.2951424,0.1383698,0.41903928,0.0,1.1837124,0.0,0.58311236,0.58311236,0.58311236,-0.0,10.0,15.9299,17.777779,17.777779,2.0
resstock-amy2018-2021-release-1-515536,0.0,1.2205977,0.0,0.0,0.70221484,0.0,0.0,0.0,0.0,0.0,0.0,0.0,0.0,0.0,0.6006,0.6006,0.0,0.50885546,6.596261978149414,3.356543936854223,-0.0,0.6006,0.0,-0.0,0.0,-0.0,0.0,0.0,-0.0,0.0,9.515837,1.2205977,0.0,0.59065235,1.8934672,0.52955127,0.8110312,0.0,0.0,0.0,0.2796728,0.1383698,0.4283313,0.0,1.8934672,0.0,1.2928672,1.2928672,0.59065235,-0.0,7.8,16.584349,17.777779,17.777779,2.0
resstock-amy2018-2021-release-1-515536,0.0,0.8003934,0.0,0.0,0.48590517,0.0,0.0,0.0,0.0,0.0,0.0,0.0,0.0,0.0,0.6006,0.6006,0.0,0.5931909,6.596246719360352,3.912833583699012,-0.0,0.6006,0.0,-0.0,0.0,-0.0,0.0,0.0,-0.0,0.0,9.515837,0.8003934,0.0,0.64630014,1.7328053,0.4989093,0.7922551,0.0,0.0,0.0,0.28792,0.1383698,0.45720956,0.0,1.7328053,0.0,1.1322052,1.1322052,0.64630014,-0.0,5.733333,16.013418,17.222221,17.222221,2.0
resstock-amy2018-2021-release-1-515536,0.0,0.81835306,1.0029852,0.0,0.5041486,1.0379713,0.0,0.0,0.0,0.0,0.0,0.0,0.0,0.0,0.6006,0.6006,0.0,0.6773916,6.596231460571289,4.468231708429471,-0.0,0.6006,0.0,-0.0,0.0,-0.0,0.0,0.0,-0.0,0.0,9.515837,0.81835306,0.0,0.711537,2.8542569,0.8548437,1.3912021,0.0,0.0,0.0,0.2994978,0.1383698,0.48741305,0.0,2.8542569,0.0,2.2536569,2.2536569,0.711537,-0.0,5.15,15.894333,17.222221,17.222221,2.0
resstock-amy2018-2021-release-1-515536,0.0,0.9049193,0.78033876,0.0,0.48999113,0.8075584,0.0,0.0,0.0,0.0,0.0,0.0,0.0,0.0,0.6006,0.6006,0.0,0.7614577,6.596216201782227,5.022739496710074,-0.0,0.6006,0.0,-0.0,0.0,-0.0,0.0,0.0,-0.0,0.0,9.515837,0.9049193,0.0,0.47556007,2.3737097,0.74572986,1.2139235,0.0,0.0,0.0,0.3141622,0.1383698,0.5114035,0.0,2.3737097,0.0,1.7731097,1.7731097,0.47556007,-0.0,10.0,15.9747305,17.222221,17.222221,2.0
resstock-amy2018-2021-release-1-515536,0.0,0.8604977,0.0,0.0,0.46593794,0.0,0.0,0.0,0.0,0.0,0.0,0.0,0.0,0.0,0.6006,0.6006,0.0,0.8453894,6.596200942993164,5.576358527358593,-0.0,0.6006,0.0,-0.0,0.0,-0.0,0.0,0.0,-0.0,0.0,9.515837,0.8604977,0.0,0.4007522,1.4672902,0.5399998,0.7832737,0.0,0.0,0.0,0.3680252,0.1383698,0.5338233,0.0,1.4672902,0.0,0.86669016,0.86669016,0.4007522,-0.0,10.0,15.989103,17.222221,17.222221,2.0
resstock-amy2018-2021-release-1-515536,0.0,0.8591626,1.9238279,0.0,0.4506826,1.9909346,0.0,0.0,0.0,0.0,0.0,0.0,0.0,0.0,0.6006,0.6006,0.0,0.92918706,6.596185684204102,6.129090379178251,-0.0,0.6006,0.0,-0.0,0.0,-0.0,0.0,0.0,-0.0,0.0,9.515837,0.8591626,0.0,0.40526554,3.419286,1.533037,1.8276402,0.0,0.0,0.0,0.44835,0.1383698,0.5345093,0.0,3.419286,0.0,2.818686,2.8468828,0.40526554,-0.028196774,11.1,16.18298,17.222221,17.222221,2.0
resstock-amy2018-2021-release-1-515536,0.0,0.75284654,1.1867062,0.0,0.37523356,1.2281007,0.0,0.0,0.0,0.0,0.0,0.0,0.0,0.0,-0.528,0.0,-0.528,0.8418599,6.596172332763672,5.553052829453691,0.528,0.0,0.0,-0.0,0.0,-0.0,0.0,0.0,-0.0,0.0,9.515837,0.75284654,0.0,0.3340821,1.3308477,0.5310258,0.7456719,0.0,0.0,0.0,0.3990132,0.1383698,0.56029844,0.0,1.3308477,0.0,1.8588477,1.9374163,0.3340821,-0.07856864,12.8,16.355595,17.222221,17.222221,2.0
resstock-amy2018-2021-release-1-515536,0.0,0.0,0.0,0.0,0.0,0.0,0.0,0.0,0.0,0.0,0.0,0.0,0.0,0.0,-0.528,0.0,-0.528,0.7546721,6.596158981323242,4.977937216863097,0.528,0.0,0.0,-0.0,0.0,-0.0,0.0,0.0,-0.0,0.0,9.515837,0.0,0.0,0.42868608,-0.22235483,-0.07561461,0.0,0.0,0.0,0.0,0.3400628,0.1383698,0.5675896,0.0,0.0,-0.22235483,0.30564517,0.42868608,0.42868608,-0.12304092,12.8,16.212502,17.222221,17.222221,2.0
resstock-amy2018-2021-release-1-515536,0.3237978,0.6899493,0.38769907,0.0,0.33857965,0.40122274,0.0,0.0,0.0,0.0,0.0,0.0,0.0,0.0,-0.528,0.0,-0.528,0.66762376,6.5961456298828125,4.4037435358222865,0.528,0.0,0.0,-0.0,0.0,-0.0,0.0,0.0,-0.0,0.0,9.515837,0.6899493,0.0,0.47966602,0.5195743,0.17153616,0.29002964,0.0,0.0,0.0,0.33014753,0.1383698,0.5582063,0.0,0.5195743,0.0,1.0475743,1.2194684,0.47966602,-0.17189413,13.3,17.125164,17.222221,17.222221,2.0
resstock-amy2018-2021-release-1-515536,0.605946,0.0,0.6419947,0.0,0.0,0.66438866,0.0,0.0,0.0,0.0,0.0,0.0,0.0,0.0,-0.528,0.0,-0.528,0.5807146,6.596132278442383,3.83047020810659,0.528,0.0,0.0,-0.0,0.0,-0.0,0.0,0.0,-0.0,0.0,9.515837,0.0,0.0,0.48299298,0.42711693,0.13417879,0.23746935,0.0,0.0,0.0,0.31415,0.1383698,0.55598205,0.0,0.42711693,0.0,0.9551169,1.1473817,0.48299298,-0.19226469,13.9,17.323505,17.777779,17.777779,2.0
resstock-amy2018-2021-release-1-515536,1.176732,0.0,0.0,0.0,0.0,0.0,0.0,0.0,0.0,0.0,0.0,0.0,0.0,0.0,-0.528,0.0,-0.528,0.49394426,6.596118927001953,3.2581150657650824,0.528,0.0,0.0,-0.0,0.0,-0.0,0.0,0.0,-0.0,0.0,9.515837,0.0,0.0,0.4827246,-0.22928813,-0.072030865,0.0,0.0,0.0,0.0,0.31415,0.1383698,0.5514746,0.0,0.0,-0.22928813,0.29871187,0.4827246,0.4827246,-0.18401274,16.1,18.017485,17.222221,17.222221,2.0
resstock-amy2018-2021-release-1-515536,1.3995771,0.0,0.97376114,0.0,0.0,1.0077277,0.0,0.0,0.0,0.0,0.0,0.0,0.0,0.0,-0.528,0.0,-0.528,0.40731257,6.596105575561523,2.686676727181407,0.528,0.0,0.0,-0.0,0.0,-0.0,0.0,0.0,-0.0,0.0,9.515837,0.0,0.0,0.40463504,0.7202667,0.22911006,0.38627765,0.0,0.0,0.0,0.3180906,0.1383698,0.5362981,0.0,0.7202667,0.0,1.2482667,1.4123628,0.40463504,-0.16409607,12.78,18.35178,17.222221,17.222221,2.0
resstock-amy2018-2021-release-1-515536,0.6713079,0.0,0.58425677,0.0,0.0,0.6046367,0.0,0.0,0.0,0.0,0.0,0.0,0.0,0.0,-0.528,0.0,-0.528,0.32081938,6.596092224121094,2.1161542039080814,0.528,0.0,0.0,-0.0,0.0,-0.0,0.0,0.0,-0.0,0.0,9.515837,0.0,0.0,0.5147195,0.4605959,0.15077625,0.24707225,0.0,0.0,0.0,0.3273504,0.1383698,0.5364187,0.0,0.4605959,0.0,0.9885959,1.1193562,0.5147195,-0.1307603,15.0,18.829958,18.333334,18.333334,2.0
resstock-amy2018-2021-release-1-515536,0.6600157,0.0,0.0,0.0,0.0,0.0,0.0,0.0,0.0,0.0,0.0,0.0,0.0,0.0,-0.528,0.0,-0.528,0.23446439,6.596078872680664,1.546545622902471,0.528,0.0,0.0,-0.0,0.0,-0.0,0.0,0.0,-0.0,0.0,9.515837,0.0,0.0,0.8259223,0.23397362,0.08063901,0.12677781,0.0,0.0,0.0,0.34465,0.1383698,0.54184663,0.0,0.23397362,0.0,0.7619736,0.8259223,0.8259223,-0.06394868,13.9,19.049513,18.333334,18.333334,2.0
resstock-amy2018-2021-release-1-515536,1.3363507,0.0,0.3895069,0.0,0.0,0.40309364,0.0,0.0,0.0,0.0,0.0,0.0,0.0,0.0,-0.528,0.0,-0.528,0.14824745,6.596065521240234,0.9778498974493459,0.528,0.0,0.0,-0.0,0.0,-0.0,0.0,0.0,-0.0,0.0,9.515837,0.0,0.0,0.8754759,0.74873435,0.27508724,0.42821944,0.0,0.0,0.0,0.367403,0.1383698,0.5719244,0.0,0.74873435,0.0,1.2767344,1.2785695,0.8754759,-0.001835162,12.2,18.79151,17.222221,17.222221,2.0
resstock-amy2018-2021-release-1-515536,0.0,0.0,0.0,0.0,0.0,0.0,0.0,0.0,0.0,0.0,0.0,0.0,0.0,0.0,-0.528,0.0,-0.528,0.06216829,6.596052169799805,0.410065277392583,0.528,0.0,0.0,-0.0,0.0,-0.0,0.0,0.0,-0.0,0.0,9.515837,0.0,0.0,0.7859934,0.2579934,0.08810851,0.15623069,0.0,0.0,0.0,0.3415146,0.1383698,0.6055608,0.0,0.2579934,0.0,0.7859934,0.7859934,0.7859934,-0.0,11.1,18.652718,18.88889,18.88889,2.0
resstock-amy2018-2021-release-1-515536,0.0,0.0,0.38950655,0.0,0.0,0.40309325,0.0,0.0,0.0,0.0,0.0,0.0,0.0,0.0,-0.38177478,0.0,-0.38177478,0.0,6.596042633056641,0.0,0.38177478,0.0,0.0,-0.0,0.0,-0.0,0.0,0.0,-0.0,0.0,9.515837,0.0,0.0,0.84828514,0.86960363,0.28909972,0.53620553,0.0,0.0,0.0,0.33245,0.1383698,0.6166091,0.0,0.86960363,0.0,1.2513784,1.2513784,0.84828514,-0.0,10.0,18.394396,18.333334,18.333334,2.0
resstock-amy2018-2021-release-1-515536,0.0,0.0,0.0,0.0,0.0,0.0,0.0,0.0,0.0,0.0,0.0,0.0,0.0,0.0,0.0,0.0,0.0,0.0,6.596042633056641,0.0,-0.0,0.0,0.0,-0.0,0.0,-0.0,0.0,0.0,-0.0,0.0,9.515837,0.0,0.0,0.92459303,0.92459303,0.29410434,0.5747561,0.0,0.0,0.0,0.3180906,0.1383698,0.62163144,0.0,0.92459303,0.0,0.92459303,0.92459303,0.92459303,-0.0,10.0,18.0872,18.88889,18.88889,2.0
resstock-amy2018-2021-release-1-515536,0.0,0.0,0.0,0.0,0.0,0.0,0.0,0.0,0.0,0.0,0.0,0.0,0.0,0.0,0.0,0.0,0.0,0.0,6.596042633056641,0.0,-0.0,0.0,0.0,-0.0,0.0,-0.0,0.0,0.0,-0.0,0.0,9.515837,0.0,0.0,0.7150877,0.7150877,0.22028278,0.44318274,0.0,0.0,0.0,0.30805,0.1383698,0.61976,0.0,0.7150877,0.0,0.7150877,0.7150877,0.7150877,-0.0,9.4,17.723509,18.88889,18.88889,2.0
resstock-amy2018-2021-release-1-515536,1.041663,0.7697805,0.5728221,0.0,0.42391896,0.5928032,0.0,0.0,0.0,0.0,0.0,0.0,0.0,0.0,0.6006,0.6006,0.0,0.08514873,6.596027374267578,0.5616433499006064,-0.0,0.6006,0.0,-0.0,0.0,-0.0,0.0,0.0,-0.0,0.0,9.515837,0.7697805,0.0,0.5946754,2.2119975,0.66791266,1.3527915,0.0,0.0,0.0,0.30195,0.1383698,0.6115701,0.0,2.2119975,0.0,1.6113975,1.6113975,0.5946754,-0.0,9.4,18.029104,17.222221,17.222221,2.0
resstock-amy2018-2021-release-1-515536,0.0,0.0,0.0,0.0,0.0,0.0,0.0,0.0,0.0,0.0,0.0,0.0,0.0,0.0,0.6006,0.6006,0.0,0.17016138,6.596012115478516,1.1223865330626381,-0.0,0.6006,0.0,-0.0,0.0,-0.0,0.0,0.0,-0.0,0.0,9.515837,0.0,0.0,0.43045434,1.0310544,0.30726388,0.6117415,0.0,0.0,0.0,0.2980094,0.1383698,0.59331644,0.0,1.0310544,0.0,0.43045437,0.43045437,0.43045434,-0.0,8.95,16.950119,17.222221,17.222221,2.0
resstock-amy2018-2021-release-1-515536,0.0,0.0,0.0,0.0,0.0,0.0,0.0,0.0,0.0,0.0,0.0,0.0,0.0,0.0,0.6006,0.6006,0.0,0.25503817,6.595996856689453,1.6822309808914042,-0.0,0.6006,0.0,-0.0,0.0,-0.0,0.0,0.0,-0.0,0.0,9.515837,0.0,0.0,0.36628777,0.9668878,0.2716626,0.55273736,0.0,0.0,0.0,0.280966,0.1383698,0.5716665,0.0,0.9668878,0.0,0.36628777,0.36628777,0.36628777,-0.0,8.9,16.508358,17.222221,17.222221,2.0
resstock-amy2018-2021-release-1-515536,0.0,0.0,0.0,0.0,0.0,0.0,0.0,0.0,0.0,0.0,0.0,0.0,0.0,0.0,0.6006,0.6006,0.0,0.3397793,6.595981597900391,2.241177928203456,-0.0,0.6006,0.0,-0.0,0.0,-0.0,0.0,0.0,-0.0,0.0,9.515837,0.0,0.0,0.37762377,0.9782238,0.2629133,0.55082947,0.0,0.0,0.0,0.268766,0.1383698,0.56309146,0.0,0.9782238,0.0,0.3776238,0.3776238,0.37762377,-0.0,8.9,16.172274,18.333334,18.333334,2.0
resstock-amy2018-2021-release-1-515536,0.0,1.4274669,0.0,0.0,0.79708254,0.0,0.0,0.0,0.0,0.0,0.0,0.0,0.0,0.0,0.6006,0.6006,0.0,0.42438498,6.595966339111328,2.799229052097985,-0.0,0.6006,0.0,-0.0,0.0,-0.0,0.0,0.0,-0.0,0.0,9.515837,1.4274669,0.0,0.32408357,1.7217661,0.44846842,0.9680466,0.0,0.0,0.0,0.26047,0.1383698,0.5622405,0.0,1.7217661,0.0,1.1211661,1.1211661,0.32408357,-0.0,8.9,17.13316,18.333334,18.333334,2.0
resstock-amy2018-2021-release-1-515536,0.0,0.8068965,0.0,0.0,0.45800707,0.0,0.0,0.0,0.0,0.0,0.0,0.0,0.0,0.0,0.6006,0.6006,0.0,0.50885546,6.595951080322266,3.3563857347967314,-0.0,0.6006,0.0,-0.0,0.0,-0.0,0.0,0.0,-0.0,0.0,9.515837,0.8068965,0.0,0.33162355,1.3902307,0.36123142,0.7868867,0.0,0.0,0.0,0.2598356,0.1383698,0.5660116,0.0,1.3902307,0.0,0.78963065,0.78963065,0.33162355,-0.0,8.3,16.534576,17.777779,17.777779,2.0
resstock-amy2018-2021-release-1-515536,0.0,0.8431674,0.0,0.0,0.48507765,0.0,0.0,0.0,0.0,0.0,0.0,0.0,0.0,0.0,0.6006,0.6006,0.0,0.5931909,6.595935821533203,3.912649161934496,-0.0,0.6006,0.0,-0.0,0.0,-0.0,0.0,0.0,-0.0,0.0,9.515837,0.8431674,0.0,0.38727137,1.472949,0.39113453,0.8296628,0.0,0.0,0.0,0.2655452,0.1383698,0.56326646,0.0,1.472949,0.0,0.872349,0.872349,0.38727137,-0.0,7.8,16.484406,17.777779,17.777779,2.0
resstock-amy2018-2021-release-1-515536,0.0,0.88443774,0.39580816,0.0,0.5169805,0.40961468,0.0,0.0,0.0,0.0,0.0,0.0,0.0,0.0,0.6006,0.6006,0.0,0.6773916,6.595920562744141,4.468021108856419,-0.0,0.6006,0.0,-0.0,0.0,-0.0,0.0,0.0,-0.0,0.0,9.515837,0.88443774,0.0,0.4525082,1.9797034,0.53739053,1.113677,0.0,0.0,0.0,0.27145,0.1383698,0.5625474,0.0,1.9797034,0.0,1.3791034,1.3791034,0.4525082,-0.0,7.2,16.352001,17.777779,17.777779,2.0
resstock-amy2018-2021-release-1-515536,0.0,0.9803549,0.0,0.0,0.56400216,0.0,0.0,0.0,0.0,0.0,0.0,0.0,0.0,0.0,0.6006,0.6006,0.0,0.7614577,6.595905303955078,5.022502761171381,-0.0,0.6006,0.0,-0.0,0.0,-0.0,0.0,0.0,-0.0,0.0,9.515837,0.9803549,0.0,0.47556007,1.6401622,0.48105994,0.9099115,0.0,0.0,0.0,0.2933002,0.1383698,0.5547692,0.0,1.6401622,0.0,1.0395622,1.0395622,0.47556007,-0.0,7.8,16.350853,17.222221,17.222221,2.0
resstock-amy2018-2021-release-1-515536,0.0,0.0,1.0036153,0.0,0.0,1.0386232,0.0,0.0,0.0,0.0,0.0,0.0,0.0,0.0,0.6006,0.6006,0.0,0.8453894,6.595890045166016,5.576095697623032,-0.0,0.6006,0.0,-0.0,0.0,-0.0,0.0,0.0,-0.0,0.0,9.515837,0.0,0.0,0.4007522,2.0399754,0.62537813,1.1074017,0.0,0.0,0.0,0.3065616,0.1383698,0.54285055,0.0,2.0399754,0.0,1.4393754,1.4393754,0.4007522,-0.0,7.5,15.830969,17.222221,17.222221,2.0
resstock-amy2018-2021-release-1-515536,0.0,0.918978,2.4563367,0.0,0.49760354,2.5420184,0.0,0.0,0.0,0.0,0.0,0.0,0.0,0.0,0.6006,0.6006,0.0,0.92918706,6.595874786376953,6.1288014969404685,-0.0,0.6006,0.0,-0.0,0.0,-0.0,0.0,0.0,-0.0,0.0,9.515837,0.918978,0.0,0.45936897,4.0981517,1.2634356,2.225585,0.0,0.0,0.0,0.308294,0.1383698,0.54307044,0.0,4.0981517,0.0,3.4975517,3.4989908,0.45936897,-0.0014391474,10.0,16.178778,17.777779,17.777779,2.0
resstock-amy2018-2021-release-1-515536,0.0,1.0494094,1.7324996,0.0,0.5407966,1.7929324,0.0,0.0,0.0,0.0,0.0,0.0,0.0,0.0,-0.528,0.0,-0.528,0.8418599,6.595861434936523,5.552791097047134,0.528,0.0,0.0,-0.0,0.0,-0.0,0.0,0.0,-0.0,0.0,9.515837,1.0494094,0.0,0.4976451,2.2812717,0.70232826,1.2680767,0.0,0.0,0.0,0.307867,0.1383698,0.5558639,0.0,2.2812717,0.0,2.8092718,2.8313742,0.4976451,-0.022102376,11.7,16.379082,17.222221,17.222221,2.0
resstock-amy2018-2021-release-1-515536,0.0,0.0,0.0,0.0,0.0,0.0,0.0,0.0,0.0,0.0,0.0,0.0,0.0,0.0,-0.528,0.0,-0.528,0.7546721,6.595848083496094,4.9777025909438635,0.528,0.0,0.0,-0.0,0.0,-0.0,0.0,0.0,-0.0,0.0,9.515837,0.0,0.0,0.5000381,-0.15213731,-0.044621903,0.0,0.0,0.0,0.0,0.2933002,0.1383698,0.54023045,0.0,0.0,-0.15213731,0.3758627,0.5000381,0.5000381,-0.12417539,11.7,16.198105,17.222221,17.222221,2.0
resstock-amy2018-2021-release-1-515536,0.0,0.6546571,0.4424042,0.0,0.34340715,0.4578361,0.0,0.0,0.0,0.0,0.0,0.0,0.0,0.0,-0.528,0.0,-0.528,0.66762376,6.595834732055664,4.403535973046473,0.528,0.0,0.0,-0.0,0.0,-0.0,0.0,0.0,-0.0,0.0,9.515837,0.6546571,0.0,3.7729115,3.9511924,1.0913808,2.0359373,0.0,0.0,0.0,0.27621555,0.1383698,0.5152716,0.0,3.9511924,0.0,4.4791923,4.574155,3.7729115,-0.09496264,11.1,16.674738,17.222221,17.222221,2.0
resstock-amy2018-2021-release-1-515536,0.0,0.0,0.122187026,0.0,0.0,0.12644914,0.0,0.0,0.0,0.0,0.0,0.0,0.0,0.0,-0.528,0.0,-0.528,0.5807146,6.595821380615234,3.8302896652044183,0.528,0.0,0.0,-0.0,0.0,-0.0,0.0,0.0,-0.0,0.0,9.515837,0.0,0.0,2.8266923,2.3438292,0.56734776,1.168834,0.0,0.0,0.0,0.2420602,0.1383698,0.49868566,0.0,2.3438292,0.0,2.871829,2.9531412,2.8266923,-0.08131216,11.1,16.559355,17.222221,17.222221,2.0
resstock-amy2018-2021-release-1-515536,0.0,0.0,0.081029184,0.0,0.0,0.08385564,0.0,0.0,0.0,0.0,0.0,0.0,0.0,0.0,-0.528,0.0,-0.528,0.49394426,6.595808029174805,3.257961499568694,0.528,0.0,0.0,-0.0,0.0,-0.0,0.0,0.0,-0.0,0.0,9.515837,0.0,0.0,0.7417534,0.18421939,0.043014362,0.090466,0.0,0.0,0.0,0.2334953,0.1383698,0.4910775,0.0,0.18421939,0.0,0.71221936,0.82560897,0.7417534,-0.11338964,11.7,16.756477,17.777779,17.777779,2.0
resstock-amy2018-2021-release-1-515536,0.0,0.66454566,0.27538005,0.0,0.34246314,0.2849858,0.0,0.0,0.0,0.0,0.0,0.0,0.0,0.0,-0.528,0.0,-0.528,0.40731257,6.595794677734375,2.686550094587801,0.528,0.0,0.0,-0.0,0.0,-0.0,0.0,0.0,-0.0,0.0,9.515837,0.66454566,0.0,0.45781758,0.48516497,0.12332401,0.23501326,0.0,0.0,0.0,0.25418985,0.1383698,0.48439866,0.0,0.48516497,0.0,1.013165,1.0852665,0.45781758,-0.072101526,11.7,17.325169,17.777779,17.777779,2.0
resstock-amy2018-2021-release-1-515536,0.0,0.0,0.26213673,0.0,0.0,0.27128056,0.0,0.0,0.0,0.0,0.0,0.0,0.0,0.0,-0.528,0.0,-0.528,0.32081938,6.595781326293945,2.1160544618605854,0.528,0.0,0.0,-0.0,0.0,-0.0,0.0,0.0,-0.0,0.0,9.515837,0.0,0.0,0.57261574,0.26194483,0.07589852,0.12384399,0.0,0.0,0.0,0.28975,0.1383698,0.47278655,0.0,0.26194483,0.0,0.7899448,0.8438963,0.57261574,-0.053951487,12.2,17.087559,17.777779,17.777779,2.0
resstock-amy2018-2021-release-1-515536,0.7264815,0.0,1.9608834,0.0,0.0,2.0292826,0.0,0.0,0.0,0.0,0.0,0.0,0.0,0.0,-0.528,0.0,-0.528,0.23446439,6.595767974853516,1.546472728432434,0.528,0.0,0.0,-0.0,0.0,-0.0,0.0,0.0,-0.0,0.0,9.515837,0.0,0.0,0.8928131,2.3723488,0.71682274,1.1113783,0.0,0.0,0.0,0.3021574,0.1383698,0.46847174,0.0,2.3723488,0.0,2.9003487,2.9220955,0.8928131,-0.021746991,12.2,17.124111,17.777779,17.777779,2.0
resstock-amy2018-2021-release-1-515536,0.0,0.0,0.112835824,0.0,0.0,0.11677175,0.0,0.0,0.0,0.0,0.0,0.0,0.0,0.0,-0.528,0.0,-0.528,0.14824745,6.595754623413086,0.9778038076390771,0.528,0.0,0.0,-0.0,0.0,-0.0,0.0,0.0,-0.0,0.0,9.515837,0.0,0.0,0.9604451,0.5490012,0.17093493,0.26640552,0.0,0.0,0.0,0.3113562,0.1383698,0.48525488,0.0,0.5490012,0.0,1.0770012,1.0772169,0.9604451,-0.00021564947,11.1,16.914248,17.777779,17.777779,2.0
resstock-amy2018-2021-release-1-515536,0.0,0.0,0.005005017,0.0,0.0,0.0051796013,0.0,0.0,0.0,0.0,0.0,0.0,0.0,0.0,-0.528,0.0,-0.528,0.06216829,6.595741271972656,0.41004594940662287,0.528,0.0,0.0,-0.0,0.0,-0.0,0.0,0.0,-0.0,0.0,9.515837,0.0,0.0,0.9867223,0.4639019,0.14301817,0.24136029,0.0,0.0,0.0,0.308294,0.1383698,0.52028304,0.0,0.4639019,0.0,0.9919019,0.9919019,0.9867223,-0.0,11.1,16.93317,17.777779,17.777779,2.0
resstock-amy2018-2021-release-1-515536,0.0,0.0,0.9855988,0.0,0.0,1.0199783,0.0,0.0,0.0,0.0,0.0,0.0,0.0,0.0,-0.38177478,0.0,-0.38177478,0.0,6.595731735229492,0.0,0.38177478,0.0,0.0,-0.0,0.0,-0.0,0.0,0.0,-0.0,0.0,9.515837,0.0,0.0,0.94929373,1.5874972,0.49871227,0.8470393,0.0,0.0,0.0,0.31415,0.1383698,0.533569,0.0,1.5874972,0.0,1.969272,1.969272,0.94929373,-0.0,10.6,16.854553,17.777779,17.777779,2.0
resstock-amy2018-2021-release-1-515536,0.0,0.0,0.20981327,0.0,0.0,0.21713194,0.0,0.0,0.0,0.0,0.0,0.0,0.0,0.0,0.0,0.0,0.0,0.0,6.595731735229492,0.0,-0.0,0.0,0.0,-0.0,0.0,-0.0,0.0,0.0,-0.0,0.0,9.515837,0.0,0.0,0.873099,1.090231,0.33597863,0.58626443,0.0,0.0,0.0,0.308172,0.1383698,0.53774333,0.0,1.090231,0.0,1.090231,1.090231,0.873099,-0.0,11.1,16.747898,17.222221,17.222221,2.0
resstock-amy2018-2021-release-1-515536,0.3822217,0.0,2.0286822,0.0,0.0,2.0994465,0.0,0.0,0.0,0.0,0.0,0.0,0.0,0.0,0.0,0.0,0.0,0.0,6.595731735229492,0.0,-0.0,0.0,0.0,-0.0,0.0,-0.0,0.0,0.0,-0.0,0.0,9.515837,0.0,0.0,0.7150877,2.8145342,0.8625191,1.511135,0.0,0.0,0.0,0.3064518,0.1383698,0.5369041,0.0,2.8145342,0.0,2.8145342,2.8145342,0.7150877,-0.0,11.7,16.644081,17.222221,17.222221,2.0
resstock-amy2018-2021-release-1-515536,0.0,0.0,0.0,0.0,0.0,0.0,0.0,0.0,0.0,0.0,0.0,0.0,0.0,0.0,0.6006,0.6006,0.0,0.08514873,6.59571647644043,0.5616168773456565,-0.0,0.6006,0.0,-0.0,0.0,-0.0,0.0,0.0,-0.0,0.0,9.515837,0.0,0.0,0.5946754,1.1952754,0.3543222,0.6375817,0.0,0.0,0.0,0.2964356,0.1383698,0.53341824,0.0,1.1952754,0.0,0.5946754,0.5946754,0.5946754,-0.0,11.1,16.418943,17.222221,17.222221,2.0
resstock-amy2018-2021-release-1-515536,0.0,0.0,0.0,0.0,0.0,0.0,0.0,0.0,0.0,0.0,0.0,0.0,0.0,0.0,0.6006,0.6006,0.0,0.17016138,6.595701217651367,1.1223336302589075,-0.0,0.6006,0.0,-0.0,0.0,-0.0,0.0,0.0,-0.0,0.0,9.515837,0.0,0.0,0.46041518,1.0610151,0.31119597,0.5763834,0.0,0.0,0.0,0.2933002,0.1383698,0.5432377,0.0,1.0610151,0.0,0.46041512,0.46041512,0.46041518,-0.0,10.6,16.059479,17.222221,17.222221,2.0
resstock-amy2018-2021-release-1-515536,0.0,0.76803803,0.0,0.0,0.41587335,0.0,0.0,0.0,0.0,0.0,0.0,0.0,0.0,0.0,0.6006,0.6006,0.0,0.25503817,6.595685958862305,1.6821516900778875,-0.0,0.6006,0.0,-0.0,0.0,-0.0,0.0,0.0,-0.0,0.0,9.515837,0.76803803,0.0,0.38596234,1.4024357,0.3902726,0.75569737,0.0,0.0,0.0,0.278282,0.1383698,0.5388464,0.0,1.4024357,0.0,0.80183566,0.80183566,0.38596234,-0.0,10.0,16.369293,17.777779,17.777779,2.0
resstock-amy2018-2021-release-1-515536,0.0,0.9379654,0.0,0.0,0.51596165,0.0,0.0,0.0,0.0,0.0,0.0,0.0,0.0,0.0,0.6006,0.6006,0.0,0.3397793,6.595670700073242,2.241072291561238,-0.0,0.6006,0.0,-0.0,0.0,-0.0,0.0,0.0,-0.0,0.0,9.515837,0.9379654,0.0,0.39111772,1.5076793,0.4024539,0.8581309,0.0,0.0,0.0,0.266936,0.1383698,0.56917334,0.0,1.5076793,0.0,0.90707934,0.90707934,0.39111772,-0.0,9.44,16.38789,17.777779,17.777779,2.0
resstock-amy2018-2021-release-1-515536,0.0,0.9348931,0.0,0.0,0.5464732,0.0,0.0,0.0,0.0,0.0,0.0,0.0,0.0,0.0,0.6006,0.6006,0.0,0.42438498,6.59565544128418,2.7990971117293952,-0.0,0.6006,0.0,-0.0,0.0,-0.0,0.0,0.0,-0.0,0.0,9.515837,0.9348931,0.0,0.33455327,1.4816265,0.37879735,0.8582269,0.0,0.0,0.0,0.2556632,0.1383698,0.57924646,0.0,1.4816265,0.0,0.8810265,0.8810265,0.33455327,-0.0,7.2,16.265602,17.777779,17.777779,2.0
resstock-amy2018-2021-release-1-515536,0.0,1.0247589,0.7567682,0.0,0.5990025,0.7831657,0.0,0.0,0.0,0.0,0.0,0.0,0.0,0.0,0.6006,0.6006,0.0,0.50885546,6.595640182495117,3.35622753273924,-0.0,0.6006,0.0,-0.0,0.0,-0.0,0.0,0.0,-0.0,0.0,9.515837,1.0247589,0.0,0.3407012,2.3234694,0.5740131,1.3465797,0.0,0.0,0.0,0.24705,0.1383698,0.5795556,0.0,2.3234694,0.0,1.7228694,1.7228694,0.3407012,-0.0,7.2,16.219082,17.777779,17.777779,2.0
resstock-amy2018-2021-release-1-515536,0.0,1.065377,0.0,0.0,0.6129157,0.0,0.0,0.0,0.0,0.0,0.0,0.0,0.0,0.0,0.6006,0.6006,0.0,0.5931909,6.595624923706055,3.9124647401699804,-0.0,0.6006,0.0,-0.0,0.0,-0.0,0.0,0.0,-0.0,0.0,9.515837,1.065377,0.0,0.53973037,1.7532461,0.43442282,1.0354192,0.0,0.0,0.0,0.247782,0.1383698,0.59057266,0.0,1.7532461,0.0,1.1526461,1.1526461,0.53973037,-0.0,7.8,16.102385,17.777779,17.777779,2.0
resstock-amy2018-2021-release-1-515536,0.0,1.152654,0.0,0.0,0.6436299,0.0,0.0,0.0,0.0,0.0,0.0,0.0,0.0,0.0,0.6006,0.6006,0.0,0.6773916,6.595609664916992,4.4678105092833675,-0.0,0.6006,0.0,-0.0,0.0,-0.0,0.0,0.0,-0.0,0.0,9.515837,1.152654,0.0,0.4525082,1.6967381,0.41917917,1.013925,0.0,0.0,0.0,0.24705,0.1383698,0.59757304,0.0,1.6967381,0.0,1.0961381,1.0961381,0.4525082,-0.0,8.9,16.11628,17.222221,17.222221,2.0
resstock-amy2018-2021-release-1-515536,0.0,0.7874651,1.2340482,0.0,0.4469775,1.2770941,0.0,0.0,0.0,0.0,0.0,0.0,0.0,0.0,0.6006,0.6006,0.0,0.7614577,6.59559440612793,5.022266025632689,-0.0,0.6006,0.0,-0.0,0.0,-0.0,0.0,0.0,-0.0,0.0,9.515837,0.7874651,0.0,0.47556007,2.8002317,0.7490542,1.6647385,0.0,0.0,0.0,0.2674972,0.1383698,0.5945003,0.0,2.8002317,0.0,2.1996317,2.1996317,0.47556007,-0.0,8.3,15.869677,17.222221,17.222221,2.0
resstock-amy2018-2021-release-1-515536,0.0,0.94996446,0.15223505,0.0,0.51438195,0.15754528,0.0,0.0,0.0,0.0,0.0,0.0,0.0,0.0,0.6006,0.6006,0.0,0.8453894,6.595579147338867,5.5758328678874705,-0.0,0.6006,0.0,-0.0,0.0,-0.0,0.0,0.0,-0.0,0.0,9.515837,0.94996446,0.0,0.659781,1.9323082,0.5207532,1.1485701,0.0,0.0,0.0,0.269498,0.1383698,0.59440315,0.0,1.9323082,0.0,1.3317082,1.3317082,0.659781,-0.0,10.0,15.8720875,17.222221,17.222221,2.0
resstock-amy2018-2021-release-1-515536,0.0,0.9483876,0.32834944,0.0,0.5135281,0.3398029,0.0,0.0,0.0,0.0,0.0,0.0,0.0,0.0,0.6006,0.6006,0.0,0.92918706,6.595563888549805,6.128512614702686,-0.0,0.6006,0.0,-0.0,0.0,-0.0,0.0,0.0,-0.0,0.0,9.515837,0.9483876,0.0,2.9817042,4.428006,1.1933388,2.6746926,0.0,0.0,0.0,0.269498,0.1383698,0.60403997,0.0,4.428006,0.0,3.8274062,3.835035,2.9817042,-0.007629,10.0,15.849178,17.222221,17.222221,2.0
resstock-amy2018-2021-release-1-515536,0.0,0.9323063,0.29247653,0.0,0.48905087,0.30267867,0.0,0.0,0.0,0.0,0.0,0.0,0.0,0.0,-0.528,0.0,-0.528,0.8418599,6.595550537109375,5.552529364640577,0.528,0.0,0.0,-0.0,0.0,-0.0,0.0,0.0,-0.0,0.0,9.515837,0.9323063,0.0,0.49492985,0.70222926,0.18976341,0.43239346,0.0,0.0,0.0,0.27023,0.1383698,0.615744,0.0,0.70222926,0.0,1.2302293,1.2866594,0.49492985,-0.056430146,11.1,16.052635,17.222221,17.222221,2.0
resstock-amy2018-2021-release-1-515536,0.0,0.83030945,1.058309,0.0,0.4215031,1.0952247,0.0,0.0,0.0,0.0,0.0,0.0,0.0,0.0,-0.528,0.0,-0.528,0.7546721,6.595537185668945,4.97746796502463,0.528,0.0,0.0,-0.0,0.0,-0.0,0.0,0.0,-0.0,0.0,9.515837,0.83030945,0.0,0.42868608,1.326707,0.35754487,0.8234297,0.0,0.0,0.0,0.269498,0.1383698,0.6206568,0.0,1.326707,0.0,1.854707,1.945414,0.42868608,-0.09070696,12.2,16.264986,17.222221,17.222221,2.0
resstock-amy2018-2021-release-1-515536,0.0,0.0,0.19499288,0.0,0.0,0.2017946,0.0,0.0,0.0,0.0,0.0,0.0,0.0,0.0,-0.528,0.0,-0.528,0.66762376,6.595523834228516,4.40332841027066,0.528,0.0,0.0,-0.0,0.0,-0.0,0.0,0.0,-0.0,0.0,9.515837,0.0,0.0,0.42586178,-0.054038286,-0.0140971085,0.0,0.0,0.0,0.0,0.2608726,0.1383698,0.61809623,0.0,0.0,-0.054038286,0.4739617,0.62765634,0.42586178,-0.15369466,12.8,16.192783,17.222221,17.222221,2.0
resstock-amy2018-2021-release-1-515536,0.0,0.7034228,0.0,0.0,0.34519154,0.0,0.0,0.0,0.0,0.0,0.0,0.0,0.0,0.0,-0.528,0.0,-0.528,0.5807146,6.595510482788086,3.8301091223022468,0.528,0.0,0.0,-0.0,0.0,-0.0,0.0,0.0,-0.0,0.0,9.515837,0.7034228,0.0,0.42878723,0.12772387,0.033260062,0.07842046,0.0,0.0,0.0,0.260406,0.1383698,0.61398435,0.0,0.12772387,0.0,0.65572387,0.77397877,0.42878723,-0.11825489,13.3,16.867174,17.222221,17.222221,2.0
resstock-amy2018-2021-release-1-515536,0.16061886,0.0,0.19499286,0.0,0.0,0.20179456,0.0,0.0,0.0,0.0,0.0,0.0,0.0,0.0,-0.528,0.0,-0.528,0.49394426,6.595497131347656,3.2578079333723053,0.528,0.0,0.0,-0.0,0.0,-0.0,0.0,0.0,-0.0,0.0,9.515837,0.0,0.0,0.4286083,-0.0022750497,-0.00051408296,0.0,0.0,0.0,0.0,0.22596559,0.1383698,0.5972546,0.0,0.0,-0.0022750497,0.52572495,0.63040286,0.4286083,-0.104677916,13.3,16.821468,17.222221,17.222221,2.0
resstock-amy2018-2021-release-1-515536,0.360608,0.0,0.0,0.0,0.0,0.0,0.0,0.0,0.0,0.0,0.0,0.0,0.0,0.0,-0.528,0.0,-0.528,0.40731257,6.595483779907227,2.6864234619941953,0.528,0.0,0.0,-0.0,0.0,-0.0,0.0,0.0,-0.0,0.0,9.515837,0.0,0.0,0.5618198,-0.023807503,-0.00541731,0.0,0.0,0.0,0.0,0.22754633,0.1383698,0.5701731,0.0,0.0,-0.023807503,0.5041925,0.5618198,0.5618198,-0.057627298,13.9,17.057716,17.222221,17.222221,2.0
resstock-amy2018-2021-release-1-515536,0.0,0.0,0.0,0.0,0.0,0.0,0.0,0.0,0.0,0.0,0.0,0.0,0.0,0.0,-0.528,0.0,-0.528,0.32081938,6.595470428466797,2.1159547198130895,0.528,0.0,0.0,-0.0,0.0,-0.0,0.0,0.0,-0.0,0.0,9.515837,0.0,0.0,0.630512,0.0059155747,0.0015811761,0.0033272386,0.0,0.0,0.0,0.26729035,0.1383698,0.562454,0.0,0.0059155747,0.0,0.5339156,0.630512,0.630512,-0.09659643,15.0,17.494555,18.88889,18.88889,2.0
resstock-amy2018-2021-release-1-515536,0.0,0.98677164,0.0,0.0,0.46754888,0.0,0.0,0.0,0.0,0.0,0.0,0.0,0.0,0.0,-0.528,0.0,-0.528,0.23446439,6.595457077026367,1.546399833962397,0.528,0.0,0.0,-0.0,0.0,-0.0,0.0,0.0,-0.0,0.0,9.515837,0.98677164,0.0,0.8928131,0.78819996,0.22656351,0.44878256,0.0,0.0,0.0,0.2874442,0.1383698,0.5693765,0.0,0.78819996,0.0,1.3162,1.3603619,0.8928131,-0.044161953,14.4,18.53046,18.333334,18.333334,2.0
resstock-amy2018-2021-release-1-515536,0.0,0.0,0.7305001,0.0,0.0,0.7559813,0.0,0.0,0.0,0.0,0.0,0.0,0.0,0.0,-0.528,0.0,-0.528,0.14824745,6.5954437255859375,0.9777577178288084,0.528,0.0,0.0,-0.0,0.0,-0.0,0.0,0.0,-0.0,0.0,9.515837,0.0,0.0,1.0962341,1.3225467,0.38790324,0.77738345,0.0,0.0,0.0,0.2933002,0.1383698,0.5877928,0.0,1.3225467,0.0,1.8505467,1.8522153,1.0962341,-0.0016686309,13.3,18.042713,18.88889,18.88889,2.0
resstock-amy2018-2021-release-1-515536,0.0,0.0,0.23412971,0.0,0.0,0.24229659,0.0,0.0,0.0,0.0,0.0,0.0,0.0,0.0,-0.528,0.0,-0.528,0.06216829,6.595430374145508,0.4100266214206627,0.528,0.0,0.0,-0.0,0.0,-0.0,0.0,0.0,-0.0,0.0,9.515837,0.0,0.0,0.9867223,0.70101887,0.20684907,0.4170214,0.0,0.0,0.0,0.2950692,0.1383698,0.594879,0.0,0.70101887,0.0,1.2290189,1.2290189,0.9867223,-0.0,12.8,18.001507,18.88889,18.88889,2.0
resstock-amy2018-2021-release-1-515536,0.0,0.0,0.44458857,0.0,0.0,0.46009666,0.0,0.0,0.0,0.0,0.0,0.0,0.0,0.0,-0.38177478,0.0,-0.38177478,0.0,6.595420837402344,0.0,0.38177478,0.0,0.0,-0.0,0.0,-0.0,0.0,0.0,-0.0,0.0,9.515837,0.0,0.0,0.94929373,1.0276155,0.30340576,0.5820138,0.0,0.0,0.0,0.2952522,0.1383698,0.5663731,0.0,1.0276155,0.0,1.4093903,1.4093903,0.94929373,-0.0,12.2,17.889133,18.88889,18.88889,2.0
resstock-amy2018-2021-release-1-515536,1.1571927,0.0,0.38998345,0.0,0.0,0.4035868,0.0,0.0,0.0,0.0,0.0,0.0,0.0,0.0,0.0,0.0,0.0,0.0,6.595420837402344,0.0,-0.0,0.0,0.0,-0.0,0.0,-0.0,0.0,0.0,-0.0,0.0,9.515837,0.0,0.0,0.873099,1.2766858,0.37445223,0.69682604,0.0,0.0,0.0,0.2933002,0.1383698,0.54580855,0.0,1.2766858,0.0,1.2766858,1.2766858,0.873099,-0.0,12.2,17.759298,17.222221,17.222221,2.0
resstock-amy2018-2021-release-1-515536,0.0,0.0,0.0,0.0,0.0,0.0,0.0,0.0,0.0,0.0,0.0,0.0,0.0,0.0,0.0,0.0,0.0,0.0,6.595420837402344,0.0,-0.0,0.0,0.0,-0.0,0.0,-0.0,0.0,0.0,-0.0,0.0,9.515837,0.0,0.0,0.64374954,0.64374954,0.1858353,0.3460645,0.0,0.0,0.0,0.2886764,0.1383698,0.5375763,0.0,0.64374954,0.0,0.64374954,0.64374954,0.64374954,-0.0,13.133333,17.629772,18.88889,18.88889,2.0
resstock-amy2018-2021-release-1-515536,0.0,0.8316973,1.4435617,0.0,0.40813985,1.4939158,0.0,0.0,0.0,0.0,0.0,0.0,0.0,0.0,0.6006,0.6006,0.0,0.08514873,6.595405578613281,0.5615904047907065,-0.0,0.6006,0.0,-0.0,0.0,-0.0,0.0,0.0,-0.0,0.0,9.515837,0.8316973,0.0,0.5369188,3.0395746,0.81915927,1.5984324,0.0,0.0,0.0,0.269498,0.1383698,0.5258737,0.0,3.0395746,0.0,2.4389746,2.4389746,0.5369188,-0.0,13.3,18.149368,18.88889,18.88889,2.0
resstock-amy2018-2021-release-1-515536,0.0,0.0,0.0,0.0,0.0,0.0,0.0,0.0,0.0,0.0,0.0,0.0,0.0,0.0,0.6006,0.6006,0.0,0.17016138,6.595390319824219,1.122280727455177,-0.0,0.6006,0.0,-0.0,0.0,-0.0,0.0,0.0,-0.0,0.0,9.515837,0.0,0.0,0.43045434,1.0310544,0.2358537,0.52770936,0.0,0.0,0.0,0.22875,0.1383698,0.51181525,0.0,1.0310544,0.0,0.43045437,0.43045437,0.43045434,-0.0,12.8,17.328602,19.444445,19.444445,2.0
resstock-amy2018-2021-release-1-515536,0.0,1.397599,0.0,0.0,0.6965909,0.0,0.0,0.0,0.0,0.0,0.0,0.0,0.0,0.0,0.6006,0.6006,0.0,0.25503817,6.595375061035156,1.6820723992643707,-0.0,0.6006,0.0,-0.0,0.0,-0.0,0.0,0.0,-0.0,0.0,9.515837,1.397599,0.0,0.36628777,1.6634786,0.26153994,0.8737901,0.0,0.0,0.0,0.15722471,0.1383698,0.5252788,0.0,1.6634786,0.0,1.0628786,1.0628786,0.36628777,-0.0,12.8,18.341465,18.88889,18.88889,2.0
resstock-amy2018-2021-release-1-515536,0.0,0.0,0.0,0.0,0.0,0.0,0.0,0.0,0.0,0.0,0.0,0.0,0.0,0.0,0.6006,0.6006,0.0,0.3397793,6.595359802246094,2.2409666549190206,-0.0,0.6006,0.0,-0.0,0.0,-0.0,0.0,0.0,-0.0,0.0,9.515837,0.0,0.0,0.37762377,0.9782238,0.15391386,0.49456543,0.0,0.0,0.0,0.15734012,0.1383698,0.50557494,0.0,0.9782238,0.0,0.3776238,0.3776238,0.37762377,-0.0,12.6,17.311575,18.88889,18.88889,2.0
resstock-amy2018-2021-release-1-515536,0.0,1.0418794,0.0,0.0,0.51929325,0.0,0.0,0.0,0.0,0.0,0.0,0.0,0.0,0.0,0.6006,0.6006,0.0,0.42438498,6.595344543457031,2.7989651713608055,-0.0,0.6006,0.0,-0.0,0.0,-0.0,0.0,0.0,-0.0,0.0,9.515837,1.0418794,0.0,0.32408357,1.4439769,0.21172407,0.7506318,0.0,0.0,0.0,0.14662567,0.1383698,0.5198364,0.0,1.4439769,0.0,0.8433769,0.8433769,0.32408357,-0.0,12.8,17.970009,18.88889,18.88889,2.0
resstock-amy2018-2021-release-1-515536,0.0,0.0,0.0,0.0,0.0,0.0,0.0,0.0,0.0,0.0,0.0,0.0,0.0,0.0,0.6006,0.6006,0.0,0.50885546,6.595329284667969,3.3560693306817484,-0.0,0.6006,0.0,-0.0,0.0,-0.0,0.0,0.0,-0.0,0.0,9.515837,0.0,0.0,0.33162355,0.93222356,0.13945995,0.5087097,0.0,0.0,0.0,0.14959925,0.1383698,0.545695,0.0,0.93222356,0.0,0.33162355,0.33162355,0.33162355,-0.0,12.9,17.224852,18.88889,18.88889,2.0
resstock-amy2018-2021-release-1-515536,0.0,1.0991635,0.0,0.0,0.5461546,0.0,0.0,0.0,0.0,0.0,0.0,0.0,0.0,0.0,0.6006,0.6006,0.0,0.5931909,6.595314025878906,3.9122803184054646,-0.0,0.6006,0.0,-0.0,0.0,-0.0,0.0,0.0,-0.0,0.0,9.515837,1.0991635,0.0,0.38727137,1.534026,0.24556106,0.86715853,0.0,0.0,0.0,0.1600762,0.1383698,0.5652828,0.0,1.534026,0.0,0.933426,0.933426,0.38727137,-0.0,12.9,17.832266,18.88889,18.88889,2.0
resstock-amy2018-2021-release-1-515536,0.0,0.70882493,1.8016971,0.0,0.35329232,1.8645437,0.0,0.0,0.0,0.0,0.0,0.0,0.0,0.0,0.6006,0.6006,0.0,0.6773916,6.595298767089844,4.467599909710316,-0.0,0.6006,0.0,-0.0,0.0,-0.0,0.0,0.0,-0.0,0.0,9.515837,0.70882493,0.0,0.4525082,3.270944,0.6475036,1.8659474,0.0,0.0,0.0,0.19795619,0.1383698,0.5704614,0.0,3.270944,0.0,2.670344,2.670344,0.4525082,-0.0,12.8,17.5347,18.88889,18.88889,2.0
resstock-amy2018-2021-release-1-515536,0.0,0.9122892,0.0,0.0,0.45330012,0.0,0.0,0.0,0.0,0.0,0.0,0.0,0.0,0.0,0.6006,0.6006,0.0,0.7614577,6.595283508300781,5.022029290093997,-0.0,0.6006,0.0,-0.0,0.0,-0.0,0.0,0.0,-0.0,0.0,9.515837,0.9122892,0.0,0.51369184,1.5675919,0.44792354,0.9132428,0.0,0.0,0.0,0.2857399,0.1383698,0.5825769,0.0,1.5675919,0.0,0.9669919,0.9669919,0.51369184,-0.0,12.9,17.680172,18.88889,18.88889,2.0
resstock-amy2018-2021-release-1-515536,0.0,0.8250557,0.318325,0.0,0.41503003,0.3294288,0.0,0.0,0.0,0.0,0.0,0.0,0.0,0.0,0.6006,0.6006,0.0,0.8453894,6.595268249511719,5.575570038151909,-0.0,0.6006,0.0,-0.0,0.0,-0.0,0.0,0.0,-0.0,0.0,9.515837,0.8250557,0.0,0.50359637,1.8486552,0.57485944,1.0859766,0.0,0.0,0.0,0.31096086,0.1383698,0.5874414,0.0,1.8486552,0.0,1.2480552,1.2480552,0.50359637,-0.0,12.5,17.532148,18.88889,18.88889,2.0
resstock-amy2018-2021-release-1-515536,0.0,0.9307363,0.0,0.0,0.4481543,0.0,0.0,0.0,0.0,0.0,0.0,0.0,0.0,0.0,0.6006,0.6006,0.0,0.92918706,6.595252990722656,6.128223732464903,-0.0,0.6006,0.0,-0.0,0.0,-0.0,0.0,0.0,-0.0,0.0,9.515837,0.9307363,0.0,0.45936897,1.5030409,0.47265467,0.8934911,0.0,0.0,0.0,0.3144656,0.1383698,0.5944556,0.0,1.5030409,0.0,0.9024409,0.9075233,0.45936897,-0.0050823474,13.9,17.573305,18.88889,18.88889,2.0
resstock-amy2018-2021-release-1-515536,0.0,0.9619587,0.0,0.0,0.46318805,0.0,0.0,0.0,0.0,0.0,0.0,0.0,0.0,0.0,-0.528,0.0,-0.528,0.8418599,6.595239639282227,5.55226763223402,0.528,0.0,0.0,-0.0,0.0,-0.0,0.0,0.0,-0.0,0.0,9.515837,0.9619587,0.0,0.3886031,0.30953854,0.10538109,0.18535541,0.0,0.0,0.0,0.34044576,0.1383698,0.59881204,0.0,0.30953854,0.0,0.83753854,0.85179114,0.3886031,-0.014252597,13.9,17.539368,18.88889,18.88889,2.0
resstock-amy2018-2021-release-1-515536,0.0,1.0517637,0.39020872,0.0,0.47893578,0.40381992,0.0,0.0,0.0,0.0,0.0,0.0,0.0,0.0,-0.528,0.0,-0.528,0.7546721,6.595226287841797,4.977233339105396,0.528,0.0,0.0,-0.0,0.0,-0.0,0.0,0.0,-0.0,0.0,9.515837,1.0517637,0.0,0.42868608,0.742138,0.23890036,0.43778577,0.0,0.0,0.0,0.32190827,0.1383698,0.58989805,0.0,0.742138,0.0,1.270138,1.3114418,0.42868608,-0.04130372,15.6,17.887611,18.88889,18.88889,2.0
resstock-amy2018-2021-release-1-515536,1.101943,0.78698266,0.0,0.0,0.3656247,0.0,0.0,0.0,0.0,0.0,0.0,0.0,0.0,0.0,-0.528,0.0,-0.528,0.66762376,6.595212936401367,4.403120847494847,0.528,0.0,0.0,-0.0,0.0,-0.0,0.0,0.0,-0.0,0.0,9.515837,0.78698266,0.0,0.42586178,0.20439641,0.06461278,0.11287995,0.0,0.0,0.0,0.31611505,0.1383698,0.5522599,0.0,0.20439641,0.0,0.7323964,0.7914865,0.42586178,-0.05909009,15.0,17.911572,17.222221,17.222221,2.0
resstock-amy2018-2021-release-1-515536,0.0,0.0,0.19510448,0.0,0.0,0.2019101,0.0,0.0,0.0,0.0,0.0,0.0,0.0,0.0,-0.528,0.0,-0.528,0.5807146,6.5951995849609375,3.8299285794000753,0.528,0.0,0.0,-0.0,0.0,-0.0,0.0,0.0,-0.0,0.0,9.515837,0.0,0.0,0.42878723,0.058817416,0.01744761,0.030228209,0.0,0.0,0.0,0.2966402,0.1383698,0.51393294,0.0,0.058817416,0.0,0.5868174,0.6306973,0.42878723,-0.043879915,15.3,17.550518,18.88889,18.88889,2.0
resstock-amy2018-2021-release-1-515536,0.0,0.9855473,0.0,0.0,0.4487832,0.0,0.0,0.0,0.0,0.0,0.0,0.0,0.0,0.0,-0.528,0.0,-0.528,0.49394426,6.595186233520508,3.257654367175917,0.528,0.0,0.0,-0.0,0.0,-0.0,0.0,0.0,-0.0,0.0,9.515837,0.9855473,0.0,0.4286083,0.31594896,0.09561665,0.15345706,0.0,0.0,0.0,0.30263323,0.1383698,0.48570204,0.0,0.31594896,0.0,0.84394896,0.87739146,0.4286083,-0.033442486,15.6,18.32101,18.333334,18.333334,2.0
resstock-amy2018-2021-release-1-515536,0.0,0.0,0.0,0.0,0.0,0.0,0.0,0.0,0.0,0.0,0.0,0.0,0.0,0.0,-0.528,0.0,-0.528,0.40731257,6.595172882080078,2.6862968294005896,0.528,0.0,0.0,-0.0,0.0,-0.0,0.0,0.0,-0.0,0.0,9.515837,0.0,0.0,0.45781758,-0.11373938,-0.03505177,0.0,0.0,0.0,0.0,0.30817622,0.1383698,0.47366127,0.0,0.0,-0.11373938,0.41426063,0.45781758,0.45781758,-0.043556966,16.1,17.809486,18.88889,18.88889,2.0
resstock-amy2018-2021-release-1-515536,0.0,0.7375642,0.0,0.0,0.3619458,0.0,0.0,0.0,0.0,0.0,0.0,0.0,0.0,0.0,-0.528,0.0,-0.528,0.32081938,6.595159530639648,2.1158549777655935,0.528,0.0,0.0,-0.0,0.0,-0.0,0.0,0.0,-0.0,0.0,9.515837,0.7375642,0.0,0.630512,0.43422648,0.13793887,0.21327302,0.0,0.0,0.0,0.31766573,0.1383698,0.49115616,0.0,0.43422648,0.0,0.9622265,0.9924578,0.630512,-0.030231323,13.3,18.356647,19.444445,19.444445,2.0
resstock-amy2018-2021-release-1-515536,0.0,0.76498497,0.7804174,0.0,0.3683442,0.8076398,0.0,0.0,0.0,0.0,0.0,0.0,0.0,0.0,-0.528,0.0,-0.528,0.23446439,6.595146179199219,1.54632693949236,0.528,0.0,0.0,-0.0,0.0,-0.0,0.0,0.0,-0.0,0.0,9.515837,0.76498497,0.0,1.0325671,1.674099,0.5569249,0.8636181,0.0,0.0,0.0,0.3326714,0.1383698,0.5158704,0.0,1.674099,0.0,2.2020988,2.208551,1.0325671,-0.0064520645,13.9,18.331963,19.444445,19.444445,2.0
resstock-amy2018-2021-release-1-515536,0.0,0.789676,0.47207636,0.0,0.38023305,0.48854327,0.0,0.0,0.0,0.0,0.0,0.0,0.0,0.0,-0.528,0.0,-0.528,0.14824745,6.595132827758789,0.9777116280185396,0.528,0.0,0.0,-0.0,0.0,-0.0,0.0,0.0,-0.0,0.0,9.515837,0.789676,0.0,0.9604451,1.3012215,0.43571636,0.71485513,0.0,0.0,0.0,0.3348518,0.1383698,0.5493724,0.0,1.3012215,0.0,1.8292215,1.8292215,0.9604451,0.0,13.9,18.36847,19.444445,19.444445,2.0
resstock-amy2018-2021-release-1-515536,0.36704382,0.74726397,0.0,0.0,0.37168503,0.0,0.0,0.0,0.0,0.0,0.0,0.0,0.0,0.0,-0.528,0.0,-0.528,0.06216829,6.595119476318359,0.41000729343470255,0.528,0.0,0.0,-0.0,0.0,-0.0,0.0,0.0,-0.0,0.0,9.515837,0.74726397,0.0,0.88635784,0.7300428,0.2371208,0.41449642,0.0,0.0,0.0,0.32480398,0.1383698,0.56777,0.0,0.7300428,0.0,1.2580428,1.2580428,0.88635784,-0.0,12.866667,18.414108,18.333334,18.333334,2.0
resstock-amy2018-2021-release-1-515536,0.0,0.0,0.0,0.0,0.0,0.0,0.0,0.0,0.0,0.0,0.0,0.0,0.0,0.0,-0.38177478,0.0,-0.38177478,0.0,6.595109939575195,0.0,0.38177478,0.0,0.0,-0.0,0.0,-0.0,0.0,0.0,-0.0,0.0,9.515837,0.0,0.0,0.84828514,0.46651036,0.14812845,0.26284933,0.0,0.0,0.0,0.31752446,0.1383698,0.5634373,0.0,0.46651036,0.0,0.84828514,0.84828514,0.84828514,-0.0,13.3,17.952604,18.88889,18.88889,2.0
resstock-amy2018-2021-release-1-515536,0.0,0.0,0.81422096,0.0,0.0,0.8426225,0.0,0.0,0.0,0.0,0.0,0.0,0.0,0.0,0.0,0.0,0.0,0.0,6.595109939575195,0.0,-0.0,0.0,0.0,-0.0,0.0,-0.0,0.0,0.0,-0.0,0.0,9.515837,0.0,0.0,0.7848389,1.6274614,0.5116461,0.9452624,0.0,0.0,0.0,0.3143829,0.1383698,0.58082014,0.0,1.6274614,0.0,1.6274614,1.6274614,0.7848389,-0.0,13.3,17.807457,19.444445,19.444445,2.0
resstock-amy2018-2021-release-1-515536,0.0,1.1013114,0.19510375,0.0,0.5489153,0.20190933,0.0,0.0,0.0,0.0,0.0,0.0,0.0,0.0,0.0,0.0,0.0,0.0,6.595109939575195,0.0,-0.0,0.0,0.0,-0.0,0.0,-0.0,0.0,0.0,-0.0,0.0,9.515837,1.1013114,0.0,0.57241136,1.323236,0.41310298,0.78332466,0.0,0.0,0.0,0.31219146,0.1383698,0.5919765,0.0,1.323236,0.0,1.323236,1.323236,0.57241136,-0.0,12.8,18.484127,18.88889,18.88889,2.0
resstock-amy2018-2021-release-1-515536,0.0,0.0,0.0,0.0,0.0,0.0,0.0,0.0,0.0,0.0,0.0,0.0,0.0,0.0,0.6006,0.6006,0.0,0.08514873,6.595094680786133,0.5615639322357566,-0.0,0.6006,0.0,-0.0,0.0,-0.0,0.0,0.0,-0.0,0.0,9.515837,0.0,0.0,0.47916222,1.0797622,0.3070644,0.64374423,0.0,0.0,0.0,0.2843815,0.1383698,0.59619075,0.0,1.0797622,0.0,0.47916222,0.47916222,0.47916222,-0.0,12.9,17.519016,18.88889,18.88889,2.0
resstock-amy2018-2021-release-1-515536,0.0,0.9048561,0.0,0.0,0.45934638,0.0,0.0,0.0,0.0,0.0,0.0,0.0,0.0,0.0,0.6006,0.6006,0.0,0.17016138,6.59507942199707,1.1222278246514463,-0.0,0.6006,0.0,-0.0,0.0,-0.0,0.0,0.0,-0.0,0.0,9.515837,0.9048561,0.0,0.43045434,1.4904008,0.3624366,0.8900299,0.0,0.0,0.0,0.24318062,0.1383698,0.5971749,0.0,1.4904008,0.0,0.8898008,0.8898008,0.43045434,-0.0,12.2,17.949867,18.88889,18.88889,2.0
resstock-amy2018-2021-release-1-515536,0.0,0.0,0.19521053,0.0,0.0,0.20201984,0.0,0.0,0.0,0.0,0.0,0.0,0.0,0.0,0.6006,0.6006,0.0,0.25503817,6.595064163208008,1.681993108450854,-0.0,0.6006,0.0,-0.0,0.0,-0.0,0.0,0.0,-0.0,0.0,9.515837,0.0,0.0,0.36628777,1.1689076,0.2922407,0.66997254,0.0,0.0,0.0,0.2500118,0.1383698,0.57316124,0.0,1.1689076,0.0,0.56830764,0.56830764,0.36628777,-0.0,11.1,16.940609,19.444445,19.444445,2.0
resstock-amy2018-2021-release-1-515536,0.0,1.6538839,0.0,0.0,0.89553666,0.0,0.0,0.0,0.0,0.0,0.0,0.0,0.0,0.0,0.6006,0.6006,0.0,0.3397793,6.595048904418945,2.240861018276803,-0.0,0.6006,0.0,-0.0,0.0,-0.0,0.0,0.0,-0.0,0.0,9.515837,1.6538839,0.0,0.37762377,1.8737605,0.43309158,1.1098039,0.0,0.0,0.0,0.23113498,0.1383698,0.59228694,0.0,1.8737605,0.0,1.2731605,1.2731605,0.37762377,-0.0,10.0,18.127033,20.0,20.0,2.0
resstock-amy2018-2021-release-1-515536,0.0,1.2535447,0.1952105,0.0,0.6814616,0.20201981,0.0,0.0,0.0,0.0,0.0,0.0,0.0,0.0,0.6006,0.6006,0.0,0.42438498,6.595033645629883,2.7988332309922157,-0.0,0.6006,0.0,-0.0,0.0,-0.0,0.0,0.0,-0.0,0.0,9.515837,1.2535447,0.0,0.32408357,1.808165,0.42810714,1.0650584,0.0,0.0,0.0,0.23676333,0.1383698,0.5890272,0.0,1.808165,0.0,1.207565,1.207565,0.32408357,-0.0,9.86,17.520489,21.11111,21.11111,2.0
resstock-amy2018-2021-release-1-515536,0.0,2.400374,0.0,0.0,1.3100771,0.0,0.0,0.0,0.0,0.0,0.0,0.0,0.0,0.0,0.6006,0.6006,0.0,0.50885546,6.59501838684082,3.355911128624257,-0.0,0.6006,0.0,-0.0,0.0,-0.0,0.0,0.0,-0.0,0.0,9.515837,2.400374,0.0,0.33162355,2.2423005,0.4997617,1.3182526,0.0,0.0,0.0,0.22287901,0.1383698,0.58790183,0.0,2.2423005,0.0,1.6417005,1.6417005,0.33162355,-0.0,9.72,18.472572,19.444445,19.444445,2.0
resstock-amy2018-2021-release-1-515536,0.0,0.0,0.0,0.0,0.0,0.0,0.0,0.0,0.0,0.0,0.0,0.0,0.0,0.0,0.6006,0.6006,0.0,0.5931909,6.595003128051758,3.912095896640949,-0.0,0.6006,0.0,-0.0,0.0,-0.0,0.0,0.0,-0.0,0.0,9.515837,0.0,0.0,0.38727137,0.9878714,0.22037813,0.58041286,0.0,0.0,0.0,0.22308382,0.1383698,0.5875389,0.0,0.9878714,0.0,0.3872714,0.3872714,0.38727137,-0.0,9.58,17.132145,19.444445,19.444445,2.0
resstock-amy2018-2021-release-1-515536,0.0,1.5273666,4.60927,0.0,0.840183,4.77005,0.0,0.0,0.0,0.0,0.0,0.0,0.0,0.0,0.6006,0.6006,0.0,0.6773916,6.594987869262695,4.467389310137264,-0.0,0.6006,0.0,-0.0,0.0,-0.0,0.0,0.0,-0.0,0.0,9.515837,1.5273666,0.0,0.48980474,6.700638,1.7187557,3.960074,0.0,0.0,0.0,0.2565063,0.1383698,0.59099954,0.0,6.700638,0.0,6.1000376,6.1000376,0.48980474,-0.0,9.44,17.772842,19.444445,19.444445,2.0
resstock-amy2018-2021-release-1-515536,0.0,1.1192826,0.0,0.0,0.5965974,0.0,0.0,0.0,0.0,0.0,0.0,0.0,0.0,0.0,0.6006,0.6006,0.0,0.7614577,6.594972610473633,5.021792554555304,-0.0,0.6006,0.0,-0.0,0.0,-0.0,0.0,0.0,-0.0,0.0,9.515837,1.1192826,0.0,0.43742827,1.6346257,0.4753304,0.969792,0.0,0.0,0.0,0.29078853,0.1383698,0.5932808,0.0,1.6346257,0.0,1.0340257,1.0340257,0.43742827,-0.0,10.55,17.199602,19.444445,19.444445,2.0
resstock-amy2018-2021-release-1-515536,0.0,1.5088631,0.0,0.0,0.7775688,0.0,0.0,0.0,0.0,0.0,0.0,0.0,0.0,0.0,0.6006,0.6006,0.0,0.8453894,6.59495735168457,5.575307208416348,-0.0,0.6006,0.0,-0.0,0.0,-0.0,0.0,0.0,-0.0,0.0,9.515837,1.5088631,0.0,0.4007522,1.778921,0.5789594,1.0473517,0.0,0.0,0.0,0.32545537,0.1383698,0.58875674,0.0,1.778921,0.0,1.178321,1.178321,0.4007522,-0.0,11.7,17.475433,18.88889,18.88889,2.0
resstock-amy2018-2021-release-1-515536,0.0,0.9743803,0.0,0.0,0.49613833,0.0,0.0,0.0,0.0,0.0,0.0,0.0,0.0,0.0,0.6006,0.6006,0.0,0.92918706,6.594942092895508,6.1279348502271205,-0.0,0.6006,0.0,-0.0,0.0,-0.0,0.0,0.0,-0.0,0.0,9.515837,0.9743803,0.0,0.40526554,1.4808514,0.5625316,0.8757319,0.0,0.0,0.0,0.37987038,0.1383698,0.5913705,0.0,1.4808514,0.0,0.8802514,0.90140384,0.40526554,-0.021152442,12.1,17.159834,18.333334,18.333334,2.0
resstock-amy2018-2021-release-1-515536,0.0,0.8699193,0.39042106,0.0,0.4188706,0.40403968,0.0,0.0,0.0,0.0,0.0,0.0,0.0,0.0,-0.528,0.0,-0.528,0.8418599,6.594928741455078,5.5520058998274635,0.528,0.0,0.0,-0.0,0.0,-0.0,0.0,0.0,-0.0,0.0,9.515837,0.8699193,0.0,0.3886031,0.63751477,0.22931165,0.3821128,0.0,0.0,0.0,0.3596962,0.1383698,0.59937876,0.0,0.63751477,0.0,1.1655147,1.2115133,0.3886031,-0.04599859,13.9,17.254488,18.88889,18.88889,2.0
resstock-amy2018-2021-release-1-515536,0.0,1.1552953,0.0,0.0,0.57582194,0.0,0.0,0.0,0.0,0.0,0.0,0.0,0.0,0.0,-0.528,0.0,-0.528,0.7546721,6.594915390014648,4.976998713186163,0.528,0.0,0.0,-0.0,0.0,-0.0,0.0,0.0,-0.0,0.0,9.515837,1.1552953,0.0,0.42868608,0.41364855,0.14243539,0.24827506,0.0,0.0,0.0,0.34433916,0.1383698,0.60020775,0.0,0.41364855,0.0,0.94164854,1.004508,0.42868608,-0.06285946,12.8,17.54146,18.88889,18.88889,2.0
resstock-amy2018-2021-release-1-515536,0.0,0.99801034,0.1952107,0.0,0.4805471,0.20202,0.0,0.0,0.0,0.0,0.0,0.0,0.0,0.0,-0.528,0.0,-0.528,0.66762376,6.594902038574219,4.402913284719034,0.528,0.0,0.0,-0.0,0.0,-0.0,0.0,0.0,-0.0,0.0,9.515837,0.99801034,0.0,0.42586178,0.5109051,0.1658243,0.30889127,0.0,0.0,0.0,0.32456967,0.1383698,0.6045962,0.0,0.5109051,0.0,1.0389051,1.108429,0.42586178,-0.06952384,13.9,17.662312,19.444445,19.444445,2.0
resstock-amy2018-2021-release-1-515536,0.0,1.3449885,0.20020828,0.0,0.6248689,0.20719191,0.0,0.0,0.0,0.0,0.0,0.0,0.0,0.0,-0.528,0.0,-0.528,0.5807146,6.594888687133789,3.8297480364979037,0.528,0.0,0.0,-0.0,0.0,-0.0,0.0,0.0,-0.0,0.0,9.515837,1.3449885,0.0,0.7520318,0.9737054,0.2978462,0.59376657,0.0,0.0,0.0,0.30588943,0.1383698,0.60980105,0.0,0.9737054,0.0,1.5017054,1.5840926,0.7520318,-0.08238723,15.0,18.277203,19.444445,19.444445,2.0
resstock-amy2018-2021-release-1-515536,0.0,0.8737703,0.3147054,0.0,0.42072487,0.3256829,0.0,0.0,0.0,0.0,0.0,0.0,0.0,0.0,-0.528,0.0,-0.528,0.49394426,6.594875335693359,3.2575008009795283,0.528,0.0,0.0,-0.0,0.0,-0.0,0.0,0.0,-0.0,0.0,9.515837,0.8737703,0.0,3.5704455,3.6822307,1.0880004,2.256567,0.0,0.0,0.0,0.2954732,0.1383698,0.61282605,0.0,3.6822307,0.0,4.210231,4.3168535,3.5704455,-0.1066228,13.9,18.270176,19.444445,19.444445,2.0
resstock-amy2018-2021-release-1-515536,0.0,0.8928721,0.0,0.0,0.4230577,0.0,0.0,0.0,0.0,0.0,0.0,0.0,0.0,0.0,-0.528,0.0,-0.528,0.40731257,6.59486198425293,2.6861701968069838,0.528,0.0,0.0,-0.0,0.0,-0.0,0.0,0.0,-0.0,0.0,9.515837,0.8928721,0.0,0.45781758,0.2581865,0.07776191,0.15746501,0.0,0.0,0.0,0.30118504,0.1383698,0.6098887,0.0,0.2581865,0.0,0.78618646,0.88087523,0.45781758,-0.0946888,14.4,18.659973,20.0,20.0,2.0
resstock-amy2018-2021-release-1-515536,0.0,0.99290633,0.0,0.0,0.47808948,0.0,0.0,0.0,0.0,0.0,0.0,0.0,0.0,0.0,-0.528,0.0,-0.528,0.32081938,6.5948486328125,2.1157552357180975,0.528,0.0,0.0,-0.0,0.0,-0.0,0.0,0.0,-0.0,0.0,9.515837,0.99290633,0.0,0.6234354,0.49228242,0.14903347,0.2975825,0.0,0.0,0.0,0.30273977,0.1383698,0.6044955,0.0,0.49228242,0.0,1.0202824,1.1015248,0.6234354,-0.08124241,13.9,19.079731,20.0,20.0,2.0
resstock-amy2018-2021-release-1-515536,0.0,0.0,0.3904193,0.0,0.0,0.40403786,0.0,0.0,0.0,0.0,0.0,0.0,0.0,0.0,-0.528,0.0,-0.528,0.23446439,6.59483528137207,1.546254045022323,0.528,0.0,0.0,-0.0,0.0,-0.0,0.0,0.0,-0.0,0.0,9.515837,0.0,0.0,0.9813396,0.8192144,0.255991,0.4963621,0.0,0.0,0.0,0.31248352,0.1383698,0.6059001,0.0,0.8192144,0.0,1.3472145,1.3853775,0.9813396,-0.038163032,13.3,18.459505,20.0,20.0,2.0
resstock-amy2018-2021-release-1-515536,0.0,1.0363944,0.32653263,0.0,0.51655936,0.3379227,0.0,0.0,0.0,0.0,0.0,0.0,0.0,0.0,-0.528,0.0,-0.528,0.14824745,6.594821929931641,0.9776655382082708,0.528,0.0,0.0,-0.0,0.0,-0.0,0.0,0.0,-0.0,0.0,9.515837,1.0363944,0.0,0.9604451,1.2856829,0.41066396,0.79018813,0.0,0.0,0.0,0.3194131,0.1383698,0.6146058,0.0,1.2856829,0.0,1.8136829,1.8149271,0.9604451,-0.0012442429,12.8,19.289555,20.0,20.0,2.0
resstock-amy2018-2021-release-1-515536,0.55108774,0.0,1.5842319,0.0,0.0,1.6394928,0.0,0.0,0.0,0.0,0.0,0.0,0.0,0.0,-0.528,0.0,-0.528,0.06216829,6.594808578491211,0.4099879654487424,0.528,0.0,0.0,-0.0,0.0,-0.0,0.0,0.0,-0.0,0.0,9.515837,0.0,0.0,0.88635784,1.9978507,0.6728748,1.2158345,0.0,0.0,0.0,0.33679935,0.1383698,0.6085713,0.0,1.9978507,0.0,2.5258508,2.5258508,0.88635784,-0.0,11.7,18.371994,19.444445,19.444445,2.0
resstock-amy2018-2021-release-1-515536,0.0,0.6978278,0.0,0.0,0.35961455,0.0,0.0,0.0,0.0,0.0,0.0,0.0,0.0,0.0,-0.38177478,0.0,-0.38177478,0.0,6.594799041748047,0.0,0.38177478,0.0,0.0,-0.0,0.0,-0.0,0.0,0.0,-0.0,0.0,9.515837,0.6978278,0.0,0.94929373,0.92713344,0.2965643,0.5526587,0.0,0.0,0.0,0.3198723,0.1383698,0.596094,0.0,0.92713344,0.0,1.3089082,1.3089082,0.94929373,-0.0,11.7,18.94843,18.88889,18.88889,2.0
resstock-amy2018-2021-release-1-515536,0.0,0.0,0.0,0.0,0.0,0.0,0.0,0.0,0.0,0.0,0.0,0.0,0.0,0.0,0.0,0.0,0.0,0.0,6.594799041748047,0.0,-0.0,0.0,0.0,-0.0,0.0,-0.0,0.0,0.0,-0.0,0.0,9.515837,0.0,0.0,0.8871526,0.8871526,0.26737636,0.5168269,0.0,0.0,0.0,0.3013871,0.1383698,0.5825682,0.0,0.8871526,0.0,0.8871526,0.8871526,0.8871526,-0.0,11.85,18.152855,19.444445,19.444445,2.0
resstock-amy2018-2021-release-1-515536,0.0,0.84041834,0.7020017,0.0,0.43309635,0.7264888,0.0,0.0,0.0,0.0,0.0,0.0,0.0,0.0,0.0,0.0,0.0,0.0,6.594799041748047,0.0,-0.0,0.0,0.0,-0.0,0.0,-0.0,0.0,0.0,-0.0,0.0,9.515837,0.84041834,0.0,0.64374954,1.8033347,0.51905876,1.0256375,0.0,0.0,0.0,0.28783274,0.1383698,0.56874496,0.0,1.8033347,0.0,1.8033347,1.8033347,0.64374954,-0.0,11.7,18.70253,19.444445,19.444445,2.0
resstock-amy2018-2021-release-1-515536,0.0,0.0,0.39041936,0.0,0.0,0.40403792,0.0,0.0,0.0,0.0,0.0,0.0,0.0,0.0,0.6006,0.6006,0.0,0.08514873,6.594783782958984,0.5615374596808067,-0.0,0.6006,0.0,-0.0,0.0,-0.0,0.0,0.0,-0.0,0.0,9.515837,0.0,0.0,0.47916222,1.4838002,0.41541374,0.80516213,0.0,0.0,0.0,0.2799661,0.1383698,0.54263514,0.0,1.4838002,0.0,0.88320017,0.88320017,0.47916222,-0.0,11.1,17.673641,19.444445,19.444445,2.0
resstock-amy2018-2021-release-1-515536,0.0,1.1696866,0.0,0.0,0.61357117,0.0,0.0,0.0,0.0,0.0,0.0,0.0,0.0,0.0,0.6006,0.6006,0.0,0.17016138,6.594768524169922,1.1221749218477157,-0.0,0.6006,0.0,-0.0,0.0,-0.0,0.0,0.0,-0.0,0.0,9.515837,1.1696866,0.0,0.43045434,1.6446255,0.43981233,0.8650922,0.0,0.0,0.0,0.267424,0.1383698,0.52601165,0.0,1.6446255,0.0,1.0440255,1.0440255,0.43045434,-0.0,11.1,18.306381,19.444445,19.444445,2.0
resstock-amy2018-2021-release-1-515536,0.0,0.7633175,0.0,0.0,0.4004061,0.0,0.0,0.0,0.0,0.0,0.0,0.0,0.0,0.0,0.6006,0.6006,0.0,0.25503817,6.594753265380859,1.6819138176373372,-0.0,0.6006,0.0,-0.0,0.0,-0.0,0.0,0.0,-0.0,0.0,9.515837,0.7633175,0.0,0.36628777,1.3672938,0.3294814,0.7527151,0.0,0.0,0.0,0.24097335,0.1383698,0.5505145,0.0,1.3672938,0.0,0.76669383,0.76669383,0.36628777,-0.0,11.1,17.590134,20.0,20.0,2.0
resstock-amy2018-2021-release-1-515536,0.0,1.6108372,0.0,0.0,0.84498125,0.0,0.0,0.0,0.0,0.0,0.0,0.0,0.0,0.0,0.6006,0.6006,0.0,0.3397793,6.594738006591797,2.2407553816345853,-0.0,0.6006,0.0,-0.0,0.0,-0.0,0.0,0.0,-0.0,0.0,9.515837,1.6108372,0.0,0.37762377,1.823205,0.39363214,0.9459109,0.0,0.0,0.0,0.2159012,0.1383698,0.5188176,0.0,1.823205,0.0,1.222605,1.222605,0.37762377,-0.0,11.1,18.294876,21.666666,21.666666,2.0
resstock-amy2018-2021-release-1-515536,0.0,2.261987,0.0,0.0,1.1882879,0.0,0.0,0.0,0.0,0.0,0.0,0.0,0.0,0.0,0.6006,0.6006,0.0,0.42438498,6.594722747802734,2.798701290623626,-0.0,0.6006,0.0,-0.0,0.0,-0.0,0.0,0.0,-0.0,0.0,9.515837,2.261987,0.0,0.32408357,2.1129713,0.42789054,1.1003697,0.0,0.0,0.0,0.20250656,0.1383698,0.5207689,0.0,2.1129713,0.0,1.5123713,1.5123713,0.32408357,-0.0,11.05,18.621624,19.444445,19.444445,2.0
resstock-amy2018-2021-release-1-515536,0.0,0.0,0.574406,0.0,0.0,0.59444237,0.0,0.0,0.0,0.0,0.0,0.0,0.0,0.0,0.6006,0.6006,0.0,0.50885546,6.594707489013672,3.3557529265667654,-0.0,0.6006,0.0,-0.0,0.0,-0.0,0.0,0.0,-0.0,0.0,9.515837,0.0,0.0,0.33162355,1.5266659,0.30686715,0.7968789,0.0,0.0,0.0,0.20100479,0.1383698,0.5219733,0.0,1.5266659,0.0,0.9260659,0.9260659,0.33162355,-0.0,11.08,17.401709,19.444445,19.444445,2.0
resstock-amy2018-2021-release-1-515536,0.0,1.3493091,0.0,0.0,0.71298105,0.0,0.0,0.0,0.0,0.0,0.0,0.0,0.0,0.0,0.6006,0.6006,0.0,0.5931909,6.594692230224609,3.911911474876433,-0.0,0.6006,0.0,-0.0,0.0,-0.0,0.0,0.0,-0.0,0.0,9.515837,1.3493091,0.0,0.40860802,1.7221891,0.35004964,0.90384334,0.0,0.0,0.0,0.20325854,0.1383698,0.52482235,0.0,1.7221891,0.0,1.1215891,1.1215891,0.40860802,-0.0,10.85,18.063932,19.444445,19.444445,2.0
resstock-amy2018-2021-release-1-515536,0.0,0.92524314,0.6698497,0.0,0.4881914,0.6932153,0.0,0.0,0.0,0.0,0.0,0.0,0.0,0.0,0.6006,0.6006,0.0,0.6773916,6.594676971435547,4.4671787105642125,-0.0,0.6006,0.0,-0.0,0.0,-0.0,0.0,0.0,-0.0,0.0,9.515837,0.92524314,0.0,0.47115648,2.253163,0.5229688,1.2079601,0.0,0.0,0.0,0.2321043,0.1383698,0.5361175,0.0,2.253163,0.0,1.6525631,1.6525631,0.47115648,-0.0,10.9,17.445915,19.444445,19.444445,2.0
resstock-amy2018-2021-release-1-515536,0.0,1.3424968,0.0,0.0,0.71178985,0.0,0.0,0.0,0.0,0.0,0.0,0.0,0.0,0.0,0.6006,0.6006,0.0,0.7614577,6.594661712646484,5.021555819016612,-0.0,0.6006,0.0,-0.0,0.0,-0.0,0.0,0.0,-0.0,0.0,9.515837,1.3424968,0.0,0.51369184,1.8260818,0.51072556,0.98457706,0.0,0.0,0.0,0.27968383,0.1383698,0.5391747,0.0,1.8260818,0.0,1.2254817,1.2254817,0.51369184,-0.0,10.733334,17.66811,20.555555,20.555555,2.0
resstock-amy2018-2021-release-1-515536,0.0,1.9427316,0.0,0.0,1.0340165,0.0,0.0,0.0,0.0,0.0,0.0,0.0,0.0,0.0,0.6006,0.6006,0.0,0.8453894,6.594646453857422,5.575044378680786,-0.0,0.6006,0.0,-0.0,0.0,-0.0,0.0,0.0,-0.0,0.0,9.515837,1.9427316,0.0,0.45217428,2.0867908,0.62537646,1.1414031,0.0,0.0,0.0,0.29968336,0.1383698,0.5469657,0.0,2.0867908,0.0,1.4861908,1.4861908,0.45217428,-0.0,10.6,17.935799,18.88889,18.88889,2.0
resstock-amy2018-2021-release-1-515536,0.0,0.0,1.0003741,0.0,0.0,1.035269,0.0,0.0,0.0,0.0,0.0,0.0,0.0,0.0,0.6006,0.6006,0.0,0.92918706,6.594631195068359,6.127645967989338,-0.0,0.6006,0.0,-0.0,0.0,-0.0,0.0,0.0,-0.0,0.0,9.515837,0.0,0.0,0.45936897,2.0935483,0.6748165,1.1671436,0.0,0.0,0.0,0.32233146,0.1383698,0.5574954,0.0,2.0935483,0.0,1.4929483,1.4946381,0.45936897,-0.0016897431,11.1,16.980831,18.88889,18.88889,2.0
resstock-amy2018-2021-release-1-515536,0.0,1.2415453,0.58593446,0.0,0.6398108,0.60637295,0.0,0.0,0.0,0.0,0.0,0.0,0.0,0.0,-0.528,0.0,-0.528,0.8418599,6.59461784362793,5.551744167420907,0.528,0.0,0.0,-0.0,0.0,-0.0,0.0,0.0,-0.0,0.0,9.515837,1.2415453,0.0,0.4976451,1.2106119,0.3844716,0.71711445,0.0,0.0,0.0,0.3175845,0.1383698,0.592357,0.0,1.2106119,0.0,1.7386119,1.7438289,0.4976451,-0.005216959,11.7,17.573582,18.88889,18.88889,2.0
resstock-amy2018-2021-release-1-515536,0.0,0.89210093,0.3906214,0.0,0.44738418,0.404247,0.0,0.0,0.0,0.0,0.0,0.0,0.0,0.0,-0.528,0.0,-0.528,0.7546721,6.5946044921875,4.976764087266929,0.528,0.0,0.0,-0.0,0.0,-0.0,0.0,0.0,-0.0,0.0,9.515837,0.89210093,0.0,0.42868608,0.7203471,0.2115157,0.44221997,0.0,0.0,0.0,0.29363024,0.1383698,0.61389846,0.0,0.7203471,0.0,1.248347,1.2803172,0.42868608,-0.03197014,12.6,17.224918,19.444445,19.444445,2.0
resstock-amy2018-2021-release-1-515536,1.2040626,1.5384265,0.0,0.0,0.754954,0.0,0.0,0.0,0.0,0.0,0.0,0.0,0.0,0.0,-0.528,0.0,-0.528,0.66762376,6.59459114074707,4.402705721943221,0.528,0.0,0.0,-0.0,0.0,-0.0,0.0,0.0,-0.0,0.0,9.515837,1.5384265,0.0,0.42586178,0.6299592,0.177717,0.39466217,0.0,0.0,0.0,0.28210872,0.1383698,0.62648845,0.0,0.6299592,0.0,1.1579592,1.1808157,0.42586178,-0.022856468,13.3,17.846077,17.222221,17.222221,2.0
resstock-amy2018-2021-release-1-515536,0.0,0.0,0.0,0.0,0.0,0.0,0.0,0.0,0.0,0.0,0.0,0.0,0.0,0.0,-0.528,0.0,-0.528,0.5807146,6.594577789306641,3.8295674935957322,0.528,0.0,0.0,-0.0,0.0,-0.0,0.0,0.0,-0.0,0.0,9.515837,0.0,0.0,0.42878723,-0.13584964,-0.03588498,0.0,0.0,0.0,0.0,0.2641522,0.1383698,0.6420324,0.0,0.0,-0.13584964,0.39215034,0.4287872,0.42878723,-0.03663687,13.925,17.005821,19.444445,19.444445,2.0
resstock-amy2018-2021-release-1-515536,0.0,1.6525214,0.0,0.0,0.8177201,0.0,0.0,0.0,0.0,0.0,0.0,0.0,0.0,0.0,-0.528,0.0,-0.528,0.49394426,6.594564437866211,3.25734723478314,0.528,0.0,0.0,-0.0,0.0,-0.0,0.0,0.0,-0.0,0.0,9.515837,1.6525214,0.0,0.5810673,0.8280069,0.21748121,0.54096854,0.0,0.0,0.0,0.26265627,0.1383698,0.6533382,0.0,0.8280069,0.0,1.3560069,1.3987875,0.5810673,-0.042780593,13.033334,18.405506,19.444445,19.444445,2.0
resstock-amy2018-2021-release-1-515536,0.0,0.7174208,0.0,0.0,0.3564735,0.0,0.0,0.0,0.0,0.0,0.0,0.0,0.0,0.0,-0.528,0.0,-0.528,0.40731257,6.594551086425781,2.686043564213378,0.528,0.0,0.0,-0.0,0.0,-0.0,0.0,0.0,-0.0,0.0,9.515837,0.7174208,0.0,0.45781758,0.25812933,0.07126833,0.17001042,0.0,0.0,0.0,0.27609542,0.1383698,0.65862495,0.0,0.25812933,0.0,0.78612936,0.8142912,0.45781758,-0.028161805,12.9,17.65287,19.444445,19.444445,2.0
resstock-amy2018-2021-release-1-515536,0.0,1.20615,0.0,0.0,0.612297,0.0,0.0,0.0,0.0,0.0,0.0,0.0,0.0,0.0,-0.528,0.0,-0.528,0.32081938,6.594537734985352,2.1156554936706016,0.528,0.0,0.0,-0.0,0.0,-0.0,0.0,0.0,-0.0,0.0,9.515837,1.20615,0.0,0.57261574,0.6223613,0.17664953,0.40941012,0.0,0.0,0.0,0.2838376,0.1383698,0.6578335,0.0,0.6223613,0.0,1.1503613,1.1849127,0.57261574,-0.034551352,12.2,18.188133,19.444445,19.444445,2.0
resstock-amy2018-2021-release-1-515536,0.0,0.8643041,0.0,0.0,0.43876034,0.0,0.0,0.0,0.0,0.0,0.0,0.0,0.0,0.0,-0.528,0.0,-0.528,0.23446439,6.594524383544922,1.546181150552286,0.528,0.0,0.0,-0.0,0.0,-0.0,0.0,0.0,-0.0,0.0,9.515837,0.8643041,0.0,1.0833869,0.959612,0.29060104,0.62740535,0.0,0.0,0.0,0.3028318,0.1383698,0.65381145,0.0,0.959612,0.0,1.487612,1.5221472,1.0833869,-0.03453518,12.2,18.072304,19.444445,19.444445,2.0
resstock-amy2018-2021-release-1-515536,0.0,0.94903046,0.0,0.0,0.48177132,0.0,0.0,0.0,0.0,0.0,0.0,0.0,0.0,0.0,-0.528,0.0,-0.528,0.14824745,6.594511032104492,0.9776194483980021,0.528,0.0,0.0,-0.0,0.0,-0.0,0.0,0.0,-0.0,0.0,9.515837,0.94903046,0.0,1.2232832,1.1770545,0.3646405,0.7636006,0.0,0.0,0.0,0.30979067,0.1383698,0.6487385,0.0,1.1770545,0.0,1.7050545,1.7050545,1.2232832,0.0,12.2,18.160603,19.444445,19.444445,2.0
resstock-amy2018-2021-release-1-515536,0.0,0.8580921,0.58593017,0.0,0.45671844,0.6063685,0.0,0.0,0.0,0.0,0.0,0.0,0.0,0.0,-0.528,0.0,-0.528,0.06216829,6.5944976806640625,0.4099686374627822,0.528,0.0,0.0,-0.0,0.0,-0.0,0.0,0.0,-0.0,0.0,9.515837,0.8580921,0.0,0.9867223,1.5218091,0.47317106,0.9735995,0.0,0.0,0.0,0.31092668,0.1383698,0.63976455,0.0,1.5218091,0.0,2.049809,2.049809,0.9867223,-0.0,10.6,18.05431,19.444445,19.444445,2.0
resstock-amy2018-2021-release-1-515536,0.0,0.9295003,0.0,0.0,0.49472535,0.0,0.0,0.0,0.0,0.0,0.0,0.0,0.0,0.0,-0.38177478,0.0,-0.38177478,0.0,6.594488143920898,0.0,0.38177478,0.0,0.0,-0.0,0.0,-0.0,0.0,0.0,-0.0,0.0,9.515837,0.9295003,0.0,0.84828514,0.96123564,0.2940762,0.6114611,0.0,0.0,0.0,0.3059356,0.1383698,0.6361199,0.0,0.96123564,0.0,1.3430104,1.3430104,0.84828514,-0.0,10.6,18.079914,19.444445,19.444445,2.0
resstock-amy2018-2021-release-1-515536,0.0,0.9269187,0.0,0.0,0.48622474,0.0,0.0,0.0,0.0,0.0,0.0,0.0,0.0,0.0,0.0,0.0,0.0,0.0,6.594488143920898,0.0,-0.0,0.0,0.0,-0.0,0.0,-0.0,0.0,0.0,-0.0,0.0,9.515837,0.9269187,0.0,0.9229876,1.4092124,0.39726168,0.89292496,0.0,0.0,0.0,0.28190336,0.1383698,0.6336341,0.0,1.4092124,0.0,1.4092124,1.4092124,0.9229876,-0.0,11.1,18.016354,18.333334,18.333334,2.0
resstock-amy2018-2021-release-1-515536,0.0,0.0,1.1939728,0.0,0.0,1.2356209,0.0,0.0,0.0,0.0,0.0,0.0,0.0,0.0,0.0,0.0,0.0,0.0,6.594488143920898,0.0,-0.0,0.0,0.0,-0.0,0.0,-0.0,0.0,0.0,-0.0,0.0,9.515837,0.0,0.0,0.7150877,1.9507086,0.5338688,1.2464033,0.0,0.0,0.0,0.2736794,0.1383698,0.638949,0.0,1.9507086,0.0,1.9507086,1.9507086,0.7150877,-0.0,11.1,17.331165,18.333334,18.333334,2.0
resstock-amy2018-2021-release-1-515536,0.0,0.6619725,0.0,0.0,0.3472445,0.0,0.0,0.0,0.0,0.0,0.0,0.0,0.0,0.0,0.6006,0.6006,0.0,0.08514873,6.594472885131836,0.5615109871258568,-0.0,0.6006,0.0,-0.0,0.0,-0.0,0.0,0.0,-0.0,0.0,9.515837,0.6619725,0.0,0.47916222,1.4270067,0.39021477,0.91854715,0.0,0.0,0.0,0.27344984,0.1383698,0.643688,0.0,1.4270067,0.0,0.8264067,0.8264067,0.47916222,-0.0,11.1,17.562168,18.333334,18.333334,2.0
resstock-amy2018-2021-release-1-515536,0.0,0.0,0.0,0.0,0.0,0.0,0.0,0.0,0.0,0.0,0.0,0.0,0.0,0.0,0.6006,0.6006,0.0,0.17016138,6.594457626342773,1.1221220190439851,-0.0,0.6006,0.0,-0.0,0.0,-0.0,0.0,0.0,-0.0,0.0,9.515837,0.0,0.0,0.43045434,1.0310544,0.26874202,0.6713533,0.0,0.0,0.0,0.26064777,0.1383698,0.65113276,0.0,1.0310544,0.0,0.43045437,0.43045437,0.43045434,-0.0,11.1,16.663073,18.88889,18.88889,2.0
resstock-amy2018-2021-release-1-515536,0.0,1.4702411,0.0,0.0,0.7712301,0.0,0.0,0.0,0.0,0.0,0.0,0.0,0.0,0.0,0.6006,0.6006,0.0,0.25503817,6.594442367553711,1.6818345268238204,-0.0,0.6006,0.0,-0.0,0.0,-0.0,0.0,0.0,-0.0,0.0,9.515837,1.4702411,0.0,0.36628777,1.7381179,0.48750386,1.0710704,0.0,0.0,0.0,0.280478,0.1383698,0.6162243,0.0,1.7381179,0.0,1.1375179,1.1375179,0.36628777,-0.0,11.1,17.762865,18.88889,18.88889,2.0
resstock-amy2018-2021-release-1-515536,0.0,0.75834095,0.0,0.0,0.40362602,0.0,0.0,0.0,0.0,0.0,0.0,0.0,0.0,0.0,0.6006,0.6006,0.0,0.3397793,6.594427108764648,2.2406497449923677,-0.0,0.6006,0.0,-0.0,0.0,-0.0,0.0,0.0,-0.0,0.0,9.515837,0.75834095,0.0,0.37762377,1.3818498,0.36917073,0.9118442,0.0,0.0,0.0,0.26715693,0.1383698,0.6598722,0.0,1.3818498,0.0,0.78124976,0.78124976,0.37762377,-0.0,10.6,17.031883,18.88889,18.88889,2.0
resstock-amy2018-2021-release-1-515536,0.0,1.248548,0.0,0.0,0.67605746,0.0,0.0,0.0,0.0,0.0,0.0,0.0,0.0,0.0,0.6006,0.6006,0.0,0.42438498,6.594411849975586,2.798569350255036,-0.0,0.6006,0.0,-0.0,0.0,-0.0,0.0,0.0,-0.0,0.0,9.515837,1.248548,0.0,0.33455327,1.6112107,0.4158011,1.0779513,0.0,0.0,0.0,0.2580675,0.1383698,0.66903186,0.0,1.6112107,0.0,1.0106107,1.0106107,0.33455327,-0.0,10.0,17.359211,18.88889,18.88889,2.0
resstock-amy2018-2021-release-1-515536,0.0,1.0444797,0.0,0.0,0.5832265,0.0,0.0,0.0,0.0,0.0,0.0,0.0,0.0,0.0,0.6006,0.6006,0.0,0.50885546,6.594396591186523,3.355594724509274,-0.0,0.6006,0.0,-0.0,0.0,-0.0,0.0,0.0,-0.0,0.0,9.515837,1.0444797,0.0,0.3407012,1.5245277,0.3883367,1.0330436,0.0,0.0,0.0,0.2547259,0.1383698,0.6776155,0.0,1.5245277,0.0,0.92392766,0.92392766,0.3407012,-0.0,8.9,17.037647,18.88889,18.88889,2.0
resstock-amy2018-2021-release-1-515536,0.0,1.2668895,0.0,0.0,0.7405351,0.0,0.0,0.0,0.0,0.0,0.0,0.0,0.0,0.0,0.6006,0.6006,0.0,0.5931909,6.594381332397461,3.9117270531119175,-0.0,0.6006,0.0,-0.0,0.0,-0.0,0.0,0.0,-0.0,0.0,9.515837,1.2668895,0.0,0.38727137,1.7284064,0.45363593,1.1720747,0.0,0.0,0.0,0.26245907,0.1383698,0.6781244,0.0,1.7284064,0.0,1.1278064,1.1278064,0.38727137,-0.0,7.2,17.033415,18.88889,18.88889,2.0
resstock-amy2018-2021-release-1-515536,0.0,1.2788805,0.0,0.0,0.7475442,0.0,0.0,0.0,0.0,0.0,0.0,0.0,0.0,0.0,0.6006,0.6006,0.0,0.6773916,6.594366073608398,4.466968110991161,-0.0,0.6006,0.0,-0.0,0.0,-0.0,0.0,0.0,-0.0,0.0,9.515837,1.2788805,0.0,0.4525082,1.8006525,0.48279545,1.2131581,0.0,0.0,0.0,0.2681225,0.1383698,0.6737325,0.0,1.8006525,0.0,1.2000525,1.2000525,0.4525082,-0.0,7.2,16.908165,18.333334,18.333334,2.0
resstock-amy2018-2021-release-1-515536,0.0,0.9974606,0.0,0.0,0.5738431,0.0,0.0,0.0,0.0,0.0,0.0,0.0,0.0,0.0,0.6006,0.6006,0.0,0.7614577,6.594350814819336,5.02131908347792,-0.0,0.6006,0.0,-0.0,0.0,-0.0,0.0,0.0,-0.0,0.0,9.515837,0.9974606,0.0,0.47556007,1.6500032,0.48888585,1.098519,0.0,0.0,0.0,0.29629388,0.1383698,0.6657678,0.0,1.6500032,0.0,1.0494032,1.0494032,0.47556007,-0.0,7.8,16.50121,18.333334,18.333334,2.0
resstock-amy2018-2021-release-1-515536,0.0,1.2636096,1.5010583,0.0,0.7483331,1.553418,0.0,0.0,0.0,0.0,0.0,0.0,0.0,0.0,0.6006,0.6006,0.0,0.8453894,6.594335556030273,5.574781548945225,-0.0,0.6006,0.0,-0.0,0.0,-0.0,0.0,0.0,-0.0,0.0,9.515837,1.2636096,0.0,0.4007522,3.3031034,1.0547416,2.16227,0.0,0.0,0.0,0.31931838,0.1383698,0.6546177,0.0,3.3031034,0.0,2.7025034,2.7025034,0.4007522,-0.0,6.7,16.393108,17.777779,17.777779,2.0
resstock-amy2018-2021-release-1-515536,0.0,0.9709745,0.12379168,0.0,0.5347167,0.12810977,0.0,0.0,0.0,0.0,0.0,0.0,0.0,0.0,0.6006,0.6006,0.0,0.92918706,6.594320297241211,6.127357085751555,-0.0,0.6006,0.0,-0.0,0.0,-0.0,0.0,0.0,-0.0,0.0,9.515837,0.9709745,0.0,0.45936897,1.6821032,0.5658726,1.0811738,0.0,0.0,0.0,0.33640778,0.1383698,0.64275116,0.0,1.6821032,0.0,1.0815032,1.1221955,0.45936897,-0.040692303,9.4,16.374178,17.222221,17.222221,2.0
resstock-amy2018-2021-release-1-515536,0.0,0.0,0.0,0.0,0.0,0.0,0.0,0.0,0.0,0.0,0.0,0.0,0.0,0.0,-0.528,0.0,-0.528,0.8418599,6.594306945800781,5.55148243501435,0.528,0.0,0.0,-0.0,0.0,-0.0,0.0,0.0,-0.0,0.0,9.515837,0.0,0.0,0.3886031,-0.25305155,-0.08956874,0.0,0.0,0.0,0.0,0.35395452,0.1383698,0.6384527,0.0,0.0,-0.25305155,0.27494845,0.3886031,0.3886031,-0.11365465,11.7,15.997553,20.0,20.0,2.0
resstock-amy2018-2021-release-1-515536,1.7404891,2.6043332,0.0,0.0,1.342102,0.0,0.0,0.0,0.0,0.0,0.0,0.0,0.0,0.0,-0.528,0.0,-0.528,0.7546721,6.594293594360352,4.976529461347695,0.528,0.0,0.0,-0.0,0.0,-0.0,0.0,0.0,-0.0,0.0,9.515837,2.6043332,0.0,0.32136098,0.96834886,0.31696448,0.6200541,0.0,0.0,0.0,0.3273247,0.1383698,0.640321,0.0,0.96834886,0.0,1.4963489,1.663463,0.32136098,-0.16711415,11.7,18.768047,17.222221,17.222221,2.0
resstock-amy2018-2021-release-1-515536,0.72741956,0.0,0.3908135,0.0,0.0,0.4044458,0.0,0.0,0.0,0.0,0.0,0.0,0.0,0.0,-0.528,0.0,-0.528,0.66762376,6.594280242919922,4.402498159167408,0.528,0.0,0.0,-0.0,0.0,-0.0,0.0,0.0,-0.0,0.0,9.515837,0.0,0.0,0.37205753,0.065776676,0.021464778,0.041808482,0.0,0.0,0.0,0.3263281,0.1383698,0.63561255,0.0,0.065776676,0.0,0.5937767,0.7765033,0.37205753,-0.18272665,12.1,17.639194,17.222221,17.222221,2.0
resstock-amy2018-2021-release-1-515536,0.6042002,0.0,0.0,0.0,0.0,0.0,0.0,0.0,0.0,0.0,0.0,0.0,0.0,0.0,-0.528,0.0,-0.528,0.5807146,6.594266891479492,3.8293869506935607,0.528,0.0,0.0,-0.0,0.0,-0.0,0.0,0.0,-0.0,0.0,9.515837,0.0,0.0,0.37458146,-0.21715263,-0.06354636,0.0,0.0,0.0,0.0,0.29263455,0.1383698,0.62868905,0.0,0.0,-0.21715263,0.31084737,0.37458146,0.37458146,-0.06373409,12.8,17.387398,17.222221,17.222221,2.0
resstock-amy2018-2021-release-1-515536,0.36724523,0.0,0.19540668,0.0,0.0,0.20222282,0.0,0.0,0.0,0.0,0.0,0.0,0.0,0.0,-0.528,0.0,-0.528,0.49394426,6.5942535400390625,3.2571936685867513,0.528,0.0,0.0,-0.0,0.0,-0.0,0.0,0.0,-0.0,0.0,9.515837,0.0,0.0,0.374492,0.018251717,0.0052621486,0.011417755,0.0,0.0,0.0,0.28830978,0.1383698,0.62557155,0.0,0.018251717,0.0,0.5462517,0.5767148,0.374492,-0.030463096,11.7,17.247578,17.222221,17.222221,2.0
resstock-amy2018-2021-release-1-515536,0.54818517,0.0,0.0,0.0,0.0,0.0,0.0,0.0,0.0,0.0,0.0,0.0,0.0,0.0,-0.528,0.0,-0.528,0.40731257,6.594240188598633,2.685916931619772,0.528,0.0,0.0,-0.0,0.0,-0.0,0.0,0.0,-0.0,0.0,9.515837,0.0,0.0,0.40463504,-0.2693765,-0.08082407,0.0,0.0,0.0,0.0,0.3000413,0.1383698,0.6214796,0.0,0.0,-0.2693765,0.2586235,0.40463504,0.40463504,-0.14601153,12.2,17.526394,17.222221,17.222221,2.0
resstock-amy2018-2021-release-1-515536,0.0,0.0,0.0,0.0,0.0,0.0,0.0,0.0,0.0,0.0,0.0,0.0,0.0,0.0,-0.528,0.0,-0.528,0.32081938,6.594226837158203,2.1155557516231056,0.528,0.0,0.0,-0.0,0.0,-0.0,0.0,0.0,-0.0,0.0,9.515837,0.0,0.0,0.5147195,-0.12976162,-0.040162813,0.0,0.0,0.0,0.0,0.30951226,0.1383698,0.60924816,0.0,0.0,-0.12976162,0.39823836,0.5147195,0.5147195,-0.11648111,12.2,17.617138,18.333334,18.333334,2.0
resstock-amy2018-2021-release-1-515536,0.96420515,0.0,0.06779297,0.0,0.0,0.070157714,0.0,0.0,0.0,0.0,0.0,0.0,0.0,0.0,-0.528,0.0,-0.528,0.23446439,6.594213485717773,1.546108256082249,0.528,0.0,0.0,-0.0,0.0,-0.0,0.0,0.0,-0.0,0.0,9.515837,0.0,0.0,1.025484,0.50956255,0.1679926,0.30399993,0.0,0.0,0.0,0.32968006,0.1383698,0.59659004,0.0,0.50956255,0.0,1.0375626,1.0956417,1.025484,-0.058079112,11.7,17.736046,17.222221,17.222221,2.0
resstock-amy2018-2021-release-1-515536,0.11789517,0.0,0.3206338,0.0,0.0,0.3318181,0.0,0.0,0.0,0.0,0.0,0.0,0.0,0.0,-0.528,0.0,-0.528,0.14824745,6.594200134277344,0.9775733585877333,0.528,0.0,0.0,-0.0,0.0,-0.0,0.0,0.0,-0.0,0.0,9.515837,0.0,0.0,2.9629865,2.7639205,0.95350343,1.6739043,0.0,0.0,0.0,0.3449822,0.1383698,0.60562676,0.0,2.7639205,0.0,3.2919207,3.2948048,2.9629865,-0.002884151,10.6,17.588661,17.222221,17.222221,2.0
resstock-amy2018-2021-release-1-515536,0.0,0.0,0.20517139,0.0,0.0,0.21232815,0.0,0.0,0.0,0.0,0.0,0.0,0.0,0.0,-0.528,0.0,-0.528,0.06216829,6.594186782836914,0.40994930947682207,0.528,0.0,0.0,-0.0,0.0,-0.0,0.0,0.0,-0.0,0.0,9.515837,0.0,0.0,0.9867223,0.6710504,0.24363805,0.4012072,0.0,0.0,0.0,0.36306965,0.1383698,0.59787935,0.0,0.6710504,0.0,1.1990504,1.1990504,0.9867223,-0.0,10.0,17.524155,18.333334,18.333334,2.0
resstock-amy2018-2021-release-1-515536,0.9808017,0.0,1.5598288,0.0,0.0,1.6142385,0.0,0.0,0.0,0.0,0.0,0.0,0.0,0.0,-0.38177478,0.0,-0.38177478,0.0,6.59417724609375,0.0,0.38177478,0.0,0.0,-0.0,0.0,-0.0,0.0,0.0,-0.0,0.0,9.515837,0.0,0.0,0.94929373,2.1817575,0.7732048,1.2327362,0.0,0.0,0.0,0.3543954,0.1383698,0.56501985,0.0,2.1817575,0.0,2.5635324,2.5635324,0.94929373,-0.0,9.4,17.267399,17.222221,17.222221,2.0
resstock-amy2018-2021-release-1-515536,0.121506795,0.0,0.90102917,0.0,0.0,0.93245876,0.0,0.0,0.0,0.0,0.0,0.0,0.0,0.0,0.0,0.0,0.0,0.0,6.59417724609375,0.0,-0.0,0.0,0.0,-0.0,0.0,-0.0,0.0,0.0,-0.0,0.0,9.515837,0.0,0.0,0.7848389,1.7172977,0.57586706,0.93693435,0.0,0.0,0.0,0.3353333,0.1383698,0.54558647,0.0,1.7172977,0.0,1.7172977,1.7172977,0.7848389,-0.0,8.9,16.961,17.222221,17.222221,2.0
resstock-amy2018-2021-release-1-515536,0.0,0.0,0.19540663,0.0,0.0,0.20222278,0.0,0.0,0.0,0.0,0.0,0.0,0.0,0.0,0.0,0.0,0.0,0.0,6.59417724609375,0.0,-0.0,0.0,0.0,-0.0,0.0,-0.0,0.0,0.0,-0.0,0.0,9.515837,0.0,0.0,0.64374954,0.8459723,0.25791833,0.44759732,0.0,0.0,0.0,0.304878,0.1383698,0.5290922,0.0,0.8459723,0.0,0.8459723,0.8459723,0.64374954,-0.0,8.3,16.620625,17.222221,17.222221,2.0
resstock-amy2018-2021-release-1-515536,0.0,0.0,0.85060096,0.0,0.0,0.8802715,0.0,0.0,0.0,0.0,0.0,0.0,0.0,0.0,0.6006,0.6006,0.0,0.08514873,6.5941619873046875,0.5614845145709069,-0.0,0.6006,0.0,-0.0,0.0,-0.0,0.0,0.0,-0.0,0.0,9.515837,0.0,0.0,0.47916222,1.9600337,0.59702003,1.0130094,0.0,0.0,0.0,0.3045968,0.1383698,0.51683265,0.0,1.9600337,0.0,1.3594337,1.3594337,0.47916222,-0.0,7.8,16.211838,18.88889,18.88889,2.0
resstock-amy2018-2021-release-1-515536,0.0,1.7682998,0.7816099,0.0,1.0336245,0.8088739,0.0,0.0,0.0,0.0,0.0,0.0,0.0,0.0,0.6006,0.6006,0.0,0.17016138,6.594146728515625,1.1220691162402545,-0.0,0.6006,0.0,-0.0,0.0,-0.0,0.0,0.0,-0.0,0.0,9.515837,1.7682998,0.0,0.4004935,2.843592,0.84207296,1.4555132,0.0,0.0,0.0,0.29613003,0.1383698,0.5118573,0.0,2.843592,0.0,2.242992,2.242992,0.4004935,-0.0,7.2,17.29094,18.333334,18.333334,2.0
resstock-amy2018-2021-release-1-515536,0.0,0.70605135,0.0,0.0,0.4127083,0.0,0.0,0.0,0.0,0.0,0.0,0.0,0.0,0.0,0.6006,0.6006,0.0,0.25503817,6.5941314697265625,1.6817552360103036,-0.0,0.6006,0.0,-0.0,0.0,-0.0,0.0,0.0,-0.0,0.0,9.515837,0.70605135,0.0,0.36628777,1.3795961,0.39590052,0.70323896,0.0,0.0,0.0,0.2869684,0.1383698,0.5097426,0.0,1.3795961,0.0,0.7789961,0.7789961,0.36628777,-0.0,7.2,16.2122,17.222221,17.222221,2.0
resstock-amy2018-2021-release-1-515536,0.0,0.69148463,0.0,0.0,0.40951005,0.0,0.0,0.0,0.0,0.0,0.0,0.0,0.0,0.0,0.6006,0.6006,0.0,0.3397793,6.5941162109375,2.24054410835015,-0.0,0.6006,0.0,-0.0,0.0,-0.0,0.0,0.0,-0.0,0.0,9.515837,0.69148463,0.0,0.37762377,1.3877338,0.39103872,0.7009377,0.0,0.0,0.0,0.2817822,0.1383698,0.5050952,0.0,1.3877338,0.0,0.7871338,0.7871338,0.37762377,-0.0,6.7,16.04906,17.222221,17.222221,2.0
resstock-amy2018-2021-release-1-515536,0.0,0.80585027,0.0,0.0,0.48467442,0.0,0.0,0.0,0.0,0.0,0.0,0.0,0.0,0.0,0.6006,0.6006,0.0,0.42438498,6.5941009521484375,2.7984374098864464,-0.0,0.6006,0.0,-0.0,0.0,-0.0,0.0,0.0,-0.0,0.0,9.515837,0.80585027,0.0,0.32408357,1.409358,0.39157698,0.71220076,0.0,0.0,0.0,0.27784067,0.1383698,0.505337,0.0,1.409358,0.0,0.808758,0.808758,0.32408357,-0.0,6.1,15.834373,17.222221,17.222221,2.0
resstock-amy2018-2021-release-1-515536,0.0,0.95533234,0.0,0.0,0.5745796,0.0,0.0,0.0,0.0,0.0,0.0,0.0,0.0,0.0,0.6006,0.6006,0.0,0.50885546,6.594085693359375,3.3554365224517824,-0.0,0.6006,0.0,-0.0,0.0,-0.0,0.0,0.0,-0.0,0.0,9.515837,0.95533234,0.0,0.33162355,1.5068032,0.41470248,0.7817304,0.0,0.0,0.0,0.27522007,0.1383698,0.5188006,0.0,1.5068032,0.0,0.90620315,0.90620315,0.33162355,-0.0,6.1,15.775978,17.222221,17.222221,2.0
resstock-amy2018-2021-release-1-515536,0.0,1.0029813,0.0,0.0,0.6202028,0.0,0.0,0.0,0.0,0.0,0.0,0.0,0.0,0.0,0.6006,0.6006,0.0,0.5931909,6.5940704345703125,3.9115426313474018,-0.0,0.6006,0.0,-0.0,0.0,-0.0,0.0,0.0,-0.0,0.0,9.515837,1.0029813,0.0,0.3979397,1.6187425,0.44748482,0.8756273,0.0,0.0,0.0,0.2764398,0.1383698,0.54093057,0.0,1.6187425,0.0,1.0181425,1.0181425,0.3979397,-0.0,5.0,15.624189,17.222221,17.222221,2.0
resstock-amy2018-2021-release-1-515536,0.0,1.110513,0.0,0.0,0.7054798,0.0,0.0,0.0,0.0,0.0,0.0,0.0,0.0,0.0,0.6006,0.6006,0.0,0.6773916,6.59405517578125,4.466757511418109,-0.0,0.6006,0.0,-0.0,0.0,-0.0,0.0,0.0,-0.0,0.0,9.515837,1.110513,0.0,0.4525082,1.7585881,0.4959139,0.96635616,0.0,0.0,0.0,0.28199548,0.1383698,0.54950684,0.0,1.7585881,0.0,1.1579881,1.1579881,0.4525082,-0.0,3.9,15.424908,17.222221,17.222221,2.0
resstock-amy2018-2021-release-1-515536,0.0,1.2408433,0.0,0.0,0.79972345,0.0,0.0,0.0,0.0,0.0,0.0,0.0,0.0,0.0,0.6006,0.6006,0.0,0.7614577,6.5940399169921875,5.0210823479392275,-0.0,0.6006,0.0,-0.0,0.0,-0.0,0.0,0.0,-0.0,0.0,9.515837,1.2408433,0.0,0.43742827,1.8377517,0.57118464,1.0161836,0.0,0.0,0.0,0.3108062,0.1383698,0.55294937,0.0,1.8377517,0.0,1.2371517,1.2371517,0.43742827,-0.0,3.3,15.288853,17.222221,17.222221,2.0
resstock-amy2018-2021-release-1-515536,0.0,1.3298234,0.5967098,0.0,0.8672953,0.61752415,0.0,0.0,0.0,0.0,0.0,0.0,0.0,0.0,0.6006,0.6006,0.0,0.8453894,6.594024658203125,5.574518719209664,-0.0,0.6006,0.0,-0.0,0.0,-0.0,0.0,0.0,-0.0,0.0,9.515837,1.3298234,0.0,0.3493301,2.4347496,0.8334112,1.3646272,0.0,0.0,0.0,0.34229854,0.1383698,0.5604795,0.0,2.4347496,0.0,1.8341496,1.8341496,0.3493301,-0.0,2.8,15.193117,17.222221,17.222221,2.0
resstock-amy2018-2021-release-1-515536,0.0,1.3924342,0.19549662,0.0,0.8139198,0.20231591,0.0,0.0,0.0,0.0,0.0,0.0,0.0,0.0,0.6006,0.6006,0.0,0.92918706,6.5940093994140625,6.1270682035137725,-0.0,0.6006,0.0,-0.0,0.0,-0.0,0.0,0.0,-0.0,0.0,9.515837,1.3924342,0.0,0.3511621,1.9224074,0.71316403,1.0899568,0.0,0.0,0.0,0.37097445,0.1383698,0.56697494,0.0,1.9224074,0.0,1.3218074,1.3673978,0.3511621,-0.04559044,7.2,15.468771,17.222221,17.222221,2.0
resstock-amy2018-2021-release-1-515536,0.0,1.117387,0.0,0.0,0.61534625,0.0,0.0,0.0,0.0,0.0,0.0,0.0,0.0,0.0,-0.528,0.0,-0.528,0.8418599,6.593996047973633,5.551220702607793,0.528,0.0,0.0,-0.0,0.0,-0.0,0.0,0.0,-0.0,0.0,9.515837,1.117387,0.0,0.4431241,0.4100725,0.1481437,0.24054782,0.0,0.0,0.0,0.3612622,0.1383698,0.5865983,0.0,0.4100725,0.0,0.9380725,1.0584704,0.4431241,-0.12039788,9.4,15.780018,17.222221,17.222221,2.0
resstock-amy2018-2021-release-1-515536,0.0,0.96197915,0.0,0.0,0.5120122,0.0,0.0,0.0,0.0,0.0,0.0,0.0,0.0,0.0,-0.528,0.0,-0.528,0.7546721,6.593982696533203,4.976294835428462,0.528,0.0,0.0,-0.0,0.0,-0.0,0.0,0.0,-0.0,0.0,9.515837,0.96197915,0.0,0.3750235,0.18422006,0.060826667,0.11084868,0.0,0.0,0.0,0.33018482,0.1383698,0.60171884,0.0,0.18422006,0.0,0.7122201,0.8870357,0.3750235,-0.17481567,10.6,16.252455,17.222221,17.222221,2.0
resstock-amy2018-2021-release-1-515536,0.0,0.0,0.0,0.0,0.0,0.0,0.0,0.0,0.0,0.0,0.0,0.0,0.0,0.0,-0.528,0.0,-0.528,0.66762376,6.593969345092773,4.402290596391595,0.528,0.0,0.0,-0.0,0.0,-0.0,0.0,0.0,-0.0,0.0,9.515837,0.0,0.0,0.4228772,-0.31344688,-0.100912586,0.0,0.0,0.0,0.0,0.32194477,0.1383698,0.6160886,0.0,0.0,-0.31344688,0.21455312,0.4228772,0.4228772,-0.20832406,11.1,16.232235,17.222221,17.222221,2.0
resstock-amy2018-2021-release-1-515536,0.33425826,0.0,0.0,0.0,0.0,0.0,0.0,0.0,0.0,0.0,0.0,0.0,0.0,0.0,-0.528,0.0,-0.528,0.5807146,6.593955993652344,3.829206407791389,0.528,0.0,0.0,-0.0,0.0,-0.0,0.0,0.0,-0.0,0.0,9.515837,0.0,0.0,0.48299298,-0.26698893,-0.08204252,0.0,0.0,0.0,0.0,0.3072881,0.1383698,0.6178373,0.0,0.0,-0.26698893,0.26101106,0.48299298,0.48299298,-0.22198191,11.7,16.79632,17.222221,17.222221,2.0
resstock-amy2018-2021-release-1-515536,0.78688306,0.0,0.0,0.0,0.0,0.0,0.0,0.0,0.0,0.0,0.0,0.0,0.0,0.0,-0.528,0.0,-0.528,0.49394426,6.593942642211914,3.257040102390363,0.528,0.0,0.0,-0.0,0.0,-0.0,0.0,0.0,-0.0,0.0,9.515837,0.0,0.0,0.4827246,-0.25575918,-0.07733339,0.0,0.0,0.0,0.0,0.302368,0.1383698,0.6047201,0.0,0.0,-0.25575918,0.27224082,0.4827246,0.4827246,-0.2104838,12.8,17.466238,17.222221,17.222221,2.0
resstock-amy2018-2021-release-1-515536,1.2670141,0.0,0.0,0.0,0.0,0.0,0.0,0.0,0.0,0.0,0.0,0.0,0.0,0.0,-0.528,0.0,-0.528,0.40731257,6.593929290771484,2.6857902990261664,0.528,0.0,0.0,-0.0,0.0,-0.0,0.0,0.0,-0.0,0.0,9.515837,0.0,0.0,0.5641827,-0.152904,-0.047153816,0.0,0.0,0.0,0.0,0.30838835,0.1383698,0.5850412,0.0,0.0,-0.152904,0.375096,0.5641827,0.5641827,-0.1890867,12.2,18.06815,17.222221,17.222221,2.0
resstock-amy2018-2021-release-1-515536,1.6065037,0.0,0.39099237,0.0,0.0,0.40463093,0.0,0.0,0.0,0.0,0.0,0.0,0.0,0.0,-0.528,0.0,-0.528,0.32081938,6.593915939331055,2.1154560095756096,0.528,0.0,0.0,-0.0,0.0,-0.0,0.0,0.0,-0.0,0.0,9.515837,0.0,0.0,0.8092883,0.5411973,0.17300847,0.31042135,0.0,0.0,0.0,0.31967726,0.1383698,0.5735826,0.0,0.5411973,0.0,1.0691973,1.2139193,0.8092883,-0.14472198,12.8,18.550537,17.222221,17.222221,2.0
resstock-amy2018-2021-release-1-515536,1.5128503,0.0,0.5552553,0.0,0.0,0.57462364,0.0,0.0,0.0,0.0,0.0,0.0,0.0,0.0,-0.528,0.0,-0.528,0.23446439,6.593902587890625,1.546035361612212,0.528,0.0,0.0,-0.0,0.0,-0.0,0.0,0.0,-0.0,0.0,9.515837,0.0,0.0,1.0105236,1.0039353,0.3325844,0.56624436,0.0,0.0,0.0,0.3312807,0.1383698,0.56402475,0.0,1.0039353,0.0,1.5319353,1.5851471,1.0105236,-0.05321185,12.2,18.637539,17.222221,17.222221,2.0
resstock-amy2018-2021-release-1-515536,0.686597,0.0,0.1954966,0.0,0.0,0.20231588,0.0,0.0,0.0,0.0,0.0,0.0,0.0,0.0,-0.528,0.0,-0.528,0.14824745,6.593889236450195,0.9775272687774645,0.528,0.0,0.0,-0.0,0.0,-0.0,0.0,0.0,-0.0,0.0,9.515837,0.0,0.0,1.0454143,0.71626526,0.24731767,0.40376642,0.0,0.0,0.0,0.34528783,0.1383698,0.56371075,0.0,0.71626526,0.0,1.2442653,1.2477303,1.0454143,-0.0034649381,11.1,18.333023,17.222221,17.222221,2.0
resstock-amy2018-2021-release-1-515536,0.5224591,0.0,0.42917985,0.0,0.0,0.44415045,0.0,0.0,0.0,0.0,0.0,0.0,0.0,0.0,-0.528,0.0,-0.528,0.06216829,6.593875885009766,0.4099299814908619,0.528,0.0,0.0,-0.0,0.0,-0.0,0.0,0.0,-0.0,0.0,9.515837,0.0,0.0,1.0190287,0.9351791,0.31938007,0.5327268,0.0,0.0,0.0,0.34151754,0.1383698,0.5696522,0.0,0.9351791,0.0,1.4631791,1.4631791,1.0190287,-0.0,10.0,18.122803,17.222221,17.222221,2.0
resstock-amy2018-2021-release-1-515536,0.033052303,0.0,0.482703,0.0,0.0,0.49954057,0.0,0.0,0.0,0.0,0.0,0.0,0.0,0.0,-0.38177478,0.0,-0.38177478,0.0,6.593866348266602,0.0,0.38177478,0.0,0.0,-0.0,0.0,-0.0,0.0,0.0,-0.0,0.0,9.515837,0.0,0.0,4.1452475,4.263013,1.426384,2.3149643,0.0,0.0,0.0,0.33459526,0.1383698,0.5430348,0.0,4.263013,0.0,4.644788,4.644788,4.1452475,-0.0,8.9,17.846941,17.222221,17.222221,2.0
resstock-amy2018-2021-release-1-515536,0.0,0.0,0.39099234,0.0,0.0,0.40463087,0.0,0.0,0.0,0.0,0.0,0.0,0.0,0.0,0.0,0.0,0.0,0.0,6.593866348266602,0.0,-0.0,0.0,0.0,-0.0,0.0,-0.0,0.0,0.0,-0.0,0.0,9.515837,0.0,0.0,0.7848389,1.1894698,0.38928178,0.6329646,0.0,0.0,0.0,0.32727337,0.1383698,0.53214014,0.0,1.1894698,0.0,1.1894698,1.1894698,0.7848389,-0.0,8.9,17.528706,17.222221,17.222221,2.0
resstock-amy2018-2021-release-1-515536,0.0,0.0,0.19549644,0.0,0.0,0.20231572,0.0,0.0,0.0,0.0,0.0,0.0,0.0,0.0,0.0,0.0,0.0,0.0,6.593866348266602,0.0,-0.0,0.0,0.0,-0.0,0.0,-0.0,0.0,0.0,-0.0,0.0,9.515837,0.0,0.0,0.7150877,0.91740346,0.2837366,0.49543327,0.0,0.0,0.0,0.3092822,0.1383698,0.5400386,0.0,0.91740346,0.0,0.91740346,0.91740346,0.7150877,-0.0,8.9,17.183914,17.222221,17.222221,2.0
resstock-amy2018-2021-release-1-515536,0.0,0.0,0.1954966,0.0,0.0,0.20231588,0.0,0.0,0.0,0.0,0.0,0.0,0.0,0.0,0.6006,0.6006,0.0,0.08514873,6.593851089477539,0.561458042015957,-0.0,0.6006,0.0,-0.0,0.0,-0.0,0.0,0.0,-0.0,0.0,9.515837,0.0,0.0,0.65779895,1.4607149,0.44790605,0.78234726,0.0,0.0,0.0,0.3066348,0.1383698,0.535592,0.0,1.4607149,0.0,0.86011493,0.86011493,0.65779895,-0.0,5.6,16.584051,17.222221,17.222221,2.0
resstock-amy2018-2021-release-1-515536,0.0,0.0,0.096939065,0.0,0.0,0.10032048,0.0,0.0,0.0,0.0,0.0,0.0,0.0,0.0,0.6006,0.6006,0.0,0.17016138,6.593835830688477,1.122016213436524,-0.0,0.6006,0.0,-0.0,0.0,-0.0,0.0,0.0,-0.0,0.0,9.515837,0.0,0.0,0.43045434,1.1313748,0.34160483,0.6062708,0.0,0.0,0.0,0.3019378,0.1383698,0.53587085,0.0,1.1313748,0.0,0.53077483,0.53077483,0.43045434,-0.0,6.1,15.891531,17.222221,17.222221,2.0
resstock-amy2018-2021-release-1-515536,0.0,0.8789743,0.14267087,0.0,0.55163145,0.1476475,0.0,0.0,0.0,0.0,0.0,0.0,0.0,0.0,0.6006,0.6006,0.0,0.25503817,6.593820571899414,1.6816759451967869,-0.0,0.6006,0.0,-0.0,0.0,-0.0,0.0,0.0,-0.0,0.0,9.515837,0.8789743,0.0,0.36628777,1.6661667,0.47592136,0.89925134,0.0,0.0,0.0,0.2856385,0.1383698,0.5397127,0.0,1.6661667,0.0,1.0655667,1.0655667,0.36628777,-0.0,4.4,16.04515,17.222221,17.222221,2.0
resstock-amy2018-2021-release-1-515536,0.0,0.78620505,0.0,0.0,0.4934108,0.0,0.0,0.0,0.0,0.0,0.0,0.0,0.0,0.0,0.6006,0.6006,0.0,0.3397793,6.593805313110352,2.2404384717079324,-0.0,0.6006,0.0,-0.0,0.0,-0.0,0.0,0.0,-0.0,0.0,9.515837,0.78620505,0.0,0.37762377,1.4716346,0.37091044,0.7704147,0.0,0.0,0.0,0.25203976,0.1383698,0.5235095,0.0,1.4716346,0.0,0.8710346,0.8710346,0.37762377,-0.0,4.4,15.671044,17.222221,17.222221,2.0
resstock-amy2018-2021-release-1-515536,0.0,1.0410154,0.0,0.0,0.6613298,0.0,0.0,0.0,0.0,0.0,0.0,0.0,0.0,0.0,0.6006,0.6006,0.0,0.42438498,6.593790054321289,2.7983054695178566,-0.0,0.6006,0.0,-0.0,0.0,-0.0,0.0,0.0,-0.0,0.0,9.515837,1.0410154,0.0,0.32408357,1.5860133,0.3768477,0.79508424,0.0,0.0,0.0,0.23760691,0.1383698,0.50130993,0.0,1.5860133,0.0,0.9854133,0.9854133,0.32408357,-0.0,3.9,15.635567,17.222221,17.222221,2.0
resstock-amy2018-2021-release-1-515536,0.0,1.0745944,0.0,0.0,0.69257605,0.0,0.0,0.0,0.0,0.0,0.0,0.0,0.0,0.0,0.6006,0.6006,0.0,0.50885546,6.593774795532227,3.355278320394291,-0.0,0.6006,0.0,-0.0,0.0,-0.0,0.0,0.0,-0.0,0.0,9.515837,1.0745944,0.0,0.33162355,1.6247996,0.36316222,0.79684716,0.0,0.0,0.0,0.22351201,0.1383698,0.49042797,0.0,1.6247996,0.0,1.0241996,1.0241996,0.33162355,-0.0,3.3,15.431483,17.222221,17.222221,2.0
resstock-amy2018-2021-release-1-515536,0.0,1.2197764,0.0,0.0,0.78614587,0.0,0.0,0.0,0.0,0.0,0.0,0.0,0.0,0.0,0.6006,0.6006,0.0,0.5931909,6.593759536743164,3.911358209582886,-0.0,0.6006,0.0,-0.0,0.0,-0.0,0.0,0.0,-0.0,0.0,9.515837,1.2197764,0.0,0.38727137,1.7740172,0.3901504,0.8783811,0.0,0.0,0.0,0.21992481,0.1383698,0.49513674,0.0,1.7740172,0.0,1.1734172,1.1734172,0.38727137,-0.0,3.3,15.371048,17.222221,17.222221,2.0
resstock-amy2018-2021-release-1-515536,0.0,1.2714078,0.0,0.0,0.79791695,0.0,0.0,0.0,0.0,0.0,0.0,0.0,0.0,0.0,0.6006,0.6006,0.0,0.6773916,6.593744277954102,4.466546911845057,-0.0,0.6006,0.0,-0.0,0.0,-0.0,0.0,0.0,-0.0,0.0,9.515837,1.2714078,0.0,0.4525082,1.8510251,0.3852344,0.9328688,0.0,0.0,0.0,0.20811948,0.1383698,0.50397414,0.0,1.8510251,0.0,1.2504251,1.2504251,0.4525082,-0.0,4.4,15.325241,17.222221,17.222221,2.0
resstock-amy2018-2021-release-1-515536,0.0,1.3060253,0.4992785,0.0,0.8417333,0.51669425,0.0,0.0,0.0,0.0,0.0,0.0,0.0,0.0,0.6006,0.6006,0.0,0.7614577,6.593729019165039,5.020845612400535,-0.0,0.6006,0.0,-0.0,0.0,-0.0,0.0,0.0,-0.0,0.0,9.515837,1.3060253,0.0,0.66615087,2.6251786,0.6404243,1.3865557,0.0,0.0,0.0,0.24395457,0.1383698,0.5281758,0.0,2.6251786,0.0,2.0245786,2.0245786,0.66615087,-0.0,3.3,15.239216,17.222221,17.222221,2.0
resstock-amy2018-2021-release-1-515536,0.0,1.3622859,2.5962636,0.0,0.8779932,2.6868262,0.0,0.0,0.0,0.0,0.0,0.0,0.0,0.0,0.6006,0.6006,0.0,0.8453894,6.593713760375977,5.574255889474102,-0.0,0.6006,0.0,-0.0,0.0,-0.0,0.0,0.0,-0.0,0.0,9.515837,1.3622859,0.0,0.45217428,4.617594,1.2482127,2.6207464,0.0,0.0,0.0,0.2703167,0.1383698,0.56755674,0.0,4.617594,0.0,4.0169935,4.0169935,0.45217428,-0.0,3.3,15.210733,17.222221,17.222221,2.0
resstock-amy2018-2021-release-1-515536,0.0,1.3809133,0.0,0.0,0.8071854,0.0,0.0,0.0,0.0,0.0,0.0,0.0,0.0,0.0,0.6006,0.6006,0.0,0.92918706,6.593698501586914,6.12677932127599,-0.0,0.6006,0.0,-0.0,0.0,-0.0,0.0,0.0,-0.0,0.0,9.515837,1.3809133,0.0,0.45936897,1.8270565,0.51892793,1.0746518,0.0,0.0,0.0,0.28402403,0.1383698,0.5881875,0.0,1.8270565,0.0,1.2264565,1.2665544,0.45936897,-0.04009786,7.2,15.433954,17.222221,17.222221,2.0
resstock-amy2018-2021-release-1-515536,0.0,1.1227027,0.0,0.0,0.62690544,0.0,0.0,0.0,0.0,0.0,0.0,0.0,0.0,0.0,-0.528,0.0,-0.528,0.8418599,6.593685150146484,5.550958970201236,0.528,0.0,0.0,-0.0,0.0,-0.0,0.0,0.0,-0.0,0.0,9.515837,1.1227027,0.0,0.3886031,0.3979739,0.11604662,0.23998094,0.0,0.0,0.0,0.29159355,0.1383698,0.6030067,0.0,0.3979739,0.0,0.9259739,1.0155085,0.3886031,-0.08953464,8.9,15.4567375,17.222221,17.222221,2.0
resstock-amy2018-2021-release-1-515536,0.0,1.1438043,0.19558088,0.0,0.6193414,0.20240311,0.0,0.0,0.0,0.0,0.0,0.0,0.0,0.0,-0.528,0.0,-0.528,0.7546721,6.593671798706055,4.976060209509228,0.528,0.0,0.0,-0.0,0.0,-0.0,0.0,0.0,-0.0,0.0,9.515837,1.1438043,0.0,0.4258432,0.6071626,0.17701542,0.37122315,0.0,0.0,0.0,0.29154533,0.1383698,0.6114065,0.0,0.6071626,0.0,1.1351626,1.2475878,0.4258432,-0.11242516,10.0,15.782848,17.222221,17.222221,2.0
resstock-amy2018-2021-release-1-515536,0.0,0.9917301,0.0,0.0,0.51107246,0.0,0.0,0.0,0.0,0.0,0.0,0.0,0.0,0.0,-0.528,0.0,-0.528,0.66762376,6.593658447265625,4.4020830336157815,0.528,0.0,0.0,-0.0,0.0,-0.0,0.0,0.0,-0.0,0.0,9.515837,0.9917301,0.0,0.37205753,0.24712998,0.06736385,0.15367378,0.0,0.0,0.0,0.2725847,0.1383698,0.62183386,0.0,0.24712998,0.0,0.77513,0.88312995,0.37205753,-0.10799999,11.7,16.124834,17.222221,17.222221,2.0
resstock-amy2018-2021-release-1-515536,0.0,0.78309137,0.24854745,0.0,0.39753303,0.25721726,0.0,0.0,0.0,0.0,0.0,0.0,0.0,0.0,-0.528,0.0,-0.528,0.5807146,6.593645095825195,3.8290258648892177,0.528,0.0,0.0,-0.0,0.0,-0.0,0.0,0.0,-0.0,0.0,9.515837,0.78309137,0.0,0.5072523,0.53334844,0.14672838,0.33657905,0.0,0.0,0.0,0.27510792,0.1383698,0.6310679,0.0,0.53334844,0.0,1.0613484,1.1620026,0.5072523,-0.10065414,12.2,16.407635,17.777779,17.777779,2.0
resstock-amy2018-2021-release-1-515536,0.17184143,0.97927177,0.6641799,0.0,0.48808834,0.68734777,0.0,0.0,0.0,0.0,0.0,0.0,0.0,0.0,-0.528,0.0,-0.528,0.49394426,6.593631744384766,3.2568865361939743,0.528,0.0,0.0,-0.0,0.0,-0.0,0.0,0.0,-0.0,0.0,9.515837,0.97927177,0.0,3.6245618,4.151155,1.1378633,2.624045,0.0,0.0,0.0,0.27410764,0.1383698,0.63212407,0.0,4.151155,0.0,4.679155,4.7999973,3.6245618,-0.120842636,12.8,17.071995,17.222221,17.222221,2.0
resstock-amy2018-2021-release-1-515536,0.15479343,0.0,0.48772833,0.0,0.0,0.5047412,0.0,0.0,0.0,0.0,0.0,0.0,0.0,0.0,-0.528,0.0,-0.528,0.40731257,6.593618392944336,2.6856636664325606,0.528,0.0,0.0,-0.0,0.0,-0.0,0.0,0.0,-0.0,0.0,9.515837,0.0,0.0,0.45781758,0.34446916,0.096232176,0.21512127,0.0,0.0,0.0,0.2793637,0.1383698,0.6245008,0.0,0.34446916,0.0,0.8724692,0.9625588,0.45781758,-0.09008961,12.8,16.892424,17.222221,17.222221,2.0
resstock-amy2018-2021-release-1-515536,0.19235657,0.0,0.303702,0.0,0.0,0.31429568,0.0,0.0,0.0,0.0,0.0,0.0,0.0,0.0,-0.528,0.0,-0.528,0.32081938,6.593605041503906,2.1153562675281137,0.528,0.0,0.0,-0.0,0.0,-0.0,0.0,0.0,-0.0,0.0,9.515837,0.0,0.0,0.57261574,0.31026965,0.08809791,0.18969277,0.0,0.0,0.0,0.2839398,0.1383698,0.61138034,0.0,0.31026965,0.0,0.83826965,0.88691145,0.57261574,-0.048641782,13.3,17.028107,17.222221,17.222221,2.0
resstock-amy2018-2021-release-1-515536,0.24498922,0.0,0.08678149,0.0,0.0,0.08980858,0.0,0.0,0.0,0.0,0.0,0.0,0.0,0.0,-0.528,0.0,-0.528,0.23446439,6.593591690063477,1.545962467142175,0.528,0.0,0.0,-0.0,0.0,-0.0,0.0,0.0,-0.0,0.0,9.515837,0.0,0.0,0.95970386,0.501703,0.14868262,0.30232787,0.0,0.0,0.0,0.29635584,0.1383698,0.60260326,0.0,0.501703,0.0,1.029703,1.0495125,0.95970386,-0.019809442,12.8,17.214184,17.222221,17.222221,2.0
resstock-amy2018-2021-release-1-515536,0.0,0.0,0.26048595,0.0,0.0,0.26957217,0.0,0.0,0.0,0.0,0.0,0.0,0.0,0.0,-0.528,0.0,-0.528,0.14824745,6.593578338623047,0.9774811789671958,0.528,0.0,0.0,-0.0,0.0,-0.0,0.0,0.0,-0.0,0.0,9.515837,0.0,0.0,1.0454143,0.78619075,0.24719477,0.4705645,0.0,0.0,0.0,0.31442085,0.1383698,0.5985373,0.0,0.78619075,0.0,1.3141907,1.3149865,1.0454143,-0.00079570495,12.2,17.139832,17.222221,17.222221,2.0
resstock-amy2018-2021-release-1-515536,0.6762698,0.0,1.2204647,0.0,0.0,1.2630367,0.0,0.0,0.0,0.0,0.0,0.0,0.0,0.0,-0.528,0.0,-0.528,0.06216829,6.593564987182617,0.40991065350490175,0.528,0.0,0.0,-0.0,0.0,-0.0,0.0,0.0,-0.0,0.0,9.515837,0.0,0.0,0.9867223,1.7217591,0.5570684,1.0168513,0.0,0.0,0.0,0.32354608,0.1383698,0.5905886,0.0,1.7217591,0.0,2.2497592,2.2497592,0.9867223,-0.0,12.2,17.160885,17.222221,17.222221,2.0
resstock-amy2018-2021-release-1-515536,0.0,0.0,0.0049500824,0.0,0.0,0.0051227505,0.0,0.0,0.0,0.0,0.0,0.0,0.0,0.0,-0.38177478,0.0,-0.38177478,0.0,6.593555450439453,0.0,0.38177478,0.0,0.0,-0.0,0.0,-0.0,0.0,0.0,-0.0,0.0,9.515837,0.0,0.0,0.94929373,0.5726417,0.18533354,0.32413608,0.0,0.0,0.0,0.3236466,0.1383698,0.56603646,0.0,0.5726417,0.0,0.95441645,0.95441645,0.94929373,-0.0,11.7,17.112732,17.222221,17.222221,2.0
resstock-amy2018-2021-release-1-515536,0.0,0.0,2.5223787,0.0,0.0,2.610364,0.0,0.0,0.0,0.0,0.0,0.0,0.0,0.0,0.0,0.0,0.0,0.0,6.593555450439453,0.0,-0.0,0.0,0.0,-0.0,0.0,-0.0,0.0,0.0,-0.0,0.0,9.515837,0.0,0.0,0.873099,3.483463,1.0725539,1.9114019,0.0,0.0,0.0,0.30789873,0.1383698,0.54870737,0.0,3.483463,0.0,3.483463,3.483463,0.873099,-0.0,11.7,17.01221,17.222221,17.222221,2.0
resstock-amy2018-2021-release-1-515536,0.0,0.0,0.26565182,0.0,0.0,0.27491826,0.0,0.0,0.0,0.0,0.0,0.0,0.0,0.0,0.0,0.0,0.0,0.0,6.593555450439453,0.0,-0.0,0.0,0.0,-0.0,0.0,-0.0,0.0,0.0,-0.0,0.0,9.515837,0.0,0.0,0.7864259,1.0613441,0.31675667,0.5773317,0.0,0.0,0.0,0.2984486,0.1383698,0.5439628,0.0,1.0613441,0.0,1.0613441,1.0613441,0.7864259,-0.0,11.7,16.88344,17.222221,17.222221,2.0
resstock-amy2018-2021-release-1-515536,0.0,0.0,0.05242325,0.0,0.0,0.054251872,0.0,0.0,0.0,0.0,0.0,0.0,0.0,0.0,0.6006,0.6006,0.0,0.08514873,6.593540191650391,0.561431569461007,-0.0,0.6006,0.0,-0.0,0.0,-0.0,0.0,0.0,-0.0,0.0,9.515837,0.0,0.0,0.74713445,1.4019864,0.41477767,0.7679448,0.0,0.0,0.0,0.29585,0.1383698,0.5477548,0.0,1.4019864,0.0,0.80138636,0.80138636,0.74713445,-0.0,11.1,16.635447,17.222221,17.222221,2.0
resstock-amy2018-2021-release-1-515536,0.0,0.0,0.0,0.0,0.0,0.0,0.0,0.0,0.0,0.0,0.0,0.0,0.0,0.0,0.6006,0.6006,0.0,0.17016138,6.593524932861328,1.1219633106327933,-0.0,0.6006,0.0,-0.0,0.0,-0.0,0.0,0.0,-0.0,0.0,9.515837,0.0,0.0,0.46041518,1.0610151,0.3074809,0.5789985,0.0,0.0,0.0,0.2897988,0.1383698,0.5457024,0.0,1.0610151,0.0,0.46041512,0.46041512,0.46041518,-0.0,10.6,16.249403,17.222221,17.222221,2.0
resstock-amy2018-2021-release-1-515536,0.0,0.0,0.0,0.0,0.0,0.0,0.0,0.0,0.0,0.0,0.0,0.0,0.0,0.0,0.6006,0.6006,0.0,0.25503817,6.593509674072266,1.68159665438327,-0.0,0.6006,0.0,-0.0,0.0,-0.0,0.0,0.0,-0.0,0.0,9.515837,0.0,0.0,0.38596234,0.9865624,0.29043016,0.5242616,0.0,0.0,0.0,0.294386,0.1383698,0.5314024,0.0,0.9865624,0.0,0.38596237,0.38596237,0.38596234,-0.0,10.0,15.944859,18.333334,18.333334,2.0
resstock-amy2018-2021-release-1-515536,0.0,1.5776837,0.0,0.0,0.8542762,0.0,0.0,0.0,0.0,0.0,0.0,0.0,0.0,0.0,0.6006,0.6006,0.0,0.3397793,6.593494415283203,2.240332835065715,-0.0,0.6006,0.0,-0.0,0.0,-0.0,0.0,0.0,-0.0,0.0,9.515837,1.5776837,0.0,0.37762377,1.8325,0.5261602,1.0158404,0.0,0.0,0.0,0.287127,0.1383698,0.55434674,0.0,1.8325,0.0,1.2319,1.2319,0.37762377,-0.0,10.0,17.065838,19.444445,19.444445,2.0
resstock-amy2018-2021-release-1-515536,0.0,1.5867858,0.0,0.0,0.8592047,0.0,0.0,0.0,0.0,0.0,0.0,0.0,0.0,0.0,0.6006,0.6006,0.0,0.42438498,6.593479156494141,2.798173529149267,-0.0,0.6006,0.0,-0.0,0.0,-0.0,0.0,0.0,-0.0,0.0,9.515837,1.5867858,0.0,0.32408357,1.7838883,0.51200664,1.002023,0.0,0.0,0.0,0.2870172,0.1383698,0.56170726,0.0,1.7838883,0.0,1.1832883,1.1832883,0.32408357,-0.0,10.0,17.001974,18.88889,18.88889,2.0
resstock-amy2018-2021-release-1-515536,0.0,1.2775598,1.5021696,0.0,0.67605066,1.554568,0.0,0.0,0.0,0.0,0.0,0.0,0.0,0.0,0.6006,0.6006,0.0,0.50885546,6.593463897705078,3.3551201183367994,-0.0,0.6006,0.0,-0.0,0.0,-0.0,0.0,0.0,-0.0,0.0,9.515837,1.2775598,0.0,0.33162355,3.1628423,0.86449593,1.7984302,0.0,0.0,0.0,0.2733288,0.1383698,0.56861204,0.0,3.1628423,0.0,2.5622423,2.5622423,0.33162355,-0.0,10.8,16.994658,18.333334,18.333334,2.0
resstock-amy2018-2021-release-1-515536,0.0,0.92776656,0.0,0.0,0.5023623,0.0,0.0,0.0,0.0,0.0,0.0,0.0,0.0,0.0,0.6006,0.6006,0.0,0.5931909,6.593448638916016,3.9111737878183703,-0.0,0.6006,0.0,-0.0,0.0,-0.0,0.0,0.0,-0.0,0.0,9.515837,0.92776656,0.0,0.3979397,1.500902,0.4096538,0.85773396,0.0,0.0,0.0,0.2729384,0.1383698,0.57147896,0.0,1.500902,0.0,0.90030205,0.90030205,0.3979397,-0.0,10.0,16.778282,17.777779,17.777779,2.0
resstock-amy2018-2021-release-1-515536,0.0,0.0,2.9422317,0.0,0.0,3.0448623,0.0,0.0,0.0,0.0,0.0,0.0,0.0,0.0,0.6006,0.6006,0.0,0.6773916,6.593433380126953,4.466336312272006,-0.0,0.6006,0.0,-0.0,0.0,-0.0,0.0,0.0,-0.0,0.0,9.515837,0.0,0.0,0.508453,4.1539154,1.1281885,2.3756258,0.0,0.0,0.0,0.2715964,0.1383698,0.57190037,0.0,4.1539154,0.0,3.5533154,3.5533154,0.508453,-0.0,10.0,16.273085,17.777779,17.777779,2.0
resstock-amy2018-2021-release-1-515536,0.0,0.9939107,1.8328544,0.0,0.5381777,1.8967878,0.0,0.0,0.0,0.0,0.0,0.0,0.0,0.0,0.6006,0.6006,0.0,0.7614577,6.593418121337891,5.020608876861843,-0.0,0.6006,0.0,-0.0,0.0,-0.0,0.0,0.0,-0.0,0.0,9.515837,0.9939107,0.0,0.5518237,3.587389,1.0298175,2.034891,0.0,0.0,0.0,0.287066,0.1383698,0.5672345,0.0,3.587389,0.0,2.986789,2.986789,0.5518237,-0.0,10.0,16.62519,17.777779,17.777779,2.0
resstock-amy2018-2021-release-1-515536,0.0,0.77117115,0.0,0.0,0.41756985,0.0,0.0,0.0,0.0,0.0,0.0,0.0,0.0,0.0,0.6006,0.6006,0.0,0.8453894,6.593402862548828,5.573993059738541,-0.0,0.6006,0.0,-0.0,0.0,-0.0,0.0,0.0,-0.0,0.0,9.515837,0.77117115,0.0,0.4007522,1.4189221,0.44285,0.8019846,0.0,0.0,0.0,0.31210312,0.1383698,0.56520694,0.0,1.4189221,0.0,0.81832206,0.81832206,0.4007522,-0.0,10.0,16.423489,18.88889,18.88889,2.0
resstock-amy2018-2021-release-1-515536,0.0,1.6458745,0.0,0.0,0.89119977,0.0,0.0,0.0,0.0,0.0,0.0,0.0,0.0,0.0,0.6006,0.6006,0.0,0.92918706,6.593387603759766,6.126490439038207,-0.0,0.6006,0.0,-0.0,0.0,-0.0,0.0,0.0,-0.0,0.0,9.515837,1.6458745,0.0,0.3511621,1.8220149,0.5608271,1.0364602,0.0,0.0,0.0,0.307806,0.1383698,0.56885386,0.0,1.8220149,0.0,1.2214149,1.2423619,0.3511621,-0.020946937,10.0,16.948984,17.222221,17.222221,2.0
resstock-amy2018-2021-release-1-515536,0.0,0.0,0.15200154,0.0,0.0,0.15730365,0.0,0.0,0.0,0.0,0.0,0.0,0.0,0.0,-0.528,0.0,-0.528,0.8418599,6.593374252319336,5.5506972377946795,0.528,0.0,0.0,-0.0,0.0,-0.0,0.0,0.0,-0.0,0.0,9.515837,0.0,0.0,0.5410621,0.13334861,0.04182314,0.078233026,0.0,0.0,0.0,0.3136376,0.1383698,0.5866805,0.0,0.13334861,0.0,0.6613486,0.69836575,0.5410621,-0.037017144,10.6,16.18506,17.222221,17.222221,2.0
resstock-amy2018-2021-release-1-515536,0.0,0.6850863,0.37219232,0.0,0.34778118,0.38517508,0.0,0.0,0.0,0.0,0.0,0.0,0.0,0.0,-0.528,0.0,-0.528,0.7546721,6.593360900878906,4.9758255835899945,0.528,0.0,0.0,-0.0,0.0,-0.0,0.0,0.0,-0.0,0.0,9.515837,0.6850863,0.0,0.42868608,0.5098245,0.16009295,0.3091222,0.0,0.0,0.0,0.3140158,0.1383698,0.6063306,0.0,0.5098245,0.0,1.0378245,1.1616423,0.42868608,-0.1238178,12.2,16.746878,17.222221,17.222221,2.0
resstock-amy2018-2021-release-1-515536,0.0,0.0,0.0,0.0,0.0,0.0,0.0,0.0,0.0,0.0,0.0,0.0,0.0,0.0,-0.528,0.0,-0.528,0.66762376,6.593347549438477,4.401875470839968,0.528,0.0,0.0,-0.0,0.0,-0.0,0.0,0.0,-0.0,0.0,9.515837,0.0,0.0,0.68489057,-0.028721735,-0.009019079,0.0,0.0,0.0,0.0,0.3140158,0.1383698,0.61471844,0.0,0.0,-0.028721735,0.49927825,0.68489057,0.68489057,-0.1856123,13.3,16.739725,18.333334,18.333334,2.0
resstock-amy2018-2021-release-1-515536,1.12735,1.088925,0.15081379,0.0,0.5343695,0.15607445,0.0,0.0,0.0,0.0,0.0,0.0,0.0,0.0,-0.528,0.0,-0.528,0.5807146,6.593334197998047,3.828845321987046,0.528,0.0,0.0,-0.0,0.0,-0.0,0.0,0.0,-0.0,0.0,9.515837,1.088925,0.0,0.82048684,0.7754687,0.24474879,0.4804909,0.0,0.0,0.0,0.315614,0.1383698,0.6196135,0.0,0.7754687,0.0,1.3034687,1.5109308,0.82048684,-0.20746213,13.3,18.038845,17.222221,17.222221,2.0
resstock-amy2018-2021-release-1-515536,1.1254697,0.0,0.9120427,0.0,0.0,0.9438564,0.0,0.0,0.0,0.0,0.0,0.0,0.0,0.0,-0.528,0.0,-0.528,0.49394426,6.593320846557617,3.2567329699975858,0.528,0.0,0.0,-0.0,0.0,-0.0,0.0,0.0,-0.0,0.0,9.515837,0.0,0.0,3.8835907,4.113019,1.2894956,2.5397253,0.0,0.0,0.0,0.3135156,0.1383698,0.61748445,0.0,4.113019,0.0,4.641019,4.8274474,3.8835907,-0.18642832,13.9,17.957705,17.222221,17.222221,2.0
resstock-amy2018-2021-release-1-515536,1.4765177,0.0,0.14055827,0.0,0.0,0.1454612,0.0,0.0,0.0,0.0,0.0,0.0,0.0,0.0,-0.528,0.0,-0.528,0.40731257,6.5933074951171875,2.685537033838955,0.528,0.0,0.0,-0.0,0.0,-0.0,0.0,0.0,-0.0,0.0,9.515837,0.0,0.0,0.45781758,-0.0946172,-0.029033706,0.0,0.0,0.0,0.0,0.3068544,0.1383698,0.61372876,0.0,0.0,-0.0946172,0.4333828,0.6032788,0.45781758,-0.16989599,14.4,18.387354,17.222221,17.222221,2.0
resstock-amy2018-2021-release-1-515536,1.3476448,0.0,0.07223867,0.0,0.0,0.074758485,0.0,0.0,0.0,0.0,0.0,0.0,0.0,0.0,-0.528,0.0,-0.528,0.32081938,6.593294143676758,2.1152565254806177,0.528,0.0,0.0,-0.0,0.0,-0.0,0.0,0.0,-0.0,0.0,9.515837,0.0,0.0,0.5147195,0.0008390248,0.00026869768,0.00051102665,0.0,0.0,0.0,0.32025,0.1383698,0.6090722,0.0,0.0008390248,0.0,0.528839,0.58947796,0.5147195,-0.060638946,13.9,18.39744,17.222221,17.222221,2.0
resstock-amy2018-2021-release-1-515536,0.72502095,0.0,0.988199,0.0,0.0,1.0226692,0.0,0.0,0.0,0.0,0.0,0.0,0.0,0.0,-0.528,0.0,-0.528,0.23446439,6.593280792236328,1.545889572672138,0.528,0.0,0.0,-0.0,0.0,-0.0,0.0,0.0,-0.0,0.0,9.515837,0.0,0.0,0.8928131,1.3729405,0.44581467,0.81217116,0.0,0.0,0.0,0.3247152,0.1383698,0.59155595,0.0,1.3729405,0.0,1.9009405,1.9154823,0.8928131,-0.014541748,12.8,18.450233,18.333334,18.333334,2.0
resstock-amy2018-2021-release-1-515536,0.6196695,0.0,0.19565962,0.0,0.0,0.2024846,0.0,0.0,0.0,0.0,0.0,0.0,0.0,0.0,-0.528,0.0,-0.528,0.14824745,6.593267440795898,0.977435089156927,0.528,0.0,0.0,-0.0,0.0,-0.0,0.0,0.0,-0.0,0.0,9.515837,0.0,0.0,1.0454143,0.71903104,0.25283173,0.4182765,0.0,0.0,0.0,0.3516284,0.1383698,0.58172244,0.0,0.71903104,0.0,1.247031,1.2478988,1.0454143,-0.0008678782,10.0,18.169594,17.222221,17.222221,2.0
resstock-amy2018-2021-release-1-515536,0.5517623,0.0,0.7826352,0.0,0.0,0.809935,0.0,0.0,0.0,0.0,0.0,0.0,0.0,0.0,-0.528,0.0,-0.528,0.06216829,6.593254089355469,0.4098913255189416,0.528,0.0,0.0,-0.0,0.0,-0.0,0.0,0.0,-0.0,0.0,9.515837,0.0,0.0,1.1193931,1.4013281,0.5285562,0.80365676,0.0,0.0,0.0,0.37718233,0.1383698,0.5734965,0.0,1.4013281,0.0,1.9293281,1.9293281,1.1193931,-0.0,10.0,18.03545,17.222221,17.222221,2.0
resstock-amy2018-2021-release-1-515536,0.09001899,0.0,0.62197405,0.0,0.0,0.64366966,0.0,0.0,0.0,0.0,0.0,0.0,0.0,0.0,-0.38177478,0.0,-0.38177478,0.0,6.593244552612305,0.0,0.38177478,0.0,0.0,-0.0,0.0,-0.0,0.0,0.0,-0.0,0.0,9.515837,0.0,0.0,4.1452475,4.407142,1.6802229,2.4673445,0.0,0.0,0.0,0.38125,0.1383698,0.55985135,0.0,4.407142,0.0,4.788917,4.788917,4.1452475,-0.0,10.6,17.860786,17.222221,17.222221,2.0
resstock-amy2018-2021-release-1-515536,0.0,0.0,0.32797533,0.0,0.0,0.33941573,0.0,0.0,0.0,0.0,0.0,0.0,0.0,0.0,0.0,0.0,0.0,0.0,6.593244552612305,0.0,-0.0,0.0,0.0,-0.0,0.0,-0.0,0.0,0.0,-0.0,0.0,9.515837,0.0,0.0,0.873099,1.2125148,0.4290025,0.66808987,0.0,0.0,0.0,0.3538122,0.1383698,0.55099523,0.0,1.2125148,0.0,1.2125148,1.2125148,0.873099,-0.0,10.0,17.609211,17.222221,17.222221,2.0
resstock-amy2018-2021-release-1-515536,0.0,0.0,0.0,0.0,0.0,0.0,0.0,0.0,0.0,0.0,0.0,0.0,0.0,0.0,0.0,0.0,0.0,0.0,6.593244552612305,0.0,-0.0,0.0,0.0,-0.0,0.0,-0.0,0.0,0.0,-0.0,0.0,9.515837,0.0,0.0,0.7864259,0.7864259,0.26529464,0.42197663,0.0,0.0,0.0,0.3373422,0.1383698,0.5365752,0.0,0.7864259,0.0,0.7864259,0.7864259,0.7864259,-0.0,9.4,17.310354,17.222221,17.222221,2.0
resstock-amy2018-2021-release-1-515536,0.0,0.0,0.19565952,0.0,0.0,0.20248449,0.0,0.0,0.0,0.0,0.0,0.0,0.0,0.0,0.6006,0.6006,0.0,0.08514873,6.593229293823242,0.5614050969060571,-0.0,0.6006,0.0,-0.0,0.0,-0.0,0.0,0.0,-0.0,0.0,9.515837,0.0,0.0,0.47916222,1.2822467,0.41201612,0.65999866,0.0,0.0,0.0,0.3213236,0.1383698,0.5147205,0.0,1.2822467,0.0,0.6816467,0.6816467,0.47916222,-0.0,9.4,16.81062,17.222221,17.222221,2.0
resstock-amy2018-2021-release-1-515536,0.0,0.0,0.0,0.0,0.0,0.0,0.0,0.0,0.0,0.0,0.0,0.0,0.0,0.0,0.6006,0.6006,0.0,0.17016138,6.59321403503418,1.1219104078290627,-0.0,0.6006,0.0,-0.0,0.0,-0.0,0.0,0.0,-0.0,0.0,9.515837,0.0,0.0,0.43045434,1.0310544,0.32264784,0.5010723,0.0,0.0,0.0,0.31293,0.1383698,0.48598045,0.0,1.0310544,0.0,0.43045437,0.43045437,0.43045434,-0.0,8.3,16.198503,17.222221,17.222221,2.0
resstock-amy2018-2021-release-1-515536,0.0,0.6762067,0.19573271,0.0,0.38382548,0.20256023,0.0,0.0,0.0,0.0,0.0,0.0,0.0,0.0,0.6006,0.6006,0.0,0.25503817,6.593198776245117,1.6815173635697533,-0.0,0.6006,0.0,-0.0,0.0,-0.0,0.0,0.0,-0.0,0.0,9.515837,0.6762067,0.0,0.36628777,1.5532734,0.44968197,0.7549711,0.0,0.0,0.0,0.289506,0.1383698,0.48605162,0.0,1.5532734,0.0,0.95267344,0.95267344,0.36628777,-0.0,8.3,16.285313,18.88889,18.88889,2.0
resstock-amy2018-2021-release-1-515536,0.0,1.7264619,0.0,0.0,0.97996676,0.0,0.0,0.0,0.0,0.0,0.0,0.0,0.0,0.0,0.6006,0.6006,0.0,0.3397793,6.593183517456055,2.240227198423497,-0.0,0.6006,0.0,-0.0,0.0,-0.0,0.0,0.0,-0.0,0.0,9.515837,1.7264619,0.0,0.37762377,1.9581906,0.5669079,0.8353715,0.0,0.0,0.0,0.289506,0.1383698,0.4266038,0.0,1.9581906,0.0,1.3575906,1.3575906,0.37762377,-0.0,8.3,16.978456,17.777779,17.777779,2.0
resstock-amy2018-2021-release-1-515536,0.0,0.0,0.39146295,0.0,0.0,0.4051179,0.0,0.0,0.0,0.0,0.0,0.0,0.0,0.0,0.6006,0.6006,0.0,0.42438498,6.593168258666992,2.798041588780677,-0.0,0.6006,0.0,-0.0,0.0,-0.0,0.0,0.0,-0.0,0.0,9.515837,0.0,0.0,0.32408357,1.3298014,0.38725185,0.5502295,0.0,0.0,0.0,0.2912103,0.1383698,0.41376814,0.0,1.3298014,0.0,0.72920144,0.72920144,0.32408357,-0.0,7.8,15.938614,17.777779,17.777779,2.0
resstock-amy2018-2021-release-1-515536,0.0,1.214842,0.0,0.0,0.71011174,0.0,0.0,0.0,0.0,0.0,0.0,0.0,0.0,0.0,0.6006,0.6006,0.0,0.50885546,6.59315299987793,3.354961916279308,-0.0,0.6006,0.0,-0.0,0.0,-0.0,0.0,0.0,-0.0,0.0,9.515837,1.214842,0.0,0.33162355,1.6423353,0.45482832,0.66780084,0.0,0.0,0.0,0.27694,0.1383698,0.40661663,0.0,1.6423353,0.0,1.0417353,1.0417353,0.33162355,-0.0,7.2,16.399694,17.777779,17.777779,2.0
resstock-amy2018-2021-release-1-515536,0.0,0.92230797,0.0,0.0,0.5462079,0.0,0.0,0.0,0.0,0.0,0.0,0.0,0.0,0.0,0.6006,0.6006,0.0,0.5931909,6.593137741088867,3.9109893660538546,-0.0,0.6006,0.0,-0.0,0.0,-0.0,0.0,0.0,-0.0,0.0,9.515837,0.92230797,0.0,0.38727137,1.5340793,0.41998184,0.6245128,0.0,0.0,0.0,0.273768,0.1383698,0.4070929,0.0,1.5340793,0.0,0.9334793,0.9334793,0.38727137,-0.0,6.7,16.056673,18.88889,18.88889,2.0
resstock-amy2018-2021-release-1-515536,0.0,1.891833,1.4784772,0.0,1.1523782,1.5300493,0.0,0.0,0.0,0.0,0.0,0.0,0.0,0.0,0.6006,0.6006,0.0,0.6773916,6.593122482299805,4.466125712698954,-0.0,0.6006,0.0,-0.0,0.0,-0.0,0.0,0.0,-0.0,0.0,9.515837,1.891833,0.0,0.4525082,3.7355356,1.086473,1.5819936,0.0,0.0,0.0,0.290848,0.1383698,0.42349845,0.0,3.7355356,0.0,3.1349356,3.1349356,0.4525082,-0.0,5.6,16.539415,17.222221,17.222221,2.0
resstock-amy2018-2021-release-1-515536,0.0,0.0,0.0,0.0,0.0,0.0,0.0,0.0,0.0,0.0,0.0,0.0,0.0,0.0,0.6006,0.6006,0.0,0.7614577,6.593107223510742,5.020372141323151,-0.0,0.6006,0.0,-0.0,0.0,-0.0,0.0,0.0,-0.0,0.0,9.515837,0.0,0.0,0.47556007,1.0761601,0.344512,0.4899782,0.0,0.0,0.0,0.3201308,0.1383698,0.45530233,0.0,1.0761601,0.0,0.47556007,0.47556007,0.47556007,-0.0,5.6,15.631291,17.222221,17.222221,2.0
resstock-amy2018-2021-release-1-515536,0.0,1.050873,0.0,0.0,0.614267,0.0,0.0,0.0,0.0,0.0,0.0,0.0,0.0,0.0,0.6006,0.6006,0.0,0.8453894,6.59309196472168,5.57373023000298,-0.0,0.6006,0.0,-0.0,0.0,-0.0,0.0,0.0,-0.0,0.0,9.515837,1.050873,0.0,0.7636281,1.9784951,0.7204603,0.9687066,0.0,0.0,0.0,0.3641456,0.1383698,0.48961788,0.0,1.9784951,0.0,1.3778951,1.3778951,0.7636281,-0.0,7.2,15.804895,17.222221,17.222221,2.0
resstock-amy2018-2021-release-1-515536,0.0,0.9466053,0.14781323,0.0,0.52129656,0.15296923,0.0,0.0,0.0,0.0,0.0,0.0,0.0,0.0,0.6006,0.6006,0.0,0.92918706,6.593076705932617,6.126201556800424,-0.0,0.6006,0.0,-0.0,0.0,-0.0,0.0,0.0,-0.0,0.0,9.515837,0.9466053,0.0,0.51347244,1.7563546,0.70188475,0.8410341,0.0,0.0,0.0,0.3996259,0.1383698,0.47885212,0.0,1.7563546,0.0,1.1557546,1.1877383,0.51347244,-0.031983785,9.4,15.8481455,17.222221,17.222221,2.0
resstock-amy2018-2021-release-1-515536,0.0,0.8844418,0.1297115,0.0,0.47074303,0.13423607,0.0,0.0,0.0,0.0,0.0,0.0,0.0,0.0,-0.528,0.0,-0.528,0.8418599,6.5930633544921875,5.550435505388123,0.528,0.0,0.0,-0.0,0.0,-0.0,0.0,0.0,-0.0,0.0,9.515837,0.8844418,0.0,0.4976451,0.485451,0.19241539,0.23324685,0.0,0.0,0.0,0.39636418,0.1383698,0.48047453,0.0,0.485451,0.0,1.013451,1.1026242,0.4976451,-0.0891732,10.6,16.0718,17.222221,17.222221,2.0
resstock-amy2018-2021-release-1-515536,0.0,0.7631325,0.5053751,0.0,0.40030903,0.5230035,0.0,0.0,0.0,0.0,0.0,0.0,0.0,0.0,-0.528,0.0,-0.528,0.7546721,6.593050003051758,4.975590957670761,0.528,0.0,0.0,-0.0,0.0,-0.0,0.0,0.0,-0.0,0.0,9.515837,0.7631325,0.0,0.42868608,0.65901923,0.24390425,0.3235068,0.0,0.0,0.0,0.37010187,0.1383698,0.49089128,0.0,0.65901923,0.0,1.1870192,1.3519986,0.42868608,-0.16497938,11.1,16.358978,17.222221,17.222221,2.0
resstock-amy2018-2021-release-1-515536,0.0,0.0,0.12228147,0.0,0.0,0.12654687,0.0,0.0,0.0,0.0,0.0,0.0,0.0,0.0,-0.528,0.0,-0.528,0.66762376,6.593036651611328,4.401667908064155,0.528,0.0,0.0,-0.0,0.0,-0.0,0.0,0.0,-0.0,0.0,9.515837,0.0,0.0,0.47966602,-0.112611145,-0.03971032,0.0,0.0,0.0,0.0,0.35263225,0.1383698,0.49170694,0.0,0.0,-0.112611145,0.41538885,0.6062129,0.47966602,-0.19082405,11.1,16.372532,17.222221,17.222221,2.0
resstock-amy2018-2021-release-1-515536,0.0,0.0,0.15504257,0.0,0.0,0.16045074,0.0,0.0,0.0,0.0,0.0,0.0,0.0,0.0,-0.528,0.0,-0.528,0.5807146,6.593023300170898,3.8286647790848747,0.528,0.0,0.0,-0.0,0.0,-0.0,0.0,0.0,-0.0,0.0,9.515837,0.0,0.0,0.48299298,-0.10674293,-0.036694415,0.0,0.0,0.0,0.0,0.34376433,0.1383698,0.49008462,0.0,0.0,-0.10674293,0.42125708,0.6434437,0.48299298,-0.22218664,11.1,16.83403,17.777779,17.777779,2.0
resstock-amy2018-2021-release-1-515536,0.0,0.0,1.3061062,0.0,0.0,1.3516656,0.0,0.0,0.0,0.0,0.0,0.0,0.0,0.0,-0.528,0.0,-0.528,0.49394426,6.593009948730469,3.2565794038011973,0.528,0.0,0.0,-0.0,0.0,-0.0,0.0,0.0,-0.0,0.0,9.515837,0.0,0.0,0.6153955,1.2241855,0.4196941,0.6053956,0.0,0.0,0.0,0.3428354,0.1383698,0.49452934,0.0,1.2241855,0.0,1.7521855,1.967061,0.6153955,-0.21487564,11.7,17.366322,18.333334,18.333334,2.0
resstock-amy2018-2021-release-1-515536,0.42918342,0.0,0.4881504,0.0,0.0,0.505178,0.0,0.0,0.0,0.0,0.0,0.0,0.0,0.0,-0.528,0.0,-0.528,0.40731257,6.592996597290039,2.685410401245349,0.528,0.0,0.0,-0.0,0.0,-0.0,0.0,0.0,-0.0,0.0,9.515837,0.0,0.0,2.2686913,2.066351,0.7127358,1.0318419,0.0,0.0,0.0,0.34492484,0.1383698,0.4993546,0.0,2.066351,0.0,2.5943508,2.7738693,2.2686913,-0.17951849,12.2,17.927483,18.333334,18.333334,2.0
resstock-amy2018-2021-release-1-515536,0.5588663,0.0,0.39644456,0.0,0.0,0.41027328,0.0,0.0,0.0,0.0,0.0,0.0,0.0,0.0,-0.528,0.0,-0.528,0.32081938,6.592983245849609,2.1151567834331217,0.528,0.0,0.0,-0.0,0.0,-0.0,0.0,0.0,-0.0,0.0,9.515837,0.0,0.0,0.630512,0.36751565,0.1306951,0.18358448,0.0,0.0,0.0,0.3556178,0.1383698,0.49952835,0.0,0.36751565,0.0,0.8955157,1.0407853,0.630512,-0.14526963,12.8,18.344727,18.333334,18.333334,2.0
resstock-amy2018-2021-release-1-515536,0.78941506,0.0,0.0,0.0,0.0,0.0,0.0,0.0,0.0,0.0,0.0,0.0,0.0,0.0,-0.528,0.0,-0.528,0.23446439,6.59296989440918,1.545816678202101,0.528,0.0,0.0,-0.0,0.0,-0.0,0.0,0.0,-0.0,0.0,9.515837,0.0,0.0,0.9656764,0.36088824,0.13079992,0.18136075,0.0,0.0,0.0,0.36243886,0.1383698,0.50253993,0.0,0.36088824,0.0,0.88888824,0.9656764,0.9656764,-0.076788194,12.8,18.502367,18.333334,18.333334,2.0
resstock-amy2018-2021-release-1-515536,0.47980264,0.0,0.5431177,0.0,0.0,0.5620627,0.0,0.0,0.0,0.0,0.0,0.0,0.0,0.0,-0.528,0.0,-0.528,0.14824745,6.59295654296875,0.9773889993466582,0.528,0.0,0.0,-0.0,0.0,-0.0,0.0,0.0,-0.0,0.0,9.515837,0.0,0.0,0.9604451,0.9895375,0.38800716,0.5008707,0.0,0.0,0.0,0.39210963,0.1383698,0.50616646,0.0,0.9895375,0.0,1.5175375,1.5225078,0.9604451,-0.0049703238,11.7,18.2426,18.333334,18.333334,2.0
resstock-amy2018-2021-release-1-515536,1.2308846,0.0,0.0,0.0,0.0,0.0,0.0,0.0,0.0,0.0,0.0,0.0,0.0,0.0,-0.528,0.0,-0.528,0.06216829,6.59294319152832,0.4098719975329814,0.528,0.0,0.0,-0.0,0.0,-0.0,0.0,0.0,-0.0,0.0,9.515837,0.0,0.0,1.0044117,0.4764117,0.18632242,0.24186972,0.0,0.0,0.0,0.3910954,0.1383698,0.50769055,0.0,0.4764117,0.0,1.0044117,1.0044117,1.0044117,-0.0,12.2,18.322233,17.222221,17.222221,2.0
resstock-amy2018-2021-release-1-515536,0.62257975,0.0,0.23418236,0.0,0.0,0.24235107,0.0,0.0,0.0,0.0,0.0,0.0,0.0,0.0,-0.38177478,0.0,-0.38177478,0.0,6.592933654785156,0.0,0.38177478,0.0,0.0,-0.0,0.0,-0.0,0.0,0.0,-0.0,0.0,9.515837,0.0,0.0,4.1415305,4.0021067,1.4437275,2.046958,0.0,0.0,0.0,0.36074188,0.1383698,0.51147014,0.0,4.0021067,0.0,4.3838816,4.3838816,4.1415305,-0.0,10.6,18.036892,17.222221,17.222221,2.0
resstock-amy2018-2021-release-1-515536,0.19267954,0.0,0.00992758,0.0,0.0,0.010273873,0.0,0.0,0.0,0.0,0.0,0.0,0.0,0.0,0.0,0.0,0.0,0.0,6.592933654785156,0.0,-0.0,0.0,0.0,-0.0,0.0,-0.0,0.0,0.0,-0.0,0.0,9.515837,0.0,0.0,0.9402562,0.95053005,0.32180196,0.49440604,0.0,0.0,0.0,0.33855,0.1383698,0.5201372,0.0,0.95053005,0.0,0.95053005,0.95053005,0.9402562,-0.0,9.4,17.650059,17.222221,17.222221,2.0
resstock-amy2018-2021-release-1-515536,0.0,0.0,1.7421095,0.0,0.0,1.8028775,0.0,0.0,0.0,0.0,0.0,0.0,0.0,0.0,0.0,0.0,0.0,0.0,6.592933654785156,0.0,-0.0,0.0,0.0,-0.0,0.0,-0.0,0.0,0.0,-0.0,0.0,9.515837,0.0,0.0,1.0454546,2.8483322,0.9209005,1.509615,0.0,0.0,0.0,0.3233122,0.1383698,0.5299996,0.0,2.8483322,0.0,2.8483322,2.8483322,1.0454546,-0.0,8.9,17.366146,18.333334,18.333334,2.0
resstock-amy2018-2021-release-1-515536,0.0,0.0,0.15832415,0.0,0.0,0.16384679,0.0,0.0,0.0,0.0,0.0,0.0,0.0,0.0,0.6006,0.6006,0.0,0.08514873,6.592918395996094,0.5613786243511072,-0.0,0.6006,0.0,-0.0,0.0,-0.0,0.0,0.0,-0.0,0.0,9.515837,0.0,0.0,0.5369188,1.3013656,0.41728628,0.70949125,0.0,0.0,0.0,0.3206526,0.1383698,0.5451898,0.0,1.3013656,0.0,0.7007656,0.7007656,0.5369188,-0.0,7.8,16.852188,18.333334,18.333334,2.0
resstock-amy2018-2021-release-1-515536,0.0,0.97835624,0.19951558,0.0,0.5628523,0.20647505,0.0,0.0,0.0,0.0,0.0,0.0,0.0,0.0,0.6006,0.6006,0.0,0.17016138,6.592903137207031,1.121857505025332,-0.0,0.6006,0.0,-0.0,0.0,-0.0,0.0,0.0,-0.0,0.0,9.515837,0.97835624,0.0,0.46041518,1.8303425,0.56455153,1.0163243,0.0,0.0,0.0,0.3084404,0.1383698,0.55526453,0.0,1.8303425,0.0,1.2297425,1.2297425,0.46041518,-0.0,7.8,17.124561,17.222221,17.222221,2.0
resstock-amy2018-2021-release-1-515536,0.0,0.0,0.31684214,0.0,0.0,0.32789418,0.0,0.0,0.0,0.0,0.0,0.0,0.0,0.0,0.6006,0.6006,0.0,0.25503817,6.592887878417969,1.6814380727562366,-0.0,0.6006,0.0,-0.0,0.0,-0.0,0.0,0.0,-0.0,0.0,9.515837,0.0,0.0,0.38596234,1.3144566,0.3961304,0.73907554,0.0,0.0,0.0,0.3013644,0.1383698,0.562267,0.0,1.3144566,0.0,0.7138566,0.7138566,0.38596234,-0.0,6.7,15.997215,18.88889,18.88889,2.0
resstock-amy2018-2021-release-1-515536,0.0,1.9100664,0.070355736,0.0,1.0833024,0.072809875,0.0,0.0,0.0,0.0,0.0,0.0,0.0,0.0,0.6006,0.6006,0.0,0.3397793,6.592872619628906,2.2401215617812795,-0.0,0.6006,0.0,-0.0,0.0,-0.0,0.0,0.0,-0.0,0.0,9.515837,1.9100664,0.0,0.39111772,2.14783,0.61667377,1.2222737,0.0,0.0,0.0,0.2871148,0.1383698,0.56907374,0.0,2.14783,0.0,1.54723,1.54723,0.39111772,-0.0,8.33,17.581985,17.777779,17.777779,2.0
resstock-amy2018-2021-release-1-515536,0.0,0.0,0.21187752,0.0,0.0,0.2192682,0.0,0.0,0.0,0.0,0.0,0.0,0.0,0.0,0.6006,0.6006,0.0,0.42438498,6.592857360839844,2.7979096484120873,-0.0,0.6006,0.0,-0.0,0.0,-0.0,0.0,0.0,-0.0,0.0,9.515837,0.0,0.0,0.33455327,1.1544214,0.32964873,0.6637696,0.0,0.0,0.0,0.2855532,0.1383698,0.5749803,0.0,1.1544214,0.0,0.55382144,0.55382144,0.33455327,-0.0,6.1,15.969877,17.777779,17.777779,2.0
resstock-amy2018-2021-release-1-515536,0.0,1.1941913,0.0,0.0,0.72283083,0.0,0.0,0.0,0.0,0.0,0.0,0.0,0.0,0.0,0.6006,0.6006,0.0,0.50885546,6.592842102050781,3.3548037142218163,-0.0,0.6006,0.0,-0.0,0.0,-0.0,0.0,0.0,-0.0,0.0,9.515837,1.1941913,0.0,0.33162355,1.6550543,0.47335315,0.9600809,0.0,0.0,0.0,0.2860046,0.1383698,0.5800903,0.0,1.6550543,0.0,1.0544543,1.0544543,0.33162355,-0.0,5.85,16.414597,17.777779,17.777779,2.0
resstock-amy2018-2021-release-1-515536,0.0,0.91226006,0.0,0.0,0.55568784,0.0,0.0,0.0,0.0,0.0,0.0,0.0,0.0,0.0,0.6006,0.6006,0.0,0.5931909,6.592826843261719,3.910804944289339,-0.0,0.6006,0.0,-0.0,0.0,-0.0,0.0,0.0,-0.0,0.0,9.515837,0.91226006,0.0,0.38727137,1.5435592,0.44182283,0.90260255,0.0,0.0,0.0,0.2862364,0.1383698,0.5847541,0.0,1.5435592,0.0,0.9429592,0.9429592,0.38727137,-0.0,5.6,15.941246,17.222221,17.222221,2.0
resstock-amy2018-2021-release-1-515536,0.0,0.8668744,0.5889396,0.0,0.5067142,0.60948294,0.0,0.0,0.0,0.0,0.0,0.0,0.0,0.0,0.6006,0.6006,0.0,0.6773916,6.592811584472656,4.465915113125902,-0.0,0.6006,0.0,-0.0,0.0,-0.0,0.0,0.0,-0.0,0.0,9.515837,0.8668744,0.0,0.4525082,2.1693053,0.64456785,1.2655753,0.0,0.0,0.0,0.297131,0.1383698,0.5834012,0.0,2.1693053,0.0,1.5687053,1.5687053,0.4525082,-0.0,7.2,15.899071,17.222221,17.222221,2.0
resstock-amy2018-2021-release-1-515536,0.0,0.9031105,0.19579981,0.0,0.51956314,0.20262967,0.0,0.0,0.0,0.0,0.0,0.0,0.0,0.0,0.6006,0.6006,0.0,0.7614577,6.592796325683594,5.020135405784458,-0.0,0.6006,0.0,-0.0,0.0,-0.0,0.0,0.0,-0.0,0.0,9.515837,0.9031105,0.0,0.5518237,1.8746165,0.5857318,1.0824286,0.0,0.0,0.0,0.3124542,0.1383698,0.5774133,0.0,1.8746165,0.0,1.2740165,1.2740165,0.5518237,-0.0,7.8,15.84399,17.222221,17.222221,2.0
resstock-amy2018-2021-release-1-515536,0.0,0.9481467,0.54982525,0.0,0.5542203,0.5690042,0.0,0.0,0.0,0.0,0.0,0.0,0.0,0.0,0.6006,0.6006,0.0,0.8453894,6.592781066894531,5.573467400267418,-0.0,0.6006,0.0,-0.0,0.0,-0.0,0.0,0.0,-0.0,0.0,9.515837,0.9481467,0.0,0.45217428,2.1759987,0.7499579,1.2452507,0.0,0.0,0.0,0.34465,0.1383698,0.5722663,0.0,2.1759987,0.0,1.5753987,1.5753987,0.45217428,-0.0,7.2,15.712879,17.222221,17.222221,2.0
resstock-amy2018-2021-release-1-515536,0.0,1.0437645,0.0,0.0,0.592457,0.0,0.0,0.0,0.0,0.0,0.0,0.0,0.0,0.0,0.6006,0.6006,0.0,0.92918706,6.592765808105469,6.125912674562642,-0.0,0.6006,0.0,-0.0,0.0,-0.0,0.0,0.0,-0.0,0.0,9.515837,1.0437645,0.0,0.45936897,1.6448561,0.6349001,0.94321287,0.0,0.0,0.0,0.38599128,0.1383698,0.57343185,0.0,1.6448561,0.0,1.0442561,1.051826,0.45936897,-0.0075698923,8.3,15.63608,17.222221,17.222221,2.0
resstock-amy2018-2021-release-1-515536,0.0,1.0338423,0.0,0.0,0.5597997,0.0,0.0,0.0,0.0,0.0,0.0,0.0,0.0,0.0,-0.528,0.0,-0.528,0.8418599,6.592752456665039,5.550173772981566,0.528,0.0,0.0,-0.0,0.0,-0.0,0.0,0.0,-0.0,0.0,9.515837,1.0338423,0.0,0.3886031,0.3792869,0.14471808,0.21785699,0.0,0.0,0.0,0.38155308,0.1383698,0.57438576,0.0,0.3792869,0.0,0.9072869,0.94840276,0.3886031,-0.041115895,10.0,15.634715,17.222221,17.222221,2.0
resstock-amy2018-2021-release-1-515536,0.0,1.1036294,0.0,0.0,0.5602528,0.0,0.0,0.0,0.0,0.0,0.0,0.0,0.0,0.0,-0.528,0.0,-0.528,0.7546721,6.592739105224609,4.975356331751527,0.528,0.0,0.0,-0.0,0.0,-0.0,0.0,0.0,-0.0,0.0,9.515837,1.1036294,0.0,0.3750235,0.3266354,0.11681904,0.18764648,0.0,0.0,0.0,0.35764354,0.1383698,0.574483,0.0,0.3266354,0.0,0.85463536,0.93527627,0.3750235,-0.08064088,12.2,15.892911,17.222221,17.222221,2.0
resstock-amy2018-2021-release-1-515536,0.0,0.96698874,0.0,0.0,0.4745316,0.0,0.0,0.0,0.0,0.0,0.0,0.0,0.0,0.0,-0.528,0.0,-0.528,0.66762376,6.59272575378418,4.401460345288342,0.528,0.0,0.0,-0.0,0.0,-0.0,0.0,0.0,-0.0,0.0,9.515837,0.96698874,0.0,0.37205753,0.24659519,0.08561514,0.14181386,0.0,0.0,0.0,0.34718904,0.1383698,0.5750877,0.0,0.24659519,0.0,0.7745952,0.8465891,0.37205753,-0.0719939,13.3,16.090014,17.222221,17.222221,2.0
resstock-amy2018-2021-release-1-515536,0.0,0.8634003,0.0,0.0,0.40909347,0.0,0.0,0.0,0.0,0.0,0.0,0.0,0.0,0.0,-0.528,0.0,-0.528,0.5807146,6.59271240234375,3.828484236182703,0.528,0.0,0.0,-0.0,0.0,-0.0,0.0,0.0,-0.0,0.0,9.515837,0.8634003,0.0,0.5143356,0.35231572,0.11820226,0.20291491,0.0,0.0,0.0,0.33550096,0.1383698,0.5759462,0.0,0.35231572,0.0,0.8803157,0.923429,0.5143356,-0.043113302,14.4,16.331488,17.222221,17.222221,2.0
resstock-amy2018-2021-release-1-515536,0.0,0.0,0.0,0.0,0.0,0.0,0.0,0.0,0.0,0.0,0.0,0.0,0.0,0.0,-0.528,0.0,-0.528,0.49394426,6.59269905090332,3.2564258376048087,0.528,0.0,0.0,-0.0,0.0,-0.0,0.0,0.0,-0.0,0.0,9.515837,0.0,0.0,0.374492,-0.18709993,-0.061202224,0.0,0.0,0.0,0.0,0.3271098,0.1383698,0.5755829,0.0,0.0,-0.18709993,0.34090006,0.374492,0.374492,-0.03359192,13.9,16.03768,18.88889,18.88889,2.0
resstock-amy2018-2021-release-1-515536,0.0,1.8387798,0.19580032,0.0,0.9560687,0.20263019,0.0,0.0,0.0,0.0,0.0,0.0,0.0,0.0,-0.528,0.0,-0.528,0.40731257,6.592685699462891,2.6852837686517432,0.528,0.0,0.0,-0.0,0.0,-0.0,0.0,0.0,-0.0,0.0,9.515837,1.8387798,0.0,0.45781758,1.0713588,0.36317807,0.6108157,0.0,0.0,0.0,0.33898827,0.1383698,0.5701318,0.0,1.0713588,0.0,1.5993588,1.6165165,0.45781758,-0.017157646,11.4,17.374104,18.88889,18.88889,2.0
resstock-amy2018-2021-release-1-515536,0.0,0.97211045,0.96532935,0.0,0.51740456,0.99900186,0.0,0.0,0.0,0.0,0.0,0.0,0.0,0.0,-0.528,0.0,-0.528,0.32081938,6.592672348022461,2.115057041385626,0.528,0.0,0.0,-0.0,0.0,-0.0,0.0,0.0,-0.0,0.0,9.515837,0.97211045,0.0,0.630512,1.59516,0.5652871,0.9017186,0.0,0.0,0.0,0.35437644,0.1383698,0.56528413,0.0,1.59516,0.0,2.12316,2.1469183,0.630512,-0.023758452,10.6,17.023876,18.88889,18.88889,2.0
resstock-amy2018-2021-release-1-515536,0.0,1.2022048,0.0,0.0,0.639872,0.0,0.0,0.0,0.0,0.0,0.0,0.0,0.0,0.0,-0.528,0.0,-0.528,0.23446439,6.592658996582031,1.545743783732064,0.528,0.0,0.0,-0.0,0.0,-0.0,0.0,0.0,-0.0,0.0,9.515837,1.2022048,0.0,0.8928131,1.001548,0.36299866,0.5698124,0.0,0.0,0.0,0.3624376,0.1383698,0.5689317,0.0,1.001548,0.0,1.529548,1.532685,0.8928131,-0.0031370125,10.6,17.248241,18.333334,18.333334,2.0
resstock-amy2018-2021-release-1-515536,0.0,0.71017253,0.124542445,0.0,0.38454062,0.12888671,0.0,0.0,0.0,0.0,0.0,0.0,0.0,0.0,-0.528,0.0,-0.528,0.14824745,6.592645645141602,0.9773429095363895,0.528,0.0,0.0,-0.0,0.0,-0.0,0.0,0.0,-0.0,0.0,9.515837,0.71017253,0.0,1.0454143,1.0303152,0.40537748,0.59654903,0.0,0.0,0.0,0.39345,0.1383698,0.57899666,0.0,1.0303152,0.0,1.5583152,1.5588417,1.0454143,-0.0005265883,10.0,16.951523,18.333334,18.333334,2.0
resstock-amy2018-2021-release-1-515536,0.0,0.90057534,0.39159894,0.0,0.48763895,0.40525863,0.0,0.0,0.0,0.0,0.0,0.0,0.0,0.0,-0.528,0.0,-0.528,0.06216829,6.592632293701172,0.40985266954702126,0.528,0.0,0.0,-0.0,0.0,-0.0,0.0,0.0,-0.0,0.0,9.515837,0.90057534,0.0,0.9867223,1.3516198,0.5317948,0.7814523,0.0,0.0,0.0,0.39345,0.1383698,0.5781598,0.0,1.3516198,0.0,1.8796198,1.8796198,0.9867223,-0.0,10.0,17.002825,17.222221,17.222221,2.0
resstock-amy2018-2021-release-1-515536,0.0,0.0,0.0,0.0,0.0,0.0,0.0,0.0,0.0,0.0,0.0,0.0,0.0,0.0,-0.38177478,0.0,-0.38177478,0.0,6.592622756958008,0.0,0.38177478,0.0,0.0,-0.0,0.0,-0.0,0.0,0.0,-0.0,0.0,9.515837,0.0,0.0,0.94929373,0.56751895,0.20943595,0.31849605,0.0,0.0,0.0,0.3690378,0.1383698,0.5612078,0.0,0.56751895,0.0,0.94929373,0.94929373,0.94929373,-0.0,10.6,16.453651,17.222221,17.222221,2.0
resstock-amy2018-2021-release-1-515536,0.0,0.0,0.8627491,0.0,0.0,0.89284337,0.0,0.0,0.0,0.0,0.0,0.0,0.0,0.0,0.0,0.0,0.0,0.0,6.592622756958008,0.0,-0.0,0.0,0.0,-0.0,0.0,-0.0,0.0,0.0,-0.0,0.0,9.515837,0.0,0.0,0.873099,1.7659423,0.6172914,0.96389556,0.0,0.0,0.0,0.34955353,0.1383698,0.54582506,0.0,1.7659423,0.0,1.7659423,1.7659423,0.873099,-0.0,9.85,16.263742,17.777779,17.777779,2.0
resstock-amy2018-2021-release-1-515536,0.0,0.9376006,0.19579929,0.0,0.5076872,0.20262913,0.0,0.0,0.0,0.0,0.0,0.0,0.0,0.0,0.0,0.0,0.0,0.0,6.592622756958008,0.0,-0.0,0.0,0.0,-0.0,0.0,-0.0,0.0,0.0,-0.0,0.0,9.515837,0.9376006,0.0,0.7150877,1.4254041,0.45740733,0.7674502,0.0,0.0,0.0,0.3208966,0.1383698,0.5384089,0.0,1.4254041,0.0,1.4254041,1.4254041,0.7150877,-0.0,10.0,16.732573,17.777779,17.777779,2.0
resstock-amy2018-2021-release-1-515536,0.0,0.7003023,0.0,0.0,0.3849393,0.0,0.0,0.0,0.0,0.0,0.0,0.0,0.0,0.0,0.6006,0.6006,0.0,0.08514873,6.592607498168945,0.5613521517961573,-0.0,0.6006,0.0,-0.0,0.0,-0.0,0.0,0.0,-0.0,0.0,9.515837,0.7003023,0.0,0.4214056,1.406945,0.4431933,0.76795423,0.0,0.0,0.0,0.315004,0.1383698,0.545831,0.0,1.406945,0.0,0.806345,0.806345,0.4214056,-0.0,9.466666,16.307333,17.222221,17.222221,2.0
resstock-amy2018-2021-release-1-515536,0.0,0.0,0.39160034,0.0,0.0,0.4052601,0.0,0.0,0.0,0.0,0.0,0.0,0.0,0.0,0.6006,0.6006,0.0,0.17016138,6.592592239379883,1.1218046022216015,-0.0,0.6006,0.0,-0.0,0.0,-0.0,0.0,0.0,-0.0,0.0,9.515837,0.0,0.0,0.4004935,1.4063536,0.4312198,0.77979505,0.0,0.0,0.0,0.3066226,0.1383698,0.5544801,0.0,1.4063536,0.0,0.8057536,0.8057536,0.4004935,-0.0,7.2,15.493147,17.222221,17.222221,2.0
resstock-amy2018-2021-release-1-515536,0.0,1.142123,0.0,0.0,0.6377495,0.0,0.0,0.0,0.0,0.0,0.0,0.0,0.0,0.0,0.6006,0.6006,0.0,0.25503817,6.59257698059082,1.6813587819427198,-0.0,0.6006,0.0,-0.0,0.0,-0.0,0.0,0.0,-0.0,0.0,9.515837,1.142123,0.0,0.36628777,1.6046373,0.45523366,0.8994103,0.0,0.0,0.0,0.2836988,0.1383698,0.56050694,0.0,1.6046373,0.0,1.0040373,1.0040373,0.36628777,-0.0,8.9,16.088573,17.222221,17.222221,2.0
resstock-amy2018-2021-release-1-515536,0.0,0.760128,0.0,0.0,0.4186033,0.0,0.0,0.0,0.0,0.0,0.0,0.0,0.0,0.0,0.6006,0.6006,0.0,0.3397793,6.592561721801758,2.240015925139062,-0.0,0.6006,0.0,-0.0,0.0,-0.0,0.0,0.0,-0.0,0.0,9.515837,0.760128,0.0,0.39111772,1.410321,0.39380902,0.7887775,0.0,0.0,0.0,0.2792336,0.1383698,0.55928934,0.0,1.410321,0.0,0.809721,0.809721,0.39111772,-0.0,9.4,15.688812,17.777779,17.777779,2.0
resstock-amy2018-2021-release-1-515536,0.0,1.3985682,0.0,0.0,0.81750524,0.0,0.0,0.0,0.0,0.0,0.0,0.0,0.0,0.0,0.6006,0.6006,0.0,0.42438498,6.592546463012695,2.7977777080434976,-0.0,0.6006,0.0,-0.0,0.0,-0.0,0.0,0.0,-0.0,0.0,9.515837,1.3985682,0.0,0.33455327,1.7526585,0.48486808,0.98248106,0.0,0.0,0.0,0.2766472,0.1383698,0.5605662,0.0,1.7526585,0.0,1.1520585,1.1520585,0.33455327,-0.0,7.2,15.99899,18.88889,18.88889,2.0
resstock-amy2018-2021-release-1-515536,0.0,1.9412783,0.0,0.0,1.0839895,0.0,0.0,0.0,0.0,0.0,0.0,0.0,0.0,0.0,0.6006,0.6006,0.0,0.50885546,6.592531204223633,3.354645512164325,-0.0,0.6006,0.0,-0.0,0.0,-0.0,0.0,0.0,-0.0,0.0,9.515837,1.9412783,0.0,0.33162355,2.016213,0.5494164,1.1204462,0.0,0.0,0.0,0.2724992,0.1383698,0.5557182,0.0,2.016213,0.0,1.4156129,1.4156129,0.33162355,-0.0,8.9,16.364594,17.777779,17.777779,2.0
resstock-amy2018-2021-release-1-515536,0.0,0.9847493,0.0,0.0,0.5423025,0.0,0.0,0.0,0.0,0.0,0.0,0.0,0.0,0.0,0.6006,0.6006,0.0,0.5931909,6.59251594543457,3.910620522524823,-0.0,0.6006,0.0,-0.0,0.0,-0.0,0.0,0.0,-0.0,0.0,9.515837,0.9847493,0.0,0.38727137,1.5301739,0.41620576,0.8519186,0.0,0.0,0.0,0.271999,0.1383698,0.55674624,0.0,1.5301739,0.0,0.9295739,0.9295739,0.38727137,-0.0,9.4,15.924899,17.777779,17.777779,2.0
resstock-amy2018-2021-release-1-515536,0.0,1.2771833,0.195862,0.0,0.7190574,0.20269403,0.0,0.0,0.0,0.0,0.0,0.0,0.0,0.0,0.6006,0.6006,0.0,0.6773916,6.592500686645508,4.465704513552851,-0.0,0.6006,0.0,-0.0,0.0,-0.0,0.0,0.0,-0.0,0.0,9.515837,1.2771833,0.0,0.47019765,1.9925491,0.5666451,1.1107465,0.0,0.0,0.0,0.284382,0.1383698,0.55745,0.0,1.9925491,0.0,1.391949,1.391949,0.47019765,-0.0,8.6,16.032766,17.222221,17.222221,2.0
resstock-amy2018-2021-release-1-515536,0.0,0.8433036,0.12534346,0.0,0.485156,0.12971567,0.0,0.0,0.0,0.0,0.0,0.0,0.0,0.0,0.6006,0.6006,0.0,0.7614577,6.592485427856445,5.019898670245766,-0.0,0.6006,0.0,-0.0,0.0,-0.0,0.0,0.0,-0.0,0.0,9.515837,0.8433036,0.0,3.9466915,5.1621633,1.5691067,2.8786483,0.0,0.0,0.0,0.303963,0.1383698,0.5576438,0.0,5.1621633,0.0,4.5615635,4.5615635,3.9466915,-0.0,7.8,15.661295,17.222221,17.222221,2.0
resstock-amy2018-2021-release-1-515536,0.0,1.086246,0.0,0.0,0.61657023,0.0,0.0,0.0,0.0,0.0,0.0,0.0,0.0,0.0,0.6006,0.6006,0.0,0.8453894,6.592470169067383,5.573204570531857,-0.0,0.6006,0.0,-0.0,0.0,-0.0,0.0,0.0,-0.0,0.0,9.515837,1.086246,0.0,0.4007522,1.6179224,0.54436433,0.9064843,0.0,0.0,0.0,0.33645886,0.1383698,0.56027675,0.0,1.6179224,0.0,1.0173224,1.0173224,0.4007522,-0.0,8.3,15.5923395,17.222221,17.222221,2.0
resstock-amy2018-2021-release-1-515536,0.0,1.1313429,0.0,0.0,0.6421679,0.0,0.0,0.0,0.0,0.0,0.0,0.0,0.0,0.0,0.6006,0.6006,0.0,0.92918706,6.59245491027832,6.125623792324859,-0.0,0.6006,0.0,-0.0,0.0,-0.0,0.0,0.0,-0.0,0.0,9.515837,1.1313429,0.0,0.40526554,1.618529,0.58752763,0.92030185,0.0,0.0,0.0,0.363001,0.1383698,0.5686039,0.0,1.618529,0.0,1.017929,1.0474335,0.40526554,-0.029504595,8.3,15.604692,17.222221,17.222221,2.0
resstock-amy2018-2021-release-1-515536,0.0,1.0530871,1.1456255,0.0,0.5702203,1.185587,0.0,0.0,0.0,0.0,0.0,0.0,0.0,0.0,-0.528,0.0,-0.528,0.8418599,6.592441558837891,5.549912040575009,0.528,0.0,0.0,-0.0,0.0,-0.0,0.0,0.0,-0.0,0.0,9.515837,1.0530871,0.0,0.3886031,1.5194278,0.5514763,0.8901391,0.0,0.0,0.0,0.36295,0.1383698,0.5858384,0.0,1.5194278,0.0,2.0474277,2.1444104,0.3886031,-0.09698264,10.0,15.809776,17.222221,17.222221,2.0
resstock-amy2018-2021-release-1-515536,0.0,0.9434167,0.19586223,0.0,0.50213236,0.20269427,0.0,0.0,0.0,0.0,0.0,0.0,0.0,0.0,-0.528,0.0,-0.528,0.7546721,6.592428207397461,4.975121705832294,0.528,0.0,0.0,-0.0,0.0,-0.0,0.0,0.0,-0.0,0.0,9.515837,0.9434167,0.0,0.3750235,0.4565603,0.1587025,0.27726564,0.0,0.0,0.0,0.34760466,0.1383698,0.6072925,0.0,0.4565603,0.0,0.9845603,1.0798502,0.3750235,-0.09528986,10.6,15.966145,17.222221,17.222221,2.0
resstock-amy2018-2021-release-1-515536,0.0,0.8736428,0.6504513,0.0,0.45021805,0.6731402,0.0,0.0,0.0,0.0,0.0,0.0,0.0,0.0,-0.528,0.0,-0.528,0.66762376,6.592414855957031,4.401252782512529,0.528,0.0,0.0,-0.0,0.0,-0.0,0.0,0.0,-0.0,0.0,9.515837,0.8736428,0.0,0.47668147,1.0227467,0.3412372,0.6345509,0.0,0.0,0.0,0.33364782,0.1383698,0.62043804,0.0,1.0227467,0.0,1.5507467,1.6000397,0.47668147,-0.049293064,11.7,16.14293,17.222221,17.222221,2.0
resstock-amy2018-2021-release-1-515536,0.0,0.7855337,0.1958622,0.0,0.39152548,0.20269424,0.0,0.0,0.0,0.0,0.0,0.0,0.0,0.0,-0.528,0.0,-0.528,0.5807146,6.592401504516602,3.8283036932805317,0.528,0.0,0.0,-0.0,0.0,-0.0,0.0,0.0,-0.0,0.0,9.515837,0.7855337,0.0,0.42878723,0.3487246,0.11304144,0.21721391,0.0,0.0,0.0,0.32415676,0.1383698,0.62288094,0.0,0.3487246,0.0,0.8767246,1.0230069,0.42878723,-0.14628236,12.8,16.628838,17.222221,17.222221,2.0
resstock-amy2018-2021-release-1-515536,0.0,0.0,0.0,0.0,0.0,0.0,0.0,0.0,0.0,0.0,0.0,0.0,0.0,0.0,-0.528,0.0,-0.528,0.49394426,6.592388153076172,3.2562722714084202,0.528,0.0,0.0,-0.0,0.0,-0.0,0.0,0.0,-0.0,0.0,9.515837,0.0,0.0,0.4286083,-0.18567693,-0.058375712,0.0,0.0,0.0,0.0,0.314394,0.1383698,0.6296871,0.0,0.0,-0.18567693,0.34232306,0.4286083,0.4286083,-0.086285226,13.3,16.423782,17.222221,17.222221,2.0
resstock-amy2018-2021-release-1-515536,0.0,0.0,0.0,0.0,0.0,0.0,0.0,0.0,0.0,0.0,0.0,0.0,0.0,0.0,-0.528,0.0,-0.528,0.40731257,6.592374801635742,2.6851571360581374,0.528,0.0,0.0,-0.0,0.0,-0.0,0.0,0.0,-0.0,0.0,9.515837,0.0,0.0,0.45781758,-0.12728448,-0.041152593,0.0,0.0,0.0,0.0,0.32331192,0.1383698,0.638958,0.0,0.0,-0.12728448,0.40071553,0.4578176,0.45781758,-0.05710207,11.7,16.483335,17.222221,17.222221,2.0
resstock-amy2018-2021-release-1-515536,0.0,0.0,0.19586034,0.0,0.0,0.20269231,0.0,0.0,0.0,0.0,0.0,0.0,0.0,0.0,-0.528,0.0,-0.528,0.32081938,6.5923614501953125,2.11495729933813,0.528,0.0,0.0,-0.0,0.0,-0.0,0.0,0.0,-0.0,0.0,9.515837,0.0,0.0,0.57261574,0.12523998,0.04122339,0.080371544,0.0,0.0,0.0,0.32915518,0.1383698,0.6417403,0.0,0.12523998,0.0,0.65323997,0.775308,0.57261574,-0.12206808,11.7,16.855064,17.222221,17.222221,2.0
resstock-amy2018-2021-release-1-515536,0.015416863,0.0,0.0,0.0,0.0,0.0,0.0,0.0,0.0,0.0,0.0,0.0,0.0,0.0,-0.528,0.0,-0.528,0.23446439,6.592348098754883,1.545670889262027,0.528,0.0,0.0,-0.0,0.0,-0.0,0.0,0.0,-0.0,0.0,9.515837,0.0,0.0,0.8259223,0.22152549,0.073426194,0.1438336,0.0,0.0,0.0,0.33145708,0.1383698,0.6492869,0.0,0.22152549,0.0,0.7495255,0.8259223,0.8259223,-0.076396815,11.1,17.035004,17.222221,17.222221,2.0
resstock-amy2018-2021-release-1-515536,0.0,0.0,0.47589433,0.0,0.0,0.4924944,0.0,0.0,0.0,0.0,0.0,0.0,0.0,0.0,-0.528,0.0,-0.528,0.14824745,6.592334747314453,0.9772968197261207,0.528,0.0,0.0,-0.0,0.0,-0.0,0.0,0.0,-0.0,0.0,9.515837,0.0,0.0,0.9604451,0.9194052,0.31511462,0.5948931,0.0,0.0,0.0,0.34273747,0.1383698,0.64704126,0.0,0.9194052,0.0,1.4474052,1.4529395,0.9604451,-0.0055343146,11.1,16.7996,17.222221,17.222221,2.0
resstock-amy2018-2021-release-1-515536,0.22918557,0.0,0.7282486,0.0,0.0,0.75365126,0.0,0.0,0.0,0.0,0.0,0.0,0.0,0.0,-0.528,0.0,-0.528,0.06216829,6.592321395874023,0.4098333415610611,0.528,0.0,0.0,-0.0,0.0,-0.0,0.0,0.0,-0.0,0.0,9.515837,0.0,0.0,0.88635784,1.112009,0.39166585,0.7066093,0.0,0.0,0.0,0.35221463,0.1383698,0.63543487,0.0,1.112009,0.0,1.640009,1.640009,0.88635784,-0.0,10.6,16.785898,17.222221,17.222221,2.0
resstock-amy2018-2021-release-1-515536,0.0,0.0,0.39172238,0.0,0.0,0.4053864,0.0,0.0,0.0,0.0,0.0,0.0,0.0,0.0,-0.38177478,0.0,-0.38177478,0.0,6.592311859130859,0.0,0.38177478,0.0,0.0,-0.0,0.0,-0.0,0.0,0.0,-0.0,0.0,9.515837,0.0,0.0,0.89910483,0.92271644,0.31992966,0.5828134,0.0,0.0,0.0,0.34672588,0.1383698,0.63162786,0.0,0.92271644,0.0,1.3044913,1.3044913,0.89910483,-0.0,10.6,16.633598,17.222221,17.222221,2.0
resstock-amy2018-2021-release-1-515536,0.0,0.0,0.0,0.0,0.0,0.0,0.0,0.0,0.0,0.0,0.0,0.0,0.0,0.0,0.0,0.0,0.0,0.0,6.592311859130859,0.0,-0.0,0.0,0.0,-0.0,0.0,-0.0,0.0,0.0,-0.0,0.0,9.515837,0.0,0.0,0.873099,0.873099,0.28479087,0.5451502,0.0,0.0,0.0,0.32618392,0.1383698,0.62438536,0.0,0.873099,0.0,0.873099,0.873099,0.873099,-0.0,10.0,16.47567,17.222221,17.222221,2.0
resstock-amy2018-2021-release-1-515536,0.0,0.0,0.78344095,0.0,0.0,0.81076884,0.0,0.0,0.0,0.0,0.0,0.0,0.0,0.0,0.0,0.0,0.0,0.0,6.592311859130859,0.0,-0.0,0.0,0.0,-0.0,0.0,-0.0,0.0,0.0,-0.0,0.0,9.515837,0.0,0.0,0.7864259,1.5971947,0.4921522,0.98000544,0.0,0.0,0.0,0.3081354,0.1383698,0.6135792,0.0,1.5971947,0.0,1.5971947,1.5971947,0.7864259,-0.0,9.4,16.238327,17.222221,17.222221,2.0
resstock-amy2018-2021-release-1-515536,0.0,0.0,0.0,0.0,0.0,0.0,0.0,0.0,0.0,0.0,0.0,0.0,0.0,0.0,0.6006,0.6006,0.0,0.08514873,6.592296600341797,0.5613256792412074,-0.0,0.6006,0.0,-0.0,0.0,-0.0,0.0,0.0,-0.0,0.0,9.515837,0.0,0.0,0.47916222,1.0797622,0.32684386,0.6542668,0.0,0.0,0.0,0.30269983,0.1383698,0.605936,0.0,1.0797622,0.0,0.47916222,0.47916222,0.47916222,-0.0,8.3,15.874573,17.222221,17.222221,2.0
resstock-amy2018-2021-release-1-515536,0.0,0.8901758,0.0,0.0,0.5089278,0.0,0.0,0.0,0.0,0.0,0.0,0.0,0.0,0.0,0.6006,0.6006,0.0,0.17016138,6.592281341552734,1.121751699417871,-0.0,0.6006,0.0,-0.0,0.0,-0.0,0.0,0.0,-0.0,0.0,9.515837,0.8901758,0.0,0.43045434,1.5399822,0.45017532,0.92134947,0.0,0.0,0.0,0.29232502,0.1383698,0.5982858,0.0,1.5399822,0.0,0.9393822,0.9393822,0.43045434,-0.0,8.033334,16.078594,17.222221,17.222221,2.0
resstock-amy2018-2021-release-1-515536,0.0,0.7642251,0.0,0.0,0.43378612,0.0,0.0,0.0,0.0,0.0,0.0,0.0,0.0,0.0,0.6006,0.6006,0.0,0.25503817,6.592266082763672,1.681279491129203,-0.0,0.6006,0.0,-0.0,0.0,-0.0,0.0,0.0,-0.0,0.0,9.515837,0.7642251,0.0,0.36628777,1.4006739,0.3882444,0.7840718,0.0,0.0,0.0,0.277184,0.1383698,0.55978185,0.0,1.4006739,0.0,0.80007386,0.80007386,0.36628777,-0.0,8.3,15.75478,18.88889,18.88889,2.0
resstock-amy2018-2021-release-1-515536,0.0,2.086498,0.0,0.0,1.2003708,0.0,0.0,0.0,0.0,0.0,0.0,0.0,0.0,0.0,0.6006,0.6006,0.0,0.3397793,6.592250823974609,2.2399102884968443,-0.0,0.6006,0.0,-0.0,0.0,-0.0,0.0,0.0,-0.0,0.0,9.515837,2.086498,0.0,0.37762377,2.1785946,0.5875814,1.1672149,0.0,0.0,0.0,0.26970664,0.1383698,0.53576505,0.0,2.1785946,0.0,1.5779946,1.5779946,0.37762377,-0.0,7.8,16.786259,17.777779,17.777779,2.0
resstock-amy2018-2021-release-1-515536,0.0,0.0,0.0,0.0,0.0,0.0,0.0,0.0,0.0,0.0,0.0,0.0,0.0,0.0,0.6006,0.6006,0.0,0.42438498,6.592235565185547,2.797645767674908,-0.0,0.6006,0.0,-0.0,0.0,-0.0,0.0,0.0,-0.0,0.0,9.515837,0.0,0.0,0.32408357,0.9246836,0.24332291,0.46669537,0.0,0.0,0.0,0.2631418,0.1383698,0.5047082,0.0,0.9246836,0.0,0.32408357,0.32408357,0.32408357,-0.0,7.2,15.469663,18.333334,18.333334,2.0
resstock-amy2018-2021-release-1-515536,0.0,1.8915697,0.0,0.0,1.1202227,0.0,0.0,0.0,0.0,0.0,0.0,0.0,0.0,0.0,0.6006,0.6006,0.0,0.50885546,6.592220306396484,3.3544873101068333,-0.0,0.6006,0.0,-0.0,0.0,-0.0,0.0,0.0,-0.0,0.0,9.515837,1.8915697,0.0,0.33162355,2.0524464,0.5400845,1.0225016,0.0,0.0,0.0,0.2631418,0.1383698,0.49818677,0.0,2.0524464,0.0,1.4518464,1.4518464,0.33162355,-0.0,6.7,16.562492,17.222221,17.222221,2.0
resstock-amy2018-2021-release-1-515536,0.0,0.0,0.0,0.0,0.0,0.0,0.0,0.0,0.0,0.0,0.0,0.0,0.0,0.0,0.6006,0.6006,0.0,0.5931909,6.592205047607422,3.9104361007603075,-0.0,0.6006,0.0,-0.0,0.0,-0.0,0.0,0.0,-0.0,0.0,9.515837,0.0,0.0,0.3979397,0.9985397,0.2622824,0.5069869,0.0,0.0,0.0,0.262666,0.1383698,0.50772834,0.0,0.9985397,0.0,0.39793968,0.39793968,0.3979397,-0.0,5.0,15.305231,17.222221,17.222221,2.0
resstock-amy2018-2021-release-1-515536,0.0,1.2662488,0.0,0.0,0.7946792,0.0,0.0,0.0,0.0,0.0,0.0,0.0,0.0,0.0,0.6006,0.6006,0.0,0.6773916,6.592189788818359,4.465493913979799,-0.0,0.6006,0.0,-0.0,0.0,-0.0,0.0,0.0,-0.0,0.0,9.515837,1.2662488,0.0,0.47115648,1.8664358,0.5066212,0.9756178,0.0,0.0,0.0,0.2714378,0.1383698,0.52271706,0.0,1.8664358,0.0,1.2658358,1.2658358,0.47115648,-0.0,4.4,15.664308,17.222221,17.222221,2.0
resstock-amy2018-2021-release-1-515536,0.0,1.0416017,0.0,0.0,0.653694,0.0,0.0,0.0,0.0,0.0,0.0,0.0,0.0,0.0,0.6006,0.6006,0.0,0.7614577,6.592174530029297,5.019661934707074,-0.0,0.6006,0.0,-0.0,0.0,-0.0,0.0,0.0,-0.0,0.0,9.515837,1.0416017,0.0,0.66615087,1.9204448,0.5607833,1.0324426,0.0,0.0,0.0,0.292007,0.1383698,0.53760594,0.0,1.9204448,0.0,1.3198448,1.3198448,0.66615087,-0.0,4.4,15.299126,17.222221,17.222221,2.0
resstock-amy2018-2021-release-1-515536,0.0,1.2930077,0.0,0.0,0.76971966,0.0,0.0,0.0,0.0,0.0,0.0,0.0,0.0,0.0,0.6006,0.6006,0.0,0.8453894,6.592159271240234,5.572941740796296,-0.0,0.6006,0.0,-0.0,0.0,-0.0,0.0,0.0,-0.0,0.0,9.515837,1.2930077,0.0,0.4007522,1.7710719,0.5603363,0.97163224,0.0,0.0,0.0,0.3163826,0.1383698,0.54861253,0.0,1.7710719,0.0,1.1704719,1.1704719,0.4007522,-0.0,6.5,15.315047,17.222221,17.222221,2.0
resstock-amy2018-2021-release-1-515536,0.0,1.2950678,0.4757873,0.0,0.7291264,0.49238366,0.0,0.0,0.0,0.0,0.0,0.0,0.0,0.0,0.6006,0.6006,0.0,0.92918706,6.592144012451172,6.125334910087076,-0.0,0.6006,0.0,-0.0,0.0,-0.0,0.0,0.0,-0.0,0.0,9.515837,1.2950678,0.0,0.51018864,2.2838554,0.7563421,1.2772207,0.0,0.0,0.0,0.331169,0.1383698,0.55923885,0.0,2.2838554,0.0,1.6832554,1.7316986,0.51018864,-0.048443172,8.6,15.626623,17.222221,17.222221,2.0
resstock-amy2018-2021-release-1-515536,0.0,1.0155962,0.0,0.0,0.5592899,0.0,0.0,0.0,0.0,0.0,0.0,0.0,0.0,0.0,-0.528,0.0,-0.528,0.8418599,6.592130661010742,5.549650308168452,0.528,0.0,0.0,-0.0,0.0,-0.0,0.0,0.0,-0.0,0.0,9.515837,1.0155962,0.0,0.3886031,0.3137118,0.1064015,0.18365835,0.0,0.0,0.0,0.3391696,0.1383698,0.5854365,0.0,0.3137118,0.0,0.84171176,0.9478929,0.3886031,-0.106181175,9.4,15.755972,17.222221,17.222221,2.0
resstock-amy2018-2021-release-1-515536,0.0,0.96033156,0.0,0.0,0.51999545,0.0,0.0,0.0,0.0,0.0,0.0,0.0,0.0,0.0,-0.528,0.0,-0.528,0.7546721,6.5921173095703125,4.97488707991306,0.528,0.0,0.0,-0.0,0.0,-0.0,0.0,0.0,-0.0,0.0,9.515837,0.96033156,0.0,0.42868608,0.25615257,0.08462999,0.14874318,0.0,0.0,0.0,0.330389,0.1383698,0.580682,0.0,0.25615257,0.0,0.78415257,0.94868153,0.42868608,-0.16452895,10.0,16.183771,18.88889,18.88889,2.0
resstock-amy2018-2021-release-1-515536,0.0,1.7497464,0.0,0.0,0.93130034,0.0,0.0,0.0,0.0,0.0,0.0,0.0,0.0,0.0,-0.528,0.0,-0.528,0.66762376,6.592103958129883,4.401045219736716,0.528,0.0,0.0,-0.0,0.0,-0.0,0.0,0.0,-0.0,0.0,9.515837,1.7497464,0.0,0.37205753,0.5731237,0.18853438,0.3141702,0.0,0.0,0.0,0.32895932,0.1383698,0.54817176,0.0,0.5731237,0.0,1.1011237,1.3033578,0.37205753,-0.20223416,10.6,17.490612,18.88889,18.88889,2.0
resstock-amy2018-2021-release-1-515536,1.64784,0.9482773,0.48492095,0.0,0.49742863,0.5018359,0.0,0.0,0.0,0.0,0.0,0.0,0.0,0.0,-0.528,0.0,-0.528,0.5807146,6.592090606689453,3.82812315037836,0.528,0.0,0.0,-0.0,0.0,-0.0,0.0,0.0,-0.0,0.0,9.515837,0.9482773,0.0,0.37458146,0.6229605,0.19564709,0.33204356,0.0,0.0,0.0,0.31406018,0.1383698,0.533009,0.0,0.6229605,0.0,1.1509604,1.3738459,0.37458146,-0.2228855,11.1,17.709099,17.222221,17.222221,2.0
resstock-amy2018-2021-release-1-515536,1.204527,0.0,0.0,0.0,0.0,0.0,0.0,0.0,0.0,0.0,0.0,0.0,0.0,0.0,-0.528,0.0,-0.528,0.49394426,6.592077255249023,3.2561187052120317,0.528,0.0,0.0,-0.0,0.0,-0.0,0.0,0.0,-0.0,0.0,9.515837,0.0,0.0,0.42531168,-0.32006317,-0.09735833,0.0,0.0,0.0,0.0,0.30418473,0.1383698,0.5282164,0.0,0.0,-0.32006317,0.20793682,0.42531168,0.42531168,-0.21737488,12.2,17.606693,17.222221,17.222221,2.0
resstock-amy2018-2021-release-1-515536,1.8994448,0.0,1.4665077,0.0,0.0,1.5176622,0.0,0.0,0.0,0.0,0.0,0.0,0.0,0.0,-0.528,0.0,-0.528,0.40731257,6.592063903808594,2.6850305034645316,0.528,0.0,0.0,-0.0,0.0,-0.0,0.0,0.0,-0.0,0.0,9.515837,0.0,0.0,0.40463504,1.2099915,0.36919498,0.63259685,0.0,0.0,0.0,0.305122,0.1383698,0.522811,0.0,1.2099915,0.0,1.7379915,1.9222971,0.40463504,-0.1843057,12.2,17.99289,17.777779,17.777779,2.0
resstock-amy2018-2021-release-1-515536,1.3896593,0.0,1.0681072,0.0,0.0,1.1053648,0.0,0.0,0.0,0.0,0.0,0.0,0.0,0.0,-0.528,0.0,-0.528,0.32081938,6.592050552368164,2.114857557290634,0.528,0.0,0.0,-0.0,0.0,-0.0,0.0,0.0,-0.0,0.0,9.515837,0.0,0.0,0.630512,1.1118886,0.3358433,0.59952134,0.0,0.0,0.0,0.3020476,0.1383698,0.5391919,0.0,1.1118886,0.0,1.6398886,1.7358768,0.630512,-0.095988095,11.7,18.116625,17.777779,17.777779,2.0
resstock-amy2018-2021-release-1-515536,0.6400127,0.0,0.39183667,0.0,0.0,0.40550467,0.0,0.0,0.0,0.0,0.0,0.0,0.0,0.0,-0.528,0.0,-0.528,0.23446439,6.592037200927734,1.54559799479199,0.528,0.0,0.0,-0.0,0.0,-0.0,0.0,0.0,-0.0,0.0,9.515837,0.0,0.0,0.8928131,0.7457325,0.228804,0.41231078,0.0,0.0,0.0,0.3068178,0.1383698,0.5528937,0.0,0.7457325,0.0,1.2737324,1.2983177,0.8928131,-0.024585284,11.1,17.992619,17.777779,17.777779,2.0
resstock-amy2018-2021-release-1-515536,0.2403914,0.0,0.19591856,0.0,0.0,0.20275256,0.0,0.0,0.0,0.0,0.0,0.0,0.0,0.0,-0.528,0.0,-0.528,0.14824745,6.592023849487305,0.9772507299158519,0.528,0.0,0.0,-0.0,0.0,-0.0,0.0,0.0,-0.0,0.0,9.515837,0.0,0.0,1.1851685,0.85639083,0.27028894,0.5020186,0.0,0.0,0.0,0.315614,0.1383698,0.5862026,0.0,0.85639083,0.0,1.3843908,1.387921,1.1851685,-0.003530177,10.0,17.658516,17.777779,17.777779,2.0
resstock-amy2018-2021-release-1-515536,0.026461361,0.0,0.0,0.0,0.0,0.0,0.0,0.0,0.0,0.0,0.0,0.0,0.0,0.0,-0.528,0.0,-0.528,0.06216829,6.592010498046875,0.40981401357510094,0.528,0.0,0.0,-0.0,0.0,-0.0,0.0,0.0,-0.0,0.0,9.515837,0.0,0.0,0.9867223,0.4587223,0.15136284,0.28358024,0.0,0.0,0.0,0.32996616,0.1383698,0.6181959,0.0,0.4587223,0.0,0.9867223,0.9867223,0.9867223,-0.0,10.0,17.58909,17.777779,17.777779,2.0
resstock-amy2018-2021-release-1-515536,0.20960322,0.0,0.0,0.0,0.0,0.0,0.0,0.0,0.0,0.0,0.0,0.0,0.0,0.0,-0.38177478,0.0,-0.38177478,0.0,6.592000961303711,0.0,0.38177478,0.0,0.0,-0.0,0.0,-0.0,0.0,0.0,-0.0,0.0,9.515837,0.0,0.0,0.94929373,0.56751895,0.18430862,0.35696545,0.0,0.0,0.0,0.32476205,0.1383698,0.62899303,0.0,0.56751895,0.0,0.94929373,0.94929373,0.94929373,-0.0,9.4,17.308372,17.222221,17.222221,2.0
resstock-amy2018-2021-release-1-515536,0.0,0.0,0.7836691,0.0,0.0,0.81100494,0.0,0.0,0.0,0.0,0.0,0.0,0.0,0.0,0.0,0.0,0.0,0.0,6.592000961303711,0.0,-0.0,0.0,0.0,-0.0,0.0,-0.0,0.0,0.0,-0.0,0.0,9.515837,0.0,0.0,0.873099,1.684104,0.5154109,1.0608618,0.0,0.0,0.0,0.30604458,0.1383698,0.62992656,0.0,1.684104,0.0,1.684104,1.684104,0.873099,-0.0,8.9,16.984737,17.222221,17.222221,2.0
resstock-amy2018-2021-release-1-515536,0.0,0.0,0.39183626,0.0,0.0,0.40550423,0.0,0.0,0.0,0.0,0.0,0.0,0.0,0.0,0.0,0.0,0.0,0.0,6.592000961303711,0.0,-0.0,0.0,0.0,-0.0,0.0,-0.0,0.0,0.0,-0.0,0.0,9.515837,0.0,0.0,0.7864259,1.19193,0.35263252,0.74691373,0.0,0.0,0.0,0.29585,0.1383698,0.6266422,0.0,1.19193,0.0,1.19193,1.19193,0.7864259,-0.0,7.8,16.598787,17.222221,17.222221,2.0
resstock-amy2018-2021-release-1-515536,0.0,0.0,0.0,0.0,0.0,0.0,0.0,0.0,0.0,0.0,0.0,0.0,0.0,0.0,0.6006,0.6006,0.0,0.08514873,6.591985702514648,0.5612992066862574,-0.0,0.6006,0.0,-0.0,0.0,-0.0,0.0,0.0,-0.0,0.0,9.515837,0.0,0.0,0.47916222,1.0797622,0.31529814,0.66198945,0.0,0.0,0.0,0.292007,0.1383698,0.6130882,0.0,1.0797622,0.0,0.47916222,0.47916222,0.47916222,-0.0,7.2,16.146137,17.222221,17.222221,2.0
resstock-amy2018-2021-release-1-515536,0.0,0.7107967,0.39183626,0.0,0.4154821,0.40550423,0.0,0.0,0.0,0.0,0.0,0.0,0.0,0.0,0.6006,0.6006,0.0,0.17016138,6.591970443725586,1.1216987966141403,-0.0,0.6006,0.0,-0.0,0.0,-0.0,0.0,0.0,-0.0,0.0,9.515837,0.7107967,0.0,0.43045434,1.8520406,0.5249698,1.0763155,0.0,0.0,0.0,0.2834548,0.1383698,0.5811511,0.0,1.8520406,0.0,1.2514406,1.2514406,0.43045434,-0.0,7.2,16.135195,17.222221,17.222221,2.0
resstock-amy2018-2021-release-1-515536,0.0,0.7250622,0.0,0.0,0.4238207,0.0,0.0,0.0,0.0,0.0,0.0,0.0,0.0,0.0,0.6006,0.6006,0.0,0.25503817,6.591955184936523,1.6812002003156863,-0.0,0.6006,0.0,-0.0,0.0,-0.0,0.0,0.0,-0.0,0.0,9.515837,0.7250622,0.0,0.38596234,1.410383,0.38351953,0.75622255,0.0,0.0,0.0,0.2719258,0.1383698,0.5361824,0.0,1.410383,0.0,0.809783,0.809783,0.38596234,-0.0,7.2,15.810282,17.222221,17.222221,2.0
resstock-amy2018-2021-release-1-515536,0.0,0.9467895,0.0,0.0,0.5607063,0.0,0.0,0.0,0.0,0.0,0.0,0.0,0.0,0.0,0.6006,0.6006,0.0,0.3397793,6.591939926147461,2.2398046518546266,-0.0,0.6006,0.0,-0.0,0.0,-0.0,0.0,0.0,-0.0,0.0,9.515837,0.9467895,0.0,0.37762377,1.53893,0.40606582,0.73694617,0.0,0.0,0.0,0.26386243,0.1383698,0.47886917,0.0,1.53893,0.0,0.93833005,0.93833005,0.37762377,-0.0,6.7,15.828224,17.222221,17.222221,2.0
resstock-amy2018-2021-release-1-515536,0.0,0.94417185,0.0,0.0,0.5678672,0.0,0.0,0.0,0.0,0.0,0.0,0.0,0.0,0.0,0.6006,0.6006,0.0,0.42438498,6.591924667358398,2.797513827306318,-0.0,0.6006,0.0,-0.0,0.0,-0.0,0.0,0.0,-0.0,0.0,9.515837,0.94417185,0.0,0.32408357,1.4925508,0.38148525,0.6618692,0.0,0.0,0.0,0.2555928,0.1383698,0.44344836,0.0,1.4925508,0.0,0.89195085,0.89195085,0.32408357,-0.0,6.1,15.64218,17.222221,17.222221,2.0
resstock-amy2018-2021-release-1-515536,0.0,1.076178,0.0,0.0,0.6753935,0.0,0.0,0.0,0.0,0.0,0.0,0.0,0.0,0.0,0.6006,0.6006,0.0,0.50885546,6.591909408569336,3.354329108049342,-0.0,0.6006,0.0,-0.0,0.0,-0.0,0.0,0.0,-0.0,0.0,9.515837,1.076178,0.0,0.33162355,1.6076171,0.39939442,0.6840136,0.0,0.0,0.0,0.24843876,0.1383698,0.4254829,0.0,1.6076171,0.0,1.0070171,1.0070171,0.33162355,-0.0,4.4,15.533432,17.222221,17.222221,2.0
resstock-amy2018-2021-release-1-515536,0.0,1.158344,0.0,0.0,0.72695976,0.0,0.0,0.0,0.0,0.0,0.0,0.0,0.0,0.0,0.6006,0.6006,0.0,0.5931909,6.591894149780273,3.9102516789957917,-0.0,0.6006,0.0,-0.0,0.0,-0.0,0.0,0.0,-0.0,0.0,9.515837,1.158344,0.0,0.38727137,1.7148311,0.42480624,0.70506686,0.0,0.0,0.0,0.24772483,0.1383698,0.41115817,0.0,1.7148311,0.0,1.1142311,1.1142311,0.38727137,-0.0,4.4,15.440977,17.222221,17.222221,2.0
resstock-amy2018-2021-release-1-515536,0.0,1.2303338,0.0,0.0,0.7815988,0.0,0.0,0.0,0.0,0.0,0.0,0.0,0.0,0.0,0.6006,0.6006,0.0,0.6773916,6.591878890991211,4.465283314406747,-0.0,0.6006,0.0,-0.0,0.0,-0.0,0.0,0.0,-0.0,0.0,9.515837,1.2303338,0.0,0.4525082,1.834707,0.46994358,0.7991706,0.0,0.0,0.0,0.25614095,0.1383698,0.43558487,0.0,1.834707,0.0,1.234107,1.234107,0.4525082,-0.0,3.9,15.35335,17.222221,17.222221,2.0
resstock-amy2018-2021-release-1-515536,0.0,1.2876422,0.0,0.0,0.7962255,0.0,0.0,0.0,0.0,0.0,0.0,0.0,0.0,0.0,0.6006,0.6006,0.0,0.7614577,6.591863632202148,5.019425199168381,-0.0,0.6006,0.0,-0.0,0.0,-0.0,0.0,0.0,-0.0,0.0,9.515837,1.2876422,0.0,0.43742827,1.8342538,0.52218825,0.8936689,0.0,0.0,0.0,0.284687,0.1383698,0.48721114,0.0,1.8342538,0.0,1.2336538,1.2336538,0.43742827,-0.0,5.0,15.338486,17.222221,17.222221,2.0
resstock-amy2018-2021-release-1-515536,0.0,1.2973632,0.0,0.0,0.7802923,0.0,0.0,0.0,0.0,0.0,0.0,0.0,0.0,0.0,0.6006,0.6006,0.0,0.8453894,6.591848373413086,5.572678911060734,-0.0,0.6006,0.0,-0.0,0.0,-0.0,0.0,0.0,-0.0,0.0,9.515837,1.2973632,0.0,0.3493301,1.7302223,0.5240248,0.89861244,0.0,0.0,0.0,0.30286556,0.1383698,0.5193624,0.0,1.7302223,0.0,1.1296223,1.1296223,0.3493301,-0.0,6.1,15.354897,17.222221,17.222221,2.0
resstock-amy2018-2021-release-1-515536,0.0,1.2866306,0.0,0.0,0.7402038,0.0,0.0,0.0,0.0,0.0,0.0,0.0,0.0,0.0,0.6006,0.6006,0.0,0.92918706,6.591833114624023,6.125046027849294,-0.0,0.6006,0.0,-0.0,0.0,-0.0,0.0,0.0,-0.0,0.0,9.515837,1.2866306,0.0,0.40526554,1.7181267,0.56071067,0.890996,0.0,0.0,0.0,0.32635,0.1383698,0.51858574,0.0,1.7181267,0.0,1.1175267,1.1454693,0.40526554,-0.02794262,7.8,15.525931,17.222221,17.222221,2.0
resstock-amy2018-2021-release-1-515536,0.0,1.0829269,0.8004345,0.0,0.59636897,0.8283552,0.0,0.0,0.0,0.0,0.0,0.0,0.0,0.0,-0.528,0.0,-0.528,0.8418599,6.591819763183594,5.5493885757618955,0.528,0.0,0.0,-0.0,0.0,-0.0,0.0,0.0,-0.0,0.0,9.515837,1.0829269,0.0,0.3886031,1.1882409,0.39330748,0.6140581,0.0,0.0,0.0,0.3309998,0.1383698,0.5167791,0.0,1.1882409,0.0,1.7162409,1.8133272,0.3886031,-0.097086355,9.4,15.811589,17.222221,17.222221,2.0
resstock-amy2018-2021-release-1-515536,0.0,0.92623025,0.9635662,0.0,0.50153047,0.9971772,0.0,0.0,0.0,0.0,0.0,0.0,0.0,0.0,-0.528,0.0,-0.528,0.7546721,6.591806411743164,4.974652453993826,0.528,0.0,0.0,-0.0,0.0,-0.0,0.0,0.0,-0.0,0.0,9.515837,0.92623025,0.0,0.42868608,1.2267138,0.39049307,0.6337838,0.0,0.0,0.0,0.3183245,0.1383698,0.51665175,0.0,1.2267138,0.0,1.7547138,1.9273937,0.42868608,-0.17267996,10.0,16.166718,17.222221,17.222221,2.0
resstock-amy2018-2021-release-1-515536,0.0,0.72076774,0.0,0.0,0.3836277,0.0,0.0,0.0,0.0,0.0,0.0,0.0,0.0,0.0,-0.528,0.0,-0.528,0.66762376,6.591793060302734,4.400837656960903,0.528,0.0,0.0,-0.0,0.0,-0.0,0.0,0.0,-0.0,0.0,9.515837,0.72076774,0.0,0.37205753,0.022522122,0.0070337425,0.011807894,0.0,0.0,0.0,0.31230372,0.1383698,0.52427983,0.0,0.022522122,0.0,0.5505221,0.7556852,0.37205753,-0.20516309,10.6,16.549843,17.222221,17.222221,2.0
resstock-amy2018-2021-release-1-515536,0.0,0.0,0.0,0.0,0.0,0.0,0.0,0.0,0.0,0.0,0.0,0.0,0.0,0.0,-0.528,0.0,-0.528,0.5807146,6.591779708862305,3.8279426074761886,0.528,0.0,0.0,-0.0,0.0,-0.0,0.0,0.0,-0.0,0.0,9.515837,0.0,0.0,0.42878723,-0.31423008,-0.095798194,0.0,0.0,0.0,0.0,0.3048664,0.1383698,0.5292169,0.0,0.0,-0.31423008,0.21376991,0.42878723,0.42878723,-0.21501732,11.1,16.63153,17.222221,17.222221,2.0
resstock-amy2018-2021-release-1-515536,0.4388607,0.0,0.0,0.0,0.0,0.0,0.0,0.0,0.0,0.0,0.0,0.0,0.0,0.0,-0.528,0.0,-0.528,0.49394426,6.591766357421875,3.255965139015643,0.528,0.0,0.0,-0.0,0.0,-0.0,0.0,0.0,-0.0,0.0,9.515837,0.0,0.0,0.4286083,-0.28612363,-0.08654355,0.0,0.0,0.0,0.0,0.30246907,0.1383698,0.54684246,0.0,0.0,-0.28612363,0.24187636,0.4286083,0.4286083,-0.18673195,12.8,17.138908,17.222221,17.222221,2.0
resstock-amy2018-2021-release-1-515536,0.7851702,0.0,0.0,0.0,0.0,0.0,0.0,0.0,0.0,0.0,0.0,0.0,0.0,0.0,-0.528,0.0,-0.528,0.40731257,6.591753005981445,2.684903870870926,0.528,0.0,0.0,-0.0,0.0,-0.0,0.0,0.0,-0.0,0.0,9.515837,0.0,0.0,0.45781758,-0.25195584,-0.07767503,0.0,0.0,0.0,0.0,0.30828828,0.1383698,0.55404764,0.0,0.0,-0.25195584,0.27604416,0.45781758,0.45781758,-0.18177342,13.3,17.687962,17.222221,17.222221,2.0
resstock-amy2018-2021-release-1-515536,1.2401068,0.0,0.0,0.0,0.0,0.0,0.0,0.0,0.0,0.0,0.0,0.0,0.0,0.0,-0.528,0.0,-0.528,0.32081938,6.591739654541016,2.114757815243138,0.528,0.0,0.0,-0.0,0.0,-0.0,0.0,0.0,-0.0,0.0,9.515837,0.0,0.0,0.6884082,0.012426764,0.003903868,0.006897888,0.0,0.0,0.0,0.31415,0.1383698,0.5550832,0.0,0.012426764,0.0,0.54042673,0.68840814,0.6884082,-0.14798144,14.4,18.334953,17.222221,17.222221,2.0
resstock-amy2018-2021-release-1-515536,0.43082967,0.0,0.0,0.0,0.0,0.0,0.0,0.0,0.0,0.0,0.0,0.0,0.0,0.0,-0.528,0.0,-0.528,0.23446439,6.591726303100586,1.545525100321953,0.528,0.0,0.0,-0.0,0.0,-0.0,0.0,0.0,-0.0,0.0,9.515837,0.0,0.0,0.95970386,0.3551938,0.11288414,0.19580217,0.0,0.0,0.0,0.31781,0.1383698,0.55125445,0.0,0.3551938,0.0,0.8831938,0.95970386,0.95970386,-0.07651009,15.0,18.758034,18.333334,18.333334,2.0
resstock-amy2018-2021-release-1-515536,1.6401606,0.0,1.3489646,0.0,0.0,1.396019,0.0,0.0,0.0,0.0,0.0,0.0,0.0,0.0,-0.528,0.0,-0.528,0.14824745,6.591712951660156,0.9772046401055832,0.528,0.0,0.0,-0.0,0.0,-0.0,0.0,0.0,-0.0,0.0,9.515837,0.0,0.0,1.0454143,1.906007,0.6291248,1.0611516,0.0,0.0,0.0,0.33007476,0.1383698,0.55674064,0.0,1.906007,0.0,2.4340072,2.4414334,1.0454143,-0.007426321,13.3,18.588873,17.222221,17.222221,2.0
resstock-amy2018-2021-release-1-515536,0.7637851,0.0,0.3919382,0.0,0.0,0.40560976,0.0,0.0,0.0,0.0,0.0,0.0,0.0,0.0,-0.528,0.0,-0.528,0.06216829,6.591699600219727,0.4097946855891408,0.528,0.0,0.0,-0.0,0.0,-0.0,0.0,0.0,-0.0,0.0,9.515837,0.0,0.0,0.9867223,0.8643321,0.28808534,0.48499605,0.0,0.0,0.0,0.333304,0.1383698,0.56112236,0.0,0.8643321,0.0,1.3923321,1.3923321,0.9867223,-0.0,12.2,18.579483,17.222221,17.222221,2.0
resstock-amy2018-2021-release-1-515536,0.3966208,0.0,0.5879049,0.0,0.0,0.6084121,0.0,0.0,0.0,0.0,0.0,0.0,0.0,0.0,-0.38177478,0.0,-0.38177478,0.0,6.5916900634765625,0.0,0.38177478,0.0,0.0,-0.0,0.0,-0.0,0.0,0.0,-0.0,0.0,9.515837,0.0,0.0,1.0701739,1.2968111,0.42115757,0.72625196,0.0,0.0,0.0,0.324764,0.1383698,0.5600291,0.0,1.2968111,0.0,1.6785859,1.6785859,1.0701739,-0.0,11.7,18.389782,17.222221,17.222221,2.0
resstock-amy2018-2021-release-1-515536,0.09244429,0.0,0.47494608,0.0,0.0,0.49151307,0.0,0.0,0.0,0.0,0.0,0.0,0.0,0.0,0.0,0.0,0.0,0.0,6.5916900634765625,0.0,-0.0,0.0,0.0,-0.0,0.0,-0.0,0.0,0.0,-0.0,0.0,9.515837,0.0,0.0,0.873099,1.3646121,0.42384675,0.76726633,0.0,0.0,0.0,0.3105987,0.1383698,0.5622597,0.0,1.3646121,0.0,1.3646121,1.3646121,0.873099,-0.0,11.7,18.149326,17.222221,17.222221,2.0
resstock-amy2018-2021-release-1-515536,0.0,0.0,0.39193708,0.0,0.0,0.40560856,0.0,0.0,0.0,0.0,0.0,0.0,0.0,0.0,0.0,0.0,0.0,0.0,6.5916900634765625,0.0,-0.0,0.0,0.0,-0.0,0.0,-0.0,0.0,0.0,-0.0,0.0,9.515837,0.0,0.0,0.7864259,1.1920345,0.35929495,0.678146,0.0,0.0,0.0,0.3014132,0.1383698,0.56889796,0.0,1.1920345,0.0,1.1920345,1.1920345,0.7864259,-0.0,11.1,17.861408,17.222221,17.222221,2.0
resstock-amy2018-2021-release-1-515536,0.0,0.0,0.0,0.0,0.0,0.0,0.0,0.0,0.0,0.0,0.0,0.0,0.0,0.0,0.6006,0.6006,0.0,0.08514873,6.5916748046875,0.5612727341313075,-0.0,0.6006,0.0,-0.0,0.0,-0.0,0.0,0.0,-0.0,0.0,9.515837,0.0,0.0,0.5369188,1.1375189,0.33652106,0.6533251,0.0,0.0,0.0,0.2958378,0.1383698,0.5743422,0.0,1.1375189,0.0,0.5369189,0.5369189,0.5369188,-0.0,10.0,17.47633,17.222221,17.222221,2.0
resstock-amy2018-2021-release-1-515536,0.0,0.0,0.0,0.0,0.0,0.0,0.0,0.0,0.0,0.0,0.0,0.0,0.0,0.0,0.6006,0.6006,0.0,0.17016138,6.5916595458984375,1.1216458938104097,-0.0,0.6006,0.0,-0.0,0.0,-0.0,0.0,0.0,-0.0,0.0,9.515837,0.0,0.0,0.46041518,1.0610151,0.2984975,0.61391497,0.0,0.0,0.0,0.281332,0.1383698,0.57861096,0.0,1.0610151,0.0,0.46041512,0.46041512,0.46041518,-0.0,9.4,16.874418,17.222221,17.222221,2.0
resstock-amy2018-2021-release-1-515536,0.0,0.0,0.0,0.0,0.0,0.0,0.0,0.0,0.0,0.0,0.0,0.0,0.0,0.0,0.6006,0.6006,0.0,0.25503817,6.591644287109375,1.6811209095021695,-0.0,0.6006,0.0,-0.0,0.0,-0.0,0.0,0.0,-0.0,0.0,9.515837,0.0,0.0,0.38596234,0.9865624,0.28029576,0.56903905,0.0,0.0,0.0,0.2841136,0.1383698,0.57678974,0.0,0.9865624,0.0,0.38596237,0.38596237,0.38596234,-0.0,9.4,16.458261,17.222221,17.222221,2.0
resstock-amy2018-2021-release-1-515536,0.0,0.0,0.0,0.0,0.0,0.0,0.0,0.0,0.0,0.0,0.0,0.0,0.0,0.0,0.6006,0.6006,0.0,0.3397793,6.5916290283203125,2.239699015212409,-0.0,0.6006,0.0,-0.0,0.0,-0.0,0.0,0.0,-0.0,0.0,9.515837,0.0,0.0,0.37762377,0.9782238,0.26685163,0.5346609,0.0,0.0,0.0,0.272792,0.1383698,0.54656297,0.0,0.9782238,0.0,0.3776238,0.3776238,0.37762377,-0.0,9.4,16.187187,19.444445,19.444445,2.0
resstock-amy2018-2021-release-1-515536,0.0,2.151549,0.0,0.0,1.2576454,0.0,0.0,0.0,0.0,0.0,0.0,0.0,0.0,0.0,0.6006,0.6006,0.0,0.42438498,6.59161376953125,2.7973818869377283,-0.0,0.6006,0.0,-0.0,0.0,-0.0,0.0,0.0,-0.0,0.0,9.515837,2.151549,0.0,0.32408357,2.182329,0.5918607,1.1810908,0.0,0.0,0.0,0.271206,0.1383698,0.5412066,0.0,2.182329,0.0,1.5817289,1.5817289,0.32408357,-0.0,7.2,17.78418,17.222221,17.222221,2.0
resstock-amy2018-2021-release-1-515536,0.0,0.0,0.0,0.0,0.0,0.0,0.0,0.0,0.0,0.0,0.0,0.0,0.0,0.0,0.6006,0.6006,0.0,0.50885546,6.5915985107421875,3.3541709059918503,-0.0,0.6006,0.0,-0.0,0.0,-0.0,0.0,0.0,-0.0,0.0,9.515837,0.0,0.0,0.33162355,0.93222356,0.2528246,0.5117477,0.0,0.0,0.0,0.271206,0.1383698,0.54895383,0.0,0.93222356,0.0,0.33162355,0.33162355,0.33162355,-0.0,8.3,16.372313,17.777779,17.777779,2.0
resstock-amy2018-2021-release-1-515536,0.0,0.9283666,0.0,0.0,0.54265827,0.0,0.0,0.0,0.0,0.0,0.0,0.0,0.0,0.0,0.6006,0.6006,0.0,0.5931909,6.591583251953125,3.910067257231276,-0.0,0.6006,0.0,-0.0,0.0,-0.0,0.0,0.0,-0.0,0.0,9.515837,0.9283666,0.0,0.38727137,1.5305296,0.40239155,0.83490205,0.0,0.0,0.0,0.26291,0.1383698,0.5454988,0.0,1.5305296,0.0,0.9299296,0.9299296,0.38727137,-0.0,7.2,16.583439,17.222221,17.222221,2.0
resstock-amy2018-2021-release-1-515536,0.0,0.0,0.0,0.0,0.0,0.0,0.0,0.0,0.0,0.0,0.0,0.0,0.0,0.0,0.6006,0.6006,0.0,0.6773916,6.5915679931640625,4.4650727148336955,-0.0,0.6006,0.0,-0.0,0.0,-0.0,0.0,0.0,-0.0,0.0,9.515837,0.0,0.0,0.4525082,1.0531082,0.28560925,0.5881715,0.0,0.0,0.0,0.271206,0.1383698,0.55851,0.0,1.0531082,0.0,0.4525082,0.4525082,0.4525082,-0.0,7.2,15.938343,17.222221,17.222221,2.0
resstock-amy2018-2021-release-1-515536,0.0,0.84805316,0.0,0.0,0.473544,0.0,0.0,0.0,0.0,0.0,0.0,0.0,0.0,0.0,0.6006,0.6006,0.0,0.7614577,6.591552734375,5.019188463629689,-0.0,0.6006,0.0,-0.0,0.0,-0.0,0.0,0.0,-0.0,0.0,9.515837,0.84805316,0.0,0.43742827,1.5115722,0.42501393,0.84837365,0.0,0.0,0.0,0.2811734,0.1383698,0.5612525,0.0,1.5115722,0.0,0.91097224,0.91097224,0.43742827,-0.0,8.9,16.245201,17.222221,17.222221,2.0
resstock-amy2018-2021-release-1-515536,0.0,0.0,0.0,0.0,0.0,0.0,0.0,0.0,0.0,0.0,0.0,0.0,0.0,0.0,0.6006,0.6006,0.0,0.8453894,6.5915374755859375,5.572416081325173,-0.0,0.6006,0.0,-0.0,0.0,-0.0,0.0,0.0,-0.0,0.0,9.515837,0.0,0.0,0.3493301,0.9499301,0.27002713,0.52443135,0.0,0.0,0.0,0.28426,0.1383698,0.55207366,0.0,0.9499301,0.0,0.34933007,0.34933007,0.3493301,-0.0,9.4,15.849382,18.88889,18.88889,2.0
resstock-amy2018-2021-release-1-515536,0.0,2.0077162,1.3836459,0.0,1.0346448,1.43191,0.0,0.0,0.0,0.0,0.0,0.0,0.0,0.0,0.6006,0.6006,0.0,0.92918706,6.591522216796875,6.124757145611511,-0.0,0.6006,0.0,-0.0,0.0,-0.0,0.0,0.0,-0.0,0.0,9.515837,2.0077162,0.0,0.3511621,3.3677292,0.9615015,1.8676062,0.0,0.0,0.0,0.2855044,0.1383698,0.55455947,0.0,3.3677292,0.0,2.7671292,2.817717,0.3511621,-0.050587844,11.7,17.44038,17.222221,17.222221,2.0
resstock-amy2018-2021-release-1-515536,0.0,0.0,0.0,0.0,0.0,0.0,0.0,0.0,0.0,0.0,0.0,0.0,0.0,0.0,-0.528,0.0,-0.528,0.8418599,6.591508865356445,5.549126843355339,0.528,0.0,0.0,-0.0,0.0,-0.0,0.0,0.0,-0.0,0.0,9.515837,0.0,0.0,0.4431241,-0.20907344,-0.062390022,0.0,0.0,0.0,0.0,0.298412,0.1383698,0.55334884,0.0,0.0,-0.20907344,0.31892657,0.44312412,0.4431241,-0.12419753,15.0,16.915768,17.222221,17.222221,2.0
resstock-amy2018-2021-release-1-515536,0.22943056,0.0,0.07150775,0.0,0.0,0.07400207,0.0,0.0,0.0,0.0,0.0,0.0,0.0,0.0,-0.528,0.0,-0.528,0.7546721,6.591495513916016,4.974417828074593,0.528,0.0,0.0,-0.0,0.0,-0.0,0.0,0.0,-0.0,0.0,9.515837,0.0,0.0,0.66868204,0.03447695,0.0098433215,0.019252319,0.0,0.0,0.0,0.2855044,0.1383698,0.5584113,0.0,0.03447695,0.0,0.56247693,0.7426841,0.66868204,-0.18020716,16.7,17.391903,17.222221,17.222221,2.0
resstock-amy2018-2021-release-1-515536,0.0,0.0,0.6122817,0.0,0.0,0.6336392,0.0,0.0,0.0,0.0,0.0,0.0,0.0,0.0,-0.528,0.0,-0.528,0.66762376,6.591482162475586,4.4006300941850895,0.528,0.0,0.0,-0.0,0.0,-0.0,0.0,0.0,-0.0,0.0,9.515837,0.0,0.0,3.729424,3.6243272,1.0268908,2.0510397,0.0,0.0,0.0,0.2833328,0.1383698,0.5659091,0.0,3.6243272,0.0,4.152327,4.3630633,3.729424,-0.21073614,17.8,18.157976,20.555555,20.555555,2.0
resstock-amy2018-2021-release-1-515536,0.0,2.0254261,0.21570787,0.0,0.80395716,0.22323216,0.0,0.0,0.0,0.0,0.0,0.0,0.0,0.0,-0.528,0.0,-0.528,0.5807146,6.591468811035156,3.827762064574017,0.528,0.0,0.0,-0.0,0.0,-0.0,0.0,0.0,-0.0,0.0,9.515837,2.0254261,0.0,0.42878723,0.7000322,0.1931398,0.39636958,0.0,0.0,0.0,0.27590132,0.1383698,0.56621623,0.0,0.7000322,0.0,1.2280321,1.4559766,0.42878723,-0.22794445,19.4,20.98227,21.666666,21.666666,2.0
resstock-amy2018-2021-release-1-515536,0.0,0.0,0.39122456,0.0,0.0,0.4048712,0.0,0.0,0.0,0.0,0.0,0.0,0.0,0.0,-0.528,0.0,-0.528,0.49394426,6.591455459594727,3.2558115728192547,0.528,0.0,0.0,-0.0,0.0,-0.0,0.0,0.0,-0.0,0.0,9.515837,0.0,0.0,0.4827246,0.13653627,0.03628756,0.07714236,0.0,0.0,0.0,0.2657723,0.1383698,0.56499535,0.0,0.13653627,0.0,0.66453624,0.8875958,0.4827246,-0.22305952,20.0,20.881111,22.222221,22.222221,2.0
resstock-amy2018-2021-release-1-515536,2.5733364,1.1881778,0.05714411,0.0,0.44970164,0.0591374,0.0,0.0,0.0,0.0,0.0,0.0,0.0,0.0,-0.528,0.0,-0.528,0.40731257,6.591442108154297,2.68477723827732,0.528,0.0,0.0,-0.0,0.0,-0.0,0.0,0.0,-0.0,0.0,9.515837,1.1881778,0.0,0.51100016,0.29270834,0.07938425,0.16535631,0.0,0.0,0.0,0.271206,0.1383698,0.56491834,0.0,0.29270834,0.0,0.82070833,1.0198392,0.51100016,-0.19913088,20.6,22.666573,20.0,20.0,2.0
resstock-amy2018-2021-release-1-515536,3.2806232,0.0,0.22935522,0.0,0.0,0.23735556,0.0,0.0,0.0,0.0,0.0,0.0,0.0,0.0,-0.528,0.0,-0.528,0.32081938,6.591428756713867,2.114658073195642,0.528,0.0,0.0,-0.0,0.0,-0.0,0.0,0.0,-0.0,0.0,9.515837,0.0,0.0,0.57261574,0.13098833,0.037124477,0.07473877,0.0,0.0,0.0,0.2834182,0.1383698,0.5705758,0.0,0.13098833,0.0,0.65898836,0.80997133,0.57261574,-0.15098298,20.0,22.51739,18.88889,18.88889,2.0
resstock-amy2018-2021-release-1-515536,1.799504,0.0,1.0074878,0.0,0.0,1.0426308,0.0,0.0,0.0,0.0,0.0,0.0,0.0,0.0,-0.528,0.0,-0.528,0.23446439,6.5914154052734375,1.545452205851916,0.528,0.0,0.0,-0.0,0.0,-0.0,0.0,0.0,-0.0,0.0,9.515837,0.0,0.0,0.8259223,1.2627783,0.35957357,0.72966117,0.0,0.0,0.0,0.284748,0.1383698,0.5778221,0.0,1.2627783,0.0,1.7907783,1.8685532,0.8259223,-0.07777487,18.3,22.544476,20.0,20.0,2.0
resstock-amy2018-2021-release-1-515536,1.9948626,0.0,0.1960142,0.0,0.0,0.20285153,0.0,0.0,0.0,0.0,0.0,0.0,0.0,0.0,-0.528,0.0,-0.528,0.14824745,6.591402053833008,0.9771585502953144,0.528,0.0,0.0,-0.0,0.0,-0.0,0.0,0.0,-0.0,0.0,9.515837,0.0,0.0,0.9604451,0.6261191,0.19285308,0.36482915,0.0,0.0,0.0,0.3080134,0.1383698,0.5826833,0.0,0.6261191,0.0,1.154119,1.1632966,0.9604451,-0.009177574,16.7,22.429327,18.88889,18.88889,2.0
resstock-amy2018-2021-release-1-515536,1.1402752,0.0,0.5403867,0.0,0.0,0.55923635,0.0,0.0,0.0,0.0,0.0,0.0,0.0,0.0,-0.528,0.0,-0.528,0.06216829,6.591388702392578,0.4097753576031806,0.528,0.0,0.0,-0.0,0.0,-0.0,0.0,0.0,-0.0,0.0,9.515837,0.0,0.0,0.9867223,1.0179586,0.36325854,0.5886774,0.0,0.0,0.0,0.35685,0.1383698,0.5782921,0.0,1.0179586,0.0,1.5459586,1.5459586,0.9867223,-0.0,15.0,22.313114,19.444445,19.444445,2.0
resstock-amy2018-2021-release-1-515536,0.0,0.0,0.0,0.0,0.0,0.0,0.0,0.0,0.0,0.0,0.0,0.0,0.0,0.0,-0.38177478,0.0,-0.38177478,0.0,6.591379165649414,0.0,0.38177478,0.0,0.0,-0.0,0.0,-0.0,0.0,0.0,-0.0,0.0,9.515837,0.0,0.0,0.94929373,0.56751895,0.20251913,0.32743594,0.0,0.0,0.0,0.35685,0.1383698,0.5769604,0.0,0.56751895,0.0,0.94929373,0.94929373,0.94929373,-0.0,13.3,21.956123,20.555555,20.555555,2.0
resstock-amy2018-2021-release-1-515536,0.8125443,0.0,0.39202818,0.0,0.0,0.40570286,0.0,0.0,0.0,0.0,0.0,0.0,0.0,0.0,0.0,0.0,0.0,0.0,6.591379165649414,0.0,-0.0,0.0,0.0,-0.0,0.0,-0.0,0.0,0.0,-0.0,0.0,9.515837,0.0,0.0,1.025558,1.4312608,0.47580522,0.8286925,0.0,0.0,0.0,0.3324378,0.1383698,0.57899475,0.0,1.4312608,0.0,1.4312608,1.4312608,1.025558,-0.0,11.7,21.477737,19.444445,19.444445,2.0
resstock-amy2018-2021-release-1-515536,0.9465493,0.0,0.0,0.0,0.0,0.0,0.0,0.0,0.0,0.0,0.0,0.0,0.0,0.0,0.0,0.0,0.0,0.0,6.591379165649414,0.0,-0.0,0.0,0.0,-0.0,0.0,-0.0,0.0,0.0,-0.0,0.0,9.515837,0.0,0.0,0.7864259,0.7864259,0.22354943,0.45845732,0.0,0.0,0.0,0.28426,0.1383698,0.58296317,0.0,0.7864259,0.0,0.7864259,0.7864259,0.7864259,-0.0,12.2,21.04076,18.333334,18.333334,2.0
resstock-amy2018-2021-release-1-515536,0.0,0.0,1.0633107,0.0,0.0,1.100401,0.0,0.0,0.0,0.0,0.0,0.0,0.0,0.0,0.6006,0.6006,0.0,0.08514873,6.591363906860352,0.5612462615763576,-0.0,0.6006,0.0,-0.0,0.0,-0.0,0.0,0.0,-0.0,0.0,9.515837,0.0,0.0,0.5946754,2.2956765,0.6412821,1.3568723,0.0,0.0,0.0,0.2793434,0.1383698,0.5910556,0.0,2.2956765,0.0,1.6950765,1.6950765,0.5946754,-0.0,11.7,20.419744,19.444445,19.444445,2.0
resstock-amy2018-2021-release-1-515536,0.0,0.0,0.19601414,0.0,0.0,0.20285147,0.0,0.0,0.0,0.0,0.0,0.0,0.0,0.0,0.6006,0.6006,0.0,0.17016138,6.591348648071289,1.121592991006679,-0.0,0.6006,0.0,-0.0,0.0,-0.0,0.0,0.0,-0.0,0.0,9.515837,0.0,0.0,0.43045434,1.2339058,0.33464265,0.7385416,0.0,0.0,0.0,0.271206,0.1383698,0.5985397,0.0,1.2339058,0.0,0.6333058,0.6333058,0.43045434,-0.0,11.1,19.636393,20.555555,20.555555,2.0
resstock-amy2018-2021-release-1-515536,0.0,0.0,0.0,0.0,0.0,0.0,0.0,0.0,0.0,0.0,0.0,0.0,0.0,0.0,0.6006,0.6006,0.0,0.25503817,6.591333389282227,1.6810416186886528,-0.0,0.6006,0.0,-0.0,0.0,-0.0,0.0,0.0,-0.0,0.0,9.515837,0.0,0.0,0.4056369,1.0062369,0.28789055,0.5853858,0.0,0.0,0.0,0.28610614,0.1383698,0.5817574,0.0,1.0062369,0.0,0.4056369,0.4056369,0.4056369,-0.0,9.4,18.991755,20.555555,20.555555,2.0
resstock-amy2018-2021-release-1-515536,0.0,1.032953,0.0,0.0,0.54978794,0.0,0.0,0.0,0.0,0.0,0.0,0.0,0.0,0.0,0.6006,0.6006,0.0,0.3397793,6.591318130493164,2.2395933785701914,-0.0,0.6006,0.0,-0.0,0.0,-0.0,0.0,0.0,-0.0,0.0,9.515837,1.032953,0.0,0.40461168,1.5549996,0.43310782,0.931137,0.0,0.0,0.0,0.278526,0.1383698,0.5988021,0.0,1.5549996,0.0,0.9543996,0.9543996,0.40461168,-0.0,10.6,19.534834,21.666666,21.666666,2.0
resstock-amy2018-2021-release-1-515536,0.0,1.4183877,0.0,0.0,0.754935,0.0,0.0,0.0,0.0,0.0,0.0,0.0,0.0,0.0,0.6006,0.6006,0.0,0.42438498,6.591302871704102,2.7972499465691385,-0.0,0.6006,0.0,-0.0,0.0,-0.0,0.0,0.0,-0.0,0.0,9.515837,1.4183877,0.0,0.33455327,1.6900883,0.45877448,1.0088357,0.0,0.0,0.0,0.27145,0.1383698,0.59691304,0.0,1.6900883,0.0,1.0894883,1.0894883,0.33455327,-0.0,10.6,19.546806,21.666666,21.666666,2.0
resstock-amy2018-2021-release-1-515536,0.9098224,1.4244217,0.0,0.0,0.78443056,0.0,0.0,0.0,0.0,0.0,0.0,0.0,0.0,0.0,0.6006,0.6006,0.0,0.50885546,6.591287612915039,3.354012703934359,-0.0,0.6006,0.0,-0.0,0.0,-0.0,0.0,0.0,-0.0,0.0,9.515837,1.4244217,0.0,0.3407012,1.7257317,0.4398165,1.021588,0.0,0.0,0.0,0.254858,0.1383698,0.5919738,0.0,1.7257317,0.0,1.1251317,1.1251317,0.3407012,-0.0,9.4,19.423359,18.88889,18.88889,2.0
resstock-amy2018-2021-release-1-515536,0.7147004,0.0,0.40691748,0.0,0.0,0.42111152,0.0,0.0,0.0,0.0,0.0,0.0,0.0,0.0,0.6006,0.6006,0.0,0.5931909,6.591272354125977,3.9098828354667603,-0.0,0.6006,0.0,-0.0,0.0,-0.0,0.0,0.0,-0.0,0.0,9.515837,0.0,0.0,0.3979397,1.4196513,0.3543793,0.8293761,0.0,0.0,0.0,0.2496242,0.1383698,0.5842112,0.0,1.4196513,0.0,0.81905127,0.81905127,0.3979397,-0.0,7.2,18.340248,17.777779,17.777779,2.0
resstock-amy2018-2021-release-1-515536,0.0,0.0,0.0,0.0,0.0,0.0,0.0,0.0,0.0,0.0,0.0,0.0,0.0,0.0,0.6006,0.6006,0.0,0.6773916,6.591257095336914,4.464862115260644,-0.0,0.6006,0.0,-0.0,0.0,-0.0,0.0,0.0,-0.0,0.0,9.515837,0.0,0.0,0.47115648,1.0717565,0.2672487,0.6171737,0.0,0.0,0.0,0.2493558,0.1383698,0.5758525,0.0,1.0717565,0.0,0.47115648,0.47115648,0.47115648,-0.0,8.3,17.8745,18.333334,18.333334,2.0
resstock-amy2018-2021-release-1-515536,0.0,0.0,0.0,0.0,0.0,0.0,0.0,0.0,0.0,0.0,0.0,0.0,0.0,0.0,0.6006,0.6006,0.0,0.7614577,6.591241836547852,5.018951728090997,-0.0,0.6006,0.0,-0.0,0.0,-0.0,0.0,0.0,-0.0,0.0,9.515837,0.0,0.0,0.47556007,1.0761601,0.2720623,0.6087565,0.0,0.0,0.0,0.2528084,0.1383698,0.56567466,0.0,1.0761601,0.0,0.47556007,0.47556007,0.47556007,-0.0,7.8,17.398632,17.777779,17.777779,2.0
resstock-amy2018-2021-release-1-515536,0.0,0.0,0.74380594,0.0,0.0,0.7697513,0.0,0.0,0.0,0.0,0.0,0.0,0.0,0.0,0.6006,0.6006,0.0,0.8453894,6.591226577758789,5.5721532515896115,-0.0,0.6006,0.0,-0.0,0.0,-0.0,0.0,0.0,-0.0,0.0,9.515837,0.0,0.0,0.45217428,1.8225256,0.49488023,1.0211505,0.0,0.0,0.0,0.2715354,0.1383698,0.56029415,0.0,1.8225256,0.0,1.2219256,1.2219256,0.45217428,-0.0,10.0,17.121162,17.222221,17.222221,2.0
resstock-amy2018-2021-release-1-515536,0.0,0.0,0.19605315,0.0,0.0,0.20289184,0.0,0.0,0.0,0.0,0.0,0.0,0.0,0.0,0.6006,0.6006,0.0,0.92918706,6.591211318969727,6.124468263373728,-0.0,0.6006,0.0,-0.0,0.0,-0.0,0.0,0.0,-0.0,0.0,9.515837,0.0,0.0,0.66763216,1.466864,0.3962117,0.81755286,0.0,0.0,0.0,0.270108,0.1383698,0.5573474,0.0,1.466864,0.0,0.866264,0.870524,0.66763216,-0.004259998,10.6,16.787796,17.222221,17.222221,2.0
resstock-amy2018-2021-release-1-515536,0.0,0.0,0.5315069,0.0,0.0,0.55004686,0.0,0.0,0.0,0.0,0.0,0.0,0.0,0.0,-0.528,0.0,-0.528,0.8418599,6.591197967529297,5.548865110948782,0.528,0.0,0.0,-0.0,0.0,-0.0,0.0,0.0,-0.0,0.0,9.515837,0.0,0.0,2.8649733,2.871609,0.8072445,1.6241639,0.0,0.0,0.0,0.28111225,0.1383698,0.56559366,0.0,2.871609,0.0,3.399609,3.4150202,2.8649733,-0.015411063,11.7,16.529594,17.222221,17.222221,2.0
resstock-amy2018-2021-release-1-515536,0.0,0.0,0.61151373,0.0,0.0,0.63284445,0.0,0.0,0.0,0.0,0.0,0.0,0.0,0.0,-0.528,0.0,-0.528,0.7546721,6.591184616088867,4.974183202155359,0.528,0.0,0.0,-0.0,0.0,-0.0,0.0,0.0,-0.0,0.0,9.515837,0.0,0.0,0.42868608,0.47964972,0.12866917,0.27401397,0.0,0.0,0.0,0.26825655,0.1383698,0.57127935,0.0,0.47964972,0.0,1.0076497,1.0615305,0.42868608,-0.053880792,13.9,16.64032,17.222221,17.222221,2.0
resstock-amy2018-2021-release-1-515536,0.0,0.0,0.64646757,0.0,0.0,0.66901755,0.0,0.0,0.0,0.0,0.0,0.0,0.0,0.0,-0.528,0.0,-0.528,0.66762376,6.5911712646484375,4.400422531409276,0.528,0.0,0.0,-0.0,0.0,-0.0,0.0,0.0,-0.0,0.0,9.515837,0.0,0.0,0.37205753,0.4338734,0.112385325,0.24690835,0.0,0.0,0.0,0.25902793,0.1383698,0.5690793,0.0,0.4338734,0.0,0.9618734,1.0410751,0.37205753,-0.07920169,13.3,16.777485,17.222221,17.222221,2.0
resstock-amy2018-2021-release-1-515536,0.0,0.0,0.17481221,0.0,0.0,0.18090999,0.0,0.0,0.0,0.0,0.0,0.0,0.0,0.0,-0.528,0.0,-0.528,0.5807146,6.591157913208008,3.8275815216718456,0.528,0.0,0.0,-0.0,0.0,-0.0,0.0,0.0,-0.0,0.0,9.515837,0.0,0.0,0.42878723,-0.011882931,-0.0030487573,0.0,0.0,0.0,0.0,0.2565661,0.1383698,0.5686705,0.0,0.0,-0.011882931,0.5161171,0.6096972,0.42878723,-0.09358016,12.8,16.93407,17.777779,17.777779,2.0
resstock-amy2018-2021-release-1-515536,0.0,0.0,0.055303313,0.0,0.0,0.057232395,0.0,0.0,0.0,0.0,0.0,0.0,0.0,0.0,-0.528,0.0,-0.528,0.49394426,6.591144561767578,3.255658006622866,0.528,0.0,0.0,-0.0,0.0,-0.0,0.0,0.0,-0.0,0.0,9.515837,0.0,0.0,0.4286083,-0.11170593,-0.025756855,0.0,0.0,0.0,0.0,0.23057732,0.1383698,0.57612586,0.0,0.0,-0.11170593,0.41629407,0.48584068,0.4286083,-0.069546625,13.9,17.117748,17.777779,17.777779,2.0
resstock-amy2018-2021-release-1-515536,0.9274963,0.0,1.5049633,0.0,0.0,1.5574592,0.0,0.0,0.0,0.0,0.0,0.0,0.0,0.0,-0.528,0.0,-0.528,0.40731257,6.591131210327148,2.6846506056837143,0.528,0.0,0.0,-0.0,0.0,-0.0,0.0,0.0,-0.0,0.0,9.515837,0.0,0.0,0.45781758,1.3698927,0.32772484,0.7870667,0.0,0.0,0.0,0.23923394,0.1383698,0.5745462,0.0,1.3698927,0.0,1.8978927,2.015277,0.45781758,-0.11738414,13.9,17.433306,17.777779,17.777779,2.0
resstock-amy2018-2021-release-1-515536,0.19359197,0.0,0.0149847455,0.0,0.0,0.015507441,0.0,0.0,0.0,0.0,0.0,0.0,0.0,0.0,-0.528,0.0,-0.528,0.32081938,6.591117858886719,2.114558331148146,0.528,0.0,0.0,-0.0,0.0,-0.0,0.0,0.0,-0.0,0.0,9.515837,0.0,0.0,0.630512,0.052993406,0.0142557565,0.029743811,0.0,0.0,0.0,0.26901,0.1383698,0.5612738,0.0,0.052993406,0.0,0.5809934,0.64601946,0.630512,-0.06502604,13.9,17.715626,17.777779,17.777779,2.0
resstock-amy2018-2021-release-1-515536,0.11430103,0.0,0.023398288,0.0,0.0,0.024214463,0.0,0.0,0.0,0.0,0.0,0.0,0.0,0.0,-0.528,0.0,-0.528,0.23446439,6.591104507446289,1.545379311381879,0.528,0.0,0.0,-0.0,0.0,-0.0,0.0,0.0,-0.0,0.0,9.515837,0.0,0.0,0.8259223,0.30384016,0.08698865,0.16525379,0.0,0.0,0.0,0.2862974,0.1383698,0.543884,0.0,0.30384016,0.0,0.83184016,0.8501368,0.8259223,-0.01829664,13.3,17.817852,17.777779,17.777779,2.0
resstock-amy2018-2021-release-1-515536,0.0,0.0,0.06675149,0.0,0.0,0.069079906,0.0,0.0,0.0,0.0,0.0,0.0,0.0,0.0,-0.528,0.0,-0.528,0.14824745,6.591091156005859,0.9771124604850456,0.528,0.0,0.0,-0.0,0.0,-0.0,0.0,0.0,-0.0,0.0,9.515837,0.0,0.0,1.0112648,0.54742336,0.16523437,0.29291126,0.0,0.0,0.0,0.3018402,0.1383698,0.5350726,0.0,0.54742336,0.0,1.0754234,1.0803447,1.0112648,-0.0049213725,12.8,17.766178,17.777779,17.777779,2.0
resstock-amy2018-2021-release-1-515536,0.013191823,0.0,0.27779588,0.0,0.0,0.28748593,0.0,0.0,0.0,0.0,0.0,0.0,0.0,0.0,-0.528,0.0,-0.528,0.06216829,6.59107780456543,0.40975602961722046,0.528,0.0,0.0,-0.0,0.0,-0.0,0.0,0.0,-0.0,0.0,9.515837,0.0,0.0,0.9867223,0.7462082,0.24807692,0.39739555,0.0,0.0,0.0,0.33245,0.1383698,0.5325532,0.0,0.7462082,0.0,1.2742082,1.2742082,0.9867223,-0.0,12.2,17.768673,17.777779,17.777779,2.0
resstock-amy2018-2021-release-1-515536,0.42596775,0.0,0.30314067,0.0,0.0,0.31371477,0.0,0.0,0.0,0.0,0.0,0.0,0.0,0.0,-0.38177478,0.0,-0.38177478,0.0,6.591068267822266,0.0,0.38177478,0.0,0.0,-0.0,0.0,-0.0,0.0,0.0,-0.0,0.0,9.515837,0.0,0.0,1.0001134,0.9320533,0.32796386,0.4850902,0.0,0.0,0.0,0.3518724,0.1383698,0.5204533,0.0,0.9320533,0.0,1.3138281,1.3138281,1.0001134,-0.0,11.1,17.645248,17.222221,17.222221,2.0
resstock-amy2018-2021-release-1-515536,0.0223431,0.0,0.15396455,0.0,0.0,0.15933512,0.0,0.0,0.0,0.0,0.0,0.0,0.0,0.0,0.0,0.0,0.0,0.0,6.591068267822266,0.0,-0.0,0.0,0.0,-0.0,0.0,-0.0,0.0,0.0,-0.0,0.0,9.515837,0.0,0.0,0.873099,1.0324341,0.35708797,0.5293801,0.0,0.0,0.0,0.34587,0.1383698,0.5127495,0.0,1.0324341,0.0,1.0324341,1.0324341,0.873099,-0.0,11.1,17.480347,17.222221,17.222221,2.0
resstock-amy2018-2021-release-1-515536,0.41162726,0.0,0.6417223,0.0,0.0,0.6641068,0.0,0.0,0.0,0.0,0.0,0.0,0.0,0.0,0.0,0.0,0.0,0.0,6.591068267822266,0.0,-0.0,0.0,0.0,-0.0,0.0,-0.0,0.0,0.0,-0.0,0.0,9.515837,0.0,0.0,0.97699964,1.6411064,0.5035844,0.84236467,0.0,0.0,0.0,0.30685663,0.1383698,0.5132907,0.0,1.6411064,0.0,1.6411064,1.6411064,0.97699964,-0.0,11.1,17.284542,17.222221,17.222221,2.0
resstock-amy2018-2021-release-1-515536,0.0,0.0,0.0,0.0,0.0,0.0,0.0,0.0,0.0,0.0,0.0,0.0,0.0,0.0,0.6006,0.6006,0.0,0.08514873,6.591053009033203,0.5612197890214077,-0.0,0.6006,0.0,-0.0,0.0,-0.0,0.0,0.0,-0.0,0.0,9.515837,0.0,0.0,0.77254426,1.3731443,0.4028894,0.7086475,0.0,0.0,0.0,0.29340646,0.1383698,0.5160765,0.0,1.3731443,0.0,0.77254426,0.77254426,0.77254426,-0.0,8.9,16.844261,17.222221,17.222221,2.0
resstock-amy2018-2021-release-1-515536,0.0,0.0,0.0,0.0,0.0,0.0,0.0,0.0,0.0,0.0,0.0,0.0,0.0,0.0,0.6006,0.6006,0.0,0.17016138,6.591037750244141,1.1215400882029485,-0.0,0.6006,0.0,-0.0,0.0,-0.0,0.0,0.0,-0.0,0.0,9.515837,0.0,0.0,0.4004935,1.0010935,0.27892828,0.5174071,0.0,0.0,0.0,0.2786236,0.1383698,0.51684195,0.0,1.0010935,0.0,0.4004935,0.4004935,0.4004935,-0.0,8.3,16.314754,17.222221,17.222221,2.0
resstock-amy2018-2021-release-1-515536,0.0,0.0,0.0,0.0,0.0,0.0,0.0,0.0,0.0,0.0,0.0,0.0,0.0,0.0,0.6006,0.6006,0.0,0.25503817,6.591022491455078,1.680962327875136,-0.0,0.6006,0.0,-0.0,0.0,-0.0,0.0,0.0,-0.0,0.0,9.515837,0.0,0.0,0.36628777,0.9668878,0.26491526,0.48531488,0.0,0.0,0.0,0.2739876,0.1383698,0.50193506,0.0,0.9668878,0.0,0.36628777,0.36628777,0.36628777,-0.0,9.4,15.958963,18.88889,18.88889,2.0
resstock-amy2018-2021-release-1-515536,0.0,1.9353334,0.0,0.0,1.1312608,0.0,0.0,0.0,0.0,0.0,0.0,0.0,0.0,0.0,0.6006,0.6006,0.0,0.3397793,6.591007232666016,2.2394877419279737,-0.0,0.6006,0.0,-0.0,0.0,-0.0,0.0,0.0,-0.0,0.0,9.515837,1.9353334,0.0,0.37762377,2.1094847,0.56896514,1.0937243,0.0,0.0,0.0,0.2697176,0.1383698,0.51847935,0.0,2.1094847,0.0,1.5088847,1.5088847,0.37762377,-0.0,7.2,17.239223,17.777779,17.777779,2.0
resstock-amy2018-2021-release-1-515536,0.0,0.0,0.0,0.0,0.0,0.0,0.0,0.0,0.0,0.0,0.0,0.0,0.0,0.0,0.6006,0.6006,0.0,0.42438498,6.590991973876953,2.7971180062005487,-0.0,0.6006,0.0,-0.0,0.0,-0.0,0.0,0.0,-0.0,0.0,9.515837,0.0,0.0,0.32408357,0.9246836,0.25330672,0.48004442,0.0,0.0,0.0,0.2739388,0.1383698,0.51914454,0.0,0.9246836,0.0,0.32408357,0.32408357,0.32408357,-0.0,7.8,15.981829,17.777779,17.777779,2.0
resstock-amy2018-2021-release-1-515536,0.0,1.1862969,0.0,0.0,0.59163857,0.0,0.0,0.0,0.0,0.0,0.0,0.0,0.0,0.0,0.6006,0.6006,0.0,0.50885546,6.590976715087891,3.3538545018768673,-0.0,0.6006,0.0,-0.0,0.0,-0.0,0.0,0.0,-0.0,0.0,9.515837,1.1862969,0.0,0.33162355,1.5238621,0.41525123,0.79066753,0.0,0.0,0.0,0.2724992,0.1383698,0.51885766,0.0,1.5238621,0.0,0.9232621,0.9232621,0.33162355,-0.0,12.78,16.764019,17.777779,17.777779,2.0
resstock-amy2018-2021-release-1-515536,0.0,0.6813744,0.0,0.0,0.3748145,0.0,0.0,0.0,0.0,0.0,0.0,0.0,0.0,0.0,0.6006,0.6006,0.0,0.5931909,6.590961456298828,3.9096984137022446,-0.0,0.6006,0.0,-0.0,0.0,-0.0,0.0,0.0,-0.0,0.0,9.515837,0.6813744,0.0,0.38727137,1.3626859,0.3732759,0.7089371,0.0,0.0,0.0,0.2739266,0.1383698,0.52024984,0.0,1.3626859,0.0,0.7620859,0.7620859,0.38727137,-0.0,9.44,16.295403,17.777779,17.777779,2.0
resstock-amy2018-2021-release-1-515536,0.0,0.9975443,0.0,0.0,0.5662217,0.0,0.0,0.0,0.0,0.0,0.0,0.0,0.0,0.0,0.6006,0.6006,0.0,0.6773916,6.590946197509766,4.464651515687592,-0.0,0.6006,0.0,-0.0,0.0,-0.0,0.0,0.0,-0.0,0.0,9.515837,0.9975443,0.0,0.47019765,1.6370194,0.45808813,0.84920627,0.0,0.0,0.0,0.2798306,0.1383698,0.5187515,0.0,1.6370194,0.0,1.0364194,1.0364194,0.47019765,-0.0,8.3,16.39921,17.222221,17.222221,2.0
resstock-amy2018-2021-release-1-515536,0.0,0.0,0.05505503,0.0,0.0,0.05697545,0.0,0.0,0.0,0.0,0.0,0.0,0.0,0.0,0.6006,0.6006,0.0,0.7614577,6.590930938720703,5.0187149925523045,-0.0,0.6006,0.0,-0.0,0.0,-0.0,0.0,0.0,-0.0,0.0,9.515837,0.0,0.0,3.7688055,4.426381,1.342756,2.2781446,0.0,0.0,0.0,0.303353,0.1383698,0.5146743,0.0,4.426381,0.0,3.825781,3.825781,3.7688055,-0.0,7.2,15.828141,17.222221,17.222221,2.0
resstock-amy2018-2021-release-1-515536,0.0,0.9208458,1.7383095,0.0,0.5297663,1.798945,0.0,0.0,0.0,0.0,0.0,0.0,0.0,0.0,0.6006,0.6006,0.0,0.8453894,6.590915679931641,5.57189042185405,-0.0,0.6006,0.0,-0.0,0.0,-0.0,0.0,0.0,-0.0,0.0,9.515837,0.9208458,0.0,0.4007522,3.3300633,1.1600975,1.7099231,0.0,0.0,0.0,0.348371,0.1383698,0.51348066,0.0,3.3300633,0.0,2.7294633,2.7294633,0.4007522,-0.0,7.8,15.933399,17.222221,17.222221,2.0
resstock-amy2018-2021-release-1-515536,0.0,0.86043596,0.66063094,0.0,0.45796597,0.683675,0.0,0.0,0.0,0.0,0.0,0.0,0.0,0.0,0.6006,0.6006,0.0,0.92918706,6.590900421142578,6.124179381135946,-0.0,0.6006,0.0,-0.0,0.0,-0.0,0.0,0.0,-0.0,0.0,9.515837,0.86043596,0.0,0.45936897,2.171109,0.74535906,1.1227233,0.0,0.0,0.0,0.343308,0.1383698,0.51711977,0.0,2.171109,0.0,1.570509,1.60101,0.45936897,-0.030501066,10.6,15.95812,17.222221,17.222221,2.0
resstock-amy2018-2021-release-1-515536,0.0,0.8525356,0.17147303,0.0,0.4327861,0.17745432,0.0,0.0,0.0,0.0,0.0,0.0,0.0,0.0,-0.528,0.0,-0.528,0.8418599,6.590887069702148,5.548603378542225,0.528,0.0,0.0,-0.0,0.0,-0.0,0.0,0.0,-0.0,0.0,9.515837,0.8525356,0.0,0.63369787,0.63365877,0.22225581,0.33023557,0.0,0.0,0.0,0.35075,0.1383698,0.5211568,0.0,0.63365877,0.0,1.1616588,1.2439383,0.63369787,-0.08227956,12.2,16.233095,17.222221,17.222221,2.0
resstock-amy2018-2021-release-1-515536,0.0,0.0,0.09198811,0.0,0.0,0.09519683,0.0,0.0,0.0,0.0,0.0,0.0,0.0,0.0,-0.528,0.0,-0.528,0.7546721,6.590873718261719,4.9739485762361255,0.528,0.0,0.0,-0.0,0.0,-0.0,0.0,0.0,-0.0,0.0,9.515837,0.0,0.0,0.61925983,0.046353877,0.014372283,0.024252245,0.0,0.0,0.0,0.31005567,0.1383698,0.52319777,0.0,0.046353877,0.0,0.5743539,0.7144567,0.61925983,-0.14010279,12.2,16.084095,17.222221,17.222221,2.0
resstock-amy2018-2021-release-1-515536,0.0,0.80545276,0.1737706,0.0,0.38163698,0.17983204,0.0,0.0,0.0,0.0,0.0,0.0,0.0,0.0,-0.528,0.0,-0.528,0.66762376,6.590860366821289,4.400214968633463,0.528,0.0,0.0,-0.0,0.0,-0.0,0.0,0.0,-0.0,0.0,9.515837,0.80545276,0.0,0.42586178,0.2532515,0.07845192,0.13271172,0.0,0.0,0.0,0.3097787,0.1383698,0.52403134,0.0,0.2532515,0.0,0.7812515,0.9873308,0.42586178,-0.2060793,14.4,17.173374,17.222221,17.222221,2.0
resstock-amy2018-2021-release-1-515536,0.21833509,0.0,0.09629699,0.0,0.0,0.09965601,0.0,0.0,0.0,0.0,0.0,0.0,0.0,0.0,-0.528,0.0,-0.528,0.5807146,6.590847015380859,3.827400978769674,0.528,0.0,0.0,-0.0,0.0,-0.0,0.0,0.0,-0.0,0.0,9.515837,0.0,0.0,0.68781596,0.036492445,0.010779006,0.019177344,0.0,0.0,0.0,0.2953764,0.1383698,0.52551544,0.0,0.036492445,0.0,0.56449246,0.787472,0.68781596,-0.22297953,14.4,17.354626,17.777779,17.777779,2.0
resstock-amy2018-2021-release-1-515536,0.711751,0.0,0.66042197,0.0,0.0,0.6834587,0.0,0.0,0.0,0.0,0.0,0.0,0.0,0.0,-0.528,0.0,-0.528,0.49394426,6.59083366394043,3.2555044404264777,0.528,0.0,0.0,-0.0,0.0,-0.0,0.0,0.0,-0.0,0.0,9.515837,0.0,0.0,0.6876371,0.62550884,0.18493332,0.3305444,0.0,0.0,0.0,0.2956526,0.1383698,0.52844083,0.0,0.62550884,0.0,1.1535089,1.3710959,0.6876371,-0.21758695,16.1,18.055307,17.777779,17.777779,2.0
resstock-amy2018-2021-release-1-515536,0.7636381,0.0,0.30149028,0.0,0.0,0.31200683,0.0,0.0,0.0,0.0,0.0,0.0,0.0,0.0,-0.528,0.0,-0.528,0.40731257,6.5908203125,2.6845239730901085,0.528,0.0,0.0,-0.0,0.0,-0.0,0.0,0.0,-0.0,0.0,9.515837,0.0,0.0,0.71684635,0.32092518,0.095646426,0.16888626,0.0,0.0,0.0,0.29803342,0.1383698,0.5262481,0.0,0.32092518,0.0,0.8489252,1.0288532,0.71684635,-0.17992802,17.8,18.794403,18.333334,18.333334,2.0
resstock-amy2018-2021-release-1-515536,1.1198314,0.0,0.08712344,0.0,0.0,0.09016246,0.0,0.0,0.0,0.0,0.0,0.0,0.0,0.0,-0.528,0.0,-0.528,0.32081938,6.59080696105957,2.11445858910065,0.528,0.0,0.0,-0.0,0.0,-0.0,0.0,0.0,-0.0,0.0,9.515837,0.0,0.0,0.8316445,0.24791628,0.07603446,0.1320142,0.0,0.0,0.0,0.3066941,0.1383698,0.5324951,0.0,0.24791628,0.0,0.7759163,0.92180693,0.8316445,-0.14589067,17.2,19.39709,18.333334,18.333334,2.0
resstock-amy2018-2021-release-1-515536,1.7217413,0.0,0.89513123,0.0,0.0,0.92635506,0.0,0.0,0.0,0.0,0.0,0.0,0.0,0.0,-0.528,0.0,-0.528,0.23446439,6.590793609619141,1.545306416911842,0.528,0.0,0.0,-0.0,0.0,-0.0,0.0,0.0,-0.0,0.0,9.515837,0.0,0.0,0.95970386,1.2785478,0.40923655,0.6978036,0.0,0.0,0.0,0.3200792,0.1383698,0.5457783,0.0,1.2785478,0.0,1.8065478,1.8860588,0.95970386,-0.079511106,16.7,19.842064,18.333334,18.333334,2.0
resstock-amy2018-2021-release-1-515536,0.8436528,0.0,1.6212677,0.0,0.0,1.6778206,0.0,0.0,0.0,0.0,0.0,0.0,0.0,0.0,-0.528,0.0,-0.528,0.14824745,6.590780258178711,0.9770663706747769,0.528,0.0,0.0,-0.0,0.0,-0.0,0.0,0.0,-0.0,0.0,9.515837,0.0,0.0,1.0454143,2.1827228,0.74025965,1.2292526,0.0,0.0,0.0,0.33914506,0.1383698,0.56317395,0.0,2.1827228,0.0,2.710723,2.723235,1.0454143,-0.012512059,13.9,19.717117,18.88889,18.88889,2.0
resstock-amy2018-2021-release-1-515536,0.9099886,0.0,0.22036415,0.0,0.0,0.22805086,0.0,0.0,0.0,0.0,0.0,0.0,0.0,0.0,-0.528,0.0,-0.528,0.06216829,6.590766906738281,0.4097367016312603,0.528,0.0,0.0,-0.0,0.0,-0.0,0.0,0.0,-0.0,0.0,9.515837,0.0,0.0,1.245751,0.94580185,0.34257808,0.5128068,0.0,0.0,0.0,0.36220914,0.1383698,0.54219264,0.0,0.94580185,0.0,1.4738019,1.4738019,1.245751,-0.0,13.3,19.679554,18.333334,18.333334,2.0
resstock-amy2018-2021-release-1-515536,1.6049652,0.0,0.654219,0.0,0.0,0.6770393,0.0,0.0,0.0,0.0,0.0,0.0,0.0,0.0,-0.38177478,0.0,-0.38177478,0.0,6.590757369995117,0.0,0.38177478,0.0,0.0,-0.0,0.0,-0.0,0.0,0.0,-0.0,0.0,9.515837,0.0,0.0,1.1073139,1.4025784,0.5005101,0.7474882,0.0,0.0,0.0,0.35685,0.1383698,0.53293866,0.0,1.4025784,0.0,1.7843531,1.7843531,1.1073139,-0.0,12.8,19.418201,17.222221,17.222221,2.0
resstock-amy2018-2021-release-1-515536,2.1565907,0.0,2.2569036,0.0,0.0,2.3356287,0.0,0.0,0.0,0.0,0.0,0.0,0.0,0.0,0.0,0.0,0.0,0.0,6.590757369995117,0.0,-0.0,0.0,0.0,-0.0,0.0,-0.0,0.0,0.0,-0.0,0.0,9.515837,0.0,0.0,1.0438677,3.3794966,1.0733825,1.7928265,0.0,0.0,0.0,0.3176161,0.1383698,0.53050107,0.0,3.3794966,0.0,3.3794966,3.3794966,1.0438677,-0.0,11.1,19.12228,17.222221,17.222221,2.0
resstock-amy2018-2021-release-1-515536,0.39127794,0.0,0.0,0.0,0.0,0.0,0.0,0.0,0.0,0.0,0.0,0.0,0.0,0.0,0.0,0.0,0.0,0.0,6.590757369995117,0.0,-0.0,0.0,0.0,-0.0,0.0,-0.0,0.0,0.0,-0.0,0.0,9.515837,0.0,0.0,0.9027783,0.9027783,0.2702259,0.47260904,0.0,0.0,0.0,0.299327,0.1383698,0.5235051,0.0,0.9027783,0.0,0.9027783,0.9027783,0.9027783,-0.0,11.7,18.76403,17.222221,17.222221,2.0
resstock-amy2018-2021-release-1-515536,0.029675758,0.0,0.0,0.0,0.0,0.0,0.0,0.0,0.0,0.0,0.0,0.0,0.0,0.0,0.6006,0.6006,0.0,0.08514873,6.590742111206055,0.5611933164664578,-0.0,0.6006,0.0,-0.0,0.0,-0.0,0.0,0.0,-0.0,0.0,9.515837,0.0,0.0,0.6518481,1.2524481,0.36917773,0.6235606,0.0,0.0,0.0,0.2947649,0.1383698,0.49787343,0.0,1.2524481,0.0,0.6518481,0.6518481,0.6518481,-0.0,11.7,18.364998,17.222221,17.222221,2.0
resstock-amy2018-2021-release-1-515536,0.0,0.0,0.0,0.0,0.0,0.0,0.0,0.0,0.0,0.0,0.0,0.0,0.0,0.0,0.6006,0.6006,0.0,0.17016138,6.590726852416992,1.1214871853992179,-0.0,0.6006,0.0,-0.0,0.0,-0.0,0.0,0.0,-0.0,0.0,9.515837,0.0,0.0,0.43045434,1.0310544,0.29131392,0.47725627,0.0,0.0,0.0,0.2825398,0.1383698,0.46288177,0.0,1.0310544,0.0,0.43045437,0.43045437,0.43045434,-0.0,13.33,18.043667,18.333334,18.333334,2.0
resstock-amy2018-2021-release-1-515536,0.0,0.0,0.0,0.0,0.0,0.0,0.0,0.0,0.0,0.0,0.0,0.0,0.0,0.0,0.6006,0.6006,0.0,0.25503817,6.59071159362793,1.6808830370616192,-0.0,0.6006,0.0,-0.0,0.0,-0.0,0.0,0.0,-0.0,0.0,9.515837,0.0,0.0,0.38596234,0.9865624,0.27438942,0.46063152,0.0,0.0,0.0,0.27812678,0.1383698,0.46690562,0.0,0.9865624,0.0,0.38596237,0.38596237,0.38596234,-0.0,8.9,17.36089,18.333334,18.333334,2.0
