bld_id,cooling demand,heating demand,dhw demand,cooling electricity consumption,heating electricity consumption,dhw electricity consumption,heating fuel consumption,dhw fuel consumption,dhw storage electricity consumption,positive dhw storage electricity consumption,negative dhw storage electricity consumption,dhw soc storage,dhw capacity,dhw stored energy (?),electrical storage electricity consumption,positive electrical storage electricity consumption,negative electrical storage electricity consumption,electrical storage soc,electrical capacity history,stored electrical energy,energy from electrical storage,energy to electrical storage,energy from cooling device,energy from dhw device,energy from dhw device to dhw storage,energy from dhw storage,energy from heating fuel device to heating storage,energy from heating device to heating storage,energy from heating storage,heating storage soc,heating storage capacity,energy from heating device,energy from heating fuel device,energy to non shiftable load,net electricity consumption,net electricity cost,net electricity emission,net fuel consumption,net fuel cost,net fuel emission,electricity price,fuel price,electricity carbon intensity,fuel carbon intensity,positive net electricity consumption,negative net electricity consumption,net electricity consumption without storage,net electricity consumption without storage and pv,non shiftable load,solar generation,outdoor_temperature,indoor_temperature,heating_sp,cooling_sp,comfort_band
resstock-amy2018-2021-release-1-330722,0.0,3.7960384,0.0,0.0,1.9669354,0.0,4.404513,0.0,0.0,0.0,0.0,0.0,0.0,0.0,0.0,0.0,0.0,0.0,13.5,0.0,-0.0,0.0,0.0,-0.0,0.0,-0.0,0.0,0.0,-0.0,0.0,4.4012313,3.7960384,3.7960384,0.37782818,2.3447635,0.7677882,1.2340258,4.404513,0.60945153,0.9215926,0.327448,0.1383698,0.5262901,0.20923826,2.3447635,0.0,2.3447635,2.3447635,0.37782818,-0.0,8.9,23.305214,23.333334,23.333334,2.0
resstock-amy2018-2021-release-1-330722,0.0,2.6108701,1.7675968,0.0,1.37454,1.8818351,0.0,0.0,0.0,0.0,0.0,0.0,0.0,0.0,0.0,0.0,0.0,0.0,13.5,0.0,-0.0,0.0,0.0,-0.0,0.0,-0.0,0.0,0.0,-0.0,0.0,4.4012313,2.6108701,0.0,0.36772022,3.6240954,1.1654359,1.9705684,0.0,0.0,0.0,0.3215798,0.1383698,0.54374075,0.0,3.6240954,0.0,3.6240954,3.6240954,0.36772022,-0.0,8.3,23.333334,23.333334,23.333334,2.0
resstock-amy2018-2021-release-1-330722,0.0,2.341982,2.0563266,0.0,1.2329788,2.1892252,0.0,0.0,0.0,0.0,0.0,0.0,0.0,0.0,0.0,0.0,0.0,0.0,13.5,0.0,-0.0,0.0,0.0,-0.0,0.0,-0.0,0.0,0.0,-0.0,0.0,4.4012313,2.341982,0.0,0.3619026,3.7841067,1.2023962,2.034164,0.0,0.0,0.0,0.317749,0.1383698,0.53755456,0.0,3.7841067,0.0,3.7841067,3.7841067,0.3619026,-0.0,8.3,23.333334,23.333334,23.333334,2.0
resstock-amy2018-2021-release-1-330722,0.0,3.163265,0.0,0.0,1.7135704,0.0,0.0,0.0,0.0,0.0,0.0,0.0,0.0,0.0,0.0,0.0,0.0,0.0,13.5,0.0,-0.0,0.0,0.0,-0.0,0.0,-0.0,0.0,0.0,-0.0,0.0,4.4012313,3.163265,0.0,0.35738903,2.0709593,0.65771675,1.1070493,0.0,0.0,0.0,0.3175904,0.1383698,0.5345587,0.0,2.0709593,0.0,2.0709593,2.0709593,0.35738903,-0.0,7.2,23.333334,23.333334,23.333334,2.0
resstock-amy2018-2021-release-1-330722,0.0,2.8003166,0.0,0.0,1.5266579,0.0,0.0,0.0,0.0,0.0,0.0,0.0,0.0,0.0,0.0,0.0,0.0,0.0,13.5,0.0,-0.0,0.0,0.0,-0.0,0.0,-0.0,0.0,0.0,-0.0,0.0,4.4012313,2.8003166,0.0,1.6839375,3.2105956,1.019341,1.7257608,0.0,0.0,0.0,0.3174928,0.1383698,0.53752047,0.0,3.2105956,0.0,3.2105956,3.2105956,1.6839375,-0.0,6.95,23.333334,23.333334,23.333334,2.0
resstock-amy2018-2021-release-1-330722,0.0,2.3743348,1.6905248,0.0,1.3026485,1.799782,0.0,0.0,0.0,0.0,0.0,0.0,0.0,0.0,0.0,0.0,0.0,0.0,13.5,0.0,-0.0,0.0,0.0,-0.0,0.0,-0.0,0.0,0.0,-0.0,0.0,4.4012313,2.3743348,0.0,0.3664817,3.4689121,1.1013547,1.8604848,0.0,0.0,0.0,0.3174928,0.1383698,0.53633094,0.0,3.4689121,0.0,3.4689121,3.4689121,0.3664817,-0.0,6.7,23.333334,23.333334,23.333334,2.0
resstock-amy2018-2021-release-1-330722,0.0,2.78042,0.0,0.0,1.462647,0.0,0.0,0.0,0.0,0.0,0.0,0.0,0.0,0.0,0.0,0.0,0.0,0.0,13.5,0.0,-0.0,0.0,0.0,-0.0,0.0,-0.0,0.0,0.0,-0.0,0.0,4.4012313,2.78042,0.0,0.44252667,1.9051737,0.6036703,1.0331231,0.0,0.0,0.0,0.3168584,0.1383698,0.54227245,0.0,1.9051737,0.0,1.9051737,1.9051737,0.44252667,-0.0,8.33,23.333334,23.333334,23.333334,2.0
resstock-amy2018-2021-release-1-330722,0.0,2.9079826,0.7586842,0.0,1.6880995,0.8077173,0.0,0.0,0.0,0.0,0.0,0.0,0.0,0.0,0.0,0.0,0.0,0.0,13.5,0.0,-0.0,0.0,0.0,-0.0,0.0,-0.0,0.0,0.0,-0.0,0.0,4.4012313,2.9079826,0.0,2.2911623,4.786979,1.5202986,2.617397,0.0,0.0,0.0,0.3175904,0.1383698,0.54677427,0.0,4.786979,0.0,4.786979,4.786979,2.2911623,-0.0,4.4,23.333334,23.333334,23.333334,2.0
resstock-amy2018-2021-release-1-330722,0.0,2.3847225,1.2838514,0.0,1.2359856,1.3668256,0.0,0.0,0.0,0.0,0.0,0.0,0.0,0.0,0.0,0.0,0.0,0.0,13.5,0.0,-0.0,0.0,0.0,-0.0,0.0,-0.0,0.0,0.0,-0.0,0.0,4.4012313,2.3847225,0.0,0.49155286,3.0681386,0.9693581,1.6830556,0.0,0.0,0.0,0.3159434,0.1383698,0.5485592,0.0,3.0681386,0.0,3.0681386,3.094364,0.49155286,-0.026225306,8.89,23.333334,23.333334,23.333334,2.0
resstock-amy2018-2021-release-1-330722,0.0,1.8396351,0.6439998,0.0,0.9251772,0.68562096,0.0,0.0,0.0,0.0,0.0,0.0,0.0,0.0,0.0,0.0,0.0,0.0,13.5,0.0,-0.0,0.0,0.0,-0.0,0.0,-0.0,0.0,0.0,-0.0,0.0,4.4012313,1.8396351,0.0,0.9463793,2.4750774,0.7819843,1.3947906,0.0,0.0,0.0,0.3159434,0.1383698,0.56353414,0.0,2.4750774,0.0,2.4750774,2.5571773,0.9463793,-0.08210001,10.0,23.333334,23.333334,23.333334,2.0
resstock-amy2018-2021-release-1-330722,0.0,1.7825407,0.655679,0.0,0.8816446,0.69805497,0.0,0.0,0.0,0.0,0.0,0.0,0.0,0.0,0.0,0.0,0.0,0.0,13.5,0.0,-0.0,0.0,0.0,-0.0,0.0,-0.0,0.0,0.0,-0.0,0.0,4.4012313,1.7825407,0.0,0.63099164,2.0812476,0.63414574,1.2072431,0.0,0.0,0.0,0.304695,0.1383698,0.58005744,0.0,2.0812476,0.0,2.0812476,2.2106912,0.63099164,-0.12944362,10.6,23.333334,23.333334,23.333334,2.0
resstock-amy2018-2021-release-1-330722,0.0,1.1658105,3.966024,0.0,0.56853324,4.222345,0.0,0.0,0.0,0.0,0.0,0.0,0.0,0.0,0.0,0.0,0.0,0.0,13.5,0.0,-0.0,0.0,0.0,-0.0,0.0,-0.0,0.0,0.0,-0.0,0.0,4.4012313,1.1658105,0.0,0.63735294,5.2646947,1.5479255,3.0869184,0.0,0.0,0.0,0.29402,0.1383698,0.5863433,0.0,5.2646947,0.0,5.2646947,5.428231,0.63735294,-0.16353624,11.1,23.333334,23.333334,23.333334,2.0
resstock-amy2018-2021-release-1-330722,0.0,0.7464309,2.2981238,0.0,0.352637,2.4466496,0.0,0.0,0.0,0.0,0.0,0.0,0.0,0.0,0.0,0.0,0.0,0.0,13.5,0.0,-0.0,0.0,0.0,-0.0,0.0,-0.0,0.0,0.0,-0.0,0.0,4.4012313,0.7464309,0.0,0.5733528,3.2069645,0.96051794,1.8257102,0.0,0.0,0.0,0.29951,0.1383698,0.5692954,0.0,3.2069645,0.0,3.2069645,3.3726394,0.5733528,-0.16567501,12.2,23.333334,23.333334,23.333334,2.0
resstock-amy2018-2021-release-1-330722,0.0,1.0649378,0.73746604,0.0,0.49425626,0.7851278,0.0,0.0,0.0,0.0,0.0,0.0,0.0,0.0,0.0,0.0,0.0,0.0,13.5,0.0,-0.0,0.0,0.0,-0.0,0.0,-0.0,0.0,0.0,-0.0,0.0,4.4012313,1.0649378,0.0,0.57344794,1.6940595,0.49269316,0.9541711,0.0,0.0,0.0,0.2908358,0.1383698,0.56324536,0.0,1.6940595,0.0,1.6940595,1.8528321,0.57344794,-0.15877254,12.8,23.333334,23.333334,23.333334,2.0
resstock-amy2018-2021-release-1-330722,0.0,1.3858618,0.639273,0.0,0.64320266,0.68058866,0.0,0.0,0.0,0.0,0.0,0.0,0.0,0.0,0.0,0.0,0.0,0.0,13.5,0.0,-0.0,0.0,0.0,-0.0,0.0,-0.0,0.0,0.0,-0.0,0.0,4.4012313,1.3858618,0.0,0.5669902,1.7548692,0.54000944,0.9944945,0.0,0.0,0.0,0.3077206,0.1383698,0.56670576,0.0,1.7548692,0.0,1.7548692,1.8907816,0.5669902,-0.13591242,12.8,23.644777,23.333334,23.333334,2.0
resstock-amy2018-2021-release-1-330722,0.0,0.80982697,0.24456476,0.0,0.37024447,0.26037076,0.0,0.0,0.0,0.0,0.0,0.0,0.0,0.0,0.0,0.0,0.0,0.0,13.5,0.0,-0.0,0.0,0.0,-0.0,0.0,-0.0,0.0,0.0,-0.0,0.0,4.4012313,0.80982697,0.0,0.45714274,0.99589026,0.31657678,0.5722007,0.0,0.0,0.0,0.3178832,0.1383698,0.574562,0.0,0.99589026,0.0,0.99589026,1.087758,0.45714274,-0.09186771,13.3,23.233036,23.333334,23.333334,2.0
resstock-amy2018-2021-release-1-330722,0.0,0.7899302,0.0,0.0,0.37865993,0.0,0.0,0.0,0.0,0.0,0.0,0.0,0.0,0.0,0.0,0.0,0.0,0.0,13.5,0.0,-0.0,0.0,0.0,-0.0,0.0,-0.0,0.0,0.0,-0.0,0.0,4.4012313,0.7899302,0.0,0.44352973,0.78998727,0.2565305,0.46847823,0.0,0.0,0.0,0.3247274,0.1383698,0.59301996,0.0,0.78998727,0.0,0.78998727,0.8221897,0.44352973,-0.032202426,11.7,22.833405,23.333334,23.333334,2.0
resstock-amy2018-2021-release-1-330722,0.0,0.7899302,0.37934995,0.0,0.37865993,0.403867,0.0,0.0,0.0,0.0,0.0,0.0,0.0,0.0,0.0,0.0,0.0,0.0,13.5,0.0,-0.0,0.0,0.0,-0.0,0.0,-0.0,0.0,0.0,-0.0,0.0,4.4012313,0.7899302,0.0,1.7216804,2.5042074,0.8733403,1.5319271,0.0,0.0,0.0,0.3487492,0.1383698,0.6117413,0.0,2.5042074,0.0,2.5042074,2.5042074,1.7216804,-0.0,11.7,23.072151,22.777779,22.777779,2.0
resstock-amy2018-2021-release-1-330722,0.0,0.7772859,0.0,0.0,0.3844456,0.0,0.0,0.0,0.0,0.0,0.0,0.0,0.0,0.0,0.0,0.0,0.0,0.0,13.5,0.0,-0.0,0.0,0.0,-0.0,0.0,-0.0,0.0,0.0,-0.0,0.0,4.4012313,0.7772859,0.0,0.7420406,1.1264862,0.415716,0.65956634,0.0,0.0,0.0,0.3690378,0.1383698,0.5855077,0.0,1.1264862,0.0,1.1264862,1.1264862,0.7420406,-0.0,10.6,23.002188,22.777779,22.777779,2.0
resstock-amy2018-2021-release-1-330722,0.0,0.7772859,0.0,0.0,0.3844456,0.0,0.0,0.0,0.0,0.0,0.0,0.0,0.0,0.0,0.0,0.0,0.0,0.0,13.5,0.0,-0.0,0.0,0.0,-0.0,0.0,-0.0,0.0,0.0,-0.0,0.0,4.4012313,0.7772859,0.0,0.72727084,1.1117165,0.42848045,0.5851336,0.0,0.0,0.0,0.3854224,0.1383698,0.52633345,0.0,1.1117165,0.0,1.1117165,1.1117165,0.72727084,-0.0,10.6,22.970383,22.777779,22.777779,2.0
resstock-amy2018-2021-release-1-330722,1.4815252,0.7772859,0.0,0.0,0.3844456,0.0,0.0,0.0,0.0,0.0,0.0,0.0,0.0,0.0,0.0,0.0,0.0,0.0,13.5,0.0,-0.0,0.0,0.0,-0.0,0.0,-0.0,0.0,0.0,-0.0,0.0,4.4012313,0.7772859,0.0,0.78717995,1.1716256,0.43953535,0.6145776,0.0,0.0,0.0,0.37515,0.1383698,0.52455115,0.0,1.1716256,0.0,1.1716256,1.1716256,0.78717995,-0.0,10.6,22.902245,20.63426,20.63426,2.0
resstock-amy2018-2021-release-1-330722,0.0,0.7532134,0.0,0.0,0.39654285,0.0,0.0,0.0,0.0,0.0,0.0,0.0,0.0,0.0,0.0,0.0,0.0,0.0,13.5,0.0,-0.0,0.0,0.0,-0.0,0.0,-0.0,0.0,0.0,-0.0,0.0,4.4012313,0.7532134,0.0,0.6273819,1.0239248,0.34446368,0.5289455,0.0,0.0,0.0,0.336415,0.1383698,0.51658624,0.0,1.0239248,0.0,1.0239248,1.0239248,0.6273819,-0.0,8.3,22.143194,21.148148,21.148148,2.0
resstock-amy2018-2021-release-1-330722,0.0,0.73811674,0.0,0.0,0.40495837,0.0,0.0,0.0,0.0,0.0,0.0,0.0,0.0,0.0,0.0,0.0,0.0,0.0,13.5,0.0,-0.0,0.0,0.0,-0.0,0.0,-0.0,0.0,0.0,-0.0,0.0,4.4012313,0.73811674,0.0,0.4255669,0.8305253,0.26683697,0.420333,0.0,0.0,0.0,0.321287,0.1383698,0.506105,0.0,0.8305253,0.0,0.8305253,0.8305253,0.4255669,-0.0,6.7,21.315079,21.625,21.625,2.0
resstock-amy2018-2021-release-1-330722,0.0,0.75920767,0.0,0.0,0.39338708,0.0,0.0,0.0,0.0,0.0,0.0,0.0,0.0,0.0,0.0,0.0,0.0,0.0,13.5,0.0,-0.0,0.0,0.0,-0.0,0.0,-0.0,0.0,0.0,-0.0,0.0,4.4012313,0.75920767,0.0,0.42038545,0.81377256,0.25791025,0.39597356,0.0,0.0,0.0,0.3169316,0.1383698,0.48658997,0.0,0.81377256,0.0,0.81377256,0.81377256,0.42038545,-0.0,8.9,21.01054,21.11111,21.11111,2.0
resstock-amy2018-2021-release-1-330722,0.0,0.75920767,0.0,0.0,0.39338708,0.0,0.0,0.0,0.0,0.0,0.0,0.0,0.0,0.0,0.0,0.0,0.0,0.0,13.5,0.0,-0.0,0.0,0.0,-0.0,0.0,-0.0,0.0,0.0,-0.0,0.0,4.4012313,0.75920767,0.0,0.34643605,0.7398231,0.23446429,0.37426007,0.0,0.0,0.0,0.3169194,0.1383698,0.5058778,0.0,0.7398231,0.0,0.7398231,0.7398231,0.34643605,-0.0,8.9,20.545273,21.11111,21.11111,2.0
resstock-amy2018-2021-release-1-330722,0.0,0.7532134,0.0,0.0,0.39654285,0.0,0.0,0.0,0.0,0.0,0.0,0.0,0.0,0.0,0.0,0.0,0.0,0.0,13.5,0.0,-0.0,0.0,0.0,-0.0,0.0,-0.0,0.0,0.0,-0.0,0.0,4.4012313,0.7532134,0.0,0.34443307,0.7409759,0.23476636,0.35861844,0.0,0.0,0.0,0.316834,0.1383698,0.48398122,0.0,0.7409759,0.0,0.7409759,0.7409759,0.34443307,-0.0,8.3,19.95187,21.11111,21.11111,2.0
resstock-amy2018-2021-release-1-330722,0.0,0.7427017,0.0,0.0,0.4023285,0.0,0.0,0.0,0.0,0.0,0.0,0.0,0.0,0.0,0.0,0.0,0.0,0.0,13.5,0.0,-0.0,0.0,0.0,-0.0,0.0,-0.0,0.0,0.0,-0.0,0.0,4.4012313,0.7427017,0.0,0.34260106,0.74492955,0.22947556,0.37452686,0.0,0.0,0.0,0.30805,0.1383698,0.50276816,0.0,0.74492955,0.0,0.74492955,0.74492955,0.34260106,-0.0,7.2,19.205376,21.11111,21.11111,2.0
resstock-amy2018-2021-release-1-330722,0.0,0.7427017,0.0,0.0,0.4023285,0.0,0.0,0.0,0.0,0.0,0.0,0.0,0.0,0.0,0.0,0.0,0.0,0.0,13.5,0.0,-0.0,0.0,0.0,-0.0,0.0,-0.0,0.0,0.0,-0.0,0.0,4.4012313,0.7427017,0.0,0.34071207,0.74304056,0.22889365,0.38232037,0.0,0.0,0.0,0.30805,0.1383698,0.514535,0.0,0.74304056,0.0,0.74304056,0.74304056,0.34071207,-0.0,7.2,18.637932,21.11111,21.11111,2.0
resstock-amy2018-2021-release-1-330722,0.0,0.73811674,0.0,0.0,0.40495837,0.0,0.0,0.0,0.0,0.0,0.0,0.0,0.0,0.0,0.0,0.0,0.0,0.0,13.5,0.0,-0.0,0.0,0.0,-0.0,0.0,-0.0,0.0,0.0,-0.0,0.0,4.4012313,0.73811674,0.0,0.3387091,0.7436675,0.23443061,0.39888352,0.0,0.0,0.0,0.3152358,0.1383698,0.5363735,0.0,0.7436675,0.0,0.7436675,0.7436675,0.3387091,-0.0,6.7,18.216145,21.11111,21.11111,2.0
resstock-amy2018-2021-release-1-330722,0.0,0.7427017,0.0,0.0,0.4023285,0.0,0.0,0.0,0.0,0.0,0.0,0.0,0.0,0.0,0.0,0.0,0.0,0.0,13.5,0.0,-0.0,0.0,0.0,-0.0,0.0,-0.0,0.0,0.0,-0.0,0.0,4.4012313,0.7427017,0.0,0.39408332,0.7964118,0.2510575,0.4369609,0.0,0.0,0.0,0.3152358,0.1383698,0.548662,0.0,0.7964118,0.0,0.7964118,0.7964118,0.39408332,-0.0,7.2,18.193375,21.11111,21.11111,2.0
resstock-amy2018-2021-release-1-330722,0.0,0.7532134,0.0,0.0,0.39654285,0.0,0.0,0.0,0.0,0.0,0.0,0.0,0.0,0.0,0.0,0.0,0.0,0.0,13.5,0.0,-0.0,0.0,0.0,-0.0,0.0,-0.0,0.0,0.0,-0.0,0.0,4.4012313,0.7532134,0.0,0.5421103,0.9386532,0.31073833,0.5167859,0.0,0.0,0.0,0.331047,0.1383698,0.5505611,0.0,0.9386532,0.0,0.9386532,0.9386532,0.5421103,-0.0,8.3,18.509789,21.11111,21.11111,2.0
resstock-amy2018-2021-release-1-330722,0.0,0.75920767,0.0,0.0,0.39338708,0.0,0.0,0.0,0.0,0.0,0.0,0.0,0.0,0.0,0.0,0.0,0.0,0.0,13.5,0.0,-0.0,0.0,0.0,-0.0,0.0,-0.0,0.0,0.0,-0.0,0.0,4.4012313,0.75920767,0.0,0.5514805,0.94486755,0.31725666,0.5269447,0.0,0.0,0.0,0.3357684,0.1383698,0.5576916,0.0,0.94486755,0.0,0.94486755,0.94486755,0.5514805,-0.0,8.9,18.443588,20.787037,20.787037,2.0
resstock-amy2018-2021-release-1-330722,0.0,0.76435184,1.8398808,0.0,0.3907572,1.9587908,0.0,0.0,0.0,0.0,0.0,0.0,0.0,0.0,0.0,0.0,0.0,0.0,13.5,0.0,-0.0,0.0,0.0,-0.0,0.0,-0.0,0.0,0.0,-0.0,0.0,4.4012313,0.76435184,0.0,0.56336623,2.8879066,1.0071551,1.6423506,0.0,0.0,0.0,0.3487492,0.1383698,0.56869936,0.0,2.8879066,0.0,2.8879066,2.9129143,0.56336623,-0.025007727,9.4,18.659084,20.555555,20.555555,2.0
resstock-amy2018-2021-release-1-330722,0.0,0.7899302,3.297811,0.0,0.37865993,3.5109458,0.0,0.0,0.0,0.0,0.0,0.0,0.0,0.0,0.0,0.0,0.0,0.0,13.5,0.0,-0.0,0.0,0.0,-0.0,0.0,-0.0,0.0,0.0,-0.0,0.0,4.4012313,0.7899302,0.0,0.56353635,4.3892426,1.4805696,2.5172212,0.0,0.0,0.0,0.3373178,0.1383698,0.57349783,0.0,4.3892426,0.0,4.3892426,4.453142,0.56353635,-0.063899584,11.7,19.06266,20.555555,20.555555,2.0
resstock-amy2018-2021-release-1-330722,0.0,0.7899302,0.0,0.0,0.37865993,0.0,0.0,0.0,0.0,0.0,0.0,0.0,0.0,0.0,0.0,0.0,0.0,0.0,13.5,0.0,-0.0,0.0,0.0,-0.0,0.0,-0.0,0.0,0.0,-0.0,0.0,4.4012313,0.7899302,0.0,0.48825794,0.8074725,0.26473036,0.46837583,0.0,0.0,0.0,0.3278506,0.1383698,0.5800517,0.0,0.8074725,0.0,0.8074725,0.86691785,0.48825794,-0.059445318,11.7,19.163883,20.555555,20.555555,2.0
resstock-amy2018-2021-release-1-330722,0.0,0.803405,0.0,0.0,0.3728743,0.0,0.0,0.0,0.0,0.0,0.0,0.0,0.0,0.0,0.0,0.0,0.0,0.0,13.5,0.0,-0.0,0.0,0.0,-0.0,0.0,-0.0,0.0,0.0,-0.0,0.0,4.4012313,0.803405,0.0,1.7443153,2.0726914,0.67350525,1.2331352,0.0,0.0,0.0,0.32494235,0.1383698,0.59494394,0.0,2.0726914,0.0,2.0726914,2.1171896,1.7443153,-0.0444982,12.8,19.297653,20.555555,20.555555,2.0
resstock-amy2018-2021-release-1-330722,0.0,0.81779486,0.26388028,0.0,0.36708868,0.28093463,0.0,0.0,0.0,0.0,0.0,0.0,0.0,0.0,0.0,0.0,0.0,0.0,13.5,0.0,-0.0,0.0,0.0,-0.0,0.0,-0.0,0.0,0.0,-0.0,0.0,4.4012313,0.81779486,0.0,0.5835413,1.1925218,0.38500386,0.72279614,0.0,0.0,0.0,0.3228485,0.1383698,0.6061073,0.0,1.1925218,0.0,1.1925218,1.2315646,0.5835413,-0.039042808,13.9,19.63433,20.555555,20.555555,2.0
resstock-amy2018-2021-release-1-330722,0.0,0.80982697,0.0,0.0,0.37024447,0.0,0.0,0.0,0.0,0.0,0.0,0.0,0.0,0.0,0.0,0.0,0.0,0.0,13.5,0.0,-0.0,0.0,0.0,-0.0,0.0,-0.0,0.0,0.0,-0.0,0.0,4.4012313,0.80982697,0.0,0.8486434,1.18415,0.38215345,0.72822124,0.0,0.0,0.0,0.32272387,0.1383698,0.61497384,0.0,1.18415,0.0,1.18415,1.2188879,0.8486434,-0.0347379,13.3,19.495789,20.555555,20.555555,2.0
resstock-amy2018-2021-release-1-330722,0.0,0.80982697,0.0,0.0,0.37024447,0.0,0.0,0.0,0.0,0.0,0.0,0.0,0.0,0.0,0.0,0.0,0.0,0.0,13.5,0.0,-0.0,0.0,0.0,-0.0,0.0,-0.0,0.0,0.0,-0.0,0.0,4.4012313,0.80982697,0.0,1.0971549,1.4468215,0.47347638,0.8981667,0.0,0.0,0.0,0.3272528,0.1383698,0.62078613,0.0,1.4468215,0.0,1.4468215,1.4673994,1.0971549,-0.020577867,13.3,19.666357,20.555555,20.555555,2.0
resstock-amy2018-2021-release-1-330722,0.0,0.7959474,0.0,0.0,0.3760301,0.0,0.0,0.0,0.0,0.0,0.0,0.0,0.0,0.0,0.0,0.0,0.0,0.0,13.5,0.0,-0.0,0.0,0.0,-0.0,0.0,-0.0,0.0,0.0,-0.0,0.0,4.4012313,0.7959474,0.0,0.53647,0.8996215,0.2980804,0.5579734,0.0,0.0,0.0,0.3313398,0.1383698,0.6202313,0.0,0.8996215,0.0,0.8996215,0.9125001,0.53647,-0.012878621,12.2,19.583971,20.555555,20.555555,2.0
resstock-amy2018-2021-release-1-330722,0.0,0.7959474,0.0,0.0,0.3760301,0.0,0.0,0.0,0.0,0.0,0.0,0.0,0.0,0.0,0.0,0.0,0.0,0.0,13.5,0.0,-0.0,0.0,0.0,-0.0,0.0,-0.0,0.0,0.0,-0.0,0.0,4.4012313,0.7959474,0.0,0.5333524,0.9055226,0.3079014,0.5618626,0.0,0.0,0.0,0.3400262,0.1383698,0.62048435,0.0,0.9055226,0.0,0.9055226,0.90938246,0.5333524,-0.0038599072,12.2,19.78801,20.555555,20.555555,2.0
resstock-amy2018-2021-release-1-330722,0.0,0.7959474,0.37970972,0.0,0.3760301,0.40425003,0.0,0.0,0.0,0.0,0.0,0.0,0.0,0.0,0.0,0.0,0.0,0.0,13.5,0.0,-0.0,0.0,0.0,-0.0,0.0,-0.0,0.0,0.0,-0.0,0.0,4.4012313,0.7959474,0.0,0.6944981,1.4747783,0.6018423,0.9127619,0.0,0.0,0.0,0.40809,0.1383698,0.61891466,0.0,1.4747783,0.0,1.4747783,1.4747783,0.6944981,0.0,12.2,20.189602,20.555555,20.555555,2.0
resstock-amy2018-2021-release-1-330722,0.0,0.7899302,1.1391118,0.0,0.37865993,1.2127316,0.0,0.0,0.0,0.0,0.0,0.0,0.0,0.0,0.0,0.0,0.0,0.0,13.5,0.0,-0.0,0.0,0.0,-0.0,0.0,-0.0,0.0,0.0,-0.0,0.0,4.4012313,0.7899302,0.0,0.8673652,2.4587567,0.95839876,1.4918118,0.0,0.0,0.0,0.38979,0.1383698,0.6067342,0.0,2.4587567,0.0,2.4587567,2.4587567,0.8673652,-0.0,11.7,20.475325,21.11111,21.11111,2.0
resstock-amy2018-2021-release-1-330722,1.0624796,0.7959474,0.18915512,0.0,0.3760301,0.20138004,0.0,0.0,0.0,0.0,0.0,0.0,0.0,0.0,0.0,0.0,0.0,0.0,13.5,0.0,-0.0,0.0,0.0,-0.0,0.0,-0.0,0.0,0.0,-0.0,0.0,4.4012313,0.7959474,0.0,0.8488175,1.4262276,0.56114924,0.85558766,0.0,0.0,0.0,0.39345,0.1383698,0.5998956,0.0,1.4262276,0.0,1.4262276,1.4262276,0.8488175,-0.0,12.2,20.770079,19.444445,19.444445,2.0
resstock-amy2018-2021-release-1-330722,0.0,0.80982697,0.5607713,0.0,0.37024447,0.5970135,0.0,0.0,0.0,0.0,0.0,0.0,0.0,0.0,0.0,0.0,0.0,0.0,13.5,0.0,-0.0,0.0,0.0,-0.0,0.0,-0.0,0.0,0.0,-0.0,0.0,4.4012313,0.80982697,0.0,1.1973689,2.1646268,0.7485475,1.2845551,0.0,0.0,0.0,0.345809,0.1383698,0.5934303,0.0,2.1646268,0.0,2.1646268,2.1646268,1.1973689,-0.0,13.3,20.937756,21.11111,21.11111,2.0
resstock-amy2018-2021-release-1-330722,0.0,0.7829354,1.7577634,0.0,0.38181576,1.8713661,0.0,0.0,0.0,0.0,0.0,0.0,0.0,0.0,0.0,0.0,0.0,0.0,13.5,0.0,-0.0,0.0,0.0,-0.0,0.0,-0.0,0.0,0.0,-0.0,0.0,4.4012313,0.7829354,0.0,0.5379482,2.79113,0.9248125,1.6364386,0.0,0.0,0.0,0.3313398,0.1383698,0.58629966,0.0,2.79113,0.0,2.79113,2.79113,0.5379482,-0.0,11.1,20.572266,21.148148,21.148148,2.0
resstock-amy2018-2021-release-1-330722,0.0,0.7829354,0.0,0.0,0.38181576,0.0,0.0,0.0,0.0,0.0,0.0,0.0,0.0,0.0,0.0,0.0,0.0,0.0,13.5,0.0,-0.0,0.0,0.0,-0.0,0.0,-0.0,0.0,0.0,-0.0,0.0,4.4012313,0.7829354,0.0,0.49628696,0.8781027,0.28600106,0.50774366,0.0,0.0,0.0,0.3257034,0.1383698,0.5782281,0.0,0.8781027,0.0,0.8781027,0.8781027,0.49628696,-0.0,11.1,20.434422,21.62963,21.62963,2.0
resstock-amy2018-2021-release-1-330722,0.0,0.7772859,0.0,0.0,0.3844456,0.0,0.0,0.0,0.0,0.0,0.0,0.0,0.0,0.0,0.0,0.0,0.0,0.0,13.5,0.0,-0.0,0.0,0.0,-0.0,0.0,-0.0,0.0,0.0,-0.0,0.0,4.4012313,0.7772859,0.0,0.42038545,0.804831,0.25283766,0.45807636,0.0,0.0,0.0,0.31415,0.1383698,0.56915843,0.0,0.804831,0.0,0.804831,0.804831,0.42038545,-0.0,10.6,20.158037,21.11111,21.11111,2.0
resstock-amy2018-2021-release-1-330722,0.0,0.7772859,0.0,0.0,0.3844456,0.0,0.0,0.0,0.0,0.0,0.0,0.0,0.0,0.0,0.0,0.0,0.0,0.0,13.5,0.0,-0.0,0.0,0.0,-0.0,0.0,-0.0,0.0,0.0,-0.0,0.0,4.4012313,0.7772859,0.0,0.37782818,0.7622738,0.22623478,0.40743017,0.0,0.0,0.0,0.2967894,0.1383698,0.5344932,0.0,0.7622738,0.0,0.7622738,0.7622738,0.37782818,-0.0,10.6,19.879705,21.11111,21.11111,2.0
resstock-amy2018-2021-release-1-330722,0.0,0.7772859,0.0,0.0,0.3844456,0.0,0.0,0.0,0.0,0.0,0.0,0.0,0.0,0.0,0.0,0.0,0.0,0.0,13.5,0.0,-0.0,0.0,0.0,-0.0,0.0,-0.0,0.0,0.0,-0.0,0.0,4.4012313,0.7772859,0.0,0.36772022,0.7521658,0.20315681,0.40100533,0.0,0.0,0.0,0.2700958,0.1383698,0.5331342,0.0,0.7521658,0.0,0.7521658,0.7521658,0.36772022,-0.0,10.6,19.535955,21.11111,21.11111,2.0
resstock-amy2018-2021-release-1-330722,0.0,0.76435184,0.0,0.0,0.3907572,0.0,0.0,0.0,0.0,0.0,0.0,0.0,0.0,0.0,0.0,0.0,0.0,0.0,13.5,0.0,-0.0,0.0,0.0,-0.0,0.0,-0.0,0.0,0.0,-0.0,0.0,4.4012313,0.76435184,0.0,0.3619026,0.7526598,0.17676216,0.39728606,0.0,0.0,0.0,0.23485,0.1383698,0.5278428,0.0,0.7526598,0.0,0.7526598,0.7526598,0.3619026,-0.0,9.4,19.00995,21.11111,21.11111,2.0
resstock-amy2018-2021-release-1-330722,0.0,0.76435184,0.0,0.0,0.3907572,0.0,0.0,0.0,0.0,0.0,0.0,0.0,0.0,0.0,0.0,0.0,0.0,0.0,13.5,0.0,-0.0,0.0,0.0,-0.0,0.0,-0.0,0.0,0.0,-0.0,0.0,4.4012313,0.76435184,0.0,0.34071207,0.7314693,0.1673236,0.38561738,0.0,0.0,0.0,0.22875,0.1383698,0.5271819,0.0,0.7314693,0.0,0.7314693,0.7314693,0.34071207,-0.0,9.4,18.681166,21.11111,21.11111,2.0
resstock-amy2018-2021-release-1-330722,0.0,0.77071196,3.8961205,0.0,0.3876014,4.1479235,0.0,0.0,0.0,0.0,0.0,0.0,0.0,0.0,0.0,0.0,0.0,0.0,13.5,0.0,-0.0,0.0,0.0,-0.0,0.0,-0.0,0.0,0.0,-0.0,0.0,4.4012313,0.77071196,0.0,0.3387091,4.874234,1.1068572,2.5630364,0.0,0.0,0.0,0.2270833,0.1383698,0.52583367,0.0,4.874234,0.0,4.874234,4.874234,0.3387091,-0.0,10.0,18.672626,21.11111,21.11111,2.0
resstock-amy2018-2021-release-1-330722,0.0,0.7532134,0.0,0.0,0.39654285,0.0,0.0,0.0,0.0,0.0,0.0,0.0,0.0,0.0,0.0,0.0,0.0,0.0,13.5,0.0,-0.0,0.0,0.0,-0.0,0.0,-0.0,0.0,0.0,-0.0,0.0,4.4012313,0.7532134,0.0,0.3664817,0.76302457,0.20608974,0.39607692,0.0,0.0,0.0,0.2700958,0.1383698,0.51908803,0.0,0.76302457,0.0,0.76302457,0.76302457,0.3664817,-0.0,8.3,18.540571,21.11111,21.11111,2.0
resstock-amy2018-2021-release-1-330722,0.0,0.77071196,0.0,0.0,0.3876014,0.0,0.0,0.0,0.0,0.0,0.0,0.0,0.0,0.0,0.0,0.0,0.0,0.0,13.5,0.0,-0.0,0.0,0.0,-0.0,0.0,-0.0,0.0,0.0,-0.0,0.0,4.4012313,0.77071196,0.0,0.8748407,1.2624421,0.40673056,0.654288,0.0,0.0,0.0,0.3221776,0.1383698,0.5182717,0.0,1.2624421,0.0,1.2624421,1.2624421,0.8748407,-0.0,10.0,18.764652,21.11111,21.11111,2.0
resstock-amy2018-2021-release-1-330722,0.0,0.7532134,0.0,0.0,0.39654285,0.0,0.0,0.0,0.0,0.0,0.0,0.0,0.0,0.0,0.0,0.0,0.0,0.0,13.5,0.0,-0.0,0.0,0.0,-0.0,0.0,-0.0,0.0,0.0,-0.0,0.0,4.4012313,0.7532134,0.0,0.34683496,0.7433778,0.23954502,0.3862482,0.0,0.0,0.0,0.3222386,0.1383698,0.5195853,0.0,0.7433778,0.0,0.7433778,0.7433778,0.34683496,-0.0,8.3,18.12526,21.037037,21.037037,2.0
resstock-amy2018-2021-release-1-330722,0.8879091,0.7772859,1.4308434,0.0,0.3844456,1.5233176,0.0,0.0,0.0,0.0,0.0,0.0,0.0,0.0,0.0,0.0,0.0,0.0,13.5,0.0,-0.0,0.0,0.0,-0.0,0.0,-0.0,0.0,0.0,-0.0,0.0,4.4012313,0.7772859,0.0,0.56336623,2.4706535,0.8205851,1.2885498,0.0,0.0,0.0,0.3321328,0.1383698,0.5215421,0.0,2.4706535,0.0,2.4706535,2.4711294,0.56336623,-0.00047581518,10.6,18.51828,19.518518,19.518518,2.0
resstock-amy2018-2021-release-1-330722,0.0,0.7899302,0.76012266,0.0,0.37865993,0.80924875,0.0,0.0,0.0,0.0,0.0,0.0,0.0,0.0,0.0,0.0,0.0,0.0,13.5,0.0,-0.0,0.0,0.0,-0.0,0.0,-0.0,0.0,0.0,-0.0,0.0,4.4012313,0.7899302,0.0,0.4914573,1.6724681,0.552931,0.88687027,0.0,0.0,0.0,0.3306078,0.1383698,0.53027636,0.0,1.6724681,0.0,1.6724681,1.679366,0.4914573,-0.0068979044,11.7,18.386007,20.555555,20.555555,2.0
resstock-amy2018-2021-release-1-330722,0.0,0.803405,0.0,0.0,0.3728743,0.0,0.0,0.0,0.0,0.0,0.0,0.0,0.0,0.0,0.0,0.0,0.0,0.0,13.5,0.0,-0.0,0.0,0.0,-0.0,0.0,-0.0,0.0,0.0,-0.0,0.0,4.4012313,0.803405,0.0,0.5596248,0.91829085,0.29585272,0.48835388,0.0,0.0,0.0,0.3221776,0.1383698,0.5318074,0.0,0.91829085,0.0,0.91829085,0.93249905,0.5596248,-0.014208176,12.8,18.788307,20.555555,20.555555,2.0
resstock-amy2018-2021-release-1-330722,0.0,0.803405,0.0,0.0,0.3728743,0.0,0.0,0.0,0.0,0.0,0.0,0.0,0.0,0.0,0.0,0.0,0.0,0.0,13.5,0.0,-0.0,0.0,0.0,-0.0,0.0,-0.0,0.0,0.0,-0.0,0.0,4.4012313,0.803405,0.0,0.56441003,0.9283659,0.28620964,0.49292892,0.0,0.0,0.0,0.308294,0.1383698,0.5309641,0.0,0.9283659,0.0,0.9283659,0.93728435,0.56441003,-0.008918465,12.8,18.693605,20.0,20.0,2.0
resstock-amy2018-2021-release-1-330722,0.0,0.7899302,0.0,0.0,0.37865993,0.0,0.0,0.0,0.0,0.0,0.0,0.0,0.0,0.0,0.0,0.0,0.0,0.0,13.5,0.0,-0.0,0.0,0.0,-0.0,0.0,-0.0,0.0,0.0,-0.0,0.0,4.4012313,0.7899302,0.0,0.42390978,0.78923786,0.23831038,0.41351336,0.0,0.0,0.0,0.30195,0.1383698,0.5239401,0.0,0.78923786,0.0,0.78923786,0.80256975,0.42390978,-0.013331912,11.7,18.292679,20.0,20.0,2.0
resstock-amy2018-2021-release-1-330722,0.0,0.7899302,0.0,0.0,0.37865993,0.0,0.0,0.0,0.0,0.0,0.0,0.0,0.0,0.0,0.0,0.0,0.0,0.0,13.5,0.0,-0.0,0.0,0.0,-0.0,0.0,-0.0,0.0,0.0,-0.0,0.0,4.4012313,0.7899302,0.0,0.49877068,0.8679121,0.26181194,0.44386813,0.0,0.0,0.0,0.3016572,0.1383698,0.5114206,0.0,0.8679121,0.0,0.8679121,0.8774306,0.49877068,-0.009518497,11.7,18.35522,20.0,20.0,2.0
resstock-amy2018-2021-release-1-330722,0.0,0.7947299,0.38006005,0.0,0.37655607,0.404623,0.0,0.0,0.0,0.0,0.0,0.0,0.0,0.0,0.0,0.0,0.0,0.0,13.5,0.0,-0.0,0.0,0.0,-0.0,0.0,-0.0,0.0,0.0,-0.0,0.0,4.4012313,0.7947299,0.0,0.49452254,1.2655909,0.3901741,0.63144904,0.0,0.0,0.0,0.308294,0.1383698,0.49893615,0.0,1.2655909,0.0,1.2655909,1.2757016,0.49452254,-0.010110753,12.1,18.292257,20.0,20.0,2.0
resstock-amy2018-2021-release-1-330722,0.22999337,0.7899302,1.3214813,0.0,0.37865993,1.4068875,0.0,0.0,0.0,0.0,0.0,0.0,0.0,0.0,0.0,0.0,0.0,0.0,13.5,0.0,-0.0,0.0,0.0,-0.0,0.0,-0.0,0.0,0.0,-0.0,0.0,4.4012313,0.7899302,0.0,0.53647,2.3126943,0.74064034,1.1256801,0.0,0.0,0.0,0.32025,0.1383698,0.4867397,0.0,2.3126943,0.0,2.3126943,2.3220174,0.53647,-0.009323201,11.7,18.50534,19.444445,19.444445,2.0
resstock-amy2018-2021-release-1-330722,0.6417461,0.78305,1.9156591,0.0,0.38176316,2.0394664,0.0,0.0,0.0,0.0,0.0,0.0,0.0,0.0,0.0,0.0,0.0,0.0,13.5,0.0,-0.0,0.0,0.0,-0.0,0.0,-0.0,0.0,0.0,-0.0,0.0,4.4012313,0.78305,0.0,0.62317497,3.0406513,0.99194556,1.4739786,0.0,0.0,0.0,0.326228,0.1383698,0.48475754,0.0,3.0406513,0.0,3.0406513,3.0444045,0.62317497,-0.0037532721,11.11,18.721409,19.444445,19.444445,2.0
resstock-amy2018-2021-release-1-330722,0.0,0.7829354,1.9002701,0.0,0.38181576,2.023083,0.0,0.0,0.0,0.0,0.0,0.0,0.0,0.0,0.0,0.0,0.0,0.0,13.5,0.0,-0.0,0.0,0.0,-0.0,0.0,-0.0,0.0,0.0,-0.0,0.0,4.4012313,0.7829354,0.0,0.6944981,3.0993967,1.0318314,1.5417322,0.0,0.0,0.0,0.3329136,0.1383698,0.49742976,0.0,3.0993967,0.0,3.0993967,3.0993967,0.6944981,0.0,11.1,18.807915,20.0,20.0,2.0
resstock-amy2018-2021-release-1-330722,0.35136425,0.7829354,3.5752788,0.0,0.38181576,3.806346,0.0,0.0,0.0,0.0,0.0,0.0,0.0,0.0,0.0,0.0,0.0,0.0,13.5,0.0,-0.0,0.0,0.0,-0.0,0.0,-0.0,0.0,0.0,-0.0,0.0,4.4012313,0.7829354,0.0,0.8673652,5.0555267,1.6807098,2.6259105,0.0,0.0,0.0,0.33245,0.1383698,0.5194138,0.0,5.0555267,0.0,5.0555267,5.0555267,0.8673652,-0.0,11.1,19.373314,20.0,20.0,2.0
resstock-amy2018-2021-release-1-330722,0.0,0.79619175,0.24289215,0.0,0.37592492,0.25859007,0.0,0.0,0.0,0.0,0.0,0.0,0.0,0.0,0.0,0.0,0.0,0.0,13.5,0.0,-0.0,0.0,0.0,-0.0,0.0,-0.0,0.0,0.0,-0.0,0.0,4.4012313,0.79619175,0.0,0.72727084,1.3617859,0.45229375,0.7127553,0.0,0.0,0.0,0.3321328,0.1383698,0.5233975,0.0,1.3617859,0.0,1.3617859,1.3617859,0.72727084,-0.0,12.22,19.575108,20.0,20.0,2.0
resstock-amy2018-2021-release-1-330722,0.0,0.7899302,1.9003006,0.0,0.37865993,2.0231154,0.0,0.0,0.0,0.0,0.0,0.0,0.0,0.0,0.0,0.0,0.0,0.0,13.5,0.0,-0.0,0.0,0.0,-0.0,0.0,-0.0,0.0,0.0,-0.0,0.0,4.4012313,0.7899302,0.0,0.68064165,3.082417,1.0060221,1.6113799,0.0,0.0,0.0,0.3263744,0.1383698,0.52276504,0.0,3.082417,0.0,3.082417,3.082417,0.68064165,-0.0,11.7,19.54674,20.625,20.625,2.0
resstock-amy2018-2021-release-1-330722,0.0,0.7911197,0.3800552,0.0,0.37813398,0.40461782,0.0,0.0,0.0,0.0,0.0,0.0,0.0,0.0,0.0,0.0,0.0,0.0,13.5,0.0,-0.0,0.0,0.0,-0.0,0.0,-0.0,0.0,0.0,-0.0,0.0,4.4012313,0.7911197,0.0,0.6273819,1.4101337,0.4514061,0.73393756,0.0,0.0,0.0,0.3201158,0.1383698,0.5204737,0.0,1.4101337,0.0,1.4101337,1.4101337,0.6273819,-0.0,11.8,19.460783,21.143518,21.143518,2.0
resstock-amy2018-2021-release-1-330722,0.0,0.7959474,0.0,0.0,0.3760301,0.0,0.0,0.0,0.0,0.0,0.0,0.0,0.0,0.0,0.0,0.0,0.0,0.0,13.5,0.0,-0.0,0.0,0.0,-0.0,0.0,-0.0,0.0,0.0,-0.0,0.0,4.4012313,0.7959474,0.0,0.567007,0.9430371,0.28310484,0.48292887,0.0,0.0,0.0,0.3002054,0.1383698,0.51209956,0.0,0.9430371,0.0,0.9430371,0.9430371,0.567007,-0.0,12.2,19.425182,21.62963,21.62963,2.0
resstock-amy2018-2021-release-1-330722,0.0,0.7959474,0.0,0.0,0.3760301,0.0,0.0,0.0,0.0,0.0,0.0,0.0,0.0,0.0,0.0,0.0,0.0,0.0,13.5,0.0,-0.0,0.0,0.0,-0.0,0.0,-0.0,0.0,0.0,-0.0,0.0,4.4012313,0.7959474,0.0,0.37884125,0.75487137,0.20490062,0.3804299,0.0,0.0,0.0,0.2714378,0.1383698,0.5039665,0.0,0.75487137,0.0,0.75487137,0.75487137,0.37884125,-0.0,12.2,19.401913,21.11111,21.11111,2.0
resstock-amy2018-2021-release-1-330722,0.0,0.7984039,0.0,0.0,0.37497818,0.0,0.0,0.0,0.0,0.0,0.0,0.0,0.0,0.0,0.0,0.0,0.0,0.0,13.5,0.0,-0.0,0.0,0.0,-0.0,0.0,-0.0,0.0,0.0,-0.0,0.0,4.4012313,0.7984039,0.0,0.34643605,0.7214142,0.17074431,0.34725505,0.0,0.0,0.0,0.23668,0.1383698,0.48135322,0.0,0.7214142,0.0,0.7214142,0.7214142,0.34643605,-0.0,12.4,19.319206,21.11111,21.11111,2.0
resstock-amy2018-2021-release-1-330722,0.0,0.7959474,0.0,0.0,0.3760301,0.0,0.0,0.0,0.0,0.0,0.0,0.0,0.0,0.0,0.0,0.0,0.0,0.0,13.5,0.0,-0.0,0.0,0.0,-0.0,0.0,-0.0,0.0,0.0,-0.0,0.0,4.4012313,0.7959474,0.0,0.34443307,0.72046316,0.16851518,0.35369992,0.0,0.0,0.0,0.2338984,0.1383698,0.49093407,0.0,0.72046316,0.0,0.72046316,0.72046316,0.34443307,-0.0,12.2,19.158535,21.11111,21.11111,2.0
resstock-amy2018-2021-release-1-330722,0.0,0.7959474,0.0,0.0,0.3760301,0.0,0.0,0.0,0.0,0.0,0.0,0.0,0.0,0.0,0.0,0.0,0.0,0.0,13.5,0.0,-0.0,0.0,0.0,-0.0,0.0,-0.0,0.0,0.0,-0.0,0.0,4.4012313,0.7959474,0.0,0.34260106,0.71863115,0.15123592,0.34929627,0.0,0.0,0.0,0.21045,0.1383698,0.4860578,0.0,0.71863115,0.0,0.71863115,0.71863115,0.34260106,-0.0,12.2,19.011517,21.11111,21.11111,2.0
resstock-amy2018-2021-release-1-330722,0.0,0.7899302,0.0,0.0,0.37865993,0.0,0.0,0.0,0.0,0.0,0.0,0.0,0.0,0.0,0.0,0.0,0.0,0.0,13.5,0.0,-0.0,0.0,0.0,-0.0,0.0,-0.0,0.0,0.0,-0.0,0.0,4.4012313,0.7899302,0.0,0.34071207,0.71937203,0.17234097,0.3514232,0.0,0.0,0.0,0.2395714,0.1383698,0.48851386,0.0,0.71937203,0.0,0.71937203,0.71937203,0.34071207,-0.0,11.7,18.851257,21.11111,21.11111,2.0
resstock-amy2018-2021-release-1-330722,0.0,0.7899302,1.6045423,0.0,0.37865993,1.7082424,0.0,0.0,0.0,0.0,0.0,0.0,0.0,0.0,0.0,0.0,0.0,0.0,13.5,0.0,-0.0,0.0,0.0,-0.0,0.0,-0.0,0.0,0.0,-0.0,0.0,4.4012313,0.7899302,0.0,0.35814646,2.4450488,0.5980834,1.2165565,0.0,0.0,0.0,0.24461,0.1383698,0.4975592,0.0,2.4450488,0.0,2.4450488,2.4450488,0.35814646,-0.0,11.7,18.84335,21.11111,21.11111,2.0
resstock-amy2018-2021-release-1-330722,0.0,0.7899302,0.0,0.0,0.37865993,0.0,0.0,0.0,0.0,0.0,0.0,0.0,0.0,0.0,0.0,0.0,0.0,0.0,13.5,0.0,-0.0,0.0,0.0,-0.0,0.0,-0.0,0.0,0.0,-0.0,0.0,4.4012313,0.7899302,0.0,0.3664817,0.7451416,0.1886326,0.37958643,0.0,0.0,0.0,0.25315,0.1383698,0.50941515,0.0,0.7451416,0.0,0.7451416,0.7451416,0.3664817,-0.0,11.7,18.979464,21.11111,21.11111,2.0
resstock-amy2018-2021-release-1-330722,0.0,0.7959474,0.25047955,0.0,0.3760301,0.2666678,0.0,0.0,0.0,0.0,0.0,0.0,0.0,0.0,0.0,0.0,0.0,0.0,13.5,0.0,-0.0,0.0,0.0,-0.0,0.0,-0.0,0.0,0.0,-0.0,0.0,4.4012313,0.7959474,0.0,0.49231848,1.1350164,0.33798248,0.58681446,0.0,0.0,0.0,0.2977776,0.1383698,0.5170097,0.0,1.1350164,0.0,1.1350164,1.1350164,0.49231848,-0.0,12.2,19.251194,21.11111,21.11111,2.0
resstock-amy2018-2021-release-1-330722,0.0,0.7959474,0.0,0.0,0.3760301,0.0,0.0,0.0,0.0,0.0,0.0,0.0,0.0,0.0,0.0,0.0,0.0,0.0,13.5,0.0,-0.0,0.0,0.0,-0.0,0.0,-0.0,0.0,0.0,-0.0,0.0,4.4012313,0.7959474,0.0,0.4832653,0.85929537,0.27518934,0.44991735,0.0,0.0,0.0,0.32025,0.1383698,0.5235887,0.0,0.85929537,0.0,0.85929537,0.85929537,0.4832653,-0.0,12.2,18.855436,19.98611,19.98611,2.0
resstock-amy2018-2021-release-1-330722,0.17213923,0.81779486,0.7607956,0.0,0.36708868,0.80996513,0.0,0.0,0.0,0.0,0.0,0.0,0.0,0.0,0.0,0.0,0.0,0.0,13.5,0.0,-0.0,0.0,0.0,-0.0,0.0,-0.0,0.0,0.0,-0.0,0.0,4.4012313,0.81779486,0.0,0.49155286,1.6630011,0.5888161,0.8765231,0.0,0.0,0.0,0.3540684,0.1383698,0.5270731,0.0,1.6630011,0.0,1.6630011,1.6686066,0.49155286,-0.005605569,13.9,19.084991,19.546297,19.546297,2.0
resstock-amy2018-2021-release-1-330722,0.0,0.80982697,1.697367,0.0,0.37024447,1.8070663,0.0,0.0,0.0,0.0,0.0,0.0,0.0,0.0,0.0,0.0,0.0,0.0,13.5,0.0,-0.0,0.0,0.0,-0.0,0.0,-0.0,0.0,0.0,-0.0,0.0,4.4012313,0.80982697,0.0,0.4914573,2.6267815,0.84513646,1.4205719,0.0,0.0,0.0,0.3217384,0.1383698,0.54080325,0.0,2.6267815,0.0,2.6267815,2.668768,0.4914573,-0.04198653,13.3,19.294891,20.555555,20.555555,2.0
resstock-amy2018-2021-release-1-330722,0.0,0.80982697,1.9937602,0.0,0.37024447,2.1226153,0.0,0.0,0.0,0.0,0.0,0.0,0.0,0.0,0.0,0.0,0.0,0.0,13.5,0.0,-0.0,0.0,0.0,-0.0,0.0,-0.0,0.0,0.0,-0.0,0.0,4.4012313,0.80982697,0.0,0.48825794,2.9153354,0.91169125,1.6177648,0.0,0.0,0.0,0.3127226,0.1383698,0.5549155,0.0,2.9153354,0.0,2.9153354,2.9811177,0.48825794,-0.06578236,13.3,19.388748,20.555555,20.555555,2.0
resstock-amy2018-2021-release-1-330722,0.0,0.81779486,0.0,0.0,0.36708868,0.0,0.0,0.0,0.0,0.0,0.0,0.0,0.0,0.0,0.0,0.0,0.0,0.0,13.5,0.0,-0.0,0.0,0.0,-0.0,0.0,-0.0,0.0,0.0,-0.0,0.0,4.4012313,0.81779486,0.0,0.4914671,0.79636836,0.23900607,0.4416084,0.0,0.0,0.0,0.30012,0.1383698,0.5545278,0.0,0.79636836,0.0,0.79636836,0.8585558,0.4914671,-0.062187456,13.9,19.66642,20.555555,20.555555,2.0
resstock-amy2018-2021-release-1-330722,0.0,0.84206235,0.38040215,0.0,0.3581472,0.40498722,0.0,0.0,0.0,0.0,0.0,0.0,0.0,0.0,0.0,0.0,0.0,0.0,13.5,0.0,-0.0,0.0,0.0,-0.0,0.0,-0.0,0.0,0.0,-0.0,0.0,4.4012313,0.84206235,0.0,0.4986313,1.2107373,0.35732514,0.6421962,0.0,0.0,0.0,0.2951302,0.1383698,0.53041744,0.0,1.2107373,0.0,1.2107373,1.2617657,0.4986313,-0.05102835,15.6,20.01457,20.555555,20.555555,2.0
resstock-amy2018-2021-release-1-330722,0.0,0.84206235,0.0,0.0,0.3581472,0.0,0.0,0.0,0.0,0.0,0.0,0.0,0.0,0.0,0.0,0.0,0.0,0.0,13.5,0.0,-0.0,0.0,0.0,-0.0,0.0,-0.0,0.0,0.0,-0.0,0.0,4.4012313,0.84206235,0.0,0.49877068,0.8157408,0.24332733,0.41256413,0.0,0.0,0.0,0.29829,0.1383698,0.50575393,0.0,0.8157408,0.0,0.8157408,0.85691786,0.49877068,-0.04117702,15.6,20.220253,20.555555,20.555555,2.0
resstock-amy2018-2021-release-1-330722,0.0,0.86749274,0.0,0.0,0.3497317,0.0,0.0,0.0,0.0,0.0,0.0,0.0,0.0,0.0,0.0,0.0,0.0,0.0,13.5,0.0,-0.0,0.0,0.0,-0.0,0.0,-0.0,0.0,0.0,-0.0,0.0,4.4012313,0.86749274,0.0,0.49452254,0.7779338,0.24303071,0.37777647,0.0,0.0,0.0,0.3124054,0.1383698,0.48561522,0.0,0.7779338,0.0,0.7779338,0.84425426,0.49452254,-0.06632047,17.2,20.714859,21.11111,21.11111,2.0
resstock-amy2018-2021-release-1-330722,0.0,0.81779486,0.0,0.0,0.36708868,0.0,0.0,0.0,0.0,0.0,0.0,0.0,0.0,0.0,0.0,0.0,0.0,0.0,13.5,0.0,-0.0,0.0,0.0,-0.0,0.0,-0.0,0.0,0.0,-0.0,0.0,4.4012313,0.81779486,0.0,0.53647,0.8316957,0.26783195,0.4215991,0.0,0.0,0.0,0.3220312,0.1383698,0.5069151,0.0,0.8316957,0.0,0.8316957,0.9035587,0.53647,-0.07186301,13.9,20.604988,20.555555,20.555555,2.0
resstock-amy2018-2021-release-1-330722,0.0,0.8246639,0.0,0.0,0.36445883,0.0,0.0,0.0,0.0,0.0,0.0,0.0,0.0,0.0,0.0,0.0,0.0,0.0,13.5,0.0,-0.0,0.0,0.0,-0.0,0.0,-0.0,0.0,0.0,-0.0,0.0,4.4012313,0.8246639,0.0,0.5333524,0.8761313,0.29175085,0.43866536,0.0,0.0,0.0,0.332999,0.1383698,0.5006845,0.0,0.8761313,0.0,0.8761313,0.8978112,0.5333524,-0.021679899,14.4,21.085224,20.555555,20.555555,2.0
resstock-amy2018-2021-release-1-330722,0.43362048,0.8246639,0.0,0.0,0.36445883,0.0,0.0,0.0,0.0,0.0,0.0,0.0,0.0,0.0,0.0,0.0,0.0,0.0,13.5,0.0,-0.0,0.0,0.0,-0.0,0.0,-0.0,0.0,0.0,-0.0,0.0,4.4012313,0.8246639,0.0,0.6944981,1.0586256,0.36714128,0.57348025,0.0,0.0,0.0,0.3468094,0.1383698,0.5417215,0.0,1.0586256,0.0,1.0586256,1.058957,0.6944981,-0.0003314583,14.4,21.553013,20.0,20.0,2.0
resstock-amy2018-2021-release-1-330722,0.38037062,0.83319634,0.0,0.0,0.361303,0.0,0.0,0.0,0.0,0.0,0.0,0.0,0.0,0.0,0.0,0.0,0.0,0.0,13.5,0.0,-0.0,0.0,0.0,-0.0,0.0,-0.0,0.0,0.0,-0.0,0.0,4.4012313,0.83319634,0.0,0.7420406,1.1033436,0.38699776,0.63799506,0.0,0.0,0.0,0.35075,0.1383698,0.5782379,0.0,1.1033436,0.0,1.1033436,1.1033436,0.7420406,-0.0,15.0,21.949972,20.0,20.0,2.0
resstock-amy2018-2021-release-1-330722,0.34020045,0.84206235,0.23721854,0.0,0.3581472,0.25254977,0.0,0.0,0.0,0.0,0.0,0.0,0.0,0.0,0.0,0.0,0.0,0.0,13.5,0.0,-0.0,0.0,0.0,-0.0,0.0,-0.0,0.0,0.0,-0.0,0.0,4.4012313,0.84206235,0.0,0.60572416,1.2164211,0.421614,0.70692474,0.0,0.0,0.0,0.346602,0.1383698,0.5811513,0.0,1.2164211,0.0,1.2164211,1.2164211,0.60572416,-0.0,15.6,22.1591,20.0,20.0,2.0
resstock-amy2018-2021-release-1-330722,0.0,0.83319634,0.0,0.0,0.361303,0.0,0.0,0.0,0.0,0.0,0.0,0.0,0.0,0.0,0.0,0.0,0.0,0.0,13.5,0.0,-0.0,0.0,0.0,-0.0,0.0,-0.0,0.0,0.0,-0.0,0.0,4.4012313,0.83319634,0.0,0.78717995,1.1484829,0.38181314,0.6364376,0.0,0.0,0.0,0.33245,0.1383698,0.55415505,0.0,1.1484829,0.0,1.1484829,1.1484829,0.78717995,-0.0,15.0,22.260448,20.625,20.625,2.0
resstock-amy2018-2021-release-1-330722,0.0,0.81779486,1.2786983,0.0,0.36708868,1.3613394,0.0,0.0,0.0,0.0,0.0,0.0,0.0,0.0,0.0,0.0,0.0,0.0,13.5,0.0,-0.0,0.0,0.0,-0.0,0.0,-0.0,0.0,0.0,-0.0,0.0,4.4012313,0.81779486,0.0,0.6273819,2.3558102,0.7546207,1.243098,0.0,0.0,0.0,0.3203232,0.1383698,0.52767324,0.0,2.3558102,0.0,2.3558102,2.3558102,0.6273819,-0.0,13.9,21.968578,21.143518,21.143518,2.0
resstock-amy2018-2021-release-1-330722,0.0,0.83319634,1.5216109,0.0,0.361303,1.6199512,0.0,0.0,0.0,0.0,0.0,0.0,0.0,0.0,0.0,0.0,0.0,0.0,13.5,0.0,-0.0,0.0,0.0,-0.0,0.0,-0.0,0.0,0.0,-0.0,0.0,4.4012313,0.83319634,0.0,0.4255669,2.4068213,0.7413919,1.2057464,0.0,0.0,0.0,0.3080378,0.1383698,0.5009705,0.0,2.4068213,0.0,2.4068213,2.4068213,0.4255669,-0.0,15.0,21.829191,21.62963,21.62963,2.0
resstock-amy2018-2021-release-1-330722,0.0,0.8246639,0.0,0.0,0.36445883,0.0,0.0,0.0,0.0,0.0,0.0,0.0,0.0,0.0,0.0,0.0,0.0,0.0,13.5,0.0,-0.0,0.0,0.0,-0.0,0.0,-0.0,0.0,0.0,-0.0,0.0,4.4012313,0.8246639,0.0,0.37884125,0.7433001,0.19079424,0.34062666,0.0,0.0,0.0,0.25668535,0.1383698,0.45826265,0.0,0.7433001,0.0,0.7433001,0.7433001,0.37884125,-0.0,14.4,21.49796,21.11111,21.11111,2.0
resstock-amy2018-2021-release-1-330722,0.0,0.83319634,0.0,0.0,0.361303,0.0,0.0,0.0,0.0,0.0,0.0,0.0,0.0,0.0,0.0,0.0,0.0,0.0,13.5,0.0,-0.0,0.0,0.0,-0.0,0.0,-0.0,0.0,0.0,-0.0,0.0,4.4012313,0.83319634,0.0,0.34643605,0.70773906,0.19296193,0.32047078,0.0,0.0,0.0,0.2726456,0.1383698,0.4528092,0.0,0.70773906,0.0,0.70773906,0.70773906,0.34643605,-0.0,15.0,21.248924,21.11111,21.11111,2.0
resstock-amy2018-2021-release-1-330722,0.0,0.8246639,0.0,0.0,0.36445883,0.0,0.0,0.0,0.0,0.0,0.0,0.0,0.0,0.0,0.0,0.0,0.0,0.0,13.5,0.0,-0.0,0.0,0.0,-0.0,0.0,-0.0,0.0,0.0,-0.0,0.0,4.4012313,0.8246639,0.0,0.34443307,0.70889187,0.1690778,0.28229737,0.0,0.0,0.0,0.23851,0.1383698,0.39822346,0.0,0.70889187,0.0,0.70889187,0.70889187,0.34443307,-0.0,14.4,20.963343,21.11111,21.11111,2.0
resstock-amy2018-2021-release-1-330722,0.0,0.8228112,0.0,0.0,0.3651601,0.0,0.0,0.0,0.0,0.0,0.0,0.0,0.0,0.0,0.0,0.0,0.0,0.0,13.5,0.0,-0.0,0.0,0.0,-0.0,0.0,-0.0,0.0,0.0,-0.0,0.0,4.4012313,0.8228112,0.0,0.34260106,0.70776117,0.15499261,0.28249034,0.0,0.0,0.0,0.21899,0.1383698,0.39913228,0.0,0.70776117,0.0,0.70776117,0.70776117,0.34260106,-0.0,14.266666,20.735744,21.11111,21.11111,2.0
resstock-amy2018-2021-release-1-330722,0.0,0.8246639,0.0,0.0,0.36445883,0.0,0.0,0.0,0.0,0.0,0.0,0.0,0.0,0.0,0.0,0.0,0.0,0.0,13.5,0.0,-0.0,0.0,0.0,-0.0,0.0,-0.0,0.0,0.0,-0.0,0.0,4.4012313,0.8246639,0.0,0.34071207,0.70517087,0.14840321,0.27943757,0.0,0.0,0.0,0.21045,0.1383698,0.39626932,0.0,0.70517087,0.0,0.70517087,0.70517087,0.34071207,-0.0,14.4,20.563328,21.11111,21.11111,2.0
resstock-amy2018-2021-release-1-330722,0.0,0.8246639,0.0,0.0,0.36445883,0.0,0.0,0.0,0.0,0.0,0.0,0.0,0.0,0.0,0.0,0.0,0.0,0.0,13.5,0.0,-0.0,0.0,0.0,-0.0,0.0,-0.0,0.0,0.0,-0.0,0.0,4.4012313,0.8246639,0.0,0.3387091,0.7031679,0.15432988,0.2924764,0.0,0.0,0.0,0.219478,0.1383698,0.41594103,0.0,0.7031679,0.0,0.7031679,0.7031679,0.3387091,-0.0,14.4,20.432768,21.11111,21.11111,2.0
resstock-amy2018-2021-release-1-330722,0.0,0.8246639,0.0,0.0,0.36445883,0.0,0.0,0.0,0.0,0.0,0.0,0.0,0.0,0.0,0.0,0.0,0.0,0.0,13.5,0.0,-0.0,0.0,0.0,-0.0,0.0,-0.0,0.0,0.0,-0.0,0.0,4.4012313,0.8246639,0.0,0.3664817,0.7309405,0.18717779,0.31973073,0.0,0.0,0.0,0.256078,0.1383698,0.43742374,0.0,0.7309405,0.0,0.7309405,0.7309405,0.3664817,-0.0,14.4,20.38982,21.11111,21.11111,2.0
resstock-amy2018-2021-release-1-330722,0.0,0.81779486,0.0,0.0,0.36708868,0.0,0.0,0.0,0.0,0.0,0.0,0.0,0.0,0.0,0.0,0.0,0.0,0.0,13.5,0.0,-0.0,0.0,0.0,-0.0,0.0,-0.0,0.0,0.0,-0.0,0.0,4.4012313,0.81779486,0.0,0.49231848,0.8594072,0.27329597,0.4018904,0.0,0.0,0.0,0.3180052,0.1383698,0.46763676,0.0,0.8594072,0.0,0.8594072,0.8594072,0.49231848,-0.0,13.9,20.379456,21.11111,21.11111,2.0
resstock-amy2018-2021-release-1-330722,0.2198441,0.8246639,0.0,0.0,0.36445883,0.0,0.0,0.0,0.0,0.0,0.0,0.0,0.0,0.0,0.0,0.0,0.0,0.0,13.5,0.0,-0.0,0.0,0.0,-0.0,0.0,-0.0,0.0,0.0,-0.0,0.0,4.4012313,0.8246639,0.0,0.41505015,0.77950895,0.2594806,0.3936163,0.0,0.0,0.0,0.332877,0.1383698,0.50495416,0.0,0.77950895,0.0,0.77950895,0.77950895,0.41505015,-0.0,14.4,20.087112,20.097221,20.097221,2.0
resstock-amy2018-2021-release-1-330722,0.25386906,0.83319634,0.0,0.0,0.361303,0.0,0.0,0.0,0.0,0.0,0.0,0.0,0.0,0.0,0.0,0.0,0.0,0.0,13.5,0.0,-0.0,0.0,0.0,-0.0,0.0,-0.0,0.0,0.0,-0.0,0.0,4.4012313,0.83319634,0.0,0.49155286,0.8378593,0.3061454,0.46049356,0.0,0.0,0.0,0.36539,0.1383698,0.5496073,0.0,0.8378593,0.0,0.8378593,0.8528558,0.49155286,-0.014996558,15.0,20.192017,19.546297,19.546297,2.0
resstock-amy2018-2021-release-1-330722,0.0,0.8246639,0.072978914,0.0,0.36445883,0.07769548,0.0,0.0,0.0,0.0,0.0,0.0,0.0,0.0,0.0,0.0,0.0,0.0,13.5,0.0,-0.0,0.0,0.0,-0.0,0.0,-0.0,0.0,0.0,-0.0,0.0,4.4012313,0.8246639,0.0,0.41937828,0.8450854,0.32492098,0.46221456,0.0,0.0,0.0,0.384483,0.1383698,0.5469442,0.0,0.8450854,0.0,0.8450854,0.86153257,0.41937828,-0.016447203,14.4,20.109222,21.11111,21.11111,2.0
resstock-amy2018-2021-release-1-330722,0.0,0.8288896,0.073044196,0.0,0.36288092,0.07776498,0.0,0.0,0.0,0.0,0.0,0.0,0.0,0.0,0.0,0.0,0.0,0.0,13.5,0.0,-0.0,0.0,0.0,-0.0,0.0,-0.0,0.0,0.0,-0.0,0.0,4.4012313,0.8288896,0.0,0.82708,1.2569047,0.407032,0.6844492,0.0,0.0,0.0,0.3238368,0.1383698,0.5445514,0.0,1.2569047,0.0,1.2569047,1.267726,0.82708,-0.010821225,14.7,20.16246,21.11111,21.11111,2.0
resstock-amy2018-2021-release-1-330722,0.0,0.83611363,0.5471057,0.0,0.36025107,0.5824647,0.0,0.0,0.0,0.0,0.0,0.0,0.0,0.0,0.0,0.0,0.0,0.0,13.5,0.0,-0.0,0.0,0.0,-0.0,0.0,-0.0,0.0,0.0,-0.0,0.0,4.4012313,0.83611363,0.0,0.41852418,1.3435514,0.4210604,0.7396652,0.0,0.0,0.0,0.3133936,0.1383698,0.5505299,0.0,1.3435514,0.0,1.3435514,1.3612399,0.41852418,-0.017688526,15.2,20.185436,21.11111,21.11111,2.0
resstock-amy2018-2021-release-1-330722,0.0,0.8435738,0.4892548,0.0,0.35762122,0.5208749,0.0,0.0,0.0,0.0,0.0,0.0,0.0,0.0,0.0,0.0,0.0,0.0,13.5,0.0,-0.0,0.0,0.0,-0.0,0.0,-0.0,0.0,0.0,-0.0,0.0,4.4012313,0.8435738,0.0,0.4986313,1.3603592,0.3941641,0.76445115,0.0,0.0,0.0,0.28975,0.1383698,0.561948,0.0,1.3603592,0.0,1.3603592,1.3771275,0.4986313,-0.016768288,15.7,20.330957,21.11111,21.11111,2.0
resstock-amy2018-2021-release-1-330722,0.0,0.83611363,0.12347516,0.0,0.36025107,0.13145526,0.0,0.0,0.0,0.0,0.0,0.0,0.0,0.0,0.0,0.0,0.0,0.0,13.5,0.0,-0.0,0.0,0.0,-0.0,0.0,-0.0,0.0,0.0,-0.0,0.0,4.4012313,0.83611363,0.0,0.57344794,1.0483738,0.3038942,0.5890138,0.0,0.0,0.0,0.289872,0.1383698,0.5618357,0.0,1.0483738,0.0,1.0483738,1.0651542,0.57344794,-0.01678042,15.2,20.436605,21.11111,21.11111,2.0
resstock-amy2018-2021-release-1-330722,0.0,0.8088513,0.04276909,0.0,0.37063894,0.045533217,0.0,0.0,0.0,0.0,0.0,0.0,0.0,0.0,0.0,0.0,0.0,0.0,13.5,0.0,-0.0,0.0,0.0,-0.0,0.0,-0.0,0.0,0.0,-0.0,0.0,4.4012313,0.8088513,0.0,0.42205486,0.79289097,0.24862237,0.44450992,0.0,0.0,0.0,0.3135644,0.1383698,0.56061924,0.0,0.79289097,0.0,0.79289097,0.83822703,0.42205486,-0.04533608,13.225,20.204483,21.11111,21.11111,2.0
resstock-amy2018-2021-release-1-330722,0.0,0.80982697,0.21031581,0.0,0.37024447,0.22390833,0.0,0.0,0.0,0.0,0.0,0.0,0.0,0.0,0.0,0.0,0.0,0.0,13.5,0.0,-0.0,0.0,0.0,-0.0,0.0,-0.0,0.0,0.0,-0.0,0.0,4.4012313,0.80982697,0.0,0.53647,1.1129234,0.36910883,0.61837745,0.0,0.0,0.0,0.331657,0.1383698,0.5556334,0.0,1.1129234,0.0,1.1129234,1.1306227,0.53647,-0.017699413,13.3,20.475231,21.11111,21.11111,2.0
resstock-amy2018-2021-release-1-330722,0.0,0.804674,0.19668478,0.0,0.37234837,0.20939635,0.0,0.0,0.0,0.0,0.0,0.0,0.0,0.0,0.0,0.0,0.0,0.0,13.5,0.0,-0.0,0.0,0.0,-0.0,0.0,-0.0,0.0,0.0,-0.0,0.0,4.4012313,0.804674,0.0,0.5333524,1.1102817,0.41553336,0.6148067,0.0,0.0,0.0,0.3742594,0.1383698,0.55373937,0.0,1.1102817,0.0,1.1102817,1.115097,0.5333524,-0.0048153177,12.9,20.597364,20.555555,20.555555,2.0
resstock-amy2018-2021-release-1-330722,0.5893557,0.7959474,0.48151144,0.0,0.3760301,0.5126311,0.0,0.0,0.0,0.0,0.0,0.0,0.0,0.0,0.0,0.0,0.0,0.0,13.5,0.0,-0.0,0.0,0.0,-0.0,0.0,-0.0,0.0,0.0,-0.0,0.0,4.4012313,0.7959474,0.0,2.5023952,3.3910563,1.3341697,1.9021269,0.0,0.0,0.0,0.3934378,0.1383698,0.5609246,0.0,3.3910563,0.0,3.3910563,3.3910563,2.5023952,0.0,12.2,20.885239,20.0,20.0,2.0
resstock-amy2018-2021-release-1-330722,0.07684414,0.7899302,0.18135287,0.0,0.37865993,0.19307356,0.0,0.0,0.0,0.0,0.0,0.0,0.0,0.0,0.0,0.0,0.0,0.0,13.5,0.0,-0.0,0.0,0.0,-0.0,0.0,-0.0,0.0,0.0,-0.0,0.0,4.4012313,0.7899302,0.0,1.4604013,2.0321348,0.7747266,1.1468427,0.0,0.0,0.0,0.3812378,0.1383698,0.56435364,0.0,2.0321348,0.0,2.0321348,2.0321348,1.4604013,-0.0,11.7,20.8755,20.0,20.0,2.0
resstock-amy2018-2021-release-1-330722,0.23217432,0.7899302,1.4093585,0.0,0.37865993,1.5004442,0.0,0.0,0.0,0.0,0.0,0.0,0.0,0.0,0.0,0.0,0.0,0.0,13.5,0.0,-0.0,0.0,0.0,-0.0,0.0,-0.0,0.0,0.0,-0.0,0.0,4.4012313,0.7899302,0.0,2.053062,3.932166,1.5413541,2.196072,0.0,0.0,0.0,0.391986,0.1383698,0.55848914,0.0,3.932166,0.0,3.932166,3.932166,2.053062,-0.0,11.7,21.264023,20.0,20.0,2.0
resstock-amy2018-2021-release-1-330722,0.0,0.78640264,1.5743407,0.0,0.38023788,1.676089,0.0,0.0,0.0,0.0,0.0,0.0,0.0,0.0,0.0,0.0,0.0,0.0,13.5,0.0,-0.0,0.0,0.0,-0.0,0.0,-0.0,0.0,0.0,-0.0,0.0,4.4012313,0.78640264,0.0,0.68064165,2.7369685,0.9099386,1.5137565,0.0,0.0,0.0,0.3324622,0.1383698,0.5530778,0.0,2.7369685,0.0,2.7369685,2.7369685,0.68064165,-0.0,11.4,21.165705,20.787037,20.787037,2.0
resstock-amy2018-2021-release-1-330722,0.0,0.7829354,0.0,0.0,0.38181576,0.0,0.0,0.0,0.0,0.0,0.0,0.0,0.0,0.0,0.0,0.0,0.0,0.0,13.5,0.0,-0.0,0.0,0.0,-0.0,0.0,-0.0,0.0,0.0,-0.0,0.0,4.4012313,0.7829354,0.0,0.5379482,0.9197639,0.2978534,0.50064045,0.0,0.0,0.0,0.3238368,0.1383698,0.5443141,0.0,0.9197639,0.0,0.9197639,0.9197639,0.5379482,-0.0,11.1,21.046818,21.143518,21.143518,2.0
resstock-amy2018-2021-release-1-330722,0.0,0.76476943,0.0,0.0,0.39054686,0.0,0.0,0.0,0.0,0.0,0.0,0.0,0.0,0.0,0.0,0.0,0.0,0.0,13.5,0.0,-0.0,0.0,0.0,-0.0,0.0,-0.0,0.0,0.0,-0.0,0.0,4.4012313,0.76476943,0.0,0.35484684,0.7453937,0.23415633,0.40135396,0.0,0.0,0.0,0.3141378,0.1383698,0.5384456,0.0,0.7453937,0.0,0.7453937,0.7453937,0.35484684,-0.0,9.44,20.72609,21.63426,21.63426,2.0
resstock-amy2018-2021-release-1-330722,0.0,0.77364314,0.0,0.0,0.3861813,0.0,0.0,0.0,0.0,0.0,0.0,0.0,0.0,0.0,0.0,0.0,0.0,0.0,13.5,0.0,-0.0,0.0,0.0,-0.0,0.0,-0.0,0.0,0.0,-0.0,0.0,4.4012313,0.77364314,0.0,0.37884125,0.7650225,0.2178013,0.40866628,0.0,0.0,0.0,0.2846992,0.1383698,0.53418857,0.0,0.7650225,0.0,0.7650225,0.7650225,0.37884125,-0.0,10.27,20.539207,21.11111,21.11111,2.0
resstock-amy2018-2021-release-1-330722,0.0,0.7829354,0.7621124,0.0,0.38181576,0.81136703,0.0,0.0,0.0,0.0,0.0,0.0,0.0,0.0,0.0,0.0,0.0,0.0,13.5,0.0,-0.0,0.0,0.0,-0.0,0.0,-0.0,0.0,0.0,-0.0,0.0,4.4012313,0.7829354,0.0,0.34643605,1.5396188,0.46137545,0.8047365,0.0,0.0,0.0,0.2996686,0.1383698,0.5226855,0.0,1.5396188,0.0,1.5396188,1.5396188,0.34643605,-0.0,11.1,20.265099,21.11111,21.11111,2.0
resstock-amy2018-2021-release-1-330722,0.0,0.7829354,0.0,0.0,0.38181576,0.0,0.0,0.0,0.0,0.0,0.0,0.0,0.0,0.0,0.0,0.0,0.0,0.0,13.5,0.0,-0.0,0.0,0.0,-0.0,0.0,-0.0,0.0,0.0,-0.0,0.0,4.4012313,0.7829354,0.0,0.34443307,0.72624886,0.21554297,0.37377575,0.0,0.0,0.0,0.2967894,0.1383698,0.5146662,0.0,0.72624886,0.0,0.72624886,0.72624886,0.34443307,-0.0,11.1,19.933277,21.11111,21.11111,2.0
resstock-amy2018-2021-release-1-330722,0.0,0.78065634,0.0,0.0,0.38286772,0.0,0.0,0.0,0.0,0.0,0.0,0.0,0.0,0.0,0.0,0.0,0.0,0.0,13.5,0.0,-0.0,0.0,0.0,-0.0,0.0,-0.0,0.0,0.0,-0.0,0.0,4.4012313,0.78065634,0.0,0.34260106,0.72546875,0.20577922,0.3819491,0.0,0.0,0.0,0.28365,0.1383698,0.5264859,0.0,0.72546875,0.0,0.72546875,0.72546875,0.34260106,-0.0,10.9,19.564125,21.11111,21.11111,2.0
resstock-amy2018-2021-release-1-330722,0.0,0.7591062,0.0,0.0,0.39343965,0.0,0.0,0.0,0.0,0.0,0.0,0.0,0.0,0.0,0.0,0.0,0.0,0.0,13.5,0.0,-0.0,0.0,0.0,-0.0,0.0,-0.0,0.0,0.0,-0.0,0.0,4.4012313,0.7591062,0.0,0.34071207,0.7341517,0.19928549,0.3963042,0.0,0.0,0.0,0.27145,0.1383698,0.5398124,0.0,0.7341517,0.0,0.7341517,0.7341517,0.34071207,-0.0,8.89,18.924458,21.11111,21.11111,2.0
resstock-amy2018-2021-release-1-330722,0.0,0.7800907,0.0,0.0,0.38313067,0.0,0.0,0.0,0.0,0.0,0.0,0.0,0.0,0.0,0.0,0.0,0.0,0.0,13.5,0.0,-0.0,0.0,0.0,-0.0,0.0,-0.0,0.0,0.0,-0.0,0.0,4.4012313,0.7800907,0.0,0.3387091,0.7218398,0.19779277,0.39676642,0.0,0.0,0.0,0.274012,0.1383698,0.54965997,0.0,0.7218398,0.0,0.7218398,0.7218398,0.3387091,-0.0,10.85,18.912594,21.11111,21.11111,2.0
resstock-amy2018-2021-release-1-330722,0.0,0.7591062,0.0,0.0,0.39343965,0.0,0.0,0.0,0.0,0.0,0.0,0.0,0.0,0.0,0.0,0.0,0.0,0.0,13.5,0.0,-0.0,0.0,0.0,-0.0,0.0,-0.0,0.0,0.0,-0.0,0.0,4.4012313,0.7591062,0.0,0.3664817,0.7599213,0.21091618,0.4219359,0.0,0.0,0.0,0.27755,0.1383698,0.5552363,0.0,0.7599213,0.0,0.7599213,0.7599213,0.3664817,-0.0,8.89,18.68344,21.11111,21.11111,2.0
resstock-amy2018-2021-release-1-330722,0.0,0.75350857,1.1379498,0.0,0.39638507,1.2114946,0.0,0.0,0.0,0.0,0.0,0.0,0.0,0.0,0.0,0.0,0.0,0.0,13.5,0.0,-0.0,0.0,0.0,-0.0,0.0,-0.0,0.0,0.0,-0.0,0.0,4.4012313,0.75350857,0.0,0.39273483,2.0006144,0.5987159,1.1120832,0.0,0.0,0.0,0.299266,0.1383698,0.55587083,0.0,2.0006144,0.0,2.0006144,2.0006144,0.39273483,-0.0,8.33,18.58049,21.11111,21.11111,2.0
resstock-amy2018-2021-release-1-330722,0.0,0.75593716,0.0,0.0,0.39509645,0.0,0.0,0.0,0.0,0.0,0.0,0.0,0.0,0.0,0.0,0.0,0.0,0.0,13.5,0.0,-0.0,0.0,0.0,-0.0,0.0,-0.0,0.0,0.0,-0.0,0.0,4.4012313,0.75593716,0.0,2.2911623,2.6862588,0.8098049,1.4921795,0.0,0.0,0.0,0.301462,0.1383698,0.55548614,0.0,2.6862588,0.0,2.6862588,2.6862588,2.2911623,-0.0,8.575,18.62077,20.324074,20.324074,2.0
resstock-amy2018-2021-release-1-330722,0.0,0.7823631,0.0,0.0,0.38207874,0.0,0.0,0.0,0.0,0.0,0.0,0.0,0.0,0.0,0.0,0.0,0.0,0.0,13.5,0.0,-0.0,0.0,0.0,-0.0,0.0,-0.0,0.0,0.0,-0.0,0.0,4.4012313,0.7823631,0.0,0.41973948,0.76957995,0.231755,0.4273668,0.0,0.0,0.0,0.3011448,0.1383698,0.55532473,0.0,0.76957995,0.0,0.76957995,0.80181825,0.41973948,-0.032238297,11.05,18.865927,20.0,20.0,2.0
resstock-amy2018-2021-release-1-330722,0.0,0.7899302,0.38105592,0.0,0.37865993,0.40568325,0.0,0.0,0.0,0.0,0.0,0.0,0.0,0.0,0.0,0.0,0.0,0.0,13.5,0.0,-0.0,0.0,0.0,-0.0,0.0,-0.0,0.0,0.0,-0.0,0.0,4.4012313,0.7899302,0.0,0.4914573,1.1730573,0.35297388,0.64888877,0.0,0.0,0.0,0.3009008,0.1383698,0.5531603,0.0,1.1730573,0.0,1.1730573,1.2758005,0.4914573,-0.10274313,11.7,19.146711,20.0,20.0,2.0
resstock-amy2018-2021-release-1-330722,0.0,0.7959474,2.2863264,0.0,0.3760301,2.4340897,0.0,0.0,0.0,0.0,0.0,0.0,0.0,0.0,0.0,0.0,0.0,0.0,13.5,0.0,-0.0,0.0,0.0,-0.0,0.0,-0.0,0.0,0.0,-0.0,0.0,4.4012313,0.7959474,0.0,0.48825794,3.1237304,0.8733938,1.7261814,0.0,0.0,0.0,0.2795996,0.1383698,0.5526025,0.0,3.1237304,0.0,3.1237304,3.2983778,0.48825794,-0.1746473,12.2,19.400997,20.0,20.0,2.0
resstock-amy2018-2021-release-1-330722,0.0,0.803405,0.0,0.0,0.3728743,0.0,0.0,0.0,0.0,0.0,0.0,0.0,0.0,0.0,0.0,0.0,0.0,0.0,13.5,0.0,-0.0,0.0,0.0,-0.0,0.0,-0.0,0.0,0.0,-0.0,0.0,4.4012313,0.803405,0.0,0.4914671,0.65777105,0.176626,0.36197478,0.0,0.0,0.0,0.268522,0.1383698,0.5503051,0.0,0.65777105,0.0,0.65777105,0.8643414,0.4914671,-0.20657033,12.8,19.76302,20.0,20.0,2.0
resstock-amy2018-2021-release-1-330722,0.0,0.803405,0.0,0.0,0.3728743,0.0,0.0,0.0,0.0,0.0,0.0,0.0,0.0,0.0,0.0,0.0,0.0,0.0,13.5,0.0,-0.0,0.0,0.0,-0.0,0.0,-0.0,0.0,0.0,-0.0,0.0,4.4012313,0.803405,0.0,0.42390978,0.578413,0.15383473,0.32373258,0.0,0.0,0.0,0.26596,0.1383698,0.5596911,0.0,0.578413,0.0,0.578413,0.79678404,0.42390978,-0.21837102,12.8,19.97207,20.064816,20.064816,2.0
resstock-amy2018-2021-release-1-330722,0.0,0.80982697,0.0,0.0,0.37024447,0.0,0.0,0.0,0.0,0.0,0.0,0.0,0.0,0.0,0.0,0.0,0.0,0.0,13.5,0.0,-0.0,0.0,0.0,-0.0,0.0,-0.0,0.0,0.0,-0.0,0.0,4.4012313,0.80982697,0.0,0.42409346,0.5818824,0.14762299,0.32991728,0.0,0.0,0.0,0.253699,0.1383698,0.56698275,0.0,0.5818824,0.0,0.5818824,0.7943379,0.42409346,-0.2124555,13.3,20.441343,21.11111,21.11111,2.0
resstock-amy2018-2021-release-1-330722,0.0,0.803405,0.0,0.0,0.3728743,0.0,0.0,0.0,0.0,0.0,0.0,0.0,0.0,0.0,0.0,0.0,0.0,0.0,13.5,0.0,-0.0,0.0,0.0,-0.0,0.0,-0.0,0.0,0.0,-0.0,0.0,4.4012313,0.803405,0.0,0.42205486,0.6144725,0.16679107,0.35214815,0.0,0.0,0.0,0.2714378,0.1383698,0.57309014,0.0,0.6144725,0.0,0.6144725,0.79492915,0.42205486,-0.18045664,12.8,20.653286,21.11111,21.11111,2.0
resstock-amy2018-2021-release-1-330722,0.0,0.80982697,0.76211226,0.0,0.37024447,0.8113669,0.0,0.0,0.0,0.0,0.0,0.0,0.0,0.0,0.0,0.0,0.0,0.0,13.5,0.0,-0.0,0.0,0.0,-0.0,0.0,-0.0,0.0,0.0,-0.0,0.0,4.4012313,0.80982697,0.0,0.45714274,1.5098015,0.45398733,0.8708718,0.0,0.0,0.0,0.3006934,0.1383698,0.5768121,0.0,1.5098015,0.0,1.5098015,1.6387541,0.45714274,-0.1289526,13.3,21.20953,21.11111,21.11111,2.0
resstock-amy2018-2021-release-1-330722,0.0,0.7959474,0.32710218,0.0,0.3760301,0.34824252,0.0,0.0,0.0,0.0,0.0,0.0,0.0,0.0,0.0,0.0,0.0,0.0,13.5,0.0,-0.0,0.0,0.0,-0.0,0.0,-0.0,0.0,0.0,-0.0,0.0,4.4012313,0.7959474,0.0,0.8680797,1.5288965,0.47023043,0.88310015,0.0,0.0,0.0,0.307562,0.1383698,0.57760626,0.0,1.5288965,0.0,1.5288965,1.5923524,0.8680797,-0.06345599,12.2,21.438713,21.046297,21.046297,2.0
resstock-amy2018-2021-release-1-330722,0.0,0.7899302,0.0,0.0,0.37865993,0.0,0.0,0.0,0.0,0.0,0.0,0.0,0.0,0.0,0.0,0.0,0.0,0.0,13.5,0.0,-0.0,0.0,0.0,-0.0,0.0,-0.0,0.0,0.0,-0.0,0.0,4.4012313,0.7899302,0.0,0.39013627,0.76802284,0.2664325,0.43942404,0.0,0.0,0.0,0.346907,0.1383698,0.5721497,0.0,0.76802284,0.0,0.76802284,0.7687962,0.39013627,-0.0007733494,11.7,21.705029,23.333334,23.333334,2.0
resstock-amy2018-2021-release-1-330722,0.0,0.77071196,0.0,0.0,0.3876014,0.0,0.0,0.0,0.0,0.0,0.0,0.0,0.0,0.0,0.0,0.0,0.0,0.0,13.5,0.0,-0.0,0.0,0.0,-0.0,0.0,-0.0,0.0,0.0,-0.0,0.0,4.4012313,0.77071196,0.0,0.36606684,0.75366825,0.27512538,0.42348233,0.0,0.0,0.0,0.3650484,0.1383698,0.5618949,0.0,0.75366825,0.0,0.75366825,0.75366825,0.36606684,-0.0,10.0,21.770958,22.777779,22.777779,2.0
resstock-amy2018-2021-release-1-330722,0.0,0.76435184,0.32473728,0.0,0.3907572,0.34572476,0.0,0.0,0.0,0.0,0.0,0.0,0.0,0.0,0.0,0.0,0.0,0.0,13.5,0.0,-0.0,0.0,0.0,-0.0,0.0,-0.0,0.0,0.0,-0.0,0.0,4.4012313,0.76435184,0.0,0.8326257,1.5691078,0.61545116,0.8706889,0.0,0.0,0.0,0.39223,0.1383698,0.55489427,0.0,1.5691078,0.0,1.5691078,1.5691078,0.8326257,-0.0,9.4,21.854008,22.222221,22.222221,2.0
resstock-amy2018-2021-release-1-330722,1.0587327,0.7591062,1.7850088,0.0,0.39343965,1.9003724,0.0,0.0,0.0,0.0,0.0,0.0,0.0,0.0,0.0,0.0,0.0,0.0,13.5,0.0,-0.0,0.0,0.0,-0.0,0.0,-0.0,0.0,0.0,-0.0,0.0,4.4012313,0.7591062,0.0,1.1973689,3.491181,1.2457854,1.9263319,0.0,0.0,0.0,0.3568378,0.1383698,0.55177087,0.0,3.491181,0.0,3.491181,3.491181,1.1973689,-0.0,8.89,21.710732,20.62037,20.62037,2.0
resstock-amy2018-2021-release-1-330722,0.2992086,0.7561368,1.7534075,0.0,0.39499125,1.8667287,0.0,0.0,0.0,0.0,0.0,0.0,0.0,0.0,0.0,0.0,0.0,0.0,13.5,0.0,-0.0,0.0,0.0,-0.0,0.0,-0.0,0.0,0.0,-0.0,0.0,4.4012313,0.7561368,0.0,0.5379482,2.799668,0.8900699,1.5303522,0.0,0.0,0.0,0.3179198,0.1383698,0.5466192,0.0,2.799668,0.0,2.799668,2.799668,0.5379482,-0.0,8.595,21.345875,21.143518,21.143518,2.0
resstock-amy2018-2021-release-1-330722,0.0,0.7532134,0.77646315,0.0,0.39654285,0.8266453,0.0,0.0,0.0,0.0,0.0,0.0,0.0,0.0,0.0,0.0,0.0,0.0,13.5,0.0,-0.0,0.0,0.0,-0.0,0.0,-0.0,0.0,0.0,-0.0,0.0,4.4012313,0.7532134,0.0,0.49628696,1.719475,0.52074784,0.92704326,0.0,0.0,0.0,0.3028528,0.1383698,0.5391432,0.0,1.719475,0.0,1.719475,1.719475,0.49628696,-0.0,8.3,20.950956,21.63426,21.63426,2.0
resstock-amy2018-2021-release-1-330722,0.0,0.72842634,1.1431457,0.0,0.410744,1.2170262,0.0,0.0,0.0,0.0,0.0,0.0,0.0,0.0,0.0,0.0,0.0,0.0,13.5,0.0,-0.0,0.0,0.0,-0.0,0.0,-0.0,0.0,0.0,-0.0,0.0,4.4012313,0.72842634,0.0,0.46192965,2.0896997,0.60345095,1.1081465,0.0,0.0,0.0,0.288774,0.1383698,0.5302898,0.0,2.0896997,0.0,2.0896997,2.0896997,0.46192965,-0.0,5.6,20.160706,21.11111,21.11111,2.0
resstock-amy2018-2021-release-1-330722,0.0,0.7483609,0.38136786,0.0,0.3991727,0.40601534,0.0,0.0,0.0,0.0,0.0,0.0,0.0,0.0,0.0,0.0,0.0,0.0,13.5,0.0,-0.0,0.0,0.0,-0.0,0.0,-0.0,0.0,0.0,-0.0,0.0,4.4012313,0.7483609,0.0,0.37782818,1.1830163,0.3596076,0.6229458,0.0,0.0,0.0,0.3039752,0.1383698,0.52657413,0.0,1.1830163,0.0,1.1830163,1.1830163,0.37782818,-0.0,7.8,19.761047,21.11111,21.11111,2.0
resstock-amy2018-2021-release-1-330722,0.0,0.7327653,0.0,0.0,0.40811417,0.0,0.0,0.0,0.0,0.0,0.0,0.0,0.0,0.0,0.0,0.0,0.0,0.0,13.5,0.0,-0.0,0.0,0.0,-0.0,0.0,-0.0,0.0,0.0,-0.0,0.0,4.4012313,0.7327653,0.0,0.34443307,0.75254726,0.22632273,0.39984146,0.0,0.0,0.0,0.3007422,0.1383698,0.5313174,0.0,0.75254726,0.0,0.75254726,0.75254726,0.34443307,-0.0,6.1,18.749664,21.11111,21.11111,2.0
resstock-amy2018-2021-release-1-330722,0.0,0.735778,0.0,0.0,0.40632588,0.0,0.0,0.0,0.0,0.0,0.0,0.0,0.0,0.0,0.0,0.0,0.0,0.0,13.5,0.0,-0.0,0.0,0.0,-0.0,0.0,-0.0,0.0,0.0,-0.0,0.0,4.4012313,0.735778,0.0,0.34260106,0.74892694,0.22523394,0.39836437,0.0,0.0,0.0,0.3007422,0.1383698,0.5319135,0.0,0.74892694,0.0,0.74892694,0.74892694,0.34260106,-0.0,6.44,17.879635,21.11111,21.11111,2.0
resstock-amy2018-2021-release-1-330722,0.0,0.73884255,0.0,0.0,0.4045376,0.0,0.0,0.0,0.0,0.0,0.0,0.0,0.0,0.0,0.0,0.0,0.0,0.0,13.5,0.0,-0.0,0.0,0.0,-0.0,0.0,-0.0,0.0,0.0,-0.0,0.0,4.4012313,0.73884255,0.0,0.34071207,0.7452496,0.22325519,0.39604184,0.0,0.0,0.0,0.299571,0.1383698,0.5314217,0.0,0.7452496,0.0,0.7452496,0.7452496,0.34071207,-0.0,6.78,17.257696,21.11111,21.11111,2.0
resstock-amy2018-2021-release-1-330722,0.0,0.7324727,0.0,0.0,0.4082895,0.0,0.0,0.0,0.0,0.0,0.0,0.0,0.0,0.0,0.0,0.0,0.0,0.0,13.5,0.0,-0.0,0.0,0.0,-0.0,0.0,-0.0,0.0,0.0,-0.0,0.0,4.4012313,0.7324727,0.0,0.3387091,0.74699855,0.22376087,0.39693394,0.0,0.0,0.0,0.2995466,0.1383698,0.5313718,0.0,0.74699855,0.0,0.74699855,0.74699855,0.3387091,-0.0,6.0666666,16.768959,21.11111,21.11111,2.0
resstock-amy2018-2021-release-1-330722,0.0,0.7396321,1.9911963,0.0,0.40408173,2.1198857,0.0,0.0,0.0,0.0,0.0,0.0,0.0,0.0,0.0,0.0,0.0,0.0,13.5,0.0,-0.0,0.0,0.0,-0.0,0.0,-0.0,0.0,0.0,-0.0,0.0,4.4012313,0.7396321,0.0,0.3664817,2.890449,0.86928004,1.5374326,0.0,0.0,0.0,0.3007422,0.1383698,0.53190094,0.0,2.890449,0.0,2.890449,2.890449,0.3664817,-0.0,6.866667,16.840244,21.11111,21.11111,2.0
resstock-amy2018-2021-release-1-330722,0.0,0.75198835,0.0,0.0,0.39720035,0.0,0.0,0.0,0.0,0.0,0.0,0.0,0.0,0.0,0.0,0.0,0.0,0.0,13.5,0.0,-0.0,0.0,0.0,-0.0,0.0,-0.0,0.0,0.0,-0.0,0.0,4.4012313,0.75198835,0.0,0.39273483,0.7899352,0.24290584,0.41583997,0.0,0.0,0.0,0.307501,0.1383698,0.5264229,0.0,0.7899352,0.0,0.7899352,0.7899352,0.39273483,-0.0,8.175,17.27998,21.11111,21.11111,2.0
resstock-amy2018-2021-release-1-330722,0.0,0.7532134,0.0,0.0,0.39654285,0.0,0.0,0.0,0.0,0.0,0.0,0.0,0.0,0.0,0.0,0.0,0.0,0.0,13.5,0.0,-0.0,0.0,0.0,-0.0,0.0,-0.0,0.0,0.0,-0.0,0.0,4.4012313,0.7532134,0.0,0.4832653,0.8798082,0.27818426,0.45678347,0.0,0.0,0.0,0.3161874,0.1383698,0.5191853,0.0,0.8798082,0.0,0.8798082,0.8798082,0.4832653,-0.0,8.3,17.371815,21.046297,21.046297,2.0
resstock-amy2018-2021-release-1-330722,1.479336,0.77071196,3.921337,0.0,0.3876014,4.1747694,0.0,0.0,0.0,0.0,0.0,0.0,0.0,0.0,0.0,0.0,0.0,0.0,13.5,0.0,-0.0,0.0,0.0,-0.0,0.0,-0.0,0.0,0.0,-0.0,0.0,4.4012313,0.77071196,0.0,0.49155286,5.044872,1.6329767,2.6380284,0.0,0.0,0.0,0.3236904,0.1383698,0.52291286,0.0,5.044872,0.0,5.044872,5.0539236,0.49155286,-0.009051713,10.0,17.937267,20.0,20.0,2.0
resstock-amy2018-2021-release-1-330722,0.0,0.77071196,0.13875918,0.0,0.3876014,0.14772707,0.0,0.0,0.0,0.0,0.0,0.0,0.0,0.0,0.0,0.0,0.0,0.0,13.5,0.0,-0.0,0.0,0.0,-0.0,0.0,-0.0,0.0,0.0,-0.0,0.0,4.4012313,0.77071196,0.0,0.4914573,1.0059873,0.34191477,0.5371647,0.0,0.0,0.0,0.3398798,0.1383698,0.5339677,0.0,1.0059873,0.0,1.0059873,1.0267859,0.4914573,-0.020798521,10.0,17.977617,20.0,20.0,2.0
resstock-amy2018-2021-release-1-330722,0.0,0.7772859,1.0527208,0.0,0.3844456,1.1207572,0.0,0.0,0.0,0.0,0.0,0.0,0.0,0.0,0.0,0.0,0.0,0.0,13.5,0.0,-0.0,0.0,0.0,-0.0,0.0,-0.0,0.0,0.0,-0.0,0.0,4.4012313,0.7772859,0.0,0.89844686,2.3776908,0.7509836,1.2802438,0.0,0.0,0.0,0.3158458,0.1383698,0.53844,0.0,2.3776908,0.0,2.3776908,2.4036496,0.89844686,-0.025958832,10.6,18.202343,20.0,20.0,2.0
resstock-amy2018-2021-release-1-330722,0.0,0.77071196,0.39873338,0.0,0.3876014,0.42450318,0.0,0.0,0.0,0.0,0.0,0.0,0.0,0.0,0.0,0.0,0.0,0.0,13.5,0.0,-0.0,0.0,0.0,-0.0,0.0,-0.0,0.0,0.0,-0.0,0.0,4.4012313,0.77071196,0.0,0.4914671,1.2801279,0.39206323,0.69529575,0.0,0.0,0.0,0.3062688,0.1383698,0.54314554,0.0,1.2801279,0.0,1.2801279,1.3035717,0.4914671,-0.023443848,10.0,18.195774,20.0,20.0,2.0
resstock-amy2018-2021-release-1-330722,0.0,0.77071196,0.093506,0.0,0.3876014,0.09954921,0.0,0.0,0.0,0.0,0.0,0.0,0.0,0.0,0.0,0.0,0.0,0.0,13.5,0.0,-0.0,0.0,0.0,-0.0,0.0,-0.0,0.0,0.0,-0.0,0.0,4.4012313,0.77071196,0.0,0.5733528,1.0384458,0.3008897,0.5640293,0.0,0.0,0.0,0.28975,0.1383698,0.5431475,0.0,1.0384458,0.0,1.0384458,1.0605035,0.5733528,-0.022057606,10.0,18.37358,20.064816,20.064816,2.0
resstock-amy2018-2021-release-1-330722,0.0,0.7772859,0.33826622,0.0,0.3844456,0.36012807,0.0,0.0,0.0,0.0,0.0,0.0,0.0,0.0,0.0,0.0,0.0,0.0,13.5,0.0,-0.0,0.0,0.0,-0.0,0.0,-0.0,0.0,0.0,-0.0,0.0,4.4012313,0.7772859,0.0,0.57344794,1.2859797,0.37095118,0.6987475,0.0,0.0,0.0,0.28845802,0.1383698,0.5433581,0.0,1.2859797,0.0,1.2859797,1.3180215,0.57344794,-0.032041825,10.6,18.723364,21.11111,21.11111,2.0
resstock-amy2018-2021-release-1-330722,0.0,0.7772859,0.9823436,0.0,0.3844456,1.0458317,0.0,0.0,0.0,0.0,0.0,0.0,0.0,0.0,0.0,0.0,0.0,0.0,13.5,0.0,-0.0,0.0,0.0,-0.0,0.0,-0.0,0.0,0.0,-0.0,0.0,4.4012313,0.7772859,0.0,0.49452254,1.8930857,0.57725257,1.0401101,0.0,0.0,0.0,0.3049268,0.1383698,0.5494258,0.0,1.8930857,0.0,1.8930857,1.9247999,0.49452254,-0.031714156,10.6,18.950066,21.11111,21.11111,2.0
resstock-amy2018-2021-release-1-330722,0.0,0.7829354,0.4082296,0.0,0.38181576,0.4346131,0.0,0.0,0.0,0.0,0.0,0.0,0.0,0.0,0.0,0.0,0.0,0.0,13.5,0.0,-0.0,0.0,0.0,-0.0,0.0,-0.0,0.0,0.0,-0.0,0.0,4.4012313,0.7829354,0.0,0.53647,1.3332572,0.41414195,0.73675114,0.0,0.0,0.0,0.3106242,0.1383698,0.5525949,0.0,1.3332572,0.0,1.3332572,1.352899,0.53647,-0.019641722,11.1,19.11977,21.11111,21.11111,2.0
resstock-amy2018-2021-release-1-330722,0.0,0.7772859,4.5119185,0.0,0.3844456,4.80352,0.0,0.0,0.0,0.0,0.0,0.0,0.0,0.0,0.0,0.0,0.0,0.0,13.5,0.0,-0.0,0.0,0.0,-0.0,0.0,-0.0,0.0,0.0,-0.0,0.0,4.4012313,0.7772859,0.0,0.62317497,5.805448,1.8860326,3.176717,0.0,0.0,0.0,0.32487288,0.1383698,0.54719585,0.0,5.805448,0.0,5.805448,5.811141,0.62317497,-0.0056928177,10.6,19.362118,21.050926,21.050926,2.0
resstock-amy2018-2021-release-1-330722,0.4026112,0.77071196,0.381366,0.0,0.3876014,0.40601337,0.0,0.0,0.0,0.0,0.0,0.0,0.0,0.0,0.0,0.0,0.0,0.0,13.5,0.0,-0.0,0.0,0.0,-0.0,0.0,-0.0,0.0,0.0,-0.0,0.0,4.4012313,0.77071196,0.0,0.8053865,1.5990013,0.6357297,0.868102,0.0,0.0,0.0,0.3975792,0.1383698,0.54290265,0.0,1.5990013,0.0,1.5990013,1.5990013,0.8053865,0.0,10.0,19.72823,20.0,20.0,2.0
resstock-amy2018-2021-release-1-330722,0.09439888,0.7772859,0.0,0.0,0.3844456,0.0,0.0,0.0,0.0,0.0,0.0,0.0,0.0,0.0,0.0,0.0,0.0,0.0,13.5,0.0,-0.0,0.0,0.0,-0.0,0.0,-0.0,0.0,0.0,-0.0,0.0,4.4012313,0.7772859,0.0,0.8673652,1.2518108,0.5175962,0.671736,0.0,0.0,0.0,0.413478,0.1383698,0.53661144,0.0,1.2518108,0.0,1.2518108,1.2518108,0.8673652,-0.0,10.6,20.099308,20.0,20.0,2.0
resstock-amy2018-2021-release-1-330722,0.0,0.77071196,0.0,0.0,0.3876014,0.0,0.0,0.0,0.0,0.0,0.0,0.0,0.0,0.0,0.0,0.0,0.0,0.0,13.5,0.0,-0.0,0.0,0.0,-0.0,0.0,-0.0,0.0,0.0,-0.0,0.0,4.4012313,0.77071196,0.0,0.8488175,1.236419,0.51755375,0.6566837,0.0,0.0,0.0,0.4185909,0.1383698,0.53111744,0.0,1.236419,0.0,1.236419,1.236419,0.8488175,-0.0,10.0,20.184338,20.0,20.0,2.0
resstock-amy2018-2021-release-1-330722,0.0,0.77071196,0.762735,0.0,0.3876014,0.8120299,0.0,0.0,0.0,0.0,0.0,0.0,0.0,0.0,0.0,0.0,0.0,0.0,13.5,0.0,-0.0,0.0,0.0,-0.0,0.0,-0.0,0.0,0.0,-0.0,0.0,4.4012313,0.77071196,0.0,0.68064165,1.8802729,0.6886699,0.99231625,0.0,0.0,0.0,0.36626062,0.1383698,0.5277512,0.0,1.8802729,0.0,1.8802729,1.8802729,0.68064165,-0.0,10.0,20.24947,20.61574,20.61574,2.0
resstock-amy2018-2021-release-1-330722,0.0,0.76435184,0.0,0.0,0.3907572,0.0,0.0,0.0,0.0,0.0,0.0,0.0,0.0,0.0,0.0,0.0,0.0,0.0,13.5,0.0,-0.0,0.0,0.0,-0.0,0.0,-0.0,0.0,0.0,-0.0,0.0,4.4012313,0.76435184,0.0,0.6273819,1.0181391,0.3290865,0.536554,0.0,0.0,0.0,0.32322353,0.1383698,0.52699476,0.0,1.0181391,0.0,1.0181391,1.0181391,0.6273819,-0.0,9.4,20.125141,21.416666,21.416666,2.0
resstock-amy2018-2021-release-1-330722,0.0,0.77071196,0.0,0.0,0.3876014,0.0,0.0,0.0,0.0,0.0,0.0,0.0,0.0,0.0,0.0,0.0,0.0,0.0,13.5,0.0,-0.0,0.0,0.0,-0.0,0.0,-0.0,0.0,0.0,-0.0,0.0,4.4012313,0.77071196,0.0,0.4255669,0.8131683,0.24904808,0.42785498,0.0,0.0,0.0,0.3062688,0.1383698,0.526158,0.0,0.8131683,0.0,0.8131683,0.8131683,0.4255669,-0.0,10.0,20.037842,21.63426,21.63426,2.0
resstock-amy2018-2021-release-1-330722,0.0,0.77071196,0.0,0.0,0.3876014,0.0,0.0,0.0,0.0,0.0,0.0,0.0,0.0,0.0,0.0,0.0,0.0,0.0,13.5,0.0,-0.0,0.0,0.0,-0.0,0.0,-0.0,0.0,0.0,-0.0,0.0,4.4012313,0.77071196,0.0,0.37884125,0.76644266,0.23610267,0.40131554,0.0,0.0,0.0,0.30805,0.1383698,0.523608,0.0,0.76644266,0.0,0.76644266,0.76644266,0.37884125,-0.0,10.0,19.746948,21.11111,21.11111,2.0
resstock-amy2018-2021-release-1-330722,0.0,0.77071196,2.8988004,0.0,0.3876014,3.0861473,0.0,0.0,0.0,0.0,0.0,0.0,0.0,0.0,0.0,0.0,0.0,0.0,13.5,0.0,-0.0,0.0,0.0,-0.0,0.0,-0.0,0.0,0.0,-0.0,0.0,4.4012313,0.77071196,0.0,0.34643605,3.8201847,1.1062926,2.046998,0.0,0.0,0.0,0.2895914,0.1383698,0.5358375,0.0,3.8201847,0.0,3.8201847,3.8201847,0.34643605,-0.0,10.0,19.40304,21.11111,21.11111,2.0
resstock-amy2018-2021-release-1-330722,0.0,0.77071196,0.0,0.0,0.3876014,0.0,0.0,0.0,0.0,0.0,0.0,0.0,0.0,0.0,0.0,0.0,0.0,0.0,13.5,0.0,-0.0,0.0,0.0,-0.0,0.0,-0.0,0.0,0.0,-0.0,0.0,4.4012313,0.77071196,0.0,0.34443307,0.73203444,0.20382811,0.37763014,0.0,0.0,0.0,0.2784406,0.1383698,0.5158639,0.0,0.73203444,0.0,0.73203444,0.73203444,0.34443307,-0.0,10.0,18.911715,21.11111,21.11111,2.0
resstock-amy2018-2021-release-1-330722,0.0,0.77071196,0.0,0.0,0.3876014,0.0,0.0,0.0,0.0,0.0,0.0,0.0,0.0,0.0,0.0,0.0,0.0,0.0,13.5,0.0,-0.0,0.0,0.0,-0.0,0.0,-0.0,0.0,0.0,-0.0,0.0,4.4012313,0.77071196,0.0,0.34260106,0.73020244,0.19821346,0.37365544,0.0,0.0,0.0,0.27145,0.1383698,0.5117149,0.0,0.73020244,0.0,0.73020244,0.73020244,0.34260106,-0.0,10.0,18.447014,21.11111,21.11111,2.0
resstock-amy2018-2021-release-1-330722,0.0,0.77071196,0.0,0.0,0.3876014,0.0,0.0,0.0,0.0,0.0,0.0,0.0,0.0,0.0,0.0,0.0,0.0,0.0,13.5,0.0,-0.0,0.0,0.0,-0.0,0.0,-0.0,0.0,0.0,-0.0,0.0,4.4012313,0.77071196,0.0,0.34071207,0.72831345,0.1977007,0.37399393,0.0,0.0,0.0,0.27145,0.1383698,0.5135068,0.0,0.72831345,0.0,0.72831345,0.72831345,0.34071207,-0.0,10.0,18.118137,21.11111,21.11111,2.0
resstock-amy2018-2021-release-1-330722,0.0,0.7772859,0.0,0.0,0.3844456,0.0,0.0,0.0,0.0,0.0,0.0,0.0,0.0,0.0,0.0,0.0,0.0,0.0,13.5,0.0,-0.0,0.0,0.0,-0.0,0.0,-0.0,0.0,0.0,-0.0,0.0,4.4012313,0.7772859,0.0,0.3387091,0.72315466,0.19862065,0.3776177,0.0,0.0,0.0,0.2746586,0.1383698,0.5221811,0.0,0.72315466,0.0,0.72315466,0.72315466,0.3387091,-0.0,10.6,18.124481,21.11111,21.11111,2.0
resstock-amy2018-2021-release-1-330722,0.0,0.772879,0.0,0.0,0.38654947,0.0,0.0,0.0,0.0,0.0,0.0,0.0,0.0,0.0,0.0,0.0,0.0,0.0,13.5,0.0,-0.0,0.0,0.0,-0.0,0.0,-0.0,0.0,0.0,-0.0,0.0,4.4012313,0.772879,0.0,0.33888006,0.72542953,0.20064381,0.38550308,0.0,0.0,0.0,0.2765862,0.1383698,0.53141356,0.0,0.72542953,0.0,0.72542953,0.72542953,0.33888006,-0.0,10.2,18.240557,21.11111,21.11111,2.0
resstock-amy2018-2021-release-1-330722,0.0,0.77071196,0.0,0.0,0.3876014,0.0,0.0,0.0,0.0,0.0,0.0,0.0,0.0,0.0,0.0,0.0,0.0,0.0,13.5,0.0,-0.0,0.0,0.0,-0.0,0.0,-0.0,0.0,0.0,-0.0,0.0,4.4012313,0.77071196,0.0,0.44252667,0.8301281,0.24052961,0.44980472,0.0,0.0,0.0,0.28975,0.1383698,0.5418498,0.0,0.8301281,0.0,0.8301281,0.8301281,0.44252667,-0.0,10.0,18.451773,21.11111,21.11111,2.0
resstock-amy2018-2021-release-1-330722,0.0,0.7772859,0.0,0.0,0.3844456,0.0,0.0,0.0,0.0,0.0,0.0,0.0,0.0,0.0,0.0,0.0,0.0,0.0,13.5,0.0,-0.0,0.0,0.0,-0.0,0.0,-0.0,0.0,0.0,-0.0,0.0,4.4012313,0.7772859,0.0,0.41505015,0.79949576,0.23701851,0.43588275,0.0,0.0,0.0,0.29646,0.1383698,0.54519707,0.0,0.79949576,0.0,0.79949576,0.79949576,0.41505015,-0.0,10.6,18.390625,21.050926,21.050926,2.0
resstock-amy2018-2021-release-1-330722,0.3742616,0.7823631,0.0,0.0,0.38207874,0.0,0.0,0.0,0.0,0.0,0.0,0.0,0.0,0.0,0.0,0.0,0.0,0.0,13.5,0.0,-0.0,0.0,0.0,-0.0,0.0,-0.0,0.0,0.0,-0.0,0.0,4.4012313,0.7823631,0.0,0.34792614,0.72940755,0.21624017,0.40216303,0.0,0.0,0.0,0.29646,0.1383698,0.5513557,0.0,0.72940755,0.0,0.72940755,0.7300049,0.34792614,-0.00059735327,11.05,18.084244,19.606482,19.606482,2.0
resstock-amy2018-2021-release-1-330722,0.0,0.7959474,0.0,0.0,0.3760301,0.0,0.0,0.0,0.0,0.0,0.0,0.0,0.0,0.0,0.0,0.0,0.0,0.0,13.5,0.0,-0.0,0.0,0.0,-0.0,0.0,-0.0,0.0,0.0,-0.0,0.0,4.4012313,0.7959474,0.0,0.34729928,0.721132,0.21347007,0.40441683,0.0,0.0,0.0,0.2960208,0.1383698,0.56080836,0.0,0.721132,0.0,0.721132,0.72332937,0.34729928,-0.0021974028,12.2,18.348644,20.555555,20.555555,2.0
resstock-amy2018-2021-release-1-330722,0.0,0.7953377,0.0,0.0,0.3762931,0.0,0.0,0.0,0.0,0.0,0.0,0.0,0.0,0.0,0.0,0.0,0.0,0.0,13.5,0.0,-0.0,0.0,0.0,-0.0,0.0,-0.0,0.0,0.0,-0.0,0.0,4.4012313,0.7953377,0.0,0.34552425,0.71660364,0.20763591,0.40656638,0.0,0.0,0.0,0.28975,0.1383698,0.5673518,0.0,0.71660364,0.0,0.71660364,0.7218174,0.34552425,-0.005213713,12.15,18.100094,20.0,20.0,2.0
resstock-amy2018-2021-release-1-330722,0.0,0.792316,0.0,0.0,0.37760803,0.0,0.0,0.0,0.0,0.0,0.0,0.0,0.0,0.0,0.0,0.0,0.0,0.0,13.5,0.0,-0.0,0.0,0.0,-0.0,0.0,-0.0,0.0,0.0,-0.0,0.0,4.4012313,0.792316,0.0,0.34558123,0.7161958,0.19441137,0.4121791,0.0,0.0,0.0,0.27145,0.1383698,0.57551175,0.0,0.7161958,0.0,0.7161958,0.72318923,0.34558123,-0.0069934297,11.9,18.055403,20.0,20.0,2.0
resstock-amy2018-2021-release-1-330722,0.0,0.7951349,0.0,0.0,0.37638074,0.0,0.0,0.0,0.0,0.0,0.0,0.0,0.0,0.0,0.0,0.0,0.0,0.0,13.5,0.0,-0.0,0.0,0.0,-0.0,0.0,-0.0,0.0,0.0,-0.0,0.0,4.4012313,0.7951349,0.0,0.34918827,0.71762383,0.203554,0.4191744,0.0,0.0,0.0,0.28365,0.1383698,0.5841144,0.0,0.71762383,0.0,0.71762383,0.725569,0.34918827,-0.007945171,12.133333,17.996933,19.444445,19.444445,2.0
resstock-amy2018-2021-release-1-330722,0.0,0.8063779,0.0,0.0,0.37164703,0.0,0.0,0.0,0.0,0.0,0.0,0.0,0.0,0.0,0.0,0.0,0.0,0.0,13.5,0.0,-0.0,0.0,0.0,-0.0,0.0,-0.0,0.0,0.0,-0.0,0.0,4.4012313,0.8063779,0.0,0.42409346,0.7871213,0.21596795,0.46852744,0.0,0.0,0.0,0.27437696,0.1383698,0.5952417,0.0,0.7871213,0.0,0.7871213,0.7957405,0.42409346,-0.008619206,13.033334,18.214993,19.444445,19.444445,2.0
resstock-amy2018-2021-release-1-330722,0.0,0.82120264,0.7279595,0.0,0.36577374,0.7750069,0.0,0.0,0.0,0.0,0.0,0.0,0.0,0.0,0.0,0.0,0.0,0.0,13.5,0.0,-0.0,0.0,0.0,-0.0,0.0,-0.0,0.0,0.0,-0.0,0.0,4.4012313,0.82120264,0.0,0.5669902,1.6959704,0.49140745,1.0256618,0.0,0.0,0.0,0.28975,0.1383698,0.604764,0.0,1.6959704,0.0,1.6959704,1.7077708,0.5669902,-0.011800435,14.15,18.739487,19.444445,19.444445,2.0
resstock-amy2018-2021-release-1-330722,0.14049089,0.8218906,0.0,0.0,0.36551073,0.0,0.0,0.0,0.0,0.0,0.0,0.0,0.0,0.0,0.0,0.0,0.0,0.0,13.5,0.0,-0.0,0.0,0.0,-0.0,0.0,-0.0,0.0,0.0,-0.0,0.0,4.4012313,0.8218906,0.0,2.344367,2.6923008,0.82075757,1.6392468,0.0,0.0,0.0,0.3048536,0.1383698,0.60886467,0.0,2.6923008,0.0,2.6923008,2.7098777,2.344367,-0.017576883,14.2,18.816887,19.444445,19.444445,2.0
resstock-amy2018-2021-release-1-330722,0.36676994,0.80315214,0.0,0.0,0.3729795,0.0,0.0,0.0,0.0,0.0,0.0,0.0,0.0,0.0,0.0,0.0,0.0,0.0,13.5,0.0,-0.0,0.0,0.0,-0.0,0.0,-0.0,0.0,0.0,-0.0,0.0,4.4012313,0.80315214,0.0,0.62317497,0.9864045,0.30023962,0.6045914,0.0,0.0,0.0,0.3043778,0.1383698,0.61292446,0.0,0.9864045,0.0,0.9864045,0.9961544,0.62317497,-0.0097499555,12.78,19.316034,18.88889,18.88889,2.0
resstock-amy2018-2021-release-1-330722,0.0,0.8218906,0.23304705,0.0,0.36551073,0.24810869,0.0,0.0,0.0,0.0,0.0,0.0,0.0,0.0,0.0,0.0,0.0,0.0,13.5,0.0,-0.0,0.0,0.0,-0.0,0.0,-0.0,0.0,0.0,-0.0,0.0,4.4012313,0.8218906,0.0,0.66851974,1.2821391,0.39213172,0.7835645,0.0,0.0,0.0,0.3058418,0.1383698,0.61113846,0.0,1.2821391,0.0,1.2821391,1.2821391,0.66851974,0.0,14.2,19.808668,21.49074,21.49074,2.0
resstock-amy2018-2021-release-1-330722,0.0,0.82120264,0.52513427,0.0,0.36577374,0.55907327,0.0,0.0,0.0,0.0,0.0,0.0,0.0,0.0,0.0,0.0,0.0,0.0,13.5,0.0,-0.0,0.0,0.0,-0.0,0.0,-0.0,0.0,0.0,-0.0,0.0,4.4012313,0.82120264,0.0,1.1665906,2.0914376,0.64903873,1.2605454,0.0,0.0,0.0,0.3103314,0.1383698,0.60271716,0.0,2.0914376,0.0,2.0914376,2.0914376,1.1665906,-0.0,14.15,20.458412,21.666666,21.666666,2.0
resstock-amy2018-2021-release-1-330722,0.0,0.81779486,1.6876991,0.0,0.36708868,1.7967737,0.0,0.0,0.0,0.0,0.0,0.0,0.0,0.0,0.0,0.0,0.0,0.0,13.5,0.0,-0.0,0.0,0.0,-0.0,0.0,-0.0,0.0,0.0,-0.0,0.0,4.4012313,0.81779486,0.0,0.72727084,2.8911333,0.90994257,1.7381812,0.0,0.0,0.0,0.3147356,0.1383698,0.601211,0.0,2.8911333,0.0,2.8911333,2.8911333,0.72727084,-0.0,13.9,20.632105,21.666666,21.666666,2.0
resstock-amy2018-2021-release-1-330722,0.0,0.81779486,0.0,0.0,0.36708868,0.0,0.0,0.0,0.0,0.0,0.0,0.0,0.0,0.0,0.0,0.0,0.0,0.0,13.5,0.0,-0.0,0.0,0.0,-0.0,0.0,-0.0,0.0,0.0,-0.0,0.0,4.4012313,0.81779486,0.0,0.467565,0.8346537,0.2576853,0.5022189,0.0,0.0,0.0,0.3087332,0.1383698,0.6017093,0.0,0.8346537,0.0,0.8346537,0.8346537,0.467565,-0.0,13.9,20.710148,21.36111,21.36111,2.0
resstock-amy2018-2021-release-1-330722,0.8782154,0.8182463,6.3152537,0.0,0.36691332,6.723403,0.0,0.0,0.0,0.0,0.0,0.0,0.0,0.0,0.0,0.0,0.0,0.0,13.5,0.0,-0.0,0.0,0.0,-0.0,0.0,-0.0,0.0,0.0,-0.0,0.0,4.4012313,0.8182463,0.0,0.5379482,7.6282644,2.2614753,4.5847244,0.0,0.0,0.0,0.29646,0.1383698,0.601018,0.0,7.6282644,0.0,7.6282644,7.6282644,0.5379482,-0.0,13.933333,20.700176,21.13889,21.13889,2.0
resstock-amy2018-2021-release-1-330722,0.0,0.81779486,0.0,0.0,0.36708868,0.0,0.0,0.0,0.0,0.0,0.0,0.0,0.0,0.0,0.0,0.0,0.0,0.0,13.5,0.0,-0.0,0.0,0.0,-0.0,0.0,-0.0,0.0,0.0,-0.0,0.0,4.4012313,0.81779486,0.0,0.49628696,0.86337566,0.23416321,0.5117283,0.0,0.0,0.0,0.2712182,0.1383698,0.5927064,0.0,0.86337566,0.0,0.86337566,0.86337566,0.49628696,-0.0,13.9,20.633686,21.63889,21.63889,2.0
resstock-amy2018-2021-release-1-330722,0.0,0.81949216,0.0,0.0,0.36643124,0.0,0.0,0.0,0.0,0.0,0.0,0.0,0.0,0.0,0.0,0.0,0.0,0.0,13.5,0.0,-0.0,0.0,0.0,-0.0,0.0,-0.0,0.0,0.0,-0.0,0.0,4.4012313,0.81949216,0.0,0.42038545,0.7868167,0.20974173,0.4724077,0.0,0.0,0.0,0.26657,0.1383698,0.6004037,0.0,0.7868167,0.0,0.7868167,0.7868167,0.42038545,-0.0,14.025,20.495884,21.11111,21.11111,2.0
resstock-amy2018-2021-release-1-330722,0.0,0.81779486,0.0,0.0,0.36708868,0.0,0.0,0.0,0.0,0.0,0.0,0.0,0.0,0.0,0.0,0.0,0.0,0.0,13.5,0.0,-0.0,0.0,0.0,-0.0,0.0,-0.0,0.0,0.0,-0.0,0.0,4.4012313,0.81779486,0.0,0.37782818,0.74491686,0.21553977,0.43463254,0.0,0.0,0.0,0.2893474,0.1383698,0.5834645,0.0,0.74491686,0.0,0.74491686,0.74491686,0.37782818,-0.0,13.9,20.404667,21.11111,21.11111,2.0
resstock-amy2018-2021-release-1-330722,0.0,0.78957474,0.3819604,0.0,0.3788177,0.40664616,0.0,0.0,0.0,0.0,0.0,0.0,0.0,0.0,0.0,0.0,0.0,0.0,13.5,0.0,-0.0,0.0,0.0,-0.0,0.0,-0.0,0.0,0.0,-0.0,0.0,4.4012313,0.78957474,0.0,0.36772022,1.153184,0.31303182,0.715113,0.0,0.0,0.0,0.27145,0.1383698,0.6201204,0.0,1.153184,0.0,1.153184,1.153184,0.36772022,-0.0,11.67,19.980183,21.11111,21.11111,2.0
resstock-amy2018-2021-release-1-330722,0.0,0.8007022,0.0,0.0,0.37400514,0.0,0.0,0.0,0.0,0.0,0.0,0.0,0.0,0.0,0.0,0.0,0.0,0.0,13.5,0.0,-0.0,0.0,0.0,-0.0,0.0,-0.0,0.0,0.0,-0.0,0.0,4.4012313,0.8007022,0.0,0.3619026,0.73590773,0.16474766,0.46477887,0.0,0.0,0.0,0.22387,0.1383698,0.6315722,0.0,0.73590773,0.0,0.73590773,0.73590773,0.3619026,-0.0,12.585,19.807705,21.11111,21.11111,2.0
resstock-amy2018-2021-release-1-330722,0.0,0.8124506,0.38196123,0.0,0.36919254,0.40664706,0.0,0.0,0.0,0.0,0.0,0.0,0.0,0.0,0.0,0.0,0.0,0.0,13.5,0.0,-0.0,0.0,0.0,-0.0,0.0,-0.0,0.0,0.0,-0.0,0.0,4.4012313,0.8124506,0.0,0.34071207,1.1165516,0.2145454,0.7195563,0.0,0.0,0.0,0.19215,0.1383698,0.6444451,0.0,1.1165516,0.0,1.1165516,1.1165516,0.34071207,-0.0,13.5,19.787148,21.11111,21.11111,2.0
resstock-amy2018-2021-release-1-330722,0.0,0.803405,1.5278476,0.0,0.3728743,1.6265911,0.0,0.0,0.0,0.0,0.0,0.0,0.0,0.0,0.0,0.0,0.0,0.0,13.5,0.0,-0.0,0.0,0.0,-0.0,0.0,-0.0,0.0,0.0,-0.0,0.0,4.4012313,0.803405,0.0,0.3387091,2.3381743,0.41707465,1.5356437,0.0,0.0,0.0,0.1783762,0.1383698,0.6567704,0.0,2.3381743,0.0,2.3381743,2.3381743,0.3387091,-0.0,12.8,19.70139,21.11111,21.11111,2.0
resstock-amy2018-2021-release-1-330722,0.0,0.803405,0.0,0.0,0.3728743,0.0,0.0,0.0,0.0,0.0,0.0,0.0,0.0,0.0,0.0,0.0,0.0,0.0,13.5,0.0,-0.0,0.0,0.0,-0.0,0.0,-0.0,0.0,0.0,-0.0,0.0,4.4012313,0.803405,0.0,0.33888006,0.7117543,0.15934044,0.46447435,0.0,0.0,0.0,0.22387,0.1383698,0.6525768,0.0,0.7117543,0.0,0.7117543,0.7117543,0.33888006,-0.0,12.8,19.769371,21.11111,21.11111,2.0
resstock-amy2018-2021-release-1-330722,0.0,0.803405,0.0,0.0,0.3728743,0.0,0.0,0.0,0.0,0.0,0.0,0.0,0.0,0.0,0.0,0.0,0.0,0.0,13.5,0.0,-0.0,0.0,0.0,-0.0,0.0,-0.0,0.0,0.0,-0.0,0.0,4.4012313,0.803405,0.0,0.34294298,0.7158173,0.18605311,0.45777512,0.0,0.0,0.0,0.25991705,0.1383698,0.6395139,0.0,0.7158173,0.0,0.7158173,0.7158173,0.34294298,-0.0,12.8,19.822561,21.11111,21.11111,2.0
resstock-amy2018-2021-release-1-330722,0.0,0.7959474,0.0,0.0,0.3760301,0.0,0.0,0.0,0.0,0.0,0.0,0.0,0.0,0.0,0.0,0.0,0.0,0.0,13.5,0.0,-0.0,0.0,0.0,-0.0,0.0,-0.0,0.0,0.0,-0.0,0.0,4.4012313,0.7959474,0.0,0.34683496,0.72286505,0.22777593,0.4584481,0.0,0.0,0.0,0.3151016,0.1383698,0.6342098,0.0,0.72286505,0.0,0.72286505,0.72286505,0.34683496,-0.0,12.2,19.45992,21.055555,21.055555,2.0
resstock-amy2018-2021-release-1-330722,0.53465384,0.803405,0.0,0.0,0.3728743,0.0,0.0,0.0,0.0,0.0,0.0,0.0,0.0,0.0,0.0,0.0,0.0,0.0,13.5,0.0,-0.0,0.0,0.0,-0.0,0.0,-0.0,0.0,0.0,-0.0,0.0,4.4012313,0.803405,0.0,0.34792614,0.70489717,0.23004319,0.45249084,0.0,0.0,0.0,0.32635,0.1383698,0.6419246,0.0,0.70489717,0.0,0.70489717,0.7208004,0.34792614,-0.01590326,12.8,19.47747,19.63889,19.63889,2.0
resstock-amy2018-2021-release-1-330722,0.0,0.81779486,0.0,0.0,0.36708868,0.0,0.0,0.0,0.0,0.0,0.0,0.0,0.0,0.0,0.0,0.0,0.0,0.0,13.5,0.0,-0.0,0.0,0.0,-0.0,0.0,-0.0,0.0,0.0,-0.0,0.0,4.4012313,0.81779486,0.0,0.41937828,0.7426144,0.24089356,0.47824416,0.0,0.0,0.0,0.3243858,0.1383698,0.64400065,0.0,0.7426144,0.0,0.7426144,0.78646696,0.41937828,-0.043852556,13.9,19.73091,20.555555,20.555555,2.0
resstock-amy2018-2021-release-1-330722,0.0,0.81779486,0.0,0.0,0.36708868,0.0,0.0,0.0,0.0,0.0,0.0,0.0,0.0,0.0,0.0,0.0,0.0,0.0,13.5,0.0,-0.0,0.0,0.0,-0.0,0.0,-0.0,0.0,0.0,-0.0,0.0,4.4012313,0.81779486,0.0,0.4168911,0.728565,0.23032698,0.46885902,0.0,0.0,0.0,0.31613788,0.1383698,0.6435377,0.0,0.728565,0.0,0.728565,0.7839798,0.4168911,-0.055414777,13.9,19.91418,20.555555,20.555555,2.0
resstock-amy2018-2021-release-1-330722,0.0,0.81779486,0.0,0.0,0.36708868,0.0,0.0,0.0,0.0,0.0,0.0,0.0,0.0,0.0,0.0,0.0,0.0,0.0,13.5,0.0,-0.0,0.0,0.0,-0.0,0.0,-0.0,0.0,0.0,-0.0,0.0,4.4012313,0.81779486,0.0,0.41852418,0.73568016,0.22739664,0.47574723,0.0,0.0,0.0,0.30909714,0.1383698,0.6466767,0.0,0.73568016,0.0,0.73568016,0.7856128,0.41852418,-0.04993266,13.9,20.063463,20.555555,20.555555,2.0
resstock-amy2018-2021-release-1-330722,0.0,0.81779486,0.0,0.0,0.36708868,0.0,0.0,0.0,0.0,0.0,0.0,0.0,0.0,0.0,0.0,0.0,0.0,0.0,13.5,0.0,-0.0,0.0,0.0,-0.0,0.0,-0.0,0.0,0.0,-0.0,0.0,4.4012313,0.81779486,0.0,0.42390978,0.76927227,0.23055491,0.49771157,0.0,0.0,0.0,0.2997052,0.1383698,0.6469901,0.0,0.76927227,0.0,0.76927227,0.79099846,0.42390978,-0.021726198,13.9,20.14917,20.555555,20.555555,2.0
resstock-amy2018-2021-release-1-330722,0.0,0.82120264,0.0,0.0,0.36577374,0.0,0.0,0.0,0.0,0.0,0.0,0.0,0.0,0.0,0.0,0.0,0.0,0.0,13.5,0.0,-0.0,0.0,0.0,-0.0,0.0,-0.0,0.0,0.0,-0.0,0.0,4.4012313,0.82120264,0.0,0.42409346,0.72833765,0.21883135,0.4701548,0.0,0.0,0.0,0.30045316,0.1383698,0.64551765,0.0,0.72833765,0.0,0.72833765,0.78986716,0.42409346,-0.061529495,14.15,20.333134,21.11111,21.11111,2.0
resstock-amy2018-2021-release-1-330722,0.0,0.80982697,2.8499486,0.0,0.37024447,3.0341384,0.0,0.0,0.0,0.0,0.0,0.0,0.0,0.0,0.0,0.0,0.0,0.0,13.5,0.0,-0.0,0.0,0.0,-0.0,0.0,-0.0,0.0,0.0,-0.0,0.0,4.4012313,0.80982697,0.0,0.49452254,3.842245,1.1779222,2.4754999,0.0,0.0,0.0,0.30657133,0.1383698,0.6442847,0.0,3.842245,0.0,3.842245,3.8989055,0.49452254,-0.056660347,13.3,20.450153,21.11111,21.11111,2.0
resstock-amy2018-2021-release-1-330722,0.7661441,0.80788,9.103031,0.0,0.37103343,9.691352,0.0,0.0,0.0,0.0,0.0,0.0,0.0,0.0,0.0,0.0,0.0,0.0,13.5,0.0,-0.0,0.0,0.0,-0.0,0.0,-0.0,0.0,0.0,-0.0,0.0,4.4012313,0.80788,0.0,0.53647,10.583132,3.2952352,6.7926097,0.0,0.0,0.0,0.31136674,0.1383698,0.6418336,0.0,10.583132,0.0,10.583132,10.598855,0.53647,-0.015723048,13.15,20.513445,20.555555,20.555555,2.0
resstock-amy2018-2021-release-1-330722,0.0,0.803405,0.0,0.0,0.3728743,0.0,0.0,0.0,0.0,0.0,0.0,0.0,0.0,0.0,0.0,0.0,0.0,0.0,13.5,0.0,-0.0,0.0,0.0,-0.0,0.0,-0.0,0.0,0.0,-0.0,0.0,4.4012313,0.803405,0.0,0.62317497,0.9798654,0.3069485,0.62500376,0.0,0.0,0.0,0.31325582,0.1383698,0.6378465,0.0,0.9798654,0.0,0.9798654,0.9960493,0.62317497,-0.016183926,12.8,20.823877,20.555555,20.555555,2.0
resstock-amy2018-2021-release-1-330722,1.072554,0.7947299,1.8808193,0.0,0.37655607,2.0023751,0.0,0.0,0.0,0.0,0.0,0.0,0.0,0.0,0.0,0.0,0.0,0.0,13.5,0.0,-0.0,0.0,0.0,-0.0,0.0,-0.0,0.0,0.0,-0.0,0.0,4.4012313,0.7947299,0.0,1.176604,3.5555353,1.1172115,2.24694,0.0,0.0,0.0,0.3142175,0.1383698,0.63195544,0.0,3.5555353,0.0,3.5555353,3.5555353,1.176604,0.0,12.1,20.900747,20.0,20.0,2.0
resstock-amy2018-2021-release-1-330722,0.14507264,0.7959474,0.7639191,0.0,0.3760301,0.81329054,0.0,0.0,0.0,0.0,0.0,0.0,0.0,0.0,0.0,0.0,0.0,0.0,13.5,0.0,-0.0,0.0,0.0,-0.0,0.0,-0.0,0.0,0.0,-0.0,0.0,4.4012313,0.7959474,0.0,0.7420406,1.9313612,0.5996321,1.1897676,0.0,0.0,0.0,0.31047124,0.1383698,0.61602545,0.0,1.9313612,0.0,1.9313612,1.9313612,0.7420406,-0.0,12.2,21.245197,20.0,20.0,2.0
resstock-amy2018-2021-release-1-330722,0.0,0.7899302,0.0,0.0,0.37865993,0.0,0.0,0.0,0.0,0.0,0.0,0.0,0.0,0.0,0.0,0.0,0.0,0.0,13.5,0.0,-0.0,0.0,0.0,-0.0,0.0,-0.0,0.0,0.0,-0.0,0.0,4.4012313,0.7899302,0.0,0.72727084,1.1059308,0.342142,0.6602894,0.0,0.0,0.0,0.30937016,0.1383698,0.59704405,0.0,1.1059308,0.0,1.1059308,1.1059308,0.72727084,-0.0,11.7,21.080654,20.0,20.0,2.0
resstock-amy2018-2021-release-1-330722,0.0,0.7829354,0.0,0.0,0.38181576,0.0,0.0,0.0,0.0,0.0,0.0,0.0,0.0,0.0,0.0,0.0,0.0,0.0,13.5,0.0,-0.0,0.0,0.0,-0.0,0.0,-0.0,0.0,0.0,-0.0,0.0,4.4012313,0.7829354,0.0,0.68064165,1.0624574,0.31982496,0.6157468,0.0,0.0,0.0,0.30102378,0.1383698,0.5795496,0.0,1.0624574,0.0,1.0624574,1.0624574,0.68064165,-0.0,11.1,20.959383,20.61111,20.61111,2.0
resstock-amy2018-2021-release-1-330722,0.0,0.7772859,0.0,0.0,0.3844456,0.0,0.0,0.0,0.0,0.0,0.0,0.0,0.0,0.0,0.0,0.0,0.0,0.0,13.5,0.0,-0.0,0.0,0.0,-0.0,0.0,-0.0,0.0,0.0,-0.0,0.0,4.4012313,0.7772859,0.0,2.435279,2.8197246,0.76439285,1.5737507,0.0,0.0,0.0,0.27108777,0.1383698,0.55812216,0.0,2.8197246,0.0,2.8197246,2.8197246,2.435279,-0.0,10.6,20.692024,21.13889,21.13889,2.0
resstock-amy2018-2021-release-1-330722,0.0,0.7829354,0.3819609,0.0,0.38181576,0.4066467,0.0,0.0,0.0,0.0,0.0,0.0,0.0,0.0,0.0,0.0,0.0,0.0,13.5,0.0,-0.0,0.0,0.0,-0.0,0.0,-0.0,0.0,0.0,-0.0,0.0,4.4012313,0.7829354,0.0,1.2692522,2.0577147,0.51828307,1.1011117,0.0,0.0,0.0,0.25187314,0.1383698,0.5351139,0.0,2.0577147,0.0,2.0577147,2.0577147,1.2692522,-0.0,11.1,20.542278,21.63889,21.63889,2.0
resstock-amy2018-2021-release-1-330722,0.0,0.77071196,0.0,0.0,0.3876014,0.0,0.0,0.0,0.0,0.0,0.0,0.0,0.0,0.0,0.0,0.0,0.0,0.0,13.5,0.0,-0.0,0.0,0.0,-0.0,0.0,-0.0,0.0,0.0,-0.0,0.0,4.4012313,0.77071196,0.0,0.37884125,0.76644266,0.16785854,0.3892051,0.0,0.0,0.0,0.21900992,0.1383698,0.5078072,0.0,0.76644266,0.0,0.76644266,0.76644266,0.37884125,-0.0,10.0,20.22927,21.11111,21.11111,2.0
resstock-amy2018-2021-release-1-330722,0.0,0.77071196,0.0,0.0,0.3876014,0.0,0.0,0.0,0.0,0.0,0.0,0.0,0.0,0.0,0.0,0.0,0.0,0.0,13.5,0.0,-0.0,0.0,0.0,-0.0,0.0,-0.0,0.0,0.0,-0.0,0.0,4.4012313,0.77071196,0.0,0.34643605,0.73403746,0.15796812,0.38034517,0.0,0.0,0.0,0.21520443,0.1383698,0.518155,0.0,0.73403746,0.0,0.73403746,0.73403746,0.34643605,-0.0,10.0,19.93915,21.11111,21.11111,2.0
resstock-amy2018-2021-release-1-330722,0.0,0.76435184,0.0,0.0,0.3907572,0.0,0.0,0.0,0.0,0.0,0.0,0.0,0.0,0.0,0.0,0.0,0.0,0.0,13.5,0.0,-0.0,0.0,0.0,-0.0,0.0,-0.0,0.0,0.0,-0.0,0.0,4.4012313,0.76435184,0.0,0.34443307,0.7351903,0.14865609,0.34789497,0.0,0.0,0.0,0.20220083,0.1383698,0.473204,0.0,0.7351903,0.0,0.7351903,0.7351903,0.34443307,-0.0,9.4,19.473782,21.11111,21.11111,2.0
resstock-amy2018-2021-release-1-330722,0.0,0.75920767,0.0,0.0,0.39338708,0.0,0.0,0.0,0.0,0.0,0.0,0.0,0.0,0.0,0.0,0.0,0.0,0.0,13.5,0.0,-0.0,0.0,0.0,-0.0,0.0,-0.0,0.0,0.0,-0.0,0.0,4.4012313,0.75920767,0.0,0.34260106,0.73598814,0.14374116,0.34600067,0.0,0.0,0.0,0.19530363,0.1383698,0.47011718,0.0,0.73598814,0.0,0.73598814,0.73598814,0.34260106,-0.0,8.9,18.976223,21.11111,21.11111,2.0
resstock-amy2018-2021-release-1-330722,0.0,0.7532134,0.0,0.0,0.39654285,0.0,0.0,0.0,0.0,0.0,0.0,0.0,0.0,0.0,0.0,0.0,0.0,0.0,13.5,0.0,-0.0,0.0,0.0,-0.0,0.0,-0.0,0.0,0.0,-0.0,0.0,4.4012313,0.7532134,0.0,0.34071207,0.7372549,0.13705362,0.3396711,0.0,0.0,0.0,0.1858972,0.1383698,0.4607241,0.0,0.7372549,0.0,0.7372549,0.7372549,0.34071207,-0.0,8.3,18.508064,21.11111,21.11111,2.0
resstock-amy2018-2021-release-1-330722,0.0,0.7455094,0.0,0.0,0.4007506,0.0,0.0,0.0,0.0,0.0,0.0,0.0,0.0,0.0,0.0,0.0,0.0,0.0,13.5,0.0,-0.0,0.0,0.0,-0.0,0.0,-0.0,0.0,0.0,-0.0,0.0,4.4012313,0.7455094,0.0,0.3387091,0.7394597,0.15086377,0.35499784,0.0,0.0,0.0,0.20401892,0.1383698,0.48007736,0.0,0.7394597,0.0,0.7394597,0.7394597,0.3387091,-0.0,7.5,18.162096,21.11111,21.11111,2.0
resstock-amy2018-2021-release-1-330722,0.0,0.73811674,0.0,0.0,0.40495837,0.0,0.0,0.0,0.0,0.0,0.0,0.0,0.0,0.0,0.0,0.0,0.0,0.0,13.5,0.0,-0.0,0.0,0.0,-0.0,0.0,-0.0,0.0,0.0,-0.0,0.0,4.4012313,0.73811674,0.0,0.33888006,0.7438384,0.16434953,0.39127263,0.0,0.0,0.0,0.22094788,0.1383698,0.5260183,0.0,0.7438384,0.0,0.7438384,0.7438384,0.33888006,-0.0,6.7,18.017311,21.11111,21.11111,2.0
resstock-amy2018-2021-release-1-330722,0.0,0.7532134,0.0,0.0,0.39654285,0.0,0.0,0.0,0.0,0.0,0.0,0.0,0.0,0.0,0.0,0.0,0.0,0.0,13.5,0.0,-0.0,0.0,0.0,-0.0,0.0,-0.0,0.0,0.0,-0.0,0.0,4.4012313,0.7532134,0.0,0.39273483,0.7892777,0.2396165,0.4239244,0.0,0.0,0.0,0.3035896,0.1383698,0.53710425,0.0,0.7892777,0.0,0.7892777,0.7892777,0.39273483,-0.0,8.3,18.369183,21.11111,21.11111,2.0
resstock-amy2018-2021-release-1-330722,2.2079058,0.7772859,3.6031442,0.0,0.3844456,3.8360124,0.0,0.0,0.0,0.0,0.0,0.0,0.0,0.0,0.0,0.0,0.0,0.0,13.5,0.0,-0.0,0.0,0.0,-0.0,0.0,-0.0,0.0,0.0,-0.0,0.0,4.4012313,0.7772859,0.0,2.2911623,6.5116205,2.0447986,3.607788,0.0,0.0,0.0,0.31402302,0.1383698,0.5540538,0.0,6.5116205,0.0,6.5116205,6.5116205,2.2911623,-0.0,10.6,18.776636,19.574074,19.574074,2.0
resstock-amy2018-2021-release-1-330722,0.0,0.7899302,0.0,0.0,0.37865993,0.0,0.0,0.0,0.0,0.0,0.0,0.0,0.0,0.0,0.0,0.0,0.0,0.0,13.5,0.0,-0.0,0.0,0.0,-0.0,0.0,-0.0,0.0,0.0,-0.0,0.0,4.4012313,0.7899302,0.0,0.41973948,0.7870893,0.28379032,0.43333542,0.0,0.0,0.0,0.3605567,0.1383698,0.55055434,0.0,0.7870893,0.0,0.7870893,0.79839945,0.41973948,-0.011310182,11.7,18.506123,19.63889,19.63889,2.0
resstock-amy2018-2021-release-1-330722,0.0,0.7959474,0.0,0.0,0.3760301,0.0,0.0,0.0,0.0,0.0,0.0,0.0,0.0,0.0,0.0,0.0,0.0,0.0,13.5,0.0,-0.0,0.0,0.0,-0.0,0.0,-0.0,0.0,0.0,-0.0,0.0,4.4012313,0.7959474,0.0,0.41937828,0.7470267,0.26025963,0.4091598,0.0,0.0,0.0,0.34839404,0.1383698,0.5477178,0.0,0.7470267,0.0,0.7470267,0.79540837,0.41937828,-0.048381682,12.2,18.635567,20.0,20.0,2.0
resstock-amy2018-2021-release-1-330722,0.0,0.7959474,2.027465,0.0,0.3760301,2.1584985,0.0,0.0,0.0,0.0,0.0,0.0,0.0,0.0,0.0,0.0,0.0,0.0,13.5,0.0,-0.0,0.0,0.0,-0.0,0.0,-0.0,0.0,0.0,-0.0,0.0,4.4012313,0.7959474,0.0,0.4168911,2.8994308,0.8884407,1.6349468,0.0,0.0,0.0,0.30641901,0.1383698,0.56388545,0.0,2.8994308,0.0,2.8994308,2.9514198,0.4168911,-0.051989064,12.2,18.795725,20.0,20.0,2.0
resstock-amy2018-2021-release-1-330722,0.7360981,0.7959474,2.003172,0.0,0.3760301,2.132635,0.0,0.0,0.0,0.0,0.0,0.0,0.0,0.0,0.0,0.0,0.0,0.0,13.5,0.0,-0.0,0.0,0.0,-0.0,0.0,-0.0,0.0,0.0,-0.0,0.0,4.4012313,0.7959474,0.0,0.4914671,2.9646077,0.88229233,1.6557828,0.0,0.0,0.0,0.29760846,0.1383698,0.5585167,0.0,2.9646077,0.0,2.9646077,3.0001323,0.4914671,-0.035524637,12.2,18.995605,19.444445,19.444445,2.0
resstock-amy2018-2021-release-1-330722,0.0,0.7899302,0.0,0.0,0.37865993,0.0,0.0,0.0,0.0,0.0,0.0,0.0,0.0,0.0,0.0,0.0,0.0,0.0,13.5,0.0,-0.0,0.0,0.0,-0.0,0.0,-0.0,0.0,0.0,-0.0,0.0,4.4012313,0.7899302,0.0,0.4986313,0.83602947,0.24007101,0.44589287,0.0,0.0,0.0,0.28715616,0.1383698,0.5333459,0.0,0.83602947,0.0,0.83602947,0.8772912,0.4986313,-0.04126171,11.7,18.95619,19.444445,19.444445,2.0
resstock-amy2018-2021-release-1-330722,0.4733069,0.78264904,1.8921319,0.0,0.38194722,2.0144188,0.0,0.0,0.0,0.0,0.0,0.0,0.0,0.0,0.0,0.0,0.0,0.0,13.5,0.0,-0.0,0.0,0.0,-0.0,0.0,-0.0,0.0,0.0,-0.0,0.0,4.4012313,0.78264904,0.0,0.49877068,2.8385189,0.8121347,1.4847573,0.0,0.0,0.0,0.28611213,0.1383698,0.5230747,0.0,2.8385189,0.0,2.8385189,2.8951366,0.49877068,-0.05661785,11.075,18.942688,19.444445,19.444445,2.0
resstock-amy2018-2021-release-1-330722,0.0,0.7929169,0.3822441,0.0,0.37734503,0.4069482,0.0,0.0,0.0,0.0,0.0,0.0,0.0,0.0,0.0,0.0,0.0,0.0,13.5,0.0,-0.0,0.0,0.0,-0.0,0.0,-0.0,0.0,0.0,-0.0,0.0,4.4012313,0.7929169,0.0,0.49452254,1.2320396,0.36202294,0.6295512,0.0,0.0,0.0,0.29384035,0.1383698,0.51098293,0.0,1.2320396,0.0,1.2320396,1.2788157,0.49452254,-0.046776175,11.95,19.099007,19.444445,19.444445,2.0
resstock-amy2018-2021-release-1-330722,0.0,0.80982697,0.0,0.0,0.37024447,0.0,0.0,0.0,0.0,0.0,0.0,0.0,0.0,0.0,0.0,0.0,0.0,0.0,13.5,0.0,-0.0,0.0,0.0,-0.0,0.0,-0.0,0.0,0.0,-0.0,0.0,4.4012313,0.80982697,0.0,0.53647,0.8324864,0.2577423,0.4125841,0.0,0.0,0.0,0.30960542,0.1383698,0.4956046,0.0,0.8324864,0.0,0.8324864,0.90671444,0.53647,-0.074228056,13.3,19.473629,19.444445,19.444445,2.0
resstock-amy2018-2021-release-1-330722,0.026910925,0.803405,0.0,0.0,0.3728743,0.0,0.0,0.0,0.0,0.0,0.0,0.0,0.0,0.0,0.0,0.0,0.0,0.0,13.5,0.0,-0.0,0.0,0.0,-0.0,0.0,-0.0,0.0,0.0,-0.0,0.0,4.4012313,0.803405,0.0,0.5333524,0.8866753,0.28467903,0.44852102,0.0,0.0,0.0,0.32106346,0.1383698,0.50584584,0.0,0.8866753,0.0,0.8866753,0.90622663,0.5333524,-0.019551324,12.8,19.69299,19.444445,19.444445,2.0
resstock-amy2018-2021-release-1-330722,0.0,0.7959474,0.3822423,0.0,0.3760301,0.40694627,0.0,0.0,0.0,0.0,0.0,0.0,0.0,0.0,0.0,0.0,0.0,0.0,13.5,0.0,-0.0,0.0,0.0,-0.0,0.0,-0.0,0.0,0.0,-0.0,0.0,4.4012313,0.7959474,0.0,0.36183295,1.1447096,0.38172734,0.63855726,0.0,0.0,0.0,0.3334709,0.1383698,0.55783343,0.0,1.1447096,0.0,1.1447096,1.1448094,0.36183295,-9.978182e-05,12.2,19.688375,20.0,20.0,2.0
resstock-amy2018-2021-release-1-330722,0.0,0.7959474,0.0,0.0,0.3760301,0.0,0.0,0.0,0.0,0.0,0.0,0.0,0.0,0.0,0.0,0.0,0.0,0.0,13.5,0.0,-0.0,0.0,0.0,-0.0,0.0,-0.0,0.0,0.0,-0.0,0.0,4.4012313,0.7959474,0.0,0.7420406,1.1180706,0.36042798,0.6856284,0.0,0.0,0.0,0.32236603,0.1383698,0.6132246,0.0,1.1180706,0.0,1.1180706,1.1180706,0.7420406,-0.0,12.2,20.549541,20.0,20.0,2.0
resstock-amy2018-2021-release-1-330722,0.0,0.803405,0.38224202,0.0,0.3728743,0.406946,0.0,0.0,0.0,0.0,0.0,0.0,0.0,0.0,0.0,0.0,0.0,0.0,13.5,0.0,-0.0,0.0,0.0,-0.0,0.0,-0.0,0.0,0.0,-0.0,0.0,4.4012313,0.803405,0.0,0.72727084,1.507091,0.4797365,0.93158364,0.0,0.0,0.0,0.31831953,0.1383698,0.6181336,0.0,1.507091,0.0,1.507091,1.507091,0.72727084,-0.0,12.8,20.44067,20.0,20.0,2.0
resstock-amy2018-2021-release-1-330722,0.0,0.7959474,0.0,0.0,0.3760301,0.0,0.0,0.0,0.0,0.0,0.0,0.0,0.0,0.0,0.0,0.0,0.0,0.0,13.5,0.0,-0.0,0.0,0.0,-0.0,0.0,-0.0,0.0,0.0,-0.0,0.0,4.4012313,0.7959474,0.0,0.78717995,1.16321,0.36145163,0.71142626,0.0,0.0,0.0,0.31073633,0.1383698,0.611606,0.0,1.16321,0.0,1.16321,1.16321,0.78717995,-0.0,12.2,20.752499,20.606482,20.606482,2.0
resstock-amy2018-2021-release-1-330722,0.0,0.803405,0.0,0.0,0.3728743,0.0,0.0,0.0,0.0,0.0,0.0,0.0,0.0,0.0,0.0,0.0,0.0,0.0,13.5,0.0,-0.0,0.0,0.0,-0.0,0.0,-0.0,0.0,0.0,-0.0,0.0,4.4012313,0.803405,0.0,0.5379482,0.9108225,0.2800576,0.54643595,0.0,0.0,0.0,0.3074777,0.1383698,0.5999368,0.0,0.9108225,0.0,0.9108225,0.9108225,0.5379482,-0.0,12.8,20.757084,21.13426,21.13426,2.0
resstock-amy2018-2021-release-1-330722,0.0,0.7959474,0.38224146,0.0,0.3760301,0.4069454,0.0,0.0,0.0,0.0,0.0,0.0,0.0,0.0,0.0,0.0,0.0,0.0,13.5,0.0,-0.0,0.0,0.0,-0.0,0.0,-0.0,0.0,0.0,-0.0,0.0,4.4012313,0.7959474,0.0,0.35484684,1.1378224,0.33951622,0.67403054,0.0,0.0,0.0,0.29839122,0.1383698,0.5923864,0.0,1.1378224,0.0,1.1378224,1.1378224,0.35484684,-0.0,12.2,20.629717,21.63889,21.63889,2.0
resstock-amy2018-2021-release-1-330722,0.0,0.7959474,0.38224384,0.0,0.3760301,0.40694794,0.0,0.0,0.0,0.0,0.0,0.0,0.0,0.0,0.0,0.0,0.0,0.0,13.5,0.0,-0.0,0.0,0.0,-0.0,0.0,-0.0,0.0,0.0,-0.0,0.0,4.4012313,0.7959474,0.0,0.37884125,1.1618193,0.30545393,0.69835246,0.0,0.0,0.0,0.26291,0.1383698,0.60108525,0.0,1.1618193,0.0,1.1618193,1.1618193,0.37884125,-0.0,12.2,20.487011,21.11111,21.11111,2.0
resstock-amy2018-2021-release-1-330722,0.0,0.7959474,0.4933576,0.0,0.3760301,0.52524287,0.0,0.0,0.0,0.0,0.0,0.0,0.0,0.0,0.0,0.0,0.0,0.0,13.5,0.0,-0.0,0.0,0.0,-0.0,0.0,-0.0,0.0,0.0,-0.0,0.0,4.4012313,0.7959474,0.0,0.37782818,1.2791011,0.31309938,0.72113395,0.0,0.0,0.0,0.2447808,0.1383698,0.5637818,0.0,1.2791011,0.0,1.2791011,1.2791011,0.37782818,-0.0,12.2,20.29095,21.11111,21.11111,2.0
resstock-amy2018-2021-release-1-330722,0.0,0.7959474,0.0,0.0,0.3760301,0.0,0.0,0.0,0.0,0.0,0.0,0.0,0.0,0.0,0.0,0.0,0.0,0.0,13.5,0.0,-0.0,0.0,0.0,-0.0,0.0,-0.0,0.0,0.0,-0.0,0.0,4.4012313,0.7959474,0.0,0.34443307,0.72046316,0.15162146,0.43218505,0.0,0.0,0.0,0.21045,0.1383698,0.59987116,0.0,0.72046316,0.0,0.72046316,0.72046316,0.34443307,-0.0,12.2,20.012104,21.11111,21.11111,2.0
resstock-amy2018-2021-release-1-330722,0.0,0.7959474,0.0,0.0,0.3760301,0.0,0.0,0.0,0.0,0.0,0.0,0.0,0.0,0.0,0.0,0.0,0.0,0.0,13.5,0.0,-0.0,0.0,0.0,-0.0,0.0,-0.0,0.0,0.0,-0.0,0.0,4.4012313,0.7959474,0.0,0.34260106,0.71863115,0.15123592,0.43595558,0.0,0.0,0.0,0.21045,0.1383698,0.6066472,0.0,0.71863115,0.0,0.71863115,0.71863115,0.34260106,-0.0,12.2,19.766628,21.11111,21.11111,2.0
resstock-amy2018-2021-release-1-330722,0.0,0.7959474,0.0,0.0,0.3760301,0.0,0.0,0.0,0.0,0.0,0.0,0.0,0.0,0.0,0.0,0.0,0.0,0.0,13.5,0.0,-0.0,0.0,0.0,-0.0,0.0,-0.0,0.0,0.0,-0.0,0.0,4.4012313,0.7959474,0.0,0.34071207,0.71674216,0.15083839,0.45309842,0.0,0.0,0.0,0.21045,0.1383698,0.63216376,0.0,0.71674216,0.0,0.71674216,0.71674216,0.34071207,-0.0,12.2,19.623451,21.11111,21.11111,2.0
resstock-amy2018-2021-release-1-330722,0.0,0.7899302,0.0,0.0,0.37865993,0.0,0.0,0.0,0.0,0.0,0.0,0.0,0.0,0.0,0.0,0.0,0.0,0.0,13.5,0.0,-0.0,0.0,0.0,-0.0,0.0,-0.0,0.0,0.0,-0.0,0.0,4.4012313,0.7899302,0.0,0.3387091,0.717369,0.15534626,0.4595319,0.0,0.0,0.0,0.21655,0.1383698,0.6405795,0.0,0.717369,0.0,0.717369,0.717369,0.3387091,-0.0,11.7,19.505625,21.11111,21.11111,2.0
resstock-amy2018-2021-release-1-330722,0.0,0.7829354,0.0,0.0,0.38181576,0.0,0.0,0.0,0.0,0.0,0.0,0.0,0.0,0.0,0.0,0.0,0.0,0.0,13.5,0.0,-0.0,0.0,0.0,-0.0,0.0,-0.0,0.0,0.0,-0.0,0.0,4.4012313,0.7829354,0.0,0.33888006,0.72069585,0.17892717,0.45884213,0.0,0.0,0.0,0.24827,0.1383698,0.6366654,0.0,0.72069585,0.0,0.72069585,0.72069585,0.33888006,-0.0,11.1,19.476507,21.11111,21.11111,2.0
resstock-amy2018-2021-release-1-330722,0.0,0.77952653,0.0,0.0,0.38339368,0.0,0.0,0.0,0.0,0.0,0.0,0.0,0.0,0.0,0.0,0.0,0.0,0.0,13.5,0.0,-0.0,0.0,0.0,-0.0,0.0,-0.0,0.0,0.0,-0.0,0.0,4.4012313,0.77952653,0.0,0.44252667,0.82592034,0.264501,0.52240276,0.0,0.0,0.0,0.32025,0.1383698,0.6325099,0.0,0.82592034,0.0,0.82592034,0.82592034,0.44252667,-0.0,10.8,19.52398,21.11111,21.11111,2.0
resstock-amy2018-2021-release-1-330722,0.0,0.7829354,0.20526621,0.0,0.38181576,0.21853238,0.0,0.0,0.0,0.0,0.0,0.0,0.0,0.0,0.0,0.0,0.0,0.0,13.5,0.0,-0.0,0.0,0.0,-0.0,0.0,-0.0,0.0,0.0,-0.0,0.0,4.4012313,0.7829354,0.0,0.34683496,0.9471831,0.32478264,0.6022465,0.0,0.0,0.0,0.3428932,0.1383698,0.63582903,0.0,0.9471831,0.0,0.9471831,0.9471831,0.34683496,-0.0,11.1,18.99428,21.060184,21.060184,2.0
resstock-amy2018-2021-release-1-330722,0.5124295,0.7959474,0.16459315,0.0,0.3760301,0.17523065,0.0,0.0,0.0,0.0,0.0,0.0,0.0,0.0,0.0,0.0,0.0,0.0,13.5,0.0,-0.0,0.0,0.0,-0.0,0.0,-0.0,0.0,0.0,-0.0,0.0,4.4012313,0.7959474,0.0,0.8442895,1.3835459,0.5042679,0.88239586,0.0,0.0,0.0,0.364475,0.1383698,0.6377785,0.0,1.3835459,0.0,1.3835459,1.3955501,0.8442895,-0.01200421,12.2,19.299969,19.666666,19.666666,2.0
resstock-amy2018-2021-release-1-330722,0.0,0.7899302,0.0,0.0,0.37865993,0.0,0.0,0.0,0.0,0.0,0.0,0.0,0.0,0.0,0.0,0.0,0.0,0.0,13.5,0.0,-0.0,0.0,0.0,-0.0,0.0,-0.0,0.0,0.0,-0.0,0.0,4.4012313,0.7899302,0.0,0.9463793,1.2844595,0.4468446,0.82222325,0.0,0.0,0.0,0.34788534,0.1383698,0.6401317,0.0,1.2844595,0.0,1.2844595,1.3250393,0.9463793,-0.040579777,11.7,19.448326,20.555555,20.555555,2.0
resstock-amy2018-2021-release-1-330722,0.0,0.803405,0.38251552,0.0,0.3728743,0.40723717,0.0,0.0,0.0,0.0,0.0,0.0,0.0,0.0,0.0,0.0,0.0,0.0,13.5,0.0,-0.0,0.0,0.0,-0.0,0.0,-0.0,0.0,0.0,-0.0,0.0,4.4012313,0.803405,0.0,0.48825794,1.2211509,0.408397,0.7896062,0.0,0.0,0.0,0.33443615,0.1383698,0.64660823,0.0,1.2211509,0.0,1.2211509,1.2683694,0.48825794,-0.04721855,12.8,19.615833,20.555555,20.555555,2.0
resstock-amy2018-2021-release-1-330722,0.0,0.8137744,0.0,0.0,0.36866653,0.0,0.0,0.0,0.0,0.0,0.0,0.0,0.0,0.0,0.0,0.0,0.0,0.0,13.5,0.0,-0.0,0.0,0.0,-0.0,0.0,-0.0,0.0,0.0,-0.0,0.0,4.4012313,0.8137744,0.0,0.56441003,0.8473213,0.2604957,0.54693377,0.0,0.0,0.0,0.30743438,0.1383698,0.6454857,0.0,0.8473213,0.0,0.8473213,0.9330766,0.56441003,-0.08575532,13.6,19.998173,20.555555,20.555555,2.0
resstock-amy2018-2021-release-1-330722,0.0,0.81779486,0.0,0.0,0.36708868,0.0,0.0,0.0,0.0,0.0,0.0,0.0,0.0,0.0,0.0,0.0,0.0,0.0,13.5,0.0,-0.0,0.0,0.0,-0.0,0.0,-0.0,0.0,0.0,-0.0,0.0,4.4012313,0.81779486,0.0,1.1759851,1.420426,0.42126793,0.91002,0.0,0.0,0.0,0.2965786,0.1383698,0.64066696,0.0,1.420426,0.0,1.420426,1.5430738,1.1759851,-0.122647725,13.9,20.318077,20.555555,20.555555,2.0
resstock-amy2018-2021-release-1-330722,0.0,0.81779486,0.0,0.0,0.36708868,0.0,0.0,0.0,0.0,0.0,0.0,0.0,0.0,0.0,0.0,0.0,0.0,0.0,13.5,0.0,-0.0,0.0,0.0,-0.0,0.0,-0.0,0.0,0.0,-0.0,0.0,4.4012313,0.81779486,0.0,0.57344794,0.8165679,0.24232179,0.5196302,0.0,0.0,0.0,0.29675645,0.1383698,0.6363588,0.0,0.8165679,0.0,0.8165679,0.9405366,0.57344794,-0.12396869,13.9,20.706451,20.555555,20.555555,2.0
resstock-amy2018-2021-release-1-330722,0.0,0.81779486,0.0,0.0,0.36708868,0.0,0.0,0.0,0.0,0.0,0.0,0.0,0.0,0.0,0.0,0.0,0.0,0.0,13.5,0.0,-0.0,0.0,0.0,-0.0,0.0,-0.0,0.0,0.0,-0.0,0.0,4.4012313,0.81779486,0.0,0.5669902,0.79288864,0.25440624,0.50225294,0.0,0.0,0.0,0.32086,0.1383698,0.633447,0.0,0.79288864,0.0,0.79288864,0.9340789,0.5669902,-0.14119022,13.9,21.046364,21.11111,21.11111,2.0
resstock-amy2018-2021-release-1-330722,0.0,0.8246639,0.38251585,0.0,0.36445883,0.40723753,0.0,0.0,0.0,0.0,0.0,0.0,0.0,0.0,0.0,0.0,0.0,0.0,13.5,0.0,-0.0,0.0,0.0,-0.0,0.0,-0.0,0.0,0.0,-0.0,0.0,4.4012313,0.8246639,0.0,0.6157973,1.2891967,0.43771055,0.81474257,0.0,0.0,0.0,0.3395219,0.1383698,0.6319769,0.0,1.2891967,0.0,1.2891967,1.3874936,0.6157973,-0.09829693,14.4,21.582905,21.11111,21.11111,2.0
resstock-amy2018-2021-release-1-330722,0.21332242,0.81779486,1.2487515,0.0,0.36708868,1.3294573,0.0,0.0,0.0,0.0,0.0,0.0,0.0,0.0,0.0,0.0,0.0,0.0,13.5,0.0,-0.0,0.0,0.0,-0.0,0.0,-0.0,0.0,0.0,-0.0,0.0,4.4012313,0.81779486,0.0,1.0094761,2.663672,0.9703869,1.6817337,0.0,0.0,0.0,0.3643042,0.1383698,0.63135916,0.0,2.663672,0.0,2.663672,2.7060218,1.0094761,-0.04234991,13.9,21.930166,21.11111,21.11111,2.0
resstock-amy2018-2021-release-1-330722,0.8899354,0.803405,0.7650274,0.0,0.3728743,0.81447047,0.0,0.0,0.0,0.0,0.0,0.0,0.0,0.0,0.0,0.0,0.0,0.0,13.5,0.0,-0.0,0.0,0.0,-0.0,0.0,-0.0,0.0,0.0,-0.0,0.0,4.4012313,0.803405,0.0,0.6944981,1.8811524,0.7497096,1.2041378,0.0,0.0,0.0,0.3985374,0.1383698,0.64010644,0.0,1.8811524,0.0,1.8811524,1.881843,0.6944981,-0.00069057447,12.8,22.034012,20.0,20.0,2.0
resstock-amy2018-2021-release-1-330722,0.44796678,0.7959474,0.0,0.0,0.3760301,0.0,0.0,0.0,0.0,0.0,0.0,0.0,0.0,0.0,0.0,0.0,0.0,0.0,13.5,0.0,-0.0,0.0,0.0,-0.0,0.0,-0.0,0.0,0.0,-0.0,0.0,4.4012313,0.7959474,0.0,0.7420406,1.1180706,0.3959553,0.70799017,0.0,0.0,0.0,0.3541416,0.1383698,0.6332249,0.0,1.1180706,0.0,1.1180706,1.1180706,0.7420406,-0.0,12.2,22.096294,20.0,20.0,2.0
resstock-amy2018-2021-release-1-330722,0.33842552,0.7959474,0.0,0.0,0.3760301,0.0,0.0,0.0,0.0,0.0,0.0,0.0,0.0,0.0,0.0,0.0,0.0,0.0,13.5,0.0,-0.0,0.0,0.0,-0.0,0.0,-0.0,0.0,0.0,-0.0,0.0,4.4012313,0.7959474,0.0,0.72727084,1.1033009,0.38688856,0.6788032,0.0,0.0,0.0,0.3506646,0.1383698,0.61524755,0.0,1.1033009,0.0,1.1033009,1.1033009,0.72727084,-0.0,12.2,22.111385,20.0,20.0,2.0
resstock-amy2018-2021-release-1-330722,0.0,0.7829354,0.7650256,0.0,0.38181576,0.81446856,0.0,0.0,0.0,0.0,0.0,0.0,0.0,0.0,0.0,0.0,0.0,0.0,13.5,0.0,-0.0,0.0,0.0,-0.0,0.0,-0.0,0.0,0.0,-0.0,0.0,4.4012313,0.7829354,0.0,0.78717995,1.9834642,0.67513156,1.1662074,0.0,0.0,0.0,0.34038,0.1383698,0.58796495,0.0,1.9834642,0.0,1.9834642,1.9834642,0.78717995,-0.0,11.1,21.914124,20.601852,20.601852,2.0
resstock-amy2018-2021-release-1-330722,0.0,0.7829354,1.2667534,0.0,0.38181576,1.3486227,0.0,0.0,0.0,0.0,0.0,0.0,0.0,0.0,0.0,0.0,0.0,0.0,13.5,0.0,-0.0,0.0,0.0,-0.0,0.0,-0.0,0.0,0.0,-0.0,0.0,4.4012313,0.7829354,0.0,0.7168157,2.4472542,0.8285179,1.3361366,0.0,0.0,0.0,0.33855,0.1383698,0.5459738,0.0,2.4472542,0.0,2.4472542,2.4472542,0.7168157,-0.0,11.1,21.65591,21.13426,21.13426,2.0
resstock-amy2018-2021-release-1-330722,0.0,0.7772859,0.38251355,0.0,0.3844456,0.4072351,0.0,0.0,0.0,0.0,0.0,0.0,0.0,0.0,0.0,0.0,0.0,0.0,13.5,0.0,-0.0,0.0,0.0,-0.0,0.0,-0.0,0.0,0.0,-0.0,0.0,4.4012313,0.7772859,0.0,0.49628696,1.2879677,0.4195426,0.64128876,0.0,0.0,0.0,0.32574,0.1383698,0.4979075,0.0,1.2879677,0.0,1.2879677,1.2879677,0.49628696,-0.0,10.6,21.301495,21.643518,21.643518,2.0
resstock-amy2018-2021-release-1-330722,0.0,0.7829354,0.0,0.0,0.38181576,0.0,0.0,0.0,0.0,0.0,0.0,0.0,0.0,0.0,0.0,0.0,0.0,0.0,13.5,0.0,-0.0,0.0,0.0,-0.0,0.0,-0.0,0.0,0.0,-0.0,0.0,4.4012313,0.7829354,0.0,0.37884125,0.760657,0.24038953,0.35389733,0.0,0.0,0.0,0.3160288,0.1383698,0.46525216,0.0,0.760657,0.0,0.760657,0.760657,0.37884125,-0.0,11.1,21.02446,21.11111,21.11111,2.0
resstock-amy2018-2021-release-1-330722,0.0,0.7591062,0.0,0.0,0.39343965,0.0,0.0,0.0,0.0,0.0,0.0,0.0,0.0,0.0,0.0,0.0,0.0,0.0,13.5,0.0,-0.0,0.0,0.0,-0.0,0.0,-0.0,0.0,0.0,-0.0,0.0,4.4012313,0.7591062,0.0,0.34643605,0.7398757,0.21051565,0.334061,0.0,0.0,0.0,0.2845284,0.1383698,0.45150962,0.0,0.7398757,0.0,0.7398757,0.7398757,0.34643605,-0.0,8.89,20.378162,21.11111,21.11111,2.0
resstock-amy2018-2021-release-1-330722,0.0,0.76798344,0.0,0.0,0.38894263,0.0,0.0,0.0,0.0,0.0,0.0,0.0,0.0,0.0,0.0,0.0,0.0,0.0,13.5,0.0,-0.0,0.0,0.0,-0.0,0.0,-0.0,0.0,0.0,-0.0,0.0,4.4012313,0.76798344,0.0,0.36772022,0.75666285,0.20546874,0.33616182,0.0,0.0,0.0,0.27154598,0.1383698,0.44426897,0.0,0.75666285,0.0,0.75666285,0.75666285,0.36772022,-0.0,9.745,20.024534,21.11111,21.11111,2.0
resstock-amy2018-2021-release-1-330722,0.0,0.7772859,0.0,0.0,0.3844456,0.0,0.0,0.0,0.0,0.0,0.0,0.0,0.0,0.0,0.0,0.0,0.0,0.0,13.5,0.0,-0.0,0.0,0.0,-0.0,0.0,-0.0,0.0,0.0,-0.0,0.0,4.4012313,0.7772859,0.0,0.34260106,0.72704667,0.18050388,0.32345232,0.0,0.0,0.0,0.24827,0.1383698,0.44488522,0.0,0.72704667,0.0,0.72704667,0.72704667,0.34260106,-0.0,10.6,19.748426,21.11111,21.11111,2.0
resstock-amy2018-2021-release-1-330722,0.0,0.7787769,0.0,0.0,0.38374433,0.0,0.0,0.0,0.0,0.0,0.0,0.0,0.0,0.0,0.0,0.0,0.0,0.0,13.5,0.0,-0.0,0.0,0.0,-0.0,0.0,-0.0,0.0,0.0,-0.0,0.0,4.4012313,0.7787769,0.0,0.34071207,0.7244564,0.1782699,0.32584327,0.0,0.0,0.0,0.246074,0.1383698,0.4497762,0.0,0.7244564,0.0,0.7244564,0.7244564,0.34071207,-0.0,10.733334,19.497046,21.11111,21.11111,2.0
resstock-amy2018-2021-release-1-330722,0.0,0.7772859,0.0,0.0,0.3844456,0.0,0.0,0.0,0.0,0.0,0.0,0.0,0.0,0.0,0.0,0.0,0.0,0.0,13.5,0.0,-0.0,0.0,0.0,-0.0,0.0,-0.0,0.0,0.0,-0.0,0.0,4.4012313,0.7772859,0.0,0.35814646,0.7425921,0.18662825,0.33696118,0.0,0.0,0.0,0.25132,0.1383698,0.45376348,0.0,0.7425921,0.0,0.7425921,0.7425921,0.35814646,-0.0,10.6,19.336353,21.11111,21.11111,2.0
resstock-amy2018-2021-release-1-330722,0.0,0.77071196,0.0,0.0,0.3876014,0.0,0.0,0.0,0.0,0.0,0.0,0.0,0.0,0.0,0.0,0.0,0.0,0.0,13.5,0.0,-0.0,0.0,0.0,-0.0,0.0,-0.0,0.0,0.0,-0.0,0.0,4.4012313,0.77071196,0.0,0.33888006,0.72648144,0.19853285,0.33463818,0.0,0.0,0.0,0.27328,0.1383698,0.4606287,0.0,0.72648144,0.0,0.72648144,0.72648144,0.33888006,-0.0,10.0,19.151184,21.11111,21.11111,2.0
resstock-amy2018-2021-release-1-330722,0.0,0.75350857,3.5671117,0.0,0.39638507,3.797651,0.0,0.0,0.0,0.0,0.0,0.0,0.0,0.0,0.0,0.0,0.0,0.0,13.5,0.0,-0.0,0.0,0.0,-0.0,0.0,-0.0,0.0,0.0,-0.0,0.0,4.4012313,0.75350857,0.0,0.39273483,4.586771,1.4135144,2.142347,0.0,0.0,0.0,0.308172,0.1383698,0.46707085,0.0,4.586771,0.0,4.586771,4.586771,0.39273483,-0.0,8.33,18.924564,21.11111,21.11111,2.0
resstock-amy2018-2021-release-1-330722,0.0,0.7590555,0.0,0.0,0.39346597,0.0,0.0,0.0,0.0,0.0,0.0,0.0,0.0,0.0,0.0,0.0,0.0,0.0,13.5,0.0,-0.0,0.0,0.0,-0.0,0.0,-0.0,0.0,0.0,-0.0,0.0,4.4012313,0.7590555,0.0,1.7408413,2.1343071,0.6887196,1.0329795,0.0,0.0,0.0,0.32269,0.1383698,0.48398823,0.0,2.1343071,0.0,2.1343071,2.1343071,1.7408413,-0.0,8.885,18.87233,21.064816,21.064816,2.0
resstock-amy2018-2021-release-1-330722,0.5693125,0.76476943,1.5883822,0.0,0.39054686,1.691038,0.0,0.0,0.0,0.0,0.0,0.0,0.0,0.0,0.0,0.0,0.0,0.0,13.5,0.0,-0.0,0.0,0.0,-0.0,0.0,-0.0,0.0,0.0,-0.0,0.0,4.4012313,0.76476943,0.0,0.41973948,2.4770253,0.8945336,1.2231443,0.0,0.0,0.0,0.3611322,0.1383698,0.49379566,0.0,2.4770253,0.0,2.4770253,2.5013244,0.41973948,-0.024299033,9.44,18.80894,19.699074,19.699074,2.0
resstock-amy2018-2021-release-1-330722,0.0,0.78957474,0.0,0.0,0.3788177,0.0,0.0,0.0,0.0,0.0,0.0,0.0,0.0,0.0,0.0,0.0,0.0,0.0,13.5,0.0,-0.0,0.0,0.0,-0.0,0.0,-0.0,0.0,0.0,-0.0,0.0,4.4012313,0.78957474,0.0,0.41937828,0.76503193,0.26176426,0.380744,0.0,0.0,0.0,0.3421612,0.1383698,0.49768382,0.0,0.76503193,0.0,0.76503193,0.79819596,0.41937828,-0.033164002,11.67,19.154919,20.555555,20.555555,2.0
resstock-amy2018-2021-release-1-330722,0.0,0.7772859,0.38277656,0.0,0.3844456,0.40751508,0.0,0.0,0.0,0.0,0.0,0.0,0.0,0.0,0.0,0.0,0.0,0.0,13.5,0.0,-0.0,0.0,0.0,-0.0,0.0,-0.0,0.0,0.0,-0.0,0.0,4.4012313,0.7772859,0.0,0.4168911,1.1253673,0.36038512,0.5568322,0.0,0.0,0.0,0.3202378,0.1383698,0.49480042,0.0,1.1253673,0.0,1.1253673,1.2088518,0.4168911,-0.08348453,10.6,19.293318,20.0,20.0,2.0
resstock-amy2018-2021-release-1-330722,0.0,0.77071196,0.0,0.0,0.3876014,0.0,0.0,0.0,0.0,0.0,0.0,0.0,0.0,0.0,0.0,0.0,0.0,0.0,13.5,0.0,-0.0,0.0,0.0,-0.0,0.0,-0.0,0.0,0.0,-0.0,0.0,4.4012313,0.77071196,0.0,0.41852418,0.7247251,0.22422417,0.34717774,0.0,0.0,0.0,0.309392,0.1383698,0.47904748,0.0,0.7247251,0.0,0.7247251,0.8061256,0.41852418,-0.081400454,10.0,19.502068,20.555555,20.555555,2.0
resstock-amy2018-2021-release-1-330722,0.0,0.7875718,0.0,0.0,0.3797119,0.0,0.0,0.0,0.0,0.0,0.0,0.0,0.0,0.0,0.0,0.0,0.0,0.0,13.5,0.0,-0.0,0.0,0.0,-0.0,0.0,-0.0,0.0,0.0,-0.0,0.0,4.4012313,0.7875718,0.0,0.4986313,0.75564194,0.22781576,0.36062068,0.0,0.0,0.0,0.3014864,0.1383698,0.4772375,0.0,0.75564194,0.0,0.75564194,0.8783432,0.4986313,-0.12270129,11.5,19.993834,21.11111,21.11111,2.0
resstock-amy2018-2021-release-1-330722,0.0,0.803405,0.29088974,0.0,0.3728743,0.3096897,0.0,0.0,0.0,0.0,0.0,0.0,0.0,0.0,0.0,0.0,0.0,0.0,13.5,0.0,-0.0,0.0,0.0,-0.0,0.0,-0.0,0.0,0.0,-0.0,0.0,4.4012313,0.803405,0.0,0.6041255,1.1422927,0.34513828,0.5367816,0.0,0.0,0.0,0.3021452,0.1383698,0.46991596,0.0,1.1422927,0.0,1.1422927,1.2866895,0.6041255,-0.14439674,12.8,20.490887,21.666666,21.666666,2.0
resstock-amy2018-2021-release-1-330722,0.0,0.80982697,0.39409387,0.0,0.37024447,0.41956383,0.0,0.0,0.0,0.0,0.0,0.0,0.0,0.0,0.0,0.0,0.0,0.0,13.5,0.0,-0.0,0.0,0.0,-0.0,0.0,-0.0,0.0,0.0,-0.0,0.0,4.4012313,0.80982697,0.0,0.49452254,1.1372604,0.34963936,0.5296995,0.0,0.0,0.0,0.30744,0.1383698,0.465768,0.0,1.1372604,0.0,1.1372604,1.2843308,0.49452254,-0.14707045,13.3,21.002666,21.666666,21.666666,2.0
resstock-amy2018-2021-release-1-330722,0.0,0.80982697,0.18986529,0.0,0.37024447,0.20213613,0.0,0.0,0.0,0.0,0.0,0.0,0.0,0.0,0.0,0.0,0.0,0.0,13.5,0.0,-0.0,0.0,0.0,-0.0,0.0,-0.0,0.0,0.0,-0.0,0.0,4.4012313,0.80982697,0.0,0.6157973,1.0569626,0.33552644,0.48781797,0.0,0.0,0.0,0.317444,0.1383698,0.46152812,0.0,1.0569626,0.0,1.0569626,1.188178,0.6157973,-0.13121536,13.3,21.507526,22.222221,22.222221,2.0
resstock-amy2018-2021-release-1-330722,0.0,0.81779486,1.0229985,0.0,0.36708868,1.089114,0.0,0.0,0.0,0.0,0.0,0.0,0.0,0.0,0.0,0.0,0.0,0.0,13.5,0.0,-0.0,0.0,0.0,-0.0,0.0,-0.0,0.0,0.0,-0.0,0.0,4.4012313,0.81779486,0.0,0.62317497,2.0252604,0.6685539,0.95194554,0.0,0.0,0.0,0.3301076,0.1383698,0.47003612,0.0,2.0252604,0.0,2.0252604,2.0793774,0.62317497,-0.054117065,13.9,22.190361,22.222221,22.222221,2.0
resstock-amy2018-2021-release-1-330722,0.0,0.7959474,0.22096616,0.0,0.3760301,0.23524702,0.0,0.0,0.0,0.0,0.0,0.0,0.0,0.0,0.0,0.0,0.0,0.0,13.5,0.0,-0.0,0.0,0.0,-0.0,0.0,-0.0,0.0,0.0,-0.0,0.0,4.4012313,0.7959474,0.0,0.5576313,1.1679533,0.43230134,0.5804508,0.0,0.0,0.0,0.3701358,0.1383698,0.49698117,0.0,1.1679533,0.0,1.1679533,1.1689085,0.5576313,-0.0009551998,12.2,22.004688,22.222221,22.222221,2.0
resstock-amy2018-2021-release-1-330722,0.0,0.7899302,0.21048093,0.0,0.37865993,0.22408412,0.0,0.0,0.0,0.0,0.0,0.0,0.0,0.0,0.0,0.0,0.0,0.0,13.5,0.0,-0.0,0.0,0.0,-0.0,0.0,-0.0,0.0,0.0,-0.0,0.0,4.4012313,0.7899302,0.0,0.7420406,1.3447846,0.44731972,0.69982356,0.0,0.0,0.0,0.332633,0.1383698,0.52039826,0.0,1.3447846,0.0,1.3447846,1.3447846,0.7420406,-0.0,11.7,22.397629,22.222221,22.222221,2.0
resstock-amy2018-2021-release-1-330722,0.0,0.7772859,0.58557135,0.0,0.3844456,0.6234163,0.0,0.0,0.0,0.0,0.0,0.0,0.0,0.0,0.0,0.0,0.0,0.0,13.5,0.0,-0.0,0.0,0.0,-0.0,0.0,-0.0,0.0,0.0,-0.0,0.0,4.4012313,0.7772859,0.0,2.053062,3.060924,1.00192,1.5882899,0.0,0.0,0.0,0.327326,0.1383698,0.5188923,0.0,3.060924,0.0,3.060924,3.060924,2.053062,-0.0,10.6,22.213835,22.222221,22.222221,2.0
resstock-amy2018-2021-release-1-330722,0.87110484,0.7689243,0.43443358,0.0,0.38847804,0.46251065,0.0,0.0,0.0,0.0,0.0,0.0,0.0,0.0,0.0,0.0,0.0,0.0,13.5,0.0,-0.0,0.0,0.0,-0.0,0.0,-0.0,0.0,0.0,-0.0,0.0,4.4012313,0.7689243,0.0,0.68064165,1.5316303,0.48209596,0.7844356,0.0,0.0,0.0,0.31476,0.1383698,0.51215726,0.0,1.5316303,0.0,1.5316303,1.5316303,0.68064165,-0.0,9.833333,21.88996,20.63426,20.63426,2.0
resstock-amy2018-2021-release-1-330722,0.0,0.76090705,0.7655492,0.0,0.39251044,0.815026,0.0,0.0,0.0,0.0,0.0,0.0,0.0,0.0,0.0,0.0,0.0,0.0,13.5,0.0,-0.0,0.0,0.0,-0.0,0.0,-0.0,0.0,0.0,-0.0,0.0,4.4012313,0.76090705,0.0,0.6273819,1.8349183,0.56833583,0.90873873,0.0,0.0,0.0,0.3097336,0.1383698,0.4952475,0.0,1.8349183,0.0,1.8349183,1.8349183,0.6273819,-0.0,9.066667,21.457241,21.11111,21.11111,2.0
resstock-amy2018-2021-release-1-330722,0.0,0.7532134,0.0,0.0,0.39654285,0.0,0.0,0.0,0.0,0.0,0.0,0.0,0.0,0.0,0.0,0.0,0.0,0.0,13.5,0.0,-0.0,0.0,0.0,-0.0,0.0,-0.0,0.0,0.0,-0.0,0.0,4.4012313,0.7532134,0.0,0.567007,0.96354985,0.2938827,0.4621629,0.0,0.0,0.0,0.305,0.1383698,0.4796461,0.0,0.96354985,0.0,0.96354985,0.96354985,0.567007,-0.0,8.3,20.99452,21.11111,21.11111,2.0
resstock-amy2018-2021-release-1-330722,0.0,0.77071196,6.9699492,0.0,0.3876014,7.420411,0.0,0.0,0.0,0.0,0.0,0.0,0.0,0.0,0.0,0.0,0.0,0.0,13.5,0.0,-0.0,0.0,0.0,-0.0,0.0,-0.0,0.0,0.0,-0.0,0.0,4.4012313,0.77071196,0.0,0.42038545,8.228398,2.4594684,3.8646455,0.0,0.0,0.0,0.2989,0.1383698,0.46967167,0.0,8.228398,0.0,8.228398,8.228398,0.42038545,-0.0,10.0,20.794666,21.11111,21.11111,2.0
resstock-amy2018-2021-release-1-330722,0.0,0.77071196,0.0,0.0,0.3876014,0.0,0.0,0.0,0.0,0.0,0.0,0.0,0.0,0.0,0.0,0.0,0.0,0.0,13.5,0.0,-0.0,0.0,0.0,-0.0,0.0,-0.0,0.0,0.0,-0.0,0.0,4.4012313,0.77071196,0.0,0.34643605,0.73403746,0.21926051,0.36019123,0.0,0.0,0.0,0.2987048,0.1383698,0.4906987,0.0,0.73403746,0.0,0.73403746,0.73403746,0.34643605,-0.0,10.0,20.3912,21.11111,21.11111,2.0
resstock-amy2018-2021-release-1-330722,0.0,0.7532134,0.0,0.0,0.39654285,0.0,0.0,0.0,0.0,0.0,0.0,0.0,0.0,0.0,0.0,0.0,0.0,0.0,13.5,0.0,-0.0,0.0,0.0,-0.0,0.0,-0.0,0.0,0.0,-0.0,0.0,4.4012313,0.7532134,0.0,0.34443307,0.7409759,0.21881998,0.30930868,0.0,0.0,0.0,0.2953132,0.1383698,0.4174342,0.0,0.7409759,0.0,0.7409759,0.7409759,0.34443307,-0.0,8.3,19.714092,21.11111,21.11111,2.0
resstock-amy2018-2021-release-1-330722,0.0,0.77071196,0.0,0.0,0.3876014,0.0,0.0,0.0,0.0,0.0,0.0,0.0,0.0,0.0,0.0,0.0,0.0,0.0,13.5,0.0,-0.0,0.0,0.0,-0.0,0.0,-0.0,0.0,0.0,-0.0,0.0,4.4012313,0.77071196,0.0,0.34260106,0.73020244,0.2155137,0.3059835,0.0,0.0,0.0,0.2951424,0.1383698,0.41903928,0.0,0.73020244,0.0,0.73020244,0.73020244,0.34260106,-0.0,10.0,19.436537,21.11111,21.11111,2.0
resstock-amy2018-2021-release-1-330722,0.0,0.7483609,0.0,0.0,0.3991727,0.0,0.0,0.0,0.0,0.0,0.0,0.0,0.0,0.0,0.0,0.0,0.0,0.0,13.5,0.0,-0.0,0.0,0.0,-0.0,0.0,-0.0,0.0,0.0,-0.0,0.0,4.4012313,0.7483609,0.0,0.34071207,0.73988473,0.20692563,0.31691578,0.0,0.0,0.0,0.2796728,0.1383698,0.4283313,0.0,0.73988473,0.0,0.73988473,0.73988473,0.34071207,-0.0,7.8,18.70853,21.11111,21.11111,2.0
resstock-amy2018-2021-release-1-330722,0.0,0.72957295,0.0,0.0,0.4100427,0.0,0.0,0.0,0.0,0.0,0.0,0.0,0.0,0.0,0.0,0.0,0.0,0.0,13.5,0.0,-0.0,0.0,0.0,-0.0,0.0,-0.0,0.0,0.0,-0.0,0.0,4.4012313,0.72957295,0.0,0.3387091,0.74875176,0.21558061,0.34233645,0.0,0.0,0.0,0.28792,0.1383698,0.45720956,0.0,0.74875176,0.0,0.74875176,0.74875176,0.3387091,-0.0,5.733333,17.920238,21.11111,21.11111,2.0
resstock-amy2018-2021-release-1-330722,0.0,0.72461146,0.9999317,0.0,0.41311085,1.0645565,0.0,0.0,0.0,0.0,0.0,0.0,0.0,0.0,0.0,0.0,0.0,0.0,13.5,0.0,-0.0,0.0,0.0,-0.0,0.0,-0.0,0.0,0.0,-0.0,0.0,4.4012313,0.72461146,0.0,0.33888006,1.8165474,0.54405195,0.8854089,0.0,0.0,0.0,0.2994978,0.1383698,0.48741305,0.0,1.8165474,0.0,1.8165474,1.8165474,0.33888006,-0.0,5.15,17.53799,21.11111,21.11111,2.0
resstock-amy2018-2021-release-1-330722,0.0,0.77071196,0.0,0.0,0.3876014,0.0,0.0,0.0,0.0,0.0,0.0,0.0,0.0,0.0,0.0,0.0,0.0,0.0,13.5,0.0,-0.0,0.0,0.0,-0.0,0.0,-0.0,0.0,0.0,-0.0,0.0,4.4012313,0.77071196,0.0,0.44252667,0.8301281,0.26079485,0.42453042,0.0,0.0,0.0,0.3141622,0.1383698,0.5114035,0.0,0.8301281,0.0,0.8301281,0.8301281,0.44252667,-0.0,10.0,18.277538,21.11111,21.11111,2.0
resstock-amy2018-2021-release-1-330722,0.32119042,0.77071196,0.26704377,0.0,0.3876014,0.2843026,0.0,0.0,0.0,0.0,0.0,0.0,0.0,0.0,0.0,0.0,0.0,0.0,13.5,0.0,-0.0,0.0,0.0,-0.0,0.0,-0.0,0.0,0.0,-0.0,0.0,4.4012313,0.77071196,0.0,0.4832653,1.1551692,0.4251314,0.61665624,0.0,0.0,0.0,0.3680252,0.1383698,0.5338233,0.0,1.1551692,0.0,1.1551692,1.1551692,0.4832653,-0.0,10.0,18.551765,19.856482,19.856482,2.0
resstock-amy2018-2021-release-1-330722,0.0,0.7829354,0.0,0.0,0.38181576,0.0,0.0,0.0,0.0,0.0,0.0,0.0,0.0,0.0,0.0,0.0,0.0,0.0,13.5,0.0,-0.0,0.0,0.0,-0.0,0.0,-0.0,0.0,0.0,-0.0,0.0,4.4012313,0.7829354,0.0,0.56336623,0.91548365,0.4104571,0.48933452,0.0,0.0,0.0,0.44835,0.1383698,0.5345093,0.0,0.91548365,0.0,0.91548365,0.94518197,0.56336623,-0.029698307,11.1,19.035465,20.0,20.0,2.0
resstock-amy2018-2021-release-1-330722,0.0,0.803405,0.0,0.0,0.3728743,0.0,0.0,0.0,0.0,0.0,0.0,0.0,0.0,0.0,0.0,0.0,0.0,0.0,13.5,0.0,-0.0,0.0,0.0,-0.0,0.0,-0.0,0.0,0.0,-0.0,0.0,4.4012313,0.803405,0.0,0.4914573,0.7812984,0.31174836,0.43776026,0.0,0.0,0.0,0.3990132,0.1383698,0.56029844,0.0,0.7812984,0.0,0.7812984,0.8643316,0.4914573,-0.08303322,12.8,19.386385,20.0,20.0,2.0
resstock-amy2018-2021-release-1-330722,0.0,0.803405,0.0,0.0,0.3728743,0.0,0.0,0.0,0.0,0.0,0.0,0.0,0.0,0.0,0.0,0.0,0.0,0.0,13.5,0.0,-0.0,0.0,0.0,-0.0,0.0,-0.0,0.0,0.0,-0.0,0.0,4.4012313,0.803405,0.0,0.4168911,0.6596438,0.22432032,0.37440696,0.0,0.0,0.0,0.3400628,0.1383698,0.5675896,0.0,0.6596438,0.0,0.6596438,0.78976536,0.4168911,-0.13012151,12.8,19.595694,20.0,20.0,2.0
resstock-amy2018-2021-release-1-330722,0.0,0.80982697,0.0,0.0,0.37024447,0.0,0.0,0.0,0.0,0.0,0.0,0.0,0.0,0.0,0.0,0.0,0.0,0.0,13.5,0.0,-0.0,0.0,0.0,-0.0,0.0,-0.0,0.0,0.0,-0.0,0.0,4.4012313,0.80982697,0.0,0.41852418,0.6069202,0.2003732,0.3387867,0.0,0.0,0.0,0.33014753,0.1383698,0.5582063,0.0,0.6069202,0.0,0.6069202,0.78876865,0.41852418,-0.18184845,13.3,19.922066,20.0,20.0,2.0
resstock-amy2018-2021-release-1-330722,0.11110669,0.81779486,3.0641675,0.0,0.36708868,3.262202,0.0,0.0,0.0,0.0,0.0,0.0,0.0,0.0,0.0,0.0,0.0,0.0,13.5,0.0,-0.0,0.0,0.0,-0.0,0.0,-0.0,0.0,0.0,-0.0,0.0,4.4012313,0.81779486,0.0,0.5733528,3.999226,1.256357,2.2234979,0.0,0.0,0.0,0.31415,0.1383698,0.55598205,0.0,3.999226,0.0,3.999226,4.2026434,0.5733528,-0.20341729,13.9,20.461369,20.046297,20.046297,2.0
resstock-amy2018-2021-release-1-330722,0.0,0.8497198,0.0,0.0,0.35551736,0.0,0.0,0.0,0.0,0.0,0.0,0.0,0.0,0.0,0.0,0.0,0.0,0.0,13.5,0.0,-0.0,0.0,0.0,-0.0,0.0,-0.0,0.0,0.0,-0.0,0.0,4.4012313,0.8497198,0.0,0.57344794,0.7342854,0.23067577,0.40493974,0.0,0.0,0.0,0.31415,0.1383698,0.5514746,0.0,0.7342854,0.0,0.7342854,0.92896533,0.57344794,-0.19467992,16.1,21.300827,21.11111,21.11111,2.0
resstock-amy2018-2021-release-1-330722,0.0,0.80315214,0.0,0.0,0.3729795,0.0,0.0,0.0,0.0,0.0,0.0,0.0,0.0,0.0,0.0,0.0,0.0,0.0,13.5,0.0,-0.0,0.0,0.0,-0.0,0.0,-0.0,0.0,0.0,-0.0,0.0,4.4012313,0.80315214,0.0,0.49452254,0.69391036,0.22072636,0.3721428,0.0,0.0,0.0,0.3180906,0.1383698,0.5362981,0.0,0.69391036,0.0,0.69391036,0.86750203,0.49452254,-0.17359167,12.78,21.39382,21.11111,21.11111,2.0
resstock-amy2018-2021-release-1-330722,0.014386671,0.83319634,0.0,0.0,0.361303,0.0,0.0,0.0,0.0,0.0,0.0,0.0,0.0,0.0,0.0,0.0,0.0,0.0,13.5,0.0,-0.0,0.0,0.0,-0.0,0.0,-0.0,0.0,0.0,-0.0,0.0,4.4012313,0.83319634,0.0,0.53647,0.75947803,0.24861544,0.4073982,0.0,0.0,0.0,0.3273504,0.1383698,0.5364187,0.0,0.75947803,0.0,0.75947803,0.897773,0.53647,-0.13829498,15.0,22.298203,21.11111,21.11111,2.0
resstock-amy2018-2021-release-1-330722,0.3621951,0.81779486,1.9151417,0.0,0.36708868,2.0389156,0.0,0.0,0.0,0.0,0.0,0.0,0.0,0.0,0.0,0.0,0.0,0.0,13.5,0.0,-0.0,0.0,0.0,-0.0,0.0,-0.0,0.0,0.0,-0.0,0.0,4.4012313,0.81779486,0.0,0.5333524,2.8718033,0.989767,1.5560769,0.0,0.0,0.0,0.34465,0.1383698,0.54184663,0.0,2.8718033,0.0,2.8718033,2.9393566,0.5333524,-0.067553274,13.9,22.581245,21.069445,21.069445,2.0
resstock-amy2018-2021-release-1-330722,0.0,0.7959474,0.0,0.0,0.3760301,0.0,0.0,0.0,0.0,0.0,0.0,0.0,0.0,0.0,0.0,0.0,0.0,0.0,13.5,0.0,-0.0,0.0,0.0,-0.0,0.0,-0.0,0.0,0.0,-0.0,0.0,4.4012313,0.7959474,0.0,0.47272134,0.84696543,0.31117764,0.48440018,0.0,0.0,0.0,0.367403,0.1383698,0.5719244,0.0,0.84696543,0.0,0.84696543,0.8487514,0.47272134,-0.0017860128,12.2,22.651487,23.333334,23.333334,2.0
resstock-amy2018-2021-release-1-330722,0.0,0.7829354,6.049444,0.0,0.38181576,6.4404144,0.0,0.0,0.0,0.0,0.0,0.0,0.0,0.0,0.0,0.0,0.0,0.0,13.5,0.0,-0.0,0.0,0.0,-0.0,0.0,-0.0,0.0,0.0,-0.0,0.0,4.4012313,0.7829354,0.0,0.49139142,7.3136215,2.4977083,4.4288425,0.0,0.0,0.0,0.3415146,0.1383698,0.6055608,0.0,7.3136215,0.0,7.3136215,7.3136215,0.49139142,-0.0,11.1,22.654682,22.777779,22.777779,2.0
resstock-amy2018-2021-release-1-330722,0.0,0.77071196,0.383028,0.0,0.3876014,0.40778276,0.0,0.0,0.0,0.0,0.0,0.0,0.0,0.0,0.0,0.0,0.0,0.0,13.5,0.0,-0.0,0.0,0.0,-0.0,0.0,-0.0,0.0,0.0,-0.0,0.0,4.4012313,0.77071196,0.0,0.48417744,1.2795616,0.42539027,0.78898937,0.0,0.0,0.0,0.33245,0.1383698,0.6166091,0.0,1.2795616,0.0,1.2795616,1.2795616,0.48417744,-0.0,10.0,22.4733,22.777779,22.777779,2.0
resstock-amy2018-2021-release-1-330722,1.378656,0.77071196,2.1712732,0.0,0.3876014,2.3116007,0.0,0.0,0.0,0.0,0.0,0.0,0.0,0.0,0.0,0.0,0.0,0.0,13.5,0.0,-0.0,0.0,0.0,-0.0,0.0,-0.0,0.0,0.0,-0.0,0.0,4.4012313,0.77071196,0.0,0.467565,3.1667671,1.0073189,1.968562,0.0,0.0,0.0,0.3180906,0.1383698,0.62163144,0.0,3.1667671,0.0,3.1667671,3.1667671,0.467565,-0.0,10.0,22.34254,20.597221,20.597221,2.0
resstock-amy2018-2021-release-1-330722,0.0,0.76435184,0.0,0.0,0.3907572,0.0,0.0,0.0,0.0,0.0,0.0,0.0,0.0,0.0,0.0,0.0,0.0,0.0,13.5,0.0,-0.0,0.0,0.0,-0.0,0.0,-0.0,0.0,0.0,-0.0,0.0,4.4012313,0.76435184,0.0,0.44851446,0.83927166,0.25853765,0.52014697,0.0,0.0,0.0,0.30805,0.1383698,0.61976,0.0,0.83927166,0.0,0.83927166,0.83927166,0.44851446,-0.0,9.4,21.871727,21.12963,21.12963,2.0
resstock-amy2018-2021-release-1-330722,0.0,0.76435184,0.0,0.0,0.3907572,0.0,0.0,0.0,0.0,0.0,0.0,0.0,0.0,0.0,0.0,0.0,0.0,0.0,13.5,0.0,-0.0,0.0,0.0,-0.0,0.0,-0.0,0.0,0.0,-0.0,0.0,4.4012313,0.76435184,0.0,0.4255669,0.8163241,0.24648908,0.49923944,0.0,0.0,0.0,0.30195,0.1383698,0.6115701,0.0,0.8163241,0.0,0.8163241,0.8163241,0.4255669,-0.0,9.4,21.4031,21.643518,21.643518,2.0
resstock-amy2018-2021-release-1-330722,0.0,0.7597159,0.0,0.0,0.39312407,0.0,0.0,0.0,0.0,0.0,0.0,0.0,0.0,0.0,0.0,0.0,0.0,0.0,13.5,0.0,-0.0,0.0,0.0,-0.0,0.0,-0.0,0.0,0.0,-0.0,0.0,4.4012313,0.7597159,0.0,0.42038545,0.8135095,0.24243349,0.48266858,0.0,0.0,0.0,0.2980094,0.1383698,0.59331644,0.0,0.8135095,0.0,0.8135095,0.8135095,0.42038545,-0.0,8.95,20.904139,21.11111,21.11111,2.0
resstock-amy2018-2021-release-1-330722,0.0,0.75920767,1.9163439,0.0,0.39338708,2.0401957,0.0,0.0,0.0,0.0,0.0,0.0,0.0,0.0,0.0,0.0,0.0,0.0,13.5,0.0,-0.0,0.0,0.0,-0.0,0.0,-0.0,0.0,0.0,-0.0,0.0,4.4012313,0.75920767,0.0,0.34643605,2.7800188,0.7810908,1.5892435,0.0,0.0,0.0,0.280966,0.1383698,0.5716665,0.0,2.7800188,0.0,2.7800188,2.7800188,0.34643605,-0.0,8.9,20.435581,21.11111,21.11111,2.0
resstock-amy2018-2021-release-1-330722,0.0,0.75920767,0.0,0.0,0.39338708,0.0,0.0,0.0,0.0,0.0,0.0,0.0,0.0,0.0,0.0,0.0,0.0,0.0,13.5,0.0,-0.0,0.0,0.0,-0.0,0.0,-0.0,0.0,0.0,-0.0,0.0,4.4012313,0.75920767,0.0,0.34443307,0.73782015,0.19830096,0.41546023,0.0,0.0,0.0,0.268766,0.1383698,0.56309146,0.0,0.73782015,0.0,0.73782015,0.73782015,0.34443307,-0.0,8.9,19.908098,21.11111,21.11111,2.0
resstock-amy2018-2021-release-1-330722,0.0,0.75920767,0.0,0.0,0.39338708,0.0,0.0,0.0,0.0,0.0,0.0,0.0,0.0,0.0,0.0,0.0,0.0,0.0,13.5,0.0,-0.0,0.0,0.0,-0.0,0.0,-0.0,0.0,0.0,-0.0,0.0,4.4012313,0.75920767,0.0,0.34260106,0.73598814,0.19170283,0.41380233,0.0,0.0,0.0,0.26047,0.1383698,0.5622405,0.0,0.73598814,0.0,0.73598814,0.73598814,0.34260106,-0.0,8.9,19.375427,21.11111,21.11111,2.0
resstock-amy2018-2021-release-1-330722,0.0,0.7532134,0.0,0.0,0.39654285,0.0,0.0,0.0,0.0,0.0,0.0,0.0,0.0,0.0,0.0,0.0,0.0,0.0,13.5,0.0,-0.0,0.0,0.0,-0.0,0.0,-0.0,0.0,0.0,-0.0,0.0,4.4012313,0.7532134,0.0,0.34071207,0.7372549,0.19156508,0.41729483,0.0,0.0,0.0,0.2598356,0.1383698,0.5660116,0.0,0.7372549,0.0,0.7372549,0.7372549,0.34071207,-0.0,8.3,18.805801,21.11111,21.11111,2.0
resstock-amy2018-2021-release-1-330722,0.0,0.7483609,0.0,0.0,0.3991727,0.0,0.0,0.0,0.0,0.0,0.0,0.0,0.0,0.0,0.0,0.0,0.0,0.0,13.5,0.0,-0.0,0.0,0.0,-0.0,0.0,-0.0,0.0,0.0,-0.0,0.0,4.4012313,0.7483609,0.0,0.3387091,0.7378818,0.19594096,0.41562405,0.0,0.0,0.0,0.2655452,0.1383698,0.56326646,0.0,0.7378818,0.0,0.7378818,0.7378818,0.3387091,-0.0,7.8,18.37732,21.11111,21.11111,2.0
resstock-amy2018-2021-release-1-330722,0.0,0.7427017,0.0,0.0,0.4023285,0.0,0.0,0.0,0.0,0.0,0.0,0.0,0.0,0.0,0.0,0.0,0.0,0.0,13.5,0.0,-0.0,0.0,0.0,-0.0,0.0,-0.0,0.0,0.0,-0.0,0.0,4.4012313,0.7427017,0.0,0.3664817,0.76881015,0.20869352,0.43249214,0.0,0.0,0.0,0.27145,0.1383698,0.5625474,0.0,0.76881015,0.0,0.76881015,0.76881015,0.3664817,-0.0,7.2,18.143932,21.11111,21.11111,2.0
resstock-amy2018-2021-release-1-330722,0.0,0.7483609,0.0,0.0,0.3991727,0.0,0.0,0.0,0.0,0.0,0.0,0.0,0.0,0.0,0.0,0.0,0.0,0.0,13.5,0.0,-0.0,0.0,0.0,-0.0,0.0,-0.0,0.0,0.0,-0.0,0.0,4.4012313,0.7483609,0.0,0.39273483,0.79190755,0.23226665,0.43932593,0.0,0.0,0.0,0.2933002,0.1383698,0.5547692,0.0,0.79190755,0.0,0.79190755,0.79190755,0.39273483,-0.0,7.8,18.240871,21.11111,21.11111,2.0
resstock-amy2018-2021-release-1-330722,0.0,0.7455094,0.0,0.0,0.4007506,0.0,0.0,0.0,0.0,0.0,0.0,0.0,0.0,0.0,0.0,0.0,0.0,0.0,13.5,0.0,-0.0,0.0,0.0,-0.0,0.0,-0.0,0.0,0.0,-0.0,0.0,4.4012313,0.7455094,0.0,0.41505015,0.8158008,0.2500932,0.44285792,0.0,0.0,0.0,0.3065616,0.1383698,0.54285055,0.0,0.8158008,0.0,0.8158008,0.8158008,0.41505015,-0.0,7.5,18.250336,21.069445,21.069445,2.0
resstock-amy2018-2021-release-1-330722,0.87375826,0.77071196,2.1163135,0.0,0.3876014,2.253089,0.0,0.0,0.0,0.0,0.0,0.0,0.0,0.0,0.0,0.0,0.0,0.0,13.5,0.0,-0.0,0.0,0.0,-0.0,0.0,-0.0,0.0,0.0,-0.0,0.0,4.4012313,0.77071196,0.0,1.0454721,3.6847959,1.1360004,2.0011036,0.0,0.0,0.0,0.308294,0.1383698,0.54307044,0.0,3.6847959,0.0,3.6847959,3.6861625,1.0454721,-0.0013667032,10.0,18.741526,20.0,20.0,2.0
resstock-amy2018-2021-release-1-330722,1.5239823,0.7899302,4.365319,0.0,0.37865993,4.6474457,0.0,0.0,0.0,0.0,0.0,0.0,0.0,0.0,0.0,0.0,0.0,0.0,13.5,0.0,-0.0,0.0,0.0,-0.0,0.0,-0.0,0.0,0.0,-0.0,0.0,4.4012313,0.7899302,0.0,0.56353635,5.5663967,1.7137098,3.0941591,0.0,0.0,0.0,0.307867,0.1383698,0.5558639,0.0,5.5663967,0.0,5.5663967,5.589642,0.56353635,-0.023245418,11.7,19.115238,20.0,20.0,2.0
resstock-amy2018-2021-release-1-330722,0.0,0.7899302,0.0,0.0,0.37865993,0.0,0.0,0.0,0.0,0.0,0.0,0.0,0.0,0.0,0.0,0.0,0.0,0.0,13.5,0.0,-0.0,0.0,0.0,-0.0,0.0,-0.0,0.0,0.0,-0.0,0.0,4.4012313,0.7899302,0.0,0.5596248,0.806962,0.23668213,0.43594545,0.0,0.0,0.0,0.2933002,0.1383698,0.54023045,0.0,0.806962,0.0,0.806962,0.93828475,0.5596248,-0.13132273,11.7,19.295868,20.0,20.0,2.0
resstock-amy2018-2021-release-1-330722,0.0,0.7829354,0.0,0.0,0.38181576,0.0,0.0,0.0,0.0,0.0,0.0,0.0,0.0,0.0,0.0,0.0,0.0,0.0,13.5,0.0,-0.0,0.0,0.0,-0.0,0.0,-0.0,0.0,0.0,-0.0,0.0,4.4012313,0.7829354,0.0,0.56441003,0.8458342,0.23363256,0.43583435,0.0,0.0,0.0,0.27621555,0.1383698,0.5152716,0.0,0.8458342,0.0,0.8458342,0.94622576,0.56441003,-0.10039158,11.1,19.559126,20.0,20.0,2.0
resstock-amy2018-2021-release-1-330722,0.16572091,0.7829354,1.3850262,0.0,0.38181576,1.4745393,0.0,0.0,0.0,0.0,0.0,0.0,0.0,0.0,0.0,0.0,0.0,0.0,13.5,0.0,-0.0,0.0,0.0,-0.0,0.0,-0.0,0.0,0.0,-0.0,0.0,4.4012313,0.7829354,0.0,0.4986313,2.2690482,0.54924625,1.1315418,0.0,0.0,0.0,0.2420602,0.1383698,0.49868566,0.0,2.2690482,0.0,2.2690482,2.3549864,0.4986313,-0.085938126,11.1,19.75586,20.041666,20.041666,2.0
resstock-amy2018-2021-release-1-330722,0.0,0.7899302,0.0,0.0,0.37865993,0.0,0.0,0.0,0.0,0.0,0.0,0.0,0.0,0.0,0.0,0.0,0.0,0.0,13.5,0.0,-0.0,0.0,0.0,-0.0,0.0,-0.0,0.0,0.0,-0.0,0.0,4.4012313,0.7899302,0.0,0.49877068,0.75752807,0.17687924,0.372005,0.0,0.0,0.0,0.2334953,0.1383698,0.4910775,0.0,0.75752807,0.0,0.75752807,0.87743056,0.49877068,-0.11990252,11.7,20.066301,21.435184,21.435184,2.0
resstock-amy2018-2021-release-1-330722,0.0,0.7899302,1.9773684,0.0,0.37865993,2.105164,0.0,0.0,0.0,0.0,0.0,0.0,0.0,0.0,0.0,0.0,0.0,0.0,13.5,0.0,-0.0,0.0,0.0,-0.0,0.0,-0.0,0.0,0.0,-0.0,0.0,4.4012313,0.7899302,0.0,0.49452254,2.902161,0.7376998,1.4058028,0.0,0.0,0.0,0.25418985,0.1383698,0.48439866,0.0,2.902161,0.0,2.902161,2.9783466,0.49452254,-0.07618569,11.7,20.328785,21.11111,21.11111,2.0
resstock-amy2018-2021-release-1-330722,0.0,0.7959474,0.0,0.0,0.3760301,0.0,0.0,0.0,0.0,0.0,0.0,0.0,0.0,0.0,0.0,0.0,0.0,0.0,13.5,0.0,-0.0,0.0,0.0,-0.0,0.0,-0.0,0.0,0.0,-0.0,0.0,4.4012313,0.7959474,0.0,0.45714274,0.77620476,0.22490534,0.36697918,0.0,0.0,0.0,0.28975,0.1383698,0.47278655,0.0,0.77620476,0.0,0.77620476,0.8331728,0.45714274,-0.05696801,12.2,20.537153,21.11111,21.11111,2.0
resstock-amy2018-2021-release-1-330722,0.0,0.7959474,1.5330664,0.0,0.3760301,1.6321472,0.0,0.0,0.0,0.0,0.0,0.0,0.0,0.0,0.0,0.0,0.0,0.0,13.5,0.0,-0.0,0.0,0.0,-0.0,0.0,-0.0,0.0,0.0,-0.0,0.0,4.4012313,0.7959474,0.0,0.62317497,2.608483,0.7881725,1.2220006,0.0,0.0,0.0,0.3021574,0.1383698,0.46847174,0.0,2.608483,0.0,2.608483,2.6313522,0.62317497,-0.022869125,12.2,21.163294,21.074074,21.074074,2.0
resstock-amy2018-2021-release-1-330722,0.5416372,0.7829354,0.0,0.0,0.38181576,0.0,0.0,0.0,0.0,0.0,0.0,0.0,0.0,0.0,0.0,0.0,0.0,0.0,13.5,0.0,-0.0,0.0,0.0,-0.0,0.0,-0.0,0.0,0.0,-0.0,0.0,4.4012313,0.7829354,0.0,0.5836097,0.96535426,0.30056903,0.46844286,0.0,0.0,0.0,0.3113562,0.1383698,0.48525488,0.0,0.96535426,0.0,0.96535426,0.9654255,0.5836097,-7.123482e-05,11.1,21.163105,20.0,20.0,2.0
resstock-amy2018-2021-release-1-330722,0.1377552,0.7829354,0.0,0.0,0.38181576,0.0,0.0,0.0,0.0,0.0,0.0,0.0,0.0,0.0,0.0,0.0,0.0,0.0,13.5,0.0,-0.0,0.0,0.0,-0.0,0.0,-0.0,0.0,0.0,-0.0,0.0,4.4012313,0.7829354,0.0,0.61671597,0.9985317,0.30784133,0.5195191,0.0,0.0,0.0,0.308294,0.1383698,0.52028304,0.0,0.9985317,0.0,0.9985317,0.9985317,0.61671597,-0.0,11.1,21.441368,20.0,20.0,2.0
resstock-amy2018-2021-release-1-330722,0.0,0.7772859,1.4740976,0.0,0.3844456,1.5693673,0.0,0.0,0.0,0.0,0.0,0.0,0.0,0.0,0.0,0.0,0.0,0.0,13.5,0.0,-0.0,0.0,0.0,-0.0,0.0,-0.0,0.0,0.0,-0.0,0.0,4.4012313,0.7772859,0.0,0.60572416,2.559537,0.8040785,1.3656895,0.0,0.0,0.0,0.31415,0.1383698,0.533569,0.0,2.559537,0.0,2.559537,2.559537,0.60572416,-0.0,10.6,21.421822,21.231482,21.231482,2.0
resstock-amy2018-2021-release-1-330722,0.0,0.7829354,0.0,0.0,0.38181576,0.0,0.0,0.0,0.0,0.0,0.0,0.0,0.0,0.0,0.0,0.0,0.0,0.0,13.5,0.0,-0.0,0.0,0.0,-0.0,0.0,-0.0,0.0,0.0,-0.0,0.0,4.4012313,0.7829354,0.0,0.78717995,1.1689957,0.36025175,0.6286197,0.0,0.0,0.0,0.308172,0.1383698,0.53774333,0.0,1.1689957,0.0,1.1689957,1.1689957,0.78717995,-0.0,11.1,21.652225,21.277779,21.277779,2.0
resstock-amy2018-2021-release-1-330722,0.0,0.7899302,0.0,0.0,0.37865993,0.0,0.0,0.0,0.0,0.0,0.0,0.0,0.0,0.0,0.0,0.0,0.0,0.0,13.5,0.0,-0.0,0.0,0.0,-0.0,0.0,-0.0,0.0,0.0,-0.0,0.0,4.4012313,0.7899302,0.0,0.5379482,0.9166081,0.2808962,0.49213064,0.0,0.0,0.0,0.3064518,0.1383698,0.5369041,0.0,0.9166081,0.0,0.9166081,0.9166081,0.5379482,-0.0,11.7,21.47197,21.407408,21.407408,2.0
resstock-amy2018-2021-release-1-330722,0.0,0.7829354,1.4828836,0.0,0.38181576,1.578721,0.0,0.0,0.0,0.0,0.0,0.0,0.0,0.0,0.0,0.0,0.0,0.0,13.5,0.0,-0.0,0.0,0.0,-0.0,0.0,-0.0,0.0,0.0,-0.0,0.0,4.4012313,0.7829354,0.0,0.49628696,2.4568238,0.72829,1.3105147,0.0,0.0,0.0,0.2964356,0.1383698,0.53341824,0.0,2.4568238,0.0,2.4568238,2.4568238,0.49628696,-0.0,11.1,21.197319,21.648148,21.648148,2.0
resstock-amy2018-2021-release-1-330722,0.0,0.7772859,0.0,0.0,0.3844456,0.0,0.0,0.0,0.0,0.0,0.0,0.0,0.0,0.0,0.0,0.0,0.0,0.0,13.5,0.0,-0.0,0.0,0.0,-0.0,0.0,-0.0,0.0,0.0,-0.0,0.0,4.4012313,0.7772859,0.0,0.42038545,0.804831,0.23605712,0.43721455,0.0,0.0,0.0,0.2933002,0.1383698,0.5432377,0.0,0.804831,0.0,0.804831,0.804831,0.42038545,-0.0,10.6,20.833036,21.11111,21.11111,2.0
resstock-amy2018-2021-release-1-330722,0.0,0.77071196,0.0,0.0,0.3876014,0.0,0.0,0.0,0.0,0.0,0.0,0.0,0.0,0.0,0.0,0.0,0.0,0.0,13.5,0.0,-0.0,0.0,0.0,-0.0,0.0,-0.0,0.0,0.0,-0.0,0.0,4.4012313,0.77071196,0.0,0.34643605,0.73403746,0.20426941,0.3955334,0.0,0.0,0.0,0.278282,0.1383698,0.5388464,0.0,0.73403746,0.0,0.73403746,0.73403746,0.34643605,-0.0,10.0,20.42118,21.11111,21.11111,2.0
resstock-amy2018-2021-release-1-330722,0.0,0.76476943,0.0,0.0,0.39054686,0.0,0.0,0.0,0.0,0.0,0.0,0.0,0.0,0.0,0.0,0.0,0.0,0.0,13.5,0.0,-0.0,0.0,0.0,-0.0,0.0,-0.0,0.0,0.0,-0.0,0.0,4.4012313,0.76476943,0.0,0.34443307,0.7349799,0.1961926,0.41833097,0.0,0.0,0.0,0.266936,0.1383698,0.56917334,0.0,0.7349799,0.0,0.7349799,0.7349799,0.34443307,-0.0,9.44,19.85075,21.11111,21.11111,2.0
resstock-amy2018-2021-release-1-330722,0.0,0.7427017,0.0,0.0,0.4023285,0.0,0.0,0.0,0.0,0.0,0.0,0.0,0.0,0.0,0.0,0.0,0.0,0.0,13.5,0.0,-0.0,0.0,0.0,-0.0,0.0,-0.0,0.0,0.0,-0.0,0.0,4.4012313,0.7427017,0.0,0.34260106,0.74492955,0.19045106,0.4314978,0.0,0.0,0.0,0.2556632,0.1383698,0.57924646,0.0,0.74492955,0.0,0.74492955,0.74492955,0.34260106,-0.0,7.2,18.909103,21.11111,21.11111,2.0
resstock-amy2018-2021-release-1-330722,0.0,0.7427017,0.0,0.0,0.4023285,0.0,0.0,0.0,0.0,0.0,0.0,0.0,0.0,0.0,0.0,0.0,0.0,0.0,13.5,0.0,-0.0,0.0,0.0,-0.0,0.0,-0.0,0.0,0.0,-0.0,0.0,4.4012313,0.7427017,0.0,0.34071207,0.74304056,0.18356818,0.4306333,0.0,0.0,0.0,0.24705,0.1383698,0.5795556,0.0,0.74304056,0.0,0.74304056,0.74304056,0.34071207,-0.0,7.2,18.21764,21.11111,21.11111,2.0
resstock-amy2018-2021-release-1-330722,0.0,0.7483609,0.0,0.0,0.3991727,0.0,0.0,0.0,0.0,0.0,0.0,0.0,0.0,0.0,0.0,0.0,0.0,0.0,13.5,0.0,-0.0,0.0,0.0,-0.0,0.0,-0.0,0.0,0.0,-0.0,0.0,4.4012313,0.7483609,0.0,0.3387091,0.7378818,0.18283384,0.4357728,0.0,0.0,0.0,0.247782,0.1383698,0.59057266,0.0,0.7378818,0.0,0.7378818,0.7378818,0.3387091,-0.0,7.8,17.924667,21.11111,21.11111,2.0
resstock-amy2018-2021-release-1-330722,0.0,0.75920767,0.0,0.0,0.39338708,0.0,0.0,0.0,0.0,0.0,0.0,0.0,0.0,0.0,0.0,0.0,0.0,0.0,13.5,0.0,-0.0,0.0,0.0,-0.0,0.0,-0.0,0.0,0.0,-0.0,0.0,4.4012313,0.75920767,0.0,0.3664817,0.75986874,0.18772557,0.45407706,0.0,0.0,0.0,0.24705,0.1383698,0.59757304,0.0,0.75986874,0.0,0.75986874,0.75986874,0.3664817,-0.0,8.9,18.084833,21.11111,21.11111,2.0
resstock-amy2018-2021-release-1-330722,0.0,0.7532134,3.9823513,0.0,0.39654285,4.239727,0.0,0.0,0.0,0.0,0.0,0.0,0.0,0.0,0.0,0.0,0.0,0.0,13.5,0.0,-0.0,0.0,0.0,-0.0,0.0,-0.0,0.0,0.0,-0.0,0.0,4.4012313,0.7532134,0.0,0.44252667,5.0787964,1.3585639,3.019346,0.0,0.0,0.0,0.2674972,0.1383698,0.5945003,0.0,5.0787964,0.0,5.0787964,5.0787964,0.44252667,-0.0,8.3,18.225277,21.11111,21.11111,2.0
resstock-amy2018-2021-release-1-330722,0.0,0.77071196,0.0,0.0,0.3876014,0.0,0.0,0.0,0.0,0.0,0.0,0.0,0.0,0.0,0.0,0.0,0.0,0.0,13.5,0.0,-0.0,0.0,0.0,-0.0,0.0,-0.0,0.0,0.0,-0.0,0.0,4.4012313,0.77071196,0.0,0.41505015,0.8026515,0.21631297,0.47709858,0.0,0.0,0.0,0.269498,0.1383698,0.59440315,0.0,0.8026515,0.0,0.8026515,0.8026515,0.41505015,-0.0,10.0,18.105484,21.074074,21.074074,2.0
resstock-amy2018-2021-release-1-330722,0.0,0.77071196,0.0,0.0,0.3876014,0.0,0.0,0.0,0.0,0.0,0.0,0.0,0.0,0.0,0.0,0.0,0.0,0.0,13.5,0.0,-0.0,0.0,0.0,-0.0,0.0,-0.0,0.0,0.0,-0.0,0.0,4.4012313,0.77071196,0.0,0.41973948,0.7994202,0.21544214,0.48288172,0.0,0.0,0.0,0.269498,0.1383698,0.60403997,0.0,0.7994202,0.0,0.7994202,0.80734086,0.41973948,-0.007920665,10.0,18.26361,19.75926,19.75926,2.0
resstock-amy2018-2021-release-1-330722,0.35004658,0.7829354,1.9092146,0.0,0.38181576,2.0326054,0.0,0.0,0.0,0.0,0.0,0.0,0.0,0.0,0.0,0.0,0.0,0.0,13.5,0.0,-0.0,0.0,0.0,-0.0,0.0,-0.0,0.0,0.0,-0.0,0.0,4.4012313,0.7829354,0.0,0.41937828,2.774207,0.74967396,1.7082014,0.0,0.0,0.0,0.27023,0.1383698,0.615744,0.0,2.774207,0.0,2.774207,2.8337996,0.41937828,-0.059592467,11.1,18.633112,20.0,20.0,2.0
resstock-amy2018-2021-release-1-330722,0.0,0.7959474,0.0,0.0,0.3760301,0.0,0.0,0.0,0.0,0.0,0.0,0.0,0.0,0.0,0.0,0.0,0.0,0.0,13.5,0.0,-0.0,0.0,0.0,-0.0,0.0,-0.0,0.0,0.0,-0.0,0.0,4.4012313,0.7959474,0.0,0.34552425,0.62566876,0.16861647,0.38832557,0.0,0.0,0.0,0.269498,0.1383698,0.6206568,0.0,0.62566876,0.0,0.62566876,0.72155434,0.34552425,-0.09588557,12.2,18.81664,20.0,20.0,2.0
resstock-amy2018-2021-release-1-330722,0.0,0.803405,0.0,0.0,0.3728743,0.0,0.0,0.0,0.0,0.0,0.0,0.0,0.0,0.0,0.0,0.0,0.0,0.0,13.5,0.0,-0.0,0.0,0.0,-0.0,0.0,-0.0,0.0,0.0,-0.0,0.0,4.4012313,0.803405,0.0,0.41852418,0.62882006,0.16404192,0.3886713,0.0,0.0,0.0,0.2608726,0.1383698,0.61809623,0.0,0.62882006,0.0,0.62882006,0.79139847,0.41852418,-0.16257842,12.8,19.207476,20.555555,20.555555,2.0
resstock-amy2018-2021-release-1-330722,0.0,0.80982697,0.0,0.0,0.37024447,0.0,0.0,0.0,0.0,0.0,0.0,0.0,0.0,0.0,0.0,0.0,0.0,0.0,13.5,0.0,-0.0,0.0,0.0,-0.0,0.0,-0.0,0.0,0.0,-0.0,0.0,4.4012313,0.80982697,0.0,0.4986313,0.7438218,0.19369565,0.45669493,0.0,0.0,0.0,0.260406,0.1383698,0.61398435,0.0,0.7438218,0.0,0.7438218,0.86887574,0.4986313,-0.12505394,13.3,19.806015,20.555555,20.555555,2.0
resstock-amy2018-2021-release-1-330722,0.0,0.80982697,0.0,0.0,0.37024447,0.0,0.0,0.0,0.0,0.0,0.0,0.0,0.0,0.0,0.0,0.0,0.0,0.0,13.5,0.0,-0.0,0.0,0.0,-0.0,0.0,-0.0,0.0,0.0,-0.0,0.0,4.4012313,0.80982697,0.0,0.42409346,0.6836596,0.15448354,0.40831882,0.0,0.0,0.0,0.22596559,0.1383698,0.5972546,0.0,0.6836596,0.0,0.6836596,0.7943379,0.42409346,-0.11067834,13.3,20.238415,21.11111,21.11111,2.0
resstock-amy2018-2021-release-1-330722,0.0,0.81779486,0.0,0.0,0.36708868,0.0,0.0,0.0,0.0,0.0,0.0,0.0,0.0,0.0,0.0,0.0,0.0,0.0,13.5,0.0,-0.0,0.0,0.0,-0.0,0.0,-0.0,0.0,0.0,-0.0,0.0,4.4012313,0.81779486,0.0,0.42205486,0.7282835,0.16571824,0.41524765,0.0,0.0,0.0,0.22754633,0.1383698,0.5701731,0.0,0.7282835,0.0,0.7282835,0.78914356,0.42205486,-0.060860034,13.9,20.637276,21.11111,21.11111,2.0
resstock-amy2018-2021-release-1-330722,0.0,0.83319634,0.0,0.0,0.361303,0.0,0.0,0.0,0.0,0.0,0.0,0.0,0.0,0.0,0.0,0.0,0.0,0.0,13.5,0.0,-0.0,0.0,0.0,-0.0,0.0,-0.0,0.0,0.0,-0.0,0.0,4.4012313,0.83319634,0.0,0.45714274,0.71632427,0.19146657,0.40289944,0.0,0.0,0.0,0.26729035,0.1383698,0.562454,0.0,0.71632427,0.0,0.71632427,0.81844574,0.45714274,-0.10212147,15.0,21.170708,21.11111,21.11111,2.0
resstock-amy2018-2021-release-1-330722,0.0,0.8246639,0.0,0.0,0.36445883,0.0,0.0,0.0,0.0,0.0,0.0,0.0,0.0,0.0,0.0,0.0,0.0,0.0,13.5,0.0,-0.0,0.0,0.0,-0.0,0.0,-0.0,0.0,0.0,-0.0,0.0,4.4012313,0.8246639,0.0,0.44352973,0.7613859,0.21885596,0.43351528,0.0,0.0,0.0,0.2874442,0.1383698,0.5693765,0.0,0.7613859,0.0,0.7613859,0.8079885,0.44352973,-0.046602614,14.4,21.624676,21.11111,21.11111,2.0
resstock-amy2018-2021-release-1-330722,0.6083647,0.80982697,1.5952898,0.0,0.37024447,1.698392,0.0,0.0,0.0,0.0,0.0,0.0,0.0,0.0,0.0,0.0,0.0,0.0,13.5,0.0,-0.0,0.0,0.0,-0.0,0.0,-0.0,0.0,0.0,-0.0,0.0,4.4012313,0.80982697,0.0,0.5836097,2.6506367,0.7774323,1.5580252,0.0,0.0,0.0,0.2933002,0.1383698,0.5877928,0.0,2.6506367,0.0,2.6506367,2.6522465,0.5836097,-0.0016096857,13.3,21.934309,21.11111,21.11111,2.0
resstock-amy2018-2021-release-1-330722,0.012160046,0.803405,0.0,0.0,0.3728743,0.0,0.0,0.0,0.0,0.0,0.0,0.0,0.0,0.0,0.0,0.0,0.0,0.0,13.5,0.0,-0.0,0.0,0.0,-0.0,0.0,-0.0,0.0,0.0,-0.0,0.0,4.4012313,0.803405,0.0,0.8673652,1.2402395,0.36595646,0.7377924,0.0,0.0,0.0,0.2950692,0.1383698,0.594879,0.0,1.2402395,0.0,1.2402395,1.2402395,0.8673652,-0.0,12.8,22.255703,21.11111,21.11111,2.0
resstock-amy2018-2021-release-1-330722,0.0,0.7959474,0.0,0.0,0.3760301,0.0,0.0,0.0,0.0,0.0,0.0,0.0,0.0,0.0,0.0,0.0,0.0,0.0,13.5,0.0,-0.0,0.0,0.0,-0.0,0.0,-0.0,0.0,0.0,-0.0,0.0,4.4012313,0.7959474,0.0,0.72727084,1.1033009,0.32575202,0.62487996,0.0,0.0,0.0,0.2952522,0.1383698,0.5663731,0.0,1.1033009,0.0,1.1033009,1.1033009,0.72727084,-0.0,12.2,22.22074,21.11111,21.11111,2.0
resstock-amy2018-2021-release-1-330722,0.76056457,0.7959474,2.4422653,0.0,0.3760301,2.6001067,0.0,0.0,0.0,0.0,0.0,0.0,0.0,0.0,0.0,0.0,0.0,0.0,13.5,0.0,-0.0,0.0,0.0,-0.0,0.0,-0.0,0.0,0.0,-0.0,0.0,4.4012313,0.7959474,0.0,0.68064165,3.6567783,1.0725338,1.9959009,0.0,0.0,0.0,0.2933002,0.1383698,0.54580855,0.0,3.6567783,0.0,3.6567783,3.6567783,0.68064165,-0.0,12.2,22.1468,21.11111,21.11111,2.0
resstock-amy2018-2021-release-1-330722,0.0,0.8076648,0.0,0.0,0.37112108,0.0,0.0,0.0,0.0,0.0,0.0,0.0,0.0,0.0,0.0,0.0,0.0,0.0,13.5,0.0,-0.0,0.0,0.0,-0.0,0.0,-0.0,0.0,0.0,-0.0,0.0,4.4012313,0.8076648,0.0,0.5379482,0.9090693,0.26242685,0.48869413,0.0,0.0,0.0,0.2886764,0.1383698,0.5375763,0.0,0.9090693,0.0,0.9090693,0.9090693,0.5379482,-0.0,13.133333,22.00124,21.11111,21.11111,2.0
resstock-amy2018-2021-release-1-330722,0.0,0.80982697,0.0,0.0,0.37024447,0.0,0.0,0.0,0.0,0.0,0.0,0.0,0.0,0.0,0.0,0.0,0.0,0.0,13.5,0.0,-0.0,0.0,0.0,-0.0,0.0,-0.0,0.0,0.0,-0.0,0.0,4.4012313,0.80982697,0.0,0.35484684,0.72509134,0.19541065,0.38130647,0.0,0.0,0.0,0.269498,0.1383698,0.5258737,0.0,0.72509134,0.0,0.72509134,0.72509134,0.35484684,-0.0,13.3,21.645533,21.398148,21.398148,2.0
resstock-amy2018-2021-release-1-330722,0.0,0.803405,0.0,0.0,0.3728743,0.0,0.0,0.0,0.0,0.0,0.0,0.0,0.0,0.0,0.0,0.0,0.0,0.0,13.5,0.0,-0.0,0.0,0.0,-0.0,0.0,-0.0,0.0,0.0,-0.0,0.0,4.4012313,0.803405,0.0,0.37884125,0.75171554,0.17195493,0.3847395,0.0,0.0,0.0,0.22875,0.1383698,0.51181525,0.0,0.75171554,0.0,0.75171554,0.75171554,0.37884125,-0.0,12.8,21.25891,21.11111,21.11111,2.0
resstock-amy2018-2021-release-1-330722,0.0,0.803405,0.0,0.0,0.3728743,0.0,0.0,0.0,0.0,0.0,0.0,0.0,0.0,0.0,0.0,0.0,0.0,0.0,13.5,0.0,-0.0,0.0,0.0,-0.0,0.0,-0.0,0.0,0.0,-0.0,0.0,4.4012313,0.803405,0.0,0.34643605,0.71931034,0.11309336,0.3778385,0.0,0.0,0.0,0.15722471,0.1383698,0.5252788,0.0,0.71931034,0.0,0.71931034,0.71931034,0.34643605,-0.0,12.8,20.972443,21.11111,21.11111,2.0
resstock-amy2018-2021-release-1-330722,0.0,0.8008897,0.0,0.0,0.37392622,0.0,0.0,0.0,0.0,0.0,0.0,0.0,0.0,0.0,0.0,0.0,0.0,0.0,13.5,0.0,-0.0,0.0,0.0,-0.0,0.0,-0.0,0.0,0.0,-0.0,0.0,4.4012313,0.8008897,0.0,0.34443307,0.7183593,0.11302674,0.36318445,0.0,0.0,0.0,0.15734012,0.1383698,0.50557494,0.0,0.7183593,0.0,0.7183593,0.7183593,0.34443307,-0.0,12.6,20.616648,21.11111,21.11111,2.0
resstock-amy2018-2021-release-1-330722,0.0,0.803405,0.0,0.0,0.3728743,0.0,0.0,0.0,0.0,0.0,0.0,0.0,0.0,0.0,0.0,0.0,0.0,0.0,13.5,0.0,-0.0,0.0,0.0,-0.0,0.0,-0.0,0.0,0.0,-0.0,0.0,4.4012313,0.803405,0.0,0.34260106,0.7154753,0.10490704,0.37193012,0.0,0.0,0.0,0.14662567,0.1383698,0.5198364,0.0,0.7154753,0.0,0.7154753,0.7154753,0.34260106,-0.0,12.8,20.353931,21.11111,21.11111,2.0
resstock-amy2018-2021-release-1-330722,0.0,0.804674,0.0,0.0,0.37234837,0.0,0.0,0.0,0.0,0.0,0.0,0.0,0.0,0.0,0.0,0.0,0.0,0.0,13.5,0.0,-0.0,0.0,0.0,-0.0,0.0,-0.0,0.0,0.0,-0.0,0.0,4.4012313,0.804674,0.0,0.34071207,0.71306044,0.10667331,0.38911352,0.0,0.0,0.0,0.14959925,0.1383698,0.545695,0.0,0.71306044,0.0,0.71306044,0.71306044,0.34071207,-0.0,12.9,20.186823,21.11111,21.11111,2.0
resstock-amy2018-2021-release-1-330722,0.0,0.804674,0.0,0.0,0.37234837,0.0,0.0,0.0,0.0,0.0,0.0,0.0,0.0,0.0,0.0,0.0,0.0,0.0,13.5,0.0,-0.0,0.0,0.0,-0.0,0.0,-0.0,0.0,0.0,-0.0,0.0,4.4012313,0.804674,0.0,0.3387091,0.7110574,0.11382337,0.40194854,0.0,0.0,0.0,0.1600762,0.1383698,0.5652828,0.0,0.7110574,0.0,0.7110574,0.7110574,0.3387091,-0.0,12.9,20.100922,21.11111,21.11111,2.0
resstock-amy2018-2021-release-1-330722,0.0,0.803405,0.0,0.0,0.3728743,0.0,0.0,0.0,0.0,0.0,0.0,0.0,0.0,0.0,0.0,0.0,0.0,0.0,13.5,0.0,-0.0,0.0,0.0,-0.0,0.0,-0.0,0.0,0.0,-0.0,0.0,4.4012313,0.803405,0.0,0.3664817,0.739356,0.1463601,0.42177403,0.0,0.0,0.0,0.19795619,0.1383698,0.5704614,0.0,0.739356,0.0,0.739356,0.739356,0.3664817,-0.0,12.8,20.094158,21.11111,21.11111,2.0
resstock-amy2018-2021-release-1-330722,0.0,0.804674,0.0,0.0,0.37234837,0.0,0.0,0.0,0.0,0.0,0.0,0.0,0.0,0.0,0.0,0.0,0.0,0.0,13.5,0.0,-0.0,0.0,0.0,-0.0,0.0,-0.0,0.0,0.0,-0.0,0.0,4.4012313,0.804674,0.0,0.44252667,0.814875,0.2328423,0.47472733,0.0,0.0,0.0,0.2857399,0.1383698,0.5825769,0.0,0.814875,0.0,0.814875,0.814875,0.44252667,-0.0,12.9,20.105858,21.11111,21.11111,2.0
resstock-amy2018-2021-release-1-330722,0.0,0.7996431,0.0,0.0,0.3744522,0.0,0.0,0.0,0.0,0.0,0.0,0.0,0.0,0.0,0.0,0.0,0.0,0.0,13.5,0.0,-0.0,0.0,0.0,-0.0,0.0,-0.0,0.0,0.0,-0.0,0.0,4.4012313,0.7996431,0.0,0.5514805,0.92593265,0.28792882,0.5439311,0.0,0.0,0.0,0.31096086,0.1383698,0.5874414,0.0,0.92593265,0.0,0.92593265,0.92593265,0.5514805,-0.0,12.5,19.95271,21.074074,21.074074,2.0
resstock-amy2018-2021-release-1-330722,0.66411996,0.81779486,0.0,0.0,0.36708868,0.0,0.0,0.0,0.0,0.0,0.0,0.0,0.0,0.0,0.0,0.0,0.0,0.0,13.5,0.0,-0.0,0.0,0.0,-0.0,0.0,-0.0,0.0,0.0,-0.0,0.0,4.4012313,0.81779486,0.0,1.0941852,1.4560497,0.45787755,0.8655569,0.0,0.0,0.0,0.3144656,0.1383698,0.5944556,0.0,1.4560497,0.0,1.4560497,1.4612739,1.0941852,-0.0052242093,13.9,19.787006,19.75926,19.75926,2.0
resstock-amy2018-2021-release-1-330722,0.0,0.81779486,0.0,0.0,0.36708868,0.0,0.0,0.0,0.0,0.0,0.0,0.0,0.0,0.0,0.0,0.0,0.0,0.0,13.5,0.0,-0.0,0.0,0.0,-0.0,0.0,-0.0,0.0,0.0,-0.0,0.0,4.4012313,0.81779486,0.0,0.4914573,0.84361213,0.28720418,0.5051651,0.0,0.0,0.0,0.34044576,0.1383698,0.59881204,0.0,0.84361213,0.0,0.84361213,0.858546,0.4914573,-0.014933886,13.9,19.869837,20.555555,20.555555,2.0
resstock-amy2018-2021-release-1-330722,0.0,0.84206235,0.0,0.0,0.3581472,0.0,0.0,0.0,0.0,0.0,0.0,0.0,0.0,0.0,0.0,0.0,0.0,0.0,13.5,0.0,-0.0,0.0,0.0,-0.0,0.0,-0.0,0.0,0.0,-0.0,0.0,4.4012313,0.84206235,0.0,0.91280794,1.2273788,0.3951034,0.7240284,0.0,0.0,0.0,0.32190827,0.1383698,0.58989805,0.0,1.2273788,0.0,1.2273788,1.2709551,0.91280794,-0.04357625,15.6,20.206501,20.555555,20.555555,2.0
resstock-amy2018-2021-release-1-330722,0.0,0.83319634,0.0,0.0,0.361303,0.0,0.0,0.0,0.0,0.0,0.0,0.0,0.0,0.0,0.0,0.0,0.0,0.0,13.5,0.0,-0.0,0.0,0.0,-0.0,0.0,-0.0,0.0,0.0,-0.0,0.0,4.4012313,0.83319634,0.0,0.51977044,0.8186646,0.2587922,0.45211565,0.0,0.0,0.0,0.31611505,0.1383698,0.5522599,0.0,0.8186646,0.0,0.8186646,0.8810735,0.51977044,-0.062408872,15.0,20.348297,20.555555,20.555555,2.0
resstock-amy2018-2021-release-1-330722,0.0,0.8375864,2.68603,0.0,0.35972512,2.8596258,0.0,0.0,0.0,0.0,0.0,0.0,0.0,0.0,0.0,0.0,0.0,0.0,13.5,0.0,-0.0,0.0,0.0,-0.0,0.0,-0.0,0.0,0.0,-0.0,0.0,4.4012313,0.8375864,0.0,0.4986313,3.6716783,1.0891674,1.8869964,0.0,0.0,0.0,0.2966402,0.1383698,0.51393294,0.0,3.6716783,0.0,3.6716783,3.7179823,0.4986313,-0.046303984,15.3,20.540867,21.11111,21.11111,2.0
resstock-amy2018-2021-release-1-330722,0.0,0.84206235,2.4848163,0.0,0.3581472,2.645408,0.0,0.0,0.0,0.0,0.0,0.0,0.0,0.0,0.0,0.0,0.0,0.0,13.5,0.0,-0.0,0.0,0.0,-0.0,0.0,-0.0,0.0,0.0,-0.0,0.0,4.4012313,0.84206235,0.0,0.49877068,3.4670732,1.0492516,1.6839645,0.0,0.0,0.0,0.30263323,0.1383698,0.48570204,0.0,3.4670732,0.0,3.4670732,3.5023258,0.49877068,-0.03525259,15.6,20.680279,21.11111,21.11111,2.0
resstock-amy2018-2021-release-1-330722,0.0,0.8497198,0.9297718,0.0,0.35551736,0.98986214,0.0,0.0,0.0,0.0,0.0,0.0,0.0,0.0,0.0,0.0,0.0,0.0,13.5,0.0,-0.0,0.0,0.0,-0.0,0.0,-0.0,0.0,0.0,-0.0,0.0,4.4012313,0.8497198,0.0,1.8750055,3.174423,0.9782817,1.5036012,0.0,0.0,0.0,0.30817622,0.1383698,0.47366127,0.0,3.174423,0.0,3.174423,3.220385,1.8750055,-0.04596204,16.1,20.971695,21.11111,21.11111,2.0
resstock-amy2018-2021-release-1-330722,0.0,0.80982697,0.190073,0.0,0.37024447,0.20235725,0.0,0.0,0.0,0.0,0.0,0.0,0.0,0.0,0.0,0.0,0.0,0.0,13.5,0.0,-0.0,0.0,0.0,-0.0,0.0,-0.0,0.0,0.0,-0.0,0.0,4.4012313,0.80982697,0.0,0.53647,1.0772191,0.3421956,0.52908283,0.0,0.0,0.0,0.31766573,0.1383698,0.49115616,0.0,1.0772191,0.0,1.0772191,1.1090716,0.53647,-0.031852536,13.3,20.791521,21.11111,21.11111,2.0
resstock-amy2018-2021-release-1-330722,0.18175705,0.81779486,1.5348698,0.0,0.36708868,1.634067,0.0,0.0,0.0,0.0,0.0,0.0,0.0,0.0,0.0,0.0,0.0,0.0,13.5,0.0,-0.0,0.0,0.0,-0.0,0.0,-0.0,0.0,0.0,-0.0,0.0,4.4012313,0.81779486,0.0,0.5333524,2.5278337,0.840938,1.3040346,0.0,0.0,0.0,0.3326714,0.1383698,0.5158704,0.0,2.5278337,0.0,2.5278337,2.5345082,0.5333524,-0.0066744974,13.9,21.059422,20.555555,20.555555,2.0
resstock-amy2018-2021-release-1-330722,0.0,0.81779486,0.0,0.0,0.36708868,0.0,0.0,0.0,0.0,0.0,0.0,0.0,0.0,0.0,0.0,0.0,0.0,0.0,13.5,0.0,-0.0,0.0,0.0,-0.0,0.0,-0.0,0.0,0.0,-0.0,0.0,4.4012313,0.81779486,0.0,0.6944981,1.0615869,0.35547426,0.5832065,0.0,0.0,0.0,0.3348518,0.1383698,0.5493724,0.0,1.0615869,0.0,1.0615869,1.0615869,0.6944981,0.0,13.9,21.435467,20.74074,20.74074,2.0
resstock-amy2018-2021-release-1-330722,0.0,0.8042502,1.4936484,0.0,0.3725237,1.5901816,0.0,0.0,0.0,0.0,0.0,0.0,0.0,0.0,0.0,0.0,0.0,0.0,13.5,0.0,-0.0,0.0,0.0,-0.0,0.0,-0.0,0.0,0.0,-0.0,0.0,4.4012313,0.8042502,0.0,0.8673652,2.8300705,0.9192182,1.6068292,0.0,0.0,0.0,0.32480398,0.1383698,0.56777,0.0,2.8300705,0.0,2.8300705,2.8300705,0.8673652,-0.0,12.866667,21.562138,21.666666,21.666666,2.0
resstock-amy2018-2021-release-1-330722,0.0,0.80982697,0.0,0.0,0.37024447,0.0,0.0,0.0,0.0,0.0,0.0,0.0,0.0,0.0,0.0,0.0,0.0,0.0,13.5,0.0,-0.0,0.0,0.0,-0.0,0.0,-0.0,0.0,0.0,-0.0,0.0,4.4012313,0.80982697,0.0,0.8488175,1.219062,0.387082,0.686865,0.0,0.0,0.0,0.31752446,0.1383698,0.5634373,0.0,1.219062,0.0,1.219062,1.219062,0.8488175,-0.0,13.3,21.82224,21.666666,21.666666,2.0
resstock-amy2018-2021-release-1-330722,0.22153272,0.80982697,1.6841942,0.0,0.37024447,1.7930422,0.0,0.0,0.0,0.0,0.0,0.0,0.0,0.0,0.0,0.0,0.0,0.0,13.5,0.0,-0.0,0.0,0.0,-0.0,0.0,-0.0,0.0,0.0,-0.0,0.0,4.4012313,0.80982697,0.0,1.1051916,3.2684784,1.0275538,1.898398,0.0,0.0,0.0,0.3143829,0.1383698,0.58082014,0.0,3.2684784,0.0,3.2684784,3.2684784,1.1051916,-0.0,13.3,21.778894,21.101852,21.101852,2.0
resstock-amy2018-2021-release-1-330722,0.28103557,0.803405,1.2896098,0.0,0.3728743,1.3729562,0.0,0.0,0.0,0.0,0.0,0.0,0.0,0.0,0.0,0.0,0.0,0.0,13.5,0.0,-0.0,0.0,0.0,-0.0,0.0,-0.0,0.0,0.0,-0.0,0.0,4.4012313,0.803405,0.0,0.5662515,2.3120818,0.7218122,1.3686981,0.0,0.0,0.0,0.31219146,0.1383698,0.5919765,0.0,2.3120818,0.0,2.3120818,2.3120818,0.5662515,-0.0,12.8,21.523777,21.125,21.125,2.0
resstock-amy2018-2021-release-1-330722,0.0,0.804674,0.0,0.0,0.37234837,0.0,0.0,0.0,0.0,0.0,0.0,0.0,0.0,0.0,0.0,0.0,0.0,0.0,13.5,0.0,-0.0,0.0,0.0,-0.0,0.0,-0.0,0.0,0.0,-0.0,0.0,4.4012313,0.804674,0.0,0.49628696,0.8686353,0.24702382,0.51787233,0.0,0.0,0.0,0.2843815,0.1383698,0.59619075,0.0,0.8686353,0.0,0.8686353,0.8686353,0.49628696,-0.0,12.9,21.273762,21.648148,21.648148,2.0
resstock-amy2018-2021-release-1-330722,0.0,0.7959474,0.0,0.0,0.3760301,0.0,0.0,0.0,0.0,0.0,0.0,0.0,0.0,0.0,0.0,0.0,0.0,0.0,13.5,0.0,-0.0,0.0,0.0,-0.0,0.0,-0.0,0.0,0.0,-0.0,0.0,4.4012313,0.7959474,0.0,0.37884125,0.75487137,0.18357009,0.45079023,0.0,0.0,0.0,0.24318062,0.1383698,0.5971749,0.0,0.75487137,0.0,0.75487137,0.75487137,0.37884125,-0.0,12.2,20.95385,21.11111,21.11111,2.0
resstock-amy2018-2021-release-1-330722,0.0,0.7829354,0.0,0.0,0.38181576,0.0,0.0,0.0,0.0,0.0,0.0,0.0,0.0,0.0,0.0,0.0,0.0,0.0,13.5,0.0,-0.0,0.0,0.0,-0.0,0.0,-0.0,0.0,0.0,-0.0,0.0,4.4012313,0.7829354,0.0,0.34643605,0.7282518,0.18207155,0.41740572,0.0,0.0,0.0,0.2500118,0.1383698,0.57316124,0.0,0.7282518,0.0,0.7282518,0.7282518,0.34643605,-0.0,11.1,20.568974,21.11111,21.11111,2.0
resstock-amy2018-2021-release-1-330722,0.0,0.77071196,0.0,0.0,0.3876014,0.0,0.0,0.0,0.0,0.0,0.0,0.0,0.0,0.0,0.0,0.0,0.0,0.0,13.5,0.0,-0.0,0.0,0.0,-0.0,0.0,-0.0,0.0,0.0,-0.0,0.0,4.4012313,0.77071196,0.0,0.34443307,0.73203444,0.16919877,0.43357444,0.0,0.0,0.0,0.23113498,0.1383698,0.59228694,0.0,0.73203444,0.0,0.73203444,0.73203444,0.34443307,-0.0,10.0,20.063828,21.11111,21.11111,2.0
resstock-amy2018-2021-release-1-330722,0.0,0.7692092,0.0,0.0,0.38833776,0.0,0.0,0.0,0.0,0.0,0.0,0.0,0.0,0.0,0.0,0.0,0.0,0.0,13.5,0.0,-0.0,0.0,0.0,-0.0,0.0,-0.0,0.0,0.0,-0.0,0.0,4.4012313,0.7692092,0.0,0.34260106,0.7309388,0.17305951,0.43054286,0.0,0.0,0.0,0.23676333,0.1383698,0.5890272,0.0,0.7309388,0.0,0.7309388,0.7309388,0.34260106,-0.0,9.86,19.627283,21.11111,21.11111,2.0
resstock-amy2018-2021-release-1-330722,0.0,0.76771796,0.0,0.0,0.38907412,0.0,0.0,0.0,0.0,0.0,0.0,0.0,0.0,0.0,0.0,0.0,0.0,0.0,13.5,0.0,-0.0,0.0,0.0,-0.0,0.0,-0.0,0.0,0.0,-0.0,0.0,4.4012313,0.76771796,0.0,0.34071207,0.72978616,0.16265401,0.4290426,0.0,0.0,0.0,0.22287901,0.1383698,0.58790183,0.0,0.72978616,0.0,0.72978616,0.72978616,0.34071207,-0.0,9.72,19.283318,21.11111,21.11111,2.0
resstock-amy2018-2021-release-1-330722,0.0,0.7662381,0.0,0.0,0.3898105,0.0,0.0,0.0,0.0,0.0,0.0,0.0,0.0,0.0,0.0,0.0,0.0,0.0,13.5,0.0,-0.0,0.0,0.0,-0.0,0.0,-0.0,0.0,0.0,-0.0,0.0,4.4012313,0.7662381,0.0,0.3387091,0.72851956,0.16252093,0.4280336,0.0,0.0,0.0,0.22308382,0.1383698,0.5875389,0.0,0.72851956,0.0,0.72851956,0.72851956,0.3387091,-0.0,9.58,19.102358,21.11111,21.11111,2.0
resstock-amy2018-2021-release-1-330722,0.0,0.76476943,5.3227506,0.0,0.39054686,5.666755,0.0,0.0,0.0,0.0,0.0,0.0,0.0,0.0,0.0,0.0,0.0,0.0,13.5,0.0,-0.0,0.0,0.0,-0.0,0.0,-0.0,0.0,0.0,-0.0,0.0,4.4012313,0.76476943,0.0,0.33888006,6.396182,1.640661,3.7801406,0.0,0.0,0.0,0.2565063,0.1383698,0.59099954,0.0,6.396182,0.0,6.396182,6.396182,0.33888006,-0.0,9.44,19.108192,21.11111,21.11111,2.0
resstock-amy2018-2021-release-1-330722,0.0,0.7767296,1.079595,0.0,0.38470858,1.1493683,0.0,0.0,0.0,0.0,0.0,0.0,0.0,0.0,0.0,0.0,0.0,0.0,13.5,0.0,-0.0,0.0,0.0,-0.0,0.0,-0.0,0.0,0.0,-0.0,0.0,4.4012313,0.7767296,0.0,0.44252667,1.9766035,0.5747736,1.1726809,0.0,0.0,0.0,0.29078853,0.1383698,0.5932808,0.0,1.9766035,0.0,1.9766035,1.9766035,0.44252667,-0.0,10.55,19.376516,21.11111,21.11111,2.0
resstock-amy2018-2021-release-1-330722,0.0,0.7899302,0.456646,0.0,0.37865993,0.48615864,0.0,0.0,0.0,0.0,0.0,0.0,0.0,0.0,0.0,0.0,0.0,0.0,13.5,0.0,-0.0,0.0,0.0,-0.0,0.0,-0.0,0.0,0.0,-0.0,0.0,4.4012313,0.7899302,0.0,1.0025387,1.8673573,0.6077414,1.0994191,0.0,0.0,0.0,0.32545537,0.1383698,0.58875674,0.0,1.8673573,0.0,1.8673573,1.8673573,1.0025387,-0.0,11.7,19.549881,21.078703,21.078703,2.0
resstock-amy2018-2021-release-1-330722,0.40582794,0.7947299,0.21323858,0.0,0.37655607,0.22702001,0.0,0.0,0.0,0.0,0.0,0.0,0.0,0.0,0.0,0.0,0.0,0.0,13.5,0.0,-0.0,0.0,0.0,-0.0,0.0,-0.0,0.0,0.0,-0.0,0.0,4.4012313,0.7947299,0.0,0.49155286,1.0728893,0.4075589,0.6344751,0.0,0.0,0.0,0.37987038,0.1383698,0.5913705,0.0,1.0728893,0.0,1.0728893,1.0951289,0.49155286,-0.022239603,12.1,19.185993,19.787037,19.787037,2.0
resstock-amy2018-2021-release-1-330722,0.0,0.81779486,0.20541784,0.0,0.36708868,0.21869382,0.0,0.0,0.0,0.0,0.0,0.0,0.0,0.0,0.0,0.0,0.0,0.0,13.5,0.0,-0.0,0.0,0.0,-0.0,0.0,-0.0,0.0,0.0,-0.0,0.0,4.4012313,0.81779486,0.0,0.4914573,1.0286926,0.37001684,0.6165765,0.0,0.0,0.0,0.3596962,0.1383698,0.59937876,0.0,1.0286926,0.0,1.0286926,1.0772399,0.4914573,-0.04854729,13.9,19.586163,20.555555,20.555555,2.0
resstock-amy2018-2021-release-1-330722,0.0,0.803405,0.51567256,0.0,0.3728743,0.549,0.0,0.0,0.0,0.0,0.0,0.0,0.0,0.0,0.0,0.0,0.0,0.0,13.5,0.0,-0.0,0.0,0.0,-0.0,0.0,-0.0,0.0,0.0,-0.0,0.0,4.4012313,0.803405,0.0,0.48825794,1.3437324,0.46269968,0.80651855,0.0,0.0,0.0,0.34433916,0.1383698,0.60020775,0.0,1.3437324,0.0,1.3437324,1.4101323,0.48825794,-0.06639998,12.8,19.687786,20.555555,20.555555,2.0
resstock-amy2018-2021-release-1-330722,0.0,0.81779486,0.38392627,0.0,0.36708868,0.4087391,0.0,0.0,0.0,0.0,0.0,0.0,0.0,0.0,0.0,0.0,0.0,0.0,13.5,0.0,-0.0,0.0,0.0,-0.0,0.0,-0.0,0.0,0.0,-0.0,0.0,4.4012313,0.81779486,0.0,1.8172582,2.5196297,0.8177954,1.5233586,0.0,0.0,0.0,0.32456967,0.1383698,0.6045962,0.0,2.5196297,0.0,2.5196297,2.593086,1.8172582,-0.073456384,13.9,20.02982,20.555555,20.555555,2.0
resstock-amy2018-2021-release-1-330722,0.0,0.83319634,1.5356882,0.0,0.361303,1.6349384,0.0,0.0,0.0,0.0,0.0,0.0,0.0,0.0,0.0,0.0,0.0,0.0,13.5,0.0,-0.0,0.0,0.0,-0.0,0.0,-0.0,0.0,0.0,-0.0,0.0,4.4012313,0.83319634,0.0,0.4986313,2.4077964,0.73651946,1.4682767,0.0,0.0,0.0,0.30588943,0.1383698,0.60980105,0.0,2.4077964,0.0,2.4077964,2.4948728,0.4986313,-0.08707644,15.0,20.35448,21.11111,21.11111,2.0
resstock-amy2018-2021-release-1-330722,0.0,0.81779486,0.38392586,0.0,0.36708868,0.40873864,0.0,0.0,0.0,0.0,0.0,0.0,0.0,0.0,0.0,0.0,0.0,0.0,13.5,0.0,-0.0,0.0,0.0,-0.0,0.0,-0.0,0.0,0.0,-0.0,0.0,4.4012313,0.81779486,0.0,0.42409346,1.0871831,0.32123345,0.66625416,0.0,0.0,0.0,0.2954732,0.1383698,0.61282605,0.0,1.0871831,0.0,1.0871831,1.1999208,0.42409346,-0.112737626,13.9,20.387068,21.11111,21.11111,2.0
resstock-amy2018-2021-release-1-330722,0.0,0.8246639,0.94538873,0.0,0.36445883,1.0064884,0.0,0.0,0.0,0.0,0.0,0.0,0.0,0.0,0.0,0.0,0.0,0.0,13.5,0.0,-0.0,0.0,0.0,-0.0,0.0,-0.0,0.0,0.0,-0.0,0.0,4.4012313,0.8246639,0.0,0.49452254,1.7653682,0.5317025,1.076678,0.0,0.0,0.0,0.30118504,0.1383698,0.6098887,0.0,1.7653682,0.0,1.7653682,1.8654698,0.49452254,-0.10010164,14.4,20.963821,21.666666,21.666666,2.0
resstock-amy2018-2021-release-1-330722,0.0,0.81779486,0.0,0.0,0.36708868,0.0,0.0,0.0,0.0,0.0,0.0,0.0,0.0,0.0,0.0,0.0,0.0,0.0,13.5,0.0,-0.0,0.0,0.0,-0.0,0.0,-0.0,0.0,0.0,-0.0,0.0,4.4012313,0.81779486,0.0,1.0403472,1.3215716,0.40009227,0.7988841,0.0,0.0,0.0,0.30273977,0.1383698,0.6044955,0.0,1.3215716,0.0,1.3215716,1.4074359,1.0403472,-0.085864276,13.9,21.382683,21.666666,21.666666,2.0
resstock-amy2018-2021-release-1-330722,0.0,0.80982697,0.0,0.0,0.37024447,0.0,0.0,0.0,0.0,0.0,0.0,0.0,0.0,0.0,0.0,0.0,0.0,0.0,13.5,0.0,-0.0,0.0,0.0,-0.0,0.0,-0.0,0.0,0.0,-0.0,0.0,4.4012313,0.80982697,0.0,2.431072,2.7610657,0.86278754,1.67293,0.0,0.0,0.0,0.31248352,0.1383698,0.6059001,0.0,2.7610657,0.0,2.7610657,2.8013165,2.431072,-0.040250815,13.3,21.513481,21.666666,21.666666,2.0
resstock-amy2018-2021-release-1-330722,0.0,0.803405,0.14461741,0.0,0.3728743,0.15396391,0.0,0.0,0.0,0.0,0.0,0.0,0.0,0.0,0.0,0.0,0.0,0.0,13.5,0.0,-0.0,0.0,0.0,-0.0,0.0,-0.0,0.0,0.0,-0.0,0.0,4.4012313,0.803405,0.0,0.6944981,1.220176,0.3897402,0.7499272,0.0,0.0,0.0,0.3194131,0.1383698,0.6146058,0.0,1.220176,0.0,1.220176,1.2213364,0.6944981,-0.0011603337,12.8,21.70182,21.666666,21.666666,2.0
resstock-amy2018-2021-release-1-330722,0.0,0.7899302,0.18290438,0.0,0.37865993,0.19472533,0.0,0.0,0.0,0.0,0.0,0.0,0.0,0.0,0.0,0.0,0.0,0.0,13.5,0.0,-0.0,0.0,0.0,-0.0,0.0,-0.0,0.0,0.0,-0.0,0.0,4.4012313,0.7899302,0.0,1.1665906,1.7399759,0.5860228,1.0588994,0.0,0.0,0.0,0.33679935,0.1383698,0.6085713,0.0,1.7399759,0.0,1.7399759,1.7399759,1.1665906,-0.0,11.7,21.640375,21.666666,21.666666,2.0
resstock-amy2018-2021-release-1-330722,0.0,0.7899302,0.22380963,0.0,0.37865993,0.23827426,0.0,0.0,0.0,0.0,0.0,0.0,0.0,0.0,0.0,0.0,0.0,0.0,13.5,0.0,-0.0,0.0,0.0,-0.0,0.0,-0.0,0.0,0.0,-0.0,0.0,4.4012313,0.7899302,0.0,0.72727084,1.344205,0.42997393,0.8012726,0.0,0.0,0.0,0.3198723,0.1383698,0.596094,0.0,1.344205,0.0,1.344205,1.344205,0.72727084,-0.0,11.7,21.647083,21.666666,21.666666,2.0
resstock-amy2018-2021-release-1-330722,0.20860411,0.79171705,0.24836826,0.0,0.377871,0.2644201,0.0,0.0,0.0,0.0,0.0,0.0,0.0,0.0,0.0,0.0,0.0,0.0,13.5,0.0,-0.0,0.0,0.0,-0.0,0.0,-0.0,0.0,0.0,-0.0,0.0,4.4012313,0.79171705,0.0,1.0669427,1.7092338,0.515141,0.9957453,0.0,0.0,0.0,0.3013871,0.1383698,0.5825682,0.0,1.7092338,0.0,1.7092338,1.7092338,1.0669427,-0.0,11.85,21.6543,21.11111,21.11111,2.0
resstock-amy2018-2021-release-1-330722,0.0,0.7899302,0.15994054,0.0,0.37865993,0.17027736,0.0,0.0,0.0,0.0,0.0,0.0,0.0,0.0,0.0,0.0,0.0,0.0,13.5,0.0,-0.0,0.0,0.0,-0.0,0.0,-0.0,0.0,0.0,-0.0,0.0,4.4012313,0.7899302,0.0,0.7641116,1.3130488,0.37793845,0.74678993,0.0,0.0,0.0,0.28783274,0.1383698,0.56874496,0.0,1.3130488,0.0,1.3130488,1.3130488,0.7641116,-0.0,11.7,21.40332,21.125,21.125,2.0
resstock-amy2018-2021-release-1-330722,0.0,0.7829354,0.24088147,0.0,0.38181576,0.25644943,0.0,0.0,0.0,0.0,0.0,0.0,0.0,0.0,0.0,0.0,0.0,0.0,13.5,0.0,-0.0,0.0,0.0,-0.0,0.0,-0.0,0.0,0.0,-0.0,0.0,4.4012313,0.7829354,0.0,0.567007,1.2052722,0.33743533,0.65402305,0.0,0.0,0.0,0.2799661,0.1383698,0.54263514,0.0,1.2052722,0.0,1.2052722,1.2052722,0.567007,-0.0,11.1,21.102026,21.652779,21.652779,2.0
resstock-amy2018-2021-release-1-330722,0.0,0.7829354,0.15980446,0.0,0.38181576,0.17013249,0.0,0.0,0.0,0.0,0.0,0.0,0.0,0.0,0.0,0.0,0.0,0.0,13.5,0.0,-0.0,0.0,0.0,-0.0,0.0,-0.0,0.0,0.0,-0.0,0.0,4.4012313,0.7829354,0.0,0.42038545,0.97233367,0.26002535,0.5114588,0.0,0.0,0.0,0.267424,0.1383698,0.52601165,0.0,0.97233367,0.0,0.97233367,0.97233367,0.42038545,-0.0,11.1,20.839237,21.11111,21.11111,2.0
resstock-amy2018-2021-release-1-330722,0.0,0.7829354,0.17530386,0.0,0.38181576,0.1866336,0.0,0.0,0.0,0.0,0.0,0.0,0.0,0.0,0.0,0.0,0.0,0.0,13.5,0.0,-0.0,0.0,0.0,-0.0,0.0,-0.0,0.0,0.0,-0.0,0.0,4.4012313,0.7829354,0.0,0.37782818,0.9462775,0.22802766,0.5209395,0.0,0.0,0.0,0.24097335,0.1383698,0.5505145,0.0,0.9462775,0.0,0.9462775,0.9462775,0.37782818,-0.0,11.1,20.51437,21.11111,21.11111,2.0
resstock-amy2018-2021-release-1-330722,0.0,0.7829354,0.15222445,0.0,0.38181576,0.16206259,0.0,0.0,0.0,0.0,0.0,0.0,0.0,0.0,0.0,0.0,0.0,0.0,13.5,0.0,-0.0,0.0,0.0,-0.0,0.0,-0.0,0.0,0.0,-0.0,0.0,4.4012313,0.7829354,0.0,0.36772022,0.91159856,0.19681522,0.47295338,0.0,0.0,0.0,0.2159012,0.1383698,0.5188176,0.0,0.91159856,0.0,0.91159856,0.91159856,0.36772022,-0.0,11.1,20.210964,21.11111,21.11111,2.0
resstock-amy2018-2021-release-1-330722,0.0,0.7823631,0.10861294,0.0,0.38207874,0.115632504,0.0,0.0,0.0,0.0,0.0,0.0,0.0,0.0,0.0,0.0,0.0,0.0,13.5,0.0,-0.0,0.0,0.0,-0.0,0.0,-0.0,0.0,0.0,-0.0,0.0,4.4012313,0.7823631,0.0,0.3619026,0.8596139,0.17407745,0.44766018,0.0,0.0,0.0,0.20250656,0.1383698,0.5207689,0.0,0.8596139,0.0,0.8596139,0.8596139,0.3619026,-0.0,11.05,19.913378,21.11111,21.11111,2.0
resstock-amy2018-2021-release-1-330722,0.0,0.78270626,0.0,0.0,0.381921,0.0,0.0,0.0,0.0,0.0,0.0,0.0,0.0,0.0,0.0,0.0,0.0,0.0,13.5,0.0,-0.0,0.0,0.0,-0.0,0.0,-0.0,0.0,0.0,-0.0,0.0,4.4012313,0.78270626,0.0,0.35738903,0.73931,0.14860485,0.3859001,0.0,0.0,0.0,0.20100479,0.1383698,0.5219733,0.0,0.73931,0.0,0.73931,0.73931,0.35738903,-0.0,11.08,19.689564,21.11111,21.11111,2.0
resstock-amy2018-2021-release-1-330722,0.0,0.7800907,0.0,0.0,0.38313067,0.0,0.0,0.0,0.0,0.0,0.0,0.0,0.0,0.0,0.0,0.0,0.0,0.0,13.5,0.0,-0.0,0.0,0.0,-0.0,0.0,-0.0,0.0,0.0,-0.0,0.0,4.4012313,0.7800907,0.0,0.3387091,0.7218398,0.14672011,0.37883765,0.0,0.0,0.0,0.20325854,0.1383698,0.52482235,0.0,0.7218398,0.0,0.7218398,0.7218398,0.3387091,-0.0,10.85,19.55014,21.11111,21.11111,2.0
resstock-amy2018-2021-release-1-330722,0.0,0.78065634,0.0,0.0,0.38286772,0.0,0.0,0.0,0.0,0.0,0.0,0.0,0.0,0.0,0.0,0.0,0.0,0.0,13.5,0.0,-0.0,0.0,0.0,-0.0,0.0,-0.0,0.0,0.0,-0.0,0.0,4.4012313,0.78065634,0.0,0.33888006,0.72174776,0.16752076,0.3869416,0.0,0.0,0.0,0.2321043,0.1383698,0.5361175,0.0,0.72174776,0.0,0.72174776,0.72174776,0.33888006,-0.0,10.9,19.565746,21.11111,21.11111,2.0
resstock-amy2018-2021-release-1-330722,0.0,0.7787769,0.0,0.0,0.38374433,0.0,0.0,0.0,0.0,0.0,0.0,0.0,0.0,0.0,0.0,0.0,0.0,0.0,13.5,0.0,-0.0,0.0,0.0,-0.0,0.0,-0.0,0.0,0.0,-0.0,0.0,4.4012313,0.7787769,0.0,0.8748407,1.258585,0.35200587,0.67859715,0.0,0.0,0.0,0.27968383,0.1383698,0.5391747,0.0,1.258585,0.0,1.258585,1.258585,0.8748407,-0.0,10.733334,19.651941,21.11111,21.11111,2.0
resstock-amy2018-2021-release-1-330722,0.0,0.7772859,0.0,0.0,0.3844456,0.0,0.0,0.0,0.0,0.0,0.0,0.0,0.0,0.0,0.0,0.0,0.0,0.0,13.5,0.0,-0.0,0.0,0.0,-0.0,0.0,-0.0,0.0,0.0,-0.0,0.0,4.4012313,0.7772859,0.0,0.34683496,0.73128057,0.21915261,0.3999854,0.0,0.0,0.0,0.29968336,0.1383698,0.5469657,0.0,0.73128057,0.0,0.73128057,0.73128057,0.34683496,-0.0,10.6,19.371052,21.083334,21.083334,2.0
resstock-amy2018-2021-release-1-330722,0.3291993,0.7829354,0.24102809,0.0,0.38181576,0.25660554,0.0,0.0,0.0,0.0,0.0,0.0,0.0,0.0,0.0,0.0,0.0,0.0,13.5,0.0,-0.0,0.0,0.0,-0.0,0.0,-0.0,0.0,0.0,-0.0,0.0,4.4012313,0.7829354,0.0,0.49155286,1.1283422,0.36370018,0.6290456,0.0,0.0,0.0,0.32233146,0.1383698,0.5574954,0.0,1.1283422,0.0,1.1283422,1.1299742,0.49155286,-0.0016320399,11.1,19.060171,19.819445,19.819445,2.0
resstock-amy2018-2021-release-1-330722,0.23484862,0.7899302,2.3110287,0.0,0.37865993,2.4603884,0.0,0.0,0.0,0.0,0.0,0.0,0.0,0.0,0.0,0.0,0.0,0.0,13.5,0.0,-0.0,0.0,0.0,-0.0,0.0,-0.0,0.0,0.0,-0.0,0.0,4.4012313,0.7899302,0.0,0.4914573,3.325139,1.0560126,1.9696693,0.0,0.0,0.0,0.3175845,0.1383698,0.592357,0.0,3.325139,0.0,3.325139,3.3305058,0.4914573,-0.005366739,11.7,19.10574,20.555555,20.555555,2.0
resstock-amy2018-2021-release-1-330722,0.0,0.8008897,0.0,0.0,0.37392622,0.0,0.0,0.0,0.0,0.0,0.0,0.0,0.0,0.0,0.0,0.0,0.0,0.0,13.5,0.0,-0.0,0.0,0.0,-0.0,0.0,-0.0,0.0,0.0,-0.0,0.0,4.4012313,0.8008897,0.0,0.48825794,0.82849056,0.24326988,0.50860906,0.0,0.0,0.0,0.29363024,0.1383698,0.61389846,0.0,0.82849056,0.0,0.82849056,0.86218417,0.48825794,-0.033693638,12.6,19.29733,20.0,20.0,2.0
resstock-amy2018-2021-release-1-330722,0.0,0.80982697,0.0,0.0,0.37024447,0.0,0.0,0.0,0.0,0.0,0.0,0.0,0.0,0.0,0.0,0.0,0.0,0.0,13.5,0.0,-0.0,0.0,0.0,-0.0,0.0,-0.0,0.0,0.0,-0.0,0.0,4.4012313,0.80982697,0.0,0.4914671,0.8376677,0.23631337,0.52478915,0.0,0.0,0.0,0.28210872,0.1383698,0.62648845,0.0,0.8376677,0.0,0.8376677,0.86171156,0.4914671,-0.02404387,13.3,19.380608,20.0,20.0,2.0
resstock-amy2018-2021-release-1-330722,0.0,0.8181333,1.1523769,0.0,0.36695716,1.226854,0.0,0.0,0.0,0.0,0.0,0.0,0.0,0.0,0.0,0.0,0.0,0.0,13.5,0.0,-0.0,0.0,0.0,-0.0,0.0,-0.0,0.0,0.0,-0.0,0.0,4.4012313,0.8181333,0.0,0.4986313,2.0538075,0.5425178,1.3186109,0.0,0.0,0.0,0.2641522,0.1383698,0.6420324,0.0,2.0538075,0.0,2.0538075,2.0924423,0.4986313,-0.03863488,13.925,19.531345,20.0,20.0,2.0
resstock-amy2018-2021-release-1-330722,0.0,0.8063779,0.0,0.0,0.37164703,0.0,0.0,0.0,0.0,0.0,0.0,0.0,0.0,0.0,0.0,0.0,0.0,0.0,13.5,0.0,-0.0,0.0,0.0,-0.0,0.0,-0.0,0.0,0.0,-0.0,0.0,4.4012313,0.8063779,0.0,0.49877068,0.8252777,0.21676436,0.5391854,0.0,0.0,0.0,0.26265627,0.1383698,0.6533382,0.0,0.8252777,0.0,0.8252777,0.8704177,0.49877068,-0.045140002,13.033334,19.556055,20.0,20.0,2.0
resstock-amy2018-2021-release-1-330722,0.0,0.804674,2.5312297,0.0,0.37234837,2.694821,0.0,0.0,0.0,0.0,0.0,0.0,0.0,0.0,0.0,0.0,0.0,0.0,13.5,0.0,-0.0,0.0,0.0,-0.0,0.0,-0.0,0.0,0.0,-0.0,0.0,4.4012313,0.804674,0.0,0.57943255,3.6169405,0.9986207,2.3822072,0.0,0.0,0.0,0.27609542,0.1383698,0.65862495,0.0,3.6169405,0.0,3.6169405,3.6466017,0.57943255,-0.029661283,12.9,19.614185,19.444445,19.444445,2.0
resstock-amy2018-2021-release-1-330722,0.0,0.7959474,0.0,0.0,0.3760301,0.0,0.0,0.0,0.0,0.0,0.0,0.0,0.0,0.0,0.0,0.0,0.0,0.0,13.5,0.0,-0.0,0.0,0.0,-0.0,0.0,-0.0,0.0,0.0,-0.0,0.0,4.4012313,0.7959474,0.0,1.0403472,1.3799506,0.39168185,0.9077778,0.0,0.0,0.0,0.2838376,0.1383698,0.6578335,0.0,1.3799506,0.0,1.3799506,1.4163773,1.0403472,-0.036426686,12.2,19.817047,19.444445,19.444445,2.0
resstock-amy2018-2021-release-1-330722,0.107537046,0.7959474,0.0,0.0,0.3760301,0.0,0.0,0.0,0.0,0.0,0.0,0.0,0.0,0.0,0.0,0.0,0.0,0.0,13.5,0.0,-0.0,0.0,0.0,-0.0,0.0,-0.0,0.0,0.0,-0.0,0.0,4.4012313,0.7959474,0.0,0.62317497,0.9627955,0.2915651,0.62948674,0.0,0.0,0.0,0.3028318,0.1383698,0.65381145,0.0,0.9627955,0.0,0.9627955,0.99920505,0.62317497,-0.036409557,12.2,20.19703,19.444445,19.444445,2.0
resstock-amy2018-2021-release-1-330722,0.0,0.7959474,0.0,0.0,0.3760301,0.0,0.0,0.0,0.0,0.0,0.0,0.0,0.0,0.0,0.0,0.0,0.0,0.0,13.5,0.0,-0.0,0.0,0.0,-0.0,0.0,-0.0,0.0,0.0,-0.0,0.0,4.4012313,0.7959474,0.0,0.6944981,1.0705283,0.33163968,0.69449294,0.0,0.0,0.0,0.30979067,0.1383698,0.6487385,0.0,1.0705283,0.0,1.0705283,1.0705283,0.6944981,0.0,12.2,20.478806,20.0,20.0,2.0
resstock-amy2018-2021-release-1-330722,0.0,0.7772859,0.0,0.0,0.3844456,0.0,0.0,0.0,0.0,0.0,0.0,0.0,0.0,0.0,0.0,0.0,0.0,0.0,13.5,0.0,-0.0,0.0,0.0,-0.0,0.0,-0.0,0.0,0.0,-0.0,0.0,4.4012313,0.7772859,0.0,2.5499375,2.9343832,0.912378,1.8773143,0.0,0.0,0.0,0.31092668,0.1383698,0.63976455,0.0,2.9343832,0.0,2.9343832,2.9343832,2.5499375,-0.0,10.6,20.527742,20.0,20.0,2.0
resstock-amy2018-2021-release-1-330722,0.0,0.7772859,1.9205956,0.0,0.3844456,2.044722,0.0,0.0,0.0,0.0,0.0,0.0,0.0,0.0,0.0,0.0,0.0,0.0,13.5,0.0,-0.0,0.0,0.0,-0.0,0.0,-0.0,0.0,0.0,-0.0,0.0,4.4012313,0.7772859,0.0,0.72727084,3.1564386,0.9656669,2.0078733,0.0,0.0,0.0,0.3059356,0.1383698,0.6361199,0.0,3.1564386,0.0,3.1564386,3.1564386,0.72727084,-0.0,10.6,20.641693,20.0,20.0,2.0
resstock-amy2018-2021-release-1-330722,0.0,0.7829354,0.0,0.0,0.38181576,0.0,0.0,0.0,0.0,0.0,0.0,0.0,0.0,0.0,0.0,0.0,0.0,0.0,13.5,0.0,-0.0,0.0,0.0,-0.0,0.0,-0.0,0.0,0.0,-0.0,0.0,4.4012313,0.7829354,0.0,0.78717995,1.1689957,0.32954383,0.74071556,0.0,0.0,0.0,0.28190336,0.1383698,0.6336341,0.0,1.1689957,0.0,1.1689957,1.1689957,0.78717995,-0.0,11.1,20.687288,20.578703,20.578703,2.0
resstock-amy2018-2021-release-1-330722,0.0,0.7829354,0.5896313,0.0,0.38181576,0.6277387,0.0,0.0,0.0,0.0,0.0,0.0,0.0,0.0,0.0,0.0,0.0,0.0,13.5,0.0,-0.0,0.0,0.0,-0.0,0.0,-0.0,0.0,0.0,-0.0,0.0,4.4012313,0.7829354,0.0,0.64330304,1.6528575,0.45235306,1.0560917,0.0,0.0,0.0,0.2736794,0.1383698,0.638949,0.0,1.6528575,0.0,1.6528575,1.6528575,0.64330304,-0.0,11.1,20.610907,21.12037,21.12037,2.0
resstock-amy2018-2021-release-1-330722,0.0,0.7829354,0.5364784,0.0,0.38181576,0.57115054,0.0,0.0,0.0,0.0,0.0,0.0,0.0,0.0,0.0,0.0,0.0,0.0,13.5,0.0,-0.0,0.0,0.0,-0.0,0.0,-0.0,0.0,0.0,-0.0,0.0,4.4012313,0.7829354,0.0,0.57832474,1.531291,0.41873127,0.98567367,0.0,0.0,0.0,0.27344984,0.1383698,0.643688,0.0,1.531291,0.0,1.531291,1.531291,0.57832474,-0.0,11.1,20.503866,21.652779,21.652779,2.0
resstock-amy2018-2021-release-1-330722,0.0,0.7829354,0.0,0.0,0.38181576,0.0,0.0,0.0,0.0,0.0,0.0,0.0,0.0,0.0,0.0,0.0,0.0,0.0,13.5,0.0,-0.0,0.0,0.0,-0.0,0.0,-0.0,0.0,0.0,-0.0,0.0,4.4012313,0.7829354,0.0,0.42038545,0.8022012,0.20909196,0.52233946,0.0,0.0,0.0,0.26064777,0.1383698,0.65113276,0.0,0.8022012,0.0,0.8022012,0.8022012,0.42038545,-0.0,11.1,20.343212,21.11111,21.11111,2.0
resstock-amy2018-2021-release-1-330722,0.0,0.7829354,0.0,0.0,0.38181576,0.0,0.0,0.0,0.0,0.0,0.0,0.0,0.0,0.0,0.0,0.0,0.0,0.0,13.5,0.0,-0.0,0.0,0.0,-0.0,0.0,-0.0,0.0,0.0,-0.0,0.0,4.4012313,0.7829354,0.0,0.37782818,0.7596439,0.2130634,0.46811104,0.0,0.0,0.0,0.280478,0.1383698,0.6162243,0.0,0.7596439,0.0,0.7596439,0.7596439,0.37782818,-0.0,11.1,20.053473,21.11111,21.11111,2.0
resstock-amy2018-2021-release-1-330722,0.0,0.7772859,0.0,0.0,0.3844456,0.0,0.0,0.0,0.0,0.0,0.0,0.0,0.0,0.0,0.0,0.0,0.0,0.0,13.5,0.0,-0.0,0.0,0.0,-0.0,0.0,-0.0,0.0,0.0,-0.0,0.0,4.4012313,0.7772859,0.0,0.34443307,0.7288787,0.19472499,0.48096675,0.0,0.0,0.0,0.26715693,0.1383698,0.6598722,0.0,0.7288787,0.0,0.7288787,0.7288787,0.34443307,-0.0,10.6,19.694782,21.11111,21.11111,2.0
resstock-amy2018-2021-release-1-330722,0.0,0.77071196,0.0,0.0,0.3876014,0.0,0.0,0.0,0.0,0.0,0.0,0.0,0.0,0.0,0.0,0.0,0.0,0.0,13.5,0.0,-0.0,0.0,0.0,-0.0,0.0,-0.0,0.0,0.0,-0.0,0.0,4.4012313,0.77071196,0.0,0.34260106,0.73020244,0.18844151,0.4885287,0.0,0.0,0.0,0.2580675,0.1383698,0.66903186,0.0,0.73020244,0.0,0.73020244,0.73020244,0.34260106,-0.0,10.0,19.242855,21.11111,21.11111,2.0
resstock-amy2018-2021-release-1-330722,0.0,0.75920767,0.0,0.0,0.39338708,0.0,0.0,0.0,0.0,0.0,0.0,0.0,0.0,0.0,0.0,0.0,0.0,0.0,13.5,0.0,-0.0,0.0,0.0,-0.0,0.0,-0.0,0.0,0.0,-0.0,0.0,4.4012313,0.75920767,0.0,0.34071207,0.73409915,0.18699408,0.49743697,0.0,0.0,0.0,0.2547259,0.1383698,0.6776155,0.0,0.73409915,0.0,0.73409915,0.73409915,0.34071207,-0.0,8.9,18.7137,21.11111,21.11111,2.0
resstock-amy2018-2021-release-1-330722,0.0,0.7427017,0.0,0.0,0.4023285,0.0,0.0,0.0,0.0,0.0,0.0,0.0,0.0,0.0,0.0,0.0,0.0,0.0,13.5,0.0,-0.0,0.0,0.0,-0.0,0.0,-0.0,0.0,0.0,-0.0,0.0,4.4012313,0.7427017,0.0,0.3387091,0.7410376,0.19449204,0.5025157,0.0,0.0,0.0,0.26245907,0.1383698,0.6781244,0.0,0.7410376,0.0,0.7410376,0.7410376,0.3387091,-0.0,7.2,17.99392,21.11111,21.11111,2.0
resstock-amy2018-2021-release-1-330722,0.0,0.7427017,0.0,0.0,0.4023285,0.0,0.0,0.0,0.0,0.0,0.0,0.0,0.0,0.0,0.0,0.0,0.0,0.0,13.5,0.0,-0.0,0.0,0.0,-0.0,0.0,-0.0,0.0,0.0,-0.0,0.0,4.4012313,0.7427017,0.0,0.33888006,0.74120855,0.19873469,0.4993763,0.0,0.0,0.0,0.2681225,0.1383698,0.6737325,0.0,0.74120855,0.0,0.74120855,0.74120855,0.33888006,-0.0,7.2,17.759525,21.11111,21.11111,2.0
resstock-amy2018-2021-release-1-330722,0.0,0.7483609,0.7818966,0.0,0.3991727,0.8324299,0.0,0.0,0.0,0.0,0.0,0.0,0.0,0.0,0.0,0.0,0.0,0.0,13.5,0.0,-0.0,0.0,0.0,-0.0,0.0,-0.0,0.0,0.0,-0.0,0.0,4.4012313,0.7483609,0.0,0.39273483,1.6243374,0.48128125,1.0814315,0.0,0.0,0.0,0.29629388,0.1383698,0.6657678,0.0,1.6243374,0.0,1.6243374,1.6243374,0.39273483,-0.0,7.8,17.869946,21.11111,21.11111,2.0
resstock-amy2018-2021-release-1-330722,0.0,0.73811674,0.0,0.0,0.40495837,0.0,0.0,0.0,0.0,0.0,0.0,0.0,0.0,0.0,0.0,0.0,0.0,0.0,13.5,0.0,-0.0,0.0,0.0,-0.0,0.0,-0.0,0.0,0.0,-0.0,0.0,4.4012313,0.73811674,0.0,0.4832653,0.88822365,0.28362614,0.58144695,0.0,0.0,0.0,0.31931838,0.1383698,0.6546177,0.0,0.88822365,0.0,0.88822365,0.88822365,0.4832653,-0.0,6.7,17.377628,21.078703,21.078703,2.0
resstock-amy2018-2021-release-1-330722,0.0,0.76435184,0.0,0.0,0.3907572,0.0,0.0,0.0,0.0,0.0,0.0,0.0,0.0,0.0,0.0,0.0,0.0,0.0,13.5,0.0,-0.0,0.0,0.0,-0.0,0.0,-0.0,0.0,0.0,-0.0,0.0,4.4012313,0.76435184,0.0,0.49155286,0.83938116,0.28237435,0.53951323,0.0,0.0,0.0,0.33640778,0.1383698,0.64275116,0.0,0.83938116,0.0,0.83938116,0.88231003,0.49155286,-0.042928867,9.4,18.116785,19.847221,19.847221,2.0
resstock-amy2018-2021-release-1-330722,0.0,0.7899302,0.0,0.0,0.37865993,0.0,0.0,0.0,0.0,0.0,0.0,0.0,0.0,0.0,0.0,0.0,0.0,0.0,13.5,0.0,-0.0,0.0,0.0,-0.0,0.0,-0.0,0.0,0.0,-0.0,0.0,4.4012313,0.7899302,0.0,0.4914573,0.74993414,0.26544258,0.4787975,0.0,0.0,0.0,0.35395452,0.1383698,0.6384527,0.0,0.74993414,0.0,0.74993414,0.87011725,0.4914573,-0.120183125,11.7,18.682186,20.555555,20.555555,2.0
resstock-amy2018-2021-release-1-330722,0.0,0.7899302,0.0,0.0,0.37865993,0.0,0.0,0.0,0.0,0.0,0.0,0.0,0.0,0.0,0.0,0.0,0.0,0.0,13.5,0.0,-0.0,0.0,0.0,-0.0,0.0,-0.0,0.0,0.0,-0.0,0.0,4.4012313,0.7899302,0.0,0.48825794,0.6901306,0.22589678,0.4419051,0.0,0.0,0.0,0.3273247,0.1383698,0.640321,0.0,0.6901306,0.0,0.6901306,0.86691785,0.48825794,-0.17678729,11.7,19.035748,20.555555,20.555555,2.0
resstock-amy2018-2021-release-1-330722,0.0,0.7947299,1.1529323,0.0,0.37655607,1.2274454,0.0,0.0,0.0,0.0,0.0,0.0,0.0,0.0,0.0,0.0,0.0,0.0,13.5,0.0,-0.0,0.0,0.0,-0.0,0.0,-0.0,0.0,0.0,-0.0,0.0,4.4012313,0.7947299,0.0,0.4914671,1.9021504,0.6207251,1.2090306,0.0,0.0,0.0,0.3263281,0.1383698,0.63561255,0.0,1.9021504,0.0,1.9021504,2.0954685,0.4914671,-0.19331819,12.1,19.48822,20.555555,20.555555,2.0
resstock-amy2018-2021-release-1-330722,0.0,0.803405,0.3843118,0.0,0.3728743,0.40914953,0.0,0.0,0.0,0.0,0.0,0.0,0.0,0.0,0.0,0.0,0.0,0.0,13.5,0.0,-0.0,0.0,0.0,-0.0,0.0,-0.0,0.0,0.0,-0.0,0.0,4.4012313,0.803405,0.0,2.3065283,3.021226,0.8841151,1.8994117,0.0,0.0,0.0,0.29263455,0.1383698,0.62868905,0.0,3.021226,0.0,3.021226,3.088552,2.3065283,-0.067326054,12.8,19.870628,21.11111,21.11111,2.0
resstock-amy2018-2021-release-1-330722,0.0,0.7899302,0.0,0.0,0.37865993,0.0,0.0,0.0,0.0,0.0,0.0,0.0,0.0,0.0,0.0,0.0,0.0,0.0,13.5,0.0,-0.0,0.0,0.0,-0.0,0.0,-0.0,0.0,0.0,-0.0,0.0,4.4012313,0.7899302,0.0,0.49877068,0.8453327,0.24371769,0.5288161,0.0,0.0,0.0,0.28830978,0.1383698,0.62557155,0.0,0.8453327,0.0,0.8453327,0.8774306,0.49877068,-0.032097943,11.7,19.848404,21.11111,21.11111,2.0
resstock-amy2018-2021-release-1-330722,0.0,0.7959474,0.38431278,0.0,0.3760301,0.40915057,0.0,0.0,0.0,0.0,0.0,0.0,0.0,0.0,0.0,0.0,0.0,0.0,13.5,0.0,-0.0,0.0,0.0,-0.0,0.0,-0.0,0.0,0.0,-0.0,0.0,4.4012313,0.7959474,0.0,0.49452254,1.1252599,0.33762443,0.69932604,0.0,0.0,0.0,0.3000413,0.1383698,0.6214796,0.0,1.1252599,0.0,1.1252599,1.2797033,0.49452254,-0.15444335,12.2,20.091978,21.666666,21.666666,2.0
resstock-amy2018-2021-release-1-330722,0.0,0.7959474,0.0,0.0,0.3760301,0.0,0.0,0.0,0.0,0.0,0.0,0.0,0.0,0.0,0.0,0.0,0.0,0.0,13.5,0.0,-0.0,0.0,0.0,-0.0,0.0,-0.0,0.0,0.0,-0.0,0.0,4.4012313,0.7959474,0.0,0.45714274,0.70999694,0.21975276,0.43256432,0.0,0.0,0.0,0.30951226,0.1383698,0.60924816,0.0,0.70999694,0.0,0.70999694,0.8331728,0.45714274,-0.12317584,12.2,20.283121,21.666666,21.666666,2.0
resstock-amy2018-2021-release-1-330722,0.0,0.7899302,0.0,0.0,0.37865993,0.0,0.0,0.0,0.0,0.0,0.0,0.0,0.0,0.0,0.0,0.0,0.0,0.0,13.5,0.0,-0.0,0.0,0.0,-0.0,0.0,-0.0,0.0,0.0,-0.0,0.0,4.4012313,0.7899302,0.0,2.3412492,2.6585708,0.8764778,1.5860769,0.0,0.0,0.0,0.32968006,0.1383698,0.59659004,0.0,2.6585708,0.0,2.6585708,2.7199092,2.3412492,-0.061338436,11.7,20.79325,21.666666,21.666666,2.0
resstock-amy2018-2021-release-1-330722,0.93539685,0.7772859,0.7686184,0.0,0.3844456,0.8182936,0.0,0.0,0.0,0.0,0.0,0.0,0.0,0.0,0.0,0.0,0.0,0.0,13.5,0.0,-0.0,0.0,0.0,-0.0,0.0,-0.0,0.0,0.0,-0.0,0.0,4.4012313,0.7772859,0.0,1.427295,2.6271377,0.90631574,1.5910649,0.0,0.0,0.0,0.3449822,0.1383698,0.60562676,0.0,2.6271377,0.0,2.6271377,2.6300344,1.427295,-0.0028967068,10.6,20.754158,20.0,20.0,2.0
resstock-amy2018-2021-release-1-330722,0.0,0.77071196,2.724588,0.0,0.3876014,2.9006758,0.0,0.0,0.0,0.0,0.0,0.0,0.0,0.0,0.0,0.0,0.0,0.0,13.5,0.0,-0.0,0.0,0.0,-0.0,0.0,-0.0,0.0,0.0,-0.0,0.0,4.4012313,0.77071196,0.0,2.424613,5.71289,2.074177,3.4156191,0.0,0.0,0.0,0.36306965,0.1383698,0.59787935,0.0,5.71289,0.0,5.71289,5.71289,2.424613,-0.0,10.0,20.911549,21.666666,21.666666,2.0
resstock-amy2018-2021-release-1-330722,0.734179,0.76435184,0.7686186,0.0,0.3907572,0.81829375,0.0,0.0,0.0,0.0,0.0,0.0,0.0,0.0,0.0,0.0,0.0,0.0,13.5,0.0,-0.0,0.0,0.0,-0.0,0.0,-0.0,0.0,0.0,-0.0,0.0,4.4012313,0.76435184,0.0,0.72727084,1.9363217,0.6862235,1.0940602,0.0,0.0,0.0,0.3543954,0.1383698,0.56501985,0.0,1.9363217,0.0,1.9363217,1.9363217,0.72727084,-0.0,9.4,20.930225,20.0,20.0,2.0
resstock-amy2018-2021-release-1-330722,0.0,0.75920767,1.1529217,0.0,0.39338708,1.227434,0.0,0.0,0.0,0.0,0.0,0.0,0.0,0.0,0.0,0.0,0.0,0.0,13.5,0.0,-0.0,0.0,0.0,-0.0,0.0,-0.0,0.0,0.0,-0.0,0.0,4.4012313,0.75920767,0.0,0.68064165,2.3014627,0.77175707,1.2556468,0.0,0.0,0.0,0.3353333,0.1383698,0.54558647,0.0,2.3014627,0.0,2.3014627,2.3014627,0.68064165,-0.0,8.9,20.687946,20.578703,20.578703,2.0
resstock-amy2018-2021-release-1-330722,0.21832122,0.7532134,2.872191,0.0,0.39654285,3.0578182,0.0,0.0,0.0,0.0,0.0,0.0,0.0,0.0,0.0,0.0,0.0,0.0,13.5,0.0,-0.0,0.0,0.0,-0.0,0.0,-0.0,0.0,0.0,-0.0,0.0,4.4012313,0.7532134,0.0,0.6273819,4.0817432,1.2444338,2.1596184,0.0,0.0,0.0,0.304878,0.1383698,0.5290922,0.0,4.0817432,0.0,4.0817432,4.0817432,0.6273819,-0.0,8.3,20.564152,21.12037,21.12037,2.0
resstock-amy2018-2021-release-1-330722,0.0,0.7483609,0.0,0.0,0.3991727,0.0,0.0,0.0,0.0,0.0,0.0,0.0,0.0,0.0,0.0,0.0,0.0,0.0,13.5,0.0,-0.0,0.0,0.0,-0.0,0.0,-0.0,0.0,0.0,-0.0,0.0,4.4012313,0.7483609,0.0,0.49628696,0.89545965,0.27275416,0.4628028,0.0,0.0,0.0,0.3045968,0.1383698,0.51683265,0.0,0.89545965,0.0,0.89545965,0.89545965,0.49628696,-0.0,7.8,20.324997,21.652779,21.652779,2.0
resstock-amy2018-2021-release-1-330722,0.0,0.7427017,0.0,0.0,0.4023285,0.0,0.0,0.0,0.0,0.0,0.0,0.0,0.0,0.0,0.0,0.0,0.0,0.0,13.5,0.0,-0.0,0.0,0.0,-0.0,0.0,-0.0,0.0,0.0,-0.0,0.0,4.4012313,0.7427017,0.0,0.42038545,0.822714,0.24363032,0.42111212,0.0,0.0,0.0,0.29613003,0.1383698,0.5118573,0.0,0.822714,0.0,0.822714,0.822714,0.42038545,-0.0,7.2,19.88835,21.11111,21.11111,2.0
resstock-amy2018-2021-release-1-330722,0.0,0.7427017,0.0,0.0,0.4023285,0.0,0.0,0.0,0.0,0.0,0.0,0.0,0.0,0.0,0.0,0.0,0.0,0.0,13.5,0.0,-0.0,0.0,0.0,-0.0,0.0,-0.0,0.0,0.0,-0.0,0.0,4.4012313,0.7427017,0.0,0.34643605,0.7487645,0.21487176,0.38167718,0.0,0.0,0.0,0.2869684,0.1383698,0.5097426,0.0,0.7487645,0.0,0.7487645,0.7487645,0.34643605,-0.0,7.2,19.246424,21.11111,21.11111,2.0
resstock-amy2018-2021-release-1-330722,0.0,0.73811674,0.0,0.0,0.40495837,0.0,0.0,0.0,0.0,0.0,0.0,0.0,0.0,0.0,0.0,0.0,0.0,0.0,13.5,0.0,-0.0,0.0,0.0,-0.0,0.0,-0.0,0.0,0.0,-0.0,0.0,4.4012313,0.73811674,0.0,0.34443307,0.74939144,0.21116517,0.378514,0.0,0.0,0.0,0.2817822,0.1383698,0.5050952,0.0,0.74939144,0.0,0.74939144,0.74939144,0.34443307,-0.0,6.7,18.378036,21.11111,21.11111,2.0
resstock-amy2018-2021-release-1-330722,0.0,0.7327653,0.0,0.0,0.40811417,0.0,0.0,0.0,0.0,0.0,0.0,0.0,0.0,0.0,0.0,0.0,0.0,0.0,13.5,0.0,-0.0,0.0,0.0,-0.0,0.0,-0.0,0.0,0.0,-0.0,0.0,4.4012313,0.7327653,0.0,0.34260106,0.75071526,0.20857923,0.3793642,0.0,0.0,0.0,0.27784067,0.1383698,0.505337,0.0,0.75071526,0.0,0.75071526,0.75071526,0.34260106,-0.0,6.1,17.421757,21.11111,21.11111,2.0
resstock-amy2018-2021-release-1-330722,0.0,0.7327653,0.0,0.0,0.40811417,0.0,0.0,0.0,0.0,0.0,0.0,0.0,0.0,0.0,0.0,0.0,0.0,0.0,13.5,0.0,-0.0,0.0,0.0,-0.0,0.0,-0.0,0.0,0.0,-0.0,0.0,4.4012313,0.7327653,0.0,0.34071207,0.74882627,0.20609201,0.38849154,0.0,0.0,0.0,0.27522007,0.1383698,0.5188006,0.0,0.74882627,0.0,0.74882627,0.74882627,0.34071207,-0.0,6.1,16.73644,21.11111,21.11111,2.0
resstock-amy2018-2021-release-1-330722,0.0,0.7233583,0.7371735,0.0,0.4138998,0.7848164,0.0,0.0,0.0,0.0,0.0,0.0,0.0,0.0,0.0,0.0,0.0,0.0,13.5,0.0,-0.0,0.0,0.0,-0.0,0.0,-0.0,0.0,0.0,-0.0,0.0,4.4012313,0.7233583,0.0,0.3387091,1.5374253,0.42500553,0.8316403,0.0,0.0,0.0,0.2764398,0.1383698,0.54093057,0.0,1.5374253,0.0,1.5374253,1.5374253,0.3387091,-0.0,5.0,16.163685,21.11111,21.11111,2.0
resstock-amy2018-2021-release-1-330722,0.0,0.7144394,0.0,0.0,0.41968542,0.0,0.0,0.0,0.0,0.0,0.0,0.0,0.0,0.0,0.0,0.0,0.0,0.0,13.5,0.0,-0.0,0.0,0.0,-0.0,0.0,-0.0,0.0,0.0,-0.0,0.0,4.4012313,0.7144394,0.0,0.3664817,0.78616714,0.22169557,0.4320042,0.0,0.0,0.0,0.28199548,0.1383698,0.54950684,0.0,0.78616714,0.0,0.78616714,0.78616714,0.3664817,-0.0,3.9,15.849541,21.11111,21.11111,2.0
resstock-amy2018-2021-release-1-330722,0.0,0.70976686,0.0,0.0,0.42284128,0.0,0.0,0.0,0.0,0.0,0.0,0.0,0.0,0.0,0.0,0.0,0.0,0.0,13.5,0.0,-0.0,0.0,0.0,-0.0,0.0,-0.0,0.0,0.0,-0.0,0.0,4.4012313,0.70976686,0.0,0.44252667,0.86536795,0.26896173,0.47850466,0.0,0.0,0.0,0.3108062,0.1383698,0.55294937,0.0,0.86536795,0.0,0.86536795,0.86536795,0.44252667,-0.0,3.3,15.489438,21.11111,21.11111,2.0
resstock-amy2018-2021-release-1-330722,0.0,0.7059716,0.0,0.0,0.4254711,0.0,0.0,0.0,0.0,0.0,0.0,0.0,0.0,0.0,0.0,0.0,0.0,0.0,13.5,0.0,-0.0,0.0,0.0,-0.0,0.0,-0.0,0.0,0.0,-0.0,0.0,4.4012313,0.7059716,0.0,0.4832653,0.9087364,0.31105915,0.5093281,0.0,0.0,0.0,0.34229854,0.1383698,0.5604795,0.0,0.9087364,0.0,0.9087364,0.9087364,0.4832653,-0.0,2.8,15.632924,21.087963,21.087963,2.0
resstock-amy2018-2021-release-1-330722,0.0,0.7427017,0.0,0.0,0.4023285,0.0,0.0,0.0,0.0,0.0,0.0,0.0,0.0,0.0,0.0,0.0,0.0,0.0,13.5,0.0,-0.0,0.0,0.0,-0.0,0.0,-0.0,0.0,0.0,-0.0,0.0,4.4012313,0.7427017,0.0,0.56336623,0.9175796,0.34039858,0.52024466,0.0,0.0,0.0,0.37097445,0.1383698,0.56697494,0.0,0.9175796,0.0,0.9175796,0.9656947,0.56336623,-0.04811513,7.2,17.145191,20.0,20.0,2.0
resstock-amy2018-2021-release-1-330722,0.0,0.76435184,1.153462,0.0,0.3907572,1.2280093,0.0,0.0,0.0,0.0,0.0,0.0,0.0,0.0,0.0,0.0,0.0,0.0,13.5,0.0,-0.0,0.0,0.0,-0.0,0.0,-0.0,0.0,0.0,-0.0,0.0,4.4012313,0.76435184,0.0,0.4914573,1.9829009,0.71634716,1.1631663,0.0,0.0,0.0,0.3612622,0.1383698,0.5865983,0.0,1.9829009,0.0,1.9829009,2.1102238,0.4914573,-0.127323,9.4,17.497849,20.0,20.0,2.0
resstock-amy2018-2021-release-1-330722,0.0,0.7772859,1.922423,0.0,0.3844456,2.0466676,0.0,0.0,0.0,0.0,0.0,0.0,0.0,0.0,0.0,0.0,0.0,0.0,13.5,0.0,-0.0,0.0,0.0,-0.0,0.0,-0.0,0.0,0.0,-0.0,0.0,4.4012313,0.7772859,0.0,0.4168911,2.6630626,0.8793028,1.602415,0.0,0.0,0.0,0.33018482,0.1383698,0.60171884,0.0,2.6630626,0.0,2.6630626,2.8480043,0.4168911,-0.18494184,10.6,17.861462,20.0,20.0,2.0
resstock-amy2018-2021-release-1-330722,0.0,0.7829354,0.0,0.0,0.38181576,0.0,0.0,0.0,0.0,0.0,0.0,0.0,0.0,0.0,0.0,0.0,0.0,0.0,13.5,0.0,-0.0,0.0,0.0,-0.0,0.0,-0.0,0.0,0.0,-0.0,0.0,4.4012313,0.7829354,0.0,0.41852418,0.5799186,0.18670177,0.35728127,0.0,0.0,0.0,0.32194477,0.1383698,0.6160886,0.0,0.5799186,0.0,0.5799186,0.80033994,0.41852418,-0.22042133,11.1,18.178764,20.0,20.0,2.0
resstock-amy2018-2021-release-1-330722,0.0,0.7899302,0.7689762,0.0,0.37865993,0.8186745,0.0,0.0,0.0,0.0,0.0,0.0,0.0,0.0,0.0,0.0,0.0,0.0,13.5,0.0,-0.0,0.0,0.0,-0.0,0.0,-0.0,0.0,0.0,-0.0,0.0,4.4012313,0.7899302,0.0,0.42390978,1.3863616,0.42601243,0.8565459,0.0,0.0,0.0,0.3072881,0.1383698,0.6178373,0.0,1.3863616,0.0,1.3863616,1.6212442,0.42390978,-0.23488256,11.7,18.655136,20.023148,20.023148,2.0
resstock-amy2018-2021-release-1-330722,0.0,0.803405,0.82205397,0.0,0.3728743,0.8751826,0.0,0.0,0.0,0.0,0.0,0.0,0.0,0.0,0.0,0.0,0.0,0.0,13.5,0.0,-0.0,0.0,0.0,-0.0,0.0,-0.0,0.0,0.0,-0.0,0.0,4.4012313,0.803405,0.0,0.49877068,1.5241195,0.46084493,0.9216657,0.0,0.0,0.0,0.302368,0.1383698,0.6047201,0.0,1.5241195,0.0,1.5241195,1.7468276,0.49877068,-0.2227081,12.8,19.42493,21.11111,21.11111,2.0
resstock-amy2018-2021-release-1-330722,0.0,0.7959474,0.0,0.0,0.3760301,0.0,0.0,0.0,0.0,0.0,0.0,0.0,0.0,0.0,0.0,0.0,0.0,0.0,13.5,0.0,-0.0,0.0,0.0,-0.0,0.0,-0.0,0.0,0.0,-0.0,0.0,4.4012313,0.7959474,0.0,0.5669902,0.74296796,0.22912267,0.4346669,0.0,0.0,0.0,0.30838835,0.1383698,0.5850412,0.0,0.74296796,0.0,0.74296796,0.9430203,0.5669902,-0.20005234,12.2,20.026049,21.11111,21.11111,2.0
resstock-amy2018-2021-release-1-330722,0.0,0.803405,0.0,0.0,0.3728743,0.0,0.0,0.0,0.0,0.0,0.0,0.0,0.0,0.0,0.0,0.0,0.0,0.0,13.5,0.0,-0.0,0.0,0.0,-0.0,0.0,-0.0,0.0,0.0,-0.0,0.0,4.4012313,0.803405,0.0,0.6951245,0.9149208,0.29247937,0.52478266,0.0,0.0,0.0,0.31967726,0.1383698,0.5735826,0.0,0.9149208,0.0,0.9149208,1.0679988,0.6951245,-0.15307795,12.8,20.943707,21.11111,21.11111,2.0
resstock-amy2018-2021-release-1-330722,0.48601982,0.7959474,0.0,0.0,0.3760301,0.0,0.0,0.0,0.0,0.0,0.0,0.0,0.0,0.0,0.0,0.0,0.0,0.0,13.5,0.0,-0.0,0.0,0.0,-0.0,0.0,-0.0,0.0,0.0,-0.0,0.0,4.4012313,0.7959474,0.0,2.5208945,2.8407397,0.94108224,1.6022475,0.0,0.0,0.0,0.3312807,0.1383698,0.56402475,0.0,2.8407397,0.0,2.8407397,2.8969245,2.5208945,-0.056184854,12.2,21.397715,21.092592,21.092592,2.0
resstock-amy2018-2021-release-1-330722,0.0,0.7829354,0.0,0.0,0.38181576,0.0,0.0,0.0,0.0,0.0,0.0,0.0,0.0,0.0,0.0,0.0,0.0,0.0,13.5,0.0,-0.0,0.0,0.0,-0.0,0.0,-0.0,0.0,0.0,-0.0,0.0,4.4012313,0.7829354,0.0,2.1311777,2.5094817,0.86649346,1.4146218,0.0,0.0,0.0,0.34528783,0.1383698,0.56371075,0.0,2.5094817,0.0,2.5094817,2.5129933,2.1311777,-0.003511658,11.1,21.718353,22.222221,22.222221,2.0
resstock-amy2018-2021-release-1-330722,0.0,0.77071196,0.15214254,0.0,0.3876014,0.16197538,0.0,0.0,0.0,0.0,0.0,0.0,0.0,0.0,0.0,0.0,0.0,0.0,13.5,0.0,-0.0,0.0,0.0,-0.0,0.0,-0.0,0.0,0.0,-0.0,0.0,4.4012313,0.77071196,0.0,0.8673652,1.416942,0.48391053,0.80716413,0.0,0.0,0.0,0.34151754,0.1383698,0.5696522,0.0,1.416942,0.0,1.416942,1.416942,0.8673652,-0.0,10.0,21.797203,22.222221,22.222221,2.0
resstock-amy2018-2021-release-1-330722,0.0,0.75920767,0.57630354,0.0,0.39338708,0.61354953,0.0,0.0,0.0,0.0,0.0,0.0,0.0,0.0,0.0,0.0,0.0,0.0,13.5,0.0,-0.0,0.0,0.0,-0.0,0.0,-0.0,0.0,0.0,-0.0,0.0,4.4012313,0.75920767,0.0,1.3439164,2.350853,0.78658426,1.276595,0.0,0.0,0.0,0.33459526,0.1383698,0.5430348,0.0,2.350853,0.0,2.350853,2.350853,1.3439164,-0.0,8.9,21.580633,22.222221,22.222221,2.0
resstock-amy2018-2021-release-1-330722,1.0513602,0.75920767,1.5405089,0.0,0.39338708,1.6400707,0.0,0.0,0.0,0.0,0.0,0.0,0.0,0.0,0.0,0.0,0.0,0.0,13.5,0.0,-0.0,0.0,0.0,-0.0,0.0,-0.0,0.0,0.0,-0.0,0.0,4.4012313,0.75920767,0.0,1.2117299,3.2451878,1.0620636,1.7268946,0.0,0.0,0.0,0.32727337,0.1383698,0.53214014,0.0,3.2451878,0.0,3.2451878,3.2451878,1.2117299,-0.0,8.9,21.357693,20.574074,20.574074,2.0
resstock-amy2018-2021-release-1-330722,0.0,0.75920767,0.0,0.0,0.39338708,0.0,0.0,0.0,0.0,0.0,0.0,0.0,0.0,0.0,0.0,0.0,0.0,0.0,13.5,0.0,-0.0,0.0,0.0,-0.0,0.0,-0.0,0.0,0.0,-0.0,0.0,4.4012313,0.75920767,0.0,1.1989216,1.5923086,0.49247274,0.8599081,0.0,0.0,0.0,0.3092822,0.1383698,0.5400386,0.0,1.5923086,0.0,1.5923086,1.5923086,1.1989216,-0.0,8.9,21.050274,21.12037,21.12037,2.0
resstock-amy2018-2021-release-1-330722,0.0,0.72842634,0.38448924,0.0,0.410744,0.40933844,0.0,0.0,0.0,0.0,0.0,0.0,0.0,0.0,0.0,0.0,0.0,0.0,13.5,0.0,-0.0,0.0,0.0,-0.0,0.0,-0.0,0.0,0.0,-0.0,0.0,4.4012313,0.72842634,0.0,0.6377271,1.4578096,0.44701517,0.78079116,0.0,0.0,0.0,0.3066348,0.1383698,0.535592,0.0,1.4578096,0.0,1.4578096,1.4578096,0.6377271,-0.0,5.6,20.25381,21.657408,21.657408,2.0
resstock-amy2018-2021-release-1-330722,0.0,0.7327653,0.38448727,0.0,0.40811417,0.40933636,0.0,0.0,0.0,0.0,0.0,0.0,0.0,0.0,0.0,0.0,0.0,0.0,13.5,0.0,-0.0,0.0,0.0,-0.0,0.0,-0.0,0.0,0.0,-0.0,0.0,4.4012313,0.7327653,0.0,0.42038545,1.237836,0.37374946,0.66332024,0.0,0.0,0.0,0.3019378,0.1383698,0.53587085,0.0,1.237836,0.0,1.237836,1.237836,0.42038545,-0.0,6.1,19.70668,21.11111,21.11111,2.0
resstock-amy2018-2021-release-1-330722,0.0,0.7184354,0.0,0.0,0.4170556,0.0,0.0,0.0,0.0,0.0,0.0,0.0,0.0,0.0,0.0,0.0,0.0,0.0,13.5,0.0,-0.0,0.0,0.0,-0.0,0.0,-0.0,0.0,0.0,-0.0,0.0,4.4012313,0.7184354,0.0,0.37782818,0.7948838,0.22704943,0.4290089,0.0,0.0,0.0,0.2856385,0.1383698,0.5397127,0.0,0.7948838,0.0,0.7948838,0.7948838,0.37782818,-0.0,4.4,18.56385,21.11111,21.11111,2.0
resstock-amy2018-2021-release-1-330722,0.0,0.7184354,0.0,0.0,0.4170556,0.0,0.0,0.0,0.0,0.0,0.0,0.0,0.0,0.0,0.0,0.0,0.0,0.0,13.5,0.0,-0.0,0.0,0.0,-0.0,0.0,-0.0,0.0,0.0,-0.0,0.0,4.4012313,0.7184354,0.0,0.34443307,0.7614887,0.19192542,0.39864656,0.0,0.0,0.0,0.25203976,0.1383698,0.5235095,0.0,0.7614887,0.0,0.7614887,0.7614887,0.34443307,-0.0,4.4,17.333435,21.11111,21.11111,2.0
resstock-amy2018-2021-release-1-330722,0.0,0.7144394,0.7693078,0.0,0.41968542,0.8190275,0.0,0.0,0.0,0.0,0.0,0.0,0.0,0.0,0.0,0.0,0.0,0.0,13.5,0.0,-0.0,0.0,0.0,-0.0,0.0,-0.0,0.0,0.0,-0.0,0.0,4.4012313,0.7144394,0.0,0.34260106,1.581314,0.37573114,0.7927284,0.0,0.0,0.0,0.23760691,0.1383698,0.50130993,0.0,1.581314,0.0,1.581314,1.581314,0.34260106,-0.0,3.9,16.102295,21.11111,21.11111,2.0
resstock-amy2018-2021-release-1-330722,0.0,0.70976686,0.0,0.0,0.42284128,0.0,0.0,0.0,0.0,0.0,0.0,0.0,0.0,0.0,0.0,0.0,0.0,0.0,13.5,0.0,-0.0,0.0,0.0,-0.0,0.0,-0.0,0.0,0.0,-0.0,0.0,4.4012313,0.70976686,0.0,0.34071207,0.7635534,0.17066336,0.37446794,0.0,0.0,0.0,0.22351201,0.1383698,0.49042797,0.0,0.7635534,0.0,0.7635534,0.7635534,0.34071207,-0.0,3.3,15.174663,21.11111,21.11111,2.0
resstock-amy2018-2021-release-1-330722,0.0,0.70976686,0.0,0.0,0.42284128,0.0,0.0,0.0,0.0,0.0,0.0,0.0,0.0,0.0,0.0,0.0,0.0,0.0,13.5,0.0,-0.0,0.0,0.0,-0.0,0.0,-0.0,0.0,0.0,-0.0,0.0,4.4012313,0.70976686,0.0,0.3387091,0.76155037,0.16748382,0.37707156,0.0,0.0,0.0,0.21992481,0.1383698,0.49513674,0.0,0.76155037,0.0,0.76155037,0.76155037,0.3387091,-0.0,3.3,14.693574,21.11111,21.11111,2.0
resstock-amy2018-2021-release-1-330722,0.0,0.7184354,0.0,0.0,0.4170556,0.0,0.0,0.0,0.0,0.0,0.0,0.0,0.0,0.0,0.0,0.0,0.0,0.0,13.5,0.0,-0.0,0.0,0.0,-0.0,0.0,-0.0,0.0,0.0,-0.0,0.0,4.4012313,0.7184354,0.0,0.33888006,0.75593567,0.15732494,0.38097203,0.0,0.0,0.0,0.20811948,0.1383698,0.50397414,0.0,0.75593567,0.0,0.75593567,0.75593567,0.33888006,-0.0,4.4,14.771774,21.11111,21.11111,2.0
resstock-amy2018-2021-release-1-330722,0.0,0.70976686,0.0,0.0,0.42284128,0.0,0.0,0.0,0.0,0.0,0.0,0.0,0.0,0.0,0.0,0.0,0.0,0.0,13.5,0.0,-0.0,0.0,0.0,-0.0,0.0,-0.0,0.0,0.0,-0.0,0.0,4.4012313,0.70976686,0.0,0.34294298,0.76578426,0.18681657,0.4044687,0.0,0.0,0.0,0.24395457,0.1383698,0.5281758,0.0,0.76578426,0.0,0.76578426,0.76578426,0.34294298,-0.0,3.3,14.505122,21.11111,21.11111,2.0
resstock-amy2018-2021-release-1-330722,0.0,0.70976686,0.0,0.0,0.42284128,0.0,0.0,0.0,0.0,0.0,0.0,0.0,0.0,0.0,0.0,0.0,0.0,0.0,13.5,0.0,-0.0,0.0,0.0,-0.0,0.0,-0.0,0.0,0.0,-0.0,0.0,4.4012313,0.70976686,0.0,0.34683496,0.7696762,0.20805633,0.43683493,0.0,0.0,0.0,0.2703167,0.1383698,0.56755674,0.0,0.7696762,0.0,0.7696762,0.7696762,0.34683496,-0.0,3.3,14.892685,21.092592,21.092592,2.0
resstock-amy2018-2021-release-1-330722,0.0,0.7427017,0.0,0.0,0.4023285,0.0,0.0,0.0,0.0,0.0,0.0,0.0,0.0,0.0,0.0,0.0,0.0,0.0,13.5,0.0,-0.0,0.0,0.0,-0.0,0.0,-0.0,0.0,0.0,-0.0,0.0,4.4012313,0.7427017,0.0,0.41973948,0.7797685,0.221473,0.4586501,0.0,0.0,0.0,0.28402403,0.1383698,0.5881875,0.0,0.7797685,0.0,0.7797685,0.822068,0.41973948,-0.042299457,7.2,16.213652,20.0,20.0,2.0
resstock-amy2018-2021-release-1-330722,0.0,0.75920767,0.0,0.0,0.39338708,0.0,0.0,0.0,0.0,0.0,0.0,0.0,0.0,0.0,0.0,0.0,0.0,0.0,13.5,0.0,-0.0,0.0,0.0,-0.0,0.0,-0.0,0.0,0.0,-0.0,0.0,4.4012313,0.75920767,0.0,0.41937828,0.71812105,0.20939946,0.43303183,0.0,0.0,0.0,0.29159355,0.1383698,0.6030067,0.0,0.71812105,0.0,0.71812105,0.81276536,0.41937828,-0.09464428,8.9,16.736902,20.0,20.0,2.0
resstock-amy2018-2021-release-1-330722,0.0,0.77071196,0.0,0.0,0.3876014,0.0,0.0,0.0,0.0,0.0,0.0,0.0,0.0,0.0,0.0,0.0,0.0,0.0,13.5,0.0,-0.0,0.0,0.0,-0.0,0.0,-0.0,0.0,0.0,-0.0,0.0,4.4012313,0.77071196,0.0,0.4168911,0.6856111,0.19988672,0.4191871,0.0,0.0,0.0,0.29154533,0.1383698,0.6114065,0.0,0.6856111,0.0,0.6856111,0.8044925,0.4168911,-0.118881315,10.0,17.340458,20.0,20.0,2.0
resstock-amy2018-2021-release-1-330722,0.0,0.7899302,0.0,0.0,0.37865993,0.0,0.0,0.0,0.0,0.0,0.0,0.0,0.0,0.0,0.0,0.0,0.0,0.0,13.5,0.0,-0.0,0.0,0.0,-0.0,0.0,-0.0,0.0,0.0,-0.0,0.0,4.4012313,0.7899302,0.0,0.41852418,0.6829883,0.18617216,0.42470524,0.0,0.0,0.0,0.2725847,0.1383698,0.62183386,0.0,0.6829883,0.0,0.6829883,0.7971841,0.41852418,-0.11419582,11.7,17.963253,20.0,20.0,2.0
resstock-amy2018-2021-release-1-330722,0.0,0.7959474,0.38465512,0.0,0.3760301,0.40951505,0.0,0.0,0.0,0.0,0.0,0.0,0.0,0.0,0.0,0.0,0.0,0.0,13.5,0.0,-0.0,0.0,0.0,-0.0,0.0,-0.0,0.0,0.0,-0.0,0.0,4.4012313,0.7959474,0.0,0.4986313,1.1777586,0.3240107,0.7432456,0.0,0.0,0.0,0.27510792,0.1383698,0.6310679,0.0,1.1777586,0.0,1.1777586,1.2841765,0.4986313,-0.10641788,12.2,18.482327,20.018518,20.018518,2.0
resstock-amy2018-2021-release-1-330722,0.0,0.803405,0.0,0.0,0.3728743,0.0,0.0,0.0,0.0,0.0,0.0,0.0,0.0,0.0,0.0,0.0,0.0,0.0,13.5,0.0,-0.0,0.0,0.0,-0.0,0.0,-0.0,0.0,0.0,-0.0,0.0,4.4012313,0.803405,0.0,0.42409346,0.66917384,0.18342566,0.42300087,0.0,0.0,0.0,0.27410764,0.1383698,0.63212407,0.0,0.66917384,0.0,0.66917384,0.79696774,0.42409346,-0.12779392,12.8,19.028704,21.11111,21.11111,2.0
resstock-amy2018-2021-release-1-330722,0.0,0.803405,0.0,0.0,0.3728743,0.0,0.0,0.0,0.0,0.0,0.0,0.0,0.0,0.0,0.0,0.0,0.0,0.0,13.5,0.0,-0.0,0.0,0.0,-0.0,0.0,-0.0,0.0,0.0,-0.0,0.0,4.4012313,0.803405,0.0,0.49452254,0.77216494,0.21571484,0.48221764,0.0,0.0,0.0,0.2793637,0.1383698,0.6245008,0.0,0.77216494,0.0,0.77216494,0.86739683,0.49452254,-0.095231906,12.8,19.666718,21.11111,21.11111,2.0
resstock-amy2018-2021-release-1-330722,0.0,0.80982697,0.0,0.0,0.37024447,0.0,0.0,0.0,0.0,0.0,0.0,0.0,0.0,0.0,0.0,0.0,0.0,0.0,13.5,0.0,-0.0,0.0,0.0,-0.0,0.0,-0.0,0.0,0.0,-0.0,0.0,4.4012313,0.80982697,0.0,0.6157973,0.93469584,0.26539737,0.57145464,0.0,0.0,0.0,0.2839398,0.1383698,0.61138034,0.0,0.93469584,0.0,0.93469584,0.9860418,0.6157973,-0.051345963,13.3,20.306059,21.11111,21.11111,2.0
resstock-amy2018-2021-release-1-330722,0.0,0.803405,1.1539522,0.0,0.3728743,1.2285312,0.0,0.0,0.0,0.0,0.0,0.0,0.0,0.0,0.0,0.0,0.0,0.0,13.5,0.0,-0.0,0.0,0.0,-0.0,0.0,-0.0,0.0,0.0,-0.0,0.0,4.4012313,0.803405,0.0,0.62317497,2.203763,0.65309805,1.3279948,0.0,0.0,0.0,0.29635584,0.1383698,0.60260326,0.0,2.203763,0.0,2.203763,2.2245805,0.62317497,-0.020817602,12.8,20.720486,21.097221,21.097221,2.0
resstock-amy2018-2021-release-1-330722,0.99691015,0.7959474,0.76930434,0.0,0.3760301,0.8190238,0.0,0.0,0.0,0.0,0.0,0.0,0.0,0.0,0.0,0.0,0.0,0.0,13.5,0.0,-0.0,0.0,0.0,-0.0,0.0,-0.0,0.0,0.0,-0.0,0.0,4.4012313,0.7959474,0.0,1.2212723,2.4156408,0.75952786,1.4458512,0.0,0.0,0.0,0.31442085,0.1383698,0.5985373,0.0,2.4156408,0.0,2.4156408,2.4163263,1.2212723,-0.0006854112,12.2,21.027111,20.0,20.0,2.0
resstock-amy2018-2021-release-1-330722,0.907718,0.7959474,3.0772438,0.0,0.3760301,3.2761235,0.0,0.0,0.0,0.0,0.0,0.0,0.0,0.0,0.0,0.0,0.0,0.0,13.5,0.0,-0.0,0.0,0.0,-0.0,0.0,-0.0,0.0,0.0,-0.0,0.0,4.4012313,0.7959474,0.0,1.277554,4.9297075,1.5949875,2.9114292,0.0,0.0,0.0,0.32354608,0.1383698,0.5905886,0.0,4.9297075,0.0,4.9297075,4.9297075,1.277554,-0.0,12.2,21.463684,20.0,20.0,2.0
resstock-amy2018-2021-release-1-330722,0.48832914,0.7899302,1.5386175,0.0,0.37865993,1.638057,0.0,0.0,0.0,0.0,0.0,0.0,0.0,0.0,0.0,0.0,0.0,0.0,13.5,0.0,-0.0,0.0,0.0,-0.0,0.0,-0.0,0.0,0.0,-0.0,0.0,4.4012313,0.7899302,0.0,0.8488175,2.8655343,0.92742044,1.6219969,0.0,0.0,0.0,0.3236466,0.1383698,0.56603646,0.0,2.8655343,0.0,2.8655343,2.8655343,0.8488175,-0.0,11.7,21.517387,20.0,20.0,2.0
resstock-amy2018-2021-release-1-330722,0.0,0.7899302,0.2268528,0.0,0.37865993,0.2415141,0.0,0.0,0.0,0.0,0.0,0.0,0.0,0.0,0.0,0.0,0.0,0.0,13.5,0.0,-0.0,0.0,0.0,-0.0,0.0,-0.0,0.0,0.0,-0.0,0.0,4.4012313,0.7899302,0.0,1.1834266,1.8036007,0.55532634,0.989649,0.0,0.0,0.0,0.30789873,0.1383698,0.54870737,0.0,1.8036007,0.0,1.8036007,1.8036007,1.1834266,-0.0,11.7,21.525309,20.569445,20.569445,2.0
resstock-amy2018-2021-release-1-330722,0.0,0.7899302,0.0,0.0,0.37865993,0.0,0.0,0.0,0.0,0.0,0.0,0.0,0.0,0.0,0.0,0.0,0.0,0.0,13.5,0.0,-0.0,0.0,0.0,-0.0,0.0,-0.0,0.0,0.0,-0.0,0.0,4.4012313,0.7899302,0.0,0.6273819,1.0060419,0.30025178,0.5472493,0.0,0.0,0.0,0.2984486,0.1383698,0.5439628,0.0,1.0060419,0.0,1.0060419,1.0060419,0.6273819,-0.0,11.7,21.344084,21.393518,21.393518,2.0
resstock-amy2018-2021-release-1-330722,0.0,0.7829354,0.0,0.0,0.38181576,0.0,0.0,0.0,0.0,0.0,0.0,0.0,0.0,0.0,0.0,0.0,0.0,0.0,13.5,0.0,-0.0,0.0,0.0,-0.0,0.0,-0.0,0.0,0.0,-0.0,0.0,4.4012313,0.7829354,0.0,0.49628696,0.8781027,0.2597867,0.48098502,0.0,0.0,0.0,0.29585,0.1383698,0.5477548,0.0,0.8781027,0.0,0.8781027,0.8781027,0.49628696,-0.0,11.1,21.03336,21.657408,21.657408,2.0
resstock-amy2018-2021-release-1-330722,0.0,0.7772859,0.0,0.0,0.3844456,0.0,0.0,0.0,0.0,0.0,0.0,0.0,0.0,0.0,0.0,0.0,0.0,0.0,13.5,0.0,-0.0,0.0,0.0,-0.0,0.0,-0.0,0.0,0.0,-0.0,0.0,4.4012313,0.7772859,0.0,0.46192965,0.8463752,0.24527852,0.461869,0.0,0.0,0.0,0.2897988,0.1383698,0.5457024,0.0,0.8463752,0.0,0.8463752,0.8463752,0.46192965,-0.0,10.6,20.669674,21.11111,21.11111,2.0
resstock-amy2018-2021-release-1-330722,0.0,0.77071196,0.0,0.0,0.3876014,0.0,0.0,0.0,0.0,0.0,0.0,0.0,0.0,0.0,0.0,0.0,0.0,0.0,13.5,0.0,-0.0,0.0,0.0,-0.0,0.0,-0.0,0.0,0.0,-0.0,0.0,4.4012313,0.77071196,0.0,0.34643605,0.73403746,0.21609035,0.39006928,0.0,0.0,0.0,0.294386,0.1383698,0.5314024,0.0,0.73403746,0.0,0.73403746,0.73403746,0.34643605,-0.0,10.0,20.238392,21.11111,21.11111,2.0
resstock-amy2018-2021-release-1-330722,0.0,0.77071196,0.0,0.0,0.3876014,0.0,0.0,0.0,0.0,0.0,0.0,0.0,0.0,0.0,0.0,0.0,0.0,0.0,13.5,0.0,-0.0,0.0,0.0,-0.0,0.0,-0.0,0.0,0.0,-0.0,0.0,4.4012313,0.77071196,0.0,0.34443307,0.73203444,0.21018684,0.4058009,0.0,0.0,0.0,0.287127,0.1383698,0.55434674,0.0,0.73203444,0.0,0.73203444,0.73203444,0.34443307,-0.0,10.0,19.727184,21.11111,21.11111,2.0
resstock-amy2018-2021-release-1-330722,0.0,0.77071196,0.0,0.0,0.3876014,0.0,0.0,0.0,0.0,0.0,0.0,0.0,0.0,0.0,0.0,0.0,0.0,0.0,13.5,0.0,-0.0,0.0,0.0,-0.0,0.0,-0.0,0.0,0.0,-0.0,0.0,4.4012313,0.77071196,0.0,0.34260106,0.73020244,0.20958066,0.41016,0.0,0.0,0.0,0.2870172,0.1383698,0.56170726,0.0,0.73020244,0.0,0.73020244,0.73020244,0.34260106,-0.0,10.0,19.23858,21.11111,21.11111,2.0
resstock-amy2018-2021-release-1-330722,0.0,0.77952653,0.0,0.0,0.38339368,0.0,0.0,0.0,0.0,0.0,0.0,0.0,0.0,0.0,0.0,0.0,0.0,0.0,13.5,0.0,-0.0,0.0,0.0,-0.0,0.0,-0.0,0.0,0.0,-0.0,0.0,4.4012313,0.77952653,0.0,0.34071207,0.7241057,0.19791895,0.41173524,0.0,0.0,0.0,0.2733288,0.1383698,0.56861204,0.0,0.7241057,0.0,0.7241057,0.7241057,0.34071207,-0.0,10.8,19.002052,21.11111,21.11111,2.0
resstock-amy2018-2021-release-1-330722,0.0,0.77071196,0.0,0.0,0.3876014,0.0,0.0,0.0,0.0,0.0,0.0,0.0,0.0,0.0,0.0,0.0,0.0,0.0,13.5,0.0,-0.0,0.0,0.0,-0.0,0.0,-0.0,0.0,0.0,-0.0,0.0,4.4012313,0.77071196,0.0,0.3387091,0.7263105,0.19823803,0.41507116,0.0,0.0,0.0,0.2729384,0.1383698,0.57147896,0.0,0.7263105,0.0,0.7263105,0.7263105,0.3387091,-0.0,10.0,18.508198,21.11111,21.11111,2.0
resstock-amy2018-2021-release-1-330722,0.0,0.77071196,0.0,0.0,0.3876014,0.0,0.0,0.0,0.0,0.0,0.0,0.0,0.0,0.0,0.0,0.0,0.0,0.0,13.5,0.0,-0.0,0.0,0.0,-0.0,0.0,-0.0,0.0,0.0,-0.0,0.0,4.4012313,0.77071196,0.0,0.33888006,0.72648144,0.19730975,0.415475,0.0,0.0,0.0,0.2715964,0.1383698,0.57190037,0.0,0.72648144,0.0,0.72648144,0.72648144,0.33888006,-0.0,10.0,18.36694,21.11111,21.11111,2.0
resstock-amy2018-2021-release-1-330722,0.0,0.77071196,0.0,0.0,0.3876014,0.0,0.0,0.0,0.0,0.0,0.0,0.0,0.0,0.0,0.0,0.0,0.0,0.0,13.5,0.0,-0.0,0.0,0.0,-0.0,0.0,-0.0,0.0,0.0,-0.0,0.0,4.4012313,0.77071196,0.0,0.39273483,0.78033626,0.22400802,0.44263366,0.0,0.0,0.0,0.287066,0.1383698,0.5672345,0.0,0.78033626,0.0,0.78033626,0.78033626,0.39273483,-0.0,10.0,18.244663,21.11111,21.11111,2.0
resstock-amy2018-2021-release-1-330722,0.0,0.77071196,0.0,0.0,0.3876014,0.0,0.0,0.0,0.0,0.0,0.0,0.0,0.0,0.0,0.0,0.0,0.0,0.0,13.5,0.0,-0.0,0.0,0.0,-0.0,0.0,-0.0,0.0,0.0,-0.0,0.0,4.4012313,0.77071196,0.0,0.4832653,0.8708667,0.27180022,0.49221992,0.0,0.0,0.0,0.31210312,0.1383698,0.56520694,0.0,0.8708667,0.0,0.8708667,0.8708667,0.4832653,-0.0,10.0,18.360664,21.097221,21.097221,2.0
resstock-amy2018-2021-release-1-330722,0.47661114,0.77071196,1.6039705,0.0,0.3876014,1.7076337,0.0,0.0,0.0,0.0,0.0,0.0,0.0,0.0,0.0,0.0,0.0,0.0,13.5,0.0,-0.0,0.0,0.0,-0.0,0.0,-0.0,0.0,0.0,-0.0,0.0,4.4012313,0.77071196,0.0,0.49155286,2.564766,0.7894503,1.458977,0.0,0.0,0.0,0.307806,0.1383698,0.56885386,0.0,2.564766,0.0,2.564766,2.586788,0.49155286,-0.02202201,10.0,18.53263,19.907408,19.907408,2.0
resstock-amy2018-2021-release-1-330722,0.0,0.7772859,0.0,0.0,0.3844456,0.0,0.0,0.0,0.0,0.0,0.0,0.0,0.0,0.0,0.0,0.0,0.0,0.0,13.5,0.0,-0.0,0.0,0.0,-0.0,0.0,-0.0,0.0,0.0,-0.0,0.0,4.4012313,0.7772859,0.0,0.4914573,0.83686537,0.26247245,0.49097258,0.0,0.0,0.0,0.3136376,0.1383698,0.5866805,0.0,0.83686537,0.0,0.83686537,0.8759029,0.4914573,-0.039037522,10.6,18.777998,20.555555,20.555555,2.0
resstock-amy2018-2021-release-1-330722,0.0,0.7959474,0.0,0.0,0.3760301,0.0,0.0,0.0,0.0,0.0,0.0,0.0,0.0,0.0,0.0,0.0,0.0,0.0,13.5,0.0,-0.0,0.0,0.0,-0.0,0.0,-0.0,0.0,0.0,-0.0,0.0,4.4012313,0.7959474,0.0,0.4168911,0.66197705,0.20787126,0.40137693,0.0,0.0,0.0,0.3140158,0.1383698,0.6063306,0.0,0.66197705,0.0,0.66197705,0.7929212,0.4168911,-0.1309441,12.2,19.086891,20.555555,20.555555,2.0
resstock-amy2018-2021-release-1-330722,0.0,0.80982697,0.7696191,0.0,0.37024447,0.81935894,0.0,0.0,0.0,0.0,0.0,0.0,0.0,0.0,0.0,0.0,0.0,0.0,13.5,0.0,-0.0,0.0,0.0,-0.0,0.0,-0.0,0.0,0.0,-0.0,0.0,4.4012313,0.80982697,0.0,0.4914671,1.4846969,0.4662183,0.91267055,0.0,0.0,0.0,0.3140158,0.1383698,0.61471844,0.0,1.4846969,0.0,1.4846969,1.6810704,0.4914671,-0.1963736,13.3,19.611324,21.11111,21.11111,2.0
resstock-amy2018-2021-release-1-330722,0.0,0.80982697,0.0,0.0,0.37024447,0.0,0.0,0.0,0.0,0.0,0.0,0.0,0.0,0.0,0.0,0.0,0.0,0.0,13.5,0.0,-0.0,0.0,0.0,-0.0,0.0,-0.0,0.0,0.0,-0.0,0.0,4.4012313,0.80982697,0.0,0.4986313,0.64936703,0.20494933,0.4023566,0.0,0.0,0.0,0.315614,0.1383698,0.6196135,0.0,0.64936703,0.0,0.64936703,0.86887574,0.4986313,-0.2195087,13.3,19.956432,21.666666,21.666666,2.0
resstock-amy2018-2021-release-1-330722,0.0,0.81779486,0.7696182,0.0,0.36708868,0.819358,0.0,0.0,0.0,0.0,0.0,0.0,0.0,0.0,0.0,0.0,0.0,0.0,13.5,0.0,-0.0,0.0,0.0,-0.0,0.0,-0.0,0.0,0.0,-0.0,0.0,4.4012313,0.81779486,0.0,0.49877068,1.4879798,0.46650487,0.91880435,0.0,0.0,0.0,0.3135156,0.1383698,0.61748445,0.0,1.4879798,0.0,1.4879798,1.6852174,0.49877068,-0.1972376,13.9,20.548485,22.222221,22.222221,2.0
resstock-amy2018-2021-release-1-330722,0.0,0.8246639,0.0,0.0,0.36445883,0.0,0.0,0.0,0.0,0.0,0.0,0.0,0.0,0.0,0.0,0.0,0.0,0.0,13.5,0.0,-0.0,0.0,0.0,-0.0,0.0,-0.0,0.0,0.0,-0.0,0.0,4.4012313,0.8246639,0.0,0.49452254,0.6792486,0.20843041,0.41687438,0.0,0.0,0.0,0.3068544,0.1383698,0.61372876,0.0,0.6792486,0.0,0.6792486,0.8589814,0.49452254,-0.17973278,14.4,21.148106,22.222221,22.222221,2.0
resstock-amy2018-2021-release-1-330722,0.0,0.81779486,0.0,0.0,0.36708868,0.0,0.0,0.0,0.0,0.0,0.0,0.0,0.0,0.0,0.0,0.0,0.0,0.0,13.5,0.0,-0.0,0.0,0.0,-0.0,0.0,-0.0,0.0,0.0,-0.0,0.0,4.4012313,0.81779486,0.0,0.53647,0.83950984,0.26885304,0.51132214,0.0,0.0,0.0,0.32025,0.1383698,0.6090722,0.0,0.83950984,0.0,0.83950984,0.9035587,0.53647,-0.06404884,13.9,21.625572,22.777779,22.777779,2.0
resstock-amy2018-2021-release-1-330722,0.0,0.803405,0.0,0.0,0.3728743,0.0,0.0,0.0,0.0,0.0,0.0,0.0,0.0,0.0,0.0,0.0,0.0,0.0,13.5,0.0,-0.0,0.0,0.0,-0.0,0.0,-0.0,0.0,0.0,-0.0,0.0,4.4012313,0.803405,0.0,0.62317497,0.9808092,0.31848365,0.58020353,0.0,0.0,0.0,0.3247152,0.1383698,0.59155595,0.0,0.9808092,0.0,0.9808092,0.9960493,0.62317497,-0.015240043,12.8,21.941914,22.777779,22.777779,2.0
resstock-amy2018-2021-release-1-330722,0.0,0.77071196,0.0,0.0,0.3876014,0.0,0.0,0.0,0.0,0.0,0.0,0.0,0.0,0.0,0.0,0.0,0.0,0.0,13.5,0.0,-0.0,0.0,0.0,-0.0,0.0,-0.0,0.0,0.0,-0.0,0.0,4.4012313,0.77071196,0.0,0.6944981,1.0813377,0.38022903,0.6290384,0.0,0.0,0.0,0.3516284,0.1383698,0.58172244,0.0,1.0813377,0.0,1.0813377,1.0820996,0.6944981,-0.00076183,10.0,21.630348,22.222221,22.222221,2.0
resstock-amy2018-2021-release-1-330722,0.0,0.77071196,0.0,0.0,0.3876014,0.0,0.0,0.0,0.0,0.0,0.0,0.0,0.0,0.0,0.0,0.0,0.0,0.0,13.5,0.0,-0.0,0.0,0.0,-0.0,0.0,-0.0,0.0,0.0,-0.0,0.0,4.4012313,0.77071196,0.0,0.7420406,1.129642,0.426081,0.64784575,0.0,0.0,0.0,0.37718233,0.1383698,0.5734965,0.0,1.129642,0.0,1.129642,1.129642,0.7420406,-0.0,10.0,21.685055,22.222221,22.222221,2.0
resstock-amy2018-2021-release-1-330722,0.0,0.7772859,2.9101508,0.0,0.3844456,3.0982313,0.0,0.0,0.0,0.0,0.0,0.0,0.0,0.0,0.0,0.0,0.0,0.0,13.5,0.0,-0.0,0.0,0.0,-0.0,0.0,-0.0,0.0,0.0,-0.0,0.0,4.4012313,0.7772859,0.0,0.8121808,4.294858,1.6374146,2.4044821,0.0,0.0,0.0,0.38125,0.1383698,0.55985135,0.0,4.294858,0.0,4.294858,4.294858,0.8121808,-0.0,10.6,21.705296,22.222221,22.222221,2.0
resstock-amy2018-2021-release-1-330722,1.2173519,0.77071196,1.3863887,0.0,0.3876014,1.4759898,0.0,0.0,0.0,0.0,0.0,0.0,0.0,0.0,0.0,0.0,0.0,0.0,13.5,0.0,-0.0,0.0,0.0,-0.0,0.0,-0.0,0.0,0.0,-0.0,0.0,4.4012313,0.77071196,0.0,0.68064165,2.5442328,0.9001806,1.4018601,0.0,0.0,0.0,0.3538122,0.1383698,0.55099523,0.0,2.5442328,0.0,2.5442328,2.5442328,0.68064165,-0.0,10.0,21.410305,20.569445,20.569445,2.0
resstock-amy2018-2021-release-1-330722,0.0,0.76435184,0.0,0.0,0.3907572,0.0,0.0,0.0,0.0,0.0,0.0,0.0,0.0,0.0,0.0,0.0,0.0,0.0,13.5,0.0,-0.0,0.0,0.0,-0.0,0.0,-0.0,0.0,0.0,-0.0,0.0,4.4012313,0.76435184,0.0,0.44851446,0.83927166,0.28312176,0.45033237,0.0,0.0,0.0,0.3373422,0.1383698,0.5365752,0.0,0.83927166,0.0,0.83927166,0.83927166,0.44851446,-0.0,9.4,20.794209,21.11574,21.11574,2.0
resstock-amy2018-2021-release-1-330722,0.0,0.76435184,0.38480982,0.0,0.3907572,0.40967974,0.0,0.0,0.0,0.0,0.0,0.0,0.0,0.0,0.0,0.0,0.0,0.0,13.5,0.0,-0.0,0.0,0.0,-0.0,0.0,-0.0,0.0,0.0,-0.0,0.0,4.4012313,0.76435184,0.0,0.49628696,1.296724,0.41666803,0.6674504,0.0,0.0,0.0,0.3213236,0.1383698,0.5147205,0.0,1.296724,0.0,1.296724,1.296724,0.49628696,-0.0,9.4,20.657043,21.657408,21.657408,2.0
resstock-amy2018-2021-release-1-330722,0.0,0.7532134,0.0,0.0,0.39654285,0.0,0.0,0.0,0.0,0.0,0.0,0.0,0.0,0.0,0.0,0.0,0.0,0.0,13.5,0.0,-0.0,0.0,0.0,-0.0,0.0,-0.0,0.0,0.0,-0.0,0.0,4.4012313,0.7532134,0.0,0.42038545,0.81692827,0.25564134,0.39701116,0.0,0.0,0.0,0.31293,0.1383698,0.48598045,0.0,0.81692827,0.0,0.81692827,0.81692827,0.42038545,-0.0,8.3,20.180614,21.11111,21.11111,2.0
resstock-amy2018-2021-release-1-330722,0.0,0.7532134,0.0,0.0,0.39654285,0.0,0.0,0.0,0.0,0.0,0.0,0.0,0.0,0.0,0.0,0.0,0.0,0.0,13.5,0.0,-0.0,0.0,0.0,-0.0,0.0,-0.0,0.0,0.0,-0.0,0.0,4.4012313,0.7532134,0.0,0.37782818,0.774371,0.22418505,0.3763843,0.0,0.0,0.0,0.289506,0.1383698,0.48605162,0.0,0.774371,0.0,0.774371,0.774371,0.37782818,-0.0,8.3,19.759605,21.11111,21.11111,2.0
resstock-amy2018-2021-release-1-330722,0.0,0.7532134,2.0442095,0.0,0.39654285,2.176325,0.0,0.0,0.0,0.0,0.0,0.0,0.0,0.0,0.0,0.0,0.0,0.0,13.5,0.0,-0.0,0.0,0.0,-0.0,0.0,-0.0,0.0,0.0,-0.0,0.0,4.4012313,0.7532134,0.0,0.36772022,2.940588,0.8513178,1.2544659,0.0,0.0,0.0,0.289506,0.1383698,0.4266038,0.0,2.940588,0.0,2.940588,2.940588,0.36772022,-0.0,8.3,19.217915,21.11111,21.11111,2.0
resstock-amy2018-2021-release-1-330722,0.0,0.7483609,0.0,0.0,0.3991727,0.0,0.0,0.0,0.0,0.0,0.0,0.0,0.0,0.0,0.0,0.0,0.0,0.0,13.5,0.0,-0.0,0.0,0.0,-0.0,0.0,-0.0,0.0,0.0,-0.0,0.0,4.4012313,0.7483609,0.0,0.3619026,0.76107526,0.22163294,0.31490868,0.0,0.0,0.0,0.2912103,0.1383698,0.41376814,0.0,0.76107526,0.0,0.76107526,0.76107526,0.3619026,-0.0,7.8,18.58612,21.11111,21.11111,2.0
resstock-amy2018-2021-release-1-330722,0.0,0.7427017,0.0,0.0,0.4023285,0.0,0.0,0.0,0.0,0.0,0.0,0.0,0.0,0.0,0.0,0.0,0.0,0.0,13.5,0.0,-0.0,0.0,0.0,-0.0,0.0,-0.0,0.0,0.0,-0.0,0.0,4.4012313,0.7427017,0.0,0.34071207,0.74304056,0.20577765,0.30213264,0.0,0.0,0.0,0.27694,0.1383698,0.40661663,0.0,0.74304056,0.0,0.74304056,0.74304056,0.34071207,-0.0,7.2,17.983,21.11111,21.11111,2.0
resstock-amy2018-2021-release-1-330722,0.0,0.73811674,0.0,0.0,0.40495837,0.0,0.0,0.0,0.0,0.0,0.0,0.0,0.0,0.0,0.0,0.0,0.0,0.0,13.5,0.0,-0.0,0.0,0.0,-0.0,0.0,-0.0,0.0,0.0,-0.0,0.0,4.4012313,0.73811674,0.0,0.3387091,0.7436675,0.20359236,0.30274177,0.0,0.0,0.0,0.273768,0.1383698,0.4070929,0.0,0.7436675,0.0,0.7436675,0.7436675,0.3387091,-0.0,6.7,17.592026,21.11111,21.11111,2.0
resstock-amy2018-2021-release-1-330722,0.0,0.72842634,0.0,0.0,0.410744,0.0,0.0,0.0,0.0,0.0,0.0,0.0,0.0,0.0,0.0,0.0,0.0,0.0,13.5,0.0,-0.0,0.0,0.0,-0.0,0.0,-0.0,0.0,0.0,-0.0,0.0,4.4012313,0.72842634,0.0,0.3664817,0.77722573,0.22605453,0.3291539,0.0,0.0,0.0,0.290848,0.1383698,0.42349845,0.0,0.77722573,0.0,0.77722573,0.77722573,0.3664817,-0.0,5.6,17.375973,21.11111,21.11111,2.0
resstock-amy2018-2021-release-1-330722,0.0,0.72842634,1.8968542,0.0,0.410744,2.0194461,0.0,0.0,0.0,0.0,0.0,0.0,0.0,0.0,0.0,0.0,0.0,0.0,13.5,0.0,-0.0,0.0,0.0,-0.0,0.0,-0.0,0.0,0.0,-0.0,0.0,4.4012313,0.72842634,0.0,0.44252667,2.872717,0.91964513,1.3079547,0.0,0.0,0.0,0.3201308,0.1383698,0.45530233,0.0,2.872717,0.0,2.872717,2.872717,0.44252667,-0.0,5.6,17.469315,21.11111,21.11111,2.0
resstock-amy2018-2021-release-1-330722,0.0,0.7427017,4.1798625,0.0,0.4023285,4.4500036,0.0,0.0,0.0,0.0,0.0,0.0,0.0,0.0,0.0,0.0,0.0,0.0,13.5,0.0,-0.0,0.0,0.0,-0.0,0.0,-0.0,0.0,0.0,-0.0,0.0,4.4012313,0.7427017,0.0,0.5514805,5.4038124,1.9677745,2.6458032,0.0,0.0,0.0,0.3641456,0.1383698,0.48961788,0.0,5.4038124,0.0,5.4038124,5.4038124,0.5514805,-0.0,7.2,17.77929,21.097221,21.097221,2.0
resstock-amy2018-2021-release-1-330722,0.0,0.76435184,0.24306098,0.0,0.3907572,0.2587698,0.0,0.0,0.0,0.0,0.0,0.0,0.0,0.0,0.0,0.0,0.0,0.0,13.5,0.0,-0.0,0.0,0.0,-0.0,0.0,-0.0,0.0,0.0,-0.0,0.0,4.4012313,0.76435184,0.0,0.98791623,1.6037352,0.6408941,0.767952,0.0,0.0,0.0,0.3996259,0.1383698,0.47885212,0.0,1.6037352,0.0,1.6037352,1.6374433,0.98791623,-0.033708084,9.4,18.188719,19.907408,19.907408,2.0
resstock-amy2018-2021-release-1-330722,0.0,0.7772859,0.0,0.0,0.3844456,0.0,0.0,0.0,0.0,0.0,0.0,0.0,0.0,0.0,0.0,0.0,0.0,0.0,13.5,0.0,-0.0,0.0,0.0,-0.0,0.0,-0.0,0.0,0.0,-0.0,0.0,4.4012313,0.7772859,0.0,0.41937828,0.7095623,0.28124508,0.34092662,0.0,0.0,0.0,0.39636418,0.1383698,0.48047453,0.0,0.7095623,0.0,0.7095623,0.8038239,0.41937828,-0.09426159,10.6,18.210419,20.0,20.0,2.0
resstock-amy2018-2021-release-1-330722,0.0,0.7829354,0.3849541,0.0,0.38181576,0.40983334,0.0,0.0,0.0,0.0,0.0,0.0,0.0,0.0,0.0,0.0,0.0,0.0,13.5,0.0,-0.0,0.0,0.0,-0.0,0.0,-0.0,0.0,0.0,-0.0,0.0,4.4012313,0.7829354,0.0,0.4168911,1.0340133,0.38269025,0.5075881,0.0,0.0,0.0,0.37010187,0.1383698,0.49089128,0.0,1.0340133,0.0,1.0340133,1.2085402,0.4168911,-0.17452694,11.1,18.604572,20.0,20.0,2.0
resstock-amy2018-2021-release-1-330722,0.0,0.7829354,0.0,0.0,0.38181576,0.0,0.0,0.0,0.0,0.0,0.0,0.0,0.0,0.0,0.0,0.0,0.0,0.0,13.5,0.0,-0.0,0.0,0.0,-0.0,0.0,-0.0,0.0,0.0,-0.0,0.0,4.4012313,0.7829354,0.0,0.4914671,0.67139095,0.2367541,0.3301276,0.0,0.0,0.0,0.35263225,0.1383698,0.49170694,0.0,0.67139095,0.0,0.67139095,0.87328285,0.4914671,-0.20189188,11.1,19.03008,20.555555,20.555555,2.0
resstock-amy2018-2021-release-1-330722,0.0,0.7829354,0.0,0.0,0.38181576,0.0,0.0,0.0,0.0,0.0,0.0,0.0,0.0,0.0,0.0,0.0,0.0,0.0,13.5,0.0,-0.0,0.0,0.0,-0.0,0.0,-0.0,0.0,0.0,-0.0,0.0,4.4012313,0.7829354,0.0,0.5733528,0.7200693,0.24753414,0.35289487,0.0,0.0,0.0,0.34376433,0.1383698,0.49008462,0.0,0.7200693,0.0,0.7200693,0.9551686,0.5733528,-0.23509935,11.1,19.584278,21.11111,21.11111,2.0
resstock-amy2018-2021-release-1-330722,0.0,0.7899302,0.0,0.0,0.37865993,0.0,0.0,0.0,0.0,0.0,0.0,0.0,0.0,0.0,0.0,0.0,0.0,0.0,13.5,0.0,-0.0,0.0,0.0,-0.0,0.0,-0.0,0.0,0.0,-0.0,0.0,4.4012313,0.7899302,0.0,0.49877068,0.65007234,0.2228678,0.32147983,0.0,0.0,0.0,0.3428354,0.1383698,0.49452934,0.0,0.65007234,0.0,0.65007234,0.8774306,0.49877068,-0.22735827,11.7,19.85387,21.11111,21.11111,2.0
resstock-amy2018-2021-release-1-330722,0.0,0.7959474,1.713203,0.0,0.3760301,1.8239257,0.0,0.0,0.0,0.0,0.0,0.0,0.0,0.0,0.0,0.0,0.0,0.0,13.5,0.0,-0.0,0.0,0.0,-0.0,0.0,-0.0,0.0,0.0,-0.0,0.0,4.4012313,0.7959474,0.0,0.49452254,2.5045571,0.863884,1.2506621,0.0,0.0,0.0,0.34492484,0.1383698,0.4993546,0.0,2.5045571,0.0,2.5045571,2.6944785,0.49452254,-0.18992127,12.2,20.407444,21.666666,21.666666,2.0
resstock-amy2018-2021-release-1-330722,0.0,0.803405,0.26575515,0.0,0.3728743,0.28293067,0.0,0.0,0.0,0.0,0.0,0.0,0.0,0.0,0.0,0.0,0.0,0.0,13.5,0.0,-0.0,0.0,0.0,-0.0,0.0,-0.0,0.0,0.0,-0.0,0.0,4.4012313,0.803405,0.0,0.6157973,1.1179445,0.39756095,0.558445,0.0,0.0,0.0,0.3556178,0.1383698,0.49952835,0.0,1.1179445,0.0,1.1179445,1.2716023,0.6157973,-0.15365781,12.8,21.15046,22.222221,22.222221,2.0
resstock-amy2018-2021-release-1-330722,0.0,0.803405,0.0,0.0,0.3728743,0.0,0.0,0.0,0.0,0.0,0.0,0.0,0.0,0.0,0.0,0.0,0.0,0.0,13.5,0.0,-0.0,0.0,0.0,-0.0,0.0,-0.0,0.0,0.0,-0.0,0.0,4.4012313,0.803405,0.0,0.5333524,0.8250786,0.29904056,0.41463494,0.0,0.0,0.0,0.36243886,0.1383698,0.50253993,0.0,0.8250786,0.0,0.8250786,0.90622663,0.5333524,-0.08114804,12.8,21.489471,22.222221,22.222221,2.0
resstock-amy2018-2021-release-1-330722,0.1470981,0.7899302,2.1727302,0.0,0.37865993,2.3131518,0.0,0.0,0.0,0.0,0.0,0.0,0.0,0.0,0.0,0.0,0.0,0.0,13.5,0.0,-0.0,0.0,0.0,-0.0,0.0,-0.0,0.0,0.0,-0.0,0.0,4.4012313,0.7899302,0.0,2.5023952,5.189101,2.0346966,2.626549,0.0,0.0,0.0,0.39210963,0.1383698,0.50616646,0.0,5.189101,0.0,5.189101,5.1942067,2.5023952,-0.0051055956,11.7,21.619186,22.222221,22.222221,2.0
resstock-amy2018-2021-release-1-330722,0.0,0.7959474,0.0,0.0,0.3760301,0.0,0.0,0.0,0.0,0.0,0.0,0.0,0.0,0.0,0.0,0.0,0.0,0.0,13.5,0.0,-0.0,0.0,0.0,-0.0,0.0,-0.0,0.0,0.0,-0.0,0.0,4.4012313,0.7959474,0.0,0.8673652,1.2433953,0.4862862,0.63126004,0.0,0.0,0.0,0.3910954,0.1383698,0.50769055,0.0,1.2433953,0.0,1.2433953,1.2433953,0.8673652,-0.0,12.2,22.123684,22.222221,22.222221,2.0
resstock-amy2018-2021-release-1-330722,0.0,0.7772859,0.38495398,0.0,0.3844456,0.40983322,0.0,0.0,0.0,0.0,0.0,0.0,0.0,0.0,0.0,0.0,0.0,0.0,13.5,0.0,-0.0,0.0,0.0,-0.0,0.0,-0.0,0.0,0.0,-0.0,0.0,4.4012313,0.7772859,0.0,0.72727084,1.5215497,0.5488867,0.7782272,0.0,0.0,0.0,0.36074188,0.1383698,0.51147014,0.0,1.5215497,0.0,1.5215497,1.5215497,0.72727084,-0.0,10.6,21.791542,22.222221,22.222221,2.0
resstock-amy2018-2021-release-1-330722,1.0496039,0.76435184,0.0,0.0,0.3907572,0.0,0.0,0.0,0.0,0.0,0.0,0.0,0.0,0.0,0.0,0.0,0.0,0.0,13.5,0.0,-0.0,0.0,0.0,-0.0,0.0,-0.0,0.0,0.0,-0.0,0.0,4.4012313,0.76435184,0.0,0.68064165,1.0713989,0.36272207,0.5572744,0.0,0.0,0.0,0.33855,0.1383698,0.5201372,0.0,1.0713989,0.0,1.0713989,1.0713989,0.68064165,-0.0,9.4,21.433434,20.564816,20.564816,2.0
resstock-amy2018-2021-release-1-330722,0.23744072,0.75920767,1.2765422,0.0,0.39338708,1.359044,0.0,0.0,0.0,0.0,0.0,0.0,0.0,0.0,0.0,0.0,0.0,0.0,13.5,0.0,-0.0,0.0,0.0,-0.0,0.0,-0.0,0.0,0.0,-0.0,0.0,4.4012313,0.75920767,0.0,0.44851446,2.2009454,0.7115925,1.1665002,0.0,0.0,0.0,0.3233122,0.1383698,0.5299996,0.0,2.2009454,0.0,2.2009454,2.2009454,0.44851446,-0.0,8.9,21.105984,21.11574,21.11574,2.0
resstock-amy2018-2021-release-1-330722,0.0,0.7483609,1.5398116,0.0,0.3991727,1.6393284,0.0,0.0,0.0,0.0,0.0,0.0,0.0,0.0,0.0,0.0,0.0,0.0,13.5,0.0,-0.0,0.0,0.0,-0.0,0.0,-0.0,0.0,0.0,-0.0,0.0,4.4012313,0.7483609,0.0,0.4255669,2.464068,0.7901098,1.3433847,0.0,0.0,0.0,0.3206526,0.1383698,0.5451898,0.0,2.464068,0.0,2.464068,2.464068,0.4255669,-0.0,7.8,20.651917,21.662037,21.662037,2.0
resstock-amy2018-2021-release-1-330722,0.0,0.7483609,0.0,0.0,0.3991727,0.0,0.0,0.0,0.0,0.0,0.0,0.0,0.0,0.0,0.0,0.0,0.0,0.0,13.5,0.0,-0.0,0.0,0.0,-0.0,0.0,-0.0,0.0,0.0,-0.0,0.0,4.4012313,0.7483609,0.0,0.37884125,0.77801394,0.23997092,0.43200356,0.0,0.0,0.0,0.3084404,0.1383698,0.55526453,0.0,0.77801394,0.0,0.77801394,0.77801394,0.37884125,-0.0,7.8,20.218548,21.11111,21.11111,2.0
resstock-amy2018-2021-release-1-330722,0.0,0.73811674,0.0,0.0,0.40495837,0.0,0.0,0.0,0.0,0.0,0.0,0.0,0.0,0.0,0.0,0.0,0.0,0.0,13.5,0.0,-0.0,0.0,0.0,-0.0,0.0,-0.0,0.0,0.0,-0.0,0.0,4.4012313,0.73811674,0.0,0.34643605,0.7513944,0.22644351,0.42248428,0.0,0.0,0.0,0.3013644,0.1383698,0.562267,0.0,0.7513944,0.0,0.7513944,0.7513944,0.34643605,-0.0,6.7,19.494703,21.11111,21.11111,2.0
resstock-amy2018-2021-release-1-330722,0.0,0.75350857,0.0,0.0,0.39638507,0.0,0.0,0.0,0.0,0.0,0.0,0.0,0.0,0.0,0.0,0.0,0.0,0.0,13.5,0.0,-0.0,0.0,0.0,-0.0,0.0,-0.0,0.0,0.0,-0.0,0.0,4.4012313,0.75350857,0.0,0.34443307,0.74081814,0.21269985,0.42158014,0.0,0.0,0.0,0.2871148,0.1383698,0.56907374,0.0,0.74081814,0.0,0.74081814,0.74081814,0.34443307,-0.0,8.33,19.067753,21.11111,21.11111,2.0
resstock-amy2018-2021-release-1-330722,0.0,0.7327653,0.0,0.0,0.40811417,0.0,0.0,0.0,0.0,0.0,0.0,0.0,0.0,0.0,0.0,0.0,0.0,0.0,13.5,0.0,-0.0,0.0,0.0,-0.0,0.0,-0.0,0.0,0.0,-0.0,0.0,4.4012313,0.7327653,0.0,0.34260106,0.75071526,0.21436913,0.4316465,0.0,0.0,0.0,0.2855532,0.1383698,0.5749803,0.0,0.75071526,0.0,0.75071526,0.75071526,0.34260106,-0.0,6.1,18.082195,21.11111,21.11111,2.0
resstock-amy2018-2021-release-1-330722,0.0,0.7305824,0.0,0.0,0.40942907,0.0,0.0,0.0,0.0,0.0,0.0,0.0,0.0,0.0,0.0,0.0,0.0,0.0,13.5,0.0,-0.0,0.0,0.0,-0.0,0.0,-0.0,0.0,0.0,-0.0,0.0,4.4012313,0.7305824,0.0,0.34071207,0.75014114,0.21454382,0.43514958,0.0,0.0,0.0,0.2860046,0.1383698,0.5800903,0.0,0.75014114,0.0,0.75014114,0.75014114,0.34071207,-0.0,5.85,17.405865,21.11111,21.11111,2.0
resstock-amy2018-2021-release-1-330722,0.0,0.72842634,0.0,0.0,0.410744,0.0,0.0,0.0,0.0,0.0,0.0,0.0,0.0,0.0,0.0,0.0,0.0,0.0,13.5,0.0,-0.0,0.0,0.0,-0.0,0.0,-0.0,0.0,0.0,-0.0,0.0,4.4012313,0.72842634,0.0,0.3387091,0.74945307,0.21452075,0.43824577,0.0,0.0,0.0,0.2862364,0.1383698,0.5847541,0.0,0.74945307,0.0,0.74945307,0.74945307,0.3387091,-0.0,5.6,17.032082,21.11111,21.11111,2.0
resstock-amy2018-2021-release-1-330722,0.0,0.7427017,1.3692456,0.0,0.4023285,1.4577389,0.0,0.0,0.0,0.0,0.0,0.0,0.0,0.0,0.0,0.0,0.0,0.0,13.5,0.0,-0.0,0.0,0.0,-0.0,0.0,-0.0,0.0,0.0,-0.0,0.0,4.4012313,0.7427017,0.0,0.3664817,2.2265491,0.6615768,1.2989714,0.0,0.0,0.0,0.297131,0.1383698,0.5834012,0.0,2.2265491,0.0,2.2265491,2.2265491,0.3664817,-0.0,7.2,17.250343,21.11111,21.11111,2.0
resstock-amy2018-2021-release-1-330722,0.0,0.7483609,6.6895504,0.0,0.3991727,7.1218905,0.0,0.0,0.0,0.0,0.0,0.0,0.0,0.0,0.0,0.0,0.0,0.0,13.5,0.0,-0.0,0.0,0.0,-0.0,0.0,-0.0,0.0,0.0,-0.0,0.0,4.4012313,0.7483609,0.0,0.44252667,7.9635897,2.488257,4.598283,0.0,0.0,0.0,0.3124542,0.1383698,0.5774133,0.0,7.9635897,0.0,7.9635897,7.9635897,0.44252667,-0.0,7.8,17.626362,21.11111,21.11111,2.0
resstock-amy2018-2021-release-1-330722,0.0,0.7427017,0.0,0.0,0.4023285,0.0,0.0,0.0,0.0,0.0,0.0,0.0,0.0,0.0,0.0,0.0,0.0,0.0,13.5,0.0,-0.0,0.0,0.0,-0.0,0.0,-0.0,0.0,0.0,-0.0,0.0,4.4012313,0.7427017,0.0,0.34683496,0.74916345,0.2581992,0.42872098,0.0,0.0,0.0,0.34465,0.1383698,0.5722663,0.0,0.74916345,0.0,0.74916345,0.74916345,0.34683496,-0.0,7.2,17.045763,21.101852,21.101852,2.0
resstock-amy2018-2021-release-1-330722,0.0,0.7532134,0.0,0.0,0.39654285,0.0,0.0,0.0,0.0,0.0,0.0,0.0,0.0,0.0,0.0,0.0,0.0,0.0,13.5,0.0,-0.0,0.0,0.0,-0.0,0.0,-0.0,0.0,0.0,-0.0,0.0,4.4012313,0.7532134,0.0,0.34792614,0.7366109,0.2843254,0.42239615,0.0,0.0,0.0,0.38599128,0.1383698,0.57343185,0.0,0.7366109,0.0,0.7366109,0.744469,0.34792614,-0.007858081,8.3,17.265265,19.939816,19.939816,2.0
resstock-amy2018-2021-release-1-330722,0.0,0.77071196,0.3850858,0.0,0.3876014,0.40997356,0.0,0.0,0.0,0.0,0.0,0.0,0.0,0.0,0.0,0.0,0.0,0.0,13.5,0.0,-0.0,0.0,0.0,-0.0,0.0,-0.0,0.0,0.0,-0.0,0.0,4.4012313,0.77071196,0.0,2.2993543,3.053552,1.1650921,1.7539167,0.0,0.0,0.0,0.38155308,0.1383698,0.57438576,0.0,3.053552,0.0,3.053552,3.0969293,2.2993543,-0.043377373,10.0,17.610565,20.555555,20.555555,2.0
resstock-amy2018-2021-release-1-330722,0.0,0.7959474,0.3850868,0.0,0.3760301,0.40997463,0.0,0.0,0.0,0.0,0.0,0.0,0.0,0.0,0.0,0.0,0.0,0.0,13.5,0.0,-0.0,0.0,0.0,-0.0,0.0,-0.0,0.0,0.0,-0.0,0.0,4.4012313,0.7959474,0.0,0.48825794,1.1890353,0.4252508,0.68308055,0.0,0.0,0.0,0.35764354,0.1383698,0.574483,0.0,1.1890353,0.0,1.1890353,1.2742627,0.48825794,-0.08522736,12.2,18.193954,20.555555,20.555555,2.0
resstock-amy2018-2021-release-1-330722,0.0,0.80982697,0.0,0.0,0.37024447,0.0,0.0,0.0,0.0,0.0,0.0,0.0,0.0,0.0,0.0,0.0,0.0,0.0,13.5,0.0,-0.0,0.0,0.0,-0.0,0.0,-0.0,0.0,0.0,-0.0,0.0,4.4012313,0.80982697,0.0,1.8172582,2.111431,0.73306566,1.214258,0.0,0.0,0.0,0.34718904,0.1383698,0.5750877,0.0,2.111431,0.0,2.111431,2.1875026,1.8172582,-0.07607174,13.3,18.613064,20.555555,20.555555,2.0
resstock-amy2018-2021-release-1-330722,0.24710806,0.8246639,0.20622206,0.0,0.36445883,0.21955001,0.0,0.0,0.0,0.0,0.0,0.0,0.0,0.0,0.0,0.0,0.0,0.0,13.5,0.0,-0.0,0.0,0.0,-0.0,0.0,-0.0,0.0,0.0,-0.0,0.0,4.4012313,0.8246639,0.0,1.0254055,1.563922,0.52469736,0.90073496,0.0,0.0,0.0,0.33550096,0.1383698,0.5759462,0.0,1.563922,0.0,1.563922,1.6094143,1.0254055,-0.04549228,14.4,19.054562,20.0,20.0,2.0
resstock-amy2018-2021-release-1-330722,0.0,0.81779486,0.13996165,0.0,0.36708868,0.14900725,0.0,0.0,0.0,0.0,0.0,0.0,0.0,0.0,0.0,0.0,0.0,0.0,13.5,0.0,-0.0,0.0,0.0,-0.0,0.0,-0.0,0.0,0.0,-0.0,0.0,4.4012313,0.81779486,0.0,0.6554857,1.1361709,0.37165263,0.6539605,0.0,0.0,0.0,0.3271098,0.1383698,0.5755829,0.0,1.1361709,0.0,1.1361709,1.1715816,0.6554857,-0.035410818,13.9,19.250666,20.0,20.0,2.0
resstock-amy2018-2021-release-1-330722,0.0,0.78640264,1.3077993,0.0,0.38023788,1.3923213,0.0,0.0,0.0,0.0,0.0,0.0,0.0,0.0,0.0,0.0,0.0,0.0,13.5,0.0,-0.0,0.0,0.0,-0.0,0.0,-0.0,0.0,0.0,-0.0,0.0,4.4012313,0.78640264,0.0,0.5669902,2.3215396,0.7869747,1.3235835,0.0,0.0,0.0,0.33898827,0.1383698,0.5701318,0.0,2.3215396,0.0,2.3215396,2.3395495,0.5669902,-0.018009821,11.4,18.996576,20.0,20.0,2.0
resstock-amy2018-2021-release-1-330722,0.0,0.7772859,0.6220631,0.0,0.3844456,0.6622665,0.0,0.0,0.0,0.0,0.0,0.0,0.0,0.0,0.0,0.0,0.0,0.0,13.5,0.0,-0.0,0.0,0.0,-0.0,0.0,-0.0,0.0,0.0,-0.0,0.0,4.4012313,0.7772859,0.0,0.62138,1.6430931,0.5822735,0.9288145,0.0,0.0,0.0,0.35437644,0.1383698,0.56528413,0.0,1.6430931,0.0,1.6430931,1.668092,0.62138,-0.024998907,10.6,18.86206,20.0,20.0,2.0
resstock-amy2018-2021-release-1-330722,0.5030384,0.7772859,0.2913247,0.0,0.3844456,0.31015277,0.0,0.0,0.0,0.0,0.0,0.0,0.0,0.0,0.0,0.0,0.0,0.0,13.5,0.0,-0.0,0.0,0.0,-0.0,0.0,-0.0,0.0,0.0,-0.0,0.0,4.4012313,0.7772859,0.0,2.373516,3.06495,1.1108532,1.7437472,0.0,0.0,0.0,0.3624376,0.1383698,0.5689317,0.0,3.06495,0.0,3.06495,3.0681145,2.373516,-0.0031644427,10.6,19.072186,19.444445,19.444445,2.0
resstock-amy2018-2021-release-1-330722,0.0,0.77071196,0.38508546,0.0,0.3876014,0.4099732,0.0,0.0,0.0,0.0,0.0,0.0,0.0,0.0,0.0,0.0,0.0,0.0,13.5,0.0,-0.0,0.0,0.0,-0.0,0.0,-0.0,0.0,0.0,-0.0,0.0,4.4012313,0.77071196,0.0,1.0081598,1.8053339,0.7103086,1.0452822,0.0,0.0,0.0,0.39345,0.1383698,0.57899666,0.0,1.8053339,0.0,1.8053339,1.8057343,1.0081598,-0.00040046423,10.0,18.931866,20.699074,20.699074,2.0
resstock-amy2018-2021-release-1-330722,0.0,0.77071196,0.0,0.0,0.3876014,0.0,0.0,0.0,0.0,0.0,0.0,0.0,0.0,0.0,0.0,0.0,0.0,0.0,13.5,0.0,-0.0,0.0,0.0,-0.0,0.0,-0.0,0.0,0.0,-0.0,0.0,4.4012313,0.77071196,0.0,0.7420406,1.129642,0.44445765,0.6531136,0.0,0.0,0.0,0.39345,0.1383698,0.5781598,0.0,1.129642,0.0,1.129642,1.129642,0.7420406,-0.0,10.0,19.53358,21.11111,21.11111,2.0
resstock-amy2018-2021-release-1-330722,0.0,0.7772859,0.0,0.0,0.3844456,0.0,0.0,0.0,0.0,0.0,0.0,0.0,0.0,0.0,0.0,0.0,0.0,0.0,13.5,0.0,-0.0,0.0,0.0,-0.0,0.0,-0.0,0.0,0.0,-0.0,0.0,4.4012313,0.7772859,0.0,2.535168,2.9196136,1.0774478,1.6385099,0.0,0.0,0.0,0.3690378,0.1383698,0.5612078,0.0,2.9196136,0.0,2.9196136,2.9196136,2.535168,-0.0,10.6,19.499886,21.11111,21.11111,2.0
resstock-amy2018-2021-release-1-330722,0.0,0.76910233,0.38507977,0.0,0.38839033,0.40996715,0.0,0.0,0.0,0.0,0.0,0.0,0.0,0.0,0.0,0.0,0.0,0.0,13.5,0.0,-0.0,0.0,0.0,-0.0,0.0,-0.0,0.0,0.0,-0.0,0.0,4.4012313,0.76910233,0.0,0.78717995,1.5855374,0.5542302,0.86542606,0.0,0.0,0.0,0.34955353,0.1383698,0.54582506,0.0,1.5855374,0.0,1.5855374,1.5855374,0.78717995,-0.0,9.85,19.668575,21.11111,21.11111,2.0
resstock-amy2018-2021-release-1-330722,0.0,0.77071196,0.3850869,0.0,0.3876014,0.40997472,0.0,0.0,0.0,0.0,0.0,0.0,0.0,0.0,0.0,0.0,0.0,0.0,13.5,0.0,-0.0,0.0,0.0,-0.0,0.0,-0.0,0.0,0.0,-0.0,0.0,4.4012313,0.77071196,0.0,0.7168157,1.5143918,0.48596317,0.815362,0.0,0.0,0.0,0.3208966,0.1383698,0.5384089,0.0,1.5143918,0.0,1.5143918,1.5143918,0.7168157,-0.0,10.0,19.599,21.11111,21.11111,2.0
resstock-amy2018-2021-release-1-330722,0.0,0.7650483,0.0,0.0,0.39040658,0.0,0.0,0.0,0.0,0.0,0.0,0.0,0.0,0.0,0.0,0.0,0.0,0.0,13.5,0.0,-0.0,0.0,0.0,-0.0,0.0,-0.0,0.0,0.0,-0.0,0.0,4.4012313,0.7650483,0.0,0.49628696,0.88669354,0.279312,0.48398483,0.0,0.0,0.0,0.315004,0.1383698,0.545831,0.0,0.88669354,0.0,0.88669354,0.88669354,0.49628696,-0.0,9.466666,19.426765,21.662037,21.662037,2.0
resstock-amy2018-2021-release-1-330722,0.0,0.7427017,0.0,0.0,0.4023285,0.0,0.0,0.0,0.0,0.0,0.0,0.0,0.0,0.0,0.0,0.0,0.0,0.0,13.5,0.0,-0.0,0.0,0.0,-0.0,0.0,-0.0,0.0,0.0,-0.0,0.0,4.4012313,0.7427017,0.0,0.37884125,0.7811698,0.2395243,0.43314308,0.0,0.0,0.0,0.3066226,0.1383698,0.5544801,0.0,0.7811698,0.0,0.7811698,0.7811698,0.37884125,-0.0,7.2,18.788616,21.11111,21.11111,2.0
resstock-amy2018-2021-release-1-330722,0.0,0.75920767,0.3852089,0.0,0.39338708,0.41010463,0.0,0.0,0.0,0.0,0.0,0.0,0.0,0.0,0.0,0.0,0.0,0.0,13.5,0.0,-0.0,0.0,0.0,-0.0,0.0,-0.0,0.0,0.0,-0.0,0.0,4.4012313,0.75920767,0.0,0.34643605,1.1499277,0.32623312,0.64454246,0.0,0.0,0.0,0.2836988,0.1383698,0.56050694,0.0,1.1499277,0.0,1.1499277,1.1499277,0.34643605,-0.0,8.9,18.481604,21.11111,21.11111,2.0
resstock-amy2018-2021-release-1-330722,0.0,0.76435184,0.0,0.0,0.3907572,0.0,0.0,0.0,0.0,0.0,0.0,0.0,0.0,0.0,0.0,0.0,0.0,0.0,13.5,0.0,-0.0,0.0,0.0,-0.0,0.0,-0.0,0.0,0.0,-0.0,0.0,4.4012313,0.76435184,0.0,0.34443307,0.7351903,0.20528983,0.41118407,0.0,0.0,0.0,0.2792336,0.1383698,0.55928934,0.0,0.7351903,0.0,0.7351903,0.7351903,0.34443307,-0.0,9.4,18.078815,21.11111,21.11111,2.0
resstock-amy2018-2021-release-1-330722,0.0,0.7427017,0.0,0.0,0.4023285,0.0,0.0,0.0,0.0,0.0,0.0,0.0,0.0,0.0,0.0,0.0,0.0,0.0,13.5,0.0,-0.0,0.0,0.0,-0.0,0.0,-0.0,0.0,0.0,-0.0,0.0,4.4012313,0.7427017,0.0,0.34260106,0.74492955,0.20608269,0.41758233,0.0,0.0,0.0,0.2766472,0.1383698,0.5605662,0.0,0.74492955,0.0,0.74492955,0.74492955,0.34260106,-0.0,7.2,17.160501,21.11111,21.11111,2.0
resstock-amy2018-2021-release-1-330722,0.0,0.75920767,0.0,0.0,0.39338708,0.0,0.0,0.0,0.0,0.0,0.0,0.0,0.0,0.0,0.0,0.0,0.0,0.0,13.5,0.0,-0.0,0.0,0.0,-0.0,0.0,-0.0,0.0,0.0,-0.0,0.0,4.4012313,0.75920767,0.0,0.34071207,0.73409915,0.20004143,0.40795225,0.0,0.0,0.0,0.2724992,0.1383698,0.5557182,0.0,0.73409915,0.0,0.73409915,0.73409915,0.34071207,-0.0,8.9,17.009005,21.11111,21.11111,2.0
resstock-amy2018-2021-release-1-330722,0.0,0.76435184,0.0,0.0,0.3907572,0.0,0.0,0.0,0.0,0.0,0.0,0.0,0.0,0.0,0.0,0.0,0.0,0.0,13.5,0.0,-0.0,0.0,0.0,-0.0,0.0,-0.0,0.0,0.0,-0.0,0.0,4.4012313,0.76435184,0.0,0.3387091,0.7294663,0.19841412,0.40612763,0.0,0.0,0.0,0.271999,0.1383698,0.55674624,0.0,0.7294663,0.0,0.7294663,0.7294663,0.3387091,-0.0,9.4,17.129044,21.11111,21.11111,2.0
resstock-amy2018-2021-release-1-330722,0.0,0.7561867,1.5636419,0.0,0.39496496,1.6646987,0.0,0.0,0.0,0.0,0.0,0.0,0.0,0.0,0.0,0.0,0.0,0.0,13.5,0.0,-0.0,0.0,0.0,-0.0,0.0,-0.0,0.0,0.0,-0.0,0.0,4.4012313,0.7561867,0.0,0.3664817,2.4261453,0.689952,1.3524547,0.0,0.0,0.0,0.284382,0.1383698,0.55745,0.0,2.4261453,0.0,2.4261453,2.4261453,0.3664817,-0.0,8.6,17.242292,21.11111,21.11111,2.0
resstock-amy2018-2021-release-1-330722,0.0,0.7483609,0.0,0.0,0.3991727,0.0,0.0,0.0,0.0,0.0,0.0,0.0,0.0,0.0,0.0,0.0,0.0,0.0,13.5,0.0,-0.0,0.0,0.0,-0.0,0.0,-0.0,0.0,0.0,-0.0,0.0,4.4012313,0.7483609,0.0,0.39273483,0.79190755,0.2407106,0.44160232,0.0,0.0,0.0,0.303963,0.1383698,0.5576438,0.0,0.79190755,0.0,0.79190755,0.79190755,0.39273483,-0.0,7.8,17.401657,21.11111,21.11111,2.0
resstock-amy2018-2021-release-1-330722,0.0,0.7532134,2.1428614,0.0,0.39654285,2.2813528,0.0,0.0,0.0,0.0,0.0,0.0,0.0,0.0,0.0,0.0,0.0,0.0,13.5,0.0,-0.0,0.0,0.0,-0.0,0.0,-0.0,0.0,0.0,-0.0,0.0,4.4012313,0.7532134,0.0,0.9653712,3.6432667,1.2258093,2.0412376,0.0,0.0,0.0,0.33645886,0.1383698,0.56027675,0.0,3.6432667,0.0,3.6432667,3.6432667,0.9653712,-0.0,8.3,17.55465,21.106482,21.106482,2.0
resstock-amy2018-2021-release-1-330722,0.0,0.7532134,0.0,0.0,0.39654285,0.0,0.0,0.0,0.0,0.0,0.0,0.0,0.0,0.0,0.0,0.0,0.0,0.0,13.5,0.0,-0.0,0.0,0.0,-0.0,0.0,-0.0,0.0,0.0,-0.0,0.0,4.4012313,0.7532134,0.0,0.49155286,0.8570127,0.31109646,0.48730072,0.0,0.0,0.0,0.363001,0.1383698,0.5686039,0.0,0.8570127,0.0,0.8570127,0.88809574,0.49155286,-0.031083059,8.3,17.596836,19.967592,19.967592,2.0
resstock-amy2018-2021-release-1-330722,0.0,0.77071196,0.38520825,0.0,0.3876014,0.41010392,0.0,0.0,0.0,0.0,0.0,0.0,0.0,0.0,0.0,0.0,0.0,0.0,13.5,0.0,-0.0,0.0,0.0,-0.0,0.0,-0.0,0.0,0.0,-0.0,0.0,4.4012313,0.77071196,0.0,0.4914573,1.1866322,0.43068814,0.69517463,0.0,0.0,0.0,0.36295,0.1383698,0.5858384,0.0,1.1866322,0.0,1.1866322,1.2891626,0.4914573,-0.10253042,10.0,17.824028,19.444445,19.444445,2.0
resstock-amy2018-2021-release-1-330722,0.0,0.7772859,0.0,0.0,0.3844456,0.0,0.0,0.0,0.0,0.0,0.0,0.0,0.0,0.0,0.0,0.0,0.0,0.0,13.5,0.0,-0.0,0.0,0.0,-0.0,0.0,-0.0,0.0,0.0,-0.0,0.0,4.4012313,0.7772859,0.0,0.4168911,0.70059866,0.24353136,0.4254683,0.0,0.0,0.0,0.34760466,0.1383698,0.6072925,0.0,0.70059866,0.0,0.70059866,0.8013367,0.4168911,-0.10073806,10.6,17.982788,19.444445,19.444445,2.0
resstock-amy2018-2021-release-1-330722,0.0,0.7899302,0.7704177,0.0,0.37865993,0.82020915,0.0,0.0,0.0,0.0,0.0,0.0,0.0,0.0,0.0,0.0,0.0,0.0,13.5,0.0,-0.0,0.0,0.0,-0.0,0.0,-0.0,0.0,0.0,-0.0,0.0,4.4012313,0.7899302,0.0,0.41852418,1.5653577,0.5222782,0.97120744,0.0,0.0,0.0,0.33364782,0.1383698,0.62043804,0.0,1.5653577,0.0,1.5653577,1.6173933,0.41852418,-0.05203556,11.7,18.215937,19.444445,19.444445,2.0
resstock-amy2018-2021-release-1-330722,0.0,0.803405,0.0,0.0,0.3728743,0.0,0.0,0.0,0.0,0.0,0.0,0.0,0.0,0.0,0.0,0.0,0.0,0.0,13.5,0.0,-0.0,0.0,0.0,-0.0,0.0,-0.0,0.0,0.0,-0.0,0.0,4.4012313,0.803405,0.0,0.42390978,0.64205396,0.20812613,0.39992318,0.0,0.0,0.0,0.32415676,0.1383698,0.62288094,0.0,0.64205396,0.0,0.64205396,0.79678404,0.42390978,-0.15473011,12.8,18.676373,20.0,20.0,2.0
resstock-amy2018-2021-release-1-330722,0.0,0.80982697,1.1555878,0.0,0.37024447,1.2302724,0.0,0.0,0.0,0.0,0.0,0.0,0.0,0.0,0.0,0.0,0.0,0.0,13.5,0.0,-0.0,0.0,0.0,-0.0,0.0,-0.0,0.0,0.0,-0.0,0.0,4.4012313,0.80982697,0.0,0.42409346,1.9334066,0.60785145,1.2174411,0.0,0.0,0.0,0.314394,0.1383698,0.6296871,0.0,1.9334066,0.0,1.9334066,2.0246103,0.42409346,-0.09120373,13.3,18.947235,20.0,20.0,2.0
resstock-amy2018-2021-release-1-330722,0.0,0.7899302,0.0,0.0,0.37865993,0.0,0.0,0.0,0.0,0.0,0.0,0.0,0.0,0.0,0.0,0.0,0.0,0.0,13.5,0.0,-0.0,0.0,0.0,-0.0,0.0,-0.0,0.0,0.0,-0.0,0.0,4.4012313,0.7899302,0.0,0.42205486,0.74041086,0.23938367,0.47309142,0.0,0.0,0.0,0.32331192,0.1383698,0.638958,0.0,0.74041086,0.0,0.74041086,0.8007148,0.42205486,-0.06030392,11.7,18.93748,20.555555,20.555555,2.0
resstock-amy2018-2021-release-1-330722,0.31088993,0.7899302,2.274534,0.0,0.37865993,2.4215353,0.0,0.0,0.0,0.0,0.0,0.0,0.0,0.0,0.0,0.0,0.0,0.0,13.5,0.0,-0.0,0.0,0.0,-0.0,0.0,-0.0,0.0,0.0,-0.0,0.0,4.4012313,0.7899302,0.0,0.45714274,3.1282465,1.0296786,2.0075219,0.0,0.0,0.0,0.32915518,0.1383698,0.6417403,0.0,3.1282465,0.0,3.1282465,3.257338,0.45714274,-0.12909144,11.7,19.192562,20.555555,20.555555,2.0
resstock-amy2018-2021-release-1-330722,0.0,0.7829354,0.0,0.0,0.38181576,0.0,0.0,0.0,0.0,0.0,0.0,0.0,0.0,0.0,0.0,0.0,0.0,0.0,13.5,0.0,-0.0,0.0,0.0,-0.0,0.0,-0.0,0.0,0.0,-0.0,0.0,4.4012313,0.7829354,0.0,0.44352973,0.74461186,0.24680687,0.48346674,0.0,0.0,0.0,0.33145708,0.1383698,0.6492869,0.0,0.74461186,0.0,0.74461186,0.8253455,0.44352973,-0.08073364,11.1,19.601315,20.555555,20.555555,2.0
resstock-amy2018-2021-release-1-330722,0.44264203,0.7829354,0.47906506,0.0,0.38181576,0.51002663,0.0,0.0,0.0,0.0,0.0,0.0,0.0,0.0,0.0,0.0,0.0,0.0,13.5,0.0,-0.0,0.0,0.0,-0.0,0.0,-0.0,0.0,0.0,-0.0,0.0,4.4012313,0.7829354,0.0,1.1190481,2.0051877,0.68725294,1.2974392,0.0,0.0,0.0,0.34273747,0.1383698,0.64704126,0.0,2.0051877,0.0,2.0051877,2.0108905,1.1190481,-0.005702762,11.1,20.118055,20.0,20.0,2.0
resstock-amy2018-2021-release-1-330722,0.21723773,0.7772859,0.21644296,0.0,0.3844456,0.23043148,0.0,0.0,0.0,0.0,0.0,0.0,0.0,0.0,0.0,0.0,0.0,0.0,13.5,0.0,-0.0,0.0,0.0,-0.0,0.0,-0.0,0.0,0.0,-0.0,0.0,4.4012313,0.7772859,0.0,1.041266,1.6561431,0.5833178,1.052371,0.0,0.0,0.0,0.35221463,0.1383698,0.63543487,0.0,1.6561431,0.0,1.6561431,1.6561431,1.041266,-0.0,10.6,20.133116,20.0,20.0,2.0
resstock-amy2018-2021-release-1-330722,0.0,0.7772859,0.20119634,0.0,0.3844456,0.21419948,0.0,0.0,0.0,0.0,0.0,0.0,0.0,0.0,0.0,0.0,0.0,0.0,13.5,0.0,-0.0,0.0,0.0,-0.0,0.0,-0.0,0.0,0.0,-0.0,0.0,4.4012313,0.7772859,0.0,0.60572416,1.2043693,0.417586,0.7607132,0.0,0.0,0.0,0.34672588,0.1383698,0.63162786,0.0,1.2043693,0.0,1.2043693,1.2043693,0.60572416,-0.0,10.6,20.32216,22.671297,22.671297,2.0
resstock-amy2018-2021-release-1-330722,0.0,0.77071196,0.0,0.0,0.3876014,0.0,0.0,0.0,0.0,0.0,0.0,0.0,0.0,0.0,0.0,0.0,0.0,0.0,13.5,0.0,-0.0,0.0,0.0,-0.0,0.0,-0.0,0.0,0.0,-0.0,0.0,4.4012313,0.77071196,0.0,0.68064165,1.068243,0.3484437,0.6669953,0.0,0.0,0.0,0.32618392,0.1383698,0.62438536,0.0,1.068243,0.0,1.068243,1.068243,0.68064165,-0.0,10.0,20.309237,21.935184,21.935184,2.0
resstock-amy2018-2021-release-1-330722,0.0,0.76435184,0.0,0.0,0.3907572,0.0,0.0,0.0,0.0,0.0,0.0,0.0,0.0,0.0,0.0,0.0,0.0,0.0,13.5,0.0,-0.0,0.0,0.0,-0.0,0.0,-0.0,0.0,0.0,-0.0,0.0,4.4012313,0.76435184,0.0,0.5379482,0.9287054,0.286167,0.56983435,0.0,0.0,0.0,0.3081354,0.1383698,0.6135792,0.0,0.9287054,0.0,0.9287054,0.9287054,0.5379482,-0.0,9.4,20.246487,21.11111,21.11111,2.0
resstock-amy2018-2021-release-1-330722,0.0,0.7532134,0.3852072,0.0,0.39654285,0.4101028,0.0,0.0,0.0,0.0,0.0,0.0,0.0,0.0,0.0,0.0,0.0,0.0,13.5,0.0,-0.0,0.0,0.0,-0.0,0.0,-0.0,0.0,0.0,-0.0,0.0,4.4012313,0.7532134,0.0,0.4255669,1.2322125,0.37299052,0.74664193,0.0,0.0,0.0,0.30269983,0.1383698,0.605936,0.0,1.2322125,0.0,1.2322125,1.2322125,0.4255669,-0.0,8.3,19.971848,21.662037,21.662037,2.0
resstock-amy2018-2021-release-1-330722,0.0,0.75060964,0.38520658,0.0,0.39794546,0.41010216,0.0,0.0,0.0,0.0,0.0,0.0,0.0,0.0,0.0,0.0,0.0,0.0,13.5,0.0,-0.0,0.0,0.0,-0.0,0.0,-0.0,0.0,0.0,-0.0,0.0,4.4012313,0.75060964,0.0,0.37884125,1.1868888,0.3469573,0.71009874,0.0,0.0,0.0,0.29232502,0.1383698,0.5982858,0.0,1.1868888,0.0,1.1868888,1.1868888,0.37884125,-0.0,8.033334,19.539984,21.11111,21.11111,2.0
resstock-amy2018-2021-release-1-330722,0.0,0.7532134,1.1559588,0.0,0.39654285,1.2306674,0.0,0.0,0.0,0.0,0.0,0.0,0.0,0.0,0.0,0.0,0.0,0.0,13.5,0.0,-0.0,0.0,0.0,-0.0,0.0,-0.0,0.0,0.0,-0.0,0.0,4.4012313,0.7532134,0.0,0.34643605,1.9736463,0.5470632,1.1048113,0.0,0.0,0.0,0.277184,0.1383698,0.55978185,0.0,1.9736463,0.0,1.9736463,1.9736463,0.34643605,-0.0,8.3,18.929947,21.11111,21.11111,2.0
resstock-amy2018-2021-release-1-330722,0.0,0.7483609,0.0,0.0,0.3991727,0.0,0.0,0.0,0.0,0.0,0.0,0.0,0.0,0.0,0.0,0.0,0.0,0.0,13.5,0.0,-0.0,0.0,0.0,-0.0,0.0,-0.0,0.0,0.0,-0.0,0.0,4.4012313,0.7483609,0.0,0.34443307,0.74360573,0.2005554,0.39839795,0.0,0.0,0.0,0.26970664,0.1383698,0.53576505,0.0,0.74360573,0.0,0.74360573,0.74360573,0.34443307,-0.0,7.8,18.14189,21.11111,21.11111,2.0
resstock-amy2018-2021-release-1-330722,0.0,0.7427017,0.0,0.0,0.4023285,0.0,0.0,0.0,0.0,0.0,0.0,0.0,0.0,0.0,0.0,0.0,0.0,0.0,13.5,0.0,-0.0,0.0,0.0,-0.0,0.0,-0.0,0.0,0.0,-0.0,0.0,4.4012313,0.7427017,0.0,0.34260106,0.74492955,0.19602211,0.37597203,0.0,0.0,0.0,0.2631418,0.1383698,0.5047082,0.0,0.74492955,0.0,0.74492955,0.74492955,0.34260106,-0.0,7.2,17.298244,21.11111,21.11111,2.0
resstock-amy2018-2021-release-1-330722,0.0,0.73811674,0.0,0.0,0.40495837,0.0,0.0,0.0,0.0,0.0,0.0,0.0,0.0,0.0,0.0,0.0,0.0,0.0,13.5,0.0,-0.0,0.0,0.0,-0.0,0.0,-0.0,0.0,0.0,-0.0,0.0,4.4012313,0.73811674,0.0,0.34071207,0.74567044,0.19621707,0.37148315,0.0,0.0,0.0,0.2631418,0.1383698,0.49818677,0.0,0.74567044,0.0,0.74567044,0.74567044,0.34071207,-0.0,6.7,16.61686,21.11111,21.11111,2.0
resstock-amy2018-2021-release-1-330722,0.0,0.7233583,0.0,0.0,0.4138998,0.0,0.0,0.0,0.0,0.0,0.0,0.0,0.0,0.0,0.0,0.0,0.0,0.0,13.5,0.0,-0.0,0.0,0.0,-0.0,0.0,-0.0,0.0,0.0,-0.0,0.0,4.4012313,0.7233583,0.0,0.3387091,0.7526089,0.19768476,0.38212088,0.0,0.0,0.0,0.262666,0.1383698,0.50772834,0.0,0.7526089,0.0,0.7526089,0.7526089,0.3387091,-0.0,5.0,16.177385,21.11111,21.11111,2.0
resstock-amy2018-2021-release-1-330722,0.0,0.7184354,0.0,0.0,0.4170556,0.0,0.0,0.0,0.0,0.0,0.0,0.0,0.0,0.0,0.0,0.0,0.0,0.0,13.5,0.0,-0.0,0.0,0.0,-0.0,0.0,-0.0,0.0,0.0,-0.0,0.0,4.4012313,0.7184354,0.0,0.33888006,0.75593567,0.20518951,0.39514047,0.0,0.0,0.0,0.2714378,0.1383698,0.52271706,0.0,0.75593567,0.0,0.75593567,0.75593567,0.33888006,-0.0,4.4,16.044744,21.11111,21.11111,2.0
resstock-amy2018-2021-release-1-330722,0.0,0.7184354,0.0,0.0,0.4170556,0.0,0.0,0.0,0.0,0.0,0.0,0.0,0.0,0.0,0.0,0.0,0.0,0.0,13.5,0.0,-0.0,0.0,0.0,-0.0,0.0,-0.0,0.0,0.0,-0.0,0.0,4.4012313,0.7184354,0.0,0.34294298,0.75999856,0.2219249,0.40857974,0.0,0.0,0.0,0.292007,0.1383698,0.53760594,0.0,0.75999856,0.0,0.75999856,0.75999856,0.34294298,-0.0,4.4,15.887996,21.11111,21.11111,2.0
resstock-amy2018-2021-release-1-330722,0.0,0.736315,0.0,0.0,0.40601027,0.0,0.0,0.0,0.0,0.0,0.0,0.0,0.0,0.0,0.0,0.0,0.0,0.0,13.5,0.0,-0.0,0.0,0.0,-0.0,0.0,-0.0,0.0,0.0,-0.0,0.0,4.4012313,0.736315,0.0,0.34683496,0.7528452,0.23818712,0.41302034,0.0,0.0,0.0,0.3163826,0.1383698,0.54861253,0.0,0.7528452,0.0,0.7528452,0.7528452,0.34683496,-0.0,6.5,16.197277,21.106482,21.106482,2.0
resstock-amy2018-2021-release-1-330722,0.0,0.7561867,0.0,0.0,0.39496496,0.0,0.0,0.0,0.0,0.0,0.0,0.0,0.0,0.0,0.0,0.0,0.0,0.0,13.5,0.0,-0.0,0.0,0.0,-0.0,0.0,-0.0,0.0,0.0,-0.0,0.0,4.4012313,0.7561867,0.0,0.49155286,0.83538216,0.2766527,0.46717817,0.0,0.0,0.0,0.331169,0.1383698,0.55923885,0.0,0.83538216,0.0,0.83538216,0.8865178,0.49155286,-0.05113567,8.6,17.088984,19.967592,19.967592,2.0
resstock-amy2018-2021-release-1-330722,0.0,0.76435184,0.0,0.0,0.3907572,0.0,0.0,0.0,0.0,0.0,0.0,0.0,0.0,0.0,0.0,0.0,0.0,0.0,13.5,0.0,-0.0,0.0,0.0,-0.0,0.0,-0.0,0.0,0.0,-0.0,0.0,4.4012313,0.76435184,0.0,0.4914573,0.76994455,0.26114178,0.45075366,0.0,0.0,0.0,0.3391696,0.1383698,0.5854365,0.0,0.76994455,0.0,0.76994455,0.88221455,0.4914573,-0.11227003,9.4,17.566652,19.444445,19.444445,2.0
resstock-amy2018-2021-release-1-330722,0.41530728,0.77071196,1.2882509,0.0,0.3876014,1.3715094,0.0,0.0,0.0,0.0,0.0,0.0,0.0,0.0,0.0,0.0,0.0,0.0,13.5,0.0,-0.0,0.0,0.0,-0.0,0.0,-0.0,0.0,0.0,-0.0,0.0,4.4012313,0.77071196,0.0,0.48825794,2.0733187,0.6850017,1.2039388,0.0,0.0,0.0,0.330389,0.1383698,0.580682,0.0,2.0733187,0.0,2.0733187,2.2473688,0.48825794,-0.17405002,10.0,18.034452,19.444445,19.444445,2.0
resstock-amy2018-2021-release-1-330722,0.2727756,0.7772859,0.0,0.0,0.3844456,0.0,0.0,0.0,0.0,0.0,0.0,0.0,0.0,0.0,0.0,0.0,0.0,0.0,13.5,0.0,-0.0,0.0,0.0,-0.0,0.0,-0.0,0.0,0.0,-0.0,0.0,4.4012313,0.7772859,0.0,2.299364,2.4698365,0.81247574,1.3538946,0.0,0.0,0.0,0.32895932,0.1383698,0.54817176,0.0,2.4698365,0.0,2.4698365,2.6838098,2.299364,-0.2139732,10.6,18.472065,19.444445,19.444445,2.0
resstock-amy2018-2021-release-1-330722,0.0,0.7829354,0.0,0.0,0.38181576,0.0,0.0,0.0,0.0,0.0,0.0,0.0,0.0,0.0,0.0,0.0,0.0,0.0,13.5,0.0,-0.0,0.0,0.0,-0.0,0.0,-0.0,0.0,0.0,-0.0,0.0,4.4012313,0.7829354,0.0,2.2318068,2.377783,0.746767,1.2673798,0.0,0.0,0.0,0.31406018,0.1383698,0.533009,0.0,2.377783,0.0,2.377783,2.6136224,2.2318068,-0.23583934,11.1,18.926311,20.0,20.0,2.0
resstock-amy2018-2021-release-1-330722,0.15241915,0.7959474,0.38531902,0.0,0.3760301,0.41022187,0.0,0.0,0.0,0.0,0.0,0.0,0.0,0.0,0.0,0.0,0.0,0.0,13.5,0.0,-0.0,0.0,0.0,-0.0,0.0,-0.0,0.0,0.0,-0.0,0.0,4.4012313,0.7959474,0.0,2.3066676,2.862915,0.87085503,1.5122387,0.0,0.0,0.0,0.30418473,0.1383698,0.5282164,0.0,2.862915,0.0,2.862915,3.0929196,2.3066676,-0.23000452,12.2,19.564339,20.0,20.0,2.0
resstock-amy2018-2021-release-1-330722,0.0,0.7959474,1.9265766,0.0,0.3760301,2.0510895,0.0,0.0,0.0,0.0,0.0,0.0,0.0,0.0,0.0,0.0,0.0,0.0,13.5,0.0,-0.0,0.0,0.0,-0.0,0.0,-0.0,0.0,0.0,-0.0,0.0,4.4012313,0.7959474,0.0,0.49452254,2.7266521,0.8319615,1.4255238,0.0,0.0,0.0,0.305122,0.1383698,0.522811,0.0,2.7266521,0.0,2.7266521,2.9216423,0.49452254,-0.19499011,12.2,20.084246,20.0,20.0,2.0
resstock-amy2018-2021-release-1-330722,0.0,0.7899302,0.0,0.0,0.37865993,0.0,0.0,0.0,0.0,0.0,0.0,0.0,0.0,0.0,0.0,0.0,0.0,0.0,13.5,0.0,-0.0,0.0,0.0,-0.0,0.0,-0.0,0.0,0.0,-0.0,0.0,4.4012313,0.7899302,0.0,0.9392486,1.2164311,0.3674201,0.6558898,0.0,0.0,0.0,0.3020476,0.1383698,0.5391919,0.0,1.2164311,0.0,1.2164311,1.3179085,0.9392486,-0.101477355,11.7,20.351742,20.555555,20.555555,2.0
resstock-amy2018-2021-release-1-330722,0.14334734,0.7829354,0.0,0.0,0.38181576,0.0,0.0,0.0,0.0,0.0,0.0,0.0,0.0,0.0,0.0,0.0,0.0,0.0,13.5,0.0,-0.0,0.0,0.0,-0.0,0.0,-0.0,0.0,0.0,-0.0,0.0,4.4012313,0.7829354,0.0,0.44352973,0.79947114,0.24529198,0.44202256,0.0,0.0,0.0,0.3068178,0.1383698,0.5528937,0.0,0.79947114,0.0,0.79947114,0.8253455,0.44352973,-0.025874378,11.1,20.544697,20.0,20.0,2.0
resstock-amy2018-2021-release-1-330722,0.2070167,0.77071196,0.0,0.0,0.3876014,0.0,0.0,0.0,0.0,0.0,0.0,0.0,0.0,0.0,0.0,0.0,0.0,0.0,13.5,0.0,-0.0,0.0,0.0,-0.0,0.0,-0.0,0.0,0.0,-0.0,0.0,4.4012313,0.77071196,0.0,1.9094008,2.2934215,0.72383595,1.3444097,0.0,0.0,0.0,0.315614,0.1383698,0.5862026,0.0,2.2934215,0.0,2.2934215,2.2970023,1.9094008,-0.0035807346,10.0,20.692776,20.0,20.0,2.0
resstock-amy2018-2021-release-1-330722,0.0,0.77071196,0.0,0.0,0.3876014,0.0,0.0,0.0,0.0,0.0,0.0,0.0,0.0,0.0,0.0,0.0,0.0,0.0,13.5,0.0,-0.0,0.0,0.0,-0.0,0.0,-0.0,0.0,0.0,-0.0,0.0,4.4012313,0.77071196,0.0,0.7420406,1.129642,0.37274364,0.69834006,0.0,0.0,0.0,0.32996616,0.1383698,0.6181959,0.0,1.129642,0.0,1.129642,1.129642,0.7420406,-0.0,10.0,20.960682,20.981482,20.981482,2.0
resstock-amy2018-2021-release-1-330722,0.0,0.76435184,1.6780347,0.0,0.3907572,1.7864846,0.0,0.0,0.0,0.0,0.0,0.0,0.0,0.0,0.0,0.0,0.0,0.0,13.5,0.0,-0.0,0.0,0.0,-0.0,0.0,-0.0,0.0,0.0,-0.0,0.0,4.4012313,0.76435184,0.0,0.72727084,2.9045126,0.94327545,1.8269182,0.0,0.0,0.0,0.32476205,0.1383698,0.62899303,0.0,2.9045126,0.0,2.9045126,2.9045126,0.72727084,-0.0,9.4,20.860176,22.222221,22.222221,2.0
resstock-amy2018-2021-release-1-330722,0.0,0.75920767,1.4210683,0.0,0.39338708,1.5129107,0.0,0.0,0.0,0.0,0.0,0.0,0.0,0.0,0.0,0.0,0.0,0.0,13.5,0.0,-0.0,0.0,0.0,-0.0,0.0,-0.0,0.0,0.0,-0.0,0.0,4.4012313,0.75920767,0.0,0.68064165,2.5869393,0.7917188,1.6295818,0.0,0.0,0.0,0.30604458,0.1383698,0.62992656,0.0,2.5869393,0.0,2.5869393,2.5869393,0.68064165,-0.0,8.9,20.67952,21.666666,21.666666,2.0
resstock-amy2018-2021-release-1-330722,0.0,0.7483609,0.0,0.0,0.3991727,0.0,0.0,0.0,0.0,0.0,0.0,0.0,0.0,0.0,0.0,0.0,0.0,0.0,13.5,0.0,-0.0,0.0,0.0,-0.0,0.0,-0.0,0.0,0.0,-0.0,0.0,4.4012313,0.7483609,0.0,0.7168157,1.1159884,0.33016518,0.69932544,0.0,0.0,0.0,0.29585,0.1383698,0.6266422,0.0,1.1159884,0.0,1.1159884,1.1159884,0.7168157,-0.0,7.8,20.453953,21.11111,21.11111,2.0
resstock-amy2018-2021-release-1-330722,0.0,0.7427017,1.183683,0.0,0.4023285,1.2601835,0.0,0.0,0.0,0.0,0.0,0.0,0.0,0.0,0.0,0.0,0.0,0.0,13.5,0.0,-0.0,0.0,0.0,-0.0,0.0,-0.0,0.0,0.0,-0.0,0.0,4.4012313,0.7427017,0.0,0.567007,2.229519,0.65103513,1.3668917,0.0,0.0,0.0,0.292007,0.1383698,0.6130882,0.0,2.229519,0.0,2.229519,2.229519,0.567007,-0.0,7.2,20.16003,21.666666,21.666666,2.0
resstock-amy2018-2021-release-1-330722,0.0,0.7427017,0.0,0.0,0.4023285,0.0,0.0,0.0,0.0,0.0,0.0,0.0,0.0,0.0,0.0,0.0,0.0,0.0,13.5,0.0,-0.0,0.0,0.0,-0.0,0.0,-0.0,0.0,0.0,-0.0,0.0,4.4012313,0.7427017,0.0,0.42038545,0.822714,0.23320223,0.47812116,0.0,0.0,0.0,0.2834548,0.1383698,0.5811511,0.0,0.822714,0.0,0.822714,0.822714,0.42038545,-0.0,7.2,19.747845,21.11111,21.11111,2.0
resstock-amy2018-2021-release-1-330722,0.0,0.7427017,0.0,0.0,0.4023285,0.0,0.0,0.0,0.0,0.0,0.0,0.0,0.0,0.0,0.0,0.0,0.0,0.0,13.5,0.0,-0.0,0.0,0.0,-0.0,0.0,-0.0,0.0,0.0,-0.0,0.0,4.4012313,0.7427017,0.0,0.37782818,0.7801567,0.21214473,0.4183063,0.0,0.0,0.0,0.2719258,0.1383698,0.5361824,0.0,0.7801567,0.0,0.7801567,0.7801567,0.37782818,-0.0,7.2,19.08339,21.11111,21.11111,2.0
resstock-amy2018-2021-release-1-330722,0.0,0.73811674,0.0,0.0,0.40495837,0.0,0.0,0.0,0.0,0.0,0.0,0.0,0.0,0.0,0.0,0.0,0.0,0.0,13.5,0.0,-0.0,0.0,0.0,-0.0,0.0,-0.0,0.0,0.0,-0.0,0.0,4.4012313,0.73811674,0.0,0.34443307,0.74939144,0.19773625,0.35886046,0.0,0.0,0.0,0.26386243,0.1383698,0.47886917,0.0,0.74939144,0.0,0.74939144,0.74939144,0.34443307,-0.0,6.7,18.194344,21.11111,21.11111,2.0
resstock-amy2018-2021-release-1-330722,0.0,0.7327653,0.0,0.0,0.40811417,0.0,0.0,0.0,0.0,0.0,0.0,0.0,0.0,0.0,0.0,0.0,0.0,0.0,13.5,0.0,-0.0,0.0,0.0,-0.0,0.0,-0.0,0.0,0.0,-0.0,0.0,4.4012313,0.7327653,0.0,0.34260106,0.75071526,0.19187741,0.33290344,0.0,0.0,0.0,0.2555928,0.1383698,0.44344836,0.0,0.75071526,0.0,0.75071526,0.75071526,0.34260106,-0.0,6.1,17.243004,21.11111,21.11111,2.0
resstock-amy2018-2021-release-1-330722,0.0,0.7184354,0.0,0.0,0.4170556,0.0,0.0,0.0,0.0,0.0,0.0,0.0,0.0,0.0,0.0,0.0,0.0,0.0,13.5,0.0,-0.0,0.0,0.0,-0.0,0.0,-0.0,0.0,0.0,-0.0,0.0,4.4012313,0.7184354,0.0,0.34071207,0.7577677,0.18825886,0.3224172,0.0,0.0,0.0,0.24843876,0.1383698,0.4254829,0.0,0.7577677,0.0,0.7577677,0.7577677,0.34071207,-0.0,4.4,16.233316,21.11111,21.11111,2.0
resstock-amy2018-2021-release-1-330722,0.0,0.7184354,0.0,0.0,0.4170556,0.0,0.0,0.0,0.0,0.0,0.0,0.0,0.0,0.0,0.0,0.0,0.0,0.0,13.5,0.0,-0.0,0.0,0.0,-0.0,0.0,-0.0,0.0,0.0,-0.0,0.0,4.4012313,0.7184354,0.0,0.3387091,0.7557647,0.18722169,0.31073883,0.0,0.0,0.0,0.24772483,0.1383698,0.41115817,0.0,0.7557647,0.0,0.7557647,0.7557647,0.3387091,-0.0,4.4,15.732019,21.11111,21.11111,2.0
resstock-amy2018-2021-release-1-330722,0.0,0.7144394,0.0,0.0,0.41968542,0.0,0.0,0.0,0.0,0.0,0.0,0.0,0.0,0.0,0.0,0.0,0.0,0.0,13.5,0.0,-0.0,0.0,0.0,-0.0,0.0,-0.0,0.0,0.0,-0.0,0.0,4.4012313,0.7144394,0.0,0.33888006,0.7585655,0.19429968,0.33041966,0.0,0.0,0.0,0.25614095,0.1383698,0.43558487,0.0,0.7585655,0.0,0.7585655,0.7585655,0.33888006,-0.0,3.9,15.540127,21.11111,21.11111,2.0
resstock-amy2018-2021-release-1-330722,0.0,0.7233583,0.0,0.0,0.4138998,0.0,0.0,0.0,0.0,0.0,0.0,0.0,0.0,0.0,0.0,0.0,0.0,0.0,13.5,0.0,-0.0,0.0,0.0,-0.0,0.0,-0.0,0.0,0.0,-0.0,0.0,4.4012313,0.7233583,0.0,0.39273483,0.80663466,0.22963841,0.3930014,0.0,0.0,0.0,0.284687,0.1383698,0.48721114,0.0,0.80663466,0.0,0.80663466,0.80663466,0.39273483,-0.0,5.0,15.816183,21.11111,21.11111,2.0
resstock-amy2018-2021-release-1-330722,0.0,0.7327653,0.17306444,0.0,0.40811417,0.18424945,0.0,0.0,0.0,0.0,0.0,0.0,0.0,0.0,0.0,0.0,0.0,0.0,13.5,0.0,-0.0,0.0,0.0,-0.0,0.0,-0.0,0.0,0.0,-0.0,0.0,4.4012313,0.7327653,0.0,0.41505015,1.0074137,0.30511093,0.5232128,0.0,0.0,0.0,0.30286556,0.1383698,0.5193624,0.0,1.0074137,0.0,1.0074137,1.0074137,0.41505015,-0.0,6.1,16.413963,21.11111,21.11111,2.0
resstock-amy2018-2021-release-1-330722,0.0,0.7483609,0.2219015,0.0,0.3991727,0.23624282,0.0,0.0,0.0,0.0,0.0,0.0,0.0,0.0,0.0,0.0,0.0,0.0,13.5,0.0,-0.0,0.0,0.0,-0.0,0.0,-0.0,0.0,0.0,-0.0,0.0,4.4012313,0.7483609,0.0,0.49155286,1.0975392,0.35818192,0.56916815,0.0,0.0,0.0,0.32635,0.1383698,0.51858574,0.0,1.0975392,0.0,1.0975392,1.1269684,0.49155286,-0.029429201,7.8,17.25008,20.0,20.0,2.0
resstock-amy2018-2021-release-1-330722,0.0,0.76435184,0.0,0.0,0.3907572,0.0,0.0,0.0,0.0,0.0,0.0,0.0,0.0,0.0,0.0,0.0,0.0,0.0,13.5,0.0,-0.0,0.0,0.0,-0.0,0.0,-0.0,0.0,0.0,-0.0,0.0,4.4012313,0.76435184,0.0,0.56353635,0.85165334,0.28189707,0.44011667,0.0,0.0,0.0,0.3309998,0.1383698,0.5167791,0.0,0.85165334,0.0,0.85165334,0.95429355,0.56353635,-0.102640204,9.4,17.745409,20.0,20.0,2.0
resstock-amy2018-2021-release-1-330722,0.0,0.77071196,0.0,0.0,0.3876014,0.0,0.0,0.0,0.0,0.0,0.0,0.0,0.0,0.0,0.0,0.0,0.0,0.0,13.5,0.0,-0.0,0.0,0.0,-0.0,0.0,-0.0,0.0,0.0,-0.0,0.0,4.4012313,0.77071196,0.0,0.48825794,0.6931789,0.22065583,0.3581321,0.0,0.0,0.0,0.3183245,0.1383698,0.51665175,0.0,0.6931789,0.0,0.6931789,0.8758594,0.48825794,-0.1826805,10.0,17.847658,20.0,20.0,2.0
resstock-amy2018-2021-release-1-330722,0.0,0.7772859,0.0,0.0,0.3844456,0.0,0.0,0.0,0.0,0.0,0.0,0.0,0.0,0.0,0.0,0.0,0.0,0.0,13.5,0.0,-0.0,0.0,0.0,-0.0,0.0,-0.0,0.0,0.0,-0.0,0.0,4.4012313,0.7772859,0.0,0.41852418,0.5858954,0.18297732,0.30717316,0.0,0.0,0.0,0.31230372,0.1383698,0.52427983,0.0,0.5858954,0.0,0.5858954,0.8029698,0.41852418,-0.21707441,10.6,18.029678,20.0,20.0,2.0
resstock-amy2018-2021-release-1-330722,0.3358358,0.7829354,1.6078138,0.0,0.38181576,1.7117255,0.0,0.0,0.0,0.0,0.0,0.0,0.0,0.0,0.0,0.0,0.0,0.0,13.5,0.0,-0.0,0.0,0.0,-0.0,0.0,-0.0,0.0,0.0,-0.0,0.0,4.4012313,0.7829354,0.0,2.425918,4.291951,1.3084717,2.271373,0.0,0.0,0.0,0.3048664,0.1383698,0.5292169,0.0,4.291951,0.0,4.291951,4.5194597,2.425918,-0.2275083,11.1,18.801554,20.0,20.0,2.0
resstock-amy2018-2021-release-1-330722,0.0,0.803405,0.0,0.0,0.3728743,0.0,0.0,0.0,0.0,0.0,0.0,0.0,0.0,0.0,0.0,0.0,0.0,0.0,13.5,0.0,-0.0,0.0,0.0,-0.0,0.0,-0.0,0.0,0.0,-0.0,0.0,4.4012313,0.803405,0.0,0.9089596,1.0842748,0.3279596,0.59292746,0.0,0.0,0.0,0.30246907,0.1383698,0.54684246,0.0,1.0842748,0.0,1.0842748,1.2818339,0.9089596,-0.19755909,12.8,19.56345,21.11111,21.11111,2.0
resstock-amy2018-2021-release-1-330722,0.0,0.80982697,0.0,0.0,0.37024447,0.0,0.0,0.0,0.0,0.0,0.0,0.0,0.0,0.0,0.0,0.0,0.0,0.0,13.5,0.0,-0.0,0.0,0.0,-0.0,0.0,-0.0,0.0,0.0,-0.0,0.0,4.4012313,0.80982697,0.0,0.49452254,0.6724582,0.20731097,0.37257385,0.0,0.0,0.0,0.30828828,0.1383698,0.55404764,0.0,0.6724582,0.0,0.6724582,0.8647671,0.49452254,-0.19230887,13.3,20.106462,21.11111,21.11111,2.0
resstock-amy2018-2021-release-1-330722,0.0,0.8246639,0.0,0.0,0.36445883,0.0,0.0,0.0,0.0,0.0,0.0,0.0,0.0,0.0,0.0,0.0,0.0,0.0,13.5,0.0,-0.0,0.0,0.0,-0.0,0.0,-0.0,0.0,0.0,-0.0,0.0,4.4012313,0.8246639,0.0,0.53647,0.7443997,0.23385318,0.4132038,0.0,0.0,0.0,0.31415,0.1383698,0.5550832,0.0,0.7443997,0.0,0.7443997,0.90092885,0.53647,-0.15652911,14.4,21.137383,21.11111,21.11111,2.0
resstock-amy2018-2021-release-1-330722,0.6999992,0.83319634,0.0,0.0,0.361303,0.0,0.0,0.0,0.0,0.0,0.0,0.0,0.0,0.0,0.0,0.0,0.0,0.0,13.5,0.0,-0.0,0.0,0.0,-0.0,0.0,-0.0,0.0,0.0,-0.0,0.0,4.4012313,0.83319634,0.0,2.431072,2.7115216,0.8617487,1.4947383,0.0,0.0,0.0,0.31781,0.1383698,0.55125445,0.0,2.7115216,0.0,2.7115216,2.792375,2.431072,-0.080853574,15.0,21.99704,21.11111,21.11111,2.0
resstock-amy2018-2021-release-1-330722,0.0,0.80982697,0.7708347,0.0,0.37024447,0.8206531,0.0,0.0,0.0,0.0,0.0,0.0,0.0,0.0,0.0,0.0,0.0,0.0,13.5,0.0,-0.0,0.0,0.0,-0.0,0.0,-0.0,0.0,0.0,-0.0,0.0,4.4012313,0.80982697,0.0,0.5836097,1.7668012,0.5831765,0.98365,0.0,0.0,0.0,0.33007476,0.1383698,0.55674064,0.0,1.7668012,0.0,1.7668012,1.7745073,0.5836097,-0.0077060643,13.3,22.309116,22.777779,22.777779,2.0
resstock-amy2018-2021-release-1-330722,0.0,0.7959474,0.0,0.0,0.3760301,0.0,0.0,0.0,0.0,0.0,0.0,0.0,0.0,0.0,0.0,0.0,0.0,0.0,13.5,0.0,-0.0,0.0,0.0,-0.0,0.0,-0.0,0.0,0.0,-0.0,0.0,4.4012313,0.7959474,0.0,0.61671597,0.99274606,0.33088621,0.557052,0.0,0.0,0.0,0.333304,0.1383698,0.56112236,0.0,0.99274606,0.0,0.99274606,0.99274606,0.61671597,-0.0,12.2,22.52525,22.777779,22.777779,2.0
resstock-amy2018-2021-release-1-330722,0.0,0.7899302,0.7708337,0.0,0.37865993,0.820652,0.0,0.0,0.0,0.0,0.0,0.0,0.0,0.0,0.0,0.0,0.0,0.0,13.5,0.0,-0.0,0.0,0.0,-0.0,0.0,-0.0,0.0,0.0,-0.0,0.0,4.4012313,0.7899302,0.0,0.72727084,1.9265828,0.62568474,1.0789424,0.0,0.0,0.0,0.324764,0.1383698,0.5600291,0.0,1.9265828,0.0,1.9265828,1.9265828,0.72727084,-0.0,11.7,22.502756,22.222221,22.222221,2.0
resstock-amy2018-2021-release-1-330722,1.2034149,0.7899302,0.0,0.0,0.37865993,0.0,0.0,0.0,0.0,0.0,0.0,0.0,0.0,0.0,0.0,0.0,0.0,0.0,13.5,0.0,-0.0,0.0,0.0,-0.0,0.0,-0.0,0.0,0.0,-0.0,0.0,4.4012313,0.7899302,0.0,0.68064165,1.0593016,0.3290177,0.5956026,0.0,0.0,0.0,0.3105987,0.1383698,0.5622597,0.0,1.0593016,0.0,1.0593016,1.0593016,0.68064165,-0.0,11.7,22.365383,20.555555,20.555555,2.0
resstock-amy2018-2021-release-1-330722,0.0,0.7829354,0.0,0.0,0.38181576,0.0,0.0,0.0,0.0,0.0,0.0,0.0,0.0,0.0,0.0,0.0,0.0,0.0,13.5,0.0,-0.0,0.0,0.0,-0.0,0.0,-0.0,0.0,0.0,-0.0,0.0,4.4012313,0.7829354,0.0,0.6273819,1.0091977,0.3041855,0.57413054,0.0,0.0,0.0,0.3014132,0.1383698,0.56889796,0.0,1.0091977,0.0,1.0091977,1.0091977,0.6273819,-0.0,11.1,21.954748,21.11111,21.11111,2.0
resstock-amy2018-2021-release-1-330722,0.0,0.77071196,0.0,0.0,0.3876014,0.0,0.0,0.0,0.0,0.0,0.0,0.0,0.0,0.0,0.0,0.0,0.0,0.0,13.5,0.0,-0.0,0.0,0.0,-0.0,0.0,-0.0,0.0,0.0,-0.0,0.0,4.4012313,0.77071196,0.0,0.4255669,0.8131683,0.24056591,0.46703684,0.0,0.0,0.0,0.2958378,0.1383698,0.5743422,0.0,0.8131683,0.0,0.8131683,0.8131683,0.4255669,-0.0,10.0,21.380772,21.666666,21.666666,2.0
resstock-amy2018-2021-release-1-330722,0.0,0.76435184,0.0,0.0,0.3907572,0.0,0.0,0.0,0.0,0.0,0.0,0.0,0.0,0.0,0.0,0.0,0.0,0.0,13.5,0.0,-0.0,0.0,0.0,-0.0,0.0,-0.0,0.0,0.0,-0.0,0.0,4.4012313,0.76435184,0.0,0.42038545,0.8111427,0.22820038,0.46933603,0.0,0.0,0.0,0.281332,0.1383698,0.57861096,0.0,0.8111427,0.0,0.8111427,0.8111427,0.42038545,-0.0,9.4,20.873644,21.11111,21.11111,2.0
resstock-amy2018-2021-release-1-330722,0.0,0.76435184,0.0,0.0,0.3907572,0.0,0.0,0.0,0.0,0.0,0.0,0.0,0.0,0.0,0.0,0.0,0.0,0.0,13.5,0.0,-0.0,0.0,0.0,-0.0,0.0,-0.0,0.0,0.0,-0.0,0.0,4.4012313,0.76435184,0.0,0.37782818,0.7685854,0.21836555,0.44331217,0.0,0.0,0.0,0.2841136,0.1383698,0.57678974,0.0,0.7685854,0.0,0.7685854,0.7685854,0.37782818,-0.0,9.4,20.382023,21.11111,21.11111,2.0
resstock-amy2018-2021-release-1-330722,0.0,0.76435184,0.0,0.0,0.3907572,0.0,0.0,0.0,0.0,0.0,0.0,0.0,0.0,0.0,0.0,0.0,0.0,0.0,13.5,0.0,-0.0,0.0,0.0,-0.0,0.0,-0.0,0.0,0.0,-0.0,0.0,4.4012313,0.76435184,0.0,0.36772022,0.75847745,0.20690659,0.4145557,0.0,0.0,0.0,0.272792,0.1383698,0.54656297,0.0,0.75847745,0.0,0.75847745,0.75847745,0.36772022,-0.0,9.4,19.837523,21.11111,21.11111,2.0
resstock-amy2018-2021-release-1-330722,0.0,0.7427017,0.0,0.0,0.4023285,0.0,0.0,0.0,0.0,0.0,0.0,0.0,0.0,0.0,0.0,0.0,0.0,0.0,13.5,0.0,-0.0,0.0,0.0,-0.0,0.0,-0.0,0.0,0.0,-0.0,0.0,4.4012313,0.7427017,0.0,0.34260106,0.74492955,0.20202936,0.40316078,0.0,0.0,0.0,0.271206,0.1383698,0.5412066,0.0,0.74492955,0.0,0.74492955,0.74492955,0.34260106,-0.0,7.2,18.890856,21.11111,21.11111,2.0
resstock-amy2018-2021-release-1-330722,0.0,0.7532134,0.0,0.0,0.39654285,0.0,0.0,0.0,0.0,0.0,0.0,0.0,0.0,0.0,0.0,0.0,0.0,0.0,13.5,0.0,-0.0,0.0,0.0,-0.0,0.0,-0.0,0.0,0.0,-0.0,0.0,4.4012313,0.7532134,0.0,0.34071207,0.7372549,0.19994795,0.4047189,0.0,0.0,0.0,0.271206,0.1383698,0.54895383,0.0,0.7372549,0.0,0.7372549,0.7372549,0.34071207,-0.0,8.3,18.422361,21.11111,21.11111,2.0
resstock-amy2018-2021-release-1-330722,0.0,0.7427017,0.0,0.0,0.4023285,0.0,0.0,0.0,0.0,0.0,0.0,0.0,0.0,0.0,0.0,0.0,0.0,0.0,13.5,0.0,-0.0,0.0,0.0,-0.0,0.0,-0.0,0.0,0.0,-0.0,0.0,4.4012313,0.7427017,0.0,0.3387091,0.7410376,0.1948262,0.40423512,0.0,0.0,0.0,0.26291,0.1383698,0.5454988,0.0,0.7410376,0.0,0.7410376,0.7410376,0.3387091,-0.0,7.2,17.911171,21.11111,21.11111,2.0
resstock-amy2018-2021-release-1-330722,0.0,0.7427017,0.0,0.0,0.4023285,0.0,0.0,0.0,0.0,0.0,0.0,0.0,0.0,0.0,0.0,0.0,0.0,0.0,13.5,0.0,-0.0,0.0,0.0,-0.0,0.0,-0.0,0.0,0.0,-0.0,0.0,4.4012313,0.7427017,0.0,0.33888006,0.74120855,0.2010202,0.4139724,0.0,0.0,0.0,0.271206,0.1383698,0.55851,0.0,0.74120855,0.0,0.74120855,0.74120855,0.33888006,-0.0,7.2,17.741028,21.11111,21.11111,2.0
resstock-amy2018-2021-release-1-330722,0.0,0.75920767,1.2273957,0.0,0.39338708,1.3067212,0.0,0.0,0.0,0.0,0.0,0.0,0.0,0.0,0.0,0.0,0.0,0.0,13.5,0.0,-0.0,0.0,0.0,-0.0,0.0,-0.0,0.0,0.0,-0.0,0.0,4.4012313,0.75920767,0.0,0.39273483,2.092843,0.5884518,1.1746134,0.0,0.0,0.0,0.2811734,0.1383698,0.5612525,0.0,2.092843,0.0,2.092843,2.092843,0.39273483,-0.0,8.9,18.098927,21.11111,21.11111,2.0
resstock-amy2018-2021-release-1-330722,0.0,0.76435184,0.4987211,0.0,0.3907572,0.530953,0.0,0.0,0.0,0.0,0.0,0.0,0.0,0.0,0.0,0.0,0.0,0.0,13.5,0.0,-0.0,0.0,0.0,-0.0,0.0,-0.0,0.0,0.0,-0.0,0.0,4.4012313,0.76435184,0.0,0.41505015,1.3367603,0.37998748,0.73799014,0.0,0.0,0.0,0.28426,0.1383698,0.55207366,0.0,1.3367603,0.0,1.3367603,1.3367603,0.41505015,-0.0,9.4,18.442799,21.11111,21.11111,2.0
resstock-amy2018-2021-release-1-330722,0.7734794,0.7899302,1.2721744,0.0,0.37865993,1.3543938,0.0,0.0,0.0,0.0,0.0,0.0,0.0,0.0,0.0,0.0,0.0,0.0,13.5,0.0,-0.0,0.0,0.0,-0.0,0.0,-0.0,0.0,0.0,-0.0,0.0,4.4012313,0.7899302,0.0,0.49155286,2.1712003,0.61988723,1.2040597,0.0,0.0,0.0,0.2855044,0.1383698,0.55455947,0.0,2.1712003,0.0,2.1712003,2.2246068,0.49155286,-0.0534065,11.7,19.06131,20.0,20.0,2.0
resstock-amy2018-2021-release-1-330722,0.030116739,0.83319634,0.0,0.0,0.361303,0.0,0.0,0.0,0.0,0.0,0.0,0.0,0.0,0.0,0.0,0.0,0.0,0.0,13.5,0.0,-0.0,0.0,0.0,-0.0,0.0,-0.0,0.0,0.0,-0.0,0.0,4.4012313,0.83319634,0.0,0.4914573,0.72141415,0.21527864,0.39919367,0.0,0.0,0.0,0.298412,0.1383698,0.55334884,0.0,0.72141415,0.0,0.72141415,0.8527603,0.4914573,-0.13134617,15.0,19.59515,20.0,20.0,2.0
resstock-amy2018-2021-release-1-330722,0.10740345,0.85925037,0.0,0.0,0.35236156,0.0,0.0,0.0,0.0,0.0,0.0,0.0,0.0,0.0,0.0,0.0,0.0,0.0,13.5,0.0,-0.0,0.0,0.0,-0.0,0.0,-0.0,0.0,0.0,-0.0,0.0,4.4012313,0.85925037,0.0,0.5596248,0.7213359,0.20594457,0.4028021,0.0,0.0,0.0,0.2855044,0.1383698,0.5584113,0.0,0.7213359,0.0,0.7213359,0.91198635,0.5596248,-0.19065048,16.7,20.331844,20.0,20.0,2.0
resstock-amy2018-2021-release-1-330722,0.36996922,0.8777653,0.0,0.0,0.34657592,0.0,0.0,0.0,0.0,0.0,0.0,0.0,0.0,0.0,0.0,0.0,0.0,0.0,13.5,0.0,-0.0,0.0,0.0,-0.0,0.0,-0.0,0.0,0.0,-0.0,0.0,4.4012313,0.8777653,0.0,0.56441003,0.6880107,0.19493599,0.38935152,0.0,0.0,0.0,0.2833328,0.1383698,0.5659091,0.0,0.6880107,0.0,0.6880107,0.91098595,0.56441003,-0.22297527,17.8,20.848282,20.0,20.0,2.0
resstock-amy2018-2021-release-1-330722,0.96739864,0.9073996,0.41387045,0.0,0.33816043,0.44061854,0.0,0.0,0.0,0.0,0.0,0.0,0.0,0.0,0.0,0.0,0.0,0.0,13.5,0.0,-0.0,0.0,0.0,-0.0,0.0,-0.0,0.0,0.0,-0.0,0.0,4.4012313,0.9073996,0.0,0.95619583,1.493779,0.41213557,0.8458019,0.0,0.0,0.0,0.27590132,0.1383698,0.56621623,0.0,1.493779,0.0,1.493779,1.7349749,0.95619583,-0.24119586,19.4,21.66291,20.0,20.0,2.0
resstock-amy2018-2021-release-1-330722,0.0,0.9194422,0.25043628,0.0,0.3350046,0.26662177,0.0,0.0,0.0,0.0,0.0,0.0,0.0,0.0,0.0,0.0,0.0,0.0,13.5,0.0,-0.0,0.0,0.0,-0.0,0.0,-0.0,0.0,0.0,-0.0,0.0,4.4012313,0.9194422,0.0,0.49877068,0.8643735,0.22972655,0.48836702,0.0,0.0,0.0,0.2657723,0.1383698,0.56499535,0.0,0.8643735,0.0,0.8643735,1.1003971,0.49877068,-0.23602358,20.0,22.302895,21.11111,21.11111,2.0
resstock-amy2018-2021-release-1-330722,0.20802474,0.9320471,0.0,0.0,0.3318488,0.0,0.0,0.0,0.0,0.0,0.0,0.0,0.0,0.0,0.0,0.0,0.0,0.0,13.5,0.0,-0.0,0.0,0.0,-0.0,0.0,-0.0,0.0,0.0,-0.0,0.0,4.4012313,0.9320471,0.0,0.49452254,0.615684,0.16697718,0.34781116,0.0,0.0,0.0,0.271206,0.1383698,0.56491834,0.0,0.615684,0.0,0.615684,0.8263713,0.49452254,-0.21068735,20.6,23.156319,21.11111,21.11111,2.0
resstock-amy2018-2021-release-1-330722,0.7395937,0.9194422,1.9275293,0.0,0.3350046,2.052104,0.0,0.0,0.0,0.0,0.0,0.0,0.0,0.0,0.0,0.0,0.0,0.0,13.5,0.0,-0.0,0.0,0.0,-0.0,0.0,-0.0,0.0,0.0,-0.0,0.0,4.4012313,0.9194422,0.0,0.6157973,2.8431985,0.8058142,1.6222602,0.0,0.0,0.0,0.2834182,0.1383698,0.5705758,0.0,2.8431985,0.0,2.8431985,3.0029058,0.6157973,-0.15970723,20.0,23.63301,21.11111,21.11111,2.0
resstock-amy2018-2021-release-1-330722,0.0,0.8866622,0.0,0.0,0.34394607,0.0,0.0,0.0,0.0,0.0,0.0,0.0,0.0,0.0,0.0,0.0,0.0,0.0,13.5,0.0,-0.0,0.0,0.0,-0.0,0.0,-0.0,0.0,0.0,-0.0,0.0,4.4012313,0.8866622,0.0,2.2514267,2.51318,0.71562296,1.452171,0.0,0.0,0.0,0.284748,0.1383698,0.5778221,0.0,2.51318,0.0,2.51318,2.5953727,2.2514267,-0.08219275,18.3,23.802464,22.777779,22.777779,2.0
resstock-amy2018-2021-release-1-330722,0.0,0.85925037,1.5420094,0.0,0.35236156,1.6416681,0.0,0.0,0.0,0.0,0.0,0.0,0.0,0.0,0.0,0.0,0.0,0.0,13.5,0.0,-0.0,0.0,0.0,-0.0,0.0,-0.0,0.0,0.0,-0.0,0.0,4.4012313,0.85925037,0.0,0.47272134,2.4571905,0.7568476,1.4317639,0.0,0.0,0.0,0.3080134,0.1383698,0.5826833,0.0,2.4571905,0.0,2.4571905,2.4667509,0.47272134,-0.009560332,16.7,23.722006,24.444445,24.444445,2.0
resstock-amy2018-2021-release-1-330722,0.0,0.83319634,1.5499065,0.0,0.361303,1.6500757,0.0,0.0,0.0,0.0,0.0,0.0,0.0,0.0,0.0,0.0,0.0,0.0,13.5,0.0,-0.0,0.0,0.0,-0.0,0.0,-0.0,0.0,0.0,-0.0,0.0,4.4012313,0.83319634,0.0,0.61671597,2.6280947,0.9378356,1.5198063,0.0,0.0,0.0,0.35685,0.1383698,0.5782921,0.0,2.6280947,0.0,2.6280947,2.6280947,0.61671597,-0.0,15.0,23.805641,24.444445,24.444445,2.0
resstock-amy2018-2021-release-1-330722,0.0,0.80982697,1.1565138,0.0,0.37024447,1.2312583,0.0,0.0,0.0,0.0,0.0,0.0,0.0,0.0,0.0,0.0,0.0,0.0,13.5,0.0,-0.0,0.0,0.0,-0.0,0.0,-0.0,0.0,0.0,-0.0,0.0,4.4012313,0.80982697,0.0,0.60572416,2.2072268,0.78764886,1.2734824,0.0,0.0,0.0,0.35685,0.1383698,0.5769604,0.0,2.2072268,0.0,2.2072268,2.2072268,0.60572416,-0.0,13.3,23.753231,24.444445,24.444445,2.0
resstock-amy2018-2021-release-1-330722,3.115716,0.7899302,0.0,0.0,0.37865993,0.0,0.0,0.0,0.0,0.0,0.0,0.0,0.0,0.0,0.0,0.0,0.0,0.0,13.5,0.0,-0.0,0.0,0.0,-0.0,0.0,-0.0,0.0,0.0,-0.0,0.0,4.4012313,0.7899302,0.0,0.5741033,0.9527632,0.31673452,0.5516449,0.0,0.0,0.0,0.3324378,0.1383698,0.57899475,0.0,0.9527632,0.0,0.9527632,0.9527632,0.5741033,-0.0,11.7,23.365992,20.643518,20.643518,2.0
resstock-amy2018-2021-release-1-330722,0.2643713,0.7959474,0.0,0.0,0.3760301,0.0,0.0,0.0,0.0,0.0,0.0,0.0,0.0,0.0,0.0,0.0,0.0,0.0,13.5,0.0,-0.0,0.0,0.0,-0.0,0.0,-0.0,0.0,0.0,-0.0,0.0,4.4012313,0.7959474,0.0,0.6273819,1.003412,0.2852299,0.58495224,0.0,0.0,0.0,0.28426,0.1383698,0.58296317,0.0,1.003412,0.0,1.003412,1.003412,0.6273819,-0.0,12.2,23.159836,21.430555,21.430555,2.0
resstock-amy2018-2021-release-1-330722,0.0,0.7899302,0.0,0.0,0.37865993,0.0,0.0,0.0,0.0,0.0,0.0,0.0,0.0,0.0,0.0,0.0,0.0,0.0,13.5,0.0,-0.0,0.0,0.0,-0.0,0.0,-0.0,0.0,0.0,-0.0,0.0,4.4012313,0.7899302,0.0,0.49628696,0.8749469,0.24441063,0.51714224,0.0,0.0,0.0,0.2793434,0.1383698,0.5910556,0.0,0.8749469,0.0,0.8749469,0.8749469,0.49628696,-0.0,11.7,22.601059,21.62037,21.62037,2.0
resstock-amy2018-2021-release-1-330722,0.0,0.7829354,0.0,0.0,0.38181576,0.0,0.0,0.0,0.0,0.0,0.0,0.0,0.0,0.0,0.0,0.0,0.0,0.0,13.5,0.0,-0.0,0.0,0.0,-0.0,0.0,-0.0,0.0,0.0,-0.0,0.0,4.4012313,0.7829354,0.0,0.42038545,0.8022012,0.21756178,0.48014927,0.0,0.0,0.0,0.271206,0.1383698,0.5985397,0.0,0.8022012,0.0,0.8022012,0.8022012,0.42038545,-0.0,11.1,21.904333,21.11111,21.11111,2.0
resstock-amy2018-2021-release-1-330722,0.0,0.76435184,0.38557926,0.0,0.3907572,0.41049892,0.0,0.0,0.0,0.0,0.0,0.0,0.0,0.0,0.0,0.0,0.0,0.0,13.5,0.0,-0.0,0.0,0.0,-0.0,0.0,-0.0,0.0,0.0,-0.0,0.0,4.4012313,0.76435184,0.0,0.34643605,1.1476922,0.32836178,0.6676785,0.0,0.0,0.0,0.28610614,0.1383698,0.5817574,0.0,1.1476922,0.0,1.1476922,1.1476922,0.34643605,-0.0,9.4,21.149126,21.11111,21.11111,2.0
resstock-amy2018-2021-release-1-330722,0.0,0.7772859,0.0,0.0,0.3844456,0.0,0.0,0.0,0.0,0.0,0.0,0.0,0.0,0.0,0.0,0.0,0.0,0.0,13.5,0.0,-0.0,0.0,0.0,-0.0,0.0,-0.0,0.0,0.0,-0.0,0.0,4.4012313,0.7772859,0.0,0.34443307,0.7288787,0.20301166,0.4364541,0.0,0.0,0.0,0.278526,0.1383698,0.5988021,0.0,0.7288787,0.0,0.7288787,0.7288787,0.34443307,-0.0,10.6,20.721884,21.11111,21.11111,2.0
resstock-amy2018-2021-release-1-330722,0.0,0.7772859,0.0,0.0,0.3844456,0.0,0.0,0.0,0.0,0.0,0.0,0.0,0.0,0.0,0.0,0.0,0.0,0.0,13.5,0.0,-0.0,0.0,0.0,-0.0,0.0,-0.0,0.0,0.0,-0.0,0.0,4.4012313,0.7772859,0.0,0.34260106,0.72704667,0.19735684,0.43398362,0.0,0.0,0.0,0.27145,0.1383698,0.59691304,0.0,0.72704667,0.0,0.72704667,0.72704667,0.34260106,-0.0,10.6,20.28706,21.11111,21.11111,2.0
resstock-amy2018-2021-release-1-330722,0.0,0.76435184,0.38558364,0.0,0.3907572,0.41050357,0.0,0.0,0.0,0.0,0.0,0.0,0.0,0.0,0.0,0.0,0.0,0.0,13.5,0.0,-0.0,0.0,0.0,-0.0,0.0,-0.0,0.0,0.0,-0.0,0.0,4.4012313,0.76435184,0.0,0.34071207,1.1419728,0.2910409,0.67601794,0.0,0.0,0.0,0.254858,0.1383698,0.5919738,0.0,1.1419728,0.0,1.1419728,1.1419728,0.34071207,-0.0,9.4,19.76919,21.11111,21.11111,2.0
resstock-amy2018-2021-release-1-330722,0.0,0.7427017,0.0,0.0,0.4023285,0.0,0.0,0.0,0.0,0.0,0.0,0.0,0.0,0.0,0.0,0.0,0.0,0.0,13.5,0.0,-0.0,0.0,0.0,-0.0,0.0,-0.0,0.0,0.0,-0.0,0.0,4.4012313,0.7427017,0.0,0.3387091,0.7410376,0.18498091,0.43292245,0.0,0.0,0.0,0.2496242,0.1383698,0.5842112,0.0,0.7410376,0.0,0.7410376,0.7410376,0.3387091,-0.0,7.2,19.13316,21.11111,21.11111,2.0
resstock-amy2018-2021-release-1-330722,0.0,0.7532134,0.0,0.0,0.39654285,0.0,0.0,0.0,0.0,0.0,0.0,0.0,0.0,0.0,0.0,0.0,0.0,0.0,13.5,0.0,-0.0,0.0,0.0,-0.0,0.0,-0.0,0.0,0.0,-0.0,0.0,4.4012313,0.7532134,0.0,0.33888006,0.7354229,0.18338196,0.42349514,0.0,0.0,0.0,0.2493558,0.1383698,0.5758525,0.0,0.7354229,0.0,0.7354229,0.7354229,0.33888006,-0.0,8.3,19.02259,21.11111,21.11111,2.0
resstock-amy2018-2021-release-1-330722,0.0,0.7483609,1.7437891,0.0,0.3991727,1.8564887,0.0,0.0,0.0,0.0,0.0,0.0,0.0,0.0,0.0,0.0,0.0,0.0,13.5,0.0,-0.0,0.0,0.0,-0.0,0.0,-0.0,0.0,0.0,-0.0,0.0,4.4012313,0.7483609,0.0,0.44252667,2.698188,0.6821246,1.5262966,0.0,0.0,0.0,0.2528084,0.1383698,0.56567466,0.0,2.698188,0.0,2.698188,2.698188,0.44252667,-0.0,7.8,18.979052,21.11111,21.11111,2.0
resstock-amy2018-2021-release-1-330722,0.0,0.77071196,0.0,0.0,0.3876014,0.0,0.0,0.0,0.0,0.0,0.0,0.0,0.0,0.0,0.0,0.0,0.0,0.0,13.5,0.0,-0.0,0.0,0.0,-0.0,0.0,-0.0,0.0,0.0,-0.0,0.0,4.4012313,0.77071196,0.0,2.2911623,2.6787636,0.72737914,1.5008956,0.0,0.0,0.0,0.2715354,0.1383698,0.56029415,0.0,2.6787636,0.0,2.6787636,2.6787636,2.2911623,-0.0,10.0,19.029964,21.023148,21.023148,2.0
resstock-amy2018-2021-release-1-330722,1.2795734,0.7772859,1.7249714,0.0,0.3844456,1.8364549,0.0,0.0,0.0,0.0,0.0,0.0,0.0,0.0,0.0,0.0,0.0,0.0,13.5,0.0,-0.0,0.0,0.0,-0.0,0.0,-0.0,0.0,0.0,-0.0,0.0,4.4012313,0.7772859,0.0,0.41973948,2.6362865,0.7120821,1.4693274,0.0,0.0,0.0,0.270108,0.1383698,0.5573474,0.0,2.6362865,0.0,2.6362865,2.64064,0.41973948,-0.004353486,10.6,18.928879,19.425926,19.425926,2.0
resstock-amy2018-2021-release-1-330722,0.0,0.7899302,0.0,0.0,0.37865993,0.0,0.0,0.0,0.0,0.0,0.0,0.0,0.0,0.0,0.0,0.0,0.0,0.0,13.5,0.0,-0.0,0.0,0.0,-0.0,0.0,-0.0,0.0,0.0,-0.0,0.0,4.4012313,0.7899302,0.0,0.41937828,0.78187776,0.21979542,0.4422251,0.0,0.0,0.0,0.28111225,0.1383698,0.56559366,0.0,0.78187776,0.0,0.78187776,0.79803824,0.41937828,-0.016160496,11.7,19.169743,20.555555,20.555555,2.0
resstock-amy2018-2021-release-1-330722,0.0,0.81779486,0.38558474,0.0,0.36708868,0.41050476,0.0,0.0,0.0,0.0,0.0,0.0,0.0,0.0,0.0,0.0,0.0,0.0,13.5,0.0,-0.0,0.0,0.0,-0.0,0.0,-0.0,0.0,0.0,-0.0,0.0,4.4012313,0.81779486,0.0,0.48825794,1.2089581,0.32431093,0.69065285,0.0,0.0,0.0,0.26825655,0.1383698,0.57127935,0.0,1.2089581,0.0,1.2089581,1.2658513,0.48825794,-0.056893155,13.9,19.656164,20.555555,20.555555,2.0
resstock-amy2018-2021-release-1-330722,0.0,0.80982697,1.1567434,0.0,0.37024447,1.2315028,0.0,0.0,0.0,0.0,0.0,0.0,0.0,0.0,0.0,0.0,0.0,0.0,13.5,0.0,-0.0,0.0,0.0,-0.0,0.0,-0.0,0.0,0.0,-0.0,0.0,4.4012313,0.80982697,0.0,0.4914671,2.0095108,0.52051944,1.1435709,0.0,0.0,0.0,0.25902793,0.1383698,0.5690793,0.0,2.0095108,0.0,2.0095108,2.0932143,0.4914671,-0.08370351,13.3,19.924221,20.555555,20.555555,2.0
resstock-amy2018-2021-release-1-330722,0.0,0.803405,0.0,0.0,0.3728743,0.0,0.0,0.0,0.0,0.0,0.0,0.0,0.0,0.0,0.0,0.0,0.0,0.0,13.5,0.0,-0.0,0.0,0.0,-0.0,0.0,-0.0,0.0,0.0,-0.0,0.0,4.4012313,0.803405,0.0,0.4986313,0.7725778,0.19821729,0.43934223,0.0,0.0,0.0,0.2565661,0.1383698,0.5686705,0.0,0.7725778,0.0,0.7725778,0.8715056,0.4986313,-0.09892777,12.8,20.20071,20.555555,20.555555,2.0
resstock-amy2018-2021-release-1-330722,0.0,0.81779486,0.5358603,0.0,0.36708868,0.5704925,0.0,0.0,0.0,0.0,0.0,0.0,0.0,0.0,0.0,0.0,0.0,0.0,13.5,0.0,-0.0,0.0,0.0,-0.0,0.0,-0.0,0.0,0.0,-0.0,0.0,4.4012313,0.81779486,0.0,0.49877068,1.3628714,0.31424725,0.78518546,0.0,0.0,0.0,0.23057732,0.1383698,0.57612586,0.0,1.3628714,0.0,1.3628714,1.4363519,0.49877068,-0.0734805,13.9,20.620466,20.555555,20.555555,2.0
resstock-amy2018-2021-release-1-330722,0.0,0.81779486,0.0,0.0,0.36708868,0.0,0.0,0.0,0.0,0.0,0.0,0.0,0.0,0.0,0.0,0.0,0.0,0.0,13.5,0.0,-0.0,0.0,0.0,-0.0,0.0,-0.0,0.0,0.0,-0.0,0.0,4.4012313,0.81779486,0.0,0.49452254,0.73747927,0.17643008,0.42371592,0.0,0.0,0.0,0.23923394,0.1383698,0.5745462,0.0,0.73747927,0.0,0.73747927,0.86161125,0.49452254,-0.124131985,13.9,20.978037,21.11111,21.11111,2.0
resstock-amy2018-2021-release-1-330722,0.58344805,0.81779486,1.7473735,0.0,0.36708868,1.8603047,0.0,0.0,0.0,0.0,0.0,0.0,0.0,0.0,0.0,0.0,0.0,0.0,13.5,0.0,-0.0,0.0,0.0,-0.0,0.0,-0.0,0.0,0.0,-0.0,0.0,4.4012313,0.81779486,0.0,0.6157973,2.7744966,0.74636734,1.5572523,0.0,0.0,0.0,0.26901,0.1383698,0.5612738,0.0,2.7744966,0.0,2.7744966,2.8431907,0.6157973,-0.068694,13.9,21.577797,21.11111,21.11111,2.0
resstock-amy2018-2021-release-1-330722,0.3143601,0.80982697,1.1948895,0.0,0.37024447,1.2721143,0.0,0.0,0.0,0.0,0.0,0.0,0.0,0.0,0.0,0.0,0.0,0.0,13.5,0.0,-0.0,0.0,0.0,-0.0,0.0,-0.0,0.0,0.0,-0.0,0.0,4.4012313,0.80982697,0.0,0.62317497,2.2463179,0.643115,1.2217363,0.0,0.0,0.0,0.2862974,0.1383698,0.543884,0.0,2.2463179,0.0,2.2463179,2.2655337,0.62317497,-0.019215815,13.3,21.849545,21.11111,21.11111,2.0
resstock-amy2018-2021-release-1-330722,0.92676634,0.803405,0.38558453,0.0,0.3728743,0.41050452,0.0,0.0,0.0,0.0,0.0,0.0,0.0,0.0,0.0,0.0,0.0,0.0,13.5,0.0,-0.0,0.0,0.0,-0.0,0.0,-0.0,0.0,0.0,-0.0,0.0,4.4012313,0.803405,0.0,0.6944981,1.4728231,0.44455722,0.78806734,0.0,0.0,0.0,0.3018402,0.1383698,0.5350726,0.0,1.4728231,0.0,1.4728231,1.4778769,0.6944981,-0.0050537647,12.8,22.054192,20.0,20.0,2.0
resstock-amy2018-2021-release-1-330722,0.94231063,0.7959474,1.3113843,0.0,0.3760301,1.396138,0.0,0.0,0.0,0.0,0.0,0.0,0.0,0.0,0.0,0.0,0.0,0.0,13.5,0.0,-0.0,0.0,0.0,-0.0,0.0,-0.0,0.0,0.0,-0.0,0.0,4.4012313,0.7959474,0.0,0.61671597,2.388884,0.7941845,1.2722079,0.0,0.0,0.0,0.33245,0.1383698,0.5325532,0.0,2.388884,0.0,2.388884,2.388884,0.61671597,-0.0,12.2,22.043446,20.0,20.0,2.0
resstock-amy2018-2021-release-1-330722,0.38107187,0.7829354,1.9278907,0.0,0.38181576,2.0524886,0.0,0.0,0.0,0.0,0.0,0.0,0.0,0.0,0.0,0.0,0.0,0.0,13.5,0.0,-0.0,0.0,0.0,-0.0,0.0,-0.0,0.0,0.0,-0.0,0.0,4.4012313,0.7829354,0.0,0.60572416,3.0400286,1.0697021,1.5821928,0.0,0.0,0.0,0.3518724,0.1383698,0.5204533,0.0,3.0400286,0.0,3.0400286,3.0400286,0.60572416,-0.0,11.1,22.022398,20.0,20.0,2.0
resstock-amy2018-2021-release-1-330722,0.0,0.7829354,1.8021799,0.0,0.38181576,1.9186532,0.0,0.0,0.0,0.0,0.0,0.0,0.0,0.0,0.0,0.0,0.0,0.0,13.5,0.0,-0.0,0.0,0.0,-0.0,0.0,-0.0,0.0,0.0,-0.0,0.0,4.4012313,0.7829354,0.0,0.5741033,2.8745723,0.9942283,1.4739355,0.0,0.0,0.0,0.34587,0.1383698,0.5127495,0.0,2.8745723,0.0,2.8745723,2.8745723,0.5741033,-0.0,11.1,21.888079,20.63889,20.63889,2.0
resstock-amy2018-2021-release-1-330722,0.0,0.7829354,1.156755,0.0,0.38181576,1.231515,0.0,0.0,0.0,0.0,0.0,0.0,0.0,0.0,0.0,0.0,0.0,0.0,13.5,0.0,-0.0,0.0,0.0,-0.0,0.0,-0.0,0.0,0.0,-0.0,0.0,4.4012313,0.7829354,0.0,0.44851446,2.0618453,0.6326909,1.058326,0.0,0.0,0.0,0.30685663,0.1383698,0.5132907,0.0,2.0618453,0.0,2.0618453,2.0618453,0.44851446,-0.0,11.1,21.63247,21.152779,21.152779,2.0
resstock-amy2018-2021-release-1-330722,0.0,0.75920767,0.0,0.0,0.39338708,0.0,0.0,0.0,0.0,0.0,0.0,0.0,0.0,0.0,0.0,0.0,0.0,0.0,13.5,0.0,-0.0,0.0,0.0,-0.0,0.0,-0.0,0.0,0.0,-0.0,0.0,4.4012313,0.75920767,0.0,0.4255669,0.818954,0.2402864,0.42264292,0.0,0.0,0.0,0.29340646,0.1383698,0.5160765,0.0,0.818954,0.0,0.818954,0.818954,0.4255669,-0.0,8.9,21.027489,21.625,21.625,2.0
resstock-amy2018-2021-release-1-330722,0.0,0.7532134,0.38558367,0.0,0.39654285,0.41050363,0.0,0.0,0.0,0.0,0.0,0.0,0.0,0.0,0.0,0.0,0.0,0.0,13.5,0.0,-0.0,0.0,0.0,-0.0,0.0,-0.0,0.0,0.0,-0.0,0.0,4.4012313,0.7532134,0.0,0.37884125,1.1858877,0.33041632,0.6129165,0.0,0.0,0.0,0.2786236,0.1383698,0.51684195,0.0,1.1858877,0.0,1.1858877,1.1858877,0.37884125,-0.0,8.3,20.481033,21.11111,21.11111,2.0
resstock-amy2018-2021-release-1-330722,0.0,0.76435184,0.0,0.0,0.3907572,0.0,0.0,0.0,0.0,0.0,0.0,0.0,0.0,0.0,0.0,0.0,0.0,0.0,13.5,0.0,-0.0,0.0,0.0,-0.0,0.0,-0.0,0.0,0.0,-0.0,0.0,4.4012313,0.76435184,0.0,0.34643605,0.7371932,0.2019818,0.37002313,0.0,0.0,0.0,0.2739876,0.1383698,0.50193506,0.0,0.7371932,0.0,0.7371932,0.7371932,0.34643605,-0.0,9.4,20.094688,21.11111,21.11111,2.0
resstock-amy2018-2021-release-1-330722,0.0,0.7427017,0.0,0.0,0.4023285,0.0,0.0,0.0,0.0,0.0,0.0,0.0,0.0,0.0,0.0,0.0,0.0,0.0,13.5,0.0,-0.0,0.0,0.0,-0.0,0.0,-0.0,0.0,0.0,-0.0,0.0,4.4012313,0.7427017,0.0,0.34443307,0.74676156,0.20141473,0.38718045,0.0,0.0,0.0,0.2697176,0.1383698,0.51847935,0.0,0.74676156,0.0,0.74676156,0.74676156,0.34443307,-0.0,7.2,19.120335,21.11111,21.11111,2.0
resstock-amy2018-2021-release-1-330722,0.0,0.7483609,0.0,0.0,0.3991727,0.0,0.0,0.0,0.0,0.0,0.0,0.0,0.0,0.0,0.0,0.0,0.0,0.0,13.5,0.0,-0.0,0.0,0.0,-0.0,0.0,-0.0,0.0,0.0,-0.0,0.0,4.4012313,0.7483609,0.0,0.96453494,1.3637077,0.37357244,0.7079614,0.0,0.0,0.0,0.2739388,0.1383698,0.51914454,0.0,1.3637077,0.0,1.3637077,1.3637077,0.96453494,-0.0,7.8,18.630596,21.11111,21.11111,2.0
resstock-amy2018-2021-release-1-330722,0.0,0.80315214,0.0,0.0,0.3729795,0.0,0.0,0.0,0.0,0.0,0.0,0.0,0.0,0.0,0.0,0.0,0.0,0.0,13.5,0.0,-0.0,0.0,0.0,-0.0,0.0,-0.0,0.0,0.0,-0.0,0.0,4.4012313,0.80315214,0.0,0.35738903,0.7303685,0.19902483,0.3789573,0.0,0.0,0.0,0.2724992,0.1383698,0.51885766,0.0,0.7303685,0.0,0.7303685,0.7303685,0.35738903,-0.0,12.78,19.178562,21.11111,21.11111,2.0
resstock-amy2018-2021-release-1-330722,0.0,0.76476943,0.0,0.0,0.39054686,0.0,0.0,0.0,0.0,0.0,0.0,0.0,0.0,0.0,0.0,0.0,0.0,0.0,13.5,0.0,-0.0,0.0,0.0,-0.0,0.0,-0.0,0.0,0.0,-0.0,0.0,4.4012313,0.76476943,0.0,0.3387091,0.7292559,0.19976258,0.37939528,0.0,0.0,0.0,0.2739266,0.1383698,0.52024984,0.0,0.7292559,0.0,0.7292559,0.7292559,0.3387091,-0.0,9.44,18.823765,21.11111,21.11111,2.0
resstock-amy2018-2021-release-1-330722,0.0,0.7532134,1.9239249,0.0,0.39654285,2.0482666,0.0,0.0,0.0,0.0,0.0,0.0,0.0,0.0,0.0,0.0,0.0,0.0,13.5,0.0,-0.0,0.0,0.0,-0.0,0.0,-0.0,0.0,0.0,-0.0,0.0,4.4012313,0.7532134,0.0,0.33888006,2.7836895,0.77896154,1.4440432,0.0,0.0,0.0,0.2798306,0.1383698,0.5187515,0.0,2.7836895,0.0,2.7836895,2.7836895,0.33888006,-0.0,8.3,18.588783,21.11111,21.11111,2.0
resstock-amy2018-2021-release-1-330722,0.0,0.7427017,0.0,0.0,0.4023285,0.0,0.0,0.0,0.0,0.0,0.0,0.0,0.0,0.0,0.0,0.0,0.0,0.0,13.5,0.0,-0.0,0.0,0.0,-0.0,0.0,-0.0,0.0,0.0,-0.0,0.0,4.4012313,0.7427017,0.0,0.44252667,0.8448552,0.25628936,0.43482527,0.0,0.0,0.0,0.303353,0.1383698,0.5146743,0.0,0.8448552,0.0,0.8448552,0.8448552,0.44252667,-0.0,7.2,18.506567,21.11111,21.11111,2.0
resstock-amy2018-2021-release-1-330722,0.0,0.7483609,5.531941,0.0,0.3991727,5.8894653,0.0,0.0,0.0,0.0,0.0,0.0,0.0,0.0,0.0,0.0,0.0,0.0,13.5,0.0,-0.0,0.0,0.0,-0.0,0.0,-0.0,0.0,0.0,-0.0,0.0,4.4012313,0.7483609,0.0,0.34683496,6.6354733,2.3116064,3.4071872,0.0,0.0,0.0,0.348371,0.1383698,0.51348066,0.0,6.6354733,0.0,6.6354733,6.6354733,0.34683496,-0.0,7.8,17.99168,21.027779,21.027779,2.0
resstock-amy2018-2021-release-1-330722,0.8692548,0.7772859,1.0590473,0.0,0.3844456,1.1274927,0.0,0.0,0.0,0.0,0.0,0.0,0.0,0.0,0.0,0.0,0.0,0.0,13.5,0.0,-0.0,0.0,0.0,-0.0,0.0,-0.0,0.0,0.0,-0.0,0.0,4.4012313,0.7772859,0.0,0.41973948,1.8995396,0.65212715,0.9822895,0.0,0.0,0.0,0.343308,0.1383698,0.51711977,0.0,1.8995396,0.0,1.8995396,1.9316777,0.41973948,-0.03213815,10.6,18.46354,19.458334,19.458334,2.0
resstock-amy2018-2021-release-1-330722,0.0,0.7959474,0.0,0.0,0.3760301,0.0,0.0,0.0,0.0,0.0,0.0,0.0,0.0,0.0,0.0,0.0,0.0,0.0,13.5,0.0,-0.0,0.0,0.0,-0.0,0.0,-0.0,0.0,0.0,-0.0,0.0,4.4012313,0.7959474,0.0,0.41937828,0.7084459,0.2484874,0.3692114,0.0,0.0,0.0,0.35075,0.1383698,0.5211568,0.0,0.7084459,0.0,0.7084459,0.79540837,0.41937828,-0.08696244,12.2,18.886826,20.555555,20.555555,2.0
resstock-amy2018-2021-release-1-330722,0.0,0.7959474,0.0,0.0,0.3760301,0.0,0.0,0.0,0.0,0.0,0.0,0.0,0.0,0.0,0.0,0.0,0.0,0.0,13.5,0.0,-0.0,0.0,0.0,-0.0,0.0,-0.0,0.0,0.0,-0.0,0.0,4.4012313,0.7959474,0.0,0.48825794,0.716101,0.22203118,0.37466243,0.0,0.0,0.0,0.31005567,0.1383698,0.52319777,0.0,0.716101,0.0,0.716101,0.86428803,0.48825794,-0.14818703,12.2,19.400684,20.555555,20.555555,2.0
resstock-amy2018-2021-release-1-330722,0.0,0.8246639,0.16017215,0.0,0.36445883,0.17052394,0.0,0.0,0.0,0.0,0.0,0.0,0.0,0.0,0.0,0.0,0.0,0.0,13.5,0.0,-0.0,0.0,0.0,-0.0,0.0,-0.0,0.0,0.0,-0.0,0.0,4.4012313,0.8246639,0.0,0.88771373,1.2046521,0.37317553,0.6312754,0.0,0.0,0.0,0.3097787,0.1383698,0.52403134,0.0,1.2046521,0.0,1.2046521,1.4226966,0.88771373,-0.21804452,14.4,20.025257,21.11111,21.11111,2.0
resstock-amy2018-2021-release-1-330722,0.0,0.8246639,0.33613423,0.0,0.36445883,0.3578583,0.0,0.0,0.0,0.0,0.0,0.0,0.0,0.0,0.0,0.0,0.0,0.0,13.5,0.0,-0.0,0.0,0.0,-0.0,0.0,-0.0,0.0,0.0,-0.0,0.0,4.4012313,0.8246639,0.0,0.4986313,0.98500955,0.29094857,0.5176377,0.0,0.0,0.0,0.2953764,0.1383698,0.52551544,0.0,0.98500955,0.0,0.98500955,1.2209485,0.4986313,-0.2359389,14.4,20.43027,21.666666,21.666666,2.0
resstock-amy2018-2021-release-1-330722,0.0,0.8497198,0.20134163,0.0,0.35551736,0.21435417,0.0,0.0,0.0,0.0,0.0,0.0,0.0,0.0,0.0,0.0,0.0,0.0,13.5,0.0,-0.0,0.0,0.0,-0.0,0.0,-0.0,0.0,0.0,-0.0,0.0,4.4012313,0.8497198,0.0,0.49877068,0.8384131,0.24787901,0.44305173,0.0,0.0,0.0,0.2956526,0.1383698,0.52844083,0.0,0.8384131,0.0,0.8384131,1.0686421,0.49877068,-0.23022908,16.1,21.308498,22.222221,22.222221,2.0
resstock-amy2018-2021-release-1-330722,0.0,0.8777653,0.0,0.0,0.34657592,0.0,0.0,0.0,0.0,0.0,0.0,0.0,0.0,0.0,0.0,0.0,0.0,0.0,13.5,0.0,-0.0,0.0,0.0,-0.0,0.0,-0.0,0.0,0.0,-0.0,0.0,4.4012313,0.8777653,0.0,0.49452254,0.6507435,0.1939433,0.34245253,0.0,0.0,0.0,0.29803342,0.1383698,0.5262481,0.0,0.6507435,0.0,0.6507435,0.8410984,0.49452254,-0.19035493,17.8,22.167328,22.777779,22.777779,2.0
resstock-amy2018-2021-release-1-330722,0.0,0.86749274,0.0,0.0,0.3497317,0.0,0.0,0.0,0.0,0.0,0.0,0.0,0.0,0.0,0.0,0.0,0.0,0.0,13.5,0.0,-0.0,0.0,0.0,-0.0,0.0,-0.0,0.0,0.0,-0.0,0.0,4.4012313,0.86749274,0.0,0.6157973,0.8112136,0.24879442,0.43196726,0.0,0.0,0.0,0.3066941,0.1383698,0.5324951,0.0,0.8112136,0.0,0.8112136,0.96552896,0.6157973,-0.15431538,17.2,22.931808,23.333334,23.333334,2.0
resstock-amy2018-2021-release-1-330722,0.0,0.85925037,0.0,0.0,0.35236156,0.0,0.0,0.0,0.0,0.0,0.0,0.0,0.0,0.0,0.0,0.0,0.0,0.0,13.5,0.0,-0.0,0.0,0.0,-0.0,0.0,-0.0,0.0,0.0,-0.0,0.0,4.4012313,0.85925037,0.0,0.7129976,0.981328,0.31410268,0.5355875,0.0,0.0,0.0,0.3200792,0.1383698,0.5457783,0.0,0.981328,0.0,0.981328,1.0653591,0.7129976,-0.084031135,16.7,23.563509,23.88889,23.88889,2.0
resstock-amy2018-2021-release-1-330722,0.0,0.81779486,0.77129984,0.0,0.36708868,0.8211483,0.0,0.0,0.0,0.0,0.0,0.0,0.0,0.0,0.0,0.0,0.0,0.0,13.5,0.0,-0.0,0.0,0.0,-0.0,0.0,-0.0,0.0,0.0,-0.0,0.0,4.4012313,0.81779486,0.0,2.6132834,3.7884293,1.2848271,2.1335447,0.0,0.0,0.0,0.33914506,0.1383698,0.56317395,0.0,3.7884293,0.0,3.7884293,3.80152,2.6132834,-0.0130909635,13.9,23.405258,23.88889,23.88889,2.0
resstock-amy2018-2021-release-1-330722,0.0,0.80982697,0.0,0.0,0.37024447,0.0,0.0,0.0,0.0,0.0,0.0,0.0,0.0,0.0,0.0,0.0,0.0,0.0,13.5,0.0,-0.0,0.0,0.0,-0.0,0.0,-0.0,0.0,0.0,-0.0,0.0,4.4012313,0.80982697,0.0,0.8673652,1.2376096,0.4482735,0.67102283,0.0,0.0,0.0,0.36220914,0.1383698,0.54219264,0.0,1.2376096,0.0,1.2376096,1.2376096,0.8673652,-0.0,13.3,23.484123,23.88889,23.88889,2.0
resstock-amy2018-2021-release-1-330722,0.0,0.803405,0.0,0.0,0.3728743,0.0,0.0,0.0,0.0,0.0,0.0,0.0,0.0,0.0,0.0,0.0,0.0,0.0,13.5,0.0,-0.0,0.0,0.0,-0.0,0.0,-0.0,0.0,0.0,-0.0,0.0,4.4012313,0.803405,0.0,0.8488175,1.2216918,0.43596074,0.6510868,0.0,0.0,0.0,0.35685,0.1383698,0.53293866,0.0,1.2216918,0.0,1.2216918,1.2216918,0.8488175,-0.0,12.8,23.318096,23.88889,23.88889,2.0
resstock-amy2018-2021-release-1-330722,2.597991,0.7829354,0.0,0.0,0.38181576,0.0,0.0,0.0,0.0,0.0,0.0,0.0,0.0,0.0,0.0,0.0,0.0,0.0,13.5,0.0,-0.0,0.0,0.0,-0.0,0.0,-0.0,0.0,0.0,-0.0,0.0,4.4012313,0.7829354,0.0,0.78717995,1.1689957,0.37129188,0.6201535,0.0,0.0,0.0,0.3176161,0.1383698,0.53050107,0.0,1.1689957,0.0,1.1689957,1.1689957,0.78717995,-0.0,11.1,22.810825,20.63426,20.63426,2.0
resstock-amy2018-2021-release-1-330722,0.45006397,0.7899302,0.0,0.0,0.37865993,0.0,0.0,0.0,0.0,0.0,0.0,0.0,0.0,0.0,0.0,0.0,0.0,0.0,13.5,0.0,-0.0,0.0,0.0,-0.0,0.0,-0.0,0.0,0.0,-0.0,0.0,4.4012313,0.7899302,0.0,0.7168157,1.0954757,0.32790545,0.5734871,0.0,0.0,0.0,0.299327,0.1383698,0.5235051,0.0,1.0954757,0.0,1.0954757,1.0954757,0.7168157,-0.0,11.7,22.465807,21.152779,21.152779,2.0
resstock-amy2018-2021-release-1-330722,0.0,0.7899302,1.5425841,0.0,0.37865993,1.64228,0.0,0.0,0.0,0.0,0.0,0.0,0.0,0.0,0.0,0.0,0.0,0.0,13.5,0.0,-0.0,0.0,0.0,-0.0,0.0,-0.0,0.0,0.0,-0.0,0.0,4.4012313,0.7899302,0.0,0.567007,2.587947,0.7628359,1.28847,0.0,0.0,0.0,0.2947649,0.1383698,0.49787343,0.0,2.587947,0.0,2.587947,2.587947,0.567007,-0.0,11.7,21.952457,21.625,21.625,2.0
resstock-amy2018-2021-release-1-330722,0.07770148,0.81021845,0.38565105,0.0,0.3700867,0.41057536,0.0,0.0,0.0,0.0,0.0,0.0,0.0,0.0,0.0,0.0,0.0,0.0,13.5,0.0,-0.0,0.0,0.0,-0.0,0.0,-0.0,0.0,0.0,-0.0,0.0,4.4012313,0.81021845,0.0,0.42038545,1.2010475,0.33934376,0.555943,0.0,0.0,0.0,0.2825398,0.1383698,0.46288177,0.0,1.2010475,0.0,1.2010475,1.2010475,0.42038545,-0.0,13.33,21.622704,21.11111,21.11111,2.0
resstock-amy2018-2021-release-1-330722,0.0,0.75920767,0.0,0.0,0.39338708,0.0,0.0,0.0,0.0,0.0,0.0,0.0,0.0,0.0,0.0,0.0,0.0,0.0,13.5,0.0,-0.0,0.0,0.0,-0.0,0.0,-0.0,0.0,0.0,-0.0,0.0,4.4012313,0.75920767,0.0,0.37782818,0.77121526,0.21449561,0.36008474,0.0,0.0,0.0,0.27812678,0.1383698,0.46690562,0.0,0.77121526,0.0,0.77121526,0.77121526,0.37782818,-0.0,8.9,20.74541,21.11111,21.11111,2.0
