bld_id,cooling demand,heating demand,dhw demand,cooling electricity consumption,heating electricity consumption,dhw electricity consumption,heating fuel consumption,dhw fuel consumption,dhw storage electricity consumption,positive dhw storage electricity consumption,negative dhw storage electricity consumption,dhw soc storage,dhw capacity,dhw stored energy (?),electrical storage electricity consumption,positive electrical storage electricity consumption,negative electrical storage electricity consumption,electrical storage soc,electrical capacity history,stored electrical energy,energy from electrical storage,energy to electrical storage,energy from cooling device,energy from dhw device,energy from dhw device to dhw storage,energy from dhw storage,energy from heating fuel device to heating storage,energy from heating device to heating storage,energy from heating storage,heating storage soc,heating storage capacity,energy from heating device,energy from heating fuel device,energy to non shiftable load,net electricity consumption,net electricity cost,net electricity emission,net fuel consumption,net fuel cost,net fuel emission,electricity price,fuel price,electricity carbon intensity,fuel carbon intensity,positive net electricity consumption,negative net electricity consumption,net electricity consumption without storage,net electricity consumption without storage and pv,non shiftable load,solar generation,outdoor_temperature,indoor_temperature,heating_sp,cooling_sp,comfort_band
resstock-amy2018-2021-release-1-82426,0.0,1.8045588,0.3731896,0.0,0.9179232,0.39455903,1.9339265,0.0,0.0,0.0,0.0,0.0,0.0,0.0,0.0,0.0,0.0,0.0,10.5,0.0,-0.0,0.0,0.0,-0.0,0.0,-0.0,0.0,0.0,-0.0,0.0,7.023573,1.8045588,1.8045588,0.32632127,1.6388035,0.53662294,0.86248606,1.9339265,0.26759702,0.40465137,0.327448,0.1383698,0.5262901,0.20923825,1.6388035,0.0,1.6388035,1.6388035,0.32632127,-0.0,8.9,21.666666,21.666666,21.666666,2.0
resstock-amy2018-2021-release-1-82426,0.0,2.0732725,0.3731927,0.0,1.0714002,0.3945623,0.0,0.0,0.0,0.0,0.0,0.0,0.0,0.0,0.0,0.0,0.0,0.0,10.5,0.0,-0.0,0.0,0.0,-0.0,0.0,-0.0,0.0,0.0,-0.0,0.0,7.023573,2.0732725,0.0,0.32522175,1.7911842,0.5760087,0.97393984,0.0,0.0,0.0,0.3215798,0.1383698,0.54374075,0.0,1.7911842,0.0,1.7911842,1.7911842,0.32522175,-0.0,8.3,21.666666,21.666666,21.666666,2.0
resstock-amy2018-2021-release-1-82426,0.0,2.264109,0.0,0.0,2.4651291,0.0,1.0777016,0.0,0.0,0.0,0.0,0.0,0.0,0.0,1.2444407,1.2444407,0.0,0.112803,10.499968528747559,1.1844279208789743,-0.0,1.2444407,0.0,-0.0,0.0,-0.0,3.5117865,3.5117865,-0.0,0.48260626,7.023573,2.264109,0.0,0.32412225,4.033692,1.2817016,2.1683295,1.0777016,0.14912134,0.2254964,0.317749,0.1383698,0.53755456,0.20923826,4.033692,0.0,0.9744735,0.9744735,0.32412225,-0.0,8.3,21.666666,21.666666,21.666666,2.0
resstock-amy2018-2021-release-1-82426,0.0,2.4980044,0.0,0.0,0.0,0.0,0.0,0.0,0.0,0.0,0.0,0.0,0.0,0.0,-0.7275692,0.0,-0.7275692,0.03953352,10.499950408935547,0.4150999811656959,0.7275692,0.0,0.0,-0.0,0.0,-0.0,0.0,0.0,2.4980044,0.11211844,7.023573,0.0,0.0,0.32302272,-0.4045465,-0.12848008,0.0,0.0,0.0,0.0,0.3175904,0.1383698,0.5345587,0.0,0.0,-0.4045465,1.6509995,1.6509995,0.32302272,-0.0,7.2,21.666666,21.666666,21.666666,2.0
resstock-amy2018-2021-release-1-82426,0.0,2.6401734,0.0,0.0,2.4651291,0.0,1.654851,0.0,0.0,0.0,0.0,0.0,0.0,0.0,1.2412703,1.2412703,0.0,0.15189473,10.499918937683105,1.5948823868133246,-0.0,1.2412703,0.0,-0.0,0.0,-0.0,3.5117865,3.5117865,-0.0,0.5942579,7.023573,2.6401734,0.0,0.3219232,4.0283227,1.2789634,2.1653059,1.654851,0.22898139,0.34625813,0.3174928,0.1383698,0.53752047,0.20923826,4.0283227,0.0,0.90828323,0.90828323,0.3219232,-0.0,6.95,21.666666,21.666666,21.666666,2.0
resstock-amy2018-2021-release-1-82426,0.0,1.4638351,2.6421816,0.0,6.417798e-08,2.7934773,0.0,0.0,0.0,0.0,0.0,0.0,0.0,0.0,-1.1184943,0.0,-1.1184943,0.039380547,10.49989128112793,0.41349145851331315,1.1184943,0.0,0.0,-0.0,0.0,-0.0,0.0,0.0,1.463835,0.37585464,7.023573,1.1920929e-07,0.0,0.4214919,2.0964751,0.6656158,1.1244044,0.0,0.0,0.0,0.3174928,0.1383698,0.53633094,0.0,2.0964751,0.0,4.003045,4.003045,0.4214919,-0.0,6.7,21.666666,21.666666,21.666666,2.0
resstock-amy2018-2021-release-1-82426,0.0,1.7855318,0.61650914,0.0,0.0,0.6518114,0.0,0.0,0.0,0.0,0.0,0.0,0.0,0.0,0.0,0.0,0.0,0.039201166,10.49989128112793,0.41160798614158267,-0.0,0.0,0.0,-0.0,0.0,-0.0,0.0,0.0,1.7855318,0.11090748,7.023573,0.0,0.0,2.0959287,2.74774,0.8706445,1.4900237,0.0,0.0,0.0,0.3168584,0.1383698,0.54227245,0.0,2.74774,0.0,3.669722,3.669722,2.0959287,-0.0,8.33,21.666666,21.666666,21.666666,2.0
resstock-amy2018-2021-release-1-82426,0.0,3.2502785,0.0,0.0,1.4243987,0.0,0.0,0.0,0.0,0.0,0.0,0.0,0.0,0.0,0.0,0.0,0.0,0.039022602,10.49989128112793,0.40973307998619646,-0.0,0.0,0.0,-0.0,0.0,-0.0,0.0,0.0,0.7487381,0.0,7.023573,2.5015404,0.0,0.32632127,1.7507199,0.5560118,0.95724857,0.0,0.0,0.0,0.3175904,0.1383698,0.54677427,0.0,1.7507199,0.0,2.1770577,2.1770577,0.32632127,-0.0,4.4,21.666666,21.666666,21.666666,2.0
resstock-amy2018-2021-release-1-82426,0.0,2.7363331,0.0,0.0,1.3922573,0.0,0.0,0.0,0.0,0.0,0.0,0.0,0.0,0.0,0.0,0.0,0.0,0.03884485,10.49989128112793,0.4078667009320114,-0.0,0.0,0.0,-0.0,0.0,-0.0,0.0,0.0,-0.0,0.0,7.023573,2.7363331,0.0,0.3274208,1.6706412,0.52782804,0.91644555,0.0,0.0,0.0,0.3159434,0.1383698,0.5485592,0.0,1.6706412,0.0,1.6706412,1.7196782,0.3274208,-0.04903702,8.89,21.666666,21.666666,21.666666,2.0
resstock-amy2018-2021-release-1-82426,0.0,2.550778,0.74638206,0.0,1.2596291,0.7891211,0.0,0.0,0.0,0.0,0.0,0.0,0.0,0.0,0.0,0.0,0.0,0.038667906,10.49989128112793,0.4060088098638843,-0.0,0.0,0.0,-0.0,0.0,-0.0,0.0,0.0,-0.0,0.0,7.023573,2.550778,0.0,0.3274208,2.223145,0.702388,1.2528181,0.0,0.0,0.0,0.3159434,0.1383698,0.56353414,0.0,2.223145,0.0,2.223145,2.376171,0.3274208,-0.15302606,10.0,21.666666,21.666666,21.666666,2.0
resstock-amy2018-2021-release-1-82426,0.0,2.22743,1.8659353,0.0,1.0819137,1.9727818,0.0,0.0,0.0,0.0,0.0,0.0,0.0,0.0,0.0,0.0,0.0,0.038491767,10.49989128112793,0.40415936766667215,-0.0,0.0,0.0,-0.0,0.0,-0.0,0.0,0.0,-0.0,0.0,7.023573,2.22743,0.0,0.32632127,3.139879,0.95670545,1.8213102,0.0,0.0,0.0,0.304695,0.1383698,0.58005744,0.0,3.139879,0.0,3.139879,3.3810167,0.32632127,-0.24113777,10.6,21.666666,21.666666,21.666666,2.0
resstock-amy2018-2021-release-1-82426,0.0,1.9280452,0.0,0.0,0.9234836,0.0,0.0,0.0,0.0,0.0,0.0,0.0,0.0,0.0,0.0,0.0,0.0,0.038316432,10.49989128112793,0.4023183743403749,-0.0,0.0,0.0,-0.0,0.0,-0.0,0.0,0.0,-0.0,0.0,7.023573,1.9280452,0.0,0.32632127,0.9452169,0.27791268,0.5542216,0.0,0.0,0.0,0.29402,0.1383698,0.5863433,0.0,0.9452169,0.0,0.9452169,1.2498049,0.32632127,-0.30458793,11.1,21.666666,21.666666,21.666666,2.0
resstock-amy2018-2021-release-1-82426,0.0,1.2455765,0.0,0.0,0.5781052,0.0,0.0,0.0,0.0,0.0,0.0,0.0,0.0,0.0,0.0,0.0,0.0,0.038141895,10.49989128112793,0.40048575165470623,-0.0,0.0,0.0,-0.0,0.0,-0.0,0.0,0.0,-0.0,0.0,7.023573,1.2455765,0.0,0.32852033,0.5980571,0.17912409,0.34047115,0.0,0.0,0.0,0.29951,0.1383698,0.5692954,0.0,0.5980571,0.0,0.5980571,0.9066255,0.32852033,-0.30856842,12.2,21.666666,21.666666,21.666666,2.0
resstock-amy2018-2021-release-1-82426,0.0,0.7378906,0.0,0.0,0.3364988,0.0,0.0,0.0,0.0,0.0,0.0,0.0,0.0,0.0,0.0,0.0,0.0,0.037968155,10.49989128112793,0.39866149960966624,-0.0,0.0,0.0,-0.0,0.0,-0.0,0.0,0.0,-0.0,0.0,7.023573,0.7378906,0.0,0.32852033,0.36929703,0.1074048,0.20800483,0.0,0.0,0.0,0.2908358,0.1383698,0.56324536,0.0,0.36929703,0.0,0.36929703,0.66501915,0.32852033,-0.29572213,12.8,21.666666,21.666666,21.666666,2.0
resstock-amy2018-2021-release-1-82426,0.0,0.4406046,0.0,0.0,0.20092805,0.0,0.0,0.0,0.0,0.0,0.0,0.0,0.0,0.0,0.0,0.0,0.0,0.037795205,10.49989128112793,0.39684553997496863,-0.0,0.0,0.0,-0.0,0.0,-0.0,0.0,0.0,-0.0,0.0,7.023573,0.4406046,0.0,0.32852033,0.27627146,0.08501442,0.15656462,0.0,0.0,0.0,0.3077206,0.1383698,0.56670576,0.0,0.27627146,0.0,0.27627146,0.5294484,0.32852033,-0.25317693,12.8,21.578632,21.666666,21.666666,2.0
resstock-amy2018-2021-release-1-82426,0.0,2.1040165,0.0,0.0,0.9452908,0.0,0.0,0.0,0.0,0.0,0.0,0.0,0.0,0.0,0.0,0.0,0.0,0.037623044,10.49989128112793,0.3950378727506134,-0.0,0.0,0.0,-0.0,0.0,-0.0,0.0,0.0,-0.0,0.0,7.023573,2.1040165,0.0,0.3274208,1.1015068,0.3501505,0.63288397,0.0,0.0,0.0,0.3178832,0.1383698,0.574562,0.0,1.1015068,0.0,1.1015068,1.2727116,0.3274208,-0.17120482,13.3,22.946915,21.666666,21.666666,2.0
resstock-amy2018-2021-release-1-82426,0.0,2.0536866,0.0,0.0,0.96703064,0.0,0.0,0.0,0.0,0.0,0.0,0.0,0.0,0.0,0.0,0.0,0.0,0.037451666,10.49989128112793,0.39323841970631435,-0.0,0.0,0.0,-0.0,0.0,-0.0,0.0,0.0,-0.0,0.0,7.023573,2.0536866,0.0,0.7538526,1.6607221,0.53928196,0.9848414,0.0,0.0,0.0,0.3247274,0.1383698,0.59301996,0.0,1.6607221,0.0,1.6607221,1.7208833,0.7538526,-0.060161106,11.7,22.754253,21.666666,21.666666,2.0
resstock-amy2018-2021-release-1-82426,0.0,1.0268433,0.0,0.0,0.48351532,0.0,0.0,0.0,0.0,0.0,0.0,0.0,0.0,0.0,0.0,0.0,0.0,0.037281066,10.49989128112793,0.3914471417269283,-0.0,0.0,0.0,-0.0,0.0,-0.0,0.0,0.0,-0.0,0.0,7.023573,1.0268433,0.0,1.4693214,1.9528368,0.68105024,1.1946309,0.0,0.0,0.0,0.3487492,0.1383698,0.6117413,0.0,1.9528368,0.0,1.9528368,1.9528368,1.4693214,-0.0,11.7,22.31908,21.666666,21.666666,2.0
resstock-amy2018-2021-release-1-82426,0.0,1.0108405,0.0,0.0,0.49098837,0.0,0.0,0.0,0.0,0.0,0.0,0.0,0.0,0.0,0.0,0.0,0.0,0.037111245,10.49989128112793,0.38966403881245526,-0.0,0.0,0.0,-0.0,0.0,-0.0,0.0,0.0,-0.0,0.0,7.023573,1.0108405,0.0,1.7011329,2.1921213,0.80897564,1.2835039,0.0,0.0,0.0,0.3690378,0.1383698,0.5855077,0.0,2.1921213,0.0,2.1921213,2.1921213,1.7011329,-0.0,10.6,22.025257,21.666666,21.666666,2.0
resstock-amy2018-2021-release-1-82426,0.0,1.0108405,0.0,0.0,0.49098837,0.0,0.0,0.0,0.0,0.0,0.0,0.0,0.0,0.0,0.0,0.0,0.0,0.036942203,10.49989128112793,0.38788911096289524,-0.0,0.0,0.0,-0.0,0.0,-0.0,0.0,0.0,-0.0,0.0,7.023573,1.0108405,0.0,1.7554393,2.2464275,0.8658235,1.18237,0.0,0.0,0.0,0.3854224,0.1383698,0.52633345,0.0,2.2464275,0.0,2.2464275,2.2464275,1.7554393,-0.0,10.6,21.756603,21.666666,21.666666,2.0
resstock-amy2018-2021-release-1-82426,0.0,1.0108405,0.0,0.0,0.49098837,0.0,0.0,0.0,0.0,0.0,0.0,0.0,0.0,0.0,0.0,0.0,0.0,0.036773928,10.49989128112793,0.3861222408328189,-0.0,0.0,0.0,-0.0,0.0,-0.0,0.0,0.0,-0.0,0.0,7.023573,1.0108405,0.0,1.5640583,2.0550466,0.77095073,1.0779771,0.0,0.0,0.0,0.37515,0.1383698,0.52455115,0.0,2.0550466,0.0,2.0550466,2.0550466,1.5640583,-0.0,10.6,21.352371,21.666666,21.666666,2.0
resstock-amy2018-2021-release-1-82426,0.0,0.98035145,0.0,0.0,0.5066139,0.0,0.0,0.0,0.0,0.0,0.0,0.0,0.0,0.0,0.0,0.0,0.0,0.03660642,10.49989128112793,0.38436342842222615,-0.0,0.0,0.0,-0.0,0.0,-0.0,0.0,0.0,-0.0,0.0,7.023573,0.98035145,0.0,0.8087992,1.3154131,0.4425247,0.6795243,0.0,0.0,0.0,0.336415,0.1383698,0.51658624,0.0,1.3154131,0.0,1.3154131,1.3154131,0.8087992,-0.0,8.3,20.47715,21.666666,21.666666,2.0
resstock-amy2018-2021-release-1-82426,0.0,0.9612156,0.3731919,0.0,0.51748383,0.39456147,0.0,0.0,0.0,0.0,0.0,0.0,0.0,0.0,0.0,0.0,0.0,0.036439676,10.49989128112793,0.38261263461597395,-0.0,0.0,0.0,-0.0,0.0,-0.0,0.0,0.0,-0.0,0.0,7.023573,0.9612156,0.0,0.33071935,1.2427647,0.39928415,0.62896943,0.0,0.0,0.0,0.321287,0.1383698,0.506105,0.0,1.2427647,0.0,1.2427647,1.2427647,0.33071935,-0.0,6.7,19.559393,21.666666,21.666666,2.0
resstock-amy2018-2021-release-1-82426,0.0,3.951785,0.0,0.0,2.4651291,0.0,1.2995558,0.0,0.0,0.0,0.0,0.0,0.0,0.0,1.2415184,1.2415184,0.0,0.14883547,10.499859809875488,1.562751520513629,-0.0,1.2415184,0.0,-0.0,0.0,-0.0,2.1070719,2.1070719,-0.0,0.28956378,7.023573,3.951785,0.0,0.5015987,4.208246,1.3337263,2.0476904,1.2995558,0.17981927,0.27191678,0.3169316,0.1383698,0.48658997,0.20923825,4.208246,0.0,1.8949256,1.8949256,0.5015987,-0.0,8.9,21.16602,21.666666,21.666666,2.0
resstock-amy2018-2021-release-1-82426,1.65028,0.9879463,2.5888586,0.0,0.0,2.7371008,0.0,0.0,0.0,0.0,0.0,0.0,0.0,0.0,-1.0878946,0.0,-1.0878946,0.03939253,10.499832153320312,0.41361496273475495,1.0878946,0.0,0.0,-0.0,0.0,-0.0,0.0,0.0,0.98794633,0.14262705,7.023573,0.0,0.0,0.32632127,1.9755275,0.62608296,0.9993755,0.0,0.0,0.0,0.3169194,0.1383698,0.5058778,0.0,1.9755275,0.0,3.56596,3.56596,0.32632127,-0.0,8.9,19.16764,20.0,20.0,2.0
resstock-amy2018-2021-release-1-82426,0.0,0.98035145,0.0,0.0,2.3213916,0.0,0.0,0.0,0.0,0.0,0.0,0.0,0.0,0.0,1.2412816,1.2412816,0.0,0.15175532,10.499800682067871,1.5934005919227872,-0.0,1.2412816,0.0,-0.0,0.0,-0.0,3.5117865,3.5117865,-0.0,0.6246395,7.023573,0.98035145,0.0,0.32522175,3.887895,1.2318174,1.8816682,0.0,0.0,0.0,0.316834,0.1383698,0.48398122,0.0,3.887895,0.0,0.83183575,0.83183575,0.32522175,-0.0,8.3,18.305122,20.0,20.0,2.0
resstock-amy2018-2021-release-1-82426,0.0,3.8681142,0.0,0.0,2.4651291,0.0,2.9394772,0.0,0.0,0.0,0.0,0.0,0.0,0.0,1.2322708,1.2322708,0.0,0.2628617,10.499770164489746,2.7599874231391652,-0.0,1.2322708,0.0,-0.0,0.0,-0.0,2.7503142,2.7503142,-0.0,1.0,7.023573,3.8681142,0.0,0.32412225,4.021522,1.2388299,2.0218933,2.9394772,0.40673488,0.6150511,0.30805,0.1383698,0.50276816,0.20923826,4.021522,0.0,1.3271427,1.3271427,0.32412225,-0.0,7.2,19.557224,20.0,20.0,2.0
resstock-amy2018-2021-release-1-82426,0.0,0.96702856,0.0,0.0,0.0,0.0,0.0,0.0,0.0,0.0,0.0,0.0,0.0,0.0,-1.2233609,0.0,-1.2233609,0.13943605,10.499739646911621,1.4640422355132188,1.2233609,0.0,0.0,-0.0,0.0,-0.0,0.0,0.0,0.9670287,0.85319096,7.023573,0.0,0.0,0.32302272,-0.9003382,-0.27734917,0.0,0.0,0.0,0.0,0.30805,0.1383698,0.514535,0.0,0.0,-0.9003382,0.8371098,0.8371098,0.32302272,-0.0,7.2,17.90797,20.0,20.0,2.0
resstock-amy2018-2021-release-1-82426,0.0,3.8448625,0.0,0.0,2.4651291,0.0,2.9768553,0.0,0.0,0.0,0.0,0.0,0.0,0.0,1.2332588,1.2332588,0.0,0.25068024,10.499709129333496,2.632069583561332,-0.0,1.2332588,0.0,-0.0,0.0,-0.0,1.0941359,1.0941359,-0.0,1.0,7.023573,3.8448625,0.0,0.35716534,4.0555534,1.2784556,2.1752913,2.9768553,0.41190687,0.622872,0.3152358,0.1383698,0.5363735,0.20923825,4.0555534,0.0,2.2332513,2.2332513,0.35716534,-0.0,6.7,18.81229,20.0,20.0,2.0
resstock-amy2018-2021-release-1-82426,0.0,0.96702856,0.0,0.0,0.0,0.0,0.0,0.0,0.0,0.0,0.0,0.0,0.0,0.0,-1.2243378,0.0,-1.2243378,0.12720391,10.499678611755371,1.33560018935853,1.2243378,0.0,0.0,-0.0,0.0,-0.0,0.0,0.0,0.9670287,0.85319096,7.023573,0.0,0.0,0.3219232,-0.9024146,-0.2844734,0.0,0.0,0.0,0.0,0.3152358,0.1383698,0.548662,0.0,0.0,-0.9024146,0.83601016,0.83601016,0.3219232,-0.0,7.2,17.708511,20.0,20.0,2.0
resstock-amy2018-2021-release-1-82426,0.0,3.9214058,0.97412795,0.0,0.0,1.0299081,0.0,0.0,0.0,0.0,0.0,0.0,0.0,0.0,-0.87274706,0.0,-0.87274706,0.039358545,10.499656677246094,0.41325121081055727,0.87274706,0.0,0.0,-0.0,0.0,-0.0,0.0,0.0,3.921406,0.2711954,7.023573,0.0,0.0,0.59844637,0.75560737,0.25014156,0.416008,0.0,0.0,0.0,0.331047,0.1383698,0.5505611,0.0,0.75560737,0.0,3.6548102,3.6548102,0.59844637,-0.0,8.3,18.383755,20.0,20.0,2.0
resstock-amy2018-2021-release-1-82426,0.0,0.9879463,0.0,0.0,0.0,0.0,0.0,0.0,0.0,0.0,0.0,0.0,0.0,0.0,0.0,0.0,0.0,0.03917926,10.499656677246094,0.41136879749311106,-0.0,0.0,0.0,-0.0,0.0,-0.0,0.0,0.0,0.98794633,0.12433516,7.023573,0.0,0.0,0.6515692,0.6515692,0.21877635,0.36337465,0.0,0.0,0.0,0.3357684,0.1383698,0.5576916,0.0,0.6515692,0.0,1.1541069,1.1541069,0.6515692,-0.0,8.9,17.511387,20.0,20.0,2.0
resstock-amy2018-2021-release-1-82426,0.0,3.9778502,2.4287074,0.0,1.5752573,2.567779,0.0,0.0,0.0,0.0,0.0,0.0,0.0,0.0,0.0,0.0,0.0,0.039000798,10.499656677246094,0.4094949893148794,-0.0,0.0,0.0,-0.0,0.0,-0.0,0.0,0.0,0.83938855,0.0,7.023573,3.1384616,0.0,0.67466664,4.770932,1.6638588,2.713226,0.0,0.0,0.0,0.3487492,0.1383698,0.56869936,0.0,4.770932,0.0,5.1922383,5.2390094,0.67466664,-0.046770975,9.4,18.393318,20.0,20.0,2.0
resstock-amy2018-2021-release-1-82426,0.0,1.0268433,0.0,0.0,0.48351532,0.0,0.0,0.0,0.0,0.0,0.0,0.0,0.0,0.0,0.0,0.0,0.0,0.038823146,10.499656677246094,0.4076297080473239,-0.0,0.0,0.0,-0.0,0.0,-0.0,0.0,0.0,-0.0,0.0,7.023573,1.0268433,0.0,0.682976,1.0473382,0.35328582,0.6006462,0.0,0.0,0.0,0.3373178,0.1383698,0.57349783,0.0,1.0473382,0.0,1.0473382,1.1664913,0.682976,-0.11915304,11.7,17.566118,20.0,20.0,2.0
resstock-amy2018-2021-release-1-82426,0.0,7.187903,0.37354693,0.0,2.4651291,0.39493683,4.3508134,0.0,0.0,0.0,0.0,0.0,0.0,0.0,1.2413273,1.2413273,0.0,0.1511923,10.499625205993652,1.5874624060311504,-0.0,1.2413273,0.0,-0.0,0.0,-0.0,2.1070719,2.1070719,-0.0,0.28956378,7.023573,5.2352037,1.9526991,0.32632127,4.3168516,1.4152825,2.503997,4.3508134,0.60202116,0.91035664,0.3278506,0.1383698,0.5800517,0.20923826,4.3168516,0.0,2.083356,2.194219,0.32632127,-0.11086316,11.7,21.166725,20.0,20.0,2.0
resstock-amy2018-2021-release-1-82426,0.0,2.0877764,1.1206305,0.0,0.060618464,1.1847996,0.0,0.0,0.0,0.0,0.0,0.0,0.0,0.0,-1.1114682,0.0,-1.1114682,0.0393833,10.499597549438477,0.4135087964809401,1.1114682,0.0,0.0,-0.0,0.0,-0.0,0.0,0.0,1.9548494,0.0,7.023573,0.13292706,0.0,0.32632127,0.37722623,0.12257678,0.22442846,0.0,0.0,0.0,0.32494235,0.1383698,0.59494394,0.0,0.37722623,0.0,2.3801603,2.4632053,0.32632127,-0.08304491,12.8,19.358318,20.0,20.0,2.0
resstock-amy2018-2021-release-1-82426,0.0,1.0620804,0.37354654,0.0,0.46856922,0.3949364,0.0,0.0,0.0,0.0,0.0,0.0,0.0,0.0,0.0,0.0,0.0,0.039203905,10.499597549438477,0.4116252203426569,-0.0,0.0,0.0,-0.0,0.0,-0.0,0.0,0.0,-0.0,0.0,7.023573,1.0620804,0.0,0.32852033,1.1191342,0.36131078,0.6783154,0.0,0.0,0.0,0.3228485,0.1383698,0.6061073,0.0,1.1191342,0.0,1.1191342,1.192026,0.32852033,-0.07289182,13.9,19.049198,20.106482,20.106482,2.0
resstock-amy2018-2021-release-1-82426,0.0,7.364058,0.0,0.0,2.4651291,0.0,4.2699065,0.0,0.0,0.0,0.0,0.0,0.0,0.0,1.2412968,1.2412968,0.0,0.1515688,10.499566078186035,1.591406633206276,-0.0,1.2412968,0.0,-0.0,0.0,-0.0,2.1070719,2.1070719,-0.0,0.28956378,7.023573,5.486854,1.8772041,0.32852033,3.9700665,1.2812352,2.441487,4.2699065,0.5908261,0.8934278,0.32272387,0.1383698,0.61497384,0.20923826,3.9700665,0.0,1.7821064,1.8469863,0.32852033,-0.06487991,13.3,22.318249,21.11111,21.11111,2.0
resstock-amy2018-2021-release-1-82426,0.0,2.1040165,0.0,0.0,0.067017704,0.0,0.0,0.0,0.0,0.0,0.0,0.0,0.0,0.0,-1.1152341,0.0,-1.1152341,0.039381824,10.49953842163086,0.4134909787566414,1.1152341,0.0,0.0,-0.0,0.0,-0.0,0.0,0.0,1.9548494,0.0,7.023573,0.14916718,0.0,0.32852033,-0.75822264,-0.24813049,0.0,0.0,0.0,0.0,0.3272528,0.1383698,0.62078613,0.0,0.0,-0.75822264,1.2352846,1.2738111,0.32852033,-0.03852651,13.3,20.60753,21.11111,21.11111,2.0
resstock-amy2018-2021-release-1-82426,0.0,2.0689116,0.0,0.0,0.96023697,0.0,0.0,0.0,0.0,0.0,0.0,0.0,0.0,0.0,0.0,0.0,0.0,0.039202437,10.49953842163086,0.41160749145325326,-0.0,0.0,0.0,-0.0,0.0,-0.0,0.0,0.0,-0.0,0.0,7.023573,2.0689116,0.0,0.3274208,1.2634604,0.4186347,0.78363764,0.0,0.0,0.0,0.3313398,0.1383698,0.6202313,0.0,1.2634604,0.0,1.2634604,1.2876577,0.3274208,-0.024197355,12.2,20.125309,21.11111,21.11111,2.0
resstock-amy2018-2021-release-1-82426,0.0,2.0689116,0.0,0.0,0.96023697,0.0,0.0,0.0,0.0,0.0,0.0,0.0,0.0,0.0,0.0,0.0,0.0,0.039023865,10.49953842163086,0.40973257007833297,-0.0,0.0,0.0,-0.0,0.0,-0.0,0.0,0.0,-0.0,0.0,7.023573,2.0689116,0.0,1.5947063,2.547531,0.86622727,1.580703,0.0,0.0,0.0,0.3400262,0.1383698,0.62048435,0.0,2.547531,0.0,2.547531,2.5549433,1.5947063,-0.007412527,12.2,20.042543,21.222221,21.222221,2.0
resstock-amy2018-2021-release-1-82426,0.0,10.344558,0.0,0.0,2.4651291,0.0,5.394058,0.0,0.0,0.0,0.0,0.0,0.0,0.0,0.0,0.0,0.0,0.038846105,10.49953842163086,0.40786617551805193,-0.0,0.0,0.0,-0.0,0.0,-0.0,0.0,0.0,-0.0,0.0,7.023573,5.311329,5.033229,1.4693214,3.9344506,1.6056099,2.435089,5.394058,0.7463747,1.1286434,0.40809,0.1383698,0.61891466,0.20923826,3.9344506,0.0,3.9344506,3.9344506,1.4693214,0.0,12.2,24.893385,21.333334,21.333334,2.0
resstock-amy2018-2021-release-1-82426,0.0,2.0536866,0.0,0.0,0.96703064,0.0,0.0,0.0,0.0,0.0,0.0,0.0,0.0,0.0,0.0,0.0,0.0,0.038669158,10.49953842163086,0.40600830777241015,-0.0,0.0,0.0,-0.0,0.0,-0.0,0.0,0.0,-0.0,0.0,7.023573,2.0536866,0.0,1.7011329,2.6681635,1.0400234,1.6188661,0.0,0.0,0.0,0.38979,0.1383698,0.6067342,0.0,2.6681635,0.0,2.6681635,2.6681635,1.7011329,-0.0,11.7,21.944206,21.444445,21.444445,2.0
resstock-amy2018-2021-release-1-82426,0.0,1.0344558,0.0,0.0,0.48011848,0.0,0.0,0.0,0.0,0.0,0.0,0.0,0.0,0.0,0.0,0.0,0.0,0.038493015,10.49953842163086,0.4041588886137504,-0.0,0.0,0.0,-0.0,0.0,-0.0,0.0,0.0,-0.0,0.0,7.023573,1.0344558,0.0,1.7554393,2.2355578,0.8795802,1.3411013,0.0,0.0,0.0,0.39345,0.1383698,0.5998956,0.0,2.2355578,0.0,2.2355578,2.2355578,1.7554393,-0.0,12.2,21.338362,21.555555,21.555555,2.0
resstock-amy2018-2021-release-1-82426,0.0,1.0520083,0.0,0.0,0.4726454,0.0,0.0,0.0,0.0,0.0,0.0,0.0,0.0,0.0,0.0,0.0,0.0,0.038317673,10.49953842163086,0.402317878928244,-0.0,0.0,0.0,-0.0,0.0,-0.0,0.0,0.0,-0.0,0.0,7.023573,1.0520083,0.0,1.5640583,2.0367036,0.7043105,1.2086415,0.0,0.0,0.0,0.345809,0.1383698,0.5934303,0.0,2.0367036,0.0,2.0367036,2.0367036,1.5640583,-0.0,13.3,20.754673,21.666666,21.666666,2.0
resstock-amy2018-2021-release-1-82426,0.0,1.0179915,1.1206324,0.0,0.48759153,1.1848016,0.0,0.0,0.0,0.0,0.0,0.0,0.0,0.0,0.0,0.0,0.0,0.03814313,10.49953842163086,0.4004852396020624,-0.0,0.0,0.0,-0.0,0.0,-0.0,0.0,0.0,-0.0,0.0,7.023573,1.0179915,0.0,1.28468,2.9570732,0.97979605,1.733731,0.0,0.0,0.0,0.3313398,0.1383698,0.58629966,0.0,2.9570732,0.0,2.9570732,2.9570732,1.28468,-0.0,11.1,19.829197,20.648148,20.648148,2.0
resstock-amy2018-2021-release-1-82426,0.0,1.0179915,0.37354508,0.0,0.48759153,0.39493486,0.0,0.0,0.0,0.0,0.0,0.0,0.0,0.0,0.0,0.0,0.0,0.037969384,10.49953842163086,0.3986610097490342,-0.0,0.0,0.0,-0.0,0.0,-0.0,0.0,0.0,-0.0,0.0,7.023573,1.0179915,0.0,0.7254234,1.6079499,0.5237148,0.9297618,0.0,0.0,0.0,0.3257034,0.1383698,0.5782281,0.0,1.6079499,0.0,1.6079499,1.6079499,0.7254234,-0.0,11.1,19.023443,21.11111,21.11111,2.0
resstock-amy2018-2021-release-1-82426,0.0,4.043362,0.7470935,0.0,2.4651291,0.78987324,2.6577604,0.0,0.0,0.0,0.0,0.0,0.0,0.0,1.2413957,1.2413957,0.0,0.15034808,10.499506950378418,1.5785807338752846,-0.0,1.2413957,0.0,-0.0,0.0,-0.0,3.5117865,3.5117865,-0.0,0.48260626,7.023573,4.043362,0.0,0.3274208,4.8238187,1.5154027,2.745517,2.6577604,0.36775377,0.55610514,0.31415,0.1383698,0.56915843,0.20923825,4.8238187,0.0,1.876668,1.876668,0.3274208,-0.0,10.6,20.418468,20.555555,20.555555,2.0
resstock-amy2018-2021-release-1-82426,0.6323798,1.0108405,0.0,0.0,0.0,0.0,0.0,0.0,0.0,0.0,0.0,0.0,0.0,0.0,-1.1030241,0.0,-1.1030241,0.039386608,10.499479293823242,0.4135388720688269,1.1030241,0.0,0.0,-0.0,0.0,-0.0,0.0,0.0,1.0108405,0.3314887,7.023573,0.0,0.0,0.32632127,-0.7767029,-0.2305172,0.0,0.0,0.0,0.0,0.2967894,0.1383698,0.5344932,0.0,0.0,-0.7767029,0.8173096,0.8173096,0.32632127,-0.0,10.6,18.578827,18.88889,18.88889,2.0
resstock-amy2018-2021-release-1-82426,0.0,1.0108405,0.0,0.0,0.0,0.0,0.0,0.0,0.0,0.0,0.0,0.0,0.0,0.0,0.0,0.0,0.0,0.039207198,10.499479293823242,0.41165516069058583,-0.0,0.0,0.0,-0.0,0.0,-0.0,0.0,0.0,1.0108405,0.18100034,7.023573,0.0,0.0,0.32522175,0.32522175,0.08784103,0.17338684,0.0,0.0,0.0,0.2700958,0.1383698,0.5331342,0.0,0.32522175,0.0,0.81621015,0.81621015,0.32522175,-0.0,10.6,18.034616,18.88889,18.88889,2.0
resstock-amy2018-2021-release-1-82426,0.0,0.99446255,0.0,0.0,2.9916777e-08,0.0,0.0,0.0,0.0,0.0,0.0,0.0,0.0,0.0,0.0,0.0,0.0,0.039028604,10.499479293823242,0.4097800151925739,-0.0,0.0,0.0,-0.0,0.0,-0.0,0.0,0.0,0.9944625,0.03355443,7.023573,5.9604645e-08,0.0,0.32412225,0.32412228,0.076120116,0.17108561,0.0,0.0,0.0,0.23485,0.1383698,0.5278428,0.0,0.32412228,0.0,0.8232631,0.8232631,0.32412225,-0.0,9.4,17.399757,18.88889,18.88889,2.0
resstock-amy2018-2021-release-1-82426,0.0,0.99446255,0.0,0.0,2.2617774,0.0,0.0,0.0,0.0,0.0,0.0,0.0,0.0,0.0,1.2413108,1.2413108,0.0,0.15139546,10.4994478225708,1.5895686803761038,-0.0,1.2413108,0.0,-0.0,0.0,-0.0,3.5117865,3.5117865,-0.0,0.516021,7.023573,0.99446255,0.0,0.32302272,3.826111,0.8752229,2.0170567,0.0,0.0,0.0,0.22875,0.1383698,0.5271819,0.0,3.826111,0.0,0.8221638,0.8221638,0.32302272,-0.0,9.4,17.02118,18.88889,18.88889,2.0
resstock-amy2018-2021-release-1-82426,0.0,4.010069,0.0,0.0,0.25994924,0.0,0.0,0.0,0.0,0.0,0.0,0.0,0.0,0.0,1.2322998,1.2322998,0.0,0.26250586,10.499417304992676,2.7561585600805927,-0.0,1.2322998,0.0,-0.0,0.0,-0.0,0.0,0.0,3.4836657,0.0,7.023573,0.5264032,0.0,0.3219232,1.8141723,0.41196823,0.95395285,0.0,0.0,0.0,0.2270833,0.1383698,0.52583367,0.0,1.8141723,0.0,2.3021817,2.3021817,0.3219232,-0.0,10.0,18.38283,18.88889,18.88889,2.0
resstock-amy2018-2021-release-1-82426,0.0,0.98035145,1.3853297,0.0,0.5066139,1.4646559,0.0,0.0,0.0,0.0,0.0,0.0,0.0,0.0,-1.2233895,0.0,-1.2233895,0.1390787,10.49938678741455,1.460241133467406,1.2233895,0.0,0.0,-0.0,0.0,-0.0,0.0,0.0,-0.0,0.0,7.023573,0.98035145,0.0,0.4214919,1.1693722,0.3158425,0.6070071,0.0,0.0,0.0,0.2700958,0.1383698,0.51908803,0.0,1.1693722,0.0,2.3927617,2.3927617,0.4214919,-0.0,8.3,17.282753,18.88889,18.88889,2.0
resstock-amy2018-2021-release-1-82426,0.0,1.0025172,0.0,0.0,0.49506462,0.0,0.0,0.0,0.0,0.0,0.0,0.0,0.0,0.0,-0.9916589,0.0,-0.9916589,0.03929604,10.499361991882324,0.4125833325209882,0.9916589,0.0,0.0,-0.0,0.0,-0.0,0.0,0.0,-0.0,0.0,7.023573,1.0025172,0.0,0.59844637,0.10185206,0.03281445,0.05278704,0.0,0.0,0.0,0.3221776,0.1383698,0.5182717,0.0,0.10185206,0.0,1.093511,1.093511,0.59844637,-0.0,10.0,17.420322,19.453703,19.453703,2.0
resstock-amy2018-2021-release-1-82426,0.0,0.98035145,0.0,0.0,0.5066139,0.0,0.0,0.0,0.0,0.0,0.0,0.0,0.0,0.0,0.0,0.0,0.0,0.039117042,10.499361991882324,0.410703983749908,-0.0,0.0,0.0,-0.0,0.0,-0.0,0.0,0.0,-0.0,0.0,7.023573,0.98035145,0.0,0.6515692,1.1581831,0.3732113,0.60177493,0.0,0.0,0.0,0.3222386,0.1383698,0.5195853,0.0,1.1581831,0.0,1.1581831,1.1581831,0.6515692,-0.0,8.3,17.02613,20.0,20.0,2.0
resstock-amy2018-2021-release-1-82426,0.0,4.043362,0.0,0.0,2.4651291,0.0,1.1523426,0.0,0.0,0.0,0.0,0.0,0.0,0.0,1.2413037,1.2413037,0.0,0.15148291,10.499330520629883,1.5904691394541146,-0.0,1.2413037,0.0,-0.0,0.0,-0.0,2.1070719,2.1070719,-0.0,0.28956378,7.023573,4.043362,0.0,0.67466664,4.3799853,1.4547367,2.2843466,1.1523426,0.15944941,0.24111417,0.3321328,0.1383698,0.5215421,0.20923828,4.3799853,0.0,2.1152287,2.116343,0.67466664,-0.0011143561,10.6,17.939566,20.143518,20.143518,2.0
resstock-amy2018-2021-release-1-82426,0.0,1.0268433,3.517704,0.0,0.0,3.7191334,0.0,0.0,0.0,0.0,0.0,0.0,0.0,0.0,-1.1143751,0.0,-1.1143751,0.039382167,10.499302864074707,0.4134853004618222,1.1143751,0.0,0.0,-0.0,0.0,-0.0,0.0,0.0,1.0268433,0.13688937,7.023573,0.0,0.0,0.3274208,2.9191124,0.96508133,1.5479363,0.0,0.0,0.0,0.3306078,0.1383698,0.53027636,0.0,2.9191124,0.0,4.517003,4.53007,0.3274208,-0.013066577,11.7,17.051939,20.541666,20.541666,2.0
resstock-amy2018-2021-release-1-82426,0.0,1.0438882,0.0,0.0,0.054607518,0.0,0.0,0.0,0.0,0.0,0.0,0.0,0.0,0.0,0.0,0.0,0.0,0.03920278,10.499302864074707,0.4116018554145455,-0.0,0.0,0.0,-0.0,0.0,-0.0,0.0,0.0,0.92414224,0.0,7.023573,0.11974597,0.0,0.32632127,0.354257,0.11413366,0.1883965,0.0,0.0,0.0,0.3221776,0.1383698,0.5318074,0.0,0.354257,0.0,0.77569175,0.8023636,0.32632127,-0.026671806,12.8,17.053846,20.0,20.0,2.0
resstock-amy2018-2021-release-1-82426,0.0,1.0438882,0.0,0.0,1.4369261,0.0,0.0,0.0,0.0,0.0,0.0,0.0,0.0,0.0,1.2412968,1.2412968,0.0,0.15156768,10.499271392822266,1.5913502342490915,-0.0,1.2412968,0.0,-0.0,0.0,-0.0,2.1070719,2.1070719,-0.0,0.28956378,7.023573,1.0438882,0.0,0.32632127,2.9877172,0.92109525,1.5863705,0.0,0.0,0.0,0.308294,0.1383698,0.5309641,0.0,2.9877172,0.0,0.7855365,0.8023636,0.32632127,-0.016827064,12.8,16.743614,20.0,20.0,2.0
resstock-amy2018-2021-release-1-82426,0.0,4.107373,0.0,0.0,2.4651291,0.0,1.0494423,0.0,0.0,0.0,0.0,0.0,0.0,0.0,1.232286,1.232286,0.0,0.26267618,10.49924087524414,2.7579004798042206,-0.0,1.232286,0.0,-0.0,0.0,-0.0,2.1070719,2.1070719,-0.0,0.5779219,7.023573,4.107373,0.0,0.32852033,4.000894,1.20807,2.0962288,1.0494423,0.14521112,0.21958348,0.30195,0.1383698,0.5239401,0.20923826,4.000894,0.0,1.7764397,1.8014807,0.32852033,-0.025040982,11.7,18.314579,20.0,20.0,2.0
resstock-amy2018-2021-release-1-82426,0.0,1.0268433,0.747784,0.0,0.0,0.79060334,0.0,0.0,0.0,0.0,0.0,0.0,0.0,0.0,-1.2233758,0.0,-1.2233758,0.13924974,10.499210357666016,1.4620123338352187,1.2233758,0.0,0.0,-0.0,0.0,-0.0,0.0,0.0,1.0268433,0.42404693,7.023573,0.0,0.0,0.32852033,-0.12219596,-0.03686129,0.0,0.0,0.0,0.0,0.3016572,0.1383698,0.5114206,0.0,0.0,-0.12219596,1.5846951,1.6026388,0.32852033,-0.01794379,11.7,17.239079,20.0,20.0,2.0
resstock-amy2018-2021-release-1-82426,0.0,1.0329157,0.0,0.0,0.0,0.0,0.0,0.0,0.0,0.0,0.0,0.0,0.0,0.0,-0.99337167,0.0,-0.99337167,0.039295156,10.499185562133789,0.4125671298649607,0.99337167,0.0,0.0,-0.0,0.0,-0.0,0.0,0.0,1.0329157,0.26991692,7.023573,0.0,0.0,0.32852033,-0.6838974,-0.21084146,0.0,0.0,0.0,0.0,0.308294,0.1383698,0.49893615,0.0,0.0,-0.6838974,0.7902721,0.8093182,0.32852033,-0.019046048,12.1,17.143616,20.199074,20.199074,2.0
resstock-amy2018-2021-release-1-82426,0.0,1.0268433,0.0,0.0,0.0,0.0,0.0,0.0,0.0,0.0,0.0,0.0,0.0,0.0,0.0,0.0,0.0,0.039116163,10.499185562133789,0.4106878517866974,-0.0,0.0,0.0,-0.0,0.0,-0.0,0.0,0.0,1.0268433,0.11732433,7.023573,0.0,0.0,0.68648255,0.6689022,0.21421593,0.32558125,0.0,0.0,0.0,0.32025,0.1383698,0.4867397,0.0,0.6689022,0.0,1.1524175,1.1699978,0.68648255,-0.017580325,11.7,16.997269,21.11111,21.11111,2.0
resstock-amy2018-2021-release-1-82426,0.0,4.072546,0.0,0.0,2.4651291,0.0,1.1054276,0.0,0.0,0.0,0.0,0.0,0.0,0.0,1.2413038,1.2413038,0.0,0.15148205,10.499154090881348,1.590433339286335,-0.0,1.2413038,0.0,-0.0,0.0,-0.0,2.1070719,2.1070719,-0.0,0.4063996,7.023573,4.072546,0.0,0.7538526,4.4530716,1.4527166,2.15866,1.1054276,0.1529578,0.23129775,0.326228,0.1383698,0.48475754,0.20923826,4.4530716,0.0,2.2028193,2.2100334,0.7538526,-0.0072140675,11.11,18.66067,21.11111,21.11111,2.0
resstock-amy2018-2021-release-1-82426,0.0,1.0179915,0.0,0.0,0.0,0.0,0.0,0.0,0.0,0.0,0.0,0.0,0.0,0.0,-1.1143663,0.0,-1.1143663,0.03938218,10.499126434326172,0.41347846961285484,1.1143663,0.0,0.0,-0.0,0.0,-0.0,0.0,0.0,1.0179915,0.2545445,7.023573,0.0,0.0,0.91722107,-0.19714522,-0.06563233,0.0,0.0,0.0,0.0,0.3329136,0.1383698,0.49742976,0.0,0.0,-0.19714522,1.4048126,1.4048126,0.91722107,0.0,11.1,17.715199,21.75926,21.75926,2.0
resstock-amy2018-2021-release-1-82426,0.0,5.0899577,0.0,0.0,1.6148725,0.0,0.0,0.0,0.0,0.0,0.0,0.0,0.0,0.0,0.0,0.0,0.0,0.03920279,10.499126434326172,0.41159505621489245,-0.0,0.0,0.0,-0.0,0.0,-0.0,0.0,0.0,1.7184339,0.0,7.023573,3.3715239,0.0,1.0192246,2.634097,0.8757056,1.3681865,0.0,0.0,0.0,0.33245,0.1383698,0.5194138,0.0,2.634097,0.0,3.4571824,3.4571824,1.0192246,-0.0,11.1,19.788822,22.222221,22.222221,2.0
resstock-amy2018-2021-release-1-82426,0.0,1.0347649,0.0,0.0,0.47998255,0.0,0.0,0.0,0.0,0.0,0.0,0.0,0.0,0.0,0.0,0.0,0.0,0.039024215,10.499126434326172,0.40972016929698896,-0.0,0.0,0.0,-0.0,0.0,-0.0,0.0,0.0,-0.0,0.0,7.023573,1.0347649,0.0,1.7554393,2.235422,0.7424569,1.1700143,0.0,0.0,0.0,0.3321328,0.1383698,0.5233975,0.0,2.235422,0.0,2.235422,2.235422,1.7554393,-0.0,12.22,18.742634,22.222221,22.222221,2.0
resstock-amy2018-2021-release-1-82426,0.0,5.1342163,1.1216655,0.0,2.4175766,1.1858939,0.0,0.0,0.0,0.0,0.0,0.0,0.0,0.0,0.0,0.0,0.0,0.038846456,10.499126434326172,0.4078538479714382,-0.0,0.0,0.0,-0.0,0.0,-0.0,0.0,0.0,-0.0,0.0,7.023573,5.1342163,0.0,0.9490381,4.5525084,1.4858222,2.379892,0.0,0.0,0.0,0.3263744,0.1383698,0.52276504,0.0,4.5525084,0.0,4.5525084,4.5525084,0.9490381,-0.0,11.7,20.378872,22.027779,22.027779,2.0
resstock-amy2018-2021-release-1-82426,0.44794083,1.0283483,3.5614524,0.0,0.48283595,3.7653868,0.0,0.0,0.0,0.0,0.0,0.0,0.0,0.0,0.0,0.0,0.0,0.038669508,10.499126434326172,0.40599605312594633,-0.0,0.0,0.0,-0.0,0.0,-0.0,0.0,0.0,-0.0,0.0,7.023573,1.0283483,0.0,1.28468,5.5329027,1.7711697,2.8797305,0.0,0.0,0.0,0.3201158,0.1383698,0.5204737,0.0,5.5329027,0.0,5.5329027,5.5329027,1.28468,-0.0,11.8,18.970089,21.11111,21.11111,2.0
resstock-amy2018-2021-release-1-82426,0.0,5.172279,0.0,0.0,2.4651291,0.0,3.614526,0.0,0.0,0.0,0.0,0.0,0.0,0.0,1.2413396,1.2413396,0.0,0.15104038,10.49909496307373,1.5857872428263704,-0.0,1.2413396,0.0,-0.0,0.0,-0.0,3.5117865,3.5117865,-0.0,0.48260626,7.023573,5.172279,0.0,0.7254234,4.431892,1.330478,2.2695699,3.614526,0.50014126,0.7562972,0.3002054,0.1383698,0.51209956,0.20923828,4.431892,0.0,1.5606389,1.5606389,0.7254234,-0.0,12.2,20.448666,20.712963,20.712963,2.0
resstock-amy2018-2021-release-1-82426,0.0,1.0344558,0.74778324,0.0,0.0,0.7906025,0.0,0.0,0.0,0.0,0.0,0.0,0.0,0.0,-1.1099486,0.0,-1.1099486,0.039383892,10.499067306518555,0.41349413258483736,1.1099486,0.0,0.0,-0.0,0.0,-0.0,0.0,0.0,1.0344559,0.32800522,7.023573,0.0,0.0,0.3274208,0.008074701,0.002191779,0.0040693786,0.0,0.0,0.0,0.2714378,0.1383698,0.5039665,0.0,0.008074701,0.0,1.5981419,1.5981419,0.3274208,-0.0,12.2,18.379467,20.0,20.0,2.0
resstock-amy2018-2021-release-1-82426,0.0,3.1126893,0.0,0.0,2.4651291,0.0,1.3739847,0.0,0.0,0.0,0.0,0.0,0.0,0.0,1.2412823,1.2412823,0.0,0.15174678,10.499035835266113,1.5931948777491982,-0.0,1.2412823,0.0,-0.0,0.0,-0.0,3.5117865,3.5117865,-0.0,0.8092458,7.023573,3.1126893,0.0,0.32632127,4.032733,0.95446724,1.941169,1.3739847,0.19011799,0.28749016,0.23668,0.1383698,0.48135322,0.20923826,4.032733,0.0,1.1710172,1.1710172,0.32632127,-0.0,12.4,19.296938,20.0,20.0,2.0
resstock-amy2018-2021-release-1-82426,0.0,3.1033673,0.0,0.0,0.0,0.0,0.0,0.0,0.0,0.0,0.0,0.0,0.0,0.0,-1.1170143,0.0,-1.1170143,0.039381143,10.499008178710938,0.41346293935390577,1.1170143,0.0,0.0,-0.0,0.0,-0.0,0.0,0.0,3.1033673,0.34810144,7.023573,0.0,0.0,0.32522175,-0.7917925,-0.185199,0.0,0.0,0.0,0.0,0.2338984,0.1383698,0.49093407,0.0,0.0,-0.7917925,1.7655772,1.7655772,0.32522175,-0.0,12.2,18.71336,20.0,20.0,2.0
resstock-amy2018-2021-release-1-82426,0.0,3.1033673,0.0,0.0,2.4651291,0.0,1.3972955,0.0,0.0,0.0,0.0,0.0,0.0,0.0,1.2412826,1.2412826,0.0,0.15174405,10.498976707458496,1.593157275503998,-0.0,1.2412826,0.0,-0.0,0.0,-0.0,3.5117865,3.5117865,-0.0,0.8292584,7.023573,3.1033673,0.0,0.32412225,4.030534,0.84822583,1.9590724,1.3972955,0.19334349,0.29236767,0.21045,0.1383698,0.4860578,0.20923826,4.030534,0.0,1.1593375,1.1593375,0.32412225,-0.0,12.2,18.63699,20.0,20.0,2.0
resstock-amy2018-2021-release-1-82426,0.0,3.08053,0.0,0.0,0.0,0.0,0.0,0.0,0.0,0.0,0.0,0.0,0.0,0.0,-1.1169871,0.0,-1.1169871,0.039381143,10.49894905090332,0.4134606108332761,1.1169871,0.0,0.0,-0.0,0.0,-0.0,0.0,0.0,3.08053,0.3713994,7.023573,0.0,0.0,0.32302272,-0.7939644,-0.19021116,0.0,0.0,0.0,0.0,0.2395714,0.1383698,0.48851386,0.0,0.0,-0.7939644,1.7735686,1.7735686,0.32302272,-0.0,11.7,18.439955,20.0,20.0,2.0
resstock-amy2018-2021-release-1-82426,0.0,3.6040502,0.0,0.0,2.4651291,0.0,2.015454,0.0,0.0,0.0,0.0,0.0,0.0,0.0,1.2412826,1.2412826,0.0,0.15174405,10.498917579650879,1.593148303210839,-0.0,1.2412826,0.0,-0.0,0.0,-0.0,3.5117865,3.5117865,-0.0,0.8524594,7.023573,3.6040502,0.0,0.3219232,4.028335,0.98537105,2.0043352,2.015454,0.27887797,0.4217101,0.24461,0.1383698,0.4975592,0.20923826,4.028335,0.0,1.1334383,1.1334383,0.3219232,-0.0,11.7,18.54195,20.0,20.0,2.0
resstock-amy2018-2021-release-1-82426,0.0,1.0268433,0.0,0.0,0.0,0.0,0.0,0.0,0.0,0.0,0.0,0.0,0.0,0.0,-1.1169871,0.0,-1.1169871,0.039381143,10.498889923095703,0.4134582823126465,1.1169871,0.0,0.0,-0.0,0.0,-0.0,0.0,0.0,1.0268435,0.69744134,7.023573,0.0,0.0,0.3219232,-0.7950639,-0.20127042,0.0,0.0,0.0,0.0,0.25315,0.1383698,0.50941515,0.0,0.0,-0.7950639,0.8054386,0.8054386,0.3219232,-0.0,11.7,17.93515,20.0,20.0,2.0
resstock-amy2018-2021-release-1-82426,0.0,5.172279,0.0,0.0,0.77067876,0.0,0.0,0.0,0.0,0.0,0.0,0.0,0.0,0.0,0.0,0.0,0.0,0.03920176,10.498889923095703,0.41157495045328574,-0.0,0.0,0.0,-0.0,0.0,-0.0,0.0,0.0,3.5117865,0.17651688,7.023573,1.6604924,0.0,0.3541256,1.1248044,0.33494154,0.58153474,0.0,0.0,0.0,0.2977776,0.1383698,0.5170097,0.0,1.1248044,0.0,2.7547178,2.7547178,0.3541256,-0.0,12.2,19.251293,20.0,20.0,2.0
resstock-amy2018-2021-release-1-82426,0.0,2.0689116,0.0,0.0,0.4071521,0.0,0.0,0.0,0.0,0.0,0.0,0.0,0.0,0.0,0.0,0.0,0.0,0.03902319,10.498889923095703,0.40970018399332275,-0.0,0.0,0.0,-0.0,0.0,-0.0,0.0,0.0,1.191668,0.0,7.023573,0.8772435,0.0,0.6515692,1.0587213,0.3390555,0.5543345,0.0,0.0,0.0,0.32025,0.1383698,0.5235887,0.0,1.0587213,0.0,1.6118062,1.6118062,0.6515692,-0.0,12.2,18.058939,20.0,20.0,2.0
resstock-amy2018-2021-release-1-82426,0.0,3.186241,0.0,0.0,1.4057076,0.0,0.0,0.0,0.0,0.0,0.0,0.0,0.0,0.0,0.0,0.0,0.0,0.038845435,10.498889923095703,0.40783394382134475,-0.0,0.0,0.0,-0.0,0.0,-0.0,0.0,0.0,-0.0,0.0,7.023573,3.186241,0.0,0.3274208,1.7224671,0.60987115,0.907866,0.0,0.0,0.0,0.3540684,0.1383698,0.5270731,0.0,1.7224671,0.0,1.7224671,1.7331284,0.3274208,-0.010661398,13.9,18.535854,20.0,20.0,2.0
resstock-amy2018-2021-release-1-82426,0.0,2.1040165,0.0,0.0,0.9452908,0.0,0.0,0.0,0.0,0.0,0.0,0.0,0.0,0.0,0.0,0.0,0.0,0.038668487,10.498889923095703,0.40597619082593894,-0.0,0.0,0.0,-0.0,0.0,-0.0,0.0,0.0,-0.0,0.0,7.023573,2.1040165,0.0,0.3274208,1.1943412,0.38426542,0.6459036,0.0,0.0,0.0,0.3217384,0.1383698,0.54080325,0.0,1.1943412,0.0,1.1943412,1.2727116,0.3274208,-0.07837041,13.3,18.006163,20.310184,20.310184,2.0
resstock-amy2018-2021-release-1-82426,0.0,4.208033,0.0,0.0,1.8905816,0.0,0.0,0.0,0.0,0.0,0.0,0.0,0.0,0.0,1.2413397,1.2413397,0.0,0.15103936,10.498858451843262,1.585740881808988,-0.0,1.2413397,0.0,-0.0,0.0,-0.0,0.0,0.0,-0.0,0.0,7.023573,4.208033,0.0,0.32632127,3.3355856,1.043113,1.8509681,0.0,0.0,0.0,0.3127226,0.1383698,0.5549155,0.0,3.3355856,0.0,2.094246,2.216903,0.32632127,-0.122657105,13.3,19.36131,19.86111,19.86111,2.0
resstock-amy2018-2021-release-1-82426,0.0,2.1241608,0.0,0.0,0.93713844,0.0,0.0,0.0,0.0,0.0,0.0,0.0,0.0,0.0,-1.1099385,0.0,-1.1099385,0.039383903,10.498830795288086,0.4134849351856644,1.1099385,0.0,0.0,-0.0,0.0,-0.0,0.0,0.0,-0.0,0.0,7.023573,2.1241608,0.0,0.32632127,0.037554607,0.011270888,0.020825075,0.0,0.0,0.0,0.30012,0.1383698,0.5545278,0.0,0.037554607,0.0,1.1474931,1.2634597,0.32632127,-0.11596657,13.9,18.611052,19.444445,19.444445,2.0
resstock-amy2018-2021-release-1-82426,0.0,2.1854722,0.0,0.0,0.9140398,0.0,0.0,0.0,0.0,0.0,0.0,0.0,0.0,0.0,0.0,0.0,0.0,0.039204504,10.498830795288086,0.4116014574881106,-0.0,0.0,0.0,-0.0,0.0,-0.0,0.0,0.0,-0.0,0.0,7.023573,2.1854722,0.0,0.32852033,1.1473619,0.33862114,0.60858077,0.0,0.0,0.0,0.2951302,0.1383698,0.53041744,0.0,1.1473619,0.0,1.1473619,1.2425601,0.32852033,-0.095198244,15.6,19.071812,19.444445,19.444445,2.0
resstock-amy2018-2021-release-1-82426,0.0,2.1854722,0.0,0.0,0.9140398,0.0,0.0,0.0,0.0,0.0,0.0,0.0,0.0,0.0,0.0,0.0,0.0,0.03902592,10.498830795288086,0.4097265451417158,-0.0,0.0,0.0,-0.0,0.0,-0.0,0.0,0.0,-0.0,0.0,7.023573,2.1854722,0.0,0.32852033,1.1656964,0.3477156,0.58955556,0.0,0.0,0.0,0.29829,0.1383698,0.50575393,0.0,1.1656964,0.0,1.1656964,1.2425601,0.32852033,-0.076863825,15.6,19.200182,19.444445,19.444445,2.0
resstock-amy2018-2021-release-1-82426,0.0,2.2496574,0.0,0.0,0.89229995,0.0,0.0,0.0,0.0,0.0,0.0,0.0,0.0,0.0,0.0,0.0,0.0,0.038848154,10.498830795288086,0.40786019814648,-0.0,0.0,0.0,-0.0,0.0,-0.0,0.0,0.0,-0.0,0.0,7.023573,2.2496574,0.0,0.32852033,1.0971618,0.34275928,0.53279847,0.0,0.0,0.0,0.3124054,0.1383698,0.48561522,0.0,1.0971618,0.0,1.0971618,1.2208203,0.32852033,-0.123658575,17.2,19.73174,19.444445,19.444445,2.0
resstock-amy2018-2021-release-1-82426,0.0,2.1241608,0.0,0.0,0.93713844,0.0,0.0,0.0,0.0,0.0,0.0,0.0,0.0,0.0,0.0,0.0,0.0,0.038671196,10.498830795288086,0.4060023382800182,-0.0,0.0,0.0,-0.0,0.0,-0.0,0.0,0.0,-0.0,0.0,7.023573,2.1241608,0.0,0.3274208,1.1305854,0.3640838,0.5731108,0.0,0.0,0.0,0.3220312,0.1383698,0.5069151,0.0,1.1305854,0.0,1.1305854,1.2645593,0.3274208,-0.13397387,13.9,19.714739,20.393518,20.393518,2.0
resstock-amy2018-2021-release-1-82426,0.0,2.141521,0.0,0.0,0.93034464,0.0,0.0,0.0,0.0,0.0,0.0,0.0,0.0,0.0,0.0,0.0,0.0,0.038495045,10.498830795288086,0.4041529655423304,-0.0,0.0,0.0,-0.0,0.0,-0.0,0.0,0.0,-0.0,0.0,7.023573,2.141521,0.0,0.7538526,1.6436197,0.5473237,0.82293487,0.0,0.0,0.0,0.332999,0.1383698,0.5006845,0.0,1.6436197,0.0,1.6436197,1.6841972,0.7538526,-0.040577516,14.4,19.989853,21.319445,21.319445,2.0
resstock-amy2018-2021-release-1-82426,0.0,2.141521,0.0,0.0,0.93034464,0.0,0.0,0.0,0.0,0.0,0.0,0.0,0.0,0.0,0.0,0.0,0.0,0.038319696,10.498830795288086,0.40231200171103154,-0.0,0.0,0.0,-0.0,0.0,-0.0,0.0,0.0,-0.0,0.0,7.023573,2.141521,0.0,0.91722107,1.84672,0.64045984,1.0004079,0.0,0.0,0.0,0.3468094,0.1383698,0.5417215,0.0,1.84672,0.0,1.84672,1.8475657,0.91722107,-0.0008456919,14.4,20.132055,22.222221,22.222221,2.0
resstock-amy2018-2021-release-1-82426,0.0,2.1630793,0.0,0.0,0.9221922,0.0,0.0,0.0,0.0,0.0,0.0,0.0,0.0,0.0,0.0,0.0,0.0,0.038145144,10.498830795288086,0.4004794076749292,-0.0,0.0,0.0,-0.0,0.0,-0.0,0.0,0.0,-0.0,0.0,7.023573,2.1630793,0.0,1.0192246,1.9414169,0.68095195,1.1226008,0.0,0.0,0.0,0.35075,0.1383698,0.5782379,0.0,1.9414169,0.0,1.9414169,1.9414169,1.0192246,-0.0,15.0,20.416002,22.222221,22.222221,2.0
resstock-amy2018-2021-release-1-82426,0.0,3.9537117,0.0,0.0,1.6535785,0.0,0.0,0.0,0.0,0.0,0.0,0.0,0.0,0.0,0.0,0.0,0.0,0.03797139,10.498830795288086,0.3986551834340233,-0.0,0.0,0.0,-0.0,0.0,-0.0,0.0,0.0,-0.0,0.0,7.023573,3.9537117,0.0,1.7554393,3.4090178,1.1815723,1.9811552,0.0,0.0,0.0,0.346602,0.1383698,0.5811513,0.0,3.4090178,0.0,3.4090178,3.4090178,1.7554393,-0.0,15.6,21.854406,22.222221,22.222221,2.0
resstock-amy2018-2021-release-1-82426,0.0,1.0815396,0.37422615,0.0,0.4610961,0.39565495,0.0,0.0,0.0,0.0,0.0,0.0,0.0,0.0,0.0,0.0,0.0,0.037798423,10.498830795288086,0.39683925076592885,-0.0,0.0,0.0,-0.0,0.0,-0.0,0.0,0.0,-0.0,0.0,7.023573,1.0815396,0.0,1.5640583,2.4208093,0.80479807,1.3415037,0.0,0.0,0.0,0.33245,0.1383698,0.55415505,0.0,2.4208093,0.0,2.4208093,2.4208093,1.5640583,-0.0,15.0,21.136972,22.199074,22.199074,2.0
resstock-amy2018-2021-release-1-82426,0.0,1.0620804,0.37422675,0.0,0.46856922,0.39565557,0.0,0.0,0.0,0.0,0.0,0.0,0.0,0.0,0.0,0.0,0.0,0.037626248,10.498830795288086,0.3950316096706459,-0.0,0.0,0.0,-0.0,0.0,-0.0,0.0,0.0,-0.0,0.0,7.023573,1.0620804,0.0,1.28468,2.1489048,0.68834406,1.1339196,0.0,0.0,0.0,0.3203232,0.1383698,0.52767324,0.0,2.1489048,0.0,2.1489048,2.1489048,1.28468,-0.0,13.9,20.525745,21.11111,21.11111,2.0
resstock-amy2018-2021-release-1-82426,0.266811,5.407698,0.37422678,0.0,2.3054805,0.3956556,0.0,0.0,0.0,0.0,0.0,0.0,0.0,0.0,0.0,0.0,0.0,0.037454855,10.498830795288086,0.39323218192578935,-0.0,0.0,0.0,-0.0,0.0,-0.0,0.0,0.0,-0.0,0.0,7.023573,5.407698,0.0,0.33071935,3.0318556,0.9339261,1.5188701,0.0,0.0,0.0,0.3080378,0.1383698,0.5009705,0.0,3.0318556,0.0,3.0318556,3.0318556,0.33071935,-0.0,15.0,22.616497,20.12037,20.12037,2.0
resstock-amy2018-2021-release-1-82426,0.0,1.0707605,0.0,0.0,0.46517232,0.0,0.0,0.0,0.0,0.0,0.0,0.0,0.0,0.0,0.0,0.0,0.0,0.037284244,10.498830795288086,0.39144096753135926,-0.0,0.0,0.0,-0.0,0.0,-0.0,0.0,0.0,-0.0,0.0,7.023573,1.0707605,0.0,0.3274208,0.7925931,0.20344704,0.36321583,0.0,0.0,0.0,0.25668535,0.1383698,0.45826265,0.0,0.7925931,0.0,0.7925931,0.7925931,0.3274208,-0.0,14.4,20.622486,20.0,20.0,2.0
resstock-amy2018-2021-release-1-82426,0.0,3.244619,0.0,0.0,1.3832884,0.0,0.0,0.0,0.0,0.0,0.0,0.0,0.0,0.0,0.0,0.0,0.0,0.03711441,10.498830795288086,0.3896579273761631,-0.0,0.0,0.0,-0.0,0.0,-0.0,0.0,0.0,-0.0,0.0,7.023573,3.244619,0.0,0.32632127,1.7096096,0.46611753,0.774127,0.0,0.0,0.0,0.2726456,0.1383698,0.4528092,0.0,1.7096096,0.0,1.7096096,1.7096096,0.32632127,-0.0,15.0,21.772404,20.0,20.0,2.0
resstock-amy2018-2021-release-1-82426,0.0,3.2122817,0.0,0.0,1.3955171,0.0,0.0,0.0,0.0,0.0,0.0,0.0,0.0,0.0,0.0,0.0,0.0,0.03694535,10.498830795288086,0.3878829832378159,-0.0,0.0,0.0,-0.0,0.0,-0.0,0.0,0.0,-0.0,0.0,7.023573,3.2122817,0.0,0.32522175,1.7207389,0.4104134,0.6852386,0.0,0.0,0.0,0.23851,0.1383698,0.39822346,0.0,1.7207389,0.0,1.7207389,1.7207389,0.32522175,-0.0,14.4,21.035751,20.0,20.0,2.0
resstock-amy2018-2021-release-1-82426,0.0,3.2052588,0.0,0.0,1.3982345,0.0,0.0,0.0,0.0,0.0,0.0,0.0,0.0,0.0,0.0,0.0,0.0,0.03677706,10.498830795288086,0.3861161351163176,-0.0,0.0,0.0,-0.0,0.0,-0.0,0.0,0.0,-0.0,0.0,7.023573,3.2052588,0.0,0.32412225,1.7223568,0.3771789,0.6874482,0.0,0.0,0.0,0.21899,0.1383698,0.39913228,0.0,1.7223568,0.0,1.7223568,1.7223568,0.32412225,-0.0,14.266666,20.927544,20.0,20.0,2.0
resstock-amy2018-2021-release-1-82426,0.0,3.2122817,0.0,0.0,1.3955171,0.0,0.0,0.0,0.0,0.0,0.0,0.0,0.0,0.0,0.0,0.0,0.0,0.036609538,10.498830795288086,0.3843573439004757,-0.0,0.0,0.0,-0.0,0.0,-0.0,0.0,0.0,-0.0,0.0,7.023573,3.2122817,0.0,0.32302272,1.7185398,0.3616667,0.68100464,0.0,0.0,0.0,0.21045,0.1383698,0.39626932,0.0,1.7185398,0.0,1.7185398,1.7185398,0.32302272,-0.0,14.4,20.753624,20.0,20.0,2.0
resstock-amy2018-2021-release-1-82426,0.0,5.3538027,0.0,0.0,2.3258617,0.0,0.0,0.0,0.0,0.0,0.0,0.0,0.0,0.0,0.0,0.0,0.0,0.03644278,10.498830795288086,0.38260657047909774,-0.0,0.0,0.0,-0.0,0.0,-0.0,0.0,0.0,-0.0,0.0,7.023573,5.3538027,0.0,0.35716534,2.683027,0.5888654,1.115981,0.0,0.0,0.0,0.219478,0.1383698,0.41594103,0.0,2.683027,0.0,2.683027,2.683027,0.35716534,-0.0,14.4,21.644066,20.0,20.0,2.0
resstock-amy2018-2021-release-1-82426,0.0,1.0707605,2.024069,0.0,0.46517232,2.1399705,0.0,0.0,0.0,0.0,0.0,0.0,0.0,0.0,0.0,0.0,0.0,0.036276776,10.498830795288086,0.38086373662979867,-0.0,0.0,0.0,-0.0,0.0,-0.0,0.0,0.0,-0.0,0.0,7.023573,1.0707605,0.0,0.4214919,3.0266347,0.7750546,1.3239218,0.0,0.0,0.0,0.256078,0.1383698,0.43742374,0.0,3.0266347,0.0,3.0266347,3.0266347,0.4214919,-0.0,14.4,20.087482,20.0,20.0,2.0
resstock-amy2018-2021-release-1-82426,0.0,5.3104014,1.3833625,0.0,2.342846,1.462576,0.0,0.0,0.0,0.0,0.0,0.0,0.0,0.0,0.0,0.0,0.0,0.036111534,10.498830795288086,0.379128881463771,-0.0,0.0,0.0,-0.0,0.0,-0.0,0.0,0.0,-0.0,0.0,7.023573,5.3104014,0.0,0.59844637,4.403868,1.400453,2.0594106,0.0,0.0,0.0,0.3180052,0.1383698,0.46763676,0.0,4.403868,0.0,4.403868,4.403868,0.59844637,-0.0,13.9,22.295036,20.0,20.0,2.0
resstock-amy2018-2021-release-1-82426,0.0,2.141521,0.0,0.0,0.93034464,0.0,0.0,0.0,0.0,0.0,0.0,0.0,0.0,0.0,0.0,0.0,0.0,0.035947043,10.498830795288086,0.3774019267586297,-0.0,0.0,0.0,-0.0,0.0,-0.0,0.0,0.0,-0.0,0.0,7.023573,2.141521,0.0,0.32632127,1.256666,0.4183152,0.6345587,0.0,0.0,0.0,0.332877,0.1383698,0.50495416,0.0,1.256666,0.0,1.256666,1.256666,0.32632127,-0.0,14.4,20.334122,20.0,20.0,2.0
resstock-amy2018-2021-release-1-82426,0.0,2.1630793,0.0,0.0,0.9221922,0.0,0.0,0.0,0.0,0.0,0.0,0.0,0.0,0.0,0.0,0.0,0.0,0.035783302,10.498830795288086,0.3756828334031823,-0.0,0.0,0.0,-0.0,0.0,-0.0,0.0,0.0,-0.0,0.0,7.023573,2.1630793,0.0,0.3274208,1.2214739,0.44631436,0.671331,0.0,0.0,0.0,0.36539,0.1383698,0.5496073,0.0,1.2214739,0.0,1.2214739,1.249613,0.3274208,-0.028139072,15.0,20.39073,20.231482,20.231482,2.0
resstock-amy2018-2021-release-1-82426,0.0,2.141521,0.0,0.0,0.93034464,0.0,0.0,0.0,0.0,0.0,0.0,0.0,0.0,0.0,0.0,0.0,0.0,0.035620306,10.498830795288086,0.3739715622862363,-0.0,0.0,0.0,-0.0,0.0,-0.0,0.0,0.0,-0.0,0.0,7.023573,2.141521,0.0,0.3274208,1.2269266,0.4717324,0.6710604,0.0,0.0,0.0,0.384483,0.1383698,0.5469442,0.0,1.2269266,0.0,1.2269266,1.2577654,0.3274208,-0.030838883,14.4,19.812973,21.11111,21.11111,2.0
resstock-amy2018-2021-release-1-82426,0.0,2.1521988,0.37455422,0.0,0.92626846,0.3960018,0.0,0.0,0.0,0.0,0.0,0.0,0.0,0.0,0.0,0.0,0.0,0.03545805,10.498830795288086,0.37226807429659914,-0.0,0.0,0.0,-0.0,0.0,-0.0,0.0,0.0,-0.0,0.0,7.023573,2.1521988,0.0,0.32632127,1.6282232,0.5272786,0.88665116,0.0,0.0,0.0,0.3238368,0.1383698,0.5445514,0.0,1.6282232,0.0,1.6282232,1.6485915,0.32632127,-0.020368313,14.7,19.529408,20.800926,20.800926,2.0
resstock-amy2018-2021-release-1-82426,0.0,2.1704485,0.0,0.0,0.9194748,0.0,0.0,0.0,0.0,0.0,0.0,0.0,0.0,0.0,0.0,0.0,0.0,0.035296537,10.498830795288086,0.37057236943427085,-0.0,0.0,0.0,-0.0,0.0,-0.0,0.0,0.0,-0.0,0.0,7.023573,2.1704485,0.0,0.32632127,1.212647,0.3800358,0.6675984,0.0,0.0,0.0,0.3133936,0.1383698,0.5505299,0.0,1.212647,0.0,1.212647,1.2457961,0.32632127,-0.033149123,15.2,19.476864,20.555555,20.555555,2.0
resstock-amy2018-2021-release-1-82426,0.0,2.1892889,0.0,0.0,0.91268104,0.0,0.0,0.0,0.0,0.0,0.0,0.0,0.0,0.0,0.0,0.0,0.0,0.035135757,10.498830795288086,0.3688843694768664,-0.0,0.0,0.0,-0.0,0.0,-0.0,0.0,0.0,-0.0,0.0,7.023573,2.1892889,0.0,0.32852033,1.209765,0.3505294,0.679825,0.0,0.0,0.0,0.28975,0.1383698,0.561948,0.0,1.209765,0.0,1.209765,1.2412014,0.32852033,-0.03143646,15.7,19.466522,20.555555,20.555555,2.0
resstock-amy2018-2021-release-1-82426,0.0,2.1704485,0.0,0.0,0.9194748,0.0,0.0,0.0,0.0,0.0,0.0,0.0,0.0,0.0,0.0,0.0,0.0,0.03497571,10.498830795288086,0.36720407442438585,-0.0,0.0,0.0,-0.0,0.0,-0.0,0.0,0.0,-0.0,0.0,7.023573,2.1704485,0.0,0.32852033,1.216536,0.35263973,0.6834934,0.0,0.0,0.0,0.289872,0.1383698,0.5618357,0.0,1.216536,0.0,1.216536,1.2479951,0.32852033,-0.031459033,15.2,19.439354,20.555555,20.555555,2.0
resstock-amy2018-2021-release-1-82426,0.0,2.1015496,0.0,0.0,0.9463098,0.0,0.0,0.0,0.0,0.0,0.0,0.0,0.0,0.0,0.0,0.0,0.0,0.03481639,10.498830795288086,0.3655314060544441,-0.0,0.0,0.0,-0.0,0.0,-0.0,0.0,0.0,-0.0,0.0,7.023573,2.1015496,0.0,0.32852033,1.1902258,0.37321243,0.6672635,0.0,0.0,0.0,0.3135644,0.1383698,0.56061924,0.0,1.1902258,0.0,1.1902258,1.2748301,0.32852033,-0.084604286,13.225,19.490105,20.685184,20.685184,2.0
resstock-amy2018-2021-release-1-82426,0.0,2.1040165,0.0,0.0,0.9452908,0.0,0.0,0.0,0.0,0.0,0.0,0.0,0.0,0.0,0.0,0.0,0.0,0.0346578,10.498830795288086,0.36386636436704123,-0.0,0.0,0.0,-0.0,0.0,-0.0,0.0,0.0,-0.0,0.0,7.023573,2.1040165,0.0,0.3274208,1.2395422,0.41110286,0.68873113,0.0,0.0,0.0,0.331657,0.1383698,0.5556334,0.0,1.2395422,0.0,1.2395422,1.2727116,0.3274208,-0.033169385,13.3,19.407276,21.11111,21.11111,2.0
resstock-amy2018-2021-release-1-82426,0.0,2.0909858,0.0,0.0,0.95072585,0.0,0.0,0.0,0.0,0.0,0.0,0.0,0.0,0.0,0.0,0.0,0.0,0.03449993,10.498830795288086,0.3622089102509847,-0.0,0.0,0.0,-0.0,0.0,-0.0,0.0,0.0,-0.0,0.0,7.023573,2.0909858,0.0,0.33071935,1.2722546,0.47615325,0.70449746,0.0,0.0,0.0,0.3742594,0.1383698,0.55373937,0.0,1.2722546,0.0,1.2722546,1.2814453,0.33071935,-0.009190652,12.9,19.312336,21.11111,21.11111,2.0
resstock-amy2018-2021-release-1-82426,0.0,2.0689116,0.0,0.0,0.96023697,0.0,0.0,0.0,0.0,0.0,0.0,0.0,0.0,0.0,0.0,0.0,0.0,0.034342777,10.498830795288086,0.36055900459508194,-0.0,0.0,0.0,-0.0,0.0,-0.0,0.0,0.0,-0.0,0.0,7.023573,2.0689116,0.0,1.4693214,2.4295583,0.95588005,1.3627989,0.0,0.0,0.0,0.3934378,0.1383698,0.5609246,0.0,2.4295583,0.0,2.4295583,2.4295583,1.4693214,0.0,12.2,19.426235,21.11111,21.11111,2.0
resstock-amy2018-2021-release-1-82426,0.0,2.0536866,0.24911027,0.0,0.96703064,0.26337472,0.0,0.0,0.0,0.0,0.0,0.0,0.0,0.0,0.0,0.0,0.0,0.034186345,10.498830795288086,0.35891664739933304,-0.0,0.0,0.0,-0.0,0.0,-0.0,0.0,0.0,-0.0,0.0,7.023573,2.0536866,0.0,1.7011329,2.9315383,1.1176132,1.6544243,0.0,0.0,0.0,0.3812378,0.1383698,0.56435364,0.0,2.9315383,0.0,2.9315383,2.9315383,1.7011329,-0.0,11.7,19.480087,21.11111,21.11111,2.0
resstock-amy2018-2021-release-1-82426,0.0,5.1342163,0.0,0.0,2.4175766,0.0,0.0,0.0,0.0,0.0,0.0,0.0,0.0,0.0,0.0,0.0,0.0,0.034030624,10.498830795288086,0.35728176044135296,-0.0,0.0,0.0,-0.0,0.0,-0.0,0.0,0.0,-0.0,0.0,7.023573,5.1342163,0.0,1.0452783,3.4628549,1.3573906,1.9339669,0.0,0.0,0.0,0.391986,0.1383698,0.55848914,0.0,3.4628549,0.0,3.4628549,3.4628549,1.0452783,-0.0,11.7,21.464039,21.11111,21.11111,2.0
resstock-amy2018-2021-release-1-82426,0.0,2.0447593,0.0,0.0,0.9711069,0.0,0.0,0.0,0.0,0.0,0.0,0.0,0.0,0.0,0.0,0.0,0.0,0.033875614,10.498830795288086,0.3556543437211417,-0.0,0.0,0.0,-0.0,0.0,-0.0,0.0,0.0,-0.0,0.0,7.023573,2.0447593,0.0,1.5640583,2.5351653,0.84284663,1.4021437,0.0,0.0,0.0,0.3324622,0.1383698,0.5530778,0.0,2.5351653,0.0,2.5351653,2.5351653,1.5640583,-0.0,11.4,20.249805,21.11111,21.11111,2.0
resstock-amy2018-2021-release-1-82426,0.0,5.0899577,0.7601888,0.0,2.4379578,0.80371845,0.0,0.0,0.0,0.0,0.0,0.0,0.0,0.0,0.0,0.0,0.0,0.033721305,10.498830795288086,0.3540342799051217,-0.0,0.0,0.0,-0.0,0.0,-0.0,0.0,0.0,-0.0,0.0,7.023573,5.0899577,0.0,1.28468,4.526356,1.4658008,2.4637594,0.0,0.0,0.0,0.3238368,0.1383698,0.5443141,0.0,4.526356,0.0,4.526356,4.526356,1.28468,-0.0,11.1,21.624289,21.11111,21.11111,2.0
resstock-amy2018-2021-release-1-82426,0.0,0.9949914,0.37455267,0.0,2.2596095,0.39600015,0.0,0.0,0.0,0.0,0.0,0.0,0.0,0.0,1.2417364,1.2417364,0.0,0.14614747,10.498799324035645,1.5343730080289077,-0.0,1.2417364,0.0,-0.0,0.0,-0.0,3.5117865,3.5117865,-0.0,0.48260626,7.023573,0.9949914,0.0,0.7254234,4.6227694,1.4521866,2.4891098,0.0,0.0,0.0,0.3141378,0.1383698,0.5384456,0.0,4.6227694,0.0,1.6202924,1.6202924,0.7254234,-0.0,9.44,19.50417,21.11111,21.11111,2.0
resstock-amy2018-2021-release-1-82426,0.0,4.0249147,0.0,0.0,2.4651291,0.0,2.6874154,0.0,0.0,0.0,0.0,0.0,0.0,0.0,1.2327206,1.2327206,0.0,0.2573166,10.49876880645752,2.7015073817092343,-0.0,1.2327206,0.0,-0.0,0.0,-0.0,3.5117865,3.5117865,-0.0,0.9632032,7.023573,4.0249147,0.0,0.3274208,4.0252705,1.1459913,2.1502535,2.6874154,0.37185714,0.5623101,0.2846992,0.1383698,0.53418857,0.20923826,4.0252705,0.0,1.0711522,1.0711522,0.3274208,-0.0,10.27,20.77907,19.587963,19.587963,2.0
resstock-amy2018-2021-release-1-82426,0.0,1.0179915,0.0,0.0,0.0,0.0,0.0,0.0,0.0,0.0,0.0,0.0,0.0,0.0,-1.2238057,0.0,-1.2238057,0.13386786,10.498738288879395,1.405443625756675,1.2238057,0.0,0.0,-0.0,0.0,-0.0,0.0,0.0,1.0179915,0.80902976,7.023573,0.0,0.0,0.32632127,-0.8974844,-0.2689479,0.0,0.0,0.0,0.0,0.2996686,0.1383698,0.5226855,0.0,0.0,-0.8974844,0.81391275,0.81391275,0.32632127,-0.0,11.1,18.783283,19.444445,19.444445,2.0
resstock-amy2018-2021-release-1-82426,0.0,4.071966,0.74974066,0.0,2.4651291,0.79267204,2.6117783,0.0,0.0,0.0,0.0,0.0,0.0,0.0,1.2337054,1.2337054,0.0,0.24517432,10.49870777130127,2.574013523505556,-0.0,1.2337054,0.0,-0.0,0.0,-0.0,1.4141462,1.4141462,-0.0,1.0,7.023573,4.071966,0.0,0.32522175,4.8167286,1.429554,2.4790075,2.6117783,0.36139125,0.54648393,0.2967894,0.1383698,0.5146662,0.20923826,4.8167286,0.0,2.905684,2.905684,0.32522175,-0.0,11.1,20.448244,19.444445,19.444445,2.0
resstock-amy2018-2021-release-1-82426,0.0,1.0151069,0.0,0.0,5.7419975e-08,0.0,0.0,0.0,0.0,0.0,0.0,0.0,0.0,0.0,-1.2247794,0.0,-1.2247794,0.12167506,10.498677253723145,1.2774271763614564,1.2247794,0.0,0.0,-0.0,0.0,-0.0,0.0,0.0,1.0151068,0.84609896,7.023573,1.1920929e-07,0.0,0.32412225,-0.90065706,-0.25547138,0.0,0.0,0.0,0.0,0.28365,0.1383698,0.5264859,0.0,0.0,-0.90065706,0.81307256,0.81307256,0.32412225,-0.0,10.9,18.383568,19.444445,19.444445,2.0
resstock-amy2018-2021-release-1-82426,0.0,3.9512708,0.0,0.0,2.4651291,0.0,2.8057997,0.0,0.0,0.0,0.0,0.0,0.0,0.0,1.2346832,1.2346832,0.0,0.2331179,10.49864673614502,2.4474224100321322,-0.0,1.2346832,0.0,-0.0,0.0,-0.0,1.1455271,1.1455271,-0.0,1.0,7.023573,3.9512708,0.0,0.32302272,4.022835,1.0919986,2.171576,2.8057997,0.38823795,0.5870807,0.27145,0.1383698,0.5398124,0.20923828,4.022835,0.0,2.2053027,2.2053027,0.32302272,-0.0,8.89,19.68423,19.444445,19.444445,2.0
resstock-amy2018-2021-release-1-82426,0.0,1.014391,0.0,0.0,0.0,0.0,0.0,0.0,0.0,0.0,0.0,0.0,0.0,0.0,-1.2257462,0.0,-1.2257462,0.10956846,10.498616218566895,1.1503172298426279,1.2257462,0.0,0.0,-0.0,0.0,-0.0,0.0,0.0,1.0143911,0.8462046,7.023573,0.0,0.0,0.3219232,-0.90382296,-0.24765834,0.0,0.0,0.0,0.0,0.274012,0.1383698,0.54965997,0.0,0.0,-0.90382296,0.8112132,0.8112132,0.3219232,-0.0,10.85,17.993374,19.444445,19.444445,2.0
resstock-amy2018-2021-release-1-82426,0.0,3.9512708,0.0,0.0,1.2130833e-07,0.0,0.0,0.0,0.0,0.0,0.0,0.0,0.0,0.0,-0.69617903,0.0,-0.69617903,0.039451372,10.4985990524292,0.4141841354194504,0.69617903,0.0,0.0,-0.0,0.0,-0.0,0.0,0.0,3.9512706,0.2598328,7.023573,2.3841858e-07,0.0,0.4214919,-0.27468702,-0.076239385,0.0,0.0,0.0,0.0,0.27755,0.1383698,0.5552363,0.0,0.0,-0.27468702,2.431914,2.431914,0.4214919,-0.0,8.89,19.254993,19.444445,19.444445,2.0
resstock-amy2018-2021-release-1-82426,0.0,0.9807255,2.543477,0.0,0.0,2.6891205,0.0,0.0,0.0,0.0,0.0,0.0,0.0,0.0,0.0,0.0,0.0,0.039271668,10.4985990524292,0.41229749224929435,-0.0,0.0,0.0,-0.0,0.0,-0.0,0.0,0.0,0.9807256,0.114085,7.023573,0.0,0.0,1.3440317,4.033152,1.2069854,2.2419116,0.0,0.0,0.0,0.299266,0.1383698,0.55587083,0.0,4.033152,0.0,4.539562,4.539562,1.3440317,-0.0,8.33,17.606503,19.444445,19.444445,2.0
resstock-amy2018-2021-release-1-82426,0.0,3.9352107,0.0,0.0,1.6238323,0.0,0.0,0.0,0.0,0.0,0.0,0.0,0.0,0.0,0.0,0.0,0.0,0.03909278,10.4985990524292,0.4104194142412325,-0.0,0.0,0.0,-0.0,0.0,-0.0,0.0,0.0,0.7701896,0.0,7.023573,3.1650212,0.0,0.9768171,2.6006494,0.78399694,1.4446247,0.0,0.0,0.0,0.301462,0.1383698,0.55548614,0.0,2.6006494,0.0,2.9957995,2.9957995,0.9768171,-0.0,8.575,18.75763,19.444445,19.444445,2.0
resstock-amy2018-2021-release-1-82426,0.0,1.0172673,0.0,0.0,0.48793125,0.0,0.0,0.0,0.0,0.0,0.0,0.0,0.0,0.0,0.0,0.0,0.0,0.038914707,10.4985990524292,0.4085499013952649,-0.0,0.0,0.0,-0.0,0.0,-0.0,0.0,0.0,-0.0,0.0,7.023573,1.0172673,0.0,0.3274208,0.7551242,0.22740173,0.41933915,0.0,0.0,0.0,0.3011448,0.1383698,0.55532473,0.0,0.7551242,0.0,0.7551242,0.8153521,0.3274208,-0.060227867,11.05,17.369717,19.410774,19.410774,2.0
resstock-amy2018-2021-release-1-82426,0.0,4.107373,0.0,0.0,1.9340613,0.0,0.0,0.0,0.0,0.0,0.0,0.0,0.0,0.0,0.0,0.0,0.0,0.038737446,10.4985990524292,0.4066889146010624,-0.0,0.0,0.0,-0.0,0.0,-0.0,0.0,0.0,-0.0,0.0,7.023573,4.107373,0.0,0.682976,2.4255922,0.7298626,1.3417413,0.0,0.0,0.0,0.3009008,0.1383698,0.5531603,0.0,2.4255922,0.0,2.4255922,2.6170373,0.682976,-0.19144519,11.7,19.525848,19.377104,19.377104,2.0
resstock-amy2018-2021-release-1-82426,0.0,1.0344558,0.0,0.0,0.48011848,0.0,0.0,0.0,0.0,0.0,0.0,0.0,0.0,0.0,0.0,0.0,0.0,0.038560994,10.4985990524292,0.4048364147482957,-0.0,0.0,0.0,-0.0,0.0,-0.0,0.0,0.0,-0.0,0.0,7.023573,1.0344558,0.0,0.32632127,0.48117292,0.13453576,0.26589736,0.0,0.0,0.0,0.2795996,0.1383698,0.5526025,0.0,0.48117292,0.0,0.48117292,0.80643976,0.32632127,-0.32526684,12.2,17.917717,19.343435,19.343435,2.0
resstock-amy2018-2021-release-1-82426,0.0,1.0438882,0.29561988,0.0,0.47604227,0.31254753,0.0,0.0,0.0,0.0,0.0,0.0,0.0,0.0,0.0,0.0,0.0,0.038385347,10.4985990524292,0.40299236272663563,-0.0,0.0,0.0,-0.0,0.0,-0.0,0.0,0.0,-0.0,0.0,7.023573,1.0438882,0.0,0.9551171,1.3590277,0.36492884,0.7478799,0.0,0.0,0.0,0.268522,0.1383698,0.5503051,0.0,1.3590277,0.0,1.3590277,1.743707,0.9551171,-0.38467914,12.8,18.54355,19.309765,19.309765,2.0
resstock-amy2018-2021-release-1-82426,0.0,1.0438882,0.23731692,0.0,0.47604227,0.25090608,0.0,0.0,0.0,0.0,0.0,0.0,0.0,0.0,0.0,0.0,0.0,0.038210496,10.4985990524292,0.40115668031542384,-0.0,0.0,0.0,-0.0,0.0,-0.0,0.0,0.0,-0.0,0.0,7.023573,1.0438882,0.0,2.0471315,2.3674383,0.6296439,1.3250341,0.0,0.0,0.0,0.26596,0.1383698,0.5596911,0.0,2.3674383,0.0,2.3674383,2.7740798,2.0471315,-0.40664154,12.8,18.948708,19.276094,19.276094,2.0
resstock-amy2018-2021-release-1-82426,0.35539186,1.0520083,0.3947116,0.0,0.4726454,0.41731343,0.0,0.0,0.0,0.0,0.0,0.0,0.0,0.0,0.0,0.0,0.0,0.038036443,10.4985990524292,0.3993293675146603,-0.0,0.0,0.0,-0.0,0.0,-0.0,0.0,0.0,-0.0,0.0,7.023573,1.0520083,0.0,0.996196,1.4905227,0.37814415,0.8451007,0.0,0.0,0.0,0.253699,0.1383698,0.56698275,0.0,1.4905227,0.0,1.4905227,1.8861549,0.996196,-0.3956321,13.3,19.626,19.242424,19.242424,2.0
resstock-amy2018-2021-release-1-82426,0.7334286,1.0438882,0.7058816,0.0,0.47604227,0.74630153,0.0,0.0,0.0,0.0,0.0,0.0,0.0,0.0,0.0,0.0,0.0,0.037863184,10.4985990524292,0.3975103852140158,-0.0,0.0,0.0,-0.0,0.0,-0.0,0.0,0.0,-0.0,0.0,7.023573,1.0438882,0.0,0.99251604,1.8787812,0.5099722,1.0767109,0.0,0.0,0.0,0.2714378,0.1383698,0.57309014,0.0,1.8787812,0.0,1.8787812,2.21486,0.99251604,-0.33607867,12.8,20.24737,19.208754,19.208754,2.0
resstock-amy2018-2021-release-1-82426,1.1855999,1.0520083,0.40452188,0.0,0.4726454,0.42768544,0.0,0.0,0.0,0.0,0.0,0.0,0.0,0.0,0.0,0.0,0.0,0.037690714,10.4985990524292,0.3956996943031612,-0.0,0.0,0.0,-0.0,0.0,-0.0,0.0,0.0,-0.0,0.0,7.023573,1.0520083,0.0,1.0455443,1.7056513,0.51287806,0.9838403,0.0,0.0,0.0,0.3006934,0.1383698,0.5768121,0.0,1.7056513,0.0,1.7056513,1.9458752,1.0455443,-0.24022393,13.3,20.9422,19.175085,19.175085,2.0
resstock-amy2018-2021-release-1-82426,1.054883,1.0344558,0.1791869,0.0,0.48011848,0.18944742,0.0,0.0,0.0,0.0,0.0,0.0,0.0,0.0,0.0,0.0,0.0,0.03751903,10.4985990524292,0.39389725567176725,-0.0,0.0,0.0,-0.0,0.0,-0.0,0.0,0.0,-0.0,0.0,7.023573,1.0344558,0.0,1.1769859,1.7282243,0.5315361,0.99823314,0.0,0.0,0.0,0.307562,0.1383698,0.57760626,0.0,1.7282243,0.0,1.7282243,1.8465518,1.1769859,-0.118327454,12.2,21.279388,19.141415,19.141415,2.0
resstock-amy2018-2021-release-1-82426,1.0719451,1.0268433,0.9492273,0.0,0.48351532,1.0035815,0.0,0.0,0.0,0.0,0.0,0.0,0.0,0.0,0.0,0.0,0.0,0.037348125,10.4985990524292,0.39210299109917557,-0.0,0.0,0.0,-0.0,0.0,-0.0,0.0,0.0,-0.0,0.0,7.023573,1.0268433,0.0,1.4693214,2.95475,1.0250235,1.6905594,0.0,0.0,0.0,0.346907,0.1383698,0.5721497,0.0,2.95475,0.0,2.95475,2.9564183,1.4693214,-0.0016681002,11.7,21.221678,19.107744,19.107744,2.0
resstock-amy2018-2021-release-1-82426,0.77090025,1.0025172,0.16166022,0.0,0.49506462,0.17091715,0.0,0.0,0.0,0.0,0.0,0.0,0.0,0.0,0.0,0.0,0.0,0.037178,10.4985990524292,0.39031690058538615,-0.0,0.0,0.0,-0.0,0.0,-0.0,0.0,0.0,-0.0,0.0,7.023573,1.0025172,0.0,1.7011329,2.3671145,0.8641114,1.3300695,0.0,0.0,0.0,0.3650484,0.1383698,0.5618949,0.0,2.3671145,0.0,2.3671145,2.3671145,1.7011329,-0.0,10.0,21.004726,19.074074,19.074074,2.0
resstock-amy2018-2021-release-1-82426,0.66750747,0.99446255,0.24328908,0.0,0.49914086,0.2572202,0.0,0.0,0.0,0.0,0.0,0.0,0.0,0.0,0.0,0.0,0.0,0.03700865,10.4985990524292,0.388538984130399,-0.0,0.0,0.0,-0.0,0.0,-0.0,0.0,0.0,-0.0,0.0,7.023573,0.99446255,0.0,1.7554393,2.5118003,0.98520344,1.3937836,0.0,0.0,0.0,0.39223,0.1383698,0.55489427,0.0,2.5118003,0.0,2.5118003,2.5118003,1.7554393,-0.0,9.4,20.697098,19.040403,19.040403,2.0
resstock-amy2018-2021-release-1-82426,0.19154233,0.9878177,0.0,0.0,0.5026056,0.0,0.0,0.0,0.0,0.0,0.0,0.0,0.0,0.0,0.0,0.0,0.0,0.036840074,10.4985990524292,0.3867691635135557,-0.0,0.0,0.0,-0.0,0.0,-0.0,0.0,0.0,-0.0,0.0,7.023573,0.9878177,0.0,1.5640583,2.066664,0.73746383,1.140325,0.0,0.0,0.0,0.3568378,0.1383698,0.55177087,0.0,2.066664,0.0,2.066664,2.066664,1.5640583,-0.0,8.89,20.257057,19.006735,19.006735,2.0
resstock-amy2018-2021-release-1-82426,1.5461452,0.98405564,2.5567474,0.0,0.50460976,2.703151,0.0,0.0,0.0,0.0,0.0,0.0,0.0,0.0,0.0,0.0,0.0,0.036672264,10.4985990524292,0.3850073996245271,-0.0,0.0,0.0,-0.0,0.0,-0.0,0.0,0.0,-0.0,0.0,7.023573,0.98405564,0.0,1.28468,4.4924407,1.4282358,2.4556541,0.0,0.0,0.0,0.3179198,0.1383698,0.5466192,0.0,4.4924407,0.0,4.4924407,4.4924407,1.28468,-0.0,8.595,19.675198,18.973064,18.973064,2.0
resstock-amy2018-2021-release-1-82426,0.0,0.98035145,0.0,0.0,0.5066139,0.0,0.0,0.0,0.0,0.0,0.0,0.0,0.0,0.0,0.0,0.0,0.0,0.036505215,10.4985990524292,0.3832536142426548,-0.0,0.0,0.0,-0.0,0.0,-0.0,0.0,0.0,-0.0,0.0,7.023573,0.98035145,0.0,1.1201274,1.6267414,0.4926632,0.8770466,0.0,0.0,0.0,0.3028528,0.1383698,0.5391432,0.0,1.6267414,0.0,1.6267414,1.6267414,1.1201274,-0.0,8.3,19.032864,18.939394,18.939394,2.0
resstock-amy2018-2021-release-1-82426,0.0,0.9489263,0.37486982,0.0,0.5249569,0.39633548,0.0,0.0,0.0,0.0,0.0,0.0,0.0,0.0,0.0,0.0,0.0,0.03633893,10.4985990524292,0.38150784647826796,-0.0,0.0,0.0,-0.0,0.0,-0.0,0.0,0.0,-0.0,0.0,7.023573,0.9489263,0.0,0.6757766,1.5970689,0.461192,0.8469094,0.0,0.0,0.0,0.288774,0.1383698,0.5302898,0.0,1.5970689,0.0,1.5970689,1.5970689,0.6757766,-0.0,5.6,18.158854,18.905724,18.905724,2.0
resstock-amy2018-2021-release-1-82426,0.0,3.8968074,1.3015547,0.0,2.4651291,1.3760837,2.8933513,0.0,0.0,0.0,0.0,0.0,0.0,0.0,1.2415265,1.2415265,0.0,0.14873584,10.498567581176758,1.5615132275453618,-0.0,1.2415265,0.0,-0.0,0.0,-0.0,3.5117865,3.5117865,-0.0,0.48260626,7.023573,3.8968074,0.0,0.32632127,5.409061,1.6442204,2.8482716,2.8933513,0.40035245,0.6053998,0.3039752,0.1383698,0.52657413,0.20923826,5.409061,0.0,2.3290563,2.3290563,0.32632127,-0.0,7.8,19.850958,18.872053,18.872053,2.0
resstock-amy2018-2021-release-1-82426,0.0,0.95442957,0.37517777,0.0,0.0,0.39666104,0.0,0.0,0.0,0.0,0.0,0.0,0.0,0.0,-1.0868981,0.0,-1.0868981,0.039392933,10.498540878295898,0.41356832003558,1.0868981,0.0,0.0,-0.0,0.0,-0.0,0.0,0.0,0.95442957,0.33980983,7.023573,0.0,0.0,0.32522175,-0.36501527,-0.1097755,0.0,0.0,0.0,0.0,0.3007422,0.1383698,0.5313174,0.0,0.0,-0.36501527,1.2434429,1.2434429,0.32522175,-0.0,6.1,17.66159,18.838385,18.838385,2.0
resstock-amy2018-2021-release-1-82426,0.0,0.95825005,0.0,0.0,2.4221938,0.0,0.0,0.0,0.0,0.0,0.0,0.0,0.0,0.0,0.0,0.0,0.0,0.039213497,10.498540878295898,0.41168450324766326,-0.0,0.0,0.0,-0.0,0.0,-0.0,3.5117865,3.5117865,-0.0,0.8210013,7.023573,0.95825005,0.0,0.32412225,2.746316,0.8259331,1.4608026,0.0,0.0,0.0,0.3007422,0.1383698,0.5319135,0.0,2.746316,0.0,0.84337234,0.84337234,0.32412225,-0.0,6.44,17.097115,18.804714,18.804714,2.0
resstock-amy2018-2021-release-1-82426,0.0,0.9621358,0.0,0.0,3.202463e-08,0.0,0.0,0.0,0.0,0.0,0.0,0.0,0.0,0.0,0.0,0.0,0.0,0.039034877,10.498540878295898,0.4098092515743801,-0.0,0.0,0.0,-0.0,0.0,-0.0,0.0,0.0,0.96213573,0.67565924,7.023573,5.9604645e-08,0.0,0.32302272,0.32302275,0.09676825,0.1716613,0.0,0.0,0.0,0.299571,0.1383698,0.5314217,0.0,0.32302275,0.0,0.8399631,0.8399631,0.32302272,-0.0,6.78,16.526106,18.771044,18.771044,2.0
resstock-amy2018-2021-release-1-82426,0.0,3.8162339,0.0,0.0,2.4651291,0.0,3.0228765,0.0,0.0,0.0,0.0,0.0,0.0,0.0,1.2413102,1.2413102,0.0,0.15140165,10.498509407043457,1.5894916875624432,-0.0,1.2413102,0.0,-0.0,0.0,-0.0,2.3806043,2.3806043,-0.0,1.0,7.023573,3.8162339,0.0,0.3219232,4.0283628,1.2066823,2.1405582,3.0228765,0.41827482,0.6325014,0.2995466,0.1383698,0.5313718,0.20923826,4.0283628,0.0,1.4850702,1.4850702,0.3219232,-0.0,6.0666666,17.640804,18.737373,18.737373,2.0
resstock-amy2018-2021-release-1-82426,0.0,0.963137,0.0,0.0,9.586471e-08,0.0,0.0,0.0,0.0,0.0,0.0,0.0,0.0,0.0,-1.1135623,0.0,-1.1135623,0.03938248,10.498481750488281,0.41345624846024975,1.1135623,0.0,0.0,-0.0,0.0,-0.0,0.0,0.0,0.9631368,0.853765,7.023573,1.7881393e-07,0.0,0.3219232,-0.7916391,-0.2380793,0.0,0.0,0.0,0.0,0.3007422,0.1383698,0.53190094,0.0,0.0,-0.7916391,0.8382747,0.8382747,0.3219232,-0.0,6.866667,16.282715,18.703703,18.703703,2.0
resstock-amy2018-2021-release-1-82426,0.0,0.97879905,0.0,0.0,0.0,0.0,0.0,0.0,0.0,0.0,0.0,0.0,0.0,0.0,0.0,0.0,0.0,0.03920309,10.498481750488281,0.4115729116007003,-0.0,0.0,0.0,-0.0,0.0,-0.0,0.0,0.0,0.9787991,0.70582855,7.023573,0.0,0.0,0.3541256,0.3541256,0.10889397,0.18641983,0.0,0.0,0.0,0.307501,0.1383698,0.5264229,0.0,0.3541256,0.0,0.8615887,0.8615887,0.3541256,-0.0,8.175,16.122738,18.670034,18.670034,2.0
resstock-amy2018-2021-release-1-82426,0.0,0.98035145,0.0,0.0,2.3213916,0.0,0.0,0.0,0.0,0.0,0.0,0.0,0.0,0.0,0.0,0.0,0.0,0.039024513,10.498481750488281,0.40969813980754566,-0.0,0.0,0.0,-0.0,0.0,-0.0,2.161985,2.161985,-0.0,1.0,7.023573,0.98035145,0.0,0.32632127,2.647713,0.8371735,1.3746537,0.0,0.0,0.0,0.3161874,0.1383698,0.5191853,0.0,2.647713,0.0,1.5304691,1.5304691,0.32632127,-0.0,8.3,15.753841,18.636364,18.636364,2.0
resstock-amy2018-2021-release-1-82426,0.0,4.010069,0.0,0.0,0.0,0.0,0.0,0.0,0.0,0.0,0.0,0.0,0.0,0.0,0.0,0.0,0.0,0.03884675,10.498481750488281,0.4078318939708936,-0.0,0.0,0.0,-0.0,0.0,-0.0,0.0,0.0,4.010069,0.40431467,7.023573,0.0,0.0,0.3274208,0.31034574,0.10045594,0.16228378,0.0,0.0,0.0,0.3236904,0.1383698,0.52291286,0.0,0.31034574,0.0,2.290604,2.3076792,0.3274208,-0.017075056,10.0,17.268919,18.602694,18.602694,2.0
resstock-amy2018-2021-release-1-82426,0.0,1.0025172,0.19915088,0.0,0.0,0.21055457,0.0,0.0,0.0,0.0,0.0,0.0,0.0,0.0,0.0,0.0,0.0,0.0386698,10.498481750488281,0.4059741740907441,-0.0,0.0,0.0,-0.0,0.0,-0.0,0.0,0.0,1.0025172,0.25475085,7.023573,0.0,0.0,0.7214608,0.8930782,0.30353925,0.4768749,0.0,0.0,0.0,0.3398798,0.1383698,0.5339677,0.0,0.8930782,0.0,1.3881428,1.42708,0.7214608,-0.038937174,10.0,16.089563,18.569023,18.569023,2.0
resstock-amy2018-2021-release-1-82426,0.0,1.0108405,0.030986145,0.0,0.0,0.03276046,0.0,0.0,0.0,0.0,0.0,0.0,0.0,0.0,0.0,0.0,0.0,0.038493652,10.498481750488281,0.40412490194731276,-0.0,0.0,0.0,-0.0,0.0,-0.0,0.0,0.0,1.0108405,0.10458196,7.023573,0.0,0.0,4.596219,4.5804386,1.4467123,2.4662914,0.0,0.0,0.0,0.3158458,0.1383698,0.53844,0.0,4.5804386,0.0,5.071427,5.119968,4.596219,-0.04854108,10.6,16.147177,18.535353,18.535353,2.0
resstock-amy2018-2021-release-1-82426,0.0,4.010069,0.6854536,0.0,2.4651291,0.7247038,1.2058624,0.0,0.0,0.0,0.0,0.0,0.0,0.0,1.2413538,1.2413538,0.0,0.15086648,10.49845027923584,1.583864225241797,-0.0,1.2413538,0.0,-0.0,0.0,-0.0,2.1070719,2.1070719,-0.0,0.3937103,7.023573,4.010069,0.0,0.66648114,5.0538073,1.5478235,2.744953,1.2058624,0.16685493,0.25231254,0.3062688,0.1383698,0.54314554,0.20923825,5.0538073,0.0,2.771936,2.8157964,0.66648114,-0.04386042,10.0,17.869713,18.501684,18.501684,2.0
resstock-amy2018-2021-release-1-82426,0.0,1.0025172,0.0,0.0,0.0,0.0,0.0,0.0,0.0,0.0,0.0,0.0,0.0,0.0,-1.1082093,0.0,-1.1082093,0.039384577,10.498422622680664,0.4134759386058491,1.1082093,0.0,0.0,-0.0,0.0,-0.0,0.0,0.0,1.0025172,0.24419059,7.023573,0.0,0.0,0.32852033,-0.8209694,-0.2378759,0.0,0.0,0.0,0.0,0.28975,0.1383698,0.5431475,0.0,0.0,-0.8209694,0.78230447,0.8235849,0.32852033,-0.041280463,10.0,16.835743,18.468014,18.468014,2.0
resstock-amy2018-2021-release-1-82426,0.0,1.0108405,0.37517777,0.0,0.0,0.39666104,0.0,0.0,0.0,0.0,0.0,0.0,0.0,0.0,0.0,0.0,0.0,0.039205175,10.498422622680664,0.4115924950243013,-0.0,0.0,0.0,-0.0,0.0,-0.0,0.0,0.0,1.0108405,0.09406568,7.023573,0.0,0.0,0.66235816,0.999157,0.28821486,0.5429,0.0,0.0,0.0,0.28845802,0.1383698,0.5433581,0.0,0.999157,0.0,1.4901454,1.5500077,0.66235816,-0.059862208,10.6,16.85085,18.434343,18.434343,2.0
resstock-amy2018-2021-release-1-82426,0.0,1.0108405,0.7503551,0.0,0.18253547,0.79332167,0.0,0.0,0.0,0.0,0.0,0.0,0.0,0.0,0.0,0.0,0.0,0.03902659,10.498422622680664,0.40971761646090954,-0.0,0.0,0.0,-0.0,0.0,-0.0,0.0,0.0,0.63503885,0.0,7.023573,0.37580168,0.0,0.66051817,1.5771229,0.48090705,0.866512,0.0,0.0,0.0,0.3049268,0.1383698,0.5494258,0.0,1.5771229,0.0,1.8855758,1.9448282,0.66051817,-0.059252385,10.6,16.698908,18.400673,18.400673,2.0
resstock-amy2018-2021-release-1-82426,0.040215366,1.0179915,1.6380124,0.0,0.48759153,1.7318076,0.0,0.0,0.0,0.0,0.0,0.0,0.0,0.0,0.0,0.0,0.0,0.03884882,10.498422622680664,0.4078513420253458,-0.0,0.0,0.0,-0.0,0.0,-0.0,0.0,0.0,-0.0,0.0,7.023573,1.0179915,0.0,0.68648255,2.8690972,0.8912111,1.5854485,0.0,0.0,0.0,0.3106242,0.1383698,0.5525949,0.0,2.8690972,0.0,2.8690972,2.9058814,0.68648255,-0.036784235,11.1,16.662712,18.367002,18.367002,2.0
resstock-amy2018-2021-release-1-82426,0.0,1.0108405,0.0,0.0,0.49098837,0.0,0.0,0.0,0.0,0.0,0.0,0.0,0.0,0.0,0.0,0.0,0.0,0.03867186,10.498422622680664,0.40599351527892225,-0.0,0.0,0.0,-0.0,0.0,-0.0,0.0,0.0,-0.0,0.0,7.023573,1.0108405,0.0,1.1769859,1.6571505,0.5383633,0.9067859,0.0,0.0,0.0,0.32487288,0.1383698,0.54719585,0.0,1.6571505,0.0,1.6571505,1.6679742,1.1769859,-0.010823776,10.6,16.668285,18.333334,18.333334,2.0
resstock-amy2018-2021-release-1-82426,0.0,10.025172,0.0,0.0,2.4651291,0.0,5.394058,0.0,0.0,0.0,0.0,0.0,0.0,0.0,0.0,0.0,0.0,0.038495705,10.498422622680664,0.40414417533131086,-0.0,0.0,0.0,-0.0,0.0,-0.0,0.0,0.0,-0.0,0.0,7.023573,4.9919434,5.033229,1.4693214,3.9344506,1.5642557,2.1360238,5.394058,0.7463747,1.1286434,0.3975792,0.1383698,0.54290265,0.20923826,3.9344506,0.0,3.9344506,3.9344506,1.4693214,0.0,10.0,21.698124,19.11574,19.11574,2.0
resstock-amy2018-2021-release-1-82426,0.0,2.021681,0.0,0.0,0.98197675,0.0,0.0,0.0,0.0,0.0,0.0,0.0,0.0,0.0,0.0,0.0,0.0,0.038320355,10.498422622680664,0.4023032830728397,-0.0,0.0,0.0,-0.0,0.0,-0.0,0.0,0.0,-0.0,0.0,7.023573,2.021681,0.0,1.7011329,2.6831098,1.1094068,1.4397874,0.0,0.0,0.0,0.413478,0.1383698,0.53661144,0.0,2.6831098,0.0,2.6831098,2.6831098,1.7011329,-0.0,10.6,19.474895,20.0,20.0,2.0
resstock-amy2018-2021-release-1-82426,0.0,5.495266,0.0,0.0,2.4651291,0.0,0.5394057,0.0,0.0,0.0,0.0,0.0,0.0,0.0,0.0,0.0,0.0,0.0381458,10.498422622680664,0.4004707211744929,-0.0,0.0,0.0,-0.0,0.0,-0.0,0.0,0.0,-0.0,0.0,7.023573,4.9919434,0.5033228,1.7554393,4.2205687,1.7666917,2.2416177,0.5394057,0.07463746,0.112864316,0.4185909,0.1383698,0.53111744,0.20923828,4.2205687,0.0,4.2205687,4.2205687,1.7554393,-0.0,10.0,21.187756,20.0,20.0,2.0
resstock-amy2018-2021-release-1-82426,0.0,1.0025172,0.0,0.0,0.49506462,0.0,0.0,0.0,0.0,0.0,0.0,0.0,0.0,0.0,0.0,0.0,0.0,0.03797204,10.498422622680664,0.3986465287459424,-0.0,0.0,0.0,-0.0,0.0,-0.0,0.0,0.0,-0.0,0.0,7.023573,1.0025172,0.0,1.5640583,2.059123,0.75417566,1.0867046,0.0,0.0,0.0,0.36626062,0.1383698,0.5277512,0.0,2.059123,0.0,2.059123,2.059123,1.5640583,-0.0,10.0,19.229568,20.0,20.0,2.0
resstock-amy2018-2021-release-1-82426,0.0,0.99446255,1.1255189,0.0,0.49914086,1.189968,0.0,0.0,0.0,0.0,0.0,0.0,0.0,0.0,0.0,0.0,0.0,0.037799075,10.498422622680664,0.3968306666775163,-0.0,0.0,0.0,-0.0,0.0,-0.0,0.0,0.0,-0.0,0.0,7.023573,0.99446255,0.0,1.28468,2.9737887,0.9611985,1.5671711,0.0,0.0,0.0,0.32322353,0.1383698,0.52699476,0.0,2.9737887,0.0,2.9737887,2.9737887,1.28468,-0.0,9.4,18.349386,20.0,20.0,2.0
resstock-amy2018-2021-release-1-82426,0.0,1.0025172,0.0,0.0,0.49506462,0.0,0.0,0.0,0.0,0.0,0.0,0.0,0.0,0.0,0.0,0.0,0.0,0.037626896,10.498422622680664,0.3950230567498707,-0.0,0.0,0.0,-0.0,0.0,-0.0,0.0,0.0,-0.0,0.0,7.023573,1.0025172,0.0,1.1201274,1.615192,0.49468294,0.8498462,0.0,0.0,0.0,0.3062688,0.1383698,0.526158,0.0,1.615192,0.0,1.615192,1.615192,1.1201274,-0.0,10.0,17.652168,20.037037,20.037037,2.0
resstock-amy2018-2021-release-1-82426,0.0,1.0025172,0.0,0.0,0.49506462,0.0,0.0,0.0,0.0,0.0,0.0,0.0,0.0,0.0,0.0,0.0,0.0,0.037455503,10.498422622680664,0.3932236989630056,-0.0,0.0,0.0,-0.0,0.0,-0.0,0.0,0.0,-0.0,0.0,7.023573,1.0025172,0.0,0.5015987,0.99666333,0.30702215,0.5218609,0.0,0.0,0.0,0.30805,0.1383698,0.523608,0.0,0.99666333,0.0,0.99666333,0.99666333,0.5015987,-0.0,10.0,17.123821,19.88889,19.88889,2.0
resstock-amy2018-2021-release-1-82426,0.0,4.010069,0.0,0.0,2.4651291,0.0,2.71128,0.0,0.0,0.0,0.0,0.0,0.0,0.0,1.241437,1.241437,0.0,0.14983994,10.498391151428223,1.573078275942919,-0.0,1.241437,0.0,-0.0,0.0,-0.0,3.5117865,3.5117865,-0.0,0.48260626,7.023573,4.010069,0.0,0.32632127,4.0328875,1.1678895,2.160972,2.71128,0.3751593,0.56730354,0.2895914,0.1383698,0.5358375,0.20923826,4.0328875,0.0,1.0572548,1.0572548,0.32632127,-0.0,10.0,19.128048,19.444445,19.444445,2.0
resstock-amy2018-2021-release-1-82426,0.0,1.0025172,0.0,0.0,0.0,0.0,0.0,0.0,0.0,0.0,0.0,0.0,0.0,0.0,-1.0979415,0.0,-1.0979415,0.039388597,10.498363494873047,0.4135158089804918,1.0979415,0.0,0.0,-0.0,0.0,-0.0,0.0,0.0,1.0025173,0.33271646,7.023573,0.0,0.0,0.32522175,-0.77271974,-0.21515654,0.0,0.0,0.0,0.0,0.2784406,0.1383698,0.5158639,0.0,0.0,-0.77271974,0.8202864,0.8202864,0.32522175,-0.0,10.0,17.148495,19.444445,19.444445,2.0
resstock-amy2018-2021-release-1-82426,0.0,4.010069,0.0,0.0,2.4651291,0.0,2.71128,0.0,0.0,0.0,0.0,0.0,0.0,0.0,1.2412819,1.2412819,0.0,0.15175143,10.498332023620605,1.593136885047869,-0.0,1.2412819,0.0,-0.0,0.0,-0.0,3.5117865,3.5117865,-0.0,0.8139374,7.023573,4.010069,0.0,0.32412225,4.0305333,1.0940883,2.0624838,2.71128,0.3751593,0.56730354,0.27145,0.1383698,0.5117149,0.20923826,4.0305333,0.0,1.0550556,1.0550556,0.32412225,-0.0,10.0,18.722406,19.444445,19.444445,2.0
resstock-amy2018-2021-release-1-82426,0.0,1.0025172,0.0,0.0,5.8868117e-08,0.0,0.0,0.0,0.0,0.0,0.0,0.0,0.0,0.0,-1.1170609,0.0,-1.1170609,0.039381113,10.49830436706543,0.41343490957320483,1.1170609,0.0,0.0,-0.0,0.0,-0.0,0.0,0.0,1.0025171,0.6626681,7.023573,1.1920929e-07,0.0,0.32302272,-0.7940381,-0.21554166,0.0,0.0,0.0,0.0,0.27145,0.1383698,0.5135068,0.0,0.0,-0.7940381,0.8180873,0.8180873,0.32302272,-0.0,10.0,16.958572,19.444445,19.444445,2.0
resstock-amy2018-2021-release-1-82426,0.0,4.043362,0.0,0.0,2.4651291,0.0,2.6577604,0.0,0.0,0.0,0.0,0.0,0.0,0.0,1.2412826,1.2412826,0.0,0.15174402,10.498272895812988,1.5930501633996101,-0.0,1.2412826,0.0,-0.0,0.0,-0.0,2.4747434,2.4747434,-0.0,1.0,7.023573,4.043362,0.0,0.35716534,4.063577,1.1160964,2.1219232,2.6577604,0.36775377,0.55610514,0.2746586,0.1383698,0.5221811,0.20923825,4.063577,0.0,1.620255,1.620255,0.35716534,-0.0,10.6,18.41597,19.444445,19.444445,2.0
resstock-amy2018-2021-release-1-82426,0.0,1.0052612,2.6760597,0.0,5.8546302e-08,2.8292952,0.0,0.0,0.0,0.0,0.0,0.0,0.0,0.0,-1.1169869,0.0,-1.1169869,0.039381143,10.498245239257812,0.41343289392642646,1.1169869,0.0,0.0,-0.0,0.0,-0.0,0.0,0.0,1.0052611,0.8475513,7.023573,1.1920929e-07,0.0,0.5210606,2.2333689,0.617719,1.1868424,0.0,0.0,0.0,0.2765862,0.1383698,0.53141356,0.0,2.2333689,0.0,3.8440616,3.8440616,0.5210606,-0.0,10.2,17.027592,19.444445,19.444445,2.0
resstock-amy2018-2021-release-1-82426,0.0,1.0025172,0.0,0.0,5.8868117e-08,0.0,0.0,0.0,0.0,0.0,0.0,0.0,0.0,0.0,0.0,0.0,0.0,0.03920176,10.498245239257812,0.41154967771296924,-0.0,0.0,0.0,-0.0,0.0,-0.0,0.0,0.0,1.0025171,0.6961421,7.023573,1.1920929e-07,0.0,0.8427671,0.8427672,0.2441918,0.4566532,0.0,0.0,0.0,0.28975,0.1383698,0.5418498,0.0,0.8427672,0.0,1.3378317,1.3378317,0.8427671,-0.0,10.0,17.069408,19.444445,19.444445,2.0
resstock-amy2018-2021-release-1-82426,0.0,1.0108405,0.0,0.0,0.0,0.0,0.0,0.0,0.0,0.0,0.0,0.0,0.0,0.0,0.0,0.0,0.0,0.03902319,10.498245239257812,0.40967502637295183,-0.0,0.0,0.0,-0.0,0.0,-0.0,0.0,0.0,1.0108405,0.54413545,7.023573,0.0,0.0,0.6515692,0.6515692,0.1931642,0.3552336,0.0,0.0,0.0,0.29646,0.1383698,0.54519707,0.0,0.6515692,0.0,1.1425576,1.1425576,0.6515692,-0.0,10.6,16.743849,20.699074,20.699074,2.0
resstock-amy2018-2021-release-1-82426,0.0,4.0690694,0.75094974,0.0,2.4651291,0.7939503,1.1110175,0.0,0.0,0.0,0.0,0.0,0.0,0.0,1.2413112,1.2413112,0.0,0.1513901,10.498213768005371,1.5893256897520303,-0.0,1.2413112,0.0,-0.0,0.0,-0.0,2.1070719,2.1070719,-0.0,0.8314337,7.023573,4.0690694,0.0,0.67466664,5.1737165,1.5338,2.8525581,1.1110175,0.15373126,0.23246737,0.29646,0.1383698,0.5513557,0.20923826,5.1737165,0.0,2.9217505,2.9230912,0.67466664,-0.0013405518,11.05,17.83982,21.11111,21.11111,2.0
resstock-amy2018-2021-release-1-82426,0.0,1.0344558,0.37547332,0.0,5.5328204e-08,0.39697352,0.0,0.0,0.0,0.0,0.0,0.0,0.0,0.0,-1.1134467,0.0,-1.1134467,0.03938254,10.498186111450195,0.413445231202374,1.1134467,0.0,0.0,-0.0,0.0,-0.0,0.0,0.0,1.0344557,0.67538035,7.023573,1.1920929e-07,0.0,0.682976,-0.03781554,-0.011194187,0.0,0.0,0.0,0.0,0.2960208,0.1383698,0.56080836,0.0,0.0,-0.03781554,1.5557495,1.560068,0.682976,-0.0043184217,12.2,16.66099,21.11111,21.11111,2.0
resstock-amy2018-2021-release-1-82426,0.0,7.2357917,0.0,0.0,2.4651291,0.0,4.3288183,0.0,0.0,0.0,0.0,0.0,0.0,0.0,1.2412825,1.2412825,0.0,0.15174544,10.498154640197754,1.5930470801127967,-0.0,1.2412825,0.0,-0.0,0.0,-0.0,2.1070719,2.1070719,-0.0,0.96213216,7.023573,5.3036165,1.9321752,0.6735616,4.3700414,1.2662195,2.4793508,4.3288183,0.59897774,0.90575445,0.28975,0.1383698,0.5673518,0.20923826,4.3700414,0.0,2.1493888,2.1593208,0.6735616,-0.00993211,12.15,20.398943,21.11111,21.11111,2.0
resstock-amy2018-2021-release-1-82426,0.0,1.0298619,0.75094986,0.0,0.0,0.79395044,0.0,0.0,0.0,0.0,0.0,0.0,0.0,0.0,-1.1170009,0.0,-1.1170009,0.03938113,10.498126983642578,0.41342811955945535,1.1170009,0.0,0.0,-0.0,0.0,-0.0,0.0,0.0,1.0298619,0.8062123,7.023573,0.0,0.0,0.66648114,0.33018628,0.08962907,0.19002609,0.0,0.0,0.0,0.27145,0.1383698,0.57551175,0.0,0.33018628,0.0,1.9293438,1.9425882,0.66648114,-0.013244362,11.9,17.828907,21.11111,21.11111,2.0
resstock-amy2018-2021-release-1-82426,0.0,7.2339964,0.0,0.0,2.4651291,0.0,4.329643,0.0,0.0,0.0,0.0,0.0,0.0,0.0,1.2412826,1.2412826,0.0,0.15174405,10.498095512390137,1.5930235593930462,-0.0,1.2412826,0.0,-0.0,0.0,-0.0,1.4345627,1.4345627,-0.0,1.0,7.023573,5.3010516,1.9329447,0.32852033,4.0199165,1.1402494,2.3480911,4.329643,0.5990918,0.90592694,0.28365,0.1383698,0.5841144,0.20923826,4.0199165,0.0,2.1115243,2.12654,0.32852033,-0.015015656,12.133333,21.549725,21.11111,21.11111,2.0
resstock-amy2018-2021-release-1-82426,0.0,1.0476475,0.7509463,0.0,0.0,0.7939467,0.0,0.0,0.0,0.0,0.0,0.0,0.0,0.0,-1.1169871,0.0,-1.1169871,0.039381143,10.498067855834961,0.4134259083645375,1.1169871,0.0,0.0,-0.0,0.0,-0.0,0.0,0.0,1.0476477,0.8412989,7.023573,0.0,0.0,0.32852033,-0.010790229,-0.0029605902,0.0,0.0,0.0,0.0,0.27437696,0.1383698,0.5952417,0.0,0.0,-0.010790229,1.580654,1.5969242,0.32852033,-0.01627011,13.033334,18.9019,19.708334,19.708334,2.0
resstock-amy2018-2021-release-1-82426,0.0,1.0663869,0.0,0.0,5.2190558e-08,0.0,0.0,0.0,0.0,0.0,0.0,0.0,0.0,0.0,0.0,0.0,0.0,0.03920176,10.498067855834961,0.41154272397081115,-0.0,0.0,0.0,-0.0,0.0,-0.0,0.0,0.0,1.0663868,0.6804943,7.023573,1.1920929e-07,0.0,0.32852033,0.30632967,0.08875903,0.18525715,0.0,0.0,0.0,0.28975,0.1383698,0.604764,0.0,0.30632967,0.0,0.7732004,0.79539114,0.32852033,-0.022190733,14.15,18.733492,19.444445,19.444445,2.0
resstock-amy2018-2021-release-1-82426,0.0,2.1345127,0.0,0.0,0.0,0.0,0.0,0.0,0.0,0.0,0.0,0.0,0.0,0.0,0.0,0.0,0.0,0.03902319,10.498067855834961,0.40966810430580836,-0.0,0.0,0.0,-0.0,0.0,-0.0,0.0,0.0,2.1345127,0.36280096,7.023573,0.0,0.0,0.68648255,0.6535412,0.19923438,0.39791813,0.0,0.0,0.0,0.3048536,0.1383698,0.60886467,0.0,0.6535412,0.0,1.5866034,1.6195447,0.68648255,-0.032941345,14.2,18.851479,19.444445,19.444445,2.0
resstock-amy2018-2021-release-1-82426,0.0,1.5838138,0.0,0.0,0.0,0.0,0.0,0.0,0.0,0.0,0.0,0.0,0.0,0.0,0.0,0.0,0.0,0.038845435,10.498067855834961,0.4078020102611788,-0.0,0.0,0.0,-0.0,0.0,-0.0,0.0,0.0,1.5838138,0.12766342,7.023573,0.0,0.0,0.7538526,0.73547804,0.22386318,0.4507925,0.0,0.0,0.0,0.3043778,0.1383698,0.61292446,0.0,0.73547804,0.0,1.4581691,1.4765437,0.7538526,-0.01837456,12.78,18.47583,19.48611,19.48611,2.0
resstock-amy2018-2021-release-1-82426,0.0,1.0672563,0.0,0.0,0.08978616,0.0,0.0,0.0,0.0,0.0,0.0,0.0,0.0,0.0,0.0,0.0,0.0,0.038668487,10.498067855834961,0.40594440272857213,-0.0,0.0,0.0,-0.0,0.0,-0.0,0.0,0.0,0.8618577,0.0,7.023573,0.20539862,0.0,1.8870419,1.9768281,0.6045967,1.2081157,0.0,0.0,0.0,0.3058418,0.1383698,0.61113846,0.0,1.9768281,0.0,2.353573,2.353573,1.8870419,0.0,14.2,18.312067,21.11111,21.11111,2.0
resstock-amy2018-2021-release-1-82426,0.0,5.331935,0.0,0.0,2.3343537,0.0,0.0,0.0,0.0,0.0,0.0,0.0,0.0,0.0,0.0,0.0,0.0,0.038492348,10.498067855834961,0.40409528170798836,-0.0,0.0,0.0,-0.0,0.0,-0.0,0.0,0.0,-0.0,0.0,7.023573,5.331935,0.0,1.7011329,4.0354867,1.2523383,2.4322572,0.0,0.0,0.0,0.3103314,0.1383698,0.60271716,0.0,4.0354867,0.0,4.0354867,4.0354867,1.7011329,-0.0,14.15,21.322048,21.11111,21.11111,2.0
resstock-amy2018-2021-release-1-82426,0.0,1.0620804,0.7509499,0.0,0.46856922,0.7939505,0.0,0.0,0.0,0.0,0.0,0.0,0.0,0.0,0.0,0.0,0.0,0.03831701,10.498067855834961,0.4022545689827268,-0.0,0.0,0.0,-0.0,0.0,-0.0,0.0,0.0,-0.0,0.0,7.023573,1.0620804,0.0,1.7554393,3.017959,0.94985914,1.8144302,0.0,0.0,0.0,0.3147356,0.1383698,0.601211,0.0,3.017959,0.0,3.017959,3.017959,1.7554393,-0.0,13.9,19.711378,21.11111,21.11111,2.0
resstock-amy2018-2021-release-1-82426,0.0,1.0620804,0.0,0.0,0.46856922,0.0,0.0,0.0,0.0,0.0,0.0,0.0,0.0,0.0,0.0,0.0,0.0,0.038142473,10.498067855834961,0.4004222645527875,-0.0,0.0,0.0,-0.0,0.0,-0.0,0.0,0.0,-0.0,0.0,7.023573,1.0620804,0.0,1.5640583,2.0326276,0.62753963,1.223051,0.0,0.0,0.0,0.3087332,0.1383698,0.6017093,0.0,2.0326276,0.0,2.0326276,2.0326276,1.5640583,-0.0,13.9,19.26942,21.11111,21.11111,2.0
resstock-amy2018-2021-release-1-82426,0.0,5.313254,0.0,0.0,2.3417137,0.0,0.0,0.0,0.0,0.0,0.0,0.0,0.0,0.0,0.0,0.0,0.0,0.03796873,10.498067855834961,0.39859829020146975,-0.0,0.0,0.0,-0.0,0.0,-0.0,0.0,0.0,-0.0,0.0,7.023573,5.313254,0.0,1.28468,3.6263938,1.0750808,2.179528,0.0,0.0,0.0,0.29646,0.1383698,0.601018,0.0,3.6263938,0.0,3.6263938,3.6263938,1.28468,-0.0,13.933333,21.372612,21.11111,21.11111,2.0
resstock-amy2018-2021-release-1-82426,0.0,1.0620804,0.0,0.0,0.46856922,0.0,0.0,0.0,0.0,0.0,0.0,0.0,0.0,0.0,0.0,0.0,0.0,0.037795775,10.498067855834961,0.3967826068204232,-0.0,0.0,0.0,-0.0,0.0,-0.0,0.0,0.0,-0.0,0.0,7.023573,1.0620804,0.0,0.7254234,1.1939926,0.32383254,0.707687,0.0,0.0,0.0,0.2712182,0.1383698,0.5927064,0.0,1.1939926,0.0,1.1939926,1.1939926,0.7254234,-0.0,13.9,19.458221,21.11111,21.11111,2.0
resstock-amy2018-2021-release-1-82426,0.0,5.321127,0.0,0.0,2.3386,0.0,0.0,0.0,0.0,0.0,0.0,0.0,0.0,0.0,0.0,0.0,0.0,0.03762361,10.498067855834961,0.3949752144096479,-0.0,0.0,0.0,-0.0,0.0,-0.0,0.0,0.0,-0.0,0.0,7.023573,5.321127,0.0,0.5015987,2.8401985,0.7571117,1.7052658,0.0,0.0,0.0,0.26657,0.1383698,0.6004037,0.0,2.8401985,0.0,2.8401985,2.8401985,0.5015987,-0.0,14.025,22.037436,20.180555,20.180555,2.0
resstock-amy2018-2021-release-1-82426,0.0,1.0620804,0.0,0.0,0.46856922,0.0,0.0,0.0,0.0,0.0,0.0,0.0,0.0,0.0,0.0,0.0,0.0,0.03745223,10.498067855834961,0.3931760347524431,-0.0,0.0,0.0,-0.0,0.0,-0.0,0.0,0.0,-0.0,0.0,7.023573,1.0620804,0.0,0.32632127,0.7948905,0.22999951,0.46379042,0.0,0.0,0.0,0.2893474,0.1383698,0.5834645,0.0,0.7948905,0.0,0.7948905,0.7948905,0.32632127,-0.0,13.9,19.63389,19.444445,19.444445,2.0
resstock-amy2018-2021-release-1-82426,0.0,3.0791805,0.0,0.0,2.4651291,0.0,1.4577771,0.0,0.0,0.0,0.0,0.0,0.0,0.0,1.2414372,1.2414372,0.0,0.1498367,10.49803638458252,1.5729911717545377,-0.0,1.2414372,0.0,-0.0,0.0,-0.0,3.5117865,3.5117865,-0.0,0.48260626,7.023573,3.0791805,0.0,0.32522175,4.031788,1.0944289,2.5001938,1.4577771,0.20171233,0.30502275,0.27145,0.1383698,0.6201204,0.20923826,4.031788,0.0,1.1353145,1.1353145,0.32522175,-0.0,11.67,20.243603,19.444445,19.444445,2.0
resstock-amy2018-2021-release-1-82426,0.0,3.12141,0.0,0.0,0.0,0.0,0.0,0.0,0.0,0.0,0.0,0.0,0.0,0.0,-1.0979091,0.0,-1.0979091,0.03938861,10.498008728027344,0.4135019525365635,1.0979091,0.0,0.0,-0.0,0.0,-0.0,0.0,0.0,3.12141,0.020160425,7.023573,0.0,0.0,0.32412225,-0.77378684,-0.17322765,0.0,0.0,0.0,0.0,0.22387,0.1383698,0.6315722,0.0,0.0,-0.77378684,1.7566309,1.7566309,0.32412225,-0.0,12.585,19.690811,19.444445,19.444445,2.0
resstock-amy2018-2021-release-1-82426,0.0,3.165975,0.0,0.0,2.4651291,0.0,1.2407378,0.0,0.0,0.0,0.0,0.0,0.0,0.0,1.2412819,1.2412819,0.0,0.15175144,10.497977256774902,1.593083205104179,-0.0,1.2412819,0.0,-0.0,0.0,-0.0,3.5117865,3.5117865,-0.0,0.50268275,7.023573,3.165975,0.0,0.32302272,4.0294337,0.7742557,2.5967488,1.2407378,0.17168064,0.25960982,0.19215,0.1383698,0.6444451,0.20923826,4.0294337,0.0,1.2198596,1.2198596,0.32302272,-0.0,13.5,19.6989,19.444445,19.444445,2.0
resstock-amy2018-2021-release-1-82426,0.0,3.2061493,1.1897758,0.0,0.0,1.2579043,0.0,0.0,0.0,0.0,0.0,0.0,0.0,0.0,-1.117061,0.0,-1.117061,0.039381113,10.497949600219727,0.41342093845999983,1.117061,0.0,0.0,-0.0,0.0,-0.0,0.0,0.0,3.2061493,0.027653484,7.023573,0.0,0.0,0.35716534,0.4980086,0.088832885,0.32707733,0.0,0.0,0.0,0.1783762,0.1383698,0.6567704,0.0,0.4980086,0.0,3.0771637,3.0771637,0.35716534,-0.0,12.8,19.519417,19.444445,19.444445,2.0
resstock-amy2018-2021-release-1-82426,0.0,4.6788754,0.0,0.0,2.048563,0.0,0.0,0.0,0.0,0.0,0.0,0.0,0.0,0.0,0.0,0.0,0.0,0.03920173,10.497949600219727,0.41153777527942736,-0.0,0.0,0.0,-0.0,0.0,-0.0,0.0,0.0,0.1866891,0.0,7.023573,4.4921865,0.0,0.4214919,2.4700549,0.5529712,1.6119006,0.0,0.0,0.0,0.22387,0.1383698,0.6525768,0.0,2.4700549,0.0,2.5551903,2.5551903,0.4214919,-0.0,12.8,20.100155,19.444445,19.444445,2.0
resstock-amy2018-2021-release-1-82426,0.0,5.219441,0.98877233,0.0,2.3802114,1.045391,0.0,0.0,0.0,0.0,0.0,0.0,0.0,0.0,0.0,0.0,0.0,0.03902316,10.497949600219727,0.409663176731101,-0.0,0.0,0.0,-0.0,0.0,-0.0,0.0,0.0,-0.0,0.0,7.023573,5.219441,0.0,0.59844637,4.024049,1.045919,2.573435,0.0,0.0,0.0,0.25991705,0.1383698,0.6395139,0.0,4.024049,0.0,4.024049,4.024049,0.59844637,-0.0,12.8,20.317833,19.444445,19.444445,2.0
resstock-amy2018-2021-release-1-82426,0.0,1.0344558,0.0,0.0,0.48011848,0.0,0.0,0.0,0.0,0.0,0.0,0.0,0.0,0.0,0.0,0.0,0.0,0.038845405,10.497949600219727,0.40779710370711086,-0.0,0.0,0.0,-0.0,0.0,-0.0,0.0,0.0,-0.0,0.0,7.023573,1.0344558,0.0,0.32632127,0.80643976,0.25411046,0.511452,0.0,0.0,0.0,0.3151016,0.1383698,0.6342098,0.0,0.80643976,0.0,0.80643976,0.80643976,0.32632127,-0.0,12.2,19.083786,19.444445,19.444445,2.0
resstock-amy2018-2021-release-1-82426,0.0,4.175553,1.311712,0.0,1.9041691,1.3868227,0.0,0.0,0.0,0.0,0.0,0.0,0.0,0.0,0.0,0.0,0.0,0.03866846,10.497949600219727,0.40593955620745703,-0.0,0.0,0.0,-0.0,0.0,-0.0,0.0,0.0,-0.0,0.0,7.023573,4.175553,0.0,0.3274208,3.5885859,1.171135,2.3036015,0.0,0.0,0.0,0.32635,0.1383698,0.6419246,0.0,3.5885859,0.0,3.5885859,3.6184125,0.3274208,-0.029826546,12.8,20.092133,19.444445,19.444445,2.0
resstock-amy2018-2021-release-1-82426,0.0,1.0620804,0.0,0.0,0.46856922,0.0,0.0,0.0,0.0,0.0,0.0,0.0,0.0,0.0,0.0,0.0,0.0,0.038492322,10.497949600219727,0.4040904560163199,-0.0,0.0,0.0,-0.0,0.0,-0.0,0.0,0.0,-0.0,0.0,7.023573,1.0620804,0.0,0.3274208,0.7141467,0.23165904,0.45991093,0.0,0.0,0.0,0.3243858,0.1383698,0.64400065,0.0,0.7141467,0.0,0.7141467,0.79599,0.3274208,-0.081843294,13.9,18.898724,19.444445,19.444445,2.0
resstock-amy2018-2021-release-1-82426,0.0,4.2483215,0.75151795,0.0,2.4651291,0.7945511,0.8228637,0.0,0.0,0.0,0.0,0.0,0.0,0.0,1.2413538,1.2413538,0.0,0.15086517,10.497918128967285,1.5837701756616696,-0.0,1.2413538,0.0,-0.0,0.0,-0.0,2.1070719,2.1070719,-0.0,0.28956378,7.023573,4.2483215,0.0,0.32632127,4.723994,1.4934334,3.0400681,0.8228637,0.11385948,0.17217459,0.31613788,0.1383698,0.6435377,0.20923829,4.723994,0.0,2.553041,2.6564028,0.32632127,-0.103361875,13.9,20.547382,19.583334,19.583334,2.0
resstock-amy2018-2021-release-1-82426,0.0,2.1241608,0.0,0.0,0.0746969,0.0,0.0,0.0,0.0,0.0,0.0,0.0,0.0,0.0,-1.1081961,0.0,-1.1081961,0.03938459,10.49789047241211,0.41345509741546493,1.1081961,0.0,0.0,-0.0,0.0,-0.0,0.0,0.0,1.9548494,0.0,7.023573,0.1693114,0.0,0.32632127,-0.800337,-0.24738188,0.0,0.0,0.0,0.0,0.30909714,0.1383698,0.6466767,0.0,0.0,-0.800337,1.1703007,1.2634598,0.32632127,-0.093159035,13.9,19.47713,20.925926,20.925926,2.0
resstock-amy2018-2021-release-1-82426,0.0,7.434562,0.0,0.0,2.4651291,0.0,4.237524,0.0,0.0,0.0,0.0,0.0,0.0,0.0,1.2412822,1.2412822,0.0,0.15174747,10.497859001159668,1.593023492756629,-0.0,1.2412822,0.0,-0.0,0.0,-0.0,2.1070719,2.1070719,-0.0,0.28956378,7.023573,5.5875745,1.846988,0.32852033,3.994268,1.1971029,2.5842519,4.237524,0.5863454,0.8866522,0.2997052,0.1383698,0.6469901,0.20923826,3.994268,0.0,1.8233867,1.8640504,0.32852033,-0.040663682,13.9,22.638485,21.527779,21.527779,2.0
resstock-amy2018-2021-release-1-82426,0.0,2.1327739,0.0,0.0,0.077896446,0.0,0.0,0.0,0.0,0.0,0.0,0.0,0.0,0.0,-1.1170213,0.0,-1.1170213,0.03938113,10.497831344604492,0.41341647695961115,1.1170213,0.0,0.0,-0.0,0.0,-0.0,0.0,0.0,1.9548494,0.0,7.023573,0.17792451,0.0,0.32852033,-0.8253466,-0.24797799,0.0,0.0,0.0,0.0,0.30045316,0.1383698,0.64551765,0.0,0.0,-0.8253466,1.1475197,1.2622617,0.32852033,-0.11474203,14.15,20.907957,21.310184,21.310184,2.0
resstock-amy2018-2021-release-1-82426,0.0,7.364058,0.0,0.0,2.4651291,0.0,4.2699065,0.0,0.0,0.0,0.0,0.0,0.0,0.0,1.2412826,1.2412826,0.0,0.15174405,10.49779987335205,1.5929786979272507,-0.0,1.2412826,0.0,-0.0,0.0,-0.0,2.1070719,2.1070719,-0.0,0.28956378,7.023573,5.486854,1.8772041,0.66051817,4.26125,1.306377,2.7454584,4.2699065,0.5908261,0.8934278,0.30657133,0.1383698,0.6442847,0.20923826,4.26125,0.0,2.073304,2.178984,0.66051817,-0.105680026,13.3,24.092402,21.11111,21.11111,2.0
resstock-amy2018-2021-release-1-82426,0.0,2.0990934,0.0,0.0,0.065097906,0.0,0.0,0.0,0.0,0.0,0.0,0.0,0.0,0.0,-1.1169871,0.0,-1.1169871,0.039381143,10.497772216796875,0.4134142657613893,1.1169871,0.0,0.0,-0.0,0.0,-0.0,0.0,0.0,1.9548494,0.0,7.023573,0.14424407,0.0,1.0455443,-0.035836063,-0.011158158,0.0,0.0,0.0,0.0,0.31136674,0.1383698,0.6418336,0.0,0.0,-0.035836063,1.963382,1.9928732,1.0455443,-0.02949115,13.15,22.051685,21.11111,21.11111,2.0
resstock-amy2018-2021-release-1-82426,0.0,1.0438882,0.0,0.0,0.47604227,0.0,0.0,0.0,0.0,0.0,0.0,0.0,0.0,0.0,0.0,0.0,0.0,0.03920176,10.497772216796875,0.41153113440054767,-0.0,0.0,0.0,-0.0,0.0,-0.0,0.0,0.0,-0.0,0.0,7.023573,1.0438882,0.0,1.1769859,1.6226792,0.5083137,1.0350204,0.0,0.0,0.0,0.31325582,0.1383698,0.6378465,0.0,1.6226792,0.0,1.6226792,1.6530281,1.1769859,-0.030348893,12.8,21.418242,21.11111,21.11111,2.0
resstock-amy2018-2021-release-1-82426,0.0,1.0329157,0.0,0.0,0.48079783,0.0,0.0,0.0,0.0,0.0,0.0,0.0,0.0,0.0,0.0,0.0,0.0,0.03902319,10.497772216796875,0.4096565675272359,-0.0,0.0,0.0,-0.0,0.0,-0.0,0.0,0.0,-0.0,0.0,7.023573,1.0329157,0.0,2.722483,3.2032807,1.0065268,2.0243306,0.0,0.0,0.0,0.3142175,0.1383698,0.63195544,0.0,3.2032807,0.0,3.2032807,3.2032807,2.722483,0.0,12.1,20.91638,21.11111,21.11111,2.0
resstock-amy2018-2021-release-1-82426,0.0,1.0344558,1.1272867,0.0,0.48011848,1.191837,0.0,0.0,0.0,0.0,0.0,0.0,0.0,0.0,0.0,0.0,0.0,0.038845435,10.497772216796875,0.40779052603420496,-0.0,0.0,0.0,-0.0,0.0,-0.0,0.0,0.0,-0.0,0.0,7.023573,1.0344558,0.0,2.2859416,3.9578972,1.2288133,2.4381654,0.0,0.0,0.0,0.31047124,0.1383698,0.61602545,0.0,3.9578972,0.0,3.9578972,3.9578972,2.2859416,-0.0,12.2,20.628532,21.11111,21.11111,2.0
resstock-amy2018-2021-release-1-82426,0.48289198,1.0268433,2.6296744,0.0,0.48351532,2.780254,0.0,0.0,0.0,0.0,0.0,0.0,0.0,0.0,0.0,0.0,0.0,0.038668487,10.497772216796875,0.4059329708142059,-0.0,0.0,0.0,-0.0,0.0,-0.0,0.0,0.0,-0.0,0.0,7.023573,1.0268433,0.0,1.7554393,5.0192084,1.5527933,2.9966886,0.0,0.0,0.0,0.30937016,0.1383698,0.59704405,0.0,5.0192084,0.0,5.0192084,5.0192084,1.7554393,-0.0,11.7,20.429893,21.11111,21.11111,2.0
resstock-amy2018-2021-release-1-82426,0.0,1.0179915,0.0,0.0,0.48759153,0.0,0.0,0.0,0.0,0.0,0.0,0.0,0.0,0.0,0.0,0.0,0.0,0.038492348,10.497772216796875,0.40408390186723864,-0.0,0.0,0.0,-0.0,0.0,-0.0,0.0,0.0,-0.0,0.0,7.023573,1.0179915,0.0,1.5640583,2.0516498,0.6175954,1.1890328,0.0,0.0,0.0,0.30102378,0.1383698,0.5795496,0.0,2.0516498,0.0,2.0516498,2.0516498,1.5640583,-0.0,11.1,20.16129,21.11111,21.11111,2.0
resstock-amy2018-2021-release-1-82426,0.0,1.0108405,1.8267537,0.0,0.49098837,1.9313565,0.0,0.0,0.0,0.0,0.0,0.0,0.0,0.0,0.0,0.0,0.0,0.03831701,10.497772216796875,0.40224324097880526,-0.0,0.0,0.0,-0.0,0.0,-0.0,0.0,0.0,-0.0,0.0,7.023573,1.0108405,0.0,0.8087992,3.231144,0.8759236,1.803373,0.0,0.0,0.0,0.27108777,0.1383698,0.55812216,0.0,3.231144,0.0,3.231144,3.231144,0.8087992,-0.0,10.6,19.573116,21.11111,21.11111,2.0
resstock-amy2018-2021-release-1-82426,0.0,4.071966,0.0,0.0,2.4651291,0.0,2.6117783,0.0,0.0,0.0,0.0,0.0,0.0,0.0,1.2413678,1.2413678,0.0,0.15069182,10.497740745544434,1.5819236816270603,-0.0,1.2413678,0.0,-0.0,0.0,-0.0,3.5117865,3.5117865,-0.0,0.48260626,7.023573,4.071966,0.0,0.33071935,4.037216,1.0168663,2.1603703,2.6117783,0.36139125,0.54648393,0.25187314,0.1383698,0.5351139,0.20923826,4.037216,0.0,1.1137938,1.1137938,0.33071935,-0.0,11.1,20.608847,21.11111,21.11111,2.0
resstock-amy2018-2021-release-1-82426,0.0,1.0025172,0.0,0.0,0.0,0.0,0.0,0.0,0.0,0.0,0.0,0.0,0.0,0.0,-1.1064622,0.0,-1.1064622,0.03938527,10.497713088989258,0.41345526782858855,1.1064622,0.0,0.0,-0.0,0.0,-0.0,0.0,0.0,1.0025173,0.33271646,7.023573,0.0,0.0,0.3274208,-0.7790414,-0.1706178,0.0,0.0,0.0,0.0,0.21900992,0.1383698,0.5078072,0.0,0.0,-0.7790414,0.82248557,0.82248557,0.3274208,-0.0,10.0,18.787483,20.444445,20.444445,2.0
resstock-amy2018-2021-release-1-82426,0.0,3.0075517,0.0,0.0,0.3759849,0.0,0.0,0.0,0.0,0.0,0.0,0.0,0.0,0.0,0.0,0.0,0.0,0.039205868,10.497713088989258,0.41157195153918025,-0.0,0.0,0.0,-0.0,0.0,-0.0,0.0,0.0,2.2461736,0.0,7.023573,0.76137805,0.0,0.32632127,0.70230615,0.1511394,0.36390343,0.0,0.0,0.0,0.21520443,0.1383698,0.518155,0.0,0.70230615,0.0,1.8115151,1.8115151,0.32632127,-0.0,10.0,19.340118,19.444445,19.444445,2.0
resstock-amy2018-2021-release-1-82426,0.0,0.99446255,0.0,0.0,0.49914086,0.0,0.0,0.0,0.0,0.0,0.0,0.0,0.0,0.0,0.0,0.0,0.0,0.03902728,10.497713088989258,0.40969719968906304,-0.0,0.0,0.0,-0.0,0.0,-0.0,0.0,0.0,-0.0,0.0,7.023573,0.99446255,0.0,0.32522175,0.82436264,0.1666868,0.3900917,0.0,0.0,0.0,0.20220083,0.1383698,0.473204,0.0,0.82436264,0.0,0.82436264,0.82436264,0.32522175,-0.0,9.4,17.760853,19.444445,19.444445,2.0
resstock-amy2018-2021-release-1-82426,0.0,2.9638388,0.0,0.0,2.4651291,0.0,1.7462016,0.0,0.0,0.0,0.0,0.0,0.0,0.0,1.241311,1.241311,0.0,0.15139416,10.497681617736816,1.5892876757864371,-0.0,1.241311,0.0,-0.0,0.0,-0.0,3.5117865,3.5117865,-0.0,0.48260626,7.023573,2.9638388,0.0,0.32412225,4.0305624,0.78718346,1.8948367,1.7462016,0.24162157,0.36537218,0.19530363,0.1383698,0.47011718,0.20923826,4.0305624,0.0,1.0029144,1.0029144,0.32412225,-0.0,8.9,18.416965,19.444445,19.444445,2.0
resstock-amy2018-2021-release-1-82426,0.0,0.98035145,0.0,0.0,0.0,0.0,0.0,0.0,0.0,0.0,0.0,0.0,0.0,0.0,-1.1134872,0.0,-1.1134872,0.039382517,10.49765396118164,0.41342403913245107,1.1134872,0.0,0.0,-0.0,0.0,-0.0,0.0,0.0,0.9803515,0.3359861,7.023573,0.0,0.0,0.32302272,-0.7904645,-0.14694515,0.0,0.0,0.0,0.0,0.1858972,0.1383698,0.4607241,0.0,0.0,-0.7904645,0.8296367,0.8296367,0.32302272,-0.0,8.3,17.227205,19.444445,19.444445,2.0
resstock-amy2018-2021-release-1-82426,0.0,3.8823507,1.2956707,0.0,2.4651291,1.3698629,2.9165912,0.0,0.0,0.0,0.0,0.0,0.0,0.0,1.2412825,1.2412825,0.0,0.15174541,10.4976224899292,1.592966015883377,-0.0,1.2412825,0.0,-0.0,0.0,-0.0,3.5117865,3.5117865,-0.0,0.8171935,7.023573,3.8823507,0.0,0.35716534,5.4334397,1.1085246,2.6084714,2.9165912,0.40356812,0.61026245,0.20401892,0.1383698,0.48007736,0.20923826,5.4334397,0.0,2.339459,2.339459,0.35716534,-0.0,7.5,18.10277,19.444445,19.444445,2.0
resstock-amy2018-2021-release-1-82426,0.0,0.9612156,0.0,0.0,0.0,0.0,0.0,0.0,0.0,0.0,0.0,0.0,0.0,0.0,-1.1170007,0.0,-1.1170007,0.03938113,10.497594833374023,0.4134071628797358,1.1170007,0.0,0.0,-0.0,0.0,-0.0,0.0,0.0,0.96121573,0.67200303,7.023573,0.0,0.0,0.4214919,-0.69550884,-0.1536712,0.0,0.0,0.0,0.0,0.22094788,0.1383698,0.5260183,0.0,0.0,-0.69550884,0.9389757,0.9389757,0.4214919,-0.0,6.7,17.281544,19.444445,19.444445,2.0
resstock-amy2018-2021-release-1-82426,0.0,3.9214058,0.0,0.0,0.0,0.0,0.0,0.0,0.0,0.0,0.0,0.0,0.0,0.0,0.0,0.0,0.0,0.039201748,10.497594833374023,0.411524063338625,-0.0,0.0,0.0,-0.0,0.0,-0.0,0.0,0.0,3.921406,0.09076194,7.023573,0.0,0.0,0.3541256,0.3541256,0.10750885,0.19020236,0.0,0.0,0.0,0.3035896,0.1383698,0.53710425,0.0,0.3541256,0.0,2.3805811,2.3805811,0.3541256,-0.0,8.3,17.724653,19.444445,19.444445,2.0
resstock-amy2018-2021-release-1-82426,0.0,4.043362,0.0,0.0,1.6663339,0.0,0.0,0.0,0.0,0.0,0.0,0.0,0.0,0.0,0.0,0.0,0.0,0.03902318,10.497594833374023,0.40964952814032785,-0.0,0.0,0.0,-0.0,0.0,-0.0,0.0,0.0,0.6127352,0.0,7.023573,3.4306269,0.0,0.32632127,1.9926552,0.6257396,1.1040381,0.0,0.0,0.0,0.31402302,0.1383698,0.5540538,0.0,1.9926552,0.0,2.2902746,2.2902746,0.32632127,-0.0,10.6,17.809032,19.444445,19.444445,2.0
resstock-amy2018-2021-release-1-82426,0.0,4.107373,0.0,0.0,1.9340613,0.0,0.0,0.0,0.0,0.0,0.0,0.0,0.0,0.0,0.0,0.0,0.0,0.038845427,10.497594833374023,0.4077835572848443,-0.0,0.0,0.0,-0.0,0.0,-0.0,0.0,0.0,-0.0,0.0,7.023573,4.107373,0.0,0.3274208,2.2402036,0.8077204,1.2333539,0.0,0.0,0.0,0.3605567,0.1383698,0.55055434,0.0,2.2402036,0.0,2.2402036,2.261482,0.3274208,-0.021278316,11.7,18.083878,19.444445,19.444445,2.0
resstock-amy2018-2021-release-1-82426,0.0,1.0344558,0.0,0.0,0.48011848,0.0,0.0,0.0,0.0,0.0,0.0,0.0,0.0,0.0,0.0,0.0,0.0,0.038668483,10.497594833374023,0.40592607255899793,-0.0,0.0,0.0,-0.0,0.0,-0.0,0.0,0.0,-0.0,0.0,7.023573,1.0344558,0.0,0.3274208,0.7172668,0.24989147,0.3928598,0.0,0.0,0.0,0.34839404,0.1383698,0.5477178,0.0,0.7172668,0.0,0.7172668,0.8075393,0.3274208,-0.09027251,12.2,17.310291,19.444445,19.444445,2.0
resstock-amy2018-2021-release-1-82426,0.0,7.2411904,0.0,0.0,2.4651291,0.0,4.326339,0.0,0.0,0.0,0.0,0.0,0.0,0.0,1.2413397,1.2413397,0.0,0.15103936,10.497563362121582,1.5855452722837526,-0.0,1.2413397,0.0,-0.0,0.0,-0.0,2.1070719,2.1070719,-0.0,0.28956378,7.023573,5.311329,1.9298617,0.32632127,3.935804,1.2060051,2.2193425,4.326339,0.5986346,0.9052356,0.30641901,0.1383698,0.56388545,0.20923826,3.935804,0.0,1.716516,1.8135023,0.32632127,-0.096986234,12.2,20.865433,19.625,19.625,2.0
resstock-amy2018-2021-release-1-82426,0.0,1.0344558,0.0,0.0,0.0,0.0,0.0,0.0,0.0,0.0,0.0,0.0,0.0,0.0,-1.1099385,0.0,-1.1099385,0.039383903,10.497535705566406,0.4134339294975007,1.1099385,0.0,0.0,-0.0,0.0,-0.0,0.0,0.0,1.0344558,0.13576648,7.023573,0.0,0.0,0.32632127,-0.8499614,-0.2529557,0.0,0.0,0.0,0.0,0.29760846,0.1383698,0.5585167,0.0,0.0,-0.8499614,0.7400956,0.80643976,0.32632127,-0.06634411,12.2,18.57877,20.555555,20.555555,2.0
resstock-amy2018-2021-release-1-82426,0.0,1.0268433,0.0,0.0,0.051928952,0.0,0.0,0.0,0.0,0.0,0.0,0.0,0.0,0.0,0.0,0.0,0.0,0.039204504,10.497535705566406,0.4115506841374952,-0.0,0.0,0.0,-0.0,0.0,-0.0,0.0,0.0,0.9165616,0.0,7.023573,0.110281706,0.0,1.1660695,1.140977,0.3276386,0.6085354,0.0,0.0,0.0,0.28715616,0.1383698,0.5333459,0.0,1.140977,0.0,1.5725634,1.6495849,1.1660695,-0.077021435,11.7,18.755507,20.555555,20.555555,2.0
resstock-amy2018-2021-release-1-82426,0.0,1.0176291,0.0,0.0,0.48776135,0.0,0.0,0.0,0.0,0.0,0.0,0.0,0.0,0.0,1.2412966,1.2412966,0.0,0.1515694,10.497504234313965,1.591100379004473,-0.0,1.2412966,0.0,-0.0,0.0,-0.0,0.0,0.0,-0.0,0.0,7.023573,1.0176291,0.0,0.66235816,2.2858152,0.65399945,1.1956521,0.0,0.0,0.0,0.28611213,0.1383698,0.5230747,0.0,2.2858152,0.0,1.0445186,1.1501195,0.66235816,-0.105600916,11.075,18.547947,20.805555,20.805555,2.0
resstock-amy2018-2021-release-1-82426,0.0,7.2143545,0.0,0.0,2.4651291,0.0,4.3386645,0.0,0.0,0.0,0.0,0.0,0.0,0.0,1.2322859,1.2322859,0.0,0.26267788,10.49747371673584,2.75745412175732,-0.0,1.2322859,0.0,-0.0,0.0,-0.0,2.1070719,2.1070719,-0.0,0.28956378,7.023573,5.2729917,1.941363,0.32852033,3.9386506,1.1573344,2.0125833,4.3386645,0.6003401,0.9078146,0.29384035,0.1383698,0.51098293,0.20923826,3.9386506,0.0,1.7213063,1.8085908,0.32852033,-0.08728447,11.95,21.953089,21.11111,21.11111,2.0
resstock-amy2018-2021-release-1-82426,0.0,2.1040165,0.0,0.0,0.067017704,0.0,0.0,0.0,0.0,0.0,0.0,0.0,0.0,0.0,-1.2233757,0.0,-1.2233757,0.13925146,10.497443199157715,1.4617842462395316,1.2233757,0.0,0.0,-0.0,0.0,-0.0,0.0,0.0,1.9548494,0.0,7.023573,0.14916718,0.0,0.3274208,-0.96731263,-0.29948524,0.0,0.0,0.0,0.0,0.30960542,0.1383698,0.4956046,0.0,0.0,-0.96731263,1.1343362,1.2727118,0.3274208,-0.13837548,13.3,20.449753,21.11111,21.11111,2.0
resstock-amy2018-2021-release-1-82426,0.0,1.0438882,0.0,0.0,0.47604227,0.0,0.0,0.0,0.0,0.0,0.0,0.0,0.0,0.0,-0.99338883,0.0,-0.99338883,0.039295144,10.497418403625488,0.41249757177869384,0.99338883,0.0,0.0,-0.0,0.0,-0.0,0.0,0.0,-0.0,0.0,7.023573,1.0438882,0.0,0.33071935,-0.2232432,-0.07167523,0.0,0.0,0.0,0.0,0.32106346,0.1383698,0.50584584,0.0,0.0,-0.2232432,0.77014565,0.8067616,0.33071935,-0.036615994,12.8,19.681679,21.11111,21.11111,2.0
resstock-amy2018-2021-release-1-82426,0.0,1.0344558,0.0,0.0,0.48011848,0.0,0.0,0.0,0.0,0.0,0.0,0.0,0.0,0.0,0.0,0.0,0.0,0.03911615,10.497418403625488,0.4106186100089886,-0.0,0.0,0.0,-0.0,0.0,-0.0,0.0,0.0,-0.0,0.0,7.023573,1.0344558,0.0,0.91722107,1.3969251,0.46583387,0.7792515,0.0,0.0,0.0,0.3334709,0.1383698,0.55783343,0.0,1.3969251,0.0,1.3969251,1.3973396,0.91722107,-0.0004145162,12.2,19.382517,21.11111,21.11111,2.0
resstock-amy2018-2021-release-1-82426,0.0,1.0344558,0.0,0.0,0.48011848,0.0,0.0,0.0,0.0,0.0,0.0,0.0,0.0,0.0,0.0,0.0,0.0,0.038937975,10.497418403625488,0.40874821243815873,-0.0,0.0,0.0,-0.0,0.0,-0.0,0.0,0.0,-0.0,0.0,7.023573,1.0344558,0.0,1.0192246,1.4993432,0.4833373,0.91943413,0.0,0.0,0.0,0.32236603,0.1383698,0.6132246,0.0,1.4993432,0.0,1.4993432,1.4993432,1.0192246,-0.0,12.2,19.25687,21.11111,21.11111,2.0
resstock-amy2018-2021-release-1-82426,0.0,5.219441,0.0,0.0,2.3802114,0.0,0.0,0.0,0.0,0.0,0.0,0.0,0.0,0.0,0.0,0.0,0.0,0.03876061,10.497418403625488,0.40688633996027335,-0.0,0.0,0.0,-0.0,0.0,-0.0,0.0,0.0,-0.0,0.0,7.023573,5.219441,0.0,1.0452783,3.4254897,1.0904002,2.1174102,0.0,0.0,0.0,0.31831953,0.1383698,0.6181336,0.0,3.4254897,0.0,3.4254897,3.4254897,1.0452783,-0.0,12.8,21.730644,21.11111,21.11111,2.0
resstock-amy2018-2021-release-1-82426,0.0,1.0344558,0.0,0.0,0.48011848,0.0,0.0,0.0,0.0,0.0,0.0,0.0,0.0,0.0,0.0,0.0,0.0,0.038584054,10.497418403625488,0.4050329534694015,-0.0,0.0,0.0,-0.0,0.0,-0.0,0.0,0.0,-0.0,0.0,7.023573,1.0344558,0.0,1.5640583,2.0441768,0.6352,1.2502308,0.0,0.0,0.0,0.31073633,0.1383698,0.611606,0.0,2.0441768,0.0,2.0441768,2.0441768,1.5640583,-0.0,12.2,20.293179,21.11111,21.11111,2.0
resstock-amy2018-2021-release-1-82426,0.0,1.0438882,0.0,0.0,0.47604227,0.0,0.0,0.0,0.0,0.0,0.0,0.0,0.0,0.0,0.0,0.0,0.0,0.038408298,10.497418403625488,0.4031879747536813,-0.0,0.0,0.0,-0.0,0.0,-0.0,0.0,0.0,-0.0,0.0,7.023573,1.0438882,0.0,1.28468,1.7607223,0.54138285,1.0563221,0.0,0.0,0.0,0.3074777,0.1383698,0.5999368,0.0,1.7607223,0.0,1.7607223,1.7607223,1.28468,-0.0,12.8,19.515205,21.11111,21.11111,2.0
resstock-amy2018-2021-release-1-82426,0.0,5.172279,0.75207883,0.0,2.4005923,0.7951441,0.0,0.0,0.0,0.0,0.0,0.0,0.0,0.0,0.0,0.0,0.0,0.038233347,10.497418403625488,0.4013514429190437,-0.0,0.0,0.0,-0.0,0.0,-0.0,0.0,0.0,-0.0,0.0,7.023573,5.172279,0.0,1.1201274,4.3158636,1.2878158,2.556659,0.0,0.0,0.0,0.29839122,0.1383698,0.5923864,0.0,4.3158636,0.0,4.3158636,4.3158636,1.1201274,-0.0,12.2,21.230947,20.75,20.75,2.0
resstock-amy2018-2021-release-1-82426,0.0,1.0344558,0.0,0.0,0.48011848,0.0,0.0,0.0,0.0,0.0,0.0,0.0,0.0,0.0,0.0,0.0,0.0,0.038059194,10.497418403625488,0.3995232797536268,-0.0,0.0,0.0,-0.0,0.0,-0.0,0.0,0.0,-0.0,0.0,7.023573,1.0344558,0.0,0.3274208,0.8075393,0.21231017,0.48539996,0.0,0.0,0.0,0.26291,0.1383698,0.60108525,0.0,0.8075393,0.0,0.8075393,0.8075393,0.3274208,-0.0,12.2,19.28312,20.0,20.0,2.0
resstock-amy2018-2021-release-1-82426,0.0,3.1033673,0.0,0.0,2.4651291,0.0,1.3972955,0.0,0.0,0.0,0.0,0.0,0.0,0.0,1.2413886,1.2413886,0.0,0.15043688,10.497386932373047,1.5791941194092942,-0.0,1.2413886,0.0,-0.0,0.0,-0.0,3.5117865,3.5117865,-0.0,0.48260626,7.023573,3.1033673,0.0,0.32632127,4.032839,0.9871615,2.273641,1.3972955,0.19334349,0.29236767,0.2447808,0.1383698,0.5637818,0.20923826,4.032839,0.0,1.1615367,1.1615367,0.32632127,-0.0,12.2,20.135017,20.0,20.0,2.0
resstock-amy2018-2021-release-1-82426,0.0,3.1033673,0.0,0.0,2.4651291,0.0,1.3972955,0.0,0.0,0.0,0.0,0.0,0.0,0.0,1.2323766,1.2323766,0.0,0.261558,10.497356414794922,2.745667510017711,-0.0,1.2323766,0.0,-0.0,0.0,-0.0,3.5117865,3.5117865,-0.0,0.9632032,7.023573,3.1033673,0.0,0.32522175,4.0227275,0.84658295,2.4131181,1.3972955,0.19334349,0.29236767,0.21045,0.1383698,0.59987116,0.20923826,4.0227275,0.0,1.1604373,1.1604373,0.32522175,-0.0,12.2,19.51701,20.0,20.0,2.0
resstock-amy2018-2021-release-1-82426,0.0,3.1033673,0.3763067,0.0,0.0,0.39785463,0.0,0.0,0.0,0.0,0.0,0.0,0.0,0.0,1.2234654,1.2234654,0.0,0.37143552,10.497325897216797,3.8990797350820685,-0.0,1.2234654,0.0,-0.0,0.0,-0.0,0.0,0.0,3.1033673,0.50141776,7.023573,0.0,0.0,0.32412225,1.9454422,0.40941828,1.180197,0.0,0.0,0.0,0.21045,0.1383698,0.6066472,0.0,1.9454422,0.0,2.162332,2.162332,0.32412225,-0.0,12.2,19.360645,20.0,20.0,2.0
resstock-amy2018-2021-release-1-82426,0.0,4.137823,0.50493294,0.0,2.4651291,0.5338462,2.5059109,0.0,0.0,0.0,0.0,0.0,0.0,0.0,1.2146541,1.2146541,0.0,0.48008233,10.497295379638672,5.0395660569699885,-0.0,1.2146541,0.0,-0.0,0.0,-0.0,3.5117865,3.5117865,-0.0,0.9819364,7.023573,4.137823,0.0,0.37772244,4.591352,0.96625,2.9024863,2.5059109,0.3467424,0.5243324,0.21045,0.1383698,0.63216376,0.20923825,4.591352,0.0,1.7467842,1.7467842,0.37772244,-0.0,12.2,19.649536,20.0,20.0,2.0
resstock-amy2018-2021-release-1-82426,0.0,1.0268433,0.0,0.0,1.1226546e-07,0.0,0.0,0.0,0.0,0.0,0.0,0.0,0.0,0.0,-1.2059413,0.0,-1.2059413,0.35755795,10.497264862060547,3.75338052992106,1.2059413,0.0,0.0,-0.0,0.0,-0.0,0.0,0.0,1.0268431,0.8263793,7.023573,2.3841858e-07,0.0,0.3219232,-0.884018,-0.19143409,0.0,0.0,0.0,0.0,0.21655,0.1383698,0.6405795,0.0,0.0,-0.884018,0.8054386,0.8054386,0.3219232,-0.0,11.7,18.674309,20.0,20.0,2.0
resstock-amy2018-2021-release-1-82426,0.0,4.071966,0.0,0.0,2.4651291,0.0,2.6117783,0.0,0.0,0.0,0.0,0.0,0.0,0.0,1.2157669,1.2157669,0.0,0.46636027,10.497234344482422,4.895493053402106,-0.0,1.2157669,0.0,-0.0,0.0,-0.0,1.2884243,1.2884243,-0.0,1.0,7.023573,4.071966,0.0,0.3219232,4.002819,0.9937799,2.5484564,2.6117783,0.36139125,0.54648393,0.24827,0.1383698,0.6366654,0.20923826,4.002819,0.0,2.1699305,2.1699305,0.3219232,-0.0,11.1,19.508375,20.0,20.0,2.0
resstock-amy2018-2021-release-1-82426,0.0,2.0273538,0.0,0.0,1.1516176e-07,0.0,0.0,0.0,0.0,0.0,0.0,0.0,0.0,0.0,-1.2070417,0.0,-1.2070417,0.3437791,10.497203826904297,3.608719148365708,1.2070417,0.0,0.0,-0.0,0.0,-0.0,0.0,0.0,2.0273535,0.6967833,7.023573,2.3841858e-07,0.0,0.8427671,-0.3642745,-0.11665891,0.0,0.0,0.0,0.0,0.32025,0.1383698,0.6325099,0.0,0.0,-0.3642745,1.8220265,1.8220265,0.8427671,-0.0,10.8,18.66087,20.0,20.0,2.0
resstock-amy2018-2021-release-1-82426,0.0,5.0899577,0.37630668,0.0,0.75590307,0.3978546,0.0,0.0,0.0,0.0,0.0,0.0,0.0,0.0,-1.2168719,0.0,-1.2168719,0.22068973,10.497173309326172,2.3166183313905435,1.2168719,0.0,0.0,-0.0,0.0,-0.0,0.0,0.0,3.5117865,0.17586166,7.023573,1.5781713,0.0,0.32632127,0.2632071,0.09025193,0.16735472,0.0,0.0,0.0,0.3428932,0.1383698,0.63582903,0.0,0.2632071,0.0,3.1621337,3.1621337,0.32632127,-0.0,11.1,19.707783,20.0,20.0,2.0
resstock-amy2018-2021-release-1-82426,0.0,2.0689116,0.0,0.0,0.40920508,0.0,0.0,0.0,0.0,0.0,0.0,0.0,0.0,0.0,-1.2267429,0.0,-1.2267429,0.09708853,10.497142791748047,1.019152169775623,1.2267429,0.0,0.0,-0.0,0.0,-0.0,0.0,0.0,1.1872447,0.0,7.023573,0.8816669,0.0,0.3274208,-0.5126869,-0.18686156,0.0,0.0,0.0,0.0,0.364475,0.1383698,0.6377785,0.0,0.0,-0.5126869,1.2650878,1.2876579,0.3274208,-0.022569979,12.2,18.542862,20.0,20.0,2.0
resstock-amy2018-2021-release-1-82426,0.0,2.0536866,0.0,0.0,0.96703064,0.0,0.0,0.0,0.0,0.0,0.0,0.0,0.0,0.0,-0.5712502,0.0,-0.5712502,0.03951709,10.4971284866333,0.4148159682563204,0.5712502,0.0,0.0,-0.0,0.0,-0.0,0.0,0.0,-0.0,0.0,7.023573,2.0536866,0.0,0.3274208,0.647449,0.22523803,0.41445264,0.0,0.0,0.0,0.34788534,0.1383698,0.6401317,0.0,0.647449,0.0,1.2186992,1.2944515,0.3274208,-0.07575228,11.7,18.468235,20.0,20.0,2.0
resstock-amy2018-2021-release-1-82426,0.0,4.175553,0.75260967,0.0,1.9041691,0.7957053,0.0,0.0,0.0,0.0,0.0,0.0,0.0,0.0,0.0,0.0,0.0,0.039337087,10.4971284866333,0.4129264609650569,-0.0,0.0,0.0,-0.0,0.0,-0.0,0.0,0.0,-0.0,0.0,7.023573,4.175553,0.0,0.32632127,2.938088,0.98260283,1.8997918,0.0,0.0,0.0,0.33443615,0.1383698,0.64660823,0.0,2.938088,0.0,2.938088,3.0261958,0.32632127,-0.088107795,12.8,19.633316,20.805555,20.805555,2.0
resstock-amy2018-2021-release-1-82426,0.0,1.0569986,0.0,0.0,0.4706073,0.0,0.0,0.0,0.0,0.0,0.0,0.0,0.0,0.0,0.0,0.0,0.0,0.0391579,10.4971284866333,0.4110455176361434,-0.0,0.0,0.0,-0.0,0.0,-0.0,0.0,0.0,-0.0,0.0,7.023573,1.0569986,0.0,0.32632127,0.6370996,0.19586633,0.4112387,0.0,0.0,0.0,0.30743438,0.1383698,0.6454857,0.0,0.6370996,0.0,0.6370996,0.7969286,0.32632127,-0.15982898,13.6,18.658783,22.222221,22.222221,2.0
resstock-amy2018-2021-release-1-82426,0.0,7.434562,0.0,0.0,2.4651291,0.0,4.237524,0.0,0.0,0.0,0.0,0.0,0.0,0.0,1.2413005,1.2413005,0.0,0.1515233,10.49709701538086,1.5905548533116303,-0.0,1.2413005,0.0,-0.0,0.0,-0.0,2.1070719,2.1070719,-0.0,0.28956378,7.023573,5.5875745,1.846988,0.32852033,3.80646,1.1289145,2.438673,4.237524,0.5863454,0.8866522,0.2965786,0.1383698,0.64066696,0.20923826,3.80646,0.0,1.6355603,1.8640501,0.32852033,-0.22848983,13.9,22.647415,22.222221,22.222221,2.0
resstock-amy2018-2021-release-1-82426,0.0,2.1241608,0.0,0.0,0.0746969,0.0,0.0,0.0,0.0,0.0,0.0,0.0,0.0,0.0,-1.1147791,0.0,-1.1147791,0.03938201,10.497069358825684,0.4133956977902642,1.1147791,0.0,0.0,-0.0,0.0,-0.0,0.0,0.0,1.9548494,0.0,7.023573,0.1693114,0.0,0.32852033,-0.94251025,-0.279696,0.0,0.0,0.0,0.0,0.29675645,0.1383698,0.6363588,0.0,0.0,-0.94251025,1.0347104,1.2656587,0.32852033,-0.23094831,13.9,20.93916,22.222221,22.222221,2.0
resstock-amy2018-2021-release-1-82426,0.0,2.1241608,0.0,0.0,0.93713844,0.0,0.0,0.0,0.0,0.0,0.0,0.0,0.0,0.0,0.0,0.0,0.0,0.03920262,10.497069358825684,0.41151261430156794,-0.0,0.0,0.0,-0.0,0.0,-0.0,0.0,0.0,-0.0,0.0,7.023573,2.1241608,0.0,0.32852033,1.0026593,0.32171327,0.63513154,0.0,0.0,0.0,0.32086,0.1383698,0.633447,0.0,1.0026593,0.0,1.0026593,1.2656589,0.32852033,-0.26299948,13.9,21.124153,22.222221,22.222221,2.0
resstock-amy2018-2021-release-1-82426,0.0,2.141521,0.0,0.0,0.93034464,0.0,0.0,0.0,0.0,0.0,0.0,0.0,0.0,0.0,0.0,0.0,0.0,0.039024048,10.497069358825684,0.4096381338316135,-0.0,0.0,0.0,-0.0,0.0,-0.0,0.0,0.0,-0.0,0.0,7.023573,2.141521,0.0,0.3274208,1.0745951,0.36484858,0.6791193,0.0,0.0,0.0,0.3395219,0.1383698,0.6319769,0.0,1.0745951,0.0,1.0745951,1.2577654,0.3274208,-0.18317033,14.4,21.41661,22.222221,22.222221,2.0
resstock-amy2018-2021-release-1-82426,0.0,2.1241608,0.0,0.0,0.93713844,0.0,0.0,0.0,0.0,0.0,0.0,0.0,0.0,0.0,0.0,0.0,0.0,0.038846288,10.497069358825684,0.40777217817113964,-0.0,0.0,0.0,-0.0,0.0,-0.0,0.0,0.0,-0.0,0.0,7.023573,2.1241608,0.0,1.1769859,2.0350776,0.7413873,1.2848649,0.0,0.0,0.0,0.3643042,0.1383698,0.63135916,0.0,2.0350776,0.0,2.0350776,2.1141243,1.1769859,-0.0790467,13.9,21.717808,21.48611,21.48611,2.0
resstock-amy2018-2021-release-1-82426,0.15197876,2.0877764,0.0,0.0,0.95208454,0.0,0.0,0.0,0.0,0.0,0.0,0.0,0.0,0.0,0.0,0.0,0.0,0.03866934,10.497069358825684,0.4059147473201463,-0.0,0.0,0.0,-0.0,0.0,-0.0,0.0,0.0,-0.0,0.0,7.023573,2.0877764,0.0,1.4693214,2.4198918,0.9644174,1.5489883,0.0,0.0,0.0,0.3985374,0.1383698,0.64010644,0.0,2.4198918,0.0,2.4198918,2.4214058,1.4693214,-0.0015140468,12.8,21.685238,21.11111,21.11111,2.0
resstock-amy2018-2021-release-1-82426,0.0,1.0344558,0.0,0.0,0.48011848,0.0,0.0,0.0,0.0,0.0,0.0,0.0,0.0,0.0,0.0,0.0,0.0,0.038493197,10.497069358825684,0.40406576306937225,-0.0,0.0,0.0,-0.0,0.0,-0.0,0.0,0.0,-0.0,0.0,7.023573,1.0344558,0.0,1.7011329,2.1812513,0.7724718,1.3812226,0.0,0.0,0.0,0.3541416,0.1383698,0.6332249,0.0,2.1812513,0.0,2.1812513,2.1812513,1.7011329,-0.0,12.2,21.329689,21.11111,21.11111,2.0
resstock-amy2018-2021-release-1-82426,0.0,1.0344558,0.0,0.0,0.48011848,0.0,0.0,0.0,0.0,0.0,0.0,0.0,0.0,0.0,0.0,0.0,0.0,0.038317855,10.497069358825684,0.4022251863141868,-0.0,0.0,0.0,-0.0,0.0,-0.0,0.0,0.0,-0.0,0.0,7.023573,1.0344558,0.0,1.7554393,2.2355578,0.78393096,1.3754214,0.0,0.0,0.0,0.3506646,0.1383698,0.61524755,0.0,2.2355578,0.0,2.2355578,2.2355578,1.7554393,-0.0,12.2,21.175802,21.11111,21.11111,2.0
resstock-amy2018-2021-release-1-82426,0.9437311,1.0179915,3.3881114,0.0,0.48759153,3.58212,0.0,0.0,0.0,0.0,0.0,0.0,0.0,0.0,0.0,0.0,0.0,0.038143314,10.497069358825684,0.40039301705458996,-0.0,0.0,0.0,-0.0,0.0,-0.0,0.0,0.0,-0.0,0.0,7.023573,1.0179915,0.0,0.9490381,5.0187497,1.7082821,2.9508488,0.0,0.0,0.0,0.34038,0.1383698,0.58796495,0.0,5.0187497,0.0,5.0187497,5.0187497,0.9490381,-0.0,11.1,20.891344,21.11111,21.11111,2.0
resstock-amy2018-2021-release-1-82426,0.0,1.0179915,1.904924,0.0,0.48759153,2.014003,0.0,0.0,0.0,0.0,0.0,0.0,0.0,0.0,0.0,0.0,0.0,0.037969567,10.497069358825684,0.39856917708132045,-0.0,0.0,0.0,-0.0,0.0,-0.0,0.0,0.0,-0.0,0.0,7.023573,1.0179915,0.0,0.3329184,2.834513,0.95962435,1.5475698,0.0,0.0,0.0,0.33855,0.1383698,0.5459738,0.0,2.834513,0.0,2.834513,2.834513,0.3329184,-0.0,11.1,20.476938,21.11111,21.11111,2.0
resstock-amy2018-2021-release-1-82426,0.0,1.0108405,0.0,0.0,0.49098837,0.0,0.0,0.0,0.0,0.0,0.0,0.0,0.0,0.0,0.0,0.0,0.0,0.03779661,10.497069358825684,0.3967536272897476,-0.0,0.0,0.0,-0.0,0.0,-0.0,0.0,0.0,-0.0,0.0,7.023573,1.0108405,0.0,0.33071935,0.8217077,0.2676631,0.40913442,0.0,0.0,0.0,0.32574,0.1383698,0.4979075,0.0,0.8217077,0.0,0.8217077,0.8217077,0.33071935,-0.0,10.6,19.723866,20.050926,20.050926,2.0
resstock-amy2018-2021-release-1-82426,0.0,1.0179915,0.0,0.0,2.1696463,0.0,0.0,0.0,0.0,0.0,0.0,0.0,0.0,0.0,1.2414095,1.2414095,0.0,0.15017723,10.497037887573242,1.5764160256149182,-0.0,1.2414095,0.0,-0.0,0.0,-0.0,3.5117865,3.5117865,-0.0,0.48260626,7.023573,1.0179915,0.0,0.3274208,3.7384765,1.1814662,1.7393342,0.0,0.0,0.0,0.3160288,0.1383698,0.46525216,0.0,3.7384765,0.0,0.8150122,0.8150122,0.3274208,-0.0,11.1,19.045145,20.0,20.0,2.0
resstock-amy2018-2021-release-1-82426,0.0,4.939089,0.0,0.0,2.4651291,0.0,3.8644338,0.0,0.0,0.0,0.0,0.0,0.0,0.0,1.2323974,1.2323974,0.0,0.26130128,10.497007369995117,2.742881452165875,-0.0,1.2323974,0.0,-0.0,0.0,-0.0,3.5117865,3.5117865,-0.0,0.9632032,7.023573,4.8449483,0.09414052,0.32632127,4.023848,1.144899,1.8168061,3.8644338,0.5347209,0.8085874,0.2845284,0.1383698,0.45150962,0.20923826,4.023848,0.0,1.0046396,1.0046396,0.32632127,-0.0,8.89,21.337368,20.0,20.0,2.0
resstock-amy2018-2021-release-1-82426,0.0,0.99906194,0.0,0.0,0.0,0.0,0.0,0.0,0.0,0.0,0.0,0.0,0.0,0.0,-1.2234861,0.0,-1.2234861,0.13786912,10.496976852416992,1.4472089575679092,1.2234861,0.0,0.0,-0.0,0.0,-0.0,0.0,0.0,0.999062,0.81182206,7.023573,0.0,0.0,0.32522175,-0.8982643,-0.24392006,0.0,0.0,0.0,0.0,0.27154598,0.1383698,0.44426897,0.0,0.0,-0.8982643,0.82201874,0.82201874,0.32522175,-0.0,9.745,18.992538,20.0,20.0,2.0
resstock-amy2018-2021-release-1-82426,0.0,3.0325215,0.0,0.0,2.4651291,0.0,1.5744532,0.0,0.0,0.0,0.0,0.0,0.0,0.0,1.2333845,1.2333845,0.0,0.24913083,10.496946334838867,2.6151129546349523,-0.0,1.2333845,0.0,-0.0,0.0,-0.0,1.393912,1.393912,-0.0,1.0,7.023573,3.0325215,0.0,0.32412225,4.022636,0.99869984,1.7896113,1.5744532,0.21785678,0.32943586,0.24827,0.1383698,0.44488522,0.20923826,4.022636,0.0,2.1121964,2.1121964,0.32412225,-0.0,10.6,19.978422,20.0,20.0,2.0
resstock-amy2018-2021-release-1-82426,0.0,3.0381837,0.0,0.0,2.4651291,0.0,1.5602942,0.0,0.0,0.0,0.0,0.0,0.0,0.0,1.224462,1.224462,0.0,0.3591475,10.496915817260742,3.7699409587577293,-0.0,1.224462,0.0,-0.0,0.0,-0.0,0.030296452,0.030296452,-0.0,1.0,7.023573,3.0381837,0.0,0.32302272,4.012614,0.98739994,1.8047782,1.5602942,0.21589759,0.32647327,0.246074,0.1383698,0.4497762,0.20923828,4.012614,0.0,2.7734904,2.7734904,0.32302272,-0.0,10.733334,19.274853,20.0,20.0,2.0
resstock-amy2018-2021-release-1-82426,0.0,3.0325215,0.0,0.0,2.4651291,0.0,1.5744532,0.0,0.0,0.0,0.0,0.0,0.0,0.0,1.2156395,1.2156395,0.0,0.467932,10.496885299682617,4.91182838357372,-0.0,1.2156395,0.0,-0.0,0.0,-0.0,0.030296452,0.030296452,-0.0,1.0,7.023573,3.0325215,0.0,0.3219232,4.0026917,1.0059565,1.8162754,1.5744532,0.21785678,0.32943586,0.25132,0.1383698,0.45376348,0.20923826,4.0026917,0.0,2.7723365,2.7723365,0.3219232,-0.0,10.6,19.104359,20.0,20.0,2.0
resstock-amy2018-2021-release-1-82426,0.0,5.012586,2.4438472,0.0,0.7411272,2.5837858,0.0,0.0,0.0,0.0,0.0,0.0,0.0,0.0,-1.2069157,0.0,-1.2069157,0.34535733,10.496854782104492,3.6251657268095983,1.2069157,0.0,0.0,-0.0,0.0,-0.0,0.0,0.0,3.5117865,0.4778159,7.023573,1.5007997,0.0,0.4214919,2.5394893,0.6939916,1.1697617,0.0,0.0,0.0,0.27328,0.1383698,0.4606287,0.0,2.5394893,0.0,5.480601,5.480601,0.4214919,-0.0,10.0,19.79749,20.0,20.0,2.0
resstock-amy2018-2021-release-1-82426,0.0,4.9036274,0.0,0.0,0.8663973,0.0,0.0,0.0,0.0,0.0,0.0,0.0,0.0,0.0,-1.2167454,0.0,-1.2167454,0.22227454,10.496824264526367,2.3331768043285592,1.2167454,0.0,0.0,-0.0,0.0,-0.0,0.0,0.0,3.2257423,0.0,7.023573,1.677885,0.0,0.59844637,0.24809837,0.07645697,0.11587952,0.0,0.0,0.0,0.308172,0.1383698,0.46707085,0.0,0.24809837,0.0,3.130497,3.130497,0.59844637,-0.0,8.33,19.475266,20.0,20.0,2.0
resstock-amy2018-2021-release-1-82426,0.0,4.9387674,0.73092467,0.0,2.4651291,0.7727786,0.10123373,0.0,0.0,0.0,0.0,0.0,0.0,0.0,-1.2266158,0.0,-1.2266158,0.09867995,10.496793746948242,1.0358231064978014,1.2266158,0.0,0.0,-0.0,0.0,-0.0,0.0,0.0,-0.0,0.0,7.023573,4.8443055,0.09446181,0.32632127,2.3376133,0.7543245,1.1313773,0.10123373,0.01400769,0.021181969,0.32269,0.1383698,0.48398823,0.20923826,2.3376133,0.0,3.564229,3.564229,0.32632127,-0.0,8.885,19.46225,20.0,20.0,2.0
resstock-amy2018-2021-release-1-82426,0.0,4.974957,0.0,0.0,2.4651291,0.0,0.062448967,0.0,0.0,0.0,0.0,0.0,0.0,0.0,-0.5871799,0.0,-0.5871799,0.039508708,10.496779441833496,0.41471419203275417,0.5871799,0.0,0.0,-0.0,0.0,-0.0,0.0,0.0,-0.0,0.0,7.023573,4.9166856,0.058271516,0.3274208,2.1599178,0.7800159,1.066558,0.062448967,0.008641051,0.013066714,0.3611322,0.1383698,0.49379566,0.20923826,2.1599178,0.0,2.7470977,2.7925498,0.3274208,-0.045452006,9.44,19.473764,20.0,20.0,2.0
resstock-amy2018-2021-release-1-82426,0.0,2.052787,0.7531191,0.0,0.9674383,0.7962439,0.0,0.0,0.0,0.0,0.0,0.0,0.0,0.0,0.0,0.0,0.0,0.039328743,10.496779441833496,0.41282513860586434,-0.0,0.0,0.0,-0.0,0.0,-0.0,0.0,0.0,-0.0,0.0,7.023573,2.052787,0.0,0.3274208,2.0291524,0.69429725,1.0098764,0.0,0.0,0.0,0.3421612,0.1383698,0.49768382,0.0,2.0291524,0.0,2.0291524,2.091103,0.3274208,-0.0619507,11.67,18.355633,20.699074,20.699074,2.0
resstock-amy2018-2021-release-1-82426,0.0,5.0542026,0.7531227,0.0,2.4549417,0.7962477,0.0,0.0,0.0,0.0,0.0,0.0,0.0,0.0,0.0,0.0,0.0,0.039149597,10.496779441833496,0.41094468796011085,-0.0,0.0,0.0,-0.0,0.0,-0.0,0.0,0.0,-0.0,0.0,7.023573,5.0542026,0.0,0.32632127,3.4219081,1.0958242,1.6931616,0.0,0.0,0.0,0.3202378,0.1383698,0.49480042,0.0,3.4219081,0.0,3.4219081,3.5775108,0.32632127,-0.1556028,10.6,20.412476,21.11111,21.11111,2.0
resstock-amy2018-2021-release-1-82426,0.0,2.0050344,0.3765633,0.0,0.99012923,0.39812592,0.0,0.0,0.0,0.0,0.0,0.0,0.0,0.0,0.0,0.0,0.0,0.038971264,10.496779441833496,0.4090727618883925,-0.0,0.0,0.0,-0.0,0.0,-0.0,0.0,0.0,-0.0,0.0,7.023573,2.0050344,0.0,0.32632127,1.5628523,0.483534,0.7486804,0.0,0.0,0.0,0.309392,0.1383698,0.47904748,0.0,1.5628523,0.0,1.5628523,1.7145764,0.32632127,-0.15172409,10.0,18.877113,21.11111,21.11111,2.0
resstock-amy2018-2021-release-1-82426,0.0,2.047718,0.0,0.0,0.969748,0.0,0.0,0.0,0.0,0.0,0.0,0.0,0.0,0.0,0.0,0.0,0.0,0.038793746,10.496779441833496,0.4072093994942598,-0.0,0.0,0.0,-0.0,0.0,-0.0,0.0,0.0,-0.0,0.0,7.023573,2.047718,0.0,0.32852033,1.0696788,0.3224936,0.51049083,0.0,0.0,0.0,0.3014864,0.1383698,0.4772375,0.0,1.0696788,0.0,1.0696788,1.2982683,0.32852033,-0.22858953,11.5,19.454456,21.11111,21.11111,2.0
resstock-amy2018-2021-release-1-82426,0.0,2.0877764,0.0,0.0,0.95208454,0.0,0.0,0.0,0.0,0.0,0.0,0.0,0.0,0.0,0.0,0.0,0.0,0.038617034,10.496779441833496,0.40535448346706104,-0.0,0.0,0.0,-0.0,0.0,-0.0,0.0,0.0,-0.0,0.0,7.023573,2.0877764,0.0,0.32852033,1.0116377,0.30566147,0.47538468,0.0,0.0,0.0,0.3021452,0.1383698,0.46991596,0.0,1.0116377,0.0,1.0116377,1.2806048,0.32852033,-0.26896718,12.8,19.730516,21.11111,21.11111,2.0
resstock-amy2018-2021-release-1-82426,0.0,2.1040165,0.0,0.0,0.9452908,0.0,0.0,0.0,0.0,0.0,0.0,0.0,0.0,0.0,0.0,0.0,0.0,0.03844113,10.496779441833496,0.40350805291034675,-0.0,0.0,0.0,-0.0,0.0,-0.0,0.0,0.0,-0.0,0.0,7.023573,2.1040165,0.0,0.66051817,1.3318657,0.4094688,0.6203404,0.0,0.0,0.0,0.30744,0.1383698,0.465768,0.0,1.3318657,0.0,1.3318657,1.605809,0.66051817,-0.27394328,13.3,20.351265,21.088575,21.088575,2.0
resstock-amy2018-2021-release-1-82426,0.0,2.1040165,0.0,0.0,0.9452908,0.0,0.0,0.0,0.0,0.0,0.0,0.0,0.0,0.0,0.0,0.0,0.0,0.038266025,10.496779441833496,0.4016700296170157,-0.0,0.0,0.0,-0.0,0.0,-0.0,0.0,0.0,-0.0,0.0,7.023573,2.1040165,0.0,0.3274208,1.0282764,0.3264202,0.4745785,0.0,0.0,0.0,0.317444,0.1383698,0.46152812,0.0,1.0282764,0.0,1.0282764,1.2727116,0.3274208,-0.24443518,13.3,20.904442,21.066038,21.066038,2.0
resstock-amy2018-2021-release-1-82426,0.0,2.1241608,0.0,0.0,0.93713844,0.0,0.0,0.0,0.0,0.0,0.0,0.0,0.0,0.0,0.0,0.0,0.0,0.03809172,10.496779441833496,0.3998403744835173,-0.0,0.0,0.0,-0.0,0.0,-0.0,0.0,0.0,-0.0,0.0,7.023573,2.1241608,0.0,0.7538526,1.5900444,0.5248857,0.7473783,0.0,0.0,0.0,0.3301076,0.1383698,0.47003612,0.0,1.5900444,0.0,1.5900444,1.690991,0.7538526,-0.100946695,13.9,21.378569,21.0435,21.0435,2.0
resstock-amy2018-2021-release-1-82426,0.0,2.0689116,0.0,0.0,0.96023697,0.0,0.0,0.0,0.0,0.0,0.0,0.0,0.0,0.0,0.0,0.0,0.0,0.037918206,10.496779441833496,0.39801904840630087,-0.0,0.0,0.0,-0.0,0.0,-0.0,0.0,0.0,-0.0,0.0,7.023573,2.0689116,0.0,0.91722107,1.8754516,0.6941718,0.9320641,0.0,0.0,0.0,0.3701358,0.1383698,0.49698117,0.0,1.8754516,0.0,1.8754516,1.8774581,0.91722107,-0.002006544,12.2,21.249714,21.020964,21.020964,2.0
resstock-amy2018-2021-release-1-82426,0.0,1.0268433,0.753125,0.0,0.48351532,0.79625016,0.0,0.0,0.0,0.0,0.0,0.0,0.0,0.0,0.0,0.0,0.0,0.037745487,10.496779441833496,0.39620605138536646,-0.0,0.0,0.0,-0.0,0.0,-0.0,0.0,0.0,-0.0,0.0,7.023573,1.0268433,0.0,1.7011329,2.9808984,0.99154514,1.5512543,0.0,0.0,0.0,0.332633,0.1383698,0.52039826,0.0,2.9808984,0.0,2.9808984,2.9808984,1.7011329,-0.0,11.7,20.899384,20.998428,20.998428,2.0
resstock-amy2018-2021-release-1-82426,0.0,1.0108405,0.0,0.0,0.49098837,0.0,0.0,0.0,0.0,0.0,0.0,0.0,0.0,0.0,0.0,0.0,0.0,0.037573554,10.496779441833496,0.39440130521361283,-0.0,0.0,0.0,-0.0,0.0,-0.0,0.0,0.0,-0.0,0.0,7.023573,1.0108405,0.0,1.7554393,2.2464275,0.73531413,1.165654,0.0,0.0,0.0,0.327326,0.1383698,0.5188923,0.0,2.2464275,0.0,2.2464275,2.2464275,1.7554393,-0.0,10.6,20.618088,20.975891,20.975891,2.0
resstock-amy2018-2021-release-1-82426,0.0,1.0002534,0.7531225,0.0,0.4961969,0.7962475,0.0,0.0,0.0,0.0,0.0,0.0,0.0,0.0,0.0,0.0,0.0,0.037402403,10.496779441833496,0.39260477078748934,-0.0,0.0,0.0,-0.0,0.0,-0.0,0.0,0.0,-0.0,0.0,7.023573,1.0002534,0.0,0.9490381,2.2414825,0.70552903,1.1479915,0.0,0.0,0.0,0.31476,0.1383698,0.51215726,0.0,2.2414825,0.0,2.2414825,2.2414825,0.9490381,-0.0,9.833333,20.239143,20.953354,20.953354,2.0
resstock-amy2018-2021-release-1-82426,0.0,2.9702973,0.7531221,0.0,2.4651291,0.79624707,1.7300515,0.0,0.0,0.0,0.0,0.0,0.0,0.0,1.2414412,1.2414412,0.0,0.14978743,10.496747970581055,1.5722808598302436,-0.0,1.2414412,0.0,-0.0,0.0,-0.0,3.5117865,3.5117865,-0.0,0.48260626,7.023573,2.9702973,0.0,0.8087992,5.3116164,1.6451861,2.630565,1.7300515,0.23938689,0.361993,0.3097336,0.1383698,0.4952475,0.20923829,5.3116164,0.0,2.2917385,2.2917385,0.8087992,-0.0,9.066667,20.854424,20.930819,20.930819,2.0
resstock-amy2018-2021-release-1-82426,0.0,0.98035145,0.0,0.0,0.0,0.0,0.0,0.0,0.0,0.0,0.0,0.0,0.0,0.0,-1.0974163,0.0,-1.0974163,0.039388802,10.496720314025879,0.4134532370754549,1.0974163,0.0,0.0,-0.0,0.0,-0.0,0.0,0.0,0.9803515,0.3359861,7.023573,0.0,0.0,0.33071935,-0.76669693,-0.23384257,0.0,0.0,0.0,0.0,0.305,0.1383698,0.4796461,0.0,0.0,-0.76669693,0.8373332,0.8373332,0.33071935,-0.0,8.3,19.364794,20.908281,20.908281,2.0
resstock-amy2018-2021-release-1-82426,0.0,4.010069,0.0,0.0,2.4651291,0.0,2.71128,0.0,0.0,0.0,0.0,0.0,0.0,0.0,1.2412819,1.2412819,0.0,0.15175162,10.496688842773438,1.5928895633735465,-0.0,1.2412819,0.0,-0.0,0.0,-0.0,3.5117865,3.5117865,-0.0,0.8171935,7.023573,4.010069,0.0,0.3274208,4.0338316,1.2057123,1.8945764,2.71128,0.3751593,0.56730354,0.2989,0.1383698,0.46967167,0.20923826,4.0338316,0.0,1.0583539,1.0583539,0.3274208,-0.0,10.0,21.056307,20.885744,20.885744,2.0
resstock-amy2018-2021-release-1-82426,0.0,1.0025172,0.376811,0.0,5.8868117e-08,0.3983878,0.0,0.0,0.0,0.0,0.0,0.0,0.0,0.0,-1.1170628,0.0,-1.1170628,0.039381113,10.496661186218262,0.4133701992827419,1.1170628,0.0,0.0,-0.0,0.0,-0.0,0.0,0.0,1.0025171,0.6659107,7.023573,1.1920929e-07,0.0,0.32632127,-0.39235365,-0.11719792,0.0,0.0,0.0,0.0,0.2987048,0.1383698,0.4906987,0.0,0.0,-0.39235365,1.2197737,1.2197737,0.32632127,-0.0,10.0,18.98503,20.863207,20.863207,2.0
resstock-amy2018-2021-release-1-82426,0.0,3.9214058,0.0,0.0,0.0,0.0,0.0,0.0,0.0,0.0,0.0,0.0,0.0,0.0,0.0,0.0,0.0,0.03920173,10.496661186218262,0.41148726722290263,-0.0,0.0,0.0,-0.0,0.0,-0.0,0.0,0.0,3.921406,0.08469493,7.023573,0.0,0.0,0.32522175,0.32522175,0.096042275,0.13575867,0.0,0.0,0.0,0.2953132,0.1383698,0.4174342,0.0,0.32522175,0.0,2.3516774,2.3516774,0.32522175,-0.0,8.3,20.332169,20.840672,20.840672,2.0
resstock-amy2018-2021-release-1-82426,0.0,4.010069,0.0,0.0,2.4651291,0.0,2.71128,0.0,0.0,0.0,0.0,0.0,0.0,0.0,1.2412969,1.2412969,0.0,0.15156665,10.49662971496582,1.5909390488321264,-0.0,1.2412969,0.0,-0.0,0.0,-0.0,3.5117865,3.5117865,-0.0,0.5669486,7.023573,4.010069,0.0,0.32412225,4.030548,1.1895857,1.6889579,2.71128,0.3751593,0.56730354,0.2951424,0.1383698,0.41903928,0.20923826,4.030548,0.0,1.0550554,1.0550554,0.32412225,-0.0,10.0,19.719383,20.818134,20.818134,2.0
resstock-amy2018-2021-release-1-82426,0.0,0.97420186,0.0,0.0,0.0,0.0,0.0,0.0,0.0,0.0,0.0,0.0,0.0,0.0,-1.1152127,0.0,-1.1152127,0.039381836,10.496602058410645,0.4133754567244985,1.1152127,0.0,0.0,-0.0,0.0,-0.0,0.0,0.0,0.97420186,0.42088443,7.023573,0.0,0.0,0.32302272,-0.79218996,-0.22155398,0.0,0.0,0.0,0.0,0.2796728,0.1383698,0.4283313,0.0,0.0,-0.79218996,0.83303344,0.83303344,0.32302272,-0.0,7.8,18.085663,20.795597,20.795597,2.0
resstock-amy2018-2021-release-1-82426,0.0,3.801523,0.0,0.0,0.52942467,0.0,0.0,0.0,0.0,0.0,0.0,0.0,0.0,0.0,0.0,0.0,0.0,0.039202448,10.496602058410645,0.4114924961683464,-0.0,0.0,0.0,-0.0,0.0,-0.0,0.0,0.0,2.841397,0.0,7.023573,0.9601259,0.0,0.3219232,0.85134786,0.24512008,0.38924438,0.0,0.0,0.0,0.28792,0.1383698,0.45720956,0.0,0.85134786,0.0,2.4181275,2.4181275,0.3219232,-0.0,5.733333,18.921856,20.77306,20.77306,2.0
resstock-amy2018-2021-release-1-82426,0.0,3.776348,0.0,0.0,2.1120563,0.0,0.0,0.0,0.0,0.0,0.0,0.0,0.0,0.0,0.0,0.0,0.0,0.039023876,10.496602058410645,0.40961809914506375,-0.0,0.0,0.0,-0.0,0.0,-0.0,0.0,0.0,-0.0,0.0,7.023573,3.776348,0.0,0.3219232,2.4339795,0.72897154,1.1863533,0.0,0.0,0.0,0.2994978,0.1383698,0.48741305,0.0,2.4339795,0.0,2.4339795,2.4339795,0.3219232,-0.0,5.15,18.176437,20.750525,20.750525,2.0
resstock-amy2018-2021-release-1-82426,0.0,4.010069,0.0,0.0,1.9802585,0.0,0.0,0.0,0.0,0.0,0.0,0.0,0.0,0.0,0.0,0.0,0.0,0.038846117,10.496602058410645,0.4077522265517608,-0.0,0.0,0.0,-0.0,0.0,-0.0,0.0,0.0,-0.0,0.0,7.023573,4.010069,0.0,0.3541256,2.334384,0.7333752,1.1938121,0.0,0.0,0.0,0.3141622,0.1383698,0.5114035,0.0,2.334384,0.0,2.334384,2.334384,0.3541256,-0.0,10.0,18.692085,20.727987,20.727987,2.0
resstock-amy2018-2021-release-1-82426,0.0,2.0050344,0.0,0.0,0.99012923,0.0,0.0,0.0,0.0,0.0,0.0,0.0,0.0,0.0,0.0,0.0,0.0,0.038669165,10.496602058410645,0.4058948392855477,-0.0,0.0,0.0,-0.0,0.0,-0.0,0.0,0.0,-0.0,0.0,7.023573,2.0050344,0.0,0.32632127,1.3164505,0.48448697,0.70275193,0.0,0.0,0.0,0.3680252,0.1383698,0.5338233,0.0,1.3164505,0.0,1.3164505,1.3164505,0.32632127,-0.0,10.0,17.689793,20.70545,20.70545,2.0
resstock-amy2018-2021-release-1-82426,0.0,3.0426288,0.0,0.0,1.4573402,0.0,0.0,0.0,0.0,0.0,0.0,0.0,0.0,0.0,0.0,0.0,0.0,0.038493022,10.496602058410645,0.40404593734642447,-0.0,0.0,0.0,-0.0,0.0,-0.0,0.0,0.0,-0.0,0.0,7.023573,3.0426288,0.0,0.3274208,1.7292604,0.7753139,0.9243058,0.0,0.0,0.0,0.44835,0.1383698,0.5345093,0.0,1.7292604,0.0,1.7292604,1.7847611,0.3274208,-0.055500664,11.1,18.214647,20.682915,20.682915,2.0
resstock-amy2018-2021-release-1-82426,0.0,4.175553,0.0,0.0,1.9041691,0.0,0.0,0.0,0.0,0.0,0.0,0.0,0.0,0.0,0.0,0.0,0.0,0.038317684,10.496602058410645,0.40220548163150127,-0.0,0.0,0.0,-0.0,0.0,-0.0,0.0,0.0,-0.0,0.0,7.023573,4.175553,0.0,0.682976,2.4323823,0.9705526,1.3628601,0.0,0.0,0.0,0.3990132,0.1383698,0.56029844,0.0,2.4323823,0.0,2.4323823,2.587145,0.682976,-0.15476285,12.8,19.005991,20.660378,20.660378,2.0
resstock-amy2018-2021-release-1-82426,0.0,2.0877764,0.0,0.0,0.95208454,0.0,0.0,0.0,0.0,0.0,0.0,0.0,0.0,0.0,0.0,0.0,0.0,0.03814314,10.496602058410645,0.4003733548321087,-0.0,0.0,0.0,-0.0,0.0,-0.0,0.0,0.0,-0.0,0.0,7.023573,2.0877764,0.0,1.0208018,1.7304869,0.5884742,0.98220634,0.0,0.0,0.0,0.3400628,0.1383698,0.5675896,0.0,1.7304869,0.0,1.7304869,1.9728863,1.0208018,-0.24239942,12.8,18.37542,20.63784,20.63784,2.0
resstock-amy2018-2021-release-1-82426,0.0,7.364058,0.0,0.0,2.4651291,0.0,4.2699065,0.0,0.0,0.0,0.0,0.0,0.0,0.0,1.2413818,1.2413818,0.0,0.1505199,10.496570587158203,1.5799426771677076,-0.0,1.2413818,0.0,-0.0,0.0,-0.0,2.1070719,2.1070719,-0.0,0.28956378,7.023573,5.486854,1.8772041,1.006641,4.374483,1.4442248,2.441864,4.2699065,0.5908261,0.8934278,0.33014753,0.1383698,0.5582063,0.20923826,4.374483,0.0,2.1864378,2.525107,1.006641,-0.338669,13.3,22.088287,20.615303,20.615303,2.0
resstock-amy2018-2021-release-1-82426,0.0,2.1241608,0.0,0.0,0.0746969,0.0,0.0,0.0,0.0,0.0,0.0,0.0,0.0,0.0,-1.1047426,0.0,-1.1047426,0.039385933,10.496542930603027,0.4134161410994004,1.1047426,0.0,0.0,-0.0,0.0,-0.0,0.0,0.0,1.9548494,0.0,7.023573,0.1693114,0.0,1.0010896,-0.40776718,-0.12810007,0.0,0.0,0.0,0.0,0.31415,0.1383698,0.55598205,0.0,0.0,-0.40776718,1.559417,1.938228,1.0010896,-0.378811,13.9,20.714539,20.592768,20.592768,2.0
resstock-amy2018-2021-release-1-82426,0.3334243,2.2048063,0.0,0.0,0.90724605,0.0,0.0,0.0,0.0,0.0,0.0,0.0,0.0,0.0,0.0,0.0,0.0,0.039206527,10.496542930603027,0.41153299563669776,-0.0,0.0,0.0,-0.0,0.0,-0.0,0.0,0.0,-0.0,0.0,7.023573,2.2048063,0.0,1.4974606,2.042157,0.6415436,1.1261976,0.0,0.0,0.0,0.31415,0.1383698,0.5514746,0.0,2.042157,0.0,2.042157,2.4047067,1.4974606,-0.3625498,16.1,21.548363,20.57023,20.57023,2.0
resstock-amy2018-2021-release-1-82426,0.0,2.0871367,0.0,0.0,0.95235634,0.0,0.0,0.0,0.0,0.0,0.0,0.0,0.0,0.0,0.0,0.0,0.0,0.039027937,10.496542930603027,0.4096584136586259,-0.0,0.0,0.0,-0.0,0.0,-0.0,0.0,0.0,-0.0,0.0,7.023573,2.0871367,0.0,0.66051817,1.2895722,0.4102008,0.69159514,0.0,0.0,0.0,0.3180906,0.1383698,0.5362981,0.0,1.2895722,0.0,1.2895722,1.6128745,0.66051817,-0.3233022,12.78,21.541561,21.088575,21.088575,2.0
resstock-amy2018-2021-release-1-82426,0.15973206,2.1630793,0.75362104,0.0,0.9221922,0.79677457,0.0,0.0,0.0,0.0,0.0,0.0,0.0,0.0,0.0,0.0,0.0,0.038850162,10.496542930603027,0.40779239516518473,-0.0,0.0,0.0,-0.0,0.0,-0.0,0.0,0.0,-0.0,0.0,7.023573,2.1630793,0.0,0.68648255,2.147838,0.7030957,1.1521405,0.0,0.0,0.0,0.3273504,0.1383698,0.5364187,0.0,2.147838,0.0,2.147838,2.4054494,0.68648255,-0.25761116,15.0,22.380651,21.066038,21.066038,2.0
resstock-amy2018-2021-release-1-82426,0.0,2.1241608,0.0,0.0,0.93713844,0.0,0.0,0.0,0.0,0.0,0.0,0.0,0.0,0.0,0.0,0.0,0.0,0.038673196,10.496542930603027,0.40593486195103523,-0.0,0.0,0.0,-0.0,0.0,-0.0,0.0,0.0,-0.0,0.0,7.023573,2.1241608,0.0,0.33071935,1.1419048,0.3935575,0.6187373,0.0,0.0,0.0,0.34465,0.1383698,0.54184663,0.0,1.1419048,0.0,1.1419048,1.2678578,0.33071935,-0.12595296,13.9,22.702202,21.0435,21.0435,2.0
resstock-amy2018-2021-release-1-82426,0.16111948,2.0689116,0.0,0.0,0.96023697,0.0,0.0,0.0,0.0,0.0,0.0,0.0,0.0,0.0,0.0,0.0,0.0,0.03849704,10.496542930603027,0.4040858140161774,-0.0,0.0,0.0,-0.0,0.0,-0.0,0.0,0.0,-0.0,0.0,7.023573,2.0689116,0.0,2.1703825,3.1270669,1.1488937,1.7884458,0.0,0.0,0.0,0.367403,0.1383698,0.5719244,0.0,3.1270669,0.0,3.1270669,3.1306195,2.1703825,-0.0035527793,12.2,22.551933,21.020964,21.020964,2.0
resstock-amy2018-2021-release-1-82426,0.35287243,1.0179915,0.37681082,0.0,0.48759153,0.3983876,0.0,0.0,0.0,0.0,0.0,0.0,0.0,0.0,0.0,0.0,0.0,0.03832168,10.496542930603027,0.4022451731552721,-0.0,0.0,0.0,-0.0,0.0,-0.0,0.0,0.0,-0.0,0.0,7.023573,1.0179915,0.0,1.6040334,2.4900126,0.85037565,1.507854,0.0,0.0,0.0,0.3415146,0.1383698,0.6055608,0.0,2.4900126,0.0,2.4900126,2.4900126,1.6040334,-0.0,11.1,21.856197,20.457546,20.457546,2.0
resstock-amy2018-2021-release-1-82426,0.0,1.0025172,0.37681055,0.0,0.49506462,0.3983873,0.0,0.0,0.0,0.0,0.0,0.0,0.0,0.0,0.0,0.0,0.0,0.03814712,10.496542930603027,0.4004129002656498,-0.0,0.0,0.0,-0.0,0.0,-0.0,0.0,0.0,-0.0,0.0,7.023573,1.0025172,0.0,1.0452783,1.9387302,0.6445309,1.1954387,0.0,0.0,0.0,0.33245,0.1383698,0.6166091,0.0,1.9387302,0.0,1.9387302,1.9387302,1.0452783,-0.0,10.0,21.310408,20.43501,20.43501,2.0
resstock-amy2018-2021-release-1-82426,0.0,1.0025172,0.0,0.0,0.49506462,0.0,0.0,0.0,0.0,0.0,0.0,0.0,0.0,0.0,0.0,0.0,0.0,0.037973356,10.496542930603027,0.39858895624464097,-0.0,0.0,0.0,-0.0,0.0,-0.0,0.0,0.0,-0.0,0.0,7.023573,1.0025172,0.0,1.5640583,2.059123,0.65498763,1.2800156,0.0,0.0,0.0,0.3180906,0.1383698,0.62163144,0.0,2.059123,0.0,2.059123,2.059123,1.5640583,-0.0,10.0,20.95937,20.412474,20.412474,2.0
resstock-amy2018-2021-release-1-82426,0.0,0.99446255,0.0,0.0,0.49914086,0.0,0.0,0.0,0.0,0.0,0.0,0.0,0.0,0.0,0.0,0.0,0.0,0.037800383,10.496542930603027,0.3967733410922456,-0.0,0.0,0.0,-0.0,0.0,-0.0,0.0,0.0,-0.0,0.0,7.023573,0.99446255,0.0,1.28468,1.7838209,0.549506,1.1055408,0.0,0.0,0.0,0.30805,0.1383698,0.61976,0.0,1.7838209,0.0,1.7838209,1.7838209,1.28468,-0.0,9.4,20.339815,20.389936,20.389936,2.0
resstock-amy2018-2021-release-1-82426,0.0,0.99446255,0.0,0.0,0.49914086,0.0,0.0,0.0,0.0,0.0,0.0,0.0,0.0,0.0,0.0,0.0,0.0,0.0376282,10.496542930603027,0.39496601570579415,-0.0,0.0,0.0,-0.0,0.0,-0.0,0.0,0.0,-0.0,0.0,7.023573,0.99446255,0.0,1.1201274,1.6192683,0.48893806,0.9902961,0.0,0.0,0.0,0.30195,0.1383698,0.6115701,0.0,1.6192683,0.0,1.6192683,1.6192683,1.1201274,-0.0,9.4,19.721016,20.367401,20.367401,2.0
resstock-amy2018-2021-release-1-82426,0.0,3.9543607,0.0,0.0,2.008792,0.0,0.0,0.0,0.0,0.0,0.0,0.0,0.0,0.0,0.0,0.0,0.0,0.0374568,10.496542930603027,0.3931669018799475,-0.0,0.0,0.0,-0.0,0.0,-0.0,0.0,0.0,-0.0,0.0,7.023573,3.9543607,0.0,0.5015987,2.5103908,0.74812,1.489456,0.0,0.0,0.0,0.2980094,0.1383698,0.59331644,0.0,2.5103908,0.0,2.5103908,2.5103908,0.5015987,-0.0,8.95,21.280327,20.344864,20.344864,2.0
resstock-amy2018-2021-release-1-82426,0.0,0.9879463,0.0,0.0,0.5025377,0.0,0.0,0.0,0.0,0.0,0.0,0.0,0.0,0.0,0.0,0.0,0.0,0.03728618,10.496542930603027,0.3913759996147057,-0.0,0.0,0.0,-0.0,0.0,-0.0,0.0,0.0,-0.0,0.0,7.023573,0.9879463,0.0,0.32632127,0.828859,0.2328812,0.47383088,0.0,0.0,0.0,0.280966,0.1383698,0.5716665,0.0,0.828859,0.0,0.828859,0.828859,0.32632127,-0.0,8.9,19.162588,20.322327,20.322327,2.0
resstock-amy2018-2021-release-1-82426,0.0,3.951785,0.0,0.0,2.4651291,0.0,2.8049736,0.0,0.0,0.0,0.0,0.0,0.0,0.0,1.2414505,1.2414505,0.0,0.14967251,10.496511459350586,1.5710391978882399,-0.0,1.2414505,0.0,-0.0,0.0,-0.0,3.5117865,3.5117865,-0.0,0.48260626,7.023573,3.951785,0.0,0.32522175,4.031801,1.083611,2.2702727,2.8049736,0.38812363,0.5869078,0.268766,0.1383698,0.56309146,0.20923826,4.031801,0.0,1.0040135,1.0040135,0.32522175,-0.0,8.9,20.765,20.29979,20.29979,2.0
resstock-amy2018-2021-release-1-82426,0.0,0.9879463,0.0,0.0,0.0,0.0,0.0,0.0,0.0,0.0,0.0,0.0,0.0,0.0,-1.0962669,0.0,-1.0962669,0.039389253,10.49648380279541,0.41344865257781294,1.0962669,0.0,0.0,-0.0,0.0,-0.0,0.0,0.0,0.98794633,0.3348658,7.023573,0.0,0.0,0.32412225,-0.7721446,-0.20112051,0.0,0.0,0.0,0.0,0.26047,0.1383698,0.5622405,0.0,0.0,-0.7721446,0.82666,0.82666,0.32412225,-0.0,8.9,18.582497,20.277254,20.277254,2.0
resstock-amy2018-2021-release-1-82426,0.0,3.9214058,0.0,0.0,2.4651291,0.0,2.853809,0.0,0.0,0.0,0.0,0.0,0.0,0.0,1.2412819,1.2412819,0.0,0.15175207,10.496452331542969,1.5928583646904144,-0.0,1.2412819,0.0,-0.0,0.0,-0.0,3.5117865,3.5117865,-0.0,0.8160779,7.023573,3.9214058,0.0,0.32302272,4.0294337,1.0469903,2.2807062,2.853809,0.39488098,0.59712607,0.2598356,0.1383698,0.5660116,0.20923826,4.0294337,0.0,0.97337437,0.97337437,0.32302272,-0.0,8.3,20.014214,20.254717,20.254717,2.0
resstock-amy2018-2021-release-1-82426,0.0,0.97420186,0.0,0.0,0.0,0.0,0.0,0.0,0.0,0.0,0.0,0.0,0.0,0.0,-1.1170672,0.0,-1.1170672,0.039381124,10.496424674987793,0.4133610025139589,1.1170672,0.0,0.0,-0.0,0.0,-0.0,0.0,0.0,0.9742021,0.6689764,7.023573,0.0,0.0,0.3219232,-0.795144,-0.21114667,0.0,0.0,0.0,0.0,0.2655452,0.1383698,0.56326646,0.0,0.0,-0.795144,0.83193403,0.83193403,0.3219232,-0.0,7.8,18.053234,20.23218,20.23218,2.0
resstock-amy2018-2021-release-1-82426,0.0,3.8681142,0.0,0.0,2.4651291,0.0,2.9394772,0.0,0.0,0.0,0.0,0.0,0.0,0.0,1.2412826,1.2412826,0.0,0.15174404,10.496393203735352,1.5927650877702604,-0.0,1.2412826,0.0,-0.0,0.0,-0.0,2.429031,2.429031,-0.0,1.0,7.023573,3.8681142,0.0,0.3219232,4.028335,1.0934916,2.2661295,2.9394772,0.40673488,0.6150511,0.27145,0.1383698,0.5625474,0.20923826,4.028335,0.0,1.495743,1.495743,0.3219232,-0.0,7.2,19.15823,20.209644,20.209644,2.0
resstock-amy2018-2021-release-1-82426,0.0,0.97420186,0.0,0.0,0.0,0.0,0.0,0.0,0.0,0.0,0.0,0.0,0.0,0.0,-1.116987,0.0,-1.116987,0.039381143,10.496365547180176,0.4133588695044743,1.116987,0.0,0.0,-0.0,0.0,-0.0,0.0,0.0,0.9742021,0.8521328,7.023573,0.0,0.0,0.3541256,-0.7628614,-0.2237474,0.0,0.0,0.0,0.0,0.2933002,0.1383698,0.5547692,0.0,0.0,-0.7628614,0.8641366,0.8641366,0.3541256,-0.0,7.8,17.6039,20.187107,20.187107,2.0
resstock-amy2018-2021-release-1-82426,0.0,3.8823507,0.0,0.0,0.0,0.0,0.0,0.0,0.0,0.0,0.0,0.0,0.0,0.0,0.0,0.0,0.0,0.03920176,10.496365547180176,0.4114759904775198,-0.0,0.0,0.0,-0.0,0.0,-0.0,0.0,0.0,3.8823507,0.27590272,7.023573,0.0,0.0,0.32632127,0.32632127,0.10003757,0.17714368,0.0,0.0,0.0,0.3065616,0.1383698,0.54285055,0.0,0.32632127,0.0,2.3745167,2.3745167,0.32632127,-0.0,7.5,18.612743,20.16457,20.16457,2.0
resstock-amy2018-2021-release-1-82426,0.0,1.0025172,0.0,0.0,0.0,0.0,0.0,0.0,0.0,0.0,0.0,0.0,0.0,0.0,0.0,0.0,0.0,0.03902319,10.496365547180176,0.4096016747904798,-0.0,0.0,0.0,-0.0,0.0,-0.0,0.0,0.0,1.0025172,0.12687354,7.023573,0.0,0.0,0.3274208,0.3246484,0.10008716,0.17630695,0.0,0.0,0.0,0.308294,0.1383698,0.54307044,0.0,0.3246484,0.0,0.819713,0.8224854,0.3274208,-0.0027723976,10.0,17.279297,20.142033,20.142033,2.0
resstock-amy2018-2021-release-1-82426,0.0,4.107373,0.0,0.0,2.4651291,0.0,2.55486,0.0,0.0,0.0,0.0,0.0,0.0,0.0,1.2413112,1.2413112,0.0,0.1513901,10.496334075927734,1.5890411229701158,-0.0,1.2413112,0.0,-0.0,0.0,-0.0,3.5117865,3.5117865,-0.0,0.60895157,7.023573,4.107373,0.0,0.682976,4.3459253,1.3379669,2.415743,2.55486,0.35351548,0.5345745,0.307867,0.1383698,0.5558639,0.20923828,4.3459253,0.0,1.451,1.4944911,0.682976,-0.043491114,11.7,19.242493,20.119497,20.119497,2.0
resstock-amy2018-2021-release-1-82426,0.0,1.0268433,0.0,0.0,0.0,0.0,0.0,0.0,0.0,0.0,0.0,0.0,0.0,0.0,-1.1134467,0.0,-1.1134467,0.03938254,10.496306419372559,0.41337120415452233,1.1134467,0.0,0.0,-0.0,0.0,-0.0,0.0,0.0,1.0268433,0.45494738,7.023573,0.0,0.0,1.0208018,-0.33727995,-0.09892428,0.0,0.0,0.0,0.0,0.2933002,0.1383698,0.54023045,0.0,0.0,-0.33727995,1.259682,1.504317,1.0208018,-0.24463502,11.7,17.969194,20.09696,20.09696,2.0
resstock-amy2018-2021-release-1-82426,0.0,2.035983,0.0,0.0,0.0,0.0,0.0,0.0,0.0,0.0,0.0,0.0,0.0,0.0,0.0,0.0,0.0,0.03920315,10.496306419372559,0.41148825753056784,-0.0,0.0,0.0,-0.0,0.0,-0.0,0.0,0.0,2.035983,0.15272708,7.023573,0.0,0.0,0.32632127,0.13925257,0.038463727,0.0717529,0.0,0.0,0.0,0.27621555,0.1383698,0.5152716,0.0,0.13925257,0.0,1.1144357,1.3015044,0.32632127,-0.1870687,11.1,18.619247,20.074423,20.074423,2.0
resstock-amy2018-2021-release-1-82426,0.0,2.035983,0.0,0.0,0.48133072,0.0,0.0,0.0,0.0,0.0,0.0,0.0,0.0,0.0,0.0,0.0,0.0,0.039024573,10.496306419372559,0.4096138741982891,-0.0,0.0,0.0,-0.0,0.0,-0.0,0.0,0.0,1.0310628,0.0,7.023573,1.0049202,0.0,0.66480494,0.9859665,0.23866324,0.49168736,0.0,0.0,0.0,0.2420602,0.1383698,0.49868566,0.0,0.9859665,0.0,1.4798188,1.6399881,0.66480494,-0.1601692,11.1,18.645021,20.051888,20.051888,2.0
resstock-amy2018-2021-release-1-82426,0.0,2.0536866,0.0,0.0,0.96703064,0.0,0.0,0.0,0.0,0.0,0.0,0.0,0.0,0.0,0.0,0.0,0.0,0.03884681,10.496306419372559,0.40774801505589764,-0.0,0.0,0.0,-0.0,0.0,-0.0,0.0,0.0,-0.0,0.0,7.023573,2.0536866,0.0,0.66235816,1.4060081,0.32829627,0.69045895,0.0,0.0,0.0,0.2334953,0.1383698,0.4910775,0.0,1.4060081,0.0,1.4060081,1.6293888,0.66235816,-0.2233807,11.7,19.13423,20.02935,20.02935,2.0
resstock-amy2018-2021-release-1-82426,0.0,2.0536866,1.1311431,0.0,0.96703064,1.1959141,0.0,0.0,0.0,0.0,0.0,0.0,0.0,0.0,0.0,0.0,0.0,0.038669858,10.496306419372559,0.40589068010339346,-0.0,0.0,0.0,-0.0,0.0,-0.0,0.0,0.0,-0.0,0.0,7.023573,2.0536866,0.0,0.32852033,2.3494463,0.5972054,1.1380687,0.0,0.0,0.0,0.25418985,0.1383698,0.48439866,0.0,2.3494463,0.0,2.3494463,2.491465,0.32852033,-0.14201884,11.7,19.225307,20.006813,20.006813,2.0
resstock-amy2018-2021-release-1-82426,0.0,2.0689116,0.0,0.0,0.96023697,0.0,0.0,0.0,0.0,0.0,0.0,0.0,0.0,0.0,0.0,0.0,0.0,0.03849371,10.496306419372559,0.4040417911371996,-0.0,0.0,0.0,-0.0,0.0,-0.0,0.0,0.0,-0.0,0.0,7.023573,2.0689116,0.0,0.68648255,1.5404669,0.4463503,0.728312,0.0,0.0,0.0,0.28975,0.1383698,0.47278655,0.0,1.5404669,0.0,1.5404669,1.6467195,0.68648255,-0.1062526,12.2,19.527832,19.984276,19.984276,2.0
resstock-amy2018-2021-release-1-82426,0.0,2.0689116,0.0,0.0,0.96023697,0.0,0.0,0.0,0.0,0.0,0.0,0.0,0.0,0.0,0.0,0.0,0.0,0.03831837,10.496306419372559,0.4022013481573161,-0.0,0.0,0.0,-0.0,0.0,-0.0,0.0,0.0,-0.0,0.0,7.023573,2.0689116,0.0,0.7538526,1.6712989,0.50499535,0.7829563,0.0,0.0,0.0,0.3021574,0.1383698,0.46847174,0.0,1.6712989,0.0,1.6712989,1.7140896,0.7538526,-0.042790793,12.2,19.619781,19.96174,19.96174,2.0
resstock-amy2018-2021-release-1-82426,0.0,1.0179915,0.0,0.0,0.48759153,0.0,0.0,0.0,0.0,0.0,0.0,0.0,0.0,0.0,0.0,0.0,0.0,0.038143825,10.496306419372559,0.400369272960166,-0.0,0.0,0.0,-0.0,0.0,-0.0,0.0,0.0,-0.0,0.0,7.023573,1.0179915,0.0,0.91722107,1.4044511,0.43728456,0.68151677,0.0,0.0,0.0,0.3113562,0.1383698,0.48525488,0.0,1.4044511,0.0,1.4044511,1.4048126,0.91722107,-0.000361387,11.1,18.933418,19.939203,19.939203,2.0
resstock-amy2018-2021-release-1-82426,0.0,1.0179915,0.0,0.0,0.48759153,0.0,0.0,0.0,0.0,0.0,0.0,0.0,0.0,0.0,0.0,0.0,0.0,0.037970074,10.496306419372559,0.3985455264439608,-0.0,0.0,0.0,-0.0,0.0,-0.0,0.0,0.0,-0.0,0.0,7.023573,1.0179915,0.0,1.0192246,1.5068161,0.4645424,0.7839709,0.0,0.0,0.0,0.308294,0.1383698,0.52028304,0.0,1.5068161,0.0,1.5068161,1.5068161,1.0192246,-0.0,11.1,18.69283,19.916666,19.916666,2.0
resstock-amy2018-2021-release-1-82426,0.0,1.0108405,0.0,0.0,0.49098837,0.0,0.0,0.0,0.0,0.0,0.0,0.0,0.0,0.0,0.0,0.0,0.0,0.037797116,10.496306419372559,0.3967301086087005,-0.0,0.0,0.0,-0.0,0.0,-0.0,0.0,0.0,-0.0,0.0,7.023573,1.0108405,0.0,1.0452783,1.5362667,0.48261818,0.81970423,0.0,0.0,0.0,0.31415,0.1383698,0.533569,0.0,1.5362667,0.0,1.5362667,1.5362667,1.0452783,-0.0,10.6,18.396116,20.555555,20.555555,2.0
resstock-amy2018-2021-release-1-82426,0.0,1.0179915,0.377046,0.0,0.48759153,0.39863625,0.0,0.0,0.0,0.0,0.0,0.0,0.0,0.0,0.0,0.0,0.0,0.037624948,10.496306419372559,0.39492298035259665,-0.0,0.0,0.0,-0.0,0.0,-0.0,0.0,0.0,-0.0,0.0,7.023573,1.0179915,0.0,1.5640583,2.4502861,0.75510955,1.317625,0.0,0.0,0.0,0.308172,0.1383698,0.53774333,0.0,2.4502861,0.0,2.4502861,2.4502861,1.5640583,-0.0,11.1,18.266193,20.555555,20.555555,2.0
resstock-amy2018-2021-release-1-82426,0.0,1.0268433,0.0,0.0,0.48351532,0.0,0.0,0.0,0.0,0.0,0.0,0.0,0.0,0.0,0.0,0.0,0.0,0.037453562,10.496306419372559,0.3931240634720723,-0.0,0.0,0.0,-0.0,0.0,-0.0,0.0,0.0,-0.0,0.0,7.023573,1.0268433,0.0,1.28468,1.7681954,0.54186666,0.9493514,0.0,0.0,0.0,0.3064518,0.1383698,0.5369041,0.0,1.7681954,0.0,1.7681954,1.7681954,1.28468,-0.0,11.7,17.957382,20.555555,20.555555,2.0
resstock-amy2018-2021-release-1-82426,0.0,4.071966,0.0,0.0,1.9503661,0.0,0.0,0.0,0.0,0.0,0.0,0.0,0.0,0.0,0.0,0.0,0.0,0.037282955,10.496306419372559,0.39133331886533895,-0.0,0.0,0.0,-0.0,0.0,-0.0,0.0,0.0,-0.0,0.0,7.023573,4.071966,0.0,1.1201274,3.0704937,0.91020364,1.6378573,0.0,0.0,0.0,0.2964356,0.1383698,0.53341824,0.0,3.0704937,0.0,3.0704937,3.0704937,1.1201274,-0.0,11.1,20.20389,19.606482,19.606482,2.0
resstock-amy2018-2021-release-1-82426,0.0,1.0108405,0.91206235,0.0,0.49098837,0.9642885,0.0,0.0,0.0,0.0,0.0,0.0,0.0,0.0,0.0,0.0,0.0,0.037113126,10.496306419372559,0.38955074653239663,-0.0,0.0,0.0,-0.0,0.0,-0.0,0.0,0.0,-0.0,0.0,7.023573,1.0108405,0.0,0.6757766,2.1310534,0.62503844,1.1576686,0.0,0.0,0.0,0.2933002,0.1383698,0.5432377,0.0,2.1310534,0.0,2.1310534,2.1310534,0.6757766,-0.0,10.6,18.152977,19.444445,19.444445,2.0
resstock-amy2018-2021-release-1-82426,0.0,4.010069,0.0,0.0,2.4651291,0.0,2.71128,0.0,0.0,0.0,0.0,0.0,0.0,0.0,1.2414644,1.2414644,0.0,0.14950138,10.496274948120117,1.5692076242893336,-0.0,1.2414644,0.0,-0.0,0.0,-0.0,3.5117865,3.5117865,-0.0,0.48260626,7.023573,4.010069,0.0,0.41776282,4.1243563,1.147734,2.2223945,2.71128,0.3751593,0.56730354,0.278282,0.1383698,0.5388464,0.20923826,4.1243563,0.0,1.148696,1.148696,0.41776282,-0.0,10.0,19.690344,19.444445,19.444445,2.0
resstock-amy2018-2021-release-1-82426,0.0,0.9949914,0.0,0.0,2.9884593e-08,0.0,0.0,0.0,0.0,0.0,0.0,0.0,0.0,0.0,-1.0945551,0.0,-1.0945551,0.039389927,10.496247291564941,0.41344641396104365,1.0945551,0.0,0.0,-0.0,0.0,-0.0,0.0,0.0,0.99499136,0.3338266,7.023573,5.9604645e-08,0.0,0.32522175,-0.76933336,-0.20536277,0.0,0.0,0.0,0.0,0.266936,0.1383698,0.56917334,0.0,0.0,-0.76933336,0.82409084,0.82409084,0.32522175,-0.0,9.44,17.649616,19.444445,19.444445,2.0
resstock-amy2018-2021-release-1-82426,0.0,3.8681142,0.0,0.0,2.4651291,0.0,2.9394772,0.0,0.0,0.0,0.0,0.0,0.0,0.0,1.2412819,1.2412819,0.0,0.15175274,10.4962158203125,1.5928295118828828,-0.0,1.2412819,0.0,-0.0,0.0,-0.0,3.5117865,3.5117865,-0.0,0.815043,7.023573,3.8681142,0.0,0.32412225,4.0305333,1.030459,2.3346722,2.9394772,0.40673488,0.6150511,0.2556632,0.1383698,0.57924646,0.20923826,4.0305333,0.0,0.92233276,0.92233276,0.32412225,-0.0,7.2,18.880781,19.444445,19.444445,2.0
resstock-amy2018-2021-release-1-82426,0.0,0.96702856,1.1318222,0.0,0.0,1.1966321,0.0,0.0,0.0,0.0,0.0,0.0,0.0,0.0,-1.117074,0.0,-1.117074,0.039381113,10.496188163757324,0.4133515711318019,1.117074,0.0,0.0,-0.0,0.0,-0.0,0.0,0.0,0.9670287,0.6690039,7.023573,0.0,0.0,0.32302272,0.40258086,0.0994576,0.23331797,0.0,0.0,0.0,0.24705,0.1383698,0.5795556,0.0,0.40258086,0.0,2.033742,2.033742,0.32302272,-0.0,7.2,17.177544,19.444445,19.444445,2.0
resstock-amy2018-2021-release-1-82426,0.0,3.8968074,0.49563336,0.0,0.0,0.5240141,0.0,0.0,0.0,0.0,0.0,0.0,0.0,0.0,0.0,0.0,0.0,0.03920173,10.496188163757324,0.41146872392457823,-0.0,0.0,0.0,-0.0,0.0,-0.0,0.0,0.0,3.8968074,0.091403715,7.023573,0.0,0.0,0.35716534,0.88117945,0.21834041,0.52040046,0.0,0.0,0.0,0.247782,0.1383698,0.59057266,0.0,0.88117945,0.0,2.9212222,2.9212222,0.35716534,-0.0,7.8,18.413513,19.444445,19.444445,2.0
resstock-amy2018-2021-release-1-82426,0.0,3.951785,0.0,0.0,2.4651291,0.0,2.8049736,0.0,0.0,0.0,0.0,0.0,0.0,0.0,1.2412969,1.2412969,0.0,0.15156665,10.496156692504883,1.5908673544002454,-0.0,1.2412969,0.0,-0.0,0.0,-0.0,3.5117865,3.5117865,-0.0,0.57362944,7.023573,3.951785,0.0,0.3219232,4.0283494,0.99520373,2.407233,2.8049736,0.38812363,0.5869078,0.24705,0.1383698,0.59757304,0.20923826,4.0283494,0.0,1.0007153,1.0007153,0.3219232,-0.0,8.9,17.971676,19.444445,19.444445,2.0
resstock-amy2018-2021-release-1-82426,0.0,0.98035145,0.0,0.0,0.0,0.0,0.0,0.0,0.0,0.0,0.0,0.0,0.0,0.0,-1.1152127,0.0,-1.1152127,0.039381836,10.496129035949707,0.41335682823170217,1.1152127,0.0,0.0,-0.0,0.0,-0.0,0.0,0.0,0.9803515,0.4266303,7.023573,0.0,0.0,0.8427671,-0.27244556,-0.07287843,0.0,0.0,0.0,0.0,0.2674972,0.1383698,0.5945003,0.0,0.0,-0.27244556,1.3493811,1.3493811,0.8427671,-0.0,8.3,17.175549,19.444445,19.444445,2.0
resstock-amy2018-2021-release-1-82426,0.0,4.010069,2.1044822,0.0,2.4651291,2.2249882,1.2058624,0.0,0.0,0.0,0.0,0.0,0.0,0.0,1.2412825,1.2412825,0.0,0.15174474,10.496097564697266,1.592727577298831,-0.0,1.2412825,0.0,-0.0,0.0,-0.0,2.1070719,2.1070719,-0.0,0.7144178,7.023573,4.010069,0.0,0.9768171,6.9082165,1.8617505,4.1062655,1.2058624,0.16685493,0.25231254,0.269498,0.1383698,0.59440315,0.20923825,6.9082165,0.0,4.626416,4.626416,0.9768171,-0.0,10.0,18.058264,19.444445,19.444445,2.0
resstock-amy2018-2021-release-1-82426,0.0,1.0025172,0.37727374,0.0,5.8868117e-08,0.39887702,0.0,0.0,0.0,0.0,0.0,0.0,0.0,0.0,-1.116994,0.0,-1.116994,0.039381143,10.49606990814209,0.4133472269013261,1.116994,0.0,0.0,-0.0,0.0,-0.0,0.0,0.0,1.0025171,0.56356287,7.023573,1.1920929e-07,0.0,1.0219125,0.2888254,0.07783786,0.17446208,0.0,0.0,0.0,0.269498,0.1383698,0.60403997,0.0,0.2888254,0.0,1.900884,1.9158541,1.0219125,-0.014970048,10.0,17.074253,19.444445,19.444445,2.0
resstock-amy2018-2021-release-1-82426,0.0,1.0179915,0.0,0.0,5.709816e-08,0.0,0.0,0.0,0.0,0.0,0.0,0.0,0.0,0.0,1.2412826,1.2412826,0.0,0.15174405,10.496038436889648,1.5927114104197528,-0.0,1.2412826,0.0,-0.0,0.0,-0.0,0.0,0.0,1.0179914,0.41105348,7.023573,1.1920929e-07,0.0,0.682976,1.8131217,0.48995987,1.1164188,0.0,0.0,0.0,0.27023,0.1383698,0.615744,0.0,1.8131217,0.0,1.0594306,1.1705676,0.682976,-0.11113701,11.1,17.094421,19.356726,19.356726,2.0
resstock-amy2018-2021-release-1-82426,0.0,7.2411904,0.37727395,0.0,2.4651291,0.39887726,4.326339,0.0,0.0,0.0,0.0,0.0,0.0,0.0,1.2322718,1.2322718,0.0,0.26285055,10.496007919311523,2.7588814837560562,-0.0,1.2322718,0.0,-0.0,0.0,-0.0,2.1070719,2.1070719,-0.0,0.6989058,7.023573,5.311329,1.9298617,0.6735616,4.5911574,1.2373077,2.849533,4.326339,0.5986346,0.9052356,0.269498,0.1383698,0.6206568,0.20923826,4.5911574,0.0,2.3809376,2.5596201,0.6735616,-0.17868249,12.2,21.01854,19.269007,19.269007,2.0
resstock-amy2018-2021-release-1-82426,0.0,1.0438882,0.0,0.0,0.0,0.0,0.0,0.0,0.0,0.0,0.0,0.0,0.0,0.0,-1.2233618,0.0,-1.2233618,0.13942485,10.495977401733398,1.46340002840887,1.2233618,0.0,0.0,-0.0,0.0,-0.0,0.0,0.0,1.0438882,0.5420129,7.023573,0.0,0.0,0.32632127,-1.1998459,-0.31300694,0.0,0.0,0.0,0.0,0.2608726,0.1383698,0.61809623,0.0,0.0,-1.1998459,0.4995582,0.8023635,0.32632127,-0.3028053,12.8,19.061281,19.181286,19.181286,2.0
resstock-amy2018-2021-release-1-82426,0.0,2.1040165,0.0,0.0,0.0,0.0,0.0,0.0,0.0,0.0,0.0,0.0,0.0,0.0,-0.99512535,0.0,-0.99512535,0.039294228,10.495952606201172,0.4124303543415522,0.99512535,0.0,0.0,-0.0,0.0,-0.0,0.0,0.0,2.1040165,0.22939451,7.023573,0.0,0.0,0.32852033,-0.89957315,-0.23425424,0.0,0.0,0.0,0.0,0.260406,0.1383698,0.61398435,0.0,0.0,-0.89957315,1.040843,1.2738111,0.32852033,-0.23296814,13.3,19.744144,19.093567,19.093567,2.0
resstock-amy2018-2021-release-1-82426,0.0,2.1040165,0.0,0.0,0.24951647,0.0,0.0,0.0,0.0,0.0,0.0,0.0,0.0,0.0,0.0,0.0,0.0,0.03911524,10.495952606201172,0.4105516940394267,-0.0,0.0,0.0,-0.0,0.0,-0.0,0.0,0.0,1.5486459,0.0,7.023573,0.5553707,0.0,0.32852033,0.37182328,0.084019266,0.22207315,0.0,0.0,0.0,0.22596559,0.1383698,0.5972546,0.0,0.37182328,0.0,1.0675976,1.2738111,0.32852033,-0.2062135,13.3,19.66827,19.005848,19.005848,2.0
resstock-amy2018-2021-release-1-82426,0.0,2.1241608,0.37726364,0.0,0.93713844,0.39886636,0.0,0.0,0.0,0.0,0.0,0.0,0.0,0.0,0.0,0.0,0.0,0.038937062,10.495952606201172,0.40868155763985214,-0.0,0.0,0.0,-0.0,0.0,-0.0,0.0,0.0,-0.0,0.0,7.023573,2.1241608,0.0,0.32852033,1.551029,0.35293096,0.88435495,0.0,0.0,0.0,0.22754633,0.1383698,0.5701731,0.0,1.551029,0.0,1.551029,1.664525,0.32852033,-0.113496095,13.9,19.93484,18.918129,18.918129,2.0
resstock-amy2018-2021-release-1-82426,0.51579595,2.1630793,0.0,0.0,0.9221922,0.0,0.0,0.0,0.0,0.0,0.0,0.0,0.0,0.0,0.0,0.0,0.0,0.0387597,10.495952606201172,0.4068199842432989,-0.0,0.0,0.0,-0.0,0.0,-0.0,0.0,0.0,-0.0,0.0,7.023573,2.1630793,0.0,1.939644,2.671548,0.71407896,1.5026227,0.0,0.0,0.0,0.26729035,0.1383698,0.562454,0.0,2.671548,0.0,2.671548,2.8618362,1.939644,-0.1902882,15.0,20.671265,18.83041,18.83041,2.0
resstock-amy2018-2021-release-1-82426,0.22393875,1.0707605,0.0,0.0,0.46517232,0.0,0.0,0.0,0.0,0.0,0.0,0.0,0.0,0.0,0.0,0.0,0.0,0.038583145,10.495952606201172,0.40496685654835574,-0.0,0.0,0.0,-0.0,0.0,-0.0,0.0,0.0,-0.0,0.0,7.023573,1.0707605,0.0,0.7538526,1.1320634,0.32540506,0.64457035,0.0,0.0,0.0,0.2874442,0.1383698,0.5693765,0.0,1.1320634,0.0,1.1320634,1.2190249,0.7538526,-0.086961456,14.4,20.313265,18.74269,18.74269,2.0
resstock-amy2018-2021-release-1-82426,0.27855423,1.0520083,0.0,0.0,0.4726454,0.0,0.0,0.0,0.0,0.0,0.0,0.0,0.0,0.0,0.0,0.0,0.0,0.038407393,10.495952606201172,0.40312217455502264,-0.0,0.0,0.0,-0.0,0.0,-0.0,0.0,0.0,-0.0,0.0,7.023573,1.0520083,0.0,0.91722107,1.3866419,0.40670234,0.8150581,0.0,0.0,0.0,0.2933002,0.1383698,0.5877928,0.0,1.3866419,0.0,1.3866419,1.3898665,0.91722107,-0.003224615,13.3,20.06474,18.65497,18.65497,2.0
resstock-amy2018-2021-release-1-82426,0.4955748,1.0438882,0.0,0.0,0.47604227,0.0,0.0,0.0,0.0,0.0,0.0,0.0,0.0,0.0,0.0,0.0,0.0,0.038232442,10.495952606201172,0.4012858991628292,-0.0,0.0,0.0,-0.0,0.0,-0.0,0.0,0.0,-0.0,0.0,7.023573,1.0438882,0.0,1.7011329,2.177175,0.64241725,1.2951556,0.0,0.0,0.0,0.2950692,0.1383698,0.594879,0.0,2.177175,0.0,2.177175,2.177175,1.7011329,-0.0,12.8,20.13097,18.567251,18.567251,2.0
resstock-amy2018-2021-release-1-82426,0.502949,1.0344558,0.75454235,0.0,0.48011848,0.7977486,0.0,0.0,0.0,0.0,0.0,0.0,0.0,0.0,0.0,0.0,0.0,0.03805829,10.495952606201172,0.399457991271305,-0.0,0.0,0.0,-0.0,0.0,-0.0,0.0,0.0,-0.0,0.0,7.023573,1.0344558,0.0,1.7554393,3.0333064,0.89559036,1.7179831,0.0,0.0,0.0,0.2952522,0.1383698,0.5663731,0.0,3.0333064,0.0,3.0333064,3.0333064,1.7554393,-0.0,12.2,20.023104,18.479532,18.479532,2.0
resstock-amy2018-2021-release-1-82426,0.35534704,1.0344558,0.0,0.0,0.48011848,0.0,0.0,0.0,0.0,0.0,0.0,0.0,0.0,0.0,0.0,0.0,0.0,0.037884932,10.495952606201172,0.39763845088045,-0.0,0.0,0.0,-0.0,0.0,-0.0,0.0,0.0,-0.0,0.0,7.023573,1.0344558,0.0,1.5640583,2.0441768,0.5995575,1.1157292,0.0,0.0,0.0,0.2933002,0.1383698,0.54580855,0.0,2.0441768,0.0,2.0441768,2.0441768,1.5640583,-0.0,12.2,19.798964,18.391813,18.391813,2.0
resstock-amy2018-2021-release-1-82426,0.0919142,1.0492747,0.0,0.0,0.4737777,0.0,0.0,0.0,0.0,0.0,0.0,0.0,0.0,0.0,0.0,0.0,0.0,0.03771236,10.495952606201172,0.39582716068885304,-0.0,0.0,0.0,-0.0,0.0,-0.0,0.0,0.0,-0.0,0.0,7.023573,1.0492747,0.0,0.8087992,1.2825769,0.3702497,0.689483,0.0,0.0,0.0,0.2886764,0.1383698,0.5375763,0.0,1.2825769,0.0,1.2825769,1.2825769,0.8087992,-0.0,13.133333,19.50336,18.304094,18.304094,2.0
resstock-amy2018-2021-release-1-82426,0.0,1.0520083,0.0,0.0,0.4726454,0.0,0.0,0.0,0.0,0.0,0.0,0.0,0.0,0.0,0.0,0.0,0.0,0.037540577,10.495952606201172,0.39402412069651405,-0.0,0.0,0.0,-0.0,0.0,-0.0,0.0,0.0,-0.0,0.0,7.023573,1.0520083,0.0,0.33071935,0.80336475,0.21650518,0.42246842,0.0,0.0,0.0,0.269498,0.1383698,0.5258737,0.0,0.80336475,0.0,0.80336475,0.80336475,0.33071935,-0.0,13.3,19.071007,18.216373,18.216373,2.0
resstock-amy2018-2021-release-1-82426,0.0,3.1316645,0.0,0.0,1.4281268,0.0,0.0,0.0,0.0,0.0,0.0,0.0,0.0,0.0,0.0,0.0,0.0,0.03736958,10.495952606201172,0.39222933090343304,-0.0,0.0,0.0,-0.0,0.0,-0.0,0.0,0.0,-0.0,0.0,7.023573,3.1316645,0.0,0.3274208,1.7555476,0.40158153,0.89851606,0.0,0.0,0.0,0.22875,0.1383698,0.51181525,0.0,1.7555476,0.0,1.7555476,1.7555476,0.3274208,-0.0,12.8,20.204437,18.128654,18.128654,2.0
resstock-amy2018-2021-release-1-82426,0.0,3.1316645,0.0,0.0,1.4281268,0.0,0.0,0.0,0.0,0.0,0.0,0.0,0.0,0.0,0.0,0.0,0.0,0.03719936,10.495952606201172,0.3904427131086692,-0.0,0.0,0.0,-0.0,0.0,-0.0,0.0,0.0,-0.0,0.0,7.023573,3.1316645,0.0,0.32632127,1.754448,0.2758426,0.92157435,0.0,0.0,0.0,0.15722471,0.1383698,0.5252788,0.0,1.754448,0.0,1.754448,1.754448,0.32632127,-0.0,12.8,19.800201,18.040936,18.040936,2.0
resstock-amy2018-2021-release-1-82426,0.0,3.1221213,0.0,0.0,1.4322029,0.0,0.0,0.0,0.0,0.0,0.0,0.0,0.0,0.0,0.0,0.0,0.0,0.03702991,10.495952606201172,0.38866418911128164,-0.0,0.0,0.0,-0.0,0.0,-0.0,0.0,0.0,-0.0,0.0,7.023573,3.1221213,0.0,0.32522175,1.7574247,0.27651343,0.88850987,0.0,0.0,0.0,0.15734012,0.1383698,0.50557494,0.0,1.7574247,0.0,1.7574247,1.7574247,0.32522175,-0.0,12.6,19.575796,17.953217,17.953217,2.0
resstock-amy2018-2021-release-1-82426,0.0,3.1316645,0.0,0.0,1.4281268,0.0,0.0,0.0,0.0,0.0,0.0,0.0,0.0,0.0,0.0,0.0,0.0,0.036861233,10.495952606201172,0.3868937589112704,-0.0,0.0,0.0,-0.0,0.0,-0.0,0.0,0.0,-0.0,0.0,7.023573,3.1316645,0.0,0.32412225,1.752249,0.2569247,0.91088283,0.0,0.0,0.0,0.14662567,0.1383698,0.5198364,0.0,1.752249,0.0,1.752249,1.752249,0.32412225,-0.0,12.8,19.419823,17.865498,17.865498,2.0
resstock-amy2018-2021-release-1-82426,0.0,3.1364787,0.0,0.0,1.4260888,0.0,0.0,0.0,0.0,0.0,0.0,0.0,0.0,0.0,0.0,0.0,0.0,0.036693327,10.495952606201172,0.3851314225086355,-0.0,0.0,0.0,-0.0,0.0,-0.0,0.0,0.0,-0.0,0.0,7.023573,3.1364787,0.0,0.32302272,1.7491115,0.2616658,0.9544814,0.0,0.0,0.0,0.14959925,0.1383698,0.545695,0.0,1.7491115,0.0,1.7491115,1.7491115,0.32302272,-0.0,12.9,19.3093,17.777779,17.777779,2.0
resstock-amy2018-2021-release-1-82426,0.0,2.1298327,0.0,0.0,0.96838874,0.0,0.0,0.0,0.0,0.0,0.0,0.0,0.0,0.0,0.0,0.0,0.0,0.036526185,10.495952606201172,0.3833771017024361,-0.0,0.0,0.0,-0.0,0.0,-0.0,0.0,0.0,-0.0,0.0,7.023573,2.1298327,0.0,0.3219232,1.2903119,0.20654823,0.72939116,0.0,0.0,0.0,0.1600762,0.1383698,0.5652828,0.0,1.2903119,0.0,1.2903119,1.2903119,0.3219232,-0.0,12.9,18.817108,17.690058,17.690058,2.0
resstock-amy2018-2021-release-1-82426,0.0,1.0438882,0.0,0.0,0.47604227,0.0,0.0,0.0,0.0,0.0,0.0,0.0,0.0,0.0,0.0,0.0,0.0,0.036359806,10.495952606201172,0.3816307964926722,-0.0,0.0,0.0,-0.0,0.0,-0.0,0.0,0.0,-0.0,0.0,7.023573,1.0438882,0.0,0.4214919,0.89753413,0.17767243,0.51200855,0.0,0.0,0.0,0.19795619,0.1383698,0.5704614,0.0,0.89753413,0.0,0.89753413,0.89753413,0.4214919,-0.0,12.8,18.52276,17.602339,17.602339,2.0
resstock-amy2018-2021-release-1-82426,1.2811373,1.0454929,3.278398,0.0,0.47536293,3.4661243,0.0,0.0,0.0,0.0,0.0,0.0,0.0,0.0,0.0,0.0,0.0,0.036194187,10.495952606201172,0.3798924677788733,-0.0,0.0,0.0,-0.0,0.0,-0.0,0.0,0.0,-0.0,0.0,7.023573,1.0454929,0.0,0.59844637,4.5399337,1.2972401,2.6448603,0.0,0.0,0.0,0.2857399,0.1383698,0.5825769,0.0,4.5399337,0.0,4.5399337,4.5399337,0.59844637,-0.0,12.9,18.420229,17.51462,17.51462,2.0
resstock-amy2018-2021-release-1-82426,0.0,1.0391304,0.0,0.0,0.47808033,0.0,0.0,0.0,0.0,0.0,0.0,0.0,0.0,0.0,0.0,0.0,0.0,0.036029316,10.495952606201172,0.37816199825962826,-0.0,0.0,0.0,-0.0,0.0,-0.0,0.0,0.0,-0.0,0.0,7.023573,1.0391304,0.0,0.6515692,1.1296495,0.3512768,0.6636029,0.0,0.0,0.0,0.31096086,0.1383698,0.5874414,0.0,1.1296495,0.0,1.1296495,1.1296495,0.6515692,-0.0,12.5,18.174679,17.4269,17.4269,2.0
resstock-amy2018-2021-release-1-82426,0.0,1.0620804,0.0,0.0,0.46856922,0.0,0.0,0.0,0.0,0.0,0.0,0.0,0.0,0.0,0.0,0.0,0.0,0.0358652,10.495952606201172,0.37643942703540745,-0.0,0.0,0.0,-0.0,0.0,-0.0,0.0,0.0,-0.0,0.0,7.023573,1.0620804,0.0,0.67466664,1.1332843,0.35637894,0.6736872,0.0,0.0,0.0,0.3144656,0.1383698,0.5944556,0.0,1.1332843,0.0,1.1332843,1.1432359,0.67466664,-0.009951645,13.9,17.95916,17.339182,17.339182,2.0
resstock-amy2018-2021-release-1-82426,0.0,1.6208378,0.3774891,0.0,0.7150821,0.3991047,0.0,0.0,0.0,0.0,0.0,0.0,0.0,0.0,0.0,0.0,0.0,0.03570183,10.495952606201172,0.37472471500574045,-0.0,0.0,0.0,-0.0,0.0,-0.0,0.0,0.0,-0.0,0.0,7.023573,1.6208378,0.0,0.3274208,1.4135852,0.48124906,0.84647185,0.0,0.0,0.0,0.34044576,0.1383698,0.59881204,0.0,1.4135852,0.0,1.4135852,1.4416076,0.3274208,-0.028022433,13.9,17.896112,17.251463,17.251463,2.0
resstock-amy2018-2021-release-1-82426,0.0,1.0927361,1.5099267,0.0,0.4570199,1.5963875,0.0,0.0,0.0,0.0,0.0,0.0,0.0,0.0,0.0,0.0,0.0,0.035539202,10.495952606201172,0.37301778396968643,-0.0,0.0,0.0,-0.0,0.0,-0.0,0.0,0.0,-0.0,0.0,7.023573,1.0927361,0.0,0.32632127,2.2983997,0.7398738,1.3558215,0.0,0.0,0.0,0.32190827,0.1383698,0.58989805,0.0,2.2983997,0.0,2.2983997,2.3797288,0.32632127,-0.081329055,15.6,17.828445,17.222221,17.222221,2.0
resstock-amy2018-2021-release-1-82426,0.0,2.1630793,0.0,0.0,0.9221922,0.0,0.0,0.0,0.0,0.0,0.0,0.0,0.0,0.0,0.0,0.0,0.0,0.035377316,10.495952606201172,0.3713186339272454,-0.0,0.0,0.0,-0.0,0.0,-0.0,0.0,0.0,-0.0,0.0,7.023573,2.1630793,0.0,0.32632127,1.1321348,0.35788485,0.6252327,0.0,0.0,0.0,0.31611505,0.1383698,0.5522599,0.0,1.1321348,0.0,1.1321348,1.2485135,0.32632127,-0.116378665,15.0,18.451591,17.222221,17.222221,2.0
resstock-amy2018-2021-release-1-82426,0.0,2.1741683,0.0,0.0,0.91811603,0.0,0.0,0.0,0.0,0.0,0.0,0.0,0.0,0.0,0.0,0.0,0.0,0.035216168,10.495952606201172,0.36962722577794693,-0.0,0.0,0.0,-0.0,0.0,-0.0,0.0,0.0,-0.0,0.0,7.023573,2.1741683,0.0,0.32852033,1.1602308,0.34417108,0.5962808,0.0,0.0,0.0,0.2966402,0.1383698,0.51393294,0.0,1.1602308,0.0,1.1602308,1.2466364,0.32852033,-0.08640567,15.3,18.602488,17.222221,17.222221,2.0
resstock-amy2018-2021-release-1-82426,0.0,2.1854722,0.0,0.0,0.9140398,0.0,0.0,0.0,0.0,0.0,0.0,0.0,0.0,0.0,0.0,0.0,0.0,0.035055753,10.495952606201172,0.3679435204213206,-0.0,0.0,0.0,-0.0,0.0,-0.0,0.0,0.0,-0.0,0.0,7.023573,2.1854722,0.0,0.32852033,1.1767223,0.35611525,0.5715364,0.0,0.0,0.0,0.30263323,0.1383698,0.48570204,0.0,1.1767223,0.0,1.1767223,1.2425601,0.32852033,-0.0658378,15.6,18.859314,17.222221,17.222221,2.0
resstock-amy2018-2021-release-1-82426,0.0,2.2048063,0.0,0.0,0.90724605,0.0,0.0,0.0,0.0,0.0,0.0,0.0,0.0,0.0,0.0,0.0,0.0,0.03489607,10.495952606201172,0.366267478756896,-0.0,0.0,0.0,-0.0,0.0,-0.0,0.0,0.0,-0.0,0.0,7.023573,2.2048063,0.0,0.32852033,1.1499971,0.35440177,0.5447091,0.0,0.0,0.0,0.30817622,0.1383698,0.47366127,0.0,1.1499971,0.0,1.1499971,1.2357664,0.32852033,-0.08576927,16.1,19.227386,17.222221,17.222221,2.0
resstock-amy2018-2021-release-1-82426,0.0,2.1040165,0.0,0.0,0.9452908,0.0,0.0,0.0,0.0,0.0,0.0,0.0,0.0,0.0,0.0,0.0,0.0,0.034737114,10.495952606201172,0.36459910078467317,-0.0,0.0,0.0,-0.0,0.0,-0.0,0.0,0.0,-0.0,0.0,7.023573,2.1040165,0.0,0.3274208,1.2132018,0.3853926,0.5958715,0.0,0.0,0.0,0.31766573,0.1383698,0.49115616,0.0,1.2132018,0.0,1.2132018,1.2727116,0.3274208,-0.05950992,13.3,19.096752,18.333334,18.333334,2.0
resstock-amy2018-2021-release-1-82426,0.0,2.1241608,0.0,0.0,0.93713844,0.0,0.0,0.0,0.0,0.0,0.0,0.0,0.0,0.0,0.0,0.0,0.0,0.034578882,10.495952606201172,0.3629383083037112,-0.0,0.0,0.0,-0.0,0.0,-0.0,0.0,0.0,-0.0,0.0,7.023573,2.1241608,0.0,0.33071935,1.255207,0.41757146,0.6475241,0.0,0.0,0.0,0.3326714,0.1383698,0.5158704,0.0,1.255207,0.0,1.255207,1.2678578,0.33071935,-0.012650793,13.9,19.15551,18.333334,18.333334,2.0
resstock-amy2018-2021-release-1-82426,0.0,2.1241608,0.0,0.0,0.93713844,0.0,0.0,0.0,0.0,0.0,0.0,0.0,0.0,0.0,0.0,0.0,0.0,0.034421373,10.495952606201172,0.36128510131401015,-0.0,0.0,0.0,-0.0,0.0,-0.0,0.0,0.0,-0.0,0.0,7.023573,2.1241608,0.0,0.3651208,1.3022592,0.43606386,0.71542525,0.0,0.0,0.0,0.3348518,0.1383698,0.5493724,0.0,1.3022592,0.0,1.3022592,1.3022592,0.3651208,0.0,13.9,19.215424,18.333334,18.333334,2.0
resstock-amy2018-2021-release-1-82426,0.0,1.0449569,0.0,0.0,0.47558936,0.0,0.0,0.0,0.0,0.0,0.0,0.0,0.0,0.0,0.0,0.0,0.0,0.03426458,10.495952606201172,0.35963940161462915,-0.0,0.0,0.0,-0.0,0.0,-0.0,0.0,0.0,-0.0,0.0,7.023573,1.0449569,0.0,1.7011329,2.1767223,0.70700806,1.2358776,0.0,0.0,0.0,0.32480398,0.1383698,0.56777,0.0,2.1767223,0.0,2.1767223,2.1767223,1.7011329,-0.0,12.866667,18.993895,18.333334,18.333334,2.0
resstock-amy2018-2021-release-1-82426,0.0,1.0520083,0.0,0.0,0.4726454,0.0,0.0,0.0,0.0,0.0,0.0,0.0,0.0,0.0,0.0,0.0,0.0,0.0341085,10.495952606201172,0.3580012092055682,-0.0,0.0,0.0,-0.0,0.0,-0.0,0.0,0.0,-0.0,0.0,7.023573,1.0520083,0.0,1.7554393,2.2280846,0.7074714,1.2553859,0.0,0.0,0.0,0.31752446,0.1383698,0.5634373,0.0,2.2280846,0.0,2.2280846,2.2280846,1.7554393,-0.0,13.3,19.017986,18.333334,18.333334,2.0
resstock-amy2018-2021-release-1-82426,0.0,1.0520083,0.0,0.0,0.4726454,0.0,0.0,0.0,0.0,0.0,0.0,0.0,0.0,0.0,0.0,0.0,0.0,0.033953134,10.495952606201172,0.35637048498635693,-0.0,0.0,0.0,-0.0,0.0,-0.0,0.0,0.0,-0.0,0.0,7.023573,1.0520083,0.0,0.9490381,1.4216835,0.446953,0.8257424,0.0,0.0,0.0,0.3143829,0.1383698,0.58082014,0.0,1.4216835,0.0,1.4216835,1.4216835,0.9490381,-0.0,13.3,18.952183,18.333334,18.333334,2.0
resstock-amy2018-2021-release-1-82426,0.0,1.0438882,0.0,0.0,0.47604227,0.0,0.0,0.0,0.0,0.0,0.0,0.0,0.0,0.0,0.0,0.0,0.0,0.033798475,10.495952606201172,0.35474718985652487,-0.0,0.0,0.0,-0.0,0.0,-0.0,0.0,0.0,-0.0,0.0,7.023573,1.0438882,0.0,0.3329184,0.8089607,0.2525506,0.47888574,0.0,0.0,0.0,0.31219146,0.1383698,0.5919765,0.0,0.8089607,0.0,0.8089607,0.8089607,0.3329184,-0.0,12.8,18.717304,18.333334,18.333334,2.0
resstock-amy2018-2021-release-1-82426,0.31577018,3.1364787,3.5244343,0.0,2.4651291,3.726249,1.3144974,0.0,0.0,0.0,0.0,0.0,0.0,0.0,1.2417302,1.2417302,0.0,0.14622378,10.49592113494873,1.5347532995967867,-0.0,1.2417302,0.0,-0.0,0.0,-0.0,3.5117865,3.5117865,-0.0,0.48260626,7.023573,3.1364787,0.0,0.33071935,7.7638273,2.2078888,4.628722,1.3144974,0.18188673,0.27504313,0.2843815,0.1383698,0.59619075,0.20923825,7.7638273,0.0,4.925364,4.925364,0.33071935,-0.0,12.9,19.341963,18.333334,18.333334,2.0
resstock-amy2018-2021-release-1-82426,0.0,1.0344558,0.0,0.0,0.0,0.0,0.0,0.0,0.0,0.0,0.0,0.0,0.0,0.0,-1.0617727,0.0,-1.0617727,0.039402757,10.495894432067871,0.41356717612498173,1.0617727,0.0,0.0,-0.0,0.0,-0.0,0.0,0.0,1.0344559,0.32800522,7.023573,0.0,0.0,0.3274208,-0.7343519,-0.17858014,0.0,0.0,0.0,0.0,0.24318062,0.1383698,0.5971749,0.0,0.0,-0.7343519,0.80753934,0.80753934,0.3274208,-0.0,12.2,18.015059,19.444445,19.444445,2.0
resstock-amy2018-2021-release-1-82426,0.0,3.0539746,0.37769422,0.0,0.40214974,0.3993216,0.0,0.0,0.0,0.0,0.0,0.0,0.0,0.0,0.0,0.0,0.0,0.039223272,10.495894432067871,0.41168332590164525,-0.0,0.0,0.0,-0.0,0.0,-0.0,0.0,0.0,2.214368,0.0,7.023573,0.8396065,0.0,0.32632127,1.1277926,0.28196147,0.646407,0.0,0.0,0.0,0.2500118,0.1383698,0.57316124,0.0,1.1277926,0.0,2.1884174,2.1884174,0.32632127,-0.0,11.1,18.682425,18.36574,18.36574,2.0
resstock-amy2018-2021-release-1-82426,0.0,3.0075517,0.0,0.0,2.4651291,0.0,1.636893,0.0,0.0,0.0,0.0,0.0,0.0,0.0,1.2412952,1.2412952,0.0,0.15158795,10.49586296081543,1.5910463308507872,-0.0,1.2412952,0.0,-0.0,0.0,-0.0,3.5117865,3.5117865,-0.0,0.48260626,7.023573,3.0075517,0.0,0.32522175,4.0316463,0.9318545,2.3878915,1.636893,0.22649656,0.34250066,0.23113498,0.1383698,0.59228694,0.20923826,4.0316463,0.0,1.0561552,1.0561552,0.32522175,-0.0,10.0,18.098425,18.333334,18.333334,2.0
resstock-amy2018-2021-release-1-82426,0.0,3.0018427,0.0,0.0,0.0,0.0,0.0,0.0,0.0,0.0,0.0,0.0,0.0,0.0,1.2322843,1.2322843,0.0,0.2626962,10.495832443237305,2.7572153676293283,-0.0,1.2322843,0.0,-0.0,0.0,-0.0,0.0,0.0,3.0018427,0.037797652,7.023573,0.0,0.0,0.32412225,1.5564065,0.3685,0.9167658,0.0,0.0,0.0,0.23676333,0.1383698,0.5890272,0.0,1.5564065,0.0,1.8121693,1.8121693,0.32412225,-0.0,9.86,17.913078,18.333334,18.333334,2.0
resstock-amy2018-2021-release-1-82426,0.0,3.994903,0.0,0.0,2.4651291,0.0,2.7356598,0.0,0.0,0.0,0.0,0.0,0.0,0.0,1.2233742,1.2233742,0.0,0.372561,10.49580192565918,3.910326542443215,-0.0,1.2233742,0.0,-0.0,0.0,-0.0,3.5117865,3.5117865,-0.0,0.52024657,7.023573,3.994903,0.0,0.32302272,4.011526,0.89408493,2.3583837,2.7356598,0.3785327,0.5724046,0.22287901,0.1383698,0.58790183,0.20923823,4.011526,0.0,1.0406837,1.0406837,0.32302272,-0.0,9.72,18.139585,18.333334,18.333334,2.0
resstock-amy2018-2021-release-1-82426,0.0,0.9968515,0.0,0.0,2.977196e-08,0.0,0.0,0.0,0.0,0.0,0.0,0.0,0.0,0.0,-1.2145638,0.0,-1.2145638,0.2495911,10.495771408081055,2.6196511020778246,1.2145638,0.0,0.0,-0.0,0.0,-0.0,0.0,0.0,0.99685144,0.3710358,7.023573,5.9604645e-08,0.0,0.3219232,-0.8926406,-0.19913368,0.0,0.0,0.0,0.0,0.22308382,0.1383698,0.5875389,0.0,0.0,-0.8926406,0.81984115,0.81984115,0.3219232,-0.0,9.58,17.382118,18.333334,18.333334,2.0
resstock-amy2018-2021-release-1-82426,0.0,3.9799657,13.297252,0.0,2.4651291,14.058674,2.759672,0.0,0.0,0.0,0.0,0.0,0.0,0.0,1.2244252,1.2244252,0.0,0.35960263,10.49574089050293,3.774296029475977,-0.0,1.2244252,0.0,-0.0,0.0,-0.0,3.5117865,3.5117865,-0.0,0.8520973,7.023573,3.9799657,0.0,0.3219232,18.070152,4.635108,10.679452,2.759672,0.38185525,0.57742894,0.2565063,0.1383698,0.59099954,0.20923826,18.070152,0.0,15.084987,15.084987,0.3219232,-0.0,9.44,18.107336,18.333334,18.333334,2.0
resstock-amy2018-2021-release-1-82426,0.0,5.050681,0.0,0.0,0.0,0.0,0.0,0.0,0.0,0.0,0.0,0.0,0.0,0.0,-1.215603,0.0,-1.215603,0.23657897,10.495710372924805,2.4830643614890846,1.215603,0.0,0.0,-0.0,0.0,-0.0,0.0,0.0,5.050681,0.10352789,7.023573,0.0,0.0,0.59844637,-0.6171566,-0.17946208,0.0,0.0,0.0,0.0,0.29078853,0.1383698,0.5932808,0.0,0.0,-0.6171566,3.055087,3.055087,0.59844637,-0.0,10.55,18.519012,18.333334,18.333334,2.0
resstock-amy2018-2021-release-1-82426,0.0,2.0536866,0.0,0.0,0.6379272,0.0,0.0,0.0,0.0,0.0,0.0,0.0,0.0,0.0,-1.2254686,0.0,-1.2254686,0.11304392,10.49567985534668,1.186472785576342,1.2254686,0.0,0.0,-0.0,0.0,-0.0,0.0,0.0,0.69891834,0.0,7.023573,1.3547683,0.0,0.6515692,0.064027786,0.020838186,0.03769679,0.0,0.0,0.0,0.32545537,0.1383698,0.58875674,0.0,0.064027786,0.0,1.6185999,1.6185999,0.6515692,-0.0,11.7,17.821281,18.333334,18.333334,2.0
resstock-amy2018-2021-release-1-82426,0.0,2.0658314,0.0,0.0,0.96159565,0.0,0.0,0.0,0.0,0.0,0.0,0.0,0.0,0.0,-0.7309729,0.0,-0.7309729,0.03943309,10.495661735534668,0.4138763544477122,0.7309729,0.0,0.0,-0.0,0.0,-0.0,0.0,0.0,-0.0,0.0,7.023573,2.0658314,0.0,0.3274208,0.5164244,0.19617434,0.30539817,0.0,0.0,0.0,0.37987038,0.1383698,0.5913705,0.0,0.5164244,0.0,1.2473973,1.2890165,0.3274208,-0.041619185,12.1,17.780605,18.333334,18.333334,2.0
resstock-amy2018-2021-release-1-82426,0.0,4.2483215,0.0,0.0,1.8742769,0.0,0.0,0.0,0.0,0.0,0.0,0.0,0.0,0.0,0.0,0.0,0.0,0.039253466,10.495661735534668,0.41199109931248046,-0.0,0.0,0.0,-0.0,0.0,-0.0,0.0,0.0,-0.0,0.0,7.023573,4.2483215,0.0,0.3274208,2.111117,0.75936073,1.2653587,0.0,0.0,0.0,0.3596962,0.1383698,0.59937876,0.0,2.111117,0.0,2.111117,2.2016976,0.3274208,-0.09058071,13.9,18.864574,18.333334,18.333334,2.0
resstock-amy2018-2021-release-1-82426,0.0,2.0877764,0.0,0.0,0.95208454,0.0,0.0,0.0,0.0,0.0,0.0,0.0,0.0,0.0,0.0,0.0,0.0,0.039074663,10.495661735534668,0.41011444604235336,-0.0,0.0,0.0,-0.0,0.0,-0.0,0.0,0.0,-0.0,0.0,7.023573,2.0877764,0.0,0.6735616,1.5018395,0.5171422,0.9014157,0.0,0.0,0.0,0.34433916,0.1383698,0.60020775,0.0,1.5018395,0.0,1.5018395,1.6256461,0.6735616,-0.12380655,12.8,18.100685,18.333334,18.333334,2.0
resstock-amy2018-2021-release-1-82426,0.0,6.372482,0.0,0.0,2.4651291,0.0,3.0993037,0.0,0.0,0.0,0.0,0.0,0.0,0.0,1.2413071,1.2413071,0.0,0.15144101,10.495630264282227,1.5894688252706715,-0.0,1.2413071,0.0,-0.0,0.0,-0.0,2.1070719,2.1070719,-0.0,0.28956378,7.023573,5.5875745,0.7849075,0.32632127,3.8958185,1.2644645,2.355397,3.0993037,0.42885002,0.64849293,0.32456967,0.1383698,0.6045962,0.20923826,3.8958185,0.0,1.7249122,1.8618515,0.32632127,-0.1369393,13.9,21.048153,18.333334,18.333334,2.0
resstock-amy2018-2021-release-1-82426,0.0,1.0815396,0.0,0.0,0.0,0.0,0.0,0.0,0.0,0.0,0.0,0.0,0.0,0.0,-1.113956,0.0,-1.113956,0.039382335,10.49560260772705,0.41334133581029775,1.113956,0.0,0.0,-0.0,0.0,-0.0,0.0,0.0,1.0815396,0.12882118,7.023573,0.0,0.0,0.32852033,-0.9477234,-0.28989857,0.0,0.0,0.0,0.0,0.30588943,0.1383698,0.60980105,0.0,0.0,-0.9477234,0.62732863,0.78961635,0.32852033,-0.16228774,15.0,19.354317,18.333334,18.333334,2.0
resstock-amy2018-2021-release-1-82426,0.0,1.0620804,0.0,0.0,0.084886074,0.0,0.0,0.0,0.0,0.0,0.0,0.0,0.0,0.0,0.0,0.0,0.0,0.039202947,10.49560260772705,0.4114585545432341,-0.0,0.0,0.0,-0.0,0.0,-0.0,0.0,0.0,0.8696737,0.0,7.023573,0.19240665,0.0,0.32852033,0.20336033,0.060087528,0.12462451,0.0,0.0,0.0,0.2954732,0.1383698,0.61282605,0.0,0.20336033,0.0,0.58704346,0.7970895,0.32852033,-0.21004607,13.9,19.347578,18.333334,18.333334,2.0
resstock-amy2018-2021-release-1-82426,0.0,1.0707605,0.7553526,0.0,0.46517232,0.7986053,0.0,0.0,0.0,0.0,0.0,0.0,0.0,0.0,0.0,0.0,0.0,0.039024375,10.49560260772705,0.4095843359936495,-0.0,0.0,0.0,-0.0,0.0,-0.0,0.0,0.0,-0.0,0.0,7.023573,1.0707605,0.0,0.66051817,1.7377667,0.52338934,1.0598443,0.0,0.0,0.0,0.30118504,0.1383698,0.6098887,0.0,1.7377667,0.0,1.7377667,1.9242958,0.66051817,-0.18652907,14.4,19.567272,19.907408,19.907408,2.0
resstock-amy2018-2021-release-1-82426,0.0,1.0620804,0.0,0.0,0.46856922,0.0,0.0,0.0,0.0,0.0,0.0,0.0,0.0,0.0,0.0,0.0,0.0,0.038846616,10.49560260772705,0.40771864106237743,-0.0,0.0,0.0,-0.0,0.0,-0.0,0.0,0.0,-0.0,0.0,7.023573,1.0620804,0.0,0.68648255,0.9950199,0.3012321,0.6014851,0.0,0.0,0.0,0.30273977,0.1383698,0.6044955,0.0,0.9950199,0.0,0.9950199,1.1550517,0.68648255,-0.16003177,13.9,19.77597,20.0,20.0,2.0
resstock-amy2018-2021-release-1-82426,0.0,1.0520083,0.0,0.0,0.4726454,0.0,0.0,0.0,0.0,0.0,0.0,0.0,0.0,0.0,0.0,0.0,0.0,0.038669664,10.49560260772705,0.40586143065025126,-0.0,0.0,0.0,-0.0,0.0,-0.0,0.0,0.0,-0.0,0.0,7.023573,1.0520083,0.0,0.33071935,0.7282247,0.22755821,0.44123143,0.0,0.0,0.0,0.31248352,0.1383698,0.6059001,0.0,0.7282247,0.0,0.7282247,0.80336475,0.33071935,-0.07514005,13.3,19.890276,20.0,20.0,2.0
resstock-amy2018-2021-release-1-82426,0.0,1.0438882,0.0,0.0,0.47604227,0.0,0.0,0.0,0.0,0.0,0.0,0.0,0.0,0.0,0.0,0.0,0.0,0.03849352,10.49560260772705,0.404012704757271,-0.0,0.0,0.0,-0.0,0.0,-0.0,0.0,0.0,-0.0,0.0,7.023573,1.0438882,0.0,0.91722107,1.390875,0.4442637,0.8548398,0.0,0.0,0.0,0.3194131,0.1383698,0.6146058,0.0,1.390875,0.0,1.390875,1.3932633,0.91722107,-0.002388321,12.8,19.993927,20.0,20.0,2.0
resstock-amy2018-2021-release-1-82426,0.0,1.0268433,0.0,0.0,0.48351532,0.0,0.0,0.0,0.0,0.0,0.0,0.0,0.0,0.0,0.0,0.0,0.0,0.03831818,10.49560260772705,0.40217238518510356,-0.0,0.0,0.0,-0.0,0.0,-0.0,0.0,0.0,-0.0,0.0,7.023573,1.0268433,0.0,2.9542942,3.4378095,1.157852,2.092152,0.0,0.0,0.0,0.33679935,0.1383698,0.6085713,0.0,3.4378095,0.0,3.4378095,3.4378095,2.9542942,-0.0,11.7,20.005232,20.0,20.0,2.0
resstock-amy2018-2021-release-1-82426,0.0,1.0268433,0.0,0.0,0.48351532,0.0,0.0,0.0,0.0,0.0,0.0,0.0,0.0,0.0,0.0,0.0,0.0,0.03814364,10.49560260772705,0.4003404719337489,-0.0,0.0,0.0,-0.0,0.0,-0.0,0.0,0.0,-0.0,0.0,7.023573,1.0268433,0.0,1.7554393,2.2389545,0.7161795,1.3346274,0.0,0.0,0.0,0.3198723,0.1383698,0.596094,0.0,2.2389545,0.0,2.2389545,2.2389545,1.7554393,-0.0,11.7,20.008915,20.0,20.0,2.0
resstock-amy2018-2021-release-1-82426,0.0,1.0291041,1.1330864,0.0,0.48249626,1.1979688,0.0,0.0,0.0,0.0,0.0,0.0,0.0,0.0,0.0,0.0,0.0,0.03796989,10.49560260772705,0.39851688680487385,-0.0,0.0,0.0,-0.0,0.0,-0.0,0.0,0.0,-0.0,0.0,7.023573,1.0291041,0.0,1.5640583,3.2445235,0.97785753,1.8901563,0.0,0.0,0.0,0.3013871,0.1383698,0.5825682,0.0,3.2445235,0.0,3.2445235,3.2445235,1.5640583,-0.0,11.85,19.93562,20.0,20.0,2.0
resstock-amy2018-2021-release-1-82426,0.0,1.0268433,0.0,0.0,0.48351532,0.0,0.0,0.0,0.0,0.0,0.0,0.0,0.0,0.0,0.0,0.0,0.0,0.037796933,10.49560260772705,0.3967015906993119,-0.0,0.0,0.0,-0.0,0.0,-0.0,0.0,0.0,-0.0,0.0,7.023573,1.0268433,0.0,1.28468,1.7681954,0.5089445,1.0056522,0.0,0.0,0.0,0.28783274,0.1383698,0.56874496,0.0,1.7681954,0.0,1.7681954,1.7681954,1.28468,-0.0,11.7,19.63127,19.828703,19.828703,2.0
resstock-amy2018-2021-release-1-82426,0.0,1.0179915,0.3776941,0.0,0.48759153,0.39932147,0.0,0.0,0.0,0.0,0.0,0.0,0.0,0.0,0.0,0.0,0.0,0.037624765,10.49560260772705,0.394894583617063,-0.0,0.0,0.0,-0.0,0.0,-0.0,0.0,0.0,-0.0,0.0,7.023573,1.0179915,0.0,0.33071935,1.2176323,0.34089574,0.66073006,0.0,0.0,0.0,0.2799661,0.1383698,0.54263514,0.0,1.2176323,0.0,1.2176323,1.2176323,0.33071935,-0.0,11.1,18.973896,19.444445,19.444445,2.0
resstock-amy2018-2021-release-1-82426,0.0,3.0539746,0.0,0.0,2.4651291,0.0,1.5208076,0.0,0.0,0.0,0.0,0.0,0.0,0.0,1.2414234,1.2414234,0.0,0.15000731,10.49557113647461,1.5744123671663601,-0.0,1.2414234,0.0,-0.0,0.0,-0.0,3.5117865,3.5117865,-0.0,0.48260626,7.023573,3.0539746,0.0,0.3274208,4.033973,1.0787812,2.121917,1.5208076,0.21043384,0.31821114,0.267424,0.1383698,0.52601165,0.20923826,4.033973,0.0,1.1104951,1.1104951,0.3274208,-0.0,11.1,19.482876,19.444445,19.444445,2.0
resstock-amy2018-2021-release-1-82426,0.0,1.0179915,0.0,0.0,5.709816e-08,0.0,0.0,0.0,0.0,0.0,0.0,0.0,0.0,0.0,-1.0996156,0.0,-1.0996156,0.039387945,10.495543479919434,0.4133978902323143,1.0996156,0.0,0.0,-0.0,0.0,-0.0,0.0,0.0,1.0179914,0.3304339,7.023573,1.1920929e-07,0.0,0.32632127,-0.7732942,-0.1863433,0.0,0.0,0.0,0.0,0.24097335,0.1383698,0.5505145,0.0,0.0,-0.7732942,0.81391287,0.81391287,0.32632127,-0.0,11.1,18.13842,19.444445,19.444445,2.0
resstock-amy2018-2021-release-1-82426,0.0,3.0539746,0.0,0.0,2.4651291,0.0,1.5208076,0.0,0.0,0.0,0.0,0.0,0.0,0.0,1.241282,1.241282,0.0,0.15175079,10.495512008666992,1.592702218750702,-0.0,1.241282,0.0,-0.0,0.0,-0.0,3.5117865,3.5117865,-0.0,0.8116644,7.023573,3.0539746,0.0,0.32522175,4.031633,0.87043434,2.0916822,1.5208076,0.21043384,0.31821114,0.2159012,0.1383698,0.5188176,0.20923826,4.031633,0.0,1.1082964,1.1082964,0.32522175,-0.0,11.1,19.108093,19.444445,19.444445,2.0
resstock-amy2018-2021-release-1-82426,0.0,3.051802,0.0,0.0,0.0,0.0,0.0,0.0,0.0,0.0,0.0,0.0,0.0,0.0,-1.1170545,0.0,-1.1170545,0.039381124,10.495484352111816,0.41332397154210554,1.1170545,0.0,0.0,-0.0,0.0,-0.0,0.0,0.0,3.051802,0.35811636,7.023573,0.0,0.0,0.32412225,-0.7929322,-0.16057397,0.0,0.0,0.0,0.0,0.20250656,0.1383698,0.5207689,0.0,0.0,-0.7929322,1.787916,1.787916,0.32412225,-0.0,11.05,18.582333,19.444445,19.444445,2.0
resstock-amy2018-2021-release-1-82426,0.0,3.0531046,0.0,0.0,2.4651291,0.0,1.5229831,0.0,0.0,0.0,0.0,0.0,0.0,0.0,1.2412826,1.2412826,0.0,0.15174404,10.495452880859375,1.5926223993801614,-0.0,1.2412826,0.0,-0.0,0.0,-0.0,3.5117865,3.5117865,-0.0,0.8392316,7.023573,3.0531046,0.0,0.32302272,4.029434,0.80993557,2.1032572,1.5229831,0.21073486,0.31866634,0.20100479,0.1383698,0.5219733,0.20923826,4.029434,0.0,1.1051488,1.1051488,0.32302272,-0.0,11.08,18.481285,19.444445,19.444445,2.0
resstock-amy2018-2021-release-1-82426,0.0,1.014391,1.1192261,0.0,0.0,1.1833148,0.0,0.0,0.0,0.0,0.0,0.0,0.0,0.0,-1.116987,0.0,-1.116987,0.039381143,10.4954252243042,0.41332183851510607,1.116987,0.0,0.0,-0.0,0.0,-0.0,0.0,0.0,1.0143911,0.6861055,7.023573,0.0,0.0,0.35716534,0.42349315,0.0860786,0.22225867,0.0,0.0,0.0,0.20325854,0.1383698,0.52482235,0.0,0.42349315,0.0,2.0297701,2.0297701,0.35716534,-0.0,10.85,17.873566,19.444445,19.444445,2.0
resstock-amy2018-2021-release-1-82426,0.0,4.0604277,0.0,0.0,2.4651291,0.0,2.630326,0.0,0.0,0.0,0.0,0.0,0.0,0.0,1.2412826,1.2412826,0.0,0.15174405,10.495393753051758,1.5926135834814374,-0.0,1.2412826,0.0,-0.0,0.0,-0.0,2.3049061,2.3049061,-0.0,1.0,7.023573,4.0604277,0.0,0.4214919,4.1279035,0.95810413,2.2130413,2.630326,0.36395767,0.55036485,0.2321043,0.1383698,0.5361175,0.20923826,4.1279035,0.0,1.7764082,1.7764082,0.4214919,-0.0,10.9,18.702103,19.444445,19.444445,2.0
resstock-amy2018-2021-release-1-82426,0.0,1.0127279,1.4714723,0.0,5.7688144e-08,1.5557312,0.0,0.0,0.0,0.0,0.0,0.0,0.0,0.0,-1.1169871,0.0,-1.1169871,0.039381143,10.495366096496582,0.4133195099944764,1.1169871,0.0,0.0,-0.0,0.0,-0.0,0.0,0.0,1.0127277,0.8464499,7.023573,1.1920929e-07,0.0,0.8427671,1.2815113,0.358418,0.69095844,0.0,0.0,0.0,0.27968383,0.1383698,0.5391747,0.0,1.2815113,0.0,2.8885808,2.8885808,0.8427671,-0.0,10.733334,17.970984,19.444445,19.444445,2.0
resstock-amy2018-2021-release-1-82426,0.0,5.0542026,0.0,0.0,0.7491868,0.0,0.0,0.0,0.0,0.0,0.0,0.0,0.0,0.0,0.0,0.0,0.0,0.03920176,10.495366096496582,0.41143681025288714,-0.0,0.0,0.0,-0.0,0.0,-0.0,0.0,0.0,3.5117865,0.32490507,7.023573,1.5424161,0.0,0.32632127,1.0755081,0.32231188,0.5882661,0.0,0.0,0.0,0.29968336,0.1383698,0.5469657,0.0,1.0755081,0.0,2.781263,2.781263,0.32632127,-0.0,10.6,19.06594,19.444445,19.444445,2.0
resstock-amy2018-2021-release-1-82426,0.0,5.0899577,0.0,0.0,1.3873574,0.0,0.0,0.0,0.0,0.0,0.0,0.0,0.0,0.0,0.0,0.0,0.0,0.03902319,10.495366096496582,0.40956267303582194,-0.0,0.0,0.0,-0.0,0.0,-0.0,0.0,0.0,2.193439,0.0,7.023573,2.8965187,0.0,0.3274208,1.711512,0.5516741,0.9541601,0.0,0.0,0.0,0.32233146,0.1383698,0.5574954,0.0,1.711512,0.0,2.7621124,2.7653787,0.3274208,-0.0032662186,11.1,19.037825,19.444445,19.444445,2.0
resstock-amy2018-2021-release-1-82426,0.0,1.0268433,0.0,0.0,0.48351532,0.0,0.0,0.0,0.0,0.0,0.0,0.0,0.0,0.0,0.0,0.0,0.0,0.038845435,10.495366096496582,0.40769705924499533,-0.0,0.0,0.0,-0.0,0.0,-0.0,0.0,0.0,-0.0,0.0,7.023573,1.0268433,0.0,0.3274208,0.8007192,0.254296,0.47431162,0.0,0.0,0.0,0.3175845,0.1383698,0.592357,0.0,0.8007192,0.0,0.8007192,0.8109361,0.3274208,-0.0102169085,11.7,17.904041,19.444445,19.444445,2.0
resstock-amy2018-2021-release-1-82426,0.0,1.0407071,0.0,0.0,2.088354,0.0,0.0,0.0,0.0,0.0,0.0,0.0,0.0,0.0,1.2413255,1.2413255,0.0,0.15121433,10.49533462524414,1.587045008054588,-0.0,1.2413255,0.0,-0.0,0.0,-0.0,3.5117865,3.5117865,-0.0,0.48260626,7.023573,1.0407071,0.0,0.32632127,3.5930648,1.0550325,2.205777,0.0,0.0,0.0,0.29363024,0.1383698,0.61389846,0.0,3.5930648,0.0,0.7407861,0.8037225,0.32632127,-0.06293641,12.6,17.905806,19.444445,19.444445,2.0
resstock-amy2018-2021-release-1-82426,0.0,1.0520083,0.0,0.0,0.0,0.0,0.0,0.0,0.0,0.0,0.0,0.0,0.0,0.0,-1.1116886,0.0,-1.1116886,0.03938321,10.495306968688965,0.41333888090004933,1.1116886,0.0,0.0,-0.0,0.0,-0.0,0.0,0.0,1.0520084,0.32541606,7.023573,0.0,0.0,0.32632127,-0.8303445,-0.23424743,0.0,0.0,0.0,0.0,0.28210872,0.1383698,0.62648845,0.0,0.0,-0.8303445,0.7539895,0.79896665,0.32632127,-0.04497712,13.3,17.586735,19.444445,19.444445,2.0
resstock-amy2018-2021-release-1-82426,0.0,1.062508,0.0,0.0,0.0,0.0,0.0,0.0,0.0,0.0,0.0,0.0,0.0,0.0,0.0,0.0,0.0,0.039203815,10.495306968688965,0.4114560744708413,-0.0,0.0,0.0,-0.0,0.0,-0.0,0.0,0.0,1.062508,0.16733156,7.023573,0.0,0.0,0.32852033,0.2563877,0.067725375,0.16460921,0.0,0.0,0.0,0.2641522,0.1383698,0.6420324,0.0,0.2563877,0.0,0.72478706,0.7969197,0.32852033,-0.07213262,13.925,17.74347,19.444445,19.444445,2.0
resstock-amy2018-2021-release-1-82426,0.0,1.0476475,0.0,0.0,2.0648699,0.0,0.0,0.0,0.0,0.0,0.0,0.0,0.0,0.0,1.2412968,1.2412968,0.0,0.15156871,10.495275497436523,1.5907553766791125,-0.0,1.2412968,0.0,-0.0,0.0,-0.0,3.5117865,3.5117865,-0.0,0.64924115,7.023573,1.0476475,0.0,0.66235816,3.8842854,1.020232,2.5377522,0.0,0.0,0.0,0.26265627,0.1383698,0.6533382,0.0,3.8842854,0.0,1.0525758,1.1368152,0.66235816,-0.08423937,13.033334,17.917694,19.444445,19.444445,2.0
resstock-amy2018-2021-release-1-82426,0.0,4.1819715,0.0,0.0,0.3047186,0.0,0.0,0.0,0.0,0.0,0.0,0.0,0.0,0.0,-1.1152333,0.0,-1.1152333,0.039381824,10.495247840881348,0.4133220078588451,1.1152333,0.0,0.0,-0.0,0.0,-0.0,0.0,0.0,3.5117865,0.12851742,7.023573,0.6701851,0.0,0.32852033,-0.5374261,-0.14838089,0.0,0.0,0.0,0.0,0.27609542,0.1383698,0.65862495,0.0,0.0,-0.5374261,2.1745405,2.2299724,0.32852033,-0.05543175,12.9,19.91904,19.444445,19.444445,2.0
resstock-amy2018-2021-release-1-82426,0.0,1.0344558,0.0,0.0,0.07743149,0.0,0.0,0.0,0.0,0.0,0.0,0.0,0.0,0.0,0.0,0.0,0.0,0.039202437,10.495247840881348,0.41143929023256476,-0.0,0.0,0.0,-0.0,0.0,-0.0,0.0,0.0,0.8676231,0.0,7.023573,0.16683269,0.0,0.3274208,0.33682936,0.09560484,0.22157764,0.0,0.0,0.0,0.2838376,0.1383698,0.6578335,0.0,0.33682936,0.0,0.7395164,0.8075393,0.3274208,-0.06802292,12.2,18.770388,19.444445,19.444445,2.0
resstock-amy2018-2021-release-1-82426,0.0,1.0344558,0.0,0.0,0.48011848,0.0,0.0,0.0,0.0,0.0,0.0,0.0,0.0,0.0,0.0,0.0,0.0,0.039023865,10.495247840881348,0.409565135034331,-0.0,0.0,0.0,-0.0,0.0,-0.0,0.0,0.0,-0.0,0.0,7.023573,1.0344558,0.0,0.33071935,0.74284685,0.22495764,0.48568177,0.0,0.0,0.0,0.3028318,0.1383698,0.65381145,0.0,0.74284685,0.0,0.74284685,0.81083786,0.33071935,-0.06799104,12.2,18.488384,19.444445,19.444445,2.0
resstock-amy2018-2021-release-1-82426,0.0,1.0344558,0.0,0.0,0.48011848,0.0,0.0,0.0,0.0,0.0,0.0,0.0,0.0,0.0,0.0,0.0,0.0,0.038846105,10.495247840881348,0.4076995031662989,-0.0,0.0,0.0,-0.0,0.0,-0.0,0.0,0.0,-0.0,0.0,7.023573,1.0344558,0.0,1.3349416,1.8150601,0.5622887,1.1774994,0.0,0.0,0.0,0.30979067,0.1383698,0.6487385,0.0,1.8150601,0.0,1.8150601,1.8150601,1.3349416,0.0,12.2,18.318035,19.444445,19.444445,2.0
resstock-amy2018-2021-release-1-82426,0.047429387,1.0108405,1.8415962,0.0,0.49098837,1.947049,0.0,0.0,0.0,0.0,0.0,0.0,0.0,0.0,0.0,0.0,0.0,0.038669158,10.495247840881348,0.4058423946284684,-0.0,0.0,0.0,-0.0,0.0,-0.0,0.0,0.0,-0.0,0.0,7.023573,1.0108405,0.0,1.7011329,4.13917,1.2869784,2.6480944,0.0,0.0,0.0,0.31092668,0.1383698,0.63976455,0.0,4.13917,0.0,4.13917,4.13917,1.7011329,-0.0,10.6,18.302227,19.444445,19.444445,2.0
resstock-amy2018-2021-release-1-82426,0.0,1.0108405,0.0,0.0,0.49098837,0.0,0.0,0.0,0.0,0.0,0.0,0.0,0.0,0.0,0.0,0.0,0.0,0.038493015,10.495247840881348,0.4039937312251496,-0.0,0.0,0.0,-0.0,0.0,-0.0,0.0,0.0,-0.0,0.0,7.023573,1.0108405,0.0,1.0452783,1.5362667,0.46999866,0.9772498,0.0,0.0,0.0,0.3059356,0.1383698,0.6361199,0.0,1.5362667,0.0,1.5362667,1.5362667,1.0452783,-0.0,10.6,18.200241,19.444445,19.444445,2.0
resstock-amy2018-2021-release-1-82426,0.0,1.0179915,0.40701047,0.0,0.48759153,0.43031654,0.0,0.0,0.0,0.0,0.0,0.0,0.0,0.0,0.0,0.0,0.0,0.038317673,10.495247840881348,0.40215347385849753,-0.0,0.0,0.0,-0.0,0.0,-0.0,0.0,0.0,-0.0,0.0,7.023573,1.0179915,0.0,1.8526943,2.7706022,0.78104204,1.755548,0.0,0.0,0.0,0.28190336,0.1383698,0.6336341,0.0,2.7706022,0.0,2.7706022,2.7706022,1.8526943,-0.0,11.1,18.323143,19.444445,19.444445,2.0
resstock-amy2018-2021-release-1-82426,0.42707774,1.0179915,4.3654156,0.0,0.48759153,4.6153865,0.0,0.0,0.0,0.0,0.0,0.0,0.0,0.0,1.2413678,1.2413678,0.0,0.15069246,10.495216369628906,1.5815500036296726,-0.0,1.2413678,0.0,-0.0,0.0,-0.0,0.0,0.0,-0.0,0.0,7.023573,1.0179915,0.0,4.7314568,11.075803,3.0312192,7.076873,0.0,0.0,0.0,0.2736794,0.1383698,0.638949,0.0,11.075803,0.0,9.8344345,9.8344345,4.7314568,-0.0,11.1,18.173122,19.444445,19.444445,2.0
resstock-amy2018-2021-release-1-82426,0.0,4.071966,0.7557781,0.0,2.4651291,0.79905516,2.6117783,0.0,0.0,0.0,0.0,0.0,0.0,0.0,1.2323561,1.2323561,0.0,0.26181075,10.495185852050781,2.7477524768926287,-0.0,1.2323561,0.0,-0.0,0.0,-0.0,3.5117865,3.5117865,-0.0,0.48260626,7.023573,4.071966,0.0,4.6480813,9.144622,2.5005953,5.8862834,2.6117783,0.36139125,0.54648393,0.27344984,0.1383698,0.643688,0.20923826,9.144622,0.0,6.2302113,6.2302113,4.6480813,-0.0,11.1,19.406757,19.444445,19.444445,2.0
resstock-amy2018-2021-release-1-82426,0.0,1.0179915,0.0,0.0,5.709816e-08,0.0,0.0,0.0,0.0,0.0,0.0,0.0,0.0,0.0,-1.2234452,0.0,-1.2234452,0.13838074,10.495155334472656,1.4523273208003502,1.2234452,0.0,0.0,-0.0,0.0,-0.0,0.0,0.0,1.0179914,0.3304339,7.023573,1.1920929e-07,0.0,4.2500787,3.0266335,0.7888853,1.9707402,0.0,0.0,0.0,0.26064777,0.1383698,0.65113276,0.0,3.0266335,0.0,4.73767,4.73767,4.2500787,-0.0,11.1,17.831856,19.444445,19.444445,2.0
resstock-amy2018-2021-release-1-82426,0.0,4.071966,0.0,0.0,2.4651291,0.0,1.1063606,0.0,0.0,0.0,0.0,0.0,0.0,0.0,1.2333435,1.2333435,0.0,0.24963672,10.495124816894531,2.6199685834659476,-0.0,1.2333435,0.0,-0.0,0.0,-0.0,2.1070719,2.1070719,-0.0,0.6186219,7.023573,4.071966,0.0,4.248979,7.947452,2.2290854,4.897413,1.1063606,0.15308689,0.23149295,0.280478,0.1383698,0.6162243,0.20923826,7.947452,0.0,5.704876,5.704876,4.248979,-0.0,11.1,19.461266,19.444445,19.444445,2.0
resstock-amy2018-2021-release-1-82426,0.0,1.0108405,0.7561495,0.0,0.0,0.7994478,0.0,0.0,0.0,0.0,0.0,0.0,0.0,0.0,-1.2244215,0.0,-1.2244215,0.12615603,10.495094299316406,1.3240194531640554,1.2244215,0.0,0.0,-0.0,0.0,-0.0,0.0,0.0,1.0108405,0.46693802,7.023573,0.0,0.0,0.32522175,-0.09975195,-0.026649425,0.0,0.0,0.0,0.0,0.26715693,0.1383698,0.6598722,0.0,0.0,-0.09975195,1.6156579,1.6156579,0.32522175,-0.0,10.6,17.504837,19.444445,19.444445,2.0
resstock-amy2018-2021-release-1-82426,0.0,4.010069,0.0,0.0,2.4651291,0.0,2.71128,0.0,0.0,0.0,0.0,0.0,0.0,0.0,1.2343237,1.2343237,0.0,0.23754875,10.495063781738281,2.4930893205058737,-0.0,1.2343237,0.0,-0.0,0.0,-0.0,3.5117865,3.5117865,-0.0,0.9476002,7.023573,4.010069,0.0,0.32412225,4.023575,1.0383538,2.6918998,2.71128,0.3751593,0.56730354,0.2580675,0.1383698,0.66903186,0.20923826,4.023575,0.0,1.0550551,1.0550551,0.32412225,-0.0,10.0,19.125084,19.435184,19.435184,2.0
resstock-amy2018-2021-release-1-82426,0.0,0.9879463,0.0,0.0,9.0957116e-08,0.0,0.0,0.0,0.0,0.0,0.0,0.0,0.0,0.0,-1.2253908,0.0,-1.2253908,0.11401776,10.495033264160156,1.1966202074532362,1.2253908,0.0,0.0,-0.0,0.0,-0.0,0.0,0.0,0.9879461,0.79792374,7.023573,1.7881393e-07,0.0,0.32302272,-0.90236795,-0.22985649,0.0,0.0,0.0,0.0,0.2547259,0.1383698,0.6776155,0.0,0.0,-0.90236795,0.82556045,0.82556045,0.32302272,-0.0,8.9,17.231987,18.333334,18.333334,2.0
resstock-amy2018-2021-release-1-82426,0.0,3.8681142,0.0,0.0,0.0,0.0,0.0,0.0,0.0,0.0,0.0,0.0,0.0,0.0,-0.74072254,0.0,-0.74072254,0.03942795,10.495015144348145,0.41379694262765554,0.74072254,0.0,0.0,-0.0,0.0,-0.0,0.0,0.0,3.8681142,0.22401935,7.023573,0.0,0.0,0.3219232,-0.41879934,-0.109917685,0.0,0.0,0.0,0.0,0.26245907,0.1383698,0.6781244,0.0,0.0,-0.41879934,2.378271,2.378271,0.3219232,-0.0,7.2,18.31334,18.333334,18.333334,2.0
resstock-amy2018-2021-release-1-82426,0.0,3.8681142,0.0,0.0,1.2523556,0.0,0.0,0.0,0.0,0.0,0.0,0.0,0.0,0.0,0.0,0.0,0.0,0.039248355,10.495015144348145,0.411912077313481,-0.0,0.0,0.0,-0.0,0.0,-0.0,0.0,0.0,1.5123581,0.0,7.023573,2.3557563,0.0,0.3219232,1.5742788,0.42209956,1.0606428,0.0,0.0,0.0,0.2681225,0.1383698,0.6737325,0.0,1.5742788,0.0,2.378271,2.378271,0.3219232,-0.0,7.2,17.839478,18.333334,18.333334,2.0
resstock-amy2018-2021-release-1-82426,0.0,3.8968074,2.5791569,0.0,2.0400429,2.7268436,0.0,0.0,0.0,0.0,0.0,0.0,0.0,0.0,0.0,0.0,0.0,0.039069574,10.495015144348145,0.41003577423751025,-0.0,0.0,0.0,-0.0,0.0,-0.0,0.0,0.0,-0.0,0.0,7.023573,3.8968074,0.0,0.59844637,5.3653326,1.5897152,3.5720656,0.0,0.0,0.0,0.29629388,0.1383698,0.6657678,0.0,5.3653326,0.0,5.3653326,5.3653326,0.59844637,-0.0,7.8,17.873955,18.333334,18.333334,2.0
resstock-amy2018-2021-release-1-82426,0.0,4.806078,0.0,0.0,2.4651291,0.0,0.24343526,0.0,0.0,0.0,0.0,0.0,0.0,0.0,0.0,0.0,0.0,0.038891606,10.495015144348145,0.4081679943027652,-0.0,0.0,0.0,-0.0,0.0,-0.0,0.0,0.0,-0.0,0.0,7.023573,4.578927,0.22715095,0.74404174,3.2091708,1.0247473,2.10078,0.24343526,0.03368409,0.050935972,0.31931838,0.1383698,0.6546177,0.20923826,3.2091708,0.0,3.2091708,3.2091708,0.74404174,-0.0,6.7,17.896683,18.333334,18.333334,2.0
resstock-amy2018-2021-release-1-82426,0.0,4.46899,0.0,0.0,2.2430763,0.0,0.0,0.0,0.0,0.0,0.0,0.0,0.0,0.0,0.0,0.0,0.0,0.03871445,10.495015144348145,0.4063087375092458,-0.0,0.0,0.0,-0.0,0.0,-0.0,0.0,0.0,-0.0,0.0,7.023573,4.46899,0.0,0.3274208,2.490373,0.83778083,1.60069,0.0,0.0,0.0,0.33640778,0.1383698,0.64275116,0.0,2.490373,0.0,2.490373,2.570497,0.3274208,-0.08012421,9.4,18.021545,18.333334,18.333334,2.0
resstock-amy2018-2021-release-1-82426,0.0,2.0536866,0.0,0.0,0.96703064,0.0,0.0,0.0,0.0,0.0,0.0,0.0,0.0,0.0,0.0,0.0,0.0,0.038538102,10.495015144348145,0.404457964759974,-0.0,0.0,0.0,-0.0,0.0,-0.0,0.0,0.0,-0.0,0.0,7.023573,2.0536866,0.0,0.3274208,1.0705485,0.3789255,0.6834946,0.0,0.0,0.0,0.35395452,0.1383698,0.6384527,0.0,1.0705485,0.0,1.0705485,1.2944515,0.3274208,-0.22390297,11.7,17.185001,18.333334,18.333334,2.0
resstock-amy2018-2021-release-1-82426,0.0,2.0536866,0.7561483,0.0,0.96703064,0.7994465,0.0,0.0,0.0,0.0,0.0,0.0,0.0,0.0,0.0,0.0,0.0,0.038362555,10.495015144348145,0.40261559786099355,-0.0,0.0,0.0,-0.0,0.0,-0.0,0.0,0.0,-0.0,0.0,7.023573,2.0536866,0.0,0.32632127,1.7635489,0.5772531,1.1292374,0.0,0.0,0.0,0.3273247,0.1383698,0.640321,0.0,1.7635489,0.0,1.7635489,2.0927985,0.32632127,-0.3292496,11.7,17.469978,18.333334,18.333334,2.0
resstock-amy2018-2021-release-1-82426,0.0,2.0658314,0.75614876,0.0,0.96159565,0.79944706,0.0,0.0,0.0,0.0,0.0,0.0,0.0,0.0,0.0,0.0,0.0,0.03818781,10.495015144348145,0.4007816368123045,-0.0,0.0,0.0,-0.0,0.0,-0.0,0.0,0.0,-0.0,0.0,7.023573,2.0658314,0.0,0.32632127,1.7273486,0.5636824,1.0979245,0.0,0.0,0.0,0.3263281,0.1383698,0.63561255,0.0,1.7273486,0.0,1.7273486,2.087364,0.32632127,-0.36001545,12.1,18.055344,18.333334,18.333334,2.0
resstock-amy2018-2021-release-1-82426,0.0,2.0877764,0.0,0.0,0.95208454,0.0,0.0,0.0,0.0,0.0,0.0,0.0,0.0,0.0,0.0,0.0,0.0,0.03801386,10.495015144348145,0.39895604251692873,-0.0,0.0,0.0,-0.0,0.0,-0.0,0.0,0.0,-0.0,0.0,7.023573,2.0877764,0.0,0.32852033,1.1550747,0.33801475,0.7261828,0.0,0.0,0.0,0.29263455,0.1383698,0.62868905,0.0,1.1550747,0.0,1.1550747,1.2806048,0.32852033,-0.12553008,12.8,18.501724,18.333334,18.333334,2.0
resstock-amy2018-2021-release-1-82426,0.0,2.0536866,0.0,0.0,0.96703064,0.0,0.0,0.0,0.0,0.0,0.0,0.0,0.0,0.0,0.0,0.0,0.0,0.037840705,10.495015144348145,0.39713877587788815,-0.0,0.0,0.0,-0.0,0.0,-0.0,0.0,0.0,-0.0,0.0,7.023573,2.0536866,0.0,0.32852033,1.2355843,0.35623103,0.77294636,0.0,0.0,0.0,0.28830978,0.1383698,0.62557155,0.0,1.2355843,0.0,1.2355843,1.295551,0.32852033,-0.05996665,11.7,18.62259,18.333334,18.333334,2.0
resstock-amy2018-2021-release-1-82426,0.0,2.0689116,0.0,0.0,0.96023697,0.0,0.0,0.0,0.0,0.0,0.0,0.0,0.0,0.0,0.0,0.0,0.0,0.037668336,10.495015144348145,0.39532975870122655,-0.0,0.0,0.0,-0.0,0.0,-0.0,0.0,0.0,-0.0,0.0,7.023573,2.0689116,0.0,0.32852033,1.0010922,0.300369,0.62215835,0.0,0.0,0.0,0.3000413,0.1383698,0.6214796,0.0,1.0010922,0.0,1.0010922,1.2887573,0.32852033,-0.28766507,12.2,19.299023,18.333334,18.333334,2.0
resstock-amy2018-2021-release-1-82426,0.0,2.0689116,0.0,0.0,0.96023697,0.0,0.0,0.0,0.0,0.0,0.0,0.0,0.0,0.0,0.0,0.0,0.0,0.037496753,10.495015144348145,0.39352899098694394,-0.0,0.0,0.0,-0.0,0.0,-0.0,0.0,0.0,-0.0,0.0,7.023573,2.0689116,0.0,0.3274208,1.058185,0.32752123,0.64469725,0.0,0.0,0.0,0.30951226,0.1383698,0.60924816,0.0,1.058185,0.0,1.058185,1.2876577,0.3274208,-0.22947273,12.2,19.694939,18.333334,18.333334,2.0
resstock-amy2018-2021-release-1-82426,0.0,2.0536866,0.0,0.0,0.96703064,0.0,0.0,0.0,0.0,0.0,0.0,0.0,0.0,0.0,0.0,0.0,0.0,0.037325952,10.495015144348145,0.3917364336380622,-0.0,0.0,0.0,-0.0,0.0,-0.0,0.0,0.0,-0.0,0.0,7.023573,2.0536866,0.0,1.1769859,2.02963,0.66912854,1.210857,0.0,0.0,0.0,0.32968006,0.1383698,0.59659004,0.0,2.02963,0.0,2.02963,2.1440165,1.1769859,-0.11438646,11.7,20.15778,18.342592,18.342592,2.0
resstock-amy2018-2021-release-1-82426,0.0,2.021681,0.0,0.0,0.98197675,0.0,0.0,0.0,0.0,0.0,0.0,0.0,0.0,0.0,0.0,0.0,0.0,0.03715593,10.495015144348145,0.38995204755760327,-0.0,0.0,0.0,-0.0,0.0,-0.0,0.0,0.0,-0.0,0.0,7.023573,2.021681,0.0,1.4693214,2.4456782,0.8437155,1.4811682,0.0,0.0,0.0,0.3449822,0.1383698,0.60562676,0.0,2.4456782,0.0,2.4456782,2.4512982,1.4693214,-0.005619904,10.6,20.126755,20.555555,20.555555,2.0
resstock-amy2018-2021-release-1-82426,0.0,1.0025172,0.0,0.0,0.49506462,0.0,0.0,0.0,0.0,0.0,0.0,0.0,0.0,0.0,0.0,0.0,0.0,0.03698668,10.495015144348145,0.3881757545516109,-0.0,0.0,0.0,-0.0,0.0,-0.0,0.0,0.0,-0.0,0.0,7.023573,1.0025172,0.0,1.0192246,1.5142893,0.54979247,0.9053623,0.0,0.0,0.0,0.36306965,0.1383698,0.59787935,0.0,1.5142893,0.0,1.5142893,1.5142893,1.0192246,-0.0,10.0,19.698565,20.555555,20.555555,2.0
resstock-amy2018-2021-release-1-82426,0.0,0.99446255,0.1101003,0.0,0.49914086,0.11640482,0.0,0.0,0.0,0.0,0.0,0.0,0.0,0.0,0.0,0.0,0.0,0.0368182,10.495015144348145,0.38640755462008514,-0.0,0.0,0.0,-0.0,0.0,-0.0,0.0,0.0,-0.0,0.0,7.023573,0.99446255,0.0,1.2761872,1.8917328,0.67042136,1.0688666,0.0,0.0,0.0,0.3543954,0.1383698,0.56501985,0.0,1.8917328,0.0,1.8917328,1.8917328,1.2761872,-0.0,9.4,19.45567,20.555555,20.555555,2.0
resstock-amy2018-2021-release-1-82426,0.0,0.9879463,0.0,0.0,0.5025377,0.0,0.0,0.0,0.0,0.0,0.0,0.0,0.0,0.0,0.0,0.0,0.0,0.036650486,10.495015144348145,0.38464740866604785,-0.0,0.0,0.0,-0.0,0.0,-0.0,0.0,0.0,-0.0,0.0,7.023573,0.9879463,0.0,4.8716955,5.3742332,1.8021593,2.9321089,0.0,0.0,0.0,0.3353333,0.1383698,0.54558647,0.0,5.3742332,0.0,5.3742332,5.3742332,4.8716955,-0.0,8.9,19.142527,20.555555,20.555555,2.0
resstock-amy2018-2021-release-1-82426,0.0,3.9214058,0.0,0.0,2.4651291,0.0,1.3483914,0.0,0.0,0.0,0.0,0.0,0.0,0.0,1.2415015,1.2415015,0.0,0.14904392,10.494983673095703,1.5642134823733613,-0.0,1.2415015,0.0,-0.0,0.0,-0.0,2.1070719,2.1070719,-0.0,0.28956378,7.023573,3.9214058,0.0,4.7314568,8.438087,2.5725873,4.464526,1.3483914,0.18657665,0.28213507,0.304878,0.1383698,0.5290922,0.20923826,8.438087,0.0,6.1077194,6.1077194,4.7314568,-0.0,8.3,20.49561,20.555555,20.555555,2.0
resstock-amy2018-2021-release-1-82426,0.0,0.97420186,0.0,0.0,0.0,0.0,0.0,0.0,0.0,0.0,0.0,0.0,0.0,0.0,-1.0899795,0.0,-1.0899795,0.039391723,10.494956016540527,0.4134143953694469,1.0899795,0.0,0.0,-0.0,0.0,-0.0,0.0,0.0,0.97420186,0.14465447,7.023573,0.0,0.0,0.7254234,-0.36455613,-0.11104263,0.0,0.0,0.0,0.0,0.3045968,0.1383698,0.51683265,0.0,0.0,-0.36455613,1.235434,1.235434,0.7254234,-0.0,7.8,18.682026,20.268518,20.268518,2.0
resstock-amy2018-2021-release-1-82426,0.5690417,3.8681142,0.0,0.0,2.4651291,0.0,2.9394772,0.0,0.0,0.0,0.0,0.0,0.0,0.0,1.2412816,1.2412816,0.0,0.15175451,10.494924545288086,1.5926521673605691,-0.0,1.2412816,0.0,-0.0,0.0,-0.0,3.5117865,3.5117865,-0.0,0.62665844,7.023573,3.8681142,0.0,0.3274208,4.0338316,1.1945387,2.0647461,2.9394772,0.40673488,0.6150511,0.29613003,0.1383698,0.5118573,0.20923826,4.0338316,0.0,0.9256313,0.9256313,0.3274208,-0.0,7.2,19.914291,18.333334,18.333334,2.0
resstock-amy2018-2021-release-1-82426,0.0,0.96702856,0.37824658,0.0,0.0,0.3999056,0.0,0.0,0.0,0.0,0.0,0.0,0.0,0.0,-1.1170918,0.0,-1.1170918,0.0393811,10.49489688873291,0.41330060199466345,1.1170918,0.0,0.0,-0.0,0.0,-0.0,0.0,0.0,0.9670287,0.4814037,7.023573,0.0,0.0,0.32632127,-0.39086494,-0.11216589,0.0,0.0,0.0,0.0,0.2869684,0.1383698,0.5097426,0.0,0.0,-0.39086494,1.2403139,1.2403139,0.32632127,-0.0,7.2,17.883787,18.333334,18.333334,2.0
resstock-amy2018-2021-release-1-82426,0.0,3.8448625,0.0,0.0,2.4651291,0.0,2.9768553,0.0,0.0,0.0,0.0,0.0,0.0,0.0,1.2412826,1.2412826,0.0,0.15174401,10.494865417480469,1.5925329425435848,-0.0,1.2412826,0.0,-0.0,0.0,-0.0,3.5117865,3.5117865,-0.0,0.9620057,7.023573,3.8448625,0.0,0.32522175,4.0316334,1.1360426,2.0363586,2.9768553,0.41190687,0.622872,0.2817822,0.1383698,0.5050952,0.20923825,4.0316334,0.0,0.89973164,0.89973164,0.32522175,-0.0,6.7,19.245394,18.333334,18.333334,2.0
resstock-amy2018-2021-release-1-82426,0.0,0.95442957,0.0,0.0,1.3028684e-07,0.0,0.0,0.0,0.0,0.0,0.0,0.0,0.0,0.0,-1.1169866,0.0,-1.1169866,0.039381143,10.494837760925293,0.413298703535947,1.1169866,0.0,0.0,-0.0,0.0,-0.0,0.0,0.0,0.9544293,0.81721336,7.023573,2.3841858e-07,0.0,0.32412225,-0.79286426,-0.22028995,0.0,0.0,0.0,0.0,0.27784067,0.1383698,0.505337,0.0,0.0,-0.79286426,0.8456823,0.8456823,0.32412225,-0.0,6.1,17.185116,18.333334,18.333334,2.0
resstock-amy2018-2021-release-1-82426,0.0,3.8177183,0.0,0.0,0.0,0.0,0.0,0.0,0.0,0.0,0.0,0.0,0.0,0.0,0.0,0.0,0.0,0.03920176,10.494837760925293,0.411416098569255,-0.0,0.0,0.0,-0.0,0.0,-0.0,0.0,0.0,3.8177183,0.25066248,7.023573,0.0,0.0,0.32302272,0.32302272,0.08890233,0.16758439,0.0,0.0,0.0,0.27522007,0.1383698,0.5188006,0.0,0.32302272,0.0,2.4092631,2.4092631,0.32302272,-0.0,6.1,18.442612,18.333334,18.333334,2.0
resstock-amy2018-2021-release-1-82426,0.0,3.7699885,0.0,0.0,1.166269,0.0,0.0,0.0,0.0,0.0,0.0,0.0,0.0,0.0,0.0,0.0,0.0,0.03902319,10.494837760925293,0.4095420556960505,-0.0,0.0,0.0,-0.0,0.0,-0.0,0.0,0.0,1.6922262,0.0,7.023573,2.0777624,0.0,0.3219232,1.4881921,0.4113955,0.8050086,0.0,0.0,0.0,0.2764398,0.1383698,0.54093057,0.0,1.4881921,0.0,2.4380555,2.4380555,0.3219232,-0.0,5.0,17.642452,18.333334,18.333334,2.0
resstock-amy2018-2021-release-1-82426,0.0,3.7247188,0.0,0.0,2.1460247,0.0,0.0,0.0,0.0,0.0,0.0,0.0,0.0,0.0,0.0,0.0,0.0,0.038845435,10.494837760925293,0.4076765358200163,-0.0,0.0,0.0,-0.0,0.0,-0.0,0.0,0.0,-0.0,0.0,7.023573,3.7247188,0.0,0.3219232,2.467948,0.69595015,1.3561543,0.0,0.0,0.0,0.28199548,0.1383698,0.54950684,0.0,2.467948,0.0,2.467948,2.467948,0.3219232,-0.0,3.9,17.362501,18.333334,18.333334,2.0
resstock-amy2018-2021-release-1-82426,0.0,3.700996,0.0,0.0,2.1623294,0.0,0.0,0.0,0.0,0.0,0.0,0.0,0.0,0.0,0.0,0.0,0.0,0.038668487,10.494837760925293,0.405819499844835,-0.0,0.0,0.0,-0.0,0.0,-0.0,0.0,0.0,-0.0,0.0,7.023573,3.700996,0.0,0.3541256,2.516455,0.7821298,1.3914722,0.0,0.0,0.0,0.3108062,0.1383698,0.55294937,0.0,2.516455,0.0,2.516455,2.516455,0.3541256,-0.0,3.3,16.910742,18.333334,18.333334,2.0
resstock-amy2018-2021-release-1-82426,0.0,3.6817236,0.0,0.0,2.175917,0.0,0.0,0.0,0.0,0.0,0.0,0.0,0.0,0.0,0.0,0.0,0.0,0.038492348,10.494837760925293,0.4039709477705067,-0.0,0.0,0.0,-0.0,0.0,-0.0,0.0,0.0,-0.0,0.0,7.023573,3.6817236,0.0,0.32632127,2.5022383,0.8565125,1.4024533,0.0,0.0,0.0,0.34229854,0.1383698,0.5604795,0.0,2.5022383,0.0,2.5022383,2.5022383,0.32632127,-0.0,2.8,16.471937,18.333334,18.333334,2.0
resstock-amy2018-2021-release-1-82426,0.0,3.8681142,0.0,0.0,2.0563478,0.0,0.0,0.0,0.0,0.0,0.0,0.0,0.0,0.0,0.0,0.0,0.0,0.03831701,10.494837760925293,0.4021308014043967,-0.0,0.0,0.0,-0.0,0.0,-0.0,0.0,0.0,-0.0,0.0,7.023573,3.8681142,0.0,0.3274208,2.293992,0.85101247,1.300636,0.0,0.0,0.0,0.37097445,0.1383698,0.56697494,0.0,2.293992,0.0,2.293992,2.3837686,0.3274208,-0.08977642,7.2,16.920666,18.333334,18.333334,2.0
resstock-amy2018-2021-release-1-82426,0.0,0.99446255,0.0,0.0,0.49914086,0.0,0.0,0.0,0.0,0.0,0.0,0.0,0.0,0.0,0.0,0.0,0.0,0.038142473,10.494837760925293,0.4002990607465051,-0.0,0.0,0.0,-0.0,0.0,-0.0,0.0,0.0,-0.0,0.0,7.023573,0.99446255,0.0,0.3274208,0.5893706,0.21291733,0.34572378,0.0,0.0,0.0,0.3612622,0.1383698,0.5865983,0.0,0.5893706,0.0,0.5893706,0.8265617,0.3274208,-0.23719107,9.4,16.132204,18.333334,18.333334,2.0
resstock-amy2018-2021-release-1-82426,0.0,1.0108405,0.0,0.0,0.49098837,0.0,0.0,0.0,0.0,0.0,0.0,0.0,0.0,0.0,0.0,0.0,0.0,0.03796873,10.494837760925293,0.3984756476041973,-0.0,0.0,0.0,-0.0,0.0,-0.0,0.0,0.0,-0.0,0.0,7.023573,1.0108405,0.0,1.0208018,1.167364,0.38544586,0.70242494,0.0,0.0,0.0,0.33018482,0.1383698,0.60171884,0.0,1.167364,0.0,1.167364,1.5117902,1.0208018,-0.34442616,10.6,16.588457,18.333334,18.333334,2.0
resstock-amy2018-2021-release-1-82426,0.0,2.035983,0.0,0.0,0.97518307,0.0,0.0,0.0,0.0,0.0,0.0,0.0,0.0,0.0,0.0,0.0,0.0,0.037795775,10.494837760925293,0.39666052288115594,-0.0,0.0,0.0,-0.0,0.0,-0.0,0.0,0.0,-0.0,0.0,7.023573,2.035983,0.0,1.006641,1.5713668,0.50589335,0.9681012,0.0,0.0,0.0,0.32194477,0.1383698,0.6160886,0.0,1.5713668,0.0,1.5713668,1.9818242,1.006641,-0.4104574,11.1,17.771008,18.027779,18.027779,2.0
resstock-amy2018-2021-release-1-82426,0.0,2.0536866,0.0,0.0,0.96703064,0.0,0.0,0.0,0.0,0.0,0.0,0.0,0.0,0.0,0.0,0.0,0.0,0.03762361,10.494837760925293,0.39485368657738107,-0.0,0.0,0.0,-0.0,0.0,-0.0,0.0,0.0,-0.0,0.0,7.023573,2.0536866,0.0,1.0010896,1.5307488,0.47038093,0.94575375,0.0,0.0,0.0,0.3072881,0.1383698,0.6178373,0.0,1.5307488,0.0,1.5307488,1.9681202,1.0010896,-0.43737137,11.7,18.668396,18.88889,18.88889,2.0
resstock-amy2018-2021-release-1-82426,0.0,2.0877764,0.0,0.0,0.95208454,0.0,0.0,0.0,0.0,0.0,0.0,0.0,0.0,0.0,0.0,0.0,0.0,0.03745223,10.494837760925293,0.3930550605002381,-0.0,0.0,0.0,-0.0,0.0,-0.0,0.0,0.0,-0.0,0.0,7.023573,2.0877764,0.0,0.996196,1.5335672,0.46370164,0.92737895,0.0,0.0,0.0,0.302368,0.1383698,0.6047201,0.0,1.5335672,0.0,1.5335672,1.9482806,0.996196,-0.41471332,12.8,19.78284,18.88889,18.88889,2.0
resstock-amy2018-2021-release-1-82426,0.27903047,2.0689116,0.0,0.0,0.96023697,0.0,0.0,0.0,0.0,0.0,0.0,0.0,0.0,0.0,0.0,0.0,0.0,0.03728163,10.494837760925293,0.391264644649727,-0.0,0.0,0.0,-0.0,0.0,-0.0,0.0,0.0,-0.0,0.0,7.023573,2.0689116,0.0,0.99251604,1.5802046,0.4873167,0.92448485,0.0,0.0,0.0,0.30838835,0.1383698,0.5850412,0.0,1.5802046,0.0,1.5802046,1.9527531,0.99251604,-0.37254843,12.2,20.62953,18.88889,18.88889,2.0
resstock-amy2018-2021-release-1-82426,0.7656735,2.0877764,1.1347461,0.0,0.95208454,1.1997235,0.0,0.0,0.0,0.0,0.0,0.0,0.0,0.0,0.0,0.0,0.0,0.037111808,10.494837760925293,0.3894823999295305,-0.0,0.0,0.0,-0.0,0.0,-0.0,0.0,0.0,-0.0,0.0,7.023573,2.0877764,0.0,1.0455443,2.9122283,0.9309732,1.6704035,0.0,0.0,0.0,0.31967726,0.1383698,0.5735826,0.0,2.9122283,0.0,2.9122283,3.1973522,1.0455443,-0.28512388,12.8,21.51798,18.88889,18.88889,2.0
resstock-amy2018-2021-release-1-82426,0.62504965,1.0344558,0.37824783,0.0,0.48011848,0.3999069,0.0,0.0,0.0,0.0,0.0,0.0,0.0,0.0,0.0,0.0,0.0,0.03694276,10.494837760925293,0.3877082872433313,-0.0,0.0,0.0,-0.0,0.0,-0.0,0.0,0.0,-0.0,0.0,7.023573,1.0344558,0.0,1.1769859,1.9522161,0.64673156,1.1010982,0.0,0.0,0.0,0.3312807,0.1383698,0.56402475,0.0,1.9522161,0.0,1.9522161,2.0570111,1.1769859,-0.10479506,12.2,21.29596,18.88889,18.88889,2.0
resstock-amy2018-2021-release-1-82426,0.92428046,1.0179915,0.75649506,0.0,0.48759153,0.79981315,0.0,0.0,0.0,0.0,0.0,0.0,0.0,0.0,0.0,0.0,0.0,0.036774483,10.494837760925293,0.3859422283984948,-0.0,0.0,0.0,-0.0,0.0,-0.0,0.0,0.0,-0.0,0.0,7.023573,1.0179915,0.0,0.91722107,2.1978612,0.75889474,1.238958,0.0,0.0,0.0,0.34528783,0.1383698,0.56371075,0.0,2.1978612,0.0,2.1978612,2.2046256,0.91722107,-0.0067643966,11.1,20.893497,18.333334,18.333334,2.0
resstock-amy2018-2021-release-1-82426,0.5456736,1.0025172,0.7564938,0.0,0.49506462,0.79981184,0.0,0.0,0.0,0.0,0.0,0.0,0.0,0.0,0.0,0.0,0.0,0.03660697,10.494837760925293,0.384184223395021,-0.0,0.0,0.0,-0.0,0.0,-0.0,0.0,0.0,-0.0,0.0,7.023573,1.0025172,0.0,1.0192246,2.3141012,0.79030615,1.3182329,0.0,0.0,0.0,0.34151754,0.1383698,0.5696522,0.0,2.3141012,0.0,2.3141012,2.3141012,1.0192246,-0.0,10.0,20.570765,18.333334,18.333334,2.0
resstock-amy2018-2021-release-1-82426,0.0,0.9879463,0.0,0.0,0.5025377,0.0,0.0,0.0,0.0,0.0,0.0,0.0,0.0,0.0,0.0,0.0,0.0,0.036440223,10.494837760925293,0.38243423313659264,-0.0,0.0,0.0,-0.0,0.0,-0.0,0.0,0.0,-0.0,0.0,7.023573,0.9879463,0.0,1.0452783,1.547816,0.51789194,0.84051794,0.0,0.0,0.0,0.33459526,0.1383698,0.5430348,0.0,1.547816,0.0,1.547816,1.547816,1.0452783,-0.0,8.9,20.127048,18.88889,18.88889,2.0
resstock-amy2018-2021-release-1-82426,0.0,0.9879463,0.75649124,0.0,0.5025377,0.79980916,0.0,0.0,0.0,0.0,0.0,0.0,0.0,0.0,0.0,0.0,0.0,0.036274236,10.494837760925293,0.3806922185268924,-0.0,0.0,0.0,-0.0,0.0,-0.0,0.0,0.0,-0.0,0.0,7.023573,0.9879463,0.0,0.9490381,2.251385,0.7368184,1.1980523,0.0,0.0,0.0,0.32727337,0.1383698,0.53214014,0.0,2.251385,0.0,2.251385,2.251385,0.9490381,-0.0,8.9,19.661589,18.333334,18.333334,2.0
resstock-amy2018-2021-release-1-82426,0.0,0.9879463,0.0,0.0,0.5025377,0.0,0.0,0.0,0.0,0.0,0.0,0.0,0.0,0.0,0.0,0.0,0.0,0.036109,10.494837760925293,0.37895810137328567,-0.0,0.0,0.0,-0.0,0.0,-0.0,0.0,0.0,-0.0,0.0,7.023573,0.9879463,0.0,1.28468,1.7872177,0.55275464,0.9651665,0.0,0.0,0.0,0.3092822,0.1383698,0.5400386,0.0,1.7872177,0.0,1.7872177,1.7872177,1.28468,-0.0,8.9,19.194044,20.0,20.0,2.0
resstock-amy2018-2021-release-1-82426,0.0,3.7957053,0.0,0.0,2.4651291,0.0,1.5504589,0.0,0.0,0.0,0.0,0.0,0.0,0.0,1.241545,1.241545,0.0,0.14850849,10.494806289672852,1.558567825811565,-0.0,1.241545,0.0,-0.0,0.0,-0.0,2.1070719,2.1070719,-0.0,0.28956378,7.023573,3.7957053,0.0,0.7254234,4.4320974,1.3590354,2.373796,1.5504589,0.21453668,0.32441533,0.3066348,0.1383698,0.535592,0.20923826,4.4320974,0.0,2.0248961,2.0248961,0.7254234,-0.0,5.6,20.23841,20.0,20.0,2.0
resstock-amy2018-2021-release-1-82426,0.0,0.95442957,0.0,0.0,0.0,0.0,0.0,0.0,0.0,0.0,0.0,0.0,0.0,0.0,-1.084624,0.0,-1.084624,0.03939382,10.494779586791992,0.4134294566023726,1.084624,0.0,0.0,-0.0,0.0,-0.0,0.0,0.0,0.95442957,0.14757107,7.023573,0.0,0.0,0.5015987,-0.58302534,-0.17603739,0.0,0.0,0.0,0.0,0.3019378,0.1383698,0.53587085,0.0,0.0,-0.58302534,1.0231588,1.0231588,0.5015987,-0.0,6.1,18.419683,20.0,20.0,2.0
resstock-amy2018-2021-release-1-82426,0.0,3.7450035,0.0,0.0,2.4651291,0.0,1.631964,0.0,0.0,0.0,0.0,0.0,0.0,0.0,1.2412815,1.2412815,0.0,0.15175658,10.49474811553955,1.5926471307166707,-0.0,1.2412815,0.0,-0.0,0.0,-0.0,2.1070719,2.1070719,-0.0,0.43652043,7.023573,3.7450035,0.0,0.41776282,4.124173,1.1780226,2.2258687,1.631964,0.22581452,0.3414693,0.2856385,0.1383698,0.5397127,0.20923825,4.124173,0.0,1.6831069,1.6831069,0.41776282,-0.0,4.4,19.412441,18.51389,18.51389,2.0
resstock-amy2018-2021-release-1-82426,0.0,0.93625087,0.0,0.0,0.0,0.0,0.0,0.0,0.0,0.0,0.0,0.0,0.0,0.0,-1.1171124,0.0,-1.1171124,0.039381094,10.494720458984375,0.413293575805028,1.1171124,0.0,0.0,-0.0,0.0,-0.0,0.0,0.0,0.93625087,0.29659742,7.023573,0.0,0.0,0.37689534,-0.7402171,-0.18656413,0.0,0.0,0.0,0.0,0.25203976,0.1383698,0.5235095,0.0,0.0,-0.7402171,0.9100046,0.9100046,0.37689534,-0.0,4.4,17.350779,18.333334,18.333334,2.0
resstock-amy2018-2021-release-1-82426,0.0,3.7247188,0.0,0.0,2.4651291,0.0,3.1699898,0.0,0.0,0.0,0.0,0.0,0.0,0.0,1.2412826,1.2412826,0.0,0.15174401,10.494688987731934,1.5925061703864003,-0.0,1.2412826,0.0,-0.0,0.0,-0.0,3.5117865,3.5117865,-0.0,0.7779688,7.023573,3.7247188,0.0,0.32412225,4.030534,0.95768267,2.0205467,3.1699898,0.43863085,0.66328317,0.23760691,0.1383698,0.50130993,0.20923826,4.030534,0.0,0.7659092,0.7659092,0.32412225,-0.0,3.9,18.451857,18.333334,18.333334,2.0
resstock-amy2018-2021-release-1-82426,0.0,0.925249,0.0,0.0,0.0,0.0,0.0,0.0,0.0,0.0,0.0,0.0,0.0,0.0,-1.1169866,0.0,-1.1169866,0.039381143,10.494661331176758,0.4132917555308424,1.1169866,0.0,0.0,-0.0,0.0,-0.0,0.0,0.0,0.9252491,0.6382471,7.023573,0.0,0.0,0.32302272,-0.7939639,-0.17746046,0.0,0.0,0.0,0.0,0.22351201,0.1383698,0.49042797,0.0,0.0,-0.7939639,0.86360526,0.86360526,0.32302272,-0.0,3.3,16.547363,18.333334,18.333334,2.0
resstock-amy2018-2021-release-1-82426,0.0,3.700996,0.0,0.0,2.4651291,0.0,3.2081249,0.0,0.0,0.0,0.0,0.0,0.0,0.0,1.2412826,1.2412826,0.0,0.15174405,10.494629859924316,1.592497667242398,-0.0,1.2412826,0.0,-0.0,0.0,-0.0,2.6517084,2.6517084,-0.0,1.0,7.023573,3.700996,0.0,0.3219232,4.028335,0.88593084,1.9945767,3.2081249,0.4439076,0.6712624,0.21992481,0.1383698,0.49513674,0.20923823,4.028335,0.0,1.2377758,1.2377758,0.3219232,-0.0,3.3,17.30145,18.333334,18.333334,2.0
resstock-amy2018-2021-release-1-82426,0.0,0.93625087,0.0,0.0,0.0,0.0,0.0,0.0,0.0,0.0,0.0,0.0,0.0,0.0,-1.1169871,0.0,-1.1169871,0.039381143,10.49460220336914,0.41328942701021276,1.1169871,0.0,0.0,-0.0,0.0,-0.0,0.0,0.0,0.93625087,0.8577309,7.023573,0.0,0.0,0.3219232,-0.7950639,-0.16546829,0.0,0.0,0.0,0.0,0.20811948,0.1383698,0.50397414,0.0,0.0,-0.7950639,0.8550325,0.8550325,0.3219232,-0.0,4.4,15.990326,18.333334,18.333334,2.0
resstock-amy2018-2021-release-1-82426,0.0,3.700996,0.0,0.0,2.4651291,0.0,3.2081249,0.0,0.0,0.0,0.0,0.0,0.0,0.0,1.2412826,1.2412826,0.0,0.15174405,10.4945707321167,1.592488694949239,-0.0,1.2412826,0.0,-0.0,0.0,-0.0,1.061237,1.061237,-0.0,1.0,7.023573,3.700996,0.0,0.3541256,4.0605373,0.99058664,2.1446774,3.2081249,0.4439076,0.6712624,0.24395457,0.1383698,0.5281758,0.20923823,4.0605373,0.0,2.1992207,2.1992207,0.3541256,-0.0,3.3,16.380856,18.333334,18.333334,2.0
resstock-amy2018-2021-release-1-82426,0.0,0.925249,0.0,0.0,0.0,0.0,0.0,0.0,0.0,0.0,0.0,0.0,0.0,0.0,-1.1169871,0.0,-1.1169871,0.039381143,10.494543075561523,0.4132870984895831,1.1169871,0.0,0.0,-0.0,0.0,-0.0,0.0,0.0,0.9252491,0.85935384,7.023573,0.0,0.0,0.32632127,-0.79066586,-0.21373019,0.0,0.0,0.0,0.0,0.2703167,0.1383698,0.56755674,0.0,0.0,-0.79066586,0.8669038,0.8669038,0.32632127,-0.0,3.3,15.323542,18.333334,18.333334,2.0
resstock-amy2018-2021-release-1-82426,0.0,3.8681142,0.0,0.0,0.0,0.0,0.0,0.0,0.0,0.0,0.0,0.0,0.0,0.0,0.0,0.0,0.0,0.03920176,10.494543075561523,0.41140454638470203,-0.0,0.0,0.0,-0.0,0.0,-0.0,0.0,0.0,3.8681142,0.28519365,7.023573,0.0,0.0,2.275074,2.1961212,0.6237512,1.2917311,0.0,0.0,0.0,0.28402403,0.1383698,0.5881875,0.0,2.1961212,0.0,4.252469,4.331422,2.275074,-0.078952804,7.2,16.680882,18.333334,18.333334,2.0
resstock-amy2018-2021-release-1-82426,0.0,0.9879463,0.0,0.0,0.0,0.0,0.0,0.0,0.0,0.0,0.0,0.0,0.0,0.0,0.0,0.0,0.0,0.03902319,10.494543075561523,0.4095305561328928,-0.0,0.0,0.0,-0.0,0.0,-0.0,0.0,0.0,0.98794633,0.13827513,7.023573,0.0,0.0,1.0385313,0.86215895,0.2514,0.5198876,0.0,0.0,0.0,0.29159355,0.1383698,0.6030067,0.0,0.86215895,0.0,1.3646967,1.541069,1.0385313,-0.17637233,8.9,15.69851,18.333334,18.333334,2.0
resstock-amy2018-2021-release-1-82426,0.0,1.0025172,0.0,0.0,0.034083433,0.0,0.0,0.0,0.0,0.0,0.0,0.0,0.0,0.0,0.0,0.0,0.0,0.038845435,10.494543075561523,0.4076650886389359,-0.0,0.0,0.0,-0.0,0.0,-0.0,0.0,0.0,0.9334975,0.0,7.023573,0.069019735,0.0,1.0208018,0.83340514,0.24297538,0.5095493,0.0,0.0,0.0,0.29154533,0.1383698,0.6114065,0.0,0.83340514,0.0,1.2943864,1.5158665,1.0208018,-0.22148013,10.0,16.080437,18.333334,18.333334,2.0
resstock-amy2018-2021-release-1-82426,0.0,2.0536866,0.21038112,0.0,0.96703064,0.22242787,0.0,0.0,0.0,0.0,0.0,0.0,0.0,0.0,0.0,0.0,0.0,0.038668487,10.494543075561523,0.40580810480761187,-0.0,0.0,0.0,-0.0,0.0,-0.0,0.0,0.0,-0.0,0.0,7.023573,2.0536866,0.0,1.295277,2.2719755,0.6193058,1.4127913,0.0,0.0,0.0,0.2725847,0.1383698,0.62183386,0.0,2.2719755,0.0,2.2719755,2.4847355,1.295277,-0.21275993,11.7,17.072989,20.092592,20.092592,2.0
resstock-amy2018-2021-release-1-82426,0.0,2.0689116,0.8052697,0.0,0.96023697,0.85138077,0.0,0.0,0.0,0.0,0.0,0.0,0.0,0.0,0.0,0.0,0.0,0.038492348,10.494543075561523,0.40395960463892067,-0.0,0.0,0.0,-0.0,0.0,-0.0,0.0,0.0,-0.0,0.0,7.023573,2.0689116,0.0,4.923747,6.537081,1.7984027,4.1253414,0.0,0.0,0.0,0.27510792,0.1383698,0.6310679,0.0,6.537081,0.0,6.537081,6.735365,4.923747,-0.1982843,12.2,17.645002,20.555555,20.555555,2.0
resstock-amy2018-2021-release-1-82426,0.0,7.307217,0.25976366,0.0,2.4651291,0.27463815,4.296013,0.0,0.0,0.0,0.0,0.0,0.0,0.0,1.2413538,1.2413538,0.0,0.1508652,10.494511604309082,1.583256562509746,-0.0,1.2413538,0.0,-0.0,0.0,-0.0,2.1070719,2.1070719,-0.0,0.28956378,7.023573,5.405653,1.9015642,4.9188538,8.661907,2.374295,5.4754,4.296013,0.59443843,0.89889026,0.27410764,0.1383698,0.63212407,0.20923826,8.661907,0.0,6.4596696,6.697737,4.9188538,-0.23806751,12.8,21.453384,20.555555,20.555555,2.0
resstock-amy2018-2021-release-1-82426,0.0,1.0438882,0.51694673,0.0,0.0,0.54654795,0.0,0.0,0.0,0.0,0.0,0.0,0.0,0.0,-1.1081964,0.0,-1.1081964,0.03938459,10.494483947753906,0.41332093284324856,1.1081964,0.0,0.0,-0.0,0.0,-0.0,0.0,0.0,1.0438882,0.1343751,7.023573,0.0,0.0,4.9151735,4.1760592,1.1666393,2.6079524,0.0,0.0,0.0,0.2793637,0.1383698,0.6245008,0.0,4.1760592,0.0,5.760298,5.9377637,4.9151735,-0.17746598,12.8,19.93952,20.555555,20.555555,2.0
resstock-amy2018-2021-release-1-82426,0.0,1.0520083,0.20017962,0.0,0.065073565,0.21164222,0.0,0.0,0.0,0.0,0.0,0.0,0.0,0.0,0.0,0.0,0.0,0.039205186,10.494483947753906,0.41143819586994823,-0.0,0.0,0.0,-0.0,0.0,-0.0,0.0,0.0,0.9071683,0.0,7.023573,0.14483994,0.0,4.968202,5.1491284,1.4620426,3.1480758,0.0,0.0,0.0,0.2839398,0.1383698,0.61138034,0.0,5.1491284,0.0,5.5567,5.6524897,4.968202,-0.09578935,13.3,19.443897,20.555555,20.555555,2.0
resstock-amy2018-2021-release-1-82426,0.54189706,10.438882,0.0,0.0,2.4651291,0.0,5.394058,0.0,0.0,0.0,0.0,0.0,0.0,0.0,0.0,0.0,0.0,0.0390266,10.494483947753906,0.409564020701481,-0.0,0.0,0.0,-0.0,0.0,-0.0,0.0,0.0,-0.0,0.0,7.023573,5.405653,5.033229,5.0996437,7.5257998,2.2303147,4.5350714,5.394058,0.7463747,1.1286434,0.29635584,0.1383698,0.60260326,0.20923826,7.5257998,0.0,7.5257998,7.5647726,5.0996437,-0.038972683,12.8,24.357267,19.333334,19.333334,2.0
resstock-amy2018-2021-release-1-82426,0.6998366,1.0344558,0.0,0.0,0.48011848,0.0,0.0,0.0,0.0,0.0,0.0,0.0,0.0,0.0,0.0,0.0,0.0,0.03884883,10.494483947753906,0.4076984073378469,-0.0,0.0,0.0,-0.0,0.0,-0.0,0.0,0.0,-0.0,0.0,7.023573,1.0344558,0.0,5.391979,5.870593,1.8458369,3.5137691,0.0,0.0,0.0,0.31442085,0.1383698,0.5985373,0.0,5.870593,0.0,5.870593,5.8720975,5.391979,-0.0015044374,12.2,21.558609,18.88889,18.88889,2.0
resstock-amy2018-2021-release-1-82426,0.0,1.0344558,0.0,0.0,0.48011848,0.0,0.0,0.0,0.0,0.0,0.0,0.0,0.0,0.0,0.0,0.0,0.0,0.03867187,10.494483947753906,0.40584131668404666,-0.0,0.0,0.0,-0.0,0.0,-0.0,0.0,0.0,-0.0,0.0,7.023573,1.0344558,0.0,5.6237903,6.1039085,1.9748957,3.604899,0.0,0.0,0.0,0.32354608,0.1383698,0.5905886,0.0,6.1039085,0.0,6.1039085,6.1039085,5.6237903,-0.0,12.2,21.176382,20.555555,20.555555,2.0
resstock-amy2018-2021-release-1-82426,0.0,1.0268433,0.7568172,0.0,0.48351532,0.8001538,0.0,0.0,0.0,0.0,0.0,0.0,0.0,0.0,0.0,0.0,0.0,0.038495716,10.494483947753906,0.4039926705500818,-0.0,0.0,0.0,-0.0,0.0,-0.0,0.0,0.0,-0.0,0.0,7.023573,1.0268433,0.0,1.7554393,3.0391083,0.9835971,1.7202461,0.0,0.0,0.0,0.3236466,0.1383698,0.56603646,0.0,3.0391083,0.0,3.0391083,3.0391083,1.7554393,-0.0,11.7,20.500149,20.555555,20.555555,2.0
resstock-amy2018-2021-release-1-82426,0.0,1.0268433,0.0,0.0,0.48351532,0.0,0.0,0.0,0.0,0.0,0.0,0.0,0.0,0.0,0.0,0.0,0.0,0.038320366,10.494483947753906,0.40215246893595236,-0.0,0.0,0.0,-0.0,0.0,-0.0,0.0,0.0,-0.0,0.0,7.023573,1.0268433,0.0,1.5640583,2.0475736,0.6304453,1.1235187,0.0,0.0,0.0,0.30789873,0.1383698,0.54870737,0.0,2.0475736,0.0,2.0475736,2.0475736,1.5640583,-0.0,11.7,19.933434,20.0,20.0,2.0
resstock-amy2018-2021-release-1-82426,1.5776553,1.0268433,0.7310044,0.0,0.48351532,0.7728629,0.0,0.0,0.0,0.0,0.0,0.0,0.0,0.0,0.0,0.0,0.0,0.03814581,10.494483947753906,0.4003205945566606,-0.0,0.0,0.0,-0.0,0.0,-0.0,0.0,0.0,-0.0,0.0,7.023573,1.0268433,0.0,1.28468,2.5410583,0.7583753,1.3822411,0.0,0.0,0.0,0.2984486,0.1383698,0.5439628,0.0,2.5410583,0.0,2.5410583,2.5410583,1.28468,-0.0,11.7,19.330202,18.333334,18.333334,2.0
resstock-amy2018-2021-release-1-82426,1.4616531,1.0179915,0.37841055,0.0,0.48759153,0.40007895,0.0,0.0,0.0,0.0,0.0,0.0,0.0,0.0,0.0,0.0,0.0,0.03797205,10.494483947753906,0.3984970865072057,-0.0,0.0,0.0,-0.0,0.0,-0.0,0.0,0.0,-0.0,0.0,7.023573,1.0179915,0.0,1.1201274,2.007798,0.594007,1.099781,0.0,0.0,0.0,0.29585,0.1383698,0.5477548,0.0,2.007798,0.0,2.007798,2.007798,1.1201274,-0.0,11.1,18.66938,17.222221,17.222221,2.0
resstock-amy2018-2021-release-1-82426,0.0,1.0108405,0.0,0.0,0.49098837,0.0,0.0,0.0,0.0,0.0,0.0,0.0,0.0,0.0,0.0,0.0,0.0,0.037799086,10.494483947753906,0.39668190569258854,-0.0,0.0,0.0,-0.0,0.0,-0.0,0.0,0.0,-0.0,0.0,7.023573,1.0108405,0.0,0.5015987,0.9925871,0.28765056,0.54165715,0.0,0.0,0.0,0.2897988,0.1383698,0.5457024,0.0,0.9925871,0.0,0.9925871,0.9925871,0.5015987,-0.0,10.6,18.050394,18.560184,18.560184,2.0
resstock-amy2018-2021-release-1-82426,0.0,4.010069,0.0,0.0,2.4651291,0.0,2.71128,0.0,0.0,0.0,0.0,0.0,0.0,0.0,1.2414094,1.2414094,0.0,0.15017968,10.494452476501465,1.5760535583755768,-0.0,1.2414094,0.0,-0.0,0.0,-0.0,3.5117865,3.5117865,-0.0,0.48260626,7.023573,4.010069,0.0,0.32632127,4.03286,1.1872175,2.1430714,2.71128,0.3751593,0.56730354,0.294386,0.1383698,0.5314024,0.20923826,4.03286,0.0,1.0572546,1.0572546,0.32632127,-0.0,10.0,19.861704,18.333334,18.333334,2.0
resstock-amy2018-2021-release-1-82426,0.0,1.0025172,0.0,0.0,0.0,0.0,0.0,0.0,0.0,0.0,0.0,0.0,0.0,0.0,-1.1013397,0.0,-1.1013397,0.03938727,10.494424819946289,0.41334675235972895,1.1013397,0.0,0.0,-0.0,0.0,-0.0,0.0,0.0,1.0025173,0.33271646,7.023573,0.0,0.0,0.32522175,-0.7761179,-0.2228444,0.0,0.0,0.0,0.0,0.287127,0.1383698,0.55434674,0.0,0.0,-0.7761179,0.8202864,0.8202864,0.32522175,-0.0,10.0,17.82705,18.333334,18.333334,2.0
resstock-amy2018-2021-release-1-82426,0.0,4.010069,0.0,0.0,2.4651291,0.0,2.71128,0.0,0.0,0.0,0.0,0.0,0.0,0.0,1.241282,1.241282,0.0,0.15175012,10.494393348693848,1.5925254241790583,-0.0,1.241282,0.0,-0.0,0.0,-0.0,3.5117865,3.5117865,-0.0,0.8139374,7.023573,4.010069,0.0,0.32412225,4.0305333,1.1568323,2.26398,2.71128,0.3751593,0.56730354,0.2870172,0.1383698,0.56170726,0.20923826,4.0305333,0.0,1.0550556,1.0550556,0.32412225,-0.0,10.0,19.39498,18.333334,18.333334,2.0
resstock-amy2018-2021-release-1-82426,0.0,1.0136769,0.0,0.0,5.758088e-08,0.0,0.0,0.0,0.0,0.0,0.0,0.0,0.0,0.0,-1.1170477,0.0,-1.1170477,0.039381124,10.494365692138672,0.41327991745490067,1.1170477,0.0,0.0,-0.0,0.0,-0.0,0.0,0.0,1.0136768,0.66102195,7.023573,1.1920929e-07,0.0,0.32302272,-0.7940249,-0.21702988,0.0,0.0,0.0,0.0,0.2733288,0.1383698,0.56861204,0.0,0.0,-0.7940249,0.8126524,0.8126524,0.32302272,-0.0,10.8,17.584694,18.333334,18.333334,2.0
resstock-amy2018-2021-release-1-82426,0.0,1.0025172,0.0,0.0,2.2292604,0.0,0.0,0.0,0.0,0.0,0.0,0.0,0.0,0.0,1.2412826,1.2412826,0.0,0.15174404,10.49433422088623,1.5924526493988367,-0.0,1.2412826,0.0,-0.0,0.0,-0.0,2.486672,2.486672,-0.0,1.0,7.023573,1.0025172,0.0,0.3219232,3.7924662,1.0351096,2.1673145,0.0,0.0,0.0,0.2729384,0.1383698,0.57147896,0.0,3.7924662,0.0,1.3232114,1.3232114,0.3219232,-0.0,10.0,17.405867,18.333334,18.333334,2.0
resstock-amy2018-2021-release-1-82426,0.0,4.010069,0.0,0.0,0.0,0.0,0.0,0.0,0.0,0.0,0.0,0.0,0.0,0.0,-1.116987,0.0,-1.116987,0.039381143,10.494306564331055,0.41327778440706453,1.116987,0.0,0.0,-0.0,0.0,-0.0,0.0,0.0,4.010069,0.40431467,7.023573,0.0,0.0,0.3219232,-0.7950638,-0.21593647,0.0,0.0,0.0,0.0,0.2715964,0.1383698,0.57190037,0.0,0.0,-0.7950638,2.3021817,2.3021817,0.3219232,-0.0,10.0,18.306725,18.333334,18.333334,2.0
resstock-amy2018-2021-release-1-82426,0.0,1.0025172,0.0,0.0,0.0,0.0,0.0,0.0,0.0,0.0,0.0,0.0,0.0,0.0,0.0,0.0,0.0,0.03920176,10.494306564331055,0.41139527472849124,-0.0,0.0,0.0,-0.0,0.0,-0.0,0.0,0.0,1.0025172,0.25475085,7.023573,0.0,0.0,0.3541256,0.3541256,0.10165742,0.20087226,0.0,0.0,0.0,0.287066,0.1383698,0.5672345,0.0,0.3541256,0.0,0.84919024,0.84919024,0.3541256,-0.0,10.0,17.214619,18.333334,18.333334,2.0
resstock-amy2018-2021-release-1-82426,0.0,4.010069,0.0,0.0,1.130971,0.0,0.0,0.0,0.0,0.0,0.0,0.0,0.0,0.0,0.0,0.0,0.0,0.03902319,10.494306564331055,0.4095213267100348,-0.0,0.0,0.0,-0.0,0.0,-0.0,0.0,0.0,1.7198267,0.0,7.023573,2.2902422,0.0,0.32632127,1.4572922,0.45482543,0.8236717,0.0,0.0,0.0,0.31210312,0.1383698,0.56520694,0.0,1.4572922,0.0,2.3065796,2.3065796,0.32632127,-0.0,10.0,18.193146,18.333334,18.333334,2.0
resstock-amy2018-2021-release-1-82426,0.0,1.0025172,0.0,0.0,0.49506462,0.0,0.0,0.0,0.0,0.0,0.0,0.0,0.0,0.0,0.0,0.0,0.0,0.038845435,10.494306564331055,0.40765590125735685,-0.0,0.0,0.0,-0.0,0.0,-0.0,0.0,0.0,-0.0,0.0,7.023573,1.0025172,0.0,0.3274208,0.7812712,0.24047996,0.44442916,0.0,0.0,0.0,0.307806,0.1383698,0.56885386,0.0,0.7812712,0.0,0.7812712,0.82248545,0.3274208,-0.04121422,10.0,16.94994,18.333334,18.333334,2.0
resstock-amy2018-2021-release-1-82426,0.0,5.0583973,0.37856072,0.0,2.4651291,0.4002377,2.240145,0.0,0.0,0.0,0.0,0.0,0.0,0.0,1.2413255,1.2413255,0.0,0.15121433,10.494275093078613,1.5868847916065931,-0.0,1.2413255,0.0,-0.0,0.0,-0.0,2.1070719,2.1070719,-0.0,0.28956378,7.023573,5.0583973,0.0,0.3274208,4.3612313,1.3678461,2.5586493,2.240145,0.3099684,0.468724,0.3136376,0.1383698,0.5866805,0.20923825,4.3612313,0.0,2.0964527,2.1693347,0.3274208,-0.072881974,10.6,19.141678,18.333334,18.333334,2.0
resstock-amy2018-2021-release-1-82426,0.0,1.5655887,0.0,0.0,0.0,0.0,0.0,0.0,0.0,0.0,0.0,0.0,0.0,0.0,-1.1116886,0.0,-1.1116886,0.03938321,10.494247436523438,0.4132971531220164,1.1116886,0.0,0.0,-0.0,0.0,-0.0,0.0,0.0,1.5655887,0.057419498,7.023573,0.0,0.0,0.6735616,-0.6820574,-0.2141768,0.0,0.0,0.0,0.0,0.3140158,0.1383698,0.6063306,0.0,0.0,-0.6820574,1.1562626,1.400193,0.6735616,-0.24393035,12.2,17.89975,19.73611,19.73611,2.0
resstock-amy2018-2021-release-1-82426,0.0,1.0520083,0.0,0.0,0.29848686,0.0,0.0,0.0,0.0,0.0,0.0,0.0,0.0,0.0,0.0,0.0,0.0,0.039203815,10.494247436523438,0.4114145367676656,-0.0,0.0,0.0,-0.0,0.0,-0.0,0.0,0.0,0.3876399,0.0,7.023573,0.6643684,0.0,0.32632127,0.2591063,0.08136348,0.15927742,0.0,0.0,0.0,0.3140158,0.1383698,0.61471844,0.0,0.2591063,0.0,0.43326485,0.79896665,0.32632127,-0.36570182,13.3,18.078983,20.0,20.0,2.0
resstock-amy2018-2021-release-1-82426,0.0,2.1040165,0.0,0.0,0.9452908,0.0,0.0,0.0,0.0,0.0,0.0,0.0,0.0,0.0,0.0,0.0,0.0,0.039025236,10.494247436523438,0.4095404820251929,-0.0,0.0,0.0,-0.0,0.0,-0.0,0.0,0.0,-0.0,0.0,7.023573,2.1040165,0.0,0.32852033,0.8650522,0.2730226,0.53599805,0.0,0.0,0.0,0.315614,0.1383698,0.6196135,0.0,0.8650522,0.0,0.8650522,1.2738111,0.32852033,-0.40875885,13.3,18.904613,20.0,20.0,2.0
resstock-amy2018-2021-release-1-82426,0.0,2.1241608,0.0,0.0,0.93713844,0.0,0.0,0.0,0.0,0.0,0.0,0.0,0.0,0.0,0.0,0.0,0.0,0.038847473,10.494247436523438,0.4076749888945983,-0.0,0.0,0.0,-0.0,0.0,-0.0,0.0,0.0,-0.0,0.0,7.023573,2.1241608,0.0,0.32852033,0.8983488,0.28164637,0.5547164,0.0,0.0,0.0,0.3135156,0.1383698,0.61748445,0.0,0.8983488,0.0,0.8983488,1.2656587,0.32852033,-0.36730993,13.9,19.65084,20.0,20.0,2.0
resstock-amy2018-2021-release-1-82426,0.0,2.141521,0.7571281,0.0,0.93034464,0.8004825,0.0,0.0,0.0,0.0,0.0,0.0,0.0,0.0,0.0,0.0,0.0,0.038670518,10.494247436523438,0.4058179791876455,-0.0,0.0,0.0,-0.0,0.0,-0.0,0.0,0.0,-0.0,0.0,7.023573,2.141521,0.0,0.32852033,1.724616,0.52920604,1.0584465,0.0,0.0,0.0,0.3068544,0.1383698,0.61372876,0.0,1.724616,0.0,1.724616,2.0593476,0.32852033,-0.33473152,14.4,20.485966,20.0,20.0,2.0
resstock-amy2018-2021-release-1-82426,0.0,2.1241608,0.0,0.0,0.93713844,0.0,0.0,0.0,0.0,0.0,0.0,0.0,0.0,0.0,0.0,0.0,0.0,0.038494367,10.494247436523438,0.40396941381021634,-0.0,0.0,0.0,-0.0,0.0,-0.0,0.0,0.0,-0.0,0.0,7.023573,2.1241608,0.0,0.3274208,1.1451285,0.3667274,0.69746596,0.0,0.0,0.0,0.32025,0.1383698,0.6090722,0.0,1.1451285,0.0,1.1451285,1.2645593,0.3274208,-0.119430825,13.9,20.805473,20.0,20.0,2.0
resstock-amy2018-2021-release-1-82426,0.0,2.0877764,0.0,0.0,0.95208454,0.0,0.0,0.0,0.0,0.0,0.0,0.0,0.0,0.0,0.0,0.0,0.0,0.03831902,10.494247436523438,0.4021292927623108,-0.0,0.0,0.0,-0.0,0.0,-0.0,0.0,0.0,-0.0,0.0,7.023573,2.0877764,0.0,0.33071935,1.2542117,0.40726158,0.7419364,0.0,0.0,0.0,0.3247152,0.1383698,0.59155595,0.0,1.2542117,0.0,1.2542117,1.2828039,0.33071935,-0.028592227,12.8,20.76453,20.444445,20.444445,2.0
resstock-amy2018-2021-release-1-82426,0.0,2.0050344,0.0,0.0,0.99012923,0.0,0.0,0.0,0.0,0.0,0.0,0.0,0.0,0.0,0.0,0.0,0.0,0.038144473,10.494247436523438,0.40029753785569255,-0.0,0.0,0.0,-0.0,0.0,-0.0,0.0,0.0,-0.0,0.0,7.023573,2.0050344,0.0,1.3349416,2.323424,0.8169819,1.3515879,0.0,0.0,0.0,0.3516284,0.1383698,0.58172244,0.0,2.323424,0.0,2.323424,2.3250709,1.3349416,-0.0016466614,10.0,20.496967,20.555555,20.555555,2.0
resstock-amy2018-2021-release-1-82426,0.0,1.0025172,0.0,0.0,0.49506462,0.0,0.0,0.0,0.0,0.0,0.0,0.0,0.0,0.0,0.0,0.0,0.0,0.037970718,10.494247436523438,0.39847410999624344,-0.0,0.0,0.0,-0.0,0.0,-0.0,0.0,0.0,-0.0,0.0,7.023573,1.0025172,0.0,1.0192246,1.5142893,0.5711632,0.8684396,0.0,0.0,0.0,0.37718233,0.1383698,0.5734965,0.0,1.5142893,0.0,1.5142893,1.5142893,1.0192246,-0.0,10.0,19.93199,20.555555,20.555555,2.0
resstock-amy2018-2021-release-1-82426,0.0,1.0108405,0.0,0.0,0.49098837,0.0,0.0,0.0,0.0,0.0,0.0,0.0,0.0,0.0,0.0,0.0,0.0,0.037797756,10.494247436523438,0.39665900918396346,-0.0,0.0,0.0,-0.0,0.0,-0.0,0.0,0.0,-0.0,0.0,7.023573,1.0108405,0.0,1.0452783,1.5362667,0.58570164,0.86008096,0.0,0.0,0.0,0.38125,0.1383698,0.55985135,0.0,1.5362667,0.0,1.5362667,1.5362667,1.0452783,-0.0,10.6,19.661774,20.555555,20.555555,2.0
resstock-amy2018-2021-release-1-82426,0.0,1.0025172,0.0,0.0,0.49506462,0.0,0.0,0.0,0.0,0.0,0.0,0.0,0.0,0.0,0.0,0.0,0.0,0.037625585,10.494247436523438,0.39485219632473445,-0.0,0.0,0.0,-0.0,0.0,-0.0,0.0,0.0,-0.0,0.0,7.023573,1.0025172,0.0,1.5640583,2.059123,0.7285428,1.134567,0.0,0.0,0.0,0.3538122,0.1383698,0.55099523,0.0,2.059123,0.0,2.059123,2.059123,1.5640583,-0.0,10.0,19.332981,20.555555,20.555555,2.0
resstock-amy2018-2021-release-1-82426,0.0,0.99446255,0.989188,0.0,0.49914086,1.0458305,0.0,0.0,0.0,0.0,0.0,0.0,0.0,0.0,0.0,0.0,0.0,0.037454195,10.494247436523438,0.3930535932303201,-0.0,0.0,0.0,-0.0,0.0,-0.0,0.0,0.0,-0.0,0.0,7.023573,0.99446255,0.0,1.573316,3.1182873,1.05193,1.6731956,0.0,0.0,0.0,0.3373422,0.1383698,0.5365752,0.0,3.1182873,0.0,3.1182873,3.1182873,1.573316,-0.0,9.4,18.781946,20.555555,20.555555,2.0
resstock-amy2018-2021-release-1-82426,0.0,0.99446255,0.0,0.0,1.5567228,0.0,0.0,0.0,0.0,0.0,0.0,0.0,0.0,0.0,1.2414371,1.2414371,0.0,0.14983864,10.494215965270996,1.5724390615969668,-0.0,1.2414371,0.0,-0.0,0.0,-0.0,2.1070719,2.1070719,-0.0,0.28956378,7.023573,0.99446255,0.0,4.6480813,7.446241,2.392653,3.832733,0.0,0.0,0.0,0.3213236,0.1383698,0.5147205,0.0,7.446241,0.0,5.147222,5.147222,4.6480813,-0.0,9.4,18.212563,19.555555,19.555555,2.0
resstock-amy2018-2021-release-1-82426,0.0,0.98035145,0.3785641,0.0,1.5954804,0.4002413,0.0,0.0,0.0,0.0,0.0,0.0,0.0,0.0,1.2324246,1.2324246,0.0,0.26096645,10.494185447692871,2.7386303216738668,-0.0,1.2324246,0.0,-0.0,0.0,-0.0,2.1070719,2.1070719,-0.0,0.5779219,7.023573,0.98035145,0.0,4.2500787,7.478225,2.3401608,3.6342714,0.0,0.0,0.0,0.31293,0.1383698,0.48598045,0.0,7.478225,0.0,5.156934,5.156934,4.2500787,-0.0,8.3,17.504242,19.444445,19.444445,2.0
resstock-amy2018-2021-release-1-82426,0.0,3.9214058,0.0,0.0,2.4651291,0.0,1.3483914,0.0,0.0,0.0,0.0,0.0,0.0,0.0,1.2235129,1.2235129,0.0,0.37085062,10.494154930114746,3.89176389006019,-0.0,1.2235129,0.0,-0.0,0.0,-0.0,2.1070719,2.1070719,-0.0,0.8650795,7.023573,3.9214058,0.0,0.32632127,4.014963,1.1623559,1.9514793,1.3483914,0.18657665,0.28213507,0.289506,0.1383698,0.48605162,0.20923826,4.014963,0.0,1.7025838,1.7025838,0.32632127,-0.0,8.3,19.373095,19.444445,19.444445,2.0
resstock-amy2018-2021-release-1-82426,0.0,0.98035145,0.0,0.0,2.3213916,0.0,0.0,0.0,0.0,0.0,0.0,0.0,0.0,0.0,1.2147009,1.2147009,0.0,0.479504,10.494124412536621,5.031974519178789,-0.0,1.2147009,0.0,-0.0,0.0,-0.0,1.0079862,1.0079862,-0.0,1.0,7.023573,0.98035145,0.0,0.32522175,3.8613143,1.1178737,1.6472514,0.0,0.0,0.0,0.289506,0.1383698,0.4266038,0.0,3.8613143,0.0,2.1257186,2.1257186,0.32522175,-0.0,8.3,17.409803,19.444445,19.444445,2.0
resstock-amy2018-2021-release-1-82426,0.0,3.8968074,0.37870538,0.0,2.4651291,0.40039065,2.8933513,0.0,0.0,0.0,0.0,0.0,0.0,0.0,1.2059877,1.2059877,0.0,0.5869393,10.494093894958496,6.159395865267072,-0.0,1.2059877,0.0,-0.0,0.0,-0.0,0.030296452,0.030296452,-0.0,1.0,7.023573,3.8968074,0.0,0.32412225,4.39563,1.2800527,1.8187716,2.8933513,0.40035245,0.6053998,0.2912103,0.1383698,0.41376814,0.20923826,4.39563,0.0,3.1737814,3.1737814,0.32412225,-0.0,7.8,18.684797,19.444445,19.444445,2.0
resstock-amy2018-2021-release-1-82426,0.0,0.96702856,5.811229,0.0,0.0,6.1439896,0.0,0.0,0.0,0.0,0.0,0.0,0.0,0.0,-1.1973722,0.0,-1.1973722,0.46485645,10.494064331054688,4.87823344681874,1.1973722,0.0,0.0,-0.0,0.0,-0.0,0.0,0.0,0.9670287,0.85319096,7.023573,0.0,0.0,0.32302272,5.26964,1.4593741,2.1427233,0.0,0.0,0.0,0.27694,0.1383698,0.40661663,0.0,5.26964,0.0,6.981099,6.981099,0.32302272,-0.0,7.2,17.0358,19.444445,19.444445,2.0
resstock-amy2018-2021-release-1-82426,0.0,3.8448625,0.0,0.0,2.4651291,0.0,2.9768553,0.0,0.0,0.0,0.0,0.0,0.0,0.0,1.2071624,1.2071624,0.0,0.572456,10.494033813476562,6.0073726441860344,-0.0,1.2071624,0.0,-0.0,0.0,-0.0,1.0941359,1.0941359,-0.0,1.0,7.023573,3.8448625,0.0,0.3219232,3.9942148,1.0934882,1.6260165,2.9768553,0.41190687,0.622872,0.273768,0.1383698,0.4070929,0.20923825,3.9942148,0.0,2.198009,2.198009,0.3219232,-0.0,6.7,17.895542,19.444445,19.444445,2.0
resstock-amy2018-2021-release-1-82426,0.0,0.9489263,0.0,0.0,9.8921916e-08,0.0,0.0,0.0,0.0,0.0,0.0,0.0,0.0,0.0,-1.1985337,0.0,-1.1985337,0.45031336,10.494004249572754,4.725590308221655,1.1985337,0.0,0.0,-0.0,0.0,-0.0,0.0,0.0,0.94892615,0.85586125,7.023573,1.7881393e-07,0.0,0.4214919,-0.7770417,-0.22600101,0.0,0.0,0.0,0.0,0.290848,0.1383698,0.42349845,0.0,0.0,-0.7770417,0.9464488,0.9464488,0.4214919,-0.0,5.6,16.860073,19.444445,19.444445,2.0
resstock-amy2018-2021-release-1-82426,0.0,3.7957053,0.0,0.0,0.0,0.0,0.0,0.0,0.0,0.0,0.0,0.0,0.0,0.0,-1.2083286,0.0,-1.2083286,0.32766575,10.493973731994629,3.4385157336232055,1.2083286,0.0,0.0,-0.0,0.0,-0.0,0.0,0.0,3.7957053,0.29239658,7.023573,0.0,0.0,0.59844637,-0.60988224,-0.19524209,0.0,0.0,0.0,0.0,0.3201308,0.1383698,0.45530233,0.0,0.0,-0.60988224,2.6982737,2.6982737,0.59844637,-0.0,5.6,17.263838,19.444445,19.444445,2.0
resstock-amy2018-2021-release-1-82426,0.0,3.8681142,0.96747106,0.0,1.0069536,1.0228701,0.0,0.0,0.0,0.0,0.0,0.0,0.0,0.0,-1.2181641,0.0,-1.2181641,0.20450948,10.493943214416504,2.1461108886896767,1.2181641,0.0,0.0,-0.0,0.0,-0.0,0.0,0.0,1.9739739,0.0,7.023573,1.8941404,0.0,0.32632127,1.1379808,0.4143907,0.55717576,0.0,0.0,0.0,0.3641456,0.1383698,0.48961788,0.0,1.1379808,0.0,3.405539,3.405539,0.32632127,-0.0,7.2,17.115644,19.342592,19.342592,2.0
resstock-amy2018-2021-release-1-82426,0.0,3.9778502,0.0,0.0,1.9965634,0.0,0.0,0.0,0.0,0.0,0.0,0.0,0.0,0.0,-1.2280403,0.0,-1.2280403,0.08084089,10.493912696838379,0.8483372744185047,1.2280403,0.0,0.0,-0.0,0.0,-0.0,0.0,0.0,-0.0,0.0,7.023573,3.9778502,0.0,0.3274208,1.0329806,0.4128058,0.49464494,0.0,0.0,0.0,0.3996259,0.1383698,0.47885212,0.0,1.0329806,0.0,2.261021,2.3239841,0.3274208,-0.0629633,9.4,17.424068,18.333334,18.333334,2.0
resstock-amy2018-2021-release-1-82426,0.0,2.021681,0.3787054,0.0,0.98197675,0.40039068,0.0,0.0,0.0,0.0,0.0,0.0,0.0,0.0,-0.40863186,0.0,-0.40863186,0.039602656,10.493902206420898,0.41558639831179534,0.40863186,0.0,0.0,-0.0,0.0,-0.0,0.0,0.0,-0.0,0.0,7.023573,2.021681,0.0,0.3274208,1.1254964,0.44610646,0.5407724,0.0,0.0,0.0,0.39636418,0.1383698,0.48047453,0.0,1.1254964,0.0,1.5341282,1.7097883,0.3274208,-0.17566009,10.6,16.817638,18.333334,18.333334,2.0
resstock-amy2018-2021-release-1-82426,0.0,2.035983,0.7574089,0.0,0.97518307,0.80077934,0.0,0.0,0.0,0.0,0.0,0.0,0.0,0.0,1.2412647,1.2412647,0.0,0.1519631,10.493870735168457,1.5946811262081582,-0.0,1.2412647,0.0,-0.0,0.0,-0.0,0.0,0.0,-0.0,0.0,7.023573,2.035983,0.0,0.32632127,3.0185056,1.1171546,1.481758,0.0,0.0,0.0,0.37010187,0.1383698,0.49089128,0.0,3.0185056,0.0,1.7772409,2.1022837,0.32632127,-0.32504284,11.1,17.044115,18.333334,18.333334,2.0
resstock-amy2018-2021-release-1-82426,0.0,7.1259403,0.75741035,0.0,2.4651291,0.8007809,4.3792725,0.0,0.0,0.0,0.0,0.0,0.0,0.0,1.2322543,1.2322543,0.0,0.26306716,10.493840217590332,2.7605847023619674,-0.0,1.2322543,0.0,-0.0,0.0,-0.0,2.1070719,2.1070719,-0.0,0.28956378,7.023573,5.146686,1.9792542,0.32632127,4.4485135,1.5686893,2.187365,4.3792725,0.60595906,0.9163114,0.35263225,0.1383698,0.49170694,0.20923826,4.4485135,0.0,2.2070265,2.5829985,0.32632127,-0.37597203,11.1,20.346481,18.333334,18.333334,2.0
resstock-amy2018-2021-release-1-82426,0.0,2.035983,0.0,0.0,0.03886095,0.0,0.0,0.0,0.0,0.0,0.0,0.0,0.0,0.0,-1.2233444,0.0,-1.2233444,0.13964236,10.493809700012207,1.4653803290894984,1.2233444,0.0,0.0,-0.0,0.0,-0.0,0.0,0.0,1.9548494,0.0,7.023573,0.08113372,0.0,0.32852033,-1.293738,-0.44474098,0.0,0.0,0.0,0.0,0.34376433,0.1383698,0.49008462,0.0,0.0,-1.293738,0.86592853,1.3037033,0.32852033,-0.4377748,11.1,18.863693,18.333334,18.333334,2.0
resstock-amy2018-2021-release-1-82426,0.0,2.0536866,0.0,0.0,0.96703064,0.0,0.0,0.0,0.0,0.0,0.0,0.0,0.0,0.0,-0.99730355,0.0,-0.99730355,0.039293073,10.49378490447998,0.4123330575334947,0.99730355,0.0,0.0,-0.0,0.0,-0.0,0.0,0.0,-0.0,0.0,7.023573,2.0536866,0.0,0.32852033,-0.12512043,-0.042895712,0.0,0.0,0.0,0.0,0.3428354,0.1383698,0.49452934,0.0,0.0,-0.12512043,0.8721831,1.295551,0.32852033,-0.42336783,11.7,19.452398,18.333334,18.333334,2.0
resstock-amy2018-2021-release-1-82426,0.23239657,2.0689116,0.0,0.0,0.96023697,0.0,0.0,0.0,0.0,0.0,0.0,0.0,0.0,0.0,0.0,0.0,0.0,0.039114088,10.49378490447998,0.4104548243185775,-0.0,0.0,0.0,-0.0,0.0,-0.0,0.0,0.0,-0.0,0.0,7.023573,2.0689116,0.0,0.32852033,0.9350639,0.32252675,0.46692845,0.0,0.0,0.0,0.34492484,0.1383698,0.4993546,0.0,0.9350639,0.0,0.9350639,1.2887573,0.32852033,-0.35369343,12.2,19.87584,18.333334,18.333334,2.0
resstock-amy2018-2021-release-1-82426,0.5775607,2.0877764,0.0,0.0,0.95208454,0.0,0.0,0.0,0.0,0.0,0.0,0.0,0.0,0.0,0.0,0.0,0.0,0.03893592,10.49378490447998,0.40858515233818693,-0.0,0.0,0.0,-0.0,0.0,-0.0,0.0,0.0,-0.0,0.0,7.023573,2.0877764,0.0,0.3274208,0.99330235,0.353236,0.49618268,0.0,0.0,0.0,0.3556178,0.1383698,0.49952835,0.0,0.99330235,0.0,0.99330235,1.2795054,0.3274208,-0.28620306,12.8,20.53194,18.333334,18.333334,2.0
resstock-amy2018-2021-release-1-82426,0.9516932,2.0877764,0.0,0.0,0.95208454,0.0,0.0,0.0,0.0,0.0,0.0,0.0,0.0,0.0,0.0,0.0,0.0,0.03875856,10.49378490447998,0.4067240024999279,-0.0,0.0,0.0,-0.0,0.0,-0.0,0.0,0.0,-0.0,0.0,7.023573,2.0877764,0.0,1.1769859,1.977816,0.71683735,0.99393153,0.0,0.0,0.0,0.36243886,0.1383698,0.50253993,0.0,1.977816,0.0,1.977816,2.1290703,1.1769859,-0.15125433,12.8,21.319836,18.333334,18.333334,2.0
resstock-amy2018-2021-release-1-82426,1.5910473,1.0268433,0.99104893,0.0,0.48351532,1.047798,0.0,0.0,0.0,0.0,0.0,0.0,0.0,0.0,0.0,0.0,0.0,0.038582012,10.49378490447998,0.4048713357114053,-0.0,0.0,0.0,-0.0,0.0,-0.0,0.0,0.0,-0.0,0.0,7.023573,1.0268433,0.0,1.4693214,2.9909039,1.1727622,1.5138952,0.0,0.0,0.0,0.39210963,0.1383698,0.50616646,0.0,2.9909039,0.0,2.9909039,3.0006347,1.4693214,-0.009730892,11.7,21.061012,18.333334,18.333334,2.0
resstock-amy2018-2021-release-1-82426,0.9020114,1.0344558,0.0,0.0,0.48011848,0.0,0.0,0.0,0.0,0.0,0.0,0.0,0.0,0.0,0.0,0.0,0.0,0.038406268,10.49378490447998,0.4030271128802241,-0.0,0.0,0.0,-0.0,0.0,-0.0,0.0,0.0,-0.0,0.0,7.023573,1.0344558,0.0,1.7011329,2.1812513,0.85307735,1.1074007,0.0,0.0,0.0,0.3910954,0.1383698,0.50769055,0.0,2.1812513,0.0,2.1812513,2.1812513,1.7011329,-0.0,12.2,21.12725,18.333334,18.333334,2.0
resstock-amy2018-2021-release-1-82426,0.7735501,1.0108405,0.0,0.0,0.49098837,0.0,0.0,0.0,0.0,0.0,0.0,0.0,0.0,0.0,0.0,0.0,0.0,0.03823132,10.49378490447998,0.401191255821594,-0.0,0.0,0.0,-0.0,0.0,-0.0,0.0,0.0,-0.0,0.0,7.023573,1.0108405,0.0,2.5908802,3.0818686,1.1117591,1.5762838,0.0,0.0,0.0,0.36074188,0.1383698,0.51147014,0.0,3.0818686,0.0,3.0818686,3.0818686,2.5908802,-0.0,10.6,20.915133,18.333334,18.333334,2.0
resstock-amy2018-2021-release-1-82426,1.3569216,0.99446255,1.6399809,0.0,0.49914086,1.7338889,0.0,0.0,0.0,0.0,0.0,0.0,0.0,0.0,0.0,0.0,0.0,0.038057175,10.49378490447998,0.39936380362791013,-0.0,0.0,0.0,-0.0,0.0,-0.0,0.0,0.0,-0.0,0.0,7.023573,0.99446255,0.0,1.5640583,3.797088,1.2855041,1.9750066,0.0,0.0,0.0,0.33855,0.1383698,0.5201372,0.0,3.797088,0.0,3.797088,3.797088,1.5640583,-0.0,9.4,20.549889,18.333334,18.333334,2.0
resstock-amy2018-2021-release-1-82426,0.0,0.9879463,1.1304609,0.0,0.5025377,1.1951928,0.0,0.0,0.0,0.0,0.0,0.0,0.0,0.0,0.0,0.0,0.0,0.03788382,10.49378490447998,0.3975446390219872,-0.0,0.0,0.0,-0.0,0.0,-0.0,0.0,0.0,-0.0,0.0,7.023573,0.9879463,0.0,1.28468,2.9824104,0.9642497,1.5806763,0.0,0.0,0.0,0.3233122,0.1383698,0.5299996,0.0,2.9824104,0.0,2.9824104,2.9824104,1.28468,-0.0,8.9,19.933321,18.98611,18.98611,2.0
resstock-amy2018-2021-release-1-82426,0.0,0.97420186,0.0,0.0,0.5100107,0.0,0.0,0.0,0.0,0.0,0.0,0.0,0.0,0.0,0.0,0.0,0.0,0.037711255,10.49378490447998,0.39573380109622036,-0.0,0.0,0.0,-0.0,0.0,-0.0,0.0,0.0,-0.0,0.0,7.023573,0.97420186,0.0,1.1201274,1.6301382,0.52270806,0.8887347,0.0,0.0,0.0,0.3206526,0.1383698,0.5451898,0.0,1.6301382,0.0,1.6301382,1.6301382,1.1201274,-0.0,7.8,19.075867,20.0,20.0,2.0
resstock-amy2018-2021-release-1-82426,0.0,3.8968074,0.0,0.0,2.4651291,0.0,2.8933513,0.0,0.0,0.0,0.0,0.0,0.0,0.0,1.2414165,1.2414165,0.0,0.15009283,10.493753433227539,1.5750371007269166,-0.0,1.2414165,0.0,-0.0,0.0,-0.0,3.5117865,3.5117865,-0.0,0.48260626,7.023573,3.8968074,0.0,0.5015987,4.208144,1.2979616,2.3366332,2.8933513,0.40035245,0.6053998,0.3084404,0.1383698,0.55526453,0.20923826,4.208144,0.0,1.1282496,1.1282496,0.5015987,-0.0,7.8,20.290565,19.601852,19.601852,2.0
resstock-amy2018-2021-release-1-82426,0.0,0.9612156,0.0,0.0,6.417798e-08,0.0,0.0,0.0,0.0,0.0,0.0,0.0,0.0,0.0,-1.1004709,0.0,-1.1004709,0.039387614,10.493725776672363,0.4133228154330766,1.1004709,0.0,0.0,-0.0,0.0,-0.0,0.0,0.0,0.9612155,0.33880886,7.023573,1.1920929e-07,0.0,0.32632127,-0.77414954,-0.2333011,0.0,0.0,0.0,0.0,0.3013644,0.1383698,0.562267,0.0,0.0,-0.77414954,0.8438052,0.8438052,0.32632127,-0.0,6.7,18.288517,19.444445,19.444445,2.0
resstock-amy2018-2021-release-1-82426,0.0,0.9807255,0.0,0.0,2.3197658,0.0,0.0,0.0,0.0,0.0,0.0,0.0,0.0,0.0,1.241282,1.241282,0.0,0.15175045,10.493694305419922,1.5924227843811423,-0.0,1.241282,0.0,-0.0,0.0,-0.0,3.5117865,3.5117865,-0.0,0.82000446,7.023573,0.9807255,0.0,0.32522175,3.8862696,1.1158055,2.2115738,0.0,0.0,0.0,0.2871148,0.1383698,0.56907374,0.0,3.8862696,0.0,0.8316319,0.8316319,0.32522175,-0.0,8.33,17.867924,19.444445,19.444445,2.0
resstock-amy2018-2021-release-1-82426,0.0,3.8177183,0.0,0.0,2.4651291,0.0,3.0204904,0.0,0.0,0.0,0.0,0.0,0.0,0.0,1.2322713,1.2322713,0.0,0.26285687,10.493663787841797,2.7583316274402705,-0.0,1.2322713,0.0,-0.0,0.0,-0.0,1.3346188,1.3346188,-0.0,1.0,7.023573,3.8177183,0.0,0.32412225,4.0215225,1.1483586,2.3122964,3.0204904,0.41794464,0.6320022,0.2855532,0.1383698,0.5749803,0.20923826,4.0215225,0.0,2.059932,2.059932,0.32412225,-0.0,6.1,18.932558,19.444445,19.444445,2.0
resstock-amy2018-2021-release-1-82426,0.0,0.95166105,0.0,0.0,6.554568e-08,0.0,0.0,0.0,0.0,0.0,0.0,0.0,0.0,0.0,-1.2233614,0.0,-1.2233614,0.1394312,10.493633270263672,1.4631398107193831,1.2233614,0.0,0.0,-0.0,0.0,-0.0,0.0,0.0,0.95166093,0.85545784,7.023573,1.1920929e-07,0.0,0.32302272,-0.9003386,-0.25750098,0.0,0.0,0.0,0.0,0.2860046,0.1383698,0.5800903,0.0,0.0,-0.9003386,0.8462811,0.8462811,0.32302272,-0.0,5.85,17.35763,19.444445,19.444445,2.0
resstock-amy2018-2021-release-1-82426,0.0,5.305674,0.0,0.0,2.4651291,0.0,3.1686766,0.0,0.0,0.0,0.0,0.0,0.0,0.0,1.2332592,1.2332592,0.0,0.25067544,10.493602752685547,2.6304884854789634,-0.0,1.2332592,0.0,-0.0,0.0,-0.0,1.0777091,1.0777091,-0.0,1.0,7.023573,4.456034,0.8496399,0.3219232,4.0203114,1.1507595,2.3508935,3.1686766,0.43844914,0.66300845,0.2862364,0.1383698,0.5847541,0.20923828,4.0203114,0.0,2.1908512,2.1908512,0.3219232,-0.0,5.6,19.045671,19.444445,19.444445,2.0
resstock-amy2018-2021-release-1-82426,0.0,0.96702856,0.0,0.0,0.0,0.0,0.0,0.0,0.0,0.0,0.0,0.0,0.0,0.0,-1.2243382,0.0,-1.2243382,0.12719908,10.493572235107422,1.3347727716462714,1.2243382,0.0,0.0,-0.0,0.0,-0.0,0.0,0.0,0.9670287,0.85319096,7.023573,0.0,0.0,0.3219232,-0.902415,-0.26813546,0.0,0.0,0.0,0.0,0.297131,0.1383698,0.5834012,0.0,0.0,-0.902415,0.8360103,0.8360103,0.3219232,-0.0,7.2,17.741875,19.444445,19.444445,2.0
resstock-amy2018-2021-release-1-82426,0.0,3.8968074,0.0,0.0,0.0,0.0,0.0,0.0,0.0,0.0,0.0,0.0,0.0,0.0,-0.8726987,0.0,-0.8726987,0.03935857,10.493550300598145,0.4130111463505415,0.8726987,0.0,0.0,-0.0,0.0,-0.0,0.0,0.0,3.8968074,0.27482393,7.023573,0.0,0.0,0.59844637,-0.27425236,-0.085691296,0.0,0.0,0.0,0.0,0.3124542,0.1383698,0.5774133,0.0,0.0,-0.27425236,2.6384892,2.6384892,0.59844637,-0.0,7.8,18.226707,19.444445,19.444445,2.0
resstock-amy2018-2021-release-1-82426,0.0,3.8681142,0.0,0.0,1.0700208,0.0,0.0,0.0,0.0,0.0,0.0,0.0,0.0,0.0,0.0,0.0,0.0,0.039179288,10.493550300598145,0.4111298278045794,-0.0,0.0,0.0,-0.0,0.0,-0.0,0.0,0.0,1.8553406,0.0,7.023573,2.0127735,0.0,0.32632127,1.396342,0.48124927,0.7990795,0.0,0.0,0.0,0.34465,0.1383698,0.5722663,0.0,1.396342,0.0,2.382669,2.382669,0.32632127,-0.0,7.2,17.815628,19.444445,19.444445,2.0
resstock-amy2018-2021-release-1-82426,0.0,3.9214058,0.0,0.0,2.0264556,0.0,0.0,0.0,0.0,0.0,0.0,0.0,0.0,0.0,0.0,0.0,0.0,0.039000824,10.493550300598145,0.4092571093932662,-0.0,0.0,0.0,-0.0,0.0,-0.0,0.0,0.0,-0.0,0.0,7.023573,3.9214058,0.0,0.3274208,2.3390229,0.9028424,1.3412702,0.0,0.0,0.0,0.38599128,0.1383698,0.57343185,0.0,2.3390229,0.0,2.3390229,2.3538764,0.3274208,-0.014853572,8.3,17.892487,19.444445,19.444445,2.0
resstock-amy2018-2021-release-1-82426,0.0,6.0151033,0.0,0.0,2.4651291,0.0,3.3546367,0.0,0.0,0.0,0.0,0.0,0.0,0.0,1.241313,1.241313,0.0,0.15136799,10.493518829345703,1.5883828759195922,-0.0,1.241313,0.0,-0.0,0.0,-0.0,2.1070719,2.1070719,-0.0,0.28956378,7.023573,4.9919434,1.0231602,0.3274208,3.9529042,1.5082428,2.2704918,3.3546367,0.4641804,0.70191836,0.38155308,0.1383698,0.57438576,0.20923826,3.9529042,0.0,1.6710737,1.7520326,0.3274208,-0.080958925,10.0,19.311642,19.444445,19.444445,2.0
resstock-amy2018-2021-release-1-82426,0.0,2.0689116,0.0,0.0,0.0529393,0.0,0.0,0.0,0.0,0.0,0.0,0.0,0.0,0.0,-1.1132256,0.0,-1.1132256,0.039382614,10.493491172790527,0.4132611144202869,1.1132256,0.0,0.0,-0.0,0.0,-0.0,0.0,0.0,1.9548494,0.0,7.023573,0.11406219,0.0,0.32632127,-0.8928114,-0.31930825,0.0,0.0,0.0,0.0,0.35764354,0.1383698,0.574483,0.0,0.0,-0.8928114,1.1277119,1.2865583,0.32632127,-0.15884641,12.2,18.207294,19.444445,19.444445,2.0
resstock-amy2018-2021-release-1-82426,0.0,1.6006937,0.0,0.0,1.6658218,0.0,0.0,0.0,0.0,0.0,0.0,0.0,0.0,0.0,1.2412825,1.2412825,0.0,0.15174551,10.493459701538086,1.5923354264104717,-0.0,1.2412825,0.0,-0.0,0.0,-0.0,2.1070719,2.1070719,-0.0,0.28956378,7.023573,1.6006937,0.0,0.32632127,3.0916188,1.0733762,1.777952,0.0,0.0,0.0,0.34718904,0.1383698,0.5750877,0.0,3.0916188,0.0,0.90367293,1.0454797,0.32632127,-0.14180677,13.3,18.275877,19.444445,19.444445,2.0
resstock-amy2018-2021-release-1-82426,0.0,7.4953237,0.0,0.0,2.4651291,0.0,4.2096167,0.0,0.0,0.0,0.0,0.0,0.0,0.0,1.2322717,1.2322717,0.0,0.262852,10.493429183959961,2.758218985442795,-0.0,1.2322717,0.0,-0.0,0.0,-0.0,2.1070719,2.1070719,-0.0,0.5779219,7.023573,5.6743765,1.8209472,0.32852033,3.941026,1.322218,2.269819,4.2096167,0.5824838,0.8808128,0.33550096,0.1383698,0.5759462,0.20923825,3.941026,0.0,1.7933755,1.8782705,0.32852033,-0.084895,14.4,21.696798,19.444445,19.444445,2.0
resstock-amy2018-2021-release-1-82426,0.0,2.1241608,2.0965383,0.0,0.0,2.2165895,0.0,0.0,0.0,0.0,0.0,0.0,0.0,0.0,-1.2233617,0.0,-1.2233617,0.13942632,10.493398666381836,1.4630559686493712,1.2233617,0.0,0.0,-0.0,0.0,-0.0,0.0,0.0,2.1241608,0.2621826,7.023573,0.0,0.0,0.66235816,1.5894537,0.5199259,0.9148624,0.0,0.0,0.0,0.3271098,0.1383698,0.5755829,0.0,1.5894537,0.0,3.7499537,3.816086,0.66235816,-0.06613227,13.9,20.14087,19.444445,19.444445,2.0
resstock-amy2018-2021-release-1-82426,0.0,1.0223796,0.0,0.0,0.0,0.0,0.0,0.0,0.0,0.0,0.0,0.0,0.0,0.0,-0.99514014,0.0,-0.99514014,0.039294213,10.49337387084961,0.4123288685633497,0.99514014,0.0,0.0,-0.0,0.0,-0.0,0.0,0.0,1.0223796,0.11028065,7.023573,0.0,0.0,0.66051817,-0.36836904,-0.12487279,0.0,0.0,0.0,0.0,0.33898827,0.1383698,0.5701318,0.0,0.0,-0.36836904,1.1123245,1.1460716,0.66051817,-0.03374709,11.4,19.389858,20.01389,20.01389,2.0
resstock-amy2018-2021-release-1-82426,0.0,1.5183581,0.0,0.0,0.37587753,0.0,0.0,0.0,0.0,0.0,0.0,0.0,0.0,0.0,0.0,0.0,0.0,0.039115224,10.49337387084961,0.4104506698265453,-0.0,0.0,0.0,-0.0,0.0,-0.0,0.0,0.0,0.7445063,0.0,7.023573,0.7738518,0.0,0.3274208,0.6565438,0.23266365,0.37113377,0.0,0.0,0.0,0.35437644,0.1383698,0.56528413,0.0,0.6565438,0.0,1.0181675,1.0649221,0.3274208,-0.046754554,10.6,19.18657,20.555555,20.555555,2.0
resstock-amy2018-2021-release-1-82426,0.0,2.021681,2.02948,0.0,0.98197675,2.1456912,0.0,0.0,0.0,0.0,0.0,0.0,0.0,0.0,0.0,0.0,0.0,0.03893705,10.49337387084961,0.4085810319889305,-0.0,0.0,0.0,-0.0,0.0,-0.0,0.0,0.0,-0.0,0.0,7.023573,2.021681,0.0,0.7538526,3.8754025,1.4045916,2.2048392,0.0,0.0,0.0,0.3624376,0.1383698,0.5689317,0.0,3.8754025,0.0,3.8754025,3.8815207,0.7538526,-0.006118191,10.6,19.190434,20.555555,20.555555,2.0
resstock-amy2018-2021-release-1-82426,0.0,1.0025172,4.379693,0.0,0.49506462,4.6304812,0.0,0.0,0.0,0.0,0.0,0.0,0.0,0.0,0.0,0.0,0.0,0.03875969,10.49337387084961,0.4067199159596413,-0.0,0.0,0.0,-0.0,0.0,-0.0,0.0,0.0,-0.0,0.0,7.023573,1.0025172,0.0,0.91722107,6.041793,2.3771434,3.4981778,0.0,0.0,0.0,0.39345,0.1383698,0.57899666,0.0,6.041793,0.0,6.041793,6.042767,0.91722107,-0.0009741195,10.0,18.740753,20.555555,20.555555,2.0
resstock-amy2018-2021-release-1-82426,0.0,1.0025172,0.0,0.0,0.49506462,0.0,0.0,0.0,0.0,0.0,0.0,0.0,0.0,0.0,0.0,0.0,0.0,0.038583133,10.49337387084961,0.40486724355695003,-0.0,0.0,0.0,-0.0,0.0,-0.0,0.0,0.0,-0.0,0.0,7.023573,1.0025172,0.0,1.0192246,1.5142893,0.5957971,0.8755012,0.0,0.0,0.0,0.39345,0.1383698,0.5781598,0.0,1.5142893,0.0,1.5142893,1.5142893,1.0192246,-0.0,10.0,18.574001,20.555555,20.555555,2.0
resstock-amy2018-2021-release-1-82426,0.0,4.043362,0.0,0.0,2.4651291,0.0,1.1523426,0.0,0.0,0.0,0.0,0.0,0.0,0.0,1.2413465,1.2413465,0.0,0.15095496,10.493342399597168,1.5840221008413664,-0.0,1.2413465,0.0,-0.0,0.0,-0.0,2.1070719,2.1070719,-0.0,0.28956378,7.023573,4.043362,0.0,1.7554393,5.461915,2.0156531,3.0652692,1.1523426,0.15944941,0.24111417,0.3690378,0.1383698,0.5612078,0.20923828,5.461915,0.0,3.1971154,3.1971154,1.7554393,-0.0,10.6,20.25298,20.555555,20.555555,2.0
resstock-amy2018-2021-release-1-82426,0.0,1.0004789,0.0,0.0,0.0,0.0,0.0,0.0,0.0,0.0,0.0,0.0,0.0,0.0,-1.1090943,0.0,-1.1090943,0.039384235,10.493314743041992,0.4132711705855385,1.1090943,0.0,0.0,-0.0,0.0,-0.0,0.0,0.0,1.0004789,0.14077836,7.023573,0.0,0.0,1.5640583,0.45496404,0.15903428,0.24833077,0.0,0.0,0.0,0.34955353,0.1383698,0.54582506,0.0,0.45496404,0.0,2.060142,2.060142,1.5640583,-0.0,9.85,19.293781,20.555555,20.555555,2.0
resstock-amy2018-2021-release-1-82426,0.0,1.0025172,0.37883568,0.0,0.02573814,0.4005284,0.0,0.0,0.0,0.0,0.0,0.0,0.0,0.0,0.0,0.0,0.0,0.039204836,10.493314743041992,0.41138868246116544,-0.0,0.0,0.0,-0.0,0.0,-0.0,0.0,0.0,0.9503969,0.0,7.023573,0.052120328,0.0,0.8087992,1.2350657,0.3963284,0.66497034,0.0,0.0,0.0,0.3208966,0.1383698,0.5384089,0.0,1.2350657,0.0,1.7043922,1.7043922,0.8087992,-0.0,10.0,18.7173,20.555555,20.555555,2.0
resstock-amy2018-2021-release-1-82426,0.0,3.9813788,0.75765586,0.0,2.4651291,0.8010405,2.7574003,0.0,0.0,0.0,0.0,0.0,0.0,0.0,1.2412966,1.2412966,0.0,0.15156972,10.49328327178955,1.5904640502293432,-0.0,1.2412966,0.0,-0.0,0.0,-0.0,3.5117865,3.5117865,-0.0,0.48260626,7.023573,3.9813788,0.0,0.7254234,5.2328897,1.6483811,2.8562734,2.7574003,0.38154092,0.57695365,0.315004,0.1383698,0.545831,0.20923826,5.2328897,0.0,2.2321167,2.2321167,0.7254234,-0.0,9.466666,19.415924,20.555555,20.555555,2.0
resstock-amy2018-2021-release-1-82426,0.0,0.96702856,0.0,0.0,6.3373456e-08,0.0,0.0,0.0,0.0,0.0,0.0,0.0,0.0,0.0,-1.1152433,0.0,-1.1152433,0.039381836,10.493255615234375,0.4132436676494535,1.1152433,0.0,0.0,-0.0,0.0,-0.0,0.0,0.0,0.96702844,0.3379514,7.023573,1.1920929e-07,0.0,0.3274208,-0.7878225,-0.24156417,0.0,0.0,0.0,0.0,0.3066226,0.1383698,0.5544801,0.0,0.0,-0.7878225,0.8415077,0.8415077,0.3274208,-0.0,7.2,17.649998,20.36574,20.36574,2.0
resstock-amy2018-2021-release-1-82426,0.0,5.461754,0.0,0.0,2.4651291,0.0,2.917773,0.0,0.0,0.0,0.0,0.0,0.0,0.0,1.2412825,1.2412825,0.0,0.15174474,10.493224143981934,1.5922915508245836,-0.0,1.2412825,0.0,-0.0,0.0,-0.0,2.1070719,2.1070719,-0.0,0.62610805,7.023573,4.846234,0.6155202,0.32632127,4.032733,1.1440815,2.2603748,2.917773,0.40373167,0.61050975,0.2836988,0.1383698,0.56050694,0.20923826,4.032733,0.0,1.7196484,1.7196484,0.32632127,-0.0,8.9,20.11699,19.444445,19.444445,2.0
resstock-amy2018-2021-release-1-82426,0.0,0.99446255,0.0,0.0,2.9916777e-08,0.0,0.0,0.0,0.0,0.0,0.0,0.0,0.0,0.0,-1.116994,0.0,-1.116994,0.039381143,10.493196487426758,0.41323406831008214,1.116994,0.0,0.0,-0.0,0.0,-0.0,0.0,0.0,0.9944625,0.47680897,7.023573,5.9604645e-08,0.0,0.32522175,-0.79177225,-0.22108942,0.0,0.0,0.0,0.0,0.2792336,0.1383698,0.55928934,0.0,0.0,-0.79177225,0.82436264,0.82436264,0.32522175,-0.0,9.4,17.663467,19.444445,19.444445,2.0
resstock-amy2018-2021-release-1-82426,0.0,3.8681142,0.0,0.0,2.4651291,0.0,2.9394772,0.0,0.0,0.0,0.0,0.0,0.0,0.0,1.2412826,1.2412826,0.0,0.15174405,10.493165016174316,1.5922753859151015,-0.0,1.2412826,0.0,-0.0,0.0,-0.0,3.5117865,3.5117865,-0.0,0.95743,7.023573,3.8681142,0.0,0.32412225,4.030534,1.1150359,2.259381,2.9394772,0.40673488,0.6150511,0.2766472,0.1383698,0.5605662,0.20923826,4.030534,0.0,0.9223325,0.9223325,0.32412225,-0.0,7.2,18.92055,19.444445,19.444445,2.0
resstock-amy2018-2021-release-1-82426,0.0,0.9879463,0.0,0.0,0.0,0.0,0.0,0.0,0.0,0.0,0.0,0.0,0.0,0.0,-1.1169871,0.0,-1.1169871,0.039381143,10.49313735961914,0.4132317397894525,1.1169871,0.0,0.0,-0.0,0.0,-0.0,0.0,0.0,0.9879465,0.80771255,7.023573,0.0,0.0,0.32302272,-0.7939644,-0.21635467,0.0,0.0,0.0,0.0,0.2724992,0.1383698,0.5557182,0.0,0.0,-0.7939644,0.82556057,0.82556057,0.32302272,-0.0,8.9,17.2779,19.444445,19.444445,2.0
resstock-amy2018-2021-release-1-82426,0.0,3.9778502,0.0,0.0,1.196671e-07,0.0,0.0,0.0,0.0,0.0,0.0,0.0,0.0,0.0,0.0,0.0,0.0,0.03920176,10.49313735961914,0.4113494398473847,-0.0,0.0,0.0,-0.0,0.0,-0.0,0.0,0.0,3.97785,0.21758036,7.023573,2.3841858e-07,0.0,0.35716534,0.35716546,0.09714865,0.19885053,0.0,0.0,0.0,0.271999,0.1383698,0.55674624,0.0,0.35716546,0.0,2.3537288,2.3537288,0.35716534,-0.0,9.4,18.513733,19.444445,19.444445,2.0
resstock-amy2018-2021-release-1-82426,0.0,3.9364758,0.0,0.0,1.2651772,0.0,0.0,0.0,0.0,0.0,0.0,0.0,0.0,0.0,0.0,0.0,0.0,0.03902319,10.49313735961914,0.4094757006115515,-0.0,0.0,0.0,-0.0,0.0,-0.0,0.0,0.0,1.4688883,0.0,7.023573,2.4675875,0.0,0.4214919,1.6866691,0.4796583,0.9402337,0.0,0.0,0.0,0.284382,0.1383698,0.55745,0.0,1.6866691,0.0,2.439795,2.439795,0.4214919,-0.0,8.6,18.077839,19.444445,19.444445,2.0
resstock-amy2018-2021-release-1-82426,0.0,3.8968074,3.6581492,0.0,2.0400429,3.8676207,0.0,0.0,0.0,0.0,0.0,0.0,0.0,0.0,0.0,0.0,0.0,0.038845435,10.49313735961914,0.40761048299197,-0.0,0.0,0.0,-0.0,0.0,-0.0,0.0,0.0,-0.0,0.0,7.023573,3.8968074,0.0,0.59844637,6.50611,1.9776168,3.6280918,0.0,0.0,0.0,0.303963,0.1383698,0.5576438,0.0,6.50611,0.0,6.50611,6.50611,0.59844637,-0.0,7.8,18.01249,19.444445,19.444445,2.0
resstock-amy2018-2021-release-1-82426,0.0,3.9214058,0.0,0.0,2.0264556,0.0,0.0,0.0,0.0,0.0,0.0,0.0,0.0,0.0,0.0,0.0,0.0,0.038668487,10.49313735961914,0.4057537478986575,-0.0,0.0,0.0,-0.0,0.0,-0.0,0.0,0.0,-0.0,0.0,7.023573,3.9214058,0.0,0.6515692,2.6780248,0.90104514,1.500435,0.0,0.0,0.0,0.33645886,0.1383698,0.56027675,0.0,2.6780248,0.0,2.6780248,2.6780248,0.6515692,-0.0,8.3,17.896168,19.444445,19.444445,2.0
resstock-amy2018-2021-release-1-82426,0.0,4.398434,0.37895128,0.0,2.2729685,0.40065065,0.0,0.0,0.0,0.0,0.0,0.0,0.0,0.0,0.0,0.0,0.0,0.038492348,10.49313735961914,0.4039054953316139,-0.0,0.0,0.0,-0.0,0.0,-0.0,0.0,0.0,-0.0,0.0,7.023573,4.398434,0.0,0.3274208,2.9429622,1.0682982,1.6733797,0.0,0.0,0.0,0.363001,0.1383698,0.5686039,0.0,2.9429622,0.0,2.9429622,3.00104,0.3274208,-0.05807784,8.3,18.01085,19.444445,19.444445,2.0
resstock-amy2018-2021-release-1-82426,0.0,2.0050344,0.0,0.0,0.99012923,0.0,0.0,0.0,0.0,0.0,0.0,0.0,0.0,0.0,0.0,0.0,0.0,0.03831701,10.49313735961914,0.40206564711087367,-0.0,0.0,0.0,-0.0,0.0,-0.0,0.0,0.0,-0.0,0.0,7.023573,2.0050344,0.0,0.3274208,1.1265007,0.40886343,0.65994734,0.0,0.0,0.0,0.36295,0.1383698,0.5858384,0.0,1.1265007,0.0,1.1265007,1.3175501,0.3274208,-0.19104931,10.0,17.178244,19.444445,19.444445,2.0
resstock-amy2018-2021-release-1-82426,0.0,2.021681,0.37895593,0.0,2.0054297,0.40065557,0.0,0.0,0.0,0.0,0.0,0.0,0.0,0.0,1.2413678,1.2413678,0.0,0.15069182,10.4931058883667,1.5812252465534442,-0.0,1.2413678,0.0,-0.0,0.0,-0.0,2.1070719,2.1070719,-0.0,0.28956378,7.023573,2.021681,0.0,0.32632127,3.7860608,1.3160524,2.2992463,0.0,0.0,0.0,0.34760466,0.1383698,0.6072925,0.0,3.7860608,0.0,1.52124,1.7089535,0.32632127,-0.18771353,10.6,17.338749,19.444445,19.444445,2.0
resstock-amy2018-2021-release-1-82426,0.0,2.5974045,0.3789551,0.0,2.2152226,0.40065467,0.0,0.0,0.0,0.0,0.0,0.0,0.0,0.0,1.2323562,1.2323562,0.0,0.2618101,10.493075370788574,2.7471930504146655,-0.0,1.2323562,0.0,-0.0,0.0,-0.0,2.1070719,2.1070719,-0.0,0.5779219,7.023573,2.5974045,0.0,0.32632127,4.0774817,1.3604429,2.5298247,0.0,0.0,0.0,0.33364782,0.1383698,0.62043804,0.0,4.0774817,0.0,1.852957,1.9500297,0.32632127,-0.097072765,11.7,17.720818,19.444445,19.444445,2.0
resstock-amy2018-2021-release-1-82426,0.0,1.0438882,0.0,0.0,0.0,0.0,0.0,0.0,0.0,0.0,0.0,0.0,0.0,0.0,-1.2234453,0.0,-1.2234453,0.13838007,10.49304485321045,1.4520282347148594,1.2234453,0.0,0.0,-0.0,0.0,-0.0,0.0,0.0,1.0438882,0.42153266,7.023573,0.0,0.0,0.32852033,-1.1831237,-0.38351756,0.0,0.0,0.0,0.0,0.32415676,0.1383698,0.62288094,0.0,0.0,-1.1831237,0.51636386,0.80456257,0.32852033,-0.28819874,12.8,17.784882,19.444445,19.444445,2.0
resstock-amy2018-2021-release-1-82426,0.0,2.1040165,0.0,0.0,0.0,0.0,0.0,0.0,0.0,0.0,0.0,0.0,0.0,0.0,-0.98466235,0.0,-0.98466235,0.039299723,10.493020057678223,0.4123727791914824,0.98466235,0.0,0.0,-0.0,0.0,-0.0,0.0,0.0,2.1040165,0.10941593,7.023573,0.0,0.0,0.32852033,-0.8261111,-0.25972438,0.0,0.0,0.0,0.0,0.314394,0.1383698,0.6296871,0.0,0.0,-0.8261111,1.103842,1.2738111,0.32852033,-0.16996908,13.3,18.565588,19.444445,19.444445,2.0
resstock-amy2018-2021-release-1-82426,0.0,2.0536866,0.0,0.0,0.6192097,0.0,0.0,0.0,0.0,0.0,0.0,0.0,0.0,0.0,0.0,0.0,0.0,0.039120708,10.493020057678223,0.4104943701565311,-0.0,0.0,0.0,-0.0,0.0,-0.0,0.0,0.0,0.7386686,0.0,7.023573,1.3150179,0.0,0.32852033,0.835269,0.27005243,0.5337018,0.0,0.0,0.0,0.32331192,0.1383698,0.638958,0.0,0.835269,0.0,1.18309,1.2955511,0.32852033,-0.112461105,11.7,18.668396,19.444445,19.444445,2.0
resstock-amy2018-2021-release-1-82426,0.0,1.0268433,0.0,0.0,0.48351532,0.0,0.0,0.0,0.0,0.0,0.0,0.0,0.0,0.0,0.0,0.0,0.0,0.03894251,10.493020057678223,0.40862452173211494,-0.0,0.0,0.0,-0.0,0.0,-0.0,0.0,0.0,-0.0,0.0,7.023573,1.0268433,0.0,0.3274208,0.57045376,0.1877678,0.36608317,0.0,0.0,0.0,0.32915518,0.1383698,0.6417403,0.0,0.57045376,0.0,0.57045376,0.8109361,0.3274208,-0.24048233,11.7,18.65329,19.444445,19.444445,2.0
resstock-amy2018-2021-release-1-82426,0.0,1.5326601,0.0,0.0,0.73410445,0.0,0.0,0.0,0.0,0.0,0.0,0.0,0.0,0.0,0.0,0.0,0.0,0.03876512,10.493020057678223,0.40676319482868806,-0.0,0.0,0.0,-0.0,0.0,-0.0,0.0,0.0,-0.0,0.0,7.023573,1.5326601,0.0,0.33071935,0.9143408,0.30306473,0.59366953,0.0,0.0,0.0,0.33145708,0.1383698,0.6492869,0.0,0.9143408,0.0,0.9143408,1.0648239,0.33071935,-0.15048309,11.1,19.082417,19.444445,19.444445,2.0
resstock-amy2018-2021-release-1-82426,0.0,1.0179915,0.0,0.0,0.48759153,0.0,0.0,0.0,0.0,0.0,0.0,0.0,0.0,0.0,0.0,0.0,0.0,0.038588542,10.493020057678223,0.40491035035670464,-0.0,0.0,0.0,-0.0,0.0,-0.0,0.0,0.0,-0.0,0.0,7.023573,1.0179915,0.0,0.91722107,1.3939703,0.47776583,0.90195626,0.0,0.0,0.0,0.34273747,0.1383698,0.64704126,0.0,1.3939703,0.0,1.3939703,1.4048126,0.91722107,-0.010842285,11.1,18.91465,19.444445,19.444445,2.0
resstock-amy2018-2021-release-1-82426,0.0,1.0108405,0.0,0.0,0.49098837,0.0,0.0,0.0,0.0,0.0,0.0,0.0,0.0,0.0,0.0,0.0,0.0,0.03841277,10.493020057678223,0.40306594922661887,-0.0,0.0,0.0,-0.0,0.0,-0.0,0.0,0.0,-0.0,0.0,7.023573,1.0108405,0.0,1.7011329,2.1921213,0.7720972,1.3929503,0.0,0.0,0.0,0.35221463,0.1383698,0.63543487,0.0,2.1921213,0.0,2.1921213,2.1921213,1.7011329,-0.0,10.6,19.048359,19.958334,19.958334,2.0
resstock-amy2018-2021-release-1-82426,0.0,1.0108405,0.0,0.0,0.49098837,0.0,0.0,0.0,0.0,0.0,0.0,0.0,0.0,0.0,0.0,0.0,0.0,0.038237795,10.493020057678223,0.4012299523488849,-0.0,0.0,0.0,-0.0,0.0,-0.0,0.0,0.0,-0.0,0.0,7.023573,1.0108405,0.0,1.7554393,2.2464275,0.77889454,1.4189062,0.0,0.0,0.0,0.34672588,0.1383698,0.63162786,0.0,2.2464275,0.0,2.2464275,2.2464275,1.7554393,-0.0,10.6,19.081373,20.555555,20.555555,2.0
resstock-amy2018-2021-release-1-82426,0.0,1.0025172,0.0,0.0,0.49506462,0.0,0.0,0.0,0.0,0.0,0.0,0.0,0.0,0.0,0.0,0.0,0.0,0.03806362,10.493020057678223,0.399402320633957,-0.0,0.0,0.0,-0.0,0.0,-0.0,0.0,0.0,-0.0,0.0,7.023573,1.0025172,0.0,1.5640583,2.059123,0.6716528,1.2856863,0.0,0.0,0.0,0.32618392,0.1383698,0.62438536,0.0,2.059123,0.0,2.059123,2.059123,1.5640583,-0.0,10.0,18.966114,20.555555,20.555555,2.0
resstock-amy2018-2021-release-1-82426,0.0,0.99446255,0.0,0.0,1.5567228,0.0,0.0,0.0,0.0,0.0,0.0,0.0,0.0,0.0,1.2413882,1.2413882,0.0,0.15044126,10.492988586425781,1.5785784151437383,-0.0,1.2413882,0.0,-0.0,0.0,-0.0,2.1070719,2.1070719,-0.0,0.28956378,7.023573,0.99446255,0.0,1.28468,4.082791,1.2580523,2.5051155,0.0,0.0,0.0,0.3081354,0.1383698,0.6135792,0.0,4.082791,0.0,1.7838206,1.7838206,1.28468,-0.0,9.4,18.593632,20.555555,20.555555,2.0
resstock-amy2018-2021-release-1-82426,0.0,3.9214058,0.3789545,0.0,2.4651291,0.40065405,1.3483914,0.0,0.0,0.0,0.0,0.0,0.0,0.0,1.2323762,1.2323762,0.0,0.26156235,10.492958068847656,2.744562743784627,-0.0,1.2323762,0.0,-0.0,0.0,-0.0,2.1070719,2.1070719,-0.0,0.5779219,7.023573,3.9214058,0.0,0.7254234,4.8235826,1.4600977,2.9227824,1.3483914,0.18657665,0.28213507,0.30269983,0.1383698,0.605936,0.20923826,4.8235826,0.0,2.5023398,2.5023398,0.7254234,-0.0,8.3,19.548674,20.555555,20.555555,2.0
resstock-amy2018-2021-release-1-82426,0.0,0.9770518,0.0,0.0,3.101629e-08,0.0,0.0,0.0,0.0,0.0,0.0,0.0,0.0,0.0,-1.2234651,0.0,-1.2234651,0.13813129,10.492927551269531,1.449401625607834,1.2234651,0.0,0.0,-0.0,0.0,-0.0,0.0,0.0,0.97705173,0.43139166,7.023573,5.9604645e-08,0.0,0.3274208,-0.89604425,-0.26193616,0.0,0.0,0.0,0.0,0.29232502,0.1383698,0.5982858,0.0,0.0,-0.89604425,0.8358464,0.8358464,0.3274208,-0.0,8.033334,17.856146,19.939816,19.939816,2.0
resstock-amy2018-2021-release-1-82426,0.0,3.9214058,0.0,0.0,2.4651291,0.0,2.853809,0.0,0.0,0.0,0.0,0.0,0.0,0.0,1.2333634,1.2333634,0.0,0.24939008,10.492897033691406,2.616824436657339,-0.0,1.2333634,0.0,-0.0,0.0,-0.0,3.5117865,3.5117865,-0.0,0.9122018,7.023573,3.9214058,0.0,0.32632127,4.0248137,1.1156139,2.2530177,2.853809,0.39488098,0.59712607,0.277184,0.1383698,0.55978185,0.20923826,4.0248137,0.0,0.97667265,0.97667265,0.32632127,-0.0,8.3,19.34937,19.444445,19.444445,2.0
resstock-amy2018-2021-release-1-82426,0.0,0.97420186,0.0,0.0,9.3612044e-08,0.0,0.0,0.0,0.0,0.0,0.0,0.0,0.0,0.0,-1.2244413,0.0,-1.2244413,0.12590836,10.492866516113281,1.321139613538321,1.2244413,0.0,0.0,-0.0,0.0,-0.0,0.0,0.0,0.9742017,0.76470023,7.023573,1.7881393e-07,0.0,0.32522175,-0.89921945,-0.24252546,0.0,0.0,0.0,0.0,0.26970664,0.1383698,0.53576505,0.0,0.0,-0.89921945,0.83523256,0.83523256,0.32522175,-0.0,7.8,17.312222,19.444445,19.444445,2.0
resstock-amy2018-2021-release-1-82426,0.0,3.8681142,0.0,0.0,2.4651291,0.0,2.9394772,0.0,0.0,0.0,0.0,0.0,0.0,0.0,1.2343436,1.2343436,0.0,0.23730387,10.492835998535156,2.489990568071903,-0.0,1.2343436,0.0,-0.0,0.0,-0.0,1.7353762,1.7353762,-0.0,1.0,7.023573,3.8681142,0.0,0.32412225,4.023595,1.058776,2.0307412,2.9394772,0.40673488,0.6150511,0.2631418,0.1383698,0.5047082,0.20923826,4.023595,0.0,1.866699,1.866699,0.32412225,-0.0,7.2,18.719954,19.444445,19.444445,2.0
resstock-amy2018-2021-release-1-82426,0.0,3.8448625,5.2944546,0.0,2.4651291,5.5976233,2.9768553,0.0,0.0,0.0,0.0,0.0,0.0,0.0,1.2254105,1.2254105,0.0,0.34745294,10.492805480957031,3.6457560980620656,-0.0,1.2254105,0.0,-0.0,0.0,-0.0,0.030296452,0.030296452,-0.0,1.0,7.023573,3.8448625,0.0,0.32302272,9.611185,2.5291047,4.788165,2.9768553,0.41190687,0.622872,0.2631418,0.1383698,0.49818677,0.20923825,9.611185,0.0,8.369464,8.369464,0.32302272,-0.0,6.7,18.012714,19.444445,19.444445,2.0
resstock-amy2018-2021-release-1-82426,0.0,3.7699885,0.0,0.0,2.4651291,0.0,3.0972176,0.0,0.0,0.0,0.0,0.0,0.0,0.0,1.2165773,1.2165773,0.0,0.45636845,10.492774963378906,4.788571407938434,-0.0,1.2165773,0.0,-0.0,0.0,-0.0,0.030296452,0.030296452,-0.0,1.0,7.023573,3.7699885,0.0,0.3219232,4.0036297,1.0516174,2.0327563,3.0972176,0.42856136,0.6480564,0.262666,0.1383698,0.50772834,0.20923825,4.0036297,0.0,2.7700467,2.7700467,0.3219232,-0.0,5.0,17.691992,19.444445,19.444445,2.0
resstock-amy2018-2021-release-1-82426,0.0,3.7450035,0.0,0.0,0.0,0.0,0.0,0.0,0.0,0.0,0.0,0.0,0.0,0.0,-1.2078431,0.0,-1.2078431,0.33374587,10.492744445800781,3.5019100924193935,1.2078431,0.0,0.0,-0.0,0.0,-0.0,0.0,0.0,3.7450035,0.44341424,7.023573,0.0,0.0,0.3219232,-0.88591987,-0.24047214,0.0,0.0,0.0,0.0,0.2714378,0.1383698,0.52271706,0.0,0.0,-0.88591987,2.4543605,2.4543605,0.3219232,-0.0,4.4,17.217648,19.444445,19.444445,2.0
resstock-amy2018-2021-release-1-82426,0.0,3.7450035,0.0,0.0,0.4279147,0.0,0.0,0.0,0.0,0.0,0.0,0.0,0.0,0.0,-1.2176765,0.0,-1.2176765,0.21061486,10.492713928222656,2.209921475619467,1.2176765,0.0,0.0,-0.0,0.0,-0.0,0.0,0.0,2.9934962,0.0,7.023573,0.7515073,0.0,0.3541256,-0.43563622,-0.12720883,0.0,0.0,0.0,0.0,0.292007,0.1383698,0.53760594,0.0,0.0,-0.43563622,2.4865627,2.4865627,0.3541256,-0.0,4.4,16.84037,19.444445,19.444445,2.0
resstock-amy2018-2021-release-1-82426,0.0,3.835724,0.0,0.0,2.0753703,0.0,0.0,0.0,0.0,0.0,0.0,0.0,0.0,0.0,-1.2275507,0.0,-1.2275507,0.0869717,10.492683410644531,0.9125665157948788,1.2275507,0.0,0.0,-0.0,0.0,-0.0,0.0,0.0,-0.0,0.0,7.023573,3.835724,0.0,0.32632127,1.1741409,0.37147775,0.6441484,0.0,0.0,0.0,0.3163826,0.1383698,0.54861253,0.0,1.1741409,0.0,2.4016917,2.4016917,0.32632127,-0.0,6.5,16.716713,19.444445,19.444445,2.0
resstock-amy2018-2021-release-1-82426,0.0,3.9364758,0.37906462,0.0,2.0183032,0.40077046,0.0,0.0,0.0,0.0,0.0,0.0,0.0,0.0,-0.46998996,0.0,-0.46998996,0.039570365,10.492671966552734,0.4151988606025583,0.46998996,0.0,0.0,-0.0,0.0,-0.0,0.0,0.0,-0.0,0.0,7.023573,3.9364758,0.0,0.3274208,2.1811063,0.72231483,1.2197593,0.0,0.0,0.0,0.331169,0.1383698,0.55923885,0.0,2.1811063,0.0,2.6510963,2.7464943,0.3274208,-0.09539797,8.6,16.932102,19.444445,19.444445,2.0
resstock-amy2018-2021-release-1-82426,0.0,3.9778502,0.0,0.0,1.9965634,0.0,0.0,0.0,0.0,0.0,0.0,0.0,0.0,0.0,0.0,0.0,0.0,0.039390117,10.492671966552734,0.4133075756707285,-0.0,0.0,0.0,-0.0,0.0,-0.0,0.0,0.0,-0.0,0.0,7.023573,3.9778502,0.0,0.3274208,2.1148083,0.71727866,1.238086,0.0,0.0,0.0,0.3391696,0.1383698,0.5854365,0.0,2.1148083,0.0,2.1148083,2.3239841,0.3274208,-0.20917581,9.4,17.109356,19.444445,19.444445,2.0
resstock-amy2018-2021-release-1-82426,0.0,2.0050344,0.0,0.0,0.99012923,0.0,0.0,0.0,0.0,0.0,0.0,0.0,0.0,0.0,0.0,0.0,0.0,0.03921069,10.492671966552734,0.41142489015369677,-0.0,0.0,0.0,-0.0,0.0,-0.0,0.0,0.0,-0.0,0.0,7.023573,2.0050344,0.0,0.6735616,1.3395356,0.44256783,0.7778442,0.0,0.0,0.0,0.330389,0.1383698,0.580682,0.0,1.3395356,0.0,1.3395356,1.6636908,0.6735616,-0.32415524,10.0,16.728546,19.444445,19.444445,2.0
resstock-amy2018-2021-release-1-82426,0.0,2.021681,0.0,0.0,0.98197675,0.0,0.0,0.0,0.0,0.0,0.0,0.0,0.0,0.0,0.0,0.0,0.0,0.03903208,10.492671966552734,0.40955080405146305,-0.0,0.0,0.0,-0.0,0.0,-0.0,0.0,0.0,-0.0,0.0,7.023573,2.021681,0.0,0.32632127,0.9098413,0.29930076,0.49874932,0.0,0.0,0.0,0.32895932,0.1383698,0.54817176,0.0,0.9098413,0.0,0.9098413,1.308298,0.32632127,-0.3984567,10.6,17.28364,19.444445,19.444445,2.0
resstock-amy2018-2021-release-1-82426,0.0,2.035983,0.0,0.0,0.97518307,0.0,0.0,0.0,0.0,0.0,0.0,0.0,0.0,0.0,0.0,0.0,0.0,0.038854282,10.492671966552734,0.4076852391875292,-0.0,0.0,0.0,-0.0,0.0,-0.0,0.0,0.0,-0.0,0.0,7.023573,2.035983,0.0,0.32852033,0.8645514,0.27152118,0.46081367,0.0,0.0,0.0,0.31406018,0.1383698,0.533009,0.0,0.8645514,0.0,0.8645514,1.3037034,0.32852033,-0.439152,11.1,18.043665,19.444445,19.444445,2.0
resstock-amy2018-2021-release-1-82426,0.0,2.0689116,0.0,0.0,0.96023697,0.0,0.0,0.0,0.0,0.0,0.0,0.0,0.0,0.0,0.0,0.0,0.0,0.038677294,10.492671966552734,0.4058281564736461,-0.0,0.0,0.0,-0.0,0.0,-0.0,0.0,0.0,-0.0,0.0,7.023573,2.0689116,0.0,0.32852033,0.8604645,0.26174018,0.4545115,0.0,0.0,0.0,0.30418473,0.1383698,0.5282164,0.0,0.8604645,0.0,0.8604645,1.2887573,0.32852033,-0.4282928,12.2,18.998514,19.444445,19.444445,2.0
resstock-amy2018-2021-release-1-82426,0.94183594,2.0689116,1.4850128,0.0,0.96023697,1.570047,0.0,0.0,0.0,0.0,0.0,0.0,0.0,0.0,0.0,0.0,0.0,0.038501114,10.492671966552734,0.4039795559098138,-0.0,0.0,0.0,-0.0,0.0,-0.0,0.0,0.0,-0.0,0.0,7.023573,2.0689116,0.0,0.66051817,2.8276753,0.86278594,1.4783398,0.0,0.0,0.0,0.305122,0.1383698,0.522811,0.0,2.8276753,0.0,2.8276753,3.1908023,0.66051817,-0.36312705,12.2,19.864359,19.444445,19.444445,2.0
resstock-amy2018-2021-release-1-82426,1.4121264,2.0536866,2.584704,0.0,0.96703064,2.7327082,0.0,0.0,0.0,0.0,0.0,0.0,0.0,0.0,0.0,0.0,0.0,0.03832574,10.492671966552734,0.40213939840778323,-0.0,0.0,0.0,-0.0,0.0,-0.0,0.0,0.0,-0.0,0.0,7.023573,2.0536866,0.0,0.68648255,4.197132,1.2677337,2.2630596,0.0,0.0,0.0,0.3020476,0.1383698,0.5391919,0.0,4.197132,0.0,4.197132,4.3862214,0.68648255,-0.18908945,11.7,20.381126,19.847221,19.847221,2.0
resstock-amy2018-2021-release-1-82426,0.0,1.0179915,0.0,0.0,0.48759153,0.0,0.0,0.0,0.0,0.0,0.0,0.0,0.0,0.0,0.0,0.0,0.0,0.03815116,10.492671966552734,0.4003076057910562,-0.0,0.0,0.0,-0.0,0.0,-0.0,0.0,0.0,-0.0,0.0,7.023573,1.0179915,0.0,1.5892936,2.0285013,0.6223803,1.1215456,0.0,0.0,0.0,0.3068178,0.1383698,0.5528937,0.0,2.0285013,0.0,2.0285013,2.0768852,1.5892936,-0.048383906,11.1,19.981375,20.555555,20.555555,2.0
resstock-amy2018-2021-release-1-82426,0.0,1.0025172,0.0,0.0,0.49506462,0.0,0.0,0.0,0.0,0.0,0.0,0.0,0.0,0.0,0.0,0.0,0.0,0.03797738,10.492671966552734,0.39848417805963265,-0.0,0.0,0.0,-0.0,0.0,-0.0,0.0,0.0,-0.0,0.0,7.023573,1.0025172,0.0,2.3047624,2.7929342,0.88148916,1.6372254,0.0,0.0,0.0,0.315614,0.1383698,0.5862026,0.0,2.7929342,0.0,2.7929342,2.799827,2.3047624,-0.006892956,10.0,19.787521,22.01389,22.01389,2.0
resstock-amy2018-2021-release-1-82426,0.0,1.0025172,0.0,0.0,0.49506462,0.0,0.0,0.0,0.0,0.0,0.0,0.0,0.0,0.0,0.0,0.0,0.0,0.037804388,10.492671966552734,0.3966690370370145,-0.0,0.0,0.0,-0.0,0.0,-0.0,0.0,0.0,-0.0,0.0,7.023573,1.0025172,0.0,1.7011329,2.1961975,0.7246708,1.3576803,0.0,0.0,0.0,0.32996616,0.1383698,0.6181959,0.0,2.1961975,0.0,2.1961975,2.1961975,1.7011329,-0.0,10.0,19.677208,22.222221,22.222221,2.0
resstock-amy2018-2021-release-1-82426,0.0,0.99446255,0.0,0.0,0.49914086,0.0,0.0,0.0,0.0,0.0,0.0,0.0,0.0,0.0,0.0,0.0,0.0,0.037632186,10.492671966552734,0.3948621827232017,-0.0,0.0,0.0,-0.0,0.0,-0.0,0.0,0.0,-0.0,0.0,7.023573,0.99446255,0.0,1.7554393,2.25458,0.732202,1.4181151,0.0,0.0,0.0,0.32476205,0.1383698,0.62899303,0.0,2.25458,0.0,2.25458,2.25458,1.7554393,-0.0,9.4,19.484095,22.222221,22.222221,2.0
resstock-amy2018-2021-release-1-82426,0.0,0.9879463,0.7581247,0.0,0.5025377,0.80153614,0.0,0.0,0.0,0.0,0.0,0.0,0.0,0.0,1.2414228,1.2414228,0.0,0.15001465,10.492640495300293,1.5740498313704592,-0.0,1.2414228,0.0,-0.0,0.0,-0.0,0.0,0.0,-0.0,0.0,7.023573,0.9879463,0.0,1.5640583,4.109555,1.257707,2.5887177,0.0,0.0,0.0,0.30604458,0.1383698,0.62992656,0.0,4.109555,0.0,2.868132,2.868132,1.5640583,-0.0,8.9,19.176373,20.814816,20.814816,2.0
resstock-amy2018-2021-release-1-82426,0.0,0.97420186,0.37906444,0.0,0.5100107,0.40077028,0.0,0.0,0.0,0.0,0.0,0.0,0.0,0.0,-1.099689,0.0,-1.099689,0.039387915,10.492612838745117,0.41328214559444376,1.099689,0.0,0.0,-0.0,0.0,-0.0,0.0,0.0,-0.0,0.0,7.023573,0.97420186,0.0,1.28468,1.095772,0.32418415,0.686657,0.0,0.0,0.0,0.29585,0.1383698,0.6266422,0.0,1.095772,0.0,2.195461,2.195461,1.28468,-0.0,7.8,18.567331,20.0,20.0,2.0
resstock-amy2018-2021-release-1-82426,0.0,3.8681142,0.0,0.0,2.4651291,0.0,2.9394772,0.0,0.0,0.0,0.0,0.0,0.0,0.0,1.241282,1.241282,0.0,0.15175076,10.492581367492676,1.5922571789395903,-0.0,1.241282,0.0,-0.0,0.0,-0.0,3.5117865,3.5117865,-0.0,0.48260626,7.023573,3.8681142,0.0,0.33071935,4.0371304,1.1788703,2.475117,2.9394772,0.40673488,0.6150511,0.292007,0.1383698,0.6130882,0.20923826,4.0371304,0.0,0.9289298,0.9289298,0.33071935,-0.0,7.2,19.855341,20.0,20.0,2.0
resstock-amy2018-2021-release-1-82426,0.0,0.96702856,0.0,0.0,6.3373456e-08,0.0,0.0,0.0,0.0,0.0,0.0,0.0,0.0,0.0,-1.1170542,0.0,-1.1170542,0.039381113,10.4925537109375,0.41320844233496246,1.1170542,0.0,0.0,-0.0,0.0,-0.0,0.0,0.0,0.96702844,0.3379514,7.023573,1.1920929e-07,0.0,0.3274208,-0.7896334,-0.22382538,0.0,0.0,0.0,0.0,0.2834548,0.1383698,0.5811511,0.0,0.0,-0.7896334,0.8415078,0.8415078,0.3274208,-0.0,7.2,18.001717,20.0,20.0,2.0
resstock-amy2018-2021-release-1-82426,0.0,3.8681142,0.0,0.0,2.4651291,0.0,2.9394772,0.0,0.0,0.0,0.0,0.0,0.0,0.0,1.2412826,1.2412826,0.0,0.15174402,10.492522239685059,1.5921775357040673,-0.0,1.2412826,0.0,-0.0,0.0,-0.0,3.5117865,3.5117865,-0.0,0.81915057,7.023573,3.8681142,0.0,0.32632127,4.032733,1.0966041,2.1622806,2.9394772,0.40673488,0.6150511,0.2719258,0.1383698,0.5361824,0.20923826,4.032733,0.0,0.9245317,0.9245317,0.32632127,-0.0,7.2,19.529987,20.0,20.0,2.0
resstock-amy2018-2021-release-1-82426,0.0,3.8448625,0.0,0.0,2.4651291,0.0,2.9768553,0.0,0.0,0.0,0.0,0.0,0.0,0.0,1.2322718,1.2322718,0.0,0.26285052,10.492491722106934,2.7579569366764645,-0.0,1.2322718,0.0,-0.0,0.0,-0.0,1.3408065,1.3408065,-0.0,1.0,7.023573,3.8448625,0.0,0.32522175,4.0226226,1.061419,1.92631,2.9768553,0.41190687,0.622872,0.26386243,0.1383698,0.47886917,0.20923825,4.0226226,0.0,2.0685089,2.0685089,0.32522175,-0.0,6.7,18.678486,20.0,20.0,2.0
resstock-amy2018-2021-release-1-82426,0.0,3.8177183,0.0,0.0,0.0,0.0,0.0,0.0,0.0,0.0,0.0,0.0,0.0,0.0,-1.2233618,0.0,-1.2233618,0.13942483,10.492461204528809,1.4629096268067485,1.2233618,0.0,0.0,-0.0,0.0,-0.0,0.0,0.0,3.8177183,0.43268815,7.023573,0.0,0.0,0.32412225,-0.8992396,-0.22983916,0.0,0.0,0.0,0.0,0.2555928,0.1383698,0.44344836,0.0,0.0,-0.8992396,2.4103627,2.4103627,0.32412225,-0.0,6.1,18.472279,20.0,20.0,2.0
resstock-amy2018-2021-release-1-82426,0.0,3.7450035,0.0,0.0,2.4651291,0.0,3.1373818,0.0,0.0,0.0,0.0,0.0,0.0,0.0,-0.9951251,0.0,-0.9951251,0.03929424,10.492436408996582,0.4122923053491654,0.9951251,0.0,0.0,-0.0,0.0,-0.0,3.5117865,3.5117865,-0.0,0.9134929,7.023573,3.7450035,0.0,0.32302272,1.7930267,0.44545734,0.7629022,3.1373818,0.4341189,0.6564603,0.24843876,0.1383698,0.4254829,0.20923825,1.7930267,0.0,0.7885103,0.7885103,0.32302272,-0.0,4.4,17.890152,20.0,20.0,2.0
resstock-amy2018-2021-release-1-82426,0.0,3.7450035,0.0,0.0,0.0,0.0,0.0,0.0,0.0,0.0,0.0,0.0,0.0,0.0,0.0,0.0,0.0,0.03911525,10.492436408996582,0.41041427440774214,-0.0,0.0,0.0,-0.0,0.0,-0.0,0.0,0.0,3.7450035,0.35726732,7.023573,0.0,0.0,0.3219232,0.3219232,0.07974837,0.13236135,0.0,0.0,0.0,0.24772483,0.1383698,0.41115817,0.0,0.3219232,0.0,2.4543605,2.4543605,0.3219232,-0.0,4.4,17.536753,20.0,20.0,2.0
resstock-amy2018-2021-release-1-82426,0.0,3.7247188,0.0,0.0,0.7563806,0.0,0.0,0.0,0.0,0.0,0.0,0.0,0.0,0.0,0.0,0.0,0.0,0.038937073,10.492436408996582,0.40854476451331934,-0.0,0.0,0.0,-0.0,0.0,-0.0,0.0,0.0,2.411917,0.0,7.023573,1.3128018,0.0,0.3219232,1.0783038,0.27619776,0.46969283,0.0,0.0,0.0,0.25614095,0.1383698,0.43558487,0.0,1.0783038,0.0,2.467948,2.467948,0.3219232,-0.0,3.9,17.137917,20.0,20.0,2.0
resstock-amy2018-2021-release-1-82426,0.0,3.7699885,0.0,0.0,2.1161325,0.0,0.0,0.0,0.0,0.0,0.0,0.0,0.0,0.0,0.0,0.0,0.0,0.03875971,10.492436408996582,0.406683775665897,-0.0,0.0,0.0,-0.0,0.0,-0.0,0.0,0.0,-0.0,0.0,7.023573,3.7699885,0.0,0.3541256,2.470258,0.70325035,1.2035372,0.0,0.0,0.0,0.284687,0.1383698,0.48721114,0.0,2.470258,0.0,2.470258,2.470258,0.3541256,-0.0,5.0,16.942757,20.0,20.0,2.0
resstock-amy2018-2021-release-1-82426,0.0,3.8177183,0.0,0.0,2.0862403,0.0,0.0,0.0,0.0,0.0,0.0,0.0,0.0,0.0,0.0,0.0,0.0,0.038583152,10.492436408996582,0.4048312687781035,-0.0,0.0,0.0,-0.0,0.0,-0.0,0.0,0.0,-0.0,0.0,7.023573,3.8177183,0.0,0.32632127,2.4125617,0.73068184,1.2529938,0.0,0.0,0.0,0.30286556,0.1383698,0.5193624,0.0,2.4125617,0.0,2.4125617,2.4125617,0.32632127,-0.0,6.1,16.798403,20.0,20.0,2.0
resstock-amy2018-2021-release-1-82426,0.0,3.8968074,1.1274486,0.0,2.0400429,1.192008,0.0,0.0,0.0,0.0,0.0,0.0,0.0,0.0,0.0,0.0,0.0,0.0384074,10.492436408996582,0.40298720476256733,-0.0,0.0,0.0,-0.0,0.0,-0.0,0.0,0.0,-0.0,0.0,7.023573,3.8968074,0.0,0.67466664,3.8517177,1.2570081,1.997446,0.0,0.0,0.0,0.32635,0.1383698,0.51858574,0.0,3.8517177,0.0,3.8517177,3.9067175,0.67466664,-0.05499983,7.8,17.005966,20.0,20.0,2.0
resstock-amy2018-2021-release-1-82426,0.0,3.9778502,0.0,0.0,1.9965634,0.0,0.0,0.0,0.0,0.0,0.0,0.0,0.0,0.0,0.0,0.0,0.0,0.03823245,10.492436408996582,0.4011515445319169,-0.0,0.0,0.0,-0.0,0.0,-0.0,0.0,0.0,-0.0,0.0,7.023573,3.9778502,0.0,0.682976,2.4882858,0.82362205,1.2858942,0.0,0.0,0.0,0.3309998,0.1383698,0.5167791,0.0,2.4882858,0.0,2.4882858,2.6795394,0.682976,-0.19125365,9.4,17.298096,20.0,20.0,2.0
resstock-amy2018-2021-release-1-82426,0.0,1.5017115,0.0,0.0,0.7415775,0.0,0.0,0.0,0.0,0.0,0.0,0.0,0.0,0.0,0.0,0.0,0.0,0.038058296,10.492436408996582,0.3993242489987807,-0.0,0.0,0.0,-0.0,0.0,-0.0,0.0,0.0,-0.0,0.0,7.023573,1.5017115,0.0,0.6735616,1.0749216,0.3421739,0.55536014,0.0,0.0,0.0,0.3183245,0.1383698,0.51665175,0.0,1.0749216,0.0,1.0749216,1.4151392,0.6735616,-0.34021753,10.0,16.542952,19.148148,19.148148,2.0
resstock-amy2018-2021-release-1-82426,0.0,2.021681,0.0,0.0,0.98197675,0.0,0.0,0.0,0.0,0.0,0.0,0.0,0.0,0.0,0.0,0.0,0.0,0.037884936,10.492436408996582,0.39750527907578714,-0.0,0.0,0.0,-0.0,0.0,-0.0,0.0,0.0,-0.0,0.0,7.023573,2.021681,0.0,0.66648114,1.2442296,0.38857752,0.65232444,0.0,0.0,0.0,0.31230372,0.1383698,0.52427983,0.0,1.2442296,0.0,1.2442296,1.648458,0.66648114,-0.4042284,10.6,17.439985,20.555555,20.555555,2.0
resstock-amy2018-2021-release-1-82426,0.0,2.035983,0.0,0.0,0.97518307,0.0,0.0,0.0,0.0,0.0,0.0,0.0,0.0,0.0,0.0,0.0,0.0,0.037712365,10.492436408996582,0.39569459567556464,-0.0,0.0,0.0,-0.0,0.0,-0.0,0.0,0.0,-0.0,0.0,7.023573,2.035983,0.0,0.66480494,1.2163409,0.37082148,0.64370817,0.0,0.0,0.0,0.3048664,0.1383698,0.5292169,0.0,1.2163409,0.0,1.2163409,1.639988,0.66480494,-0.42364702,11.1,18.232964,20.555555,20.555555,2.0
resstock-amy2018-2021-release-1-82426,0.0,2.0877764,0.0,0.0,0.95208454,0.0,0.0,0.0,0.0,0.0,0.0,0.0,0.0,0.0,0.0,0.0,0.0,0.03754058,10.492436408996582,0.39389215971074165,-0.0,0.0,0.0,-0.0,0.0,-0.0,0.0,0.0,-0.0,0.0,7.023573,2.0877764,0.0,0.66235816,1.2465345,0.37703812,0.68165797,0.0,0.0,0.0,0.30246907,0.1383698,0.54684246,0.0,1.2465345,0.0,1.2465345,1.6144427,0.66235816,-0.36790824,12.8,19.250145,21.11111,21.11111,2.0
resstock-amy2018-2021-release-1-82426,0.0,2.1040165,0.0,0.0,0.9452908,0.0,0.0,0.0,0.0,0.0,0.0,0.0,0.0,0.0,0.0,0.0,0.0,0.03736958,10.492436408996582,0.3920979320939466,-0.0,0.0,0.0,-0.0,0.0,-0.0,0.0,0.0,-0.0,0.0,7.023573,2.1040165,0.0,0.66051817,1.2476721,0.38464266,0.69126976,0.0,0.0,0.0,0.30828828,0.1383698,0.55404764,0.0,1.2476721,0.0,1.2476721,1.605809,0.66051817,-0.35813695,13.3,20.082977,21.11111,21.11111,2.0
resstock-amy2018-2021-release-1-82426,0.0,2.141521,0.37914863,0.0,0.93034464,0.4008593,0.0,0.0,0.0,0.0,0.0,0.0,0.0,0.0,0.0,0.0,0.0,0.03719936,10.492436408996582,0.3903119128251795,-0.0,0.0,0.0,-0.0,0.0,-0.0,0.0,0.0,-0.0,0.0,7.023573,2.141521,0.0,0.68648255,1.7261398,0.54226685,0.9581512,0.0,0.0,0.0,0.31415,0.1383698,0.5550832,0.0,1.7261398,0.0,1.7261398,2.0176866,0.68648255,-0.29154688,14.4,21.06327,21.11111,21.11111,2.0
resstock-amy2018-2021-release-1-82426,0.0,2.1630793,0.0,0.0,0.9221922,0.0,0.0,0.0,0.0,0.0,0.0,0.0,0.0,0.0,0.0,0.0,0.0,0.03702991,10.492436408996582,0.3885339846423257,-0.0,0.0,0.0,-0.0,0.0,-0.0,0.0,0.0,-0.0,0.0,7.023573,2.1630793,0.0,1.1769859,1.9484718,0.6192438,1.0741037,0.0,0.0,0.0,0.31781,0.1383698,0.55125445,0.0,1.9484718,0.0,1.9484718,2.099178,1.1769859,-0.1507063,15.0,21.976824,21.11111,21.11111,2.0
resstock-amy2018-2021-release-1-82426,0.25236693,2.1040165,1.8957789,0.0,0.9452908,2.0043342,0.0,0.0,0.0,0.0,0.0,0.0,0.0,0.0,0.0,0.0,0.0,0.036861233,10.492436408996582,0.38676414754538513,-0.0,0.0,0.0,-0.0,0.0,-0.0,0.0,0.0,-0.0,0.0,7.023573,2.1040165,0.0,0.91722107,3.8522754,1.2715389,2.1447182,0.0,0.0,0.0,0.33007476,0.1383698,0.55674064,0.0,3.8522754,0.0,3.8522754,3.866846,0.91722107,-0.0145706525,13.3,21.918892,20.555555,20.555555,2.0
resstock-amy2018-2021-release-1-82426,0.0,1.0344558,0.7583239,0.0,0.48011848,0.8017467,0.0,0.0,0.0,0.0,0.0,0.0,0.0,0.0,0.0,0.0,0.0,0.036693327,10.492436408996582,0.38500240153435783,-0.0,0.0,0.0,-0.0,0.0,-0.0,0.0,0.0,-0.0,0.0,7.023573,1.0344558,0.0,1.0192246,2.3010898,0.7669624,1.2911929,0.0,0.0,0.0,0.333304,0.1383698,0.56112236,0.0,2.3010898,0.0,2.3010898,2.3010898,1.0192246,-0.0,12.2,21.321014,20.555555,20.555555,2.0
resstock-amy2018-2021-release-1-82426,0.0,1.0268433,0.37916276,0.0,0.48351532,0.40087423,0.0,0.0,0.0,0.0,0.0,0.0,0.0,0.0,0.0,0.0,0.0,0.036526185,10.492436408996582,0.38324866843450067,-0.0,0.0,0.0,-0.0,0.0,-0.0,0.0,0.0,-0.0,0.0,7.023573,1.0268433,0.0,1.0452783,1.9296678,0.6266867,1.0806701,0.0,0.0,0.0,0.324764,0.1383698,0.5600291,0.0,1.9296678,0.0,1.9296678,1.9296678,1.0452783,-0.0,11.7,20.97474,20.0,20.0,2.0
resstock-amy2018-2021-release-1-82426,0.10072092,1.0268433,0.0,0.0,0.48351532,0.0,0.0,0.0,0.0,0.0,0.0,0.0,0.0,0.0,0.0,0.0,0.0,0.036359806,10.492436408996582,0.38150294824581366,-0.0,0.0,0.0,-0.0,0.0,-0.0,0.0,0.0,-0.0,0.0,7.023573,1.0268433,0.0,2.3994992,2.8830144,0.89546055,1.6210028,0.0,0.0,0.0,0.3105987,0.1383698,0.5622597,0.0,2.8830144,0.0,2.8830144,2.8830144,2.3994992,-0.0,11.7,20.746094,20.0,20.0,2.0
resstock-amy2018-2021-release-1-82426,0.39051217,2.5619974,0.75832236,0.0,1.2271303,0.8017451,0.0,0.0,0.0,0.0,0.0,0.0,0.0,0.0,1.2415248,1.2415248,0.0,0.14875649,10.49240493774414,1.5608133213594897,-0.0,1.2415248,0.0,-0.0,0.0,-0.0,0.0,0.0,-0.0,0.0,7.023573,2.5619974,0.0,2.5378416,5.8082414,1.7506807,3.3042967,0.0,0.0,0.0,0.3014132,0.1383698,0.56889796,0.0,5.8082414,0.0,4.5667167,4.5667167,2.5378416,-0.0,11.1,21.322464,19.444445,19.444445,2.0
resstock-amy2018-2021-release-1-82426,1.162749,1.0025172,0.0,0.0,0.49506462,0.0,0.0,0.0,0.0,0.0,0.0,0.0,0.0,0.0,-1.0871046,0.0,-1.0871046,0.039392855,10.492377281188965,0.4133246970359927,1.0871046,0.0,0.0,-0.0,0.0,-0.0,0.0,0.0,-0.0,0.0,7.023573,1.0025172,0.0,1.1201274,0.5280875,0.15622824,0.30330294,0.0,0.0,0.0,0.2958378,0.1383698,0.5743422,0.0,0.5280875,0.0,1.615192,1.615192,1.1201274,-0.0,10.0,19.99161,17.777779,17.777779,2.0
resstock-amy2018-2021-release-1-82426,0.36731687,3.9778502,0.0,0.0,2.4651291,0.0,2.7630727,0.0,0.0,0.0,0.0,0.0,0.0,0.0,1.2412816,1.2412816,0.0,0.15175563,10.492345809936523,1.5922725587423656,-0.0,1.2412816,0.0,-0.0,0.0,-0.0,3.5117865,3.5117865,-0.0,0.48260626,7.023573,3.9778502,0.0,0.5015987,4.2080092,1.1838475,2.4348001,2.7630727,0.38232583,0.57814056,0.281332,0.1383698,0.57861096,0.20923828,4.2080092,0.0,1.2040911,1.2040911,0.5015987,-0.0,9.4,21.570572,17.777779,17.777779,2.0
resstock-amy2018-2021-release-1-82426,0.0,0.99446255,0.0,0.0,2.9916777e-08,0.0,0.0,0.0,0.0,0.0,0.0,0.0,0.0,0.0,-1.1171029,0.0,-1.1171029,0.039381094,10.492318153381348,0.41319897038159326,1.1171029,0.0,0.0,-0.0,0.0,-0.0,0.0,0.0,0.9944625,0.33390462,7.023573,5.9604645e-08,0.0,0.41776282,-0.69934,-0.198692,0.0,0.0,0.0,0.0,0.2841136,0.1383698,0.57678974,0.0,0.0,-0.69934,0.91690373,0.91690373,0.41776282,-0.0,9.4,19.389795,17.777779,17.777779,2.0
resstock-amy2018-2021-release-1-82426,0.0,0.99446255,0.0,0.0,2.2617774,0.0,0.0,0.0,0.0,0.0,0.0,0.0,0.0,0.0,1.2412826,1.2412826,0.0,0.15174401,10.492286682128906,1.5921416349056017,-0.0,1.2412826,0.0,-0.0,0.0,-0.0,3.5117865,3.5117865,-0.0,0.8151207,7.023573,0.99446255,0.0,0.32522175,3.8282819,1.0443248,2.0923972,0.0,0.0,0.0,0.272792,0.1383698,0.54656297,0.0,3.8282819,0.0,0.82436275,0.82436275,0.32522175,-0.0,9.4,18.7697,17.777779,17.777779,2.0
resstock-amy2018-2021-release-1-82426,0.0,0.96702856,0.0,0.0,2.3810055,0.0,0.0,0.0,0.0,0.0,0.0,0.0,0.0,0.0,-1.1169866,0.0,-1.1169866,0.039381143,10.49225902557373,0.41319714999106694,1.1169866,0.0,0.0,-0.0,0.0,-0.0,1.3700087,1.3700087,-0.0,1.0,7.023573,0.96702856,0.0,0.32412225,1.5881411,0.4307134,0.85951245,0.0,0.0,0.0,0.271206,0.1383698,0.5412066,0.0,1.5881411,0.0,1.9768105,1.9768105,0.32412225,-0.0,7.2,17.977781,17.777779,17.777779,2.0
resstock-amy2018-2021-release-1-82426,0.0,3.9214058,0.0,0.0,2.4651291,0.0,2.853809,0.0,0.0,0.0,0.0,0.0,0.0,0.0,1.2412826,1.2412826,0.0,0.15174405,10.492227554321289,1.592133131654208,-0.0,1.2412826,0.0,-0.0,0.0,-0.0,0.030296452,0.030296452,-0.0,1.0,7.023573,3.9214058,0.0,0.32302272,4.029434,1.0928067,2.2119734,2.853809,0.39488098,0.59712607,0.271206,0.1383698,0.54895383,0.20923826,4.029434,0.0,2.7724953,2.7724953,0.32302272,-0.0,8.3,19.421265,17.777779,17.777779,2.0
resstock-amy2018-2021-release-1-82426,0.0,0.96702856,0.0,0.0,0.0,0.0,0.0,0.0,0.0,0.0,0.0,0.0,0.0,0.0,-1.1169871,0.0,-1.1169871,0.039381143,10.492199897766113,0.4131948214704373,1.1169871,0.0,0.0,-0.0,0.0,-0.0,0.0,0.0,0.9670287,0.85319096,7.023573,0.0,0.0,0.3219232,-0.7950639,-0.20903026,0.0,0.0,0.0,0.0,0.26291,0.1383698,0.5454988,0.0,0.0,-0.7950639,0.8360103,0.8360103,0.3219232,-0.0,7.2,17.570347,17.777779,17.777779,2.0
resstock-amy2018-2021-release-1-82426,0.0,3.8681142,0.0,0.0,2.4651291,0.0,2.9394772,0.0,0.0,0.0,0.0,0.0,0.0,0.0,1.2412826,1.2412826,0.0,0.15174405,10.492168426513672,1.592124159361049,-0.0,1.2412826,0.0,-0.0,0.0,-0.0,1.0941359,1.0941359,-0.0,1.0,7.023573,3.8681142,0.0,0.4214919,4.1279035,1.1195122,2.3054755,2.9394772,0.40673488,0.6150511,0.271206,0.1383698,0.55851,0.20923826,4.1279035,0.0,2.3049617,2.3049617,0.4214919,-0.0,7.2,18.639458,17.777779,17.777779,2.0
resstock-amy2018-2021-release-1-82426,0.0,0.9879463,0.7786534,0.0,9.0957116e-08,0.82324034,0.0,0.0,0.0,0.0,0.0,0.0,0.0,0.0,-1.1169871,0.0,-1.1169871,0.039381143,10.492140769958496,0.41319249294980764,1.1169871,0.0,0.0,-0.0,0.0,-0.0,0.0,0.0,0.9879461,0.85010546,7.023573,1.7881393e-07,0.0,0.59844637,0.30469972,0.08567346,0.17101347,0.0,0.0,0.0,0.2811734,0.1383698,0.5612525,0.0,0.30469972,0.0,1.9242244,1.9242244,0.59844637,-0.0,8.9,17.23993,17.777779,17.777779,2.0
resstock-amy2018-2021-release-1-82426,0.0,0.99446255,0.0,0.0,1.4958388e-07,0.0,0.0,0.0,0.0,0.0,0.0,0.0,0.0,0.0,0.0,0.0,0.0,0.03920176,10.492140769958496,0.4113103717798836,-0.0,0.0,0.0,-0.0,0.0,-0.0,0.0,0.0,0.99446225,0.69987375,7.023573,2.9802322e-07,0.0,0.6515692,0.65156937,0.18521512,0.35971427,0.0,0.0,0.0,0.28426,0.1383698,0.55207366,0.0,0.65156937,0.0,1.1507101,1.1507101,0.6515692,-0.0,9.4,17.149162,17.777779,17.777779,2.0
resstock-amy2018-2021-release-1-82426,0.0,1.0268433,0.63861954,0.0,0.0,0.67518795,0.0,0.0,0.0,0.0,0.0,0.0,0.0,0.0,0.0,0.0,0.0,0.03902319,10.492140769958496,0.40943681050313785,-0.0,0.0,0.0,-0.0,0.0,-0.0,0.0,0.0,1.0268433,0.545491,7.023573,0.0,0.0,0.9055754,1.4811392,0.42287177,0.8213798,0.0,0.0,0.0,0.2855044,0.1383698,0.55455947,0.0,1.4811392,0.0,1.9646544,2.0642786,0.9055754,-0.09962424,11.7,17.028397,17.777779,17.777779,2.0
resstock-amy2018-2021-release-1-82426,0.37992167,0.57821673,9.393298,0.0,0.0,9.931173,0.0,0.0,0.0,0.0,0.0,0.0,0.0,0.0,0.0,0.0,0.0,0.038845435,10.492140769958496,0.40757177003330014,-0.0,0.0,0.0,-0.0,0.0,-0.0,0.0,0.0,0.5782168,0.45792755,7.023573,0.0,0.0,1.3271673,11.013662,3.286609,6.094397,0.0,0.0,0.0,0.298412,0.1383698,0.55334884,0.0,11.013662,0.0,11.260176,11.504854,1.3271673,-0.24467862,15.0,17.113018,17.777779,17.777779,2.0
resstock-amy2018-2021-release-1-82426,0.0,1.1144307,0.0,0.0,0.0,0.0,0.0,0.0,0.0,0.0,0.0,0.0,0.0,0.0,0.0,0.0,0.0,0.038668487,10.492140769958496,0.40571521128410026,-0.0,0.0,0.0,-0.0,0.0,-0.0,0.0,0.0,1.1144308,0.29163224,7.023573,0.0,0.0,1.9811141,1.6260636,0.4642483,0.9080123,0.0,0.0,0.0,0.2855044,0.1383698,0.5584113,0.0,1.6260636,0.0,2.0756104,2.430661,1.9811141,-0.35505053,16.7,17.873837,17.777779,17.777779,2.0
resstock-amy2018-2021-release-1-82426,0.07406687,6.344603,0.0,0.0,2.4651291,0.0,0.0,0.0,0.0,0.0,0.0,0.0,0.0,0.0,0.0,0.0,0.0,0.038492348,10.492140769958496,0.4038671342555382,-0.0,0.0,0.0,-0.0,0.0,-0.0,0.0,0.0,-0.0,0.29041803,7.023573,6.344603,0.0,4.589139,6.639057,1.8810626,3.7571027,0.0,0.0,0.0,0.2833328,0.1383698,0.5659091,0.0,6.639057,0.0,6.639057,7.054268,4.589139,-0.4152106,17.8,22.221972,17.777779,17.777779,2.0
resstock-amy2018-2021-release-1-82426,0.4787735,0.67180127,0.0,0.0,0.0,0.0,0.0,0.0,0.0,0.0,0.0,0.0,0.0,0.0,0.0,0.0,0.0,0.03831701,10.492140769958496,0.40202746077507356,-0.0,0.0,0.0,-0.0,0.0,-0.0,0.0,0.0,0.67180127,0.19011204,7.023573,0.0,0.0,0.66480494,0.21568385,0.05950746,0.122123696,0.0,0.0,0.0,0.27590132,0.1383698,0.56621623,0.0,0.21568385,0.0,0.46219677,0.9113178,0.66480494,-0.4491211,19.4,21.399988,17.777779,17.777779,2.0
resstock-amy2018-2021-release-1-82426,0.8456562,0.68696284,0.0,0.0,0.0,0.0,0.0,0.0,0.0,0.0,0.0,0.0,0.0,0.0,0.0,0.0,0.0,0.038142473,10.492140769958496,0.4001961908427063,-0.0,0.0,0.0,-0.0,0.0,-0.0,0.0,0.0,0.68696284,0.087987214,7.023573,0.0,0.0,0.66235816,0.22286326,0.059230883,0.1259167,0.0,0.0,0.0,0.2657723,0.1383698,0.56499535,0.0,0.22286326,0.0,0.46937618,0.90887105,0.66235816,-0.4394949,20.0,21.575659,17.777779,17.777779,2.0
resstock-amy2018-2021-release-1-82426,0.53518456,7.028246,0.0,0.0,2.4651291,0.0,0.0,0.0,0.0,0.0,0.0,0.0,0.0,0.0,0.0,0.0,0.0,0.03796873,10.492140769958496,0.398373246285896,-0.0,0.0,0.0,-0.0,0.0,-0.0,0.0,0.0,-0.0,0.08762088,7.023573,7.028246,0.0,0.99251604,3.0653038,0.83132875,1.7316463,0.0,0.0,0.0,0.271206,0.1383698,0.56491834,0.0,3.0653038,0.0,3.0653038,3.4576452,0.99251604,-0.39234138,20.6,26.083082,19.444445,19.444445,2.0
resstock-amy2018-2021-release-1-82426,0.3975086,0.68696284,0.0,0.0,0.034245618,0.0,0.0,0.0,0.0,0.0,0.0,0.0,0.0,0.0,0.0,0.0,0.0,0.037795775,10.492140769958496,0.3965585880183724,-0.0,0.0,0.0,-0.0,0.0,-0.0,0.0,0.0,0.59152985,0.0,7.023573,0.095433,0.0,1.0455443,0.7823282,0.22172606,0.44637752,0.0,0.0,0.0,0.2834182,0.1383698,0.5705758,0.0,0.7823282,0.0,0.99459547,1.2920572,1.0455443,-0.2974617,20.0,25.247318,20.0,20.0,2.0
resstock-amy2018-2021-release-1-82426,0.1796824,0.64567554,0.0,0.0,0.2465129,0.0,0.0,0.0,0.0,0.0,0.0,0.0,0.0,0.0,0.0,0.0,0.0,0.03762361,10.492140769958496,0.39475221604013555,-0.0,0.0,0.0,-0.0,0.0,-0.0,0.0,0.0,-0.0,0.0,7.023573,0.64567554,0.0,0.33071935,0.42403358,0.12074271,0.24501596,0.0,0.0,0.0,0.284748,0.1383698,0.5778221,0.0,0.42403358,0.0,0.42403358,0.57723224,0.33071935,-0.15319866,18.3,25.010057,20.0,20.0,2.0
resstock-amy2018-2021-release-1-82426,0.26404795,0.61110777,0.0,0.0,0.24651292,0.0,0.0,0.0,0.0,0.0,0.0,0.0,0.0,0.0,0.0,0.0,0.0,0.03745223,10.492140769958496,0.392954052178645,-0.0,0.0,0.0,-0.0,0.0,-0.0,0.0,0.0,-0.0,0.0,7.023573,0.61110777,0.0,0.91722107,1.1457123,0.35289472,0.6675874,0.0,0.0,0.0,0.3080134,0.1383698,0.5826833,0.0,1.1457123,0.0,1.1457123,1.163734,0.91722107,-0.01802165,16.7,24.587154,20.0,20.0,2.0
resstock-amy2018-2021-release-1-82426,1.7587652,0.57821673,1.3872777,0.0,0.24651292,1.4667155,0.0,0.0,0.0,0.0,0.0,0.0,0.0,0.0,0.0,0.0,0.0,0.03728163,10.492140769958496,0.3911640964339007,-0.0,0.0,0.0,-0.0,0.0,-0.0,0.0,0.0,-0.0,0.0,7.023573,0.57821673,0.0,1.7011329,3.4143612,1.2184148,1.974498,0.0,0.0,0.0,0.35685,0.1383698,0.5782921,0.0,3.4143612,0.0,3.4143612,3.4143612,1.7011329,-0.0,15.0,24.297337,19.444445,19.444445,2.0
resstock-amy2018-2021-release-1-82426,0.7271883,0.5486854,0.37924996,0.0,0.2465129,0.4009664,0.0,0.0,0.0,0.0,0.0,0.0,0.0,0.0,0.0,0.0,0.0,0.037111808,10.492140769958496,0.3893823097196325,-0.0,0.0,0.0,-0.0,0.0,-0.0,0.0,0.0,-0.0,0.0,7.023573,0.5486854,0.0,1.7554393,2.4029186,0.8574815,1.3863888,0.0,0.0,0.0,0.35685,0.1383698,0.5769604,0.0,2.4029186,0.0,2.4029186,2.4029186,1.7554393,-0.0,13.3,23.871574,19.444445,19.444445,2.0
resstock-amy2018-2021-release-1-82426,3.1981635,1.0268433,1.8839953,0.0,0.48351532,1.9918759,0.0,0.0,0.0,0.0,0.0,0.0,0.0,0.0,0.0,0.0,0.0,0.03694276,10.492140769958496,0.38760865294957014,-0.0,0.0,0.0,-0.0,0.0,-0.0,0.0,0.0,-0.0,0.0,7.023573,1.0268433,0.0,1.5640583,4.0394497,1.3428658,2.3388202,0.0,0.0,0.0,0.3324378,0.1383698,0.57899475,0.0,4.0394497,0.0,4.0394497,4.0394497,1.5640583,-0.0,11.7,23.522434,17.777779,17.777779,2.0
resstock-amy2018-2021-release-1-82426,1.5635923,1.0344558,0.0,0.0,0.48011848,0.0,0.0,0.0,0.0,0.0,0.0,0.0,0.0,0.0,0.0,0.0,0.0,0.036774483,10.492140769958496,0.3858430479511732,-0.0,0.0,0.0,-0.0,0.0,-0.0,0.0,0.0,-0.0,0.0,7.023573,1.0344558,0.0,1.28468,1.7647985,0.50166166,1.0288125,0.0,0.0,0.0,0.28426,0.1383698,0.58296317,0.0,1.7647985,0.0,1.7647985,1.7647985,1.28468,-0.0,12.2,23.055927,17.777779,17.777779,2.0
resstock-amy2018-2021-release-1-82426,0.82762843,1.0268433,0.37924883,0.0,0.48351532,0.4009652,0.0,0.0,0.0,0.0,0.0,0.0,0.0,0.0,0.0,0.0,0.0,0.03660697,10.492140769958496,0.38408549472444165,-0.0,0.0,0.0,-0.0,0.0,-0.0,0.0,0.0,-0.0,0.0,7.023573,1.0268433,0.0,1.1201274,2.004608,0.55997396,1.1848347,0.0,0.0,0.0,0.2793434,0.1383698,0.5910556,0.0,2.004608,0.0,2.004608,2.004608,1.1201274,-0.0,11.7,22.391891,17.777779,17.777779,2.0
resstock-amy2018-2021-release-1-82426,0.20709136,1.0179915,0.0,0.0,0.48759153,0.0,0.0,0.0,0.0,0.0,0.0,0.0,0.0,0.0,0.0,0.0,0.0,0.036440223,10.492140769958496,0.3823359541831053,-0.0,0.0,0.0,-0.0,0.0,-0.0,0.0,0.0,-0.0,0.0,7.023573,1.0179915,0.0,0.5015987,0.9891902,0.2682743,0.5920696,0.0,0.0,0.0,0.271206,0.1383698,0.5985397,0.0,0.9891902,0.0,0.9891902,0.9891902,0.5015987,-0.0,11.1,21.654804,17.777779,17.777779,2.0
resstock-amy2018-2021-release-1-82426,0.0,0.99446255,0.0,0.0,0.49914086,0.0,0.0,0.0,0.0,0.0,0.0,0.0,0.0,0.0,0.0,0.0,0.0,0.036274236,10.492140769958496,0.3805943872408939,-0.0,0.0,0.0,-0.0,0.0,-0.0,0.0,0.0,-0.0,0.0,7.023573,0.99446255,0.0,0.41776282,0.9169037,0.26233178,0.5334155,0.0,0.0,0.0,0.28610614,0.1383698,0.5817574,0.0,0.9169037,0.0,0.9169037,0.9169037,0.41776282,-0.0,9.4,20.65271,17.777779,17.777779,2.0
resstock-amy2018-2021-release-1-82426,0.0,1.0108405,0.0,0.0,0.49098837,0.0,0.0,0.0,0.0,0.0,0.0,0.0,0.0,0.0,0.0,0.0,0.0,0.036109,10.492140769958496,0.378860715725267,-0.0,0.0,0.0,-0.0,0.0,-0.0,0.0,0.0,-0.0,0.0,7.023573,1.0108405,0.0,0.37689534,0.8678837,0.24172817,0.5196906,0.0,0.0,0.0,0.278526,0.1383698,0.5988021,0.0,0.8678837,0.0,0.8678837,0.8678837,0.37689534,-0.0,10.6,20.110428,17.777779,17.777779,2.0
resstock-amy2018-2021-release-1-82426,0.0,1.0108405,0.0,0.0,0.49098837,0.0,0.0,0.0,0.0,0.0,0.0,0.0,0.0,0.0,0.0,0.0,0.0,0.035944518,10.492140769958496,0.3771349396362247,-0.0,0.0,0.0,-0.0,0.0,-0.0,0.0,0.0,-0.0,0.0,7.023573,1.0108405,0.0,0.35591182,0.8469002,0.22989108,0.50552577,0.0,0.0,0.0,0.27145,0.1383698,0.59691304,0.0,0.8469002,0.0,0.8469002,0.8469002,0.35591182,-0.0,10.6,19.46096,17.777779,17.777779,2.0
resstock-amy2018-2021-release-1-82426,0.0,0.99446255,0.0,0.0,0.49914086,0.0,0.0,0.0,0.0,0.0,0.0,0.0,0.0,0.0,0.0,0.0,0.0,0.035780787,10.492140769958496,0.37541705897376687,-0.0,0.0,0.0,-0.0,0.0,-0.0,0.0,0.0,-0.0,0.0,7.023573,0.99446255,0.0,0.32302272,0.8221636,0.20953496,0.48669928,0.0,0.0,0.0,0.254858,0.1383698,0.5919738,0.0,0.8221636,0.0,0.8221636,0.8221636,0.32302272,-0.0,9.4,18.741589,17.777779,17.777779,2.0
resstock-amy2018-2021-release-1-82426,0.0,0.96702856,0.0,0.0,0.51408696,0.0,0.0,0.0,0.0,0.0,0.0,0.0,0.0,0.0,0.0,0.0,0.0,0.035617802,10.492140769958496,0.37370699556535314,-0.0,0.0,0.0,-0.0,0.0,-0.0,0.0,0.0,-0.0,0.0,7.023573,0.96702856,0.0,0.3219232,0.83601016,0.20868836,0.48840648,0.0,0.0,0.0,0.2496242,0.1383698,0.5842112,0.0,0.83601016,0.0,0.83601016,0.83601016,0.3219232,-0.0,7.2,18.04709,17.777779,17.777779,2.0
resstock-amy2018-2021-release-1-82426,0.0,2.411437,1.4009905,0.0,2.4651291,1.4812135,1.2355915,0.0,0.0,0.0,0.0,0.0,0.0,0.0,1.2415843,1.2415843,0.0,0.14802277,10.492109298706055,1.5530710907876255,-0.0,1.2415843,0.0,-0.0,0.0,-0.0,3.5117865,3.5117865,-0.0,0.48260626,7.023573,2.411437,0.0,0.3219232,5.5098505,1.3739132,3.1728613,1.2355915,0.17096855,0.25853303,0.2493558,0.1383698,0.5758525,0.20923826,5.5098505,0.0,2.4534886,2.4534886,0.3219232,-0.0,8.3,18.25142,17.777779,17.777779,2.0
resstock-amy2018-2021-release-1-82426,0.0,0.97420186,0.0,0.0,0.0,0.0,0.0,0.0,0.0,0.0,0.0,0.0,0.0,0.0,-1.0797659,0.0,-1.0797659,0.039395712,10.492082595825195,0.41334306754121997,1.0797659,0.0,0.0,-0.0,0.0,-0.0,0.0,0.0,0.97420186,0.33689323,7.023573,0.0,0.0,0.59844637,-0.48131955,-0.12168162,0.0,0.0,0.0,0.0,0.2528084,0.1383698,0.56567466,0.0,0.0,-0.48131955,1.1084571,1.1084571,0.59844637,-0.0,7.8,17.462345,17.777779,17.777779,2.0
resstock-amy2018-2021-release-1-82426,0.0,1.0025172,0.0,0.0,0.0,0.0,0.0,0.0,0.0,0.0,0.0,0.0,0.0,0.0,0.0,0.0,0.0,0.03921626,10.492082595825195,0.411460253257836,-0.0,0.0,0.0,-0.0,0.0,-0.0,0.0,0.0,1.0025172,0.18761012,7.023573,0.0,0.0,0.32632127,0.32632127,0.08860777,0.1828359,0.0,0.0,0.0,0.2715354,0.1383698,0.56029415,0.0,0.32632127,0.0,0.82138586,0.82138586,0.32632127,-0.0,10.0,17.299568,17.777779,17.777779,2.0
resstock-amy2018-2021-release-1-82426,0.0,1.0108405,0.569234,0.0,0.0,0.6018293,0.0,0.0,0.0,0.0,0.0,0.0,0.0,0.0,0.0,0.0,0.0,0.039037626,10.492082595825195,0.40958599882016955,-0.0,0.0,0.0,-0.0,0.0,-0.0,0.0,0.0,1.0108405,0.03772078,7.023573,0.0,0.0,0.5583296,1.1518278,0.31111792,0.64196825,0.0,0.0,0.0,0.270108,0.1383698,0.5573474,0.0,1.1518278,0.0,1.6428162,1.6511474,0.5583296,-0.008331133,10.6,16.976837,17.777779,17.777779,2.0
resstock-amy2018-2021-release-1-82426,0.0,1.0268433,0.0,0.0,0.3636052,0.0,0.0,0.0,0.0,0.0,0.0,0.0,0.0,0.0,0.0,0.0,0.0,0.038859803,10.492082595825195,0.4077202651421672,-0.0,0.0,0.0,-0.0,0.0,-0.0,0.0,0.0,0.25465357,0.0,7.023573,0.77218974,0.0,4.6056337,4.9389334,1.3883947,2.7934294,0.0,0.0,0.0,0.28111225,0.1383698,0.56559366,0.0,4.9389334,0.0,5.0588436,5.089149,4.6056337,-0.030305292,11.7,16.849909,17.777779,17.777779,2.0
resstock-amy2018-2021-release-1-82426,0.0,1.0620804,0.0,0.0,0.46856922,0.0,0.0,0.0,0.0,0.0,0.0,0.0,0.0,0.0,0.0,0.0,0.0,0.038682792,10.492082595825195,0.4058630522238289,-0.0,0.0,0.0,-0.0,0.0,-0.0,0.0,0.0,-0.0,0.0,7.023573,1.0620804,0.0,4.248979,4.611435,1.2370476,2.6344175,0.0,0.0,0.0,0.26825655,0.1383698,0.57127935,0.0,4.611435,0.0,4.611435,4.7175484,4.248979,-0.10611327,13.9,17.077978,17.777779,17.777779,2.0
resstock-amy2018-2021-release-1-82426,0.0,1.0520083,0.75864846,0.0,0.4726454,0.80208987,0.0,0.0,0.0,0.0,0.0,0.0,0.0,0.0,0.0,0.0,0.0,0.038506586,10.492082595825195,0.40401428189304767,-0.0,0.0,0.0,-0.0,0.0,-0.0,0.0,0.0,-0.0,0.0,7.023573,1.0520083,0.0,0.32632127,1.4450462,0.37430733,0.82234585,0.0,0.0,0.0,0.25902793,0.1383698,0.5690793,0.0,1.4450462,0.0,1.4450462,1.6010566,0.32632127,-0.15601034,13.3,17.177982,17.777779,17.777779,2.0
resstock-amy2018-2021-release-1-82426,0.0,1.0438882,0.0,0.0,0.47604227,0.0,0.0,0.0,0.0,0.0,0.0,0.0,0.0,0.0,0.0,0.0,0.0,0.038331185,10.492082595825195,0.4021739541498235,-0.0,0.0,0.0,-0.0,0.0,-0.0,0.0,0.0,-0.0,0.0,7.023573,1.0438882,0.0,0.32852033,0.62021816,0.15912695,0.3526998,0.0,0.0,0.0,0.2565661,0.1383698,0.5686705,0.0,0.62021816,0.0,0.62021816,0.80456257,0.32852033,-0.1843444,12.8,17.359114,17.777779,17.777779,2.0
resstock-amy2018-2021-release-1-82426,0.0,1.0620804,0.7586491,0.0,0.46856922,0.8020906,0.0,0.0,0.0,0.0,0.0,0.0,0.0,0.0,0.0,0.0,0.0,0.038156584,10.492082595825195,0.40034202990810286,-0.0,0.0,0.0,-0.0,0.0,-0.0,0.0,0.0,-0.0,0.0,7.023573,1.0620804,0.0,0.32852033,1.462196,0.33714923,0.8424089,0.0,0.0,0.0,0.23057732,0.1383698,0.57612586,0.0,1.462196,0.0,1.462196,1.5991802,0.32852033,-0.13698417,13.9,17.614986,17.777779,17.777779,2.0
resstock-amy2018-2021-release-1-82426,0.0,1.0620804,0.0,0.0,0.46856922,0.0,0.0,0.0,0.0,0.0,0.0,0.0,0.0,0.0,0.0,0.0,0.0,0.037982777,10.492082595825195,0.39851843099577877,-0.0,0.0,0.0,-0.0,0.0,-0.0,0.0,0.0,-0.0,0.0,7.023573,1.0620804,0.0,0.32852033,0.5658373,0.1353675,0.3250997,0.0,0.0,0.0,0.23923394,0.1383698,0.5745462,0.0,0.5658373,0.0,0.5658373,0.7970896,0.32852033,-0.23125224,13.9,18.03215,17.777779,17.777779,2.0
resstock-amy2018-2021-release-1-82426,0.0053341426,2.1241608,0.0,0.0,0.93713844,0.0,0.0,0.0,0.0,0.0,0.0,0.0,0.0,0.0,0.0,0.0,0.0,0.03780976,10.492082595825195,0.3967031183267977,-0.0,0.0,0.0,-0.0,0.0,-0.0,0.0,0.0,-0.0,0.0,7.023573,2.1241608,0.0,0.3274208,1.1364833,0.3057254,0.6378783,0.0,0.0,0.0,0.26901,0.1383698,0.5612738,0.0,1.1364833,0.0,1.1364833,1.2645593,0.3274208,-0.12807597,13.9,19.0807,17.777779,17.777779,2.0
resstock-amy2018-2021-release-1-82426,0.0,2.1040165,0.0,0.0,0.9452908,0.0,0.0,0.0,0.0,0.0,0.0,0.0,0.0,0.0,0.0,0.0,0.0,0.03763753,10.492082595825195,0.3948960919011597,-0.0,0.0,0.0,-0.0,0.0,-0.0,0.0,0.0,-0.0,0.0,7.023573,2.1040165,0.0,0.7538526,1.6631519,0.4761561,0.90456164,0.0,0.0,0.0,0.2862974,0.1383698,0.543884,0.0,1.6631519,0.0,1.6631519,1.6991434,0.7538526,-0.035991576,13.3,19.224678,17.777779,17.777779,2.0
resstock-amy2018-2021-release-1-82426,0.022944339,1.0438882,0.0,0.0,0.47604227,0.0,0.0,0.0,0.0,0.0,0.0,0.0,0.0,0.0,0.0,0.0,0.0,0.03746609,10.492082595825195,0.3930973126328112,-0.0,0.0,0.0,-0.0,0.0,-0.0,0.0,0.0,-0.0,0.0,7.023573,1.0438882,0.0,0.91722107,1.383629,0.41763481,0.74034196,0.0,0.0,0.0,0.3018402,0.1383698,0.5350726,0.0,1.383629,0.0,1.383629,1.3932633,0.91722107,-0.009634429,12.8,18.778095,17.777779,17.777779,2.0
resstock-amy2018-2021-release-1-82426,0.24810965,1.0344558,0.0,0.0,0.48011848,0.0,0.0,0.0,0.0,0.0,0.0,0.0,0.0,0.0,0.0,0.0,0.0,0.037295427,10.492082595825195,0.39130670234964526,-0.0,0.0,0.0,-0.0,0.0,-0.0,0.0,0.0,-0.0,0.0,7.023573,1.0344558,0.0,1.7011329,2.1812513,0.725157,1.1616323,0.0,0.0,0.0,0.33245,0.1383698,0.5325532,0.0,2.1812513,0.0,2.1812513,2.1812513,1.7011329,-0.0,12.2,18.806648,17.777779,17.777779,2.0
resstock-amy2018-2021-release-1-82426,0.16556704,1.0179915,0.0,0.0,0.48759153,0.0,0.0,0.0,0.0,0.0,0.0,0.0,0.0,0.0,0.0,0.0,0.0,0.037125543,10.492082595825195,0.3895242610516618,-0.0,0.0,0.0,-0.0,0.0,-0.0,0.0,0.0,-0.0,0.0,7.023573,1.0179915,0.0,1.7554393,2.2430308,0.7892607,1.1673927,0.0,0.0,0.0,0.3518724,0.1383698,0.5204533,0.0,2.2430308,0.0,2.2430308,2.2430308,1.7554393,-0.0,11.1,18.62463,17.777779,17.777779,2.0
resstock-amy2018-2021-release-1-82426,0.0,1.0179915,0.0,0.0,0.48759153,0.0,0.0,0.0,0.0,0.0,0.0,0.0,0.0,0.0,0.0,0.0,0.0,0.036956433,10.492082595825195,0.3877499496528074,-0.0,0.0,0.0,-0.0,0.0,-0.0,0.0,0.0,-0.0,0.0,7.023573,1.0179915,0.0,1.5640583,2.0516498,0.7096041,1.0519824,0.0,0.0,0.0,0.34587,0.1383698,0.5127495,0.0,2.0516498,0.0,2.0516498,2.0516498,1.5640583,-0.0,11.1,18.41054,19.837963,19.837963,2.0
resstock-amy2018-2021-release-1-82426,0.0,1.0179915,0.37932396,0.0,0.48759153,0.40104467,0.0,0.0,0.0,0.0,0.0,0.0,0.0,0.0,0.0,0.0,0.0,0.03678809,10.492082595825195,0.385983689980975,-0.0,0.0,0.0,-0.0,0.0,-0.0,0.0,0.0,-0.0,0.0,7.023573,1.0179915,0.0,1.28468,2.1733162,0.6668965,1.115543,0.0,0.0,0.0,0.30685663,0.1383698,0.5132907,0.0,2.1733162,0.0,2.1733162,2.1733162,1.28468,-0.0,11.1,18.010757,21.11111,21.11111,2.0
resstock-amy2018-2021-release-1-82426,0.0,3.951785,0.0,0.0,2.4651291,0.0,1.2995558,0.0,0.0,0.0,0.0,0.0,0.0,0.0,0.0,0.0,0.0,0.036620516,10.492082595825195,0.3842254820361646,-0.0,0.0,0.0,-0.0,0.0,-0.0,2.1070719,2.1070719,-0.0,0.28956378,7.023573,3.951785,0.0,0.7254234,3.1905525,0.9361287,1.6465691,1.2995558,0.17981927,0.27191678,0.29340646,0.1383698,0.5160765,0.20923825,3.1905525,0.0,2.11875,2.11875,0.7254234,-0.0,8.9,19.60578,21.11111,21.11111,2.0
resstock-amy2018-2021-release-1-82426,0.0,0.98035145,0.0,0.0,0.0,0.0,0.0,0.0,0.0,0.0,0.0,0.0,0.0,0.0,0.0,0.0,0.0,0.036453705,10.492082595825195,0.3824752867323227,-0.0,0.0,0.0,-0.0,0.0,-0.0,0.0,0.0,0.9803515,0.14374734,7.023573,0.0,0.0,0.3274208,0.3274208,0.09122717,0.1692248,0.0,0.0,0.0,0.2786236,0.1383698,0.51684195,0.0,0.3274208,0.0,0.8340347,0.8340347,0.3274208,-0.0,8.3,17.639935,20.26389,20.26389,2.0
resstock-amy2018-2021-release-1-82426,0.0,3.9778502,0.0,0.0,2.4651291,0.0,2.7630727,0.0,0.0,0.0,0.0,0.0,0.0,0.0,1.2415173,1.2415173,0.0,0.14884934,10.492051124572754,1.5617348672297737,-0.0,1.2415173,0.0,-0.0,0.0,-0.0,3.5117865,3.5117865,-0.0,0.62575513,7.023573,3.9778502,0.0,0.32632127,4.0329676,1.1049831,2.024288,2.7630727,0.38232583,0.57814056,0.2739876,0.1383698,0.50193506,0.20923828,4.0329676,0.0,1.0288138,1.0288138,0.32632127,-0.0,9.4,19.271572,20.0,20.0,2.0
resstock-amy2018-2021-release-1-82426,0.0,3.8681142,0.0,0.0,2.4651291,0.0,2.9394772,0.0,0.0,0.0,0.0,0.0,0.0,0.0,1.2325039,1.2325039,0.0,0.25998822,10.492020606994629,2.7278017465595497,-0.0,1.2325039,0.0,-0.0,0.0,-0.0,2.7422302,2.7422302,-0.0,1.0,7.023573,3.8681142,0.0,0.32522175,4.022855,1.0850347,2.085767,2.9394772,0.40673488,0.6150511,0.2697176,0.1383698,0.51847935,0.20923826,4.022855,0.0,1.33254,1.33254,0.32522175,-0.0,7.2,18.309162,20.0,20.0,2.0
resstock-amy2018-2021-release-1-82426,0.0,3.8968074,0.0,0.0,2.4651291,0.0,2.8933513,0.0,0.0,0.0,0.0,0.0,0.0,0.0,1.2235913,1.2235913,0.0,0.36988333,10.491990089416504,3.880812218711327,-0.0,1.2235913,0.0,-0.0,0.0,-0.0,0.030296452,0.030296452,-0.0,1.0,7.023573,3.8968074,0.0,0.32412225,4.0128427,1.0992733,2.0832453,2.8933513,0.40035245,0.6053998,0.2739388,0.1383698,0.51914454,0.20923826,4.0128427,0.0,2.7733908,2.7733908,0.32412225,-0.0,7.8,18.30125,20.0,20.0,2.0
resstock-amy2018-2021-release-1-82426,0.0,4.1742735,0.0,0.0,2.4651291,0.0,2.447316,0.0,0.0,0.0,0.0,0.0,0.0,0.0,1.2147785,1.2147785,0.0,0.47854754,10.491959571838379,5.020901477372689,-0.0,1.2147785,0.0,-0.0,0.0,-0.0,0.030296452,0.030296452,-0.0,1.0,7.023573,4.1742735,0.0,0.32302272,4.00293,1.0907953,2.076951,2.447316,0.3386346,0.51207215,0.2724992,0.1383698,0.51885766,0.20923826,4.00293,0.0,2.7743273,2.7743273,0.32302272,-0.0,12.78,18.63663,20.0,20.0,2.0
resstock-amy2018-2021-release-1-82426,0.0,0.9949914,0.0,0.0,0.0,0.0,0.0,0.0,0.0,0.0,0.0,0.0,0.0,0.0,-1.2060645,0.0,-1.2060645,0.3560168,10.491929054260254,3.735303162047501,1.2060645,0.0,0.0,-0.0,0.0,-0.0,0.0,0.0,0.99499154,0.84906614,7.023573,0.0,0.0,0.3219232,-0.88414127,-0.2421898,0.0,0.0,0.0,0.0,0.2739266,0.1383698,0.52024984,0.0,0.0,-0.88414127,0.8207924,0.8207924,0.3219232,-0.0,9.44,17.59349,20.0,20.0,2.0
resstock-amy2018-2021-release-1-82426,0.0,3.9214058,0.0,0.0,0.0,0.0,0.0,0.0,0.0,0.0,0.0,0.0,0.0,0.0,-1.2158905,0.0,-1.2158905,0.23297827,10.491898536682129,2.4443843644032057,1.2158905,0.0,0.0,-0.0,0.0,-0.0,0.0,0.0,3.921406,0.26708782,7.023573,0.0,0.0,0.4214919,-0.79439867,-0.22229706,0.0,0.0,0.0,0.0,0.2798306,0.1383698,0.5187515,0.0,0.0,-0.79439867,2.4479475,2.4479475,0.4214919,-0.0,8.3,18.215364,20.0,20.0,2.0
resstock-amy2018-2021-release-1-82426,0.0,3.8681142,1.6922222,0.0,1.0977854,1.7891216,0.0,0.0,0.0,0.0,0.0,0.0,0.0,0.0,-1.2257574,0.0,-1.2257574,0.10942826,10.491868019104004,1.1481068273827475,1.2257574,0.0,0.0,-0.0,0.0,-0.0,0.0,0.0,1.8031139,0.0,7.023573,2.0650003,0.0,0.59844637,2.2595959,0.6854552,1.1629559,0.0,0.0,0.0,0.303353,0.1383698,0.5146743,0.0,2.2595959,0.0,4.443916,4.443916,0.59844637,-0.0,7.2,17.873743,20.0,20.0,2.0
resstock-amy2018-2021-release-1-82426,0.0,3.8968074,0.0,0.0,2.0400429,0.0,0.0,0.0,0.0,0.0,0.0,0.0,0.0,0.0,-0.6947754,0.0,-0.6947754,0.039452124,10.491850852966309,0.4139258049013499,0.6947754,0.0,0.0,-0.0,0.0,-0.0,0.0,0.0,-0.0,0.0,7.023573,3.8968074,0.0,0.6515692,1.9968367,0.69563997,1.025337,0.0,0.0,0.0,0.348371,0.1383698,0.51348066,0.0,1.9968367,0.0,2.691612,2.691612,0.6515692,-0.0,7.8,17.864708,19.569445,19.569445,2.0
resstock-amy2018-2021-release-1-82426,0.0,4.043362,0.0,0.0,1.9639535,0.0,0.0,0.0,0.0,0.0,0.0,0.0,0.0,0.0,0.0,0.0,0.0,0.039272416,10.491850852966309,0.4120403353263207,-0.0,0.0,0.0,-0.0,0.0,-0.0,0.0,0.0,-0.0,0.0,7.023573,4.043362,0.0,0.3274208,2.2313328,0.7660344,1.1538663,0.0,0.0,0.0,0.343308,0.1383698,0.51711977,0.0,2.2313328,0.0,2.2313328,2.2913742,0.3274208,-0.060041472,10.6,18.101599,18.88889,18.88889,2.0
resstock-amy2018-2021-release-1-82426,0.0,2.0689116,0.0,0.0,0.96023697,0.0,0.0,0.0,0.0,0.0,0.0,0.0,0.0,0.0,0.0,0.0,0.0,0.039093524,10.491850852966309,0.41016342540794426,-0.0,0.0,0.0,-0.0,0.0,-0.0,0.0,0.0,-0.0,0.0,7.023573,2.0689116,0.0,0.3274208,1.1255822,0.39479795,0.58660483,0.0,0.0,0.0,0.35075,0.1383698,0.5211568,0.0,1.1255822,0.0,1.1255822,1.2876577,0.3274208,-0.16207558,12.2,17.485056,18.88889,18.88889,2.0
resstock-amy2018-2021-release-1-82426,0.0,4.137823,0.3793912,0.0,1.9204739,0.40111575,0.0,0.0,0.0,0.0,0.0,0.0,0.0,0.0,0.0,0.0,0.0,0.038915448,10.491850852966309,0.40829507514622065,-0.0,0.0,0.0,-0.0,0.0,-0.0,0.0,0.0,-0.0,0.0,7.023573,4.137823,0.0,0.32632127,2.3718896,0.73541784,1.2409674,0.0,0.0,0.0,0.31005567,0.1383698,0.52319777,0.0,2.3718896,0.0,2.3718896,2.6479108,0.32632127,-0.27602133,12.2,18.89404,18.88889,18.88889,2.0
resstock-amy2018-2021-release-1-82426,0.0,2.141521,0.3793912,0.0,0.93034464,0.40111575,0.0,0.0,0.0,0.0,0.0,0.0,0.0,0.0,0.0,0.0,0.0,0.038738184,10.491850852966309,0.40643524545595966,-0.0,0.0,0.0,-0.0,0.0,-0.0,0.0,0.0,-0.0,0.0,7.023573,2.141521,0.0,0.32632127,1.2517478,0.3877648,0.6559551,0.0,0.0,0.0,0.3097787,0.1383698,0.52403134,0.0,1.2517478,0.0,1.2517478,1.6577817,0.32632127,-0.4060339,14.4,18.516861,18.88889,18.88889,2.0
resstock-amy2018-2021-release-1-82426,0.0,2.141521,1.1381675,0.0,0.93034464,1.2033408,0.0,0.0,0.0,0.0,0.0,0.0,0.0,0.0,0.0,0.0,0.0,0.038561728,10.491850852966309,0.4045838972519711,-0.0,0.0,0.0,-0.0,0.0,-0.0,0.0,0.0,-0.0,0.0,7.023573,2.141521,0.0,0.66480494,2.359153,0.6968381,1.2397714,0.0,0.0,0.0,0.2953764,0.1383698,0.52551544,0.0,2.359153,0.0,2.359153,2.7984903,0.66480494,-0.4393373,14.4,19.394182,18.88889,18.88889,2.0
resstock-amy2018-2021-release-1-82426,0.3232308,2.2048063,0.0,0.0,0.90724605,0.0,0.0,0.0,0.0,0.0,0.0,0.0,0.0,0.0,0.0,0.0,0.0,0.038386077,10.491850852966309,0.4027409914490647,-0.0,0.0,0.0,-0.0,0.0,-0.0,0.0,0.0,-0.0,0.0,7.023573,2.2048063,0.0,0.66235816,1.1408935,0.3373081,0.60289466,0.0,0.0,0.0,0.2956526,0.1383698,0.52844083,0.0,1.1408935,0.0,1.1408935,1.5696042,0.66235816,-0.42871076,16.1,20.330849,18.88889,18.88889,2.0
resstock-amy2018-2021-release-1-82426,0.7032371,2.2755663,0.0,0.0,0.88414747,0.0,0.0,0.0,0.0,0.0,0.0,0.0,0.0,0.0,0.0,0.0,0.0,0.038211226,10.491850852966309,0.4009064889620504,-0.0,0.0,0.0,-0.0,0.0,-0.0,0.0,0.0,-0.0,0.0,7.023573,2.2755663,0.0,0.66051817,1.190165,0.35470894,0.6263221,0.0,0.0,0.0,0.29803342,0.1383698,0.5262481,0.0,1.190165,0.0,1.190165,1.5446656,0.66051817,-0.35450047,17.8,21.52171,18.88889,18.88889,2.0
resstock-amy2018-2021-release-1-82426,0.0,2.2496574,0.0,0.0,0.89229995,0.0,0.0,0.0,0.0,0.0,0.0,0.0,0.0,0.0,0.0,0.0,0.0,0.03803717,10.491850852966309,0.3990803116205477,-0.0,0.0,0.0,-0.0,0.0,-0.0,0.0,0.0,-0.0,0.0,7.023573,2.2496574,0.0,0.68648255,1.2913556,0.39605114,0.6876405,0.0,0.0,0.0,0.3066941,0.1383698,0.5324951,0.0,1.2913556,0.0,1.2913556,1.5787826,0.68648255,-0.2874269,17.2,22.430143,20.555555,20.555555,2.0
resstock-amy2018-2021-release-1-82426,0.11634823,2.2288613,0.0,0.0,0.8990936,0.0,0.0,0.0,0.0,0.0,0.0,0.0,0.0,0.0,0.0,0.0,0.0,0.037863906,10.491850852966309,0.3972624594245566,-0.0,0.0,0.0,-0.0,0.0,-0.0,0.0,0.0,-0.0,0.0,7.023573,2.2288613,0.0,1.1769859,1.9194593,0.61437905,1.0475992,0.0,0.0,0.0,0.3200792,0.1383698,0.5457783,0.0,1.9194593,0.0,1.9194593,2.0760794,1.1769859,-0.15662009,16.7,23.343208,20.555555,20.555555,2.0
resstock-amy2018-2021-release-1-82426,1.5264679,1.0620804,0.0,0.0,0.46856922,0.0,0.0,0.0,0.0,0.0,0.0,0.0,0.0,0.0,0.0,0.0,0.0,0.037691433,10.491850852966309,0.395452893288887,-0.0,0.0,0.0,-0.0,0.0,-0.0,0.0,0.0,-0.0,0.0,7.023573,1.0620804,0.0,1.4693214,1.913298,0.64888555,1.0775197,0.0,0.0,0.0,0.33914506,0.1383698,0.56317395,0.0,1.913298,0.0,1.913298,1.9378905,1.4693214,-0.024592549,13.9,22.917446,18.88889,18.88889,2.0
resstock-amy2018-2021-release-1-82426,1.4774578,1.0520083,0.0,0.0,0.4726454,0.0,0.0,0.0,0.0,0.0,0.0,0.0,0.0,0.0,0.0,0.0,0.0,0.037519746,10.491850852966309,0.3936515741283486,-0.0,0.0,0.0,-0.0,0.0,-0.0,0.0,0.0,-0.0,0.0,7.023573,1.0520083,0.0,1.7011329,2.1737783,0.7873624,1.1786066,0.0,0.0,0.0,0.36220914,0.1383698,0.54219264,0.0,2.1737783,0.0,2.1737783,2.1737783,1.7011329,-0.0,13.3,22.86401,18.88889,18.88889,2.0
resstock-amy2018-2021-release-1-82426,1.0736434,1.0438882,0.0,0.0,0.47604227,0.0,0.0,0.0,0.0,0.0,0.0,0.0,0.0,0.0,0.0,0.0,0.0,0.037348837,10.491850852966309,0.3918584237725611,-0.0,0.0,0.0,-0.0,0.0,-0.0,0.0,0.0,-0.0,0.0,7.023573,1.0438882,0.0,1.7554393,2.2314816,0.79630417,1.1892428,0.0,0.0,0.0,0.35685,0.1383698,0.53293866,0.0,2.2314816,0.0,2.2314816,2.2314816,1.7554393,-0.0,12.8,22.735586,18.88889,18.88889,2.0
resstock-amy2018-2021-release-1-82426,0.5169391,1.0179915,0.0,0.0,0.48759153,0.0,0.0,0.0,0.0,0.0,0.0,0.0,0.0,0.0,0.0,0.0,0.0,0.03717871,10.491850852966309,0.3900734813067146,-0.0,0.0,0.0,-0.0,0.0,-0.0,0.0,0.0,-0.0,0.0,7.023573,1.0179915,0.0,1.5640583,2.0516498,0.651637,1.0884024,0.0,0.0,0.0,0.3176161,0.1383698,0.53050107,0.0,2.0516498,0.0,2.0516498,2.0516498,1.5640583,-0.0,11.1,22.295216,18.935184,18.935184,2.0
resstock-amy2018-2021-release-1-82426,0.0,1.0268433,0.0,0.0,0.48351532,0.0,0.0,0.0,0.0,0.0,0.0,0.0,0.0,0.0,0.0,0.0,0.0,0.037009355,10.491850852966309,0.3882966294752386,-0.0,0.0,0.0,-0.0,0.0,-0.0,0.0,0.0,-0.0,0.0,7.023573,1.0268433,0.0,1.28468,1.7681954,0.5292686,0.9256593,0.0,0.0,0.0,0.299327,0.1383698,0.5235051,0.0,1.7681954,0.0,1.7681954,1.7681954,1.28468,-0.0,11.7,21.786402,21.11111,21.11111,2.0
resstock-amy2018-2021-release-1-82426,0.0,1.0268433,0.37939033,0.0,2.1371295,0.40111482,0.0,0.0,0.0,0.0,0.0,0.0,0.0,0.0,1.2414727,1.2414727,0.0,0.14939877,10.491819381713867,1.567464951698696,-0.0,1.2414727,0.0,-0.0,0.0,-0.0,3.5117865,3.5117865,-0.0,0.48260626,7.023573,1.0268433,0.0,0.7254234,4.505141,1.3279574,2.2429898,0.0,0.0,0.0,0.2947649,0.1383698,0.49787343,0.0,4.505141,0.0,1.610054,1.610054,0.7254234,-0.0,11.7,21.09568,20.810184,20.810184,2.0
resstock-amy2018-2021-release-1-82426,0.0,4.210013,0.0,0.0,2.4651291,0.0,2.3898633,0.0,0.0,0.0,0.0,0.0,0.0,0.0,1.2324599,1.2324599,0.0,0.2605315,10.491788864135742,2.733441646606309,-0.0,1.2324599,0.0,-0.0,0.0,-0.0,3.5117865,3.5117865,-0.0,0.9632032,7.023573,4.210013,0.0,0.3274208,4.0250096,1.1372255,1.8631036,2.3898633,0.3306849,0.50005084,0.2825398,0.1383698,0.46288177,0.20923826,4.0250096,0.0,1.2161992,1.2161992,0.3274208,-0.0,13.33,22.910866,20.0,20.0,2.0
resstock-amy2018-2021-release-1-82426,0.0,0.9879463,0.0,0.0,0.0,0.0,0.0,0.0,0.0,0.0,0.0,0.0,0.0,0.0,-1.2235478,0.0,-1.2235478,0.13709615,10.491758346557617,1.4383796939796696,1.2235478,0.0,0.0,-0.0,0.0,-0.0,0.0,0.0,0.9879465,0.8134617,7.023573,0.0,0.0,0.32632127,-0.8972266,-0.24954273,0.0,0.0,0.0,0.0,0.27812678,0.1383698,0.46690562,0.0,0.0,-0.8972266,0.8288591,0.8288591,0.32632127,-0.0,8.9,20.59124,20.0,20.0,2.0
