cooling demand,heating demand,cooling electricity consumption,heating electricity consumption,dhw demand,dhw electricity consumption,dhw storage electricity consumption,positive dhw storage electricity consumption,negative dhw storage electricity consumption,dhw soc storage,dhw capacity,dhw stored energy (?),electrical storage electricity consumption,positive electrical storage electricity consumption,negative electrical storage electricity consumption,electrical storage soc,electrical capacity history,stored electrical energy,energy from cooling device,energy from dhw device,energy from dhw device to dhw storage,energy from dhw storage,energy from electrical storage,energy from heating device,energy to electrical storage,energy to non shiftable load,net electricity consumption,positive net electricity consumption,negative net electricity consumption,net electricity consumption without storage,net electricity consumption without storage and pv,non shiftable load,solar generation,outdoor_temperature,indoor_temperature,heating_sp,cooling_sp,comfort_band
0.0,1.7020239,0.0,0.0,0.0,0.0,0.0,0.0,0.0,0.0,0.0,0.0,0.0,0.0,0.0,0.0,16.200000000000003,0.0,0.0,-0.0,0.0,-0.0,-0.0,1.7020239,0.0,0.3824916,0.3824916,0.3824916,0.0,0.3824916,0.3824916,0.3824916,-0.0,8.9,17.765413,17.777779,17.777779,2.0
0.0,1.3152746,0.0,0.0,1.3236637,1.4197543,0.0,0.0,0.0,0.0,0.0,0.0,1.4742,1.4742,0.0,0.08758155,16.19994354248047,1.41881620691737,0.0,-0.0,0.0,-0.0,-0.0,1.3152746,1.4742,0.3722118,1.8464118,1.8464118,0.0,-0.2447952,-0.2447952,0.3722118,-0.0,8.3,17.777748,17.777779,17.777779,2.0
0.0,1.9661498,0.0,0.0,0.0,0.0,0.0,0.0,0.0,0.0,0.0,0.0,1.4742,1.4742,0.0,0.17454652,16.199886322021484,2.827633860997423,0.0,-0.0,0.0,-0.0,-0.0,1.9661498,1.4742,0.36608046,1.8402805,1.8402805,0.0,-0.2509265,-0.2509265,0.36608046,-0.0,8.3,17.777777,17.777779,17.777779,2.0
0.0,0.90839756,0.0,0.0,9.574434,10.2694845,0.0,0.0,0.0,0.0,0.0,0.0,1.4742,1.4742,0.0,0.26089928,16.1998291015625,4.226523676490615,0.0,-0.0,0.0,-0.0,-0.0,0.90839756,1.4742,0.3614834,1.8356833,1.8356833,0.0,-0.25552368,-0.25552368,0.3614834,-0.0,7.2,17.777779,17.777779,17.777779,2.0
0.0,2.2046304,0.0,0.0,0.0,0.0,0.0,0.0,0.0,0.0,0.0,0.0,1.4742,1.4742,0.0,0.3466441,16.199771881103516,5.61555540106815,0.0,-0.0,0.0,-0.0,-0.0,2.2046304,1.4742,0.34339678,1.8175968,1.8175968,0.0,-0.27361023,-0.27361023,0.34339678,-0.0,6.95,17.777779,17.777779,17.777779,2.0
0.0,2.2718542,0.0,0.0,0.0,0.0,0.0,0.0,0.0,0.0,0.0,0.0,1.4742,1.4742,0.0,0.43178526,16.19971466064453,6.994797936536315,0.0,-0.0,0.0,-0.0,-0.0,2.2718542,1.4742,0.34339678,1.8175968,1.8175968,0.0,-0.27361023,-0.27361023,0.34339678,-0.0,6.7,17.777779,17.777779,17.777779,2.0
0.0,1.9861486,0.0,0.0,0.0,0.0,0.0,0.0,0.0,0.0,0.0,0.0,1.4742,1.4742,0.0,0.516327,16.199657440185547,8.364320907910496,0.0,-0.0,0.0,-0.0,-0.0,1.9861486,1.4742,0.39805937,1.8722594,1.8722594,0.0,-0.21894765,-0.21894765,0.39805937,-0.0,8.33,17.777779,17.777779,17.777779,2.0
0.0,2.939674,0.0,0.0,0.0,0.0,0.0,0.0,0.0,0.0,0.0,0.0,1.4742,1.4742,0.0,0.60027355,16.199600219726562,9.724191525295282,0.0,-0.0,0.0,-0.0,-0.0,2.939674,1.4742,0.42093018,1.8951302,1.8951302,0.0,-0.19607687,-0.19607687,0.42093018,-0.0,4.4,17.777779,17.777779,17.777779,2.0
0.0,1.8195719,0.0,0.0,0.0,0.0,0.0,0.0,0.0,0.0,0.0,0.0,1.4742,1.4742,0.0,0.6836291,16.199542999267578,11.074478928983126,0.0,-0.0,0.0,-0.0,-0.0,1.8195719,1.4742,0.42727154,1.8763562,1.8763562,0.0,-0.21485054,-0.18973513,0.42727154,-0.025115415,8.89,17.777779,17.777779,17.777779,2.0
0.0,1.3909419,0.0,0.0,0.0,0.0,0.0,0.0,0.0,0.0,0.0,0.0,-1.296,0.0,-1.296,0.59530884,16.199493408203125,9.643701633876844,0.0,-0.0,0.0,-0.0,1.296,0.881128,0.0,0.428097,-0.94492126,0.0,-0.94492126,0.8935025,0.97052073,0.428097,-0.07701824,10.0,17.777779,17.777779,17.777779,2.0
0.0,0.3638632,0.0,0.0,1.7885343,1.9183719,0.0,0.0,0.0,0.0,0.0,0.0,-1.296,0.0,-1.296,0.5076104,16.199443817138672,8.22300584232903,0.0,-0.0,0.0,-0.0,1.296,8.940697e-08,0.0,0.4992475,-0.9162651,0.0,-0.9162651,0.76687235,0.8863849,0.4992475,-0.11951254,10.6,17.777779,17.777779,17.777779,2.0
0.0,0.47814602,0.0,0.0,0.7704113,0.8263389,0.0,0.0,0.0,0.0,0.0,0.0,-1.296,0.0,-1.296,0.4205293,16.19939422607422,6.812320010456915,0.0,-0.0,0.0,-0.0,1.296,2.9802322e-08,0.0,0.7042663,-0.7422375,0.0,-0.7422375,1.0624926,1.2129965,0.7042663,-0.15050383,11.1,17.777779,17.777779,17.777779,2.0
0.0,0.2141439,0.0,0.0,0.0,0.0,0.0,0.0,0.0,0.0,0.0,0.0,-1.296,0.0,-1.296,0.33406124,16.199344635009766,5.411573078030756,0.0,-0.0,0.0,-0.0,1.296,-8.940697e-08,0.0,0.5869461,-0.8611014,0.0,-0.8611014,0.66274023,0.81478775,0.5869461,-0.15204751,12.2,17.777779,17.777779,17.777779,2.0
0.051990125,0.0,0.0028478648,0.0,0.0,0.0,0.0,0.0,0.0,0.0,0.0,0.0,-1.296,0.0,-1.296,0.24820195,16.199295043945312,4.020696640961205,0.051990125,-0.0,0.0,-0.0,1.296,0.0,0.0,0.58621687,-0.8528265,0.0,-0.8528265,0.44317353,0.5890647,0.58621687,-0.14589119,12.8,17.777779,17.777779,17.777779,2.0
0.1733605,0.0,0.009496173,0.0,0.0,0.0,0.0,0.0,0.0,0.0,0.0,0.0,-1.296,0.0,-1.296,0.16294712,16.19924545288086,2.6396203648948813,0.1733605,-0.0,0.0,-0.0,1.296,0.0,0.0,0.5791493,-0.8327586,0.0,-0.8327586,0.4632414,0.58864546,0.5791493,-0.12540407,12.8,18.420544,17.777779,17.777779,2.0
0.0,1.4449373,0.0,0.0,0.38520566,0.41316944,0.0,0.0,0.0,0.0,0.0,0.0,-0.97691226,0.0,-0.97691226,0.09885282,16.199207305908203,1.6013373352031124,0.0,-0.0,0.0,-0.0,0.97691226,0.9351235,0.0,0.5166176,-0.5457615,0.0,-0.5457615,0.97357446,1.0590413,0.5166176,-0.08546685,13.3,19.757618,17.777779,17.777779,2.0
0.0,0.0,0.0,0.0,1.1881676,1.2744219,0.0,0.0,0.0,0.0,0.0,0.0,0.0,0.0,0.0,0.098156884,16.199207305908203,1.5900637174823373,0.0,-0.0,0.0,-0.0,-0.0,0.0,0.0,7.3732433,7.3423853,7.3423853,0.0,7.3423853,7.3732433,7.3732433,-0.030858073,11.7,19.480476,17.777779,17.777779,2.0
0.0,0.84853214,0.0,0.0,0.63700444,0.6832474,0.0,0.0,0.0,0.0,0.0,0.0,0.0,0.0,0.0,0.09746585,16.199207305908203,1.5788695160843247,0.0,-0.0,0.0,-0.0,-0.0,0.3387183,0.0,0.7388011,0.7388011,0.7388011,0.0,1.2812248,1.2812248,0.7388011,-0.0,11.7,19.99023,17.777779,17.777779,2.0
0.0,0.0,0.0,0.0,0.0,0.0,0.0,0.0,0.0,0.0,0.0,0.0,0.0,0.0,0.0,0.09677968,16.199207305908203,1.5677541275415763,0.0,-0.0,0.0,-0.0,-0.0,0.0,0.0,0.7579696,0.7579696,0.7579696,0.0,0.7579696,0.7579696,0.7579696,-0.0,10.6,19.62489,17.777779,17.777779,2.0
0.0,0.90123534,0.0,0.0,0.0,0.0,0.0,0.0,0.0,0.0,0.0,0.0,0.0,0.0,0.0,0.09609835,16.199207305908203,1.5567170690800936,0.0,-0.0,0.0,-0.0,-0.0,0.39142138,0.0,0.74286634,0.74286634,0.74286634,0.0,1.2852902,1.2852902,0.74286634,-0.0,10.6,20.131718,18.333334,18.333334,2.0
0.0,0.0,0.0,0.0,0.0,0.0,0.0,0.0,0.0,0.0,0.0,0.0,0.0,0.0,0.0,0.095421806,16.199207305908203,1.5457576165388787,0.0,-0.0,0.0,-0.0,-0.0,0.0,0.0,0.692971,0.692971,0.692971,0.0,0.692971,0.692971,0.692971,-0.0,10.6,19.497604,18.333334,18.333334,2.0
0.0,0.94524246,0.0,0.0,1.5408226,1.6526778,0.0,0.0,0.0,0.0,0.0,0.0,0.0,0.0,0.0,0.09475003,16.199207305908203,1.5348754078374327,0.0,-0.0,0.0,-0.0,-0.0,0.43542856,0.0,0.727567,0.727567,0.727567,0.0,1.2699908,1.2699908,0.727567,-0.0,8.3,19.651913,18.333334,18.333334,2.0
0.0,0.65655583,0.0,0.0,0.0,0.0,0.0,0.0,0.0,0.0,0.0,0.0,1.4742,1.4742,0.0,0.18166454,16.19915008544922,2.942811170755135,0.0,-0.0,0.0,-0.0,-0.0,0.65655583,1.4742,0.6057302,2.0799303,2.0799303,0.0,-0.011276722,-0.011276722,0.6057302,-0.0,6.7,18.921759,18.333334,18.333334,2.0
0.0,1.0003678,0.0,0.0,0.0,0.0,0.0,0.0,0.0,0.0,0.0,0.0,1.4742,1.4742,0.0,0.26796716,16.199092864990234,4.340824982770073,0.0,-0.0,0.0,-0.0,-0.0,1.0003678,1.4742,0.3998109,1.8740109,1.8740109,0.0,-0.2171961,-0.2171961,0.3998109,-0.0,8.9,19.414177,17.222221,17.222221,2.0
0.0,0.7083615,0.0,0.0,1.1567146,1.2406856,0.0,0.0,0.0,0.0,0.0,0.0,1.4742,1.4742,0.0,0.3536622,16.19903564453125,5.728986467638606,0.0,-0.0,0.0,-0.0,-0.0,0.7083615,1.4742,0.3824916,1.8566916,1.8566916,0.0,-0.23451543,-0.23451543,0.3824916,-0.0,8.9,19.074379,17.222221,17.222221,2.0
0.0,0.90108144,0.0,0.0,0.0,0.0,0.0,0.0,0.0,0.0,0.0,0.0,1.4742,1.4742,0.0,0.43875393,16.198978424072266,7.107365489518429,0.0,-0.0,0.0,-0.0,-0.0,0.90108144,1.4742,0.3722118,1.8464118,1.8464118,0.0,-0.2447952,-0.2447952,0.3722118,-0.0,8.3,18.721,17.222221,17.222221,2.0
0.0,0.8683897,0.0,0.0,0.0,0.0,0.0,0.0,0.0,0.0,0.0,0.0,1.4742,1.4742,0.0,0.5232466,16.19892120361328,8.47603022190242,0.0,-0.0,0.0,-0.0,-0.0,0.8683897,1.4742,0.34736267,1.8215626,1.8215626,0.0,-0.26964438,-0.26964438,0.34736267,-0.0,7.2,18.26845,17.222221,17.222221,2.0
0.0,0.97985137,0.0,0.0,0.0,0.0,0.0,0.0,0.0,0.0,0.0,0.0,1.4742,1.4742,0.0,0.6071444,16.198863983154297,9.835049802849198,0.0,-0.0,0.0,-0.0,-0.0,0.97985137,1.4742,0.34537974,1.8195797,1.8195797,0.0,-0.2716273,-0.2716273,0.34537974,-0.0,7.2,18.113064,17.222221,17.222221,2.0
0.0,0.94390756,0.0,0.0,0.0,0.0,0.0,0.0,0.0,0.0,0.0,0.0,1.4742,1.4742,0.0,0.6904516,16.198806762695312,11.18449240391783,0.0,-0.0,0.0,-0.0,-0.0,0.94390756,1.4742,0.34339678,1.8175968,1.8175968,0.0,-0.27361023,-0.27361023,0.34339678,-0.0,6.7,17.995956,17.222221,17.222221,2.0
0.0,1.0173299,0.0,0.0,0.0,0.0,0.0,0.0,0.0,0.0,0.0,0.0,1.4742,1.4742,0.0,0.7731724,16.198749542236328,12.52442571294523,0.0,-0.0,0.0,-0.0,-0.0,1.0173299,1.4742,0.37102103,1.845221,1.845221,0.0,-0.24598575,-0.24598575,0.37102103,-0.0,7.2,18.171495,17.222221,17.222221,2.0
0.0,0.9668705,0.0,0.0,1.1940644,1.2807468,0.0,0.0,0.0,0.0,0.0,0.0,1.4742,1.4742,0.0,0.85531074,16.198692321777344,13.854915485778747,0.0,-0.0,0.0,-0.0,-0.0,0.9668705,1.4742,0.44875607,1.9229561,1.9229561,0.0,-0.16825068,-0.16825068,0.44875607,-0.0,8.3,18.428051,17.222221,17.222221,2.0
0.0,0.94104254,0.0,0.0,1.4721342,1.579003,0.0,0.0,0.0,0.0,0.0,0.0,1.4742,1.4742,0.0,0.9368708,16.19863510131836,15.17602844285193,0.0,-0.0,0.0,-0.0,-0.0,0.94104254,1.4742,0.49053177,1.9647318,1.9647318,0.0,-0.12647498,-0.12647498,0.49053177,-0.0,8.9,18.680954,17.222221,17.222221,2.0
0.0,0.9656926,0.0,0.0,0.0,0.0,0.0,0.0,0.0,0.0,0.0,0.0,1.1281776,1.1281776,0.0,0.9972997,16.198591232299805,16.154849709439986,0.0,-0.0,0.0,-0.0,-0.0,0.9656926,1.1281776,0.50123155,1.6055434,1.6055434,0.0,0.030904055,0.054769896,0.50123155,-0.023865841,9.4,18.77427,18.333334,18.333334,2.0
0.0,0.878832,0.0,0.0,0.0,0.0,0.0,0.0,0.0,0.0,0.0,0.0,-0.8997024,0.0,-0.8997024,0.9316944,16.198556900024414,15.092104563762177,0.0,-0.0,0.0,-0.0,0.8997024,0.3690179,0.0,0.428097,-0.5307498,0.0,-0.5307498,0.9113766,0.970521,0.428097,-0.059144367,11.7,19.17456,17.777779,17.777779,2.0
0.0,0.65127,0.0,0.0,0.25483078,0.27333006,0.0,0.0,0.0,0.0,0.0,0.0,-1.296,0.0,-1.296,0.84162766,16.19850730895996,13.633111760035149,0.0,-0.0,0.0,-0.0,1.296,0.14145589,0.0,2.0994022,0.7505181,0.7505181,0.0,2.588942,2.6418262,2.0994022,-0.05288408,11.7,19.296867,17.222221,17.222221,2.0
0.0,0.7162507,0.0,0.0,1.9278575,2.067809,0.0,0.0,0.0,0.0,0.0,0.0,-1.296,0.0,-1.296,0.75219506,16.198457717895508,12.184399879120406,0.0,-0.0,0.0,-0.0,1.296,0.20643663,0.0,0.50218683,-0.8324521,0.0,-0.8324521,1.0059719,1.0446109,0.50218683,-0.038638934,12.8,19.50312,18.333334,18.333334,2.0
0.0,0.0,0.0,0.0,1.7432064,1.8697534,0.0,0.0,0.0,0.0,0.0,0.0,-1.296,0.0,-1.296,0.66339207,16.198408126831055,10.745895448648298,0.0,-0.0,0.0,-0.0,1.296,0.0,0.0,0.5869461,-0.7427941,0.0,-0.7427941,0.5532059,0.5869461,0.5869461,-0.033740204,13.9,19.457745,18.333334,18.333334,2.0
0.0,1.0211357,0.0,0.0,0.0,0.0,0.0,0.0,0.0,0.0,0.0,0.0,-1.296,0.0,-1.296,0.57521427,16.1983585357666,9.31752692814257,0.0,-0.0,0.0,-0.0,1.296,0.5113216,0.0,0.43226862,-0.89366823,0.0,-0.89366823,0.94475573,0.9746926,0.43226862,-0.02993686,13.3,19.86441,18.333334,18.333334,2.0
0.0,0.0,0.0,0.0,0.0,0.0,0.0,0.0,0.0,0.0,0.0,0.0,-1.296,0.0,-1.296,0.48765728,16.19830894470215,7.899223260749125,0.0,-0.0,0.0,-0.0,1.296,0.0,0.0,0.504531,-0.80904615,0.0,-0.80904615,0.48695385,0.504531,0.504531,-0.017577179,13.3,19.462543,18.333334,18.333334,2.0
0.0,0.956296,0.0,0.0,0.3855715,0.41356185,0.0,0.0,0.0,0.0,0.0,0.0,-1.296,0.0,-1.296,0.40071666,16.198259353637695,6.490912424991393,0.0,-0.0,0.0,-0.0,1.296,0.44648218,0.0,0.5166176,-0.79034185,0.0,-0.79034185,1.0480819,1.0590413,0.5166176,-0.01095942,12.2,19.720303,18.333334,18.333334,2.0
0.0,0.0,0.0,0.0,1.6070799,1.7237449,0.0,0.0,0.0,0.0,0.0,0.0,-1.296,0.0,-1.296,0.3143881,16.198209762573242,5.092524331250729,0.0,-0.0,0.0,-0.0,1.296,0.0,0.0,0.63635314,-0.6628053,0.0,-0.6628053,0.6331947,0.63635314,0.63635314,-0.0031584422,12.2,19.429127,17.323233,17.323233,2.0
0.0,0.8719337,0.0,0.0,1.3958013,1.4971287,0.0,0.0,0.0,0.0,0.0,0.0,-1.296,0.0,-1.296,0.22866729,16.19816017150879,3.7039893735084775,0.0,-0.0,0.0,-0.0,1.296,0.36211985,0.0,0.85266966,-0.44333035,0.0,-0.44333035,1.3950934,1.3950934,0.85266966,0.0,12.2,20.232424,17.222221,17.222221,2.0
0.0,0.0,0.0,0.0,0.0,0.0,0.0,0.0,0.0,0.0,0.0,0.0,-1.296,0.0,-1.296,0.14354998,16.198110580444336,2.325238429338583,0.0,-0.0,0.0,-0.0,1.296,0.0,0.0,0.7579696,-0.5380304,0.0,-0.5380304,0.7579696,0.7579696,0.7579696,-0.0,11.7,19.791567,17.222221,17.222221,2.0
0.0,0.76041657,0.0,0.0,1.1567146,1.2406856,0.0,0.0,0.0,0.0,0.0,0.0,-0.675877,0.0,-0.675877,0.09898939,16.198083877563477,1.6034384395651244,0.0,-0.0,0.0,-0.0,0.675877,0.25060272,0.0,0.74286634,0.06698936,0.06698936,0.0,1.28529,1.28529,0.74286634,-0.0,12.2,20.269886,17.222221,17.222221,2.0
0.0,0.0,0.0,0.0,0.7835886,0.84047276,0.0,0.0,0.0,0.0,0.0,0.0,0.0,0.0,0.0,0.0982925,16.198083877563477,1.5921501559824378,0.0,-0.0,0.0,-0.0,-0.0,0.0,0.0,0.692971,0.692971,0.692971,0.0,0.692971,0.692971,0.692971,-0.0,13.3,19.776352,17.222221,17.222221,2.0
0.0,0.7275395,0.0,0.0,0.15748894,0.16892175,0.0,0.0,0.0,0.0,0.0,0.0,0.0,0.0,0.0,0.09760051,16.198083877563477,1.5809412832149263,0.0,-0.0,0.0,-0.0,-0.0,0.21772563,0.0,0.6364818,0.6364818,0.6364818,0.0,1.1789055,1.1789055,0.6364818,-0.0,11.1,19.865482,17.222221,17.222221,2.0
0.0,0.0,0.0,0.0,0.771143,0.8271237,0.0,0.0,0.0,0.0,0.0,0.0,1.4742,1.4742,0.0,0.18449494,16.198026657104492,2.988453995528346,0.0,-0.0,0.0,-0.0,-0.0,0.0,1.4742,0.5335747,2.0077748,2.0077748,0.0,-0.0834322,-0.0834322,0.5335747,-0.0,11.1,18.982044,18.333334,18.333334,2.0
0.0,0.982905,0.0,0.0,0.0,0.0,0.0,0.0,0.0,0.0,0.0,0.0,1.4742,1.4742,0.0,0.27077764,16.197969436645508,4.386047981017214,0.0,-0.0,0.0,-0.0,-0.0,0.982905,1.4742,0.3998109,1.8740109,1.8740109,0.0,-0.2171961,-0.2171961,0.3998109,-0.0,10.6,19.72474,17.777779,17.777779,2.0
0.0,0.0,0.0,0.0,0.7718555,0.82788783,0.0,0.0,0.0,0.0,0.0,0.0,1.4742,1.4742,0.0,0.3564529,16.197912216186523,5.773792979273651,0.0,-0.0,0.0,-0.0,-0.0,0.0,1.4742,0.3824916,1.8566916,1.8566916,0.0,-0.23451543,-0.23451543,0.3824916,-0.0,10.6,18.636953,17.222221,17.222221,2.0
0.0,0.9529662,0.0,0.0,0.0,0.0,0.0,0.0,0.0,0.0,0.0,0.0,1.4742,1.4742,0.0,0.441525,16.19785499572754,7.151758125488698,0.0,-0.0,0.0,-0.0,-0.0,0.9529662,1.4742,0.34934562,1.8235457,1.8235457,0.0,-0.26766133,-0.26766133,0.34934562,-0.0,10.6,19.216644,17.222221,17.222221,2.0
0.0,0.0,0.0,0.0,0.0,0.0,0.0,0.0,0.0,0.0,0.0,0.0,1.4742,1.4742,0.0,0.52599823,16.197797775268555,8.520013036609953,0.0,-0.0,0.0,-0.0,-0.0,0.0,1.4742,0.34736267,1.8215626,1.8215626,0.0,-0.26964414,-0.26964414,0.34736267,-0.0,9.4,18.088062,17.222221,17.222221,2.0
0.0,0.97856414,0.0,0.0,0.0,0.0,0.0,0.0,0.0,0.0,0.0,0.0,1.4742,1.4742,0.0,0.6098767,16.19774055480957,9.878624432221045,0.0,-0.0,0.0,-0.0,-0.0,0.97856414,1.4742,0.34537974,1.8195797,1.8195797,0.0,-0.27162707,-0.27162707,0.34537974,-0.0,9.4,18.635845,17.222221,17.222221,2.0
0.0,0.0,0.0,0.0,0.0,0.0,0.0,0.0,0.0,0.0,0.0,0.0,1.4742,1.4742,0.0,0.6931647,16.197683334350586,11.22766241006434,0.0,-0.0,0.0,-0.0,-0.0,0.0,1.4742,0.34339678,1.8175968,1.8175968,0.0,-0.27361,-0.27361,0.34339678,-0.0,10.0,17.937395,17.222221,17.222221,2.0
0.0,1.0001808,0.0,0.0,0.0,0.0,0.0,0.0,0.0,0.0,0.0,0.0,1.4742,1.4742,0.0,0.7758663,16.1976261138916,12.567192722351251,0.0,-0.0,0.0,-0.0,-0.0,1.0001808,1.4742,0.34339678,1.8175968,1.8175968,0.0,-0.27361,-0.27361,0.34339678,-0.0,8.3,18.152699,17.222221,17.222221,2.0
0.0,0.5699787,0.0,0.0,0.0,0.0,0.0,0.0,0.0,0.0,0.0,0.0,1.4742,1.4742,0.0,0.85798573,16.197568893432617,13.897283051266186,0.0,-0.0,0.0,-0.0,-0.0,0.5699787,1.4742,0.34736267,1.8215626,1.8215626,0.0,0.107868075,0.107868075,0.34736267,-0.0,10.0,18.204815,17.222221,17.222221,2.0
0.0,0.7864324,0.0,0.0,0.0,0.0,0.0,0.0,0.0,0.0,0.0,0.0,1.4742,1.4742,0.0,0.939527,16.197511672973633,15.217999147144724,0.0,-0.0,0.0,-0.0,-0.0,0.7864324,1.4742,0.35132858,1.8255286,1.8255286,0.0,0.30608845,0.30608845,0.35132858,-0.0,8.3,18.17337,18.333334,18.333334,2.0
0.0,0.8198174,0.0,0.0,0.0,0.0,0.0,0.0,0.0,0.0,0.0,0.0,1.0843267,1.0843267,0.0,0.99733204,16.19746971130371,16.15425545324399,0.0,-0.0,0.0,-0.0,-0.0,0.8198174,1.0843267,2.400987,3.4850707,3.4850707,0.0,2.3555038,2.3557467,2.400987,-0.0002429493,10.6,18.586636,18.333334,18.333334,2.0
0.0,0.7125988,0.0,0.0,0.0,0.0,0.0,0.0,0.0,0.0,0.0,0.0,-0.8993513,0.0,-0.8993513,0.9317488,16.19743537902832,15.091941097838458,0.0,-0.0,0.0,-0.0,0.8993513,0.20278472,0.0,0.50288254,-0.40224537,0.0,-0.40224537,1.0395299,1.0453066,0.50288254,-0.0057766004,11.7,18.666895,17.222221,17.222221,2.0
0.0,0.7292388,0.0,0.0,0.0,0.0,0.0,0.0,0.0,0.0,0.0,0.0,-1.296,0.0,-1.296,0.8416818,16.197385787963867,13.63304447594544,0.0,-0.0,0.0,-0.0,1.296,0.21942472,0.0,0.4992475,-0.80883306,0.0,-0.80883306,1.0295908,1.0416714,0.4992475,-0.0120805325,12.8,18.815723,17.222221,17.222221,2.0
0.0,0.64545196,0.0,0.0,0.0,0.0,0.0,0.0,0.0,0.0,0.0,0.0,-1.296,0.0,-1.296,0.75224876,16.197336196899414,12.184426134826936,0.0,-0.0,0.0,-0.0,1.296,0.13563788,0.0,0.4267577,-0.87676203,0.0,-0.87676203,0.96166193,0.96918166,0.4267577,-0.007519705,12.8,18.614733,17.222221,17.222221,2.0
0.0,0.7461924,0.0,0.0,0.0,0.0,0.0,0.0,0.0,0.0,0.0,0.0,-1.296,0.0,-1.296,0.6634454,16.19728660583496,10.746015503512012,0.0,-0.0,0.0,-0.0,1.296,0.23637831,0.0,0.4325117,-0.8748141,0.0,-0.8748141,0.9636099,0.97493565,0.4325117,-0.011325754,11.7,18.326317,17.222221,17.222221,2.0
0.0,0.8057448,0.0,0.0,0.0,0.0,0.0,0.0,0.0,0.0,0.0,0.0,-1.296,0.0,-1.296,0.5752672,16.197237014770508,9.31773911560117,0.0,-0.0,0.0,-0.0,1.296,0.29593098,0.0,0.43226862,-0.87176865,0.0,-0.87176865,0.9666551,0.97469234,0.43226862,-0.008037242,11.7,18.188307,17.222221,17.222221,2.0
0.0,0.81972826,0.0,0.0,0.7718555,0.82788783,0.0,0.0,0.0,0.0,0.0,0.0,-1.296,0.0,-1.296,0.48770985,16.197187423706055,7.899527850017705,0.0,-0.0,0.0,-0.0,1.296,0.3099144,0.0,0.504531,-0.80001616,0.0,-0.80001616,1.0384076,1.0469548,0.504531,-0.008547174,12.1,18.344654,17.222221,17.222221,2.0
0.0,0.77711064,0.0,0.0,0.0,0.0,0.0,0.0,0.0,0.0,0.0,0.0,-1.296,0.0,-1.296,0.40076885,16.1971378326416,6.4913082421193735,0.0,-0.0,0.0,-0.0,1.296,0.2672968,0.0,0.5166176,-0.78724986,0.0,-0.78724986,1.0511739,1.0590414,0.5166176,-0.007867442,11.7,18.46368,17.222221,17.222221,2.0
0.0,0.7970818,0.0,0.0,0.0,0.0,0.0,0.0,0.0,0.0,0.0,0.0,-1.296,0.0,-1.296,0.31443992,16.19708824157715,5.093011172560125,0.0,-0.0,0.0,-0.0,1.296,0.28726798,0.0,2.3170938,1.0180273,1.0180273,0.0,2.856451,2.8595176,2.3170938,-0.0030665456,11.11,18.583948,17.222221,17.222221,2.0
0.0,0.78465897,0.0,0.0,0.0,0.0,0.0,0.0,0.0,0.0,0.0,0.0,-1.296,0.0,-1.296,0.22871877,16.197038650512695,3.7045667987752324,0.0,-0.0,0.0,-0.0,1.296,0.27484512,0.0,0.6249326,-0.6710674,0.0,-0.6710674,1.1673563,1.1673563,0.6249326,0.0,11.1,18.916233,17.222221,17.222221,2.0
0.0,0.78582835,0.0,0.0,1.5916455,1.70719,0.0,0.0,0.0,0.0,0.0,0.0,-1.296,0.0,-1.296,0.14360112,16.196989059448242,2.325905761762101,0.0,-0.0,0.0,-0.0,1.296,0.27601445,0.0,2.6577249,1.3617249,1.3617249,0.0,3.2001486,3.2001486,2.6577249,-0.0,11.1,19.26114,17.222221,17.222221,2.0
0.0,0.78284377,0.0,0.0,1.1577833,1.2418319,0.0,0.0,0.0,0.0,0.0,0.0,-0.6766707,0.0,-0.6766707,0.09898904,16.196962356567383,1.6033217490776792,0.0,-0.0,0.0,-0.0,0.6766707,0.27302986,0.0,0.74286634,0.06619567,0.06619567,0.0,1.2852902,1.2852902,0.74286634,-0.0,12.22,19.62117,17.847221,17.847221,2.0
0.0,0.7304254,0.0,0.0,0.38592774,0.41394392,0.0,0.0,0.0,0.0,0.0,0.0,0.0,0.0,0.0,0.09829215,16.196962356567383,1.5920342470718225,0.0,-0.0,0.0,-0.0,-0.0,0.36561334,0.0,0.692971,0.692971,0.692971,0.0,1.081118,1.081118,0.692971,-0.0,11.7,19.57596,18.333334,18.333334,2.0
0.0,0.7915342,0.0,0.0,0.7718555,0.82788783,0.0,0.0,0.0,0.0,0.0,0.0,0.0,0.0,0.0,0.09760016,16.196962356567383,1.5808261503829044,0.0,-0.0,0.0,-0.0,-0.0,0.7915342,0.0,0.6364818,0.6364818,0.6364818,0.0,0.6364818,0.6364818,0.6364818,-0.0,11.8,19.55065,18.333334,18.333334,2.0
0.0,0.7141292,0.0,0.0,0.38592774,0.41394392,0.0,0.0,0.0,0.0,0.0,0.0,1.4742,1.4742,0.0,0.18449461,16.1969051361084,2.988241770817467,0.0,-0.0,0.0,-0.0,-0.0,0.7141292,1.4742,0.6057302,2.0799303,2.0799303,0.0,-0.011276722,-0.011276722,0.6057302,-0.0,12.2,19.530499,18.333334,18.333334,2.0
0.0,0.6797302,0.0,0.0,0.0,0.0,0.0,0.0,0.0,0.0,0.0,0.0,1.4742,1.4742,0.0,0.27077731,16.196847915649414,4.385738988465107,0.0,-0.0,0.0,-0.0,-0.0,0.6797302,1.4742,0.44136629,1.9155663,1.9155663,0.0,-0.1756407,-0.1756407,0.44136629,-0.0,12.2,19.455822,17.777779,17.777779,2.0
0.0,0.67657447,0.0,0.0,0.0,0.0,0.0,0.0,0.0,0.0,0.0,0.0,1.4742,1.4742,0.0,0.35645258,16.19679069519043,5.773387900126863,0.0,-0.0,0.0,-0.0,-0.0,0.67657447,1.4742,0.35132858,1.8255286,1.8255286,0.0,-0.2656784,-0.2656784,0.35132858,-0.0,12.4,19.418118,17.222221,17.222221,2.0
0.0,0.6575023,0.0,0.0,0.0,0.0,0.0,0.0,0.0,0.0,0.0,0.0,1.4742,1.4742,0.0,0.44152468,16.196733474731445,7.1512576362141544,0.0,-0.0,0.0,-0.0,-0.0,0.6575023,1.4742,0.34934562,1.8235457,1.8235457,0.0,-0.26766133,-0.26766133,0.34934562,-0.0,12.2,19.292967,17.222221,17.222221,2.0
0.0,0.6821379,0.0,0.0,0.0,0.0,0.0,0.0,0.0,0.0,0.0,0.0,1.4742,1.4742,0.0,0.5259979,16.19667625427246,8.519417326162966,0.0,-0.0,0.0,-0.0,-0.0,0.6821379,1.4742,0.34736267,1.8215626,1.8215626,0.0,-0.26964438,-0.26964438,0.34736267,-0.0,12.2,19.231838,17.222221,17.222221,2.0
0.0,0.6742775,0.0,0.0,0.0,0.0,0.0,0.0,0.0,0.0,0.0,0.0,1.4742,1.4742,0.0,0.6098764,16.196619033813477,9.877935615736988,0.0,-0.0,0.0,-0.0,-0.0,0.6742775,1.4742,0.34537974,1.8195797,1.8195797,0.0,-0.2716273,-0.2716273,0.34537974,-0.0,11.7,19.105026,17.222221,17.222221,2.0
0.0,0.71638453,0.0,0.0,0.0,0.0,0.0,0.0,0.0,0.0,0.0,0.0,1.4742,1.4742,0.0,0.6931644,16.196561813354492,11.226880184340985,0.0,-0.0,0.0,-0.0,-0.0,0.71638453,1.4742,0.34339678,1.8175968,1.8175968,0.0,-0.27361023,-0.27361023,0.34339678,-0.0,11.7,19.064144,17.222221,17.222221,2.0
0.0,0.6958725,0.0,0.0,0.0,0.0,0.0,0.0,0.0,0.0,0.0,0.0,1.4742,1.4742,0.0,0.77586603,16.196504592895508,12.56631774503785,0.0,-0.0,0.0,-0.0,-0.0,0.6958725,1.4742,0.34339678,1.8175968,1.8175968,0.0,-0.27361,-0.27361,0.34339678,-0.0,11.7,19.039463,17.222221,17.222221,2.0
0.0,0.7160537,0.0,0.0,1.4077803,1.5099772,0.0,0.0,0.0,0.0,0.0,0.0,1.4742,1.4742,0.0,0.85798544,16.196447372436523,13.89631597533264,0.0,-0.0,0.0,-0.0,-0.0,0.7160537,1.4742,0.39805937,1.8722594,1.8722594,0.0,-0.21894741,-0.21894741,0.39805937,-0.0,12.2,19.192287,17.222221,17.222221,2.0
0.0,0.67808324,0.0,0.0,0.88059866,0.9445252,0.0,0.0,0.0,0.0,0.0,0.0,1.4742,1.4742,0.0,0.9395267,16.19639015197754,15.216940621015283,0.0,-0.0,0.0,-0.0,-0.0,0.67808324,1.4742,0.56013334,2.0343332,2.0343332,0.0,-0.05687356,-0.05687356,0.56013334,-0.0,12.2,19.260414,18.333334,18.333334,2.0
0.0,0.73870015,0.0,0.0,0.0,0.0,0.0,0.0,0.0,0.0,0.0,0.0,1.08321,1.08321,0.0,0.9972654,16.196348190307617,16.15205763228994,0.0,-0.0,0.0,-0.0,-0.0,0.73870015,1.08321,0.64915156,1.7276684,1.7276684,0.0,0.027451634,0.03214476,0.64915156,-0.0046931235,13.9,19.754887,18.333334,18.333334,2.0
0.0,0.5970552,0.0,0.0,1.5091919,1.6187508,0.0,0.0,0.0,0.0,0.0,0.0,-0.9000744,0.0,-0.9000744,0.93163675,16.196313858032227,15.089081215983583,0.0,-0.0,0.0,-0.0,0.9000744,0.08724111,0.0,0.80077714,-0.1373551,0.0,-0.1373551,1.3051434,1.3432012,0.80077714,-0.03805782,13.3,19.917522,18.333334,18.333334,2.0
0.0,0.6287128,0.0,0.0,9.571436,10.266269,0.0,0.0,0.0,0.0,0.0,0.0,-1.296,0.0,-1.296,0.84157044,16.196264266967773,13.630297196182596,0.0,-0.0,0.0,-0.0,1.296,0.11889869,0.0,0.85131377,-0.5035084,0.0,-0.5035084,1.3349156,1.3937378,0.85131377,-0.05882217,13.3,20.114304,17.777779,17.777779,2.0
0.0,0.0,0.0,0.0,0.67588586,0.7249514,0.0,0.0,0.0,0.0,0.0,0.0,-1.296,0.0,-1.296,0.75213826,16.19621467590332,12.181792676763735,0.0,-0.0,0.0,-0.0,1.296,0.0,0.0,3.4998186,2.1488373,2.1488373,0.0,3.4448373,3.4998186,3.4998186,-0.054981165,13.9,19.924114,17.777779,17.777779,2.0
0.0,0.88339,0.0,0.0,0.90947074,0.97549325,0.0,0.0,0.0,0.0,0.0,0.0,-1.296,0.0,-1.296,0.6633356,16.196165084838867,10.743493230151557,0.0,-0.0,0.0,-0.0,1.296,0.37357593,0.0,0.5869461,-0.7534956,0.0,-0.7534956,1.0849284,1.1293701,0.5869461,-0.044441707,15.6,20.826809,17.777779,17.777779,2.0
0.0,0.0,0.0,0.0,0.0,0.0,0.0,0.0,0.0,0.0,0.0,0.0,-1.296,0.0,-1.296,0.5751582,16.196115493774414,9.31532829113587,0.0,-0.0,0.0,-0.0,1.296,0.0,0.0,0.5092428,-0.82248086,0.0,-0.82248086,0.47351915,0.5092428,0.5092428,-0.035723634,15.6,20.588243,17.777779,17.777779,2.0
0.0,0.57942504,0.0,0.0,0.0,0.0,0.0,0.0,0.0,0.0,0.0,0.0,-1.296,0.0,-1.296,0.48760158,16.19606590270996,7.897227295369589,0.0,-0.0,0.0,-0.0,1.296,0.06961119,0.0,0.504531,-0.8520925,0.0,-0.8520925,0.9863312,1.0469548,0.504531,-0.060623553,17.2,21.267002,17.777779,17.777779,2.0
0.0,0.0,0.0,0.0,1.4502372,1.5555162,0.0,0.0,0.0,0.0,0.0,0.0,-1.296,0.0,-1.296,0.40066135,16.196016311645508,6.489117748653143,0.0,-0.0,0.0,-0.0,1.296,0.0,0.0,0.5166176,-0.8461738,0.0,-0.8461738,0.44982618,0.5166176,0.5166176,-0.06679143,13.9,20.749409,17.777779,17.777779,2.0
0.0,0.0,0.0,0.0,1.1588229,1.242947,0.0,0.0,0.0,0.0,0.0,0.0,-1.296,0.0,-1.296,0.31433317,16.195966720581055,5.090929571060826,0.0,-0.0,0.0,-0.0,1.296,0.0,0.0,0.63635314,-0.6801275,0.0,-0.6801275,0.6158725,0.63635314,0.63635314,-0.020480625,14.4,20.66805,17.777779,17.777779,2.0
0.0,0.5194579,0.0,0.0,0.0,0.0,0.0,0.0,0.0,0.0,0.0,0.0,-1.296,0.0,-1.296,0.22861278,16.1959171295166,3.702593648876018,0.0,-0.0,0.0,-0.0,1.296,0.0096440315,0.0,0.7388011,-0.557475,0.0,-0.557475,1.2809488,1.2812248,0.7388011,-0.00027609812,14.4,21.243572,17.777779,17.777779,2.0
0.0,0.0,0.0,0.0,0.0,0.0,0.0,0.0,0.0,0.0,0.0,0.0,-1.296,0.0,-1.296,0.14349586,16.19586753845215,2.3240399038785426,0.0,-0.0,0.0,-0.0,1.296,0.0,0.0,0.62903243,-0.6669676,0.0,-0.6669676,0.62903243,0.62903243,0.62903243,-0.0,15.0,20.992994,17.777779,17.777779,2.0
0.0,0.0,0.0,0.0,1.5450971,1.6572626,0.0,0.0,0.0,0.0,0.0,0.0,-0.675037,0.0,-0.675037,0.098989785,16.19584083557129,1.603222797633066,0.0,-0.0,0.0,-0.0,0.675037,0.0,0.0,0.74286634,0.06782931,0.06782931,0.0,0.74286634,0.74286634,0.74286634,-0.0,15.6,20.873665,17.222221,17.222221,2.0
0.0,0.53224,0.0,0.0,0.38627428,0.41431564,0.0,0.0,0.0,0.0,0.0,0.0,0.0,0.0,0.0,0.09829289,16.19584083557129,1.5919359565356217,0.0,-0.0,0.0,-0.0,-0.0,0.022426128,0.0,0.58371705,0.58371705,0.58371705,0.0,1.1261408,1.1261408,0.58371705,-0.0,15.0,21.15514,17.777779,17.777779,2.0
0.0,0.0,0.0,0.0,0.0,0.0,0.0,0.0,0.0,0.0,0.0,0.0,0.0,0.0,0.0,0.0976009,16.19584083557129,1.580728635925297,0.0,-0.0,0.0,-0.0,-0.0,0.0,0.0,0.45431146,0.45431146,0.45431146,0.0,0.45431146,0.45431146,0.45431146,-0.0,13.9,20.349295,18.333334,18.333334,2.0
0.0,0.0,0.0,0.0,0.0,0.0,0.0,0.0,0.0,0.0,0.0,0.0,1.4742,1.4742,0.0,0.18449534,16.195783615112305,2.988046681696659,0.0,-0.0,0.0,-0.0,-0.0,0.0,1.4742,0.38926372,1.8634638,1.8634638,0.0,-0.22774327,-0.22774327,0.38926372,-0.0,15.0,20.068733,18.333334,18.333334,2.0
0.0,0.6608971,0.0,0.0,0.0,0.0,0.0,0.0,0.0,0.0,0.0,0.0,1.4742,1.4742,0.0,0.27077803,16.19572639465332,4.385446890107403,0.0,-0.0,0.0,-0.0,-0.0,0.6608971,1.4742,0.3582555,1.8324555,1.8324555,0.0,-0.2587515,-0.2587515,0.3582555,-0.0,14.4,20.534523,17.777779,17.777779,2.0
0.0,0.0,0.0,0.0,0.0,0.0,0.0,0.0,0.0,0.0,0.0,0.0,1.4742,1.4742,0.0,0.35645327,16.195669174194336,5.772999232446239,0.0,-0.0,0.0,-0.0,-0.0,0.0,1.4742,0.35132858,1.8255286,1.8255286,0.0,-0.26567817,-0.26567817,0.35132858,-0.0,15.0,19.710726,17.222221,17.222221,2.0
0.0,0.5186595,0.0,0.0,0.0,0.0,0.0,0.0,0.0,0.0,0.0,0.0,1.4742,1.4742,0.0,0.44152537,16.19561195373535,7.150773558347794,0.0,-0.0,0.0,-0.0,-0.0,0.5186595,1.4742,0.34934562,1.8235457,1.8235457,0.0,-0.2676611,-0.2676611,0.34934562,-0.0,14.4,20.173412,17.222221,17.222221,2.0
0.0,0.0,0.0,0.0,0.0,0.0,0.0,0.0,0.0,0.0,0.0,0.0,1.4742,1.4742,0.0,0.52599853,16.195554733276367,8.518838027133029,0.0,-0.0,0.0,-0.0,-0.0,0.0,1.4742,0.34736267,1.8215626,1.8215626,0.0,-0.26964414,-0.26964414,0.34736267,-0.0,14.266666,19.370733,17.222221,17.222221,2.0
0.0,0.54017365,0.0,0.0,0.0,0.0,0.0,0.0,0.0,0.0,0.0,0.0,1.4742,1.4742,0.0,0.609877,16.195497512817383,9.877261279824552,0.0,-0.0,0.0,-0.0,-0.0,0.54017365,1.4742,0.34537974,1.8195797,1.8195797,0.0,-0.27162707,-0.27162707,0.34537974,-0.0,14.4,19.835913,17.222221,17.222221,2.0
0.0,0.0,0.0,0.0,0.0,0.0,0.0,0.0,0.0,0.0,0.0,0.0,1.4742,1.4742,0.0,0.693165,16.1954402923584,11.226112439138092,0.0,-0.0,0.0,-0.0,-0.0,0.0,1.4742,0.34339678,1.8175968,1.8175968,0.0,-0.27361,-0.27361,0.34339678,-0.0,14.4,19.298939,17.222221,17.222221,2.0
0.0,0.0,0.0,0.0,0.0,0.0,0.0,0.0,0.0,0.0,0.0,0.0,1.4742,1.4742,0.0,0.7758666,16.195383071899414,12.565457248193752,0.0,-0.0,0.0,-0.0,-0.0,0.0,1.4742,2.2707763,3.7449763,3.7449763,0.0,2.1849113,2.1849113,2.2707763,-0.0,14.4,19.158266,17.222221,17.222221,2.0
0.0,0.67367166,0.0,0.0,0.0,0.0,0.0,0.0,0.0,0.0,0.0,0.0,1.4742,1.4742,0.0,0.85798603,16.19532585144043,13.89536337981724,0.0,-0.0,0.0,-0.0,-0.0,0.67367166,1.4742,0.34736267,1.8215626,1.8215626,0.0,0.30212247,0.30212247,0.34736267,-0.0,13.9,19.77013,17.222221,17.222221,2.0
0.0,0.0,0.0,0.0,0.0,0.0,0.0,0.0,0.0,0.0,0.0,0.0,1.4742,1.4742,0.0,0.9395273,16.195268630981445,15.215896575252827,0.0,-0.0,0.0,-0.0,-0.0,0.0,1.4742,0.42093018,1.8951302,1.8951302,0.0,0.37568998,0.37568998,0.42093018,-0.0,14.4,19.384941,18.333334,18.333334,2.0
0.0,0.0,0.0,0.0,0.0,0.0,0.0,0.0,0.0,0.0,0.0,0.0,1.0820789,1.0820789,0.0,0.99719876,16.195226669311523,16.149859960807703,0.0,-0.0,0.0,-0.0,-0.0,0.0,1.0820789,0.50123155,1.5689609,1.5689609,0.0,0.4416418,0.4559914,0.50123155,-0.014349566,15.0,19.507948,18.333334,18.333334,2.0
0.0,0.5506933,0.0,0.0,2.7151177,2.91222,0.0,0.0,0.0,0.0,0.0,0.0,-0.9007976,0.0,-0.9007976,0.93152475,16.195192337036133,15.086222550785351,0.0,-0.0,0.0,-0.0,0.9007976,0.04087919,0.0,0.428097,-0.4867528,0.0,-0.4867528,0.95646876,0.970521,0.428097,-0.014052213,14.4,19.898241,18.333334,18.333334,2.0
0.0,0.0,0.0,0.0,0.0,0.0,0.0,0.0,0.0,0.0,0.0,0.0,-1.296,0.0,-1.296,0.84145933,16.19514274597168,13.627554027386282,0.0,-0.0,0.0,-0.0,1.296,0.0,0.0,0.42528802,-0.8798717,0.0,-0.8798717,0.41612828,0.42528805,0.42528802,-0.009159773,14.7,19.432528,17.777779,17.777779,2.0
0.0,0.53136307,0.0,0.0,0.386611,0.41467682,0.0,0.0,0.0,0.0,0.0,0.0,-1.296,0.0,-1.296,0.7520279,16.195093154907227,12.179162362480724,0.0,-0.0,0.0,-0.0,1.296,0.021548986,0.0,0.4267577,-0.88432693,0.0,-0.88432693,0.95409703,0.96918166,0.4267577,-0.015084649,15.2,19.936152,17.777779,17.777779,2.0
0.0,0.0,0.0,0.0,1.933055,2.073384,0.0,0.0,0.0,0.0,0.0,0.0,-1.296,0.0,-1.296,0.6632261,16.195043563842773,10.740976029557714,0.0,-0.0,0.0,-0.0,1.296,0.0,0.0,0.4325117,-0.87777936,0.0,-0.87777936,0.41822064,0.43251172,0.4325117,-0.014291069,15.7,19.670044,17.777779,17.777779,2.0
0.0,0.0,0.0,0.0,0.386611,0.41467682,0.0,0.0,0.0,0.0,0.0,0.0,-1.296,0.0,-1.296,0.5750495,16.19499397277832,9.31292350298122,0.0,-0.0,0.0,-0.0,1.296,0.0,0.0,0.43226862,-0.87803155,0.0,-0.87803155,0.41796845,0.43226862,0.43226862,-0.014300175,15.2,19.67643,17.777779,17.777779,2.0
0.0,0.58581984,0.0,0.0,0.23241824,0.2492905,0.0,0.0,0.0,0.0,0.0,0.0,-1.296,0.0,-1.296,0.48749366,16.194944381713867,7.894932775343193,0.0,-0.0,0.0,-0.0,1.296,0.07600576,0.0,1.4596016,0.123626426,0.123626426,0.0,1.9620504,2.0020256,1.4596016,-0.03997521,13.225,20.078186,17.777779,17.777779,2.0
0.0,0.0,0.0,0.0,0.2725893,0.29237774,0.0,0.0,0.0,0.0,0.0,0.0,-1.296,0.0,-1.296,0.40055418,16.194894790649414,6.486932805407378,0.0,-0.0,0.0,-0.0,1.296,0.0,0.0,0.43496457,-0.8761402,0.0,-0.8761402,0.41985983,0.43496457,0.43496457,-0.015104727,13.3,19.605694,17.777779,17.777779,2.0
0.0,0.74336374,0.0,0.0,0.0,0.0,0.0,0.0,0.0,0.0,0.0,0.0,-1.296,0.0,-1.296,0.31422678,16.19484519958496,5.088854000738536,0.0,-0.0,0.0,-0.0,1.296,0.23354965,0.0,0.5439889,-0.7559928,0.0,-0.7559928,1.0824311,1.0864128,0.5439889,-0.0039817034,12.9,20.266314,17.777779,17.777779,2.0
0.0,0.0,0.0,0.0,0.386611,0.41467682,0.0,0.0,0.0,0.0,0.0,0.0,-1.296,0.0,-1.296,0.22850713,16.194795608520508,3.7006262871101967,0.0,-0.0,0.0,-0.0,1.296,0.0,0.0,0.7388011,-0.5571989,0.0,-0.5571989,0.7388011,0.7388011,0.7388011,0.0,12.2,19.692667,17.222221,17.222221,2.0
0.0,0.699565,0.0,0.0,1.933055,2.073384,0.0,0.0,0.0,0.0,0.0,0.0,-1.296,0.0,-1.296,0.14339095,16.194746017456055,2.3221800737941294,0.0,-0.0,0.0,-0.0,1.296,0.18975115,0.0,0.7579696,-0.5380304,0.0,-0.5380304,1.3003933,1.3003933,0.7579696,-0.0,11.7,20.130253,17.222221,17.222221,2.0
0.0,0.0,0.0,0.0,0.0,0.0,0.0,0.0,0.0,0.0,0.0,0.0,-0.673409,0.0,-0.673409,0.098990515,16.194719314575195,1.6031236031971332,0.0,-0.0,0.0,-0.0,0.673409,0.0,0.0,0.74286634,0.06945735,0.06945735,0.0,0.74286634,0.74286634,0.74286634,-0.0,11.7,19.309227,18.333334,18.333334,2.0
0.0,0.6879833,0.0,0.0,0.773222,0.82935363,0.0,0.0,0.0,0.0,0.0,0.0,0.0,0.0,0.0,0.09829361,16.194719314575195,1.5918374230248133,0.0,-0.0,0.0,-0.0,-0.0,0.17816943,0.0,0.47446314,0.47446314,0.47446314,0.0,1.0168868,1.0168868,0.47446314,-0.0,11.4,19.582848,18.333334,18.333334,2.0
0.0,0.0,0.0,0.0,0.0,0.0,0.0,0.0,0.0,0.0,0.0,0.0,0.0,0.0,0.0,0.097601615,16.194719314575195,1.5806307578330205,0.0,-0.0,0.0,-0.0,-0.0,0.0,0.0,0.6364818,0.6364818,0.6364818,0.0,0.6364818,0.6364818,0.6364818,-0.0,11.1,18.60465,17.222221,17.222221,2.0
0.0,0.8186797,0.0,0.0,0.0,0.0,0.0,0.0,0.0,0.0,0.0,0.0,1.4742,1.4742,0.0,0.18449605,16.19466209411621,2.9878511082995374,0.0,-0.0,0.0,-0.0,-0.0,0.8186797,1.4742,0.5335747,2.0077748,2.0077748,0.0,-0.0834322,-0.0834322,0.5335747,-0.0,9.44,19.003782,18.333334,18.333334,2.0
0.0,0.0,0.0,0.0,0.0,0.0,0.0,0.0,0.0,0.0,0.0,0.0,1.4742,1.4742,0.0,0.27077872,16.194604873657227,4.385154307508515,0.0,-0.0,0.0,-0.0,-0.0,0.0,1.4742,0.3582555,1.8324555,1.8324555,0.0,-0.2587515,-0.2587515,0.3582555,-0.0,10.27,17.927074,17.777779,17.777779,2.0
0.0,0.99699056,0.0,0.0,0.0,0.0,0.0,0.0,0.0,0.0,0.0,0.0,1.4742,1.4742,0.0,0.35645396,16.194547653198242,5.772610563228113,0.0,-0.0,0.0,-0.0,-0.0,0.99699056,1.4742,0.35132858,1.8255286,1.8255286,0.0,-0.2656784,-0.2656784,0.35132858,-0.0,11.1,19.056034,17.777779,17.777779,2.0
0.0,0.0,0.0,0.0,0.0,0.0,0.0,0.0,0.0,0.0,0.0,0.0,1.4742,1.4742,0.0,0.44152603,16.194490432739258,7.150288996310508,0.0,-0.0,0.0,-0.0,-0.0,0.0,1.4742,0.34934562,1.8235457,1.8235457,0.0,-0.2676611,-0.2676611,0.34934562,-0.0,11.1,18.190111,17.222221,17.222221,2.0
0.0,0.8046079,0.0,0.0,0.0,0.0,0.0,0.0,0.0,0.0,0.0,0.0,1.4742,1.4742,0.0,0.5259992,16.194433212280273,8.518258726632439,0.0,-0.0,0.0,-0.0,-0.0,0.8046079,1.4742,0.34736267,1.8215626,1.8215626,0.0,-0.26964414,-0.26964414,0.34736267,-0.0,10.9,18.56197,17.222221,17.222221,2.0
0.0,0.0,0.0,0.0,0.0,0.0,0.0,0.0,0.0,0.0,0.0,0.0,1.4742,1.4742,0.0,0.60987765,16.19437599182129,9.876587907835187,0.0,-0.0,0.0,-0.0,-0.0,0.0,1.4742,0.34537974,1.8195797,1.8195797,0.0,-0.27162707,-0.27162707,0.34537974,-0.0,8.89,17.653652,17.222221,17.222221,2.0
0.0,0.8976065,0.0,0.0,0.0,0.0,0.0,0.0,0.0,0.0,0.0,0.0,1.4742,1.4742,0.0,0.6931656,16.194318771362305,11.225344692598242,0.0,-0.0,0.0,-0.0,-0.0,0.8976065,1.4742,0.34339678,1.8175968,1.8175968,0.0,-0.012521148,-0.012521148,0.34339678,-0.0,10.85,18.466892,17.222221,17.222221,2.0
0.0,0.0,0.0,0.0,0.0,0.0,0.0,0.0,0.0,0.0,0.0,0.0,1.4742,1.4742,0.0,0.7758672,16.19426155090332,12.564596750012697,0.0,-0.0,0.0,-0.0,-0.0,0.0,1.4742,0.34339678,1.8175968,1.8175968,0.0,0.29815662,0.29815662,0.34339678,-0.0,8.89,17.809978,17.222221,17.222221,2.0
0.0,0.7592386,0.0,0.0,0.0,0.0,0.0,0.0,0.0,0.0,0.0,0.0,1.4742,1.4742,0.0,0.8579866,16.194204330444336,13.894410782964883,0.0,-0.0,0.0,-0.0,-0.0,0.7592386,1.4742,0.34736267,1.8215626,1.8215626,0.0,0.30212247,0.30212247,0.34736267,-0.0,8.33,18.040665,17.222221,17.222221,2.0
0.0,0.5710071,0.0,0.0,1.2147107,1.302892,0.0,0.0,0.0,0.0,0.0,0.0,1.4742,1.4742,0.0,0.9395279,16.19414710998535,15.2148534933998,0.0,-0.0,0.0,-0.0,-0.0,0.5710071,1.4742,0.42093018,1.8951302,1.8951302,0.0,0.37568998,0.37568998,0.42093018,-0.0,8.575,18.143974,17.222221,17.222221,2.0
0.0,0.7628913,0.0,0.0,1.4527284,1.5581883,0.0,0.0,0.0,0.0,0.0,0.0,1.0809479,1.0809479,0.0,0.9971322,16.19410514831543,16.147663404041168,0.0,-0.0,0.0,-0.0,-0.0,0.7628913,1.0809479,0.50123155,1.5505325,1.5505325,0.0,0.42434442,0.45599133,0.50123155,-0.03164692,11.05,18.824114,17.222221,17.222221,2.0
0.0,0.0,0.0,0.0,0.0,0.0,0.0,0.0,0.0,0.0,0.0,0.0,-0.9015207,0.0,-0.9015207,0.9314127,16.19407081604004,15.08336317155954,0.0,-0.0,0.0,-0.0,0.9015207,0.0,0.0,0.50288254,-0.49589837,0.0,-0.49589837,0.40562236,0.50288254,0.50288254,-0.09726019,11.7,18.957294,18.333334,18.333334,2.0
0.0,0.5066477,0.0,0.0,0.0,0.0,0.0,0.0,0.0,0.0,0.0,0.0,-1.296,0.0,-1.296,0.841348,16.194021224975586,13.624807246843261,0.0,-0.0,0.0,-0.0,1.296,-1.1920929e-07,0.0,0.57320696,-0.88520676,0.0,-0.88520676,0.94984835,1.1122621,0.57320696,-0.16241373,12.2,19.74254,18.333334,18.333334,2.0
0.0,0.0,0.0,0.0,1.4171625,1.5200406,0.0,0.0,0.0,0.0,0.0,0.0,-1.296,0.0,-1.296,0.75191736,16.193971633911133,12.176528434724787,0.0,-0.0,0.0,-0.0,1.296,0.0,0.0,0.65304506,-0.83377695,0.0,-0.83377695,0.46222305,0.65304506,0.65304506,-0.19082199,12.8,20.142223,18.333334,18.333334,2.0
0.0,0.0,0.0,0.0,1.3045369,1.3992391,0.0,0.0,0.0,0.0,0.0,0.0,-1.296,0.0,-1.296,0.66311634,16.19392204284668,10.738454248398057,0.0,-0.0,0.0,-0.0,1.296,0.0,0.0,0.4325117,-1.0646853,0.0,-1.0646853,0.23131466,0.43251163,0.4325117,-0.20119697,12.8,20.263294,18.333334,18.333334,2.0
0.0,0.0,0.0,0.0,0.3703879,0.397276,0.0,0.0,0.0,0.0,0.0,0.0,-1.296,0.0,-1.296,0.5749405,16.193872451782227,9.31051316717378,0.0,-0.0,0.0,-0.0,1.296,0.0,0.0,2.5573218,1.0653259,1.0653259,0.0,2.3613257,2.5573218,2.5573218,-0.19599596,13.3,20.575726,18.333334,18.333334,2.0
0.0,0.0,0.0,0.0,0.0,0.0,0.0,0.0,0.0,0.0,0.0,0.0,-1.296,0.0,-1.296,0.48738542,16.193822860717773,7.892633188624075,0.0,-0.0,0.0,-0.0,1.296,0.0,0.0,0.42991275,-1.033395,0.0,-1.033395,0.26260495,0.4299128,0.42991275,-0.16730784,12.8,20.714602,18.333334,18.333334,2.0
0.0,0.0,0.0,0.0,0.0,0.0,0.0,0.0,0.0,0.0,0.0,0.0,-1.296,0.0,-1.296,0.4004467,16.19377326965332,6.484743276426002,0.0,-0.0,0.0,-0.0,1.296,0.0,0.0,0.43496457,-0.98131907,0.0,-0.98131907,0.31468093,0.43496454,0.43496457,-0.120283596,13.3,20.874159,18.333334,18.333334,2.0
0.0,0.0,0.0,0.0,0.0,0.0,0.0,0.0,0.0,0.0,0.0,0.0,-1.296,0.0,-1.296,0.31412005,16.193723678588867,5.086773360346797,0.0,-0.0,0.0,-0.0,1.296,0.0,0.0,0.4516246,-0.9061793,0.0,-0.9061793,0.3898207,0.4516246,0.4516246,-0.061803915,12.2,20.709354,18.333334,18.333334,2.0
0.0,0.0,0.0,0.0,0.0,0.0,0.0,0.0,0.0,0.0,0.0,0.0,-1.296,0.0,-1.296,0.22840114,16.193674087524414,3.6986536123154394,0.0,-0.0,0.0,-0.0,1.296,0.0,0.0,2.5246878,1.227928,1.227928,0.0,2.5239282,2.524688,2.5246878,-0.0007597793,11.7,20.558605,18.333334,18.333334,2.0
0.0,0.0,0.0,0.0,0.0,0.0,0.0,0.0,0.0,0.0,0.0,0.0,-1.296,0.0,-1.296,0.1432857,16.19362449645996,2.32031492902658,0.0,-0.0,0.0,-0.0,1.296,0.0,0.0,2.5287876,1.2327876,1.2327876,0.0,2.5287876,2.5287876,2.5287876,-0.0,10.0,20.130089,18.333334,18.333334,2.0
0.0,0.0,0.0,0.0,0.38693783,0.41502735,0.0,0.0,0.0,0.0,0.0,0.0,-0.6717756,0.0,-0.6717756,0.09899126,16.1935977935791,1.603024648426839,0.0,-0.0,0.0,-0.0,0.6717756,0.0,0.0,0.74286634,0.07109076,0.07109076,0.0,0.74286634,0.74286634,0.74286634,-0.0,9.4,19.66901,18.333334,18.333334,2.0
0.0,0.0,0.0,0.0,0.77387565,0.8300547,0.0,0.0,0.0,0.0,0.0,0.0,0.0,0.0,0.0,0.09829435,16.1935977935791,1.5917391291963554,0.0,-0.0,0.0,-0.0,-0.0,0.0,0.0,0.692971,0.692971,0.692971,0.0,0.692971,0.692971,0.692971,-0.0,8.89,19.11663,18.333334,18.333334,2.0
0.0,0.8353054,0.0,0.0,0.6999013,0.7507102,0.0,0.0,0.0,0.0,0.0,0.0,0.0,0.0,0.0,0.09760234,16.1935977935791,1.580532998788101,0.0,-0.0,0.0,-0.0,-0.0,0.3254913,0.0,1.5750855,1.5750855,1.5750855,0.0,2.1175094,2.1175094,1.5750855,-0.0,8.595,19.461647,18.333334,18.333334,2.0
0.0,0.0,0.0,0.0,0.0,0.0,0.0,0.0,0.0,0.0,0.0,0.0,1.4742,1.4742,0.0,0.18449676,16.193540573120117,2.9876557746340495,0.0,-0.0,0.0,-0.0,-0.0,0.0,1.4742,0.4614192,1.9356192,1.9356192,0.0,-0.15558755,-0.15558755,0.4614192,-0.0,8.3,18.298943,17.777779,17.777779,2.0
0.0,0.8875655,0.0,0.0,0.0,0.0,0.0,0.0,0.0,0.0,0.0,0.0,1.4742,1.4742,0.0,0.27077946,16.193483352661133,4.384862688578949,0.0,-0.0,0.0,-0.0,-0.0,0.8875655,1.4742,0.3582555,1.8324555,1.8324555,0.0,-0.25875127,-0.25875127,0.3582555,-0.0,5.6,18.098492,17.222221,17.222221,2.0
0.0,0.8165524,0.0,0.0,0.0,0.0,0.0,0.0,0.0,0.0,0.0,0.0,1.4742,1.4742,0.0,0.35645473,16.19342613220215,5.7722233402776055,0.0,-0.0,0.0,-0.0,-0.0,0.8165524,1.4742,0.35132858,1.8255286,1.8255286,0.0,-0.18795514,-0.18795514,0.35132858,-0.0,7.8,18.216824,17.222221,17.222221,2.0
0.0,0.7730833,0.0,0.0,0.0,0.0,0.0,0.0,0.0,0.0,0.0,0.0,1.4742,1.4742,0.0,0.44152683,16.193368911743164,7.149806845802573,0.0,-0.0,0.0,-0.0,-0.0,0.7730833,1.4742,0.34934562,1.8235457,1.8235457,0.0,0.30410552,0.30410552,0.34934562,-0.0,6.1,17.73484,17.222221,17.222221,2.0
0.0,1.0878396,0.0,0.0,0.0,0.0,0.0,0.0,0.0,0.0,0.0,0.0,1.4742,1.4742,0.0,0.52599996,16.19331169128418,8.517681355054378,0.0,-0.0,0.0,-0.0,-0.0,1.0878396,1.4742,0.34736267,1.8215626,1.8215626,0.0,0.30212247,0.30212247,0.34736267,-0.0,6.44,17.857811,17.222221,17.222221,2.0
0.0,0.803806,0.0,0.0,0.0,0.0,0.0,0.0,0.0,0.0,0.0,0.0,1.4742,1.4742,0.0,0.6098784,16.193254470825195,9.87591646476153,0.0,-0.0,0.0,-0.0,-0.0,0.803806,1.4742,0.34537974,1.8195797,1.8195797,0.0,0.30013955,0.30013955,0.34537974,-0.0,6.78,17.701344,17.222221,17.222221,2.0
0.0,0.974406,0.0,0.0,0.0,0.0,0.0,0.0,0.0,0.0,0.0,0.0,1.4742,1.4742,0.0,0.6931663,16.19319725036621,11.224578875100974,0.0,-0.0,0.0,-0.0,-0.0,0.974406,1.4742,0.34339678,1.8175968,1.8175968,0.0,0.29815662,0.29815662,0.34339678,-0.0,6.0666666,17.681015,17.222221,17.222221,2.0
0.0,0.98020244,0.0,0.0,0.0,0.0,0.0,0.0,0.0,0.0,0.0,0.0,1.4742,1.4742,0.0,0.77586794,16.193140029907227,12.563738180867404,0.0,-0.0,0.0,-0.0,-0.0,0.98020244,1.4742,0.34339678,1.8175968,1.8175968,0.0,0.29815662,0.29815662,0.34339678,-0.0,6.866667,17.913383,17.222221,17.222221,2.0
0.0,0.9179804,0.0,0.0,0.14938426,0.16022871,0.0,0.0,0.0,0.0,0.0,0.0,1.4742,1.4742,0.0,0.85798734,16.193082809448242,13.893460115141465,0.0,-0.0,0.0,-0.0,-0.0,0.9179804,1.4742,1.4277483,2.9019485,2.9019485,0.0,1.3825083,1.3825083,1.4277483,-0.0,8.175,18.279133,17.222221,17.222221,2.0
0.0,0.90233856,0.0,0.0,0.28155506,0.30199438,0.0,0.0,0.0,0.0,0.0,0.0,1.4742,1.4742,0.0,0.9395286,16.193025588989258,15.213810410076121,0.0,-0.0,0.0,-0.0,-0.0,0.90233856,1.4742,8.943478,10.417678,10.417678,0.0,8.898237,8.898237,8.943478,-0.0,8.3,18.568508,17.222221,17.222221,2.0
0.0,0.91518134,0.0,0.0,0.96062696,1.0303631,0.0,0.0,0.0,0.0,0.0,0.0,1.0798159,1.0798159,0.0,0.99706554,16.192983627319336,16.145466031435717,0.0,-0.0,0.0,-0.0,-0.0,0.91518134,1.0798159,0.64915156,1.7211721,1.7211721,0.0,0.59611607,0.6039114,0.64915156,-0.007795337,10.0,19.053982,17.222221,17.222221,2.0
0.0,0.78510195,0.0,0.0,0.47117695,0.50538176,0.0,0.0,0.0,0.0,0.0,0.0,-0.90224385,0.0,-0.90224385,0.93130064,16.192949295043945,15.080504043681685,0.0,-0.0,0.0,-0.0,0.90224385,0.27528787,0.0,0.577668,-0.3424627,0.0,-0.3424627,1.1022052,1.120092,0.577668,-0.017886844,10.0,19.189224,18.333334,18.333334,2.0
0.0,0.8196966,0.0,0.0,0.25857273,0.27734366,0.0,0.0,0.0,0.0,0.0,0.0,-1.296,0.0,-1.296,0.8412367,16.192899703979492,13.622061681215882,0.0,-0.0,0.0,-0.0,1.296,0.30988252,0.0,0.42528802,-0.8930177,0.0,-0.8930177,0.94540626,0.967712,0.42528802,-0.022305755,10.6,19.32455,18.333334,18.333334,2.0
0.0,0.7479931,0.0,0.0,0.38725466,0.4153672,0.0,0.0,0.0,0.0,0.0,0.0,-1.296,0.0,-1.296,0.75180686,16.19285011291504,12.173895720143491,0.0,-0.0,0.0,-0.0,1.296,0.23817903,0.0,0.4267577,-0.8893047,0.0,-0.8893047,0.94911927,0.96918166,0.4267577,-0.020062368,10.0,19.396402,18.055555,18.055555,2.0
0.0,0.81890845,0.0,0.0,0.7745093,0.8307344,0.0,0.0,0.0,0.0,0.0,0.0,-1.296,0.0,-1.296,0.6630066,16.192800521850586,10.73593367867204,0.0,-0.0,0.0,-0.0,1.296,0.30909437,0.0,0.4325117,-0.8823421,0.0,-0.8823421,0.95608187,0.97493565,0.4325117,-0.018853754,10.0,19.498661,18.333334,18.333334,2.0
0.0,0.772367,0.0,0.0,0.0,0.0,0.0,0.0,0.0,0.0,0.0,0.0,-1.296,0.0,-1.296,0.57483155,16.192750930786133,9.308104041058982,0.0,-0.0,0.0,-0.0,1.296,0.26255316,0.0,0.5092428,-0.8143196,0.0,-0.8143196,1.0241041,1.0516665,0.5092428,-0.027562402,10.6,19.65842,17.222221,17.222221,2.0
0.0,0.7152252,0.0,0.0,1.4468771,1.5519123,0.0,0.0,0.0,0.0,0.0,0.0,-1.296,0.0,-1.296,0.4872772,16.19270133972168,7.890334327276491,0.0,-0.0,0.0,-0.0,1.296,0.20541137,0.0,0.504531,-0.8187947,0.0,-0.8187947,1.019629,1.0469548,0.504531,-0.027325721,10.6,19.636364,17.777779,17.777779,2.0
0.0,0.7113417,0.0,0.0,0.0,0.0,0.0,0.0,0.0,0.0,0.0,0.0,-1.296,0.0,-1.296,0.40033928,16.192651748657227,6.482554471076639,0.0,-0.0,0.0,-0.0,1.296,0.20152783,0.0,0.5166176,-0.79618824,0.0,-0.79618824,1.0422355,1.0590413,0.5166176,-0.016805805,11.1,19.635925,18.333334,18.333334,2.0
0.0,0.6498303,0.0,0.0,9.106493,9.767573,0.0,0.0,0.0,0.0,0.0,0.0,-1.296,0.0,-1.296,0.3140134,16.192602157592773,5.084693924491546,0.0,-0.0,0.0,-0.0,1.296,0.14001644,0.0,0.5439889,-0.75674945,0.0,-0.75674945,1.0816743,1.0864127,0.5439889,-0.0047383155,10.6,19.524948,18.333334,18.333334,2.0
0.0,0.72600114,0.0,0.0,0.6252805,0.67067236,0.0,0.0,0.0,0.0,0.0,0.0,-1.296,0.0,-1.296,0.22829524,16.19255256652832,3.696682622992114,0.0,-0.0,0.0,-0.0,1.296,0.2161873,0.0,0.6249326,-0.6710674,0.0,-0.6710674,1.1673563,1.1673563,0.6249326,0.0,10.0,19.644482,18.333334,18.333334,2.0
0.0,0.71848446,0.0,0.0,0.7745093,0.8307344,0.0,0.0,0.0,0.0,0.0,0.0,-1.296,0.0,-1.296,0.14318055,16.192502975463867,2.318451468054832,0.0,-0.0,0.0,-0.0,1.296,0.20867056,0.0,0.62903243,-0.6669676,0.0,-0.6669676,1.1714561,1.1714561,0.62903243,-0.0,10.6,19.805523,18.333334,18.333334,2.0
0.0,0.7140213,0.0,0.0,0.0,0.0,0.0,0.0,0.0,0.0,0.0,0.0,-0.6701436,0.0,-0.6701436,0.098992,16.192476272583008,1.6029255713419985,0.0,-0.0,0.0,-0.0,0.6701436,0.20420742,0.0,0.6176416,-0.052501976,0.0,-0.052501976,1.1600654,1.1600654,0.6176416,-0.0,10.0,19.70866,18.333334,18.333334,2.0
0.0,0.78129035,0.0,0.0,0.0,0.0,0.0,0.0,0.0,0.0,0.0,0.0,0.0,0.0,0.0,0.098295085,16.192476272583008,1.591640833713413,0.0,-0.0,0.0,-0.0,-0.0,0.41647828,0.0,0.692971,0.692971,0.692971,0.0,1.081118,1.081118,0.692971,-0.0,10.0,19.703989,18.333334,18.333334,2.0
0.0,0.7528101,0.0,0.0,0.0,0.0,0.0,0.0,0.0,0.0,0.0,0.0,0.0,0.0,0.0,0.097603075,16.192476272583008,1.5804354794088198,0.0,-0.0,0.0,-0.0,-0.0,0.7528101,0.0,0.5453966,0.5453966,0.5453966,0.0,0.5453966,0.5453966,0.5453966,-0.0,9.4,19.466125,18.333334,18.333334,2.0
0.0,0.83456314,0.0,0.0,0.0,0.0,0.0,0.0,0.0,0.0,0.0,0.0,1.4742,1.4742,0.0,0.18449749,16.192419052124023,2.9874606806500594,0.0,-0.0,0.0,-0.0,-0.0,0.83456314,1.4742,0.4614192,1.9356192,1.9356192,0.0,-0.15558779,-0.15558779,0.4614192,-0.0,10.0,19.426538,18.333334,18.333334,2.0
0.0,0.7405455,0.0,0.0,0.0,0.0,0.0,0.0,0.0,0.0,0.0,0.0,1.4742,1.4742,0.0,0.27078015,16.19236183166504,4.384570102838211,0.0,-0.0,0.0,-0.0,-0.0,0.7405455,1.4742,0.3998109,1.8740109,1.8740109,0.0,-0.2171961,-0.2171961,0.3998109,-0.0,10.0,19.15879,17.777779,17.777779,2.0
0.0,0.8086186,0.0,0.0,0.0,0.0,0.0,0.0,0.0,0.0,0.0,0.0,1.4742,1.4742,0.0,0.3564554,16.192304611206055,5.7718341853159245,0.0,-0.0,0.0,-0.0,-0.0,0.8086186,1.4742,0.35132858,1.8255286,1.8255286,0.0,-0.2656784,-0.2656784,0.35132858,-0.0,10.0,19.057053,17.222221,17.222221,2.0
0.0,0.76646703,0.0,0.0,0.77512276,0.83139235,0.0,0.0,0.0,0.0,0.0,0.0,1.4742,1.4742,0.0,0.4415275,16.19224739074707,7.149322280656861,0.0,-0.0,0.0,-0.0,-0.0,0.76646703,1.4742,0.34934562,1.8235457,1.8235457,0.0,-0.26766133,-0.26766133,0.34934562,-0.0,10.0,18.914095,17.222221,17.222221,2.0
0.0,0.8179476,0.0,0.0,0.0,0.0,0.0,0.0,0.0,0.0,0.0,0.0,1.4742,1.4742,0.0,0.5260007,16.192190170288086,8.51710301660853,0.0,-0.0,0.0,-0.0,-0.0,0.8179476,1.4742,0.34736267,1.8215626,1.8215626,0.0,-0.26964438,-0.26964438,0.34736267,-0.0,10.0,18.882027,17.222221,17.222221,2.0
0.0,0.78925586,0.0,0.0,0.0,0.0,0.0,0.0,0.0,0.0,0.0,0.0,1.4742,1.4742,0.0,0.60987914,16.1921329498291,9.875244054823497,0.0,-0.0,0.0,-0.0,-0.0,0.78925586,1.4742,0.34537974,1.8195797,1.8195797,0.0,-0.2716273,-0.2716273,0.34537974,-0.0,10.0,18.845058,17.222221,17.222221,2.0
0.0,0.81347156,0.0,0.0,0.0,0.0,0.0,0.0,0.0,0.0,0.0,0.0,1.4742,1.4742,0.0,0.69316703,16.192075729370117,11.223813055999358,0.0,-0.0,0.0,-0.0,-0.0,0.81347156,1.4742,0.36245754,1.8366575,1.8366575,0.0,-0.2545495,-0.2545495,0.36245754,-0.0,10.6,19.001595,17.222221,17.222221,2.0
0.0,0.7596034,0.0,0.0,1.3786166,1.4786965,0.0,0.0,0.0,0.0,0.0,0.0,1.4742,1.4742,0.0,0.7758686,16.192018508911133,12.56287864499825,0.0,-0.0,0.0,-0.0,-0.0,0.7596034,1.4742,0.37102103,1.845221,1.845221,0.0,-0.24598575,-0.24598575,0.37102103,-0.0,10.2,19.019623,17.222221,17.222221,2.0
0.0,0.82096523,0.0,0.0,0.0,0.0,0.0,0.0,0.0,0.0,0.0,0.0,1.4742,1.4742,0.0,0.857988,16.19196128845215,13.892508480597598,0.0,-0.0,0.0,-0.0,-0.0,0.82096523,1.4742,0.34736267,1.8215626,1.8215626,0.0,-0.26964414,-0.26964414,0.34736267,-0.0,10.0,19.059528,17.222221,17.222221,2.0
0.0,0.8080203,0.0,0.0,0.0,0.0,0.0,0.0,0.0,0.0,0.0,0.0,1.4742,1.4742,0.0,0.93952924,16.191904067993164,15.212767325281789,0.0,-0.0,0.0,-0.0,-0.0,0.8080203,1.4742,0.49053177,1.9647318,1.9647318,0.0,-0.12647498,-0.12647498,0.49053177,-0.0,10.6,19.219837,18.333334,18.333334,2.0
0.0,0.79265606,0.0,0.0,0.0,0.0,0.0,0.0,0.0,0.0,0.0,0.0,1.0786839,1.0786839,0.0,0.99699897,16.191862106323242,16.14326977341227,0.0,-0.0,0.0,-0.0,-0.0,0.79265606,1.0786839,0.50123155,1.5795678,1.5795678,0.0,-0.11612284,-0.11577523,0.50123155,-0.00034761388,11.05,19.393425,18.333334,18.333334,2.0
0.0,0.8149976,0.0,0.0,6.463593,6.9328136,0.0,0.0,0.0,0.0,0.0,0.0,-0.9029664,0.0,-0.9029664,0.93118876,16.19182777404785,15.077648062476214,0.0,-0.0,0.0,-0.0,0.9029664,0.30518353,0.0,0.577668,-0.32702434,0.0,-0.32702434,1.118366,1.120092,0.577668,-0.001725984,12.2,19.681309,17.777779,17.777779,2.0
0.0,0.72772706,0.0,0.0,0.0,0.0,0.0,0.0,0.0,0.0,0.0,0.0,-1.296,0.0,-1.296,0.84112567,16.1917781829834,13.619320225619163,0.0,-0.0,0.0,-0.0,1.296,0.21791297,0.0,0.57320696,-0.7271186,0.0,-0.7271186,1.1113054,1.1156309,0.57320696,-0.0043255687,12.15,19.743006,17.222221,17.222221,2.0
0.0,0.7597213,0.0,0.0,1.8320613,1.9650587,0.0,0.0,0.0,0.0,0.0,0.0,-1.296,0.0,-1.296,0.7516966,16.191728591918945,12.171267113842987,0.0,-0.0,0.0,-0.0,1.296,0.2499072,0.0,0.577616,-0.7242443,0.0,-0.7242443,1.1141796,1.1200398,0.577616,-0.005860248,11.9,19.787226,17.222221,17.222221,2.0
0.0,0.7345362,0.0,0.0,0.0,0.0,0.0,0.0,0.0,0.0,0.0,0.0,-1.296,0.0,-1.296,0.6628971,16.191679000854492,10.733417215476948,0.0,-0.0,0.0,-0.0,1.296,0.22472233,0.0,0.5097289,-0.7929521,0.0,-0.7929521,1.0454717,1.0521528,0.5097289,-0.0066810306,12.133333,19.761189,17.222221,17.222221,2.0
0.0,0.72270167,0.0,0.0,0.0,0.0,0.0,0.0,0.0,0.0,0.0,0.0,-1.296,0.0,-1.296,0.57472277,16.19162940979004,9.30569805462892,0.0,-0.0,0.0,-0.0,1.296,0.21288782,0.0,0.5092428,-0.79401916,0.0,-0.79401916,1.0444045,1.0516664,0.5092428,-0.007261914,13.033334,19.891853,17.222221,17.222221,2.0
0.0,0.62427115,0.0,0.0,0.0,0.0,0.0,0.0,0.0,0.0,0.0,0.0,-1.296,0.0,-1.296,0.48716924,16.191579818725586,7.888039569026944,0.0,-0.0,0.0,-0.0,1.296,0.11445731,0.0,0.504531,-0.80148005,0.0,-0.80148005,1.0369437,1.0469548,0.504531,-0.010011082,14.15,20.170055,17.222221,17.222221,2.0
0.0,0.0,0.0,0.0,0.0,0.0,0.0,0.0,0.0,0.0,0.0,0.0,-1.296,0.0,-1.296,0.40023202,16.191530227661133,6.480368801985037,0.0,-0.0,0.0,-0.0,1.296,0.0,0.0,0.5166176,-0.7947584,0.0,-0.7947584,0.5012416,0.5166176,0.5166176,-0.01537595,14.2,19.895058,17.222221,17.222221,2.0
0.0,1.0157607,0.0,0.0,0.77512276,0.83139235,0.0,0.0,0.0,0.0,0.0,0.0,-1.296,0.0,-1.296,0.31390688,16.19148063659668,5.082617140603418,0.0,-0.0,0.0,-0.0,1.296,0.5059468,0.0,0.63635314,-0.66816306,0.0,-0.66816306,1.1702607,1.1787769,0.63635314,-0.008516193,12.78,20.665707,17.222221,17.222221,2.0
0.0,0.0,0.0,0.0,0.0,0.0,0.0,0.0,0.0,0.0,0.0,0.0,-1.296,0.0,-1.296,0.22818948,16.191431045532227,3.6947142839239007,0.0,-0.0,0.0,-0.0,1.296,0.0,0.0,0.7388011,-0.5571989,0.0,-0.5571989,0.7388011,0.7388011,0.7388011,0.0,14.2,20.264183,17.222221,17.222221,2.0
0.0,0.8665458,0.0,0.0,0.38756138,0.41569617,0.0,0.0,0.0,0.0,0.0,0.0,-1.296,0.0,-1.296,0.14307554,16.191381454467773,2.31659065565961,0.0,-0.0,0.0,-0.0,1.296,0.35673195,0.0,0.8869068,-0.4090932,0.0,-0.4090932,1.4293306,1.4293306,0.8869068,-0.0,14.15,21.51152,18.833334,18.833334,2.0
0.0,0.0,0.0,0.0,1.1626841,1.2470884,0.0,0.0,0.0,0.0,0.0,0.0,-0.6685139,0.0,-0.6685139,0.098992735,16.191354751586914,1.6028264926026736,0.0,-0.0,0.0,-0.0,0.6685139,0.0,0.0,0.74286634,0.07435244,0.07435244,0.0,0.74286634,0.74286634,0.74286634,-0.0,13.9,20.578407,18.333334,18.333334,2.0
0.0,0.5517067,0.0,0.0,1.6741058,1.7956365,0.0,0.0,0.0,0.0,0.0,0.0,0.0,0.0,0.0,0.098295815,16.191354751586914,1.5915424159409923,0.0,-0.0,0.0,-0.0,-0.0,0.041892827,0.0,0.692971,0.692971,0.692971,0.0,1.2353947,1.2353947,0.692971,-0.0,13.9,21.041449,18.333334,18.333334,2.0
0.0,0.0,0.0,0.0,0.0,0.0,0.0,0.0,0.0,0.0,0.0,0.0,0.0,0.0,0.0,0.097603805,16.191354751586914,1.5803378377400605,0.0,-0.0,0.0,-0.0,-0.0,0.0,0.0,0.5453966,0.5453966,0.5453966,0.0,0.5453966,0.5453966,0.5453966,-0.0,13.933333,20.154667,18.333334,18.333334,2.0
0.0,0.69196415,0.0,0.0,0.0,0.0,0.0,0.0,0.0,0.0,0.0,0.0,1.4742,1.4742,0.0,0.18449822,16.19129753112793,2.9872655850282968,0.0,-0.0,0.0,-0.0,-0.0,0.69196415,1.4742,0.4614192,1.9356192,1.9356192,0.0,-0.15558779,-0.15558779,0.4614192,-0.0,13.9,20.868362,17.777779,17.777779,2.0
0.0,0.0,0.0,0.0,0.0,0.0,0.0,0.0,0.0,0.0,0.0,0.0,1.4742,1.4742,0.0,0.2707809,16.191240310668945,4.3842784806331,0.0,-0.0,0.0,-0.0,-0.0,0.0,1.4742,0.3998109,1.8740109,1.8740109,0.0,-0.2171961,-0.2171961,0.3998109,-0.0,14.025,19.846512,17.222221,17.222221,2.0
0.0,0.6331189,0.0,0.0,0.0,0.0,0.0,0.0,0.0,0.0,0.0,0.0,1.4742,1.4742,0.0,0.3564561,16.19118309020996,5.771445993953307,0.0,-0.0,0.0,-0.0,-0.0,0.6331189,1.4742,0.35132858,1.8255286,1.8255286,0.0,-0.2656784,-0.2656784,0.35132858,-0.0,13.9,20.500631,17.222221,17.222221,2.0
0.0,0.0,0.0,0.0,1.5514317,1.6640569,0.0,0.0,0.0,0.0,0.0,0.0,1.4742,1.4742,0.0,0.44152817,16.191125869750977,7.148838196573649,0.0,-0.0,0.0,-0.0,-0.0,0.0,1.4742,0.34934562,1.8235457,1.8235457,0.0,-0.26766133,-0.26766133,0.34934562,-0.0,11.67,19.171806,17.222221,17.222221,2.0
0.0,0.8163543,0.0,0.0,0.0,0.0,0.0,0.0,0.0,0.0,0.0,0.0,1.4742,1.4742,0.0,0.52600133,16.191068649291992,8.516523711495438,0.0,-0.0,0.0,-0.0,-0.0,0.8163543,1.4742,0.34736267,1.8215626,1.8215626,0.0,-0.26964438,-0.26964438,0.34736267,-0.0,12.585,20.09259,17.222221,17.222221,2.0
0.0,0.0,0.0,0.0,0.0,0.0,0.0,0.0,0.0,0.0,0.0,0.0,1.4742,1.4742,0.0,0.6098798,16.191011428833008,9.87457067822163,0.0,-0.0,0.0,-0.0,-0.0,0.0,1.4742,0.34537974,1.8195797,1.8195797,0.0,-0.27162707,-0.27162707,0.34537974,-0.0,13.5,19.309368,17.222221,17.222221,2.0
0.0,0.7315054,0.0,0.0,0.0,0.0,0.0,0.0,0.0,0.0,0.0,0.0,1.4742,1.4742,0.0,0.69316775,16.190954208374023,11.223047235293393,0.0,-0.0,0.0,-0.0,-0.0,0.7315054,1.4742,0.34339678,1.8175968,1.8175968,0.0,-0.27361,-0.27361,0.34339678,-0.0,12.8,19.689342,17.222221,17.222221,2.0
0.0,0.0,0.0,0.0,0.0,0.0,0.0,0.0,0.0,0.0,0.0,0.0,1.4742,1.4742,0.0,0.7758693,16.19089698791504,12.562020072711107,0.0,-0.0,0.0,-0.0,-0.0,0.0,1.4742,0.37102103,1.845221,1.845221,0.0,-0.24598575,-0.24598575,0.37102103,-0.0,12.8,19.150629,17.222221,17.222221,2.0
0.0,0.70497996,0.0,0.0,0.0,0.0,0.0,0.0,0.0,0.0,0.0,0.0,1.4742,1.4742,0.0,0.85798866,16.190839767456055,13.891556844583079,0.0,-0.0,0.0,-0.0,-0.0,0.70497996,1.4742,0.39805937,1.8722594,1.8722594,0.0,-0.21894741,-0.21894741,0.39805937,-0.0,12.8,19.673185,17.222221,17.222221,2.0
0.0,0.0,0.0,0.0,0.0,0.0,0.0,0.0,0.0,0.0,0.0,0.0,1.4742,1.4742,0.0,0.9395299,16.19078254699707,15.211724239016803,0.0,-0.0,0.0,-0.0,-0.0,0.0,1.4742,0.42093018,1.8951302,1.8951302,0.0,-0.05319202,-0.05319202,0.42093018,-0.0,12.2,19.131489,18.333334,18.333334,2.0
0.0,0.74408746,0.0,0.0,0.0,0.0,0.0,0.0,0.0,0.0,0.0,0.0,1.0775518,1.0775518,0.0,0.9969323,16.19074058532715,16.141072699683605,0.0,-0.0,0.0,-0.0,-0.0,0.74408746,1.0775518,0.3533115,1.4164495,1.4164495,0.0,0.29365754,0.30807143,0.3533115,-0.014413882,12.8,19.576492,18.333334,18.333334,2.0
0.0,0.0,0.0,0.0,1.2834153,1.376584,0.0,0.0,0.0,0.0,0.0,0.0,-0.9036895,0.0,-0.9036895,0.9310767,16.190706253051758,15.074789437093727,0.0,-0.0,0.0,-0.0,0.9036895,0.0,0.0,0.428097,-0.5149464,0.0,-0.5149464,0.3887431,0.428097,0.428097,-0.039353896,13.9,19.326792,17.777779,17.777779,2.0
0.0,0.59634316,0.0,0.0,0.0,0.0,0.0,0.0,0.0,0.0,0.0,0.0,-1.296,0.0,-1.296,0.8410144,16.190656661987305,13.616575158944215,0.0,-0.0,0.0,-0.0,1.296,0.086529076,0.0,0.4992475,-0.8458818,0.0,-0.8458818,0.99254215,1.0416715,0.4992475,-0.049129326,13.9,19.83665,17.222221,17.222221,2.0
0.0,0.0,0.0,0.0,0.7757158,0.83202845,0.0,0.0,0.0,0.0,0.0,0.0,-1.296,0.0,-1.296,0.7515861,16.19060707092285,12.168634894738034,0.0,-0.0,0.0,-0.0,1.296,0.0,0.0,0.50218683,-0.83778006,0.0,-0.83778006,0.45821995,0.50218683,0.50218683,-0.043966908,13.9,19.546692,17.222221,17.222221,2.0
0.0,0.0,0.0,0.0,0.0,0.0,0.0,0.0,0.0,0.0,0.0,0.0,-1.296,0.0,-1.296,0.6627874,16.1905574798584,10.730897137751185,0.0,-0.0,0.0,-0.0,1.296,0.0,0.0,0.4325117,-0.88205564,0.0,-0.88205564,0.41394436,0.43251166,0.4325117,-0.0185673,13.9,19.198933,17.222221,17.222221,2.0
0.0,0.66537714,0.0,0.0,0.0,0.0,0.0,0.0,0.0,0.0,0.0,0.0,-1.296,0.0,-1.296,0.5746138,16.190507888793945,9.303289417105134,0.0,-0.0,0.0,-0.0,1.296,0.15556306,0.0,0.43226862,-0.9182605,0.0,-0.9182605,0.92016345,0.9746926,0.43226862,-0.05452915,14.15,19.737782,17.222221,17.222221,2.0
0.0,0.0,0.0,0.0,0.0,0.0,0.0,0.0,0.0,0.0,0.0,0.0,-1.296,0.0,-1.296,0.48706105,16.190458297729492,7.8857416753743905,0.0,-0.0,0.0,-0.0,1.296,0.0,0.0,0.504531,-0.84183145,0.0,-0.84183145,0.45416856,0.504531,0.504531,-0.05036245,13.3,19.418411,17.222221,17.222221,2.0
0.0,0.55022025,0.0,0.0,0.0,0.0,0.0,0.0,0.0,0.0,0.0,0.0,-1.296,0.0,-1.296,0.40012464,16.19040870666504,6.478181443431765,0.0,-0.0,0.0,-0.0,1.296,0.040406168,0.0,0.5166176,-0.79288477,0.0,-0.79288477,1.0455391,1.0590415,0.5166176,-0.013502354,13.15,19.71815,17.222221,17.222221,2.0
0.0,0.0,0.0,0.0,1.1635737,1.2480427,0.0,0.0,0.0,0.0,0.0,0.0,-1.296,0.0,-1.296,0.31380028,16.190359115600586,5.080539148098637,0.0,-0.0,0.0,-0.0,1.296,0.0,0.0,0.63635314,-0.67471,0.0,-0.67471,0.62129,0.63635314,0.63635314,-0.015063117,12.8,19.513947,17.222221,17.222221,2.0
0.0,0.68190634,0.0,0.0,0.19847637,0.21288465,0.0,0.0,0.0,0.0,0.0,0.0,-1.296,0.0,-1.296,0.22808363,16.190309524536133,3.6927444932844367,0.0,-0.0,0.0,-0.0,1.296,0.1720925,0.0,7.441743,6.145743,6.145743,0.0,7.9841666,7.9841666,7.441743,0.0,12.1,20.07386,17.222221,17.222221,2.0
0.0,0.0,0.0,0.0,0.3878579,0.41601422,0.0,0.0,0.0,0.0,0.0,0.0,-1.296,0.0,-1.296,0.14297044,16.19025993347168,2.3147286312807864,0.0,-0.0,0.0,-0.0,1.296,0.0,0.0,7.239272,5.943272,5.943272,0.0,7.239272,7.239272,7.239272,-0.0,12.2,19.58618,18.333334,18.333334,2.0
0.0,0.682185,0.0,0.0,0.3878579,0.41601422,0.0,0.0,0.0,0.0,0.0,0.0,-0.6668828,0.0,-0.6668828,0.09899347,16.19023323059082,1.6027274122088642,0.0,-0.0,0.0,-0.0,0.6668828,0.17237115,0.0,0.74286634,0.075983524,0.075983524,0.0,1.28529,1.28529,0.74286634,-0.0,11.7,20.012798,18.333334,18.333334,2.0
0.0,0.0,0.0,0.0,0.66364634,0.71182334,0.0,0.0,0.0,0.0,0.0,0.0,0.0,0.0,0.0,0.09829655,16.19023323059082,1.5914441171574367,0.0,-0.0,0.0,-0.0,-0.0,0.0,0.0,0.692971,0.692971,0.692971,0.0,0.692971,0.692971,0.692971,-0.0,11.1,19.278881,18.333334,18.333334,2.0
0.0,0.815008,0.0,0.0,0.0,0.0,0.0,0.0,0.0,0.0,0.0,0.0,0.0,0.0,0.0,0.097604536,16.19023323059082,1.5802401944335287,0.0,-0.0,0.0,-0.0,-0.0,0.30519414,0.0,0.45431146,0.45431146,0.45431146,0.0,0.9967352,0.9967352,0.45431146,-0.0,10.6,19.64552,18.333334,18.333334,2.0
0.0,0.0,0.0,0.0,0.0,0.0,0.0,0.0,0.0,0.0,0.0,0.0,1.4742,1.4742,0.0,0.18449895,16.190176010131836,2.9870704877687615,0.0,-0.0,0.0,-0.0,-0.0,0.0,1.4742,0.38926372,1.8634638,1.8634638,0.0,-0.22774327,-0.22774327,0.38926372,-0.0,11.1,18.735304,17.777779,17.777779,2.0
0.0,0.9229943,0.0,0.0,0.0,0.0,0.0,0.0,0.0,0.0,0.0,0.0,1.4742,1.4742,0.0,0.27078164,16.19011878967285,4.383986856756792,0.0,-0.0,0.0,-0.0,-0.0,0.9229943,1.4742,0.3998109,1.8740109,1.8740109,0.0,-0.2171961,-0.2171961,0.3998109,-0.0,10.0,19.245686,17.777779,17.777779,2.0
0.0,0.0,0.0,0.0,0.0,0.0,0.0,0.0,0.0,0.0,0.0,0.0,1.4742,1.4742,0.0,0.35645685,16.190061569213867,5.7710582834877755,0.0,-0.0,0.0,-0.0,-0.0,0.0,1.4742,0.35132858,1.8255286,1.8255286,0.0,-0.26567817,-0.26567817,0.35132858,-0.0,10.0,18.288837,17.222221,17.222221,2.0
0.0,1.0053833,0.0,0.0,0.0,0.0,0.0,0.0,0.0,0.0,0.0,0.0,1.4742,1.4742,0.0,0.4415289,16.190004348754883,7.148354593452666,0.0,-0.0,0.0,-0.0,-0.0,1.0053833,1.4742,0.34934562,1.8235457,1.8235457,0.0,-0.2676611,-0.2676611,0.34934562,-0.0,9.4,18.75468,17.222221,17.222221,2.0
0.0,0.0,0.0,0.0,0.0,0.0,0.0,0.0,0.0,0.0,0.0,0.0,1.4742,1.4742,0.0,0.52600205,16.1899471282959,8.51594536990774,0.0,-0.0,0.0,-0.0,-0.0,0.0,1.4742,0.34736267,1.8215626,1.8215626,0.0,-0.26964414,-0.26964414,0.34736267,-0.0,8.9,17.72028,17.222221,17.222221,2.0
0.0,1.0133127,0.0,0.0,0.0,0.0,0.0,0.0,0.0,0.0,0.0,0.0,1.4742,1.4742,0.0,0.6098805,16.189889907836914,9.873898265141747,0.0,-0.0,0.0,-0.0,-0.0,1.0133127,1.4742,0.34537974,1.8195797,1.8195797,0.0,-0.27162707,-0.27162707,0.34537974,-0.0,8.3,18.147951,17.222221,17.222221,2.0
0.0,0.0,0.0,0.0,0.0,0.0,0.0,0.0,0.0,0.0,0.0,0.0,1.4742,1.4742,0.0,0.69316846,16.18983268737793,11.22228141298308,0.0,-0.0,0.0,-0.0,-0.0,0.0,1.4742,0.36245754,1.8366575,1.8366575,0.0,-0.01731956,-0.01731956,0.36245754,-0.0,7.5,17.284416,17.222221,17.222221,2.0
0.0,1.0591607,0.0,0.0,3.5948188,3.8557825,0.0,0.0,0.0,0.0,0.0,0.0,1.4742,1.4742,0.0,0.7758701,16.189775466918945,12.561162463805431,0.0,-0.0,0.0,-0.0,-0.0,1.0591607,1.4742,0.37102103,1.845221,1.845221,0.0,0.32578087,0.32578087,0.37102103,-0.0,6.7,17.530483,17.222221,17.222221,2.0
0.0,0.65023154,0.0,0.0,2.6926625,2.8881347,0.0,0.0,0.0,0.0,0.0,0.0,1.4742,1.4742,0.0,0.8579894,16.18971824645996,13.890606172080311,0.0,-0.0,0.0,-0.0,-0.0,0.65023154,1.4742,0.44875607,1.9229561,1.9229561,0.0,0.40351593,0.40351593,0.44875607,-0.0,8.3,17.646446,17.222221,17.222221,2.0
0.0,0.87418044,0.0,0.0,0.0,0.0,0.0,0.0,0.0,0.0,0.0,0.0,1.4742,1.4742,0.0,0.9395306,16.189661026000977,15.210682116260159,0.0,-0.0,0.0,-0.0,-0.0,0.87418044,1.4742,0.42093018,1.8951302,1.8951302,0.0,0.37568998,0.37568998,0.42093018,-0.0,10.6,18.124538,18.333334,18.333334,2.0
0.0,0.6348156,0.0,0.0,0.0,0.0,0.0,0.0,0.0,0.0,0.0,0.0,1.0764179,1.0764179,0.0,0.99686575,16.189619064331055,16.138876740403248,0.0,-0.0,0.0,-0.0,-0.0,0.6348156,1.0764179,2.400987,3.467529,3.467529,0.0,2.345871,2.3557467,2.400987,-0.009875657,11.7,18.431976,18.125,18.125,2.0
0.0,0.6571599,0.0,0.0,1.7836534,1.9131366,0.0,0.0,0.0,0.0,0.0,0.0,-0.9044127,0.0,-0.9044127,0.93096465,16.189584732055664,15.071931063059196,0.0,-0.0,0.0,-0.0,0.9044127,0.14734584,0.0,0.50288254,-0.44544655,0.0,-0.44544655,1.0013902,1.0453067,0.50288254,-0.043916408,12.2,18.795597,17.777779,17.777779,2.0
0.0,0.0,0.0,0.0,0.0,0.0,0.0,0.0,0.0,0.0,0.0,0.0,-1.296,0.0,-1.296,0.8409031,16.189533233642578,13.613828737983795,0.0,-0.0,0.0,-0.0,1.296,0.0,0.0,0.4992475,-0.84285873,0.0,-0.84285873,0.45314127,0.4992475,0.4992475,-0.046106216,12.2,18.680595,17.222221,17.222221,2.0
0.0,0.8942005,0.0,0.0,0.4054121,0.43484277,0.0,0.0,0.0,0.0,0.0,0.0,-1.296,0.0,-1.296,0.75147563,16.189481735229492,12.166001021821444,0.0,-0.0,0.0,-0.0,1.296,0.38438642,0.0,0.78029364,-0.5464019,0.0,-0.5464019,1.292022,1.3227175,0.78029364,-0.030695543,12.2,19.103214,17.222221,17.222221,2.0
0.0,0.0,0.0,0.0,0.29932243,0.32105157,0.0,0.0,0.0,0.0,0.0,0.0,-1.296,0.0,-1.296,0.6626777,16.189430236816406,10.72837447925258,0.0,-0.0,0.0,-0.0,1.296,0.0,0.0,6.3158207,4.984109,4.984109,0.0,6.280109,6.3158207,6.3158207,-0.035711817,11.7,18.827858,17.222221,17.222221,2.0
0.0,0.90552586,0.0,0.0,0.16405176,0.175961,0.0,0.0,0.0,0.0,0.0,0.0,-1.296,0.0,-1.296,0.5745049,16.18937873840332,9.300877605815117,0.0,-0.0,0.0,-0.0,1.296,0.39571178,0.0,0.5092428,-0.8367604,0.0,-0.8367604,1.0016636,1.0516667,0.5092428,-0.050003175,11.075,19.02388,17.222221,17.222221,2.0
0.0,0.582331,0.0,0.0,0.025902908,0.027783314,0.0,0.0,0.0,0.0,0.0,0.0,-1.296,0.0,-1.296,0.4869529,16.189327239990234,7.883439862914656,0.0,-0.0,0.0,-0.0,1.296,0.07251692,0.0,0.504531,-0.8327906,0.0,-0.8327906,1.0056334,1.046955,0.504531,-0.04132161,11.95,19.064034,17.222221,17.222221,2.0
0.0,0.71112883,0.0,0.0,0.22161376,0.23770168,0.0,0.0,0.0,0.0,0.0,0.0,-1.296,0.0,-1.296,0.40001726,16.18927574157715,6.475989747897074,0.0,-0.0,0.0,-0.0,1.296,0.20131499,0.0,0.5166176,-0.8482312,0.0,-0.8482312,0.99019253,1.0590414,0.5166176,-0.06884882,13.3,19.546593,17.222221,17.222221,2.0
0.0,0.0,0.0,0.0,0.0,0.0,0.0,0.0,0.0,0.0,0.0,0.0,-1.296,0.0,-1.296,0.31369364,16.189224243164062,5.0784567239697935,0.0,-0.0,0.0,-0.0,1.296,0.0,0.0,0.5439889,-0.76995176,0.0,-0.76995176,0.52604824,0.5439889,0.5439889,-0.017940613,12.8,19.250381,17.777779,17.777779,2.0
0.0,0.7861827,0.0,0.0,0.0,0.0,0.0,0.0,0.0,0.0,0.0,0.0,-1.296,0.0,-1.296,0.22797772,16.189172744750977,3.690770737711489,0.0,-0.0,0.0,-0.0,1.296,0.27636886,0.0,0.7388011,-0.55721295,0.0,-0.55721295,1.2812108,1.2812248,0.7388011,-1.4054936e-05,12.2,19.81814,17.222221,17.222221,2.0
0.0,0.0,0.0,0.0,0.0,0.0,0.0,0.0,0.0,0.0,0.0,0.0,-1.296,0.0,-1.296,0.14286527,16.18912124633789,2.312863184011235,0.0,-0.0,0.0,-0.0,1.296,0.0,0.0,0.7579696,-0.5380304,0.0,-0.5380304,0.7579696,0.7579696,0.7579696,-0.0,12.2,19.604382,17.222221,17.222221,2.0
0.0,0.7943184,0.0,0.0,0.38814417,0.41632125,0.0,0.0,0.0,0.0,0.0,0.0,-0.66525066,0.0,-0.66525066,0.098994225,16.18909454345703,1.6026268720486314,0.0,-0.0,0.0,-0.0,0.66525066,0.28450453,0.0,0.74286634,0.07761568,0.07761568,0.0,1.28529,1.28529,0.74286634,-0.0,12.8,20.174397,17.222221,17.222221,2.0
0.0,0.0,0.0,0.0,0.0,0.0,0.0,0.0,0.0,0.0,0.0,0.0,0.0,0.0,0.0,0.0982973,16.18909454345703,1.5913442499527264,0.0,-0.0,0.0,-0.0,-0.0,0.0,0.0,0.58371705,0.58371705,0.58371705,0.0,0.58371705,0.58371705,0.58371705,-0.0,12.2,19.565334,18.333334,18.333334,2.0
0.0,0.789309,0.0,0.0,1.9407208,2.0816061,0.0,0.0,0.0,0.0,0.0,0.0,0.0,0.0,0.0,0.09760528,16.18909454345703,1.5801411152201013,0.0,-0.0,0.0,-0.0,-0.0,0.27949518,0.0,0.5453966,0.5453966,0.5453966,0.0,1.0878203,1.0878203,0.5453966,-0.0,12.8,20.025124,18.333334,18.333334,2.0
0.0,0.0,0.0,0.0,0.38814417,0.41632125,0.0,0.0,0.0,0.0,0.0,0.0,1.4742,1.4742,0.0,0.18449968,16.189037322998047,2.986872221724525,0.0,-0.0,0.0,-0.0,-0.0,0.0,1.4742,0.6057302,2.0799303,2.0799303,0.0,-0.011276722,-0.011276722,0.6057302,-0.0,12.2,19.24083,17.777779,17.777779,2.0
0.0,0.7931441,0.0,0.0,0.0,0.0,0.0,0.0,0.0,0.0,0.0,0.0,1.4742,1.4742,0.0,0.27078232,16.188980102539062,4.3836896179832365,0.0,-0.0,0.0,-0.0,-0.0,0.7931441,1.4742,0.44136629,1.9155663,1.9155663,0.0,-0.1756407,-0.1756407,0.44136629,-0.0,12.2,19.745615,17.222221,17.222221,2.0
0.0,0.0,0.0,0.0,0.0,0.0,0.0,0.0,0.0,0.0,0.0,0.0,1.4742,1.4742,0.0,0.35645756,16.188922882080078,5.770663969883458,0.0,-0.0,0.0,-0.0,-0.0,0.0,1.4742,0.41365457,1.8878546,1.8878546,0.0,-0.20335245,-0.20335245,0.41365457,-0.0,12.2,18.847887,17.222221,17.222221,2.0
0.0,0.8709413,0.0,0.0,0.0,0.0,0.0,0.0,0.0,0.0,0.0,0.0,1.4742,1.4742,0.0,0.44152963,16.188865661621094,7.147863891835186,0.0,-0.0,0.0,-0.0,-0.0,0.8709413,1.4742,0.3722118,1.8464118,1.8464118,0.0,-0.2447952,-0.2447952,0.3722118,-0.0,12.2,19.526287,17.222221,17.222221,2.0
0.0,0.0,0.0,0.0,0.0,0.0,0.0,0.0,0.0,0.0,0.0,0.0,1.4742,1.4742,0.0,0.5260028,16.18880844116211,8.515358962207983,0.0,-0.0,0.0,-0.0,-0.0,0.0,1.4742,0.36608046,1.8402805,1.8402805,0.0,-0.25092626,-0.25092626,0.36608046,-0.0,12.2,18.629835,17.222221,17.222221,2.0
0.0,0.78913146,0.0,0.0,0.0,0.0,0.0,0.0,0.0,0.0,0.0,0.0,1.4742,1.4742,0.0,0.6098812,16.188751220703125,9.873215381152477,0.0,-0.0,0.0,-0.0,-0.0,0.78913146,1.4742,0.34537974,1.8195797,1.8195797,0.0,-0.27162707,-0.27162707,0.34537974,-0.0,12.2,19.184875,17.222221,17.222221,2.0
0.0,0.0,0.0,0.0,0.0,0.0,0.0,0.0,0.0,0.0,0.0,0.0,1.4742,1.4742,0.0,0.6931692,16.18869400024414,11.221503690030886,0.0,-0.0,0.0,-0.0,-0.0,0.0,1.4742,0.34339678,1.8175968,1.8175968,0.0,-0.27361,-0.27361,0.34339678,-0.0,11.7,18.49276,17.222221,17.222221,2.0
0.0,0.73181015,0.0,0.0,0.0,0.0,0.0,0.0,0.0,0.0,0.0,0.0,1.4742,1.4742,0.0,0.7758708,16.188636779785156,12.560290569537756,0.0,-0.0,0.0,-0.0,-0.0,0.73181015,1.4742,2.144126,3.618326,3.618326,0.0,1.5271192,1.5271192,2.144126,-0.0,11.1,18.849222,17.222221,17.222221,2.0
0.0,0.0,0.0,0.0,0.0,0.0,0.0,0.0,0.0,0.0,0.0,0.0,1.4742,1.4742,0.0,0.85799015,16.188579559326172,13.88964173451177,0.0,-0.0,0.0,-0.0,-0.0,0.0,1.4742,0.44875607,1.9229561,1.9229561,0.0,0.196051,0.196051,0.44875607,-0.0,10.8,18.281723,17.222221,17.222221,2.0
0.0,0.84236175,0.0,0.0,1.7565387,1.8840536,0.0,0.0,0.0,0.0,0.0,0.0,1.4742,1.4742,0.0,0.9395314,16.188522338867188,15.209624828686174,0.0,-0.0,0.0,-0.0,-0.0,0.84236175,1.4742,2.0906866,3.5648866,3.5648866,0.0,2.0454464,2.0454464,2.0906866,-0.0,11.1,18.755037,18.333334,18.333334,2.0
0.0,0.0,0.0,0.0,0.4377104,0.46948573,0.0,0.0,0.0,0.0,0.0,0.0,1.0752668,1.0752668,0.0,0.9967981,16.188480377197266,16.136646450913986,0.0,-0.0,0.0,-0.0,-0.0,0.0,1.0752668,2.400987,3.4656796,3.4656796,0.0,2.3451726,2.3557467,2.400987,-0.010574042,12.2,18.398926,17.222221,17.222221,2.0
0.0,0.7319317,0.0,0.0,0.65335006,0.7007796,0.0,0.0,0.0,0.0,0.0,0.0,-0.90514624,0.0,-0.90514624,0.93085104,16.188444137573242,15.069030098200415,0.0,-0.0,0.0,-0.0,0.90514624,0.2221176,0.0,0.50288254,-0.4385054,0.0,-0.4385054,1.0090648,1.0453066,0.50288254,-0.036241714,11.7,18.865276,17.777779,17.777779,2.0
0.0,0.0,0.0,0.0,0.7195825,0.7718202,0.0,0.0,0.0,0.0,0.0,0.0,-1.296,0.0,-1.296,0.8407903,16.188392639160156,13.6110430464214,0.0,-0.0,0.0,-0.0,1.296,0.0,0.0,0.4992475,-0.8380225,0.0,-0.8380225,0.45797753,0.4992475,0.4992475,-0.041269965,12.8,18.714054,17.222221,17.222221,2.0
0.0,0.6145777,0.0,0.0,0.65335006,0.7007796,0.0,0.0,0.0,0.0,0.0,0.0,-1.296,0.0,-1.296,0.7513636,16.18834114074707,12.163329880254082,0.0,-0.0,0.0,-0.0,1.296,0.10476363,0.0,0.50218683,-0.8708073,0.0,-0.8708073,0.9676167,1.0446109,0.50218683,-0.07699414,13.6,19.32145,17.222221,17.222221,2.0
0.0,0.0,0.0,0.0,0.4492291,0.4818406,0.0,0.0,0.0,0.0,0.0,0.0,-1.296,0.0,-1.296,0.6625664,16.188289642333984,10.725817169545735,0.0,-0.0,0.0,-0.0,1.296,0.0,0.0,0.5097289,-0.8970446,0.0,-0.8970446,0.3989554,0.5097289,0.5097289,-0.11077351,13.9,19.385036,17.222221,17.222221,2.0
0.0,0.0,0.0,0.0,0.3714779,0.39844513,0.0,0.0,0.0,0.0,0.0,0.0,-1.296,0.0,-1.296,0.5743944,16.1882381439209,9.298433414865144,0.0,-0.0,0.0,-0.0,1.296,0.0,0.0,0.5092428,-0.89934427,0.0,-0.89934427,0.39665574,0.5092428,0.5092428,-0.11258701,13.9,19.517218,17.777779,17.777779,2.0
0.0,0.0,0.0,0.0,1.5536802,1.6664686,0.0,0.0,0.0,0.0,0.0,0.0,-1.296,0.0,-1.296,0.48684317,16.188186645507812,7.881108082580795,0.0,-0.0,0.0,-0.0,1.296,0.0,0.0,0.504531,-0.9213748,0.0,-0.9213748,0.3746252,0.504531,0.504531,-0.1299058,13.9,19.737803,17.777779,17.777779,2.0
0.0,0.0,0.0,0.0,0.38842005,0.41661716,0.0,0.0,0.0,0.0,0.0,0.0,-1.296,0.0,-1.296,0.39990827,16.188135147094727,6.4737691926254115,0.0,-0.0,0.0,-0.0,1.296,0.0,0.0,0.5166176,-0.8704427,0.0,-0.8704427,0.42555732,0.5166176,0.5166176,-0.09106029,14.4,19.944054,17.777779,17.777779,2.0
0.0,0.0,0.0,0.0,0.0,0.0,0.0,0.0,0.0,0.0,0.0,0.0,-1.296,0.0,-1.296,0.31358543,16.18808364868164,5.076347178058882,0.0,-0.0,0.0,-0.0,1.296,0.0,0.0,0.76300347,-0.57328767,0.0,-0.57328767,0.72271234,0.76300347,0.76300347,-0.040291112,13.9,20.07533,17.222221,17.222221,2.0
0.0,0.0,0.0,0.0,0.0,0.0,0.0,0.0,0.0,0.0,0.0,0.0,-1.296,0.0,-1.296,0.22787029,16.188032150268555,3.6887715079432155,0.0,-0.0,0.0,-0.0,1.296,0.0,0.0,0.7388011,-0.5577954,0.0,-0.5577954,0.7382046,0.7388011,0.7388011,-0.00059650827,12.8,19.999256,17.222221,17.222221,2.0
0.0,0.5860778,0.0,0.0,0.38842005,0.41661716,0.0,0.0,0.0,0.0,0.0,0.0,-1.296,0.0,-1.296,0.1427586,16.18798065185547,2.3109733407746944,0.0,-0.0,0.0,-0.0,1.296,0.076263726,0.0,0.7579696,-0.5380304,0.0,-0.5380304,1.3003936,1.3003936,0.7579696,-0.0,12.2,20.36272,17.222221,17.222221,2.0
0.0,0.0,0.0,0.0,0.0,0.0,0.0,0.0,0.0,0.0,0.0,0.0,-0.663595,0.0,-0.663595,0.09899497,16.18795394897461,1.6025260207470637,0.0,-0.0,0.0,-0.0,0.663595,0.0,0.0,0.74286634,0.07927132,0.07927132,0.0,0.74286634,0.74286634,0.74286634,-0.0,12.2,20.07213,17.222221,17.222221,2.0
0.0,0.60703856,0.0,0.0,1.6107137,1.7276425,0.0,0.0,0.0,0.0,0.0,0.0,0.0,0.0,0.0,0.098298036,16.18795394897461,1.5912440729529465,0.0,-0.0,0.0,-0.0,-0.0,0.09722471,0.0,0.47446314,0.47446314,0.47446314,0.0,1.0168868,1.0168868,0.47446314,-0.0,11.1,20.088984,17.430555,17.430555,2.0
0.0,0.0,0.0,0.0,0.0,0.0,0.0,0.0,0.0,0.0,0.0,0.0,0.0,0.0,0.0,0.097606,16.18795394897461,1.5800414863122114,0.0,-0.0,0.0,-0.0,-0.0,0.0,0.0,0.45431146,0.45431146,0.45431146,0.0,0.45431146,0.45431146,0.45431146,-0.0,11.1,19.318924,18.333334,18.333334,2.0
0.0,0.8256513,0.0,0.0,1.9421003,2.083086,0.0,0.0,0.0,0.0,0.0,0.0,1.4742,1.4742,0.0,0.1845004,16.187896728515625,2.9866733608923823,0.0,-0.0,0.0,-0.0,-0.0,0.8256513,1.4742,0.38926372,1.8634638,1.8634638,0.0,-0.22774303,-0.22774303,0.38926372,-0.0,10.6,19.58059,17.222221,17.222221,2.0
0.0,0.0,0.0,0.0,0.7768401,0.8332343,0.0,0.0,0.0,0.0,0.0,0.0,1.4742,1.4742,0.0,0.27078307,16.18783950805664,4.383392826041472,0.0,-0.0,0.0,-0.0,-0.0,0.0,1.4742,0.3998109,1.8740109,1.8740109,0.0,-0.21719587,-0.21719587,0.3998109,-0.0,11.1,18.713745,17.777779,17.777779,2.0
0.0,0.87436163,0.0,0.0,0.0,0.0,0.0,0.0,0.0,0.0,0.0,0.0,1.4742,1.4742,0.0,0.35645828,16.187782287597656,5.770268974760029,0.0,-0.0,0.0,-0.0,-0.0,0.87436163,1.4742,0.3824916,1.8566916,1.8566916,0.0,-0.23451519,-0.23451519,0.3824916,-0.0,8.89,18.792171,17.222221,17.222221,2.0
0.0,0.0,0.0,0.0,0.0,0.0,0.0,0.0,0.0,0.0,0.0,0.0,1.4742,1.4742,0.0,0.44153032,16.187725067138672,7.147371381504968,0.0,-0.0,0.0,-0.0,-0.0,0.0,1.4742,0.34934562,1.8235457,1.8235457,0.0,-0.2676611,-0.2676611,0.34934562,-0.0,9.745,17.852322,17.222221,17.222221,2.0
0.0,1.0555103,0.0,0.0,0.0,0.0,0.0,0.0,0.0,0.0,0.0,0.0,1.4742,1.4742,0.0,0.5260034,16.187667846679688,8.514768654890759,0.0,-0.0,0.0,-0.0,-0.0,1.0555103,1.4742,0.34736267,1.8215626,1.8215626,0.0,-0.10306013,-0.10306013,0.34736267,-0.0,10.6,18.865833,17.222221,17.222221,2.0
0.0,0.0,0.0,0.0,0.0,0.0,0.0,0.0,0.0,0.0,0.0,0.0,1.4742,1.4742,0.0,0.6098818,16.187610626220703,9.87252940256326,0.0,-0.0,0.0,-0.0,-0.0,0.0,1.4742,0.34537974,1.8195797,1.8195797,0.0,0.30013955,0.30013955,0.34537974,-0.0,10.733334,18.103363,17.222221,17.222221,2.0
0.0,0.6896063,0.0,0.0,0.0,0.0,0.0,0.0,0.0,0.0,0.0,0.0,1.4742,1.4742,0.0,0.6931698,16.18755340576172,11.220722713626401,0.0,-0.0,0.0,-0.0,-0.0,0.6896063,1.4742,0.3815183,1.8557184,1.8557184,0.0,0.3362782,0.3362782,0.3815183,-0.0,10.6,18.368786,17.222221,17.222221,2.0
0.0,0.0,0.0,0.0,2.662998,2.8563168,0.0,0.0,0.0,0.0,0.0,0.0,1.4742,1.4742,0.0,0.7758714,16.187496185302734,12.559415264083782,0.0,-0.0,0.0,-0.0,-0.0,0.0,1.4742,0.37102103,1.845221,1.845221,0.0,0.32578087,0.32578087,0.37102103,-0.0,10.0,17.778837,17.222221,17.222221,2.0
0.0,0.8455779,0.0,0.0,0.0,0.0,0.0,0.0,0.0,0.0,0.0,0.0,1.4742,1.4742,0.0,0.85799074,16.18743896484375,13.888672764151124,0.0,-0.0,0.0,-0.0,-0.0,0.8455779,1.4742,0.39805937,1.8722594,1.8722594,0.0,0.3528192,0.3528192,0.39805937,-0.0,8.33,17.888609,17.222221,17.222221,2.0
0.0,0.0,0.0,0.0,0.0,0.0,0.0,0.0,0.0,0.0,0.0,0.0,1.4742,1.4742,0.0,0.939532,16.187381744384766,15.208562852802743,0.0,-0.0,0.0,-0.0,-0.0,0.0,1.4742,0.49053177,1.9647318,1.9647318,0.0,0.44529164,0.44529164,0.49053177,-0.0,8.885,17.374664,18.333334,18.333334,2.0
0.0,0.96110433,0.0,0.0,1.4204226,1.5235373,0.0,0.0,0.0,0.0,0.0,0.0,1.0741167,1.0741167,0.0,0.9967304,16.187339782714844,16.134413449538897,0.0,-0.0,0.0,-0.0,-0.0,0.96110433,1.0741167,0.50123155,1.5512959,1.5512959,0.0,0.431939,0.4559914,0.50123155,-0.02405239,9.44,18.148823,18.333334,18.333334,2.0
0.0,0.0,0.0,0.0,1.7269214,1.8522862,0.0,0.0,0.0,0.0,0.0,0.0,-0.9058811,0.0,-0.9058811,0.9307372,16.18730354309082,15.06612553314551,0.0,-0.0,0.0,-0.0,0.9058811,0.0,0.0,0.50288254,-0.43291423,0.0,-0.43291423,0.47296688,0.50288254,0.50288254,-0.029915672,11.67,18.151905,17.777779,17.777779,2.0
0.0,0.7479785,0.0,0.0,0.22024795,0.23623672,0.0,0.0,0.0,0.0,0.0,0.0,-1.296,0.0,-1.296,0.84067726,16.187252044677734,13.608254717742966,0.0,-0.0,0.0,-0.0,1.296,0.23816442,0.0,0.4992475,-0.8721243,0.0,-0.8721243,0.96629965,1.0416714,0.4992475,-0.07537178,10.6,18.664635,17.222221,17.222221,2.0
0.0,0.0,0.0,0.0,0.777371,0.8338038,0.0,0.0,0.0,0.0,0.0,0.0,-1.296,0.0,-1.296,0.75125134,16.18720054626465,12.160656099812286,0.0,-0.0,0.0,-0.0,1.296,0.0,0.0,0.50218683,-0.8662853,0.0,-0.8662853,0.42971468,0.50218683,0.50218683,-0.07247215,10.0,18.482855,17.222221,17.222221,2.0
0.0,0.66010976,0.0,0.0,0.0,0.0,0.0,0.0,0.0,0.0,0.0,0.0,-1.296,0.0,-1.296,0.662455,16.187149047851562,10.72325818403533,0.0,-0.0,0.0,-0.0,1.296,0.15029567,0.0,0.71359646,-0.693684,0.0,-0.693684,1.14474,1.2560204,0.71359646,-0.11128047,11.5,19.184673,17.222221,17.222221,2.0
0.0,0.0,0.0,0.0,0.0,0.0,0.0,0.0,0.0,0.0,0.0,0.0,-1.296,0.0,-1.296,0.5742838,16.187097549438477,9.295987546350148,0.0,-0.0,0.0,-0.0,1.296,0.0,0.0,2.408998,0.98137885,0.98137885,0.0,2.2773788,2.408998,2.408998,-0.13161917,12.8,19.379063,17.222221,17.222221,2.0
0.0,0.0,0.0,0.0,0.7603512,0.8155484,0.0,0.0,0.0,0.0,0.0,0.0,-1.296,0.0,-1.296,0.48673326,16.18704605102539,7.878773658097316,0.0,-0.0,0.0,-0.0,1.296,0.0,0.0,0.6528547,-0.77853954,0.0,-0.77853954,0.51746047,0.6528547,0.6528547,-0.13539419,13.3,19.622833,17.222221,17.222221,2.0
0.0,0.0,0.0,0.0,0.008643561,0.009271035,0.0,0.0,0.0,0.0,0.0,0.0,-1.296,0.0,-1.296,0.39979917,16.186994552612305,6.471546956333782,0.0,-0.0,0.0,-0.0,1.296,0.0,0.0,6.7678275,5.349495,5.349495,0.0,6.645495,6.7678275,6.7678275,-0.12233264,13.3,19.976646,17.222221,17.222221,2.0
0.0,0.0,0.0,0.0,0.0,0.0,0.0,0.0,0.0,0.0,0.0,0.0,-1.296,0.0,-1.296,0.3134771,16.18694305419922,5.074235949366539,0.0,-0.0,0.0,-0.0,1.296,0.0,0.0,0.63635314,-0.7116146,0.0,-0.7116146,0.5843854,0.63635314,0.63635314,-0.051967755,13.9,20.187511,17.222221,17.222221,2.0
0.0,0.0,0.0,0.0,0.777371,0.8338038,0.0,0.0,0.0,0.0,0.0,0.0,-1.296,0.0,-1.296,0.22776271,16.186891555786133,3.6867703524285673,0.0,-0.0,0.0,-0.0,1.296,0.0,0.0,0.7388011,-0.55806905,0.0,-0.55806905,0.73793095,0.7388011,0.7388011,-0.00087014993,12.2,20.054907,17.222221,17.222221,2.0
0.0,0.0,0.0,0.0,0.0,0.0,0.0,0.0,0.0,0.0,0.0,0.0,-1.296,0.0,-1.296,0.14265178,16.186840057373047,2.309081570065075,0.0,-0.0,0.0,-0.0,1.296,0.0,0.0,0.7579696,-0.5380304,0.0,-0.5380304,0.7579696,0.7579696,0.7579696,-0.0,11.7,19.921131,17.222221,17.222221,2.0
0.0,0.59972006,0.0,0.0,1.1660565,1.2507057,0.0,0.0,0.0,0.0,0.0,0.0,-0.66193736,0.0,-0.66193736,0.098995715,16.186813354492188,1.6024251677458778,0.0,-0.0,0.0,-0.0,0.66193736,0.08990598,0.0,0.74286634,0.08092898,0.08092898,0.0,1.2852902,1.2852902,0.74286634,-0.0,10.6,20.114447,17.222221,17.222221,2.0
0.0,0.0,0.0,0.0,0.0,0.0,0.0,0.0,0.0,0.0,0.0,0.0,0.0,0.0,0.0,0.09829877,16.186813354492188,1.5911438942705445,0.0,-0.0,0.0,-0.0,-0.0,0.0,0.0,0.8022249,0.8022249,0.8022249,0.0,0.8022249,0.8022249,0.8022249,-0.0,9.833333,19.523548,18.333334,18.333334,2.0
0.0,0.81256974,0.0,0.0,1.554742,1.6676075,0.0,0.0,0.0,0.0,0.0,0.0,0.0,0.0,0.0,0.09760674,16.186813354492188,1.579942096958007,0.0,-0.0,0.0,-0.0,-0.0,0.3027559,0.0,0.6364818,0.6364818,0.6364818,0.0,1.1789055,1.1789055,0.6364818,-0.0,9.066667,19.68478,18.333334,18.333334,2.0
0.0,0.0,0.0,0.0,0.0,0.0,0.0,0.0,0.0,0.0,0.0,0.0,1.4742,1.4742,0.0,0.18450114,16.186756134033203,2.986474980831531,0.0,-0.0,0.0,-0.0,-0.0,0.0,1.4742,0.38926372,1.8634638,1.8634638,0.0,-0.22774327,-0.22774327,0.38926372,-0.0,8.3,18.626884,17.777779,17.777779,2.0
0.0,1.0058981,0.0,0.0,0.0,0.0,0.0,0.0,0.0,0.0,0.0,0.0,1.4742,1.4742,0.0,0.27078378,16.18669891357422,4.38309554999887,0.0,-0.0,0.0,-0.0,-0.0,1.0058981,1.4742,0.3582555,1.8324555,1.8324555,0.0,-0.25875127,-0.25875127,0.3582555,-0.0,10.0,19.381378,17.222221,17.222221,2.0
0.0,0.0,0.0,0.0,0.0,0.0,0.0,0.0,0.0,0.0,0.0,0.0,1.4742,1.4742,0.0,0.356459,16.186641693115234,5.769873978004966,0.0,-0.0,0.0,-0.0,-0.0,0.0,1.4742,0.35132858,1.8255286,1.8255286,0.0,-0.26567817,-0.26567817,0.35132858,-0.0,10.0,18.340197,17.222221,17.222221,2.0
0.0,0.849936,0.0,0.0,0.0,0.0,0.0,0.0,0.0,0.0,0.0,0.0,1.4742,1.4742,0.0,0.44153103,16.18658447265625,7.146879352008909,0.0,-0.0,0.0,-0.0,-0.0,0.849936,1.4742,0.34934562,1.8235457,1.8235457,0.0,-0.2676611,-0.2676611,0.34934562,-0.0,8.3,18.391487,17.222221,17.222221,2.0
0.0,0.57562417,0.0,0.0,0.0,0.0,0.0,0.0,0.0,0.0,0.0,0.0,1.4742,1.4742,0.0,0.52600414,16.186527252197266,8.514180275798253,0.0,-0.0,0.0,-0.0,-0.0,0.57562417,1.4742,0.34736267,1.8215626,1.8215626,0.0,-0.11689508,-0.11689508,0.34736267,-0.0,10.0,18.335459,17.222221,17.222221,2.0
0.0,0.7280206,0.0,0.0,0.0,0.0,0.0,0.0,0.0,0.0,0.0,0.0,1.4742,1.4742,0.0,0.60988253,16.18647003173828,9.87184535219194,0.0,-0.0,0.0,-0.0,-0.0,0.7280206,1.4742,0.34537974,1.8195797,1.8195797,0.0,0.30013955,0.30013955,0.34537974,-0.0,7.8,18.02229,17.222221,17.222221,2.0
0.0,0.8640201,0.0,0.0,0.0,0.0,0.0,0.0,0.0,0.0,0.0,0.0,1.4742,1.4742,0.0,0.6931704,16.186412811279297,11.219942700647607,0.0,-0.0,0.0,-0.0,-0.0,0.8640201,1.4742,0.34339678,1.8175968,1.8175968,0.0,0.29815662,0.29815662,0.34339678,-0.0,5.733333,17.701296,17.222221,17.222221,2.0
0.0,0.9873912,0.0,0.0,0.0,0.0,0.0,0.0,0.0,0.0,0.0,0.0,1.4742,1.4742,0.0,0.775872,16.186355590820312,12.558539957270114,0.0,-0.0,0.0,-0.0,-0.0,0.9873912,1.4742,0.34339678,1.8175968,1.8175968,0.0,0.29815662,0.29815662,0.34339678,-0.0,5.15,17.606709,17.222221,17.222221,2.0
0.0,1.0528839,0.0,0.0,0.0,0.0,0.0,0.0,0.0,0.0,0.0,0.0,1.4742,1.4742,0.0,0.85799134,16.186298370361328,13.887703792430784,0.0,-0.0,0.0,-0.0,-0.0,1.0528839,1.4742,0.34736267,1.8215626,1.8215626,0.0,0.30212247,0.30212247,0.34736267,-0.0,10.0,18.61443,17.222221,17.222221,2.0
0.0,0.695185,0.0,0.0,1.4849969,1.5927994,0.0,0.0,0.0,0.0,0.0,0.0,1.4742,1.4742,0.0,0.9395326,16.186241149902344,15.207500875559617,0.0,-0.0,0.0,-0.0,-0.0,0.695185,1.4742,0.42093018,1.8951302,1.8951302,0.0,0.37568998,0.37568998,0.42093018,-0.0,10.0,18.770668,17.222221,17.222221,2.0
0.0,0.89024657,0.0,0.0,0.9631855,1.0331074,0.0,0.0,0.0,0.0,0.0,0.0,1.0729666,1.0729666,0.0,0.9966626,16.186199188232422,16.13217963785246,0.0,-0.0,0.0,-0.0,-0.0,0.89024657,1.0729666,0.57519156,1.6195062,1.6195062,0.0,0.5012995,0.52995133,0.57519156,-0.028651837,11.1,19.361353,18.333334,18.333334,2.0
0.0,0.0,0.0,0.0,9.17385,9.83982,0.0,0.0,0.0,0.0,0.0,0.0,-0.9066173,0.0,-0.9066173,0.9306232,16.1861629486084,15.06321833348079,0.0,-0.0,0.0,-0.0,0.9066173,0.0,0.0,0.6524535,-0.3317788,0.0,-0.3317788,0.5748385,0.65245354,0.6524535,-0.07761499,12.8,19.507324,18.187134,18.187134,2.0
0.0,0.87157416,0.0,0.0,4.921115,5.2783604,0.0,0.0,0.0,0.0,0.0,0.0,-1.296,0.0,-1.296,0.840564,16.186111450195312,13.60546278779293,0.0,-0.0,0.0,-0.0,1.296,0.36176008,0.0,0.64716643,-0.76864535,0.0,-0.76864535,1.0697787,1.1895905,0.64716643,-0.11981178,12.8,20.445549,18.040936,18.040936,2.0
0.0,0.0,0.0,0.0,0.607565,0.6516708,0.0,0.0,0.0,0.0,0.0,0.0,-1.296,0.0,-1.296,0.7511389,16.186059951782227,12.157979681107918,0.0,-0.0,0.0,-0.0,1.296,0.0,0.0,0.577616,-0.8859925,0.0,-0.8859925,0.41000748,0.577616,0.577616,-0.16760848,13.3,20.49326,17.894737,17.894737,2.0
0.0,0.0,0.0,0.0,0.0,0.0,0.0,0.0,0.0,0.0,0.0,0.0,-1.296,0.0,-1.296,0.6623434,16.18600845336914,10.720695593606706,0.0,-0.0,0.0,-0.0,1.296,0.0,0.0,0.5869461,-0.8962633,0.0,-0.8962633,0.3997367,0.5869461,0.5869461,-0.18720944,13.9,20.76257,17.748537,17.748537,2.0
0.0,0.0,0.0,0.0,0.0,0.0,0.0,0.0,0.0,0.0,0.0,0.0,-1.296,0.0,-1.296,0.574173,16.185956954956055,9.293539035919821,0.0,-0.0,0.0,-0.0,1.296,0.0,0.0,0.5092428,-0.96596175,0.0,-0.96596175,0.33003825,0.5092428,0.5092428,-0.17920454,16.1,21.27679,17.602339,17.602339,2.0
0.0,0.0,0.0,0.0,0.38894042,0.41717532,0.0,0.0,0.0,0.0,0.0,0.0,-1.296,0.0,-1.296,0.48662323,16.18590545654297,7.876437554831227,0.0,-0.0,0.0,-0.0,1.296,0.0,0.0,0.42991275,-1.0263737,0.0,-1.0263737,0.26962626,0.4299128,0.42991275,-0.16028653,12.78,21.038471,17.45614,17.45614,2.0
0.0,0.0,0.0,0.0,1.9447021,2.0858767,0.0,0.0,0.0,0.0,0.0,0.0,-1.296,0.0,-1.296,0.39968988,16.185853958129883,6.4693220746780185,0.0,-0.0,0.0,-0.0,1.296,0.0,0.0,0.5166176,-0.90838003,0.0,-0.90838003,0.38761997,0.51661766,0.5166176,-0.12899765,15.0,21.376675,17.309942,17.309942,2.0
0.0,0.0,0.0,0.0,0.0,0.0,0.0,0.0,0.0,0.0,0.0,0.0,-1.296,0.0,-1.296,0.3133686,16.185802459716797,5.072122073551668,0.0,-0.0,0.0,-0.0,1.296,0.0,0.0,0.5439889,-0.8172796,0.0,-0.8172796,0.47872043,0.5439888,0.5439889,-0.06526843,13.9,21.36676,17.222221,17.222221,2.0
0.0,0.0,0.0,0.0,0.0,0.0,0.0,0.0,0.0,0.0,0.0,0.0,-1.296,0.0,-1.296,0.22765498,16.18575096130371,3.684766789253473,0.0,-0.0,0.0,-0.0,1.296,0.0,0.0,0.7388011,-0.55895877,0.0,-0.55895877,0.73704123,0.7388011,0.7388011,-0.001759874,12.2,21.114471,17.222221,17.222221,2.0
0.0,0.0,0.0,0.0,0.0,0.0,0.0,0.0,0.0,0.0,0.0,0.0,-1.296,0.0,-1.296,0.14254482,16.185699462890625,2.307187631155557,0.0,-0.0,0.0,-0.0,1.296,0.0,0.0,0.7579696,-0.5380304,0.0,-0.5380304,0.7579696,0.7579696,0.7579696,-0.0,11.1,20.709438,17.222221,17.222221,2.0
0.0,0.0,0.0,0.0,2.5899434,2.7779589,0.0,0.0,0.0,0.0,0.0,0.0,-0.66027737,0.0,-0.66027737,0.098996475,16.185672760009766,1.6023245542303926,0.0,-0.0,0.0,-0.0,0.66027737,0.0,0.0,0.74286634,0.08258897,0.08258897,0.0,0.74286634,0.74286634,0.74286634,-0.0,10.0,20.113876,17.222221,17.222221,2.0
0.0,0.5744587,0.0,0.0,0.0,0.0,0.0,0.0,0.0,0.0,0.0,0.0,0.0,0.0,0.0,0.09829953,16.185672760009766,1.5910440756834987,0.0,-0.0,0.0,-0.0,-0.0,0.064644635,0.0,0.692971,0.692971,0.692971,0.0,1.235395,1.235395,0.692971,-0.0,10.0,20.241951,17.222221,17.222221,2.0
0.0,0.0,0.0,0.0,0.0,0.0,0.0,0.0,0.0,0.0,0.0,0.0,0.0,0.0,0.0,0.0976075,16.185672760009766,1.5798430676991586,0.0,-0.0,0.0,-0.0,-0.0,0.0,0.0,0.5453966,0.5453966,0.5453966,0.0,0.5453966,0.5453966,0.5453966,-0.0,9.4,19.222145,17.222221,17.222221,2.0
0.0,0.792802,0.0,0.0,0.0,0.0,0.0,0.0,0.0,0.0,0.0,0.0,1.4742,1.4742,0.0,0.1845019,16.18561553955078,2.9862768402555275,0.0,-0.0,0.0,-0.0,-0.0,0.792802,1.4742,0.5335747,2.0077748,2.0077748,0.0,-0.08343196,-0.08343196,0.5335747,-0.0,9.4,19.574062,17.222221,17.222221,2.0
0.0,0.0,0.0,0.0,0.0,0.0,0.0,0.0,0.0,0.0,0.0,0.0,1.4742,1.4742,0.0,0.27078453,16.185558319091797,4.382798754691862,0.0,-0.0,0.0,-0.0,-0.0,0.0,1.4742,0.3582555,1.8324555,1.8324555,0.0,-0.25875127,-0.25875127,0.3582555,-0.0,8.95,18.272633,17.222221,17.222221,2.0
0.0,0.92727196,0.0,0.0,0.0,0.0,0.0,0.0,0.0,0.0,0.0,0.0,1.4742,1.4742,0.0,0.35645977,16.185501098632812,5.769479944349314,0.0,-0.0,0.0,-0.0,-0.0,0.92727196,1.4742,0.3824916,1.8566916,1.8566916,0.0,-0.15637994,-0.15637994,0.3824916,-0.0,8.9,18.713923,17.222221,17.222221,2.0
0.0,0.0,0.0,0.0,0.0,0.0,0.0,0.0,0.0,0.0,0.0,0.0,1.4742,1.4742,0.0,0.44153184,16.185443878173828,7.146388767972667,0.0,-0.0,0.0,-0.0,-0.0,0.0,1.4742,0.3722118,1.8464118,1.8464118,0.0,0.32697165,0.32697165,0.3722118,-0.0,8.9,17.733551,17.222221,17.222221,2.0
0.0,0.99286544,0.0,0.0,0.0,0.0,0.0,0.0,0.0,0.0,0.0,0.0,1.4742,1.4742,0.0,0.52600497,16.185386657714844,8.513593824522559,0.0,-0.0,0.0,-0.0,-0.0,0.99286544,1.4742,0.34736267,1.8215626,1.8215626,0.0,0.30212247,0.30212247,0.34736267,-0.0,8.9,18.302687,17.222221,17.222221,2.0
0.0,0.0,0.0,0.0,0.0,0.0,0.0,0.0,0.0,0.0,0.0,0.0,1.4742,1.4742,0.0,0.6098834,16.18532943725586,9.871164194351422,0.0,-0.0,0.0,-0.0,-0.0,0.0,1.4742,0.34537974,1.8195797,1.8195797,0.0,0.30013955,0.30013955,0.34537974,-0.0,8.3,17.587967,17.222221,17.222221,2.0
0.0,0.9349642,0.0,0.0,0.0,0.0,0.0,0.0,0.0,0.0,0.0,0.0,1.4742,1.4742,0.0,0.6931713,16.185272216796875,11.219166545042754,0.0,-0.0,0.0,-0.0,-0.0,0.9349642,1.4742,0.34339678,1.8175968,1.8175968,0.0,0.29815662,0.29815662,0.34339678,-0.0,7.8,17.897648,17.222221,17.222221,2.0
0.0,0.0,0.0,0.0,0.0,0.0,0.0,0.0,0.0,0.0,0.0,0.0,1.4742,1.4742,0.0,0.7758729,16.18521499633789,12.557669472666703,0.0,-0.0,0.0,-0.0,-0.0,0.0,1.4742,0.34339678,1.8175968,1.8175968,0.0,0.29815662,0.29815662,0.34339678,-0.0,7.2,17.36669,17.222221,17.222221,2.0
0.0,1.0488307,0.0,0.0,0.0,0.0,0.0,0.0,0.0,0.0,0.0,0.0,1.4742,1.4742,0.0,0.85799223,16.185157775878906,13.886739642903649,0.0,-0.0,0.0,-0.0,-0.0,1.0488307,1.4742,2.2978146,3.7720146,3.7720146,0.0,2.2525744,2.2525744,2.2978146,-0.0,7.8,17.923134,17.222221,17.222221,2.0
0.0,0.0,0.0,0.0,0.0,0.0,0.0,0.0,0.0,0.0,0.0,0.0,1.4742,1.4742,0.0,0.9395334,16.185100555419922,15.206442755785474,0.0,-0.0,0.0,-0.0,-0.0,0.0,1.4742,0.42093018,1.8951302,1.8951302,0.0,0.37568998,0.37568998,0.42093018,-0.0,7.5,17.515888,17.222221,17.222221,2.0
0.0,0.9760686,0.0,0.0,0.0,0.0,0.0,0.0,0.0,0.0,0.0,0.0,1.0718126,1.0718126,0.0,0.9965949,16.18505859375,16.129946945467964,0.0,-0.0,0.0,-0.0,-0.0,0.9760686,1.0718126,0.50123155,1.5719718,1.5719718,0.0,0.45491898,0.45599145,0.50123155,-0.0010724565,10.0,18.408203,17.222221,17.222221,2.0
0.0,0.0,0.0,0.0,0.0,0.0,0.0,0.0,0.0,0.0,0.0,0.0,-0.9073515,0.0,-0.9073515,0.9305094,16.185022354125977,15.060315252735677,0.0,-0.0,0.0,-0.0,0.9073515,0.0,0.0,2.3278522,1.3995979,1.3995979,0.0,2.3069494,2.3278522,2.3278522,-0.020902831,11.7,18.34836,18.187134,18.187134,2.0
0.0,0.79472786,0.0,0.0,1.1675543,1.2523122,0.0,0.0,0.0,0.0,0.0,0.0,-1.296,0.0,-1.296,0.84045106,16.18497085571289,13.602675939682058,0.0,-0.0,0.0,-0.0,1.296,0.28491378,0.0,2.3250434,0.90814424,0.90814424,0.0,2.7465682,2.8674674,2.3250434,-0.1208992,11.7,19.221554,18.040936,18.040936,2.0
0.0,0.0,0.0,0.0,1.6051711,1.7216976,0.0,0.0,0.0,0.0,0.0,0.0,-1.296,0.0,-1.296,0.75102675,16.184919357299805,12.155307377627423,0.0,-0.0,0.0,-0.0,1.296,0.0,0.0,0.85793,-0.5284297,0.0,-0.5284297,0.7675703,0.85793,0.85793,-0.09035968,11.1,18.972775,17.894737,17.894737,2.0
0.0,0.0,0.0,0.0,0.0,0.0,0.0,0.0,0.0,0.0,0.0,0.0,-1.296,0.0,-1.296,0.6622319,16.18486785888672,10.718136151928775,0.0,-0.0,0.0,-0.0,1.296,0.0,0.0,2.2056167,0.8331874,0.8331874,0.0,2.1291873,2.2056167,2.2056167,-0.076429315,11.1,18.808144,17.748537,17.748537,2.0
0.0,0.6590926,0.0,0.0,0.38918477,0.4174374,0.0,0.0,0.0,0.0,0.0,0.0,-1.296,0.0,-1.296,0.5740623,16.184816360473633,9.291092707637176,0.0,-0.0,0.0,-0.0,1.296,0.14927852,0.0,0.43226862,-0.97202164,0.0,-0.97202164,0.8664023,0.9746926,0.43226862,-0.10829028,11.7,19.31371,17.602339,17.602339,2.0
0.0,0.0,0.0,0.0,1.5567391,1.6697496,0.0,0.0,0.0,0.0,0.0,0.0,-1.296,0.0,-1.296,0.48651338,16.184764862060547,7.874104596626239,0.0,-0.0,0.0,-0.0,1.296,0.0,0.0,0.42991275,-0.934619,0.0,-0.934619,0.361381,0.42991272,0.42991275,-0.06853173,11.7,19.124506,17.45614,17.45614,2.0
0.0,0.0,0.0,0.0,0.0,0.0,0.0,0.0,0.0,0.0,0.0,0.0,-1.296,0.0,-1.296,0.3995808,16.18471336364746,6.467100818716574,0.0,-0.0,0.0,-0.0,1.296,0.0,0.0,0.5166176,-0.8308256,0.0,-0.8308256,0.46517438,0.5166176,0.5166176,-0.05144324,12.2,19.195072,17.309942,17.309942,2.0
0.0,0.6546668,0.0,0.0,0.38918477,0.4174374,0.0,0.0,0.0,0.0,0.0,0.0,-1.296,0.0,-1.296,0.31326026,16.184661865234375,5.070011339312259,0.0,-0.0,0.0,-0.0,1.296,0.1448527,0.0,0.4516246,-0.8651099,0.0,-0.8651099,0.97331405,0.9940486,0.4516246,-0.020734578,12.2,19.460453,17.222221,17.222221,2.0
0.0,0.0,0.0,0.0,0.77836955,0.8348748,0.0,0.0,0.0,0.0,0.0,0.0,-1.296,0.0,-1.296,0.22754739,16.18461036682129,3.6827658835380532,0.0,-0.0,0.0,-0.0,1.296,0.0,0.0,0.51106405,-0.78493595,0.0,-0.78493595,0.51106405,0.51106405,0.51106405,0.0,11.1,19.184193,17.222221,17.222221,2.0
0.0,0.7121658,0.0,0.0,1.1675543,1.2523122,0.0,0.0,0.0,0.0,0.0,0.0,-1.296,0.0,-1.296,0.14243796,16.184558868408203,2.305295624424275,0.0,-0.0,0.0,-0.0,1.296,0.20235193,0.0,0.7579696,-0.5380304,0.0,-0.5380304,1.3003933,1.3003933,0.7579696,-0.0,11.1,19.795578,17.222221,17.222221,2.0
0.0,0.0,0.0,0.0,0.77836955,0.8348748,0.0,0.0,0.0,0.0,0.0,0.0,-0.65861905,0.0,-0.65861905,0.09899722,16.184534072875977,1.602223886635187,0.0,-0.0,0.0,-0.0,0.65861905,0.0,0.0,0.74286634,0.08424729,0.08424729,0.0,0.74286634,0.74286634,0.74286634,-0.0,10.6,19.413788,17.222221,17.222221,2.0
0.0,0.7588459,0.0,0.0,0.0,0.0,0.0,0.0,0.0,0.0,0.0,0.0,0.0,0.0,0.0,0.09830027,16.184534072875977,1.5909440811032454,0.0,-0.0,0.0,-0.0,-0.0,0.24903208,0.0,0.692971,0.692971,0.692971,0.0,1.2353947,1.2353947,0.692971,-0.0,11.1,19.893929,17.222221,17.222221,2.0
0.0,0.0,0.0,0.0,0.11535013,0.1237239,0.0,0.0,0.0,0.0,0.0,0.0,0.0,0.0,0.0,0.09760823,16.184534072875977,1.5797437405429804,0.0,-0.0,0.0,-0.0,-0.0,0.0,0.0,0.9145887,0.9145887,0.9145887,0.0,0.9145887,0.9145887,0.9145887,-0.0,11.7,19.285122,17.222221,17.222221,2.0
0.0,0.76419926,0.0,0.0,0.0,0.0,0.0,0.0,0.0,0.0,0.0,0.0,1.4742,1.4742,0.0,0.18450262,16.184476852416992,2.986078326354317,0.0,-0.0,0.0,-0.0,-0.0,0.76419926,1.4742,2.574412,4.048612,4.048612,0.0,1.9574051,1.9574051,2.574412,-0.0,11.1,19.62774,17.222221,17.222221,2.0
0.0,0.0,0.0,0.0,0.0,0.0,0.0,0.0,0.0,0.0,0.0,0.0,1.4742,1.4742,0.0,0.27078527,16.184419631958008,4.382502474167154,0.0,-0.0,0.0,-0.0,-0.0,0.0,1.4742,7.010051,8.484251,8.484251,0.0,6.393044,6.393044,7.010051,-0.0,10.6,18.742037,17.222221,17.222221,2.0
0.0,0.8863631,0.0,0.0,0.0,0.0,0.0,0.0,0.0,0.0,0.0,0.0,1.4742,1.4742,0.0,0.35646045,16.184362411499023,5.769085141825826,0.0,-0.0,0.0,-0.0,-0.0,0.8863631,1.4742,0.35132858,1.8255286,1.8255286,0.0,-0.26567817,-0.26567817,0.35132858,-0.0,10.0,19.180973,17.222221,17.222221,2.0
0.0,0.0,0.0,0.0,0.0,0.0,0.0,0.0,0.0,0.0,0.0,0.0,1.4742,1.4742,0.0,0.4415325,16.18430519104004,7.145896612608112,0.0,-0.0,0.0,-0.0,-0.0,0.0,1.4742,0.34934562,1.8235457,1.8235457,0.0,-0.2676611,-0.2676611,0.34934562,-0.0,9.44,18.13438,17.222221,17.222221,2.0
0.0,0.9710575,0.0,0.0,0.0,0.0,0.0,0.0,0.0,0.0,0.0,0.0,1.4742,1.4742,0.0,0.5260056,16.184247970581055,8.51300548065069,0.0,-0.0,0.0,-0.0,-0.0,0.9710575,1.4742,0.34736267,1.8215626,1.8215626,0.0,-0.26964414,-0.26964414,0.34736267,-0.0,7.2,18.227602,17.222221,17.222221,2.0
0.0,0.5955852,0.0,0.0,0.0,0.0,0.0,0.0,0.0,0.0,0.0,0.0,1.4742,1.4742,0.0,0.6098841,16.18419075012207,9.870480339121627,0.0,-0.0,0.0,-0.0,-0.0,0.5955852,1.4742,0.34537974,1.8195797,1.8195797,0.0,-0.072836876,-0.072836876,0.34537974,-0.0,7.2,17.875162,17.222221,17.222221,2.0
0.0,0.9405837,0.0,0.0,0.0,0.0,0.0,0.0,0.0,0.0,0.0,0.0,1.4742,1.4742,0.0,0.693172,16.184133529663086,11.218387850921317,0.0,-0.0,0.0,-0.0,-0.0,0.9405837,1.4742,0.34339678,1.8175968,1.8175968,0.0,0.29815662,0.29815662,0.34339678,-0.0,7.8,18.1579,17.222221,17.222221,2.0
0.0,0.7826885,0.0,0.0,0.0,0.0,0.0,0.0,0.0,0.0,0.0,0.0,1.4742,1.4742,0.0,0.7758735,16.1840763092041,12.556795642654947,0.0,-0.0,0.0,-0.0,-0.0,0.7826885,1.4742,0.34339678,1.8175968,1.8175968,0.0,0.29815662,0.29815662,0.34339678,-0.0,8.9,18.362007,17.222221,17.222221,2.0
0.0,0.8278433,0.0,0.0,1.3735403,1.4732516,0.0,0.0,0.0,0.0,0.0,0.0,1.4742,1.4742,0.0,0.8579928,16.184019088745117,13.885772304615443,0.0,-0.0,0.0,-0.0,-0.0,0.8278433,1.4742,0.44875607,1.9229561,1.9229561,0.0,0.40351593,0.40351593,0.44875607,-0.0,8.3,18.483526,17.222221,17.222221,2.0
0.0,0.8440619,0.0,0.0,1.4482747,1.5534114,0.0,0.0,0.0,0.0,0.0,0.0,1.4742,1.4742,0.0,0.939534,16.183961868286133,15.205382567569927,0.0,-0.0,0.0,-0.0,-0.0,0.8440619,1.4742,0.42093018,1.8951302,1.8951302,0.0,0.37568998,0.37568998,0.42093018,-0.0,10.0,18.808899,17.222221,17.222221,2.0
0.0,0.76726097,0.0,0.0,0.2365935,0.25376886,0.0,0.0,0.0,0.0,0.0,0.0,1.0706644,1.0706644,0.0,0.9965273,16.18391990661621,16.12771823754315,0.0,-0.0,0.0,-0.0,-0.0,0.76726097,1.0706644,0.50123155,1.5651609,1.5651609,0.0,0.4492563,0.4559914,0.50123155,-0.006735086,10.0,18.814754,17.222221,17.222221,2.0
0.0,0.8193716,0.0,0.0,0.0,0.0,0.0,0.0,0.0,0.0,0.0,0.0,-0.9080851,0.0,-0.9080851,0.9303957,16.183883666992188,15.057416135414314,0.0,-0.0,0.0,-0.0,0.9080851,0.3095575,0.0,0.577668,-0.38537452,0.0,-0.38537452,1.0651345,1.1200919,0.577668,-0.054957423,11.1,19.377417,17.222221,17.222221,2.0
0.0,0.58854604,0.0,0.0,0.38941842,0.417688,0.0,0.0,0.0,0.0,0.0,0.0,-1.296,0.0,-1.296,0.84033823,16.1838321685791,13.59989288131419,0.0,-0.0,0.0,-0.0,1.296,0.078731954,0.0,7.2021894,5.8186955,5.8186955,0.0,7.6571198,7.7446136,7.2021894,-0.087493695,12.2,19.662739,17.222221,17.222221,2.0
0.0,0.0,0.0,0.0,0.77883685,0.835376,0.0,0.0,0.0,0.0,0.0,0.0,-1.296,0.0,-1.296,0.7509147,16.183780670166016,12.15263869155433,0.0,-0.0,0.0,-0.0,1.296,0.0,0.0,0.4267577,-1.018253,0.0,-1.018253,0.27774704,0.42675772,0.4267577,-0.14901069,12.8,19.648598,17.222221,17.222221,2.0
0.0,0.6551305,0.0,0.0,0.0,0.0,0.0,0.0,0.0,0.0,0.0,0.0,-1.296,0.0,-1.296,0.66212076,16.18372917175293,10.715583050535429,0.0,-0.0,0.0,-0.0,1.296,0.14531642,0.0,0.4325117,-0.9763377,0.0,-0.9763377,0.8620863,0.97493565,0.4325117,-0.11284938,13.3,20.194584,17.222221,17.222221,2.0
0.0,0.0,0.0,0.0,0.0,0.0,0.0,0.0,0.0,0.0,0.0,0.0,-1.296,0.0,-1.296,0.5739519,16.183677673339844,9.288652549687413,0.0,-0.0,0.0,-0.0,1.296,0.0,0.0,0.35529447,-1.0404065,0.0,-1.0404065,0.25559354,0.3552945,0.35529447,-0.09970095,13.3,19.869005,17.222221,17.222221,2.0
0.0,0.0,0.0,0.0,0.0,0.0,0.0,0.0,0.0,0.0,0.0,0.0,-1.296,0.0,-1.296,0.48640376,16.183626174926758,7.871776675231217,0.0,-0.0,0.0,-0.0,1.296,0.0,0.0,0.42991275,-0.91999465,0.0,-0.91999465,0.37600535,0.42991278,0.42991275,-0.05390742,13.9,19.78265,17.222221,17.222221,2.0
0.0,0.56393164,0.0,0.0,0.0,0.0,0.0,0.0,0.0,0.0,0.0,0.0,-1.296,0.0,-1.296,0.39947197,16.183574676513672,6.464884431975975,0.0,-0.0,0.0,-0.0,1.296,0.05411756,0.0,0.5166176,-0.87377,0.0,-0.87377,0.96465397,1.0590415,0.5166176,-0.09438758,15.0,20.712526,17.222221,17.222221,2.0
0.0,0.0,0.0,0.0,1.9470922,2.0884402,0.0,0.0,0.0,0.0,0.0,0.0,-1.296,0.0,-1.296,0.31315216,16.183523178100586,5.067905307939839,0.0,-0.0,0.0,-0.0,1.296,0.0,0.0,0.6706392,-0.6695471,0.0,-0.6695471,0.6264529,0.6706392,0.6706392,-0.044186313,14.4,20.59945,17.222221,17.222221,2.0
0.0,0.0,0.0,0.0,0.0,0.0,0.0,0.0,0.0,0.0,0.0,0.0,-1.296,0.0,-1.296,0.22744007,16.1834716796875,3.680769997799871,0.0,-0.0,0.0,-0.0,1.296,0.0,0.0,0.51106405,-0.78646284,0.0,-0.78646284,0.50953716,0.51106405,0.51106405,-0.001526887,13.3,20.325481,17.222221,17.222221,2.0
0.0,0.0,0.0,0.0,0.06635357,0.071170464,0.0,0.0,0.0,0.0,0.0,0.0,-1.296,0.0,-1.296,0.1423314,16.183420181274414,2.3034089559623396,0.0,-0.0,0.0,-0.0,1.296,0.0,0.0,1.0360764,-0.25992358,0.0,-0.25992358,1.0360764,1.0360764,1.0360764,-0.0,12.8,20.291508,17.222221,17.222221,2.0
0.0,0.68221307,0.0,0.0,0.18177252,0.19496818,0.0,0.0,0.0,0.0,0.0,0.0,-0.65696526,0.0,-0.65696526,0.09899797,16.183395385742188,1.602123337918897,0.0,-0.0,0.0,-0.0,0.65696526,0.17239922,0.0,1.0209732,0.36400795,0.36400795,0.0,1.5633969,1.5633969,1.0209732,-0.0,12.2,20.783878,18.268518,18.268518,2.0
0.0,0.0,0.0,0.0,0.504833,0.541481,0.0,0.0,0.0,0.0,0.0,0.0,0.0,0.0,0.0,0.098301016,16.183395385742188,1.5908442054188754,0.0,-0.0,0.0,-0.0,-0.0,0.0,0.0,7.2310376,7.2310376,7.2310376,0.0,7.2310376,7.2310376,7.2310376,-0.0,12.2,20.122854,18.166666,18.166666,2.0
0.0,0.64477164,0.0,0.0,0.0,0.0,0.0,0.0,0.0,0.0,0.0,0.0,0.0,0.0,0.0,0.09760896,16.183395385742188,1.5796444117239616,0.0,-0.0,0.0,-0.0,-0.0,0.13495779,0.0,0.5453966,0.5453966,0.5453966,0.0,1.0878203,1.0878203,0.5453966,-0.0,13.133333,20.686735,18.143518,18.143518,2.0
0.0,0.0,0.0,0.0,0.0,0.0,0.0,0.0,0.0,0.0,0.0,0.0,1.4742,1.4742,0.0,0.18450333,16.183338165283203,2.9858798108242013,0.0,-0.0,0.0,-0.0,-0.0,0.0,1.4742,0.38926372,1.8634638,1.8634638,0.0,-0.22774327,-0.22774327,0.38926372,-0.0,13.3,19.875048,17.777779,17.777779,2.0
0.0,0.5899858,0.0,0.0,0.0,0.0,0.0,0.0,0.0,0.0,0.0,0.0,1.4742,1.4742,0.0,0.27078596,16.18328094482422,4.382205227346958,0.0,-0.0,0.0,-0.0,-0.0,0.5899858,1.4742,0.3582555,1.8324555,1.8324555,0.0,-0.2587515,-0.2587515,0.3582555,-0.0,12.8,20.137959,17.222221,17.222221,2.0
0.0,0.0,0.0,0.0,0.0,0.0,0.0,0.0,0.0,0.0,0.0,0.0,1.4742,1.4742,0.0,0.35646114,16.183223724365234,5.768690337741305,0.0,-0.0,0.0,-0.0,-0.0,0.0,1.4742,0.35132858,1.8255286,1.8255286,0.0,-0.2656784,-0.2656784,0.35132858,-0.0,12.8,19.296892,17.222221,17.222221,2.0
0.0,0.78555447,0.0,0.0,0.0,0.0,0.0,0.0,0.0,0.0,0.0,0.0,1.4742,1.4742,0.0,0.44153315,16.18316650390625,7.145404455750395,0.0,-0.0,0.0,-0.0,-0.0,0.78555447,1.4742,0.34934562,1.8235457,1.8235457,0.0,-0.2676611,-0.2676611,0.34934562,-0.0,12.6,19.799885,17.222221,17.222221,2.0
0.0,0.0,0.0,0.0,0.0,0.0,0.0,0.0,0.0,0.0,0.0,0.0,1.4742,1.4742,0.0,0.5260063,16.183109283447266,8.51241713528566,0.0,-0.0,0.0,-0.0,-0.0,0.0,1.4742,0.34736267,1.8215626,1.8215626,0.0,-0.26964414,-0.26964414,0.34736267,-0.0,12.8,18.901234,17.222221,17.222221,2.0
0.0,0.7652856,0.0,0.0,0.0,0.0,0.0,0.0,0.0,0.0,0.0,0.0,1.4742,1.4742,0.0,0.60988474,16.18305206298828,9.86979648239867,0.0,-0.0,0.0,-0.0,-0.0,0.7652856,1.4742,0.34537974,1.8195797,1.8195797,0.0,-0.27162707,-0.27162707,0.34537974,-0.0,12.9,19.492537,17.222221,17.222221,2.0
0.0,0.0,0.0,0.0,0.0,0.0,0.0,0.0,0.0,0.0,0.0,0.0,1.4742,1.4742,0.0,0.6931727,16.182994842529297,11.217610119888377,0.0,-0.0,0.0,-0.0,-0.0,0.0,1.4742,0.34339678,1.8175968,1.8175968,0.0,-0.006077051,-0.006077051,0.34339678,-0.0,12.9,18.901314,17.222221,17.222221,2.0
0.0,0.6990563,0.0,0.0,0.0,0.0,0.0,0.0,0.0,0.0,0.0,0.0,1.4742,1.4742,0.0,0.7758742,16.182937622070312,12.555923740442267,0.0,-0.0,0.0,-0.0,-0.0,0.6990563,1.4742,0.34339678,1.8175968,1.8175968,0.0,0.29815662,0.29815662,0.34339678,-0.0,12.8,19.421417,17.222221,17.222221,2.0
0.0,0.0,0.0,0.0,0.0,0.0,0.0,0.0,0.0,0.0,0.0,0.0,1.4742,1.4742,0.0,0.85799354,16.182880401611328,13.884806894119492,0.0,-0.0,0.0,-0.0,-0.0,0.0,1.4742,0.34736267,1.8215626,1.8215626,0.0,0.30212247,0.30212247,0.34736267,-0.0,12.9,18.896597,17.222221,17.222221,2.0
0.0,0.6675761,0.0,0.0,1.3678328,1.4671298,0.0,0.0,0.0,0.0,0.0,0.0,1.4742,1.4742,0.0,0.9395347,16.182823181152344,15.204324307139814,0.0,-0.0,0.0,-0.0,-0.0,0.6675761,1.4742,2.3902872,3.8644872,3.8644872,0.0,2.345047,2.345047,2.3902872,-0.0,12.5,19.269789,18.333334,18.333334,2.0
0.0,0.0,0.0,0.0,0.0,0.0,0.0,0.0,0.0,0.0,0.0,0.0,1.0695143,1.0695143,0.0,0.99645966,16.182781219482422,16.125488718980932,0.0,-0.0,0.0,-0.0,-0.0,0.0,1.0695143,0.50123155,1.5664103,1.5664103,0.0,0.45165586,0.4559914,0.50123155,-0.004335527,13.9,19.09328,17.222221,17.222221,2.0
0.0,0.69874036,0.0,0.0,0.0,0.0,0.0,0.0,0.0,0.0,0.0,0.0,-0.90882,0.0,-0.90882,0.93028194,16.1827449798584,15.054515347819574,0.0,-0.0,0.0,-0.0,0.90882,0.18892628,0.0,0.428097,-0.4934631,0.0,-0.4934631,0.9577808,0.9705209,0.428097,-0.012740141,13.9,19.40541,17.777779,17.777779,2.0
0.0,0.0,0.0,0.0,0.0,0.0,0.0,0.0,0.0,0.0,0.0,0.0,-1.296,0.0,-1.296,0.84022516,16.182693481445312,13.597106221651302,0.0,-0.0,0.0,-0.0,1.296,0.0,0.0,0.42528802,-0.908732,0.0,-0.908732,0.387268,0.42528802,0.42528802,-0.038020007,15.6,19.214008,17.222221,17.222221,2.0
0.0,0.0,0.0,0.0,0.0,0.0,0.0,0.0,0.0,0.0,0.0,0.0,-1.296,0.0,-1.296,0.75080246,16.182641983032227,12.149967366994474,0.0,-0.0,0.0,-0.0,1.296,0.0,0.0,0.4267577,-0.9243515,0.0,-0.9243515,0.3716485,0.42675766,0.4267577,-0.05510918,15.0,19.16787,17.222221,17.222221,2.0
0.0,0.5195271,0.0,0.0,0.0,0.0,0.0,0.0,0.0,0.0,0.0,0.0,-1.296,0.0,-1.296,0.66200924,16.18259048461914,10.713024414955726,0.0,-0.0,0.0,-0.0,1.296,0.009712994,0.0,0.35529447,-0.98089755,0.0,-0.98089755,0.8575264,0.8977184,0.35529447,-0.040191982,15.3,19.60041,17.222221,17.222221,2.0
0.0,0.0,0.0,0.0,0.7792827,0.83585423,0.0,0.0,0.0,0.0,0.0,0.0,-1.296,0.0,-1.296,0.57384115,16.182538986206055,9.286206855805062,0.0,-0.0,0.0,-0.0,1.296,0.0,0.0,0.43226862,-0.8942226,0.0,-0.8942226,0.4017774,0.43226865,0.43226862,-0.030491263,15.6,19.385157,17.222221,17.222221,2.0
0.0,0.0,0.0,0.0,0.0,0.0,0.0,0.0,0.0,0.0,0.0,0.0,-1.296,0.0,-1.296,0.48629382,16.18248748779297,7.869443698433088,0.0,-0.0,0.0,-0.0,1.296,0.0,0.0,0.5791493,-0.75736475,0.0,-0.75736475,0.53863525,0.5791493,0.5791493,-0.04051406,16.1,19.79689,17.222221,17.222221,2.0
0.0,0.0,0.0,0.0,1.1689241,1.2537814,0.0,0.0,0.0,0.0,0.0,0.0,-1.296,0.0,-1.296,0.3993628,16.182435989379883,6.462662988084503,0.0,-0.0,0.0,-0.0,1.296,0.0,0.0,7.2195597,5.895605,5.895605,0.0,7.191605,7.2195597,7.2195597,-0.027954562,13.3,19.527939,17.222221,17.222221,2.0
0.0,0.73972136,0.0,0.0,0.0,0.0,0.0,0.0,0.0,0.0,0.0,0.0,-1.296,0.0,-1.296,0.3130438,16.182384490966797,5.065795182281931,0.0,-0.0,0.0,-0.0,1.296,0.22990727,0.0,0.5439889,-0.75760126,0.0,-0.75760126,1.0808227,1.0864129,0.5439889,-0.0055901674,13.9,20.161922,17.222221,17.222221,2.0
0.0,0.0,0.0,0.0,0.0,0.0,0.0,0.0,0.0,0.0,0.0,0.0,-1.296,0.0,-1.296,0.2273325,16.18233299255371,3.67877025716092,0.0,-0.0,0.0,-0.0,1.296,0.0,0.0,0.7515829,-0.5444171,0.0,-0.5444171,0.7515829,0.7515829,0.7515829,0.0,13.9,19.861313,17.222221,17.222221,2.0
0.0,0.57727844,0.0,0.0,0.0,0.0,0.0,0.0,0.0,0.0,0.0,0.0,-1.296,0.0,-1.296,0.1422246,16.182281494140625,2.30151843088197,0.0,-0.0,0.0,-0.0,1.296,0.06746459,0.0,0.7579696,-0.5380304,0.0,-0.5380304,1.3003933,1.3003933,0.7579696,-0.0,12.866667,20.337025,17.222221,17.222221,2.0
0.0,0.0,0.0,0.0,0.0,0.0,0.0,0.0,0.0,0.0,0.0,0.0,-0.6553076,0.0,-0.6553076,0.09899872,16.1822566986084,1.6020226669216555,0.0,-0.0,0.0,-0.0,0.6553076,0.0,0.0,0.74286634,0.08755875,0.08755875,0.0,0.74286634,0.74286634,0.74286634,-0.0,13.3,19.913422,21.5,21.5,2.0
0.0,0.5974763,0.0,0.0,0.0,0.0,0.0,0.0,0.0,0.0,0.0,0.0,0.0,0.0,0.0,0.09830176,16.1822566986084,1.5907443280377294,0.0,-0.0,0.0,-0.0,-0.0,0.08766246,0.0,0.692971,0.692971,0.692971,0.0,1.2353947,1.2353947,0.692971,-0.0,13.3,20.44586,19.583334,19.583334,2.0
0.0,0.0,0.0,0.0,0.7792827,0.83585423,0.0,0.0,0.0,0.0,0.0,0.0,0.0,0.0,0.0,0.097609706,16.1822566986084,1.579545322376518,0.0,-0.0,0.0,-0.0,-0.0,0.0,0.0,0.6364818,0.6364818,0.6364818,0.0,0.6364818,0.6364818,0.6364818,-0.0,12.8,19.712414,20.0,20.0,2.0
0.0,0.6810949,0.0,0.0,0.0,0.0,0.0,0.0,0.0,0.0,0.0,0.0,1.4742,1.4742,0.0,0.18450409,16.182199478149414,2.9856820170658693,0.0,-0.0,0.0,-0.0,-0.0,0.6810949,1.4742,0.38926372,1.8634638,1.8634638,0.0,-0.22774327,-0.22774327,0.38926372,-0.0,12.9,20.230219,19.444445,19.444445,2.0
0.0,0.0,0.0,0.0,1.1689241,1.2537814,0.0,0.0,0.0,0.0,0.0,0.0,1.4742,1.4742,0.0,0.27078673,16.18214225769043,4.3819094257619895,0.0,-0.0,0.0,-0.0,-0.0,0.0,1.4742,0.3582555,1.8324555,1.8324555,0.0,-0.25875127,-0.25875127,0.3582555,-0.0,12.2,19.226524,18.88889,18.88889,2.0
0.0,0.82275015,0.0,0.0,0.0,0.0,0.0,0.0,0.0,0.0,0.0,0.0,1.4742,1.4742,0.0,0.35646194,16.182085037231445,5.76829746115061,0.0,-0.0,0.0,-0.0,-0.0,0.82275015,1.4742,0.35132858,1.8255286,1.8255286,0.0,-0.26567817,-0.26567817,0.35132858,-0.0,11.1,19.726498,18.333334,18.333334,2.0
0.0,0.0,0.0,0.0,0.0,0.0,0.0,0.0,0.0,0.0,0.0,0.0,1.4742,1.4742,0.0,0.44153398,16.18202781677246,7.144915190971574,0.0,-0.0,0.0,-0.0,-0.0,0.0,1.4742,0.34934562,1.8235457,1.8235457,0.0,-0.2676611,-0.2676611,0.34934562,-0.0,10.0,18.4579,17.777779,17.777779,2.0
0.0,0.9448038,0.0,0.0,0.0,0.0,0.0,0.0,0.0,0.0,0.0,0.0,1.4742,1.4742,0.0,0.5260071,16.181970596313477,8.511831681989293,0.0,-0.0,0.0,-0.0,-0.0,0.9448038,1.4742,0.34736267,1.8215626,1.8215626,0.0,-0.26964414,-0.26964414,0.34736267,-0.0,9.86,19.050764,17.222221,17.222221,2.0
0.0,0.0,0.0,0.0,0.0,0.0,0.0,0.0,0.0,0.0,0.0,0.0,1.4742,1.4742,0.0,0.6098856,16.181913375854492,9.869115517734144,0.0,-0.0,0.0,-0.0,-0.0,0.0,1.4742,0.34537974,1.8195797,1.8195797,0.0,-0.0661453,-0.0661453,0.34537974,-0.0,9.72,18.122852,17.222221,17.222221,2.0
0.0,0.9612568,0.0,0.0,0.0,0.0,0.0,0.0,0.0,0.0,0.0,0.0,1.4742,1.4742,0.0,0.6931735,16.181856155395508,11.216834316254108,0.0,-0.0,0.0,-0.0,-0.0,0.9612568,1.4742,0.34339678,1.8175968,1.8175968,0.0,0.29815662,0.29815662,0.34339678,-0.0,9.58,18.646486,17.222221,17.222221,2.0
0.0,0.0,0.0,0.0,0.9096285,0.97566247,0.0,0.0,0.0,0.0,0.0,0.0,1.4742,1.4742,0.0,0.7758751,16.181798934936523,12.555054730131815,0.0,-0.0,0.0,-0.0,-0.0,0.0,1.4742,0.37102103,1.845221,1.845221,0.0,0.32578087,0.32578087,0.37102103,-0.0,9.44,18.045698,17.222221,17.222221,2.0
0.0,0.9103299,0.0,0.0,0.0,0.0,0.0,0.0,0.0,0.0,0.0,0.0,1.4742,1.4742,0.0,0.8579944,16.18174171447754,13.88384341100857,0.0,-0.0,0.0,-0.0,-0.0,0.9103299,1.4742,0.39805937,1.8722594,1.8722594,0.0,0.3528192,0.3528192,0.39805937,-0.0,10.55,18.770855,17.222221,17.222221,2.0
0.0,0.0,0.0,0.0,0.0,0.0,0.0,0.0,0.0,0.0,0.0,0.0,1.4742,1.4742,0.0,0.93953556,16.181684494018555,15.203267974087908,0.0,-0.0,0.0,-0.0,-0.0,0.0,1.4742,2.3206854,3.7948854,3.7948854,0.0,2.2754452,2.2754452,2.3206854,-0.0,11.7,18.446978,18.333334,18.333334,2.0
0.0,0.83688754,0.0,0.0,0.0,0.0,0.0,0.0,0.0,0.0,0.0,0.0,1.0683613,1.0683613,0.0,0.9963921,16.181642532348633,16.123260318987036,0.0,-0.0,0.0,-0.0,-0.0,0.83688754,1.0683613,0.50123155,1.5489168,1.5489168,0.0,0.43531537,0.45599136,0.50123155,-0.020675981,12.1,19.049938,18.333334,18.333334,2.0
0.0,0.0,0.0,0.0,0.0,0.0,0.0,0.0,0.0,0.0,0.0,0.0,-0.9095522,0.0,-0.9095522,0.9301685,16.18160629272461,15.051620606349843,0.0,-0.0,0.0,-0.0,0.9095522,0.0,0.0,0.428097,-0.5253995,0.0,-0.5253995,0.3841527,0.428097,0.428097,-0.043944295,13.9,18.918756,18.333334,18.333334,2.0
0.0,0.507519,0.0,0.0,0.0,0.0,0.0,0.0,0.0,0.0,0.0,0.0,-1.296,0.0,-1.296,0.84011257,16.181554794311523,13.59432753545775,0.0,-0.0,0.0,-0.0,1.296,1.7881393e-07,0.0,0.4992475,-0.85583997,0.0,-0.85583997,0.9801419,1.0392293,0.4992475,-0.059087433,12.8,19.13048,17.777779,17.777779,2.0
0.0,0.0,0.0,0.0,0.0,0.0,0.0,0.0,0.0,0.0,0.0,0.0,-1.296,0.0,-1.296,0.75069064,16.181503295898438,12.147303049486254,0.0,-0.0,0.0,-0.0,1.296,0.0,0.0,0.577616,-0.78348446,0.0,-0.78348446,0.51251554,0.577616,0.577616,-0.06510042,13.9,19.227169,17.222221,17.222221,2.0
0.0,0.0,0.0,0.0,0.0,0.0,0.0,0.0,0.0,0.0,0.0,0.0,-1.296,0.0,-1.296,0.66189826,16.18145179748535,10.71047471375664,0.0,-0.0,0.0,-0.0,1.296,0.0,0.0,0.5869461,-0.7864934,0.0,-0.7864934,0.5095066,0.5869461,0.5869461,-0.07743954,15.0,19.540154,17.222221,17.222221,2.0
0.0,0.0,0.0,0.0,0.0,0.0,0.0,0.0,0.0,0.0,0.0,0.0,-1.296,0.0,-1.296,0.57373095,16.181400299072266,9.283770094511056,0.0,-0.0,0.0,-0.0,1.296,0.0,0.0,0.58621687,-0.8113299,0.0,-0.8113299,0.4846701,0.58621687,0.58621687,-0.10154675,13.9,19.707008,17.222221,17.222221,2.0
0.0,0.51239556,0.0,0.0,0.38985348,0.41815466,0.0,0.0,0.0,0.0,0.0,0.0,-1.296,0.0,-1.296,0.48618436,16.18134880065918,7.867118687879611,0.0,-0.0,0.0,-0.0,1.296,0.0025814772,0.0,0.5791493,-0.80725217,0.0,-0.80725217,1.0311718,1.1215732,0.5791493,-0.09040144,14.4,20.307583,17.222221,17.222221,2.0
0.0,0.0,0.0,0.0,1.1695604,1.254464,0.0,0.0,0.0,0.0,0.0,0.0,-1.296,0.0,-1.296,0.3992541,16.181297302246094,6.46044950864848,0.0,-0.0,0.0,-0.0,1.296,0.0,0.0,0.43496457,-0.93966174,0.0,-0.93966174,0.35633826,0.4349645,0.43496457,-0.078626245,13.9,20.05422,17.222221,17.222221,2.0
0.0,0.0,0.0,0.0,0.38985348,0.41815466,0.0,0.0,0.0,0.0,0.0,0.0,-1.296,0.0,-1.296,0.31293586,16.181245803833008,5.06369205474499,0.0,-0.0,0.0,-0.0,1.296,0.0,0.0,0.5439889,-0.7896201,0.0,-0.7896201,0.5063799,0.5439889,0.5439889,-0.03760899,13.3,19.877449,17.222221,17.222221,2.0
0.0,0.5470696,0.0,0.0,0.0,0.0,0.0,0.0,0.0,0.0,0.0,0.0,-1.296,0.0,-1.296,0.22722529,16.181194305419922,3.6767765483485277,0.0,-0.0,0.0,-0.0,1.296,0.037255526,0.0,0.6249326,-0.6720633,0.0,-0.6720633,1.1663606,1.1673565,0.6249326,-0.0009958667,12.8,20.243877,17.222221,17.222221,2.0
0.0,0.0,0.0,0.0,0.0,0.0,0.0,0.0,0.0,0.0,0.0,0.0,-1.296,0.0,-1.296,0.14211814,16.181142807006836,2.2996339358790294,0.0,-0.0,0.0,-0.0,1.296,0.0,0.0,2.786662,1.4906621,1.4906621,0.0,2.786662,2.786662,2.786662,-0.0,11.7,20.032997,17.222221,17.222221,2.0
0.0,0.697568,0.0,0.0,0.77970695,0.8363093,0.0,0.0,0.0,0.0,0.0,0.0,-0.6536555,0.0,-0.6536555,0.09899947,16.18111801147461,1.6019221147863618,0.0,-0.0,0.0,-0.0,0.6536555,0.18775415,0.0,0.74286634,0.08921081,0.08921081,0.0,1.28529,1.28529,0.74286634,-0.0,11.7,20.359703,18.333334,18.333334,2.0
0.0,0.0,0.0,0.0,0.8972245,0.96235794,0.0,0.0,0.0,0.0,0.0,0.0,0.0,0.0,0.0,0.098302506,16.18111801147461,1.5906444489598073,0.0,-0.0,0.0,-0.0,-0.0,0.0,0.0,0.8022249,0.8022249,0.8022249,0.0,0.8022249,0.8022249,0.8022249,-0.0,11.85,19.836071,18.333334,18.333334,2.0
0.0,0.7588029,0.0,0.0,0.77970695,0.8363093,0.0,0.0,0.0,0.0,0.0,0.0,0.0,0.0,0.0,0.09761045,16.18111801147461,1.5794462313322981,0.0,-0.0,0.0,-0.0,-0.0,0.24898905,0.0,0.6364818,0.6364818,0.6364818,0.0,1.1789055,1.1789055,0.6364818,-0.0,11.7,20.086102,17.222221,17.222221,2.0
0.0,0.0,0.0,0.0,1.3313653,1.428015,0.0,0.0,0.0,0.0,0.0,0.0,1.4742,1.4742,0.0,0.18450482,16.181060791015625,2.9854837393436355,0.0,-0.0,0.0,-0.0,-0.0,0.0,1.4742,0.38926372,1.8634638,1.8634638,0.0,-0.22774327,-0.22774327,0.38926372,-0.0,11.1,19.20037,17.671297,17.671297,2.0
0.0,0.84256023,0.0,0.0,0.0,0.0,0.0,0.0,0.0,0.0,0.0,0.0,1.4742,1.4742,0.0,0.27078745,16.18100357055664,4.381612657949404,0.0,-0.0,0.0,-0.0,-0.0,0.84256023,1.4742,0.3582555,1.8324555,1.8324555,0.0,-0.25875127,-0.25875127,0.3582555,-0.0,11.1,19.687536,18.333334,18.333334,2.0
0.0,0.0,0.0,0.0,0.0,0.0,0.0,0.0,0.0,0.0,0.0,0.0,1.4742,1.4742,0.0,0.35646263,16.180946350097656,5.767902653808278,0.0,-0.0,0.0,-0.0,-0.0,0.0,1.4742,0.35132858,1.8255286,1.8255286,0.0,-0.26567817,-0.26567817,0.35132858,-0.0,11.1,18.692448,18.333334,18.333334,2.0
0.0,0.9134223,0.0,0.0,0.0,0.0,0.0,0.0,0.0,0.0,0.0,0.0,1.4742,1.4742,0.0,0.44153467,16.180889129638672,7.144423513151992,0.0,-0.0,0.0,-0.0,-0.0,0.9134223,1.4742,0.34934562,1.8235457,1.8235457,0.0,-0.2676611,-0.2676611,0.34934562,-0.0,11.1,19.322248,18.333334,18.333334,2.0
0.0,0.0,0.0,0.0,0.0,0.0,0.0,0.0,0.0,0.0,0.0,0.0,1.4742,1.4742,0.0,0.5260078,16.180831909179688,8.511243333434322,0.0,-0.0,0.0,-0.0,-0.0,0.0,1.4742,0.34736267,1.8215626,1.8215626,0.0,-0.26964414,-0.26964414,0.34736267,-0.0,11.05,18.373798,18.333334,18.333334,2.0
0.0,0.82948154,0.0,0.0,0.0,0.0,0.0,0.0,0.0,0.0,0.0,0.0,1.4742,1.4742,0.0,0.60988617,16.180774688720703,9.86843069337192,0.0,-0.0,0.0,-0.0,-0.0,0.82948154,1.4742,0.34537974,1.8195797,1.8195797,0.0,-0.08449376,-0.08449376,0.34537974,-0.0,11.08,18.88556,18.333334,18.333334,2.0
0.0,0.0,0.0,0.0,0.0,0.0,0.0,0.0,0.0,0.0,0.0,0.0,1.4742,1.4742,0.0,0.69317406,16.18071746826172,11.216053688489865,0.0,-0.0,0.0,-0.0,-0.0,0.0,1.4742,0.34339678,1.8175968,1.8175968,0.0,0.29815662,0.29815662,0.34339678,-0.0,10.85,18.224567,17.777779,17.777779,2.0
0.0,0.8334657,0.0,0.0,0.0,0.0,0.0,0.0,0.0,0.0,0.0,0.0,1.4742,1.4742,0.0,0.7758756,16.180660247802734,12.554179931130193,0.0,-0.0,0.0,-0.0,-0.0,0.8334657,1.4742,0.34339678,1.8175968,1.8175968,0.0,0.29815662,0.29815662,0.34339678,-0.0,10.9,18.775166,17.222221,17.222221,2.0
0.0,0.0,0.0,0.0,0.0,0.0,0.0,0.0,0.0,0.0,0.0,0.0,1.4742,1.4742,0.0,0.857995,16.18060302734375,13.882876068240876,0.0,-0.0,0.0,-0.0,-0.0,0.0,1.4742,0.39805937,1.8722594,1.8722594,0.0,0.3528192,0.3528192,0.39805937,-0.0,10.733334,18.23883,17.222221,17.222221,2.0
0.0,0.81404686,0.0,0.0,0.0,0.0,0.0,0.0,0.0,0.0,0.0,0.0,1.4742,1.4742,0.0,0.93953615,16.180545806884766,15.202207781392872,0.0,-0.0,0.0,-0.0,-0.0,0.81404686,1.4742,0.42093018,1.8951302,1.8951302,0.0,0.37568998,0.37568998,0.42093018,-0.0,10.6,18.677776,17.222221,17.222221,2.0
0.0,0.0,0.0,0.0,0.0,0.0,0.0,0.0,0.0,0.0,0.0,0.0,1.067214,1.067214,0.0,0.9963244,16.180503845214844,16.12103110849148,0.0,-0.0,0.0,-0.0,-0.0,0.0,1.067214,0.3533115,1.4192867,1.4192867,0.0,0.30683255,0.3080714,0.3533115,-0.0012388657,11.1,18.216475,18.333334,18.333334,2.0
0.0,0.82512486,0.0,0.0,0.0,0.0,0.0,0.0,0.0,0.0,0.0,0.0,-0.9102858,0.0,-0.9102858,0.93005484,16.18046760559082,15.048722265473202,0.0,-0.0,0.0,-0.0,0.9102858,0.31531078,0.0,0.3533115,-0.5614312,0.0,-0.5614312,0.89127845,0.8957354,0.3533115,-0.0044569178,11.7,18.666683,17.777779,17.777779,2.0
0.0,0.0,0.0,0.0,0.39005473,0.41837052,0.0,0.0,0.0,0.0,0.0,0.0,-1.296,0.0,-1.296,0.8399997,16.180416107177734,13.591544283541225,0.0,-0.0,0.0,-0.0,1.296,0.0,0.0,0.42528802,-0.8998577,0.0,-0.8998577,0.3961423,0.42528805,0.42528802,-0.029145738,12.6,18.44828,17.222221,17.222221,2.0
0.0,0.7017602,0.0,0.0,0.0,0.0,0.0,0.0,0.0,0.0,0.0,0.0,-1.296,0.0,-1.296,0.7505785,16.18036460876465,12.14463416450576,0.0,-0.0,0.0,-0.0,1.296,0.19194609,0.0,0.4267577,-0.88983315,0.0,-0.88983315,0.9485908,0.96918166,0.4267577,-0.020590814,13.3,18.874245,17.222221,17.222221,2.0
0.0,0.0,0.0,0.0,0.0,0.0,0.0,0.0,0.0,0.0,0.0,0.0,-1.296,0.0,-1.296,0.6617869,16.180313110351562,10.707919478778422,0.0,-0.0,0.0,-0.0,1.296,0.0,0.0,0.4325117,-0.89686036,0.0,-0.89686036,0.39913964,0.43251166,0.4325117,-0.033372026,13.925,18.74197,17.222221,17.222221,2.0
0.0,0.5439993,0.0,0.0,0.0,0.0,0.0,0.0,0.0,0.0,0.0,0.0,-1.296,0.0,-1.296,0.57362044,16.180261611938477,9.281328762110434,0.0,-0.0,0.0,-0.0,1.296,0.03418523,0.0,0.5092428,-0.82592,0.0,-0.82592,1.012504,1.0516667,0.5092428,-0.03916278,13.033334,18.967766,17.777779,17.777779,2.0
0.0,0.0,0.0,0.0,0.0,0.0,0.0,0.0,0.0,0.0,0.0,0.0,-1.296,0.0,-1.296,0.48607457,16.18021011352539,7.864788622330252,0.0,-0.0,0.0,-0.0,1.296,0.0,0.0,0.504531,-0.8169985,0.0,-0.8169985,0.47900152,0.504531,0.504531,-0.025529532,12.9,18.72894,17.777779,17.777779,2.0
0.0,0.7063226,0.0,0.0,0.0,0.0,0.0,0.0,0.0,0.0,0.0,0.0,-1.296,0.0,-1.296,0.39914507,16.180158615112305,6.458230490262508,0.0,-0.0,0.0,-0.0,1.296,0.19650853,0.0,0.5166176,-0.81206787,0.0,-0.81206787,1.0263561,1.0590416,0.5166176,-0.032685485,12.2,19.014118,17.222221,17.222221,2.0
0.0,0.0,0.0,0.0,0.0,0.0,0.0,0.0,0.0,0.0,0.0,0.0,-1.296,0.0,-1.296,0.3128276,16.18010711669922,5.06158386878451,0.0,-0.0,0.0,-0.0,1.296,0.0,0.0,0.63635314,-0.69397193,0.0,-0.69397193,0.6020281,0.63635314,0.63635314,-0.034325056,12.2,18.93481,17.222221,17.222221,2.0
0.0,0.74072915,0.0,0.0,1.1701642,1.2551116,0.0,0.0,0.0,0.0,0.0,0.0,-1.296,0.0,-1.296,0.2271178,16.180055618286133,3.674778743873105,0.0,-0.0,0.0,-0.0,1.296,0.23091531,0.0,0.7388011,-0.5571989,0.0,-0.5571989,1.2812248,1.2812248,0.7388011,0.0,12.2,19.527805,17.222221,17.222221,2.0
0.0,0.0,0.0,0.0,1.4590347,1.5649525,0.0,0.0,0.0,0.0,0.0,0.0,-1.296,0.0,-1.296,0.14201142,16.180004119873047,2.2977453434961603,0.0,-0.0,0.0,-0.0,1.296,0.0,0.0,0.7579696,-0.5380304,0.0,-0.5380304,0.7579696,0.7579696,0.7579696,-0.0,10.6,19.096401,17.222221,17.222221,2.0
0.0,0.8096715,0.0,0.0,0.78010947,0.83674103,0.0,0.0,0.0,0.0,0.0,0.0,-0.6519992,0.0,-0.6519992,0.09900022,16.17997932434082,1.6018215609373243,0.0,-0.0,0.0,-0.0,0.6519992,0.29985768,0.0,0.6176416,-0.034357548,0.0,-0.034357548,1.1600654,1.1600654,0.6176416,-0.0,10.6,19.372581,17.222221,17.222221,2.0
0.0,0.0,0.0,0.0,0.39005473,0.41837052,0.0,0.0,0.0,0.0,0.0,0.0,0.0,0.0,0.0,0.09830325,16.17997932434082,1.5905445681851091,0.0,-0.0,0.0,-0.0,-0.0,0.0,0.0,0.692971,0.692971,0.692971,0.0,0.692971,0.692971,0.692971,-0.0,11.1,18.795906,17.222221,17.222221,2.0
0.0,0.89184314,0.0,0.0,0.0,0.0,0.0,0.0,0.0,0.0,0.0,0.0,0.0,0.0,0.0,0.09761119,16.17997932434082,1.5793470180410623,0.0,-0.0,0.0,-0.0,-0.0,0.3820293,0.0,0.5453966,0.5453966,0.5453966,0.0,1.0878203,1.0878203,0.5453966,-0.0,11.1,19.315517,17.222221,17.222221,2.0
0.0,0.0,0.0,0.0,0.0,0.0,0.0,0.0,0.0,0.0,0.0,0.0,1.4742,1.4742,0.0,0.18450555,16.179922103881836,2.985285459958561,0.0,-0.0,0.0,-0.0,-0.0,0.0,1.4742,0.4614192,1.9356192,1.9356192,0.0,-0.15558779,-0.15558779,0.4614192,-0.0,11.1,18.448303,18.333334,18.333334,2.0
0.0,0.8616238,0.0,0.0,0.78010947,0.83674103,0.0,0.0,0.0,0.0,0.0,0.0,1.4742,1.4742,0.0,0.27078816,16.17986488342285,4.381315888507913,0.0,-0.0,0.0,-0.0,-0.0,0.8616238,1.4742,0.3582555,1.8324555,1.8324555,0.0,-0.2587515,-0.2587515,0.3582555,-0.0,11.1,18.876574,18.333334,18.333334,2.0
0.0,0.0,0.0,0.0,0.0,0.0,0.0,0.0,0.0,0.0,0.0,0.0,1.4742,1.4742,0.0,0.35646334,16.179807662963867,5.767508327100757,0.0,-0.0,0.0,-0.0,-0.0,0.0,1.4742,0.35132858,1.8255286,1.8255286,0.0,-0.2656784,-0.2656784,0.35132858,-0.0,11.1,17.953506,18.333334,18.333334,2.0
0.0,0.9221113,0.0,0.0,0.0,0.0,0.0,0.0,0.0,0.0,0.0,0.0,1.4742,1.4742,0.0,0.44153535,16.179750442504883,7.143931833771376,0.0,-0.0,0.0,-0.0,-0.0,0.9221113,1.4742,0.34934562,1.8235457,1.8235457,0.0,-0.26766133,-0.26766133,0.34934562,-0.0,10.6,18.64287,18.333334,18.333334,2.0
0.0,0.0,0.0,0.0,0.0,0.0,0.0,0.0,0.0,0.0,0.0,0.0,1.4742,1.4742,0.0,0.5260084,16.1796932220459,8.510654983386189,0.0,-0.0,0.0,-0.0,-0.0,0.0,1.4742,0.34736267,1.8215626,1.8215626,0.0,-0.26964414,-0.26964414,0.34736267,-0.0,10.0,17.748322,17.777779,17.777779,2.0
0.0,0.87715924,0.0,0.0,0.0,0.0,0.0,0.0,0.0,0.0,0.0,0.0,1.4742,1.4742,0.0,0.60988677,16.179636001586914,9.867745867652275,0.0,-0.0,0.0,-0.0,-0.0,0.87715924,1.4742,0.34537974,1.8195797,1.8195797,0.0,-0.27162707,-0.27162707,0.34537974,-0.0,8.9,17.977325,17.222221,17.222221,2.0
0.0,0.0,0.0,0.0,0.0,0.0,0.0,0.0,0.0,0.0,0.0,0.0,1.4742,1.4742,0.0,0.69317466,16.17957878112793,11.215274023881989,0.0,-0.0,0.0,-0.0,-0.0,0.0,1.4742,0.36245754,1.8366575,1.8366575,0.0,-0.25454926,-0.25454926,0.36245754,-0.0,7.2,17.07454,17.222221,17.222221,2.0
0.0,1.03124,0.0,0.0,0.0,0.0,0.0,0.0,0.0,0.0,0.0,0.0,1.4742,1.4742,0.0,0.7758762,16.179521560668945,12.553306095281528,0.0,-0.0,0.0,-0.0,-0.0,1.03124,1.4742,0.37102103,1.845221,1.845221,0.0,0.059963465,0.059963465,0.37102103,-0.0,7.2,17.57283,17.222221,17.222221,2.0
0.0,0.0,0.0,0.0,0.0,0.0,0.0,0.0,0.0,0.0,0.0,0.0,1.4742,1.4742,0.0,0.85799557,16.17946434020996,13.88190872411576,0.0,-0.0,0.0,-0.0,-0.0,0.0,1.4742,0.44875607,1.9229561,1.9229561,0.0,0.40351593,0.40351593,0.44875607,-0.0,7.8,17.171234,17.222221,17.222221,2.0
0.0,0.9466937,0.0,0.0,0.0,0.0,0.0,0.0,0.0,0.0,0.0,0.0,1.4742,1.4742,0.0,0.93953675,16.179407119750977,15.201147587340415,0.0,-0.0,0.0,-0.0,-0.0,0.9466937,1.4742,0.49053177,1.9647318,1.9647318,0.0,0.44529164,0.44529164,0.49053177,-0.0,6.7,17.439335,18.333334,18.333334,2.0
0.0,0.6993173,0.0,0.0,1.5609803,1.6742988,0.0,0.0,0.0,0.0,0.0,0.0,1.0660658,1.0660658,0.0,0.99625677,16.179365158081055,16.118802052063188,0.0,-0.0,0.0,-0.0,-0.0,0.6993173,1.0660658,0.42727154,1.4513164,1.4513164,0.0,0.3400104,0.3820315,0.42727154,-0.04202109,9.4,17.961342,18.333334,18.333334,2.0
0.0,0.5774767,0.0,0.0,2.9723206,3.1880944,0.0,0.0,0.0,0.0,0.0,0.0,-0.91102064,0.0,-0.91102064,0.92994106,16.17932891845703,15.04582225473041,0.0,-0.0,0.0,-0.0,0.91102064,0.0676626,0.0,0.50288254,-0.52163714,0.0,-0.52163714,0.93180746,1.0453066,0.50288254,-0.11349905,11.7,18.727234,17.777779,17.777779,2.0
0.0,0.0,0.0,0.0,1.2190729,1.3075708,0.0,0.0,0.0,0.0,0.0,0.0,-1.296,0.0,-1.296,0.8398867,16.179277420043945,13.588760324360123,0.0,-0.0,0.0,-0.0,1.296,0.0,0.0,0.4992475,-0.96031487,0.0,-0.96031487,0.33568513,0.4992475,0.4992475,-0.16356234,11.7,18.93982,17.222221,17.222221,2.0
0.0,0.0,0.0,0.0,0.39024508,0.4185747,0.0,0.0,0.0,0.0,0.0,0.0,-1.296,0.0,-1.296,0.7504664,16.17922592163086,12.141965534856126,0.0,-0.0,0.0,-0.0,1.296,0.0,0.0,0.50218683,-0.9715799,0.0,-0.9715799,0.3244201,0.5021868,0.50218683,-0.17776671,12.1,19.23976,17.222221,17.222221,2.0
0.0,0.0,0.0,0.0,0.78049016,0.8371494,0.0,0.0,0.0,0.0,0.0,0.0,-1.296,0.0,-1.296,0.6616756,16.179174423217773,10.705364497366418,0.0,-0.0,0.0,-0.0,1.296,0.0,0.0,0.5097289,-0.8467146,0.0,-0.8467146,0.4492854,0.5097289,0.5097289,-0.06044353,12.8,19.303898,17.222221,17.222221,2.0
0.0,0.0,0.0,0.0,0.0,0.0,0.0,0.0,0.0,0.0,0.0,0.0,-1.296,0.0,-1.296,0.5735099,16.179122924804688,9.278886717024761,0.0,-0.0,0.0,-0.0,1.296,0.0,0.0,0.5092428,-0.81474483,0.0,-0.81474483,0.48125517,0.5092428,0.5092428,-0.02798761,11.7,19.11381,17.222221,17.222221,2.0
0.0,0.0,0.0,0.0,0.0,0.0,0.0,0.0,0.0,0.0,0.0,0.0,-1.296,0.0,-1.296,0.48596486,16.1790714263916,7.8624602533395205,0.0,-0.0,0.0,-0.0,1.296,0.0,0.0,0.5791493,-0.85899025,0.0,-0.85899025,0.43700975,0.5791493,0.5791493,-0.14213954,12.2,19.546541,17.222221,17.222221,2.0
0.0,0.0,0.0,0.0,0.0,0.0,0.0,0.0,0.0,0.0,0.0,0.0,-1.296,0.0,-1.296,0.39903617,16.179019927978516,6.456014131078518,0.0,-0.0,0.0,-0.0,1.296,0.0,0.0,0.5166176,-0.8936196,0.0,-0.8936196,0.4023804,0.5166176,0.5166176,-0.11423717,12.2,19.711906,17.222221,17.222221,2.0
0.0,0.0,0.0,0.0,0.0,0.0,0.0,0.0,0.0,0.0,0.0,0.0,-1.296,0.0,-1.296,0.31271946,16.17896842956543,5.0594783402536905,0.0,-0.0,0.0,-0.0,1.296,0.0,0.0,0.63635314,-0.71790624,0.0,-0.71790624,0.57809377,0.63635314,0.63635314,-0.05825934,11.7,19.783813,17.222221,17.222221,2.0
0.0,0.51821816,0.0,0.0,0.78049016,0.8371494,0.0,0.0,0.0,0.0,0.0,0.0,-1.296,0.0,-1.296,0.22701043,16.178916931152344,3.67278287176714,0.0,-0.0,0.0,-0.0,1.296,0.008404076,0.0,0.7388011,-0.55998784,0.0,-0.55998784,1.2784362,1.2812252,0.7388011,-0.0027889728,10.6,20.007402,17.222221,17.222221,2.0
0.0,0.0,0.0,0.0,0.39024508,0.4185747,0.0,0.0,0.0,0.0,0.0,0.0,-1.296,0.0,-1.296,0.14190479,16.178865432739258,2.2958584406627836,0.0,-0.0,0.0,-0.0,1.296,0.0,0.0,0.7579696,-0.5380304,0.0,-0.5380304,0.7579696,0.7579696,0.7579696,-0.0,10.0,19.672888,17.222221,17.222221,2.0
0.0,0.77042764,0.0,0.0,0.0,0.0,0.0,0.0,0.0,0.0,0.0,0.0,-0.6503443,0.0,-0.6503443,0.099000975,16.17884063720703,1.601721005374543,0.0,-0.0,0.0,-0.0,0.6503443,0.26061356,0.0,0.74286634,0.092522025,0.092522025,0.0,1.2852904,1.2852904,0.74286634,-0.0,9.4,19.91156,18.333334,18.333334,2.0
0.0,0.0,0.0,0.0,0.0,0.0,0.0,0.0,0.0,0.0,0.0,0.0,0.0,0.0,0.0,0.098303996,16.17884063720703,1.590444685713635,0.0,-0.0,0.0,-0.0,-0.0,0.0,0.0,0.692971,0.692971,0.692971,0.0,0.692971,0.692971,0.692971,-0.0,8.9,19.124329,18.333334,18.333334,2.0
0.0,0.89980567,0.0,0.0,0.39024508,0.4185747,0.0,0.0,0.0,0.0,0.0,0.0,0.0,0.0,0.0,0.09761192,16.17884063720703,1.579247682528262,0.0,-0.0,0.0,-0.0,-0.0,0.38999182,0.0,0.727567,0.727567,0.727567,0.0,1.2699907,1.2699907,0.727567,-0.0,8.3,19.355019,18.333334,18.333334,2.0
0.0,0.0,0.0,0.0,0.39024508,0.4185747,0.0,0.0,0.0,0.0,0.0,0.0,1.4742,1.4742,0.0,0.18450627,16.178783416748047,2.9850869378279867,0.0,-0.0,0.0,-0.0,-0.0,0.0,1.4742,0.6057302,2.0799303,2.0799303,0.0,-0.011276484,-0.011276484,0.6057302,-0.0,7.8,18.271286,17.777779,17.777779,2.0
0.0,1.1030269,0.0,0.0,0.0,0.0,0.0,0.0,0.0,0.0,0.0,0.0,1.4742,1.4742,0.0,0.27078888,16.178726196289062,4.381019117437518,0.0,-0.0,0.0,-0.0,-0.0,1.1030269,1.4742,0.3998109,1.8740109,1.8740109,0.0,-0.21719587,-0.21719587,0.3998109,-0.0,7.2,18.576408,17.222221,17.222221,2.0
0.0,0.0,0.0,0.0,0.0,0.0,0.0,0.0,0.0,0.0,0.0,0.0,1.4742,1.4742,0.0,0.35646406,16.178668975830078,5.76711399876433,0.0,-0.0,0.0,-0.0,-0.0,0.0,1.4742,0.35132858,1.8255286,1.8255286,0.0,-0.26567817,-0.26567817,0.35132858,-0.0,7.2,17.288307,17.222221,17.222221,2.0
0.0,1.1591374,0.0,0.0,0.0,0.0,0.0,0.0,0.0,0.0,0.0,0.0,1.4742,1.4742,0.0,0.44153607,16.178611755371094,7.143440634989929,0.0,-0.0,0.0,-0.0,-0.0,1.1591374,1.4742,0.34934562,1.8235457,1.8235457,0.0,-0.2676611,-0.2676611,0.34934562,-0.0,6.7,17.843475,17.222221,17.222221,2.0
0.0,0.56618005,0.0,0.0,0.0,0.0,0.0,0.0,0.0,0.0,0.0,0.0,1.4742,1.4742,0.0,0.52600914,16.17855453491211,8.510067596161889,0.0,-0.0,0.0,-0.0,-0.0,0.56618005,1.4742,0.36608046,1.8402805,1.8402805,0.0,-0.11207342,-0.11207342,0.36608046,-0.0,6.1,17.311747,17.222221,17.222221,2.0
0.0,1.0088854,0.0,0.0,0.0,0.0,0.0,0.0,0.0,0.0,0.0,0.0,1.4742,1.4742,0.0,0.60988754,16.178497314453125,9.867063933515965,0.0,-0.0,0.0,-0.0,-0.0,1.0088854,1.4742,0.34537974,1.8195797,1.8195797,0.0,0.30013955,0.30013955,0.34537974,-0.0,6.1,17.324745,17.222221,17.222221,2.0
0.0,0.8799927,0.0,0.0,0.0,0.0,0.0,0.0,0.0,0.0,0.0,0.0,1.4742,1.4742,0.0,0.6931754,16.17844009399414,11.214496286537042,0.0,-0.0,0.0,-0.0,-0.0,0.8799927,1.4742,0.34339678,1.8175968,1.8175968,0.0,0.29815662,0.29815662,0.34339678,-0.0,5.0,17.09397,17.222221,17.222221,2.0
0.0,1.0515276,0.0,0.0,0.8778348,0.9415607,0.0,0.0,0.0,0.0,0.0,0.0,1.4742,1.4742,0.0,0.77587694,16.178382873535156,12.55243418668897,0.0,-0.0,0.0,-0.0,-0.0,1.0515276,1.4742,0.37102103,1.845221,1.845221,0.0,0.32578087,0.32578087,0.37102103,-0.0,3.9,16.994658,17.222221,17.222221,2.0
0.0,1.16161,0.0,0.0,1.0848713,1.1636269,0.0,0.0,0.0,0.0,0.0,0.0,1.4742,1.4742,0.0,0.8579963,16.178325653076172,13.880943307239932,0.0,-0.0,0.0,-0.0,-0.0,1.16161,1.4742,0.44875607,1.9229561,1.9229561,0.0,0.40351593,0.40351593,0.44875607,-0.0,3.3,17.075762,17.222221,17.222221,2.0
0.0,1.1775509,0.0,0.0,0.0,0.0,0.0,0.0,0.0,0.0,0.0,0.0,1.4742,1.4742,0.0,0.9395375,16.178268432617188,15.200090284830367,0.0,-0.0,0.0,-0.0,-0.0,1.1775509,1.4742,0.56013334,2.0343332,2.0343332,0.0,0.51489305,0.51489305,0.56013334,-0.0,2.8,17.17289,17.222221,17.222221,2.0
0.0,1.2671456,0.0,0.0,1.3380474,1.4351821,0.0,0.0,0.0,0.0,0.0,0.0,1.0649147,1.0649147,0.0,0.9961892,16.178226470947266,16.116574113999604,0.0,-0.0,0.0,-0.0,-0.0,1.2671456,1.0649147,0.64915156,1.6665753,1.6665753,0.0,0.55642045,0.60391146,0.64915156,-0.047491007,7.2,18.463661,17.222221,17.222221,2.0
0.0,0.71323025,0.0,0.0,1.5616976,1.6750681,0.0,0.0,0.0,0.0,0.0,0.0,-0.91175425,0.0,-0.91175425,0.9298274,16.178190231323242,15.042924431709821,0.0,-0.0,0.0,-0.0,0.91175425,0.20341617,0.0,0.50288254,-0.52926224,0.0,-0.52926224,0.92491597,1.0453066,0.50288254,-0.12039054,9.4,18.805815,18.333334,18.333334,2.0
0.0,0.64704996,0.0,0.0,0.3904244,0.41876704,0.0,0.0,0.0,0.0,0.0,0.0,-1.296,0.0,-1.296,0.8397739,16.178138732910156,13.585978550994696,0.0,-0.0,0.0,-0.0,1.296,0.13723588,0.0,0.4992475,-0.9679348,0.0,-0.9679348,0.8704892,1.0416714,0.4992475,-0.17118226,10.6,19.335491,17.532408,17.532408,2.0
0.0,0.0,0.0,0.0,0.0,0.0,0.0,0.0,0.0,0.0,0.0,0.0,-1.296,0.0,-1.296,0.75035435,16.17808723449707,12.139298124826496,0.0,-0.0,0.0,-0.0,1.296,0.0,0.0,0.35132858,-1.1476197,0.0,-1.1476197,0.14838028,0.35132858,0.35132858,-0.2029483,11.1,19.377657,17.777779,17.777779,2.0
0.0,0.0,0.0,0.0,0.0,0.0,0.0,0.0,0.0,0.0,0.0,0.0,-1.296,0.0,-1.296,0.6615643,16.178035736083984,10.7028107338067,0.0,-0.0,0.0,-0.0,1.296,0.0,0.0,0.35529447,-1.1564897,0.0,-1.1564897,0.13951027,0.3552945,0.35529447,-0.21578422,11.7,19.654448,18.087963,18.087963,2.0
0.0,0.0,0.0,0.0,0.3904244,0.41876704,0.0,0.0,0.0,0.0,0.0,0.0,-1.296,0.0,-1.296,0.57339936,16.1779842376709,9.276445888023659,0.0,-0.0,0.0,-0.0,1.296,0.0,0.0,0.43226862,-1.068409,0.0,-1.068409,0.22759104,0.43226856,0.43226862,-0.20467754,12.8,20.118902,18.333334,18.333334,2.0
0.0,0.0,0.0,0.0,0.0,0.0,0.0,0.0,0.0,0.0,0.0,0.0,-1.296,0.0,-1.296,0.48585513,16.177932739257812,7.860131652042128,0.0,-0.0,0.0,-0.0,1.296,0.0,0.0,0.35529447,-1.1251426,0.0,-1.1251426,0.17085743,0.35529447,0.35529447,-0.18443705,12.2,20.381512,17.777779,17.777779,2.0
0.0,0.0,0.0,0.0,0.0,0.0,0.0,0.0,0.0,0.0,0.0,0.0,-1.296,0.0,-1.296,0.3989272,16.177881240844727,6.453797055618452,0.0,-0.0,0.0,-0.0,1.296,0.0,0.0,0.5166176,-0.9216156,0.0,-0.9216156,0.3743844,0.5166176,0.5166176,-0.14223318,12.8,20.818197,17.777779,17.777779,2.0
0.0,0.0,0.0,0.0,0.2141349,0.2296799,0.0,0.0,0.0,0.0,0.0,0.0,-1.296,0.0,-1.296,0.31261125,16.17782974243164,5.057371611548319,0.0,-0.0,0.0,-0.0,1.296,0.0,0.0,0.63635314,-0.7128335,0.0,-0.7128335,0.5831665,0.63635314,0.63635314,-0.05318666,12.2,20.968582,17.222221,17.222221,2.0
0.0,0.0,0.0,0.0,0.3904244,0.41876704,0.0,0.0,0.0,0.0,0.0,0.0,-1.296,0.0,-1.296,0.22690296,16.177778244018555,3.6707857977944514,0.0,-0.0,0.0,-0.0,1.296,0.0,0.0,0.85266966,-0.44683033,0.0,-0.44683033,0.8491697,0.85266966,0.85266966,-0.0034999952,11.1,20.88016,18.333334,18.333334,2.0
0.0,0.0,0.0,0.0,0.0,0.0,0.0,0.0,0.0,0.0,0.0,0.0,-1.296,0.0,-1.296,0.14179808,16.17772674560547,2.2939705753374255,0.0,-0.0,0.0,-0.0,1.296,0.0,0.0,0.62903243,-0.6669676,0.0,-0.6669676,0.62903243,0.62903243,0.62903243,-0.0,10.0,20.393728,18.333334,18.333334,2.0
0.0,0.0,0.0,0.0,0.0,0.0,0.0,0.0,0.0,0.0,0.0,0.0,-0.64868826,0.0,-0.64868826,0.09900172,16.177701950073242,1.6016203275647456,0.0,-0.0,0.0,-0.0,0.64868826,0.0,0.0,2.3907466,1.7420583,1.7420583,0.0,2.3907466,2.3907466,2.3907466,-0.0,8.9,19.814919,18.333334,18.333334,2.0
0.0,0.85379934,0.0,0.0,1.4409741,1.5455807,0.0,0.0,0.0,0.0,0.0,0.0,0.0,0.0,0.0,0.09830474,16.177701950073242,1.5903448015453847,0.0,-0.0,0.0,-0.0,-0.0,0.34398526,0.0,0.692971,0.692971,0.692971,0.0,1.235395,1.235395,0.692971,-0.0,8.9,20.213814,18.333334,18.333334,2.0
0.0,0.0,0.0,0.0,1.5832732,1.69821,0.0,0.0,0.0,0.0,0.0,0.0,0.0,0.0,0.0,0.09761267,16.177701950073242,1.579148706952438,0.0,-0.0,0.0,-0.0,-0.0,0.0,0.0,0.5453966,0.5453966,0.5453966,0.0,0.5453966,0.5453966,0.5453966,-0.0,8.9,19.226055,18.333334,18.333334,2.0
0.0,0.8732858,0.0,0.0,0.7808488,0.83753407,0.0,0.0,0.0,0.0,0.0,0.0,1.4742,1.4742,0.0,0.18450703,16.177644729614258,2.984889137265583,0.0,-0.0,0.0,-0.0,-0.0,0.8732858,1.4742,0.4614192,1.9356192,1.9356192,0.0,-0.15558755,-0.15558755,0.4614192,-0.0,5.6,18.85343,18.333334,18.333334,2.0
0.0,0.9093662,0.0,0.0,0.0,0.0,0.0,0.0,0.0,0.0,0.0,0.0,1.4742,1.4742,0.0,0.27078962,16.177587509155273,4.3807228268678955,0.0,-0.0,0.0,-0.0,-0.0,0.9093662,1.4742,0.3998109,1.8740109,1.8740109,0.0,-0.21719587,-0.21719587,0.3998109,-0.0,6.1,18.472322,18.333334,18.333334,2.0
0.0,0.91246873,0.0,0.0,0.0,0.0,0.0,0.0,0.0,0.0,0.0,0.0,1.4742,1.4742,0.0,0.3564648,16.17753028869629,5.766720150926972,0.0,-0.0,0.0,-0.0,-0.0,0.91246873,1.4742,0.3824916,1.8566916,1.8566916,0.0,-0.23451519,-0.23451519,0.3824916,-0.0,4.4,17.794365,17.222221,17.222221,2.0
0.0,1.2097335,0.0,0.0,0.0,0.0,0.0,0.0,0.0,0.0,0.0,0.0,1.4742,1.4742,0.0,0.4415368,16.177473068237305,7.142949916705845,0.0,-0.0,0.0,-0.0,-0.0,1.2097335,1.4742,0.3722118,1.8464118,1.8464118,0.0,-0.10682094,-0.10682094,0.3722118,-0.0,4.4,17.737814,17.222221,17.222221,2.0
0.0,1.0505106,0.0,0.0,0.0,0.0,0.0,0.0,0.0,0.0,0.0,0.0,1.4742,1.4742,0.0,0.5260099,16.17741584777832,8.509481171557809,0.0,-0.0,0.0,-0.0,-0.0,1.0505106,1.4742,0.36608046,1.8402805,1.8402805,0.0,0.32084036,0.32084036,0.36608046,-0.0,3.9,17.344933,17.222221,17.222221,2.0
0.0,1.1934745,0.0,0.0,0.0,0.0,0.0,0.0,0.0,0.0,0.0,0.0,1.4742,1.4742,0.0,0.6098883,16.177358627319336,9.866381997615008,0.0,-0.0,0.0,-0.0,-0.0,1.1934745,1.4742,0.3614834,1.8356833,1.8356833,0.0,0.31624317,0.31624317,0.3614834,-0.0,3.3,17.125298,17.222221,17.222221,2.0
0.0,1.2051309,0.0,0.0,1.4167402,1.5195876,0.0,0.0,0.0,0.0,0.0,0.0,1.4742,1.4742,0.0,0.69317615,16.17730140686035,11.213719511805493,0.0,-0.0,0.0,-0.0,-0.0,1.2051309,1.4742,0.34339678,1.8175968,1.8175968,0.0,0.29815662,0.29815662,0.34339678,-0.0,3.3,17.073807,17.222221,17.222221,2.0
0.0,1.1799314,0.0,0.0,0.0,0.0,0.0,0.0,0.0,0.0,0.0,0.0,1.4742,1.4742,0.0,0.7758777,16.177244186401367,12.5515632407064,0.0,-0.0,0.0,-0.0,-0.0,1.1799314,1.4742,0.34339678,1.8175968,1.8175968,0.0,0.29815662,0.29815662,0.34339678,-0.0,4.4,17.323227,17.222221,17.222221,2.0
0.0,1.1541939,0.0,0.0,1.9529636,2.0947378,0.0,0.0,0.0,0.0,0.0,0.0,1.4742,1.4742,0.0,0.857997,16.177186965942383,13.879977888735198,0.0,-0.0,0.0,-0.0,-0.0,1.1541939,1.4742,0.34736267,1.8215626,1.8215626,0.0,0.30212247,0.30212247,0.34736267,-0.0,3.3,17.370037,17.222221,17.222221,2.0
0.0,1.2660842,0.0,0.0,0.78118545,0.83789515,0.0,0.0,0.0,0.0,0.0,0.0,1.4742,1.4742,0.0,0.9395382,16.1771297454834,15.199031052091527,0.0,-0.0,0.0,-0.0,-0.0,1.2660842,1.4742,0.35132858,1.8255286,1.8255286,0.0,0.30608845,0.30608845,0.35132858,-0.0,3.3,17.458363,17.222221,17.222221,2.0
0.0,1.2204059,0.0,0.0,0.34704712,0.3722408,0.0,0.0,0.0,0.0,0.0,0.0,1.0637655,1.0637655,0.0,0.9961215,16.177087783813477,16.114345365637973,0.0,-0.0,0.0,-0.0,-0.0,1.2204059,1.0637655,1.4569604,2.479439,2.479439,0.0,1.3704333,1.4117202,1.4569604,-0.041286863,7.2,18.297514,17.222221,17.222221,2.0
0.0,0.8640848,0.0,0.0,0.2342568,0.25126255,0.0,0.0,0.0,0.0,0.0,0.0,-0.9124891,0.0,-0.9124891,0.9297136,16.177051544189453,15.040024939094565,0.0,-0.0,0.0,-0.0,0.9124891,0.3542707,0.0,7.0383368,6.03739,6.03739,0.0,7.4923034,7.580761,7.0383368,-0.08845774,8.9,18.770245,18.333334,18.333334,2.0
0.0,0.79956436,0.0,0.0,0.0,0.0,0.0,0.0,0.0,0.0,0.0,0.0,-1.296,0.0,-1.296,0.8396609,16.177000045776367,13.58319414191601,0.0,-0.0,0.0,-0.0,1.296,0.28975028,0.0,0.42528802,-0.97911596,0.0,-0.97911596,0.859308,0.9677119,0.42528802,-0.10840395,10.0,19.123398,18.333334,18.333334,2.0
0.0,0.5690855,0.0,0.0,1.8541898,1.9887936,0.0,0.0,0.0,0.0,0.0,0.0,-1.296,0.0,-1.296,0.7502421,16.17694854736328,12.136628077328169,0.0,-0.0,0.0,-0.0,1.296,0.059271395,0.0,0.50218683,-0.8966195,0.0,-0.8966195,0.94180447,1.0446109,0.50218683,-0.102806345,11.7,19.54806,18.333334,18.333334,2.0
0.0,0.0,0.0,0.0,0.0,0.0,0.0,0.0,0.0,0.0,0.0,0.0,-1.296,0.0,-1.296,0.6614529,16.176897048950195,10.70025529524105,0.0,-0.0,0.0,-0.0,1.296,0.0,0.0,0.4325117,-0.95884407,0.0,-0.95884407,0.33715594,0.43251172,0.4325117,-0.09535577,12.2,19.490541,18.333334,18.333334,2.0
0.0,0.790934,0.0,0.0,0.0,0.0,0.0,0.0,0.0,0.0,0.0,0.0,-1.296,0.0,-1.296,0.57328874,16.17684555053711,9.274003382258115,0.0,-0.0,0.0,-0.0,1.296,0.28111994,0.0,0.43226862,-0.9794015,0.0,-0.9794015,0.85902244,0.9746926,0.43226862,-0.11567012,12.8,20.072004,17.222221,17.222221,2.0
0.0,0.0,0.0,0.0,0.0,0.0,0.0,0.0,0.0,0.0,0.0,0.0,-1.296,0.0,-1.296,0.48574528,16.176794052124023,7.857801372221786,0.0,-0.0,0.0,-0.0,1.296,0.0,0.0,0.42991275,-0.95186096,0.0,-0.95186096,0.34413904,0.42991275,0.42991275,-0.08577372,12.8,19.917988,18.333334,18.333334,2.0
0.0,0.0,0.0,0.0,0.0,0.0,0.0,0.0,0.0,0.0,0.0,0.0,-1.296,0.0,-1.296,0.3988181,16.176742553710938,6.4515778177724314,0.0,-0.0,0.0,-0.0,1.296,0.0,0.0,0.5166176,-0.8250162,0.0,-0.8250162,0.4709838,0.5166176,0.5166176,-0.045633785,13.3,19.928211,17.777779,17.777779,2.0
0.0,0.71650565,0.0,0.0,0.0,0.0,0.0,0.0,0.0,0.0,0.0,0.0,-1.296,0.0,-1.296,0.31250292,16.17669105529785,5.055263200870854,0.0,-0.0,0.0,-0.0,1.296,0.2066918,0.0,0.5439889,-0.770283,0.0,-0.770283,1.0681407,1.0864127,0.5439889,-0.018271882,12.8,20.272753,17.222221,17.222221,2.0
0.0,0.0,0.0,0.0,1.5770911,1.6915791,0.0,0.0,0.0,0.0,0.0,0.0,-1.296,0.0,-1.296,0.2267954,16.176639556884766,3.668787522260459,0.0,-0.0,0.0,-0.0,1.296,0.0,0.0,0.77325624,-0.52321285,0.0,-0.52321285,0.77278715,0.77325624,0.77325624,-0.000469118,12.2,20.0382,17.222221,17.222221,2.0
0.0,0.77266586,0.0,0.0,0.49165007,0.5273411,0.0,0.0,0.0,0.0,0.0,0.0,-1.296,0.0,-1.296,0.1416913,16.17658805847168,2.2920817477746027,0.0,-0.0,0.0,-0.0,1.296,0.262852,0.0,8.571694,7.2756944,7.2756944,0.0,9.114119,9.114119,8.571694,-0.0,12.2,20.536728,17.222221,17.222221,2.0
0.0,0.0,0.0,0.0,1.6386861,1.7576455,0.0,0.0,0.0,0.0,0.0,0.0,-0.647031,0.0,-0.647031,0.09900248,16.176563262939453,1.601519889107749,0.0,-0.0,0.0,-0.0,0.647031,0.0,0.0,0.74286634,0.09583533,0.09583533,0.0,0.74286634,0.74286634,0.74286634,-0.0,11.7,20.139301,18.333334,18.333334,2.0
0.0,0.66273695,0.0,0.0,1.8114754,1.9429784,0.0,0.0,0.0,0.0,0.0,0.0,0.0,0.0,0.0,0.09830549,16.176563262939453,1.5902450362051468,0.0,-0.0,0.0,-0.0,-0.0,0.1529231,0.0,0.8022249,0.8022249,0.8022249,0.0,1.3446486,1.3446486,0.8022249,-0.0,11.7,20.543268,18.333334,18.333334,2.0
0.0,0.0,0.0,0.0,0.0,0.0,0.0,0.0,0.0,0.0,0.0,0.0,0.0,0.0,0.0,0.09761342,16.176563262939453,1.5790496091380817,0.0,-0.0,0.0,-0.0,-0.0,0.0,0.0,0.6364818,0.6364818,0.6364818,0.0,0.6364818,0.6364818,0.6364818,-0.0,11.7,19.893337,18.333334,18.333334,2.0
0.0,0.79374623,0.0,0.0,1.3725533,1.472193,0.0,0.0,0.0,0.0,0.0,0.0,1.4742,1.4742,0.0,0.18450777,16.17650604248047,2.984691093923743,0.0,-0.0,0.0,-0.0,-0.0,0.79374623,1.4742,0.4614192,1.9356192,1.9356192,0.0,-0.15558779,-0.15558779,0.4614192,-0.0,11.1,20.21435,18.333334,18.333334,2.0
0.0,0.0,0.0,0.0,0.0,0.0,0.0,0.0,0.0,0.0,0.0,0.0,1.4742,1.4742,0.0,0.2707904,16.176448822021484,4.38042701669724,0.0,-0.0,0.0,-0.0,-0.0,0.0,1.4742,0.3998109,1.8740109,1.8740109,0.0,-0.2171961,-0.2171961,0.3998109,-0.0,10.6,19.134314,17.777779,17.777779,2.0
0.0,0.88340014,0.0,0.0,0.0,0.0,0.0,0.0,0.0,0.0,0.0,0.0,1.4742,1.4742,0.0,0.35646555,16.1763916015625,5.766326301392837,0.0,-0.0,0.0,-0.0,-0.0,0.88340014,1.4742,0.35132858,1.8255286,1.8255286,0.0,-0.26567817,-0.26567817,0.35132858,-0.0,10.0,19.521677,17.222221,17.222221,2.0
0.0,0.0,0.0,0.0,0.0,0.0,0.0,0.0,0.0,0.0,0.0,0.0,1.4742,1.4742,0.0,0.44153753,16.176334381103516,7.142458714632653,0.0,-0.0,0.0,-0.0,-0.0,0.0,1.4742,0.34934562,1.8235457,1.8235457,0.0,-0.2676611,-0.2676611,0.34934562,-0.0,10.0,18.420145,17.222221,17.222221,2.0
0.0,0.962698,0.0,0.0,0.0,0.0,0.0,0.0,0.0,0.0,0.0,0.0,1.4742,1.4742,0.0,0.52601063,16.17627716064453,8.508893781007828,0.0,-0.0,0.0,-0.0,-0.0,0.962698,1.4742,0.34736267,1.8215626,1.8215626,0.0,-0.26964414,-0.26964414,0.34736267,-0.0,10.0,19.083694,17.222221,17.222221,2.0
0.0,0.0,0.0,0.0,0.0,0.0,0.0,0.0,0.0,0.0,0.0,0.0,1.4742,1.4742,0.0,0.60988903,16.176219940185547,9.86569909577156,0.0,-0.0,0.0,-0.0,-0.0,0.0,1.4742,0.34537974,1.8195797,1.8195797,0.0,-0.27162707,-0.27162707,0.34537974,-0.0,10.8,18.397081,17.222221,17.222221,2.0
0.0,0.89083624,0.0,0.0,0.0,0.0,0.0,0.0,0.0,0.0,0.0,0.0,1.4742,1.4742,0.0,0.69317687,16.176162719726562,11.212941771134865,0.0,-0.0,0.0,-0.0,-0.0,0.89083624,1.4742,0.34339678,1.8175968,1.8175968,0.0,-0.27361,-0.27361,0.34339678,-0.0,10.0,18.826542,17.222221,17.222221,2.0
0.0,0.0,0.0,0.0,8.375204,8.983197,0.0,0.0,0.0,0.0,0.0,0.0,1.4742,1.4742,0.0,0.77587837,16.176105499267578,12.55069036461714,0.0,-0.0,0.0,-0.0,-0.0,0.0,1.4742,0.37102103,1.845221,1.845221,0.0,0.08704519,0.08704519,0.37102103,-0.0,10.0,18.336123,17.222221,17.222221,2.0
0.0,0.9107528,0.0,0.0,0.0,0.0,0.0,0.0,0.0,0.0,0.0,0.0,1.4742,1.4742,0.0,0.85799766,16.176048278808594,13.879011504433947,0.0,-0.0,0.0,-0.0,-0.0,0.9107528,1.4742,0.39805937,1.8722594,1.8722594,0.0,0.3528192,0.3528192,0.39805937,-0.0,10.0,18.822037,17.222221,17.222221,2.0
0.0,0.0,0.0,0.0,0.71003664,0.7615813,0.0,0.0,0.0,0.0,0.0,0.0,1.4742,1.4742,0.0,0.93953884,16.17599105834961,15.197971817859525,0.0,-0.0,0.0,-0.0,-0.0,0.0,1.4742,0.49053177,1.9647318,1.9647318,0.0,0.44529164,0.44529164,0.49053177,-0.0,10.0,18.392508,18.333334,18.333334,2.0
0.0,0.88256586,0.0,0.0,0.0,0.0,0.0,0.0,0.0,0.0,0.0,0.0,1.0626163,1.0626163,0.0,0.99605393,16.175949096679688,16.112117735505308,0.0,-0.0,0.0,-0.0,-0.0,0.88256586,1.0626163,0.42727154,1.4689646,1.4689646,0.0,0.36110806,0.3820315,0.42727154,-0.020923425,10.0,18.83748,18.333334,18.333334,2.0
0.0,0.0,0.0,0.0,1.1722498,1.2573485,0.0,0.0,0.0,0.0,0.0,0.0,-0.9132227,0.0,-0.9132227,0.9296,16.175912857055664,15.037128598089566,0.0,-0.0,0.0,-0.0,0.9132227,0.0,0.0,0.50288254,-0.44498575,0.0,-0.44498575,0.46823692,0.50288254,0.50288254,-0.03464563,10.6,18.56385,17.777779,17.777779,2.0
0.0,0.86087596,0.0,0.0,0.39074993,0.4191162,0.0,0.0,0.0,0.0,0.0,0.0,-1.296,0.0,-1.296,0.83954805,16.175861358642578,13.580412882673727,0.0,-0.0,0.0,-0.0,1.296,0.35106188,0.0,0.42528802,-0.9908574,0.0,-0.9908574,0.84756655,0.967712,0.42528802,-0.12014544,12.2,19.661106,17.222221,17.222221,2.0
0.0,0.0,0.0,0.0,0.39074993,0.4191162,0.0,0.0,0.0,0.0,0.0,0.0,-1.296,0.0,-1.296,0.7501301,16.175809860229492,12.133962142045789,0.0,-0.0,0.0,-0.0,1.296,0.0,0.0,0.4267577,-1.0496118,0.0,-1.0496118,0.2463882,0.42675772,0.4267577,-0.18036953,13.3,19.845512,17.222221,17.222221,2.0
0.0,0.0,0.0,0.0,0.0,0.0,0.0,0.0,0.0,0.0,0.0,0.0,-1.296,0.0,-1.296,0.66134167,16.175758361816406,10.697703002828348,0.0,-0.0,0.0,-0.0,1.296,0.0,0.0,0.4325117,-1.0646,0.0,-1.0646,0.23140001,0.4325117,0.4325117,-0.20111167,13.3,20.141562,17.222221,17.222221,2.0
0.0,0.0,0.0,0.0,0.78149986,0.8382324,0.0,0.0,0.0,0.0,0.0,0.0,-1.296,0.0,-1.296,0.5731783,16.17570686340332,9.271564020871665,0.0,-0.0,0.0,-0.0,1.296,0.0,0.0,0.43226862,-1.0444486,0.0,-1.0444486,0.2515514,0.4322686,0.43226862,-0.1807172,13.9,20.512115,17.222221,17.222221,2.0
0.0,0.0,0.0,0.0,0.0,0.0,0.0,0.0,0.0,0.0,0.0,0.0,-1.296,0.0,-1.296,0.4856356,16.175655364990234,7.855474235006682,0.0,-0.0,0.0,-0.0,1.296,0.0,0.0,0.42991275,-1.0314968,0.0,-1.0314968,0.26450324,0.4299127,0.42991275,-0.16540946,14.4,20.79802,17.222221,17.222221,2.0
0.0,0.0,0.0,0.0,0.0,0.0,0.0,0.0,0.0,0.0,0.0,0.0,-1.296,0.0,-1.296,0.3987092,16.17560386657715,6.449362202896225,0.0,-0.0,0.0,-0.0,1.296,0.0,0.0,2.4163728,1.0625318,1.0625318,0.0,2.358532,2.4163728,2.4163728,-0.057840932,13.9,20.852783,17.222221,17.222221,2.0
0.0,0.0,0.0,0.0,0.0,0.0,0.0,0.0,0.0,0.0,0.0,0.0,-1.296,0.0,-1.296,0.31239477,16.175552368164062,5.053157929318786,0.0,-0.0,0.0,-0.0,1.296,0.0,0.0,0.5439889,-0.76527834,0.0,-0.76527834,0.53072166,0.5439889,0.5439889,-0.013267238,12.8,20.637478,17.222221,17.222221,2.0
0.0,0.0,0.0,0.0,0.78149986,0.8382324,0.0,0.0,0.0,0.0,0.0,0.0,-1.296,0.0,-1.296,0.226688,16.175500869750977,3.666791902010516,0.0,-0.0,0.0,-0.0,1.296,0.0,0.0,0.6249326,-0.67169297,0.0,-0.67169297,0.62430704,0.6249326,0.6249326,-0.0006255767,10.0,20.148079,17.222221,17.222221,2.0
0.0,0.0,0.0,0.0,0.8435019,0.90473545,0.0,0.0,0.0,0.0,0.0,0.0,-1.296,0.0,-1.296,0.14158462,16.17544937133789,2.290194850624573,0.0,-0.0,0.0,-0.0,1.296,0.0,0.0,1.0135572,-0.2824428,0.0,-0.2824428,1.0135572,1.0135572,1.0135572,-0.0,10.0,19.970432,17.222221,17.222221,2.0
0.0,0.5577874,0.0,0.0,7.5924606,8.143631,0.0,0.0,0.0,0.0,0.0,0.0,-0.64537543,0.0,-0.64537543,0.099003226,16.175424575805664,1.6014192078874316,0.0,-0.0,0.0,-0.0,0.64537543,0.047973335,0.0,0.86809105,0.22271562,0.22271562,0.0,1.4105151,1.4105151,0.86809105,-0.0,10.6,20.426414,17.222221,17.222221,2.0
0.0,0.0,0.0,0.0,0.39074993,0.4191162,0.0,0.0,0.0,0.0,0.0,0.0,0.0,0.0,0.0,0.09830623,16.175424575805664,1.590145028118556,0.0,-0.0,0.0,-0.0,-0.0,0.0,0.0,0.8022249,0.8022249,0.8022249,0.0,0.8022249,0.8022249,0.8022249,-0.0,10.0,19.72884,17.222221,17.222221,2.0
0.0,0.70235103,0.0,0.0,0.39074993,0.4191162,0.0,0.0,0.0,0.0,0.0,0.0,0.0,0.0,0.0,0.09761415,16.175424575805664,1.5789502685943404,0.0,-0.0,0.0,-0.0,-0.0,0.19253695,0.0,0.5453966,0.5453966,0.5453966,0.0,1.0878205,1.0878205,0.5453966,-0.0,9.4,19.9304,18.333334,18.333334,2.0
0.0,0.0,0.0,0.0,0.0,0.0,0.0,0.0,0.0,0.0,0.0,0.0,1.4742,1.4742,0.0,0.18450849,16.17536735534668,2.984492566821615,0.0,-0.0,0.0,-0.0,-0.0,0.0,1.4742,0.4614192,1.9356192,1.9356192,0.0,-0.15558755,-0.15558755,0.4614192,-0.0,9.4,18.982857,18.333334,18.333334,2.0
0.0,0.9498019,0.0,0.0,0.0,0.0,0.0,0.0,0.0,0.0,0.0,0.0,1.4742,1.4742,0.0,0.27079108,16.175310134887695,4.3801297585765155,0.0,-0.0,0.0,-0.0,-0.0,0.9498019,1.4742,0.3582555,1.8324555,1.8324555,0.0,-0.25875127,-0.25875127,0.3582555,-0.0,8.3,19.29824,17.777779,17.777779,2.0
0.0,0.0,0.0,0.0,0.0,0.0,0.0,0.0,0.0,0.0,0.0,0.0,1.4742,1.4742,0.0,0.35646623,16.17525291442871,5.765931486041723,0.0,-0.0,0.0,-0.0,-0.0,0.0,1.4742,0.35132858,1.8255286,1.8255286,0.0,-0.26567817,-0.26567817,0.35132858,-0.0,8.3,18.210257,17.222221,17.222221,2.0
0.0,1.0615585,0.0,0.0,0.0,0.0,0.0,0.0,0.0,0.0,0.0,0.0,1.4742,1.4742,0.0,0.4415382,16.175195693969727,7.141967028872159,0.0,-0.0,0.0,-0.0,-0.0,1.0615585,1.4742,0.34934562,1.8235457,1.8235457,0.0,-0.16787481,-0.16787481,0.34934562,-0.0,8.3,18.701921,17.222221,17.222221,2.0
0.0,0.0,0.0,0.0,0.0,0.0,0.0,0.0,0.0,0.0,0.0,0.0,1.4742,1.4742,0.0,0.5260113,16.175138473510742,8.508305424715559,0.0,-0.0,0.0,-0.0,-0.0,0.0,1.4742,0.36608046,1.8402805,1.8402805,0.0,0.32084036,0.32084036,0.36608046,-0.0,7.8,17.683598,17.222221,17.222221,2.0
0.0,1.05841,0.0,0.0,0.0,0.0,0.0,0.0,0.0,0.0,0.0,0.0,1.4742,1.4742,0.0,0.6098897,16.175081253051758,9.865015228189236,0.0,-0.0,0.0,-0.0,-0.0,1.05841,1.4742,0.34537974,1.8195797,1.8195797,0.0,0.30013955,0.30013955,0.34537974,-0.0,7.2,18.038275,17.222221,17.222221,2.0
0.0,0.5657198,0.0,0.0,0.0,0.0,0.0,0.0,0.0,0.0,0.0,0.0,1.4742,1.4742,0.0,0.6931776,16.175024032592773,11.212164028835332,0.0,-0.0,0.0,-0.0,-0.0,0.5657198,1.4742,0.34339678,1.8175968,1.8175968,0.0,0.29815662,0.29815662,0.34339678,-0.0,6.7,17.688955,17.222221,17.222221,2.0
0.0,0.9627885,0.0,0.0,0.0,0.0,0.0,0.0,0.0,0.0,0.0,0.0,1.4742,1.4742,0.0,0.7758791,16.17496681213379,12.549818451137867,0.0,-0.0,0.0,-0.0,-0.0,0.9627885,1.4742,0.37102103,1.845221,1.845221,0.0,0.32578087,0.32578087,0.37102103,-0.0,5.6,17.537027,17.222221,17.222221,2.0
0.0,0.90481824,0.0,0.0,0.21212329,0.22752225,0.0,0.0,0.0,0.0,0.0,0.0,1.4742,1.4742,0.0,0.8579984,16.174909591674805,13.878046082739274,0.0,-0.0,0.0,-0.0,-0.0,0.90481824,1.4742,0.39805937,1.8722594,1.8722594,0.0,0.3528192,0.3528192,0.39805937,-0.0,5.6,17.524414,17.222221,17.222221,2.0
0.0,1.0078585,0.0,0.0,0.7227393,0.7752061,0.0,0.0,0.0,0.0,0.0,0.0,1.4742,1.4742,0.0,0.93953955,16.17485237121582,15.19691354623069,0.0,-0.0,0.0,-0.0,-0.0,1.0078585,1.4742,0.42093018,1.8951302,1.8951302,0.0,0.37568998,0.37568998,0.42093018,-0.0,7.2,17.801569,18.333334,18.333334,2.0
0.0,0.9051864,0.0,0.0,0.0,0.0,0.0,0.0,0.0,0.0,0.0,0.0,1.0614662,1.0614662,0.0,0.9959863,16.1748104095459,16.109889295210337,0.0,-0.0,0.0,-0.0,-0.0,0.9051864,1.0614662,0.50123155,1.530478,1.530478,0.0,0.42377162,0.45599145,0.50123155,-0.032219823,9.4,18.330833,18.333334,18.333334,2.0
0.0,0.76413834,0.0,0.0,0.15046348,0.16138628,0.0,0.0,0.0,0.0,0.0,0.0,-0.9139562,0.0,-0.9139562,0.92948633,16.174774169921875,15.034231551717312,0.0,-0.0,0.0,-0.0,0.9139562,0.25432426,0.0,0.65120614,-0.3505661,0.0,-0.3505661,1.105814,1.19363,0.65120614,-0.08781601,10.6,18.83063,17.222221,17.222221,2.0
0.0,0.5955032,0.0,0.0,3.303008,3.542788,0.0,0.0,0.0,0.0,0.0,0.0,-1.296,0.0,-1.296,0.83943516,16.17472267150879,13.57763091630261,0.0,-0.0,0.0,-0.0,1.296,0.08568913,0.0,0.85131377,-0.60587704,0.0,-0.60587704,1.2325469,1.3937377,0.85131377,-0.1611908,11.1,19.459911,17.222221,17.222221,2.0
0.0,0.0,0.0,0.0,0.41694012,0.44720763,0.0,0.0,0.0,0.0,0.0,0.0,-1.296,0.0,-1.296,0.750018,16.174671173095703,12.131294533651726,0.0,-0.0,0.0,-0.0,1.296,0.0,0.0,7.1878557,5.7064137,5.7064137,0.0,7.0024137,7.1878557,7.1878557,-0.18544208,11.1,19.609612,17.222221,17.222221,2.0
0.0,0.5340463,0.0,0.0,3.1978006,3.429943,0.0,0.0,0.0,0.0,0.0,0.0,-1.296,0.0,-1.296,0.6612303,16.174619674682617,10.695149035545455,0.0,-0.0,0.0,-0.0,1.296,0.024232209,0.0,0.5869461,-0.9247438,0.0,-0.9247438,0.9136802,1.1293701,0.5869461,-0.21568993,11.1,20.203062,17.222221,17.222221,2.0
0.0,0.0,0.0,0.0,1.1726881,1.2578187,0.0,0.0,0.0,0.0,0.0,0.0,-1.296,0.0,-1.296,0.5730677,16.17456817626953,9.269122982856516,0.0,-0.0,0.0,-0.0,1.296,0.0,0.0,0.58621687,-0.9185806,0.0,-0.9185806,0.3774194,0.58621687,0.58621687,-0.20879744,11.7,20.453857,17.222221,17.222221,2.0
0.0,0.0,0.0,0.0,0.78179204,0.8385458,0.0,0.0,0.0,0.0,0.0,0.0,-1.296,0.0,-1.296,0.48552582,16.174516677856445,7.85314541940437,0.0,-0.0,0.0,-0.0,1.296,0.0,0.0,0.504531,-0.96625465,0.0,-0.96625465,0.32974535,0.504531,0.504531,-0.17478566,12.2,20.740976,17.222221,17.222221,2.0
0.0,0.0,0.0,0.0,0.0,0.0,0.0,0.0,0.0,0.0,0.0,0.0,-1.296,0.0,-1.296,0.39860022,16.17446517944336,6.447145389910929,0.0,-0.0,0.0,-0.0,1.296,0.0,0.0,0.5166176,-0.92190015,0.0,-0.92190015,0.37409985,0.51661754,0.5166176,-0.14251772,12.8,21.046885,17.222221,17.222221,2.0
0.0,0.0,0.0,0.0,0.0,0.0,0.0,0.0,0.0,0.0,0.0,0.0,-1.296,0.0,-1.296,0.31228656,16.174413681030273,5.051051940000548,0.0,-0.0,0.0,-0.0,1.296,0.0,0.0,2.4437442,1.0703428,1.0703428,0.0,2.3663428,2.4437442,2.4437442,-0.07740138,12.8,21.147202,17.222221,17.222221,2.0
0.0,0.0,0.0,0.0,0.0,0.0,0.0,0.0,0.0,0.0,0.0,0.0,-1.296,0.0,-1.296,0.22658056,16.174362182617188,3.6647960443342527,0.0,-0.0,0.0,-0.0,1.296,0.0,0.0,0.7388011,-0.56234944,0.0,-0.56234944,0.73365057,0.7388011,0.7388011,-0.005150556,11.7,21.01195,17.222221,17.222221,2.0
0.0,0.0,0.0,0.0,0.78179204,0.8385458,0.0,0.0,0.0,0.0,0.0,0.0,-1.296,0.0,-1.296,0.14147796,16.1743106842041,2.2883084374349494,0.0,-0.0,0.0,-0.0,1.296,0.0,0.0,0.7579696,-0.5380304,0.0,-0.5380304,0.7579696,0.7579696,0.7579696,-0.0,12.2,20.837837,17.222221,17.222221,2.0
0.0,0.0,0.0,0.0,1.1726881,1.2578187,0.0,0.0,0.0,0.0,0.0,0.0,-0.6437201,0.0,-0.6437201,0.09900398,16.174285888671875,1.601318645478159,0.0,-0.0,0.0,-0.0,0.6437201,0.0,0.0,2.6426215,1.9989014,1.9989014,0.0,2.6426215,2.6426215,2.6426215,-0.0,10.6,20.377512,17.222221,17.222221,2.0
0.0,0.73807967,0.0,0.0,0.0,0.0,0.0,0.0,0.0,0.0,0.0,0.0,0.0,0.0,0.0,0.09830698,16.174285888671875,1.5900452593677983,0.0,-0.0,0.0,-0.0,-0.0,0.22826582,0.0,0.692971,0.692971,0.692971,0.0,1.2353947,1.2353947,0.692971,-0.0,9.4,20.518957,17.222221,17.222221,2.0
0.0,0.0,0.0,0.0,0.39089602,0.4192729,0.0,0.0,0.0,0.0,0.0,0.0,0.0,0.0,0.0,0.097614884,16.174285888671875,1.5788510468955792,0.0,-0.0,0.0,-0.0,-0.0,0.0,0.0,0.6364818,0.6364818,0.6364818,0.0,0.6364818,0.6364818,0.6364818,-0.0,8.9,19.50186,17.222221,17.222221,2.0
0.0,0.9173259,0.0,0.0,0.0,0.0,0.0,0.0,0.0,0.0,0.0,0.0,1.4742,1.4742,0.0,0.18450922,16.17422866821289,2.98429427910537,0.0,-0.0,0.0,-0.0,-0.0,0.9173259,1.4742,0.4614192,1.9356192,1.9356192,0.0,-0.15558755,-0.15558755,0.4614192,-0.0,7.8,19.66946,18.25,18.25,2.0
0.0,0.0,0.0,0.0,0.0,0.0,0.0,0.0,0.0,0.0,0.0,0.0,1.4742,1.4742,0.0,0.2707918,16.174171447753906,4.379832980922629,0.0,-0.0,0.0,-0.0,-0.0,0.0,1.4742,0.44136629,1.9155663,1.9155663,0.0,-0.17564046,-0.17564046,0.44136629,-0.0,7.8,18.498348,17.777779,17.777779,2.0
0.0,1.1223954,0.0,0.0,0.39103094,0.4194176,0.0,0.0,0.0,0.0,0.0,0.0,1.4742,1.4742,0.0,0.35646698,16.174114227294922,5.765537633181907,0.0,-0.0,0.0,-0.0,-0.0,1.1223954,1.4742,0.35132858,1.8255286,1.8255286,0.0,-0.26567817,-0.26567817,0.35132858,-0.0,6.7,18.933167,17.222221,17.222221,2.0
0.0,0.0,0.0,0.0,0.0,0.0,0.0,0.0,0.0,0.0,0.0,0.0,1.4742,1.4742,0.0,0.441539,16.174057006835938,7.141476787624015,0.0,-0.0,0.0,-0.0,-0.0,0.0,1.4742,0.34934562,1.8235457,1.8235457,0.0,-0.2676611,-0.2676611,0.34934562,-0.0,8.33,17.912437,17.222221,17.222221,2.0
0.0,1.0850247,0.0,0.0,0.0,0.0,0.0,0.0,0.0,0.0,0.0,0.0,1.4742,1.4742,0.0,0.52601206,16.173999786376953,8.50771899502115,0.0,-0.0,0.0,-0.0,-0.0,1.0850247,1.4742,0.34736267,1.8215626,1.8215626,0.0,-0.078958035,-0.078958035,0.34736267,-0.0,6.1,17.970469,17.222221,17.222221,2.0
0.0,0.65726644,0.0,0.0,0.0,0.0,0.0,0.0,0.0,0.0,0.0,0.0,1.4742,1.4742,0.0,0.60989046,16.17394256591797,9.864333287197951,0.0,-0.0,0.0,-0.0,-0.0,0.65726644,1.4742,0.34537974,1.8195797,1.8195797,0.0,0.30013955,0.30013955,0.34537974,-0.0,5.85,17.494167,17.222221,17.222221,2.0
0.0,1.0596873,0.0,0.0,0.0,0.0,0.0,0.0,0.0,0.0,0.0,0.0,1.4742,1.4742,0.0,0.69317836,16.173885345458984,11.211387248945584,0.0,-0.0,0.0,-0.0,-0.0,1.0596873,1.4742,0.34339678,1.8175968,1.8175968,0.0,0.29815662,0.29815662,0.34339678,-0.0,5.6,17.543089,17.222221,17.222221,2.0
0.0,0.91269886,0.0,0.0,0.0,0.0,0.0,0.0,0.0,0.0,0.0,0.0,1.4742,1.4742,0.0,0.77587986,16.173828125,12.548947500064969,0.0,-0.0,0.0,-0.0,-0.0,0.91269886,1.4742,0.34339678,1.8175968,1.8175968,0.0,0.29815662,0.29815662,0.34339678,-0.0,7.2,17.654926,17.222221,17.222221,2.0
0.0,0.9372799,0.0,0.0,0.0,0.0,0.0,0.0,0.0,0.0,0.0,0.0,1.4742,1.4742,0.0,0.8579991,16.173770904541016,13.877080659415697,0.0,-0.0,0.0,-0.0,-0.0,0.9372799,1.4742,2.2725577,3.7467577,3.7467577,0.0,2.2273176,2.2273176,2.2725577,-0.0,7.8,17.87119,17.222221,17.222221,2.0
0.0,0.90761435,0.0,0.0,0.0,0.0,0.0,0.0,0.0,0.0,0.0,0.0,1.4742,1.4742,0.0,0.93954027,16.17371368408203,15.195855272972949,0.0,-0.0,0.0,-0.0,-0.0,0.90761435,1.4742,0.49053177,1.9647318,1.9647318,0.0,0.44529164,0.44529164,0.49053177,-0.0,7.2,17.811018,18.333334,18.333334,2.0
0.0,0.97838295,0.0,0.0,0.0,0.0,0.0,0.0,0.0,0.0,0.0,0.0,1.0603151,1.0603151,0.0,0.9959187,16.17367172241211,16.10766197300859,0.0,-0.0,0.0,-0.0,-0.0,0.97838295,1.0603151,0.42727154,1.4809533,1.4809533,0.0,0.37539804,0.3820315,0.42727154,-0.0066334484,8.3,18.001541,17.810184,17.810184,2.0
0.0,0.90835077,0.0,0.0,0.0,0.0,0.0,0.0,0.0,0.0,0.0,0.0,-0.91468984,0.0,-0.91468984,0.9293727,16.173635482788086,15.03133572822901,0.0,-0.0,0.0,-0.0,0.91468984,0.39853668,0.0,0.428097,-0.52528334,0.0,-0.52528334,0.9318304,0.9705209,0.428097,-0.038690496,10.0,18.236677,17.222221,17.222221,2.0
0.0,0.8350924,0.0,0.0,0.39103094,0.4194176,0.0,0.0,0.0,0.0,0.0,0.0,-1.296,0.0,-1.296,0.8393224,16.173583984375,13.574851135068457,0.0,-0.0,0.0,-0.0,1.296,0.32527834,0.0,0.6258978,-0.74671465,0.0,-0.74671465,1.0917094,1.1683218,0.6258978,-0.076612465,12.2,18.842724,17.222221,17.222221,2.0
0.0,0.5970839,0.0,0.0,1.5641237,1.6776704,0.0,0.0,0.0,0.0,0.0,0.0,-1.296,0.0,-1.296,0.749906,16.173532485961914,12.12862910862384,0.0,-0.0,0.0,-0.0,1.296,0.08726984,0.0,0.4267577,-0.9366228,0.0,-0.9366228,0.90180117,0.96918166,0.4267577,-0.067380495,13.3,18.982594,17.222221,17.222221,2.0
0.0,0.5772782,0.0,0.0,0.0,0.0,0.0,0.0,0.0,0.0,0.0,0.0,-1.296,0.0,-1.296,0.6611191,16.173480987548828,10.692597249857954,0.0,-0.0,0.0,-0.0,1.296,0.06746411,0.0,0.4325117,-0.90282136,0.0,-0.90282136,0.9356026,0.97493565,0.4325117,-0.03933307,14.4,19.035713,17.222221,17.222221,2.0
0.0,0.0,0.0,0.0,0.7820619,0.8388352,0.0,0.0,0.0,0.0,0.0,0.0,-1.296,0.0,-1.296,0.5729573,16.173429489135742,9.266684124665971,0.0,-0.0,0.0,-0.0,1.296,0.0,0.0,0.43226862,-0.8942097,0.0,-0.8942097,0.40179032,0.4322686,0.43226862,-0.030478276,13.9,18.688435,17.222221,17.222221,2.0
0.0,0.9420033,0.0,0.0,0.0,0.0,0.0,0.0,0.0,0.0,0.0,0.0,-1.296,0.0,-1.296,0.48541614,16.173377990722656,7.850818781855878,0.0,-0.0,0.0,-0.0,1.296,0.43218946,0.0,0.42991275,-0.88144714,0.0,-0.88144714,0.9569766,0.9723365,0.42991275,-0.01535985,11.4,18.592857,17.222221,17.222221,2.0
0.0,0.5954428,0.0,0.0,0.0,0.0,0.0,0.0,0.0,0.0,0.0,0.0,-1.296,0.0,-1.296,0.39849132,16.17332649230957,6.444930271138105,0.0,-0.0,0.0,-0.0,1.296,0.08562893,0.0,0.5166176,-0.8012859,0.0,-0.8012859,1.0371377,1.0590413,0.5166176,-0.021903517,10.6,18.478867,17.222221,17.222221,2.0
0.0,0.92523813,0.0,0.0,0.0,0.0,0.0,0.0,0.0,0.0,0.0,0.0,-1.296,0.0,-1.296,0.31217846,16.173274993896484,5.048948125126685,0.0,-0.0,0.0,-0.0,1.296,0.4154243,0.0,0.5439889,-0.7545702,0.0,-0.7545702,1.0838535,1.0864125,0.5439889,-0.0025590714,10.6,18.7867,17.222221,17.222221,2.0
0.0,0.6345149,0.0,0.0,1.3896186,1.4904972,0.0,0.0,0.0,0.0,0.0,0.0,-1.296,0.0,-1.296,0.22647324,16.1732234954834,3.662802359331579,0.0,-0.0,0.0,-0.0,1.296,0.12470108,0.0,0.6249326,-0.67134947,0.0,-0.67134947,1.1670742,1.1673563,0.6249326,-0.00028203853,10.0,18.94605,17.222221,17.222221,2.0
0.0,0.92535895,0.0,0.0,2.7002616,2.8962855,0.0,0.0,0.0,0.0,0.0,0.0,-1.296,0.0,-1.296,0.14137138,16.173171997070312,2.286423713150043,0.0,-0.0,0.0,-0.0,1.296,0.4155451,0.0,0.7579696,-0.5380304,0.0,-0.5380304,1.3003933,1.3003933,0.7579696,-0.0,10.0,19.415752,17.222221,17.222221,2.0
0.0,0.72819024,0.0,0.0,1.1730928,1.2582529,0.0,0.0,0.0,0.0,0.0,0.0,-0.6420661,0.0,-0.6420661,0.09900472,16.173147201538086,1.6012179608558057,0.0,-0.0,0.0,-0.0,0.6420661,0.21837634,0.0,0.74286634,0.100800216,0.100800216,0.0,1.2852902,1.2852902,0.74286634,-0.0,10.6,19.569178,18.333334,18.333334,2.0
0.0,0.8617533,0.0,0.0,0.44270965,0.4748479,0.0,0.0,0.0,0.0,0.0,0.0,0.0,0.0,0.0,0.09830772,16.173147201538086,1.5899452479046232,0.0,-0.0,0.0,-0.0,-0.0,0.35193938,0.0,0.58371705,0.58371705,0.58371705,0.0,1.1261408,1.1261408,0.58371705,-0.0,9.85,19.582714,18.333334,18.333334,2.0
0.0,0.8586221,0.0,0.0,0.0,0.0,0.0,0.0,0.0,0.0,0.0,0.0,0.0,0.0,0.0,0.09761563,16.173147201538086,1.5787519440163464,0.0,-0.0,0.0,-0.0,-0.0,0.5188616,0.0,0.5453966,0.5453966,0.5453966,0.0,0.9068896,0.9068896,0.5453966,-0.0,10.0,19.459047,17.708334,17.708334,2.0
0.0,0.85134125,0.0,0.0,1.3343496,1.431216,0.0,0.0,0.0,0.0,0.0,0.0,1.4742,1.4742,0.0,0.18450996,16.1730899810791,2.9840962307241057,0.0,-0.0,0.0,-0.0,-0.0,0.85134125,1.4742,0.4614192,1.9356192,1.9356192,0.0,-0.15558779,-0.15558779,0.4614192,-0.0,9.466666,19.163567,17.777779,17.777779,2.0
0.0,0.84186697,0.0,0.0,0.7820619,0.8388352,0.0,0.0,0.0,0.0,0.0,0.0,1.4742,1.4742,0.0,0.27079254,16.173032760620117,4.3795366836337735,0.0,-0.0,0.0,-0.0,-0.0,0.84186697,1.4742,0.3998109,1.8740109,1.8740109,0.0,-0.2171961,-0.2171961,0.3998109,-0.0,7.2,18.513931,17.222221,17.222221,2.0
0.0,0.98296976,0.0,0.0,0.23162101,0.24843541,0.0,0.0,0.0,0.0,0.0,0.0,1.4742,1.4742,0.0,0.3564677,16.172975540161133,5.7651432966330844,0.0,-0.0,0.0,-0.0,-0.0,0.98296976,1.4742,7.0238943,8.498095,8.498095,0.0,6.4068875,6.4068875,7.0238943,-0.0,8.9,18.69046,17.222221,17.222221,2.0
0.0,0.80269414,0.0,0.0,0.48350886,0.51860887,0.0,0.0,0.0,0.0,0.0,0.0,1.4742,1.4742,0.0,0.4415397,16.17291831970215,7.140985580630172,0.0,-0.0,0.0,-0.0,-0.0,0.80269414,1.4742,0.395078,1.869278,1.869278,0.0,-0.22192907,-0.22192907,0.395078,-0.0,9.4,18.544989,17.222221,17.222221,2.0
0.0,0.8978524,0.0,0.0,0.0,0.0,0.0,0.0,0.0,0.0,0.0,0.0,1.4742,1.4742,0.0,0.5260128,16.172861099243164,8.507131599584454,0.0,-0.0,0.0,-0.0,-0.0,0.8978524,1.4742,0.36608046,1.8402805,1.8402805,0.0,-0.2509265,-0.2509265,0.36608046,-0.0,7.2,18.080742,17.222221,17.222221,2.0
0.0,0.99951327,0.0,0.0,0.0,0.0,0.0,0.0,0.0,0.0,0.0,0.0,1.4742,1.4742,0.0,0.6098911,16.17280387878418,9.863649416493558,0.0,-0.0,0.0,-0.0,-0.0,0.99951327,1.4742,0.3614834,1.8356833,1.8356833,0.0,-0.25552368,-0.25552368,0.3614834,-0.0,8.9,18.365383,17.222221,17.222221,2.0
0.0,0.85435164,0.0,0.0,0.0,0.0,0.0,0.0,0.0,0.0,0.0,0.0,1.4742,1.4742,0.0,0.693179,16.172746658325195,11.21060853934955,0.0,-0.0,0.0,-0.0,-0.0,0.85435164,1.4742,0.34339678,1.8175968,1.8175968,0.0,-0.27361023,-0.27361023,0.34339678,-0.0,9.4,18.321749,17.222221,17.222221,2.0
0.0,0.9267743,0.0,0.0,0.0,0.0,0.0,0.0,0.0,0.0,0.0,0.0,1.4742,1.4742,0.0,0.7758805,16.17268943786621,12.548074619292606,0.0,-0.0,0.0,-0.0,-0.0,0.9267743,1.4742,0.34339678,1.8175968,1.8175968,0.0,-0.27361,-0.27361,0.34339678,-0.0,8.6,18.260998,17.222221,17.222221,2.0
0.0,0.9298235,0.0,0.0,0.39115465,0.4195503,0.0,0.0,0.0,0.0,0.0,0.0,1.4742,1.4742,0.0,0.8579998,16.172632217407227,13.876115234463214,0.0,-0.0,0.0,-0.0,-0.0,0.9298235,1.4742,0.34736267,1.8215626,1.8215626,0.0,-0.26964414,-0.26964414,0.34736267,-0.0,7.8,18.106636,17.222221,17.222221,2.0
0.0,1.0069294,0.0,0.0,0.39115465,0.4195503,0.0,0.0,0.0,0.0,0.0,0.0,1.4742,1.4742,0.0,0.9395409,16.172574996948242,15.194796034125716,0.0,-0.0,0.0,-0.0,-0.0,1.0069294,1.4742,0.42093018,1.8951302,1.8951302,0.0,-0.19607663,-0.19607663,0.42093018,-0.0,8.3,18.203236,18.333334,18.333334,2.0
0.0,1.0051472,0.0,0.0,0.0,0.0,0.0,0.0,0.0,0.0,0.0,0.0,1.059166,1.059166,0.0,0.99585104,16.17253303527832,16.10543384078028,0.0,-0.0,0.0,-0.0,-0.0,1.0051472,1.059166,0.5539219,1.5833502,1.5833502,0.0,-0.09282255,-0.063084826,0.5539219,-0.029737728,8.3,18.378933,17.847221,17.847221,2.0
0.0,0.9580118,0.0,0.0,0.0,0.0,0.0,0.0,0.0,0.0,0.0,0.0,-0.9154247,0.0,-0.9154247,0.92925894,16.172496795654297,15.02843727159734,0.0,-0.0,0.0,-0.0,0.9154247,0.44819772,0.0,0.428097,-0.5830896,0.0,-0.5830896,0.8747591,0.970521,0.428097,-0.0957619,10.0,18.943636,17.777779,17.777779,2.0
0.0,0.68089813,0.0,0.0,0.0,0.0,0.0,0.0,0.0,0.0,0.0,0.0,-1.296,0.0,-1.296,0.8392094,16.17244529724121,13.572067754846898,0.0,-0.0,0.0,-0.0,1.296,0.17108405,0.0,0.42528802,-0.9623669,0.0,-0.9623669,0.8760571,0.967712,0.42528802,-0.091654874,10.6,19.151194,17.222221,17.222221,2.0
0.0,0.7507418,0.0,0.0,0.0,0.0,0.0,0.0,0.0,0.0,0.0,0.0,-1.296,0.0,-1.296,0.7497938,16.172393798828125,12.125961046805969,0.0,-0.0,0.0,-0.0,1.296,0.2409277,0.0,0.4267577,-0.9157033,0.0,-0.9157033,0.9227207,0.96918166,0.4267577,-0.046461016,11.7,19.339975,17.222221,17.222221,2.0
0.0,0.6969297,0.0,0.0,0.0,0.0,0.0,0.0,0.0,0.0,0.0,0.0,-1.296,0.0,-1.296,0.66100776,16.17234230041504,10.690043789571746,0.0,-0.0,0.0,-0.0,1.296,0.18711585,0.0,0.5097289,-0.92675585,0.0,-0.92675585,0.9116679,1.0521526,0.5097289,-0.14048475,12.8,19.813189,17.222221,17.222221,2.0
0.0,0.0,0.0,0.0,0.39115465,0.4195503,0.0,0.0,0.0,0.0,0.0,0.0,-1.296,0.0,-1.296,0.5728468,16.172290802001953,9.264244554061861,0.0,-0.0,0.0,-0.0,1.296,0.0,0.0,0.5092428,-0.86933243,0.0,-0.86933243,0.42666757,0.5092428,0.5092428,-0.08257518,13.3,19.669859,17.777779,17.777779,2.0
0.0,0.86802447,0.0,0.0,0.0,0.0,0.0,0.0,0.0,0.0,0.0,0.0,-1.296,0.0,-1.296,0.4853064,16.172239303588867,7.848491430132242,0.0,-0.0,0.0,-0.0,1.296,0.35821062,0.0,0.504531,-0.8455392,0.0,-0.8455392,0.9928845,1.0469548,0.504531,-0.054070257,11.7,19.89176,17.222221,17.222221,2.0
0.0,0.0,0.0,0.0,0.39115465,0.4195503,0.0,0.0,0.0,0.0,0.0,0.0,-1.296,0.0,-1.296,0.39838234,16.17218780517578,6.442713954459805,0.0,-0.0,0.0,-0.0,1.296,0.0,0.0,0.5166176,-0.8987314,0.0,-0.8987314,0.3972686,0.5166176,0.5166176,-0.11934902,11.7,19.772102,17.222221,17.222221,2.0
0.0,0.8455362,0.0,0.0,0.9823588,1.0536726,0.0,0.0,0.0,0.0,0.0,0.0,-1.296,0.0,-1.296,0.31207022,16.172136306762695,5.046842146584993,0.0,-0.0,0.0,-0.0,1.296,0.33572233,0.0,0.63635314,-0.736183,0.0,-0.736183,1.1022408,1.178777,0.63635314,-0.07653612,11.1,20.213802,17.222221,17.222221,2.0
0.0,0.0,0.0,0.0,0.39115465,0.4195503,0.0,0.0,0.0,0.0,0.0,0.0,-1.296,0.0,-1.296,0.22636576,16.17208480834961,3.6608062679212594,0.0,-0.0,0.0,-0.0,1.296,0.0,0.0,0.6249326,-0.6766407,0.0,-0.6766407,0.6193593,0.6249326,0.6249326,-0.005573259,11.1,19.749762,17.222221,17.222221,2.0
0.0,0.76946276,0.0,0.0,0.0,0.0,0.0,0.0,0.0,0.0,0.0,0.0,-1.296,0.0,-1.296,0.14126465,16.172033309936523,2.2845365807691564,0.0,-0.0,0.0,-0.0,1.296,0.25964892,0.0,2.5310745,1.2350745,1.2350745,0.0,3.0734982,3.0734982,2.5310745,-0.0,10.6,20.135769,17.222221,17.222221,2.0
0.0,0.0,0.0,0.0,0.0,0.0,0.0,0.0,0.0,0.0,0.0,0.0,-0.64040965,0.0,-0.64040965,0.099005476,16.172008514404297,1.6011173950275293,0.0,-0.0,0.0,-0.0,0.64040965,0.0,0.0,0.4924169,-0.14799276,0.0,-0.14799276,0.4924169,0.4924169,0.4924169,-0.0,10.6,19.577358,18.333334,18.333334,2.0
0.0,0.9022278,0.0,0.0,0.0,0.0,0.0,0.0,0.0,0.0,0.0,0.0,0.0,0.0,0.0,0.09830847,16.172008514404297,1.5898453552524927,0.0,-0.0,0.0,-0.0,-0.0,0.39241397,0.0,0.47446314,0.47446314,0.47446314,0.0,1.0168868,1.0168868,0.47446314,-0.0,10.0,19.827663,17.777779,17.777779,2.0
0.0,0.0,0.0,0.0,0.0,0.0,0.0,0.0,0.0,0.0,0.0,0.0,0.0,0.0,0.0,0.09761637,16.172008514404297,1.5786527189494848,0.0,-0.0,0.0,-0.0,-0.0,0.0,0.0,0.5453966,0.5453966,0.5453966,0.0,0.5453966,0.5453966,0.5453966,-0.0,9.4,18.990442,17.222221,17.222221,2.0
0.0,0.96978897,0.0,0.0,0.0,0.0,0.0,0.0,0.0,0.0,0.0,0.0,1.4742,1.4742,0.0,0.1845107,16.171951293945312,2.983897939665212,0.0,-0.0,0.0,-0.0,-0.0,0.96978897,1.4742,0.38926372,1.8634638,1.8634638,0.0,-0.22774327,-0.22774327,0.38926372,-0.0,8.3,19.251335,17.222221,17.222221,2.0
0.0,0.0,0.0,0.0,0.0,0.0,0.0,0.0,0.0,0.0,0.0,0.0,1.4742,1.4742,0.0,0.27079326,16.171894073486328,4.379239902688141,0.0,-0.0,0.0,-0.0,-0.0,0.0,1.4742,0.3582555,1.8324555,1.8324555,0.0,-0.2587515,-0.2587515,0.3582555,-0.0,8.033334,18.14561,17.222221,17.222221,2.0
0.0,1.1415123,0.0,0.0,0.0,0.0,0.0,0.0,0.0,0.0,0.0,0.0,1.4742,1.4742,0.0,0.35646838,16.171836853027344,5.764748476497061,0.0,-0.0,0.0,-0.0,-0.0,1.1415123,1.4742,0.35132858,1.8255286,1.8255286,0.0,-0.2656784,-0.2656784,0.35132858,-0.0,8.3,18.703583,17.222221,17.222221,2.0
0.0,0.0,0.0,0.0,0.0,0.0,0.0,0.0,0.0,0.0,0.0,0.0,1.4742,1.4742,0.0,0.44154036,16.17177963256836,7.140493408094244,0.0,-0.0,0.0,-0.0,-0.0,0.0,1.4742,0.34934562,1.8235457,1.8235457,0.0,-0.26766133,-0.26766133,0.34934562,-0.0,7.8,17.579464,17.222221,17.222221,2.0
0.0,1.0630558,0.0,0.0,0.0,0.0,0.0,0.0,0.0,0.0,0.0,0.0,1.4742,1.4742,0.0,0.52601343,16.171722412109375,8.506543238609083,0.0,-0.0,0.0,-0.0,-0.0,1.0630558,1.4742,0.34736267,1.8215626,1.8215626,0.0,-0.26964438,-0.26964438,0.34736267,-0.0,7.2,17.825947,17.222221,17.222221,2.0
0.0,0.0,0.0,0.0,0.0,0.0,0.0,0.0,0.0,0.0,0.0,0.0,1.4742,1.4742,0.0,0.6098918,16.17166519165039,9.862965544296003,0.0,-0.0,0.0,-0.0,-0.0,0.0,1.4742,0.34537974,1.8195797,1.8195797,0.0,-0.27162707,-0.27162707,0.34537974,-0.0,6.7,16.866047,17.222221,17.222221,2.0
0.0,1.1098804,0.0,0.0,0.0,0.0,0.0,0.0,0.0,0.0,0.0,0.0,1.4742,1.4742,0.0,0.69317967,16.171607971191406,11.209829828260354,0.0,-0.0,0.0,-0.0,-0.0,1.1098804,1.4742,0.34339678,1.8175968,1.8175968,0.0,-0.27361,-0.27361,0.34339678,-0.0,5.0,16.966553,17.222221,17.222221,2.0
0.0,0.7186542,0.0,0.0,0.0,0.0,0.0,0.0,0.0,0.0,0.0,0.0,1.4742,1.4742,0.0,0.7758812,16.171550750732422,12.54720173702708,0.0,-0.0,0.0,-0.0,-0.0,0.7186542,1.4742,0.34339678,1.8175968,1.8175968,0.0,-0.27361,-0.27361,0.34339678,-0.0,4.4,16.693254,17.222221,17.222221,2.0
0.0,1.1324967,0.0,0.0,0.0,0.0,0.0,0.0,0.0,0.0,0.0,0.0,1.4742,1.4742,0.0,0.85800046,16.171493530273438,13.875148843985698,0.0,-0.0,0.0,-0.0,-0.0,1.1324967,1.4742,0.39805937,1.8722594,1.8722594,0.0,-0.14255929,-0.14255929,0.39805937,-0.0,4.4,16.969643,17.222221,17.222221,2.0
0.0,1.0352011,0.0,0.0,1.6346923,1.7533618,0.0,0.0,0.0,0.0,0.0,0.0,1.4742,1.4742,0.0,0.9395416,16.171436309814453,15.19373679378532,0.0,-0.0,0.0,-0.0,-0.0,1.0352011,1.4742,0.49053177,1.9647318,1.9647318,0.0,0.44529164,0.44529164,0.49053177,-0.0,6.5,17.540844,18.333334,18.333334,2.0
0.0,0.98213255,0.0,0.0,0.0,0.0,0.0,0.0,0.0,0.0,0.0,0.0,1.0580168,1.0580168,0.0,0.99578345,16.17139434814453,16.10320682650945,0.0,-0.0,0.0,-0.0,-0.0,0.98213255,1.0580168,0.50123155,1.5092424,1.5092424,0.0,0.40598547,0.45599136,0.50123155,-0.05000589,8.6,18.241652,17.87963,17.87963,2.0
0.0,0.63492054,0.0,0.0,1.5146286,1.6245822,0.0,0.0,0.0,0.0,0.0,0.0,-0.91615826,0.0,-0.91615826,0.92914534,16.171358108520508,15.025541965761477,0.0,-0.0,0.0,-0.0,0.91615826,0.12510645,0.0,0.428097,-0.5930864,0.0,-0.5930864,0.86549574,0.9705209,0.428097,-0.10502517,9.4,18.554323,17.777779,17.777779,2.0
0.0,0.6189408,0.0,0.0,0.0,0.0,0.0,0.0,0.0,0.0,0.0,0.0,-1.296,0.0,-1.296,0.8390966,16.171306610107422,13.569288487532276,0.0,-0.0,0.0,-0.0,1.296,0.10912669,0.0,0.42528802,-1.0311606,0.0,-1.0311606,0.8072634,0.96771204,0.42528802,-0.16044864,10.0,19.037987,17.222221,17.222221,2.0
0.0,0.0,0.0,0.0,1.9563354,2.0983543,0.0,0.0,0.0,0.0,0.0,0.0,-1.296,0.0,-1.296,0.74968183,16.171255111694336,12.12329613210045,0.0,-0.0,0.0,-0.0,1.296,0.0,0.0,0.50218683,-0.9901222,0.0,-0.9901222,0.3058778,0.50218683,0.50218683,-0.19630902,10.6,19.201149,17.222221,17.222221,2.0
0.0,0.0,0.0,0.0,0.0,0.0,0.0,0.0,0.0,0.0,0.0,0.0,-1.296,0.0,-1.296,0.6608965,16.17120361328125,10.687491546730598,0.0,-0.0,0.0,-0.0,1.296,0.0,0.0,0.4325117,-1.0794991,0.0,-1.0794991,0.21650088,0.4325117,0.4325117,-0.21601081,11.1,19.385735,17.222221,17.222221,2.0
0.0,0.0,0.0,0.0,1.7980425,1.9285704,0.0,0.0,0.0,0.0,0.0,0.0,-1.296,0.0,-1.296,0.57273626,16.171152114868164,9.261805235123575,0.0,-0.0,0.0,-0.0,1.296,0.0,0.0,0.43226862,-1.0745306,0.0,-1.0745306,0.2214694,0.43226856,0.43226862,-0.21079917,12.2,19.768414,17.222221,17.222221,2.0
0.0,0.0,0.0,0.0,0.0,0.0,0.0,0.0,0.0,0.0,0.0,0.0,-1.296,0.0,-1.296,0.48519668,16.171100616455078,7.846164328309783,0.0,-0.0,0.0,-0.0,1.296,0.0,0.0,0.42991275,-1.0453633,0.0,-1.0453633,0.2506367,0.42991278,0.42991275,-0.17927608,12.2,20.09397,17.222221,17.222221,2.0
0.0,0.0,0.0,0.0,1.1738013,1.2590127,0.0,0.0,0.0,0.0,0.0,0.0,-1.296,0.0,-1.296,0.39827338,16.171049118041992,6.440498367920725,0.0,-0.0,0.0,-0.0,1.296,0.0,0.0,0.43496457,-0.954178,0.0,-0.954178,0.34182203,0.43496454,0.43496457,-0.09314252,11.7,20.069504,17.222221,17.222221,2.0
0.0,0.0,0.0,0.0,0.0,0.0,0.0,0.0,0.0,0.0,0.0,0.0,-1.296,0.0,-1.296,0.31196207,16.170997619628906,5.044737860350779,0.0,-0.0,0.0,-0.0,1.296,0.0,0.0,0.5439889,-0.7752477,0.0,-0.7752477,0.5207523,0.5439889,0.5439889,-0.02323657,11.1,19.867397,17.222221,17.222221,2.0
0.0,0.0,0.0,0.0,0.0,0.0,0.0,0.0,0.0,0.0,0.0,0.0,-1.296,0.0,-1.296,0.22625838,16.17094612121582,3.658812108048977,0.0,-0.0,0.0,-0.0,1.296,0.0,0.0,2.2969508,0.9975856,0.9975856,0.0,2.2935855,2.2969508,2.2969508,-0.003365244,10.0,19.424397,17.222221,17.222221,2.0
0.0,0.5996042,0.0,0.0,0.0,0.0,0.0,0.0,0.0,0.0,0.0,0.0,-1.296,0.0,-1.296,0.14115804,16.170894622802734,2.282651860154374,0.0,-0.0,0.0,-0.0,1.296,0.089790106,0.0,0.62903243,-0.6669676,0.0,-0.6669676,1.1714563,1.1714563,0.62903243,-0.0,10.0,19.844162,17.222221,17.222221,2.0
0.0,0.0,0.0,0.0,0.3912671,0.41967088,0.0,0.0,0.0,0.0,0.0,0.0,-0.6387552,0.0,-0.6387552,0.09900622,16.170869827270508,1.60101670700314,0.0,-0.0,0.0,-0.0,0.6387552,0.0,0.0,0.74286634,0.104111135,0.104111135,0.0,0.74286634,0.74286634,0.74286634,-0.0,9.4,19.517666,18.333334,18.333334,2.0
0.0,0.87288165,0.0,0.0,2.187493,2.3462927,0.0,0.0,0.0,0.0,0.0,0.0,0.0,0.0,0.0,0.09830921,16.170869827270508,1.5897454609035861,0.0,-0.0,0.0,-0.0,-0.0,0.3630678,0.0,2.5927262,2.5927262,2.5927262,0.0,3.13515,3.13515,2.5927262,-0.0,8.9,19.812386,18.333334,18.333334,2.0
0.0,0.0,0.0,0.0,1.4627577,1.5689458,0.0,0.0,0.0,0.0,0.0,0.0,0.0,0.0,0.0,0.097617105,16.170869827270508,1.5785534922028148,0.0,-0.0,0.0,-0.0,-0.0,0.0,0.0,0.6364818,0.6364818,0.6364818,0.0,0.6364818,0.6364818,0.6364818,-0.0,7.8,18.81591,18.333334,18.333334,2.0
0.0,1.0704299,0.0,0.0,0.0,0.0,0.0,0.0,0.0,0.0,0.0,0.0,1.4742,1.4742,0.0,0.18451142,16.170812606811523,2.983699646943478,0.0,-0.0,0.0,-0.0,-0.0,1.0704299,1.4742,0.6057302,2.0799303,2.0799303,0.0,-0.011276722,-0.011276722,0.6057302,-0.0,7.2,19.083471,18.333334,18.333334,2.0
0.0,0.6560769,0.0,0.0,0.0,0.0,0.0,0.0,0.0,0.0,0.0,0.0,1.4742,1.4742,0.0,0.270794,16.17075538635254,4.378943602039669,0.0,-0.0,0.0,-0.0,-0.0,0.6560769,1.4742,0.3998109,1.8740109,1.8740109,0.0,-0.21719587,-0.21719587,0.3998109,-0.0,7.2,18.48498,17.222221,17.222221,2.0
0.0,0.9504376,0.0,0.0,0.0,0.0,0.0,0.0,0.0,0.0,0.0,0.0,1.4742,1.4742,0.0,0.35646915,16.170698165893555,5.764355100573084,0.0,-0.0,0.0,-0.0,-0.0,0.9504376,1.4742,0.3824916,1.8566916,1.8566916,0.0,-0.23451519,-0.23451519,0.3824916,-0.0,7.2,18.294182,17.222221,17.222221,2.0
0.0,0.956421,0.0,0.0,0.0,0.0,0.0,0.0,0.0,0.0,0.0,0.0,1.4742,1.4742,0.0,0.44154114,16.17064094543457,7.1400031617557715,0.0,-0.0,0.0,-0.0,-0.0,0.956421,1.4742,0.3722118,1.8464118,1.8464118,0.0,-0.24479496,-0.24479496,0.3722118,-0.0,6.7,18.045366,17.222221,17.222221,2.0
0.0,0.9501616,0.0,0.0,0.0,0.0,0.0,0.0,0.0,0.0,0.0,0.0,1.4742,1.4742,0.0,0.5260142,16.170583724975586,8.505956803824347,0.0,-0.0,0.0,-0.0,-0.0,0.9501616,1.4742,0.34736267,1.8215626,1.8215626,0.0,-0.09970164,-0.09970164,0.34736267,-0.0,6.1,17.718124,17.222221,17.222221,2.0
0.0,1.0687256,0.0,0.0,0.0,0.0,0.0,0.0,0.0,0.0,0.0,0.0,1.4742,1.4742,0.0,0.6098926,16.1705265045166,9.862284562120749,0.0,-0.0,0.0,-0.0,-0.0,1.0687256,1.4742,0.34537974,1.8195797,1.8195797,0.0,0.30013955,0.30013955,0.34537974,-0.0,4.4,17.360708,17.222221,17.222221,2.0
0.0,1.1314337,0.0,0.0,0.0,0.0,0.0,0.0,0.0,0.0,0.0,0.0,1.4742,1.4742,0.0,0.69318044,16.170469284057617,11.209053043348149,0.0,-0.0,0.0,-0.0,-0.0,1.1314337,1.4742,0.34339678,1.8175968,1.8175968,0.0,0.29815662,0.29815662,0.34339678,-0.0,4.4,17.26709,17.222221,17.222221,2.0
0.0,1.1406622,0.0,0.0,0.0,0.0,0.0,0.0,0.0,0.0,0.0,0.0,1.4742,1.4742,0.0,0.77588195,16.170412063598633,12.546330780931726,0.0,-0.0,0.0,-0.0,-0.0,1.1406622,1.4742,0.34339678,1.8175968,1.8175968,0.0,0.29815662,0.29815662,0.34339678,-0.0,3.9,17.217094,17.222221,17.222221,2.0
0.0,1.2126087,0.0,0.0,0.0,0.0,0.0,0.0,0.0,0.0,0.0,0.0,1.4742,1.4742,0.0,0.85800123,16.17035484313965,13.874184379671533,0.0,-0.0,0.0,-0.0,-0.0,1.2126087,1.4742,0.39805937,1.8722594,1.8722594,0.0,0.3528192,0.3528192,0.39805937,-0.0,5.0,17.460724,17.222221,17.222221,2.0
0.0,1.1237805,0.0,0.0,1.037685,1.1130152,0.0,0.0,0.0,0.0,0.0,0.0,1.4742,1.4742,0.0,0.9395424,16.170297622680664,15.192680443426298,0.0,-0.0,0.0,-0.0,-0.0,1.1237805,1.4742,0.42093018,1.8951302,1.8951302,0.0,0.37568998,0.37568998,0.42093018,-0.0,6.1,17.79591,17.222221,17.222221,2.0
0.0,1.1217064,0.0,0.0,0.0,0.0,0.0,0.0,0.0,0.0,0.0,0.0,1.0568647,1.0568647,0.0,0.9957158,16.170255661010742,16.1009790023478,0.0,-0.0,0.0,-0.0,-0.0,1.1217064,1.0568647,0.3533115,1.3827211,1.3827211,0.0,0.28061616,0.3080714,0.3533115,-0.027455233,7.8,18.14492,17.222221,17.222221,2.0
0.0,0.912355,0.0,0.0,1.3021466,1.3966751,0.0,0.0,0.0,0.0,0.0,0.0,-0.91689247,0.0,-0.91689247,0.92903155,16.17021942138672,15.022644027189472,0.0,-0.0,0.0,-0.0,0.91689247,0.40254092,0.0,0.428097,-0.5844864,0.0,-0.5844864,0.87483007,0.97052103,0.428097,-0.09569094,9.4,18.800734,18.333334,18.333334,2.0
0.0,0.66707,0.0,0.0,0.0,0.0,0.0,0.0,0.0,0.0,0.0,0.0,-1.296,0.0,-1.296,0.83898365,16.170167922973633,13.566506585590332,0.0,-0.0,0.0,-0.0,1.296,0.15725589,0.0,0.4992475,-0.96520394,0.0,-0.96520394,0.87322,1.0416714,0.4992475,-0.16845141,10.0,19.273476,18.333334,18.333334,2.0
0.0,0.0,0.0,0.0,1.0003284,1.0729467,0.0,0.0,0.0,0.0,0.0,0.0,-1.296,0.0,-1.296,0.74956965,16.170116424560547,12.12062858101217,0.0,-0.0,0.0,-0.0,1.296,0.0,0.0,0.50218683,-0.99290884,0.0,-0.99290884,0.30309117,0.50218683,0.50218683,-0.19909568,10.6,19.392986,18.333334,18.333334,2.0
0.0,0.58613396,0.0,0.0,0.0,0.0,0.0,0.0,0.0,0.0,0.0,0.0,-1.296,0.0,-1.296,0.6607852,16.17006492614746,10.684939557319922,0.0,-0.0,0.0,-0.0,1.296,0.07631987,0.0,0.5097289,-0.99462354,0.0,-0.99462354,0.8438004,1.0521529,0.5097289,-0.20835245,11.1,20.000376,17.777779,17.777779,2.0
0.0,0.0,0.0,0.0,0.0,0.0,0.0,0.0,0.0,0.0,0.0,0.0,-1.296,0.0,-1.296,0.5726257,16.170013427734375,9.259365204043206,0.0,-0.0,0.0,-0.0,1.296,0.0,0.0,0.43226862,-1.0444617,0.0,-1.0444617,0.25153828,0.43226865,0.43226862,-0.18073037,12.8,20.204556,17.777779,17.777779,2.0
0.0,0.0,0.0,0.0,0.0,0.0,0.0,0.0,0.0,0.0,0.0,0.0,-1.296,0.0,-1.296,0.4850869,16.16996192932129,7.843836512583664,0.0,-0.0,0.0,-0.0,1.296,0.0,0.0,0.504531,-0.96812993,0.0,-0.96812993,0.32787007,0.504531,0.504531,-0.17666095,13.3,20.635914,17.777779,17.777779,2.0
0.0,0.0,0.0,0.0,0.0,0.0,0.0,0.0,0.0,0.0,0.0,0.0,-1.296,0.0,-1.296,0.3981644,16.169910430908203,6.438282547617291,0.0,-0.0,0.0,-0.0,1.296,0.0,0.0,0.5166176,-0.9242872,0.0,-0.9242872,0.3717128,0.5166176,0.5166176,-0.1449048,14.4,21.10205,17.777779,17.777779,2.0
0.0,0.0,0.0,0.0,1.9568412,2.098897,0.0,0.0,0.0,0.0,0.0,0.0,-1.296,0.0,-1.296,0.31185383,16.169858932495117,5.04263237472253,0.0,-0.0,0.0,-0.0,1.296,0.0,0.0,0.5439889,-0.82870877,0.0,-0.82870877,0.46729124,0.5439889,0.5439889,-0.07669767,15.0,21.408009,18.333334,18.333334,2.0
0.0,0.0,0.0,0.0,0.0,0.0,0.0,0.0,0.0,0.0,0.0,0.0,-1.296,0.0,-1.296,0.22615089,16.16980743408203,3.656816265124803,0.0,-0.0,0.0,-0.0,1.296,0.0,0.0,0.6249326,-0.67873067,0.0,-0.67873067,0.61726934,0.6249326,0.6249326,-0.0076632616,13.3,21.210335,17.98611,17.98611,2.0
0.0,0.0,0.0,0.0,0.39136827,0.41977942,0.0,0.0,0.0,0.0,0.0,0.0,-1.296,0.0,-1.296,0.14105129,16.169755935668945,2.2807649728329125,0.0,-0.0,0.0,-0.0,1.296,0.0,0.0,0.88461995,-0.41138005,0.0,-0.41138005,0.88461995,0.88461995,0.88461995,-0.0,12.2,20.999512,18.333334,18.333334,2.0
0.0,0.0,0.0,0.0,0.0,0.0,0.0,0.0,0.0,0.0,0.0,0.0,-0.6370985,0.0,-0.6370985,0.09900698,16.16973114013672,1.600916258229745,0.0,-0.0,0.0,-0.0,0.6370985,0.0,0.0,0.4924169,-0.1446816,0.0,-0.1446816,0.4924169,0.4924169,0.4924169,-0.0,11.7,20.457024,18.333334,18.333334,2.0
0.0,0.0,0.0,0.0,0.39136827,0.41977942,0.0,0.0,0.0,0.0,0.0,0.0,0.0,0.0,0.0,0.098309964,16.16973114013672,1.5896456853317886,0.0,-0.0,0.0,-0.0,-0.0,0.0,0.0,0.47446314,0.47446314,0.47446314,0.0,0.47446314,0.47446314,0.47446314,-0.0,11.7,19.942692,18.333334,18.333334,2.0
0.0,0.5728283,0.0,0.0,1.5460287,1.6582618,0.0,0.0,0.0,0.0,0.0,0.0,0.0,0.0,0.0,0.09761785,16.16973114013672,1.5784543842502217,0.0,-0.0,0.0,-0.0,-0.0,0.06301445,0.0,0.5453966,0.5453966,0.5453966,0.0,1.0878203,1.0878203,0.5453966,-0.0,11.1,20.186033,18.333334,18.333334,2.0
0.0,0.0,0.0,0.0,1.9568412,2.098897,0.0,0.0,0.0,0.0,0.0,0.0,1.4742,1.4742,0.0,0.18451217,16.169673919677734,2.983501593505821,0.0,-0.0,0.0,-0.0,-0.0,0.0,1.4742,0.5335747,2.0077748,2.0077748,0.0,-0.0834322,-0.0834322,0.5335747,-0.0,10.0,19.159138,17.222221,17.222221,2.0
0.0,0.8149911,0.0,0.0,0.0,0.0,0.0,0.0,0.0,0.0,0.0,0.0,1.4742,1.4742,0.0,0.27079475,16.16961669921875,4.378647299694421,0.0,-0.0,0.0,-0.0,-0.0,0.8149911,1.4742,0.3998109,1.8740109,1.8740109,0.0,-0.21719587,-0.21719587,0.3998109,-0.0,9.4,19.467587,17.777779,17.777779,2.0
0.0,0.0,0.0,0.0,0.0,0.0,0.0,0.0,0.0,0.0,0.0,0.0,1.4742,1.4742,0.0,0.35646987,16.169559478759766,5.763960759103611,0.0,-0.0,0.0,-0.0,-0.0,0.0,1.4742,0.3824916,1.8566916,1.8566916,0.0,-0.23451519,-0.23451519,0.3824916,-0.0,9.4,18.319351,17.222221,17.222221,2.0
0.0,0.93263406,0.0,0.0,0.0,0.0,0.0,0.0,0.0,0.0,0.0,0.0,1.4742,1.4742,0.0,0.44154185,16.16950225830078,7.139511949875214,0.0,-0.0,0.0,-0.0,-0.0,0.93263406,1.4742,0.34934562,1.8235457,1.8235457,0.0,-0.2676611,-0.2676611,0.34934562,-0.0,9.4,18.948261,17.222221,17.222221,2.0
0.0,0.0,0.0,0.0,0.0,0.0,0.0,0.0,0.0,0.0,0.0,0.0,1.4742,1.4742,0.0,0.5260149,16.169445037841797,8.505369403500936,0.0,-0.0,0.0,-0.0,-0.0,0.0,1.4742,0.34736267,1.8215626,1.8215626,0.0,-0.08254242,-0.08254242,0.34736267,-0.0,7.2,17.802532,17.222221,17.222221,2.0
0.0,1.0114226,0.0,0.0,0.0,0.0,0.0,0.0,0.0,0.0,0.0,0.0,1.4742,1.4742,0.0,0.6098933,16.169387817382812,9.861601650503871,0.0,-0.0,0.0,-0.0,-0.0,1.0114226,1.4742,0.34537974,1.8195797,1.8195797,0.0,0.30013955,0.30013955,0.34537974,-0.0,8.3,18.368795,17.222221,17.222221,2.0
0.0,0.0,0.0,0.0,0.0,0.0,0.0,0.0,0.0,0.0,0.0,0.0,1.4742,1.4742,0.0,0.69318116,16.169330596923828,11.20827529290409,0.0,-0.0,0.0,-0.0,-0.0,0.0,1.4742,0.34339678,1.8175968,1.8175968,0.0,0.29815662,0.29815662,0.34339678,-0.0,7.2,17.613127,17.222221,17.222221,2.0
0.0,0.94829446,0.0,0.0,0.0,0.0,0.0,0.0,0.0,0.0,0.0,0.0,1.4742,1.4742,0.0,0.7758826,16.169273376464844,12.545457895544132,0.0,-0.0,0.0,-0.0,-0.0,0.94829446,1.4742,0.34339678,1.8175968,1.8175968,0.0,0.29815662,0.29815662,0.34339678,-0.0,7.2,17.957424,17.222221,17.222221,2.0
0.0,0.6021411,0.0,0.0,0.0,0.0,0.0,0.0,0.0,0.0,0.0,0.0,1.4742,1.4742,0.0,0.8580019,16.16921615600586,13.87321798607195,0.0,-0.0,0.0,-0.0,-0.0,0.6021411,1.4742,0.34736267,1.8215626,1.8215626,0.0,0.30212247,0.30212247,0.34736267,-0.0,8.9,18.18447,17.222221,17.222221,2.0
0.0,0.7648446,0.0,0.0,0.0,0.0,0.0,0.0,0.0,0.0,0.0,0.0,1.4742,1.4742,0.0,0.939543,16.169158935546875,15.191620236138988,0.0,-0.0,0.0,-0.0,-0.0,0.7648446,1.4742,0.42093018,1.8951302,1.8951302,0.0,0.37568998,0.37568998,0.42093018,-0.0,9.4,18.458258,17.222221,17.222221,2.0
0.0,0.6501711,0.0,0.0,0.0,0.0,0.0,0.0,0.0,0.0,0.0,0.0,1.0557165,1.0557165,0.0,0.9956482,16.169116973876953,16.098752296007888,0.0,-0.0,0.0,-0.0,-0.0,0.6501711,1.0557165,0.42727154,1.4308131,1.4308131,0.0,0.3298564,0.38203144,0.42727154,-0.052175038,11.7,19.175251,17.222221,17.222221,2.0
0.0,0.0,0.0,0.0,0.0,0.0,0.0,0.0,0.0,0.0,0.0,0.0,-0.9176261,0.0,-0.9176261,0.92891794,16.16908073425293,15.019749239006046,0.0,-0.0,0.0,-0.0,0.9176261,0.0,0.0,0.428097,-0.61299145,0.0,-0.61299145,0.30463463,0.428097,0.428097,-0.12346237,15.0,19.775293,18.333334,18.333334,2.0
0.0,0.0,0.0,0.0,0.47487462,0.50934786,0.0,0.0,0.0,0.0,0.0,0.0,-1.296,0.0,-1.296,0.8388708,16.169029235839844,13.563726868378126,0.0,-0.0,0.0,-0.0,1.296,0.0,0.0,2.3463118,0.8744043,0.8744043,0.0,2.1704044,2.346312,2.3463118,-0.1759075,16.7,20.608799,18.333334,18.333334,2.0
0.0,0.0,0.0,0.0,0.3914581,0.41987577,0.0,0.0,0.0,0.0,0.0,0.0,-1.296,0.0,-1.296,0.74945766,16.168977737426758,12.117964176629016,0.0,-0.0,0.0,-0.0,1.296,0.0,0.0,0.50218683,-0.99837345,0.0,-0.99837345,0.29762655,0.50218683,0.50218683,-0.2045603,17.8,21.39869,17.916666,17.916666,2.0
0.0,0.0,0.0,0.0,0.0,0.0,0.0,0.0,0.0,0.0,0.0,0.0,-1.296,0.0,-1.296,0.6606739,16.168926239013672,10.682387821339717,0.0,-0.0,0.0,-0.0,1.296,0.0,0.0,0.5097289,-1.0072851,0.0,-1.0072851,0.2887149,0.50972885,0.5097289,-0.22101396,19.4,22.410698,18.333334,18.333334,2.0
0.0,0.0,0.0,0.0,1.191536,1.2780348,0.0,0.0,0.0,0.0,0.0,0.0,-1.296,0.0,-1.296,0.57251525,16.168874740600586,9.256927352244475,0.0,-0.0,0.0,-0.0,1.296,0.0,0.0,0.5092428,-1.0030761,0.0,-1.0030761,0.29292393,0.5092427,0.5092428,-0.2163188,20.0,23.369247,18.333334,18.333334,2.0
0.0,0.0,0.0,0.0,0.0,0.0,0.0,0.0,0.0,0.0,0.0,0.0,-1.296,0.0,-1.296,0.48497728,16.1688232421875,7.841511838105362,0.0,-0.0,0.0,-0.0,1.296,0.0,0.0,0.42991275,-1.0597602,0.0,-1.0597602,0.23623979,0.4299127,0.42991275,-0.19367291,20.6,24.244495,18.333334,18.333334,2.0
0.0,0.0,0.0,0.0,0.3914581,0.41987577,0.0,0.0,0.0,0.0,0.0,0.0,-1.296,0.0,-1.296,0.39805552,16.168771743774414,6.436068902986051,0.0,-0.0,0.0,-0.0,1.296,0.0,0.0,0.43496457,-1.008845,0.0,-1.008845,0.28715503,0.4349646,0.43496457,-0.14780955,20.0,24.717062,18.333334,18.333334,2.0
0.0,0.0,0.0,0.0,0.0,0.0,0.0,0.0,0.0,0.0,0.0,0.0,-1.296,0.0,-1.296,0.3117457,16.168720245361328,5.040529063063559,0.0,-0.0,0.0,-0.0,1.296,0.0,0.0,0.4516246,-0.92225325,0.0,-0.92225325,0.37374675,0.45162463,0.4516246,-0.07787788,18.3,24.70939,18.333334,18.333334,2.0
0.0,0.0,0.0,0.0,0.0,0.0,0.0,0.0,0.0,0.0,0.0,0.0,-1.296,0.0,-1.296,0.22604351,16.168668746948242,3.6548225944669923,0.0,-0.0,0.0,-0.0,1.296,0.0,0.0,0.6249326,-0.68061537,0.0,-0.68061537,0.61538464,0.6249326,0.6249326,-0.009547974,16.7,24.535969,17.777779,17.777779,2.0
0.0,0.0,0.0,0.0,2.6134443,2.8031657,0.0,0.0,0.0,0.0,0.0,0.0,-1.296,0.0,-1.296,0.14094467,16.168617248535156,2.278880497006071,0.0,-0.0,0.0,-0.0,1.296,0.0,0.0,0.7579696,-0.5380304,0.0,-0.5380304,0.7579696,0.7579696,0.7579696,-0.0,15.0,24.028036,18.333334,18.333334,2.0
0.0,0.0,0.0,0.0,0.0,0.0,0.0,0.0,0.0,0.0,0.0,0.0,-0.6354438,0.0,-0.6354438,0.099007726,16.16859245300293,1.6008155667948358,0.0,-0.0,0.0,-0.0,0.6354438,0.0,0.0,2.6426215,2.0071778,2.0071778,0.0,2.6426215,2.6426215,2.6426215,-0.0,13.3,23.331842,18.333334,18.333334,2.0
0.0,0.0,0.0,0.0,2.348382,2.5188613,0.0,0.0,0.0,0.0,0.0,0.0,0.0,0.0,0.0,0.0983107,16.16859245300293,1.5895456671154449,0.0,-0.0,0.0,-0.0,-0.0,0.0,0.0,1.8319138,1.8319138,1.8319138,0.0,1.8319138,1.8319138,1.8319138,-0.0,11.7,22.661356,18.333334,18.333334,2.0
0.0,0.0,0.0,0.0,0.14195263,0.1522576,0.0,0.0,0.0,0.0,0.0,0.0,0.0,0.0,0.0,0.09761859,16.16859245300293,1.5783551541354512,0.0,-0.0,0.0,-0.0,-0.0,0.0,0.0,0.727567,0.727567,0.727567,0.0,0.727567,0.727567,0.727567,-0.0,12.2,22.284443,17.222221,17.222221,2.0
0.0,0.0,0.0,0.0,0.24914135,0.26722762,0.0,0.0,0.0,0.0,0.0,0.0,1.4742,1.4742,0.0,0.1845129,16.168535232543945,2.983303297441438,0.0,-0.0,0.0,-0.0,-0.0,0.0,1.4742,0.5335747,2.0077748,2.0077748,0.0,-0.0736289,-0.0736289,0.5335747,-0.0,11.7,21.520355,17.777779,17.777779,2.0
0.0,0.0,0.0,0.0,0.4664158,0.50027496,0.0,0.0,0.0,0.0,0.0,0.0,1.4742,1.4742,0.0,0.27079546,16.16847801208496,4.378350513794203,0.0,-0.0,0.0,-0.0,-0.0,0.0,1.4742,0.44136629,1.9155663,1.9155663,0.0,0.39612615,0.39612615,0.44136629,-0.0,11.1,20.822783,17.222221,17.222221,2.0
0.0,0.0,0.0,0.0,1.3098253,1.4049113,0.0,0.0,0.0,0.0,0.0,0.0,1.4742,1.4742,0.0,0.35647058,16.168420791625977,5.763566416005233,0.0,-0.0,0.0,-0.0,-0.0,0.0,1.4742,0.41365457,1.8878546,1.8878546,0.0,0.3684144,0.3684144,0.41365457,-0.0,9.4,19.900192,17.222221,17.222221,2.0
0.0,0.0,0.0,0.0,0.22245674,0.23860586,0.0,0.0,0.0,0.0,0.0,0.0,1.4742,1.4742,0.0,0.44154254,16.168363571166992,7.139020254510967,0.0,-0.0,0.0,-0.0,-0.0,0.0,1.4742,0.3722118,1.8464118,1.8464118,0.0,0.32697165,0.32697165,0.3722118,-0.0,10.6,19.443932,17.222221,17.222221,2.0
0.0,0.0,0.0,0.0,0.0,0.0,0.0,0.0,0.0,0.0,0.0,0.0,1.4742,1.4742,0.0,0.5260156,16.168306350708008,8.504781037842463,0.0,-0.0,0.0,-0.0,-0.0,0.0,1.4742,0.36608046,1.8402805,1.8402805,0.0,0.32084036,0.32084036,0.36608046,-0.0,10.6,18.88958,17.222221,17.222221,2.0
0.0,0.6226217,0.0,0.0,1.2125375,1.300561,0.0,0.0,0.0,0.0,0.0,0.0,1.4742,1.4742,0.0,0.609894,16.168249130249023,9.860917773555343,0.0,-0.0,0.0,-0.0,-0.0,0.6226217,1.4742,0.3614834,1.8356833,1.8356833,0.0,0.31624317,0.31624317,0.3614834,-0.0,9.4,19.011007,17.222221,17.222221,2.0
0.0,0.0,0.0,0.0,0.0,0.0,0.0,0.0,0.0,0.0,0.0,0.0,1.4742,1.4742,0.0,0.6931819,16.16819190979004,11.207497540831127,0.0,-0.0,0.0,-0.0,-0.0,0.0,1.4742,0.34339678,1.8175968,1.8175968,0.0,0.29815662,0.29815662,0.34339678,-0.0,7.2,18.114843,17.222221,17.222221,2.0
0.0,0.7762614,0.0,0.0,0.0,0.0,0.0,0.0,0.0,0.0,0.0,0.0,1.4742,1.4742,0.0,0.7758833,16.168134689331055,12.5445859723593,0.0,-0.0,0.0,-0.0,-0.0,0.7762614,1.4742,0.37102103,1.845221,1.845221,0.0,0.32578087,0.32578087,0.37102103,-0.0,8.3,18.595518,17.222221,17.222221,2.0
0.0,0.0,0.0,0.0,2.6410065,2.8327289,0.0,0.0,0.0,0.0,0.0,0.0,1.4742,1.4742,0.0,0.8580026,16.16807746887207,13.872252554671718,0.0,-0.0,0.0,-0.0,-0.0,0.0,1.4742,0.49945277,1.9736528,1.9736528,0.0,0.45421267,0.45421267,0.49945277,-0.0,7.8,18.147732,17.222221,17.222221,2.0
0.0,0.77409434,0.0,0.0,2.5476735,2.7326202,0.0,0.0,0.0,0.0,0.0,0.0,1.4742,1.4742,0.0,0.9395437,16.168020248413086,15.190561954872464,0.0,-0.0,0.0,-0.0,-0.0,0.77409434,1.4742,0.56013334,2.0343332,2.0343332,0.0,0.51489305,0.51489305,0.56013334,-0.0,10.0,18.85839,18.333334,18.333334,2.0
0.0,0.0,0.0,0.0,2.2493777,2.41267,0.0,0.0,0.0,0.0,0.0,0.0,1.0545664,1.0545664,0.0,0.99558055,16.167978286743164,16.096524779912897,0.0,-0.0,0.0,-0.0,-0.0,0.0,1.0545664,0.57519156,1.6261739,1.6261739,0.0,0.5263673,0.52995133,0.57519156,-0.0035840431,10.6,18.612106,18.333334,18.333334,2.0
0.0,0.6998997,0.0,0.0,0.89694554,0.9620588,0.0,0.0,0.0,0.0,0.0,0.0,-0.91835964,0.0,-0.91835964,0.92880434,16.16794204711914,15.016854709547033,0.0,-0.0,0.0,-0.0,0.91835964,0.19008559,0.0,0.577668,-0.35445753,0.0,-0.35445753,1.1063261,1.120092,0.577668,-0.013765908,11.7,19.137089,17.777779,17.777779,2.0
0.0,0.0,0.0,0.0,0.7156186,0.7675685,0.0,0.0,0.0,0.0,0.0,0.0,-1.296,0.0,-1.296,0.838758,16.167890548706055,13.560947408125685,0.0,-0.0,0.0,-0.0,1.296,0.0,0.0,0.42528802,-0.9208683,0.0,-0.9208683,0.37513173,0.42528802,0.42528802,-0.050156288,13.9,19.082806,17.222221,17.222221,2.0
0.0,0.0,0.0,0.0,0.0,0.0,0.0,0.0,0.0,0.0,0.0,0.0,-1.296,0.0,-1.296,0.7493456,16.16783905029297,12.115299063626935,0.0,-0.0,0.0,-0.0,1.296,0.0,0.0,0.4267577,-0.9434229,0.0,-0.9434229,0.3525771,0.4267577,0.4267577,-0.07418059,13.3,19.055498,17.222221,17.222221,2.0
0.0,0.0,0.0,0.0,0.3915366,0.41995996,0.0,0.0,0.0,0.0,0.0,0.0,-1.296,0.0,-1.296,0.66056263,16.167787551879883,10.679836338789983,0.0,-0.0,0.0,-0.0,1.296,0.0,0.0,2.2828338,0.8984733,0.8984733,0.0,2.1944733,2.2828338,2.2828338,-0.088360466,12.8,19.175524,17.222221,17.222221,2.0
0.0,0.5285059,0.0,0.0,0.3915366,0.41995996,0.0,0.0,0.0,0.0,0.0,0.0,-1.296,0.0,-1.296,0.57240474,16.167736053466797,9.25448878830366,0.0,-0.0,0.0,-0.0,1.296,0.018691838,0.0,0.5092428,-0.85161716,0.0,-0.85161716,0.9868068,1.0516667,0.5092428,-0.06485995,13.9,19.781351,17.222221,17.222221,2.0
0.0,0.0,0.0,0.0,0.0,0.0,0.0,0.0,0.0,0.0,0.0,0.0,-1.296,0.0,-1.296,0.48486748,16.16768455505371,7.839184522249468,0.0,-0.0,0.0,-0.0,1.296,0.0,0.0,2.2030177,0.7944646,0.7944646,0.0,2.0904646,2.2030177,2.2030177,-0.11255311,13.9,19.790283,17.222221,17.222221,2.0
0.0,0.0,0.0,0.0,0.0,0.0,0.0,0.0,0.0,0.0,0.0,0.0,-1.296,0.0,-1.296,0.3979465,16.167633056640625,6.433853097122665,0.0,-0.0,0.0,-0.0,1.296,0.0,0.0,0.43496457,-0.9227077,0.0,-0.9227077,0.37329233,0.43496454,0.43496457,-0.061672196,13.9,19.717237,17.222221,17.222221,2.0
0.0,0.0,0.0,0.0,0.0,0.0,0.0,0.0,0.0,0.0,0.0,0.0,-1.296,0.0,-1.296,0.31163746,16.16758155822754,5.038424070314818,0.0,-0.0,0.0,-0.0,1.296,0.0,0.0,0.57827497,-0.73462313,0.0,-0.73462313,0.56137687,0.57827497,0.57827497,-0.01689809,13.3,19.512114,17.222221,17.222221,2.0
0.0,0.5230592,0.0,0.0,1.5661464,1.6798398,0.0,0.0,0.0,0.0,0.0,0.0,-1.296,0.0,-1.296,0.22593604,16.167530059814453,3.652827722858717,0.0,-0.0,0.0,-0.0,1.296,0.013245106,0.0,0.51106405,-0.7896985,0.0,-0.7896985,1.0487255,1.053488,0.51106405,-0.0047625587,12.8,20.015753,17.222221,17.222221,2.0
0.0,0.0,0.0,0.0,0.2752568,0.2952389,0.0,0.0,0.0,0.0,0.0,0.0,-1.296,0.0,-1.296,0.14083797,16.167478561401367,2.276994818502658,0.0,-0.0,0.0,-0.0,1.296,0.0,0.0,1.7885046,0.4925046,0.4925046,0.0,1.7885046,1.7885046,1.7885046,-0.0,12.2,19.746231,17.222221,17.222221,2.0
0.0,0.54392076,0.0,0.0,1.4824517,1.5900694,0.0,0.0,0.0,0.0,0.0,0.0,-0.63378775,0.0,-0.63378775,0.09900849,16.16745376586914,1.6007152350339027,0.0,-0.0,0.0,-0.0,0.63378775,0.03410691,0.0,7.2278814,6.594094,6.594094,0.0,7.770305,7.770305,7.2278814,-0.0,11.1,19.895842,17.222221,17.222221,2.0
0.0,0.0,0.0,0.0,1.5661464,1.6798398,0.0,0.0,0.0,0.0,0.0,0.0,0.0,0.0,0.0,0.09831146,16.16745376586914,1.5894460085900448,0.0,-0.0,0.0,-0.0,-0.0,0.0,0.0,2.4834723,2.4834723,2.4834723,0.0,2.4834723,2.4834723,2.4834723,-0.0,11.1,19.357422,17.222221,17.222221,2.0
0.0,0.7887631,0.0,0.0,0.0,0.0,0.0,0.0,0.0,0.0,0.0,0.0,0.0,0.0,0.0,0.09761934,16.16745376586914,1.5782561632547072,0.0,-0.0,0.0,-0.0,-0.0,0.27894926,0.0,0.45431146,0.45431146,0.45431146,0.0,0.9967352,0.9967352,0.45431146,-0.0,11.1,19.902485,18.333334,18.333334,2.0
0.0,0.0,0.0,0.0,0.3915366,0.41995996,0.0,0.0,0.0,0.0,0.0,0.0,1.4742,1.4742,0.0,0.18451364,16.167396545410156,2.9831052406271965,0.0,-0.0,0.0,-0.0,-0.0,0.0,1.4742,0.38926372,1.8634638,1.8634638,0.0,-0.22774327,-0.22774327,0.38926372,-0.0,8.9,18.673038,17.777779,17.777779,2.0
0.0,0.8943257,0.0,0.0,0.0,0.0,0.0,0.0,0.0,0.0,0.0,0.0,1.4742,1.4742,0.0,0.2707962,16.167339324951172,4.378054208089338,0.0,-0.0,0.0,-0.0,-0.0,0.8943257,1.4742,0.3998109,1.8740109,1.8740109,0.0,-0.2171961,-0.2171961,0.3998109,-0.0,8.3,18.848415,17.222221,17.222221,2.0
0.0,0.0,0.0,0.0,0.0,0.0,0.0,0.0,0.0,0.0,0.0,0.0,1.4742,1.4742,0.0,0.35647136,16.167282104492188,5.7631730349230565,0.0,-0.0,0.0,-0.0,-0.0,0.0,1.4742,0.35132858,1.8255286,1.8255286,0.0,-0.26567817,-0.26567817,0.35132858,-0.0,9.4,17.926987,17.222221,17.222221,2.0
0.0,1.0493788,0.0,0.0,0.0,0.0,0.0,0.0,0.0,0.0,0.0,0.0,1.4742,1.4742,0.0,0.4415433,16.167224884033203,7.138530003048231,0.0,-0.0,0.0,-0.0,-0.0,1.0493788,1.4742,0.3722118,1.8464118,1.8464118,0.0,-0.24479496,-0.24479496,0.3722118,-0.0,7.2,17.961365,17.222221,17.222221,2.0
0.0,0.0,0.0,0.0,0.0,0.0,0.0,0.0,0.0,0.0,0.0,0.0,1.4742,1.4742,0.0,0.52601635,16.16716766357422,8.504194597967398,0.0,-0.0,0.0,-0.0,-0.0,0.0,1.4742,0.34736267,1.8215626,1.8215626,0.0,-0.26964414,-0.26964414,0.34736267,-0.0,7.8,17.041145,17.222221,17.222221,2.0
0.0,1.1449441,0.0,0.0,0.0,0.0,0.0,0.0,0.0,0.0,0.0,0.0,1.4742,1.4742,0.0,0.6098947,16.167110443115234,9.860234858748527,0.0,-0.0,0.0,-0.0,-0.0,1.1449441,1.4742,0.34537974,1.8195797,1.8195797,0.0,-0.08006632,-0.08006632,0.34537974,-0.0,12.78,19.140945,17.222221,17.222221,2.0
0.0,0.0,0.0,0.0,0.0,0.0,0.0,0.0,0.0,0.0,0.0,0.0,1.4742,1.4742,0.0,0.6931825,16.16705322265625,11.206718823497795,0.0,-0.0,0.0,-0.0,-0.0,0.0,1.4742,0.36245754,1.8366575,1.8366575,0.0,0.31721735,0.31721735,0.36245754,-0.0,9.44,18.437101,17.222221,17.222221,2.0
0.0,0.5990843,0.0,0.0,1.1089145,1.1894155,0.0,0.0,0.0,0.0,0.0,0.0,1.4742,1.4742,0.0,0.775884,16.166996002197266,12.54371308391751,0.0,-0.0,0.0,-0.0,-0.0,0.5990843,1.4742,0.37102103,1.845221,1.845221,0.0,0.32578087,0.32578087,0.37102103,-0.0,8.3,18.12891,17.222221,17.222221,2.0
0.0,0.6808204,0.0,0.0,1.6782048,1.8000331,0.0,0.0,0.0,0.0,0.0,0.0,1.4742,1.4742,0.0,0.85800326,16.16693878173828,13.871286158017938,0.0,-0.0,0.0,-0.0,-0.0,0.6808204,1.4742,0.57540643,2.0496063,2.0496063,0.0,0.53016615,0.53016615,0.57540643,-0.0,7.2,17.922935,17.222221,17.222221,2.0
0.0,0.81967074,0.0,0.0,0.49527362,0.5312277,0.0,0.0,0.0,0.0,0.0,0.0,1.4742,1.4742,0.0,0.9395444,16.166881561279297,15.189502708355803,0.0,-0.0,0.0,-0.0,-0.0,0.81967074,1.4742,0.42093018,1.8951302,1.8951302,0.0,0.37568998,0.37568998,0.42093018,-0.0,7.8,17.831364,17.222221,17.222221,2.0
0.0,0.72606874,0.0,0.0,0.0,0.0,0.0,0.0,0.0,0.0,0.0,0.0,1.0534182,1.0534182,0.0,0.99551296,16.166839599609375,16.094298381503904,0.0,-0.0,0.0,-0.0,-0.0,0.72606874,1.0534182,0.42727154,1.4506992,1.4506992,0.0,0.3520409,0.38203147,0.42727154,-0.029990576,10.6,18.387508,17.777779,17.777779,2.0
0.0,0.59268695,0.0,0.0,1.1748112,1.260096,0.0,0.0,0.0,0.0,0.0,0.0,-0.9190945,0.0,-0.9190945,0.92869055,16.16680335998535,15.013957547962718,0.0,-0.0,0.0,-0.0,0.9190945,0.08287287,0.0,0.428097,-0.57101345,0.0,-0.57101345,0.8905051,0.9705211,0.428097,-0.08001599,12.2,18.922905,17.222221,17.222221,2.0
0.0,0.0,0.0,0.0,0.0,0.0,0.0,0.0,0.0,0.0,0.0,0.0,-1.296,0.0,-1.296,0.838645,16.166751861572266,13.558165313992504,0.0,-0.0,0.0,-0.0,1.296,0.0,0.0,0.4992475,-0.93238306,0.0,-0.93238306,0.36361694,0.4992475,0.4992475,-0.13563053,12.2,19.061888,17.222221,17.222221,2.0
0.0,0.522674,0.0,0.0,0.0,0.0,0.0,0.0,0.0,0.0,0.0,0.0,-1.296,0.0,-1.296,0.74923337,16.16670036315918,12.112631314988676,0.0,-0.0,0.0,-0.0,1.296,0.0128599405,0.0,0.50218683,-0.99377084,0.0,-0.99377084,0.8446531,1.0446107,0.50218683,-0.19995765,14.4,20.068314,17.222221,17.222221,2.0
0.0,0.0,0.0,0.0,0.0,0.0,0.0,0.0,0.0,0.0,0.0,0.0,-1.296,0.0,-1.296,0.66045123,16.166648864746094,10.677283182455994,0.0,-0.0,0.0,-0.0,1.296,0.0,0.0,0.5097289,-1.0020102,0.0,-1.0020102,0.29398978,0.50972885,0.5097289,-0.21573909,14.4,20.43142,17.222221,17.222221,2.0
0.0,0.0,0.0,0.0,0.0,0.0,0.0,0.0,0.0,0.0,0.0,0.0,-1.296,0.0,-1.296,0.5722941,16.166597366333008,9.252048548820085,0.0,-0.0,0.0,-0.0,1.296,0.0,0.0,0.5092428,-0.99739563,0.0,-0.99739563,0.29860437,0.5092428,0.5092428,-0.21063842,16.1,21.092018,17.222221,17.222221,2.0
0.0,0.0,0.0,0.0,0.0,0.0,0.0,0.0,0.0,0.0,0.0,0.0,-1.296,0.0,-1.296,0.48475763,16.166545867919922,7.83685649282927,0.0,-0.0,0.0,-0.0,1.296,0.0,0.0,0.504531,-0.9661638,0.0,-0.9661638,0.3298362,0.504531,0.504531,-0.17469485,17.8,21.885416,17.222221,17.222221,2.0
0.0,0.0,0.0,0.0,0.0,0.0,0.0,0.0,0.0,0.0,0.0,0.0,-1.296,0.0,-1.296,0.39783743,16.166494369506836,6.431636575933396,0.0,-0.0,0.0,-0.0,1.296,0.0,0.0,2.3713756,0.9329534,0.9329534,0.0,2.2289534,2.3713756,2.3713756,-0.14242214,17.2,22.513603,17.222221,17.222221,2.0
0.0,0.0,0.0,0.0,0.39160374,0.42003196,0.0,0.0,0.0,0.0,0.0,0.0,-1.296,0.0,-1.296,0.31152916,16.16644287109375,5.036318360478617,0.0,-0.0,0.0,-0.0,1.296,0.0,0.0,0.5439889,-0.83134913,0.0,-0.83134913,0.46465087,0.5439889,0.5439889,-0.07933801,16.7,22.730658,17.222221,17.222221,2.0
0.0,0.0,0.0,0.0,0.39160374,0.42003196,0.0,0.0,0.0,0.0,0.0,0.0,-1.296,0.0,-1.296,0.22582848,16.166391372680664,3.6508316506053973,0.0,-0.0,0.0,-0.0,1.296,0.0,0.0,2.5246878,1.2156559,1.2156559,0.0,2.5116558,2.5246875,2.5246878,-0.013031817,13.9,22.384308,17.222221,17.222221,2.0
0.0,0.0,0.0,0.0,0.0,0.0,0.0,0.0,0.0,0.0,0.0,0.0,-1.296,0.0,-1.296,0.14073116,16.166339874267578,2.2751076967308563,0.0,-0.0,0.0,-0.0,1.296,0.0,0.0,0.62903243,-0.6669676,0.0,-0.6669676,0.62903243,0.62903243,0.62903243,-0.0,13.3,22.032898,17.222221,17.222221,2.0
0.0,0.0,0.0,0.0,1.1748112,1.260096,0.0,0.0,0.0,0.0,0.0,0.0,-0.6321301,0.0,-0.6321301,0.09900924,16.16631507873535,1.6006145401799898,0.0,-0.0,0.0,-0.0,0.6321301,0.0,0.0,2.6426215,2.0104914,2.0104914,0.0,2.6426215,2.6426215,2.6426215,-0.0,12.8,21.675182,17.222221,17.222221,2.0
0.0,0.0,0.0,0.0,0.39160374,0.42003196,0.0,0.0,0.0,0.0,0.0,0.0,0.0,0.0,0.0,0.09831221,16.16631507873535,1.5893461074370663,0.0,-0.0,0.0,-0.0,-0.0,0.0,0.0,0.692971,0.692971,0.692971,0.0,0.692971,0.692971,0.692971,-0.0,11.1,21.010365,17.222221,17.222221,2.0
0.0,0.0,0.0,0.0,0.39160374,0.42003196,0.0,0.0,0.0,0.0,0.0,0.0,0.0,0.0,0.0,0.09762008,16.16631507873535,1.5781569297633524,0.0,-0.0,0.0,-0.0,-0.0,0.0,0.0,0.6364818,0.6364818,0.6364818,0.0,0.6364818,0.6364818,0.6364818,-0.0,11.7,20.54318,17.222221,17.222221,2.0
0.0,0.0,0.0,0.0,0.408593,0.43825457,0.0,0.0,0.0,0.0,0.0,0.0,1.4742,1.4742,0.0,0.18451439,16.166257858276367,2.982907182116179,0.0,-0.0,0.0,-0.0,-0.0,0.0,1.4742,0.8116815,2.2858815,2.2858815,0.0,0.19467473,0.19467473,0.8116815,-0.0,11.7,20.026257,17.222221,17.222221,2.0
0.0,0.6705715,0.0,0.0,0.31006703,0.33257616,0.0,0.0,0.0,0.0,0.0,0.0,1.4742,1.4742,0.0,0.27079692,16.166200637817383,4.3777574188973745,0.0,-0.0,0.0,-0.0,-0.0,0.6705715,1.4742,7.010051,8.484251,8.484251,0.0,6.3930445,6.3930445,7.010051,-0.0,13.33,20.721766,17.222221,17.222221,2.0
0.0,0.0,0.0,0.0,0.51007277,0.5471012,0.0,0.0,0.0,0.0,0.0,0.0,1.4742,1.4742,0.0,0.35647207,16.1661434173584,5.762778688498997,0.0,-0.0,0.0,-0.0,-0.0,0.0,1.4742,0.3824916,1.8566916,1.8566916,0.0,-0.121367455,-0.121367455,0.3824916,-0.0,8.9,19.17765,17.222221,17.222221,2.0
